#X	Y	Miss	Anxiety	ExploreH	ExploreP	Sum	Stress
  0	 30	   0.00000	  -0.00000	  38.51372	   0.00000	  38.51372	  80.84818
  0	 29	   0.00000	  -0.00000	  38.37092	   0.00000	  38.37092	  79.97055
  0	 28	   0.00000	  -0.00000	  38.20656	   0.00000	  38.20656	  79.11319
  0	 27	   0.00000	  -0.00000	  38.02292	   0.00000	  38.02292	  78.28053
  0	 26	   0.00000	  -0.00000	  37.82216	   0.00000	  37.82216	  77.47690
  0	 25	   0.00000	  -0.00000	  37.60639	   0.00000	  37.60639	  76.70654
  0	 24	   0.00000	  -0.00000	  37.37766	   0.00000	  37.37766	  75.97357
  0	 23	   0.00000	  -0.00000	  37.13798	   0.00000	  37.13798	  75.28202
  0	 22	   0.00000	  -0.00000	  36.88936	   0.00000	  36.88936	  74.63575
  0	 21	   0.00000	  -0.00000	  36.63377	   0.00000	  36.63377	  74.03849
  0	 20	   0.00000	  -0.00000	  36.37320	   0.00000	  36.37320	  73.49376
  0	 19	   0.00000	  -0.00000	  36.10962	   0.00000	  36.10962	  73.00487
  0	 18	   0.00000	  -0.00000	  35.84503	   0.00000	  35.84503	  72.57489
  0	 17	   0.00000	  -0.00000	  35.58138	   0.00000	  35.58138	  72.20658
  0	 16	   0.00000	  -0.00000	  35.32065	   0.00000	  35.32065	  71.90245
  0	 15	   0.00000	  -0.00000	  35.06477	   0.00000	  35.06477	  71.66465
  0	 14	   0.00000	  -0.00000	  34.81566	   0.00000	  34.81566	  71.49501
  0	 13	   0.00000	  -0.00000	  34.57520	   0.00000	  34.57520	  71.39500
  0	 12	   0.00000	  -0.00000	  34.34521	   0.00000	  34.34521	  71.36576
  0	 11	   0.00000	  -0.00000	  34.12745	   0.00000	  34.12745	  71.40805
  0	 10	   0.00000	  -0.00000	  33.92359	   0.00000	  33.92359	  71.52234
  0	  9	   0.00000	  -0.00000	  33.73521	   0.00000	  33.73521	  71.70875
  0	  8	   0.00000	  -0.00000	  33.56379	   0.00000	  33.56379	  71.96708
  0	  7	   0.00000	  -0.00000	  33.41067	   0.00000	  33.41067	  72.29686
  0	  6	   0.00000	  -0.00000	  33.27708	   0.00000	  33.27708	  72.69736
  0	  5	   0.00000	  -0.00000	  33.16407	   0.00000	  33.16407	  73.16758
  0	  4	   0.00000	  -0.00000	  33.07254	   0.00000	  33.07254	  73.70633
  0	  3	   0.00000	  -0.00000	  33.00325	   0.00000	  33.00325	  74.31217
  0	  2	   0.00000	  -0.00000	  32.95673	   0.00000	  32.95673	  74.98352
  0	  1	   0.00000	  -0.00000	  32.93338	   0.00000	  32.93338	  75.71858

  1	 30	   0.00000	  -0.00000	  38.30209	   0.00000	  38.30209	  79.34737
  1	 29	   0.00000	  -0.00000	  38.11938	   0.00000	  38.11938	  78.40632
  1	 28	   0.00000	  -0.00000	  37.91562	   0.00000	  37.91562	  77.48658
  1	 27	   0.00000	  -0.00000	  37.69300	   0.00000	  37.69300	  76.59266
  1	 26	   0.00000	  -0.00000	  37.45361	   0.00000	  37.45361	  75.72902
  1	 25	   0.00000	  -0.00000	  37.19953	   0.00000	  37.19953	  74.90006
  1	 24	   0.00000	  -0.00000	  36.93279	   0.00000	  36.93279	  74.11011
  1	 23	   0.00000	  -0.00000	  36.65542	   0.00000	  36.65542	  73.36341
  1	 22	   0.00000	  -0.00000	  36.36947	   0.00000	  36.36947	  72.66408
  1	 21	   0.00000	  -0.00000	  36.07696	   0.00000	  36.07696	  72.01611
  1	 20	   0.00000	  -0.00000	  35.77997	   0.00000	  35.77997	  71.42327
  1	 19	   0.00000	  -0.00000	  35.48057	   0.00000	  35.48057	  70.88916
  1	 18	   0.00000	  -0.00000	  35.18085	   0.00000	  35.18085	  70.41706
  1	 17	   0.00000	  -0.00000	  34.88289	   0.00000	  34.88289	  70.01001
  1	 16	   0.00000	  -0.00000	  34.58881	   0.00000	  34.58881	  69.67067
  1	 15	   0.00000	  -0.00000	  34.30069	   0.00000	  34.30069	  69.40140
  1	 14	   0.00000	  -0.00000	  34.02058	   0.00000	  34.02058	  69.20414
  1	 13	   0.00000	  -0.00000	  33.75052	   0.00000	  33.75052	  69.08048
  1	 12	   0.00000	  -0.00000	  33.49247	   0.00000	  33.49247	  69.03159
  1	 11	   0.00000	  -0.00000	  33.24836	   0.00000	  33.24836	  69.05830
  1	 10	   0.00000	  -0.00000	  33.02000	   0.00000	  33.02000	  69.16104
  1	  9	   0.00000	  -0.00000	  32.80911	   0.00000	  32.80911	  69.33989
  1	  8	   0.00000	  -0.00000	  32.61731	   0.00000	  32.61731	  69.59461
  1	  7	   0.00000	  -0.00000	  32.44606	   0.00000	  32.44606	  69.92464
  1	  6	   0.00000	  -0.00000	  32.29670	   0.00000	  32.29670	  70.32914
  1	  5	   0.00000	  -0.00000	  32.17039	   0.00000	  32.17039	  70.80703
  1	  4	   0.00000	  -0.00000	  32.06812	   0.00000	  32.06812	  71.35696
  1	  3	   0.00000	  -0.00000	  31.99070	   0.00000	  31.99070	  71.97740
  1	  2	   0.00000	  -0.00000	  31.93874	   0.00000	  31.93874	  72.66661
  1	  1	   0.00000	  -0.00000	  31.91266	   0.00000	  31.91266	  73.42268

  2	 30	   0.00000	  -0.00000	  38.04059	   0.00000	  38.04059	  77.81147
  2	 29	   0.00000	  -0.00000	  37.81762	   0.00000	  37.81762	  76.80539
  2	 28	   0.00000	  -0.00000	  37.57387	   0.00000	  37.57387	  75.82134
  2	 27	   0.00000	  -0.00000	  37.31143	   0.00000	  37.31143	  74.86396
  2	 26	   0.00000	  -0.00000	  37.03237	   0.00000	  37.03237	  73.93787
  2	 25	   0.00000	  -0.00000	  36.73875	   0.00000	  36.73875	  73.04768
  2	 24	   0.00000	  -0.00000	  36.43260	   0.00000	  36.43260	  72.19796
  2	 23	   0.00000	  -0.00000	  36.11599	   0.00000	  36.11599	  71.39325
  2	 22	   0.00000	  -0.00000	  35.79103	   0.00000	  35.79103	  70.63794
  2	 21	   0.00000	  -0.00000	  35.45983	   0.00000	  35.45983	  69.93635
  2	 20	   0.00000	  -0.00000	  35.12455	   0.00000	  35.12455	  69.29257
  2	 19	   0.00000	  -0.00000	  34.78739	   0.00000	  34.78739	  68.71048
  2	 18	   0.00000	  -0.00000	  34.45056	   0.00000	  34.45056	  68.19370
  2	 17	   0.00000	  -0.00000	  34.11630	   0.00000	  34.11630	  67.74549
  2	 16	   0.00000	  -0.00000	  33.78687	   0.00000	  33.78687	  67.36879
  2	 15	   0.00000	  -0.00000	  33.46451	   0.00000	  33.46451	  67.06612
  2	 14	   0.00000	  -0.00000	  33.15145	   0.00000	  33.15145	  66.83960
  2	 13	   0.00000	  -0.00000	  32.84988	   0.00000	  32.84988	  66.69090
  2	 12	   0.00000	  -0.00000	  32.56195	   0.00000	  32.56195	  66.62128
  2	 11	   0.00000	  -0.00000	  32.28974	   0.00000	  32.28974	  66.63156
  2	 10	   0.00000	  -0.00000	  32.03524	   0.00000	  32.03524	  66.72217
  2	  9	   0.00000	  -0.00000	  31.80032	   0.00000	  31.80032	  66.89315
  2	  8	   0.00000	  -0.00000	  31.58674	   0.00000	  31.58674	  67.14415
  2	  7	   0.00000	  -0.00000	  31.39612	   0.00000	  31.39612	  67.47454
  2	  6	   0.00000	  -0.00000	  31.22990	   0.00000	  31.22990	  67.88335
  2	  5	   0.00000	  -0.00000	  31.08936	   0.00000	  31.08936	  68.36936
  2	  4	   0.00000	  -0.00000	  30.97560	   0.00000	  30.97560	  68.93112
  2	  3	   0.00000	  -0.00000	  30.88949	   0.00000	  30.88949	  69.56693
  2	  2	   0.00000	  -0.00000	  30.83170	   0.00000	  30.83170	  70.27492
  2	  1	   0.00000	  -0.00000	  30.80270	   0.00000	  30.80270	  71.05304

  3	 30	   0.00000	  -0.00000	  37.73145	   0.00000	  37.73145	  76.24420
  3	 29	   0.00000	  -0.00000	  37.46758	   0.00000	  37.46758	  75.17110
  3	 28	   0.00000	  -0.00000	  37.18294	   0.00000	  37.18294	  74.12043
  3	 27	   0.00000	  -0.00000	  36.87959	   0.00000	  36.87959	  73.09700
  3	 26	   0.00000	  -0.00000	  36.55955	   0.00000	  36.55955	  72.10563
  3	 25	   0.00000	  -0.00000	  36.22489	   0.00000	  36.22489	  71.15120
  3	 24	   0.00000	  -0.00000	  35.87770	   0.00000	  35.87770	  70.23857
  3	 23	   0.00000	  -0.00000	  35.52008	   0.00000	  35.52008	  69.37260
  3	 22	   0.00000	  -0.00000	  35.15422	   0.00000	  35.15422	  68.55805
  3	 21	   0.00000	  -0.00000	  34.78233	   0.00000	  34.78233	  67.79959
  3	 20	   0.00000	  -0.00000	  34.40671	   0.00000	  34.40671	  67.10169
  3	 19	   0.00000	  -0.00000	  34.02967	   0.00000	  34.02967	  66.46862
  3	 18	   0.00000	  -0.00000	  33.65359	   0.00000	  33.65359	  65.90430
  3	 17	   0.00000	  -0.00000	  33.27637	   0.00000	  33.27637	  65.40784
  3	 16	   0.00000	  -0.00000	  32.90948	   0.00000	  32.90948	  64.99147
  3	 15	   0.00000	  -0.00000	  32.55080	   0.00000	  32.55080	  64.65340
  3	 14	   0.00000	  -0.00000	  32.20274	   0.00000	  32.20274	  64.39590
  3	 13	   0.00000	  -0.00000	  31.86768	   0.00000	  31.86768	  64.22078
  3	 12	   0.00000	  -0.00000	  31.54796	   0.00000	  31.54796	  64.12934
  3	 11	   0.00000	  -0.00000	  31.24584	   0.00000	  31.24584	  64.12242
  3	 10	   0.00000	  -0.00000	  30.96349	   0.00000	  30.96349	  64.20040
  3	  9	   0.00000	  -0.00000	  30.70296	   0.00000	  30.70296	  64.36325
  3	  8	   0.00000	  -0.00000	  30.46616	   0.00000	  30.46616	  64.61053
  3	  7	   0.00000	  -0.00000	  30.25487	   0.00000	  30.25487	  64.94148
  3	  6	   0.00000	  -0.00000	  30.07067	   0.00000	  30.07067	  65.35500
  3	  5	   0.00000	  -0.00000	  29.91496	   0.00000	  29.91496	  65.84972
  3	  4	   0.00000	  -0.00000	  29.78892	   0.00000	  29.78892	  66.42401
  3	  3	   0.00000	  -0.00000	  29.69353	   0.00000	  29.69353	  67.07605
  3	  2	   0.00000	  -0.00000	  29.62952	   0.00000	  29.62952	  67.80381
  3	  1	   0.00000	  -0.00000	  29.59740	   0.00000	  29.59740	  68.60507

  4	 30	   0.00000	  -0.00000	  37.37153	   0.00000	  37.37153	  74.64405
  4	 29	   0.00000	  -0.00000	  37.06587	   0.00000	  37.06587	  73.50162
  4	 28	   0.00000	  -0.00000	  36.73924	   0.00000	  36.73924	  72.38172
  4	 27	   0.00000	  -0.00000	  36.39366	   0.00000	  36.39366	  71.28935
  4	 26	   0.00000	  -0.00000	  36.03116	   0.00000	  36.03116	  70.22959
  4	 25	   0.00000	  -0.00000	  35.65383	   0.00000	  35.65383	  69.20760
  4	 24	   0.00000	  -0.00000	  35.26378	   0.00000	  35.26378	  68.22859
  4	 23	   0.00000	  -0.00000	  34.86324	   0.00000	  34.86324	  67.29781
  4	 22	   0.00000	  -0.00000	  34.45446	   0.00000	  34.45446	  66.42045
  4	 21	   0.00000	  -0.00000	  34.03979	   0.00000	  34.03979	  65.60159
  4	 20	   0.00000	  -0.00000	  33.62165	   0.00000	  33.62165	  64.84617
  4	 19	   0.00000	  -0.00000	  33.20252	   0.00000	  33.20252	  64.15884
  4	 18	   0.00000	  -0.00000	  32.78495	   0.00000	  32.78495	  63.54395
  4	 17	   0.00000	  -0.00000	  32.37151	   0.00000	  32.37151	  63.00547
  4	 16	   0.00000	  -0.00000	  31.96482	   0.00000	  31.96482	  62.54688
  4	 15	   0.00000	  -0.00000	  31.56751	   0.00000	  31.56751	  62.17120
  4	 14	   0.00000	  -0.00000	  31.18220	   0.00000	  31.18220	  61.88088
  4	 13	   0.00000	  -0.00000	  30.81148	   0.00000	  30.81148	  61.67783
  4	 12	   0.00000	  -0.00000	  30.45788	   0.00000	  30.45788	  61.56341
  4	 11	   0.00000	  -0.00000	  30.12386	   0.00000	  30.12386	  61.53847
  4	 10	   0.00000	  -0.00000	  29.81180	   0.00000	  29.81180	  61.60331
  4	  9	   0.00000	  -0.00000	  29.52393	   0.00000	  29.52393	  61.75782
  4	  8	   0.00000	  -0.00000	  29.26235	   0.00000	  29.26235	  62.00141
  4	  7	   0.00000	  -0.00000	  29.02898	   0.00000	  29.02898	  62.33318
  4	  6	   0.00000	  -0.00000	  28.82557	   0.00000	  28.82557	  62.75185
  4	  5	   0.00000	  -0.00000	  28.65363	   0.00000	  28.65363	  63.25588
  4	  4	   0.00000	  -0.00000	  28.51448	   0.00000	  28.51448	  63.84349
  4	  3	   0.00000	  -0.00000	  28.40918	   0.00000	  28.40918	  64.51266
  4	  2	   0.00000	  -0.00000	  28.33852	   0.00000	  28.33852	  65.26120
  4	  1	   0.00000	  -0.00000	  28.30306	   0.00000	  28.30306	  66.08675

  5	 30	   0.00000	  -0.00000	  36.97260	   0.00000	  36.97260	  73.02463
  5	 29	   0.00000	  -0.00000	  36.62396	   0.00000	  36.62396	  71.81021
  5	 28	   0.00000	  -0.00000	  36.25394	   0.00000	  36.25394	  70.61809
  5	 27	   0.00000	  -0.00000	  35.86453	   0.00000	  35.86453	  69.45348
  5	 26	   0.00000	  -0.00000	  35.45779	   0.00000	  35.45779	  68.32176
  5	 25	   0.00000	  -0.00000	  35.03584	   0.00000	  35.03584	  67.22845
  5	 24	   0.00000	  -0.00000	  34.60089	   0.00000	  34.60089	  66.17915
  5	 23	   0.00000	  -0.00000	  34.15523	   0.00000	  34.15523	  65.17957
  5	 22	   0.00000	  -0.00000	  33.70125	   0.00000	  33.70125	  64.23538
  5	 21	   0.00000	  -0.00000	  33.24143	   0.00000	  33.24143	  63.35216
  5	 20	   0.00000	  -0.00000	  32.77836	   0.00000	  32.77836	  62.53536
  5	 19	   0.00000	  -0.00000	  32.31469	   0.00000	  32.31469	  61.79013
  5	 18	   0.00000	  -0.00000	  31.85314	   0.00000	  31.85314	  61.12130
  5	 17	   0.00000	  -0.00000	  31.39652	   0.00000	  31.39652	  60.53323
  5	 16	   0.00000	  -0.00000	  30.94763	   0.00000	  30.94763	  60.02977
  5	 15	   0.00000	  -0.00000	  30.50933	   0.00000	  30.50933	  59.61421
  5	 14	   0.00000	  -0.00000	  30.08446	   0.00000	  30.08446	  59.28920
  5	 13	   0.00000	  -0.00000	  29.67583	   0.00000	  29.67583	  59.05678
  5	 12	   0.00000	  -0.00000	  29.28621	   0.00000	  29.28621	  58.91834
  5	 11	   0.00000	  -0.00000	  28.91827	   0.00000	  28.91827	  58.87467
  5	 10	   0.00000	  -0.00000	  28.57460	   0.00000	  28.57460	  58.92602
  5	  9	   0.00000	  -0.00000	  28.25763	   0.00000	  28.25763	  59.07211
  5	  8	   0.00000	  -0.00000	  27.96966	   0.00000	  27.96966	  59.31220
  5	  7	   0.00000	  -0.00000	  27.71279	   0.00000	  27.71279	  59.64519
  5	  6	   0.00000	  -0.00000	  27.48891	   0.00000	  27.48891	  60.06960
  5	  5	   0.00000	  -0.00000	  27.29970	   0.00000	  27.29970	  60.58369
  5	  4	   0.00000	  -0.00000	  27.14658	   0.00000	  27.14658	  61.18549
  5	  3	   0.00000	  -0.00000	  27.03071	   0.00000	  27.03071	  61.87278
  5	  2	   0.00000	  -0.00000	  26.95297	   0.00000	  26.95297	  62.64320
  5	  1	   0.00000	  -0.00000	  26.91395	   0.00000	  26.91395	  63.49421

  6	 30	   0.00000	  -0.00000	  36.53101	   0.00000	  36.53101	  71.38439
  6	 29	   0.00000	  -0.00000	  36.13803	   0.00000	  36.13803	  70.09507
  6	 28	   0.00000	  -0.00000	  35.72305	   0.00000	  35.72305	  68.82749
  6	 27	   0.00000	  -0.00000	  35.28808	   0.00000	  35.28808	  67.58710
  6	 26	   0.00000	  -0.00000	  34.83520	   0.00000	  34.83520	  66.37960
  6	 25	   0.00000	  -0.00000	  34.36660	   0.00000	  34.36660	  65.21093
  6	 24	   0.00000	  -0.00000	  33.88457	   0.00000	  33.88457	  64.08715
  6	 23	   0.00000	  -0.00000	  33.39153	   0.00000	  33.39153	  63.01447
  6	 22	   0.00000	  -0.00000	  32.88999	   0.00000	  32.88999	  61.99912
  6	 21	   0.00000	  -0.00000	  32.38260	   0.00000	  32.38260	  61.04729
  6	 20	   0.00000	  -0.00000	  31.87211	   0.00000	  31.87211	  60.16500
  6	 19	   0.00000	  -0.00000	  31.36138	   0.00000	  31.36138	  59.35799
  6	 18	   0.00000	  -0.00000	  30.85334	   0.00000	  30.85334	  58.63163
  6	 17	   0.00000	  -0.00000	  30.35100	   0.00000	  30.35100	  57.99077
  6	 16	   0.00000	  -0.00000	  29.85743	   0.00000	  29.85743	  57.43966
  6	 15	   0.00000	  -0.00000	  29.37569	   0.00000	  29.37569	  56.98189
  6	 14	   0.00000	  -0.00000	  28.90887	   0.00000	  28.90887	  56.62034
  6	 13	   0.00000	  -0.00000	  28.46004	   0.00000	  28.46004	  56.35714
  6	 12	   0.00000	  -0.00000	  28.03219	   0.00000	  28.03219	  56.19371
  6	 11	   0.00000	  -0.00000	  27.62823	   0.00000	  27.62823	  56.13077
  6	 10	   0.00000	  -0.00000	  27.25099	   0.00000	  27.25099	  56.16842
  6	  9	   0.00000	  -0.00000	  26.90312	   0.00000	  26.90312	  56.30619
  6	  8	   0.00000	  -0.00000	  26.58711	   0.00000	  26.58711	  56.54314
  6	  7	   0.00000	  -0.00000	  26.30526	   0.00000	  26.30526	  56.87790
  6	  6	   0.00000	  -0.00000	  26.05964	   0.00000	  26.05964	  57.30879
  6	  5	   0.00000	  -0.00000	  25.85206	   0.00000	  25.85206	  57.83381
  6	  4	   0.00000	  -0.00000	  25.68409	   0.00000	  25.68409	  58.45077
  6	  3	   0.00000	  -0.00000	  25.55698	   0.00000	  25.55698	  59.15726
  6	  2	   0.00000	  -0.00000	  25.47170	   0.00000	  25.47170	  59.95070
  6	  1	   0.00000	  -0.00000	  25.42890	   0.00000	  25.42890	  60.82840

  7	 30	   0.00000	  -0.00000	  36.04811	   0.00000	  36.04811	  69.72697
  7	 29	   0.00000	  -0.00000	  35.60926	   0.00000	  35.60926	  68.35966
  7	 28	   0.00000	  -0.00000	  35.14761	   0.00000	  35.14761	  67.01314
  7	 27	   0.00000	  -0.00000	  34.66519	   0.00000	  34.66519	  65.69316
  7	 26	   0.00000	  -0.00000	  34.16415	   0.00000	  34.16415	  64.40581
  7	 25	   0.00000	  -0.00000	  33.64673	   0.00000	  33.64673	  63.15742
  7	 24	   0.00000	  -0.00000	  33.11535	   0.00000	  33.11535	  61.95463
  7	 23	   0.00000	  -0.00000	  32.57254	   0.00000	  32.57254	  60.80420
  7	 22	   0.00000	  -0.00000	  32.02098	   0.00000	  32.02098	  59.71303
  7	 21	   0.00000	  -0.00000	  31.46349	   0.00000	  31.46349	  58.68798
  7	 20	   0.00000	  -0.00000	  30.90302	   0.00000	  30.90302	  57.73576
  7	 19	   0.00000	  -0.00000	  30.34263	   0.00000	  30.34263	  56.86280
  7	 18	   0.00000	  -0.00000	  29.78550	   0.00000	  29.78550	  56.07508
  7	 17	   0.00000	  -0.00000	  29.23486	   0.00000	  29.23486	  55.37803
  7	 16	   0.00000	  -0.00000	  28.69403	   0.00000	  28.69403	  54.77636
  7	 15	   0.00000	  -0.00000	  28.16634	   0.00000	  28.16634	  54.27402
  7	 14	   0.00000	  -0.00000	  27.65514	   0.00000	  27.65514	  53.87410
  7	 13	   0.00000	  -0.00000	  27.16373	   0.00000	  27.16373	  53.57882
  7	 12	   0.00000	  -0.00000	  26.69540	   0.00000	  26.69540	  53.38959
  7	 11	   0.00000	  -0.00000	  26.25330	   0.00000	  26.25330	  53.30700
  7	 10	   0.00000	  -0.00000	  25.84048	   0.00000	  25.84048	  53.33096
  7	  9	   0.00000	  -0.00000	  25.45986	   0.00000	  25.45986	  53.46073
  7	  8	   0.00000	  -0.00000	  25.11413	   0.00000	  25.11413	  53.69510
  7	  7	   0.00000	  -0.00000	  24.80580	   0.00000	  24.80580	  54.03242
  7	  6	   0.00000	  -0.00000	  24.53712	   0.00000	  24.53712	  54.47068
  7	  5	   0.00000	  -0.00000	  24.31007	   0.00000	  24.31007	  55.00765
  7	  4	   0.00000	  -0.00000	  24.12635	   0.00000	  24.12635	  55.64085
  7	  3	   0.00000	  -0.00000	  23.98733	   0.00000	  23.98733	  56.36768
  7	  2	   0.00000	  -0.00000	  23.89406	   0.00000	  23.89406	  57.18535
  7	  1	   0.00000	  -0.00000	  23.84725	   0.00000	  23.84725	  58.09098

  8	 30	   0.00000	  -0.00000	  35.52517	   0.00000	  35.52517	  68.05630
  8	 29	   0.00000	  -0.00000	  35.03880	   0.00000	  35.03880	  66.60773
  8	 28	   0.00000	  -0.00000	  34.52865	   0.00000	  34.52865	  65.17862
  8	 27	   0.00000	  -0.00000	  33.99680	   0.00000	  33.99680	  63.77504
  8	 26	   0.00000	  -0.00000	  33.44546	   0.00000	  33.44546	  62.40347
  8	 25	   0.00000	  -0.00000	  32.87697	   0.00000	  32.87697	  61.07075
  8	 24	   0.00000	  -0.00000	  32.29386	   0.00000	  32.29386	  59.78409
  8	 23	   0.00000	  -0.00000	  31.69883	   0.00000	  31.69883	  58.55093
  8	 22	   0.00000	  -0.00000	  31.09472	   0.00000	  31.09472	  57.37891
  8	 21	   0.00000	  -0.00000	  30.48454	   0.00000	  30.48454	  56.27566
  8	 20	   0.00000	  -0.00000	  29.87146	   0.00000	  29.87146	  55.24871
  8	 19	   0.00000	  -0.00000	  29.25878	   0.00000	  29.25878	  54.30528
  8	 18	   0.00000	  -0.00000	  28.64990	   0.00000	  28.64990	  53.45212
  8	 17	   0.00000	  -0.00000	  28.04832	   0.00000	  28.04832	  52.69530
  8	 16	   0.00000	  -0.00000	  27.45764	   0.00000	  27.45764	  52.04008
  8	 15	   0.00000	  -0.00000	  26.88144	   0.00000	  26.88144	  51.49078
  8	 14	   0.00000	  -0.00000	  26.32337	   0.00000	  26.32337	  51.05073
  8	 13	   0.00000	  -0.00000	  25.78701	   0.00000	  25.78701	  50.72223
  8	 12	   0.00000	  -0.00000	  25.27590	   0.00000	  25.27590	  50.50660
  8	 11	   0.00000	  -0.00000	  24.79349	   0.00000	  24.79349	  50.40426
  8	 10	   0.00000	  -0.00000	  24.34308	   0.00000	  24.34308	  50.41480
  8	  9	   0.00000	  -0.00000	  23.92783	   0.00000	  23.92783	  50.53718
  8	  8	   0.00000	  -0.00000	  23.55069	   0.00000	  23.55069	  50.76981
  8	  7	   0.00000	  -0.00000	  23.21436	   0.00000	  23.21436	  51.11066
  8	  6	   0.00000	  -0.00000	  22.92130	   0.00000	  22.92130	  51.55740
  8	  5	   0.00000	  -0.00000	  22.67366	   0.00000	  22.67366	  52.10747
  8	  4	   0.00000	  -0.00000	  22.47328	   0.00000	  22.47328	  52.75813
  8	  3	   0.00000	  -0.00000	  22.32166	   0.00000	  22.32166	  53.50652
  8	  2	   0.00000	  -0.00000	  22.21994	   0.00000	  22.21994	  54.34965
  8	  1	   0.00000	  -0.00000	  22.16888	   0.00000	  22.16888	  55.28446

  9	 30	   0.00000	  -0.00000	  34.96351	   0.00000	  34.96351	  66.37661
  9	 29	   0.00000	  -0.00000	  34.42786	   0.00000	  34.42786	  64.84341
  9	 28	   0.00000	  -0.00000	  33.86730	   0.00000	  33.86730	  63.32793
  9	 27	   0.00000	  -0.00000	  33.28395	   0.00000	  33.28395	  61.83657
  9	 26	   0.00000	  -0.00000	  32.68011	   0.00000	  32.68011	  60.37622
  9	 25	   0.00000	  -0.00000	  32.05823	   0.00000	  32.05823	  58.95429
  9	 24	   0.00000	  -0.00000	  31.42099	   0.00000	  31.42099	  57.57861
  9	 23	   0.00000	  -0.00000	  30.77123	   0.00000	  30.77123	  56.25738
  9	 22	   0.00000	  -0.00000	  30.11200	   0.00000	  30.11200	  54.99908
  9	 21	   0.00000	  -0.00000	  29.44651	   0.00000	  29.44651	  53.81226
  9	 20	   0.00000	  -0.00000	  28.77816	   0.00000	  28.77816	  52.70541
  9	 19	   0.00000	  -0.00000	  28.11050	   0.00000	  28.11050	  51.68667
  9	 18	   0.00000	  -0.00000	  27.44719	   0.00000	  27.44719	  50.76369
  9	 17	   0.00000	  -0.00000	  26.79203	   0.00000	  26.79203	  49.94331
  9	 16	   0.00000	  -0.00000	  26.14886	   0.00000	  26.14886	  49.23143
  9	 15	   0.00000	  -0.00000	  25.52160	   0.00000	  25.52160	  48.63281
  9	 14	   0.00000	  -0.00000	  24.91416	   0.00000	  24.91416	  48.15101
  9	 13	   0.00000	  -0.00000	  24.33044	   0.00000	  24.33044	  47.78836
  9	 12	   0.00000	  -0.00000	  23.77427	   0.00000	  23.77427	  47.54604
  9	 11	   0.00000	  -0.00000	  23.24937	   0.00000	  23.24937	  47.42415
  9	 10	   0.00000	  -0.00000	  22.75935	   0.00000	  22.75935	  47.42193
  9	  9	   0.00000	  -0.00000	  22.30760	   0.00000	  22.30760	  47.53786
  9	  8	   0.00000	  -0.00000	  21.89733	   0.00000	  21.89733	  47.76988
  9	  7	   0.00000	  -0.00000	  21.53148	   0.00000	  21.53148	  48.11554
  9	  6	   0.00000	  -0.00000	  21.21271	   0.00000	  21.21271	  48.57208
  9	  5	   0.00000	  -0.00000	  20.94336	   0.00000	  20.94336	  49.13658
  9	  4	   0.00000	  -0.00000	  20.72541	   0.00000	  20.72541	  49.80601
  9	  3	   0.00000	  -0.00000	  20.56051	   0.00000	  20.56051	  50.57723
  9	  2	   0.00000	  -0.00000	  20.44987	   0.00000	  20.44987	  51.44708
  9	  1	   0.00000	  -0.00000	  20.39435	   0.00000	  20.39435	  52.41231

 10	 30	   0.00000	  -0.00000	  34.36450	   0.00000	  34.36450	  64.69257
 10	 29	   0.00000	  -0.00000	  33.77776	   0.00000	  33.77776	  63.07135
 10	 28	   0.00000	  -0.00000	  33.16482	   0.00000	  33.16482	  61.46565
 10	 27	   0.00000	  -0.00000	  32.52786	   0.00000	  32.52786	  59.88221
 10	 26	   0.00000	  -0.00000	  31.86928	   0.00000	  31.86928	  58.32837
 10	 25	   0.00000	  -0.00000	  31.19167	   0.00000	  31.19167	  56.81210
 10	 24	   0.00000	  -0.00000	  30.49785	   0.00000	  30.49785	  55.34196
 10	 23	   0.00000	  -0.00000	  29.79085	   0.00000	  29.79085	  53.92698
 10	 22	   0.00000	  -0.00000	  29.07391	   0.00000	  29.07391	  52.57658
 10	 21	   0.00000	  -0.00000	  28.35049	   0.00000	  28.35049	  51.30040
 10	 20	   0.00000	  -0.00000	  27.62421	   0.00000	  27.62421	  50.10802
 10	 19	   0.00000	  -0.00000	  26.89890	   0.00000	  26.89890	  49.00872
 10	 18	   0.00000	  -0.00000	  26.17850	   0.00000	  26.17850	  48.01121
 10	 17	   0.00000	  -0.00000	  25.46709	   0.00000	  25.46709	  47.12327
 10	 16	   0.00000	  -0.00000	  24.76883	   0.00000	  24.76883	  46.35154
 10	 15	   0.00000	  -0.00000	  24.08795	   0.00000	  24.08795	  45.70129
 10	 14	   0.00000	  -0.00000	  23.42867	   0.00000	  23.42867	  45.17630
 10	 13	   0.00000	  -0.00000	  22.79519	   0.00000	  22.79519	  44.77888
 10	 12	   0.00000	  -0.00000	  22.19167	   0.00000	  22.19167	  44.50995
 10	 11	   0.00000	  -0.00000	  21.62213	   0.00000	  21.62213	  44.36919
 10	 10	   0.00000	  -0.00000	  21.09047	   0.00000	  21.09047	  44.35528
 10	  9	   0.00000	  -0.00000	  20.60036	   0.00000	  20.60036	  44.46612
 10	  8	   0.00000	  -0.00000	  20.15528	   0.00000	  20.15528	  44.69906
 10	  7	   0.00000	  -0.00000	  19.75840	   0.00000	  19.75840	  45.05109
 10	  6	   0.00000	  -0.00000	  19.41260	   0.00000	  19.41260	  45.51899
 10	  5	   0.00000	  -0.00000	  19.12041	   0.00000	  19.12041	  46.09942
 10	  4	   0.00000	  -0.00000	  18.88400	   0.00000	  18.88400	  46.78901
 10	  3	   0.00000	  -0.00000	  18.70513	   0.00000	  18.70513	  47.58440
 10	  2	   0.00000	  -0.00000	  18.58512	   0.00000	  18.58512	  48.48221
 10	  1	   0.00000	  -0.00000	  18.52490	   0.00000	  18.52490	  49.47903

 11	 30	   0.00000	  -0.00000	  33.72966	   0.00000	  33.72966	  63.00934
 11	 29	   0.00000	  -0.00000	  33.08997	   0.00000	  33.08997	  61.29675
 11	 28	   0.00000	  -0.00000	  32.42264	   0.00000	  32.42264	  59.59701
 11	 27	   0.00000	  -0.00000	  31.72996	   0.00000	  31.72996	  57.91715
 11	 26	   0.00000	  -0.00000	  31.01441	   0.00000	  31.01441	  56.26499
 11	 25	   0.00000	  -0.00000	  30.27873	   0.00000	  30.27873	  54.64910
 11	 24	   0.00000	  -0.00000	  29.52590	   0.00000	  29.52590	  53.07878
 11	 23	   0.00000	  -0.00000	  28.75915	   0.00000	  28.75915	  51.56400
 11	 22	   0.00000	  -0.00000	  27.98195	   0.00000	  27.98195	  50.11527
 11	 21	   0.00000	  -0.00000	  27.19798	   0.00000	  27.19798	  48.74344
 11	 20	   0.00000	  -0.00000	  26.41114	   0.00000	  26.41114	  47.45942
 11	 19	   0.00000	  -0.00000	  25.62553	   0.00000	  25.62553	  46.27385
 11	 18	   0.00000	  -0.00000	  24.84540	   0.00000	  24.84540	  45.19671
 11	 17	   0.00000	  -0.00000	  24.07513	   0.00000	  24.07513	  44.23695
 11	 16	   0.00000	  -0.00000	  23.31921	   0.00000	  23.31921	  43.40209
 11	 15	   0.00000	  -0.00000	  22.58218	   0.00000	  22.58218	  42.69797
 11	 14	   0.00000	  -0.00000	  21.86861	   0.00000	  21.86861	  42.12862
 11	 13	   0.00000	  -0.00000	  21.18303	   0.00000	  21.18303	  41.69622
 11	 12	   0.00000	  -0.00000	  20.52992	   0.00000	  20.52992	  41.40128
 11	 11	   0.00000	  -0.00000	  19.91362	   0.00000	  19.91362	  41.24287
 11	 10	   0.00000	  -0.00000	  19.33832	   0.00000	  19.33832	  41.21891
 11	  9	   0.00000	  -0.00000	  18.80803	   0.00000	  18.80803	  41.32653
 11	  8	   0.00000	  -0.00000	  18.32646	   0.00000	  18.32646	  41.56234
 11	  7	   0.00000	  -0.00000	  17.89706	   0.00000	  17.89706	  41.92265
 11	  6	   0.00000	  -0.00000	  17.52294	   0.00000	  17.52294	  42.40370
 11	  5	   0.00000	  -0.00000	  17.20683	   0.00000	  17.20683	  43.00170
 11	  4	   0.00000	  -0.00000	  16.95107	   0.00000	  16.95107	  43.71295
 11	  3	   0.00000	  -0.00000	  16.75755	   0.00000	  16.75755	  44.53382
 11	  2	   0.00000	  -0.00000	  16.62773	   0.00000	  16.62773	  45.46076
 11	  1	   0.00000	  -0.00000	  16.56257	   0.00000	  16.56257	  46.49027

 12	 30	   0.00000	  -0.00000	  33.06062	   0.00000	  33.06062	  61.33266
 12	 29	   0.00000	  -0.00000	  32.36613	   0.00000	  32.36613	  59.52551
 12	 28	   0.00000	  -0.00000	  31.64245	   0.00000	  31.64245	  57.72798
 12	 27	   0.00000	  -0.00000	  30.89194	   0.00000	  30.89194	  55.94743
 12	 26	   0.00000	  -0.00000	  30.11721	   0.00000	  30.11721	  54.19210
 12	 25	   0.00000	  -0.00000	  29.32115	   0.00000	  29.32115	  52.47117
 12	 24	   0.00000	  -0.00000	  28.50693	   0.00000	  28.50693	  50.79474
 12	 23	   0.00000	  -0.00000	  27.67798	   0.00000	  27.67798	  49.17378
 12	 22	   0.00000	  -0.00000	  26.83800	   0.00000	  26.83800	  47.62002
 12	 21	   0.00000	  -0.00000	  25.99093	   0.00000	  25.99093	  46.14572
 12	 20	   0.00000	  -0.00000	  25.14096	   0.00000	  25.14096	  44.76336
 12	 19	   0.00000	  -0.00000	  24.29247	   0.00000	  24.29247	  43.48522
 12	 18	   0.00000	  -0.00000	  23.45003	   0.00000	  23.45003	  42.32288
 12	 17	   0.00000	  -0.00000	  22.61835	   0.00000	  22.61835	  41.28671
 12	 16	   0.00000	  -0.00000	  21.80226	   0.00000	  21.80226	  40.38533
 12	 15	   0.00000	  -0.00000	  21.00664	   0.00000	  21.00664	  39.62527
 12	 14	   0.00000	  -0.00000	  20.23639	   0.00000	  20.23639	  39.01075
 12	 13	   0.00000	  -0.00000	  19.49641	   0.00000	  19.49641	  38.54371
 12	 12	   0.00000	  -0.00000	  18.79152	   0.00000	  18.79152	  38.22403
 12	 11	   0.00000	  -0.00000	  18.12638	   0.00000	  18.12638	  38.04987
 12	 10	   0.00000	  -0.00000	  17.50553	   0.00000	  17.50553	  38.01818
 12	  9	   0.00000	  -0.00000	  16.93326	   0.00000	  16.93326	  38.12504
 12	  8	   0.00000	  -0.00000	  16.41359	   0.00000	  16.41359	  38.36614
 12	  7	   0.00000	  -0.00000	  15.95023	   0.00000	  15.95023	  38.73702
 12	  6	   0.00000	  -0.00000	  15.54653	   0.00000	  15.54653	  39.23325
 12	  5	   0.00000	  -0.00000	  15.20543	   0.00000	  15.20543	  39.85058
 12	  4	   0.00000	  -0.00000	  14.92945	   0.00000	  14.92945	  40.58499
 12	  3	   0.00000	  -0.00000	  14.72064	   0.00000	  14.72064	  41.43261
 12	  2	   0.00000	  -0.00000	  14.58056	   0.00000	  14.58056	  42.38977
 12	  1	   0.00000	  -0.00000	  14.51025	   0.00000	  14.51025	  43.45287

 13	 30	   0.00000	  -0.00000	  32.35924	   0.00000	  32.35924	  59.66889
 13	 29	   0.00000	  -0.00000	  31.60815	   0.00000	  31.60815	  57.76422
 13	 28	   0.00000	  -0.00000	  30.82617	   0.00000	  30.82617	  55.86540
 13	 27	   0.00000	  -0.00000	  30.01578	   0.00000	  30.01578	  53.98004
 13	 26	   0.00000	  -0.00000	  29.17972	   0.00000	  29.17972	  52.11678
 13	 25	   0.00000	  -0.00000	  28.32105	   0.00000	  28.32105	  50.28538
 13	 24	   0.00000	  -0.00000	  27.44312	   0.00000	  27.44312	  48.49674
 13	 23	   0.00000	  -0.00000	  26.54959	   0.00000	  26.54959	  46.76291
 13	 22	   0.00000	  -0.00000	  25.64441	   0.00000	  25.64441	  45.09694
 13	 21	   0.00000	  -0.00000	  24.73179	   0.00000	  24.73179	  43.51273
 13	 20	   0.00000	  -0.00000	  23.81620	   0.00000	  23.81620	  42.02463
 13	 19	   0.00000	  -0.00000	  22.90234	   0.00000	  22.90234	  40.64691
 13	 18	   0.00000	  -0.00000	  21.99511	   0.00000	  21.99511	  39.39318
 13	 17	   0.00000	  -0.00000	  21.09956	   0.00000	  21.09956	  38.27559
 13	 16	   0.00000	  -0.00000	  20.22088	   0.00000	  20.22088	  37.30417
 13	 15	   0.00000	  -0.00000	  19.36429	   0.00000	  19.36429	  36.48627
 13	 14	   0.00000	  -0.00000	  18.53509	   0.00000	  18.53509	  35.82627
 13	 13	   0.00000	  -0.00000	  17.73850	   0.00000	  17.73850	  35.32566
 13	 12	  -0.00000	  -0.00000	  16.97972	   0.00000	  16.97972	  34.98335
 13	 11	   0.00000	  -0.00000	  16.26376	   0.00000	  16.26376	  34.79627
 13	 10	   0.00000	  -0.00000	  15.59550	   0.00000	  15.59550	  34.75997
 13	  9	   0.00000	  -0.00000	  14.97954	   0.00000	  14.97954	  34.86924
 13	  8	   0.00000	  -0.00000	  14.42021	   0.00000	  14.42021	  35.11859
 13	  7	   0.00000	  -0.00000	  13.92150	   0.00000	  13.92150	  35.50265
 13	  6	   0.00000	  -0.00000	  13.48700	   0.00000	  13.48700	  36.01629
 13	  5	   0.00000	  -0.00000	  13.11989	   0.00000	  13.11989	  36.65480
 13	  4	   0.00000	  -0.00000	  12.82286	   0.00000	  12.82286	  37.41382
 13	  3	   0.00000	  -0.00000	  12.59813	   0.00000	  12.59813	  38.28933
 13	  2	   0.00000	  -0.00000	  12.44737	   0.00000	  12.44737	  39.27759
 13	  1	   0.00000	  -0.00000	  12.37170	   0.00000	  12.37170	  40.37498

 14	 30	   0.00000	  -0.00000	  31.62759	   0.00000	  31.62759	  58.02504
 14	 29	   0.00000	  -0.00000	  30.81815	   0.00000	  30.81815	  56.02030
 14	 28	   0.00000	  -0.00000	  29.97602	   0.00000	  29.97602	  54.01706
 14	 27	   0.00000	  -0.00000	  29.10378	   0.00000	  29.10378	  52.02309
 14	 26	   0.00000	  -0.00000	  28.20434	   0.00000	  28.20434	  50.04736
 14	 25	   0.00000	  -0.00000	  27.28092	   0.00000	  27.28092	  48.10015
 14	 24	   0.00000	  -0.00000	  26.33708	   0.00000	  26.33708	  46.19315
 14	 23	   0.00000	  -0.00000	  25.37671	   0.00000	  25.37671	  44.33947
 14	 22	   0.00000	  -0.00000	  24.40401	   0.00000	  24.40401	  42.55365
 14	 21	   0.00000	  -0.00000	  23.42349	   0.00000	  23.42349	  40.85141
 14	 20	   0.00000	  -0.00000	  22.43992	   0.00000	  22.43992	  39.24930
 14	 19	   0.00000	  -0.00000	  21.45833	   0.00000	  21.45833	  37.76411
 14	 18	  -0.00000	  -0.00000	  20.48395	   0.00000	  20.48395	  36.41196
 14	 17	  -0.00000	  -0.00000	  19.52221	   0.00000	  19.52221	  35.20737
 14	 16	  -0.00000	  -0.00000	  18.57863	   0.00000	  18.57863	  34.16219
 14	 15	  -0.00000	  -0.00000	  17.65884	   0.00000	  17.65884	  33.28479
 14	 14	  -0.00000	  -0.00000	  16.76849	   0.00000	  16.76849	  32.57967
 14	 13	  -0.00000	  -0.00000	  15.91321	   0.00000	  15.91321	  32.04754
 14	 12	  -0.00000	  -0.00000	  15.09854	   0.00000	  15.09854	  31.68587
 14	 11	  -0.00000	  -0.00000	  14.32988	   0.00000	  14.32988	  31.48979
 14	 10	  -0.00000	  -0.00000	  13.61244	   0.00000	  13.61244	  31.45300
 14	  9	  -0.00000	  -0.00000	  12.95117	   0.00000	  12.95117	  31.56860
 14	  8	  -0.00000	  -0.00000	  12.35071	   0.00000	  12.35071	  31.82971
 14	  7	  -0.00000	  -0.00000	  11.81532	   0.00000	  11.81532	  32.22989
 14	  6	  -0.00000	  -0.00000	  11.34888	   0.00000	  11.34888	  32.76330
 14	  5	  -0.00000	  -0.00000	  10.95478	   0.00000	  10.95478	  33.42477
 14	  4	   0.00000	  -0.00000	  10.63593	   0.00000	  10.63593	  34.20972
 14	  3	   0.00000	  -0.00000	  10.39468	   0.00000	  10.39468	  35.11403
 14	  2	   0.00000	  -0.00000	  10.23284	   0.00000	  10.23284	  36.13398
 14	  1	   0.00000	  -0.00000	  10.15161	   0.00000	  10.15161	  37.26604

 15	 30	   0.00000	  -0.00000	  30.86798	   0.00000	  30.86798	  56.40881
 15	 29	   0.00000	  -0.00000	  29.99855	   0.00000	  29.99855	  54.30198
 15	 28	   0.00000	  -0.00000	  29.09452	   0.00000	  29.09452	  52.19170
 15	 27	   0.00000	  -0.00000	  28.15859	   0.00000	  28.15859	  50.08581
 15	 26	   0.00000	  -0.00000	  27.19384	   0.00000	  27.19384	  47.99350
 15	 25	   0.00000	  -0.00000	  26.20366	   0.00000	  26.20366	  45.92545
 15	 24	   0.00000	  -0.00000	  25.19184	   0.00000	  25.19184	  43.89403
 15	 23	   0.00000	  -0.00000	  24.16251	   0.00000	  24.16251	  41.91342
 15	 22	   0.00000	  -0.00000	  23.12014	   0.00000	  23.12014	  39.99965
 15	 21	  -0.00000	  -0.00000	  22.06952	   0.00000	  22.06952	  38.17049
 15	 20	  -0.00000	  -0.00000	  21.01577	   0.00000	  21.01577	  36.44509
 15	 19	  -0.00000	  -0.00000	  19.96423	   0.00000	  19.96423	  34.84331
 15	 18	  -0.00000	  -0.00000	  18.92051	   0.00000	  18.92051	  33.38460
 15	 17	  -0.00000	  -0.00000	  17.89038	   0.00000	  17.89038	  32.08661
 15	 16	  -0.00000	  -0.00000	  16.87977	   0.00000	  16.87977	  30.96366
 15	 15	  -0.00000	  -0.00000	  15.89468	   0.00000	  15.89468	  30.02546
 15	 14	  -0.00000	  -0.00000	  14.94117	   0.00000	  14.94117	  29.27651
 15	 13	  -0.00000	  -0.00000	  14.02524	   0.00000	  14.02524	  28.71622
 15	 12	  -0.00000	  -0.00000	  13.15282	   0.00000	  13.15282	  28.33992
 15	 11	  -0.00000	  -0.00000	  12.32970	   0.00000	  12.32970	  28.14017
 15	 10	  -0.00000	  -0.00000	  11.56144	   0.00000	  11.56144	  28.10816
 15	  9	  -0.00000	  -0.00000	  10.85334	   0.00000	  10.85334	  28.23485
 15	  8	  -0.00000	  -0.00000	  10.21036	   0.00000	  10.21036	  28.51172
 15	  7	  -0.00000	  -0.00000	   9.63707	   0.00000	   9.63707	  28.93119
 15	  6	  -0.00000	  -0.00000	   9.13762	   0.00000	   9.13762	  29.48672
 15	  5	  -0.00000	  -0.00000	   8.71563	   0.00000	   8.71563	  30.17277
 15	  4	  -0.00000	  -0.00000	   8.37421	   0.00000	   8.37421	  30.98465
 15	  3	  -0.00000	  -0.00000	   8.11589	   0.00000	   8.11589	  31.91831
 15	  2	   0.00000	  -0.00000	   7.94260	   0.00000	   7.94260	  32.97014
 15	  1	   0.00000	  -0.00000	   7.85563	   0.00000	   7.85563	  34.13682

 16	 30	   0.00000	  -0.00000	  30.08301	   0.00000	  30.08301	  54.82856
 16	 29	   0.00000	  -0.00000	  29.15206	   0.00000	  29.15206	  52.61832
 16	 28	   0.00000	  -0.00000	  28.18451	   0.00000	  28.18451	  50.39911
 16	 27	   0.00000	  -0.00000	  27.18321	   0.00000	  27.18321	  48.17872
 16	 26	   0.00000	  -0.00000	  26.15137	   0.00000	  26.15137	  45.96637
 16	 25	   0.00000	  -0.00000	  25.09260	   0.00000	  25.09260	  43.77300
 16	 24	   0.00000	  -0.00000	  24.01090	   0.00000	  24.01090	  41.61148
 16	 23	  -0.00000	  -0.00000	  22.91066	   0.00000	  22.91066	  39.49691
 16	 22	  -0.00000	  -0.00000	  21.79664	   0.00000	  21.79664	  37.44676
 16	 21	  -0.00000	  -0.00000	  20.67393	   0.00000	  20.67393	  35.48101
 16	 20	  -0.00000	  -0.00000	  19.54797	   0.00000	  19.54797	  33.62179
 16	 19	  -0.00000	  -0.00000	  18.42446	   0.00000	  18.42446	  31.89277
 16	 18	  -0.00000	  -0.00000	  17.30937	   0.00000	  17.30937	  30.31777
 16	 17	  -0.00000	  -0.00000	  16.20887	   0.00000	  16.20887	  28.91876
 16	 16	  -0.00000	  -0.00000	  15.12926	   0.00000	  15.12926	  27.71356
 16	 15	  -0.00000	  -0.00000	  14.07697	   0.00000	  14.07697	  26.71372
 16	 14	  -0.00000	  -0.00000	  13.05843	   0.00000	  13.05843	  25.92351
 16	 13	  -0.00000	  -0.00000	  12.08006	   0.00000	  12.08006	  25.34028
 16	 12	  -0.00000	  -0.00000	  11.14819	   0.00000	  11.14819	  24.95603
 16	 11	  -0.00000	  -0.00000	  10.26900	   0.00000	  10.26900	  24.75967
 16	 10	  -0.00000	  -0.00000	   9.44842	   0.00000	   9.44842	  24.73902
 16	  9	  -0.00000	  -0.00000	   8.69210	   0.00000	   8.69210	  24.88239
 16	  8	  -0.00000	  -0.00000	   8.00535	   0.00000	   8.00535	  25.17941
 16	  7	  -0.00000	  -0.00000	   7.39304	   0.00000	   7.39304	  25.62136
 16	  6	  -0.00000	  -0.00000	   6.85959	   0.00000	   6.85959	  26.20112
 16	  5	  -0.00000	  -0.00000	   6.40889	   0.00000	   6.40889	  26.91297
 16	  4	  -0.00000	  -0.00000	   6.04424	   0.00000	   6.04424	  27.75231
 16	  3	  -0.00000	  -0.00000	   5.76834	   0.00000	   5.76834	  28.71531
 16	  2	  -0.00000	  -0.00000	   5.58326	   0.00000	   5.58326	  29.79867
 16	  1	  -0.00000	  -0.00000	   5.49036	   0.00000	   5.49036	  30.99937

 17	 30	   0.00000	  -0.00000	  29.27552	   0.00000	  29.27552	  53.29324
 17	 29	   0.00000	  -0.00000	  28.28170	   0.00000	  28.28170	  50.97914
 17	 28	   0.00000	  -0.00000	  27.24920	   0.00000	  27.24920	  48.65006
 17	 27	   0.00000	  -0.00000	  26.18099	   0.00000	  26.18099	  46.31355
 17	 26	   0.00000	  -0.00000	  25.08048	   0.00000	  25.08048	  43.97871
 17	 25	   0.00000	  -0.00000	  23.95148	   0.00000	  23.95148	  41.65645
 17	 24	  -0.00000	  -0.00000	  22.79821	   0.00000	  22.79821	  39.35989
 17	 23	  -0.00000	  -0.00000	  21.62534	   0.00000	  21.62534	  37.10474
 17	 22	  -0.00000	  -0.00000	  20.43789	   0.00000	  20.43789	  34.90976
 17	 21	  -0.00000	  -0.00000	  19.24130	   0.00000	  19.24130	  32.79703
 17	 20	  -0.00000	  -0.00000	  18.04132	   0.00000	  18.04132	  30.79205
 17	 19	  -0.00000	  -0.00000	  16.84404	   0.00000	  16.84404	  28.92311
 17	 18	  -0.00000	  -0.00000	  15.65579	   0.00000	  15.65579	  27.21983
 17	 17	  -0.00000	  -0.00000	  14.48313	   0.00000	  14.48313	  25.71033
 17	 16	  -0.00000	  -0.00000	  13.33279	   0.00000	  13.33279	  24.41759
 17	 15	  -0.00000	  -0.00000	  12.21157	   0.00000	  12.21157	  23.35590
 17	 14	  -0.00000	  -0.00000	  11.12635	   0.00000	  11.12635	  22.52894
 17	 13	  -0.00000	  -0.00000	  10.08396	   0.00000	  10.08396	  21.93056
 17	 12	  -0.00000	  -0.00000	   9.09112	   0.00000	   9.09112	  21.54765
 17	 11	  -0.00000	  -0.00000	   8.15442	   0.00000	   8.15442	  21.36381
 17	 10	  -0.00000	  -0.00000	   7.28018	   0.00000	   7.28018	  21.36247
 17	  9	  -0.00000	  -0.00000	   6.47441	   0.00000	   6.47441	  21.52878
 17	  8	  -0.00000	  -0.00000	   5.74276	   0.00000	   5.74276	  21.85043
 17	  7	  -0.00000	  -0.00000	   5.09043	   0.00000	   5.09043	  22.31774
 17	  6	  -0.00000	  -0.00000	   4.52212	   0.00000	   4.52212	  22.92329
 17	  5	  -0.00000	  -0.00000	   4.04196	   0.00000	   4.04196	  23.66149
 17	  4	  -0.00000	  -0.00000	   3.65348	   0.00000	   3.65348	  24.52808
 17	  3	  -0.00000	  -0.00000	   3.35956	   0.00000	   3.35956	  25.51970
 17	  2	  -0.00000	  -0.00000	   3.16238	   0.00000	   3.16238	  26.63353
 17	  1	  -0.00000	  -0.00000	   3.06341	   0.00000	   3.06341	  27.86700

 18	 30	   0.00000	  -0.00000	  28.44866	   0.00000	  28.44866	  51.81229
 18	 29	   0.00000	  -0.00000	  27.39079	   0.00000	  27.39079	  49.39494
 18	 28	   0.00000	  -0.00000	  26.29209	   0.00000	  26.29209	  46.95620
 18	 27	   0.00000	  -0.00000	  25.15569	   0.00000	  25.15569	  44.50326
 18	 26	  -0.00000	  -0.00000	  23.98514	   0.00000	  23.98514	  42.04481
 18	 25	  -0.00000	  -0.00000	  22.78449	   0.00000	  22.78449	  39.59147
 18	 24	  -0.00000	  -0.00000	  21.55820	   0.00000	  21.55820	  37.15619
 18	 23	  -0.00000	  -0.00000	  20.31119	   0.00000	  20.31119	  34.75489
 18	 22	  -0.00000	  -0.00000	  19.04880	   0.00000	  19.04880	  32.40707
 18	 21	  -0.00000	  -0.00000	  17.77678	   0.00000	  17.77678	  30.13665
 18	 20	  -0.00000	  -0.00000	  16.50124	   0.00000	  16.50124	  27.97248
 18	 19	  -0.00000	  -0.00000	  15.22863	   0.00000	  15.22863	  25.94835
 18	 18	  -0.00000	  -0.00000	  13.96567	   0.00000	  13.96567	  24.10152
 18	 17	  -0.00000	  -0.00000	  12.71932	   0.00000	  12.71932	  22.46911
 18	 16	  -0.00000	  -0.00000	  11.49672	   0.00000	  11.49672	  21.08221
 18	 15	  -0.00000	  -0.00000	  10.30512	   0.00000	  10.30512	  19.95936
 18	 14	  -0.00000	  -0.00000	   9.15179	   0.00000	   9.15179	  19.10305
 18	 13	  -0.00000	  -0.00000	   8.04400	   0.00000	   8.04400	  18.50107
 18	 12	  -0.00000	  -0.00000	   6.98889	   0.00000	   6.98889	  18.13220
 18	 11	  -0.00000	  -0.00000	   5.99344	   0.00000	   5.99344	  17.97245
 18	 10	  -0.00000	  -0.00000	   5.06438	   0.00000	   5.06438	  17.99959
 18	  9	  -0.00000	  -0.00000	   4.20810	   0.00000	   4.20810	  18.19533
 18	  8	  -0.00000	  -0.00000	   3.43059	   0.00000	   3.43059	  18.54567
 18	  7	  -0.00000	  -0.00000	   2.73738	   0.00000	   2.73738	  19.04040
 18	  6	  -0.00000	  -0.00000	   2.13345	   0.00000	   2.13345	  19.67230
 18	  5	  -0.00000	  -0.00000	   1.62320	   0.00000	   1.62320	  20.43634
 18	  4	  -0.00000	  -0.00000	   1.21037	   0.00000	   1.21037	  21.32896
 18	  3	  -0.00000	  -0.00000	   0.89803	   0.00000	   0.89803	  22.34752
 18	  2	  -0.00000	  -0.00000	   0.68850	   0.00000	   0.68850	  23.48989
 18	  1	  -0.00000	  -0.00000	   0.58334	   0.00000	   0.58334	  24.75411

 19	 30	   0.00000	  -0.00000	  27.60583	   0.00000	  27.60583	  50.39548
 19	 29	   0.00000	  -0.00000	  26.48297	   0.00000	  26.48297	  47.87668
 19	 28	   0.00000	  -0.00000	  25.31706	   0.00000	  25.31706	  45.32991
 19	 27	  -0.00000	  -0.00000	  24.11139	   0.00000	  24.11139	  42.76178
 19	 26	  -0.00000	  -0.00000	  22.86970	   0.00000	  22.86970	  40.18039
 19	 25	  -0.00000	  -0.00000	  21.59624	   0.00000	  21.59624	  37.59570
 19	 24	  -0.00000	  -0.00000	  20.29572	   0.00000	  20.29572	  35.02005
 19	 23	  -0.00000	  -0.00000	  18.97335	   0.00000	  18.97335	  32.46887
 19	 22	  -0.00000	  -0.00000	  17.63477	   0.00000	  17.63477	  29.96165
 19	 21	  -0.00000	  -0.00000	  16.28606	   0.00000	  16.28606	  27.52327
 19	 20	  -0.00000	  -0.00000	  14.93368	   0.00000	  14.93368	  25.18541
 19	 19	  -0.00000	  -0.00000	  13.58446	   0.00000	  13.58446	  22.98770
 19	 18	  -0.00000	  -0.00000	  12.24552	   0.00000	  12.24552	  20.97730
 19	 17	  -0.00000	  -0.00000	  10.92423	   0.00000	  10.92423	  19.20475
 19	 16	  -0.00000	  -0.00000	   9.62815	   0.00000	   9.62815	  17.71456
 19	 15	  -0.00000	  -0.00000	   8.36495	   0.00000	   8.36495	  16.53275
 19	 14	  -0.00000	  -0.00000	   7.14234	   0.00000	   7.14234	  15.65915
 19	 13	  -0.00000	  -0.00000	   5.96802	   0.00000	   5.96802	  15.07071
 19	 12	  -0.00000	  -0.00000	   4.84957	   0.00000	   4.84957	  14.73298
 19	 11	  -0.00000	  -0.00000	   3.79436	   0.00000	   3.79436	  14.61125
 19	 10	  -0.00000	  -0.00000	   2.80954	   0.00000	   2.80954	  14.67664
 19	  9	  -0.00000	  -0.00000	   1.90187	   0.00000	   1.90187	  14.90768
 19	  8	  -0.00000	  -0.00000	   1.07771	   0.00000	   1.07771	  15.28946
 19	  7	  -0.00000	  -0.00000	   0.34290	   0.00000	   0.34290	  15.81212
 19	  6	  -0.00000	  -0.00000	  -0.29727	   0.00000	  -0.29727	  16.46937
 19	  5	  -0.00000	  -0.00000	  -0.83813	   0.00000	  -0.83813	  17.25726
 19	  4	  -0.00000	  -0.00000	  -1.27572	   0.00000	  -1.27572	  18.17334
 19	  3	  -0.00000	  -0.00000	  -1.60680	   0.00000	  -1.60680	  19.21600
 19	  2	  -0.00000	  -0.00000	  -1.82890	   0.00000	  -1.82890	  20.38398
 19	  1	  -0.00000	  -0.00000	  -1.94037	   0.00000	  -1.94037	  21.67604

 20	 30	   0.00000	  -0.00000	  26.75074	   0.00000	  26.75074	  49.05268
 20	 29	   0.00000	  -0.00000	  25.56217	   0.00000	  25.56217	  46.43559
 20	 28	  -0.00000	  -0.00000	  24.32830	   0.00000	  24.32830	  43.78395
 20	 27	  -0.00000	  -0.00000	  23.05255	   0.00000	  23.05255	  41.10374
 20	 26	  -0.00000	  -0.00000	  21.73888	   0.00000	  21.73888	  38.40226
 20	 25	  -0.00000	  -0.00000	  20.39173	   0.00000	  20.39173	  35.68851
 20	 24	  -0.00000	  -0.00000	  19.01610	   0.00000	  19.01610	  32.97369
 20	 23	  -0.00000	  -0.00000	  17.61744	   0.00000	  17.61744	  30.27198
 20	 22	  -0.00000	  -0.00000	  16.20173	   0.00000	  16.20173	  27.60175
 20	 21	  -0.00000	  -0.00000	  14.77536	   0.00000	  14.77536	  24.98729
 20	 20	  -0.00000	  -0.00000	  13.34518	   0.00000	  13.34518	  22.46145
 20	 19	  -0.00000	  -0.00000	  11.91839	   0.00000	  11.91839	  20.06881
 20	 18	  -0.00000	  -0.00000	  10.50250	   0.00000	  10.50250	  17.86813
 20	 17	  -0.00000	  -0.00000	   9.10531	   0.00000	   9.10531	  15.92994
 20	 16	  -0.00000	  -0.00000	   7.73481	   0.00000	   7.73481	  14.32256
 20	 15	  -0.00000	  -0.00000	   6.39909	   0.00000	   6.39909	  13.08650
 20	 14	  -0.00000	  -0.00000	   5.10632	   0.00000	   5.10632	  12.21578
 20	 13	  -0.00000	  -0.00000	   3.86462	   0.00000	   3.86462	  11.66638
 20	 12	  -0.00000	  -0.00000	   2.68200	   0.00000	   2.68200	  11.38202
 20	 11	  -0.00000	  -0.00000	   1.56627	   0.00000	   1.56627	  11.31375
 20	 10	  -0.00000	  -0.00000	   0.52496	   0.00000	   0.52496	  11.42618
 20	  9	  -0.00000	  -0.00000	  -0.43476	   0.00000	  -0.43476	  11.69617
 20	  8	  -0.00000	  -0.00000	  -1.30618	   0.00000	  -1.30618	  12.10957
 20	  7	  -0.00000	  -0.00000	  -2.08313	   0.00000	  -2.08313	  12.65816
 20	  6	  -0.00000	  -0.00000	  -2.75999	   0.00000	  -2.75999	  13.33747
 20	  5	  -0.00000	  -0.00000	  -3.33187	   0.00000	  -3.33187	  14.14530
 20	  4	  -0.00000	  -0.00000	  -3.79454	   0.00000	  -3.79454	  15.08069
 20	  3	  -0.00000	  -0.00000	  -4.14460	   0.00000	  -4.14460	  16.14326
 20	  2	  -0.00000	  -0.00000	  -4.37944	   0.00000	  -4.37944	  17.33278
 20	  1	  -0.00000	  -0.00000	  -4.49730	   0.00000	  -4.49730	  18.64883

 21	 30	   0.00000	  -0.00000	  25.88733	   0.00000	  25.88733	  47.79360
 21	 29	  -0.00000	  -0.00000	  24.63261	   0.00000	  24.63261	  45.08274
 21	 28	  -0.00000	  -0.00000	  23.33030	   0.00000	  23.33030	  42.33111
 21	 27	  -0.00000	  -0.00000	  21.98397	   0.00000	  21.98397	  39.54398
 21	 26	  -0.00000	  -0.00000	  20.59777	   0.00000	  20.59777	  36.72778
 21	 25	  -0.00000	  -0.00000	  19.17639	   0.00000	  19.17639	  33.89033
 21	 24	  -0.00000	  -0.00000	  17.72505	   0.00000	  17.72505	  31.04131
 21	 23	  -0.00000	  -0.00000	  16.24951	   0.00000	  16.24951	  28.19295
 21	 22	  -0.00000	  -0.00000	  14.75604	   0.00000	  14.75604	  25.36118
 21	 21	  -0.00000	  -0.00000	  13.25140	   0.00000	  13.25140	  22.56762
 21	 20	  -0.00000	  -0.00000	  11.74279	   0.00000	  11.74279	  19.84309
 21	 19	  -0.00000	  -0.00000	  10.23778	   0.00000	  10.23778	  17.23335
 21	 18	  -0.00000	  -0.00000	   8.74432	   0.00000	   8.74432	  14.80741
 21	 17	  -0.00000	  -0.00000	   7.27061	   0.00000	   7.27061	  12.66357
 21	 16	  -0.00000	  -0.00000	   5.82507	   0.00000	   5.82507	  10.91496
 21	 15	  -0.00000	  -0.00000	   4.41624	   0.00000	   4.41624	   9.63447
 21	 14	  -0.00000	  -0.00000	   3.05271	   0.00000	   3.05271	   8.80188
 21	 13	  -0.00000	  -0.00000	   1.74307	   0.00000	   1.74307	   8.32911
 21	 12	  -0.00000	  -0.00000	   0.49575	   0.00000	   0.49575	   8.12457
 21	 11	  -0.00000	  -0.00000	  -0.68102	   0.00000	  -0.68102	   8.12364
 21	 10	  -0.00000	  -0.00000	  -1.77928	   0.00000	  -1.77928	   8.28775
 21	  9	  -0.00000	  -0.00000	  -2.79149	   0.00000	  -2.79149	   8.59570
 21	  8	  -0.00000	  -0.00000	  -3.71057	  -1.34584	  -5.05641	   7.69078
 21	  7	  -0.00000	  -0.00000	  -4.53000	  -1.73282	  -6.26281	   7.87274
 21	  6	  -0.00000	  -0.00000	  -5.24388	  -0.66623	  -5.91011	   9.63457
 21	  5	  -0.00000	  -0.00000	  -5.84702	   0.00000	  -5.84702	  11.12236
 21	  4	  -0.00000	  -0.00000	  -6.33500	   0.00000	  -6.33500	  12.07106
 21	  3	  -0.00000	  -0.00000	  -6.70419	   0.00000	  -6.70419	  13.14791
 21	  2	  -0.00000	  -0.00000	  -6.95187	   0.00000	  -6.95187	  14.35374
 21	  1	  -0.00000	  -0.00000	  -7.07618	   0.00000	  -7.07618	  15.68897

 22	 30	  -0.00000	  -0.00000	  25.01979	   0.00000	  25.01979	  46.62751
 22	 29	  -0.00000	  -0.00000	  23.69878	   0.00000	  23.69878	  43.82877
 22	 28	  -0.00000	  -0.00000	  22.32785	   0.00000	  22.32785	  40.98366
 22	 27	  -0.00000	  -0.00000	  20.91075	   0.00000	  20.91075	  38.09686
 22	 26	  -0.00000	  -0.00000	  19.45182	   0.00000	  19.45182	  35.17395
 22	 25	  -0.00000	  -0.00000	  17.95597	   0.00000	  17.95597	  32.22161
 22	 24	  -0.00000	  -0.00000	  16.42868	  -0.56154	  15.86714	  28.68632
 22	 23	  -0.00000	  -0.00000	  14.87601	   0.00000	  14.87601	  26.26260
 22	 22	  -0.00000	  -0.00000	  13.30453	   0.00000	  13.30453	  23.27837
 22	 21	  -0.00000	  -0.00000	  11.72136	   0.00000	  11.72136	  20.31208
 22	 20	  -0.00000	  -0.00000	  10.13404	   0.00000	  10.13404	  17.38824
 22	 19	  -0.00000	  -0.00000	   8.55056	   0.00000	   8.55056	  14.54609
 22	 18	  -0.00000	  -0.00000	   6.97925	   0.00000	   6.97925	  11.85464
 22	 17	  -0.00000	  -0.00000	   5.42874	   0.00000	   5.42874	   9.44028
 22	 16	  -0.00000	  -0.00000	   3.90789	   0.00000	   3.90789	   7.50170
 22	 15	  -0.00000	  -0.00000	   2.42568	   0.00000	   2.42568	   6.19906
 22	 14	  -0.00000	  -0.00000	   0.99115	   0.00000	   0.99115	   5.47015
 22	 13	  -0.00000	  -0.00000	  -0.38669	   0.00000	  -0.38669	   5.12552
 22	 12	  -0.00000	  -0.00000	  -1.69895	   0.00000	  -1.69895	   5.02470
 22	 11	  -0.00000	  -0.00000	  -2.93697	   0.00000	  -2.93697	   5.09612
 22	 10	  -0.00000	  -0.00000	  -4.09239	   0.00000	  -4.09239	   5.30726
 22	  9	  -0.00000	  -0.00000	  -5.15729	  -1.38312	  -6.54041	   4.26128
 22	  8	  -0.00000	  -0.00000	  -6.12420	  -3.37896	  -9.50316	   2.72384
 22	  7	  -0.00000	  -0.00000	  -6.98627	  -3.81578	 -10.80205	   2.86625
 22	  6	  -0.00000	  -0.00000	  -7.73730	  -2.63777	 -10.37507	   4.74595
 22	  5	  -0.00000	  -0.00000	  -8.37183	  -0.16024	  -8.53207	   8.05011
 22	  4	  -0.00000	  -0.00000	  -8.88520	   0.00000	  -8.88520	   9.16450
 22	  3	  -0.00000	  -0.00000	  -9.27361	   0.00000	  -9.27361	  10.24855
 22	  2	  -0.00000	  -0.00000	  -9.53417	   0.00000	  -9.53417	  11.46434
 22	  1	  -0.00000	  -0.00000	  -9.66494	   0.00000	  -9.66494	  12.81306

 23	 30	  -0.00000	  -0.00000	  24.15255	   0.00000	  24.15255	  45.56288
 23	 29	  -0.00000	  -0.00000	  22.76540	   0.00000	  22.76540	  42.68336
 23	 28	  -0.00000	  -0.00000	  21.32600	   0.00000	  21.32600	  39.75283
 23	 27	  -0.00000	  -0.00000	  19.83828	   0.00000	  19.83828	  36.77554
 23	 26	  -0.00000	  -0.00000	  18.30675	   0.00000	  18.30675	  33.75648
 23	 25	  -0.00000	  -0.00000	  16.73657	  -0.99150	  15.74506	  29.70991
 23	 24	  -0.00000	  -0.00000	  15.13346	  -1.57822	  13.55524	  26.03883
 23	 23	  -0.00000	  -0.00000	  13.50378	  -0.72487	  12.77891	  23.78631
 23	 22	  -0.00000	  -0.00000	  11.85442	   0.00000	  11.85442	  21.39307
 23	 21	  -0.00000	  -0.00000	  10.19282	   0.00000	  10.19282	  18.27421
 23	 20	  -0.00000	  -0.00000	   8.52691	   0.00000	   8.52691	  15.17010
 23	 19	  -0.00000	  -0.00000	   6.86506	   0.00000	   6.86506	  12.10481
 23	 18	  -0.00000	  -0.00000	   5.21601	   0.00000	   5.21601	   9.12471
 23	 17	  -0.00000	  -0.00000	   3.58881	   0.00000	   3.58881	   6.34579
 23	 16	  -0.00000	  -0.00000	   1.99275	   0.00000	   1.99275	   4.09607
 23	 15	  -0.00000	  -0.00000	   0.43725	   0.00000	   0.43725	   2.83453
 23	 14	  -0.00000	  -0.00000	  -1.06819	   0.00000	  -1.06819	   2.33327
 23	 13	  -0.00000	  -0.00000	  -2.51413	   0.00000	  -2.51413	   2.16486
 23	 12	  -0.00000	  -0.00000	  -3.89125	   0.00000	  -3.89125	   2.16812
 23	 11	  -0.00000	  -0.00000	  -5.19044	   0.00000	  -5.19044	   2.29547
 23	 10	  -0.00000	  -0.00000	  -6.40297	   0.00000	  -6.40297	   2.53359
 23	  9	  -0.00000	  -0.00000	  -7.52048	  -2.86825	 -10.38873	   0.01247
 23	  8	  -0.00000	  -0.00000	  -8.53516	  -5.00776	 -13.54292	  -1.66825
 23	  7	  -0.00000	  -0.00000	  -9.43983	  -5.49002	 -14.92985	  -1.57578
 23	  6	  -0.00000	  -0.00000	 -10.22796	  -4.19844	 -14.42640	   0.41119
 23	  5	  -0.00000	  -0.00000	 -10.89383	  -1.44831	 -12.34214	   3.98198
 23	  4	  -0.00000	  -0.00000	 -11.43256	   0.00000	 -11.43256	   6.38035
 23	  3	  -0.00000	  -0.00000	 -11.84016	   0.00000	 -11.84016	   7.46328
 23	  2	  -0.00000	  -0.00000	 -12.11360	   0.00000	 -12.11360	   8.68174
 23	  1	  -0.00000	  -0.00000	 -12.25083	   0.00000	 -12.25083	  10.03749

 24	 30	  -0.00000	  -0.00000	  23.29022	   0.00000	  23.29022	  44.60712
 24	 29	  -0.00000	  -0.00000	  21.83741	   0.00000	  21.83741	  41.65491
 24	 28	  -0.00000	  -0.00000	  20.33004	   0.00000	  20.33004	  38.64824
 24	 27	  -0.00000	  -0.00000	  18.77219	   0.00000	  18.77219	  35.59121
 24	 26	  -0.00000	  -0.00000	  17.16857	   0.00000	  17.16857	  32.48857
 24	 25	  -0.00000	  -0.00000	  15.52456	  -1.82774	  13.69682	  27.51801
 24	 24	  -0.00000	  -0.00000	  13.84615	  -2.45630	  11.38985	  23.71253
 24	 23	  -0.00000	  -0.00000	  12.13997	  -1.56411	  10.57586	  21.40043
 24	 22	  -0.00000	  -0.00000	  10.41324	   0.00000	  10.41324	  19.74032
 24	 21	  -0.00000	  -0.00000	   8.67374	   0.00000	   8.67374	  16.50428
 24	 20	  -0.00000	  -0.00000	   6.92975	   0.00000	   6.92975	  13.26540
 24	 19	  -0.00000	  -0.00000	   5.19005	   0.00000	   5.19005	  10.03395
 24	 18	  -0.00000	  -0.00000	   3.46376	   0.00000	   3.46376	   6.82329
 24	 17	  -0.00000	  -0.00000	   1.76037	   0.00000	   1.76037	   3.66023
 24	 16	  -0.00000	  -0.00000	   0.08958	   0.00000	   0.08958	   0.74720
 24	 15	  -0.00000	  -0.00000	  -1.53872	   0.00000	  -1.53872	  -0.21379
 24	 14	  -0.00000	  -0.00000	  -3.11463	   0.00000	  -3.11463	  -0.36173
 24	 13	  -0.00000	  -0.00000	  -4.62823	   0.00000	  -4.62823	  -0.39722
 24	 12	  -0.00000	  -0.00000	  -6.06978	   0.00000	  -6.06978	  -0.34925
 24	 11	  -0.00000	  -0.00000	  -7.42977	   0.00000	  -7.42977	  -0.21538
 24	 10	  -0.00000	  -0.00000	  -8.69902	  -0.87056	  -9.56958	  -0.85921
 24	  9	  -0.00000	  -0.00000	  -9.86881	  -4.21982	 -14.08863	  -3.88111
 24	  8	  -0.00000	  -0.00000	 -10.93097	  -6.43674	 -17.36771	  -5.66230
 24	  7	  -0.00000	  -0.00000	 -11.87795	  -6.87773	 -18.75568	  -5.55192
 24	  6	  -0.00000	  -0.00000	 -12.70295	  -5.40384	 -18.10679	  -3.40432
 24	  5	  -0.00000	  -0.00000	 -13.39997	  -2.43753	 -15.83751	   0.36390
 24	  4	  -0.00000	  -0.00000	 -13.96390	   0.00000	 -13.96390	   3.73662
 24	  3	  -0.00000	  -0.00000	 -14.39056	   0.00000	 -14.39056	   4.80921
 24	  2	  -0.00000	  -0.00000	 -14.67679	   0.00000	 -14.67679	   6.02235
 24	  1	  -0.00000	  -0.00000	 -14.82044	   0.00000	 -14.82044	   7.37815

 25	 30	  -0.00000	  -0.00000	  22.43755	   0.00000	  22.43755	  43.76638
 25	 29	  -0.00000	  -0.00000	  20.91992	   0.00000	  20.91992	  40.75025
 25	 28	  -0.00000	  -0.00000	  19.34543	   0.00000	  19.34543	  37.67751
 25	 27	  -0.00000	  -0.00000	  17.71832	   0.00000	  17.71832	  34.55245
 25	 26	  -0.00000	  -0.00000	  16.04349	  -0.47627	  15.56722	  30.90381
 25	 25	  -0.00000	  -0.00000	  14.32655	  -2.65768	  11.66887	  25.50845
 25	 24	  -0.00000	  -0.00000	  12.57376	  -3.45337	   9.12039	  21.46369
 25	 23	  -0.00000	  -0.00000	  10.79201	  -2.62738	   8.16463	  19.01267
 25	 22	  -0.00000	  -0.00000	   8.98884	  -0.43446	   8.55438	  17.90868
 25	 21	  -0.00000	  -0.00000	   7.17237	   0.00000	   7.17237	  15.03532
 25	 20	  -0.00000	  -0.00000	   5.35124	   0.00000	   5.35124	  11.72690
 25	 19	  -0.00000	  -0.00000	   3.53461	   0.00000	   3.53461	   8.43073
 25	 18	  -0.00000	  -0.00000	   1.73201	   0.00000	   1.73201	   5.16639
 25	 17	  -0.00000	  -0.00000	  -0.04667	   0.00000	  -0.04667	   1.98260
 25	 16	  -0.00000	  -0.00000	  -1.79129	   0.00000	  -1.79129	  -0.82126
 25	 15	  -0.00000	  -0.00000	  -3.49154	   0.00000	  -3.49154	  -1.98690
 25	 14	  -0.00000	  -0.00000	  -5.13707	   0.00000	  -5.13707	  -2.29331
 25	 13	  -0.00000	  -0.00000	  -6.71754	   0.00000	  -6.71754	  -2.42685
 25	 12	  -0.00000	  -0.00000	  -8.22276	   0.00000	  -8.22276	  -2.45796
 25	 11	  -0.00000	  -0.00000	  -9.64282	   0.00000	  -9.64282	  -2.39327
 25	 10	  -0.00000	  -0.00000	 -10.96813	  -2.31035	 -13.27847	  -4.53897
 25	  9	  -0.00000	  -0.00000	 -12.18958	  -5.72383	 -17.91341	  -7.68101
 25	  8	  -0.00000	  -0.00000	 -13.29864	  -7.88731	 -21.18595	  -9.45885
 25	  7	  -0.00000	  -0.00000	 -14.28744	  -8.14049	 -22.42793	  -9.20493
 25	  6	  -0.00000	  -0.00000	 -15.14888	  -6.45171	 -21.60059	  -6.88084
 25	  5	  -0.00000	  -0.00000	 -15.87668	  -3.20824	 -19.08492	  -2.86783
 25	  4	  -0.00000	  -0.00000	 -16.46551	   0.00000	 -16.46551	   1.24937
 25	  3	  -0.00000	  -0.00000	 -16.91101	   0.00000	 -16.91101	   2.30201
 25	  2	  -0.00000	  -0.00000	 -17.20988	   0.00000	 -17.20988	   3.50155
 25	  1	  -0.00000	  -0.00000	 -17.35987	   0.00000	 -17.35987	   4.85017

 26	 30	  -0.00000	  -0.00000	  21.59944	   0.00000	  21.59944	  43.04536
 26	 29	  -0.00000	  -0.00000	  20.01818	   0.00000	  20.01818	  39.97440
 26	 28	  -0.00000	  -0.00000	  18.37779	   0.00000	  18.37779	  36.84596
 26	 27	  -0.00000	  -0.00000	  16.68266	   0.00000	  16.68266	  33.66490
 26	 26	  -0.00000	  -0.00000	  14.93791	  -1.20957	  13.72834	  29.22735
 26	 25	  -0.00000	  -0.00000	  13.14935	  -3.69523	   9.45413	  23.47349
 26	 24	  -0.00000	  -0.00000	  11.32349	  -4.74314	   6.58035	  19.12489
 26	 23	  -0.00000	  -0.00000	   9.46752	  -4.14211	   5.32541	  16.40189
 26	 22	  -0.00000	  -0.00000	   7.58927	  -2.07761	   5.51166	  15.12995
 26	 21	  -0.00000	  -0.00000	   5.69719	   0.00000	   5.69719	  13.87243
 26	 20	  -0.00000	  -0.00000	   3.80030	   0.00000	   3.80030	  10.55733
 26	 19	  -0.00000	  -0.00000	   1.90809	   0.00000	   1.90809	   7.29144
 26	 18	  -0.00000	  -0.00000	   0.03053	   0.00000	   0.03053	   4.12973
 26	 17	  -0.00000	  -0.00000	  -1.82211	   0.00000	  -1.82211	   1.19889
 26	 16	  -0.00000	  -0.00000	  -3.63926	   0.00000	  -3.63926	  -1.20011
 26	 15	  -0.00000	  -0.00000	  -5.41019	   0.00000	  -5.41019	  -2.71344
 26	 14	  -0.00000	  -0.00000	  -7.12411	   0.00000	  -7.12411	  -3.50535
 26	 13	  -0.00000	  -0.00000	  -8.77027	   0.00000	  -8.77027	  -3.93101
 26	 12	  -0.00000	  -0.00000	 -10.33805	   0.00000	 -10.33805	  -4.15408
 26	 11	  -0.00000	  -0.00000	 -11.81712	  -0.31173	 -12.12885	  -4.54173
 26	 10	  -0.00000	  -0.00000	 -13.19750	  -4.26695	 -17.46445	  -8.44295
 26	  9	  -0.00000	  -0.00000	 -14.46970	  -7.57929	 -22.04900	 -11.57472
 26	  8	  -0.00000	  -0.00000	 -15.62485	  -9.51708	 -25.14193	 -13.20319
 26	  7	  -0.00000	  -0.00000	 -16.65473	  -9.49073	 -26.14547	 -12.73441
 26	  6	  -0.00000	  -0.00000	 -17.55196	  -7.45091	 -25.00287	 -10.11397
 26	  5	  -0.00000	  -0.00000	 -18.31000	  -3.91637	 -22.22636	  -5.85558
 26	  4	  -0.00000	  -0.00000	 -18.92329	   0.00000	 -18.92329	  -1.06760
 26	  3	  -0.00000	  -0.00000	 -19.38730	   0.00000	 -19.38730	  -0.04438
 26	  2	  -0.00000	  -0.00000	 -19.69858	   0.00000	 -19.69858	   1.13340
 26	  1	  -0.00000	  -0.00000	 -19.85481	   0.00000	 -19.85481	   2.46770

 27	 30	  -0.00000	  -0.00000	  20.78087	   0.00000	  20.78087	  42.44734
 27	 29	  -0.00000	  -0.00000	  19.13752	   0.00000	  19.13752	  39.33056
 27	 28	  -0.00000	  -0.00000	  17.43282	   0.00000	  17.43282	  36.15665
 27	 27	  -0.00000	  -0.00000	  15.67132	   0.00000	  15.67132	  32.93124
 27	 26	  -0.00000	  -0.00000	  13.85833	  -2.05169	  11.80663	  27.60941
 27	 25	  -0.00000	  -0.00000	  11.99987	  -4.93976	   7.06011	  21.41458
 27	 24	  -0.00000	  -0.00000	  10.10270	  -6.45110	   3.65159	  16.56956
 27	 23	  -0.00000	  -0.00000	   8.17427	  -6.22948	   1.94480	  13.44249
 27	 22	  -0.00000	  -0.00000	   6.22273	  -4.39586	   1.82688	  11.92737
 27	 21	  -0.00000	  -0.00000	   4.25686	  -1.57767	   2.67919	  11.41663
 27	 20	  -0.00000	  -0.00000	   2.28599	   0.00000	   2.28599	   9.71337
 27	 19	  -0.00000	  -0.00000	   0.32002	   0.00000	   0.32002	   6.52397
 27	 18	  -0.00000	  -0.00000	  -1.63073	   0.00000	  -1.63073	   3.49879
 27	 17	  -0.00000	  -0.00000	  -3.55557	   0.00000	  -3.55557	   0.76125
 27	 16	  -0.00000	  -0.00000	  -5.44353	   0.00000	  -5.44353	  -1.51186
 27	 15	  -0.00000	  -0.00000	  -7.28346	   0.00000	  -7.28346	  -3.18700
 27	 14	  -0.00000	  -0.00000	  -9.06415	   0.00000	  -9.06415	  -4.30979
 27	 13	  -0.00000	  -0.00000	 -10.77443	   0.00000	 -10.77443	  -5.03623
 27	 12	  -0.00000	  -0.00000	 -12.40328	   0.00000	 -12.40328	  -5.49315
 27	 11	  -0.00000	  -0.00000	 -13.93996	  -2.89552	 -16.83548	  -8.64567
 27	 10	  -0.00000	  -0.00000	 -15.37410	  -6.78205	 -22.15823	 -12.62429
 27	  9	  -0.00000	  -0.00000	 -16.69812	  -9.86790	 -26.56602	 -15.64728
 27	  8	  -0.00000	  -0.00000	 -17.89841	 -11.45615	 -29.35457	 -17.02404
 27	  7	  -0.00000	  -0.00000	 -18.96855	 -10.97735	 -29.94590	 -16.18490
 27	  6	  -0.00000	  -0.00000	 -19.90084	  -8.48710	 -28.38794	 -13.18307
 27	  5	  -0.00000	  -0.00000	 -20.68851	  -4.53986	 -25.22837	  -8.56971
 27	  4	  -0.00000	  -0.00000	 -21.32577	   0.00000	 -21.32577	  -3.20578
 27	  3	  -0.00000	  -0.00000	 -21.80792	   0.00000	 -21.80792	  -2.22075
 27	  2	  -0.00000	  -0.00000	 -22.13137	   0.00000	 -22.13137	  -1.07240
 27	  1	  -0.00000	  -0.00000	 -22.29370	   0.00000	 -22.29370	   0.24079

 28	 30	  -0.00000	  -0.00000	  19.98954	   0.00000	  19.98954	  41.97691
 28	 29	  -0.00000	  -0.00000	  18.28578	   0.00000	  18.28578	  38.82276
 28	 28	  -0.00000	  -0.00000	  16.51851	   0.00000	  16.51851	  35.61276
 28	 27	  -0.00000	  -0.00000	  14.69243	   0.00000	  14.69243	  32.35350
 28	 26	  -0.00000	  -0.00000	  12.81302	  -3.01826	   9.79476	  26.03473
 28	 25	  -0.00000	  -0.00000	  10.88654	  -6.41426	   4.47228	  19.30668
 28	 24	  -0.00000	  -0.00000	   8.91997	  -8.44670	   0.47326	  13.92252
 28	 23	  -0.00000	  -0.00000	   6.92103	  -8.76313	  -1.84210	  10.24945
 28	 22	  -0.00000	  -0.00000	   4.89817	  -7.36573	  -2.46756	   8.30409
 28	 21	  -0.00000	  -0.00000	   2.86046	  -4.82324	  -1.96279	   7.54255
 28	 20	  -0.00000	  -0.00000	   0.81760	  -1.73707	  -0.91947	   7.39764
 28	 19	  -0.00000	  -0.00000	  -1.22018	   0.00000	  -1.22018	   6.02534
 28	 18	  -0.00000	  -0.00000	  -3.24216	   0.00000	  -3.24216	   3.10768
 28	 17	  -0.00000	  -0.00000	  -5.23727	   0.00000	  -5.23727	   0.47617
 28	 16	  -0.00000	  -0.00000	  -7.19415	   0.00000	  -7.19415	  -1.76585
 28	 15	  -0.00000	  -0.00000	  -9.10125	   0.00000	  -9.10125	  -3.55242
 28	 14	  -0.00000	  -0.00000	 -10.94693	   0.00000	 -10.94693	  -4.89611
 28	 13	  -0.00000	  -0.00000	 -12.71963	   0.00000	 -12.71963	  -5.86869
 28	 12	  -0.00000	  -0.00000	 -14.40793	  -2.44573	 -16.85366	  -8.99500
 28	 11	  -0.00000	  -0.00000	 -16.00068	  -6.27679	 -22.27748	 -13.27295
 28	 10	  -0.00000	  -0.00000	 -17.48716	  -9.90540	 -27.39256	 -17.15027
 28	  9	  -0.00000	  -0.00000	 -18.85715	 -12.55735	 -31.41450	 -19.87208
 28	  8	  -0.00000	  -0.00000	 -20.10108	 -13.59365	 -33.69473	 -20.80867
 28	  7	  -0.00000	  -0.00000	 -21.21011	 -12.53257	 -33.74269	 -19.48178
 28	  6	  -0.00000	  -0.00000	 -22.17629	  -9.51481	 -31.69110	 -16.03235
 28	  5	  -0.00000	  -0.00000	 -22.99259	  -5.13891	 -28.13149	 -11.05755
 28	  4	  -0.00000	  -0.00000	 -23.65301	  -0.31437	 -23.96738	  -5.46488
 28	  3	  -0.00000	  -0.00000	 -24.15268	   0.00000	 -24.15268	  -4.21113
 28	  2	  -0.00000	  -0.00000	 -24.48789	   0.00000	 -24.48789	  -3.09891
 28	  1	  -0.00000	  -0.00000	 -24.65612	   0.00000	 -24.65612	  -1.81292

 29	 30	  -0.00000	  -0.00000	  19.22494	   0.00000	  19.22494	  41.62924
 29	 29	  -0.00000	  -0.00000	  17.46328	   0.00000	  17.46328	  38.44603
 29	 28	  -0.00000	  -0.00000	  15.63602	   0.00000	  15.63602	  35.20894
 29	 27	  -0.00000	  -0.00000	  13.74803	   0.00000	  13.74803	  31.92554
 29	 26	  -0.00000	  -0.00000	  11.80496	  -4.04299	   7.76196	  24.56211
 29	 25	  -0.00000	  -0.00000	   9.81325	  -8.01464	   1.79861	  17.24425
 29	 24	  -0.00000	  -0.00000	   7.78014	 -10.71594	  -2.93581	  11.18478
 29	 23	  -0.00000	  -0.00000	   5.71359	 -11.71384	  -6.00025	   6.83385
 29	 22	  -0.00000	  -0.00000	   3.62233	 -10.91667	  -7.29434	   4.30467
 29	 21	  -0.00000	  -0.00000	   1.51575	  -8.81841	  -7.30266	   3.13093
 29	 20	  -0.00000	  -0.00000	  -0.59615	  -5.98994	  -6.58609	   2.77783
 29	 19	  -0.00000	  -0.00000	  -2.70277	  -3.16400	  -5.86677	   2.55973
 29	 18	  -0.00000	  -0.00000	  -4.79306	  -0.78588	  -5.57894	   2.09107
 29	 17	  -0.00000	  -0.00000	  -6.85556	   0.00000	  -6.85556	   0.29650
 29	 16	  -0.00000	  -0.00000	  -8.87853	   0.00000	  -8.87853	  -1.95213
 29	 15	  -0.00000	  -0.00000	 -10.85002	   0.00000	 -10.85002	  -3.82877
 29	 14	  -0.00000	  -0.00000	 -12.75804	  -0.78588	 -13.54392	  -6.11957
 29	 13	  -0.00000	  -0.00000	 -14.59059	  -3.42514	 -18.01574	  -9.92599
 29	 12	  -0.00000	  -0.00000	 -16.33589	  -6.77118	 -23.10707	 -14.14789
 29	 11	  -0.00000	  -0.00000	 -17.98242	 -10.32124	 -28.30366	 -18.32419
 29	 10	  -0.00000	  -0.00000	 -19.51909	 -13.51456	 -33.03365	 -21.92451
 29	  9	  -0.00000	  -0.00000	 -20.93533	 -15.56960	 -36.50493	 -24.18681
 29	  8	  -0.00000	  -0.00000	 -22.22125	 -15.92112	 -38.14236	 -24.55711
 29	  7	  -0.00000	  -0.00000	 -23.36772	 -14.18224	 -37.54996	 -22.65426
 29	  6	  -0.00000	  -0.00000	 -24.36652	 -10.61212	 -34.97864	 -18.73964
 29	  5	  -0.00000	  -0.00000	 -25.21037	  -5.81019	 -31.02056	 -13.41294
 29	  4	  -0.00000	  -0.00000	 -25.89309	  -0.66555	 -26.55864	  -7.56256
 29	  3	  -0.00000	  -0.00000	 -26.40963	   0.00000	 -26.40963	  -6.00929
 29	  2	  -0.00000	  -0.00000	 -26.75615	   0.00000	 -26.75615	  -4.93879
 29	  1	  -0.00000	  -0.00000	 -26.93006	   0.00000	 -26.93006	  -3.68527

 30	 30	  -0.00000	  -0.00000	  18.49481	   0.00000	  18.49481	  41.40685
 30	 29	  -0.00000	  -0.00000	  16.67790	   0.00000	  16.67790	  38.20194
 30	 28	  -0.00000	  -0.00000	  14.79339	   0.00000	  14.79339	  34.94550
 30	 27	  -0.00000	  -0.00000	  12.84631	  -0.19973	  12.64658	  31.44632
 30	 26	  -0.00000	  -0.00000	  10.84247	  -5.09234	   5.75013	  23.22163
 30	 25	  -0.00000	  -0.00000	   8.78851	  -9.61926	  -0.83075	  15.34257
 30	 24	  -0.00000	  -0.00000	   6.69187	 -13.03707	  -6.34520	   8.56787
 30	 23	  -0.00000	  -0.00000	   4.56080	 -14.80851	 -10.24771	   3.45347
 30	 22	  -0.00000	  -0.00000	   2.40425	 -14.75097	 -12.34672	   0.20499
 30	 21	  -0.00000	  -0.00000	   0.23191	 -13.27424	 -13.04233	  -1.55893
 30	 20	  -0.00000	  -0.00000	  -1.94588	 -10.93386	 -12.87974	  -2.35874
 30	 19	  -0.00000	  -0.00000	  -4.11823	  -8.38352	 -12.50175	  -2.80564
 30	 18	  -0.00000	  -0.00000	  -6.27372	  -6.15228	 -12.42601	  -3.37960
 30	 17	  -0.00000	  -0.00000	  -8.40055	  -4.62613	 -13.02668	  -4.41503
 30	 16	  -0.00000	  -0.00000	 -10.48662	  -4.10242	 -14.58904	  -6.16387
 30	 15	  -0.00000	  -0.00000	 -12.51959	  -4.62613	 -17.14572	  -8.64240
 30	 14	  -0.00000	  -0.00000	 -14.48710	  -6.15228	 -20.63939	 -11.80030
 30	 13	  -0.00000	  -0.00000	 -16.37680	  -8.64466	 -25.02147	 -15.61655
 30	 12	  -0.00000	  -0.00000	 -18.17652	 -11.71510	 -29.89162	 -19.72916
 30	 11	  -0.00000	  -0.00000	 -19.87439	 -14.82361	 -34.69800	 -23.62558
 30	 10	  -0.00000	  -0.00000	 -21.45896	 -17.40384	 -38.86280	 -26.76233
 30	  9	  -0.00000	  -0.00000	 -22.91936	 -18.72239	 -41.64175	 -28.42265
 30	  8	  -0.00000	  -0.00000	 -24.24537	 -18.29722	 -42.54259	 -28.13538
 30	  7	  -0.00000	  -0.00000	 -25.42759	 -15.83339	 -41.26098	 -25.61200
 30	  6	  -0.00000	  -0.00000	 -26.45752	 -11.66147	 -38.11898	 -21.18637
 30	  5	  -0.00000	  -0.00000	 -27.32768	  -6.41386	 -33.74154	 -15.49225
 30	  4	  -0.00000	  -0.00000	 -28.03168	  -0.97059	 -29.00227	  -9.40994
 30	  3	  -0.00000	  -0.00000	 -28.56432	   0.00000	 -28.56432	  -7.60764
 30	  2	  -0.00000	  -0.00000	 -28.92164	   0.00000	 -28.92164	  -6.58321
 30	  1	  -0.00000	  -0.00000	 -29.10098	   0.00000	 -29.10098	  -5.36643

 31	 30	  -0.00000	  -0.00000	  17.80398	   0.00000	  17.80398	  41.30866
 31	 29	  -0.00000	  -0.00000	  15.93482	   0.00000	  15.93482	  38.08867
 31	 28	  -0.00000	  -0.00000	  13.99618	   0.00000	  13.99618	  34.81962
 31	 27	  -0.00000	  -0.00000	  11.99320	  -0.69703	  11.29618	  30.81383
 31	 26	  -0.00000	  -0.00000	   9.93188	  -5.98708	   3.94480	  22.18657
 31	 25	  -0.00000	  -0.00000	   7.81904	 -11.07227	  -3.25322	  13.74927
 31	 24	  -0.00000	  -0.00000	   5.66233	 -15.19540	  -9.53307	   6.27541
 31	 23	  -0.00000	  -0.00000	   3.47021	 -17.76839	 -14.29818	   0.37257
 31	 22	  -0.00000	  -0.00000	   1.25191	 -18.52996	 -17.27805	  -3.67460
 31	 21	  -0.00000	  -0.00000	  -0.98262	 -17.80553	 -18.78815	  -6.16369
 31	 20	  -0.00000	  -0.00000	  -3.22275	 -16.08553	 -19.30827	  -7.55243
 31	 19	  -0.00000	  -0.00000	  -5.45727	 -13.99696	 -19.45423	  -8.43048
 31	 18	  -0.00000	  -0.00000	  -7.67444	 -12.07226	 -19.74670	  -9.28984
 31	 17	  -0.00000	  -0.00000	  -9.86213	 -10.72172	 -20.58384	 -10.50074
 31	 16	  -0.00000	  -0.00000	 -12.00787	 -10.21113	 -22.21900	 -12.29469
 31	 15	  -0.00000	  -0.00000	 -14.09901	 -10.72172	 -24.82072	 -14.82998
 31	 14	  -0.00000	  -0.00000	 -16.12280	 -12.07226	 -28.19506	 -17.91703
 31	 13	  -0.00000	  -0.00000	 -18.06655	 -14.25810	 -32.32466	 -21.55614
 31	 12	  -0.00000	  -0.00000	 -19.91775	 -16.86676	 -36.78452	 -25.34843
 31	 11	  -0.00000	  -0.00000	 -21.66418	 -19.35490	 -41.01908	 -28.76727
 31	 10	  -0.00000	  -0.00000	 -23.29408	 -21.18282	 -44.47690	 -31.28865
 31	  9	  -0.00000	  -0.00000	 -24.79624	 -21.68227	 -46.47851	 -32.25694
 31	  8	  -0.00000	  -0.00000	 -26.16017	 -20.45555	 -46.61572	 -31.28354
 31	  7	  -0.00000	  -0.00000	 -27.37620	 -17.28640	 -44.66260	 -28.15809
 31	  6	  -0.00000	  -0.00000	 -28.43559	 -12.55621	 -40.99180	 -23.26550
 31	  5	  -0.00000	  -0.00000	 -29.33063	  -6.91116	 -36.24179	 -17.25377
 31	  4	  -0.00000	  -0.00000	 -30.05477	  -1.21202	 -31.26679	 -10.98459
 31	  3	  -0.00000	  -0.00000	 -30.60265	   0.00000	 -30.60265	  -8.99962
 31	  2	  -0.00000	  -0.00000	 -30.97019	   0.00000	 -30.97019	  -8.02429
 31	  1	  -0.00000	  -0.00000	 -31.15465	   0.00000	 -31.15465	  -6.84751

 32	 30	  -0.00000	  -0.00000	  17.15712	   0.00000	  17.15712	  41.33311
 32	 29	  -0.00000	  -0.00000	  15.23905	   0.00000	  15.23905	  38.10390
 32	 28	  -0.00000	  -0.00000	  13.24974	   0.00000	  13.24974	  34.82807
 32	 27	  -0.00000	  -0.00000	  11.19445	  -1.07219	  10.12226	  30.44337
 32	 26	  -0.00000	  -0.00000	   9.07933	  -6.68914	   2.39019	  21.48916
 32	 25	  -0.00000	  -0.00000	   6.91137	 -12.25150	  -5.34013	  12.57895
 32	 24	  -0.00000	  -0.00000	   4.69842	 -17.00494	 -12.30651	   4.48385
 32	 23	  -0.00000	  -0.00000	   2.44916	 -20.33217	 -17.88301	  -2.15916
 32	 22	  -0.00000	  -0.00000	   0.17304	 -21.91235	 -21.73931	  -7.00627
 32	 21	  -0.00000	  -0.00000	  -2.11970	 -21.99466	 -24.11436	 -10.28015
 32	 20	  -0.00000	  -0.00000	  -4.41819	 -20.99731	 -25.41549	 -12.36910
 32	 19	  -0.00000	  -0.00000	  -6.71091	 -19.49454	 -26.20545	 -13.81466
 32	 18	  -0.00000	  -0.00000	  -8.98582	 -17.99192	 -26.97774	 -15.08848
 32	 17	  -0.00000	  -0.00000	 -11.23048	 -16.83103	 -28.06151	 -16.49961
 32	 16	  -0.00000	  -0.00000	 -13.43210	 -16.44271	 -29.87481	 -18.45113
 32	 15	  -0.00000	  -0.00000	 -15.57768	 -16.83103	 -32.40871	 -20.92727
 32	 14	  -0.00000	  -0.00000	 -17.65416	 -17.99192	 -35.64608	 -23.91380
 32	 13	  -0.00000	  -0.00000	 -19.64852	 -19.75568	 -39.40420	 -27.23993
 32	 12	  -0.00000	  -0.00000	 -21.54791	 -21.77854	 -43.32646	 -30.56744
 32	 11	  -0.00000	  -0.00000	 -23.33981	 -23.54403	 -46.88383	 -33.38882
 32	 10	  -0.00000	  -0.00000	 -25.01213	 -24.56522	 -49.57735	 -35.22679
 32	  9	  -0.00000	  -0.00000	 -26.55340	 -24.24605	 -50.79945	 -35.49384
 32	  8	  -0.00000	  -0.00000	 -27.95283	 -22.26508	 -50.21792	 -33.87520
 32	  7	  -0.00000	  -0.00000	 -29.20052	 -18.46563	 -47.66615	 -30.21887
 32	  6	  -0.00000	  -0.00000	 -30.28748	 -13.25827	 -43.54575	 -24.93848
 32	  5	  -0.00000	  -0.00000	 -31.20582	  -7.28632	 -38.49214	 -18.67918
 32	  4	  -0.00000	  -0.00000	 -31.94881	  -1.38611	 -33.33492	 -12.27842
 32	  3	  -0.00000	  -0.00000	 -32.51095	   0.00000	 -32.51095	 -10.17937
 32	  2	  -0.00000	  -0.00000	 -32.88805	   0.00000	 -32.88805	  -9.25497
 32	  1	  -0.00000	  -0.00000	 -33.07731	   0.00000	 -33.07731	  -8.12044

 33	 30	  -0.00000	  -0.00000	  16.55868	   0.00000	  16.55868	  41.47829
 33	 29	  -0.00000	  -0.00000	  14.59538	   0.00000	  14.59538	  38.24511
 33	 28	  -0.00000	  -0.00000	  12.55920	   0.00000	  12.55920	  34.96752
 33	 27	  -0.00000	  -0.00000	  10.45553	  -1.28460	   9.17093	  30.37130
 33	 26	  -0.00000	  -0.00000	   8.29065	  -7.09417	   1.19648	  21.22843
 33	 25	  -0.00000	  -0.00000	   6.07171	 -12.97336	  -6.90165	  12.00872
 33	 24	  -0.00000	  -0.00000	   3.80674	 -18.18768	 -14.38094	   3.46353
 33	 23	  -0.00000	  -0.00000	   1.50462	 -22.11400	 -20.60938	  -3.76456
 33	 22	  -0.00000	  -0.00000	  -0.82496	 -24.43005	 -25.25501	  -9.33110
 33	 21	  -0.00000	  -0.00000	  -3.17156	 -25.27688	 -28.44844	 -13.35229
 33	 20	  -0.00000	  -0.00000	  -5.52403	 -25.00399	 -30.52802	 -16.15036
 33	 19	  -0.00000	  -0.00000	  -7.87058	 -24.11907	 -31.98965	 -18.20415
 33	 18	  -0.00000	  -0.00000	 -10.19891	 -23.01655	 -33.21546	 -19.87893
 33	 17	  -0.00000	  -0.00000	 -12.49626	 -22.16905	 -34.66531	 -21.61978
 33	 16	  -0.00000	  -0.00000	 -14.74956	 -21.90250	 -36.65205	 -23.72886
 33	 15	  -0.00000	  -0.00000	 -16.94551	 -22.16905	 -39.11455	 -26.14027
 33	 14	  -0.00000	  -0.00000	 -19.07073	 -23.01655	 -42.08728	 -28.89050
 33	 13	  -0.00000	  -0.00000	 -21.11190	 -24.38022	 -45.49211	 -31.90984
 33	 12	  -0.00000	  -0.00000	 -23.05586	 -25.78523	 -48.84109	 -34.72369
 33	 11	  -0.00000	  -0.00000	 -24.88981	 -26.82625	 -51.71606	 -36.93012
 33	 10	  -0.00000	  -0.00000	 -26.60138	 -27.08291	 -53.68430	 -38.11359
 33	  9	  -0.00000	  -0.00000	 -28.17882	 -26.02788	 -54.20670	 -37.75161
 33	  8	  -0.00000	  -0.00000	 -29.61110	 -23.40129	 -53.01239	 -35.58847
 33	  7	  -0.00000	  -0.00000	 -30.88807	 -19.13251	 -50.02058	 -31.55667
 33	  6	  -0.00000	  -0.00000	 -32.00054	 -13.60518	 -45.60572	 -26.04200
 33	  5	  -0.00000	  -0.00000	 -32.94043	  -7.44376	 -40.38419	 -19.67038
 33	  4	  -0.00000	  -0.00000	 -33.70085	  -1.38877	 -35.08962	 -13.18335
 33	  3	  -0.00000	  -0.00000	 -34.27618	   0.00000	 -34.27618	 -11.14162
 33	  2	  -0.00000	  -0.00000	 -34.66214	   0.00000	 -34.66214	 -10.26888
 33	  1	  -0.00000	  -0.00000	 -34.85584	   0.00000	 -34.85584	  -9.17795

 34	 30	  -0.00000	  -0.00000	  16.01283	   0.00000	  16.01283	  41.74210
 34	 29	  -0.00000	  -0.00000	  14.00829	   0.00000	  14.00829	  38.50969
 34	 28	  -0.00000	  -0.00000	  11.92938	   0.00000	  11.92938	  35.23477
 34	 27	  -0.00000	  -0.00000	   9.78159	  -1.17118	   8.61041	  30.75684
 34	 26	  -0.00000	  -0.00000	   7.57134	  -7.06377	   0.50756	  21.53819
 34	 25	  -0.00000	  -0.00000	   5.30591	 -13.12869	  -7.82278	  12.14245
 34	 24	  -0.00000	  -0.00000	   2.99351	 -18.61540	 -15.62189	   3.33684
 34	 23	  -0.00000	  -0.00000	   0.64319	 -22.94753	 -22.30434	  -4.28334
 34	 22	  -0.00000	  -0.00000	  -1.73516	 -25.78614	 -27.52130	 -10.35798
 34	 21	  -0.00000	  -0.00000	  -4.13087	 -27.22787	 -31.35875	 -14.96050
 34	 20	  -0.00000	  -0.00000	  -6.53256	 -27.55551	 -34.08808	 -18.34878
 34	 19	  -0.00000	  -0.00000	  -8.92821	 -27.20748	 -36.13569	 -20.93541
 34	 18	  -0.00000	  -0.00000	 -11.30525	 -26.55990	 -37.86515	 -23.07085
 34	 17	  -0.00000	  -0.00000	 -13.65066	 -26.00228	 -39.65294	 -25.12041
 34	 16	  -0.00000	  -0.00000	 -15.95109	 -25.78370	 -41.73479	 -27.31198
 34	 15	  -0.00000	  -0.00000	 -18.19297	 -26.00228	 -44.19524	 -29.72664
 34	 14	  -0.00000	  -0.00000	 -20.36264	 -26.55990	 -46.92254	 -32.25409
 34	 13	  -0.00000	  -0.00000	 -22.44649	 -27.46862	 -49.91512	 -34.89891
 34	 12	  -0.00000	  -0.00000	 -24.43112	 -28.33675	 -52.76787	 -37.26595
 34	 11	  -0.00000	  -0.00000	 -26.30342	 -28.77724	 -55.08066	 -38.96755
 34	 10	  -0.00000	  -0.00000	 -28.05079	 -28.38981	 -56.44060	 -39.60446
 34	  9	  -0.00000	  -0.00000	 -29.66121	 -26.78883	 -56.45004	 -38.79279
 34	  8	  -0.00000	  -0.00000	 -31.12344	 -23.73319	 -54.85663	 -36.29319
 34	  7	  -0.00000	  -0.00000	 -32.42711	 -19.17465	 -51.60175	 -32.05887
 34	  6	  -0.00000	  -0.00000	 -33.56284	 -13.45513	 -47.01797	 -26.43284
 34	  5	  -0.00000	  -0.00000	 -34.52239	  -7.21714	 -41.73953	 -20.05842
 34	  4	  -0.00000	  -0.00000	 -35.29871	  -1.17118	 -36.46989	 -13.64680
 34	  3	  -0.00000	  -0.00000	 -35.88607	   0.00000	 -35.88607	 -11.88156
 34	  2	  -0.00000	  -0.00000	 -36.28010	   0.00000	 -36.28010	 -11.06027
 34	  1	  -0.00000	  -0.00000	 -36.47785	   0.00000	 -36.47785	 -10.01349

 35	 30	  -0.00000	  -0.00000	  15.52347	   0.00000	  15.52347	  42.12241
 35	 29	  -0.00000	  -0.00000	  13.48196	   0.00000	  13.48196	  38.89509
 35	 28	  -0.00000	  -0.00000	  11.36475	   0.00000	  11.36475	  35.62686
 35	 27	  -0.00000	  -0.00000	   9.17742	  -0.71530	   8.46212	  31.61321
 35	 26	  -0.00000	  -0.00000	   6.92649	  -6.55269	   0.37379	  22.45990
 35	 25	  -0.00000	  -0.00000	   4.61939	 -12.57020	  -7.95081	  13.12332
 35	 24	  -0.00000	  -0.00000	   2.26447	 -18.10721	 -15.84274	   4.28043
 35	 23	  -0.00000	  -0.00000	  -0.12906	 -22.61450	 -22.74355	  -3.50128
 35	 22	  -0.00000	  -0.00000	  -2.55112	 -25.75374	 -28.30486	  -9.86338
 35	 21	  -0.00000	  -0.00000	  -4.99085	 -27.59250	 -32.58335	 -14.85171
 35	 20	  -0.00000	  -0.00000	  -7.43667	 -28.36282	 -35.79949	 -18.67541
 35	 19	  -0.00000	  -0.00000	  -9.87632	 -28.47618	 -38.35251	 -21.72250
 35	 18	  -0.00000	  -0.00000	 -12.29703	 -28.19354	 -40.49056	 -24.23080
 35	 17	  -0.00000	  -0.00000	 -14.68552	 -27.81019	 -42.49570	 -26.47375
 35	 16	  -0.00000	  -0.00000	 -17.02820	 -27.70349	 -44.73168	 -28.80918
 35	 15	  -0.00000	  -0.00000	 -19.31125	 -27.81019	 -47.12143	 -31.15744
 35	 14	  -0.00000	  -0.00000	 -21.52076	 -28.19354	 -49.71430	 -33.56896
 35	 13	  -0.00000	  -0.00000	 -23.64289	 -28.73732	 -52.38021	 -35.91829
 35	 12	  -0.00000	  -0.00000	 -25.66396	 -29.14406	 -54.80802	 -37.90187
 35	 11	  -0.00000	  -0.00000	 -27.57064	 -29.08689	 -56.65753	 -39.18925
 35	 10	  -0.00000	  -0.00000	 -29.35009	 -28.26677	 -57.61686	 -39.47950
 35	  9	  -0.00000	  -0.00000	 -30.99009	 -26.32207	 -57.31216	 -38.41012
 35	  8	  -0.00000	  -0.00000	 -32.47917	 -23.04846	 -55.52762	 -35.77642
 35	  7	  -0.00000	  -0.00000	 -33.80677	 -18.40760	 -52.21437	 -31.53992
 35	  6	  -0.00000	  -0.00000	 -34.96336	 -12.72357	 -47.68693	 -26.02461
 35	  5	  -0.00000	  -0.00000	 -35.94053	  -6.55269	 -42.49322	 -19.78685
 35	  4	  -0.00000	  -0.00000	 -36.73110	  -0.71530	 -37.44640	 -13.64720
 35	  3	  -0.00000	  -0.00000	 -37.32924	   0.00000	 -37.32924	 -12.39483
 35	  2	  -0.00000	  -0.00000	 -37.73051	   0.00000	 -37.73051	 -11.62403
 35	  1	  -0.00000	  -0.00000	 -37.93189	   0.00000	 -37.93189	 -10.62125

 36	 30	  -0.00000	  -0.00000	  15.09410	   0.00000	  15.09410	  42.61705
 36	 29	  -0.00000	  -0.00000	  13.02018	   0.00000	  13.02018	  39.39887
 36	 28	  -0.00000	  -0.00000	  10.86936	   0.00000	  10.86936	  36.14106
 36	 27	  -0.00000	  -0.00000	   8.64734	   0.00000	   8.64734	  32.85440
 36	 26	  -0.00000	  -0.00000	   6.36073	  -5.40801	   0.95272	  24.14333
 36	 25	  -0.00000	  -0.00000	   4.01708	 -11.21538	  -7.19830	  15.03067
 36	 24	  -0.00000	  -0.00000	   1.62486	 -16.60475	 -14.97990	   6.34967
 36	 23	  -0.00000	  -0.00000	  -0.80657	 -21.04518	 -21.85175	  -1.35118
 36	 22	  -0.00000	  -0.00000	  -3.26698	 -24.24776	 -27.51474	  -7.76388
 36	 21	  -0.00000	  -0.00000	  -5.74533	 -26.26349	 -32.00882	 -12.91905
 36	 20	  -0.00000	  -0.00000	  -8.22986	 -27.28404	 -35.51390	 -16.98710
 36	 19	  -0.00000	  -0.00000	 -10.70813	 -27.63588	 -38.34401	 -20.27289
 36	 18	  -0.00000	  -0.00000	 -13.16714	 -27.59264	 -40.75978	 -23.02878
 36	 17	  -0.00000	  -0.00000	 -15.59342	 -27.39849	 -42.99192	 -25.47874
 36	 16	  -0.00000	  -0.00000	 -17.97317	 -27.30621	 -45.27938	 -27.85714
 36	 15	  -0.00000	  -0.00000	 -20.29234	 -27.39849	 -47.69083	 -30.23067
 36	 14	  -0.00000	  -0.00000	 -22.53681	 -27.59264	 -50.12945	 -32.50332
 36	 13	  -0.00000	  -0.00000	 -24.69251	 -27.89702	 -52.58953	 -34.67296
 36	 12	  -0.00000	  -0.00000	 -26.74555	 -28.01609	 -54.76164	 -36.43607
 36	 11	  -0.00000	  -0.00000	 -28.68240	 -27.66724	 -56.34964	 -37.50423
 36	 10	  -0.00000	  -0.00000	 -30.49000	 -26.61135	 -57.10134	 -37.63413
 36	  9	  -0.00000	  -0.00000	 -32.15593	 -24.53228	 -56.68821	 -36.50665
 36	  8	  -0.00000	  -0.00000	 -33.66857	 -21.25493	 -54.92350	 -33.94450
 36	  7	  -0.00000	  -0.00000	 -35.01717	 -16.70892	 -51.72610	 -29.87566
 36	  6	  -0.00000	  -0.00000	 -36.19206	 -11.21538	 -47.40744	 -24.62007
 36	  5	  -0.00000	  -0.00000	 -37.18468	  -5.40801	 -42.59269	 -18.81061
 36	  4	  -0.00000	  -0.00000	 -37.98776	   0.00000	 -37.98776	 -13.16015
 36	  3	  -0.00000	  -0.00000	 -38.59537	   0.00000	 -38.59537	 -12.67754
 36	  2	  -0.00000	  -0.00000	 -39.00297	   0.00000	 -39.00297	 -11.95567
 36	  1	  -0.00000	  -0.00000	 -39.20754	   0.00000	 -39.20754	 -10.99621

 37	 30	  -0.00000	  -0.00000	  14.72787	   0.00000	  14.72787	  43.22385
 37	 29	  -0.00000	  -0.00000	  12.62629	   0.00000	  12.62629	  40.01870
 37	 28	  -0.00000	  -0.00000	  10.44682	   0.00000	  10.44682	  36.77489
 37	 27	  -0.00000	  -0.00000	   8.19522	   0.00000	   8.19522	  33.50312
 37	 26	  -0.00000	  -0.00000	   5.87818	  -3.71922	   2.15896	  26.49644
 37	 25	  -0.00000	  -0.00000	   3.50335	  -8.99030	  -5.48695	  17.93603
 37	 24	  -0.00000	  -0.00000	   1.07931	 -13.97653	 -12.89722	   9.67398
 37	 23	  -0.00000	  -0.00000	  -1.38445	 -18.14809	 -19.53253	   2.25696
 37	 22	  -0.00000	  -0.00000	  -3.87756	 -21.19079	 -25.06835	  -3.98270
 37	 21	  -0.00000	  -0.00000	  -6.38885	 -23.18311	 -29.57196	  -9.10424
 37	 20	  -0.00000	  -0.00000	  -8.90640	 -24.28183	 -33.18822	 -13.24453
 37	 19	  -0.00000	  -0.00000	 -11.41759	 -24.76665	 -36.18425	 -16.66313
 37	 18	  -0.00000	  -0.00000	 -13.90927	 -24.86806	 -38.77734	 -19.57065
 37	 17	  -0.00000	  -0.00000	 -16.36779	 -24.77224	 -41.14004	 -22.13425
 37	 16	  -0.00000	  -0.00000	 -18.77915	 -24.74886	 -43.52801	 -24.60599
 37	 15	  -0.00000	  -0.00000	 -21.12913	 -24.77224	 -45.90138	 -26.94443
 37	 14	  -0.00000	  -0.00000	 -23.40342	 -24.86806	 -48.27148	 -29.16156
 37	 13	  -0.00000	  -0.00000	 -25.58775	 -25.02779	 -50.61555	 -31.23741
 37	 12	  -0.00000	  -0.00000	 -27.66806	 -24.94129	 -52.60935	 -32.85246
 37	 11	  -0.00000	  -0.00000	 -29.63063	 -24.45314	 -54.08377	 -33.84376
 37	 10	  -0.00000	  -0.00000	 -31.46224	 -23.33391	 -54.79615	 -33.97594
 37	  9	  -0.00000	  -0.00000	 -33.15031	 -21.30991	 -54.46022	 -32.97059
 37	  8	  -0.00000	  -0.00000	 -34.68303	 -18.19728	 -52.88031	 -30.64010
 37	  7	  -0.00000	  -0.00000	 -36.04955	 -13.97653	 -50.02608	 -26.96204
 37	  6	  -0.00000	  -0.00000	 -37.24004	  -8.99030	 -46.23034	 -22.27678
 37	  5	  -0.00000	  -0.00000	 -38.24584	  -3.71922	 -41.96506	 -17.06333
 37	  4	  -0.00000	  -0.00000	 -39.05959	   0.00000	 -39.05959	 -13.15749
 37	  3	  -0.00000	  -0.00000	 -39.67526	   0.00000	 -39.67526	 -12.72639
 37	  2	  -0.00000	  -0.00000	 -40.08828	   0.00000	 -40.08828	 -12.05143
 37	  1	  -0.00000	  -0.00000	 -40.29557	   0.00000	 -40.29557	 -11.13416

 38	 30	  -0.00000	  -0.00000	  14.42746	   0.00000	  14.42746	  43.94067
 38	 29	  -0.00000	  -0.00000	  12.30320	   0.00000	  12.30320	  40.75232
 38	 28	  -0.00000	  -0.00000	  10.10023	   0.00000	  10.10023	  37.52605
 38	 27	  -0.00000	  -0.00000	   7.82436	   0.00000	   7.82436	  34.27239
 38	 26	  -0.00000	  -0.00000	   5.48236	  -1.44315	   4.03922	  29.56022
 38	 25	  -0.00000	  -0.00000	   3.08196	  -6.00622	  -2.92426	  21.72618
 38	 24	  -0.00000	  -0.00000	   0.63183	 -10.32270	  -9.69088	  14.15168
 38	 23	  -0.00000	  -0.00000	  -1.85844	 -13.97653	 -15.83497	   7.26893
 38	 22	  -0.00000	  -0.00000	  -4.37838	 -16.70892	 -21.08731	   1.35403
 38	 21	  -0.00000	  -0.00000	  -6.91669	 -18.51443	 -25.43112	  -3.56936
 38	 20	  -0.00000	  -0.00000	  -9.46132	 -19.55294	 -29.01425	  -7.64232
 38	 19	  -0.00000	  -0.00000	 -11.99952	 -20.05847	 -32.05799	 -11.07985
 38	 18	  -0.00000	  -0.00000	 -14.51800	 -20.21810	 -34.73610	 -14.05022
 38	 17	  -0.00000	  -0.00000	 -17.00296	 -20.17156	 -37.17452	 -16.67505
 38	 16	  -0.00000	  -0.00000	 -19.44025	 -20.17156	 -39.61181	 -19.18997
 38	 15	  -0.00000	  -0.00000	 -21.81550	 -20.17156	 -41.98706	 -21.53286
 38	 14	  -0.00000	  -0.00000	 -24.11424	 -20.21810	 -44.33234	 -23.73628
 38	 13	  -0.00000	  -0.00000	 -26.32206	 -20.27307	 -46.59513	 -25.74998
 38	 12	  -0.00000	  -0.00000	 -28.42474	 -20.11658	 -48.54132	 -27.34360
 38	 11	  -0.00000	  -0.00000	 -30.40841	 -19.60791	 -50.01632	 -28.36762
 38	 10	  -0.00000	  -0.00000	 -32.25971	 -18.56097	 -50.82068	 -28.62858
 38	  9	  -0.00000	  -0.00000	 -33.96592	 -16.70892	 -50.67485	 -27.85353
 38	  8	  -0.00000	  -0.00000	 -35.51513	 -13.97653	 -49.49166	 -25.96220
 38	  7	  -0.00000	  -0.00000	 -36.89634	 -10.32270	 -47.21904	 -22.90941
 38	  6	  -0.00000	  -0.00000	 -38.09962	  -6.00622	 -44.10585	 -18.95070
 38	  5	  -0.00000	  -0.00000	 -39.11624	  -1.44315	 -40.55939	 -14.49976
 38	  4	  -0.00000	  -0.00000	 -39.93874	   0.00000	 -39.93874	 -12.92157
 38	  3	  -0.00000	  -0.00000	 -40.56103	   0.00000	 -40.56103	 -12.53871
 38	  2	  -0.00000	  -0.00000	 -40.97849	   0.00000	 -40.97849	 -11.90834
 38	  1	  -0.00000	  -0.00000	 -41.18801	   0.00000	 -41.18801	 -11.03181

 39	 30	  -0.00000	  -0.00000	  14.19509	   0.00000	  14.19509	  44.76531
 39	 29	  -0.00000	  -0.00000	  12.05330	   0.00000	  12.05330	  41.59752
 39	 28	  -0.00000	  -0.00000	   9.83215	   0.00000	   9.83215	  38.39233
 39	 27	  -0.00000	  -0.00000	   7.53751	   0.00000	   7.53751	  35.16009
 39	 26	  -0.00000	  -0.00000	   5.17621	   0.00000	   5.17621	  31.91251
 39	 25	  -0.00000	  -0.00000	   2.75603	  -2.48095	   0.27508	  26.18170
 39	 24	  -0.00000	  -0.00000	   0.28572	  -6.00622	  -5.72051	  19.41863
 39	 23	  -0.00000	  -0.00000	  -2.22506	  -8.99030	 -11.21536	  13.22434
 39	 22	  -0.00000	  -0.00000	  -4.76575	 -11.21538	 -15.98113	   7.83319
 39	 21	  -0.00000	  -0.00000	  -7.32496	 -12.72357	 -20.04852	   3.22044
 39	 20	  -0.00000	  -0.00000	  -9.89053	 -13.60849	 -23.49902	  -0.68963
 39	 19	  -0.00000	  -0.00000	 -12.44963	 -14.05894	 -26.50857	  -4.06774
 39	 18	  -0.00000	  -0.00000	 -14.98883	 -14.21857	 -29.20740	  -7.03954
 39	 17	  -0.00000	  -0.00000	 -17.49424	 -14.21857	 -31.71281	  -9.71879
 39	 16	  -0.00000	  -0.00000	 -19.95158	 -14.21857	 -34.17015	 -12.24848
 39	 15	  -0.00000	  -0.00000	 -22.34638	 -14.21857	 -36.56495	 -14.61312
 39	 14	  -0.00000	  -0.00000	 -24.66403	 -14.21857	 -38.88261	 -16.79854
 39	 13	  -0.00000	  -0.00000	 -26.89002	 -14.21857	 -41.10859	 -18.79203
 39	 12	  -0.00000	  -0.00000	 -29.01000	 -14.05894	 -43.06894	 -20.42270
 39	 11	  -0.00000	  -0.00000	 -31.00999	 -13.60849	 -44.61848	 -21.54956
 39	 10	  -0.00000	  -0.00000	 -32.87652	 -12.72357	 -45.60009	 -22.02048
 39	  9	  -0.00000	  -0.00000	 -34.59677	 -11.21538	 -45.81216	 -21.63943
 39	  8	  -0.00000	  -0.00000	 -36.15872	  -8.99030	 -45.14902	 -20.30664
 39	  7	  -0.00000	  -0.00000	 -37.55129	  -6.00622	 -43.55752	 -17.97496
 39	  6	  -0.00000	  -0.00000	 -38.76448	  -2.48095	 -41.24543	 -14.85812
 39	  5	  -0.00000	  -0.00000	 -39.78946	   0.00000	 -39.78946	 -12.53854
 39	  4	  -0.00000	  -0.00000	 -40.61872	   0.00000	 -40.61872	 -12.45073
 39	  3	  -0.00000	  -0.00000	 -41.24613	   0.00000	 -41.24613	 -12.11267
 39	  2	  -0.00000	  -0.00000	 -41.66703	   0.00000	 -41.66703	 -11.52434
 39	  1	  -0.00000	  -0.00000	 -41.87827	   0.00000	 -41.87827	 -10.68684

 40	 30	  -0.00000	  -0.00000	  14.03251	   0.00000	  14.03251	  45.69552
 40	 29	  -0.00000	  -0.00000	  11.87844	   0.00000	  11.87844	  42.55203
 40	 28	  -0.00000	  -0.00000	   9.64457	   0.00000	   9.64457	  39.37154
 40	 27	  -0.00000	  -0.00000	   7.33681	   0.00000	   7.33681	  36.16415
 40	 26	  -0.00000	  -0.00000	   4.96200	   0.00000	   4.96200	  32.94125
 40	 25	  -0.00000	  -0.00000	   2.52798	   0.00000	   2.52798	  29.71550
 40	 24	  -0.00000	  -0.00000	   0.04355	  -1.44315	  -1.39960	  25.05762
 40	 23	  -0.00000	  -0.00000	  -2.48158	  -3.71922	  -6.20080	  19.59275
 40	 22	  -0.00000	  -0.00000	  -5.03679	  -5.40801	 -10.44480	  14.75700
 40	 21	  -0.00000	  -0.00000	  -7.61061	  -6.55269	 -14.16331	  10.52380
 40	 20	  -0.00000	  -0.00000	 -10.19084	  -7.21714	 -17.40798	   6.84643
 40	 19	  -0.00000	  -0.00000	 -12.76455	  -7.54793	 -20.31248	   3.59566
 40	 18	  -0.00000	  -0.00000	 -15.31826	  -7.64944	 -22.96770	   0.68441
 40	 17	  -0.00000	  -0.00000	 -17.83798	  -7.64944	 -25.48742	  -1.99815
 40	 16	  -0.00000	  -0.00000	 -20.30936	  -7.64944	 -27.95880	  -4.53726
 40	 15	  -0.00000	  -0.00000	 -22.71782	  -7.64944	 -30.36727	  -6.91750
 40	 14	  -0.00000	  -0.00000	 -25.04872	  -7.64944	 -32.69816	  -9.12456
 40	 13	  -0.00000	  -0.00000	 -27.28741	  -7.64944	 -34.93685	 -11.14531
 40	 12	  -0.00000	  -0.00000	 -29.41949	  -7.54793	 -36.96742	 -12.86637
 40	 11	  -0.00000	  -0.00000	 -31.43091	  -7.21714	 -38.64805	 -14.14940
 40	 10	  -0.00000	  -0.00000	 -33.30809	  -6.55269	 -39.86079	 -14.88067
 40	  9	  -0.00000	  -0.00000	 -35.03817	  -5.40801	 -40.44618	 -14.90544
 40	  8	  -0.00000	  -0.00000	 -36.60903	  -3.71922	 -40.32825	 -14.15284
 40	  7	  -0.00000	  -0.00000	 -38.00956	  -1.44315	 -39.45270	 -12.57380
 40	  6	  -0.00000	  -0.00000	 -39.22967	   0.00000	 -39.22967	 -11.58372
 40	  5	  -0.00000	  -0.00000	 -40.26050	   0.00000	 -40.26050	 -11.78909
 40	  4	  -0.00000	  -0.00000	 -41.09450	   0.00000	 -41.09450	 -11.74412
 40	  3	  -0.00000	  -0.00000	 -41.72549	   0.00000	 -41.72549	 -11.44732
 40	  2	  -0.00000	  -0.00000	 -42.14879	   0.00000	 -42.14879	 -10.89834
 40	  1	  -0.00000	  -0.00000	 -42.36123	   0.00000	 -42.36123	 -10.09804

 41	 30	  -0.00000	  -0.00000	  13.94091	   0.00000	  13.94091	  46.72895
 41	 29	  -0.00000	  -0.00000	  11.77994	   0.00000	  11.77994	  43.61353
 41	 28	  -0.00000	  -0.00000	   9.53891	   0.00000	   9.53891	  40.46141
 41	 27	  -0.00000	  -0.00000	   7.22374	   0.00000	   7.22374	  37.28242
 41	 26	  -0.00000	  -0.00000	   4.84133	   0.00000	   4.84133	  34.08764
 41	 25	  -0.00000	  -0.00000	   2.39951	   0.00000	   2.39951	  30.88933
 41	 24	  -0.00000	  -0.00000	  -0.09288	   0.00000	  -0.09288	  27.70088
 41	 23	  -0.00000	  -0.00000	  -2.62609	   0.00000	  -2.62609	  24.53668
 41	 22	  -0.00000	  -0.00000	  -5.18947	   0.00000	  -5.18947	  21.41202
 41	 21	  -0.00000	  -0.00000	  -7.77153	  -0.71530	  -8.48683	  17.62758
 41	 20	  -0.00000	  -0.00000	 -10.36001	  -1.17118	 -11.53119	  14.17455
 41	 19	  -0.00000	  -0.00000	 -12.94196	  -1.38877	 -14.33073	  11.04855
 41	 18	  -0.00000	  -0.00000	 -15.50384	  -1.43531	 -16.93915	   8.19909
 41	 17	  -0.00000	  -0.00000	 -18.03161	  -1.43531	 -19.46692	   5.51815
 41	 16	  -0.00000	  -0.00000	 -20.51090	  -1.43531	 -21.94621	   2.97521
 41	 15	  -0.00000	  -0.00000	 -22.92707	  -1.43531	 -24.36238	   0.58557
 41	 14	  -0.00000	  -0.00000	 -25.26541	  -1.43531	 -26.70072	  -1.63635
 41	 13	  -0.00000	  -0.00000	 -27.51127	  -1.43531	 -28.94658	  -3.67711
 41	 12	  -0.00000	  -0.00000	 -29.65017	  -1.38877	 -31.03894	  -5.47786
 41	 11	  -0.00000	  -0.00000	 -31.66802	  -1.17118	 -32.83920	  -6.90289
 41	 10	  -0.00000	  -0.00000	 -33.55121	  -0.71530	 -34.26650	  -7.87493
 41	  9	  -0.00000	  -0.00000	 -35.28681	   0.00000	 -35.28681	  -8.36400
 41	  8	  -0.00000	  -0.00000	 -36.86271	   0.00000	 -36.86271	  -9.33706
 41	  7	  -0.00000	  -0.00000	 -38.26771	   0.00000	 -38.26771	 -10.07225
 41	  6	  -0.00000	  -0.00000	 -39.49172	   0.00000	 -39.49172	 -10.56410
 41	  5	  -0.00000	  -0.00000	 -40.52585	   0.00000	 -40.52585	 -10.80835
 41	  4	  -0.00000	  -0.00000	 -41.36251	   0.00000	 -41.36251	 -10.80187
 41	  3	  -0.00000	  -0.00000	 -41.99552	   0.00000	 -41.99552	 -10.54276
 41	  2	  -0.00000	  -0.00000	 -42.42017	   0.00000	 -42.42017	 -10.03037
 41	  1	  -0.00000	  -0.00000	 -42.63329	   0.00000	 -42.63329	  -9.26531

 42	 30	  -0.00000	  -0.00000	  13.92101	   0.00000	  13.92101	  47.86307
 42	 29	  -0.00000	  -0.00000	  11.75853	   0.00000	  11.75853	  44.77953
 42	 28	  -0.00000	  -0.00000	   9.51594	   0.00000	   9.51594	  41.65952
 42	 27	  -0.00000	  -0.00000	   7.19917	   0.00000	   7.19917	  38.51263
 42	 26	  -0.00000	  -0.00000	   4.81510	   0.00000	   4.81510	  35.34960
 42	 25	  -0.00000	  -0.00000	   2.37159	   0.00000	   2.37159	  32.18230
 42	 24	  -0.00000	  -0.00000	  -0.12253	   0.00000	  -0.12253	  29.02368
 42	 23	  -0.00000	  -0.00000	  -2.65749	   0.00000	  -2.65749	  25.88764
 42	 22	  -0.00000	  -0.00000	  -5.22265	   0.00000	  -5.22265	  22.78891
 42	 21	  -0.00000	  -0.00000	  -7.80650	   0.00000	  -7.80650	  19.74292
 42	 20	  -0.00000	  -0.00000	 -10.39678	   0.00000	 -10.39678	  16.76557
 42	 19	  -0.00000	  -0.00000	 -12.98052	   0.00000	 -12.98052	  13.87309
 42	 18	  -0.00000	  -0.00000	 -15.54417	   0.00000	 -15.54417	  11.08175
 42	 17	  -0.00000	  -0.00000	 -18.07370	   0.00000	 -18.07370	   8.40766
 42	 16	  -0.00000	  -0.00000	 -20.55470	   0.00000	 -20.55470	   5.86661
 42	 15	  -0.00000	  -0.00000	 -22.97255	   0.00000	 -22.97255	   3.47379
 42	 14	  -0.00000	  -0.00000	 -25.31251	   0.00000	 -25.31251	   1.24368
 42	 13	  -0.00000	  -0.00000	 -27.55992	   0.00000	 -27.55992	  -0.81007
 42	 12	  -0.00000	  -0.00000	 -29.70031	   0.00000	 -29.70031	  -2.67481
 42	 11	  -0.00000	  -0.00000	 -31.71955	   0.00000	 -31.71955	  -4.33889
 42	 10	  -0.00000	  -0.00000	 -33.60405	   0.00000	 -33.60405	  -5.79176
 42	  9	  -0.00000	  -0.00000	 -35.34085	   0.00000	 -35.34085	  -7.02396
 42	  8	  -0.00000	  -0.00000	 -36.91784	   0.00000	 -36.91784	  -8.02719
 42	  7	  -0.00000	  -0.00000	 -38.32381	   0.00000	 -38.32381	  -8.79429
 42	  6	  -0.00000	  -0.00000	 -39.54867	   0.00000	 -39.54867	  -9.31929
 42	  5	  -0.00000	  -0.00000	 -40.58352	   0.00000	 -40.58352	  -9.59742
 42	  4	  -0.00000	  -0.00000	 -41.42076	   0.00000	 -41.42076	  -9.62514
 42	  3	  -0.00000	  -0.00000	 -42.05421	   0.00000	 -42.05421	  -9.40020
 42	  2	  -0.00000	  -0.00000	 -42.47915	   0.00000	 -42.47915	  -8.92163
 42	  1	  -0.00000	  -0.00000	 -42.69242	   0.00000	 -42.69242	  -8.18980

 43	 30	  -0.00000	  -0.00000	  13.97294	   0.00000	  13.97294	  49.09518
 43	 29	  -0.00000	  -0.00000	  11.81437	   0.00000	  11.81437	  46.04732
 43	 28	  -0.00000	  -0.00000	   9.57585	   0.00000	   9.57585	  42.96324
 43	 27	  -0.00000	  -0.00000	   7.26327	   0.00000	   7.26327	  39.85224
 43	 26	  -0.00000	  -0.00000	   4.88352	   0.00000	   4.88352	  36.72475
 43	 25	  -0.00000	  -0.00000	   2.44443	   0.00000	   2.44443	  33.59225
 43	 24	  -0.00000	  -0.00000	  -0.04518	   0.00000	  -0.04518	  30.46728
 43	 23	  -0.00000	  -0.00000	  -2.57556	   0.00000	  -2.57556	  27.36326
 43	 22	  -0.00000	  -0.00000	  -5.13609	   0.00000	  -5.13609	  24.29444
 43	 21	  -0.00000	  -0.00000	  -7.71527	   0.00000	  -7.71527	  21.27574
 43	 20	  -0.00000	  -0.00000	 -10.30087	   0.00000	 -10.30087	  18.32259
 43	 19	  -0.00000	  -0.00000	 -12.87994	   0.00000	 -12.87994	  15.45070
 43	 18	  -0.00000	  -0.00000	 -15.43896	   0.00000	 -15.43896	  12.67595
 43	 17	  -0.00000	  -0.00000	 -17.96391	   0.00000	 -17.96391	  10.01413
 43	 16	  -0.00000	  -0.00000	 -20.44043	   0.00000	 -20.44043	   7.48078
 43	 15	  -0.00000	  -0.00000	 -22.85391	   0.00000	 -22.85391	   5.09098
 43	 14	  -0.00000	  -0.00000	 -25.18965	   0.00000	 -25.18965	   2.85923
 43	 13	  -0.00000	  -0.00000	 -27.43300	   0.00000	 -27.43300	   0.79930
 43	 12	  -0.00000	  -0.00000	 -29.56952	   0.00000	 -29.56952	  -1.07591
 43	 11	  -0.00000	  -0.00000	 -31.58512	   0.00000	 -31.58512	  -2.75442
 43	 10	  -0.00000	  -0.00000	 -33.46621	   0.00000	 -33.46621	  -4.22528
 43	  9	  -0.00000	  -0.00000	 -35.19988	   0.00000	 -35.19988	  -5.47859
 43	  8	  -0.00000	  -0.00000	 -36.77402	   0.00000	 -36.77402	  -6.50559
 43	  7	  -0.00000	  -0.00000	 -38.17745	   0.00000	 -38.17745	  -7.29864
 43	  6	  -0.00000	  -0.00000	 -39.40010	   0.00000	 -39.40010	  -7.85135
 43	  5	  -0.00000	  -0.00000	 -40.43308	   0.00000	 -40.43308	  -8.15852
 43	  4	  -0.00000	  -0.00000	 -41.26881	   0.00000	 -41.26881	  -8.21628
 43	  3	  -0.00000	  -0.00000	 -41.90111	   0.00000	 -41.90111	  -8.02202
 43	  2	  -0.00000	  -0.00000	 -42.32529	   0.00000	 -42.32529	  -7.57452
 43	  1	  -0.00000	  -0.00000	 -42.53817	   0.00000	 -42.53817	  -6.87392

 44	 30	  -0.00000	  -0.00000	  14.09631	   0.00000	  14.09631	  50.42234
 44	 29	  -0.00000	  -0.00000	  11.94706	   0.00000	  11.94706	  47.41399
 44	 28	  -0.00000	  -0.00000	   9.71818	   0.00000	   9.71818	  44.36968
 44	 27	  -0.00000	  -0.00000	   7.41557	   0.00000	   7.41557	  41.29845
 44	 26	  -0.00000	  -0.00000	   5.04606	   0.00000	   5.04606	  38.21038
 44	 25	  -0.00000	  -0.00000	   2.61747	   0.00000	   2.61747	  35.11663
 44	 24	  -0.00000	  -0.00000	   0.13858	   0.00000	   0.13858	  32.02931
 44	 23	  -0.00000	  -0.00000	  -2.38092	   0.00000	  -2.38092	  28.96141
 44	 22	  -0.00000	  -0.00000	  -4.93043	   0.00000	  -4.93043	  25.92674
 44	 21	  -0.00000	  -0.00000	  -7.49851	   0.00000	  -7.49851	  22.93974
 44	 20	  -0.00000	  -0.00000	 -10.07299	   0.00000	 -10.07299	  20.01539
 44	 19	  -0.00000	  -0.00000	 -12.64097	   0.00000	 -12.64097	  17.16899
 44	 18	  -0.00000	  -0.00000	 -15.18898	   0.00000	 -15.18898	  14.41602
 44	 17	  -0.00000	  -0.00000	 -17.70308	   0.00000	 -17.70308	  11.77198
 44	 16	  -0.00000	  -0.00000	 -20.16896	   0.00000	 -20.16896	   9.25217
 44	 15	  -0.00000	  -0.00000	 -22.57206	   0.00000	 -22.57206	   6.87154
 44	 14	  -0.00000	  -0.00000	 -24.89776	   0.00000	 -24.89776	   4.64456
 44	 13	  -0.00000	  -0.00000	 -27.13146	   0.00000	 -27.13146	   2.58505
 44	 12	  -0.00000	  -0.00000	 -29.25880	   0.00000	 -29.25880	   0.70609
 44	 11	  -0.00000	  -0.00000	 -31.26573	   0.00000	 -31.26573	  -0.98013
 44	 10	  -0.00000	  -0.00000	 -33.13874	   0.00000	 -33.13874	  -2.46235
 44	  9	  -0.00000	  -0.00000	 -34.86495	   0.00000	 -34.86495	  -3.73035
 44	  8	  -0.00000	  -0.00000	 -36.43232	   0.00000	 -36.43232	  -4.77499
 44	  7	  -0.00000	  -0.00000	 -37.82972	   0.00000	 -37.82972	  -5.58830
 44	  6	  -0.00000	  -0.00000	 -39.04712	   0.00000	 -39.04712	  -6.16350
 44	  5	  -0.00000	  -0.00000	 -40.07566	   0.00000	 -40.07566	  -6.49507
 44	  4	  -0.00000	  -0.00000	 -40.90779	   0.00000	 -40.90779	  -6.57882
 44	  3	  -0.00000	  -0.00000	 -41.53738	   0.00000	 -41.53738	  -6.41187
 44	  2	  -0.00000	  -0.00000	 -41.95974	   0.00000	 -41.95974	  -5.99274
 44	  1	  -0.00000	  -0.00000	 -42.17171	   0.00000	 -42.17171	  -5.32137

 45	 30	  -0.00000	  -0.00000	  14.29020	   0.00000	  14.29020	  51.84135
 45	 29	  -0.00000	  -0.00000	  12.15558	   0.00000	  12.15558	  48.87631
 45	 28	  -0.00000	  -0.00000	   9.94187	   0.00000	   9.94187	  45.87563
 45	 27	  -0.00000	  -0.00000	   7.65492	   0.00000	   7.65492	  42.84807
 45	 26	  -0.00000	  -0.00000	   5.30152	   0.00000	   5.30152	  39.80341
 45	 25	  -0.00000	  -0.00000	   2.88943	   0.00000	   2.88943	  36.75245
 45	 24	  -0.00000	  -0.00000	   0.42738	   0.00000	   0.42738	  33.70690
 45	 23	  -0.00000	  -0.00000	  -2.07501	   0.00000	  -2.07501	  30.67938
 45	 22	  -0.00000	  -0.00000	  -4.60720	   0.00000	  -4.60720	  27.68324
 45	 21	  -0.00000	  -0.00000	  -7.15786	   0.00000	  -7.15786	  24.73252
 45	 20	  -0.00000	  -0.00000	  -9.71485	   0.00000	  -9.71485	  21.84175
 45	 19	  -0.00000	  -0.00000	 -12.26540	   0.00000	 -12.26540	  19.02584
 45	 18	  -0.00000	  -0.00000	 -14.79612	   0.00000	 -14.79612	  16.29994
 45	 17	  -0.00000	  -0.00000	 -17.29316	   0.00000	 -17.29316	  13.67921
 45	 16	  -0.00000	  -0.00000	 -19.74230	   0.00000	 -19.74230	  11.17874
 45	 15	  -0.00000	  -0.00000	 -22.12909	   0.00000	 -22.12909	   8.81334
 45	 14	  -0.00000	  -0.00000	 -24.43901	   0.00000	 -24.43901	   6.59737
 45	 13	  -0.00000	  -0.00000	 -26.65756	   0.00000	 -26.65756	   4.54468
 45	 12	  -0.00000	  -0.00000	 -28.77046	   0.00000	 -28.77046	   2.66842
 45	 11	  -0.00000	  -0.00000	 -30.76377	   0.00000	 -30.76377	   0.98093
 45	 10	  -0.00000	  -0.00000	 -32.62407	   0.00000	 -32.62407	  -0.50633
 45	  9	  -0.00000	  -0.00000	 -34.33857	   0.00000	 -34.33857	  -1.78290
 45	  8	  -0.00000	  -0.00000	 -35.89531	   0.00000	 -35.89531	  -2.83937
 45	  7	  -0.00000	  -0.00000	 -37.28323	   0.00000	 -37.28323	  -3.66749
 45	  6	  -0.00000	  -0.00000	 -38.49236	   0.00000	 -38.49236	  -4.26020
 45	  5	  -0.00000	  -0.00000	 -39.51392	   0.00000	 -39.51392	  -4.61171
 45	  4	  -0.00000	  -0.00000	 -40.34041	   0.00000	 -40.34041	  -4.71757
 45	  3	  -0.00000	  -0.00000	 -40.96573	   0.00000	 -40.96573	  -4.57466
 45	  2	  -0.00000	  -0.00000	 -41.38522	   0.00000	 -41.38522	  -4.18128
 45	  1	  -0.00000	  -0.00000	 -41.59575	   0.00000	 -41.59575	  -3.53716

 46	 30	  -0.00000	  -0.00000	  14.55316	   0.00000	  14.55316	  53.34874
 46	 29	  -0.00000	  -0.00000	  12.43839	   0.00000	  12.43839	  50.43076
 46	 28	  -0.00000	  -0.00000	  10.24525	   0.00000	  10.24525	  47.47754
 46	 27	  -0.00000	  -0.00000	   7.97954	   0.00000	   7.97954	  44.49756
 46	 26	  -0.00000	  -0.00000	   5.64798	   0.00000	   5.64798	  41.50031
 46	 25	  -0.00000	  -0.00000	   3.25828	   0.00000	   3.25828	  38.49622
 46	 24	  -0.00000	  -0.00000	   0.81906	   0.00000	   0.81906	  35.49666
 46	 23	  -0.00000	  -0.00000	  -1.66011	   0.00000	  -1.66011	  32.51383
 46	 22	  -0.00000	  -0.00000	  -4.16883	   0.00000	  -4.16883	  29.56070
 46	 21	  -0.00000	  -0.00000	  -6.69583	   0.00000	  -6.69583	  26.65090
 46	 20	  -0.00000	  -0.00000	  -9.22913	   0.00000	  -9.22913	  23.79855
 46	 19	  -0.00000	  -0.00000	 -11.75603	   0.00000	 -11.75603	  21.01820
 46	 18	  -0.00000	  -0.00000	 -14.26330	   0.00000	 -14.26330	  18.32463
 46	 17	  -0.00000	  -0.00000	 -16.73719	   0.00000	 -16.73719	  15.73274
 46	 16	  -0.00000	  -0.00000	 -19.16364	   0.00000	 -19.16364	  13.25734
 46	 15	  -0.00000	  -0.00000	 -21.52831	   0.00000	 -21.52831	  10.91306
 46	 14	  -0.00000	  -0.00000	 -23.81682	   0.00000	 -23.81682	   8.71417
 46	 13	  -0.00000	  -0.00000	 -26.01481	   0.00000	 -26.01481	   6.67446
 46	 12	  -0.00000	  -0.00000	 -28.10813	   0.00000	 -28.10813	   4.80708
 46	 11	  -0.00000	  -0.00000	 -30.08298	   0.00000	 -30.08298	   3.12447
 46	 10	  -0.00000	  -0.00000	 -31.92604	   0.00000	 -31.92604	   1.63819
 46	  9	  -0.00000	  -0.00000	 -33.62466	   0.00000	 -33.62466	   0.35888
 46	  8	  -0.00000	  -0.00000	 -35.16697	   0.00000	 -35.16697	  -0.70389
 46	  7	  -0.00000	  -0.00000	 -36.54203	   0.00000	 -36.54203	  -1.54165
 46	  6	  -0.00000	  -0.00000	 -37.73996	   0.00000	 -37.73996	  -2.14713
 46	  5	  -0.00000	  -0.00000	 -38.75205	   0.00000	 -38.75205	  -2.51433
 46	  4	  -0.00000	  -0.00000	 -39.57089	   0.00000	 -39.57089	  -2.63858
 46	  3	  -0.00000	  -0.00000	 -40.19041	   0.00000	 -40.19041	  -2.51657
 46	  2	  -0.00000	  -0.00000	 -40.60601	   0.00000	 -40.60601	  -2.14641
 46	  1	  -0.00000	  -0.00000	 -40.81460	   0.00000	 -40.81460	  -1.52765

 47	 30	  -0.00000	  -0.00000	  14.88323	   0.00000	  14.88323	  54.94076
 47	 29	  -0.00000	  -0.00000	  12.79338	   0.00000	  12.79338	  52.07352
 47	 28	  -0.00000	  -0.00000	  10.62607	   0.00000	  10.62607	  49.17152
 47	 27	  -0.00000	  -0.00000	   8.38701	   0.00000	   8.38701	  46.24299
 47	 26	  -0.00000	  -0.00000	   6.08288	   0.00000	   6.08288	  43.29710
 47	 25	  -0.00000	  -0.00000	   3.72127	   0.00000	   3.72127	  40.34396
 47	 24	  -0.00000	  -0.00000	   1.31073	   0.00000	   1.31073	  37.39458
 47	 23	  -0.00000	  -0.00000	  -1.13931	   0.00000	  -1.13931	  34.46079
 47	 22	  -0.00000	  -0.00000	  -3.61855	   0.00000	  -3.61855	  31.55516
 47	 21	  -0.00000	  -0.00000	  -6.11587	   0.00000	  -6.11587	  28.69092
 47	 20	  -0.00000	  -0.00000	  -8.61941	   0.00000	  -8.61941	  25.88184
 47	 19	  -0.00000	  -0.00000	 -11.11664	   0.00000	 -11.11664	  23.14207
 47	 18	  -0.00000	  -0.00000	 -13.59446	   0.00000	 -13.59446	  20.48606
 47	 17	  -0.00000	  -0.00000	 -16.03930	   0.00000	 -16.03930	  17.92840
 47	 16	  -0.00000	  -0.00000	 -18.43725	   0.00000	 -18.43725	  15.48365
 47	 15	  -0.00000	  -0.00000	 -20.77416	   0.00000	 -20.77416	  13.16624
 47	 14	  -0.00000	  -0.00000	 -23.03580	   0.00000	 -23.03580	  10.99027
 47	 13	  -0.00000	  -0.00000	 -25.20799	   0.00000	 -25.20799	   8.96944
 47	 12	  -0.00000	  -0.00000	 -27.27673	   0.00000	 -27.27673	   7.11687
 47	 11	  -0.00000	  -0.00000	 -29.22839	   0.00000	 -29.22839	   5.44498
 47	 10	  -0.00000	  -0.00000	 -31.04982	   0.00000	 -31.04982	   3.96541
 47	  9	  -0.00000	  -0.00000	 -32.72849	   0.00000	 -32.72849	   2.68886
 47	  8	  -0.00000	  -0.00000	 -34.25270	   0.00000	 -34.25270	   1.62504
 47	  7	  -0.00000	  -0.00000	 -35.61162	   0.00000	 -35.61162	   0.78255
 47	  6	  -0.00000	  -0.00000	 -36.79548	   0.00000	 -36.79548	   0.16880
 47	  5	  -0.00000	  -0.00000	 -37.79570	   0.00000	 -37.79570	  -0.21005
 47	  4	  -0.00000	  -0.00000	 -38.60492	   0.00000	 -38.60492	  -0.34915
 47	  3	  -0.00000	  -0.00000	 -39.21717	   0.00000	 -39.21717	  -0.24504
 47	  2	  -0.00000	  -0.00000	 -39.62790	   0.00000	 -39.62790	   0.10433
 47	  1	  -0.00000	  -0.00000	 -39.83403	   0.00000	 -39.83403	   0.69957

 48	 30	  -0.00000	  -0.00000	  15.27798	   0.00000	  15.27798	  56.61337
 48	 29	  -0.00000	  -0.00000	  13.21794	   0.00000	  13.21794	  53.80041
 48	 28	  -0.00000	  -0.00000	  11.08151	   0.00000	  11.08151	  50.95331
 48	 27	  -0.00000	  -0.00000	   8.87435	   0.00000	   8.87435	  48.08000
 48	 26	  -0.00000	  -0.00000	   6.60301	   0.00000	   6.60301	  45.18936
 48	 25	  -0.00000	  -0.00000	   4.27502	   0.00000	   4.27502	  42.29119
 48	 24	  -0.00000	  -0.00000	   1.89876	   0.00000	   1.89876	  39.39613
 48	 23	  -0.00000	  -0.00000	  -0.51643	   0.00000	  -0.51643	  36.51565
 48	 22	  -0.00000	  -0.00000	  -2.96042	   0.00000	  -2.96042	  33.66196
 48	 21	  -0.00000	  -0.00000	  -5.42223	   0.00000	  -5.42223	  30.84788
 48	 20	  -0.00000	  -0.00000	  -7.89018	   0.00000	  -7.89018	  28.08682
 48	 19	  -0.00000	  -0.00000	 -10.35192	   0.00000	 -10.35192	  25.39256
 48	 18	  -0.00000	  -0.00000	 -12.79452	   0.00000	 -12.79452	  22.77921
 48	 17	  -0.00000	  -0.00000	 -15.20462	   0.00000	 -15.20462	  20.26104
 48	 16	  -0.00000	  -0.00000	 -17.56849	   0.00000	 -17.56849	  17.85235
 48	 15	  -0.00000	  -0.00000	 -19.87220	   0.00000	 -19.87220	  15.56732
 48	 14	  -0.00000	  -0.00000	 -22.10170	   0.00000	 -22.10170	  13.41988
 48	 13	  -0.00000	  -0.00000	 -24.24302	   0.00000	 -24.24302	  11.42357
 48	 12	  -0.00000	  -0.00000	 -26.28237	   0.00000	 -26.28237	   9.59141
 48	 11	  -0.00000	  -0.00000	 -28.20630	   0.00000	 -28.20630	   7.93580
 48	 10	  -0.00000	  -0.00000	 -30.00184	   0.00000	 -30.00184	   6.46834
 48	  9	  -0.00000	  -0.00000	 -31.65667	   0.00000	 -31.65667	   5.19977
 48	  8	  -0.00000	  -0.00000	 -33.15922	   0.00000	 -33.15922	   4.13985
 48	  7	  -0.00000	  -0.00000	 -34.49883	   0.00000	 -34.49883	   3.29724
 48	  6	  -0.00000	  -0.00000	 -35.66588	   0.00000	 -35.66588	   2.67948
 48	  5	  -0.00000	  -0.00000	 -36.65188	   0.00000	 -36.65188	   2.29281
 48	  4	  -0.00000	  -0.00000	 -37.44961	   0.00000	 -37.44961	   2.14221
 48	  3	  -0.00000	  -0.00000	 -38.05316	   0.00000	 -38.05316	   2.23127
 48	  2	  -0.00000	  -0.00000	 -38.45805	   0.00000	 -38.45805	   2.56217
 48	  1	  -0.00000	  -0.00000	 -38.66126	   0.00000	 -38.66126	   3.13565

 49	 30	  -0.00000	  -0.00000	  15.73451	   0.00000	  15.73451	  58.36224
 49	 29	  -0.00000	  -0.00000	  13.70895	   0.00000	  13.70895	  55.60699
 49	 28	  -0.00000	  -0.00000	  11.60825	   0.00000	  11.60825	  52.81831
 49	 27	  -0.00000	  -0.00000	   9.43797	   0.00000	   9.43797	  50.00387
 49	 26	  -0.00000	  -0.00000	   7.20458	   0.00000	   7.20458	  47.17226
 49	 25	  -0.00000	  -0.00000	   4.91546	   0.00000	   4.91546	  44.33294
 49	 24	  -0.00000	  -0.00000	   2.57887	   0.00000	   2.57887	  41.49623
 49	 23	  -0.00000	  -0.00000	   0.20398	   0.00000	   0.20398	  38.67324
 49	 22	  -0.00000	  -0.00000	  -2.19923	   0.00000	  -2.19923	  35.87578
 49	 21	  -0.00000	  -0.00000	  -4.61998	   0.00000	  -4.61998	  33.11634
 49	 20	  -0.00000	  -0.00000	  -7.04677	   0.00000	  -7.04677	  30.40791
 49	 19	  -0.00000	  -0.00000	  -9.46745	   0.00000	  -9.46745	  27.76394
 49	 18	  -0.00000	  -0.00000	 -11.86932	   0.00000	 -11.86932	  25.19817
 49	 17	  -0.00000	  -0.00000	 -14.23923	   0.00000	 -14.23923	  22.72456
 49	 16	  -0.00000	  -0.00000	 -16.56369	   0.00000	 -16.56369	  20.35710
 49	 15	  -0.00000	  -0.00000	 -18.82898	   0.00000	 -18.82898	  18.10972
 49	 14	  -0.00000	  -0.00000	 -21.02132	   0.00000	 -21.02132	  15.99612
 49	 13	  -0.00000	  -0.00000	 -23.12694	   0.00000	 -23.12694	  14.02967
 49	 12	  -0.00000	  -0.00000	 -25.13229	   0.00000	 -25.13229	  12.22326
 49	 11	  -0.00000	  -0.00000	 -27.02415	   0.00000	 -27.02415	  10.58915
 49	 10	  -0.00000	  -0.00000	 -28.78976	   0.00000	 -28.78976	   9.13890
 49	  9	  -0.00000	  -0.00000	 -30.41700	   0.00000	 -30.41700	   7.88321
 49	  8	  -0.00000	  -0.00000	 -31.89450	   0.00000	 -31.89450	   6.83183
 49	  7	  -0.00000	  -0.00000	 -33.21179	   0.00000	 -33.21179	   5.99347
 49	  6	  -0.00000	  -0.00000	 -34.35938	   0.00000	 -34.35938	   5.37568
 49	  5	  -0.00000	  -0.00000	 -35.32895	   0.00000	 -35.32895	   4.98479
 49	  4	  -0.00000	  -0.00000	 -36.11338	   0.00000	 -36.11338	   4.82586
 49	  3	  -0.00000	  -0.00000	 -36.70687	   0.00000	 -36.70687	   4.90255
 49	  2	  -0.00000	  -0.00000	 -37.10501	   0.00000	 -37.10501	   5.21717
 49	  1	  -0.00000	  -0.00000	 -37.30483	   0.00000	 -37.30483	   5.77057

 50	 30	  -0.00000	  -0.00000	  16.24952	   0.00000	  16.24952	  60.18278
 50	 29	  -0.00000	  -0.00000	  14.26287	   0.00000	  14.26287	  57.48849
 50	 28	  -0.00000	  -0.00000	  12.20248	   0.00000	  12.20248	  54.76159
 50	 27	  -0.00000	  -0.00000	  10.07383	   0.00000	  10.07383	  52.00950
 50	 26	  -0.00000	  -0.00000	   7.88324	   0.00000	   7.88324	  49.24051
 50	 25	  -0.00000	  -0.00000	   5.63797	   0.00000	   5.63797	  46.46378
 50	 24	  -0.00000	  -0.00000	   3.34614	   0.00000	   3.34614	  43.68929
 50	 23	  -0.00000	  -0.00000	   1.01672	   0.00000	   1.01672	  40.92778
 50	 22	  -0.00000	  -0.00000	  -1.34048	   0.00000	  -1.34048	  38.19071
 50	 21	  -0.00000	  -0.00000	  -3.71490	   0.00000	  -3.71490	  35.49018
 50	 20	  -0.00000	  -0.00000	  -6.09524	   0.00000	  -6.09524	  32.83882
 50	 19	  -0.00000	  -0.00000	  -8.46961	   0.00000	  -8.46961	  30.24970
 50	 18	  -0.00000	  -0.00000	 -10.82552	   0.00000	 -10.82552	  27.73621
 50	 17	  -0.00000	  -0.00000	 -13.15009	   0.00000	 -13.15009	  25.31197
 50	 16	  -0.00000	  -0.00000	 -15.43009	   0.00000	 -15.43009	  22.99066
 50	 15	  -0.00000	  -0.00000	 -17.65205	   0.00000	 -17.65205	  20.78591
 50	 14	  -0.00000	  -0.00000	 -19.80245	   0.00000	 -19.80245	  18.71118
 50	 13	  -0.00000	  -0.00000	 -21.86779	   0.00000	 -21.86779	  16.77962
 50	 12	  -0.00000	  -0.00000	 -23.83479	   0.00000	 -23.83479	  15.00392
 50	 11	  -0.00000	  -0.00000	 -25.69046	   0.00000	 -25.69046	  13.39622
 50	 10	  -0.00000	  -0.00000	 -27.42230	   0.00000	 -27.42230	  11.96794
 50	  9	  -0.00000	  -0.00000	 -29.01843	   0.00000	 -29.01843	  10.72971
 50	  8	  -0.00000	  -0.00000	 -30.46767	   0.00000	 -30.46767	   9.69123
 50	  7	  -0.00000	  -0.00000	 -31.75976	   0.00000	 -31.75976	   8.86118
 50	  6	  -0.00000	  -0.00000	 -32.88540	   0.00000	 -32.88540	   8.24711
 50	  5	  -0.00000	  -0.00000	 -33.83643	   0.00000	 -33.83643	   7.85537
 50	  4	  -0.00000	  -0.00000	 -34.60586	   0.00000	 -34.60586	   7.69106
 50	  3	  -0.00000	  -0.00000	 -35.18800	   0.00000	 -35.18800	   7.75793
 50	  2	  -0.00000	  -0.00000	 -35.57853	   0.00000	 -35.57853	   8.05833
 50	  1	  -0.00000	  -0.00000	 -35.77452	   0.00000	 -35.77452	   8.59324

 51	 30	  -0.00000	  -0.00000	  16.81933	   0.00000	  16.81933	  62.07018
 51	 29	  -0.00000	  -0.00000	  14.87573	   0.00000	  14.87573	  59.43987
 51	 28	  -0.00000	  -0.00000	  12.85996	   0.00000	  12.85996	  56.77790
 51	 27	  -0.00000	  -0.00000	  10.77736	   0.00000	  10.77736	  54.09143
 51	 26	  -0.00000	  -0.00000	   8.63415	   0.00000	   8.63415	  51.38847
 51	 25	  -0.00000	  -0.00000	   6.43741	   0.00000	   6.43741	  48.67786
 51	 24	  -0.00000	  -0.00000	   4.19510	   0.00000	   4.19510	  45.96923
 51	 23	  -0.00000	  -0.00000	   1.91600	   0.00000	   1.91600	  43.27300
 51	 22	  -0.00000	  -0.00000	  -0.39030	   0.00000	  -0.39030	  40.60024
 51	 21	  -0.00000	  -0.00000	  -2.71344	   0.00000	  -2.71344	  37.96268
 51	 20	  -0.00000	  -0.00000	  -5.04240	   0.00000	  -5.04240	  35.37258
 51	 19	  -0.00000	  -0.00000	  -7.36550	   0.00000	  -7.36550	  32.84262
 51	 18	  -0.00000	  -0.00000	  -9.67057	   0.00000	  -9.67057	  30.38584
 51	 17	  -0.00000	  -0.00000	 -11.94497	   0.00000	 -11.94497	  28.01550
 51	 16	  -0.00000	  -0.00000	 -14.17576	   0.00000	 -14.17576	  25.74494
 51	 15	  -0.00000	  -0.00000	 -16.34977	   0.00000	 -16.34977	  23.58749
 51	 14	  -0.00000	  -0.00000	 -18.45377	   0.00000	 -18.45377	  21.55633
 51	 13	  -0.00000	  -0.00000	 -20.47455	   0.00000	 -20.47455	  19.66435
 51	 12	  -0.00000	  -0.00000	 -22.39910	   0.00000	 -22.39910	  17.92402
 51	 11	  -0.00000	  -0.00000	 -24.21474	   0.00000	 -24.21474	  16.34728
 51	 10	  -0.00000	  -0.00000	 -25.90921	   0.00000	 -25.90921	  14.94541
 51	  9	  -0.00000	  -0.00000	 -27.47090	   0.00000	 -27.47090	  13.72890
 51	  8	  -0.00000	  -0.00000	 -28.88887	   0.00000	 -28.88887	  12.70735
 51	  7	  -0.00000	  -0.00000	 -30.15308	   0.00000	 -30.15308	  11.88938
 51	  6	  -0.00000	  -0.00000	 -31.25445	   0.00000	 -31.25445	  11.28250
 51	  5	  -0.00000	  -0.00000	 -32.18495	   0.00000	 -32.18495	  10.89306
 51	  4	  -0.00000	  -0.00000	 -32.93778	   0.00000	 -32.93778	  10.72614
 51	  3	  -0.00000	  -0.00000	 -33.50736	   0.00000	 -33.50736	  10.78554
 51	  2	  -0.00000	  -0.00000	 -33.88947	   0.00000	 -33.88947	  11.07367
 51	  1	  -0.00000	  -0.00000	 -34.08123	   0.00000	 -34.08123	  11.59159

 52	 30	   0.00000	  -0.00000	  17.43990	   0.00000	  17.43990	  64.01939
 52	 29	  -0.00000	  -0.00000	  15.54321	   0.00000	  15.54321	  61.45586
 52	 28	  -0.00000	  -0.00000	  13.57604	   0.00000	  13.57604	  58.86174
 52	 27	  -0.00000	  -0.00000	  11.54362	   0.00000	  11.54362	  56.24393
 52	 26	  -0.00000	  -0.00000	   9.45202	   0.00000	   9.45202	  53.61015
 52	 25	  -0.00000	  -0.00000	   7.30816	   0.00000	   7.30816	  50.96893
 52	 24	  -0.00000	  -0.00000	   5.11979	   0.00000	   5.11979	  48.32958
 52	 23	  -0.00000	  -0.00000	   2.89550	   0.00000	   2.89550	  45.70215
 52	 22	  -0.00000	  -0.00000	   0.64466	   0.00000	   0.64466	  43.09737
 52	 21	  -0.00000	  -0.00000	  -1.62264	   0.00000	  -1.62264	  40.52657
 52	 20	  -0.00000	  -0.00000	  -3.89561	   0.00000	  -3.89561	  38.00162
 52	 19	  -0.00000	  -0.00000	  -6.16289	   0.00000	  -6.16289	  35.53485
 52	 18	  -0.00000	  -0.00000	  -8.41257	   0.00000	  -8.41257	  33.13890
 52	 17	  -0.00000	  -0.00000	 -10.63232	   0.00000	 -10.63232	  30.82666
 52	 16	  -0.00000	  -0.00000	 -12.80951	   0.00000	 -12.80951	  28.61114
 52	 15	  -0.00000	  -0.00000	 -14.93130	   0.00000	 -14.93130	  26.50532
 52	 14	  -0.00000	  -0.00000	 -16.98475	   0.00000	 -16.98475	  24.52208
 52	 13	  -0.00000	  -0.00000	 -18.95698	   0.00000	 -18.95698	  22.67401
 52	 12	  -0.00000	  -0.00000	 -20.83531	   0.00000	 -20.83531	  20.97333
 52	 11	  -0.00000	  -0.00000	 -22.60733	   0.00000	 -22.60733	  19.43177
 52	 10	  -0.00000	  -0.00000	 -24.26110	   0.00000	 -24.26110	  18.06039
 52	  9	  -0.00000	  -0.00000	 -25.78528	   0.00000	 -25.78528	  16.86952
 52	  8	  -0.00000	  -0.00000	 -27.16919	   0.00000	 -27.16919	  15.86863
 52	  7	  -0.00000	  -0.00000	 -28.40304	   0.00000	 -28.40304	  15.06623
 52	  6	  -0.00000	  -0.00000	 -29.47795	   0.00000	 -29.47795	  14.46975
 52	  5	  -0.00000	  -0.00000	 -30.38611	   0.00000	 -30.38611	  14.08549
 52	  4	  -0.00000	  -0.00000	 -31.12085	   0.00000	 -31.12085	  13.91853
 52	  3	  -0.00000	  -0.00000	 -31.67676	   0.00000	 -31.67676	  13.97266
 52	  2	  -0.00000	  -0.00000	 -32.04968	   0.00000	 -32.04968	  14.25035
 52	  1	  -0.00000	   0.00000	 -32.23684	   0.00000	 -32.23684	  14.75268

 53	 30	   0.00000	  -0.00000	  18.10693	   0.00000	  18.10693	  66.02517
 53	 29	   0.00000	  -0.00000	  16.26068	   0.00000	  16.26068	  63.53097
 53	 28	  -0.00000	  -0.00000	  14.34578	   0.00000	  14.34578	  61.00736
 53	 27	  -0.00000	  -0.00000	  12.36731	   0.00000	  12.36731	  58.46098
 53	 26	  -0.00000	  -0.00000	  10.33119	   0.00000	  10.33119	  55.89926
 53	 25	  -0.00000	  -0.00000	   8.24417	   0.00000	   8.24417	  53.33045
 53	 24	  -0.00000	  -0.00000	   6.11381	   0.00000	   6.11381	  50.76350
 53	 23	  -0.00000	  -0.00000	   3.94845	   0.00000	   3.94845	  48.20812
 53	 22	  -0.00000	  -0.00000	   1.75723	   0.00000	   1.75723	  45.67466
 53	 21	  -0.00000	  -0.00000	  -0.45003	   0.00000	  -0.45003	  43.17409
 53	 20	  -0.00000	  -0.00000	  -2.66282	   0.00000	  -2.66282	  40.71790
 53	 19	  -0.00000	  -0.00000	  -4.87008	   0.00000	  -4.87008	  38.31800
 53	 18	  -0.00000	  -0.00000	  -7.06020	   0.00000	  -7.06020	  35.98667
 53	 17	  -0.00000	  -0.00000	  -9.22121	   0.00000	  -9.22121	  33.73640
 53	 16	  -0.00000	  -0.00000	 -11.34078	   0.00000	 -11.34078	  31.57983
 53	 15	  -0.00000	  -0.00000	 -13.40641	   0.00000	 -13.40641	  29.52961
 53	 14	  -0.00000	  -0.00000	 -15.40552	   0.00000	 -15.40552	  27.59825
 53	 13	  -0.00000	  -0.00000	 -17.32558	   0.00000	 -17.32558	  25.79806
 53	 12	  -0.00000	  -0.00000	 -19.15420	   0.00000	 -19.15420	  24.14096
 53	 11	  -0.00000	  -0.00000	 -20.87933	   0.00000	 -20.87933	  22.63841
 53	 10	  -0.00000	  -0.00000	 -22.48935	   0.00000	 -22.48935	  21.30125
 53	  9	  -0.00000	  -0.00000	 -23.97320	   0.00000	 -23.97320	  20.13961
 53	  8	  -0.00000	  -0.00000	 -25.32050	   0.00000	 -25.32050	  19.16278
 53	  7	  -0.00000	  -0.00000	 -26.52171	   0.00000	 -26.52171	  18.37914
 53	  6	  -0.00000	  -0.00000	 -27.56818	   0.00000	 -27.56818	  17.79600
 53	  5	  -0.00000	  -0.00000	 -28.45231	   0.00000	 -28.45231	  17.41960
 53	  4	  -0.00000	  -0.00000	 -29.16762	   0.00000	 -29.16762	  17.25495
 53	  3	  -0.00000	  -0.00000	 -29.70881	   0.00000	 -29.70881	  17.30584
 53	  2	  -0.00000	  -0.00000	 -30.07187	   0.00000	 -30.07187	  17.57475
 53	  1	  -0.00000	   0.00000	 -30.25409	   0.00000	 -30.25409	  18.06283

 54	 30	   0.00000	  -0.00000	  18.81587	   0.00000	  18.81587	  68.08215
 54	 29	   0.00000	  -0.00000	  17.02326	   0.00000	  17.02326	  65.65955
 54	 28	   0.00000	  -0.00000	  15.16392	   0.00000	  15.16392	  63.20881
 54	 27	  -0.00000	  -0.00000	  13.24282	   0.00000	  13.24282	  60.73634
 54	 26	  -0.00000	  -0.00000	  11.26570	   0.00000	  11.26570	  58.24929
 54	 25	  -0.00000	  -0.00000	   9.23911	   0.00000	   9.23911	  55.75556
 54	 24	  -0.00000	  -0.00000	   7.17041	   0.00000	   7.17041	  53.26383
 54	 23	  -0.00000	  -0.00000	   5.06770	   0.00000	   5.06770	  50.78342
 54	 22	  -0.00000	  -0.00000	   2.93986	   0.00000	   2.93986	  48.32433
 54	 21	  -0.00000	  -0.00000	   0.79644	   0.00000	   0.79644	  45.89713
 54	 20	  -0.00000	  -0.00000	  -1.35238	   0.00000	  -1.35238	  43.51292
 54	 19	  -0.00000	  -0.00000	  -3.49583	   0.00000	  -3.49583	  41.18324
 54	 18	  -0.00000	  -0.00000	  -5.62265	   0.00000	  -5.62265	  38.91993
 54	 17	  -0.00000	  -0.00000	  -7.72120	   0.00000	  -7.72120	  36.73513
 54	 16	  -0.00000	  -0.00000	  -9.77951	   0.00000	  -9.77951	  34.64106
 54	 15	  -0.00000	  -0.00000	 -11.78546	   0.00000	 -11.78546	  32.65001
 54	 14	  -0.00000	  -0.00000	 -13.72681	   0.00000	 -13.72681	  30.77413
 54	 13	  -0.00000	  -0.00000	 -15.59138	   0.00000	 -15.59138	  29.02539
 54	 12	  -0.00000	  -0.00000	 -17.36717	   0.00000	 -17.36717	  27.41541
 54	 11	  -0.00000	  -0.00000	 -19.04246	   0.00000	 -19.04246	  25.95534
 54	 10	  -0.00000	  -0.00000	 -20.60597	   0.00000	 -20.60597	  24.65577
 54	  9	  -0.00000	  -0.00000	 -22.04695	   0.00000	 -22.04695	  23.52660
 54	  8	  -0.00000	  -0.00000	 -23.35533	   0.00000	 -23.35533	  22.57692
 54	  7	  -0.00000	  -0.00000	 -24.52183	   0.00000	 -24.52183	  21.81492
 54	  6	  -0.00000	  -0.00000	 -25.53807	   0.00000	 -25.53807	  21.24779
 54	  5	  -0.00000	  -0.00000	 -26.39667	   0.00000	 -26.39667	  20.88166
 54	  4	  -0.00000	  -0.00000	 -27.09131	   0.00000	 -27.09131	  20.72149
 54	  3	  -0.00000	  -0.00000	 -27.61687	   0.00000	 -27.61687	  20.77100
 54	  2	  -0.00000	   0.00000	 -27.96944	   0.00000	 -27.96944	  21.03269
 54	  1	  -0.00000	   0.00000	 -28.14639	   0.00000	 -28.14639	  21.50774

 55	 30	   0.00000	  -0.00000	  19.56198	   0.00000	  19.56198	  70.18484
 55	 29	   0.00000	  -0.00000	  17.82585	   0.00000	  17.82585	  67.83581
 55	 28	   0.00000	  -0.00000	  16.02502	   0.00000	  16.02502	  65.46003
 55	 27	   0.00000	  -0.00000	  14.16432	   0.00000	  14.16432	  63.06363
 55	 26	  -0.00000	  -0.00000	  12.24931	   0.00000	  12.24931	  60.65350
 55	 25	  -0.00000	  -0.00000	  10.28635	   0.00000	  10.28635	  58.23725
 55	 24	  -0.00000	  -0.00000	   8.28256	   0.00000	   8.28256	  55.82320
 55	 23	  -0.00000	  -0.00000	   6.24582	   0.00000	   6.24582	  53.42034
 55	 22	  -0.00000	  -0.00000	   4.18470	   0.00000	   4.18470	  51.03828
 55	 21	  -0.00000	  -0.00000	   2.10848	   0.00000	   2.10848	  48.68724
 55	 20	  -0.00000	  -0.00000	   0.02701	   0.00000	   0.02701	  46.37789
 55	 19	  -0.00000	  -0.00000	  -2.04926	   0.00000	  -2.04926	  44.12136
 55	 18	  -0.00000	  -0.00000	  -4.10945	   0.00000	  -4.10945	  41.92912
 55	 17	  -0.00000	  -0.00000	  -6.14224	   0.00000	  -6.14224	  39.81287
 55	 16	  -0.00000	  -0.00000	  -8.13608	   0.00000	  -8.13608	  37.78446
 55	 15	  -0.00000	  -0.00000	 -10.07919	   0.00000	 -10.07919	  35.85575
 55	 14	  -0.00000	  -0.00000	 -11.95973	   0.00000	 -11.95973	  34.03855
 55	 13	  -0.00000	  -0.00000	 -13.76591	   0.00000	 -13.76591	  32.34445
 55	 12	  -0.00000	  -0.00000	 -15.48608	   0.00000	 -15.48608	  30.78473
 55	 11	  -0.00000	  -0.00000	 -17.10891	   0.00000	 -17.10891	  29.37024
 55	 10	  -0.00000	  -0.00000	 -18.62345	   0.00000	 -18.62345	  28.11127
 55	  9	  -0.00000	  -0.00000	 -20.01930	   0.00000	 -20.01930	  27.01746
 55	  8	  -0.00000	  -0.00000	 -21.28671	   0.00000	 -21.28671	  26.09767
 55	  7	  -0.00000	  -0.00000	 -22.41669	   0.00000	 -22.41669	  25.35991
 55	  6	  -0.00000	  -0.00000	 -23.40110	   0.00000	 -23.40110	  24.81120
 55	  5	  -0.00000	  -0.00000	 -24.23281	   0.00000	 -24.23281	  24.45753
 55	  4	  -0.00000	  -0.00000	 -24.90570	   0.00000	 -24.90570	  24.30377
 55	  3	  -0.00000	  -0.00000	 -25.41481	   0.00000	 -25.41481	  24.35361
 55	  2	  -0.00000	   0.00000	 -25.75634	   0.00000	 -25.75634	  24.60950
 55	  1	  -0.00000	   0.00000	 -25.92775	   0.00000	 -25.92775	  25.07266

 56	 30	   0.00000	  -0.00000	  20.34037	   0.00000	  20.34037	  72.32770
 56	 29	   0.00000	  -0.00000	  18.66320	   0.00000	  18.66320	  70.05391
 56	 28	   0.00000	  -0.00000	  16.92346	   0.00000	  16.92346	  67.75483
 56	 27	   0.00000	  -0.00000	  15.12580	   0.00000	  15.12580	  65.43635
 56	 26	   0.00000	  -0.00000	  13.27562	   0.00000	  13.27562	  63.10508
 56	 25	   0.00000	  -0.00000	  11.37908	   0.00000	  11.37908	  60.76832
 56	 24	  -0.00000	  -0.00000	   9.44304	   0.00000	   9.44304	  58.43407
 56	 23	  -0.00000	  -0.00000	   7.47514	   0.00000	   7.47514	  56.11097
 56	 22	  -0.00000	  -0.00000	   5.48367	   0.00000	   5.48367	  53.80826
 56	 21	  -0.00000	  -0.00000	   3.47757	   0.00000	   3.47757	  51.53576
 56	 20	  -0.00000	  -0.00000	   1.46639	   0.00000	   1.46639	  49.30375
 56	 19	  -0.00000	  -0.00000	  -0.53978	   0.00000	  -0.53978	  47.12295
 56	 18	  -0.00000	  -0.00000	  -2.53041	   0.00000	  -2.53041	  45.00440
 56	 17	  -0.00000	  -0.00000	  -4.49460	   0.00000	  -4.49460	  42.95939
 56	 16	  -0.00000	  -0.00000	  -6.42115	   0.00000	  -6.42115	  40.99936
 56	 15	  -0.00000	  -0.00000	  -8.29868	   0.00000	  -8.29868	  39.13577
 56	 14	  -0.00000	  -0.00000	 -10.11576	   0.00000	 -10.11576	  37.38003
 56	 13	  -0.00000	  -0.00000	 -11.86099	   0.00000	 -11.86099	  35.74335
 56	 12	  -0.00000	  -0.00000	 -13.52313	   0.00000	 -13.52313	  34.23665
 56	 11	  -0.00000	  -0.00000	 -15.09120	   0.00000	 -15.09120	  32.87044
 56	 10	  -0.00000	  -0.00000	 -16.55465	   0.00000	 -16.55465	  31.65471
 56	  9	  -0.00000	  -0.00000	 -17.90341	   0.00000	 -17.90341	  30.59881
 56	  8	  -0.00000	  -0.00000	 -19.12806	   0.00000	 -19.12806	  29.71135
 56	  7	  -0.00000	  -0.00000	 -20.21992	   0.00000	 -20.21992	  29.00011
 56	  6	  -0.00000	  -0.00000	 -21.17113	   0.00000	 -21.17113	  28.47195
 56	  5	  -0.00000	  -0.00000	 -21.97477	   0.00000	 -21.97477	  28.13268
 56	  4	  -0.00000	  -0.00000	 -22.62497	   0.00000	 -22.62497	  27.98709
 56	  3	  -0.00000	  -0.00000	 -23.11690	   0.00000	 -23.11690	  28.03878
 56	  2	  -0.00000	   0.00000	 -23.44691	   0.00000	 -23.44691	  28.29018
 56	  1	  -0.00000	   0.00000	 -23.61253	   0.00000	 -23.61253	  28.74250

 57	 30	   0.00000	  -0.00000	  21.14608	   0.00000	  21.14608	  74.50515
 57	 29	   0.00000	  -0.00000	  19.52999	   0.00000	  19.52999	  72.30796
 57	 28	   0.00000	  -0.00000	  17.85352	   0.00000	  17.85352	  70.08700
 57	 27	   0.00000	  -0.00000	  16.12116	   0.00000	  16.12116	  67.84794
 57	 26	   0.00000	  -0.00000	  14.33813	   0.00000	  14.33813	  65.59711
 57	 25	   0.00000	  -0.00000	  12.51036	   0.00000	  12.51036	  63.34151
 57	 24	   0.00000	  -0.00000	  10.64450	   0.00000	  10.64450	  61.08881
 57	 23	  -0.00000	  -0.00000	   8.74788	   0.00000	   8.74788	  58.84731
 57	 22	  -0.00000	  -0.00000	   6.82852	   0.00000	   6.82852	  56.62586
 57	 21	  -0.00000	  -0.00000	   4.89505	   0.00000	   4.89505	  54.43390
 57	 20	  -0.00000	  -0.00000	   2.95666	   0.00000	   2.95666	  52.28131
 57	 19	  -0.00000	  -0.00000	   1.02308	   0.00000	   1.02308	  50.17838
 57	 18	  -0.00000	  -0.00000	  -0.89554	   0.00000	  -0.89554	  48.13574
 57	 17	  -0.00000	  -0.00000	  -2.78868	   0.00000	  -2.78868	  46.16426
 57	 16	  -0.00000	  -0.00000	  -4.64555	   0.00000	  -4.64555	  44.27493
 57	 15	  -0.00000	  -0.00000	  -6.45518	   0.00000	  -6.45518	  42.47881
 57	 14	  -0.00000	  -0.00000	  -8.20656	   0.00000	  -8.20656	  40.78690
 57	 13	  -0.00000	  -0.00000	  -9.88868	   0.00000	  -9.88868	  39.21001
 57	 12	  -0.00000	  -0.00000	 -11.49072	   0.00000	 -11.49072	  37.75869
 57	 11	  -0.00000	  -0.00000	 -13.00210	   0.00000	 -13.00210	  36.44310
 57	 10	  -0.00000	  -0.00000	 -14.41264	   0.00000	 -14.41264	  35.27288
 57	  9	  -0.00000	  -0.00000	 -15.71264	   0.00000	 -15.71264	  34.25709
 57	  8	  -0.00000	  -0.00000	 -16.89302	   0.00000	 -16.89302	  33.40406
 57	  7	  -0.00000	  -0.00000	 -17.94541	   0.00000	 -17.94541	  32.72135
 57	  6	  -0.00000	  -0.00000	 -18.86223	   0.00000	 -18.86223	  32.21558
 57	  5	  -0.00000	  -0.00000	 -19.63683	   0.00000	 -19.63683	  31.89245
 57	  4	  -0.00000	  -0.00000	 -20.26352	   0.00000	 -20.26352	  31.75657
 57	  3	  -0.00000	   0.00000	 -20.73767	   0.00000	 -20.73767	  31.81147
 57	  2	  -0.00000	   0.00000	 -21.05575	   0.00000	 -21.05575	  32.05955
 57	  1	  -0.00000	   0.00000	 -21.21538	   0.00000	 -21.21538	  32.50200

 58	 30	   0.00000	  -0.00000	  21.97409	   0.00000	  21.97409	  76.71164
 58	 29	   0.00000	  -0.00000	  20.42083	   0.00000	  20.42083	  74.59207
 58	 28	   0.00000	  -0.00000	  18.80944	   0.00000	  18.80944	  72.45033
 58	 27	   0.00000	  -0.00000	  17.14424	   0.00000	  17.14424	  70.29185
 58	 26	   0.00000	  -0.00000	  15.43026	   0.00000	  15.43026	  68.12269
 58	 25	   0.00000	  -0.00000	  13.67322	   0.00000	  13.67322	  65.94955
 58	 24	   0.00000	  -0.00000	  11.87952	   0.00000	  11.87952	  63.77978
 58	 23	   0.00000	  -0.00000	  10.05621	   0.00000	  10.05621	  61.62132
 58	 22	   0.00000	  -0.00000	   8.21100	   0.00000	   8.21100	  59.48266
 58	 21	  -0.00000	  -0.00000	   6.35219	   0.00000	   6.35219	  57.37284
 58	 20	  -0.00000	  -0.00000	   4.48864	   0.00000	   4.48864	  55.30133
 58	 19	  -0.00000	  -0.00000	   2.62970	   0.00000	   2.62970	  53.27802
 58	 18	  -0.00000	  -0.00000	   0.78512	   0.00000	   0.78512	  51.31309
 58	 17	  -0.00000	  -0.00000	  -1.03497	   0.00000	  -1.03497	  49.41697
 58	 16	  -0.00000	  -0.00000	  -2.82020	   0.00000	  -2.82020	  47.60025
 58	 15	  -0.00000	  -0.00000	  -4.56003	   0.00000	  -4.56003	  45.87354
 58	 14	  -0.00000	  -0.00000	  -6.24385	   0.00000	  -6.24385	  44.24741
 58	 13	  -0.00000	  -0.00000	  -7.86109	   0.00000	  -7.86109	  42.73229
 58	 12	  -0.00000	  -0.00000	  -9.40135	   0.00000	  -9.40135	  41.33832
 58	 11	  -0.00000	  -0.00000	 -10.85444	   0.00000	 -10.85444	  40.07528
 58	 10	  -0.00000	  -0.00000	 -12.21058	   0.00000	 -12.21058	  38.95248
 58	  9	  -0.00000	  -0.00000	 -13.46046	   0.00000	 -13.46046	  37.97866
 58	  8	  -0.00000	  -0.00000	 -14.59532	   0.00000	 -14.59532	  37.16186
 58	  7	  -0.00000	  -0.00000	 -15.60712	   0.00000	 -15.60712	  36.50936
 58	  6	  -0.00000	  -0.00000	 -16.48860	   0.00000	 -16.48860	  36.02761
 58	  5	  -0.00000	  -0.00000	 -17.23333	   0.00000	 -17.23333	  35.72207
 58	  4	  -0.00000	  -0.00000	 -17.83585	   0.00000	 -17.83585	  35.59726
 58	  3	  -0.00000	   0.00000	 -18.29172	   0.00000	 -18.29172	  35.65659
 58	  2	   0.00000	   0.00000	 -18.59754	   0.00000	 -18.59754	  35.90240
 58	  1	   0.00000	   0.00000	 -18.75102	   0.00000	 -18.75102	  36.33588

 59	 30	   0.00000	  -0.00000	  22.81942	   0.00000	  22.81942	  78.94168
 59	 29	   0.00000	  -0.00000	  21.33038	   0.00000	  21.33038	  76.90043
 59	 28	   0.00000	  -0.00000	  19.78548	   0.00000	  19.78548	  74.83867
 59	 27	   0.00000	  -0.00000	  18.18891	   0.00000	  18.18891	  72.76159
 59	 26	   0.00000	  -0.00000	  16.54549	   0.00000	  16.54549	  70.67496
 59	 25	   0.00000	  -0.00000	  14.86071	   0.00000	  14.86071	  68.58522
 59	 24	   0.00000	  -0.00000	  13.14072	   0.00000	  13.14072	  66.49937
 59	 23	   0.00000	  -0.00000	  11.39230	   0.00000	  11.39230	  64.42502
 59	 22	   0.00000	  -0.00000	   9.62284	   0.00000	   9.62284	  62.37028
 59	 21	   0.00000	  -0.00000	   7.84031	   0.00000	   7.84031	  60.34379
 59	 20	   0.00000	  -0.00000	   6.05321	   0.00000	   6.05321	  58.35462
 59	 19	   0.00000	  -0.00000	   4.27050	   0.00000	   4.27050	  56.41224
 59	 18	  -0.00000	  -0.00000	   2.50156	   0.00000	   2.50156	  54.52640
 59	 17	  -0.00000	  -0.00000	   0.75608	   0.00000	   0.75608	  52.70709
 59	 16	  -0.00000	  -0.00000	  -0.95597	   0.00000	  -0.95597	  50.96445
 59	 15	  -0.00000	  -0.00000	  -2.62450	   0.00000	  -2.62450	  49.30866
 59	 14	  -0.00000	  -0.00000	  -4.23932	   0.00000	  -4.23932	  47.74987
 59	 13	  -0.00000	  -0.00000	  -5.79030	   0.00000	  -5.79030	  46.29808
 59	 12	  -0.00000	  -0.00000	  -7.26744	   0.00000	  -7.26744	  44.96303
 59	 11	  -0.00000	  -0.00000	  -8.66101	   0.00000	  -8.66101	  43.75412
 59	 10	  -0.00000	  -0.00000	  -9.96159	   0.00000	  -9.96159	  42.68029
 59	  9	  -0.00000	  -0.00000	 -11.16026	   0.00000	 -11.16026	  41.74996
 59	  8	  -0.00000	  -0.00000	 -12.24863	   0.00000	 -12.24863	  40.97085
 59	  7	  -0.00000	  -0.00000	 -13.21899	   0.00000	 -13.21899	  40.35000
 59	  6	  -0.00000	  -0.00000	 -14.06436	   0.00000	 -14.06436	  39.89359
 59	  5	  -0.00000	  -0.00000	 -14.77858	   0.00000	 -14.77858	  39.60692
 59	  4	   0.00000	   0.00000	 -15.35643	   0.00000	 -15.35643	  39.49433
 59	  3	   0.00000	   0.00000	 -15.79362	   0.00000	 -15.79362	  39.55914
 59	  2	   0.00000	   0.00000	 -16.08692	   0.00000	 -16.08692	  39.80362
 59	  1	   0.00000	   0.00000	 -16.23411	   0.00000	 -16.23411	  40.22893

