#X	Y	Miss	Anxiety	ExploreH	ExploreP	Sum	Stress
  0	 30	   0.00000	  -0.00000	   0.00000	   4.25844	   4.25844	  55.69941
  0	 29	   0.00000	  -0.00000	   0.00000	   4.25844	   4.25844	  55.05530
  0	 28	   0.00000	  -0.00000	   0.00000	   4.25844	   4.25844	  54.44776
  0	 27	   0.00000	  -0.00000	   0.00000	   4.25844	   4.25844	  53.87814
  0	 26	   0.00000	  -0.00000	   0.00000	   4.25844	   4.25844	  53.34776
  0	 25	   0.00000	  -0.00000	   0.00000	   4.25844	   4.25844	  52.85791
  0	 24	   0.00000	  -0.00000	   0.00000	   4.25844	   4.25844	  52.40982
  0	 23	   0.00000	  -0.00000	   0.00000	   4.25844	   4.25844	  52.00467
  0	 22	   0.00000	  -0.00000	   0.00000	   4.25844	   4.25844	  51.64356
  0	 21	   0.00000	  -0.00000	   0.00000	   4.25844	   4.25844	  51.32750
  0	 20	   0.00000	  -0.00000	   0.00000	   4.25844	   4.25844	  51.05741
  0	 19	   0.00000	  -0.00000	   0.00000	   4.25844	   4.25844	  50.83408
  0	 18	   0.00000	  -0.00000	   0.00000	   4.25844	   4.25844	  50.65820
  0	 17	   0.00000	  -0.00000	   0.00000	   4.25844	   4.25844	  50.53030
  0	 16	   0.00000	  -0.00000	   0.00000	   4.25844	   4.25844	  50.45077
  0	 15	   0.00000	  -0.00000	   0.00000	   4.25844	   4.25844	  50.41988
  0	 14	   0.00000	  -0.00000	   0.00000	   4.25844	   4.25844	  50.43772
  0	 13	   0.00000	   0.00000	   0.00000	   4.25844	   4.25844	  50.50423
  0	 12	   0.00000	   0.00000	   0.00000	   4.25844	   4.25844	  50.61920
  0	 11	   0.00000	   0.00000	   0.00000	   4.25844	   4.25844	  50.78227
  0	 10	   0.00000	   0.00000	   0.00000	   4.25844	   4.25844	  50.99294
  0	  9	   0.00000	   0.00000	   0.00000	   4.25844	   4.25844	  51.25057
  0	  8	   0.00000	   0.00000	   0.00000	   4.25844	   4.25844	  51.55440
  0	  7	   0.00000	   0.00000	   0.00000	   4.25844	   4.25844	  51.90353
  0	  6	   0.00000	   0.00000	   0.00000	   4.25844	   4.25844	  52.29698
  0	  5	   0.00000	   0.00000	   0.00000	   4.25844	   4.25844	  52.73368
  0	  4	   0.00000	   0.00000	   0.00000	   4.25844	   4.25844	  53.21246
  0	  3	   0.00000	   0.00000	   0.00000	   4.25844	   4.25844	  53.73210
  0	  2	   0.00000	   0.00000	   0.00000	   4.25844	   4.25844	  54.29133
  0	  1	   0.00000	   0.00000	   0.00000	   4.25844	   4.25844	  54.88883

  1	 30	   0.00000	  -0.00000	   0.00000	   4.25844	   4.25844	  54.35775
  1	 29	   0.00000	  -0.00000	   0.00000	   4.25844	   4.25844	  53.69616
  1	 28	   0.00000	  -0.00000	   0.00000	   4.25844	   4.25844	  53.07170
  1	 27	   0.00000	  -0.00000	   0.00000	   4.25844	   4.25844	  52.48584
  1	 26	   0.00000	  -0.00000	   0.00000	   4.25844	   4.25844	  51.93997
  1	 25	   0.00000	  -0.00000	   0.00000	   4.25844	   4.25844	  51.43551
  1	 24	   0.00000	  -0.00000	   0.00000	   4.25844	   4.25844	  50.97378
  1	 23	   0.00000	  -0.00000	   0.00000	   4.25844	   4.25844	  50.55606
  1	 22	   0.00000	  -0.00000	   0.00000	   4.25844	   4.25844	  50.18356
  1	 21	   0.00000	  -0.00000	   0.00000	   4.25844	   4.25844	  49.85738
  1	 20	   0.00000	  -0.00000	   0.00000	   4.25844	   4.25844	  49.57853
  1	 19	   0.00000	  -0.00000	   0.00000	   4.25844	   4.25844	  49.34788
  1	 18	   0.00000	  -0.00000	   0.00000	   4.25844	   4.25844	  49.16618
  1	 17	   0.00000	  -0.00000	   0.00000	   4.25844	   4.25844	  49.03401
  1	 16	   0.00000	  -0.00000	   0.00000	   4.25844	   4.25844	  48.95183
  1	 15	   0.00000	  -0.00000	   0.00000	   4.25844	   4.25844	  48.91990
  1	 14	   0.00000	  -0.00000	   0.00000	   4.25844	   4.25844	  48.93833
  1	 13	   0.00000	   0.00000	   0.00000	   4.25844	   4.25844	  49.00707
  1	 12	   0.00000	   0.00000	   0.00000	   4.25844	   4.25844	  49.12587
  1	 11	   0.00000	   0.00000	   0.00000	   4.25844	   4.25844	  49.29436
  1	 10	   0.00000	   0.00000	   0.00000	   4.25844	   4.25844	  49.51196
  1	  9	   0.00000	   0.00000	   0.00000	   4.25844	   4.25844	  49.77797
  1	  8	   0.00000	   0.00000	   0.00000	   4.25844	   4.25844	  50.09156
  1	  7	   0.00000	   0.00000	   0.00000	   4.25844	   4.25844	  50.45175
  1	  6	   0.00000	   0.00000	   0.00000	   4.25844	   4.25844	  50.85746
  1	  5	   0.00000	   0.00000	   0.00000	   4.25844	   4.25844	  51.30752
  1	  4	   0.00000	   0.00000	   0.00000	   4.25844	   4.25844	  51.80066
  1	  3	   0.00000	   0.00000	   0.00000	   4.25844	   4.25844	  52.33556
  1	  2	   0.00000	   0.00000	   0.00000	   4.25844	   4.25844	  52.91085
  1	  1	   0.00000	   0.00000	   0.00000	   4.25844	   4.25844	  53.52510

  2	 30	   0.00000	  -0.00000	   0.00000	   4.25844	   4.25844	  53.02531
  2	 29	   0.00000	  -0.00000	   0.00000	   4.25844	   4.25844	  52.34539
  2	 28	   0.00000	  -0.00000	   0.00000	   4.25844	   4.25844	  51.70316
  2	 27	   0.00000	  -0.00000	   0.00000	   4.25844	   4.25844	  51.10018
  2	 26	   0.00000	  -0.00000	   0.00000	   4.25844	   4.25844	  50.53798
  2	 25	   0.00000	  -0.00000	   0.00000	   4.25844	   4.25844	  50.01806
  2	 24	   0.00000	  -0.00000	   0.00000	   4.25844	   4.25844	  49.54188
  2	 23	   0.00000	  -0.00000	   0.00000	   4.25844	   4.25844	  49.11083
  2	 22	   0.00000	  -0.00000	   0.00000	   4.25844	   4.25844	  48.72622
  2	 21	   0.00000	  -0.00000	   0.00000	   4.25844	   4.25844	  48.38928
  2	 20	   0.00000	  -0.00000	   0.00000	   4.25844	   4.25844	  48.10109
  2	 19	   0.00000	  -0.00000	   0.00000	   4.25844	   4.25844	  47.86262
  2	 18	   0.00000	  -0.00000	   0.00000	   4.25844	   4.25844	  47.67470
  2	 17	   0.00000	  -0.00000	   0.00000	   4.25844	   4.25844	  47.53798
  2	 16	   0.00000	  -0.00000	   0.00000	   4.25844	   4.25844	  47.45295
  2	 15	   0.00000	  -0.00000	   0.00000	   4.25844	   4.25844	  47.41991
  2	 14	   0.00000	  -0.00000	   0.00000	   4.25844	   4.25844	  47.43899
  2	 13	   0.00000	  -0.00000	   0.00000	   4.25844	   4.25844	  47.51011
  2	 12	   0.00000	   0.00000	   0.00000	   4.25844	   4.25844	  47.63301
  2	 11	   0.00000	   0.00000	   0.00000	   4.25844	   4.25844	  47.80727
  2	 10	   0.00000	   0.00000	   0.00000	   4.25844	   4.25844	  48.03226
  2	  9	   0.00000	   0.00000	   0.00000	   4.25844	   4.25844	  48.30722
  2	  8	   0.00000	   0.00000	   0.00000	   4.25844	   4.25844	  48.63120
  2	  7	   0.00000	   0.00000	   0.00000	   4.25844	   4.25844	  49.00315
  2	  6	   0.00000	   0.00000	   0.00000	   4.25844	   4.25844	  49.42187
  2	  5	   0.00000	   0.00000	   0.00000	   4.25844	   4.25844	  49.88609
  2	  4	   0.00000	   0.00000	   0.00000	   4.25844	   4.25844	  50.39443
  2	  3	   0.00000	   0.00000	   0.00000	   4.25844	   4.25844	  50.94545
  2	  2	   0.00000	   0.00000	   0.00000	   4.25844	   4.25844	  51.53765
  2	  1	   0.00000	   0.00000	   0.00000	   4.25844	   4.25844	  52.16951

  3	 30	   0.00000	  -0.00000	   0.00000	   4.25844	   4.25844	  51.70288
  3	 29	   0.00000	  -0.00000	   0.00000	   4.25844	   4.25844	  51.00373
  3	 28	   0.00000	  -0.00000	   0.00000	   4.25844	   4.25844	  50.34281
  3	 27	   0.00000	  -0.00000	   0.00000	   4.25844	   4.25844	  49.72178
  3	 26	   0.00000	  -0.00000	   0.00000	   4.25844	   4.25844	  49.14232
  3	 25	   0.00000	  -0.00000	   0.00000	   4.25844	   4.25844	  48.60604
  3	 24	   0.00000	  -0.00000	   0.00000	   4.25844	   4.25844	  48.11453
  3	 23	   0.00000	  -0.00000	   0.00000	   4.25844	   4.25844	  47.66931
  3	 22	   0.00000	  -0.00000	   0.00000	   4.25844	   4.25844	  47.27182
  3	 21	   0.00000	  -0.00000	   0.00000	   4.25844	   4.25844	  46.92339
  3	 20	   0.00000	  -0.00000	   0.00000	   4.25844	   4.25844	  46.62523
  3	 19	   0.00000	  -0.00000	   0.00000	   4.25844	   4.25844	  46.37841
  3	 18	   0.00000	  -0.00000	   0.00000	   4.25844	   4.25844	  46.18383
  3	 17	   0.00000	  -0.00000	   0.00000	   4.25844	   4.25844	  46.04224
  3	 16	   0.00000	  -0.00000	   0.00000	   4.25844	   4.25844	  45.95416
  3	 15	   0.00000	  -0.00000	   0.00000	   4.25844	   4.25844	  45.91993
  3	 14	   0.00000	  -0.00000	   0.00000	   4.25844	   4.25844	  45.93969
  3	 13	   0.00000	  -0.00000	   0.00000	   4.25844	   4.25844	  46.01336
  3	 12	   0.00000	  -0.00000	   0.00000	   4.25844	   4.25844	  46.14066
  3	 11	   0.00000	   0.00000	   0.00000	   4.25844	   4.25844	  46.32110
  3	 10	   0.00000	   0.00000	   0.00000	   4.25844	   4.25844	  46.55400
  3	  9	   0.00000	   0.00000	   0.00000	   4.25844	   4.25844	  46.83850
  3	  8	   0.00000	   0.00000	   0.00000	   4.25844	   4.25844	  47.17357
  3	  7	   0.00000	   0.00000	   0.00000	   4.25844	   4.25844	  47.55804
  3	  6	   0.00000	   0.00000	   0.00000	   4.25844	   4.25844	  47.99061
  3	  5	   0.00000	   0.00000	   0.00000	   4.25844	   4.25844	  48.46986
  3	  4	   0.00000	   0.00000	   0.00000	   4.25844	   4.25844	  48.99429
  3	  3	   0.00000	   0.00000	   0.00000	   4.25844	   4.25844	  49.56234
  3	  2	   0.00000	   0.00000	   0.00000	   4.25844	   4.25844	  50.17239
  3	  1	   0.00000	   0.00000	   0.00000	   4.25844	   4.25844	  50.82278

  4	 30	   0.00000	  -0.00000	   0.00000	   4.25844	   4.25844	  50.39131
  4	 29	   0.00000	  -0.00000	   0.00000	   4.25844	   4.25844	  49.67197
  4	 28	   0.00000	  -0.00000	   0.00000	   4.25844	   4.25844	  48.99138
  4	 27	   0.00000	  -0.00000	   0.00000	   4.25844	   4.25844	  48.35133
  4	 26	   0.00000	  -0.00000	   0.00000	   4.25844	   4.25844	  47.75361
  4	 25	   0.00000	  -0.00000	   0.00000	   4.25844	   4.25844	  47.19999
  4	 24	   0.00000	  -0.00000	   0.00000	   4.25844	   4.25844	  46.69220
  4	 23	   0.00000	  -0.00000	   0.00000	   4.25844	   4.25844	  46.23189
  4	 22	   0.00000	  -0.00000	   0.00000	   4.25844	   4.25844	  45.82065
  4	 21	   0.00000	  -0.00000	   0.00000	   4.25844	   4.25844	  45.45995
  4	 20	   0.00000	  -0.00000	   0.00000	   4.25844	   4.25844	  45.15112
  4	 19	   0.00000	  -0.00000	   0.00000	   4.25844	   4.25844	  44.89535
  4	 18	   0.00000	  -0.00000	   0.00000	   4.25844	   4.25844	  44.69364
  4	 17	   0.00000	  -0.00000	   0.00000	   4.25844	   4.25844	  44.54681
  4	 16	   0.00000	  -0.00000	   0.00000	   4.25844	   4.25844	  44.45545
  4	 15	   0.00000	  -0.00000	   0.00000	   4.25844	   4.25844	  44.41995
  4	 14	   0.00000	  -0.00000	   0.00000	   4.25844	   4.25844	  44.44045
  4	 13	   0.00000	  -0.00000	   0.00000	   4.25844	   4.25844	  44.51686
  4	 12	   0.00000	  -0.00000	   0.00000	   4.25844	   4.25844	  44.64888
  4	 11	   0.00000	  -0.00000	   0.00000	   4.25844	   4.25844	  44.83595
  4	 10	   0.00000	   0.00000	   0.00000	   4.25844	   4.25844	  45.07733
  4	  9	   0.00000	   0.00000	   0.00000	   4.25844	   4.25844	  45.37205
  4	  8	   0.00000	   0.00000	   0.00000	   4.25844	   4.25844	  45.71897
  4	  7	   0.00000	   0.00000	   0.00000	   4.25844	   4.25844	  46.11680
  4	  6	   0.00000	   0.00000	   0.00000	   4.25844	   4.25844	  46.56411
  4	  5	   0.00000	   0.00000	   0.00000	   4.25844	   4.25844	  47.05934
  4	  4	   0.00000	   0.00000	   0.00000	   4.25844	   4.25844	  47.60084
  4	  3	   0.00000	   0.00000	   0.00000	   4.25844	   4.25844	  48.18691
  4	  2	   0.00000	   0.00000	   0.00000	   4.25844	   4.25844	  48.81579
  4	  1	   0.00000	   0.00000	   0.00000	   4.25844	   4.25844	  49.48570

  5	 30	   0.00000	  -0.00000	   0.00000	   4.25844	   4.25844	  49.09156
  5	 29	   0.00000	  -0.00000	   0.00000	   4.25844	   4.25844	  48.35102
  5	 28	   0.00000	  -0.00000	   0.00000	   4.25844	   4.25844	  47.64971
  5	 27	   0.00000	  -0.00000	   0.00000	   4.25844	   4.25844	  46.98957
  5	 26	   0.00000	  -0.00000	   0.00000	   4.25844	   4.25844	  46.37253
  5	 25	   0.00000	  -0.00000	   0.00000	   4.25844	   4.25844	  45.80051
  5	 24	   0.00000	  -0.00000	   0.00000	   4.25844	   4.25844	  45.27540
  5	 23	   0.00000	  -0.00000	   0.00000	   4.25844	   4.25844	  44.79901
  5	 22	   0.00000	  -0.00000	   0.00000	   4.25844	   4.25844	  44.37308
  5	 21	   0.00000	  -0.00000	   0.00000	   4.25844	   4.25844	  43.99925
  5	 20	   0.00000	  -0.00000	   0.00000	   4.25844	   4.25844	  43.67898
  5	 19	   0.00000	  -0.00000	   0.00000	   4.25844	   4.25844	  43.41359
  5	 18	   0.00000	  -0.00000	   0.00000	   4.25844	   4.25844	  43.20421
  5	 17	   0.00000	  -0.00000	   0.00000	   4.25844	   4.25844	  43.05173
  5	 16	   0.00000	  -0.00000	   0.00000	   4.25844	   4.25844	  42.95685
  5	 15	   0.00000	  -0.00000	   0.00000	   4.25844	   4.25844	  42.91997
  5	 14	   0.00000	  -0.00000	   0.00000	   4.25844	   4.25844	  42.94126
  5	 13	   0.00000	  -0.00000	   0.00000	   4.25844	   4.25844	  43.02063
  5	 12	   0.00000	  -0.00000	   0.00000	   4.25844	   4.25844	  43.15773
  5	 11	   0.00000	  -0.00000	   0.00000	   4.25844	   4.25844	  43.35194
  5	 10	   0.00000	  -0.00000	   0.00000	   4.25844	   4.25844	  43.60242
  5	  9	   0.00000	   0.00000	   0.00000	   4.25844	   4.25844	  43.90810
  5	  8	   0.00000	   0.00000	   0.00000	   4.25844	   4.25844	  44.26772
  5	  7	   0.00000	   0.00000	   0.00000	   4.25844	   4.25844	  44.67984
  5	  6	   0.00000	   0.00000	   0.00000	   4.25844	   4.25844	  45.14287
  5	  5	   0.00000	   0.00000	   0.00000	   4.25844	   4.25844	  45.65510
  5	  4	   0.00000	   0.00000	   0.00000	   4.25844	   4.25844	  46.21473
  5	  3	   0.00000	   0.00000	   0.00000	   4.25844	   4.25844	  46.81990
  5	  2	   0.00000	   0.00000	   0.00000	   4.25844	   4.25844	  47.46868
  5	  1	   0.00000	   0.00000	   0.00000	   4.25844	   4.25844	  48.15914

  6	 30	   0.00000	  -0.00000	   0.00000	   4.25844	   4.25844	  47.80469
  6	 29	   0.00000	  -0.00000	   0.00000	   4.25844	   4.25844	  47.04188
  6	 28	   0.00000	  -0.00000	   0.00000	   4.25844	   4.25844	  46.31875
  6	 27	   0.00000	  -0.00000	   0.00000	   4.25844	   4.25844	  45.63738
  6	 26	   0.00000	  -0.00000	   0.00000	   4.25844	   4.25844	  44.99986
  6	 25	   0.00000	  -0.00000	   0.00000	   4.25844	   4.25844	  44.40829
  6	 24	   0.00000	  -0.00000	   0.00000	   4.25844	   4.25844	  43.86472
  6	 23	   0.00000	  -0.00000	   0.00000	   4.25844	   4.25844	  43.37116
  6	 22	   0.00000	  -0.00000	   0.00000	   4.25844	   4.25844	  42.92951
  6	 21	   0.00000	  -0.00000	   0.00000	   4.25844	   4.25844	  42.54158
  6	 20	   0.00000	  -0.00000	   0.00000	   4.25844	   4.25844	  42.20901
  6	 19	   0.00000	  -0.00000	   0.00000	   4.25844	   4.25844	  41.93327
  6	 18	   0.00000	  -0.00000	   0.00000	   4.25844	   4.25844	  41.71561
  6	 17	   0.00000	  -0.00000	   0.00000	   4.25844	   4.25844	  41.55705
  6	 16	   0.00000	  -0.00000	   0.00000	   4.25844	   4.25844	  41.45835
  6	 15	   0.00000	  -0.00000	   0.00000	   4.25844	   4.25844	  41.41999
  6	 14	   0.00000	  -0.00000	   0.00000	   4.25844	   4.25844	  41.44214
  6	 13	   0.00000	  -0.00000	   0.00000	   4.25844	   4.25844	  41.52471
  6	 12	   0.00000	  -0.00000	   0.00000	   4.25844	   4.25844	  41.66728
  6	 11	   0.00000	  -0.00000	   0.00000	   4.25844	   4.25844	  41.86919
  6	 10	   0.00000	  -0.00000	   0.00000	   4.25844	   4.25844	  42.12948
  6	  9	   0.00000	  -0.00000	   0.00000	   4.25844	   4.25844	  42.44695
  6	  8	   0.00000	   0.00000	   0.00000	   4.25844	   4.25844	  42.82020
  6	  7	   0.00000	   0.00000	   0.00000	   4.25844	   4.25844	  43.24763
  6	  6	   0.00000	   0.00000	   0.00000	   4.25844	   4.25844	  43.72746
  6	  5	   0.00000	   0.00000	   0.00000	   4.25844	   4.25844	  44.25782
  6	  4	   0.00000	   0.00000	   0.00000	   4.25844	   4.25844	  44.83673
  6	  3	   0.00000	   0.00000	   0.00000	   4.25844	   4.25844	  45.46214
  6	  2	   0.00000	   0.00000	  -0.00000	   4.25844	   4.25844	  46.13196
  6	  1	   0.00000	   0.00000	  -0.00000	   4.25844	   4.25844	  46.84410

  7	 30	   0.00000	  -0.00000	   0.00000	   4.25844	   4.25844	  46.53187
  7	 29	   0.00000	  -0.00000	   0.00000	   4.25844	   4.25844	  45.74566
  7	 28	   0.00000	  -0.00000	   0.00000	   4.25844	   4.25844	  44.99953
  7	 27	   0.00000	  -0.00000	   0.00000	   4.25844	   4.25844	  44.29572
  7	 26	   0.00000	  -0.00000	   0.00000	   4.25844	   4.25844	  43.63649
  7	 25	   0.00000	  -0.00000	   0.00000	   4.25844	   4.25844	  43.02412
  7	 24	   0.00000	  -0.00000	   0.00000	   4.25844	   4.25844	  42.46086
  7	 23	   0.00000	  -0.00000	   0.00000	   4.25844	   4.25844	  41.94891
  7	 22	   0.00000	  -0.00000	   0.00000	   4.25844	   4.25844	  41.49040
  7	 21	   0.00000	  -0.00000	   0.00000	   4.25844	   4.25844	  41.08731
  7	 20	   0.00000	  -0.00000	   0.00000	   4.25844	   4.25844	  40.74149
  7	 19	   0.00000	  -0.00000	   0.00000	   4.25844	   4.25844	  40.45457
  7	 18	   0.00000	  -0.00000	   0.00000	   4.25844	   4.25844	  40.22796
  7	 17	   0.00000	  -0.00000	   0.00000	   4.25844	   4.25844	  40.06282
  7	 16	   0.00000	  -0.00000	   0.00000	   4.25844	   4.25844	  39.95999
  7	 15	   0.00000	  -0.00000	   0.00000	   4.25844	   4.25844	  39.92001
  7	 14	   0.00000	  -0.00000	   0.00000	   4.25844	   4.25844	  39.94310
  7	 13	   0.00000	  -0.00000	   0.00000	   4.25844	   4.25844	  40.02912
  7	 12	   0.00000	  -0.00000	   0.00000	   4.25844	   4.25844	  40.17764
  7	 11	   0.00000	  -0.00000	   0.00000	   4.25844	   4.25844	  40.38787
  7	 10	   0.00000	  -0.00000	   0.00000	   4.25844	   4.25844	  40.65875
  7	  9	   0.00000	  -0.00000	   0.00000	   4.25844	   4.25844	  40.98894
  7	  8	   0.00000	   0.00000	   0.00000	   4.25844	   4.25844	  41.37685
  7	  7	   0.00000	   0.00000	  -0.00000	   4.25844	   4.25844	  41.82070
  7	  6	   0.00000	   0.00000	  -0.00000	   4.25844	   4.25844	  42.31853
  7	  5	   0.00000	   0.00000	  -0.00000	   4.25844	   4.25844	  42.86825
  7	  4	   0.00000	   0.00000	  -0.00000	   4.25844	   4.25844	  43.46768
  7	  3	   0.00000	   0.00000	  -0.00000	   4.25844	   4.25844	  44.11458
  7	  2	   0.00000	   0.00000	  -0.00000	   4.25844	   4.25844	  44.80667
  7	  1	   0.00000	   0.00000	  -0.00000	   4.25844	   4.25844	  45.54168

  8	 30	   0.00000	  -0.00000	   0.00000	   4.25844	   4.25844	  45.27441
  8	 29	   0.00000	  -0.00000	   0.00000	   4.25844	   4.25844	  44.46362
  8	 28	   0.00000	  -0.00000	   0.00000	   4.25844	   4.25844	  43.69324
  8	 27	   0.00000	  -0.00000	   0.00000	   4.25844	   4.25844	  42.96568
  8	 26	   0.00000	  -0.00000	   0.00000	   4.25844	   4.25844	  42.28340
  8	 25	   0.00000	  -0.00000	   0.00000	   4.25844	   4.25844	  41.64888
  8	 24	   0.00000	  -0.00000	   0.00000	   4.25844	   4.25844	  41.06458
  8	 23	   0.00000	  -0.00000	   0.00000	   4.25844	   4.25844	  40.53293
  8	 22	   0.00000	  -0.00000	   0.00000	   4.25844	   4.25844	  40.05628
  8	 21	   0.00000	  -0.00000	   0.00000	   4.25844	   4.25844	  39.63686
  8	 20	   0.00000	  -0.00000	   0.00000	   4.25844	   4.25844	  39.27672
  8	 19	   0.00000	  -0.00000	   0.00000	   4.25844	   4.25844	  38.97769
  8	 18	   0.00000	  -0.00000	   0.00000	   4.25844	   4.25844	  38.74139
  8	 17	   0.00000	  -0.00000	   0.00000	   4.25844	   4.25844	  38.56909
  8	 16	   0.00000	  -0.00000	   0.00000	   4.25844	   4.25844	  38.46177
  8	 15	   0.00000	  -0.00000	   0.00000	   4.25844	   4.25844	  38.42004
  8	 14	   0.00000	  -0.00000	   0.00000	   4.25844	   4.25844	  38.44413
  8	 13	   0.00000	  -0.00000	   0.00000	   4.25844	   4.25844	  38.53392
  8	 12	   0.00000	  -0.00000	   0.00000	   4.25844	   4.25844	  38.68889
  8	 11	   0.00000	  -0.00000	   0.00000	   4.25844	   4.25844	  38.90815
  8	 10	   0.00000	  -0.00000	  -0.00000	   4.25844	   4.25844	  39.19051
  8	  9	   0.00000	  -0.00000	  -0.00000	   4.25844	   4.25844	  39.53445
  8	  8	   0.00000	  -0.00000	  -0.00000	   4.25844	   4.25844	  39.93818
  8	  7	   0.00000	   0.00000	  -0.00000	   4.25844	   4.25844	  40.39970
  8	  6	   0.00000	   0.00000	  -0.00000	   4.25844	   4.25844	  40.91683
  8	  5	   0.00000	   0.00000	  -0.00000	   4.25844	   4.25844	  41.48725
  8	  4	   0.00000	   0.00000	  -0.00000	   4.25844	   4.25844	  42.10856
  8	  3	   0.00000	   0.00000	  -0.00000	   4.25844	   4.25844	  42.77829
  8	  2	   0.00000	   0.00000	  -0.00000	   4.25844	   4.25844	  43.49395
  8	  1	   0.00000	   0.00000	  -0.00000	   4.25844	   4.25844	  44.25310

  9	 30	   0.00000	  -0.00000	   0.00000	   4.25844	   4.25844	  44.03377
  9	 29	   0.00000	  -0.00000	   0.00000	   4.25844	   4.25844	  43.19716
  9	 28	   0.00000	  -0.00000	   0.00000	   4.25844	   4.25844	  42.40121
  9	 27	   0.00000	  -0.00000	   0.00000	   4.25844	   4.25844	  41.64851
  9	 26	   0.00000	  -0.00000	   0.00000	   4.25844	   4.25844	  40.94174
  9	 25	   0.00000	  -0.00000	   0.00000	   4.25844	   4.25844	  40.28359
  9	 24	   0.00000	  -0.00000	   0.00000	   4.25844	   4.25844	  39.67678
  9	 23	   0.00000	  -0.00000	   0.00000	   4.25844	   4.25844	  39.12398
  9	 22	   0.00000	  -0.00000	   0.00000	   4.25844	   4.25844	  38.62780
  9	 21	   0.00000	  -0.00000	   0.00000	   4.25844	   4.25844	  38.19072
  9	 20	   0.00000	  -0.00000	   0.00000	   4.25844	   4.25844	  37.81506
  9	 19	   0.00000	  -0.00000	   0.00000	   4.25844	   4.25844	  37.50289
  9	 18	   0.00000	  -0.00000	   0.00000	   4.25844	   4.25844	  37.25602
  9	 17	   0.00000	  -0.00000	   0.00000	   4.25844	   4.25844	  37.07593
  9	 16	   0.00000	  -0.00000	   0.00000	   4.25844	   4.25844	  36.96371
  9	 15	   0.00000	  -0.00000	   0.00000	   4.25844	   4.25844	  36.92006
  9	 14	   0.00000	  -0.00000	   0.00000	   4.25844	   4.25844	  36.94527
  9	 13	   0.00000	  -0.00000	   0.00000	   4.25844	   4.25844	  37.03916
  9	 12	   0.00000	  -0.00000	  -0.00000	   4.25844	   4.25844	  37.20116
  9	 11	   0.00000	  -0.00000	  -0.00000	   4.25844	   4.25844	  37.43026
  9	 10	   0.00000	  -0.00000	  -0.00000	   4.25844	   4.25844	  37.72509
  9	  9	   0.00000	  -0.00000	  -0.00000	   4.25844	   4.25844	  38.08393
  9	  8	   0.00000	  -0.00000	  -0.00000	   4.25844	   4.25844	  38.50476
  9	  7	   0.00000	  -0.00000	  -0.00000	   4.25844	   4.25844	  38.98534
  9	  6	   0.00000	   0.00000	  -0.00000	   4.25844	   4.25844	  39.52322
  9	  5	   0.00000	   0.00000	  -0.00000	   4.25844	   4.25844	  40.11582
  9	  4	   0.00000	   0.00000	  -0.00000	   4.25844	   4.25844	  40.76048
  9	  3	   0.00000	   0.00000	  -0.00000	   4.25844	   4.25844	  41.45448
  9	  2	   0.00000	   0.00000	  -0.00000	   4.25844	   4.25844	  42.19513
  9	  1	   0.00000	   0.00000	  -0.00000	   4.25844	   4.25844	  42.97975

 10	 30	   0.00000	  -0.00000	   0.00000	   4.25844	   4.25844	  42.81157
 10	 29	   0.00000	  -0.00000	   0.00000	   4.25844	   4.25844	  41.94784
 10	 28	   0.00000	  -0.00000	   0.00000	   4.25844	   4.25844	  41.12492
 10	 27	   0.00000	  -0.00000	   0.00000	   4.25844	   4.25844	  40.34562
 10	 26	   0.00000	  -0.00000	   0.00000	   4.25844	   4.25844	  39.61281
 10	 25	   0.00000	  -0.00000	   0.00000	   4.25844	   4.25844	  38.92945
 10	 24	   0.00000	  -0.00000	   0.00000	   4.25844	   4.25844	  38.29850
 10	 23	   0.00000	  -0.00000	   0.00000	   4.25844	   4.25844	  37.72294
 10	 22	   0.00000	  -0.00000	   0.00000	   4.25844	   4.25844	  37.20566
 10	 21	   0.00000	  -0.00000	   0.00000	   4.25844	   4.25844	  36.74946
 10	 20	   0.00000	  -0.00000	   0.00000	   4.25844	   4.25844	  36.35694
 10	 19	   0.00000	  -0.00000	   0.00000	   4.25844	   4.25844	  36.03045
 10	 18	   0.00000	  -0.00000	   0.00000	   4.25844	   4.25844	  35.77205
 10	 17	   0.00000	  -0.00000	   0.00000	   4.25844	   4.25844	  35.58342
 10	 16	   0.00000	  -0.00000	   0.00000	   4.25844	   4.25844	  35.46584
 10	 15	   0.00000	  -0.00000	   0.00000	   4.25844	   4.25844	  35.42009
 10	 14	   0.00000	  -0.00000	   0.00000	   4.25844	   4.25844	  35.44651
 10	 13	   0.00000	  -0.00000	  -0.00000	   4.25844	   4.25844	  35.54490
 10	 12	   0.00000	  -0.00000	  -0.00000	   4.25844	   4.25844	  35.71459
 10	 11	   0.00000	  -0.00000	  -0.00000	   4.25844	   4.25844	  35.95444
 10	 10	   0.00000	  -0.00000	  -0.00000	   4.25844	   4.25844	  36.26287
 10	  9	   0.00000	  -0.00000	  -0.00000	   4.25844	   4.25844	  36.63792
 10	  8	   0.00000	  -0.00000	  -0.00000	   4.25844	   4.25844	  37.07730
 10	  7	   0.00000	  -0.00000	  -0.00000	   4.25844	   4.25844	  37.57847
 10	  6	   0.00000	  -0.00000	  -0.00000	   4.25844	   4.25844	  38.13869
 10	  5	   0.00000	   0.00000	  -0.00000	   4.25844	   4.25844	  38.75509
 10	  4	   0.00000	   0.00000	  -0.00000	   4.25844	   4.25844	  39.42470
 10	  3	   0.00000	   0.00000	  -0.00000	   4.25844	   4.25844	  40.14455
 10	  2	   0.00000	   0.00000	  -0.00000	   4.25844	   4.25844	  40.91167
 10	  1	   0.00000	   0.00000	  -0.00000	   4.25844	   4.25844	  41.72318

 11	 30	   0.00000	  -0.00000	   0.00000	   4.25844	   4.25844	  41.60962
 11	 29	   0.00000	  -0.00000	   0.00000	   4.25844	   4.25844	  40.71743
 11	 28	   0.00000	  -0.00000	   0.00000	   4.25844	   4.25844	  39.86609
 11	 27	   0.00000	  -0.00000	   0.00000	   4.25844	   4.25844	  39.05861
 11	 26	   0.00000	  -0.00000	   0.00000	   4.25844	   4.25844	  38.29810
 11	 25	   0.00000	  -0.00000	   0.00000	   4.25844	   4.25844	  37.58779
 11	 24	   0.00000	  -0.00000	   0.00000	   4.25844	   4.25844	  36.93095
 11	 23	   0.00000	  -0.00000	   0.00000	   4.25844	   4.25844	  36.33085
 11	 22	   0.00000	  -0.00000	   0.00000	   4.25844	   4.25844	  35.79075
 11	 21	   0.00000	  -0.00000	   0.00000	   4.25844	   4.25844	  35.31377
 11	 20	   0.00000	  -0.00000	   0.00000	   4.25844	   4.25844	  34.90286
 11	 19	   0.00000	  -0.00000	   0.00000	   4.25844	   4.25844	  34.56071
 11	 18	   0.00000	  -0.00000	   0.00000	   4.25844	   4.25844	  34.28967
 11	 17	   0.00000	  -0.00000	   0.00000	   4.25844	   4.25844	  34.09167
 11	 16	   0.00000	  -0.00000	   0.00000	   4.25844	   4.25844	  33.96818
 11	 15	   0.00000	  -0.00000	  -0.00000	   4.25844	   4.25844	  33.92013
 11	 14	   0.00000	  -0.00000	  -0.00000	   4.25844	   4.25844	  33.94788
 11	 13	   0.00000	  -0.00000	  -0.00000	   4.25844	   4.25844	  34.05122
 11	 12	   0.00000	  -0.00000	  -0.00000	   4.25844	   4.25844	  34.22937
 11	 11	   0.00000	  -0.00000	  -0.00000	   4.25844	   4.25844	  34.48101
 11	 10	   0.00000	  -0.00000	  -0.00000	   4.25844	   4.25844	  34.80432
 11	  9	   0.00000	  -0.00000	  -0.00000	   4.25844	   4.25844	  35.19705
 11	  8	   0.00000	  -0.00000	  -0.00000	   4.25844	   4.25844	  35.65660
 11	  7	   0.00000	  -0.00000	  -0.00000	   4.25844	   4.25844	  36.18009
 11	  6	   0.00000	  -0.00000	  -0.00000	   4.25844	   4.25844	  36.76442
 11	  5	   0.00000	  -0.00000	  -0.00000	   4.25844	   4.25844	  37.40637
 11	  4	   0.00000	   0.00000	  -0.00000	   4.25844	   4.25844	  38.10268
 11	  3	   0.00000	   0.00000	  -0.00000	   4.25844	   4.25844	  38.85005
 11	  2	   0.00000	   0.00000	  -0.00000	   4.25844	   4.25844	  39.64525
 11	  1	   0.00000	   0.00000	  -0.00000	   4.25844	   4.25844	  40.48514

 12	 30	   0.00000	  -0.00000	   0.00000	   4.25844	   4.25844	  40.42994
 12	 29	   0.00000	  -0.00000	   0.00000	   4.25844	   4.25844	  39.50790
 12	 28	   0.00000	  -0.00000	   0.00000	   4.25844	   4.25844	  38.62662
 12	 27	   0.00000	  -0.00000	   0.00000	   4.25844	   4.25844	  37.78930
 12	 26	   0.00000	  -0.00000	   0.00000	   4.25844	   4.25844	  36.99933
 12	 25	   0.00000	  -0.00000	   0.00000	   4.25844	   4.25844	  36.26020
 12	 24	   0.00000	  -0.00000	   0.00000	   4.25844	   4.25844	  35.57552
 12	 23	   0.00000	  -0.00000	   0.00000	   4.25844	   4.25844	  34.94894
 12	 22	   0.00000	  -0.00000	   0.00000	   4.25844	   4.25844	  34.38407
 12	 21	   0.00000	  -0.00000	   0.00000	   4.25844	   4.25844	  33.88445
 12	 20	   0.00000	  -0.00000	   0.00000	   4.25844	   4.25844	  33.45343
 12	 19	   0.00000	  -0.00000	   0.00000	   4.25844	   4.25844	  33.09409
 12	 18	   0.00000	  -0.00000	   0.00000	   4.25844	   4.25844	  32.80912
 12	 17	   0.00000	  -0.00000	   0.00000	   4.25844	   4.25844	  32.60079
 12	 16	   0.00000	  -0.00000	  -0.00000	   4.25844	   4.25844	  32.47077
 12	 15	   0.00000	  -0.00000	  -0.00000	   4.25844	   4.25844	  32.42016
 12	 14	   0.00000	  -0.00000	  -0.00000	   4.25844	   4.25844	  32.44939
 12	 13	   0.00000	  -0.00000	  -0.00000	   4.25844	   4.25844	  32.55820
 12	 12	   0.00000	  -0.00000	  -0.00000	   4.25844	   4.25844	  32.74569
 12	 11	   0.00000	  -0.00000	  -0.00000	   4.25844	   4.25844	  33.01032
 12	 10	   0.00000	  -0.00000	  -0.00000	   4.25844	   4.25844	  33.34998
 12	  9	  -0.00000	  -0.00000	  -0.00000	   4.25844	   4.25844	  33.76208
 12	  8	  -0.00000	  -0.00000	  -0.00000	   4.25844	   4.25844	  34.24363
 12	  7	  -0.00000	  -0.00000	  -0.00000	   4.25844	   4.25844	  34.79135
 12	  6	  -0.00000	  -0.00000	  -0.00000	   4.25844	   4.25844	  35.40175
 12	  5	   0.00000	  -0.00000	  -0.00000	   4.25844	   4.25844	  36.07121
 12	  4	   0.00000	  -0.00000	  -0.00000	   4.25844	   4.25844	  36.79610
 12	  3	   0.00000	   0.00000	  -0.00000	   4.25844	   4.25844	  37.57280
 12	  2	   0.00000	   0.00000	  -0.00000	   4.25844	   4.25844	  38.39777
 12	  1	   0.00000	   0.00000	  -0.00000	   4.25844	   4.25844	  39.26759

 13	 30	   0.00000	  -0.00000	   0.00000	   4.25844	   4.25844	  39.27479
 13	 29	   0.00000	  -0.00000	   0.00000	   4.25844	   4.25844	  38.32149
 13	 28	   0.00000	  -0.00000	   0.00000	   4.25844	   4.25844	  37.40868
 13	 27	   0.00000	  -0.00000	   0.00000	   4.24523	   4.24523	  36.52658
 13	 26	   0.00000	  -0.00000	   0.00000	   4.22963	   4.22963	  35.68964
 13	 25	   0.00000	  -0.00000	   0.00000	   4.21313	   4.21313	  34.90318
 13	 24	   0.00000	  -0.00000	   0.00000	   4.19752	   4.19752	  34.17295
 13	 23	   0.00000	  -0.00000	   0.00000	   4.18431	   4.18431	  33.50449
 13	 22	   0.00000	  -0.00000	   0.00000	   4.18431	   4.18431	  32.91270
 13	 21	   0.00000	  -0.00000	   0.00000	   4.18431	   4.18431	  32.38834
 13	 20	   0.00000	  -0.00000	   0.00000	   4.18431	   4.18431	  31.93524
 13	 19	   0.00000	  -0.00000	   0.00000	   4.18431	   4.18431	  31.55695
 13	 18	   0.00000	  -0.00000	   0.00000	   4.18431	   4.18431	  31.25659
 13	 17	   0.00000	  -0.00000	  -0.00000	   4.18431	   4.18431	  31.03678
 13	 16	   0.00000	  -0.00000	  -0.00000	   4.18431	   4.18431	  30.89951
 13	 15	   0.00000	  -0.00000	  -0.00000	   4.18431	   4.18431	  30.84606
 13	 14	  -0.00000	  -0.00000	  -0.00000	   4.18431	   4.18431	  30.87693
 13	 13	  -0.00000	  -0.00000	  -0.00000	   4.18431	   4.18431	  30.99183
 13	 12	  -0.00000	  -0.00000	  -0.00000	   4.18431	   4.18431	  31.18968
 13	 11	  -0.00000	  -0.00000	  -0.00000	   4.18431	   4.18431	  31.46869
 13	 10	  -0.00000	  -0.00000	  -0.00000	   4.18431	   4.18431	  31.82638
 13	  9	  -0.00000	  -0.00000	  -0.00000	   4.18431	   4.18431	  32.25976
 13	  8	  -0.00000	  -0.00000	  -0.00000	   4.18431	   4.18431	  32.76539
 13	  7	  -0.00000	  -0.00000	  -0.00000	   4.19752	   4.19752	  33.35271
 13	  6	  -0.00000	  -0.00000	  -0.00000	   4.21313	   4.21313	  34.00696
 13	  5	  -0.00000	  -0.00000	  -0.00000	   4.22963	   4.22963	  34.72256
 13	  4	  -0.00000	  -0.00000	  -0.00000	   4.24523	   4.24523	  35.49369
 13	  3	  -0.00000	   0.00000	  -0.00000	   4.25844	   4.25844	  36.31485
 13	  2	  -0.00000	   0.00000	  -0.00000	   4.25844	   4.25844	  37.17136
 13	  1	  -0.00000	   0.00000	  -0.00000	   4.25844	   4.25844	  38.07275

 14	 30	   0.00000	  -0.00000	   0.00000	   4.25844	   4.25844	  38.14666
 14	 29	   0.00000	  -0.00000	   0.00000	   4.24448	   4.24448	  37.14673
 14	 28	   0.00000	  -0.00000	   0.00000	   4.22387	   4.22387	  36.18018
 14	 27	   0.00000	  -0.00000	   0.00000	   4.18346	   4.18346	  35.23748
 14	 26	   0.00000	  -0.00000	   0.00000	   4.13572	   4.13572	  34.33504
 14	 25	   0.00000	  -0.00000	   0.00000	   4.08524	   4.08524	  33.48161
 14	 24	   0.00000	  -0.00000	   0.00000	   4.03750	   4.03750	  32.68699
 14	 23	   0.00000	  -0.00000	   0.00000	   3.99709	   3.99709	  31.96028
 14	 22	   0.00000	  -0.00000	   0.00000	   3.97648	   3.97648	  31.31853
 14	 21	   0.00000	  -0.00000	   0.00000	   3.96252	   3.96252	  30.75308
 14	 20	   0.00000	  -0.00000	   0.00000	   3.96252	   3.96252	  30.27566
 14	 19	   0.00000	  -0.00000	   0.00000	   3.96252	   3.96252	  29.87638
 14	 18	   0.00000	  -0.00000	  -0.00000	   3.96252	   3.96252	  29.55891
 14	 17	  -0.00000	  -0.00000	  -0.00000	   3.96252	   3.96252	  29.32632
 14	 16	  -0.00000	  -0.00000	  -0.00000	   3.96252	   3.96252	  29.18095
 14	 15	  -0.00000	  -0.00000	  -0.00000	   3.96252	   3.96252	  29.12432
 14	 14	  -0.00000	  -0.00000	  -0.00000	   3.96252	   3.96252	  29.15703
 14	 13	  -0.00000	  -0.00000	  -0.00000	   3.96252	   3.96252	  29.27872
 14	 12	  -0.00000	  -0.00000	  -0.00000	   3.96252	   3.96252	  29.48814
 14	 11	  -0.00000	  -0.00000	  -0.00000	   3.96252	   3.96252	  29.78313
 14	 10	  -0.00000	  -0.00000	  -0.00000	   3.96252	   3.96252	  30.16082
 14	  9	  -0.00000	  -0.00000	  -0.00000	   3.97648	   3.97648	  30.63166
 14	  8	  -0.00000	  -0.00000	  -0.00000	   3.99709	   3.99709	  31.18431
 14	  7	  -0.00000	  -0.00000	  -0.00000	   4.03750	   4.03750	  31.82765
 14	  6	  -0.00000	  -0.00000	  -0.00000	   4.08524	   4.08524	  32.54468
 14	  5	  -0.00000	  -0.00000	  -0.00000	   4.13572	   4.13572	  33.32623
 14	  4	  -0.00000	  -0.00000	  -0.00000	   4.18346	   4.18346	  34.16234
 14	  3	  -0.00000	  -0.00000	  -0.00000	   4.22387	   4.22387	  35.04400
 14	  2	  -0.00000	   0.00000	  -0.00000	   4.24448	   4.24448	  35.95453
 14	  1	  -0.00000	   0.00000	  -0.00000	   4.25844	   4.25844	  36.90311

 15	 30	   0.00000	  -0.00000	   0.00000	   4.24284	   4.24284	  37.03275
 15	 29	   0.00000	  -0.00000	   0.00000	   4.20314	   4.20314	  35.97302
 15	 28	   0.00000	  -0.00000	   0.00000	   4.14457	   4.14457	  34.93373
 15	 27	   0.00000	  -0.00000	   0.00000	   4.05403	   4.05403	  33.90566
 15	 26	   0.00000	  -0.00000	   0.00000	   3.94708	   3.94708	  32.90854
 15	 25	   0.00000	  -0.00000	   0.00000	   3.83402	   3.83402	  31.95720
 15	 24	   0.00000	  -0.00000	   0.00000	   3.72707	   3.72707	  31.06861
 15	 23	   0.00000	  -0.00000	   0.00000	   3.63653	   3.63653	  30.25809
 15	 22	   0.00000	  -0.00000	   0.00000	   3.57796	   3.57796	  29.54630
 15	 21	   0.00000	  -0.00000	   0.00000	   3.53826	   3.53826	  28.92529
 15	 20	   0.00000	  -0.00000	   0.00000	   3.52266	   3.52266	  28.40535
 15	 19	  -0.00000	  -0.00000	  -0.00000	   3.52266	   3.52266	  27.98273
 15	 18	  -0.00000	  -0.00000	  -0.00000	   3.52266	   3.52266	  27.64614
 15	 17	  -0.00000	  -0.00000	  -0.00000	   3.52266	   3.52266	  27.39920
 15	 16	  -0.00000	  -0.00000	  -0.00000	   3.52266	   3.52266	  27.24472
 15	 15	  -0.00000	  -0.00000	  -0.00000	   3.52266	   3.52266	  27.18451
 15	 14	  -0.00000	  -0.00000	  -0.00000	   3.52266	   3.52266	  27.21929
 15	 13	  -0.00000	  -0.00000	  -0.00000	   3.52266	   3.52266	  27.34864
 15	 12	  -0.00000	  -0.00000	  -0.00000	   3.52266	   3.52266	  27.57103
 15	 11	  -0.00000	  -0.00000	  -0.00000	   3.52266	   3.52266	  27.88392
 15	 10	  -0.00000	  -0.00000	  -0.00000	   3.53826	   3.53826	  28.29949
 15	  9	  -0.00000	  -0.00000	  -0.00000	   3.57796	   3.57796	  28.82208
 15	  8	  -0.00000	  -0.00000	  -0.00000	   3.63653	   3.63653	  29.44181
 15	  7	  -0.00000	  -0.00000	  -0.00000	   3.72707	   3.72707	  30.16680
 15	  6	  -0.00000	  -0.00000	  -0.00000	   3.83402	   3.83402	  30.97635
 15	  5	  -0.00000	  -0.00000	  -0.00000	   3.94708	   3.94708	  31.85503
 15	  4	  -0.00000	  -0.00000	  -0.00000	   4.05403	   4.05403	  32.78556
 15	  3	  -0.00000	  -0.00000	  -0.00000	   4.14457	   4.14457	  33.75280
 15	  2	  -0.00000	  -0.00000	  -0.00000	   4.20314	   4.20314	  34.73663
 15	  1	  -0.00000	   0.00000	  -0.00000	   4.24284	   4.24284	  35.74587

 16	 30	   0.00000	  -0.00000	   0.00000	   4.20314	   4.20314	  35.92766
 16	 29	   0.00000	  -0.00000	   0.00000	   4.12101	   4.12101	  34.79009
 16	 28	   0.00000	  -0.00000	   0.00000	   3.99985	   3.99985	  33.65182
 16	 27	   0.00000	  -0.00000	   0.00000	   3.82668	   3.82668	  32.50396
 16	 26	   0.00000	  -0.00000	   0.00000	   3.62211	   3.62211	  31.37159
 16	 25	   0.00000	  -0.00000	   0.00000	   3.40585	   3.40585	  30.27926
 16	 24	   0.00000	  -0.00000	   0.00000	   3.20128	   3.20128	  29.25559
 16	 23	   0.00000	  -0.00000	   0.00000	   3.02811	   3.02811	  28.32582
 16	 22	   0.00000	  -0.00000	   0.00000	   2.90695	   2.90695	  27.51632
 16	 21	   0.00000	  -0.00000	   0.00000	   2.82482	   2.82482	  26.82000
 16	 20	  -0.00000	  -0.00000	   0.00000	   2.78348	   2.78348	  26.24442
 16	 19	  -0.00000	  -0.00000	  -0.00000	   2.76952	   2.76952	  25.78174
 16	 18	  -0.00000	  -0.00000	  -0.00000	   2.76952	   2.76952	  25.42364
 16	 17	  -0.00000	  -0.00000	  -0.00000	   2.76952	   2.76952	  25.16051
 16	 16	  -0.00000	  -0.00000	  -0.00000	   2.76952	   2.76952	  24.99570
 16	 15	  -0.00000	  -0.00000	  -0.00000	   2.76952	   2.76952	  24.93143
 16	 14	  -0.00000	  -0.00000	  -0.00000	   2.76952	   2.76952	  24.96856
 16	 13	  -0.00000	  -0.00000	  -0.00000	   2.76952	   2.76952	  25.10658
 16	 12	  -0.00000	  -0.00000	  -0.00000	   2.76952	   2.76952	  25.34365
 16	 11	  -0.00000	  -0.00000	  -0.00000	   2.78348	   2.78348	  25.69065
 16	 10	  -0.00000	  -0.00000	  -0.00000	   2.82482	   2.82482	  26.15689
 16	  9	  -0.00000	  -0.00000	  -0.00000	   2.90695	   2.90695	  26.75086
 16	  8	  -0.00000	  -0.00000	  -0.00000	   3.02811	   3.02811	  27.46536
 16	  7	  -0.00000	  -0.00000	  -0.00000	   3.20128	   3.20128	  28.30758
 16	  6	  -0.00000	  -0.00000	  -0.00000	   3.40585	   3.40585	  29.25103
 16	  5	  -0.00000	  -0.00000	  -0.00000	   3.62211	   3.62211	  30.27019
 16	  4	  -0.00000	  -0.00000	  -0.00000	   3.82668	   3.82668	  31.33609
 16	  3	  -0.00000	  -0.00000	  -0.00000	   3.99985	   3.99985	  32.42369
 16	  2	  -0.00000	  -0.00000	  -0.00000	   4.12101	   4.12101	  33.50743
 16	  1	  -0.00000	  -0.00000	  -0.00000	   4.20314	   4.20314	  34.59571

 17	 30	   0.00000	  -0.00000	   0.00000	   4.14457	   4.14457	  34.84005
 17	 29	   0.00000	  -0.00000	   0.00000	   3.99985	   3.99985	  33.60322
 17	 28	   0.00000	  -0.00000	   0.00000	   3.78635	   3.78635	  32.33466
 17	 27	   0.00000	  -0.00000	   0.00000	   3.49127	   3.49127	  31.02585
 17	 26	   0.00000	  -0.00000	   0.00000	   3.14267	   3.14267	  29.70957
 17	 25	   0.00000	  -0.00000	   0.00000	   2.77416	   2.77416	  28.42464
 17	 24	   0.00000	  -0.00000	   0.00000	   2.42556	   2.42556	  27.21657
 17	 23	   0.00000	  -0.00000	   0.00000	   2.13048	   2.13048	  26.12509
 17	 22	  -0.00000	  -0.00000	   0.00000	   1.91697	   1.91697	  25.18473
 17	 21	  -0.00000	  -0.00000	   0.00000	   1.77226	   1.77226	  24.38940
 17	 20	  -0.00000	  -0.00000	  -0.00000	   1.70616	   1.70616	  23.75571
 17	 19	  -0.00000	  -0.00000	  -0.00000	   1.68720	   1.68720	  23.25869
 17	 18	  -0.00000	  -0.00000	  -0.00000	   1.70370	   1.70370	  22.89276
 17	 17	  -0.00000	  -0.00000	  -0.00000	   1.71931	   1.71931	  22.62680
 17	 16	  -0.00000	  -0.00000	  -0.00000	   1.73252	   1.73252	  22.46342
 17	 15	  -0.00000	  -0.00000	  -0.00000	   1.73252	   1.73252	  22.39450
 17	 14	  -0.00000	  -0.00000	  -0.00000	   1.73252	   1.73252	  22.43431
 17	 13	  -0.00000	  -0.00000	  -0.00000	   1.71931	   1.71931	  22.56904
 17	 12	  -0.00000	  -0.00000	  -0.00000	   1.70370	   1.70370	  22.80721
 17	 11	  -0.00000	  -0.00000	  -0.00000	   1.72177	   1.72177	  23.18116
 17	 10	  -0.00000	  -0.00000	  -0.00000	   1.78547	   1.78547	  23.69785
 17	  9	  -0.00000	  -0.00000	  -0.00000	   1.91697	   1.91697	  24.37358
 17	  8	  -0.00000	  -0.00000	  -0.00000	   2.13048	   2.13048	  25.21611
 17	  7	  -0.00000	  -0.00000	  -0.00000	   2.42556	   2.42556	  26.21828
 17	  6	  -0.00000	  -0.00000	  -0.00000	   2.77416	   2.77416	  27.34528
 17	  5	  -0.00000	  -0.00000	  -0.00000	   3.14267	   3.14267	  28.55698
 17	  4	  -0.00000	  -0.00000	  -0.00000	   3.49127	   3.49127	  29.80731
 17	  3	  -0.00000	  -0.00000	  -0.00000	   3.78635	   3.78635	  31.05687
 17	  2	  -0.00000	  -0.00000	  -0.00000	   3.99985	   3.99985	  32.27225
 17	  1	  -0.00000	  -0.00000	  -0.00000	   4.14457	   4.14457	  33.46138

 18	 30	   0.00000	  -0.00000	   0.00000	   4.05403	   4.05403	  33.76059
 18	 29	   0.00000	  -0.00000	   0.00000	   3.82668	   3.82668	  32.40336
 18	 28	   0.00000	  -0.00000	   0.00000	   3.49127	   3.49127	  30.97350
 18	 27	   0.00000	  -0.00000	   0.00000	   3.03524	   3.03524	  29.46288
 18	 26	   0.00000	  -0.00000	   0.00000	   2.49650	   2.49650	  27.91436
 18	 25	   0.00000	  -0.00000	   0.00000	   1.92699	   1.92699	  26.38541
 18	 24	   0.00000	  -0.00000	   0.00000	   1.38825	   1.38825	  24.94375
 18	 23	  -0.00000	  -0.00000	   0.00000	   0.93222	   0.93222	  23.64804
 18	 22	  -0.00000	  -0.00000	   0.00000	   0.61077	   0.61077	  22.55742
 18	 21	  -0.00000	  -0.00000	  -0.00000	   0.41724	   0.41724	  21.67288
 18	 20	  -0.00000	  -0.00000	  -0.00000	   0.33062	   0.33062	  20.98127
 18	 19	  -0.00000	  -0.00000	  -0.00000	   0.31748	   0.31748	  20.45691
 18	 18	  -0.00000	  -0.00000	  -0.00000	   0.35385	   0.35385	  20.08310
 18	 17	  -0.00000	  -0.00000	  -0.00000	   0.39920	   0.39920	  19.82574
 18	 16	  -0.00000	  -0.00000	  -0.00000	   0.42640	   0.42640	  19.66276
 18	 15	  -0.00000	  -0.00000	  -0.00000	   0.43304	   0.43304	  19.59510
 18	 14	  -0.00000	  -0.00000	  -0.00000	   0.42640	   0.42640	  19.63138
 18	 13	  -0.00000	  -0.00000	  -0.00000	   0.39920	   0.39920	  19.76356
 18	 12	  -0.00000	  -0.00000	  -0.00000	   0.36706	   0.36706	  20.00441
 18	 11	  -0.00000	  -0.00000	  -0.00000	   0.37926	   0.37926	  20.39856
 18	 10	  -0.00000	  -0.00000	  -0.00000	   0.46005	   0.46005	  20.96418
 18	  9	  -0.00000	  -0.00000	  -0.00000	   0.64459	   0.64459	  21.72933
 18	  8	  -0.00000	  -0.00000	  -0.00000	   0.94619	   0.94619	  22.69966
 18	  7	  -0.00000	  -0.00000	  -0.00000	   1.38825	   1.38825	  23.89070
 18	  6	  -0.00000	  -0.00000	  -0.00000	   1.92699	   1.92699	  25.25095
 18	  5	  -0.00000	  -0.00000	  -0.00000	   2.49650	   2.49650	  26.70712
 18	  4	  -0.00000	  -0.00000	  -0.00000	   3.03524	   3.03524	  28.19078
 18	  3	  -0.00000	  -0.00000	  -0.00000	   3.49127	   3.49127	  29.64367
 18	  2	  -0.00000	  -0.00000	  -0.00000	   3.82668	   3.82668	  31.02219
 18	  1	  -0.00000	  -0.00000	  -0.00000	   4.05403	   4.05403	  32.33375

 19	 30	   0.00000	  -0.00000	   0.00000	   3.94708	   3.94708	  32.70897
 19	 29	   0.00000	  -0.00000	   0.00000	   3.62211	   3.62211	  31.21547
 19	 28	   0.00000	  -0.00000	   0.00000	   3.14267	   3.14267	  29.60094
 19	 27	   0.00000	  -0.00000	   0.00000	   2.49650	   2.49650	  27.85764
 19	 26	   0.00000	  -0.00000	   0.00000	   1.73314	   1.73314	  26.04023
 19	 25	   0.00000	  -0.00000	   0.00000	   0.92618	   0.92618	  24.22814
 19	 24	  -0.00000	  -0.00000	   0.00000	   0.16282	   0.16282	  22.51519
 19	 23	  -0.00000	  -0.00000	   0.00000	  -0.45377	  -0.45377	  21.01190
 19	 22	  -0.00000	  -0.00000	   0.00000	  -0.87367	  -0.87367	  19.77633
 19	 21	  -0.00000	  -0.00000	  -0.00000	  -1.11786	  -1.11786	  18.79618
 19	 20	  -0.00000	  -0.00000	  -0.00000	  -1.20774	  -1.20774	  18.05923
 19	 19	  -0.00000	  -0.00000	  -0.00000	  -1.19286	  -1.19286	  17.52513
 19	 18	  -0.00000	  -0.00000	  -0.00000	  -1.11374	  -1.11374	  17.16221
 19	 17	  -0.00000	  -0.00000	  -0.00000	  -1.02733	  -1.02733	  16.92141
 19	 16	  -0.00000	  -0.00000	  -0.00000	  -0.97221	  -0.97221	  16.77051
 19	 15	  -0.00000	  -0.00000	  -0.00000	  -0.94602	  -0.94602	  16.71613
 19	 14	  -0.00000	  -0.00000	  -0.00000	  -0.97221	  -0.97221	  16.73649
 19	 13	  -0.00000	  -0.00000	  -0.00000	  -1.02733	  -1.02733	  16.85409
 19	 12	  -0.00000	  -0.00000	  -0.00000	  -1.08492	  -1.08492	  17.09177
 19	 11	  -0.00000	  -0.00000	  -0.00000	  -1.09895	  -1.09895	  17.48973
 19	 10	  -0.00000	  -0.00000	  -0.00000	  -1.01911	  -1.01911	  18.09074
 19	  9	  -0.00000	  -0.00000	  -0.00000	  -0.79289	  -0.79289	  18.93864
 19	  8	  -0.00000	  -0.00000	  -0.00000	  -0.39423	  -0.39423	  20.05034
 19	  7	  -0.00000	  -0.00000	  -0.00000	   0.19239	   0.19239	  21.43215
 19	  6	  -0.00000	  -0.00000	  -0.00000	   0.92618	   0.92618	  23.03442
 19	  5	  -0.00000	  -0.00000	  -0.00000	   1.73314	   1.73314	  24.77487
 19	  4	  -0.00000	  -0.00000	  -0.00000	   2.49650	   2.49650	  26.52915
 19	  3	  -0.00000	  -0.00000	  -0.00000	   3.14267	   3.14267	  28.21686
 19	  2	  -0.00000	  -0.00000	  -0.00000	   3.62211	   3.62211	  29.78243
 19	  1	  -0.00000	  -0.00000	  -0.00000	   3.94708	   3.94708	  31.23278

 20	 30	   0.00000	  -0.00000	   0.00000	   3.83402	   3.83402	  31.70001
 20	 29	   0.00000	  -0.00000	   0.00000	   3.40585	   3.40585	  30.06406
 20	 28	   0.00000	  -0.00000	   0.00000	   2.77416	   2.77416	  28.25567
 20	 27	   0.00000	  -0.00000	   0.00000	   1.92699	   1.92699	  26.26737
 20	 26	   0.00000	  -0.00000	   0.00000	   0.92618	   0.92618	  24.16626
 20	 25	  -0.00000	  -0.00000	   0.00000	  -0.13181	  -0.13181	  22.05486
 20	 24	  -0.00000	  -0.00000	   0.00000	  -1.08908	  -1.08908	  20.09807
 20	 23	  -0.00000	  -0.00000	   0.00000	  -1.85097	  -1.85097	  18.39853
 20	 22	  -0.00000	  -0.00000	  -0.00000	  -2.35946	  -2.35946	  17.02325
 20	 21	  -0.00000	  -0.00000	  -0.00000	  -2.62628	  -2.62628	  15.97039
 20	 20	  -0.00000	  -0.00000	  -0.00000	  -2.68608	  -2.68608	  15.21596
 20	 19	  -0.00000	  -0.00000	  -0.00000	  -2.60841	  -2.60841	  14.70143
 20	 18	  -0.00000	  -0.00000	  -0.00000	  -2.46411	  -2.46411	  14.36673
 20	 17	  -0.00000	  -0.00000	  -0.00000	  -2.30974	  -2.30974	  14.16522
 20	 16	  -0.00000	  -0.00000	  -0.00000	  -2.20090	  -2.20090	  14.04937
 20	 15	  -0.00000	  -0.00000	  -0.00000	  -2.17061	  -2.17061	  13.99164
 20	 14	  -0.00000	  -0.00000	  -0.00000	  -2.20090	  -2.20090	  14.01222
 20	 13	  -0.00000	  -0.00000	  -0.00000	  -2.30974	  -2.30974	  14.09186
 20	 12	  -0.00000	  -0.00000	  -0.00000	  -2.41880	  -2.41880	  14.30422
 20	 11	  -0.00000	  -0.00000	  -0.00000	  -2.48052	  -2.48052	  14.68940
 20	 10	  -0.00000	  -0.00000	  -0.00000	  -2.43486	  -2.43486	  15.29797
 20	  9	  -0.00000	  -0.00000	  -0.00000	  -2.19811	  -2.19811	  16.20298
 20	  8	  -0.00000	  -0.00000	  -0.00000	  -1.72777	  -1.72777	  17.43593
 20	  7	  -0.00000	  -0.00000	  -0.00000	  -1.00380	  -1.00380	  19.00606
 20	  6	  -0.00000	  -0.00000	  -0.00000	  -0.08827	  -0.08827	  20.84117
 20	  5	  -0.00000	  -0.00000	  -0.00000	   0.92618	   0.92618	  22.83938
 20	  4	  -0.00000	  -0.00000	  -0.00000	   1.92699	   1.92699	  24.87988
 20	  3	  -0.00000	  -0.00000	  -0.00000	   2.77416	   2.77416	  26.81542
 20	  2	  -0.00000	  -0.00000	  -0.00000	   3.40585	   3.40585	  28.57785
 20	  1	  -0.00000	  -0.00000	  -0.00000	   3.83402	   3.83402	  30.17365

 21	 30	   0.00000	  -0.00000	   0.00000	   3.72707	   3.72707	  30.75077
 21	 29	   0.00000	  -0.00000	   0.00000	   3.20128	   3.20128	  28.97777
 21	 28	   0.00000	  -0.00000	   0.00000	   2.42556	   2.42556	  26.98313
 21	 27	   0.00000	  -0.00000	   0.00000	   1.38825	   1.38825	  24.75963
 21	 26	  -0.00000	  -0.00000	   0.00000	   0.16282	   0.16282	  22.38597
 21	 25	  -0.00000	  -0.00000	   0.00000	  -1.08908	  -1.08908	  20.03000
 21	 24	  -0.00000	  -0.00000	   0.00000	  -2.22184	  -2.22184	  17.84461
 21	 23	  -0.00000	  -0.00000	   0.00000	  -3.10038	  -3.10038	  15.97341
 21	 22	  -0.00000	  -0.00000	  -0.00000	  -3.65305	  -3.65305	  14.49789
 21	 21	  -0.00000	  -0.00000	  -0.00000	  -3.89418	  -3.89418	  13.41488
 21	 20	  -0.00000	  -0.00000	  -0.00000	  -3.87474	  -3.87474	  12.68576
 21	 19	  -0.00000	  -0.00000	  -0.00000	  -3.68792	  -3.68792	  12.23054
 21	 18	  -0.00000	  -0.00000	  -0.00000	  -3.42824	  -3.42824	  11.96800
 21	 17	  -0.00000	  -0.00000	  -0.00000	  -3.17026	  -3.17026	  11.83611
 21	 16	  -0.00000	  -0.00000	  -0.00000	  -3.01195	  -3.01195	  11.74739
 21	 15	  -0.00000	  -0.00000	  -0.00000	  -2.94990	  -2.94990	  11.71248
 21	 14	  -0.00000	  -0.00000	  -0.00000	  -3.01195	  -3.01195	  11.70648
 21	 13	  -0.00000	  -0.00000	  -0.00000	  -3.17026	  -3.17026	  11.75553
 21	 12	  -0.00000	  -0.00000	  -0.00000	  -3.36732	  -3.36732	  11.91098
 21	 11	  -0.00000	  -0.00000	  -0.00000	  -3.52790	  -3.52790	  12.23831
 21	 10	  -0.00000	  -0.00000	  -0.00000	  -3.55109	  -3.55109	  12.82634
 21	  9	  -0.00000	  -0.00000	  -0.00000	  -3.35278	  -3.35278	  13.74597
 21	  8	  -0.00000	  -0.00000	  -0.00000	  -2.86083	  -2.86083	  15.05604
 21	  7	  -0.00000	  -0.00000	  -0.00000	  -2.04746	  -2.04746	  16.77171
 21	  6	  -0.00000	  -0.00000	  -0.00000	  -0.98319	  -0.98319	  18.81095
 21	  5	  -0.00000	  -0.00000	  -0.00000	   0.20636	   0.20636	  21.03795
 21	  4	  -0.00000	  -0.00000	  -0.00000	   1.38825	   1.38825	  23.31090
 21	  3	  -0.00000	  -0.00000	  -0.00000	   2.42556	   2.42556	  25.48525
 21	  2	  -0.00000	  -0.00000	  -0.00000	   3.20128	   3.20128	  27.43754
 21	  1	  -0.00000	  -0.00000	  -0.00000	   3.72707	   3.72707	  29.17394

 22	 30	   0.00000	  -0.00000	   0.00000	   3.63653	   3.63653	  29.87672
 22	 29	   0.00000	  -0.00000	   0.00000	   3.02811	   3.02811	  27.98195
 22	 28	   0.00000	  -0.00000	   0.00000	   2.13048	   2.13048	  25.82312
 22	 27	   0.00000	  -0.00000	   0.00000	   0.93222	   0.93222	  23.39304
 22	 26	  -0.00000	  -0.00000	   0.00000	  -0.45377	  -0.45377	  20.80970
 22	 25	  -0.00000	  -0.00000	   0.00000	  -1.85097	  -1.85097	  18.25581
 22	 24	  -0.00000	  -0.00000	   0.00000	  -3.08717	  -3.08717	  15.91097
 22	 23	  -0.00000	  -0.00000	   0.00000	  -4.01719	  -4.01719	  13.92930
 22	 22	  -0.00000	  -0.00000	  -0.00000	  -4.54936	  -4.54936	  12.41305
 22	 21	  -0.00000	  -0.00000	  -0.00000	  -4.70416	  -4.70416	  11.35418
 22	 20	  -0.00000	  -0.00000	  -0.00000	  -4.55199	  -4.55199	  10.69653
 22	 19	  -0.00000	  -0.00000	  -0.00000	  -4.22188	  -4.22188	  10.32681
 22	 18	  -0.00000	  -0.00000	  -0.00000	  -3.82300	  -3.82300	  10.15238
 22	 17	  -0.00000	  -0.00000	  -0.00000	  -3.43586	  -3.43586	  10.10882
 22	 16	  -0.00000	  -0.00000	  -0.00000	  -3.19526	  -3.19526	  10.07521
 22	 15	  -0.00000	  -0.00000	  -0.00000	  -3.11959	  -3.11959	  10.04295
 22	 14	  -0.00000	  -0.00000	  -0.00000	  -3.19526	  -3.19526	  10.02969
 22	 13	  -0.00000	  -0.00000	  -0.00000	  -3.43586	  -3.43586	  10.01948
 22	 12	  -0.00000	  -0.00000	  -0.00000	  -3.73490	  -3.73490	  10.11044
 22	 11	  -0.00000	  -0.00000	  -0.00000	  -4.01406	  -4.01406	  10.36789
 22	 10	  -0.00000	  -0.00000	  -0.00000	  -4.16424	  -4.16424	  10.88526
 22	  9	  -0.00000	  -0.00000	  -0.00000	  -4.06361	  -4.06361	  11.76783
 22	  8	  -0.00000	  -0.00000	  -0.00000	  -3.61776	  -3.61776	  13.09395
 22	  7	  -0.00000	  -0.00000	  -0.00000	  -2.78680	  -2.78680	  14.88885
 22	  6	  -0.00000	  -0.00000	  -0.00000	  -1.64439	  -1.64439	  17.06591
 22	  5	  -0.00000	  -0.00000	  -0.00000	  -0.33392	  -0.33392	  19.47068
 22	  4	  -0.00000	  -0.00000	  -0.00000	   0.97576	   0.97576	  21.92497
 22	  3	  -0.00000	  -0.00000	  -0.00000	   2.13048	   2.13048	  24.26679
 22	  2	  -0.00000	  -0.00000	  -0.00000	   3.02811	   3.02811	  26.38755
 22	  1	  -0.00000	  -0.00000	  -0.00000	   3.63653	   3.63653	  28.24975

 23	 30	   0.00000	  -0.00000	   0.00000	   3.57796	   3.57796	  29.09882
 23	 29	   0.00000	  -0.00000	   0.00000	   2.90695	   2.90695	  27.10326
 23	 28	   0.00000	  -0.00000	   0.00000	   1.91697	   1.91697	  24.81039
 23	 27	  -0.00000	  -0.00000	   0.00000	   0.61077	   0.61077	  22.22686
 23	 26	  -0.00000	  -0.00000	   0.00000	  -0.85970	  -0.85970	  19.50945
 23	 25	  -0.00000	  -0.00000	   0.00000	  -2.33886	  -2.33886	  16.81968
 23	 24	  -0.00000	  -0.00000	   0.00000	  -3.61263	  -3.61263	  14.37893
 23	 23	  -0.00000	  -0.00000	  -0.00000	  -4.51812	  -4.51812	  12.35919
 23	 22	  -0.00000	  -0.00000	  -0.00000	  -4.95934	  -4.95934	  10.86754
 23	 21	  -0.00000	  -0.00000	  -0.00000	  -4.96783	  -4.96783	   9.88604
 23	 20	  -0.00000	  -0.00000	  -0.00000	  -4.63658	  -4.63658	   9.33784
 23	 19	  -0.00000	  -0.00000	  -0.00000	  -4.12140	  -4.12140	   9.08585
 23	 18	  -0.00000	  -0.00000	  -0.00000	  -3.54711	  -3.54711	   9.02581
 23	 17	  -0.00000	  -0.00000	  -0.00000	  -3.04639	  -3.04639	   9.04598
 23	 16	  -0.00000	  -0.00000	  -0.00000	  -2.71682	  -2.71682	   9.06759
 23	 15	  -0.00000	  -0.00000	  -0.00000	  -2.60657	  -2.60657	   9.05616
 23	 14	  -0.00000	  -0.00000	  -0.00000	  -2.71682	  -2.71682	   9.01631
 23	 13	  -0.00000	  -0.00000	  -0.00000	  -3.03078	  -3.03078	   8.96144
 23	 12	  -0.00000	  -0.00000	  -0.00000	  -3.44724	  -3.44724	   8.98096
 23	 11	  -0.00000	  -0.00000	  -0.00000	  -3.87561	  -3.87561	   9.14773
 23	 10	  -0.00000	  -0.00000	  -0.00000	  -4.18794	  -4.18794	   9.56904
 23	  9	  -0.00000	  -0.00000	  -0.00000	  -4.23761	  -4.23761	  10.37066
 23	  8	  -0.00000	  -0.00000	  -0.00000	  -3.90678	  -3.90678	  11.65113
 23	  7	  -0.00000	  -0.00000	  -0.00000	  -3.13874	  -3.13874	  13.45027
 23	  6	  -0.00000	  -0.00000	  -0.00000	  -2.00292	  -2.00292	  15.68443
 23	  5	  -0.00000	  -0.00000	  -0.00000	  -0.65220	  -0.65220	  18.18896
 23	  4	  -0.00000	  -0.00000	  -0.00000	   0.72563	   0.72563	  20.76649
 23	  3	  -0.00000	  -0.00000	  -0.00000	   1.94655	   1.94655	  23.22525
 23	  2	  -0.00000	  -0.00000	  -0.00000	   2.90695	   2.90695	  25.45535
 23	  1	  -0.00000	  -0.00000	  -0.00000	   3.57796	   3.57796	  27.42282

 24	 30	   0.00000	  -0.00000	   0.00000	   3.53826	   3.53826	  28.40956
 24	 29	   0.00000	  -0.00000	   0.00000	   2.82482	   2.82482	  26.33500
 24	 28	  -0.00000	  -0.00000	   0.00000	   1.77226	   1.77226	  23.93924
 24	 27	  -0.00000	  -0.00000	   0.00000	   0.43284	   0.43284	  21.27804
 24	 26	  -0.00000	  -0.00000	   0.00000	  -1.07817	  -1.07817	  18.47099
 24	 25	  -0.00000	  -0.00000	   0.00000	  -2.56771	  -2.56771	  15.71661
 24	 24	  -0.00000	  -0.00000	   0.00000	  -3.80364	  -3.80364	  13.25401
 24	 23	  -0.00000	  -0.00000	  -0.00000	  -4.61282	  -4.61282	  11.26516
 24	 22	  -0.00000	  -0.00000	  -0.00000	  -4.90251	  -4.90251	   9.85409
 24	 21	  -0.00000	  -0.00000	  -0.00000	  -4.72102	  -4.72102	   8.98680
 24	 20	  -0.00000	  -0.00000	  -0.00000	  -4.18647	  -4.18647	   8.56309
 24	 19	  -0.00000	  -0.00000	  -0.00000	  -3.48010	  -3.48010	   8.42361
 24	 18	  -0.00000	  -0.00000	  -0.00000	  -2.73951	  -2.73951	   8.45626
 24	 17	  -0.00000	  -0.00000	  -0.00000	  -2.11896	  -2.11896	   8.53432
 24	 16	  -0.00000	  -0.00000	  -0.00000	  -1.73554	  -1.73554	   8.56685
 24	 15	  -0.00000	  -0.00000	  -0.00000	  -1.59059	  -1.59059	   8.57240
 24	 14	  -0.00000	  -0.00000	  -0.00000	  -1.72158	  -1.72158	   8.52212
 24	 13	  -0.00000	  -0.00000	  -0.00000	  -2.09323	  -2.09323	   8.44624
 24	 12	  -0.00000	  -0.00000	  -0.00000	  -2.62295	  -2.62295	   8.41006
 24	 11	  -0.00000	  -0.00000	  -0.00000	  -3.19572	  -3.19572	   8.50361
 24	 10	  -0.00000	  -0.00000	  -0.00000	  -3.67959	  -3.67959	   8.83126
 24	  9	  -0.00000	  -0.00000	  -0.00000	  -3.90996	  -3.90996	   9.53133
 24	  8	  -0.00000	  -0.00000	  -0.00000	  -3.74675	  -3.74675	  10.72099
 24	  7	  -0.00000	  -0.00000	  -0.00000	  -3.11240	  -3.11240	  12.45881
 24	  6	  -0.00000	  -0.00000	  -0.00000	  -2.06379	  -2.06379	  14.67267
 24	  5	  -0.00000	  -0.00000	  -0.00000	  -0.75323	  -0.75323	  17.19827
 24	  4	  -0.00000	  -0.00000	  -0.00000	   0.62148	   0.62148	  19.82833
 24	  3	  -0.00000	  -0.00000	  -0.00000	   1.86138	   1.86138	  22.35651
 24	  2	  -0.00000	  -0.00000	  -0.00000	   2.83879	   2.83879	  24.64928
 24	  1	  -0.00000	  -0.00000	  -0.00000	   3.53826	   3.53826	  26.68657

 25	 30	   0.00000	  -0.00000	   0.00000	   3.52266	   3.52266	  27.81974
 25	 29	   0.00000	  -0.00000	   0.00000	   2.78348	   2.78348	  25.68535
 25	 28	  -0.00000	  -0.00000	   0.00000	   1.72013	   1.72013	  23.24087
 25	 27	  -0.00000	  -0.00000	   0.00000	   0.37196	   0.37196	  20.52858
 25	 26	  -0.00000	  -0.00000	   0.00000	  -1.12562	  -1.12562	  17.68758
 25	 25	  -0.00000	  -0.00000	   0.00000	  -2.56492	  -2.56492	  14.93031
 25	 24	  -0.00000	  -0.00000	   0.00000	  -3.70157	  -3.70157	  12.50738
 25	 23	  -0.00000	  -0.00000	  -0.00000	  -4.36063	  -4.36063	  10.60190
 25	 22	  -0.00000	  -0.00000	  -0.00000	  -4.46073	  -4.46073	   9.30605
 25	 21	  -0.00000	  -0.00000	  -0.00000	  -4.07243	  -4.07243	   8.56368
 25	 20	  -0.00000	  -0.00000	  -0.00000	  -3.33992	  -3.33992	   8.24966
 25	 19	  -0.00000	  -0.00000	  -0.00000	  -2.45742	  -2.45742	   8.19459
 25	 18	  -0.00000	  -0.00000	  -0.00000	  -1.58574	  -1.58574	   8.26882
 25	 17	  -0.00000	  -0.00000	  -0.00000	  -0.87816	  -0.87816	   8.35544
 25	 16	  -0.00000	  -0.00000	  -0.00000	  -0.44489	  -0.44489	   8.38157
 25	 15	  -0.00000	  -0.00000	  -0.00000	  -0.29621	  -0.29621	   8.36712
 25	 14	  -0.00000	  -0.00000	  -0.00000	  -0.42428	  -0.42428	   8.33359
 25	 13	  -0.00000	  -0.00000	  -0.00000	  -0.84019	  -0.84019	   8.26186
 25	 12	  -0.00000	  -0.00000	  -0.00000	  -1.44901	  -1.44901	   8.22024
 25	 11	  -0.00000	  -0.00000	  -0.00000	  -2.14328	  -2.14328	   8.27983
 25	 10	  -0.00000	  -0.00000	  -0.00000	  -2.77814	  -2.77814	   8.54830
 25	  9	  -0.00000	  -0.00000	  -0.00000	  -3.18924	  -3.18924	   9.15723
 25	  8	  -0.00000	  -0.00000	  -0.00000	  -3.21795	  -3.21795	  10.23873
 25	  7	  -0.00000	  -0.00000	  -0.00000	  -2.76369	  -2.76369	  11.87289
 25	  6	  -0.00000	  -0.00000	  -0.00000	  -1.86324	  -1.86324	  14.00738
 25	  5	  -0.00000	  -0.00000	  -0.00000	  -0.65810	  -0.65810	  16.48901
 25	  4	  -0.00000	  -0.00000	  -0.00000	   0.65340	   0.65340	  19.11065
 25	  3	  -0.00000	  -0.00000	  -0.00000	   1.86285	   1.86285	  21.65723
 25	  2	  -0.00000	  -0.00000	  -0.00000	   2.83127	   2.83127	  23.98462
 25	  1	  -0.00000	  -0.00000	  -0.00000	   3.52266	   3.52266	  26.05289

 26	 30	   0.00000	  -0.00000	   0.00000	   3.52266	   3.52266	  27.32634
 26	 29	  -0.00000	  -0.00000	   0.00000	   2.76952	   2.76952	  25.14724
 26	 28	  -0.00000	  -0.00000	   0.00000	   1.72177	   1.72177	  22.68386
 26	 27	  -0.00000	  -0.00000	   0.00000	   0.39679	   0.39679	  19.95584
 26	 26	  -0.00000	  -0.00000	   0.00000	  -1.04815	  -1.04815	  17.12335
 26	 25	  -0.00000	  -0.00000	   0.00000	  -2.39490	  -2.39490	  14.40838
 26	 24	  -0.00000	  -0.00000	   0.00000	  -3.39283	  -3.39283	  12.06670
 26	 23	  -0.00000	  -0.00000	  -0.00000	  -3.87328	  -3.87328	  10.27395
 26	 22	  -0.00000	  -0.00000	  -0.00000	  -3.77349	  -3.77349	   9.10251
 26	 21	  -0.00000	  -0.00000	  -0.00000	  -3.19007	  -3.19007	   8.46919
 26	 20	  -0.00000	  -0.00000	  -0.00000	  -2.28350	  -2.28350	   8.23246
 26	 19	  -0.00000	  -0.00000	  -0.00000	  -1.27565	  -1.27565	   8.19706
 26	 18	  -0.00000	  -0.00000	  -0.00000	  -0.32572	  -0.32572	   8.24045
 26	 17	  -0.00000	  -0.00000	  -0.00000	   0.42355	   0.42355	   8.26742
 26	 16	  -0.00000	  -0.00000	  -0.00000	   0.87687	   0.87687	   8.23712
 26	 15	  -0.00000	  -0.00000	  -0.00000	   1.02691	   1.02691	   8.19073
 26	 14	  -0.00000	  -0.00000	  -0.00000	   0.90407	   0.90407	   8.18194
 26	 13	  -0.00000	  -0.00000	  -0.00000	   0.47367	   0.47367	   8.16226
 26	 12	  -0.00000	  -0.00000	  -0.00000	  -0.16895	  -0.16895	   8.18337
 26	 11	  -0.00000	  -0.00000	  -0.00000	  -0.93195	  -0.93195	   8.28262
 26	 10	  -0.00000	  -0.00000	  -0.00000	  -1.68269	  -1.68269	   8.54254
 26	  9	  -0.00000	  -0.00000	  -0.00000	  -2.24680	  -2.24680	   9.09791
 26	  8	  -0.00000	  -0.00000	  -0.00000	  -2.46135	  -2.46135	  10.08254
 26	  7	  -0.00000	  -0.00000	  -0.00000	  -2.20302	  -2.20302	  11.59902
 26	  6	  -0.00000	  -0.00000	  -0.00000	  -1.48332	  -1.48332	  13.62109
 26	  5	  -0.00000	  -0.00000	  -0.00000	  -0.42453	  -0.42453	  16.01597
 26	  4	  -0.00000	  -0.00000	  -0.00000	   0.78305	   0.78305	  18.58578
 26	  3	  -0.00000	  -0.00000	  -0.00000	   1.92703	   1.92703	  21.11256
 26	  2	  -0.00000	  -0.00000	  -0.00000	   2.86011	   2.86011	  23.44485
 26	  1	  -0.00000	  -0.00000	  -0.00000	   3.53587	   3.53587	  25.53310

 27	 30	   0.00000	  -0.00000	   0.00000	   3.52266	   3.52266	  26.91886
 27	 29	  -0.00000	  -0.00000	   0.00000	   2.78273	   2.78273	  24.72651
 27	 28	  -0.00000	  -0.00000	   0.00000	   1.76547	   1.76547	  22.26368
 27	 27	  -0.00000	  -0.00000	   0.00000	   0.48328	   0.48328	  19.54432
 27	 26	  -0.00000	  -0.00000	   0.00000	  -0.88639	  -0.88639	  16.74796
 27	 25	  -0.00000	  -0.00000	   0.00000	  -2.12870	  -2.12870	  14.09220
 27	 24	  -0.00000	  -0.00000	   0.00000	  -2.98543	  -2.98543	  11.83902
 27	 23	  -0.00000	  -0.00000	  -0.00000	  -3.28666	  -3.28666	  10.16366
 27	 22	  -0.00000	  -0.00000	  -0.00000	  -2.99246	  -2.99246	   9.11367
 27	 21	  -0.00000	  -0.00000	  -0.00000	  -2.23958	  -2.23958	   8.56344
 27	 20	  -0.00000	  -0.00000	  -0.00000	  -1.20943	  -1.20943	   8.34841
 27	 19	  -0.00000	  -0.00000	  -0.00000	  -0.12181	  -0.12181	   8.27458
 27	 18	  -0.00000	  -0.00000	  -0.00000	   0.86021	   0.86021	   8.21862
 27	 17	  -0.00000	  -0.00000	  -0.00000	   1.60563	   1.60563	   8.10896
 27	 16	  -0.00000	  -0.00000	  -0.00000	   2.04987	   2.04987	   7.96091
 27	 15	  -0.00000	  -0.00000	  -0.00000	   2.20203	   2.20203	   7.86660
 27	 14	  -0.00000	  -0.00000	  -0.00000	   2.08201	   2.08201	   7.89014
 27	 13	  -0.00000	  -0.00000	  -0.00000	   1.66484	   1.66484	   7.98000
 27	 12	  -0.00000	  -0.00000	  -0.00000	   1.03196	   1.03196	   8.14029
 27	 11	  -0.00000	  -0.00000	  -0.00000	   0.24400	   0.24400	   8.34804
 27	 10	  -0.00000	  -0.00000	  -0.00000	  -0.57944	  -0.57944	   8.65757
 27	  9	  -0.00000	  -0.00000	  -0.00000	  -1.26182	  -1.26182	   9.20094
 27	  8	  -0.00000	  -0.00000	  -0.00000	  -1.64387	  -1.64387	  10.10842
 27	  7	  -0.00000	  -0.00000	  -0.00000	  -1.56871	  -1.56871	  11.51806
 27	  6	  -0.00000	  -0.00000	  -0.00000	  -1.03112	  -1.03112	  13.42261
 27	  5	  -0.00000	  -0.00000	  -0.00000	  -0.11972	  -0.11972	  15.72507
 27	  4	  -0.00000	  -0.00000	  -0.00000	   0.97540	   0.97540	  18.22951
 27	  3	  -0.00000	  -0.00000	  -0.00000	   2.03582	   2.03582	  20.71338
 27	  2	  -0.00000	  -0.00000	  -0.00000	   2.90875	   2.90875	  23.02089
 27	  1	  -0.00000	  -0.00000	  -0.00000	   3.55148	   3.55148	  25.10711

 28	 30	   0.00000	  -0.00000	   0.00000	   3.52266	   3.52266	  26.60185
 28	 29	  -0.00000	  -0.00000	   0.00000	   2.79834	   2.79834	  24.40381
 28	 28	  -0.00000	  -0.00000	   0.00000	   1.81322	   1.81322	  21.94884
 28	 27	  -0.00000	  -0.00000	   0.00000	   0.58783	   0.58783	  19.25841
 28	 26	  -0.00000	  -0.00000	   0.00000	  -0.71633	  -0.71633	  16.49522
 28	 25	  -0.00000	  -0.00000	   0.00000	  -1.83693	  -1.83693	  13.92328
 28	 24	  -0.00000	  -0.00000	  -0.00000	  -2.54390	  -2.54390	  11.77501
 28	 23	  -0.00000	  -0.00000	  -0.00000	  -2.67984	  -2.67984	  10.21118
 28	 22	  -0.00000	  -0.00000	  -0.00000	  -2.22894	  -2.22894	   9.25258
 28	 21	  -0.00000	  -0.00000	  -0.00000	  -1.35287	  -1.35287	   8.74526
 28	 20	  -0.00000	  -0.00000	  -0.00000	  -0.24950	  -0.24950	   8.50374
 28	 19	  -0.00000	  -0.00000	  -0.00000	   0.85911	   0.85911	   8.32679
 28	 18	  -0.00000	  -0.00000	  -0.00000	   1.82102	   1.82102	   8.09903
 28	 17	  -0.00000	  -0.00000	  -0.00000	   2.55192	   2.55192	   7.80171
 28	 16	  -0.00000	  -0.00000	  -0.00000	   2.96570	   2.96570	   7.46095
 28	 15	  -0.00000	  -0.00000	  -0.00000	   3.11273	   3.11273	   7.27858
 28	 14	  -0.00000	  -0.00000	  -0.00000	   2.99967	   2.99967	   7.35872
 28	 13	  -0.00000	  -0.00000	  -0.00000	   2.61451	   2.61451	   7.62932
 28	 12	  -0.00000	  -0.00000	  -0.00000	   1.99836	   1.99836	   7.98128
 28	 11	  -0.00000	  -0.00000	  -0.00000	   1.23315	   1.23315	   8.37054
 28	 10	  -0.00000	  -0.00000	  -0.00000	   0.39136	   0.39136	   8.79310
 28	  9	  -0.00000	  -0.00000	  -0.00000	  -0.36228	  -0.36228	   9.37098
 28	  8	  -0.00000	  -0.00000	  -0.00000	  -0.86678	  -0.86678	  10.24102
 28	  7	  -0.00000	  -0.00000	  -0.00000	  -0.94904	  -0.94904	  11.56216
 28	  6	  -0.00000	  -0.00000	  -0.00000	  -0.57873	  -0.57873	  13.35602
 28	  5	  -0.00000	  -0.00000	  -0.00000	   0.18027	   0.18027	  15.55311
 28	  4	  -0.00000	  -0.00000	  -0.00000	   1.15104	   1.15104	  17.97279
 28	  3	  -0.00000	  -0.00000	  -0.00000	   2.14376	   2.14376	  20.42267
 28	  2	  -0.00000	  -0.00000	  -0.00000	   2.95832	   2.95832	  22.70080
 28	  1	  -0.00000	  -0.00000	  -0.00000	   3.56797	   3.56797	  24.77911

 29	 30	  -0.00000	  -0.00000	   0.00000	   3.52266	   3.52266	  26.37909
 29	 29	  -0.00000	  -0.00000	   0.00000	   2.81484	   2.81484	  24.18218
 29	 28	  -0.00000	  -0.00000	   0.00000	   1.86040	   1.86040	  21.74030
 29	 27	  -0.00000	  -0.00000	   0.00000	   0.66202	   0.66202	  19.05651
 29	 26	  -0.00000	  -0.00000	   0.00000	  -0.56814	  -0.56814	  16.34353
 29	 25	  -0.00000	  -0.00000	   0.00000	  -1.58808	  -1.58808	  13.84407
 29	 24	  -0.00000	  -0.00000	  -0.00000	  -2.18278	  -2.18278	  11.77423
 29	 23	  -0.00000	  -0.00000	  -0.00000	  -2.20348	  -2.20348	  10.28433
 29	 22	  -0.00000	  -0.00000	  -0.00000	  -1.64013	  -1.64013	   9.38676
 29	 21	  -0.00000	  -0.00000	  -0.00000	  -0.68417	  -0.68417	   8.89390
 29	 20	  -0.00000	  -0.00000	  -0.00000	   0.45521	   0.45521	   8.60299
 29	 19	  -0.00000	  -0.00000	  -0.00000	   1.55699	   1.55699	   8.30482
 29	 18	  -0.00000	  -0.00000	  -0.00000	   2.49116	   2.49116	   7.89304
 29	 17	  -0.00000	  -0.00000	  -0.00000	   3.18092	   3.18092	   7.34353
 29	 16	  -0.00000	  -0.00000	  -0.00000	   3.57947	   3.57947	   6.73768
 29	 15	  -0.00000	  -0.00000	  -0.00000	   3.71720	   3.71720	   6.38578
 29	 14	  -0.00000	  -0.00000	  -0.00000	   3.61161	   3.61161	   6.57274
 29	 13	  -0.00000	  -0.00000	  -0.00000	   3.24013	   3.24013	   7.10217
 29	 12	  -0.00000	  -0.00000	  -0.00000	   2.66292	   2.66292	   7.71884
 29	 11	  -0.00000	  -0.00000	  -0.00000	   1.92280	   1.92280	   8.30319
 29	 10	  -0.00000	  -0.00000	  -0.00000	   1.08520	   1.08520	   8.85414
 29	  9	  -0.00000	  -0.00000	  -0.00000	   0.29359	   0.29359	   9.48616
 29	  8	  -0.00000	  -0.00000	  -0.00000	  -0.29154	  -0.29154	  10.34567
 29	  7	  -0.00000	  -0.00000	  -0.00000	  -0.48552	  -0.48552	  11.60983
 29	  6	  -0.00000	  -0.00000	  -0.00000	  -0.22848	  -0.22848	  13.33413
 29	  5	  -0.00000	  -0.00000	  -0.00000	   0.42089	   0.42089	  15.45723
 29	  4	  -0.00000	  -0.00000	  -0.00000	   1.29365	   1.29365	  17.80844
 29	  3	  -0.00000	  -0.00000	  -0.00000	   2.21457	   2.21457	  20.21138
 29	  2	  -0.00000	  -0.00000	  -0.00000	   3.00367	   3.00367	  22.48526
 29	  1	  -0.00000	  -0.00000	  -0.00000	   3.58358	   3.58358	  24.55211

 30	 30	  -0.00000	  -0.00000	   0.00000	   3.52266	   3.52266	  26.25333
 30	 29	  -0.00000	  -0.00000	   0.00000	   2.83044	   2.83044	  24.06321
 30	 28	  -0.00000	  -0.00000	   0.00000	   1.87857	   1.87857	  21.61375
 30	 27	  -0.00000	  -0.00000	   0.00000	   0.71610	   0.71610	  18.95409
 30	 26	  -0.00000	  -0.00000	   0.00000	  -0.46101	  -0.46101	  16.28029
 30	 25	  -0.00000	  -0.00000	   0.00000	  -1.43229	  -1.43229	  13.81298
 30	 24	  -0.00000	  -0.00000	  -0.00000	  -1.94551	  -1.94551	  11.80460
 30	 23	  -0.00000	  -0.00000	  -0.00000	  -1.89344	  -1.89344	  10.36268
 30	 22	  -0.00000	  -0.00000	  -0.00000	  -1.27264	  -1.27264	   9.49116
 30	 21	  -0.00000	  -0.00000	  -0.00000	  -0.27218	  -0.27218	   9.00178
 30	 20	  -0.00000	  -0.00000	  -0.00000	   0.88228	   0.88228	   8.67030
 30	 19	  -0.00000	  -0.00000	  -0.00000	   1.97164	   1.97164	   8.28039
 30	 18	  -0.00000	  -0.00000	  -0.00000	   2.87461	   2.87461	   7.71685
 30	 17	  -0.00000	  -0.00000	  -0.00000	   3.53575	   3.53575	   6.94080
 30	 16	  -0.00000	  -0.00000	  -0.00000	   3.93279	   3.93279	   5.99223
 30	 15	  -0.00000	  -0.00000	  -0.00000	   4.08402	   4.08402	   5.26229
 30	 14	  -0.00000	  -0.00000	  -0.00000	   3.95999	   3.95999	   5.70221
 30	 13	  -0.00000	  -0.00000	  -0.00000	   3.58587	   3.58587	   6.61611
 30	 12	  -0.00000	  -0.00000	  -0.00000	   3.03138	   3.03138	   7.48439
 30	 11	  -0.00000	  -0.00000	  -0.00000	   2.31535	   2.31535	   8.22942
 30	 10	  -0.00000	  -0.00000	  -0.00000	   1.48309	   1.48309	   8.87385
 30	  9	  -0.00000	  -0.00000	  -0.00000	   0.67110	   0.67110	   9.54636
 30	  8	  -0.00000	  -0.00000	  -0.00000	   0.03950	   0.03950	  10.40373
 30	  7	  -0.00000	  -0.00000	  -0.00000	  -0.20996	  -0.20996	  11.64602
 30	  6	  -0.00000	  -0.00000	  -0.00000	  -0.02039	  -0.02039	  13.32919
 30	  5	  -0.00000	  -0.00000	  -0.00000	   0.55457	   0.55457	  15.39904
 30	  4	  -0.00000	  -0.00000	  -0.00000	   1.38579	   1.38579	  17.72609
 30	  3	  -0.00000	  -0.00000	  -0.00000	   2.25956	   2.25956	  20.09638
 30	  2	  -0.00000	  -0.00000	  -0.00000	   3.01691	   3.01691	  22.35080
 30	  1	  -0.00000	  -0.00000	  -0.00000	   3.59679	   3.59679	  24.42817

 31	 30	  -0.00000	  -0.00000	   0.00000	   3.52266	   3.52266	  26.22619
 31	 29	  -0.00000	  -0.00000	   0.00000	   2.84365	   2.84365	  24.04737
 31	 28	  -0.00000	  -0.00000	   0.00000	   1.88517	   1.88517	  21.58908
 31	 27	  -0.00000	  -0.00000	   0.00000	   0.74222	   0.74222	  18.94638
 31	 26	  -0.00000	  -0.00000	   0.00000	  -0.43085	  -0.43085	  16.27360
 31	 25	  -0.00000	  -0.00000	   0.00000	  -1.37042	  -1.37042	  13.83436
 31	 24	  -0.00000	  -0.00000	  -0.00000	  -1.87008	  -1.87008	  11.83512
 31	 23	  -0.00000	  -0.00000	  -0.00000	  -1.78348	  -1.78348	  10.42222
 31	 22	  -0.00000	  -0.00000	  -0.00000	  -1.14195	  -1.14195	   9.56441
 31	 21	  -0.00000	  -0.00000	  -0.00000	  -0.14440	  -0.14440	   9.06285
 31	 20	  -0.00000	  -0.00000	  -0.00000	   1.00487	   1.00487	   8.71333
 31	 19	  -0.00000	  -0.00000	  -0.00000	   2.07827	   2.07827	   8.28853
 31	 18	  -0.00000	  -0.00000	  -0.00000	   2.97194	   2.97194	   7.68514
 31	 17	  -0.00000	  -0.00000	  -0.00000	   3.62477	   3.62477	   6.84367
 31	 16	  -0.00000	  -0.00000	  -0.00000	   4.02720	   4.02720	   5.76165
 31	 15	  -0.00000	  -0.00000	  -0.00000	   4.24523	   4.24523	   4.63934
 31	 14	  -0.00000	  -0.00000	  -0.00000	   4.06341	   4.06341	   5.40592
 31	 13	  -0.00000	  -0.00000	  -0.00000	   3.67923	   3.67923	   6.49869
 31	 12	  -0.00000	  -0.00000	  -0.00000	   3.12427	   3.12427	   7.43662
 31	 11	  -0.00000	  -0.00000	  -0.00000	   2.40562	   2.40562	   8.21452
 31	 10	  -0.00000	  -0.00000	  -0.00000	   1.56665	   1.56665	   8.87351
 31	  9	  -0.00000	  -0.00000	  -0.00000	   0.75277	   0.75277	   9.55829
 31	  8	  -0.00000	  -0.00000	  -0.00000	   0.12143	   0.12143	  10.42601
 31	  7	  -0.00000	  -0.00000	  -0.00000	  -0.14612	  -0.14612	  11.65774
 31	  6	  -0.00000	  -0.00000	  -0.00000	   0.01600	   0.01600	  13.31932
 31	  5	  -0.00000	  -0.00000	  -0.00000	   0.58687	   0.58687	  15.38976
 31	  4	  -0.00000	  -0.00000	  -0.00000	   1.39592	   1.39592	  17.69844
 31	  3	  -0.00000	  -0.00000	  -0.00000	   2.27353	   2.27353	  20.07575
 31	  2	  -0.00000	  -0.00000	  -0.00000	   3.01691	   3.01691	  22.31889
 31	  1	  -0.00000	  -0.00000	  -0.00000	   3.59679	   3.59679	  24.39856

 32	 30	  -0.00000	  -0.00000	   0.00000	   3.52266	   3.52266	  26.29802
 32	 29	  -0.00000	  -0.00000	   0.00000	   2.83044	   2.83044	  24.11105
 32	 28	  -0.00000	  -0.00000	   0.00000	   1.87857	   1.87857	  21.66522
 32	 27	  -0.00000	  -0.00000	   0.00000	   0.71610	   0.71610	  19.00977
 32	 26	  -0.00000	  -0.00000	   0.00000	  -0.46101	  -0.46101	  16.34093
 32	 25	  -0.00000	  -0.00000	   0.00000	  -1.43229	  -1.43229	  13.87954
 32	 24	  -0.00000	  -0.00000	   0.00000	  -1.94551	  -1.94551	  11.87836
 32	 23	  -0.00000	  -0.00000	  -0.00000	  -1.89344	  -1.89344	  10.44538
 32	 22	  -0.00000	  -0.00000	  -0.00000	  -1.28660	  -1.28660	   9.57127
 32	 21	  -0.00000	  -0.00000	  -0.00000	  -0.30675	  -0.30675	   9.07623
 32	 20	  -0.00000	  -0.00000	  -0.00000	   0.83447	   0.83447	   8.75200
 32	 19	  -0.00000	  -0.00000	  -0.00000	   1.91230	   1.91230	   8.38025
 32	 18	  -0.00000	  -0.00000	  -0.00000	   2.80850	   2.80850	   7.85640
 32	 17	  -0.00000	  -0.00000	  -0.00000	   3.46965	   3.46965	   7.16130
 32	 16	  -0.00000	  -0.00000	  -0.00000	   3.85948	   3.85948	   6.36454
 32	 15	  -0.00000	  -0.00000	  -0.00000	   4.00239	   4.00239	   5.85234
 32	 14	  -0.00000	  -0.00000	  -0.00000	   3.88498	   3.88498	   6.13649
 32	 13	  -0.00000	  -0.00000	  -0.00000	   3.51538	   3.51538	   6.86446
 32	 12	  -0.00000	  -0.00000	  -0.00000	   2.95720	   2.95720	   7.63302
 32	 11	  -0.00000	  -0.00000	  -0.00000	   2.22389	   2.22389	   8.30750
 32	 10	  -0.00000	  -0.00000	  -0.00000	   1.37757	   1.37757	   8.90467
 32	  9	  -0.00000	  -0.00000	  -0.00000	   0.55797	   0.55797	   9.54709
 32	  8	  -0.00000	  -0.00000	  -0.00000	  -0.07227	  -0.07227	  10.38963
 32	  7	  -0.00000	  -0.00000	  -0.00000	  -0.30248	  -0.30248	  11.63897
 32	  6	  -0.00000	  -0.00000	  -0.00000	  -0.09870	  -0.09870	  13.32684
 32	  5	  -0.00000	  -0.00000	  -0.00000	   0.49525	   0.49525	  15.40808
 32	  4	  -0.00000	  -0.00000	  -0.00000	   1.34558	   1.34558	  17.74800
 32	  3	  -0.00000	  -0.00000	  -0.00000	   2.23517	   2.23517	  20.12892
 32	  2	  -0.00000	  -0.00000	  -0.00000	   3.00367	   3.00367	  22.39009
 32	  1	  -0.00000	  -0.00000	  -0.00000	   3.58358	   3.58358	  24.46372

 33	 30	  -0.00000	  -0.00000	   0.00000	   3.52266	   3.52266	  26.46790
 33	 29	  -0.00000	  -0.00000	   0.00000	   2.81484	   2.81484	  24.27716
 33	 28	  -0.00000	  -0.00000	   0.00000	   1.86040	   1.86040	  21.84235
 33	 27	  -0.00000	  -0.00000	   0.00000	   0.67523	   0.67523	  19.17997
 33	 26	  -0.00000	  -0.00000	   0.00000	  -0.53932	  -0.53932	  16.49219
 33	 25	  -0.00000	  -0.00000	   0.00000	  -1.54276	  -1.54276	  14.02063
 33	 24	  -0.00000	  -0.00000	   0.00000	  -2.12186	  -2.12186	  11.98014
 33	 23	  -0.00000	  -0.00000	  -0.00000	  -2.14495	  -2.14495	  10.50469
 33	 22	  -0.00000	  -0.00000	  -0.00000	  -1.60734	  -1.60734	   9.60250
 33	 21	  -0.00000	  -0.00000	  -0.00000	  -0.67373	  -0.67373	   9.11440
 33	 20	  -0.00000	  -0.00000	  -0.00000	   0.44126	   0.44126	   8.83497
 33	 19	  -0.00000	  -0.00000	  -0.00000	   1.52179	   1.52179	   8.56461
 33	 18	  -0.00000	  -0.00000	  -0.00000	   2.44350	   2.44350	   8.20963
 33	 17	  -0.00000	  -0.00000	  -0.00000	   3.11765	   3.11765	   7.74316
 33	 16	  -0.00000	  -0.00000	  -0.00000	   3.51854	   3.51854	   7.26585
 33	 15	  -0.00000	  -0.00000	  -0.00000	   3.64968	   3.64968	   6.99472
 33	 14	  -0.00000	  -0.00000	  -0.00000	   3.53979	   3.53979	   7.12257
 33	 13	  -0.00000	  -0.00000	  -0.00000	   3.17012	   3.17012	   7.52710
 33	 12	  -0.00000	  -0.00000	  -0.00000	   2.58697	   2.58697	   8.03034
 33	 11	  -0.00000	  -0.00000	  -0.00000	   1.83167	   1.83167	   8.52325
 33	 10	  -0.00000	  -0.00000	  -0.00000	   0.96920	   0.96920	   8.99568
 33	  9	  -0.00000	  -0.00000	  -0.00000	   0.16435	   0.16435	   9.57559
 33	  8	  -0.00000	  -0.00000	  -0.00000	  -0.41800	  -0.41800	  10.40874
 33	  7	  -0.00000	  -0.00000	  -0.00000	  -0.60561	  -0.60561	  11.65674
 33	  6	  -0.00000	  -0.00000	  -0.00000	  -0.32318	  -0.32318	  13.38858
 33	  5	  -0.00000	  -0.00000	  -0.00000	   0.34365	   0.34365	  15.51466
 33	  4	  -0.00000	  -0.00000	  -0.00000	   1.23498	   1.23498	  17.87247
 33	  3	  -0.00000	  -0.00000	  -0.00000	   2.17096	   2.17096	  20.28045
 33	  2	  -0.00000	  -0.00000	  -0.00000	   2.97154	   2.97154	  22.55725
 33	  1	  -0.00000	  -0.00000	  -0.00000	   3.56797	   3.56797	  24.63328

 34	 30	  -0.00000	  -0.00000	   0.00000	   3.52266	   3.52266	  26.73367
 34	 29	  -0.00000	  -0.00000	   0.00000	   2.81230	   2.81230	  24.55853
 34	 28	  -0.00000	  -0.00000	   0.00000	   1.84779	   1.84779	  22.13437
 34	 27	  -0.00000	  -0.00000	   0.00000	   0.66282	   0.66282	  19.49610
 34	 26	  -0.00000	  -0.00000	   0.00000	  -0.59360	  -0.59360	  16.79431
 34	 25	  -0.00000	  -0.00000	   0.00000	  -1.66373	  -1.66373	  14.28890
 34	 24	  -0.00000	  -0.00000	   0.00000	  -2.33693	  -2.33693	  12.19350
 34	 23	  -0.00000	  -0.00000	  -0.00000	  -2.45818	  -2.45818	  10.66738
 34	 22	  -0.00000	  -0.00000	  -0.00000	  -2.01513	  -2.01513	   9.72911
 34	 21	  -0.00000	  -0.00000	  -0.00000	  -1.16196	  -1.16196	   9.23392
 34	 20	  -0.00000	  -0.00000	  -0.00000	  -0.09880	  -0.09880	   8.99633
 34	 19	  -0.00000	  -0.00000	  -0.00000	   0.97478	   0.97478	   8.84042
 34	 18	  -0.00000	  -0.00000	  -0.00000	   1.90217	   1.90217	   8.64867
 34	 17	  -0.00000	  -0.00000	  -0.00000	   2.62130	   2.62130	   8.42322
 34	 16	  -0.00000	  -0.00000	  -0.00000	   3.03894	   3.03894	   8.16821
 34	 15	  -0.00000	  -0.00000	  -0.00000	   3.18434	   3.18434	   8.02751
 34	 14	  -0.00000	  -0.00000	  -0.00000	   3.07397	   3.07397	   8.08429
 34	 13	  -0.00000	  -0.00000	  -0.00000	   2.68207	   2.68207	   8.27227
 34	 12	  -0.00000	  -0.00000	  -0.00000	   2.06216	   2.06216	   8.53497
 34	 11	  -0.00000	  -0.00000	  -0.00000	   1.28584	   1.28584	   8.83861
 34	 10	  -0.00000	  -0.00000	  -0.00000	   0.43085	   0.43085	   9.18821
 34	  9	  -0.00000	  -0.00000	  -0.00000	  -0.34823	  -0.34823	   9.69360
 34	  8	  -0.00000	  -0.00000	  -0.00000	  -0.86490	  -0.86490	  10.51426
 34	  7	  -0.00000	  -0.00000	  -0.00000	  -0.95915	  -0.95915	  11.79359
 34	  6	  -0.00000	  -0.00000	  -0.00000	  -0.59330	  -0.59330	  13.55871
 34	  5	  -0.00000	  -0.00000	  -0.00000	   0.17135	   0.17135	  15.74140
 34	  4	  -0.00000	  -0.00000	  -0.00000	   1.13679	   1.13679	  18.13895
 34	  3	  -0.00000	  -0.00000	  -0.00000	   2.11574	   2.11574	  20.56080
 34	  2	  -0.00000	  -0.00000	  -0.00000	   2.93832	   2.93832	  22.83473
 34	  1	  -0.00000	  -0.00000	  -0.00000	   3.55148	   3.55148	  24.90597

 35	 30	  -0.00000	  -0.00000	   0.00000	   3.53826	   3.53826	  27.10770
 35	 29	  -0.00000	  -0.00000	   0.00000	   2.83804	   2.83804	  24.96642
 35	 28	  -0.00000	  -0.00000	   0.00000	   1.87935	   1.87935	  22.57506
 35	 27	  -0.00000	  -0.00000	   0.00000	   0.68769	   0.68769	  19.96097
 35	 26	  -0.00000	  -0.00000	   0.00000	  -0.57503	  -0.57503	  17.28852
 35	 25	  -0.00000	  -0.00000	   0.00000	  -1.70427	  -1.70427	  14.76550
 35	 24	  -0.00000	  -0.00000	   0.00000	  -2.47465	  -2.47465	  12.62172
 35	 23	  -0.00000	  -0.00000	  -0.00000	  -2.72332	  -2.72332	  11.02613
 35	 22	  -0.00000	  -0.00000	  -0.00000	  -2.41253	  -2.41253	  10.02508
 35	 21	  -0.00000	  -0.00000	  -0.00000	  -1.67434	  -1.67434	   9.49890
 35	 20	  -0.00000	  -0.00000	  -0.00000	  -0.68790	  -0.68790	   9.28648
 35	 19	  -0.00000	  -0.00000	  -0.00000	   0.34804	   0.34804	   9.21570
 35	 18	  -0.00000	  -0.00000	  -0.00000	   1.27911	   1.27911	   9.17103
 35	 17	  -0.00000	  -0.00000	  -0.00000	   2.00718	   2.00718	   9.10854
 35	 16	  -0.00000	  -0.00000	  -0.00000	   2.45713	   2.45713	   9.02039
 35	 15	  -0.00000	  -0.00000	  -0.00000	   2.61561	   2.61561	   8.95780
 35	 14	  -0.00000	  -0.00000	  -0.00000	   2.50881	   2.50881	   8.97954
 35	 13	  -0.00000	  -0.00000	  -0.00000	   2.09683	   2.09683	   9.02629
 35	 12	  -0.00000	  -0.00000	  -0.00000	   1.45931	   1.45931	   9.11857
 35	 11	  -0.00000	  -0.00000	  -0.00000	   0.67114	   0.67114	   9.26249
 35	 10	  -0.00000	  -0.00000	  -0.00000	  -0.15810	  -0.15810	   9.50929
 35	  9	  -0.00000	  -0.00000	  -0.00000	  -0.88270	  -0.88270	   9.96190
 35	  8	  -0.00000	  -0.00000	  -0.00000	  -1.30550	  -1.30550	  10.78798
 35	  7	  -0.00000	  -0.00000	  -0.00000	  -1.28431	  -1.28431	  12.10970
 35	  6	  -0.00000	  -0.00000	  -0.00000	  -0.80423	  -0.80423	  13.92827
 35	  5	  -0.00000	  -0.00000	  -0.00000	   0.04762	   0.04762	  16.14710
 35	  4	  -0.00000	  -0.00000	  -0.00000	   1.08219	   1.08219	  18.57048
 35	  3	  -0.00000	  -0.00000	  -0.00000	   2.09049	   2.09049	  20.98460
 35	  2	  -0.00000	  -0.00000	  -0.00000	   2.93192	   2.93192	  23.24532
 35	  1	  -0.00000	  -0.00000	  -0.00000	   3.55148	   3.55148	  25.29501

 36	 30	  -0.00000	  -0.00000	   0.00000	   3.57796	   3.57796	  27.59432
 36	 29	  -0.00000	  -0.00000	   0.00000	   2.90695	   2.90695	  25.51076
 36	 28	  -0.00000	  -0.00000	   0.00000	   1.98036	   1.98036	  23.18365
 36	 27	  -0.00000	  -0.00000	   0.00000	   0.81534	   0.81534	  20.63266
 36	 26	  -0.00000	  -0.00000	   0.00000	  -0.44063	  -0.44063	  18.00858
 36	 25	  -0.00000	  -0.00000	   0.00000	  -1.60084	  -1.60084	  15.50239
 36	 24	  -0.00000	  -0.00000	   0.00000	  -2.43701	  -2.43701	  13.34803
 36	 23	  -0.00000	  -0.00000	  -0.00000	  -2.79441	  -2.79441	  11.70781
 36	 22	  -0.00000	  -0.00000	  -0.00000	  -2.62889	  -2.62889	  10.63616
 36	 21	  -0.00000	  -0.00000	  -0.00000	  -2.03514	  -2.03514	  10.05239
 36	 20	  -0.00000	  -0.00000	  -0.00000	  -1.16554	  -1.16554	   9.82333
 36	 19	  -0.00000	  -0.00000	  -0.00000	  -0.22516	  -0.22516	   9.76995
 36	 18	  -0.00000	  -0.00000	  -0.00000	   0.67072	   0.67072	   9.81126
 36	 17	  -0.00000	  -0.00000	  -0.00000	   1.39708	   1.39708	   9.86445
 36	 16	  -0.00000	  -0.00000	  -0.00000	   1.85794	   1.85794	   9.87936
 36	 15	  -0.00000	  -0.00000	  -0.00000	   2.02371	   2.02371	   9.86529
 36	 14	  -0.00000	  -0.00000	  -0.00000	   1.92616	   1.92616	   9.87206
 36	 13	  -0.00000	  -0.00000	  -0.00000	   1.51545	   1.51545	   9.83917
 36	 12	  -0.00000	  -0.00000	  -0.00000	   0.88488	   0.88488	   9.82531
 36	 11	  -0.00000	  -0.00000	  -0.00000	   0.11641	   0.11641	   9.86722
 36	 10	  -0.00000	  -0.00000	  -0.00000	  -0.65832	  -0.65832	  10.05267
 36	  9	  -0.00000	  -0.00000	  -0.00000	  -1.28149	  -1.28149	  10.50292
 36	  8	  -0.00000	  -0.00000	  -0.00000	  -1.58879	  -1.58879	  11.35413
 36	  7	  -0.00000	  -0.00000	  -0.00000	  -1.44704	  -1.44704	  12.71864
 36	  6	  -0.00000	  -0.00000	  -0.00000	  -0.86420	  -0.86420	  14.57320
 36	  5	  -0.00000	  -0.00000	  -0.00000	   0.04786	   0.04786	  16.79480
 36	  4	  -0.00000	  -0.00000	  -0.00000	   1.11896	   1.11896	  19.20507
 36	  3	  -0.00000	  -0.00000	  -0.00000	   2.13551	   2.13551	  21.58427
 36	  2	  -0.00000	  -0.00000	  -0.00000	   2.97034	   2.97034	  23.80064
 36	  1	  -0.00000	  -0.00000	  -0.00000	   3.57796	   3.57796	  25.80516

 37	 30	  -0.00000	  -0.00000	   0.00000	   3.63653	   3.63653	  28.18347
 37	 29	  -0.00000	  -0.00000	   0.00000	   3.02811	   3.02811	  26.19488
 37	 28	  -0.00000	  -0.00000	   0.00000	   2.15766	   2.15766	  23.96010
 37	 27	  -0.00000	  -0.00000	   0.00000	   1.06416	   1.06416	  21.52127
 37	 26	  -0.00000	  -0.00000	   0.00000	  -0.13257	  -0.13257	  19.00222
 37	 25	  -0.00000	  -0.00000	   0.00000	  -1.26944	  -1.26944	  16.57117
 37	 24	  -0.00000	  -0.00000	   0.00000	  -2.13738	  -2.13738	  14.44377
 37	 23	  -0.00000	  -0.00000	   0.00000	  -2.58537	  -2.58537	  12.77957
 37	 22	  -0.00000	  -0.00000	  -0.00000	  -2.55805	  -2.55805	  11.64506
 37	 21	  -0.00000	  -0.00000	  -0.00000	  -2.12382	  -2.12382	  10.98631
 37	 20	  -0.00000	  -0.00000	  -0.00000	  -1.40451	  -1.40451	  10.70013
 37	 19	  -0.00000	  -0.00000	  -0.00000	  -0.58365	  -0.58365	  10.62658
 37	 18	  -0.00000	  -0.00000	  -0.00000	   0.22419	   0.22419	  10.67963
 37	 17	  -0.00000	  -0.00000	  -0.00000	   0.90469	   0.90469	  10.77704
 37	 16	  -0.00000	  -0.00000	  -0.00000	   1.34687	   1.34687	  10.83951
 37	 15	  -0.00000	  -0.00000	  -0.00000	   1.52974	   1.52974	  10.87090
 37	 14	  -0.00000	  -0.00000	  -0.00000	   1.42746	   1.42746	  10.85637
 37	 13	  -0.00000	  -0.00000	  -0.00000	   1.04452	   1.04452	  10.79395
 37	 12	  -0.00000	  -0.00000	  -0.00000	   0.46374	   0.46374	  10.74470
 37	 11	  -0.00000	  -0.00000	  -0.00000	  -0.23843	  -0.23843	  10.75454
 37	 10	  -0.00000	  -0.00000	  -0.00000	  -0.91554	  -0.91554	  10.93740
 37	  9	  -0.00000	  -0.00000	  -0.00000	  -1.41777	  -1.41777	  11.41341
 37	  8	  -0.00000	  -0.00000	  -0.00000	  -1.60121	  -1.60121	  12.30153
 37	  7	  -0.00000	  -0.00000	  -0.00000	  -1.35498	  -1.35498	  13.69272
 37	  6	  -0.00000	  -0.00000	  -0.00000	  -0.70620	  -0.70620	  15.54435
 37	  5	  -0.00000	  -0.00000	  -0.00000	   0.22700	   0.22700	  17.72635
 37	  4	  -0.00000	  -0.00000	  -0.00000	   1.28300	   1.28300	  20.06795
 37	  3	  -0.00000	  -0.00000	  -0.00000	   2.26241	   2.26241	  22.36269
 37	  2	  -0.00000	  -0.00000	  -0.00000	   3.05529	   3.05529	  24.49516
 37	  1	  -0.00000	  -0.00000	  -0.00000	   3.63653	   3.63653	  26.43599

 38	 30	  -0.00000	  -0.00000	   0.00000	   3.72707	   3.72707	  28.88297
 38	 29	  -0.00000	  -0.00000	   0.00000	   3.20128	   3.20128	  27.01233
 38	 28	  -0.00000	  -0.00000	   0.00000	   2.42556	   2.42556	  24.91141
 38	 27	  -0.00000	  -0.00000	   0.00000	   1.45164	   1.45164	  22.63561
 38	 26	  -0.00000	  -0.00000	   0.00000	   0.37242	   0.37242	  20.28240
 38	 25	  -0.00000	  -0.00000	   0.00000	  -0.67718	  -0.67718	  17.99243
 38	 24	  -0.00000	  -0.00000	   0.00000	  -1.51530	  -1.51530	  15.95471
 38	 23	  -0.00000	  -0.00000	   0.00000	  -2.00507	  -2.00507	  14.31511
 38	 22	  -0.00000	  -0.00000	  -0.00000	  -2.08714	  -2.08714	  13.14425
 38	 21	  -0.00000	  -0.00000	  -0.00000	  -1.80766	  -1.80766	  12.41002
 38	 20	  -0.00000	  -0.00000	  -0.00000	  -1.25710	  -1.25710	  12.03912
 38	 19	  -0.00000	  -0.00000	  -0.00000	  -0.59065	  -0.59065	  11.89679
 38	 18	  -0.00000	  -0.00000	  -0.00000	   0.09566	   0.09566	  11.91019
 38	 17	  -0.00000	  -0.00000	  -0.00000	   0.68759	   0.68759	  11.98937
 38	 16	  -0.00000	  -0.00000	  -0.00000	   1.08042	   1.08042	  12.05208
 38	 15	  -0.00000	  -0.00000	  -0.00000	   1.26152	   1.26152	  12.10238
 38	 14	  -0.00000	  -0.00000	  -0.00000	   1.16562	   1.16562	  12.08218
 38	 13	  -0.00000	  -0.00000	  -0.00000	   0.83541	   0.83541	  12.02998
 38	 12	  -0.00000	  -0.00000	  -0.00000	   0.33144	   0.33144	  11.99186
 38	 11	  -0.00000	  -0.00000	  -0.00000	  -0.26361	  -0.26361	  12.02917
 38	 10	  -0.00000	  -0.00000	  -0.00000	  -0.81091	  -0.81091	  12.25658
 38	  9	  -0.00000	  -0.00000	  -0.00000	  -1.17867	  -1.17867	  12.78221
 38	  8	  -0.00000	  -0.00000	  -0.00000	  -1.24883	  -1.24883	  13.70287
 38	  7	  -0.00000	  -0.00000	  -0.00000	  -0.93380	  -0.93380	  15.08807
 38	  6	  -0.00000	  -0.00000	  -0.00000	  -0.27337	  -0.27337	  16.88319
 38	  5	  -0.00000	  -0.00000	  -0.00000	   0.61826	   0.61826	  18.96204
 38	  4	  -0.00000	  -0.00000	  -0.00000	   1.59785	   1.59785	  21.17184
 38	  3	  -0.00000	  -0.00000	  -0.00000	   2.48895	   2.48895	  23.32854
 38	  2	  -0.00000	  -0.00000	  -0.00000	   3.20128	   3.20128	  25.33576
 38	  1	  -0.00000	  -0.00000	  -0.00000	   3.72707	   3.72707	  27.18090

 39	 30	  -0.00000	  -0.00000	   0.00000	   3.83402	   3.83402	  29.67171
 39	 29	  -0.00000	  -0.00000	   0.00000	   3.40585	   3.40585	  27.93610
 39	 28	  -0.00000	  -0.00000	   0.00000	   2.77416	   2.77416	  26.02024
 39	 27	  -0.00000	  -0.00000	   0.00000	   1.94095	   1.94095	  23.93021
 39	 26	  -0.00000	  -0.00000	   0.00000	   1.02927	   1.02927	  21.79400
 39	 25	  -0.00000	  -0.00000	   0.00000	   0.12521	   0.12521	  19.70380
 39	 24	  -0.00000	  -0.00000	   0.00000	  -0.62192	  -0.62192	  17.81631
 39	 23	  -0.00000	  -0.00000	   0.00000	  -1.09800	  -1.09800	  16.25467
 39	 22	  -0.00000	  -0.00000	  -0.00000	  -1.24643	  -1.24643	  15.08643
 39	 21	  -0.00000	  -0.00000	  -0.00000	  -1.09689	  -1.09689	  14.29497
 39	 20	  -0.00000	  -0.00000	  -0.00000	  -0.71086	  -0.71086	  13.83412
 39	 19	  -0.00000	  -0.00000	  -0.00000	  -0.21194	  -0.21194	  13.59759
 39	 18	  -0.00000	  -0.00000	  -0.00000	   0.32732	   0.32732	  13.53149
 39	 17	  -0.00000	  -0.00000	  -0.00000	   0.80097	   0.80097	  13.54841
 39	 16	  -0.00000	  -0.00000	  -0.00000	   1.13944	   1.13944	  13.59514
 39	 15	  -0.00000	  -0.00000	  -0.00000	   1.28388	   1.28388	  13.62452
 39	 14	  -0.00000	  -0.00000	  -0.00000	   1.22004	   1.22004	  13.62723
 39	 13	  -0.00000	  -0.00000	  -0.00000	   0.94080	   0.94080	  13.59328
 39	 12	  -0.00000	  -0.00000	  -0.00000	   0.53805	   0.53805	  13.60450
 39	 11	  -0.00000	  -0.00000	  -0.00000	   0.07394	   0.07394	  13.70770
 39	 10	  -0.00000	  -0.00000	  -0.00000	  -0.33122	  -0.33122	  14.00497
 39	  9	  -0.00000	  -0.00000	  -0.00000	  -0.57110	  -0.57110	  14.58388
 39	  8	  -0.00000	  -0.00000	  -0.00000	  -0.55553	  -0.55553	  15.51681
 39	  7	  -0.00000	  -0.00000	  -0.00000	  -0.21870	  -0.21870	  16.85371
 39	  6	  -0.00000	  -0.00000	  -0.00000	   0.39450	   0.39450	  18.53601
 39	  5	  -0.00000	  -0.00000	  -0.00000	   1.18320	   1.18320	  20.45134
 39	  4	  -0.00000	  -0.00000	  -0.00000	   2.03008	   2.03008	  22.47288
 39	  3	  -0.00000	  -0.00000	  -0.00000	   2.78812	   2.78812	  24.44581
 39	  2	  -0.00000	  -0.00000	  -0.00000	   3.40585	   3.40585	  26.31223
 39	  1	  -0.00000	  -0.00000	  -0.00000	   3.83402	   3.83402	  28.01768

 40	 30	  -0.00000	  -0.00000	   0.00000	   3.94708	   3.94708	  30.53380
 40	 29	  -0.00000	  -0.00000	   0.00000	   3.62211	   3.62211	  28.94010
 40	 28	  -0.00000	  -0.00000	   0.00000	   3.14267	   3.14267	  27.21853
 40	 27	  -0.00000	  -0.00000	   0.00000	   2.49650	   2.49650	  25.36120
 40	 26	  -0.00000	  -0.00000	   0.00000	   1.76272	   1.76272	  23.45238
 40	 25	  -0.00000	  -0.00000	   0.00000	   1.04179	   1.04179	  21.59874
 40	 24	  -0.00000	  -0.00000	   0.00000	   0.43060	   0.43060	  19.90457
 40	 23	  -0.00000	  -0.00000	   0.00000	   0.01576	   0.01576	  18.46521
 40	 22	  -0.00000	  -0.00000	   0.00000	  -0.15366	  -0.15366	  17.34004
 40	 21	  -0.00000	  -0.00000	  -0.00000	  -0.09680	  -0.09680	  16.52175
 40	 20	  -0.00000	  -0.00000	  -0.00000	   0.14897	   0.14897	  15.98638
 40	 19	  -0.00000	  -0.00000	  -0.00000	   0.49096	   0.49096	  15.65573
 40	 18	  -0.00000	  -0.00000	  -0.00000	   0.88111	   0.88111	  15.49677
 40	 17	  -0.00000	  -0.00000	  -0.00000	   1.24533	   1.24533	  15.44971
 40	 16	  -0.00000	  -0.00000	  -0.00000	   1.49347	   1.49347	  15.43662
 40	 15	  -0.00000	  -0.00000	  -0.00000	   1.59809	   1.59809	  15.43855
 40	 14	  -0.00000	  -0.00000	  -0.00000	   1.56170	   1.56170	  15.46153
 40	 13	  -0.00000	  -0.00000	  -0.00000	   1.36370	   1.36370	  15.48292
 40	 12	  -0.00000	  -0.00000	  -0.00000	   1.04995	   1.04995	  15.54130
 40	 11	  -0.00000	  -0.00000	  -0.00000	   0.71861	   0.71861	  15.72349
 40	 10	  -0.00000	  -0.00000	  -0.00000	   0.44631	   0.44631	  16.09218
 40	  9	  -0.00000	  -0.00000	  -0.00000	   0.31080	   0.31080	  16.71020
 40	  8	  -0.00000	  -0.00000	  -0.00000	   0.37590	   0.37590	  17.62662
 40	  7	  -0.00000	  -0.00000	  -0.00000	   0.68913	   0.68913	  18.87523
 40	  6	  -0.00000	  -0.00000	  -0.00000	   1.20717	   1.20717	  20.40043
 40	  5	  -0.00000	  -0.00000	  -0.00000	   1.84875	   1.84875	  22.11025
 40	  4	  -0.00000	  -0.00000	  -0.00000	   2.52607	   2.52607	  23.90773
 40	  3	  -0.00000	  -0.00000	  -0.00000	   3.14267	   3.14267	  25.68867
 40	  2	  -0.00000	  -0.00000	  -0.00000	   3.62211	   3.62211	  27.37015
 40	  1	  -0.00000	  -0.00000	  -0.00000	   3.94708	   3.94708	  28.92940

 41	 30	  -0.00000	  -0.00000	   0.00000	   4.05403	   4.05403	  31.45149
 41	 29	  -0.00000	  -0.00000	   0.00000	   3.82668	   3.82668	  29.99474
 41	 28	  -0.00000	  -0.00000	   0.00000	   3.49127	   3.49127	  28.45953
 41	 27	  -0.00000	  -0.00000	   0.00000	   3.03524	   3.03524	  26.83778
 41	 26	  -0.00000	  -0.00000	   0.00000	   2.49650	   2.49650	  25.17266
 41	 25	  -0.00000	  -0.00000	   0.00000	   1.97053	   1.97053	  23.56579
 41	 24	  -0.00000	  -0.00000	   0.00000	   1.50386	   1.50386	  22.07088
 41	 23	  -0.00000	  -0.00000	   0.00000	   1.16864	   1.16864	  20.76837
 41	 22	  -0.00000	  -0.00000	   0.00000	   1.01428	   1.01428	  19.71712
 41	 21	  -0.00000	  -0.00000	  -0.00000	   1.01721	   1.01721	  18.90417
 41	 20	  -0.00000	  -0.00000	  -0.00000	   1.15833	   1.15833	  18.32197
 41	 19	  -0.00000	  -0.00000	  -0.00000	   1.39172	   1.39172	  17.93673
 41	 18	  -0.00000	  -0.00000	  -0.00000	   1.64817	   1.64817	  17.69137
 41	 17	  -0.00000	  -0.00000	  -0.00000	   1.88879	   1.88879	  17.55823
 41	 16	  -0.00000	  -0.00000	  -0.00000	   2.05281	   2.05281	  17.48583
 41	 15	  -0.00000	  -0.00000	  -0.00000	   2.13678	   2.13678	  17.47710
 41	 14	  -0.00000	  -0.00000	  -0.00000	   2.10448	   2.10448	  17.49839
 41	 13	  -0.00000	  -0.00000	  -0.00000	   1.97845	   1.97845	  17.57073
 41	 12	  -0.00000	  -0.00000	  -0.00000	   1.76744	   1.76744	  17.69748
 41	 11	  -0.00000	  -0.00000	  -0.00000	   1.55481	   1.55481	  17.95338
 41	 10	  -0.00000	  -0.00000	  -0.00000	   1.38010	   1.38010	  18.36716
 41	  9	  -0.00000	  -0.00000	  -0.00000	   1.30715	   1.30715	  18.99068
 41	  8	  -0.00000	  -0.00000	  -0.00000	   1.38766	   1.38766	  19.86344
 41	  7	  -0.00000	  -0.00000	  -0.00000	   1.64527	   1.64527	  20.99731
 41	  6	  -0.00000	  -0.00000	  -0.00000	   2.04260	   2.04260	  22.34403
 41	  5	  -0.00000	  -0.00000	  -0.00000	   2.54004	   2.54004	  23.85425
 41	  4	  -0.00000	  -0.00000	  -0.00000	   3.03524	   3.03524	  25.41698
 41	  3	  -0.00000	  -0.00000	  -0.00000	   3.49127	   3.49127	  26.98785
 41	  2	  -0.00000	  -0.00000	  -0.00000	   3.82668	   3.82668	  28.47899
 41	  1	  -0.00000	  -0.00000	  -0.00000	   4.05403	   4.05403	  29.89747

 42	 30	  -0.00000	  -0.00000	   0.00000	   4.14457	   4.14457	  32.40916
 42	 29	  -0.00000	  -0.00000	   0.00000	   3.99985	   3.99985	  31.07446
 42	 28	  -0.00000	  -0.00000	   0.00000	   3.78635	   3.78635	  29.70316
 42	 27	  -0.00000	  -0.00000	   0.00000	   3.49127	   3.49127	  28.28700
 42	 26	  -0.00000	  -0.00000	   0.00000	   3.14267	   3.14267	  26.85923
 42	 25	  -0.00000	  -0.00000	   0.00000	   2.77416	   2.77416	  25.45945
 42	 24	  -0.00000	  -0.00000	   0.00000	   2.45513	   2.45513	  24.16387
 42	 23	  -0.00000	  -0.00000	   0.00000	   2.21960	   2.21960	  23.01422
 42	 22	  -0.00000	  -0.00000	   0.00000	   2.10084	   2.10084	  22.05236
 42	 21	  -0.00000	  -0.00000	   0.00000	   2.08061	   2.08061	  21.26941
 42	 20	  -0.00000	  -0.00000	  -0.00000	   2.15252	   2.15252	  20.66892
 42	 19	  -0.00000	  -0.00000	  -0.00000	   2.28848	   2.28848	  20.23296
 42	 18	  -0.00000	  -0.00000	  -0.00000	   2.44356	   2.44356	  19.92645
 42	 17	  -0.00000	  -0.00000	  -0.00000	   2.58617	   2.58617	  19.72672
 42	 16	  -0.00000	  -0.00000	  -0.00000	   2.69887	   2.69887	  19.62357
 42	 15	  -0.00000	  -0.00000	  -0.00000	   2.74403	   2.74403	  19.58423
 42	 14	  -0.00000	  -0.00000	  -0.00000	   2.73390	   2.73390	  19.62293
 42	 13	  -0.00000	  -0.00000	  -0.00000	   2.64694	   2.64694	  19.71698
 42	 12	  -0.00000	  -0.00000	  -0.00000	   2.51545	   2.51545	  19.89455
 42	 11	  -0.00000	  -0.00000	  -0.00000	   2.39172	   2.39172	  20.20127
 42	 10	  -0.00000	  -0.00000	  -0.00000	   2.29441	   2.29441	  20.64727
 42	  9	  -0.00000	  -0.00000	  -0.00000	   2.26775	   2.26775	  21.26707
 42	  8	  -0.00000	  -0.00000	  -0.00000	   2.34008	   2.34008	  22.07890
 42	  7	  -0.00000	  -0.00000	  -0.00000	   2.52865	   2.52865	  23.08998
 42	  6	  -0.00000	  -0.00000	  -0.00000	   2.80373	   2.80373	  24.26102
 42	  5	  -0.00000	  -0.00000	  -0.00000	   3.14267	   3.14267	  25.56057
 42	  4	  -0.00000	  -0.00000	  -0.00000	   3.49127	   3.49127	  26.92648
 42	  3	  -0.00000	  -0.00000	  -0.00000	   3.78635	   3.78635	  28.28852
 42	  2	  -0.00000	  -0.00000	  -0.00000	   3.99985	   3.99985	  29.61241
 42	  1	  -0.00000	  -0.00000	  -0.00000	   4.14457	   4.14457	  30.90555

 43	 30	   0.00000	  -0.00000	   0.00000	   4.20314	   4.20314	  33.38626
 43	 29	  -0.00000	  -0.00000	   0.00000	   4.12101	   4.12101	  32.15316
 43	 28	  -0.00000	  -0.00000	   0.00000	   3.99985	   3.99985	  30.91543
 43	 27	  -0.00000	  -0.00000	   0.00000	   3.82668	   3.82668	  29.66455
 43	 26	  -0.00000	  -0.00000	   0.00000	   3.62211	   3.62211	  28.42619
 43	 25	  -0.00000	  -0.00000	   0.00000	   3.40585	   3.40585	  27.22579
 43	 24	  -0.00000	  -0.00000	   0.00000	   3.20128	   3.20128	  26.09312
 43	 23	  -0.00000	  -0.00000	   0.00000	   3.04208	   3.04208	  25.06895
 43	 22	  -0.00000	  -0.00000	   0.00000	   2.95473	   2.95473	  24.18750
 43	 21	  -0.00000	  -0.00000	   0.00000	   2.93102	   2.93102	  23.44876
 43	 20	  -0.00000	  -0.00000	   0.00000	   2.96405	   2.96405	  22.85436
 43	 19	  -0.00000	  -0.00000	  -0.00000	   3.03763	   3.03763	  22.39664
 43	 18	  -0.00000	  -0.00000	  -0.00000	   3.13310	   3.13310	  22.06504
 43	 17	  -0.00000	  -0.00000	  -0.00000	   3.20390	   3.20390	  21.82017
 43	 16	  -0.00000	  -0.00000	  -0.00000	   3.26137	   3.26137	  21.67908
 43	 15	  -0.00000	  -0.00000	  -0.00000	   3.29658	   3.29658	  21.63668
 43	 14	  -0.00000	  -0.00000	  -0.00000	   3.28261	   3.28261	  21.66756
 43	 13	  -0.00000	  -0.00000	  -0.00000	   3.24076	   3.24076	  21.79213
 43	 12	  -0.00000	  -0.00000	  -0.00000	   3.17670	   3.17670	  22.01284
 43	 11	  -0.00000	  -0.00000	  -0.00000	   3.10171	   3.10171	  22.33573
 43	 10	  -0.00000	  -0.00000	  -0.00000	   3.04336	   3.04336	  22.78150
 43	  9	  -0.00000	  -0.00000	  -0.00000	   3.03888	   3.03888	  23.37951
 43	  8	  -0.00000	  -0.00000	  -0.00000	   3.09150	   3.09150	  24.12453
 43	  7	  -0.00000	  -0.00000	  -0.00000	   3.21524	   3.21524	  25.02202
 43	  6	  -0.00000	  -0.00000	  -0.00000	   3.40585	   3.40585	  26.05938
 43	  5	  -0.00000	  -0.00000	  -0.00000	   3.62211	   3.62211	  27.18754
 43	  4	  -0.00000	  -0.00000	  -0.00000	   3.82668	   3.82668	  28.36189
 43	  3	  -0.00000	  -0.00000	  -0.00000	   3.99985	   3.99985	  29.55613
 43	  2	  -0.00000	  -0.00000	  -0.00000	   4.12101	   4.12101	  30.74375
 43	  1	  -0.00000	  -0.00000	  -0.00000	   4.20314	   4.20314	  31.93250

 44	 30	   0.00000	  -0.00000	   0.00000	   4.24284	   4.24284	  34.39116
 44	 29	  -0.00000	  -0.00000	   0.00000	   4.20314	   4.20314	  33.23878
 44	 28	  -0.00000	  -0.00000	   0.00000	   4.14457	   4.14457	  32.10374
 44	 27	  -0.00000	  -0.00000	   0.00000	   4.05403	   4.05403	  30.97730
 44	 26	  -0.00000	  -0.00000	   0.00000	   3.94708	   3.94708	  29.87987
 44	 25	  -0.00000	  -0.00000	   0.00000	   3.83402	   3.83402	  28.82714
 44	 24	  -0.00000	  -0.00000	   0.00000	   3.72707	   3.72707	  27.83730
 44	 23	  -0.00000	  -0.00000	   0.00000	   3.63653	   3.63653	  26.92709
 44	 22	  -0.00000	  -0.00000	   0.00000	   3.57796	   3.57796	  26.11898
 44	 21	  -0.00000	  -0.00000	   0.00000	   3.55148	   3.55148	  25.42027
 44	 20	  -0.00000	  -0.00000	   0.00000	   3.56544	   3.56544	  24.84669
 44	 19	  -0.00000	  -0.00000	  -0.00000	   3.60255	   3.60255	  24.38808
 44	 18	  -0.00000	  -0.00000	  -0.00000	   3.64536	   3.64536	  24.03372
 44	 17	  -0.00000	  -0.00000	  -0.00000	   3.69070	   3.69070	  23.78628
 44	 16	  -0.00000	  -0.00000	  -0.00000	   3.71071	   3.71071	  23.62250
 44	 15	  -0.00000	  -0.00000	  -0.00000	   3.72224	   3.72224	  23.56226
 44	 14	  -0.00000	  -0.00000	  -0.00000	   3.72224	   3.72224	  23.60372
 44	 13	  -0.00000	  -0.00000	  -0.00000	   3.71071	   3.71071	  23.74619
 44	 12	  -0.00000	  -0.00000	  -0.00000	   3.67749	   3.67749	  23.97693
 44	 11	  -0.00000	  -0.00000	  -0.00000	   3.62975	   3.62975	  24.29891
 44	 10	  -0.00000	  -0.00000	  -0.00000	   3.60165	   3.60165	  24.74075
 44	  9	  -0.00000	  -0.00000	  -0.00000	   3.60514	   3.60514	  25.30787
 44	  8	  -0.00000	  -0.00000	  -0.00000	   3.63653	   3.63653	  25.98950
 44	  7	  -0.00000	  -0.00000	  -0.00000	   3.72707	   3.72707	  26.80958
 44	  6	  -0.00000	  -0.00000	  -0.00000	   3.83402	   3.83402	  27.71810
 44	  5	  -0.00000	  -0.00000	  -0.00000	   3.94708	   3.94708	  28.69776
 44	  4	  -0.00000	  -0.00000	  -0.00000	   4.05403	   4.05403	  29.72977
 44	  3	  -0.00000	  -0.00000	  -0.00000	   4.14457	   4.14457	  30.79772
 44	  2	  -0.00000	  -0.00000	  -0.00000	   4.20314	   4.20314	  31.88052
 44	  1	  -0.00000	  -0.00000	  -0.00000	   4.24284	   4.24284	  32.98626

 45	 30	   0.00000	  -0.00000	   0.00000	   4.25844	   4.25844	  35.41432
 45	 29	  -0.00000	  -0.00000	   0.00000	   4.24448	   4.24448	  34.32496
 45	 28	  -0.00000	  -0.00000	   0.00000	   4.22387	   4.22387	  33.26664
 45	 27	  -0.00000	  -0.00000	   0.00000	   4.18346	   4.18346	  32.23037
 45	 26	  -0.00000	  -0.00000	   0.00000	   4.13572	   4.13572	  31.23325
 45	 25	  -0.00000	  -0.00000	   0.00000	   4.08524	   4.08524	  30.28493
 45	 24	  -0.00000	  -0.00000	   0.00000	   4.03750	   4.03750	  29.39633
 45	 23	  -0.00000	  -0.00000	   0.00000	   3.99709	   3.99709	  28.57792
 45	 22	  -0.00000	  -0.00000	   0.00000	   3.97648	   3.97648	  27.84831
 45	 21	  -0.00000	  -0.00000	   0.00000	   3.96252	   3.96252	  27.20066
 45	 20	  -0.00000	  -0.00000	   0.00000	   3.96252	   3.96252	  26.64860
 45	 19	  -0.00000	  -0.00000	   0.00000	   3.96252	   3.96252	  26.18425
 45	 18	  -0.00000	  -0.00000	  -0.00000	   3.97573	   3.97573	  25.82641
 45	 17	  -0.00000	  -0.00000	  -0.00000	   3.99134	   3.99134	  25.56909
 45	 16	  -0.00000	  -0.00000	  -0.00000	   4.00783	   4.00783	  25.41452
 45	 15	  -0.00000	  -0.00000	  -0.00000	   4.02344	   4.02344	  25.36339
 45	 14	  -0.00000	  -0.00000	  -0.00000	   4.02344	   4.02344	  25.40194
 45	 13	  -0.00000	  -0.00000	  -0.00000	   4.00783	   4.00783	  25.52962
 45	 12	  -0.00000	  -0.00000	  -0.00000	   3.99134	   3.99134	  25.75907
 45	 11	  -0.00000	  -0.00000	  -0.00000	   3.97573	   3.97573	  26.08865
 45	 10	  -0.00000	  -0.00000	  -0.00000	   3.96252	   3.96252	  26.51531
 45	  9	  -0.00000	  -0.00000	  -0.00000	   3.97648	   3.97648	  27.05841
 45	  8	  -0.00000	  -0.00000	  -0.00000	   3.99709	   3.99709	  27.69144
 45	  7	  -0.00000	  -0.00000	  -0.00000	   4.03750	   4.03750	  28.42129
 45	  6	  -0.00000	  -0.00000	  -0.00000	   4.08524	   4.08524	  29.22916
 45	  5	  -0.00000	  -0.00000	  -0.00000	   4.13572	   4.13572	  30.10422
 45	  4	  -0.00000	  -0.00000	  -0.00000	   4.18346	   4.18346	  31.03509
 45	  3	  -0.00000	  -0.00000	  -0.00000	   4.22387	   4.22387	  32.01159
 45	  2	  -0.00000	  -0.00000	  -0.00000	   4.24448	   4.24448	  33.01607
 45	  1	  -0.00000	  -0.00000	  -0.00000	   4.25844	   4.25844	  34.05696

 46	 30	   0.00000	  -0.00000	   0.00000	   4.25844	   4.25844	  36.46023
 46	 29	   0.00000	  -0.00000	   0.00000	   4.25844	   4.25844	  35.42096
 46	 28	  -0.00000	  -0.00000	   0.00000	   4.25844	   4.25844	  34.42050
 46	 27	  -0.00000	  -0.00000	   0.00000	   4.24523	   4.24523	  33.44962
 46	 26	  -0.00000	  -0.00000	   0.00000	   4.22963	   4.22963	  32.52350
 46	 25	  -0.00000	  -0.00000	   0.00000	   4.21313	   4.21313	  31.64833
 46	 24	  -0.00000	  -0.00000	   0.00000	   4.19752	   4.19752	  30.83091
 46	 23	  -0.00000	  -0.00000	   0.00000	   4.18431	   4.18431	  30.07802
 46	 22	  -0.00000	  -0.00000	   0.00000	   4.18431	   4.18431	  29.40595
 46	 21	  -0.00000	  -0.00000	   0.00000	   4.18431	   4.18431	  28.80703
 46	 20	  -0.00000	  -0.00000	   0.00000	   4.18431	   4.18431	  28.28670
 46	 19	  -0.00000	  -0.00000	   0.00000	   4.18431	   4.18431	  27.85015
 46	 18	  -0.00000	  -0.00000	   0.00000	   4.18431	   4.18431	  27.50210
 46	 17	  -0.00000	  -0.00000	  -0.00000	   4.18431	   4.18431	  27.24653
 46	 16	  -0.00000	  -0.00000	  -0.00000	   4.18431	   4.18431	  27.08656
 46	 15	  -0.00000	  -0.00000	  -0.00000	   4.18431	   4.18431	  27.02419
 46	 14	  -0.00000	  -0.00000	  -0.00000	   4.18431	   4.18431	  27.06022
 46	 13	  -0.00000	  -0.00000	  -0.00000	   4.18431	   4.18431	  27.19418
 46	 12	  -0.00000	  -0.00000	  -0.00000	   4.18431	   4.18431	  27.42439
 46	 11	  -0.00000	  -0.00000	  -0.00000	   4.18431	   4.18431	  27.74801
 46	 10	  -0.00000	  -0.00000	  -0.00000	   4.18431	   4.18431	  28.16128
 46	  9	  -0.00000	  -0.00000	  -0.00000	   4.18431	   4.18431	  28.65965
 46	  8	  -0.00000	  -0.00000	  -0.00000	   4.18431	   4.18431	  29.23804
 46	  7	  -0.00000	  -0.00000	  -0.00000	   4.19752	   4.19752	  29.90426
 46	  6	  -0.00000	  -0.00000	  -0.00000	   4.21313	   4.21313	  30.64196
 46	  5	  -0.00000	  -0.00000	  -0.00000	   4.22963	   4.22963	  31.44415
 46	  4	  -0.00000	  -0.00000	  -0.00000	   4.24523	   4.24523	  32.30369
 46	  3	  -0.00000	  -0.00000	  -0.00000	   4.25844	   4.25844	  33.21400
 46	  2	  -0.00000	  -0.00000	  -0.00000	   4.25844	   4.25844	  34.15947
 46	  1	  -0.00000	  -0.00000	  -0.00000	   4.25844	   4.25844	  35.14887

 47	 30	   0.00000	  -0.00000	   0.00000	   4.25844	   4.25844	  37.54091
 47	 29	   0.00000	  -0.00000	   0.00000	   4.25844	   4.25844	  36.53644
 47	 28	  -0.00000	  -0.00000	   0.00000	   4.25844	   4.25844	  35.57164
 47	 27	  -0.00000	  -0.00000	   0.00000	   4.25844	   4.25844	  34.65027
 47	 26	  -0.00000	  -0.00000	   0.00000	   4.25844	   4.25844	  33.77641
 47	 25	  -0.00000	  -0.00000	   0.00000	   4.25844	   4.25844	  32.95439
 47	 24	  -0.00000	  -0.00000	   0.00000	   4.25844	   4.25844	  32.18879
 47	 23	  -0.00000	  -0.00000	   0.00000	   4.25844	   4.25844	  31.48438
 47	 22	  -0.00000	  -0.00000	   0.00000	   4.25844	   4.25844	  30.84600
 47	 21	  -0.00000	  -0.00000	   0.00000	   4.25844	   4.25844	  30.27854
 47	 20	  -0.00000	  -0.00000	   0.00000	   4.25844	   4.25844	  29.78671
 47	 19	  -0.00000	  -0.00000	   0.00000	   4.25844	   4.25844	  29.37496
 47	 18	  -0.00000	  -0.00000	   0.00000	   4.25844	   4.25844	  29.04728
 47	 17	  -0.00000	  -0.00000	   0.00000	   4.25844	   4.25844	  28.80704
 47	 16	  -0.00000	  -0.00000	  -0.00000	   4.25844	   4.25844	  28.65681
 47	 15	  -0.00000	  -0.00000	  -0.00000	   4.25844	   4.25844	  28.59827
 47	 14	  -0.00000	  -0.00000	  -0.00000	   4.25844	   4.25844	  28.63208
 47	 13	  -0.00000	  -0.00000	  -0.00000	   4.25844	   4.25844	  28.75786
 47	 12	  -0.00000	  -0.00000	  -0.00000	   4.25844	   4.25844	  28.97419
 47	 11	  -0.00000	  -0.00000	  -0.00000	   4.25844	   4.25844	  29.27874
 47	 10	  -0.00000	  -0.00000	  -0.00000	   4.25844	   4.25844	  29.66833
 47	  9	  -0.00000	  -0.00000	  -0.00000	   4.25844	   4.25844	  30.13912
 47	  8	  -0.00000	  -0.00000	  -0.00000	   4.25844	   4.25844	  30.68677
 47	  7	  -0.00000	  -0.00000	  -0.00000	   4.25844	   4.25844	  31.30661
 47	  6	  -0.00000	  -0.00000	  -0.00000	   4.25844	   4.25844	  31.99381
 47	  5	  -0.00000	  -0.00000	  -0.00000	   4.25844	   4.25844	  32.74348
 47	  4	  -0.00000	  -0.00000	  -0.00000	   4.25844	   4.25844	  33.55084
 47	  3	  -0.00000	  -0.00000	  -0.00000	   4.25844	   4.25844	  34.41124
 47	  2	  -0.00000	  -0.00000	  -0.00000	   4.25844	   4.25844	  35.32029
 47	  1	  -0.00000	  -0.00000	  -0.00000	   4.25844	   4.25844	  36.27384

 48	 30	   0.00000	  -0.00000	   0.00000	   4.25844	   4.25844	  38.65306
 48	 29	   0.00000	  -0.00000	   0.00000	   4.25844	   4.25844	  37.68203
 48	 28	   0.00000	  -0.00000	   0.00000	   4.25844	   4.25844	  36.75126
 48	 27	  -0.00000	  -0.00000	   0.00000	   4.25844	   4.25844	  35.86430
 48	 26	  -0.00000	  -0.00000	   0.00000	   4.25844	   4.25844	  35.02494
 48	 25	  -0.00000	  -0.00000	   0.00000	   4.25844	   4.25844	  34.23718
 48	 24	  -0.00000	  -0.00000	   0.00000	   4.25844	   4.25844	  33.50518
 48	 23	  -0.00000	  -0.00000	   0.00000	   4.25844	   4.25844	  32.83323
 48	 22	  -0.00000	  -0.00000	   0.00000	   4.25844	   4.25844	  32.22566
 48	 21	  -0.00000	  -0.00000	   0.00000	   4.25844	   4.25844	  31.68676
 48	 20	  -0.00000	  -0.00000	   0.00000	   4.25844	   4.25844	  31.22063
 48	 19	  -0.00000	  -0.00000	   0.00000	   4.25844	   4.25844	  30.83111
 48	 18	  -0.00000	  -0.00000	   0.00000	   4.25844	   4.25844	  30.52160
 48	 17	  -0.00000	  -0.00000	   0.00000	   4.25844	   4.25844	  30.29496
 48	 16	  -0.00000	  -0.00000	   0.00000	   4.25844	   4.25844	  30.15337
 48	 15	  -0.00000	  -0.00000	  -0.00000	   4.25844	   4.25844	  30.09823
 48	 14	  -0.00000	  -0.00000	  -0.00000	   4.25844	   4.25844	  30.13008
 48	 13	  -0.00000	  -0.00000	  -0.00000	   4.25844	   4.25844	  30.24860
 48	 12	  -0.00000	  -0.00000	  -0.00000	   4.25844	   4.25844	  30.45263
 48	 11	  -0.00000	  -0.00000	  -0.00000	   4.25844	   4.25844	  30.74018
 48	 10	  -0.00000	  -0.00000	  -0.00000	   4.25844	   4.25844	  31.10857
 48	  9	  -0.00000	  -0.00000	  -0.00000	   4.25844	   4.25844	  31.55453
 48	  8	  -0.00000	  -0.00000	  -0.00000	   4.25844	   4.25844	  32.07433
 48	  7	  -0.00000	  -0.00000	  -0.00000	   4.25844	   4.25844	  32.66391
 48	  6	  -0.00000	  -0.00000	  -0.00000	   4.25844	   4.25844	  33.31902
 48	  5	  -0.00000	  -0.00000	  -0.00000	   4.25844	   4.25844	  34.03535
 48	  4	  -0.00000	  -0.00000	  -0.00000	   4.25844	   4.25844	  34.80859
 48	  3	  -0.00000	  -0.00000	  -0.00000	   4.25844	   4.25844	  35.63452
 48	  2	  -0.00000	  -0.00000	  -0.00000	   4.25844	   4.25844	  36.50911
 48	  1	  -0.00000	  -0.00000	  -0.00000	   4.25844	   4.25844	  37.42850

 49	 30	   0.00000	  -0.00000	   0.00000	   4.25844	   4.25844	  39.79373
 49	 29	   0.00000	  -0.00000	   0.00000	   4.25844	   4.25844	  38.85473
 49	 28	   0.00000	  -0.00000	   0.00000	   4.25844	   4.25844	  37.95637
 49	 27	   0.00000	  -0.00000	   0.00000	   4.25844	   4.25844	  37.10197
 49	 26	  -0.00000	  -0.00000	   0.00000	   4.25844	   4.25844	  36.29505
 49	 25	  -0.00000	  -0.00000	   0.00000	   4.25844	   4.25844	  35.53929
 49	 24	  -0.00000	  -0.00000	   0.00000	   4.25844	   4.25844	  34.83848
 49	 23	  -0.00000	  -0.00000	   0.00000	   4.25844	   4.25844	  34.19647
 49	 22	  -0.00000	  -0.00000	   0.00000	   4.25844	   4.25844	  33.61713
 49	 21	  -0.00000	  -0.00000	   0.00000	   4.25844	   4.25844	  33.10423
 49	 20	  -0.00000	  -0.00000	   0.00000	   4.25844	   4.25844	  32.66137
 49	 19	  -0.00000	  -0.00000	   0.00000	   4.25844	   4.25844	  32.29188
 49	 18	  -0.00000	  -0.00000	   0.00000	   4.25844	   4.25844	  31.99867
 49	 17	  -0.00000	  -0.00000	   0.00000	   4.25844	   4.25844	  31.78420
 49	 16	  -0.00000	  -0.00000	   0.00000	   4.25844	   4.25844	  31.65031
 49	 15	  -0.00000	  -0.00000	   0.00000	   4.25844	   4.25844	  31.59818
 49	 14	  -0.00000	  -0.00000	   0.00000	   4.25844	   4.25844	  31.62829
 49	 13	  -0.00000	  -0.00000	  -0.00000	   4.25844	   4.25844	  31.74035
 49	 12	  -0.00000	  -0.00000	  -0.00000	   4.25844	   4.25844	  31.93338
 49	 11	  -0.00000	  -0.00000	  -0.00000	   4.25844	   4.25844	  32.20570
 49	 10	  -0.00000	  -0.00000	  -0.00000	   4.25844	   4.25844	  32.55502
 49	  9	  -0.00000	  -0.00000	  -0.00000	   4.25844	   4.25844	  32.97853
 49	  8	  -0.00000	  -0.00000	  -0.00000	   4.25844	   4.25844	  33.47300
 49	  7	  -0.00000	  -0.00000	  -0.00000	   4.25844	   4.25844	  34.03490
 49	  6	  -0.00000	  -0.00000	  -0.00000	   4.25844	   4.25844	  34.66049
 49	  5	  -0.00000	  -0.00000	  -0.00000	   4.25844	   4.25844	  35.34592
 49	  4	  -0.00000	  -0.00000	  -0.00000	   4.25844	   4.25844	  36.08734
 49	  3	  -0.00000	  -0.00000	  -0.00000	   4.25844	   4.25844	  36.88091
 49	  2	  -0.00000	  -0.00000	  -0.00000	   4.25844	   4.25844	  37.72294
 49	  1	  -0.00000	  -0.00000	  -0.00000	   4.25844	   4.25844	  38.60985

 50	 30	   0.00000	  -0.00000	   0.00000	   4.25844	   4.25844	  40.96026
 50	 29	   0.00000	  -0.00000	   0.00000	   4.25844	   4.25844	  40.05188
 50	 28	   0.00000	  -0.00000	   0.00000	   4.25844	   4.25844	  39.18433
 50	 27	   0.00000	  -0.00000	   0.00000	   4.25844	   4.25844	  38.36071
 50	 26	  -0.00000	  -0.00000	   0.00000	   4.25844	   4.25844	  37.58428
 50	 25	  -0.00000	  -0.00000	   0.00000	   4.25844	   4.25844	  36.85842
 50	 24	  -0.00000	  -0.00000	   0.00000	   4.25844	   4.25844	  36.18657
 50	 23	  -0.00000	  -0.00000	   0.00000	   4.25844	   4.25844	  35.57222
 50	 22	  -0.00000	  -0.00000	   0.00000	   4.25844	   4.25844	  35.01880
 50	 21	  -0.00000	  -0.00000	   0.00000	   4.25844	   4.25844	  34.52966
 50	 20	  -0.00000	  -0.00000	   0.00000	   4.25844	   4.25844	  34.10796
 50	 19	  -0.00000	  -0.00000	   0.00000	   4.25844	   4.25844	  33.75659
 50	 18	  -0.00000	  -0.00000	   0.00000	   4.25844	   4.25844	  33.47808
 50	 17	  -0.00000	  -0.00000	   0.00000	   4.25844	   4.25844	  33.27455
 50	 16	  -0.00000	  -0.00000	   0.00000	   4.25844	   4.25844	  33.14757
 50	 15	  -0.00000	  -0.00000	   0.00000	   4.25844	   4.25844	  33.09814
 50	 14	  -0.00000	  -0.00000	   0.00000	   4.25844	   4.25844	  33.12668
 50	 13	  -0.00000	  -0.00000	   0.00000	   4.25844	   4.25844	  33.23296
 50	 12	  -0.00000	  -0.00000	  -0.00000	   4.25844	   4.25844	  33.41611
 50	 11	  -0.00000	  -0.00000	  -0.00000	   4.25844	   4.25844	  33.67470
 50	 10	  -0.00000	  -0.00000	  -0.00000	   4.25844	   4.25844	  34.00678
 50	  9	  -0.00000	  -0.00000	  -0.00000	   4.25844	   4.25844	  34.40990
 50	  8	  -0.00000	  -0.00000	  -0.00000	   4.25844	   4.25844	  34.88127
 50	  7	  -0.00000	  -0.00000	  -0.00000	   4.25844	   4.25844	  35.41778
 50	  6	  -0.00000	  -0.00000	  -0.00000	   4.25844	   4.25844	  36.01614
 50	  5	  -0.00000	  -0.00000	  -0.00000	   4.25844	   4.25844	  36.67292
 50	  4	  -0.00000	  -0.00000	  -0.00000	   4.25844	   4.25844	  37.38465
 50	  3	  -0.00000	  -0.00000	  -0.00000	   4.25844	   4.25844	  38.14786
 50	  2	  -0.00000	  -0.00000	  -0.00000	   4.25844	   4.25844	  38.95915
 50	  1	  -0.00000	  -0.00000	  -0.00000	   4.25844	   4.25844	  39.81525

 51	 30	   0.00000	  -0.00000	   0.00000	   4.25844	   4.25844	  42.15027
 51	 29	   0.00000	  -0.00000	   0.00000	   4.25844	   4.25844	  41.27111
 51	 28	   0.00000	  -0.00000	   0.00000	   4.25844	   4.25844	  40.43280
 51	 27	   0.00000	  -0.00000	   0.00000	   4.25844	   4.25844	  39.63826
 51	 26	   0.00000	  -0.00000	   0.00000	   4.25844	   4.25844	  38.89049
 51	 25	  -0.00000	  -0.00000	   0.00000	   4.25844	   4.25844	  38.19258
 51	 24	  -0.00000	  -0.00000	   0.00000	   4.25844	   4.25844	  37.54767
 51	 23	  -0.00000	  -0.00000	   0.00000	   4.25844	   4.25844	  36.95889
 51	 22	  -0.00000	  -0.00000	   0.00000	   4.25844	   4.25844	  36.42934
 51	 21	  -0.00000	  -0.00000	   0.00000	   4.25844	   4.25844	  35.96197
 51	 20	  -0.00000	  -0.00000	   0.00000	   4.25844	   4.25844	  35.55957
 51	 19	  -0.00000	  -0.00000	   0.00000	   4.25844	   4.25844	  35.22467
 51	 18	  -0.00000	  -0.00000	   0.00000	   4.25844	   4.25844	  34.95949
 51	 17	  -0.00000	  -0.00000	   0.00000	   4.25844	   4.25844	  34.76584
 51	 16	  -0.00000	  -0.00000	   0.00000	   4.25844	   4.25844	  34.64509
 51	 15	  -0.00000	  -0.00000	   0.00000	   4.25844	   4.25844	  34.59811
 51	 14	  -0.00000	  -0.00000	   0.00000	   4.25844	   4.25844	  34.62524
 51	 13	  -0.00000	  -0.00000	   0.00000	   4.25844	   4.25844	  34.72628
 51	 12	  -0.00000	  -0.00000	   0.00000	   4.25844	   4.25844	  34.90051
 51	 11	  -0.00000	  -0.00000	   0.00000	   4.25844	   4.25844	  35.14668
 51	 10	  -0.00000	  -0.00000	  -0.00000	   4.25844	   4.25844	  35.46310
 51	  9	  -0.00000	  -0.00000	  -0.00000	   4.25844	   4.25844	  35.84764
 51	  8	  -0.00000	  -0.00000	  -0.00000	   4.25844	   4.25844	  36.29786
 51	  7	  -0.00000	  -0.00000	  -0.00000	   4.25844	   4.25844	  36.81104
 51	  6	  -0.00000	  -0.00000	  -0.00000	   4.25844	   4.25844	  37.38424
 51	  5	  -0.00000	  -0.00000	  -0.00000	   4.25844	   4.25844	  38.01441
 51	  4	  -0.00000	  -0.00000	  -0.00000	   4.25844	   4.25844	  38.69843
 51	  3	  -0.00000	  -0.00000	  -0.00000	   4.25844	   4.25844	  39.43314
 51	  2	  -0.00000	  -0.00000	  -0.00000	   4.25844	   4.25844	  40.21545
 51	  1	  -0.00000	  -0.00000	  -0.00000	   4.25844	   4.25844	  41.04232

 52	 30	   0.00000	  -0.00000	   0.00000	   4.25844	   4.25844	  43.36161
 52	 29	   0.00000	  -0.00000	   0.00000	   4.25844	   4.25844	  42.51030
 52	 28	   0.00000	  -0.00000	   0.00000	   4.25844	   4.25844	  41.69975
 52	 27	   0.00000	  -0.00000	   0.00000	   4.25844	   4.25844	  40.93266
 52	 26	   0.00000	  -0.00000	   0.00000	   4.25844	   4.25844	  40.21182
 52	 25	   0.00000	  -0.00000	   0.00000	   4.25844	   4.25844	  39.54006
 52	 24	  -0.00000	  -0.00000	   0.00000	   4.25844	   4.25844	  38.92023
 52	 23	  -0.00000	  -0.00000	   0.00000	   4.25844	   4.25844	  38.35516
 52	 22	  -0.00000	  -0.00000	   0.00000	   4.25844	   4.25844	  37.84763
 52	 21	  -0.00000	  -0.00000	   0.00000	   4.25844	   4.25844	  37.40027
 52	 20	  -0.00000	  -0.00000	   0.00000	   4.25844	   4.25844	  37.01554
 52	 19	  -0.00000	  -0.00000	   0.00000	   4.25844	   4.25844	  36.69568
 52	 18	  -0.00000	  -0.00000	   0.00000	   4.25844	   4.25844	  36.44262
 52	 17	  -0.00000	  -0.00000	   0.00000	   4.25844	   4.25844	  36.25795
 52	 16	  -0.00000	  -0.00000	   0.00000	   4.25844	   4.25844	  36.14285
 52	 15	  -0.00000	  -0.00000	   0.00000	   4.25844	   4.25844	  36.09808
 52	 14	  -0.00000	  -0.00000	   0.00000	   4.25844	   4.25844	  36.12393
 52	 13	  -0.00000	  -0.00000	   0.00000	   4.25844	   4.25844	  36.22024
 52	 12	  -0.00000	  -0.00000	   0.00000	   4.25844	   4.25844	  36.38637
 52	 11	  -0.00000	  -0.00000	   0.00000	   4.25844	   4.25844	  36.62124
 52	 10	  -0.00000	  -0.00000	   0.00000	   4.25844	   4.25844	  36.92337
 52	  9	  -0.00000	  -0.00000	   0.00000	   4.25844	   4.25844	  37.29092
 52	  8	  -0.00000	  -0.00000	   0.00000	   4.25844	   4.25844	  37.72173
 52	  7	  -0.00000	  -0.00000	  -0.00000	   4.25844	   4.25844	  38.21339
 52	  6	  -0.00000	  -0.00000	  -0.00000	   4.25844	   4.25844	  38.76330
 52	  5	  -0.00000	  -0.00000	  -0.00000	   4.25844	   4.25844	  39.36873
 52	  4	  -0.00000	  -0.00000	  -0.00000	   4.25844	   4.25844	  40.02686
 52	  3	  -0.00000	  -0.00000	  -0.00000	   4.25844	   4.25844	  40.73482
 52	  2	  -0.00000	  -0.00000	  -0.00000	   4.25844	   4.25844	  41.48979
 52	  1	  -0.00000	  -0.00000	  -0.00000	   4.25844	   4.25844	  42.28896

 53	 30	   0.00000	  -0.00000	   0.00000	   4.25844	   4.25844	  44.59235
 53	 29	   0.00000	  -0.00000	   0.00000	   4.25844	   4.25844	  43.76757
 53	 28	   0.00000	  -0.00000	   0.00000	   4.25844	   4.25844	  42.98335
 53	 27	   0.00000	  -0.00000	   0.00000	   4.25844	   4.25844	  42.24219
 53	 26	   0.00000	  -0.00000	   0.00000	   4.25844	   4.25844	  41.54668
 53	 25	   0.00000	  -0.00000	   0.00000	   4.25844	   4.25844	  40.89940
 53	 24	   0.00000	  -0.00000	   0.00000	   4.25844	   4.25844	  40.30295
 53	 23	  -0.00000	  -0.00000	   0.00000	   4.25844	   4.25844	  39.75990
 53	 22	  -0.00000	  -0.00000	   0.00000	   4.25844	   4.25844	  39.27273
 53	 21	  -0.00000	  -0.00000	   0.00000	   4.25844	   4.25844	  38.84381
 53	 20	  -0.00000	  -0.00000	   0.00000	   4.25844	   4.25844	  38.47532
 53	 19	  -0.00000	  -0.00000	   0.00000	   4.25844	   4.25844	  38.16923
 53	 18	  -0.00000	  -0.00000	   0.00000	   4.25844	   4.25844	  37.92725
 53	 17	  -0.00000	  -0.00000	   0.00000	   4.25844	   4.25844	  37.75076
 53	 16	  -0.00000	  -0.00000	   0.00000	   4.25844	   4.25844	  37.64081
 53	 15	  -0.00000	  -0.00000	   0.00000	   4.25844	   4.25844	  37.59805
 53	 14	  -0.00000	  -0.00000	   0.00000	   4.25844	   4.25844	  37.62274
 53	 13	  -0.00000	  -0.00000	   0.00000	   4.25844	   4.25844	  37.71473
 53	 12	  -0.00000	  -0.00000	   0.00000	   4.25844	   4.25844	  37.87348
 53	 11	  -0.00000	  -0.00000	   0.00000	   4.25844	   4.25844	  38.09803
 53	 10	  -0.00000	  -0.00000	   0.00000	   4.25844	   4.25844	  38.38709
 53	  9	  -0.00000	  -0.00000	   0.00000	   4.25844	   4.25844	  38.73904
 53	  8	  -0.00000	  -0.00000	   0.00000	   4.25844	   4.25844	  39.15197
 53	  7	  -0.00000	  -0.00000	   0.00000	   4.25844	   4.25844	  39.62376
 53	  6	  -0.00000	  -0.00000	   0.00000	   4.25844	   4.25844	  40.15207
 53	  5	  -0.00000	  -0.00000	   0.00000	   4.25844	   4.25844	  40.73445
 53	  4	  -0.00000	  -0.00000	   0.00000	   4.25844	   4.25844	  41.36837
 53	  3	  -0.00000	  -0.00000	   0.00000	   4.25844	   4.25844	  42.05121
 53	  2	  -0.00000	  -0.00000	  -0.00000	   4.25844	   4.25844	  42.78039
 53	  1	  -0.00000	  -0.00000	  -0.00000	   4.25844	   4.25844	  43.55332

 54	 30	   0.00000	  -0.00000	   0.00000	   4.25844	   4.25844	  45.84079
 54	 29	   0.00000	  -0.00000	   0.00000	   4.25844	   4.25844	  45.04126
 54	 28	   0.00000	  -0.00000	   0.00000	   4.25844	   4.25844	  44.28200
 54	 27	   0.00000	  -0.00000	   0.00000	   4.25844	   4.25844	  43.56534
 54	 26	   0.00000	  -0.00000	   0.00000	   4.25844	   4.25844	  42.89365
 54	 25	   0.00000	  -0.00000	   0.00000	   4.25844	   4.25844	  42.26932
 54	 24	   0.00000	  -0.00000	   0.00000	   4.25844	   4.25844	  41.69470
 54	 23	   0.00000	  -0.00000	   0.00000	   4.25844	   4.25844	  41.17213
 54	 22	  -0.00000	  -0.00000	   0.00000	   4.25844	   4.25844	  40.70385
 54	 21	  -0.00000	  -0.00000	   0.00000	   4.25844	   4.25844	  40.29196
 54	 20	  -0.00000	  -0.00000	   0.00000	   4.25844	   4.25844	  39.93843
 54	 19	  -0.00000	  -0.00000	   0.00000	   4.25844	   4.25844	  39.64500
 54	 18	  -0.00000	  -0.00000	   0.00000	   4.25844	   4.25844	  39.41318
 54	 17	  -0.00000	  -0.00000	   0.00000	   4.25844	   4.25844	  39.24419
 54	 16	  -0.00000	  -0.00000	   0.00000	   4.25844	   4.25844	  39.13894
 54	 15	  -0.00000	  -0.00000	   0.00000	   4.25844	   4.25844	  39.09802
 54	 14	  -0.00000	  -0.00000	   0.00000	   4.25844	   4.25844	  39.12165
 54	 13	  -0.00000	  -0.00000	   0.00000	   4.25844	   4.25844	  39.20970
 54	 12	  -0.00000	  -0.00000	   0.00000	   4.25844	   4.25844	  39.36168
 54	 11	  -0.00000	  -0.00000	   0.00000	   4.25844	   4.25844	  39.57677
 54	 10	  -0.00000	  -0.00000	   0.00000	   4.25844	   4.25844	  39.85383
 54	  9	  -0.00000	  -0.00000	   0.00000	   4.25844	   4.25844	  40.19141
 54	  8	  -0.00000	  -0.00000	   0.00000	   4.25844	   4.25844	  40.58784
 54	  7	  -0.00000	  -0.00000	   0.00000	   4.25844	   4.25844	  41.04122
 54	  6	  -0.00000	  -0.00000	   0.00000	   4.25844	   4.25844	  41.54945
 54	  5	  -0.00000	  -0.00000	   0.00000	   4.25844	   4.25844	  42.11034
 54	  4	  -0.00000	  -0.00000	   0.00000	   4.25844	   4.25844	  42.72159
 54	  3	  -0.00000	  -0.00000	   0.00000	   4.25844	   4.25844	  43.38082
 54	  2	  -0.00000	  -0.00000	   0.00000	   4.25844	   4.25844	  44.08566
 54	  1	  -0.00000	  -0.00000	   0.00000	   4.25844	   4.25844	  44.83374

 55	 30	   0.00000	  -0.00000	   0.00000	   4.25844	   4.25844	  47.10536
 55	 29	   0.00000	  -0.00000	   0.00000	   4.25844	   4.25844	  46.32988
 55	 28	   0.00000	  -0.00000	   0.00000	   4.25844	   4.25844	  45.59429
 55	 27	   0.00000	  -0.00000	   0.00000	   4.25844	   4.25844	  44.90078
 55	 26	   0.00000	  -0.00000	   0.00000	   4.25844	   4.25844	  44.25152
 55	 25	   0.00000	  -0.00000	   0.00000	   4.25844	   4.25844	  43.64871
 55	 24	   0.00000	  -0.00000	   0.00000	   4.25844	   4.25844	  43.09451
 55	 23	   0.00000	  -0.00000	   0.00000	   4.25844	   4.25844	  42.59103
 55	 22	   0.00000	  -0.00000	   0.00000	   4.25844	   4.25844	  42.14029
 55	 21	   0.00000	  -0.00000	   0.00000	   4.25844	   4.25844	  41.74419
 55	 20	  -0.00000	  -0.00000	   0.00000	   4.25844	   4.25844	  41.40448
 55	 19	  -0.00000	  -0.00000	   0.00000	   4.25844	   4.25844	  41.12273
 55	 18	  -0.00000	  -0.00000	   0.00000	   4.25844	   4.25844	  40.90026
 55	 17	  -0.00000	  -0.00000	   0.00000	   4.25844	   4.25844	  40.73816
 55	 16	  -0.00000	  -0.00000	   0.00000	   4.25844	   4.25844	  40.63723
 55	 15	  -0.00000	  -0.00000	   0.00000	   4.25844	   4.25844	  40.59800
 55	 14	  -0.00000	  -0.00000	   0.00000	   4.25844	   4.25844	  40.62065
 55	 13	  -0.00000	  -0.00000	   0.00000	   4.25844	   4.25844	  40.70508
 55	 12	  -0.00000	  -0.00000	   0.00000	   4.25844	   4.25844	  40.85085
 55	 11	  -0.00000	  -0.00000	   0.00000	   4.25844	   4.25844	  41.05724
 55	 10	  -0.00000	  -0.00000	   0.00000	   4.25844	   4.25844	  41.32323
 55	  9	  -0.00000	  -0.00000	   0.00000	   4.25844	   4.25844	  41.64755
 55	  8	  -0.00000	  -0.00000	   0.00000	   4.25844	   4.25844	  42.02870
 55	  7	  -0.00000	  -0.00000	   0.00000	   4.25844	   4.25844	  42.46498
 55	  6	  -0.00000	  -0.00000	   0.00000	   4.25844	   4.25844	  42.95452
 55	  5	  -0.00000	  -0.00000	   0.00000	   4.25844	   4.25844	  43.49533
 55	  4	  -0.00000	  -0.00000	   0.00000	   4.25844	   4.25844	  44.08532
 55	  3	  -0.00000	  -0.00000	   0.00000	   4.25844	   4.25844	  44.72235
 55	  2	  -0.00000	  -0.00000	   0.00000	   4.25844	   4.25844	  45.40421
 55	  1	  -0.00000	  -0.00000	   0.00000	   4.25844	   4.25844	  46.12874

 56	 30	   0.00000	  -0.00000	   0.00000	   4.25844	   4.25844	  48.38469
 56	 29	   0.00000	  -0.00000	   0.00000	   4.25844	   4.25844	  47.63208
 56	 28	   0.00000	  -0.00000	   0.00000	   4.25844	   4.25844	  46.91896
 56	 27	   0.00000	  -0.00000	   0.00000	   4.25844	   4.25844	  46.24733
 56	 26	   0.00000	  -0.00000	   0.00000	   4.25844	   4.25844	  45.61921
 56	 25	   0.00000	  -0.00000	   0.00000	   4.25844	   4.25844	  45.03663
 56	 24	   0.00000	  -0.00000	   0.00000	   4.25844	   4.25844	  44.50155
 56	 23	   0.00000	  -0.00000	   0.00000	   4.25844	   4.25844	  44.01589
 56	 22	   0.00000	  -0.00000	   0.00000	   4.25844	   4.25844	  43.58148
 56	 21	   0.00000	  -0.00000	   0.00000	   4.25844	   4.25844	  43.20005
 56	 20	   0.00000	  -0.00000	   0.00000	   4.25844	   4.25844	  42.87315
 56	 19	  -0.00000	  -0.00000	   0.00000	   4.25844	   4.25844	  42.60218
 56	 18	  -0.00000	  -0.00000	   0.00000	   4.25844	   4.25844	  42.38834
 56	 17	  -0.00000	  -0.00000	   0.00000	   4.25844	   4.25844	  42.23260
 56	 16	  -0.00000	  -0.00000	   0.00000	   4.25844	   4.25844	  42.13566
 56	 15	  -0.00000	  -0.00000	   0.00000	   4.25844	   4.25844	  42.09798
 56	 14	  -0.00000	  -0.00000	   0.00000	   4.25844	   4.25844	  42.11973
 56	 13	  -0.00000	  -0.00000	   0.00000	   4.25844	   4.25844	  42.20083
 56	 12	  -0.00000	  -0.00000	   0.00000	   4.25844	   4.25844	  42.34087
 56	 11	  -0.00000	  -0.00000	   0.00000	   4.25844	   4.25844	  42.53923
 56	 10	  -0.00000	  -0.00000	   0.00000	   4.25844	   4.25844	  42.79499
 56	  9	  -0.00000	  -0.00000	   0.00000	   4.25844	   4.25844	  43.10703
 56	  8	  -0.00000	  -0.00000	   0.00000	   4.25844	   4.25844	  43.47399
 56	  7	  -0.00000	  -0.00000	   0.00000	   4.25844	   4.25844	  43.89437
 56	  6	  -0.00000	  -0.00000	   0.00000	   4.25844	   4.25844	  44.36646
 56	  5	  -0.00000	  -0.00000	   0.00000	   4.25844	   4.25844	  44.88849
 56	  4	  -0.00000	  -0.00000	   0.00000	   4.25844	   4.25844	  45.45853
 56	  3	  -0.00000	  -0.00000	   0.00000	   4.25844	   4.25844	  46.07464
 56	  2	  -0.00000	  -0.00000	   0.00000	   4.25844	   4.25844	  46.73481
 56	  1	  -0.00000	  -0.00000	   0.00000	   4.25844	   4.25844	  47.43701

 57	 30	   0.00000	  -0.00000	   0.00000	   4.25844	   4.25844	  49.67752
 57	 29	   0.00000	  -0.00000	   0.00000	   4.25844	   4.25844	  48.94669
 57	 28	   0.00000	  -0.00000	   0.00000	   4.25844	   4.25844	  48.25488
 57	 27	   0.00000	  -0.00000	   0.00000	   4.25844	   4.25844	  47.60396
 57	 26	   0.00000	  -0.00000	   0.00000	   4.25844	   4.25844	  46.99579
 57	 25	   0.00000	  -0.00000	   0.00000	   4.25844	   4.25844	  46.43222
 57	 24	   0.00000	  -0.00000	   0.00000	   4.25844	   4.25844	  45.91507
 57	 23	   0.00000	  -0.00000	   0.00000	   4.25844	   4.25844	  45.44608
 57	 22	   0.00000	  -0.00000	   0.00000	   4.25844	   4.25844	  45.02692
 57	 21	   0.00000	  -0.00000	   0.00000	   4.25844	   4.25844	  44.65913
 57	 20	   0.00000	  -0.00000	   0.00000	   4.25844	   4.25844	  44.34413
 57	 19	   0.00000	  -0.00000	   0.00000	   4.25844	   4.25844	  44.08318
 57	 18	   0.00000	  -0.00000	   0.00000	   4.25844	   4.25844	  43.87733
 57	 17	  -0.00000	  -0.00000	   0.00000	   4.25844	   4.25844	  43.72746
 57	 16	  -0.00000	  -0.00000	   0.00000	   4.25844	   4.25844	  43.63420
 57	 15	  -0.00000	  -0.00000	   0.00000	   4.25844	   4.25844	  43.59796
 57	 14	  -0.00000	  -0.00000	   0.00000	   4.25844	   4.25844	  43.61889
 57	 13	  -0.00000	  -0.00000	   0.00000	   4.25844	   4.25844	  43.69689
 57	 12	  -0.00000	  -0.00000	   0.00000	   4.25844	   4.25844	  43.83165
 57	 11	  -0.00000	  -0.00000	   0.00000	   4.25844	   4.25844	  44.02257
 57	 10	  -0.00000	  -0.00000	   0.00000	   4.25844	   4.25844	  44.26885
 57	  9	  -0.00000	  -0.00000	   0.00000	   4.25844	   4.25844	  44.56948
 57	  8	  -0.00000	  -0.00000	   0.00000	   4.25844	   4.25844	  44.92325
 57	  7	  -0.00000	  -0.00000	   0.00000	   4.25844	   4.25844	  45.32879
 57	  6	  -0.00000	  -0.00000	   0.00000	   4.25844	   4.25844	  45.78458
 57	  5	  -0.00000	  -0.00000	   0.00000	   4.25844	   4.25844	  46.28900
 57	  4	  -0.00000	  -0.00000	   0.00000	   4.25844	   4.25844	  46.84030
 57	  3	  -0.00000	  -0.00000	   0.00000	   4.25844	   4.25844	  47.43669
 57	  2	  -0.00000	  -0.00000	   0.00000	   4.25844	   4.25844	  48.07634
 57	  1	  -0.00000	  -0.00000	   0.00000	   4.25844	   4.25844	  48.75738

 58	 30	   0.00000	  -0.00000	   0.00000	   4.25844	   4.25844	  50.98273
 58	 29	   0.00000	  -0.00000	   0.00000	   4.25844	   4.25844	  50.27264
 58	 28	   0.00000	  -0.00000	   0.00000	   4.25844	   4.25844	  49.60107
 58	 27	   0.00000	  -0.00000	   0.00000	   4.25844	   4.25844	  48.96974
 58	 26	   0.00000	  -0.00000	   0.00000	   4.25844	   4.25844	  48.38040
 58	 25	   0.00000	  -0.00000	   0.00000	   4.25844	   4.25844	  47.83475
 58	 24	   0.00000	  -0.00000	   0.00000	   4.25844	   4.25844	  47.33444
 58	 23	   0.00000	  -0.00000	   0.00000	   4.25844	   4.25844	  46.88107
 58	 22	   0.00000	  -0.00000	   0.00000	   4.25844	   4.25844	  46.47616
 58	 21	   0.00000	  -0.00000	   0.00000	   4.25844	   4.25844	  46.12110
 58	 20	   0.00000	  -0.00000	   0.00000	   4.25844	   4.25844	  45.81719
 58	 19	   0.00000	  -0.00000	   0.00000	   4.25844	   4.25844	  45.56554
 58	 18	   0.00000	  -0.00000	   0.00000	   4.25844	   4.25844	  45.36712
 58	 17	   0.00000	  -0.00000	   0.00000	   4.25844	   4.25844	  45.22270
 58	 16	   0.00000	  -0.00000	   0.00000	   4.25844	   4.25844	  45.13285
 58	 15	   0.00000	  -0.00000	   0.00000	   4.25844	   4.25844	  45.09794
 58	 14	  -0.00000	  -0.00000	   0.00000	   4.25844	   4.25844	  45.11810
 58	 13	  -0.00000	  -0.00000	   0.00000	   4.25844	   4.25844	  45.19325
 58	 12	  -0.00000	  -0.00000	   0.00000	   4.25844	   4.25844	  45.32309
 58	 11	  -0.00000	  -0.00000	   0.00000	   4.25844	   4.25844	  45.50711
 58	 10	  -0.00000	  -0.00000	   0.00000	   4.25844	   4.25844	  45.74458
 58	  9	  -0.00000	  -0.00000	   0.00000	   4.25844	   4.25844	  46.03459
 58	  8	  -0.00000	  -0.00000	   0.00000	   4.25844	   4.25844	  46.37606
 58	  7	  -0.00000	  -0.00000	   0.00000	   4.25844	   4.25844	  46.76774
 58	  6	  -0.00000	  -0.00000	   0.00000	   4.25844	   4.25844	  47.20827
 58	  5	  -0.00000	  -0.00000	   0.00000	   4.25844	   4.25844	  47.69615
 58	  4	  -0.00000	  -0.00000	   0.00000	   4.25844	   4.25844	  48.22981
 58	  3	  -0.00000	  -0.00000	   0.00000	   4.25844	   4.25844	  48.80761
 58	  2	  -0.00000	  -0.00000	   0.00000	   4.25844	   4.25844	  49.42785
 58	  1	  -0.00000	  -0.00000	   0.00000	   4.25844	   4.25844	  50.08881

 59	 30	   0.00000	  -0.00000	   0.00000	   4.25844	   4.25844	  52.29933
 59	 29	   0.00000	  -0.00000	   0.00000	   4.25844	   4.25844	  51.60898
 59	 28	   0.00000	  -0.00000	   0.00000	   4.25844	   4.25844	  50.95663
 59	 27	   0.00000	  -0.00000	   0.00000	   4.25844	   4.25844	  50.34388
 59	 26	   0.00000	  -0.00000	   0.00000	   4.25844	   4.25844	  49.77234
 59	 25	   0.00000	  -0.00000	   0.00000	   4.25844	   4.25844	  49.24357
 59	 24	   0.00000	  -0.00000	   0.00000	   4.25844	   4.25844	  48.75910
 59	 23	   0.00000	  -0.00000	   0.00000	   4.25844	   4.25844	  48.32039
 59	 22	   0.00000	  -0.00000	   0.00000	   4.25844	   4.25844	  47.92883
 59	 21	   0.00000	  -0.00000	   0.00000	   4.25844	   4.25844	  47.58568
 59	 20	   0.00000	  -0.00000	   0.00000	   4.25844	   4.25844	  47.29211
 59	 19	   0.00000	  -0.00000	   0.00000	   4.25844	   4.25844	  47.04914
 59	 18	   0.00000	  -0.00000	   0.00000	   4.25844	   4.25844	  46.85763
 59	 17	   0.00000	  -0.00000	   0.00000	   4.25844	   4.25844	  46.71828
 59	 16	   0.00000	  -0.00000	   0.00000	   4.25844	   4.25844	  46.63160
 59	 15	   0.00000	  -0.00000	   0.00000	   4.25844	   4.25844	  46.59792
 59	 14	   0.00000	  -0.00000	   0.00000	   4.25844	   4.25844	  46.61737
 59	 13	   0.00000	  -0.00000	   0.00000	   4.25844	   4.25844	  46.68986
 59	 12	   0.00000	  -0.00000	   0.00000	   4.25844	   4.25844	  46.81514
 59	 11	   0.00000	  -0.00000	   0.00000	   4.25844	   4.25844	  46.99273
 59	 10	   0.00000	  -0.00000	   0.00000	   4.25844	   4.25844	  47.22199
 59	  9	   0.00000	  -0.00000	   0.00000	   4.25844	   4.25844	  47.50209
 59	  8	  -0.00000	  -0.00000	   0.00000	   4.25844	   4.25844	  47.83206
 59	  7	  -0.00000	  -0.00000	   0.00000	   4.25844	   4.25844	  48.21077
 59	  6	   0.00000	  -0.00000	   0.00000	   4.25844	   4.25844	  48.63698
 59	  5	   0.00000	  -0.00000	   0.00000	   4.25844	   4.25844	  49.10932
 59	  4	   0.00000	  -0.00000	   0.00000	   4.25844	   4.25844	  49.62637
 59	  3	   0.00000	  -0.00000	   0.00000	   4.25844	   4.25844	  50.18660
 59	  2	   0.00000	  -0.00000	   0.00000	   4.25844	   4.25844	  50.78846
 59	  1	   0.00000	  -0.00000	   0.00000	   4.25844	   4.25844	  51.43036

