#X	Y	Miss	Anxiety	ExploreH	ExploreP	Sum	Stress
  0	 30	  20.37107	   0.44356	   0.00000	  -0.33457	  40.85114	  97.32439
  0	 29	  20.32412	   0.48654	   0.00000	  -2.87492	  38.25986	  94.19164
  0	 28	  20.27990	   0.53063	   0.00000	  -5.02528	  36.06515	  91.49080
  0	 27	  20.23874	   0.57538	   0.00000	  -6.62871	  34.42415	  89.37995
  0	 26	  20.20089	   0.62034	   0.00000	  -7.71552	  33.30660	  87.82978
  0	 25	  20.16664	   0.66498	   0.00000	  -8.35321	  32.64505	  86.77374
  0	 24	  20.13623	   0.70874	   0.00000	  -8.67781	  32.30339	  86.07655
  0	 23	  20.10987	   0.75107	   0.00000	  -8.79284	  32.17797	  85.63533
  0	 22	  20.08776	   0.79137	   0.00000	  -8.79284	  32.17405	  85.35607
  0	 21	  20.07006	   0.82906	   0.00000	  -8.79284	  32.17634	  85.12410
  0	 20	  20.05690	   0.86360	   0.00000	  -8.79284	  32.18455	  84.93966
  0	 19	  20.04837	   0.89443	   0.00000	  -8.79284	  32.19833	  84.80289
  0	 18	  20.04455	   0.92107	   0.00000	  -8.79284	  32.21733	  84.71378
  0	 17	  20.04546	   0.94310	   0.00000	  -8.79284	  32.24118	  84.67223
  0	 16	  20.05109	   0.96016	   0.00000	  -8.79284	  32.26950	  84.67801
  0	 15	  20.06141	   0.97194	   0.00000	  -8.79284	  32.30192	  84.73082
  0	 14	  20.07632	   0.97827	   0.00000	  -8.79284	  32.33808	  84.83025
  0	 13	  20.09574	   0.97904	   0.00000	  -8.79284	  32.37767	  84.97582
  0	 12	  20.11950	   0.97422	   0.00000	  -8.79284	  32.42038	  85.16697
  0	 11	  20.14744	   0.96392	   0.00000	  -8.79284	  32.46596	  85.40309
  0	 10	  20.17935	   0.94830	   0.00000	  -8.79284	  32.51417	  85.68350
  0	  9	  20.21501	   0.92763	   0.00000	  -8.79284	  32.56482	  86.00745
  0	  8	  20.25417	   0.90225	   0.00000	  -8.79284	  32.61774	  86.37416
  0	  7	  20.29654	   0.87258	   0.00000	  -8.67781	  32.78785	  86.89783
  0	  6	  20.34184	   0.83910	   0.00000	  -8.35321	  33.16957	  87.67212
  0	  5	  20.38977	   0.80232	   0.00000	  -7.71552	  33.86634	  88.79961
  0	  4	  20.44001	   0.76280	   0.00000	  -6.62871	  35.01411	  90.41539
  0	  3	  20.49224	   0.72110	   0.00000	  -5.02528	  36.68031	  92.58594
  0	  2	  20.54614	   0.67783	   0.00000	  -2.87492	  38.89518	  95.34053
  0	  1	  20.60137	   0.63353	   0.00000	  -0.33457	  41.50171	  98.52113

  1	 30	  20.16398	   0.54531	   0.00000	  -2.87492	  37.99835	  93.08239
  1	 29	  20.11082	   0.59839	   0.00000	  -5.98543	  34.83459	  89.36338
  1	 28	  20.06076	   0.65285	   0.00000	  -8.61842	  32.15595	  86.16546
  1	 27	  20.01415	   0.70818	   0.00000	 -10.58742	  30.14906	  83.67629
  1	 26	  19.97131	   0.76378	   0.00000	 -11.92202	  28.78438	  81.86735
  1	 25	  19.93254	   0.81901	   0.00000	 -12.71000	  27.97409	  80.65178
  1	 24	  19.89810	   0.87321	   0.00000	 -13.11617	  27.55325	  79.86555
  1	 23	  19.86826	   0.92565	   0.00000	 -13.27082	  27.39136	  79.37900
  1	 22	  19.84323	   0.97563	   0.00000	 -13.27082	  27.39127	  79.09574
  1	 21	  19.82319	   1.02241	   0.00000	 -13.27082	  27.39797	  78.86145
  1	 20	  19.80829	   1.06531	   0.00000	 -13.27082	  27.41107	  78.67633
  1	 19	  19.79864	   1.10366	   0.00000	 -13.27082	  27.43012	  78.54043
  1	 18	  19.79431	   1.13686	   0.00000	 -13.27082	  27.45466	  78.45370
  1	 17	  19.79534	   1.16436	   0.00000	 -13.27082	  27.48422	  78.41594
  1	 16	  19.80172	   1.18573	   0.00000	 -13.27082	  27.51834	  78.42685
  1	 15	  19.81339	   1.20059	   0.00000	 -13.27082	  27.55656	  78.48606
  1	 14	  19.83028	   1.20871	   0.00000	 -13.27082	  27.59846	  78.59308
  1	 13	  19.85226	   1.20994	   0.00000	 -13.27082	  27.64365	  78.74736
  1	 12	  19.87916	   1.20428	   0.00000	 -13.27082	  27.69179	  78.94827
  1	 11	  19.91080	   1.19181	   0.00000	 -13.27082	  27.74259	  79.19513
  1	 10	  19.94693	   1.17276	   0.00000	 -13.27082	  27.79580	  79.48721
  1	  9	  19.98730	   1.14745	   0.00000	 -13.27082	  27.85122	  79.82371
  1	  8	  20.03162	   1.11629	   0.00000	 -13.27082	  27.90872	  80.20381
  1	  7	  20.07959	   1.07981	   0.00000	 -13.11617	  28.12282	  80.78129
  1	  6	  20.13088	   1.03858	   0.00000	 -12.71000	  28.59034	  81.65211
  1	  5	  20.18515	   0.99324	   0.00000	 -11.92202	  29.44151	  82.94562
  1	  4	  20.24203	   0.94449	   0.00000	 -10.58742	  30.84112	  84.82563
  1	  3	  20.30116	   0.89304	   0.00000	  -8.61842	  32.87693	  87.37890
  1	  2	  20.36217	   0.83959	   0.00000	  -5.98543	  35.57851	  90.63395
  1	  1	  20.42471	   0.78486	   0.00000	  -2.87492	  38.75935	  94.40321

  2	 30	  19.93454	   0.66589	   0.00000	  -5.02528	  35.50968	  89.21048
  2	 29	  19.87450	   0.73101	   0.00000	  -8.61842	  31.86159	  84.99269
  2	 28	  19.81797	   0.79787	   0.00000	 -11.65995	  28.77387	  81.37188
  2	 27	  19.76534	   0.86583	   0.00000	 -13.93840	  26.45811	  78.56078
  2	 26	  19.71696	   0.93417	   0.00000	 -15.48275	  24.88533	  76.53149
  2	 25	  19.67317	   1.00210	   0.00000	 -16.39795	  23.95049	  75.18001
  2	 24	  19.63428	   1.06880	   0.00000	 -16.87316	  23.46420	  74.31792
  2	 23	  19.60058	   1.13339	   0.00000	 -17.06135	  23.27321	  73.79289
  2	 22	  19.57231	   1.19498	   0.00000	 -17.06135	  23.27826	  73.50650
  2	 21	  19.54968	   1.25270	   0.00000	 -17.06135	  23.29071	  73.27085
  2	 20	  19.53285	   1.30568	   0.00000	 -17.06135	  23.31004	  73.08605
  2	 19	  19.52195	   1.35310	   0.00000	 -17.06135	  23.33566	  72.95208
  2	 18	  19.51707	   1.39422	   0.00000	 -17.06135	  23.36701	  72.86879
  2	 17	  19.51823	   1.42837	   0.00000	 -17.06135	  23.40349	  72.83590
  2	 16	  19.52543	   1.45499	   0.00000	 -17.06135	  23.44451	  72.85303
  2	 15	  19.53862	   1.47364	   0.00000	 -17.06135	  23.48953	  72.91967
  2	 14	  19.55769	   1.48401	   0.00000	 -17.06135	  23.53804	  73.03528
  2	 13	  19.58251	   1.48591	   0.00000	 -17.06135	  23.58959	  73.19920
  2	 12	  19.61289	   1.47933	   0.00000	 -17.06135	  23.64377	  73.41074
  2	 11	  19.64862	   1.46438	   0.00000	 -17.06135	  23.70026	  73.66914
  2	 10	  19.68942	   1.44131	   0.00000	 -17.06135	  23.75880	  73.97360
  2	  9	  19.73501	   1.41053	   0.00000	 -17.06135	  23.81920	  74.32330
  2	  8	  19.78507	   1.37254	   0.00000	 -17.06135	  23.88133	  74.71735
  2	  7	  19.83924	   1.32797	   0.00000	 -16.87316	  24.13329	  75.34304
  2	  6	  19.89716	   1.27754	   0.00000	 -16.39795	  24.67392	  76.29830
  2	  5	  19.95844	   1.22203	   0.00000	 -15.48275	  25.65616	  77.73508
  2	  4	  20.02267	   1.16229	   0.00000	 -13.93840	  27.26924	  79.84159
  2	  3	  20.08945	   1.09919	   0.00000	 -11.65995	  29.61814	  82.72171
  2	  2	  20.15836	   1.03360	   0.00000	  -8.61842	  32.73189	  86.40336
  2	  1	  20.22898	   0.96640	   0.00000	  -5.02528	  36.39907	  90.67397

  3	 30	  19.68108	   0.80756	   0.00000	  -6.62871	  33.54100	  85.86500
  3	 29	  19.61345	   0.88694	   0.00000	 -10.58742	  29.52642	  81.26555
  3	 28	  19.54977	   0.96850	   0.00000	 -13.93840	  26.12964	  77.32120
  3	 27	  19.49048	   1.05145	   0.00000	 -16.45124	  23.58116	  74.26363
  3	 26	  19.43597	   1.13492	   0.00000	 -18.15447	  21.85239	  72.06545
  3	 25	  19.38665	   1.21795	   0.00000	 -19.16603	  20.82521	  70.60962
  3	 24	  19.34284	   1.29952	   0.00000	 -19.69355	  20.29166	  69.68929
  3	 23	  19.30488	   1.37858	   0.00000	 -19.88174	  20.10661	  69.16029
  3	 22	  19.27304	   1.45404	   0.00000	 -19.88174	  20.11838	  68.87185
  3	 21	  19.24754	   1.52482	   0.00000	 -19.88174	  20.13816	  68.63598
  3	 20	  19.22858	   1.58986	   0.00000	 -19.88174	  20.16529	  68.45272
  3	 19	  19.21631	   1.64816	   0.00000	 -19.88174	  20.19904	  68.32194
  3	 18	  19.21080	   1.69881	   0.00000	 -19.88174	  20.23868	  68.24337
  3	 17	  19.21211	   1.74097	   0.00000	 -19.88174	  20.28346	  68.21662
  3	 16	  19.22022	   1.77397	   0.00000	 -19.88174	  20.33268	  68.24119
  3	 15	  19.23508	   1.79724	   0.00000	 -19.88174	  20.38566	  68.31648
  3	 14	  19.25657	   1.81040	   0.00000	 -19.88174	  20.44180	  68.44181
  3	 13	  19.28452	   1.81324	   0.00000	 -19.88174	  20.50055	  68.61644
  3	 12	  19.31875	   1.80570	   0.00000	 -19.88174	  20.56147	  68.83958
  3	 11	  19.35899	   1.78793	   0.00000	 -19.88174	  20.62417	  69.11039
  3	 10	  19.40495	   1.76023	   0.00000	 -19.88174	  20.68840	  69.42802
  3	  9	  19.45631	   1.72307	   0.00000	 -19.88174	  20.75395	  69.79157
  3	  8	  19.51270	   1.67707	   0.00000	 -19.88174	  20.82074	  70.20014
  3	  7	  19.57373	   1.62300	   0.00000	 -19.69355	  21.07690	  70.84098
  3	  6	  19.63897	   1.56173	   0.00000	 -19.16603	  21.67364	  71.86428
  3	  5	  19.70800	   1.49421	   0.00000	 -18.15447	  22.75574	  73.41379
  3	  4	  19.78036	   1.42147	   0.00000	 -16.45124	  24.53095	  75.69613
  3	  3	  19.85559	   1.34458	   0.00000	 -13.93840	  27.11736	  78.82822
  3	  2	  19.93321	   1.26461	   0.00000	 -10.58742	  30.54361	  82.83750
  3	  1	  20.01276	   1.18264	   0.00000	  -6.62871	  34.57945	  87.49248

  4	 30	  19.40191	   0.97254	   0.00000	  -7.71552	  32.06083	  83.01498
  4	 29	  19.32591	   1.06869	   0.00000	 -11.92202	  27.79849	  78.15187
  4	 28	  19.25436	   1.16754	   0.00000	 -15.48275	  24.19350	  73.98407
  4	 27	  19.18773	   1.26814	   0.00000	 -18.15447	  21.48913	  70.75613
  4	 26	  19.12649	   1.36943	   0.00000	 -19.96539	  19.65702	  68.44099
  4	 25	  19.07106	   1.47028	   0.00000	 -21.04227	  18.57013	  66.91279
  4	 24	  19.02184	   1.56943	   0.00000	 -21.60524	  18.00788	  65.95212
  4	 23	  18.97919	   1.66561	   0.00000	 -21.79342	  17.83055	  65.42034
  4	 22	  18.94340	   1.75749	   0.00000	 -21.79342	  17.85087	  65.13115
  4	 21	  18.91475	   1.84376	   0.00000	 -21.79342	  17.87984	  64.89646
  4	 20	  18.89345	   1.92313	   0.00000	 -21.79342	  17.91661	  64.71619
  4	 19	  18.87966	   1.99439	   0.00000	 -21.79342	  17.96028	  64.59008
  4	 18	  18.87347	   2.05640	   0.00000	 -21.79342	  18.00993	  64.51772
  4	 17	  18.87494	   2.10817	   0.00000	 -21.79342	  18.06464	  64.49860
  4	 16	  18.88406	   2.14885	   0.00000	 -21.79342	  18.12354	  64.53206
  4	 15	  18.90075	   2.17775	   0.00000	 -21.79342	  18.18583	  64.61737
  4	 14	  18.92489	   2.19439	   0.00000	 -21.79342	  18.25076	  64.75372
  4	 13	  18.95631	   2.19851	   0.00000	 -21.79342	  18.31771	  64.94026
  4	 12	  18.99477	   2.19002	   0.00000	 -21.79342	  18.38614	  65.17610
  4	 11	  19.03999	   2.16909	   0.00000	 -21.79342	  18.45564	  65.46030
  4	 10	  19.09163	   2.13608	   0.00000	 -21.79342	  18.52593	  65.79193
  4	  9	  19.14934	   2.09156	   0.00000	 -21.79342	  18.59682	  66.17006
  4	  8	  19.21270	   2.03627	   0.00000	 -21.79342	  18.66825	  66.59372
  4	  7	  19.28128	   1.97112	   0.00000	 -21.60524	  18.92844	  67.25015
  4	  6	  19.35459	   1.89718	   0.00000	 -21.04227	  19.56410	  68.32500
  4	  5	  19.43216	   1.81560	   0.00000	 -19.96539	  20.71453	  69.95641
  4	  4	  19.51347	   1.72763	   0.00000	 -18.15447	  22.60009	  72.36353
  4	  3	  19.59800	   1.63455	   0.00000	 -15.48275	  25.34780	  75.67212
  4	  2	  19.68522	   1.53768	   0.00000	 -11.92202	  28.98610	  79.90933
  4	  1	  19.77461	   1.43832	   0.00000	  -7.71552	  33.27201	  84.83084

  5	 30	  19.09533	   1.16291	   0.00000	  -8.35321	  31.00035	  80.59219
  5	 29	  19.01015	   1.27860	   0.00000	 -12.71000	  26.58889	  75.56324
  5	 28	  18.92995	   1.39762	   0.00000	 -16.39795	  22.85956	  71.25507
  5	 27	  18.85527	   1.51884	   0.00000	 -19.16603	  20.06334	  67.92002
  5	 26	  18.78662	   1.64099	   0.00000	 -21.04227	  18.17197	  65.53123
  5	 25	  18.72450	   1.76269	   0.00000	 -22.15876	  17.05292	  63.95747
  5	 24	  18.66933	   1.88246	   0.00000	 -22.72173	  16.49937	  62.99319
  5	 23	  18.62151	   1.99873	   0.00000	 -22.90992	  16.33184	  62.46005
  5	 22	  18.58140	   2.10992	   0.00000	 -22.90992	  16.36281	  62.17165
  5	 21	  18.54929	   2.21443	   0.00000	 -22.90992	  16.40310	  61.93976
  5	 20	  18.52542	   2.31072	   0.00000	 -22.90992	  16.45164	  61.76416
  5	 19	  18.50995	   2.39730	   0.00000	 -22.90992	  16.50730	  61.64445
  5	 18	  18.50302	   2.47281	   0.00000	 -22.90992	  16.56894	  61.58005
  5	 17	  18.50467	   2.53602	   0.00000	 -22.90992	  16.63544	  61.57026
  5	 16	  18.51489	   2.58589	   0.00000	 -22.90992	  16.70575	  61.61427
  5	 15	  18.53360	   2.62160	   0.00000	 -22.90992	  16.77888	  61.71119
  5	 14	  18.56066	   2.64254	   0.00000	 -22.90992	  16.85395	  61.86006
  5	 13	  18.59587	   2.64838	   0.00000	 -22.90992	  16.93021	  62.05988
  5	 12	  18.63898	   2.63901	   0.00000	 -22.90992	  17.00705	  62.30964
  5	 11	  18.68966	   2.61460	   0.00000	 -22.90992	  17.08401	  62.60832
  5	 10	  18.74755	   2.57560	   0.00000	 -22.90992	  17.16079	  62.95489
  5	  9	  18.81224	   2.52266	   0.00000	 -22.90992	  17.23722	  63.34836
  5	  8	  18.88326	   2.45668	   0.00000	 -22.90992	  17.31327	  63.78773
  5	  7	  18.96012	   2.37875	   0.00000	 -22.72173	  17.57725	  64.46021
  5	  6	  19.04230	   2.29013	   0.00000	 -22.15876	  18.21596	  65.55147
  5	  5	  19.12924	   2.19223	   0.00000	 -21.04227	  19.40844	  67.23926
  5	  4	  19.22037	   2.08654	   0.00000	 -19.16603	  21.36126	  69.72886
  5	  3	  19.31512	   1.97462	   0.00000	 -16.39795	  24.20691	  73.15139
  5	  2	  19.41288	   1.85805	   0.00000	 -12.71000	  27.97381	  77.53388
  5	  1	  19.51308	   1.73840	   0.00000	  -8.35321	  32.41134	  82.62426

  6	 30	  18.75965	   1.38046	   0.00000	  -8.67781	  30.22194	  78.45963
  6	 29	  18.66441	   1.51873	   0.00000	 -13.11617	  25.73138	  73.33402
  6	 28	  18.57474	   1.66109	   0.00000	 -16.87316	  21.93741	  68.94432
  6	 27	  18.49124	   1.80620	   0.00000	 -19.69355	  19.09514	  65.54712
  6	 26	  18.41450	   1.95256	   0.00000	 -21.60524	  17.17631	  63.11566
  6	 25	  18.34503	   2.09849	   0.00000	 -22.72173	  16.06682	  61.53727
  6	 24	  18.28335	   2.24223	   0.00000	 -23.28470	  15.52423	  60.57086
  6	 23	  18.22989	   2.38192	   0.00000	 -23.47289	  15.36882	  60.03801
  6	 22	  18.18505	   2.51565	   0.00000	 -23.47289	  15.41285	  59.75216
  6	 21	  18.14914	   2.64150	   0.00000	 -23.47289	  15.46690	  59.52495
  6	 20	  18.12245	   2.75761	   0.00000	 -23.47289	  15.52962	  59.35598
  6	 19	  18.10516	   2.86219	   0.00000	 -23.47289	  15.59963	  59.24464
  6	 18	  18.09741	   2.95359	   0.00000	 -23.47289	  15.67553	  59.19017
  6	 17	  18.09925	   3.03034	   0.00000	 -23.47289	  15.75596	  59.19168
  6	 16	  18.11068	   3.09116	   0.00000	 -23.47289	  15.83963	  59.24815
  6	 15	  18.13160	   3.13505	   0.00000	 -23.47289	  15.92536	  59.35849
  6	 14	  18.16185	   3.16128	   0.00000	 -23.47289	  16.01211	  59.52158
  6	 13	  18.20123	   3.16941	   0.00000	 -23.47289	  16.09897	  59.73625
  6	 12	  18.24942	   3.15931	   0.00000	 -23.47289	  16.18526	  60.00135
  6	 11	  18.30609	   3.13116	   0.00000	 -23.47289	  16.27045	  60.31573
  6	 10	  18.37081	   3.08547	   0.00000	 -23.47289	  16.35421	  60.67829
  6	  9	  18.44313	   3.02302	   0.00000	 -23.47289	  16.43640	  61.08796
  6	  8	  18.52254	   2.94486	   0.00000	 -23.47289	  16.51706	  61.54371
  6	  7	  18.60848	   2.85231	   0.00000	 -23.28470	  16.78456	  62.23274
  6	  6	  18.70036	   2.74686	   0.00000	 -22.72173	  17.42584	  63.34070
  6	  5	  18.79756	   2.63019	   0.00000	 -21.60524	  18.62007	  65.04541
  6	  4	  18.89946	   2.50407	   0.00000	 -19.69355	  20.60944	  67.58762
  6	  3	  19.00539	   2.37039	   0.00000	 -16.87316	  23.50801	  71.07992
  6	  2	  19.11470	   2.23104	   0.00000	 -13.11617	  27.34427	  75.54929
  6	  1	  19.22672	   2.08790	   0.00000	  -8.67781	  31.86353	  80.73951

  7	 30	  18.39321	   1.62652	   0.00000	  -8.79284	  29.62010	  76.51251
  7	 29	  18.28699	   1.79066	   0.00000	 -13.27082	  25.09384	  71.33274
  7	 28	  18.18699	   1.95981	   0.00000	 -17.06135	  21.27244	  66.89781
  7	 27	  18.09387	   2.13238	   0.00000	 -19.88174	  18.43838	  63.49181
  7	 26	  18.00827	   2.30658	   0.00000	 -21.79342	  16.52970	  61.05440
  7	 25	  17.93080	   2.48045	   0.00000	 -22.90992	  15.43213	  59.47287
  7	 24	  17.86201	   2.65187	   0.00000	 -23.47289	  14.90300	  58.50602
  7	 23	  17.80239	   2.81863	   0.00000	 -23.66107	  14.76233	  57.97531
  7	 22	  17.75237	   2.97846	   0.00000	 -23.66107	  14.82213	  57.69402
  7	 21	  17.71233	   3.12908	   0.00000	 -23.66107	  14.89267	  57.47361
  7	 20	  17.68256	   3.26824	   0.00000	 -23.66107	  14.97229	  57.31345
  7	 19	  17.66328	   3.39382	   0.00000	 -23.66107	  15.05931	  57.21274
  7	 18	  17.65463	   3.50383	   0.00000	 -23.66107	  15.15203	  57.17046
  7	 17	  17.65669	   3.59649	   0.00000	 -23.66107	  15.24880	  57.18549
  7	 16	  17.66943	   3.67028	   0.00000	 -23.66107	  15.34807	  57.25658
  7	 15	  17.69276	   3.72396	   0.00000	 -23.66107	  15.44841	  57.38243
  7	 14	  17.72651	   3.75665	   0.00000	 -23.66107	  15.54859	  57.56167
  7	 13	  17.77042	   3.76779	   0.00000	 -23.66107	  15.64756	  57.79298
  7	 12	  17.82417	   3.75722	   0.00000	 -23.66107	  15.74449	  58.07502
  7	 11	  17.88737	   3.72513	   0.00000	 -23.66107	  15.83880	  58.40652
  7	 10	  17.95955	   3.67209	   0.00000	 -23.66107	  15.93013	  58.78627
  7	  9	  18.04021	   3.59902	   0.00000	 -23.66107	  16.01838	  59.21313
  7	  8	  18.12877	   3.50717	   0.00000	 -23.66107	  16.10364	  59.68602
  7	  7	  18.22461	   3.39806	   0.00000	 -23.47289	  16.37440	  60.39213
  7	  6	  18.32708	   3.27347	   0.00000	 -22.90992	  17.01773	  61.51715
  7	  5	  18.43550	   3.13540	   0.00000	 -21.79342	  18.21297	  63.23892
  7	  4	  18.54914	   2.98596	   0.00000	 -19.88174	  20.20250	  65.79827
  7	  3	  18.66728	   2.82738	   0.00000	 -17.06135	  23.10059	  69.30786
  7	  2	  18.78919	   2.66191	   0.00000	 -13.27082	  26.96947	  73.82829
  7	  1	  18.91412	   2.49181	   0.00000	  -8.79284	  31.52722	  79.07600

  8	 30	  17.99440	   1.90181	   0.00000	  -8.79284	  29.09777	  74.65459
  8	 29	  17.87624	   2.09533	   0.00000	 -13.27082	  24.57700	  69.46085
  8	 28	  17.76498	   2.29495	   0.00000	 -17.06135	  20.76357	  65.01511
  8	 27	  17.66139	   2.49879	   0.00000	 -19.88174	  17.93983	  61.60144
  8	 26	  17.56616	   2.70477	   0.00000	 -21.79342	  16.04367	  59.15948
  8	 25	  17.47998	   2.91055	   0.00000	 -22.90992	  14.96059	  57.57644
  8	 24	  17.40344	   3.11366	   0.00000	 -23.47289	  14.44767	  56.61102
  8	 23	  17.33712	   3.31148	   0.00000	 -23.66107	  14.32465	  56.08451
  8	 22	  17.28148	   3.50132	   0.00000	 -23.66107	  14.40320	  55.81000
  8	 21	  17.23693	   3.68046	   0.00000	 -23.66107	  14.49325	  55.59874
  8	 20	  17.20381	   3.84626	   0.00000	 -23.66107	  14.59281	  55.44985
  8	 19	  17.18236	   3.99616	   0.00000	 -23.66107	  14.69981	  55.36227
  8	 18	  17.17274	   4.12779	   0.00000	 -23.66107	  14.81221	  55.33472
  8	 17	  17.17503	   4.23905	   0.00000	 -23.66107	  14.92804	  55.36578
  8	 16	  17.18920	   4.32808	   0.00000	 -23.66107	  15.04542	  55.45394
  8	 15	  17.21516	   4.39341	   0.00000	 -23.66107	  15.16266	  55.59762
  8	 14	  17.25270	   4.43396	   0.00000	 -23.66107	  15.27829	  55.79524
  8	 13	  17.30155	   4.44903	   0.00000	 -23.66107	  15.39106	  56.04523
  8	 12	  17.36135	   4.43840	   0.00000	 -23.66107	  15.50003	  56.34606
  8	 11	  17.43165	   4.40228	   0.00000	 -23.66107	  15.60452	  56.69632
  8	 10	  17.51196	   4.34130	   0.00000	 -23.66107	  15.70416	  57.09466
  8	  9	  17.60169	   4.25653	   0.00000	 -23.66107	  15.79885	  57.53985
  8	  8	  17.70022	   4.14942	   0.00000	 -23.66107	  15.88879	  58.03079
  8	  7	  17.80684	   4.02177	   0.00000	 -23.47289	  16.16256	  58.75465
  8	  6	  17.92084	   3.87566	   0.00000	 -22.90992	  16.80742	  59.89714
  8	  5	  18.04145	   3.71343	   0.00000	 -21.79342	  18.00290	  61.63616
  8	  4	  18.16787	   3.53759	   0.00000	 -19.88174	  19.99161	  64.21262
  8	  3	  18.29931	   3.35077	   0.00000	 -17.06135	  22.88804	  67.73930
  8	  2	  18.43493	   3.15565	   0.00000	 -13.27082	  26.75468	  72.27691
  8	  1	  18.57392	   2.95487	   0.00000	  -8.79284	  31.30987	  77.54201

  9	 30	  17.56169	   2.20619	   0.00000	  -8.79284	  28.53673	  72.76848
  9	 29	  17.43056	   2.43277	   0.00000	 -13.27082	  24.02307	  67.56139
  9	 28	  17.30710	   2.66671	   0.00000	 -17.06135	  20.21956	  63.10573
  9	 27	  17.19214	   2.90586	   0.00000	 -19.88174	  17.40840	  59.68558
  9	 26	  17.08646	   3.14777	   0.00000	 -21.79342	  15.52728	  57.24056
  9	 25	  16.99082	   3.38973	   0.00000	 -22.90992	  14.46146	  55.65776
  9	 24	  16.90589	   3.62882	   0.00000	 -23.47289	  13.96773	  54.69576
  9	 23	  16.83229	   3.86198	   0.00000	 -23.66107	  13.86549	  54.17566
  9	 22	  16.77054	   4.08602	   0.00000	 -23.66107	  13.96604	  53.91035
  9	 21	  16.72111	   4.29778	   0.00000	 -23.66107	  14.07893	  53.71080
  9	 20	  16.68436	   4.49409	   0.00000	 -23.66107	  14.20174	  53.57587
  9	 19	  16.66055	   4.67196	   0.00000	 -23.66107	  14.33200	  53.50419
  9	 18	  16.64988	   4.82857	   0.00000	 -23.66107	  14.46727	  53.49416
  9	 17	  16.65242	   4.96140	   0.00000	 -23.66107	  14.60517	  53.54404
  9	 16	  16.66815	   5.06826	   0.00000	 -23.66107	  14.74349	  53.65201
  9	 15	  16.69695	   5.14738	   0.00000	 -23.66107	  14.88021	  53.81619
  9	 14	  16.73861	   5.19742	   0.00000	 -23.66107	  15.01358	  54.03470
  9	 13	  16.79282	   5.21756	   0.00000	 -23.66107	  15.14214	  54.30571
  9	 12	  16.85918	   5.20748	   0.00000	 -23.66107	  15.26477	  54.62748
  9	 11	  16.93720	   5.16739	   0.00000	 -23.66107	  15.38072	  54.99839
  9	 10	  17.02632	   5.09800	   0.00000	 -23.66107	  15.48956	  55.41697
  9	  9	  17.12589	   5.00053	   0.00000	 -23.66107	  15.59125	  55.88188
  9	  8	  17.23523	   4.87665	   0.00000	 -23.66107	  15.68604	  56.39197
  9	  7	  17.35355	   4.72847	   0.00000	 -23.47289	  15.96268	  57.13439
  9	  6	  17.48005	   4.55840	   0.00000	 -22.90992	  16.60860	  58.29490
  9	  5	  17.61390	   4.36919	   0.00000	 -21.79342	  17.80356	  60.05146
  9	  4	  17.75419	   4.16378	   0.00000	 -19.88174	  19.79043	  62.64510
  9	  3	  17.90005	   3.94525	   0.00000	 -17.06135	  22.68399	  66.18871
  9	  2	  18.05055	   3.71674	   0.00000	 -13.27082	  26.54701	  70.74314
  9	  1	  18.20478	   3.48140	   0.00000	  -8.79284	  31.09812	  76.02512

 10	 30	  17.09363	   2.53845	   0.00000	  -8.79284	  27.93287	  70.85107
 10	 29	  16.94848	   2.80184	   0.00000	 -13.27082	  23.42797	  65.63117
 10	 28	  16.81181	   3.07409	   0.00000	 -17.06135	  19.63637	  61.16645
 10	 27	  16.68455	   3.35273	   0.00000	 -19.88174	  16.84010	  57.74102
 10	 26	  16.56758	   3.63491	   0.00000	 -21.79342	  14.97665	  55.29442
 10	 25	  16.46171	   3.91749	   0.00000	 -22.90992	  13.93100	  53.71366
 10	 24	  16.36770	   4.19708	   0.00000	 -23.47289	  13.45960	  52.75715
 10	 23	  16.28622	   4.47010	   0.00000	 -23.66107	  13.38148	  52.24579
 10	 22	  16.21787	   4.73284	   0.00000	 -23.66107	  13.50752	  51.99222
 10	 21	  16.16315	   4.98157	   0.00000	 -23.66107	  13.64681	  51.80713
 10	 20	  16.12247	   5.21260	   0.00000	 -23.66107	  13.79647	  51.68905
 10	 19	  16.09612	   5.42240	   0.00000	 -23.66107	  13.95357	  51.63626
 10	 18	  16.08431	   5.60765	   0.00000	 -23.66107	  14.11520	  51.64682
 10	 17	  16.08712	   5.76536	   0.00000	 -23.66107	  14.27853	  51.71861
 10	 16	  16.10453	   5.89294	   0.00000	 -23.66107	  14.44093	  51.84945
 10	 15	  16.13641	   5.98826	   0.00000	 -23.66107	  14.60002	  52.03710
 10	 14	  16.18253	   6.04974	   0.00000	 -23.66107	  14.75373	  52.27935
 10	 13	  16.24253	   6.07634	   0.00000	 -23.66107	  14.90034	  52.57407
 10	 12	  16.31599	   6.06765	   0.00000	 -23.66107	  15.03856	  52.91926
 10	 11	  16.40235	   6.02385	   0.00000	 -23.66107	  15.16749	  53.31307
 10	 10	  16.50100	   5.94575	   0.00000	 -23.66107	  15.28669	  53.75385
 10	  9	  16.61123	   5.83472	   0.00000	 -23.66107	  15.39611	  54.24016
 10	  8	  16.73225	   5.69269	   0.00000	 -23.66107	  15.49612	  54.77076
 10	  7	  16.86323	   5.52205	   0.00000	 -23.47289	  15.77562	  55.53282
 10	  6	  17.00326	   5.32564	   0.00000	 -22.90992	  16.42225	  56.71210
 10	  5	  17.15142	   5.10662	   0.00000	 -21.79342	  17.61603	  58.48668
 10	  4	  17.30672	   4.86842	   0.00000	 -19.88174	  19.60012	  61.09767
 10	  3	  17.46817	   4.61463	   0.00000	 -17.06135	  22.48962	  64.65815
 10	  2	  17.63476	   4.34893	   0.00000	 -13.27082	  26.34764	  69.22913
 10	  1	  17.80550	   4.07499	   0.00000	  -8.79284	  30.89314	  74.52753

 11	 30	  16.58890	   2.89604	   0.00000	  -8.79284	  27.28100	  68.89827
 11	 29	  16.42863	   3.19998	   0.00000	 -13.27082	  22.78642	  63.66593
 11	 28	  16.27772	   3.51456	   0.00000	 -17.06135	  19.00867	  59.19289
 11	 27	  16.13721	   3.83692	   0.00000	 -19.88174	  16.22960	  55.76325
 11	 26	  16.00805	   4.16380	   0.00000	 -21.79342	  14.38648	  53.31650
 11	 25	  15.89115	   4.49158	   0.00000	 -22.90992	  13.36397	  51.73954
 11	 24	  15.78735	   4.81634	   0.00000	 -23.47289	  12.91815	  50.79059
 11	 23	  15.69738	   5.13393	   0.00000	 -23.66107	  12.86763	  50.29034
 11	 22	  15.62191	   5.44006	   0.00000	 -23.66107	  13.02282	  50.05114
 11	 21	  15.56149	   5.73038	   0.00000	 -23.66107	  13.19230	  49.88336
 11	 20	  15.51657	   6.00060	   0.00000	 -23.66107	  13.37267	  49.78519
 11	 19	  15.48748	   6.24658	   0.00000	 -23.66107	  13.56046	  49.75451
 11	 18	  15.47443	   6.46443	   0.00000	 -23.66107	  13.75223	  49.78897
 11	 17	  15.47753	   6.65065	   0.00000	 -23.66107	  13.94465	  49.88605
 11	 16	  15.49676	   6.80216	   0.00000	 -23.66107	  14.13461	  50.04313
 11	 15	  15.53196	   6.91645	   0.00000	 -23.66107	  14.31930	  50.25757
 11	 14	  15.58288	   6.99160	   0.00000	 -23.66107	  14.49629	  50.52679
 11	 13	  15.64914	   7.02636	   0.00000	 -23.66107	  14.66358	  50.84830
 11	 12	  15.73025	   7.02019	   0.00000	 -23.66107	  14.81962	  51.21978
 11	 11	  15.82561	   6.97324	   0.00000	 -23.66107	  14.96339	  51.63913
 11	 10	  15.93454	   6.88638	   0.00000	 -23.66107	  15.09439	  52.10448
 11	  9	  16.05624	   6.76116	   0.00000	 -23.66107	  15.21258	  52.61424
 11	  8	  16.18988	   6.59975	   0.00000	 -23.66107	  15.31843	  53.16710
 11	  7	  16.33450	   6.40490	   0.00000	 -23.47289	  15.60101	  53.95019
 11	  6	  16.48912	   6.17987	   0.00000	 -22.90992	  16.24820	  55.14932
 11	  5	  16.65271	   5.92831	   0.00000	 -21.79342	  17.44030	  56.94264
 11	  4	  16.82419	   5.65416	   0.00000	 -19.88174	  19.42081	  59.57142
 11	  3	  17.00246	   5.36160	   0.00000	 -17.06135	  22.30518	  63.14890
 11	  2	  17.18641	   5.05490	   0.00000	 -13.27082	  26.15690	  67.73631
 11	  1	  17.37493	   4.73830	   0.00000	  -8.79284	  30.69533	  73.05078

 12	 30	  16.04634	   3.27480	   0.00000	  -8.79284	  26.57464	  66.90479
 12	 29	  15.86981	   3.62293	   0.00000	 -13.27082	  22.09174	  61.66015
 12	 28	  15.70360	   3.98375	   0.00000	 -17.06135	  18.32962	  57.17928
 12	 27	  15.54884	   4.35401	   0.00000	 -19.88174	  15.56995	  53.74630
 12	 26	  15.40658	   4.73000	   0.00000	 -21.79342	  13.74973	  51.30065
 12	 25	  15.27782	   5.10758	   0.00000	 -22.90992	  12.75331	  49.72910
 12	 24	  15.16349	   5.48225	   0.00000	 -23.47289	  12.33634	  48.78968
 12	 23	  15.06440	   5.84924	   0.00000	 -23.66107	  12.31697	  48.30285
 12	 22	  14.98128	   6.20360	   0.00000	 -23.66107	  12.50508	  48.08066
 12	 21	  14.91473	   6.54031	   0.00000	 -23.66107	  12.70870	  47.93311
 12	 20	  14.86525	   6.85440	   0.00000	 -23.66107	  12.92383	  47.85801
 12	 19	  14.83321	   7.14106	   0.00000	 -23.66107	  13.14641	  47.85280
 12	 18	  14.81884	   7.39577	   0.00000	 -23.66107	  13.37238	  47.91469
 12	 17	  14.82226	   7.61442	   0.00000	 -23.66107	  13.59786	  48.04069
 12	 16	  14.84343	   7.79340	   0.00000	 -23.66107	  13.81920	  48.22772
 12	 15	  14.88220	   7.92975	   0.00000	 -23.66107	  14.03309	  48.47266
 12	 14	  14.93829	   8.02118	   0.00000	 -23.66107	  14.23669	  48.77248
 12	 13	  15.01127	   8.06617	   0.00000	 -23.66107	  14.42763	  49.12430
 12	 12	  15.10060	   8.06400	   0.00000	 -23.66107	  14.60413	  49.52542
 12	 11	  15.20563	   8.01478	   0.00000	 -23.66107	  14.76499	  49.97342
 12	 10	  15.32561	   7.91945	   0.00000	 -23.66107	  14.90959	  50.46619
 12	  9	  15.45966	   7.77970	   0.00000	 -23.66107	  15.03795	  51.00194
 12	  8	  15.60684	   7.59799	   0.00000	 -23.66107	  15.15061	  51.57926
 12	  7	  15.76614	   7.37745	   0.00000	 -23.47289	  15.43683	  52.38523
 12	  6	  15.93644	   7.12177	   0.00000	 -22.90992	  16.08474	  53.60568
 12	  5	  16.11662	   6.83513	   0.00000	 -21.79342	  17.27495	  55.41887
 12	  4	  16.30549	   6.52206	   0.00000	 -19.88174	  19.25131	  58.06621
 12	  3	  16.50184	   6.18736	   0.00000	 -17.06135	  22.12970	  61.66113
 12	  2	  16.70445	   5.83594	   0.00000	 -13.27082	  25.97403	  66.26511
 12	  1	  16.91209	   5.47272	   0.00000	  -8.79284	  30.50407	  71.59553

 13	 30	  15.46495	   3.66868	   0.00000	  -8.79284	  25.80575	  64.86398
 13	 29	  15.27101	   4.06438	   0.00000	 -13.27082	  21.33558	  59.60676
 13	 28	  15.08840	   4.47514	   0.00000	 -17.06135	  17.59059	  55.11819
 13	 27	  14.91836	   4.89729	   0.00000	 -19.88174	  14.85228	  51.68241
 13	 26	  14.76207	   5.32665	   0.00000	 -21.79342	  13.05737	  49.23879
 13	 25	  14.62061	   5.75852	   0.00000	 -22.90992	  12.08983	  47.67400
 13	 24	  14.49499	   6.18779	   0.00000	 -23.47289	  11.70489	  46.74588
 13	 23	  14.38613	   6.60900	   0.00000	 -23.66107	  11.72018	  46.27461
 13	 22	  14.29480	   7.01649	   0.00000	 -23.66107	  11.94502	  46.07193
 13	 21	  14.22169	   7.40450	   0.00000	 -23.66107	  12.18681	  45.94748
 13	 20	  14.16732	   7.76731	   0.00000	 -23.66107	  12.44089	  45.89864
 13	 19	  14.13212	   8.09936	   0.00000	 -23.66107	  12.70253	  45.92238
 13	 18	  14.11633	   8.39543	   0.00000	 -23.66107	  12.96703	  46.01541
 13	 17	  14.12009	   8.65073	   0.00000	 -23.66107	  13.22983	  46.17423
 13	 16	  14.14335	   8.86106	   0.00000	 -23.66107	  13.48669	  46.39521
 13	 15	  14.18595	   9.02292	   0.00000	 -23.66107	  13.73376	  46.67474
 13	 14	  14.24757	   9.13361	   0.00000	 -23.66107	  13.96768	  47.00926
 13	 13	  14.32775	   9.19129	   0.00000	 -23.66107	  14.18572	  47.39541
 13	 12	  14.42590	   9.19503	   0.00000	 -23.66107	  14.38576	  47.83005
 13	 11	  14.54130	   9.14486	   0.00000	 -23.66107	  14.56639	  48.31040
 13	 10	  14.67311	   9.04175	   0.00000	 -23.66107	  14.72690	  48.83402
 13	  9	  14.82039	   8.88757	   0.00000	 -23.66107	  14.86728	  49.39891
 13	  8	  14.98209	   8.68506	   0.00000	 -23.66107	  14.98818	  50.00347
 13	  7	  15.15710	   8.43771	   0.00000	 -23.47289	  15.27903	  50.83474
 13	  6	  15.34421	   8.14971	   0.00000	 -22.90992	  15.92822	  52.07855
 13	  5	  15.54217	   7.82580	   0.00000	 -21.79342	  17.11673	  53.91324
 13	  4	  15.74968	   7.47115	   0.00000	 -19.88174	  19.08878	  56.58039
 13	  3	  15.96541	   7.09122	   0.00000	 -17.06135	  21.96069	  60.19364
 13	  2	  16.18801	   6.69164	   0.00000	 -13.27082	  25.79683	  64.81472
 13	  1	  16.41613	   6.27804	   0.00000	  -8.79284	  30.31746	  70.16133

 14	 30	  14.84396	   4.06949	   0.00000	  -8.79284	  24.96457	  62.76762
 14	 29	  14.63141	   4.51571	   0.00000	 -13.27082	  20.50772	  57.49701
 14	 28	  14.43129	   4.97971	   0.00000	 -17.06135	  16.78094	  53.00034
 14	 27	  14.24494	   5.45741	   0.00000	 -19.88174	  14.06555	  49.56178
 14	 26	  14.07365	   5.94411	   0.00000	 -21.79342	  12.29798	  47.12068
 14	 25	  13.91862	   6.43453	   0.00000	 -22.90992	  11.36185	  45.56357
 14	 24	  13.78095	   6.92288	   0.00000	 -23.47289	  11.01190	  44.64812
 14	 23	  13.66164	   7.40301	   0.00000	 -23.66107	  11.06523	  44.19426
 14	 22	  13.56156	   7.86847	   0.00000	 -23.66107	  11.33051	  44.01338
 14	 21	  13.48143	   8.31269	   0.00000	 -23.66107	  11.61448	  43.91475
 14	 20	  13.42185	   8.72913	   0.00000	 -23.66107	  11.91176	  43.89528
 14	 19	  13.38327	   9.11143	   0.00000	 -23.66107	  12.21690	  43.95146
 14	 18	  13.36597	   9.45356	   0.00000	 -23.66107	  12.52443	  44.07946
 14	 17	  13.37008	   9.75000	   0.00000	 -23.66107	  12.82909	  44.27520
 14	 16	  13.39558	   9.99587	   0.00000	 -23.66107	  13.12596	  44.53448
 14	 15	  13.44226	  10.18709	   0.00000	 -23.66107	  13.41055	  44.85308
 14	 14	  13.50979	  10.32045	   0.00000	 -23.66107	  13.67897	  45.22687
 14	 13	  13.59766	  10.39374	   0.00000	 -23.66107	  13.92800	  45.65193
 14	 12	  13.70523	  10.40578	   0.00000	 -23.66107	  14.15517	  46.12462
 14	 11	  13.83170	  10.35649	   0.00000	 -23.66107	  14.35882	  46.64167
 14	 10	  13.97615	  10.24684	   0.00000	 -23.66107	  14.53808	  47.20030
 14	  9	  14.13756	  10.07886	   0.00000	 -23.66107	  14.69292	  47.79817
 14	  8	  14.31478	   9.85556	   0.00000	 -23.66107	  14.82405	  48.43350
 14	  7	  14.50658	   9.58083	   0.00000	 -23.47289	  15.12110	  49.29321
 14	  6	  14.71164	   9.25937	   0.00000	 -22.90992	  15.77273	  50.56310
 14	  5	  14.92859	   8.89650	   0.00000	 -21.79342	  16.96025	  52.42161
 14	  4	  15.15600	   8.49807	   0.00000	 -19.88174	  18.92833	  55.11045
 14	  3	  15.39242	   8.07027	   0.00000	 -17.06135	  21.79376	  58.74350
 14	  2	  15.63638	   7.61948	   0.00000	 -13.27082	  25.62141	  63.38277
 14	  1	  15.88639	   7.15213	   0.00000	  -8.79284	  30.13206	  68.74628

 15	 30	  14.18281	   4.46665	   0.00000	  -8.79284	  24.03943	  60.60573
 15	 29	  13.95045	   4.96573	   0.00000	 -13.27082	  19.59582	  55.32021
 15	 28	  13.73168	   5.48570	   0.00000	 -17.06135	  15.88771	  50.81434
 15	 27	  13.52796	   6.02206	   0.00000	 -19.88174	  13.19624	  47.37237
 15	 26	  13.34071	   6.56959	   0.00000	 -21.79342	  11.45758	  44.93361
 15	 25	  13.17123	   7.12239	   0.00000	 -22.90992	  10.55493	  43.38453
 15	 24	  13.02074	   7.67399	   0.00000	 -23.47289	  10.24257	  42.48261
 15	 23	  12.89031	   8.21745	   0.00000	 -23.66107	  10.33700	  42.04752
 15	 22	  12.78089	   8.74552	   0.00000	 -23.66107	  10.64624	  41.89035
 15	 21	  12.69330	   9.25075	   0.00000	 -23.66107	  10.97628	  41.81995
 15	 20	  12.62817	   9.72572	   0.00000	 -23.66107	  11.32099	  41.83279
 15	 19	  12.58599	  10.16317	   0.00000	 -23.66107	  11.67409	  41.92483
 15	 18	  12.56708	  10.55622	   0.00000	 -23.66107	  12.02931	  42.09166
 15	 17	  12.57158	  10.89852	   0.00000	 -23.66107	  12.38061	  42.32860
 15	 16	  12.59945	  11.18445	   0.00000	 -23.66107	  12.72228	  42.63080
 15	 15	  12.65049	  11.40924	   0.00000	 -23.66107	  13.04914	  42.99338
 15	 14	  12.72431	  11.56913	   0.00000	 -23.66107	  13.35668	  43.41154
 15	 13	  12.82037	  11.66147	   0.00000	 -23.66107	  13.64114	  43.88072
 15	 12	  12.93796	  11.68478	   0.00000	 -23.66107	  13.89962	  44.39667
 15	 11	  13.07621	  11.63880	   0.00000	 -23.66107	  14.13015	  44.95558
 15	 10	  13.23413	  11.52449	   0.00000	 -23.66107	  14.33168	  45.55418
 15	  9	  13.41058	  11.34400	   0.00000	 -23.66107	  14.50409	  46.18977
 15	  8	  13.60431	  11.10061	   0.00000	 -23.66107	  14.64817	  46.86028
 15	  7	  13.81398	  10.79862	   0.00000	 -23.47289	  14.95370	  47.75244
 15	  6	  14.03815	  10.44322	   0.00000	 -22.90992	  15.60962	  49.05203
 15	  5	  14.27532	  10.04038	   0.00000	 -21.79342	  16.79760	  50.93750
 15	  4	  14.52393	   9.59664	   0.00000	 -19.88174	  18.76276	  53.65072
 15	  3	  14.78238	   9.11895	   0.00000	 -17.06135	  21.62237	  57.30580
 15	  2	  15.04907	   8.61452	   0.00000	 -13.27082	  25.44185	  61.96506
 15	  1	  15.32238	   8.09062	   0.00000	  -8.79284	  29.94254	  67.34685

 16	 30	  13.48122	   4.84695	   0.00000	  -8.79284	  23.01654	  58.36649
 16	 29	  13.22784	   5.40042	   0.00000	 -13.27082	  18.58528	  53.06363
 16	 28	  12.98927	   5.97831	   0.00000	 -17.06135	  14.89550	  48.54657
 16	 27	  12.76712	   6.57571	   0.00000	 -19.88174	  12.22822	  45.09967
 16	 26	  12.56293	   7.18688	   0.00000	 -21.79342	  10.51932	  42.66227
 16	 25	  12.37812	   7.80528	   0.00000	 -22.90992	   9.65162	  41.12076
 16	 24	  12.21402	   8.42375	   0.00000	 -23.47289	   9.37890	  40.23249
 16	 23	  12.07179	   9.03453	   0.00000	 -23.66107	   9.51704	  39.81690
 16	 22	  11.95248	   9.62950	   0.00000	 -23.66107	   9.87338	  39.68478
 16	 21	  11.85696	  10.20030	   0.00000	 -23.66107	  10.25314	  39.64458
 16	 20	  11.78593	  10.73855	   0.00000	 -23.66107	  10.64935	  39.69232
 16	 19	  11.73994	  11.23604	   0.00000	 -23.66107	  11.05485	  39.82344
 16	 18	  11.71932	  11.68493	   0.00000	 -23.66107	  11.46251	  40.03293
 16	 17	  11.72422	  12.07800	   0.00000	 -23.66107	  11.86538	  40.31546
 16	 16	  11.75462	  12.40877	   0.00000	 -23.66107	  12.25694	  40.66546
 16	 15	  11.81027	  12.67174	   0.00000	 -23.66107	  12.63121	  41.07733
 16	 14	  11.89077	  12.86250	   0.00000	 -23.66107	  12.98298	  41.54553
 16	 13	  11.99552	  12.97790	   0.00000	 -23.66107	  13.30787	  42.06473
 16	 12	  12.12375	  13.01607	   0.00000	 -23.66107	  13.60250	  42.62997
 16	 11	  12.27451	  12.97655	   0.00000	 -23.66107	  13.86450	  43.23679
 16	 10	  12.44671	  12.86022	   0.00000	 -23.66107	  14.09258	  43.88132
 16	  9	  12.63912	  12.66934	   0.00000	 -23.66107	  14.28652	  44.56038
 16	  8	  12.85039	  12.40741	   0.00000	 -23.66107	  14.44711	  45.27152
 16	  7	  13.07902	  12.07912	   0.00000	 -23.47289	  14.76428	  46.20123
 16	  6	  13.32347	  11.69020	   0.00000	 -22.90992	  15.42723	  47.53516
 16	  5	  13.58209	  11.24723	   0.00000	 -21.79342	  16.61800	  49.45177
 16	  4	  13.85319	  10.75749	   0.00000	 -19.88174	  18.58214	  52.19306
 16	  3	  14.13503	  10.22875	   0.00000	 -17.06135	  21.43745	  55.87336
 16	  2	  14.42584	   9.66906	   0.00000	 -13.27082	  25.24992	  60.55529
 16	  1	  14.72388	   9.08657	   0.00000	  -8.79284	  29.74148	  65.95760

 17	 30	  12.73918	   5.19443	   0.00000	  -8.79284	  21.87994	  56.03611
 17	 29	  12.46357	   5.80277	   0.00000	 -13.27082	  17.45909	  50.71238
 17	 28	  12.20407	   6.43952	   0.00000	 -17.06135	  13.78631	  46.18105
 17	 27	  11.96243	   7.09939	   0.00000	 -19.88174	  11.14251	  42.72663
 17	 26	  11.74032	   7.77610	   0.00000	 -21.79342	   9.46333	  40.28854
 17	 25	  11.53930	   8.46253	   0.00000	 -22.90992	   8.63121	  38.75316
 17	 24	  11.36079	   9.15075	   0.00000	 -23.47289	   8.39945	  37.87772
 17	 23	  11.20609	   9.83219	   0.00000	 -23.66107	   8.58330	  37.48150
 17	 22	  11.07631	  10.49784	   0.00000	 -23.66107	   8.98938	  37.37501
 17	 21	  10.97240	  11.13836	   0.00000	 -23.66107	   9.42210	  37.36635
 17	 20	  10.89515	  11.74436	   0.00000	 -23.66107	   9.87360	  37.45110
 17	 19	  10.84512	  12.30662	  -0.00000	 -23.66107	  10.33580	  37.62419
 17	 18	  10.82269	  12.81629	  -0.00000	 -23.66107	  10.80061	  37.88001
 17	 17	  10.82803	  13.26515	  -0.00000	 -23.66107	  11.26014	  38.21253
 17	 16	  10.86109	  13.64582	  -0.00000	 -23.66107	  11.70692	  38.61545
 17	 15	  10.92162	  13.95195	  -0.00000	 -23.66107	  12.13413	  39.08235
 17	 14	  11.00919	  14.17844	  -0.00000	 -23.66107	  12.53575	  39.60683
 17	 13	  11.12313	  14.32151	  -0.00000	 -23.66107	  12.90670	  40.18272
 17	 12	  11.26260	  14.37887	  -0.00000	 -23.66107	  13.24301	  40.80420
 17	 11	  11.42659	  14.34976	  -0.00000	 -23.66107	  13.54188	  41.46600
 17	 10	  11.61391	  14.23495	  -0.00000	 -23.66107	  13.80169	  42.16353
 17	  9	  11.82320	  14.03672	  -0.00000	 -23.66107	  14.02205	  42.89300
 17	  8	  12.05300	  13.75880	   0.00000	 -23.66107	  14.20372	  43.65145
 17	  7	  12.30170	  13.40623	   0.00000	 -23.47289	  14.53674	  44.62505
 17	  6	  12.56759	  12.98526	   0.00000	 -22.90992	  15.21053	  45.99923
 17	  5	  12.84891	  12.50309	   0.00000	 -21.79342	  16.40749	  47.95239
 17	  4	  13.14379	  11.96776	   0.00000	 -19.88174	  18.37360	  50.72664
 17	  3	  13.45035	  11.38784	   0.00000	 -17.06135	  21.22720	  54.43648
 17	  2	  13.76668	  10.77230	   0.00000	 -13.27082	  25.03485	  59.14488
 17	  1	  14.09087	  10.13021	   0.00000	  -8.79284	  29.51911	  64.57094

 18	 30	  11.95702	   5.49026	   0.00000	  -8.79284	  20.61145	  53.59885
 18	 29	  11.65798	   6.15267	   0.00000	 -13.27082	  16.19780	  48.24941
 18	 28	  11.37641	   6.84798	   0.00000	 -17.06135	  12.53945	  43.69941
 18	 27	  11.11423	   7.57053	   0.00000	 -19.88174	   9.91725	  40.23359
 18	 26	  10.87324	   8.31358	   0.00000	 -21.79342	   8.26663	  37.79150
 18	 25	  10.65512	   9.06938	   0.00000	 -22.90992	   7.46971	  36.25957
 18	 24	  10.46144	   9.82929	   0.00000	 -23.47289	   7.27928	  35.39499
 18	 23	  10.29358	  10.58392	   0.00000	 -23.66107	   7.51001	  35.01693
 18	 22	  10.15276	  11.32331	  -0.00000	 -23.66107	   7.96776	  34.93567
 18	 21	  10.04003	  12.03713	  -0.00000	 -23.66107	   8.45611	  34.95905
 18	 20	   9.95621	  12.71495	  -0.00000	 -23.66107	   8.96629	  35.08225
 18	 19	   9.90192	  13.34644	  -0.00000	 -23.66107	   9.48922	  35.29970
 18	 18	   9.87758	  13.92170	  -0.00000	 -23.66107	  10.01580	  35.60522
 18	 17	   9.88337	  14.43143	  -0.00000	 -23.66107	  10.53711	  35.99209
 18	 16	   9.91924	  14.86726	  -0.00000	 -23.66107	  11.04468	  36.45321
 18	 15	   9.98493	  15.22193	  -0.00000	 -23.66107	  11.53071	  36.98127
 18	 14	  10.07994	  15.48949	  -0.00000	 -23.66107	  11.98830	  37.56892
 18	 13	  10.20357	  15.66553	  -0.00000	 -23.66107	  12.41159	  38.20899
 18	 12	  10.35490	  15.74720	  -0.00000	 -23.66107	  12.79593	  38.89465
 18	 11	  10.53283	  15.73337	  -0.00000	 -23.66107	  13.13796	  39.61967
 18	 10	  10.73607	  15.62462	  -0.00000	 -23.66107	  13.43569	  40.37856
 18	  9	  10.96316	  15.42320	  -0.00000	 -23.66107	  13.68846	  41.16674
 18	  8	  11.21250	  15.13301	  -0.00000	 -23.66107	  13.89694	  41.98062
 18	  7	  11.48234	  14.75942	  -0.00000	 -23.47289	  14.25122	  43.00588
 18	  6	  11.77085	  14.30914	  -0.00000	 -22.90992	  14.94091	  44.42766
 18	  5	  12.07608	  13.79000	   0.00000	 -21.79342	  16.14873	  46.42423
 18	  4	  12.39603	  13.21076	   0.00000	 -19.88174	  18.12110	  49.23770
 18	  3	  12.72866	  12.58086	   0.00000	 -17.06135	  20.97684	  52.98279
 18	  2	  13.07189	  11.91016	   0.00000	 -13.27082	  24.78311	  57.72273
 18	  1	  13.42364	  11.20867	   0.00000	  -8.79284	  29.26310	  63.17705

 19	 30	  11.13540	   5.71274	   0.00000	  -8.79284	  19.19069	  51.03708
 19	 29	  10.81174	   6.42688	   0.00000	 -13.27082	  14.77954	  45.65559
 19	 28	  10.50700	   7.17895	   0.00000	 -17.06135	  11.13160	  41.08102
 19	 27	  10.22323	   7.96297	   0.00000	 -19.88174	   8.52770	  37.59840
 19	 26	   9.96240	   8.77177	   0.00000	 -21.79342	   6.90315	  35.14749
 19	 25	   9.72634	   9.59702	   0.00000	 -22.90992	   6.13978	  33.61486
 19	 24	   9.51671	  10.42939	  -0.00000	 -23.47289	   5.98992	  32.75777
 19	 23	   9.33503	  11.25867	  -0.00000	 -23.66107	   6.26766	  32.39533
 19	 22	   9.18262	  12.07395	  -0.00000	 -23.66107	   6.77813	  32.33772
 19	 21	   9.06061	  12.86391	  -0.00000	 -23.66107	   7.32406	  32.39257
 19	 20	   8.96989	  13.61702	  -0.00000	 -23.66107	   7.89572	  32.55475
 19	 19	   8.91114	  14.32182	  -0.00000	 -23.66107	   8.48303	  32.81830
 19	 18	   8.88479	  14.96726	  -0.00000	 -23.66107	   9.07578	  33.17646
 19	 17	   8.89106	  15.54292	  -0.00000	 -23.66107	   9.66397	  33.62185
 19	 16	   8.92988	  16.03933	  -0.00000	 -23.66107	  10.23803	  34.14656
 19	 15	   9.00097	  16.44823	  -0.00000	 -23.66107	  10.78911	  34.74230
 19	 14	   9.10380	  16.76278	  -0.00000	 -23.66107	  11.30932	  35.40066
 19	 13	   9.23761	  16.97776	  -0.00000	 -23.66107	  11.79191	  36.11330
 19	 12	   9.40140	  17.08971	  -0.00000	 -23.66107	  12.23144	  36.87222
 19	 11	   9.59398	  17.09704	  -0.00000	 -23.66107	  12.62393	  37.66999
 19	 10	   9.81395	  17.00003	  -0.00000	 -23.66107	  12.96686	  38.50003
 19	  9	  10.05973	  16.80085	  -0.00000	 -23.66107	  13.25925	  39.35676
 19	  8	  10.32959	  16.50347	  -0.00000	 -23.66107	  13.50158	  40.23579
 19	  7	  10.62165	  16.11353	  -0.00000	 -23.47289	  13.88393	  41.32214
 19	  6	  10.93390	  15.63815	  -0.00000	 -22.90992	  14.59604	  42.80052
 19	  5	  11.26426	  15.08578	  -0.00000	 -21.79342	  15.82087	  44.84897
 19	  4	  11.61055	  14.46588	  -0.00000	 -19.88174	  17.80524	  47.70956
 19	  3	  11.97056	  13.78871	   0.00000	 -17.06135	  20.66848	  51.49713
 19	  2	  12.34204	  13.06504	   0.00000	 -13.27082	  24.47830	  56.27520
 19	  1	  12.72274	  12.30587	   0.00000	  -8.79284	  28.95851	  61.76370

 20	 30	  10.27534	   5.83739	   0.00000	  -8.79284	  17.59523	  48.33148
 20	 29	   9.92591	   6.59919	   0.00000	 -13.27082	  13.18019	  42.90989
 20	 28	   9.59691	   7.40447	   0.00000	 -17.06135	   9.53694	  38.30310
 20	 27	   9.29056	   8.24704	   0.00000	 -19.88174	   6.94642	  34.79655
 20	 26	   9.00896	   9.11938	  -0.00000	 -21.79342	   5.34387	  32.33030
 20	 25	   8.75410	  10.01264	  -0.00000	 -22.90992	   4.61092	  30.79115
 20	 24	   8.52778	  10.91682	  -0.00000	 -23.47289	   4.49950	  29.93653
 20	 23	   8.33164	  11.82094	  -0.00000	 -23.66107	   4.82315	  29.58561
 20	 22	   8.16710	  12.71317	  -0.00000	 -23.66107	   5.38630	  29.54861
 20	 21	   8.03537	  13.58117	  -0.00000	 -23.66107	   5.99084	  29.63306
 20	 20	   7.93743	  14.41228	  -0.00000	 -23.66107	   6.62607	  29.83366
 20	 19	   7.87400	  15.19392	  -0.00000	 -23.66107	   7.28084	  30.14413
 20	 18	   7.84556	  15.91379	  -0.00000	 -23.66107	   7.94384	  30.55727
 20	 17	   7.85232	  16.56031	  -0.00000	 -23.66107	   8.60388	  31.06507
 20	 16	   7.89424	  17.12283	  -0.00000	 -23.66107	   9.25023	  31.65876
 20	 15	   7.97099	  17.59198	  -0.00000	 -23.66107	   9.87289	  32.32907
 20	 14	   8.08200	  17.95993	  -0.00000	 -23.66107	  10.46287	  33.06635
 20	 13	   8.22646	  18.22057	  -0.00000	 -23.66107	  11.01242	  33.86094
 20	 12	   8.40329	  18.36970	  -0.00000	 -23.66107	  11.51521	  34.70341
 20	 11	   8.61120	  18.40515	  -0.00000	 -23.66107	  11.96648	  35.58491
 20	 10	   8.84868	  18.32682	  -0.00000	 -23.66107	  12.36312	  36.49748
 20	  9	   9.11404	  18.13669	  -0.00000	 -23.66107	  12.70369	  37.43433
 20	  8	   9.40538	  17.83870	  -0.00000	 -23.66107	  12.98839	  38.39001
 20	  7	   9.72069	  17.43868	  -0.00000	 -23.47289	  13.40717	  39.54870
 20	  6	  10.05780	  16.94412	  -0.00000	 -22.90992	  14.14981	  41.09452
 20	  5	  10.41446	  16.36399	  -0.00000	 -21.79342	  15.39949	  43.20515
 20	  4	  10.78832	  15.70842	  -0.00000	 -19.88174	  17.40333	  46.12253
 20	  3	  11.17699	  14.98848	  -0.00000	 -17.06135	  20.28111	  49.96157
 20	  2	  11.57804	  14.21581	  -0.00000	 -13.27082	  24.10108	  54.78605
 20	  1	  11.98906	  13.40239	   0.00000	  -8.79284	  28.58767	  60.31628

 21	 30	   9.37825	   5.83719	   0.00000	  -8.79284	  15.80085	  45.46129
 21	 29	   9.00194	   6.64054	   0.00000	 -13.27082	  11.37361	  39.98968
 21	 28	   8.64764	   7.49351	  -0.00000	 -17.06135	   7.72744	  35.34115
 21	 27	   8.31772	   8.38981	  -0.00000	 -19.88174	   5.14351	  31.80161
 21	 26	   8.01446	   9.32161	  -0.00000	 -21.79342	   3.55712	  29.31157
 21	 25	   7.74000	  10.27967	  -0.00000	 -22.90992	   2.84975	  27.75817
 21	 24	   7.49627	  11.25340	  -0.00000	 -23.47289	   2.77306	  26.89912
 21	 23	   7.28504	  12.23106	  -0.00000	 -23.66107	   3.14008	  26.55384
 21	 22	   7.10785	  13.19997	  -0.00000	 -23.66107	   3.75460	  26.53270
 21	 21	   6.96599	  14.14677	  -0.00000	 -23.66107	   4.41767	  26.64332
 21	 20	   6.86051	  15.05770	  -0.00000	 -23.62753	   5.15119	  26.91393
 21	 19	   6.79220	  15.91898	  -0.00000	 -23.58792	   5.91547	  27.31066
 21	 18	   6.76158	  16.71709	  -0.00000	 -23.54604	   6.69421	  27.82220
 21	 17	   6.76886	  17.43917	  -0.00000	 -23.50642	   7.47047	  28.43543
 21	 16	   6.81400	  18.07335	  -0.00000	 -23.47289	   8.22846	  29.13699
 21	 15	   6.89665	  18.60905	  -0.00000	 -23.50642	   8.89594	  29.85553
 21	 14	   7.01621	  19.03733	  -0.00000	 -23.54604	   9.52371	  30.64104
 21	 13	   7.17178	  19.35107	  -0.00000	 -23.58792	  10.10671	  31.48612
 21	 12	   7.36221	  19.54523	  -0.00000	 -23.62753	  10.64212	  32.38417
 21	 11	   7.58611	  19.61694	  -0.00000	 -23.66107	  11.12810	  33.32842
 21	 10	   7.84186	  19.56559	  -0.00000	 -23.66107	  11.58824	  34.33669
 21	  9	   8.12762	  19.39282	  -0.00000	 -23.66107	  11.98699	  35.36710
 21	  8	   8.44137	  19.10247	  -0.00000	 -23.66107	  12.32415	  36.41287
 21	  7	   8.78093	  18.70043	  -0.00000	 -23.47289	  12.78941	  37.65715
 21	  6	   9.14398	  18.19447	  -0.00000	 -22.90992	  13.57251	  39.28324
 21	  5	   9.52807	  17.59399	  -0.00000	 -21.79342	  14.85670	  41.46834
 21	  4	   9.93069	  16.90974	  -0.00000	 -19.88174	  16.88937	  44.45415
 21	  3	  10.34925	  16.15351	  -0.00000	 -17.06135	  19.79066	  48.35558
 21	  2	  10.78115	  15.33782	  -0.00000	 -13.27082	  23.62931	  53.23660
 21	  1	  11.22378	  14.47557	  -0.00000	  -8.79284	  28.13029	  58.81790

 22	 30	   8.44593	   5.68291	   0.00000	  -8.79284	  13.78193	  42.40475
 22	 29	   8.04169	   6.51949	  -0.00000	 -13.27082	   9.33206	  36.87119
 22	 28	   7.66108	   7.41245	  -0.00000	 -17.06135	   5.67327	  32.16933
 22	 27	   7.30668	   8.35547	  -0.00000	 -19.88174	   3.08709	  28.58569
 22	 26	   6.98091	   9.34060	  -0.00000	 -21.79342	   1.50900	  26.06132
 22	 25	   6.68607	  10.35827	  -0.00000	 -22.90992	   0.82050	  24.48384
 22	 24	   6.42426	  11.39741	  -0.00000	 -23.47289	   0.77304	  23.61141
 22	 23	   6.19735	  12.44562	  -0.00000	 -23.66107	   1.17926	  23.26384
 22	 22	   6.00700	  13.48942	  -0.00000	 -23.59208	   1.91134	  23.32083
 22	 21	   5.85461	  14.51447	  -0.00000	 -23.50017	   2.72353	  23.54428
 22	 20	   5.74130	  15.50594	  -0.00000	 -23.38924	   3.59931	  23.92519
 22	 19	   5.66793	  16.44884	  -0.00000	 -23.26805	   4.51664	  24.44850
 22	 18	   5.63503	  17.32839	  -0.00000	 -23.14829	   5.45016	  25.09491
 22	 17	   5.64285	  18.13042	  -0.00000	 -23.10217	   6.31395	  25.78326
 22	 16	   5.69134	  18.84173	  -0.00000	 -23.08542	   7.13899	  26.54753
 22	 15	   5.78013	  19.45048	  -0.00000	 -23.10217	   7.90858	  27.37210
 22	 14	   5.90856	  19.94649	  -0.00000	 -23.14829	   8.61533	  28.24862
 22	 13	   6.07568	  20.32154	  -0.00000	 -23.26805	   9.20484	  29.11975
 22	 12	   6.28024	  20.56957	  -0.00000	 -23.38924	   9.74082	  30.04454
 22	 11	   6.52076	  20.68689	  -0.00000	 -23.50017	  10.22825	  31.02197
 22	 10	   6.79550	  20.67223	  -0.00000	 -23.59208	  10.67114	  32.04908
 22	  9	   7.10247	  20.52677	  -0.00000	 -23.66107	  11.07064	  33.11953
 22	  8	   7.43951	  20.25408	  -0.00000	 -23.66107	  11.47204	  34.27097
 22	  7	   7.80428	  19.86001	  -0.00000	 -23.47289	  11.99568	  35.61619
 22	  6	   8.19427	  19.35246	  -0.00000	 -22.90992	  12.83108	  37.33754
 22	  5	   8.60687	  18.74117	  -0.00000	 -21.79342	  14.16149	  39.61151
 22	  4	   9.03937	  18.03739	  -0.00000	 -19.88174	  16.23440	  42.67946
 22	  3	   9.48901	  17.25358	  -0.00000	 -17.06135	  19.17025	  46.65622
 22	  2	   9.95297	  16.40305	  -0.00000	 -13.27082	  23.03816	  51.60591
 22	  1	  10.42845	  15.49957	  -0.00000	  -8.79284	  27.56364	  57.24955

 23	 30	   7.48059	   5.34358	  -0.00000	  -8.79284	  11.51193	  39.13965
 23	 29	   7.04744	   6.20269	  -0.00000	 -13.27082	   7.02675	  33.53011
 23	 28	   6.63960	   7.12552	  -0.00000	 -17.06135	   3.34337	  28.76120
 23	 27	   6.25984	   8.10593	  -0.00000	 -19.88174	   0.74386	  25.12015
 23	 26	   5.91076	   9.13597	  -0.00000	 -21.79342	  -0.83593	  22.54870
 23	 25	   5.59483	  10.20589	  -0.00000	 -22.90992	  -1.51437	  20.93509
 23	 24	   5.31428	  11.30426	  -0.00000	 -23.43744	  -1.50461	  20.07352
 23	 23	   5.07114	  12.41816	  -0.00000	 -23.50017	  -0.93973	  19.83894
 23	 22	   4.86717	  13.53335	  -0.00000	 -23.32618	  -0.05849	  20.00119
 23	 21	   4.70388	  14.63463	  -0.00000	 -23.10637	   0.93601	  20.36609
 23	 20	   4.58246	  15.70609	  -0.00000	 -22.85330	   2.01772	  20.91655
 23	 19	   4.50384	  16.73158	  -0.00000	 -22.58791	   3.15135	  21.62575
 23	 18	   4.46858	  17.69505	  -0.00000	 -22.39960	   4.23262	  22.39689
 23	 17	   4.47697	  18.58096	  -0.00000	 -22.26232	   5.27257	  23.24695
 23	 16	   4.52893	  19.37475	  -0.00000	 -22.19602	   6.23658	  24.14512
 23	 15	   4.62407	  20.06319	  -0.00000	 -22.26232	   7.04900	  25.01712
 23	 14	   4.76169	  20.63477	  -0.00000	 -22.39960	   7.75855	  25.91043
 23	 13	   4.94076	  21.08002	  -0.00000	 -22.58791	   8.37363	  26.82975
 23	 12	   5.15996	  21.39176	  -0.00000	 -22.85330	   8.85838	  27.73338
 23	 11	   5.41769	  21.56528	  -0.00000	 -23.10637	   9.29430	  28.69542
 23	 10	   5.71208	  21.59851	  -0.00000	 -23.32618	   9.69649	  29.72249
 23	  9	   6.04102	  21.49200	  -0.00000	 -23.50017	  10.07387	  30.81461
 23	  8	   6.40217	  21.24889	  -0.00000	 -23.62562	  10.42762	  31.96400
 23	  7	   6.79304	  20.87481	  -0.00000	 -23.47289	  10.98799	  33.39231
 23	  6	   7.21093	  20.37765	  -0.00000	 -22.90992	  11.88960	  35.22607
 23	  5	   7.65305	  19.76736	  -0.00000	 -21.79342	  13.28004	  37.60550
 23	  4	   8.11650	  19.05555	  -0.00000	 -19.88174	  15.40682	  40.77147
 23	  3	   8.59830	  18.25525	  -0.00000	 -17.06135	  18.39051	  44.83864
 23	  2	   9.09546	  17.38045	  -0.00000	 -13.27082	  22.30055	  49.87120
 23	  1	   9.60496	  16.44575	  -0.00000	  -8.79284	  26.86283	  55.59049

 24	 30	   6.48488	   4.78715	  -0.00000	  -8.79284	   8.96407	  35.64394
 24	 29	   6.02189	   5.65555	  -0.00000	 -13.27082	   4.42850	  29.94228
 24	 28	   5.58596	   6.59561	  -0.00000	 -17.06135	   0.70619	  25.09041
 24	 27	   5.18004	   7.60158	  -0.00000	 -19.88174	  -1.92007	  21.37645
 24	 26	   4.80693	   8.66567	  -0.00000	 -21.79342	  -3.51389	  18.74291
 24	 25	   4.46924	   9.77813	  -0.00000	 -22.83485	  -4.11824	  17.15388
 24	 24	   4.16937	  10.92736	  -0.00000	 -23.21122	  -3.94512	  16.40532
 24	 23	   3.90948	  12.10001	  -0.00000	 -23.12905	  -3.21008	  16.29063
 24	 22	   3.69147	  13.28125	  -0.00000	 -22.77070	  -2.10652	  16.62622
 24	 21	   3.51692	  14.45506	  -0.00000	 -22.33568	  -0.84677	  17.21016
 24	 20	   3.38715	  15.60459	  -0.00000	 -21.85195	   0.52694	  18.01094
 24	 19	   3.30311	  16.71251	  -0.00000	 -21.42027	   1.89846	  18.92279
 24	 18	   3.26543	  17.76151	  -0.00000	 -21.04412	   3.24824	  19.93552
 24	 17	   3.27439	  18.73468	  -0.00000	 -20.77221	   4.51126	  20.99163
 24	 16	   3.32993	  19.61603	  -0.00000	 -20.69563	   5.58025	  21.98879
 24	 15	   3.43162	  20.39086	  -0.00000	 -20.77221	   6.48190	  22.95545
 24	 14	   3.57872	  21.04623	  -0.00000	 -21.04412	   7.15954	  23.83333
 24	 13	   3.77012	  21.57127	  -0.00000	 -21.42027	   7.69124	  24.69573
 24	 12	   4.00442	  21.95750	  -0.00000	 -21.85195	   8.11439	  25.57264
 24	 11	   4.27990	  22.19907	  -0.00000	 -22.33568	   8.42320	  26.44895
 24	 10	   4.59457	  22.29289	  -0.00000	 -22.77070	   8.71132	  27.40799
 24	  9	   4.94615	  22.23869	  -0.00000	 -23.12905	   9.00195	  28.46224
 24	  8	   5.33218	  22.03901	  -0.00000	 -23.39940	   9.30398	  29.61014
 24	  7	   5.74997	  21.69906	  -0.00000	 -23.39782	   9.80117	  31.02563
 24	  6	   6.19664	  21.22655	  -0.00000	 -22.90992	  10.70991	  32.91611
 24	  5	   6.66921	  20.63143	  -0.00000	 -21.79342	  12.17643	  35.41977
 24	  4	   7.16458	  19.92557	  -0.00000	 -19.88174	  14.37299	  38.70178
 24	  3	   7.67956	  19.12238	  -0.00000	 -17.06135	  17.42016	  42.87655
 24	  2	   8.21096	  18.23642	  -0.00000	 -13.27082	  21.38752	  48.00829
 24	  1	   8.75555	  17.28302	  -0.00000	  -8.79284	  26.00128	  53.81859

 25	 30	   5.46183	   3.98125	  -0.00000	  -8.79284	   6.11207	  31.89655
 25	 29	   4.96819	   4.84305	  -0.00000	 -13.27082	   1.50861	  26.08456
 25	 28	   4.50340	   5.78510	  -0.00000	 -17.06135	  -2.26944	  21.13173
 25	 27	   4.07061	   6.80219	  -0.00000	 -19.88174	  -4.93833	  17.32717
 25	 26	   3.67280	   7.88693	  -0.00000	 -21.68291	  -6.45038	  14.72484
 25	 25	   3.31275	   9.02979	  -0.00000	 -22.61646	  -6.96117	  13.17654
 25	 24	   2.99303	  10.21915	  -0.00000	 -22.82050	  -6.61529	  12.54626
 25	 23	   2.71594	  11.44144	  -0.00000	 -22.50503	  -5.63172	  12.62485
 25	 22	   2.48349	  12.68138	  -0.00000	 -21.85800	  -4.20965	  13.22422
 25	 21	   2.29739	  13.92229	  -0.00000	 -21.09575	  -2.57868	  14.12692
 25	 20	   2.15903	  15.14640	  -0.00000	 -20.27148	  -0.80703	  15.27758
 25	 19	   2.06942	  16.33533	  -0.00000	 -19.53090	   0.94327	  16.52699
 25	 18	   2.02925	  17.47051	  -0.00000	 -18.89924	   2.62976	  17.84455
 25	 17	   2.03880	  18.53366	  -0.00000	 -18.50380	   4.10746	  19.09503
 25	 16	   2.09801	  19.50730	  -0.00000	 -18.34676	   5.35656	  20.26511
 25	 15	   2.20644	  20.37519	  -0.00000	 -18.50380	   6.28427	  21.26433
 25	 14	   2.36327	  21.12284	  -0.00000	 -18.89924	   6.95014	  22.15013
 25	 13	   2.56735	  21.73784	  -0.00000	 -19.53090	   7.34164	  22.90369
 25	 12	   2.81716	  22.21027	  -0.00000	 -20.27148	   7.57311	  23.62973
 25	 11	   3.11088	  22.53293	  -0.00000	 -21.09575	   7.65893	  24.33084
 25	 10	   3.44637	  22.70151	  -0.00000	 -21.85800	   7.73625	  25.13136
 25	  9	   3.82124	  22.71472	  -0.00000	 -22.50503	   7.85217	  26.06555
 25	  8	   4.23282	  22.57426	  -0.00000	 -23.00868	   8.03123	  27.14575
 25	  7	   4.67826	  22.28472	  -0.00000	 -23.17943	   8.46181	  28.54918
 25	  6	   5.15451	  21.85341	  -0.00000	 -22.79940	   9.36303	  30.48505
 25	  5	   5.65836	  21.29009	  -0.00000	 -21.79342	  10.81340	  33.02324
 25	  4	   6.18652	  20.60667	  -0.00000	 -19.88174	  13.09798	  36.44139
 25	  3	   6.73560	  19.81678	  -0.00000	 -17.06135	  16.22664	  40.74301
 25	  2	   7.30218	  18.93541	  -0.00000	 -13.27082	  20.26895	  45.99228
 25	  1	   7.88282	  17.97846	  -0.00000	  -8.79284	  24.95126	  51.91099

 26	 30	   4.41491	   2.89406	  -0.00000	  -8.79284	   2.93105	  27.87828
 26	 29	   3.88991	   3.73077	  -0.00000	 -13.27082	  -1.76023	  21.93580
 26	 28	   3.39559	   4.65688	  -0.00000	 -17.06135	  -5.61329	  16.86202
 26	 27	   2.93530	   5.66800	  -0.00000	 -19.80667	  -8.26806	  13.02223
 26	 26	   2.51221	   6.75741	  -0.00000	 -21.49997	  -9.71814	  10.42917
 26	 25	   2.12929	   7.91600	  -0.00000	 -22.19668	 -10.02210	   9.03181
 26	 24	   1.78925	   9.13238	  -0.00000	 -22.13696	  -9.42609	   8.59305
 26	 23	   1.49455	  10.39295	  -0.00000	 -21.48003	  -8.09799	   8.95566
 26	 22	   1.24733	  11.68218	  -0.00000	 -20.42832	  -6.25148	   9.91837
 26	 21	   1.04941	  12.98285	  -0.00000	 -19.22595	  -4.14429	  11.23758
 26	 20	   0.90225	  14.27645	  -0.00000	 -18.02044	  -1.93949	  12.76559
 26	 19	   0.80696	  15.54360	  -0.00000	 -16.88287	   0.27463	  14.43008
 26	 18	   0.76423	  16.76452	  -0.00000	 -15.93080	   2.36218	  16.11043
 26	 17	   0.77439	  17.91958	  -0.00000	 -15.32852	   4.13984	  17.63620
 26	 16	   0.83736	  18.98977	  -0.00000	 -15.13705	   5.52744	  18.93599
 26	 15	   0.95268	  19.95725	  -0.00000	 -15.32852	   6.53409	  20.02212
 26	 14	   1.11948	  20.80585	  -0.00000	 -15.93080	   7.11401	  20.84588
 26	 13	   1.33652	  21.52151	  -0.00000	 -16.88287	   7.31169	  21.44327
 26	 12	   1.60221	  22.09267	  -0.00000	 -18.02044	   7.27665	  21.95109
 26	 11	   1.91459	  22.51058	  -0.00000	 -19.22595	   7.11380	  22.45905
 26	 10	   2.27140	  22.76950	  -0.00000	 -20.42832	   6.88398	  23.01204
 26	  9	   2.67008	  22.86689	  -0.00000	 -21.48003	   6.72702	  23.73442
 26	  8	   3.10782	  22.80334	  -0.00000	 -22.32514	   6.69384	  24.66296
 26	  7	   3.58156	  22.58260	  -0.00000	 -22.75965	   6.98608	  25.98678
 26	  6	   4.08807	  22.21132	  -0.00000	 -22.61646	   7.77099	  27.86239
 26	  5	   4.62394	  21.69884	  -0.00000	 -21.71836	   9.22836	  30.46045
 26	  4	   5.18566	  21.05687	  -0.00000	 -19.88174	  11.54645	  33.96161
 26	  3	   5.76962	  20.29909	  -0.00000	 -17.06135	  14.77699	  38.41122
 26	  2	   6.37220	  19.44070	  -0.00000	 -13.27082	  18.91428	  43.79830
 26	  1	   6.98974	  18.49801	  -0.00000	  -8.79284	  23.68464	  49.84476

 27	 30	   3.34801	   1.49537	  -0.00000	  -8.79284	  -0.60145	  23.57269
 27	 29	   2.79104	   2.28587	  -0.00000	 -13.27082	  -5.40286	  17.47784
 27	 28	   2.26663	   3.17552	  -0.00000	 -17.02590	  -9.31711	  12.29686
 27	 27	   1.77831	   4.16101	  -0.00000	 -19.62007	 -11.90243	   8.47651
 27	 26	   1.32947	   5.23651	  -0.00000	 -21.14103	 -13.24559	   5.93614
 27	 25	   0.92323	   6.39365	  -0.00000	 -21.57399	 -13.33389	   4.69599
 27	 24	   0.56249	   7.62151	  -0.00000	 -21.15309	 -12.40660	   4.52602
 27	 23	   0.24984	   8.90672	  -0.00000	 -20.04589	 -10.63947	   5.26183
 27	 22	  -0.01242	  10.23370	  -0.00000	 -18.48198	  -8.27313	   6.67641
 27	 21	  -0.22239	  11.58490	  -0.00000	 -16.74666	  -5.60655	   8.48693
 27	 20	  -0.37851	  12.94119	  -0.00000	 -15.03860	  -2.85444	  10.49711
 27	 19	  -0.47961	  14.28232	  -0.00000	 -13.46725	  -0.14416	  12.59952
 27	 18	  -0.52494	  15.58739	  -0.00000	 -12.23241	   2.30510	  14.59488
 27	 17	  -0.51416	  16.83540	  -0.00000	 -11.40583	   4.40125	  16.40860
 27	 16	  -0.44735	  18.00584	  -0.00000	 -11.12673	   5.98440	  17.89296
 27	 15	  -0.32501	  19.07917	  -0.00000	 -11.40583	   7.02332	  19.02129
 27	 14	  -0.14806	  20.03748	  -0.00000	 -12.23241	   7.50895	  19.78042
 27	 13	   0.08220	  20.86487	  -0.00000	 -13.46725	   7.56202	  20.27919
 27	 12	   0.36406	  21.54799	  -0.00000	 -15.03860	   7.23750	  20.55530
 27	 11	   0.69546	  22.07630	  -0.00000	 -16.74666	   6.72056	  20.77407
 27	 10	   1.07399	  22.44243	  -0.00000	 -18.48198	   6.10844	  21.01276
 27	  9	   1.49695	  22.64230	  -0.00000	 -20.04589	   5.59031	  21.44201
 27	  8	   1.96134	  22.67516	  -0.00000	 -21.34127	   5.25657	  22.13596
 27	  7	   2.46392	  22.54361	  -0.00000	 -22.13696	   5.33450	  23.30812
 27	  6	   3.00127	  22.25337	  -0.00000	 -22.25753	   5.99838	  25.12137
 27	  5	   3.56976	  21.81312	  -0.00000	 -21.53175	   7.42089	  27.73902
 27	  4	   4.16568	  21.23409	  -0.00000	 -19.84629	   9.71917	  31.27059
 27	  3	   4.78520	  20.52976	  -0.00000	 -17.06135	  13.03881	  35.85550
 27	  2	   5.42447	  19.71533	  -0.00000	 -13.27082	  17.29344	  41.40233
 27	  1	   6.07960	  18.80732	  -0.00000	  -8.79284	  22.17368	  47.59761

 28	 30	   2.26540	  -0.24238	  -0.00000	  -8.79284	  -4.50442	  18.96712
 28	 29	   1.67600	   0.47838	  -0.00000	 -13.27082	  -9.44045	  12.69665
 28	 28	   1.12104	   1.30855	  -0.00000	 -16.90044	 -13.34981	   7.47538
 28	 27	   0.60429	   2.24621	  -0.00000	 -19.34972	 -15.89493	   3.64544
 28	 26	   0.12930	   3.28677	  -0.00000	 -20.63739	 -17.09201	   1.19633
 28	 25	  -0.30059	   4.42286	  -0.00000	 -20.72888	 -16.90721	   0.16911
 28	 24	  -0.68234	   5.64432	  -0.00000	 -19.85770	 -15.57806	   0.33540
 28	 23	  -1.01319	   6.93830	  -0.00000	 -18.21255	 -13.30063	   1.51071
 28	 22	  -1.29073	   8.28939	  -0.00000	 -16.06547	 -10.35755	   3.42698
 28	 21	  -1.51293	   9.67994	  -0.00000	 -13.75549	  -7.10141	   5.74969
 28	 20	  -1.67814	  11.09041	  -0.00000	 -11.53395	  -3.79982	   8.23298
 28	 19	  -1.78513	  12.49978	  -0.00000	  -9.54472	  -0.61519	  10.73936
 28	 18	  -1.83310	  13.88615	  -0.00000	  -8.00779	   2.21216	  13.05482
 28	 17	  -1.82169	  15.22721	  -0.00000	  -7.04511	   4.53872	  15.06016
 28	 16	  -1.75099	  16.50089	  -0.00000	  -6.67795	   6.32097	  16.72953
 28	 15	  -1.62153	  17.68598	  -0.00000	  -7.04511	   7.39782	  17.90856
 28	 14	  -1.43427	  18.76266	  -0.00000	  -8.00779	   7.88634	  18.70822
 28	 13	  -1.19060	  19.71310	  -0.00000	  -9.54472	   7.78718	  19.11196
 28	 12	  -0.89233	  20.52192	  -0.00000	 -11.53395	   7.20332	  19.19866
 28	 11	  -0.54163	  21.17664	  -0.00000	 -13.75549	   6.33789	  19.14515
 28	 10	  -0.14105	  21.66795	  -0.00000	 -16.06547	   5.32039	  19.05586
 28	  9	   0.30654	  21.98999	  -0.00000	 -18.21255	   4.39052	  19.14859
 28	  8	   0.79797	  22.14036	  -0.00000	 -20.04589	   3.69042	  19.54723
 28	  7	   1.32983	  22.12022	  -0.00000	 -21.29185	   3.48802	  20.50495
 28	  6	   1.89846	  21.93407	  -0.00000	 -21.75388	   3.97712	  22.20384
 28	  5	   2.50006	  21.58959	  -0.00000	 -21.26141	   5.32831	  24.80524
 28	  4	   3.13069	  21.09729	  -0.00000	 -19.72083	   7.63783	  28.39809
 28	  3	   3.78628	  20.47014	  -0.00000	 -17.06135	  10.98137	  33.05229
 28	  2	   4.46277	  19.72312	  -0.00000	 -13.27082	  15.37785	  38.78220
 28	  1	   5.15606	  18.87272	  -0.00000	  -8.79284	  20.39200	  45.14884

 29	 30	   1.17172	  -2.34288	  -0.00000	  -8.79284	  -8.79228	  14.05368
 29	 29	   0.54955	  -1.71764	  -0.00000	 -13.20183	 -13.82037	   7.65230
 29	 28	  -0.03625	  -0.97223	  -0.00000	 -16.72646	 -17.77120	   2.34628
 29	 27	  -0.58173	  -0.10686	  -0.00000	 -18.99136	 -20.26169	  -1.47739
 29	 26	  -1.08313	   0.87541	  -0.00000	 -19.99036	 -21.28121	  -3.80300
 29	 25	  -1.53692	   1.96856	  -0.00000	 -19.67717	 -20.78245	  -4.57674
 29	 24	  -1.93989	   3.16353	  -0.00000	 -18.29380	 -19.01005	  -4.03464
 29	 23	  -2.28913	   4.44826	  -0.00000	 -16.06547	 -16.19548	  -2.39692
 29	 22	  -2.58211	   5.80782	  -0.00000	 -13.32140	 -12.67780	   0.01227
 29	 21	  -2.81666	   7.22468	  -0.00000	 -10.46262	  -8.87125	   2.79817
 29	 20	  -2.99105	   8.67910	  -0.00000	  -7.78676	  -5.08976	   5.67187
 29	 19	  -3.10398	  10.14948	  -0.00000	  -5.46051	  -1.51900	   8.47851
 29	 18	  -3.15462	  11.61301	  -0.00000	  -3.70063	   1.60314	  11.01525
 29	 17	  -3.14258	  13.04615	  -0.00000	  -2.61082	   4.15016	  13.19037
 29	 16	  -3.06795	  14.42532	  -0.00000	  -2.23417	   6.05525	  14.96383
 29	 15	  -2.93129	  15.72753	  -0.00000	  -2.61082	   7.25413	  16.28188
 29	 14	  -2.73362	  16.93102	  -0.00000	  -3.70063	   7.76316	  17.15133
 29	 13	  -2.47641	  18.01586	  -0.00000	  -5.46051	   7.60253	  17.56623
 29	 12	  -2.16155	  18.96449	  -0.00000	  -7.78676	   6.85463	  17.57437
 29	 11	  -1.79136	  19.76222	  -0.00000	 -10.46262	   5.71689	  17.33801
 29	 10	  -1.36851	  20.39759	  -0.00000	 -13.32140	   4.33917	  16.97593
 29	  9	  -0.89604	  20.86261	  -0.00000	 -16.06547	   3.00507	  16.74644
 29	  8	  -0.37728	  21.15297	  -0.00000	 -18.48198	   1.91643	  16.83161
 29	  7	   0.18414	  21.26805	  -0.00000	 -20.24014	   1.39618	  17.53930
 29	  6	   0.78439	  21.21079	  -0.00000	 -21.10685	   1.67271	  19.08644
 29	  5	   1.41943	  20.98757	  -0.00000	 -20.90305	   2.92339	  21.64170
 29	  4	   2.08511	  20.60784	  -0.00000	 -19.54685	   5.23121	  25.28147
 29	  3	   2.77716	  20.08379	  -0.00000	 -16.99236	   8.64574	  30.05018
 29	  2	   3.49125	  19.42985	  -0.00000	 -13.27082	  13.14154	  35.91845
 29	  1	   4.22308	  18.66226	  -0.00000	  -8.79284	  18.31558	  42.48013

 30	 30	   0.07198	  -4.82484	  -0.00000	  -8.79284	 -13.47372	   8.83014
 30	 29	  -0.58314	  -4.32278	  -0.00000	 -13.10992	 -18.59898	   2.29599
 30	 28	  -1.19997	  -3.68938	  -0.00000	 -16.50665	 -22.59597	  -3.09630
 30	 27	  -1.77434	  -2.92280	  -0.00000	 -18.55635	 -25.02782	  -6.90671
 30	 26	  -2.30228	  -2.02419	  -0.00000	 -19.22811	 -25.85686	  -9.09344
 30	 25	  -2.78011	  -0.99787	  -0.00000	 -18.47480	 -25.03289	  -9.60079
 30	 24	  -3.20442	   0.14851	  -0.00000	 -16.55847	 -22.81880	  -8.68419
 30	 23	  -3.57216	   1.40402	  -0.00000	 -13.75549	 -19.49578	  -6.61460
 30	 22	  -3.88064	   2.75452	  -0.00000	 -10.46262	 -15.46938	  -3.78339
 30	 21	  -4.12761	   4.18290	  -0.00000	  -7.14406	 -11.21639	  -0.64758
 30	 20	  -4.31124	   5.66940	  -0.00000	  -4.13050	  -7.08358	   2.47347
 30	 19	  -4.43016	   7.19208	  -0.00000	  -1.59421	  -3.26244	   5.42518
 30	 18	  -4.48348	   8.72733	  -0.00000	   0.27707	   0.03745	   8.04447
 30	 17	  -4.47080	  10.25049	  -0.00000	   1.41928	   2.72818	  10.29454
 30	 16	  -4.39221	  11.73649	  -0.00000	   1.76598	   4.71804	  12.12664
 30	 15	  -4.24832	  13.16056	  -0.00000	   1.41928	   6.08321	  13.63469
 30	 14	  -4.04018	  14.49890	  -0.00000	   0.27707	   6.69562	  14.67448
 30	 13	  -3.76934	  15.72935	  -0.00000	  -1.59421	   6.59645	  15.24514
 30	 12	  -3.43781	  16.83200	  -0.00000	  -4.13050	   5.82586	  15.33572
 30	 11	  -3.04802	  17.78970	  -0.00000	  -7.14406	   4.54961	  15.06506
 30	 10	  -2.60277	  18.58856	  -0.00000	 -10.46262	   2.92039	  14.54848
 30	  9	  -2.10528	  19.21823	  -0.00000	 -13.75549	   1.25217	  14.07207
 30	  8	  -1.55906	  19.67211	  -0.00000	 -16.74666	  -0.19267	  13.87813
 30	  7	  -0.96791	  19.94746	  -0.00000	 -19.03777	  -1.02613	  14.34022
 30	  6	  -0.33587	  20.04534	  -0.00000	 -20.34460	  -0.97100	  15.72518
 30	  5	   0.33281	  19.97046	  -0.00000	 -20.46803	   0.16804	  18.22074
 30	  4	   1.03374	  19.73088	  -0.00000	 -19.32704	   2.47132	  21.90164
 30	  3	   1.76243	  19.33766	  -0.00000	 -16.90044	   5.96208	  26.78694
 30	  2	   2.51435	  18.80441	  -0.00000	 -13.27082	  10.56228	  32.79542
 30	  1	   3.28493	  18.14680	  -0.00000	  -8.79284	  15.92382	  39.57651

 31	 30	  -1.02852	  -7.70078	  -0.00000	  -8.75931	 -18.51712	   3.33436
 31	 29	  -1.71661	  -7.35109	  -0.00000	 -12.99899	 -23.78329	  -3.37191
 31	 28	  -2.36448	  -6.85852	  -0.00000	 -16.25358	 -27.84105	  -8.86049
 31	 27	  -2.96775	  -6.21883	  -0.00000	 -18.07262	 -30.22695	 -12.66565
 31	 26	  -3.52227	  -5.43092	  -0.00000	 -18.40384	 -30.87929	 -14.72265
 31	 25	  -4.02414	  -4.49704	  -0.00000	 -17.26929	 -29.81461	 -15.04389
 31	 24	  -4.46981	  -3.42305	  -0.00000	 -14.85042	 -27.21308	 -13.80369
 31	 23	  -4.85605	  -2.21841	  -0.00000	 -11.53395	 -23.46446	 -11.38351
 31	 22	  -5.18006	  -0.89614	  -0.00000	  -7.78676	 -19.04303	  -8.24550
 31	 21	  -5.43946	   0.52733	  -0.00000	  -4.13050	 -14.48210	  -4.90482
 31	 20	  -5.63233	   2.03255	  -0.00000	  -0.86294	 -10.09506	  -1.64747
 31	 19	  -5.75724	   3.59739	  -0.00000	   1.74470	  -6.17238	   1.27740
 31	 18	  -5.81324	   5.19766	  -0.00000	   3.61361	  -2.81520	   3.82835
 31	 17	  -5.79992	   6.80764	  -0.00000	   4.73485	  -0.05734	   6.04792
 31	 16	  -5.71738	   8.40085	  -0.00000	   5.08100	   2.04708	   7.95570
 31	 15	  -5.56624	   9.95073	  -0.00000	   4.73485	   3.55309	   9.63991
 31	 14	  -5.34763	  11.43137	  -0.00000	   3.61361	   4.34972	  10.95932
 31	 13	  -5.06317	  12.81825	  -0.00000	   1.74470	   4.43662	  11.84096
 31	 12	  -4.71495	  14.08894	  -0.00000	  -0.86294	   3.79609	  12.19025
 31	 11	  -4.30553	  15.22362	  -0.00000	  -4.13050	   2.48206	  12.00042
 31	 10	  -3.83788	  16.20570	  -0.00000	  -7.78676	   0.74317	  11.47801
 31	  9	  -3.31535	  17.02213	  -0.00000	 -11.53395	  -1.14253	  10.87305
 31	  8	  -2.74164	  17.66371	  -0.00000	 -15.03860	  -2.85817	  10.48394
 31	  7	  -2.12074	  18.12526	  -0.00000	 -17.83226	  -3.94847	  10.75354
 31	  6	  -1.45689	  18.40555	  -0.00000	 -19.52033	  -4.02856	  12.05829
 31	  5	  -0.75456	  18.50727	  -0.00000	 -19.98430	  -2.98615	  14.50454
 31	  4	  -0.01835	  18.43672	  -0.00000	 -19.07397	  -0.67396	  18.23535
 31	  3	   0.74702	  18.20350	  -0.00000	 -16.78952	   2.90801	  23.24761
 31	  2	   1.53677	  17.82005	  -0.00000	 -13.23728	   7.65631	  29.43558
 31	  1	   2.34614	  17.30119	  -0.00000	  -8.79284	  13.20063	  36.42721

 32	 30	  -2.12416	 -10.97601	  -0.00000	  -8.71969	 -23.94403	  -2.44958
 32	 29	  -2.84508	 -10.80885	  -0.00000	 -12.87780	 -29.37681	  -9.34811
 32	 28	  -3.52386	 -10.48702	  -0.00000	 -15.98819	 -33.52292	 -14.95450
 32	 27	  -4.15591	 -10.00350	  -0.00000	 -17.64094	 -35.95626	 -18.84124
 32	 26	  -4.73688	  -9.35456	  -0.00000	 -17.66325	 -36.49157	 -20.82118
 32	 25	  -5.26270	  -8.54002	  -0.00000	 -16.13172	 -35.19713	 -20.95990
 32	 24	  -5.72962	  -7.56356	  -0.00000	 -13.27907	 -32.30187	 -19.48250
 32	 23	  -6.13429	  -6.43281	  -0.00000	  -9.54472	 -28.24611	 -16.82360
 32	 22	  -6.47376	  -5.15934	  -0.00000	  -5.46051	 -23.56738	 -13.51197
 32	 21	  -6.74554	  -3.75854	  -0.00000	  -1.59421	 -18.84383	 -10.11177
 32	 20	  -6.94761	  -2.24933	  -0.00000	   1.74470	 -14.39985	  -6.92413
 32	 19	  -7.07847	  -0.65374	  -0.00000	   4.32490	 -10.48578	  -4.15935
 32	 18	  -7.13714	   1.00358	  -0.00000	   6.16442	  -7.10628	  -1.75266
 32	 17	  -7.12319	   2.69605	  -0.00000	   7.21037	  -4.33995	   0.32896
 32	 16	  -7.03672	   4.39582	  -0.00000	   7.54138	  -2.13623	   2.27243
 32	 15	  -6.87837	   6.07453	  -0.00000	   7.21037	  -0.47184	   4.17292
 32	 14	  -6.64932	   7.70413	  -0.00000	   6.16442	   0.56991	   5.88134
 32	 13	  -6.35129	   9.25766	  -0.00000	   4.32490	   0.87998	   7.15284
 32	 12	  -5.98646	  10.70994	  -0.00000	   1.74470	   0.48172	   7.89699
 32	 11	  -5.55751	  12.03832	  -0.00000	  -1.59421	  -0.67091	   7.99648
 32	 10	  -5.06755	  13.22320	  -0.00000	  -5.46051	  -2.37242	   7.61564
 32	  9	  -4.52010	  14.24856	  -0.00000	  -9.54472	  -4.33635	   7.01701
 32	  8	  -3.91901	  15.10226	  -0.00000	 -13.46725	  -6.20302	   6.54595
 32	  7	  -3.26849	  15.77628	  -0.00000	 -16.69469	  -7.45539	   6.71055
 32	  6	  -2.57298	  16.26679	  -0.00000	 -18.77975	  -7.65891	   7.93952
 32	  5	  -1.83714	  16.57404	  -0.00000	 -19.55262	  -6.65286	  10.38970
 32	  4	  -1.06581	  16.70222	  -0.00000	 -18.80858	  -4.23798	  14.25760
 32	  3	  -0.26393	  16.65908	  -0.00000	 -16.66833	  -0.53711	  19.41844
 32	  2	   0.56350	  16.45558	  -0.00000	 -13.19767	   4.38491	  25.80596
 32	  1	   1.41148	  16.10532	  -0.00000	  -8.79284	  10.13544	  33.02646

 33	 30	  -3.20913	 -14.64766	  -0.00000	  -8.67781	 -29.74373	  -8.50613
 33	 29	  -3.96255	 -14.69363	  -0.00000	 -12.75804	 -35.37677	 -15.62397
 33	 28	  -4.67194	 -14.57295	  -0.00000	 -15.79988	 -39.71670	 -21.44621
 33	 27	  -5.33249	 -14.27549	  -0.00000	 -17.26479	 -42.20526	 -25.41395
 33	 26	  -5.93966	 -13.79450	  -0.00000	 -17.03160	 -42.70541	 -27.38922
 33	 25	  -6.48918	 -13.12700	  -0.00000	 -15.17965	 -41.28501	 -27.43859
 33	 24	  -6.97716	 -12.27410	  -0.00000	 -12.04423	 -38.27265	 -25.88876
 33	 23	  -7.40008	 -11.24123	  -0.00000	  -8.00779	 -34.04917	 -23.11764
 33	 22	  -7.75485	 -10.03814	  -0.00000	  -3.70063	 -29.24847	 -19.75449
 33	 21	  -8.03888	  -8.67888	  -0.00000	   0.27707	 -24.47957	 -16.40039
 33	 20	  -8.25006	  -7.18152	  -0.00000	   3.61361	 -20.06803	 -13.36648
 33	 19	  -8.38683	  -5.56776	  -0.00000	   6.16442	 -16.17699	 -10.78735
 33	 18	  -8.44814	  -3.86247	  -0.00000	   7.88420	 -12.87455	  -8.66911
 33	 17	  -8.43356	  -2.09298	  -0.00000	   8.89321	 -10.06689	  -6.77702
 33	 16	  -8.34319	  -0.28843	  -0.00000	   9.20300	  -7.77180	  -4.86306
 33	 15	  -8.17770	   1.52110	  -0.00000	   8.89321	  -5.94109	  -2.68559
 33	 14	  -7.93833	   3.30537	  -0.00000	   7.88420	  -4.68708	  -0.53549
 33	 13	  -7.62686	   5.03484	  -0.00000	   6.16442	  -4.05445	   1.27221
 33	 12	  -7.24558	   6.68150	  -0.00000	   3.61361	  -4.19604	   2.43802
 33	 11	  -6.79729	   8.21960	  -0.00000	   0.27707	  -5.09790	   2.91136
 33	 10	  -6.28524	   9.62632	  -0.00000	  -3.70063	  -6.64478	   2.77784
 33	  9	  -5.71310	  10.88234	  -0.00000	  -8.00779	  -8.55164	   2.30761
 33	  8	  -5.08491	  11.97227	  -0.00000	 -12.23241	 -10.42996	   1.88104
 33	  7	  -4.40505	  12.88490	  -0.00000	 -15.74262	 -11.66782	   2.10528
 33	  6	  -3.67818	  13.61340	  -0.00000	 -18.14809	 -11.89105	   3.35151
 33	  5	  -2.90917	  14.15523	  -0.00000	 -19.17648	 -10.83958	   5.87788
 33	  4	  -2.10306	  14.51206	  -0.00000	 -18.62027	  -8.31433	   9.88212
 33	  3	  -1.26502	  14.68944	  -0.00000	 -16.54856	  -4.38917	  15.28946
 33	  2	  -0.40028	  14.69646	  -0.00000	 -13.15579	   0.74010	  21.90342
 33	  1	   0.48593	  14.54520	  -0.00000	  -8.79284	   6.72422	  29.37424

 34	 30	  -4.27740	 -18.70389	  -0.00000	  -8.63819	 -35.89689	 -14.81229
 34	 29	  -5.06283	 -18.99336	  -0.00000	 -12.71192	 -41.83093	 -22.24273
 34	 28	  -5.80235	 -19.10414	  -0.00000	 -15.66260	 -46.37143	 -28.27903
 34	 27	  -6.49096	 -19.02264	  -0.00000	 -16.99287	 -48.99743	 -32.40006
 34	 26	  -7.12392	 -18.73872	  -0.00000	 -16.63616	 -49.62271	 -34.51939
 34	 25	  -7.69679	 -18.24620	  -0.00000	 -14.57737	 -48.21714	 -34.60656
 34	 24	  -8.20549	 -17.54327	  -0.00000	 -11.21764	 -45.17190	 -33.05228
 34	 23	  -8.64638	 -16.63276	  -0.00000	  -7.04511	 -40.97062	 -30.33940
 34	 22	  -9.01622	 -15.52228	  -0.00000	  -2.61082	 -36.16555	 -27.01895
 34	 21	  -9.31232	 -14.22417	  -0.00000	   1.41928	 -31.42952	 -23.76155
 34	 20	  -9.53247	 -12.75534	  -0.00000	   4.73485	 -27.08543	 -20.88581
 34	 19	  -9.67504	 -11.13693	  -0.00000	   7.21037	 -23.27665	 -18.52556
 34	 18	  -9.73897	  -9.39379	  -0.00000	   8.89321	 -19.97851	 -16.63034
 34	 17	  -9.72376	  -7.55385	  -0.00000	   9.87807	 -17.12331	 -15.03818
 34	 16	  -9.62955	  -5.64740	  -0.00000	  10.22829	 -14.67821	 -13.26921
 34	 15	  -9.45703	  -3.70623	  -0.00000	   9.87807	 -12.74223	 -10.71176
 34	 14	  -9.20749	  -1.76278	  -0.00000	   8.89321	 -11.28456	  -8.00427
 34	 13	  -8.88279	   0.15079	  -0.00000	   7.21037	 -10.40442	  -5.72491
 34	 12	  -8.48531	   2.00347	  -0.00000	   4.73485	 -10.23231	  -4.10570
 34	 11	  -8.01798	   3.76623	  -0.00000	   1.41928	 -10.85045	  -3.25619
 34	 10	  -7.48418	   5.41280	  -0.00000	  -2.61082	 -12.16638	  -3.09388
 34	  9	  -6.88773	   6.92029	  -0.00000	  -7.04511	 -13.90028	  -3.34340
 34	  8	  -6.23286	   8.26971	  -0.00000	 -11.40583	 -15.60184	  -3.55670
 34	  7	  -5.52413	   9.44635	  -0.00000	 -15.14034	 -16.74224	  -3.20626
 34	  6	  -4.76637	  10.43997	  -0.00000	 -17.75265	 -16.84543	  -1.81678
 34	  5	  -3.96469	  11.24489	  -0.00000	 -18.90456	 -15.58905	   0.93359
 34	  4	  -3.12434	  11.85988	  -0.00000	 -18.48299	 -12.87179	   5.14585
 34	  3	  -2.25070	  12.28791	  -0.00000	 -16.50244	  -8.71594	  10.79746
 34	  2	  -1.34923	  12.53582	  -0.00000	 -13.11617	  -3.27881	  17.73096
 34	  1	  -0.42537	  12.61387	  -0.00000	  -8.79284	   2.97029	  25.47691

 35	 30	  -5.32281	 -23.12338	  -0.00000	  -8.60466	 -42.37366	 -21.33596
 35	 29	  -6.13956	 -23.68580	  -0.00000	 -12.69517	 -48.66008	 -29.12237
 35	 28	  -6.90857	 -24.05754	  -0.00000	 -15.59629	 -53.47097	 -35.43324
 35	 27	  -7.62464	 -24.22122	  -0.00000	 -16.91630	 -56.38679	 -39.84904
 35	 26	  -8.28284	 -24.16295	  -0.00000	 -16.47912	 -57.20774	 -42.16996
 35	 25	  -8.87855	 -23.87300	  -0.00000	 -14.38590	 -56.01600	 -42.47819
 35	 24	  -9.40754	 -23.34626	  -0.00000	 -10.93855	 -53.09990	 -41.06205
 35	 23	  -9.86601	 -22.58261	  -0.00000	  -6.67795	 -48.99257	 -38.45468
 35	 22	 -10.25060	 -21.58712	  -0.00000	  -2.23417	 -44.32250	 -35.28454
 35	 21	 -10.55851	 -20.37013	  -0.00000	   1.76598	 -39.72117	 -32.18311
 35	 20	 -10.78744	 -18.94709	  -0.00000	   5.08100	 -35.44096	 -29.40277
 35	 19	 -10.93569	 -17.33826	  -0.00000	   7.54138	 -31.66826	 -27.12984
 35	 18	 -11.00217	 -15.56827	  -0.00000	   9.20300	 -28.36960	 -25.33073
 35	 17	 -10.98636	 -13.66547	  -0.00000	  10.22829	 -25.40989	 -23.86967
 35	 16	 -10.88839	 -11.66117	  -0.00000	  10.80918	 -22.62876	 -22.52988
 35	 15	 -10.70899	  -9.58881	  -0.00000	  10.22829	 -20.77850	 -19.31314
 35	 14	 -10.44950	  -7.48302	  -0.00000	   9.20300	 -19.17902	 -16.21511
 35	 13	 -10.11185	  -5.37863	  -0.00000	   7.54138	 -18.06095	 -13.59751
 35	 12	  -9.69852	  -3.30977	  -0.00000	   5.08100	 -17.62582	 -11.66262
 35	 11	  -9.21255	  -1.30888	  -0.00000	   1.76598	 -17.96801	 -10.50495
 35	 10	  -8.65747	   0.59406	  -0.00000	  -2.23417	 -18.95503	  -9.99207
 35	  9	  -8.03724	   2.37235	  -0.00000	  -6.67795	 -20.38007	  -9.91717
 35	  8	  -7.35625	   4.00310	  -0.00000	 -11.12673	 -21.83612	  -9.87327
 35	  7	  -6.61925	   5.46775	  -0.00000	 -14.94887	 -22.71962	  -9.25681
 35	  6	  -5.83128	   6.75235	  -0.00000	 -17.59561	 -22.50583	  -7.54305
 35	  5	  -4.99763	   7.84766	  -0.00000	 -18.82799	 -20.97559	  -4.51283
 35	  4	  -4.12377	   8.74920	  -0.00000	 -18.41668	 -17.91502	   0.04771
 35	  3	  -3.21530	   9.45700	  -0.00000	 -16.48570	 -13.45929	   6.00343
 35	  2	  -2.27787	   9.97531	  -0.00000	 -13.08264	  -7.66307	  13.29963
 35	  1	  -1.31717	  10.31218	  -0.00000	  -8.79284	  -1.11501	  21.34768

 36	 30	  -6.33913	 -27.87498	  -0.00000	  -8.63819	 -49.19143	 -28.09381
 36	 29	  -7.18632	 -28.73815	  -0.00000	 -12.71192	 -55.82271	 -36.22049
 36	 28	  -7.98400	 -29.39883	  -0.00000	 -15.66260	 -61.02943	 -42.92186
 36	 27	  -8.72677	 -29.83552	  -0.00000	 -16.99287	 -64.28193	 -47.66803
 36	 26	  -9.40950	 -30.03030	  -0.00000	 -16.63616	 -65.48546	 -50.36398
 36	 25	 -10.02743	 -29.96951	  -0.00000	 -14.57737	 -64.60173	 -50.97100
 36	 24	 -10.57614	 -29.64440	  -0.00000	 -11.21764	 -62.01432	 -49.87207
 36	 23	 -11.05170	 -29.05153	  -0.00000	  -7.04511	 -58.20004	 -47.54303
 36	 22	 -11.45063	 -28.19313	  -0.00000	  -2.61082	 -53.70522	 -44.52866
 36	 21	 -11.77001	 -27.07717	  -0.00000	   1.41928	 -49.19792	 -41.49423
 36	 20	 -12.00748	 -25.71734	  -0.00000	   4.73485	 -44.99744	 -38.75370
 36	 19	 -12.16126	 -24.13278	  -0.00000	   7.21037	 -41.24493	 -36.43642
 36	 18	 -12.23021	 -22.34764	  -0.00000	   8.89321	 -37.91486	 -34.48568
 36	 17	 -12.21381	 -20.39050	  -0.00000	   9.87807	 -34.94006	 -32.72719
 36	 16	 -12.11219	 -18.29357	  -0.00000	  10.22829	 -32.28966	 -30.69772
 36	 15	 -11.92611	 -16.09183	  -0.00000	   9.87807	 -30.06597	 -27.90454
 36	 14	 -11.65694	 -13.82207	  -0.00000	   8.89321	 -28.24274	 -24.87982
 36	 13	 -11.30670	 -11.52184	  -0.00000	   7.21037	 -26.92487	 -22.18707
 36	 12	 -10.87797	  -9.22843	  -0.00000	   4.73485	 -26.24952	 -20.07827
 36	 11	 -10.37388	  -6.97789	  -0.00000	   1.41928	 -26.30637	 -18.67605
 36	 10	  -9.79810	  -4.80403	  -0.00000	  -2.61082	 -27.01105	 -17.90834
 36	  9	  -9.15475	  -2.73764	  -0.00000	  -7.04511	 -28.09224	 -17.50939
 36	  8	  -8.44837	  -0.80575	  -0.00000	 -11.40583	 -29.10832	 -17.04042
 36	  7	  -7.68390	   0.96892	  -0.00000	 -15.14034	 -29.53922	 -15.98297
 36	  6	  -6.86655	   2.56835	  -0.00000	 -17.75265	 -28.91741	 -13.87051
 36	  5	  -6.00182	   3.97945	  -0.00000	 -18.90456	 -26.92876	 -10.38951
 36	  4	  -5.09538	   5.19411	  -0.00000	 -18.48299	 -23.47965	  -5.44678
 36	  3	  -4.15304	   6.20906	  -0.00000	 -16.50244	 -18.59947	   0.92800
 36	  2	  -3.18067	   7.02563	  -0.00000	 -13.11617	 -12.45188	   8.57094
 36	  1	  -2.18416	   7.64933	  -0.00000	  -8.79284	  -5.51182	  17.00699

 37	 30	  -7.32009	 -32.91776	  -0.00000	  -8.67781	 -56.23576	 -34.97232
 37	 29	  -8.19668	 -34.10708	  -0.00000	 -12.75804	 -63.25847	 -43.47789
 37	 28	  -9.02203	 -35.08241	  -0.00000	 -15.79988	 -68.92635	 -50.62583
 37	 27	  -9.79056	 -35.81787	  -0.00000	 -17.26479	 -72.66378	 -55.83980
 37	 26	 -10.49698	 -36.29117	  -0.00000	 -17.03160	 -74.31673	 -58.96474
 37	 25	 -11.13634	 -36.48446	  -0.00000	 -15.17965	 -73.93679	 -60.05078
 37	 24	 -11.70409	 -36.38499	  -0.00000	 -12.04423	 -71.83740	 -59.40926
 37	 23	 -12.19615	 -35.98572	  -0.00000	  -8.00779	 -68.38580	 -57.40417
 37	 22	 -12.60892	 -35.28567	  -0.00000	  -3.70063	 -64.20413	 -54.65250
 37	 21	 -12.93938	 -34.29016	  -0.00000	   0.27707	 -59.89184	 -51.74499
 37	 20	 -13.18508	 -33.01080	  -0.00000	   3.61361	 -55.76736	 -48.98438
 37	 19	 -13.34420	 -31.46535	  -0.00000	   6.16442	 -51.98934	 -46.49877
 37	 18	 -13.41554	 -29.67727	  -0.00000	   7.88420	 -48.62415	 -44.29013
 37	 17	 -13.39858	 -27.67513	  -0.00000	   8.89321	 -45.57908	 -42.12636
 37	 16	 -13.29343	 -25.49191	  -0.00000	   9.20300	 -42.87577	 -39.78404
 37	 15	 -13.10089	 -23.16403	  -0.00000	   8.89321	 -40.47259	 -37.05261
 37	 14	 -12.82239	 -20.73037	  -0.00000	   7.88420	 -38.49094	 -34.20914
 37	 13	 -12.46000	 -18.23120	  -0.00000	   6.16442	 -36.98677	 -31.55803
 37	 12	 -12.01639	 -15.70705	  -0.00000	   3.61361	 -36.12622	 -29.40991
 37	 11	 -11.49482	 -13.19763	  -0.00000	   0.27707	 -35.91019	 -27.83267
 37	 10	 -10.89906	 -10.74078	  -0.00000	  -3.70063	 -36.23952	 -26.75881
 37	  9	 -10.23339	  -8.37154	  -0.00000	  -8.00779	 -36.84611	 -25.93642
 37	  8	  -9.50251	  -6.12134	  -0.00000	 -12.23241	 -37.35877	 -25.00325
 37	  7	  -8.71152	  -4.01732	  -0.00000	 -15.74262	 -37.18297	 -23.37006
 37	  6	  -7.86582	  -2.08184	  -0.00000	 -18.14809	 -35.96157	 -20.68303
 37	  5	  -6.97109	  -0.33218	  -0.00000	 -19.17648	 -33.45083	 -16.70057
 37	  4	  -6.03320	   1.21960	  -0.00000	 -18.62027	 -29.46707	 -11.24048
 37	  3	  -5.05817	   2.56662	  -0.00000	 -16.54856	 -24.09829	  -4.39179
 37	  2	  -4.05207	   3.70694	  -0.00000	 -13.15579	 -17.55298	   3.63625
 37	  1	  -3.02098	   4.64325	  -0.00000	  -8.79284	 -10.19155	  12.48269

 38	 30	  -8.25950	 -38.20131	  -0.00000	  -8.71969	 -63.44000	 -41.90728
 38	 29	  -9.16423	 -39.73905	  -0.00000	 -12.87780	 -70.94532	 -50.87554
 38	 28	 -10.01608	 -41.05175	  -0.00000	 -15.98819	 -77.07210	 -58.45938
 38	 27	 -10.80929	 -42.10890	  -0.00000	 -17.64094	 -81.36842	 -64.20535
 38	 26	 -11.53839	 -42.88361	  -0.00000	 -17.66325	 -83.62365	 -67.90079
 38	 25	 -12.19828	 -43.35355	  -0.00000	 -16.13172	 -83.88183	 -69.58688
 38	 24	 -12.78426	 -43.50173	  -0.00000	 -13.27907	 -82.34931	 -69.46586
 38	 23	 -13.29211	 -43.31715	  -0.00000	  -9.54472	 -79.44609	 -67.95171
 38	 22	 -13.71814	 -42.79537	  -0.00000	  -5.46051	 -75.69216	 -65.55518
 38	 21	 -14.05921	 -41.93876	  -0.00000	  -1.59421	 -71.65138	 -62.82552
 38	 20	 -14.31280	 -40.75659	  -0.00000	   1.74470	 -67.63749	 -60.05242
 38	 19	 -14.47703	 -39.26497	  -0.00000	   4.32490	 -63.89412	 -57.43883
 38	 18	 -14.55066	 -37.48640	  -0.00000	   6.16442	 -60.42330	 -54.91800
 38	 17	 -14.53315	 -35.44930	  -0.00000	   7.21037	 -57.30523	 -52.46315
 38	 16	 -14.42462	 -33.18722	  -0.00000	   7.54138	 -54.49509	 -49.90343
 38	 15	 -14.22590	 -30.73790	  -0.00000	   7.21037	 -51.97933	 -47.16053
 38	 14	 -13.93846	 -28.14224	  -0.00000	   6.16442	 -49.85474	 -44.39047
 38	 13	 -13.56443	 -25.44320	  -0.00000	   4.32490	 -48.24716	 -41.84437
 38	 12	 -13.10658	 -22.68454	  -0.00000	   1.74470	 -47.15301	 -39.62750
 38	 11	 -12.56826	 -19.90973	  -0.00000	  -1.59421	 -46.64046	 -37.87857
 38	 10	 -11.95338	 -17.16072	  -0.00000	  -5.46051	 -46.52799	 -36.45782
 38	  9	 -11.26633	 -14.47697	  -0.00000	  -9.54472	 -46.55436	 -35.12869
 38	  8	 -10.51199	 -11.89449	  -0.00000	 -13.46725	 -46.38572	 -33.57232
 38	  7	  -9.69560	  -9.44507	  -0.00000	 -16.69469	 -45.53095	 -31.30700
 38	  6	  -8.82275	  -7.15565	  -0.00000	 -18.77975	 -43.58089	 -27.92975
 38	  5	  -7.89929	  -5.04799	  -0.00000	 -19.55262	 -40.39920	 -23.30839
 38	  4	  -6.93129	  -3.13837	  -0.00000	 -18.80858	 -35.80953	 -17.26948
 38	  3	  -5.92495	  -1.43758	  -0.00000	 -16.66833	 -29.95582	  -9.95905
 38	  2	  -4.88655	   0.04890	  -0.00000	 -13.19767	 -22.92187	  -1.46241
 38	  1	  -3.82236	   1.32062	  -0.00000	  -8.79284	 -15.11694	   7.81002

 39	 30	  -9.15125	 -43.66640	  -0.00000	  -8.75931	 -70.72820	 -48.82654
 39	 29	 -10.08269	 -45.57101	  -0.00000	 -12.99899	 -78.73539	 -58.27029
 39	 28	 -10.95970	 -47.24010	  -0.00000	 -16.25358	 -85.41308	 -66.37475
 39	 27	 -11.77633	 -48.63835	  -0.00000	 -18.07262	 -90.26363	 -72.63992
 39	 26	 -12.52697	 -49.73410	  -0.00000	 -18.40384	 -93.19187	 -76.96742
 39	 25	 -13.20634	 -50.50030	  -0.00000	 -17.26929	 -94.18226	 -79.33739
 39	 24	 -13.80962	 -50.91544	  -0.00000	 -14.85042	 -93.38511	 -79.89408
 39	 23	 -14.33247	 -50.96440	  -0.00000	 -11.53395	 -91.16329	 -78.99179
 39	 22	 -14.77108	 -50.63896	  -0.00000	  -7.78676	 -87.96787	 -77.06912
 39	 21	 -15.12222	 -49.93829	  -0.00000	  -4.13050	 -84.31323	 -74.62199
 39	 20	 -15.38330	 -48.86909	  -0.00000	  -0.86294	 -80.49863	 -71.92205
 39	 19	 -15.55238	 -47.44554	  -0.00000	   1.74470	 -76.80559	 -69.20985
 39	 18	 -15.62819	 -45.68900	  -0.00000	   3.61361	 -73.33176	 -66.52494
 39	 17	 -15.61016	 -43.62752	  -0.00000	   4.73485	 -70.11298	 -63.83044
 39	 16	 -15.49843	 -41.29503	  -0.00000	   5.08100	 -67.21089	 -61.11927
 39	 15	 -15.29384	 -38.73045	  -0.00000	   4.73485	 -64.58327	 -58.31866
 39	 14	 -14.99791	 -35.97663	  -0.00000	   3.61361	 -62.35883	 -55.58514
 39	 13	 -14.61283	 -33.07911	  -0.00000	   1.74470	 -60.56008	 -53.00891
 39	 12	 -14.14147	 -30.08491	  -0.00000	  -0.86294	 -59.23078	 -50.70683
 39	 11	 -13.58725	 -27.04122	  -0.00000	  -4.13050	 -58.34623	 -48.71319
 39	 10	 -12.95421	 -23.99422	  -0.00000	  -7.78676	 -57.68939	 -46.85275
 39	  9	 -12.24687	 -20.98786	  -0.00000	 -11.53395	 -57.01556	 -44.90894
 39	  8	 -11.47025	 -18.06287	  -0.00000	 -15.03860	 -56.04198	 -42.61784
 39	  7	 -10.62975	 -15.25586	  -0.00000	 -17.83226	 -54.34762	 -39.57111
 39	  6	  -9.73113	 -12.59857	  -0.00000	 -19.52033	 -51.58116	 -35.42620
 39	  5	  -8.78040	 -10.11744	  -0.00000	 -19.98430	 -47.66254	 -30.10919
 39	  4	  -7.78382	  -7.83320	  -0.00000	 -19.07397	 -42.47481	 -23.50753
 39	  3	  -6.74776	  -5.76083	  -0.00000	 -16.78952	 -36.04588	 -15.65237
 39	  2	  -5.67869	  -3.90961	  -0.00000	 -13.23728	 -28.50428	  -6.67465
 39	  1	  -4.58308	  -2.28335	  -0.00000	  -8.79284	 -20.24235	   3.03146

 40	 30	  -9.98941	 -49.24595	  -0.00000	  -8.79284	 -78.01760	 -55.65229
 40	 29	 -10.94597	 -51.53140	  -0.00000	 -13.10992	 -86.53326	 -65.57270
 40	 28	 -11.84662	 -53.57156	  -0.00000	 -16.50665	 -93.77145	 -74.20151
 40	 27	 -12.68527	 -55.32622	  -0.00000	 -18.55635	 -99.25309	 -81.05640
 40	 26	 -13.45614	 -56.75873	  -0.00000	 -19.22811	-102.89911	 -86.05402
 40	 25	 -14.15382	 -57.83720	  -0.00000	 -18.47480	-104.61965	 -89.09887
 40	 24	 -14.77337	 -58.53545	  -0.00000	 -16.55847	-104.64067	 -90.40929
 40	 23	 -15.31032	 -58.83397	  -0.00000	 -13.75549	-103.21009	 -90.22280
 40	 22	 -15.76075	 -58.72060	  -0.00000	 -10.46262	-100.70472	 -88.90186
 40	 21	 -16.12136	 -58.19108	  -0.00000	  -7.14406	 -97.57786	 -86.87998
 40	 20	 -16.38948	 -57.24930	  -0.00000	  -4.13050	 -94.15876	 -84.45916
 40	 19	 -16.56311	 -55.90732	  -0.00000	  -1.59421	 -90.62775	 -81.78356
 40	 18	 -16.64096	 -54.18513	  -0.00000	   0.27707	 -87.18999	 -79.01336
 40	 17	 -16.62245	 -52.11020	  -0.00000	   1.41928	 -83.93581	 -76.19018
 40	 16	 -16.50771	 -49.71667	  -0.00000	   1.76598	 -80.96611	 -73.37452
 40	 15	 -16.29760	 -47.04451	  -0.00000	   1.41928	 -78.22043	 -70.48934
 40	 14	 -15.99369	 -44.13835	  -0.00000	   0.27707	 -75.84866	 -67.69959
 40	 13	 -15.59824	 -41.04625	  -0.00000	  -1.59421	 -73.83694	 -65.03098
 40	 12	 -15.11416	 -37.81838	  -0.00000	  -4.13050	 -72.17721	 -62.52411
 40	 11	 -14.54500	 -34.50569	  -0.00000	  -7.14406	 -70.73976	 -60.09459
 40	 10	 -13.89489	 -31.15854	  -0.00000	 -10.46262	 -69.41094	 -57.66542
 40	  9	 -13.16849	 -27.82544	  -0.00000	 -13.75549	 -67.91791	 -54.99140
 40	  8	 -12.37093	 -24.55192	  -0.00000	 -16.74666	 -66.04045	 -51.87245
 40	  7	 -11.50778	 -21.37952	  -0.00000	 -19.03777	 -63.43284	 -47.97743
 40	  6	 -10.58492	 -18.34493	  -0.00000	 -20.34460	 -59.85937	 -43.08120
 40	  5	  -9.60857	 -15.47942	  -0.00000	 -20.46803	 -55.16458	 -37.03602
 40	  4	  -8.58512	 -12.80838	  -0.00000	 -19.32704	 -49.30565	 -29.80482
 40	  3	  -7.52113	 -10.35115	  -0.00000	 -16.90044	 -42.29385	 -21.40319
 40	  2	  -6.42324	  -8.12102	  -0.00000	 -13.27082	 -34.23831	 -11.94352
 40	  1	  -5.29808	  -6.12540	  -0.00000	  -8.79284	 -25.51440	  -1.80376

 41	 30	 -10.76830	 -54.86630	  -0.00000	  -8.79284	 -85.19574	 -62.27780
 41	 29	 -11.74819	 -57.54157	  -0.00000	 -13.20183	 -94.23979	 -72.69056
 41	 28	 -12.67081	 -59.96261	  -0.00000	 -16.72646	-102.03070	 -81.83152
 41	 27	 -13.52992	 -62.08425	  -0.00000	 -18.99136	-108.13546	 -89.26367
 41	 26	 -14.31960	 -63.86484	  -0.00000	 -19.99036	-112.49439	 -94.92220
 41	 25	 -15.03431	 -65.26750	  -0.00000	 -19.67717	-115.01328	 -98.70625
 41	 24	 -15.66897	 -66.26126	  -0.00000	 -18.29380	-115.89299	-100.80800
 41	 23	 -16.21901	 -66.82209	  -0.00000	 -16.06547	-115.32558	-101.40817
 41	 22	 -16.68043	 -66.93374	  -0.00000	 -13.32140	-113.61600	-100.79680
 41	 21	 -17.04984	 -66.58833	  -0.00000	 -10.46262	-111.15063	 -99.34091
 41	 20	 -17.32450	 -65.78676	  -0.00000	  -7.78676	-108.22252	 -97.30891
 41	 19	 -17.50237	 -64.53878	  -0.00000	  -5.46051	-105.00403	 -94.84311
 41	 18	 -17.58212	 -62.86282	  -0.00000	  -3.70063	-101.72768	 -92.14218
 41	 17	 -17.56315	 -60.78556	  -0.00000	  -2.61082	 -98.52269	 -89.30210
 41	 16	 -17.44561	 -58.34120	  -0.00000	  -2.23417	 -95.46660	 -86.37502
 41	 15	 -17.23038	 -55.57056	  -0.00000	  -2.61082	 -92.64214	 -83.43376
 41	 14	 -16.91906	 -52.51991	  -0.00000	  -3.70063	 -90.05864	 -80.49665
 41	 13	 -16.51396	 -49.23969	  -0.00000	  -5.46051	 -87.72811	 -77.60046
 41	 12	 -16.01807	 -45.78314	  -0.00000	  -7.78676	 -85.60604	 -74.73375
 41	 11	 -15.43503	 -42.20486	  -0.00000	 -10.46262	 -83.53753	 -71.77555
 41	 10	 -14.76906	 -38.55936	  -0.00000	 -13.32140	 -81.41888	 -68.65245
 41	  9	 -14.02494	 -34.89971	  -0.00000	 -16.06547	 -79.01505	 -65.15434
 41	  8	 -13.20792	 -31.27625	  -0.00000	 -18.48198	 -76.17407	 -61.14887
 41	  7	 -12.32371	 -27.73549	  -0.00000	 -20.24014	 -72.62304	 -56.37821
 41	  6	 -11.37834	 -24.31914	  -0.00000	 -21.10685	 -68.18267	 -50.67462
 41	  5	 -10.37816	 -21.06341	  -0.00000	 -20.90305	 -62.72279	 -43.91669
 41	  4	  -9.32975	 -17.99847	  -0.00000	 -19.54685	 -56.20482	 -36.07258
 41	  3	  -8.23980	 -15.14817	  -0.00000	 -16.99236	 -48.62014	 -27.13889
 41	  2	  -7.11513	 -12.52996	  -0.00000	 -13.27082	 -40.03104	 -17.18193
 41	  1	  -5.96253	 -10.15502	  -0.00000	  -8.79284	 -30.87292	  -6.64031

 42	 30	 -11.48253	 -60.44884	  -0.00000	  -8.79284	 -92.20675	 -68.65348
 42	 29	 -12.48382	 -63.51742	  -0.00000	 -13.27082	-101.75589	 -79.53217
 42	 28	 -13.42659	 -66.32380	  -0.00000	 -16.90044	-110.07743	 -89.16018
 42	 27	 -14.30446	 -68.81787	  -0.00000	 -19.34972	-116.77651	 -97.13806
 42	 26	 -15.11138	 -70.95295	  -0.00000	 -20.63739	-121.81310	-103.41999
 42	 25	 -15.84170	 -72.68716	  -0.00000	 -20.72888	-125.09944	-107.91096
 42	 24	 -16.49022	 -73.98468	  -0.00000	 -19.85770	-126.82282	-110.78907
 42	 23	 -17.05227	 -74.81689	  -0.00000	 -18.21255	-127.13399	-112.19348
 42	 22	 -17.52377	 -75.16334	  -0.00000	 -16.06547	-126.27634	-112.35312
 42	 21	 -17.90124	 -75.01241	  -0.00000	 -13.75549	-124.57039	-111.57063
 42	 20	 -18.18190	 -74.36186	  -0.00000	 -11.53395	-122.25962	-110.06817
 42	 19	 -18.36366	 -73.21897	  -0.00000	  -9.54472	-119.49101	-107.96847
 42	 18	 -18.44515	 -71.60045	  -0.00000	  -8.00779	-116.49853	-105.48008
 42	 17	 -18.42577	 -69.53200	  -0.00000	  -7.04511	-113.42865	-102.72614
 42	 16	 -18.30566	 -67.04771	  -0.00000	  -6.67795	-110.33698	 -99.74542
 42	 15	 -18.08573	 -64.18905	  -0.00000	  -7.04511	-107.40561	 -96.71362
 42	 14	 -17.76761	 -61.00375	  -0.00000	  -8.00779	-104.54676	 -93.54875
 42	 13	 -17.35366	 -57.54450	  -0.00000	  -9.54472	-101.79654	 -90.30334
 42	 12	 -16.84695	 -53.86744	  -0.00000	 -11.53395	 -99.09528	 -86.94081
 42	 11	 -16.25117	 -50.03070	  -0.00000	 -13.75549	 -96.28853	 -83.33211
 42	 10	 -15.57066	 -46.09284	  -0.00000	 -16.06547	 -93.29962	 -79.42496
 42	  9	 -14.81029	 -42.11139	  -0.00000	 -18.21255	 -89.94451	 -75.05680
 42	  8	 -13.97543	 -38.14146	  -0.00000	 -20.04589	 -86.13821	 -70.16068
 42	  7	 -13.07191	 -34.23451	  -0.00000	 -21.29185	 -81.67018	 -64.54071
 42	  6	 -12.10589	 -30.43729	  -0.00000	 -21.75388	 -76.40296	 -58.07112
 42	  5	 -11.08388	 -26.79097	  -0.00000	 -21.26141	 -70.22013	 -50.64480
 42	  4	 -10.01257	 -23.33056	  -0.00000	 -19.72083	 -63.07652	 -42.22392
 42	  3	  -8.89882	 -20.08449	  -0.00000	 -17.06135	 -54.94348	 -32.78567
 42	  2	  -7.74958	 -17.07448	  -0.00000	 -13.27082	 -45.84447	 -22.35817
 42	  1	  -6.57181	 -14.31558	  -0.00000	  -8.79284	 -36.25205	 -11.41772

 43	 30	 -12.12709	 -65.91175	  -0.00000	  -8.79284	 -98.95878	 -74.69397
 43	 29	 -13.14770	 -69.37135	  -0.00000	 -13.27082	-108.93756	 -85.96109
 43	 28	 -14.10865	 -72.56186	  -0.00000	 -17.02590	-117.80505	 -96.08971
 43	 27	 -15.00345	 -75.42831	  -0.00000	 -19.62007	-125.05527	-104.56885
 43	 26	 -15.82593	 -77.91907	  -0.00000	 -21.14103	-130.71196	-111.41609
 43	 25	 -16.57033	 -79.98730	  -0.00000	 -21.57399	-134.70195	-116.55069
 43	 24	 -17.23136	 -81.59235	  -0.00000	 -21.15309	-137.20815	-120.14633
 43	 23	 -17.80425	 -82.70100	  -0.00000	 -20.04589	-138.35539	-122.31659
 43	 22	 -18.28484	 -83.28853	  -0.00000	 -18.48198	-138.34020	-123.24448
 43	 21	 -18.66960	 -83.33956	  -0.00000	 -16.74666	-137.42541	-123.17696
 43	 20	 -18.95567	 -82.84859	  -0.00000	 -15.03860	-135.79853	-122.28351
 43	 19	 -19.14093	 -81.82032	  -0.00000	 -13.46725	-133.56942	-120.65457
 43	 18	 -19.22399	 -80.26955	  -0.00000	 -12.23241	-130.94994	-118.48275
 43	 17	 -19.20424	 -78.22090	  -0.00000	 -11.40583	-128.03520	-115.84634
 43	 16	 -19.08182	 -75.70811	  -0.00000	 -11.12673	-124.99847	-112.90691
 43	 15	 -18.85764	 -72.77315	  -0.00000	 -11.40583	-121.89425	-109.71463
 43	 14	 -18.53338	 -69.46501	  -0.00000	 -12.23241	-118.76419	-106.31506
 43	 13	 -18.11145	 -65.83841	  -0.00000	 -13.46725	-115.52856	-102.63987
 43	 12	 -17.59496	 -61.95221	  -0.00000	 -15.03860	-112.18075	 -98.69907
 43	 11	 -16.98770	 -57.86790	  -0.00000	 -16.74666	-108.58996	 -94.38104
 43	 10	 -16.29406	 -53.64793	  -0.00000	 -18.48198	-104.71803	 -89.66709
 43	  9	 -15.51903	 -49.35414	  -0.00000	 -20.04589	-100.43807	 -84.44844
 43	  8	 -14.66807	 -45.04629	  -0.00000	 -21.34127	 -95.72370	 -78.71471
 43	  7	 -13.74712	 -40.78071	  -0.00000	 -22.13696	 -90.41191	 -72.31652
 43	  6	 -12.76248	 -36.60909	  -0.00000	 -22.25753	 -84.39157	 -65.15409
 43	  5	 -11.72075	 -32.57754	  -0.00000	 -21.53175	 -77.55080	 -57.12488
 43	  4	 -10.62878	 -28.72589	  -0.00000	 -19.84629	 -69.82973	 -48.17666
 43	  3	  -9.49355	 -25.08718	  -0.00000	 -17.06135	 -61.13563	 -38.22290
 43	  2	  -8.32215	 -21.68741	  -0.00000	 -13.27082	 -51.60253	 -27.40272
 43	  1	  -7.12167	 -18.54555	  -0.00000	  -8.79284	 -41.58172	 -16.07156

 44	 30	 -12.69739	 -71.17199	  -0.00000	  -8.79284	-105.35960	 -80.31354
 44	 29	 -13.73508	 -75.01435	  -0.00000	 -13.27082	-115.75532	 -91.95527
 44	 28	 -14.71211	 -78.58192	  -0.00000	 -17.06135	-125.06750	-102.48254
 44	 27	 -15.62189	 -81.81503	  -0.00000	 -19.80667	-132.86549	-111.45947
 44	 26	 -16.45814	 -84.65723	  -0.00000	 -21.49997	-139.07349	-118.80392
 44	 25	 -17.21501	 -87.05683	  -0.00000	 -22.19668	-143.68353	-124.50039
 44	 24	 -17.88710	 -88.96847	  -0.00000	 -22.13696	-146.87963	-128.72391
 44	 23	 -18.46959	 -90.35436	  -0.00000	 -21.48003	-148.77357	-131.57567
 44	 22	 -18.95822	 -91.18558	  -0.00000	 -20.42832	-149.53035	-133.20842
 44	 21	 -19.34942	 -91.44292	  -0.00000	 -19.22595	-149.36772	-133.82607
 44	 20	 -19.64028	 -91.11763	  -0.00000	 -18.02044	-148.41862	-133.54649
 44	 19	 -19.82864	 -90.21169	  -0.00000	 -16.88287	-146.75185	-132.42293
 44	 18	 -19.91309	 -88.73794	  -0.00000	 -15.93080	-144.49493	-130.56815
 44	 17	 -19.89301	 -86.71972	  -0.00000	 -15.32852	-141.83426	-128.15607
 44	 16	 -19.76854	 -84.19027	  -0.00000	 -15.13705	-138.86441	-125.27285
 44	 15	 -19.54061	 -81.19185	  -0.00000	 -15.32852	-135.60158	-121.93163
 44	 14	 -19.21092	 -77.77450	  -0.00000	 -15.93080	-132.12715	-118.21653
 44	 13	 -18.78193	 -73.99475	  -0.00000	 -16.88287	-128.44148	-114.13614
 44	 12	 -18.25680	 -69.91395	  -0.00000	 -18.02044	-124.44798	-109.60614
 44	 11	 -17.63937	 -65.59670	  -0.00000	 -19.22595	-120.10139	-104.59598
 44	 10	 -16.93412	 -61.10914	  -0.00000	 -20.42832	-115.40569	 -99.12517
 44	  9	 -16.14610	 -56.51721	  -0.00000	 -21.48003	-110.28945	 -93.13740
 44	  8	 -15.28090	 -51.88513	  -0.00000	 -22.32514	-104.77208	 -86.66599
 44	  7	 -14.34453	 -47.27391	  -0.00000	 -22.75965	 -98.72263	 -79.59234
 44	  6	 -13.34341	 -42.74006	  -0.00000	 -22.61646	 -92.04334	 -71.82936
 44	  5	 -12.28424	 -38.33452	  -0.00000	 -21.71836	 -84.62136	 -63.27322
 44	  4	 -11.17399	 -34.10183	  -0.00000	 -19.88174	 -76.33154	 -53.80644
 44	  3	 -10.01976	 -30.07957	  -0.00000	 -17.06135	 -67.18043	 -43.44190
 44	  2	  -8.82875	 -26.29802	  -0.00000	 -13.27082	 -57.22633	 -32.24323
 44	  1	  -7.60816	 -22.78007	  -0.00000	  -8.79284	 -46.78924	 -20.53485

 45	 30	 -13.18930	 -76.14742	  -0.00000	  -8.79284	-111.31886	 -85.42813
 45	 29	 -14.24173	 -80.35830	  -0.00000	 -13.27082	-122.11257	 -97.42518
 45	 28	 -15.23264	 -84.28995	  -0.00000	 -17.06135	-131.81658	-108.29840
 45	 27	 -16.15534	 -87.87823	  -0.00000	 -19.88174	-140.07065	-117.68221
 45	 26	 -17.00347	 -91.06210	  -0.00000	 -21.68291	-146.75194	-125.44749
 45	 25	 -17.77108	 -93.78525	  -0.00000	 -22.61646	-151.94387	-131.67031
 45	 24	 -18.45272	 -95.99770	  -0.00000	 -22.82050	-155.72364	-136.41937
 45	 23	 -19.04348	 -97.65729	  -0.00000	 -22.50503	-158.24928	-139.84297
 45	 22	 -19.53905	 -98.73095	  -0.00000	 -21.85800	-159.66706	-142.07644
 45	 21	 -19.93581	 -99.19572	  -0.00000	 -21.09575	-160.16308	-143.29396
 45	 20	 -20.23080	 -99.03956	  -0.00000	 -20.27148	-159.77263	-143.51826
 45	 19	 -20.42183	 -98.26175	  -0.00000	 -19.53090	-158.63632	-142.87744
 45	 18	 -20.50749	 -96.87304	  -0.00000	 -18.89924	-156.78726	-141.39311
 45	 17	 -20.48712	 -94.89538	  -0.00000	 -18.50380	-154.37342	-139.20380
 45	 16	 -20.36088	 -92.36134	  -0.00000	 -18.34676	-151.42986	-136.33831
 45	 15	 -20.12971	 -89.31325	  -0.00000	 -18.50380	-148.07648	-132.91428
 45	 14	 -19.79534	 -85.80202	  -0.00000	 -18.89924	-144.29195	-128.91242
 45	 13	 -19.36026	 -81.88567	  -0.00000	 -19.53090	-140.13709	-124.39964
 45	 12	 -18.82767	 -77.62782	  -0.00000	 -20.27148	-135.55463	-119.32797
 45	 11	 -18.20147	 -73.09591	  -0.00000	 -21.09575	-130.59459	-113.75885
 45	 10	 -17.48620	 -68.35944	  -0.00000	 -21.85800	-125.18984	-107.63764
 45	  9	 -16.68700	 -63.48821	  -0.00000	 -22.50503	-119.36724	-101.00376
 45	  8	 -15.80951	 -58.55065	  -0.00000	 -23.00868	-113.17834	 -93.92075
 45	  7	 -14.85984	 -53.61219	  -0.00000	 -23.17943	-106.51131	 -86.28775
 45	  6	 -13.84449	 -48.73395	  -0.00000	 -22.79940	 -99.22234	 -77.97075
 45	  5	 -12.77029	 -43.97148	  -0.00000	 -21.79342	 -91.30548	 -68.97238
 45	  4	 -11.64426	 -39.37391	  -0.00000	 -19.88174	 -82.54417	 -59.08347
 45	  3	 -10.47364	 -34.98322	  -0.00000	 -17.06135	 -72.99184	 -48.36377
 45	  2	  -9.26571	 -30.83385	  -0.00000	 -13.27082	 -62.63610	 -36.80628
 45	  1	  -8.02780	 -26.95257	  -0.00000	  -8.79284	 -51.80100	 -24.73964

 46	 30	 -13.59924	 -80.75890	  -0.00000	  -8.79284	-116.75023	 -89.95742
 46	 29	 -14.66395	 -85.31819	  -0.00000	 -13.27082	-127.91691	-102.28506
 46	 28	 -15.66643	 -89.59513	  -0.00000	 -17.06135	-137.98934	-113.48160
 46	 27	 -16.59990	 -93.52146	  -0.00000	 -19.88174	-146.60299	-123.17721
 46	 26	 -17.45792	 -97.03179	  -0.00000	 -21.79342	-153.74106	-131.34901
 46	 25	 -18.23449	-100.06548	  -0.00000	 -22.83485	-159.36931	-137.95572
 46	 24	 -18.92409	-102.56819	  -0.00000	 -23.21122	-163.62758	-143.12931
 46	 23	 -19.52174	-104.49356	  -0.00000	 -23.12905	-166.66610	-147.01116
 46	 22	 -20.02310	-105.80455	  -0.00000	 -22.77070	-168.62144	-149.72821
 46	 21	 -20.42448	-106.47454	  -0.00000	 -22.33568	-169.65918	-151.43580
 46	 20	 -20.72291	-106.48829	  -0.00000	 -21.85195	-169.78606	-152.13021
 46	 19	 -20.91618	-105.84235	  -0.00000	 -21.42027	-169.09498	-151.89420
 46	 18	 -21.00283	-104.54533	  -0.00000	 -21.04412	-167.59512	-150.72787
 46	 17	 -20.98223	-102.61769	  -0.00000	 -20.77221	-165.35435	-148.69177
 46	 16	 -20.85451	-100.09119	  -0.00000	 -20.69563	-162.49585	-145.90431
 46	 15	 -20.62065	 -97.00803	  -0.00000	 -20.77221	-159.02154	-142.36571
 46	 14	 -20.28238	 -93.41970	  -0.00000	 -21.04412	-155.02858	-138.17467
 46	 13	 -19.84222	 -89.38550	  -0.00000	 -21.42027	-150.49020	-133.30905
 46	 12	 -19.30341	 -84.97096	  -0.00000	 -21.85195	-145.42972	-127.79937
 46	 11	 -18.66990	 -80.24604	  -0.00000	 -22.33568	-139.92152	-121.72903
 46	 10	 -17.94629	 -75.28331	  -0.00000	 -22.77070	-133.94658	-115.08911
 46	  9	 -17.13776	 -70.15608	  -0.00000	 -23.12905	-127.56065	-107.94581
 46	  8	 -16.25003	 -64.93663	  -0.00000	 -23.39940	-120.83608	-100.38176
 46	  7	 -15.28928	 -59.69454	  -0.00000	 -23.39782	-113.67091	 -92.30466
 46	  6	 -14.26208	 -54.49521	  -0.00000	 -22.90992	-105.92929	 -83.58753
 46	  5	 -13.17534	 -49.39858	  -0.00000	 -21.79342	 -97.54268	 -74.16980
 46	  4	 -12.03618	 -44.45809	  -0.00000	 -19.88174	 -88.41218	 -63.95959
 46	  3	 -10.85189	 -39.71995	  -0.00000	 -17.06135	 -78.48507	 -52.91034
 46	  2	  -9.62987	 -35.22259	  -0.00000	 -13.27082	 -67.75314	 -41.01919
 46	  1	  -8.37750	 -30.99650	  -0.00000	  -8.79284	 -56.54435	 -28.61870

 47	 30	 -13.92420	 -84.93241	  -0.00000	  -8.79284	-121.57365	 -93.82696
 47	 29	 -14.99864	 -89.81440	  -0.00000	 -13.27082	-133.08251	-106.45515
 47	 28	 -16.01029	 -94.41233	  -0.00000	 -17.06135	-143.49425	-117.94716
 47	 27	 -16.95229	 -98.65413	  -0.00000	 -19.88174	-152.44045	-127.92941
 47	 26	 -17.81817	-102.47051	  -0.00000	 -21.79342	-159.90026	-136.37519
 47	 25	 -18.60184	-105.79675	  -0.00000	 -22.90992	-165.91034	-143.31463
 47	 24	 -19.29774	-108.57452	  -0.00000	 -23.43744	-170.60743	-148.87718
 47	 23	 -19.90085	-110.75351	  -0.00000	 -23.50017	-174.05538	-153.11878
 47	 22	 -20.40680	-112.29291	  -0.00000	 -23.32618	-176.43269	-156.20946
 47	 21	 -20.81185	-113.16265	  -0.00000	 -23.10637	-177.89271	-158.29383
 47	 20	 -21.11301	-113.34434	  -0.00000	 -22.85330	-178.42367	-159.35134
 47	 19	 -21.30804	-112.83191	  -0.00000	 -22.58791	-178.03590	-159.38406
 47	 18	 -21.39549	-111.63178	  -0.00000	 -22.39960	-176.82236	-158.47764
 47	 17	 -21.37470	-109.76285	  -0.00000	 -22.26232	-174.77456	-156.61785
 47	 16	 -21.24581	-107.25590	  -0.00000	 -22.19602	-171.94355	-153.85201
 47	 15	 -21.00981	-104.15283	  -0.00000	 -22.26232	-168.43478	-150.28426
 47	 14	 -20.66845	-100.50544	  -0.00000	 -22.39960	-164.24194	-145.90949
 47	 13	 -20.22426	 -96.37401	  -0.00000	 -22.58791	-159.41044	-140.77670
 47	 12	 -19.68053	 -91.82567	  -0.00000	 -22.85330	-154.04003	-134.99130
 47	 11	 -19.04123	 -86.93253	  -0.00000	 -23.10637	-148.12135	-128.55118
 47	 10	 -18.31100	 -81.76982	  -0.00000	 -23.32618	-141.71800	-121.52818
 47	  9	 -17.49507	 -76.41398	  -0.00000	 -23.50017	-134.90429	-114.00533
 47	  8	 -16.59922	 -70.94076	  -0.00000	 -23.62562	-127.76483	-106.07603
 47	  7	 -15.62969	 -65.42352	  -0.00000	 -23.47289	-120.15578	 -97.60492
 47	  6	 -14.59310	 -59.93157	  -0.00000	 -22.90992	-112.02770	 -88.55050
 47	  5	 -13.49642	 -54.52890	  -0.00000	 -21.79342	-103.31516	 -78.85466
 47	  4	 -12.34684	 -49.27296	  -0.00000	 -19.88174	 -93.84838	 -68.35419
 47	  3	 -11.15173	 -44.21391	  -0.00000	 -17.06135	 -83.57871	 -57.00633
 47	  2	  -9.91853	 -39.39395	  -0.00000	 -13.27082	 -72.50183	 -44.81197
 47	  1	  -8.65471	 -34.84714	  -0.00000	  -8.79284	 -60.94940	 -32.10731

 48	 30	 -14.16177	 -88.60099	  -0.00000	  -8.79284	-125.71737	 -96.97013
 48	 29	 -15.24333	 -93.77482	  -0.00000	 -13.27082	-137.53230	-109.86389
 48	 28	 -16.26168	 -98.66429	  -0.00000	 -17.06135	-148.24899	-121.61859
 48	 27	 -17.20992	-103.19399	  -0.00000	 -19.88174	-157.49557	-131.85740
 48	 26	 -18.08153	-107.29110	  -0.00000	 -21.79342	-165.24757	-140.55034
 48	 25	 -18.87039	-110.88727	  -0.00000	 -22.90992	-171.53796	-147.72430
 48	 24	 -19.57090	-113.92051	  -0.00000	 -23.47289	-176.53520	-153.54111
 48	 23	 -20.17801	-116.33692	  -0.00000	 -23.66107	-180.35401	-158.10843
 48	 22	 -20.68731	-118.09219	  -0.00000	 -23.59208	-183.05889	-161.48337
 48	 21	 -21.09504	-119.15303	  -0.00000	 -23.50017	-184.84328	-163.85183
 48	 20	 -21.39820	-119.49808	  -0.00000	 -23.38924	-185.68371	-165.18302
 48	 19	 -21.59452	-119.11867	  -0.00000	 -23.26805	-185.57577	-165.46568
 48	 18	 -21.68255	-118.01912	  -0.00000	 -23.14829	-184.53251	-164.70694
 48	 17	 -21.66162	-116.21667	  -0.00000	 -23.10217	-182.64207	-162.99033
 48	 16	 -21.53188	-113.74103	  -0.00000	 -23.08542	-179.89021	-160.29867
 48	 15	 -21.29432	-110.63355	  -0.00000	 -23.10217	-176.32435	-156.67834
 48	 14	 -20.95069	-106.94613	  -0.00000	 -23.14829	-171.99580	-152.18158
 48	 13	 -20.50356	-102.73970	  -0.00000	 -23.26805	-167.01487	-146.92157
 48	 12	 -19.95622	 -98.08260	  -0.00000	 -23.38924	-161.38429	-140.90556
 48	 11	 -19.31269	 -93.04872	  -0.00000	 -23.50017	-155.17426	-134.20963
 48	 10	 -18.57762	 -87.71554	  -0.00000	 -23.59208	-148.46287	-126.91865
 48	  9	 -17.75629	 -82.16216	  -0.00000	 -23.66107	-141.33582	-119.12567
 48	  8	 -16.85451	 -76.46739	  -0.00000	 -23.66107	-133.83748	-110.88256
 48	  7	 -15.87855	 -70.70788	  -0.00000	 -23.47289	-125.93787	-102.16676
 48	  6	 -14.83510	 -64.95647	  -0.00000	 -22.90992	-117.53659	 -92.88495
 48	  5	 -13.73115	 -59.28077	  -0.00000	 -21.79342	-108.53650	 -82.94664
 48	  4	 -12.57396	 -53.74190	  -0.00000	 -19.88174	 -98.77155	 -72.19189
 48	  3	 -11.37093	 -48.39361	  -0.00000	 -17.06135	 -88.19681	 -60.58131
 48	  2	 -10.12956	 -43.28162	  -0.00000	 -13.27082	 -76.81156	 -48.11917
 48	  1	  -8.85737	 -38.44325	  -0.00000	  -8.79284	 -64.95084	 -35.14495

 49	 30	 -14.31017	 -91.70656	  -0.00000	  -8.79284	-129.11975	 -99.33002
 49	 29	 -15.39618	 -97.13679	  -0.00000	 -13.27082	-141.19997	-112.44992
 49	 28	 -16.41871	-102.28379	  -0.00000	 -17.06135	-152.18256	-124.43003
 49	 27	 -17.37086	-107.06928	  -0.00000	 -19.88174	-161.69273	-134.89085
 49	 26	 -18.24605	-111.41740	  -0.00000	 -21.79342	-169.70291	-143.79967
 49	 25	 -19.03815	-115.25664	  -0.00000	 -22.90992	-176.24286	-151.18063
 49	 24	 -19.74154	-118.52179	  -0.00000	 -23.47289	-181.47776	-157.19294
 49	 23	 -20.35115	-121.15571	  -0.00000	 -23.66107	-185.51908	-161.94175
 49	 22	 -20.86254	-123.11097	  -0.00000	 -23.66107	-188.49712	-165.55093
 49	 21	 -21.27195	-124.35129	  -0.00000	 -23.66107	-190.55626	-168.15837
 49	 20	 -21.57635	-124.85257	  -0.00000	 -23.62753	-191.63281	-169.69420
 49	 19	 -21.77348	-124.60369	  -0.00000	 -23.58792	-191.73857	-170.16451
 49	 18	 -21.86187	-123.60687	  -0.00000	 -23.54604	-190.87665	-169.56755
 49	 17	 -21.84085	-121.87769	  -0.00000	 -23.50642	-189.06581	-167.91835
 49	 16	 -21.71059	-119.44464	  -0.00000	 -23.47289	-186.33870	-165.24717
 49	 15	 -21.47204	-116.34840	  -0.00000	 -23.50642	-182.79891	-161.65677
 49	 14	 -21.12701	-112.64065	  -0.00000	 -23.54604	-178.44070	-157.14216
 49	 13	 -20.67804	-108.38267	  -0.00000	 -23.58792	-173.32666	-151.76824
 49	 12	 -20.12845	-103.64363	  -0.00000	 -23.62753	-167.52806	-145.60997
 49	 11	 -19.48227	 -98.49876	  -0.00000	 -23.66107	-161.12437	-138.75161
 49	 10	 -18.74418	 -93.02732	  -0.00000	 -23.66107	-154.17676	-131.26000
 49	  9	 -17.91948	 -87.31063	  -0.00000	 -23.66107	-146.81065	-123.26675
 49	  8	 -17.01399	 -81.43002	  -0.00000	 -23.66107	-139.11906	-114.87132
 49	  7	 -16.03402	 -75.46496	  -0.00000	 -23.47289	-131.00588	-105.98408
 49	  6	 -14.98627	 -69.49134	  -0.00000	 -22.90992	-122.37381	 -96.51404
 49	  5	 -13.87779	 -63.57993	  -0.00000	 -21.79342	-113.12893	 -86.37328
 49	  4	 -12.71584	 -57.79510	  -0.00000	 -19.88174	-103.10851	 -75.40467
 49	  3	 -11.50786	 -52.19381	  -0.00000	 -17.06135	 -92.27088	 -63.57174
 49	  2	 -10.26139	 -46.82492	  -0.00000	 -13.27082	 -80.61852	 -50.88172
 49	  1	  -8.98397	 -41.72877	  -0.00000	  -8.79284	 -68.48956	 -37.67697

 50	 30	 -14.36831	 -94.20143	  -0.00000	  -8.79284	-131.73088	-100.86096
 50	 29	 -15.45606	 -99.84871	  -0.00000	 -13.27082	-144.03165	-114.16377
 50	 28	 -16.48023	-105.21531	  -0.00000	 -17.06135	-155.23711	-126.32817
 50	 27	 -17.43390	-110.22061	  -0.00000	 -19.88174	-164.97014	-136.97255
 50	 26	 -18.31049	-114.78623	  -0.00000	 -21.79342	-173.20064	-146.06206
 50	 25	 -19.10387	-118.83802	  -0.00000	 -22.90992	-179.95567	-153.61863
 50	 24	 -19.80839	-122.30800	  -0.00000	 -23.47289	-185.39766	-159.79928
 50	 23	 -20.41897	-125.13626	  -0.00000	 -23.66107	-189.63527	-164.70708
 50	 22	 -20.93118	-127.27262	  -0.00000	 -23.66107	-192.79605	-168.46393
 50	 21	 -21.34125	-128.67813	  -0.00000	 -23.66107	-195.02169	-171.20595
 50	 20	 -21.64614	-129.32618	  -0.00000	 -23.66107	-196.27953	-172.89519
 50	 19	 -21.84359	-129.20338	  -0.00000	 -23.66107	-196.55162	-173.50895
 50	 18	 -21.93212	-128.30993	  -0.00000	 -23.66107	-195.83524	-173.04045
 50	 17	 -21.91107	-126.65975	  -0.00000	 -23.66107	-194.14295	-171.49919
 50	 16	 -21.78059	-124.28002	  -0.00000	 -23.66107	-191.50227	-168.91074
 50	 15	 -21.54166	-121.21054	  -0.00000	 -23.66107	-187.95494	-165.31615
 50	 14	 -21.19607	-117.50253	  -0.00000	 -23.66107	-183.55575	-160.77084
 50	 13	 -20.74639	-113.21728	  -0.00000	 -23.66107	-178.37112	-155.34310
 50	 12	 -20.19592	-108.42441	  -0.00000	 -23.66107	-172.47731	-149.11223
 50	 11	 -19.54870	-103.20004	  -0.00000	 -23.66107	-165.95850	-142.16639
 50	 10	 -18.80943	 -97.62472	  -0.00000	 -23.66107	-158.90465	-134.60028
 50	  9	 -17.98340	 -91.78145	  -0.00000	 -23.66107	-151.40932	-126.51274
 50	  8	 -17.07646	 -85.75357	  -0.00000	 -23.66107	-143.56755	-118.00435
 50	  7	 -16.09492	 -79.62285	  -0.00000	 -23.47289	-135.28557	-108.98700
 50	  6	 -15.04549	 -73.46768	  -0.00000	 -22.90992	-126.46858	 -99.37149
 50	  5	 -13.93523	 -67.36149	  -0.00000	 -21.79342	-117.02537	 -89.07202
 50	  4	 -12.77141	 -61.37141	  -0.00000	 -19.88174	-106.79598	 -77.93376
 50	  3	 -11.56150	 -55.55720	  -0.00000	 -17.06135	 -95.74155	 -65.92268
 50	  2	 -10.31303	 -49.97047	  -0.00000	 -13.27082	 -83.86735	 -53.04849
 50	  1	  -9.03357	 -44.65420	  -0.00000	  -8.79284	 -71.51418	 -39.65606

 51	 30	 -14.33574	 -96.04952	  -0.00000	  -8.79284	-133.51383	-101.52982
 51	 29	 -15.42251	-101.87140	  -0.00000	 -13.27082	-145.98724	-114.96927
 51	 28	 -16.44576	-107.41651	  -0.00000	 -17.06135	-157.36939	-127.27368
 51	 27	 -17.39858	-112.60249	  -0.00000	 -19.88174	-167.28138	-138.06000
 51	 26	 -18.27439	-117.34900	  -0.00000	 -21.79342	-175.69119	-147.29178
 51	 25	 -19.06705	-121.57976	  -0.00000	 -22.90992	-182.62378	-154.98930
 51	 24	 -19.77094	-125.22459	  -0.00000	 -23.47289	-188.23935	-161.30792
 51	 23	 -20.38098	-128.22125	  -0.00000	 -23.66107	-192.64426	-166.34903
 51	 22	 -20.89272	-130.51724	  -0.00000	 -23.66107	-195.96376	-170.23290
 51	 21	 -21.30242	-132.07130	  -0.00000	 -23.66107	-198.33721	-173.09411
 51	 20	 -21.60704	-132.85461	  -0.00000	 -23.66107	-199.72976	-174.89326
 51	 19	 -21.80431	-132.85166	  -0.00000	 -23.66107	-200.12136	-175.60627
 51	 18	 -21.89276	-132.06079	  -0.00000	 -23.66107	-199.50739	-175.22516
 51	 17	 -21.87173	-130.49424	  -0.00000	 -23.66107	-197.89876	-173.75825
 51	 16	 -21.74137	-128.17782	  -0.00000	 -23.66107	-195.32162	-171.23009
 51	 15	 -21.50266	-125.15026	  -0.00000	 -23.66107	-191.81665	-167.68080
 51	 14	 -21.15738	-121.46211	  -0.00000	 -23.66107	-187.43794	-163.16497
 51	 13	 -20.70809	-117.17431	  -0.00000	 -23.66107	-182.25156	-157.75025
 51	 12	 -20.15812	-112.35652	  -0.00000	 -23.66107	-176.33383	-151.51545
 51	 11	 -19.51148	-107.08530	  -0.00000	 -23.66107	-169.76933	-144.54852
 51	 10	 -18.77287	-101.44200	  -0.00000	 -23.66107	-162.64881	-136.94421
 51	  9	 -17.94759	 -95.51073	  -0.00000	 -23.66107	-155.06697	-128.80170
 51	  8	 -17.04146	 -89.37630	  -0.00000	 -23.66107	-147.12028	-120.22229
 51	  7	 -16.06080	 -83.12218	  -0.00000	 -23.47289	-138.71666	-111.11885
 51	  6	 -15.01232	 -76.82873	  -0.00000	 -22.90992	-129.76327	-101.40350
 51	  5	 -13.90305	 -70.57149	  -0.00000	 -21.79342	-120.17101	 -90.99201
 51	  4	 -12.74028	 -64.41984	  -0.00000	 -19.88174	-109.78213	 -79.73131
 51	  3	 -11.53145	 -58.43584	  -0.00000	 -17.06135	 -98.56008	 -67.58930
 51	  2	 -10.28410	 -52.67343	  -0.00000	 -13.27082	 -86.51245	 -54.57773
 51	  1	  -9.00578	 -47.17790	  -0.00000	  -8.79284	 -73.98230	 -41.04350

 52	 30	 -14.21270	 -97.22723	  -0.00000	  -8.79284	-134.44547	-101.31692
 52	 29	 -15.29579	-103.17899	  -0.00000	 -13.27082	-147.04139	-114.84452
 52	 28	 -16.31558	-108.85924	  -0.00000	 -17.06135	-158.55174	-127.24237
 52	 27	 -17.26516	-114.18443	  -0.00000	 -19.88174	-168.59648	-138.12660
 52	 26	 -18.13799	-119.07285	  -0.00000	 -21.79342	-177.14227	-147.45976
 52	 25	 -18.92797	-123.44671	  -0.00000	 -22.90992	-184.21257	-155.26108
 52	 24	 -19.62947	-127.23411	  -0.00000	 -23.47289	-189.96594	-161.68474
 52	 23	 -20.23744	-130.37104	  -0.00000	 -23.66107	-194.50699	-166.83094
 52	 22	 -20.74745	-132.80312	  -0.00000	 -23.66107	-197.95909	-170.81869
 52	 21	 -21.15576	-134.48715	  -0.00000	 -23.66107	-200.45974	-173.78131
 52	 20	 -21.45935	-135.39241	  -0.00000	 -23.66107	-201.97217	-175.67814
 52	 19	 -21.65595	-135.50153	  -0.00000	 -23.66107	-202.47450	-176.48385
 52	 18	 -21.74410	-134.81108	  -0.00000	 -23.66107	-201.96035	-176.18921
 52	 17	 -21.72314	-133.33167	  -0.00000	 -23.66107	-200.43901	-174.80136
 52	 16	 -21.59322	-131.08769	  -0.00000	 -23.66107	-197.93520	-172.34367
 52	 15	 -21.35532	-128.11667	  -0.00000	 -23.66107	-194.48838	-168.85512
 52	 14	 -21.01121	-124.46820	  -0.00000	 -23.66107	-190.15168	-164.38928
 52	 13	 -20.56345	-120.20256	  -0.00000	 -23.66107	-184.99052	-159.01286
 52	 12	 -20.01534	-115.38907	  -0.00000	 -23.66107	-179.08081	-152.80390
 52	 11	 -19.37089	-110.10423	  -0.00000	 -23.66107	-172.50709	-145.84975
 52	 10	 -18.63479	-104.42968	  -0.00000	 -23.66107	-165.36033	-138.24482
 52	  9	 -17.81230	 -98.45011	  -0.00000	 -23.66107	-157.73579	-130.08821
 52	  8	 -16.90925	 -92.25119	  -0.00000	 -23.66107	-149.73075	-121.48140
 52	  7	 -15.93191	 -85.91753	  -0.00000	 -23.47289	-141.25425	-112.33775
 52	  6	 -14.88699	 -79.53084	  -0.00000	 -22.90992	-132.21474	-102.57015
 52	  5	 -13.78148	 -73.16823	  -0.00000	 -21.79342	-122.52462	 -92.09537
 52	  4	 -12.62266	 -66.90075	  -0.00000	 -19.88174	-112.02780	 -80.76158
 52	  3	 -11.41793	 -60.79230	  -0.00000	 -17.06135	-100.68950	 -68.53808
 52	  2	 -10.17481	 -54.89866	  -0.00000	 -13.27082	 -88.51910	 -55.43812
 52	  1	  -8.90083	 -49.26699	  -0.00000	  -8.79284	 -75.86149	 -41.81022

 53	 30	 -14.00013	 -97.72390	  -0.00000	  -8.67781	-134.40197	-100.10145
 53	 29	 -15.07685	-103.75949	  -0.00000	 -13.11617	-147.02936	-113.62782
 53	 28	 -16.09064	-109.53007	  -0.00000	 -16.87316	-158.58451	-126.03761
 53	 27	 -17.03464	-114.95152	  -0.00000	 -19.69355	-168.71435	-136.97418
 53	 26	 -17.90234	-119.94137	  -0.00000	 -21.60524	-177.35129	-146.36620
 53	 25	 -18.68767	-124.42087	  -0.00000	 -22.72173	-184.51794	-154.23241
 53	 24	 -19.38505	-128.31701	  -0.00000	 -23.28470	-190.37180	-160.72638
 53	 23	 -19.98944	-131.56450	  -0.00000	 -23.47289	-195.01626	-165.94758
 53	 22	 -20.49645	-134.10755	  -0.00000	 -23.47289	-198.57334	-170.01418
 53	 21	 -20.90236	-135.90147	  -0.00000	 -23.47289	-201.17908	-173.05857
 53	 20	 -21.20416	-136.91395	  -0.00000	 -23.47289	-202.79516	-175.03907
 53	 19	 -21.39961	-137.12600	  -0.00000	 -23.47289	-203.39810	-175.92924
 53	 18	 -21.48724	-136.53258	  -0.00000	 -23.47289	-202.97994	-175.71869
 53	 17	 -21.46640	-135.14273	  -0.00000	 -23.47289	-201.54841	-174.41332
 53	 16	 -21.33725	-132.97938	  -0.00000	 -23.47289	-199.12676	-172.03523
 53	 15	 -21.10074	-130.07870	  -0.00000	 -23.47289	-195.75308	-168.62213
 53	 14	 -20.75866	-126.48912	  -0.00000	 -23.47289	-191.47932	-164.22633
 53	 13	 -20.31353	-122.26994	  -0.00000	 -23.47289	-186.36988	-158.91331
 53	 12	 -19.76864	-117.48973	  -0.00000	 -23.47289	-180.49990	-152.76002
 53	 11	 -19.12799	-112.22448	  -0.00000	 -23.47289	-173.95335	-145.85284
 53	 10	 -18.39621	-106.55559	  -0.00000	 -23.47289	-166.82091	-138.28539
 53	  9	 -17.57856	-100.56778	  -0.00000	 -23.47289	-159.19780	-130.15622
 53	  8	 -16.68082	 -94.34699	  -0.00000	 -23.47289	-151.18151	-121.56647
 53	  7	 -15.70923	 -87.97837	  -0.00000	 -23.28470	-142.68154	-112.42946
 53	  6	 -14.67045	 -81.54438	  -0.00000	 -22.72173	-133.60701	-102.65825
 53	  5	 -13.57145	 -75.12309	  -0.00000	 -21.60524	-123.87122	 -92.17007
 53	  4	 -12.41943	 -68.78672	  -0.00000	 -19.69355	-113.31913	 -80.81374
 53	  3	 -11.22179	 -62.60041	  -0.00000	 -16.87316	-101.91715	 -68.55941
 53	  2	  -9.98598	 -56.62135	  -0.00000	 -13.11617	 -89.70948	 -55.45490
 53	  1	  -8.71949	 -50.89814	  -0.00000	  -8.67781	 -77.01492	 -41.82240

 54	 30	 -13.69960	 -97.54193	  -0.00000	  -8.35321	-133.29434	 -97.79716
 54	 29	 -14.76732	-103.61486	  -0.00000	 -12.71000	-145.85949	-111.23020
 54	 28	 -15.77262	-109.43046	  -0.00000	 -16.39795	-157.37366	-123.56796
 54	 27	 -16.70873	-114.90461	  -0.00000	 -19.16603	-167.48811	-134.45838
 54	 26	 -17.56918	-119.95469	  -0.00000	 -21.04227	-176.13532	-143.83052
 54	 25	 -18.34794	-124.50159	  -0.00000	 -22.15876	-183.35624	-151.72180
 54	 24	 -19.03948	-128.47177	  -0.00000	 -22.72173	-189.27247	-158.25030
 54	 23	 -19.63882	-131.79918	  -0.00000	 -22.90992	-193.98675	-163.51524
 54	 22	 -20.14160	-134.42713	  -0.00000	 -22.90992	-197.62024	-167.63441
 54	 21	 -20.54411	-136.30982	  -0.00000	 -22.90992	-200.30796	-170.73960
 54	 20	 -20.84339	-137.41370	  -0.00000	 -22.90992	-202.01040	-172.78840
 54	 19	 -21.03720	-137.71845	  -0.00000	 -22.90992	-202.70277	-173.75346
 54	 18	 -21.12410	-137.21758	  -0.00000	 -22.90992	-202.37569	-173.62329
 54	 17	 -21.10343	-135.91863	  -0.00000	 -22.90992	-201.03542	-172.40261
 54	 16	 -20.97536	-133.84306	  -0.00000	 -22.90992	-198.70370	-170.11217
 54	 15	 -20.74084	-131.02556	  -0.00000	 -22.90992	-195.41715	-166.78827
 54	 14	 -20.40161	-127.51316	  -0.00000	 -22.90992	-191.22630	-162.48173
 54	 13	 -19.96021	-123.36390	  -0.00000	 -22.90992	-186.19422	-157.25657
 54	 12	 -19.41988	-118.64521	  -0.00000	 -22.90992	-180.39488	-151.18828
 54	 11	 -18.78458	-113.43214	  -0.00000	 -22.90992	-173.91121	-144.36188
 54	 10	 -18.05892	-107.80532	  -0.00000	 -22.90992	-166.83308	-136.86977
 54	  9	 -17.24811	-101.84894	  -0.00000	 -22.90992	-159.25508	-128.80942
 54	  8	 -16.35787	 -95.64865	  -0.00000	 -22.90992	-151.27430	-120.28115
 54	  7	 -15.39441	 -89.28951	  -0.00000	 -22.72173	-142.80006	-111.19764
 54	  6	 -14.36431	 -82.85415	  -0.00000	 -22.15876	-133.74155	-101.47159
 54	  5	 -13.27450	 -76.42103	  -0.00000	 -21.04227	-124.01230	 -91.02006
 54	  4	 -12.13212	 -70.06291	  -0.00000	 -19.16603	-113.49318	 -79.72744
 54	  3	 -10.94449	 -63.84569	  -0.00000	 -16.39795	-102.13262	 -67.54559
 54	  2	  -9.71902	 -57.82746	  -0.00000	 -12.71000	 -89.97550	 -54.52271
 54	  1	  -8.46312	 -52.05782	  -0.00000	  -8.35321	 -77.33726	 -40.97742

 55	 30	 -13.31334	 -96.69643	  -0.00000	  -7.71552	-131.03864	 -94.32250
 55	 29	 -14.36949	-102.76070	  -0.00000	 -11.92202	-143.42170	-107.54396
 55	 28	 -15.36390	-108.57638	  -0.00000	 -15.48275	-154.78693	-119.70346
 55	 27	 -16.28986	-114.05995	  -0.00000	 -18.15447	-164.79414	-130.45775
 55	 26	 -17.14098	-119.12920	  -0.00000	 -19.96539	-173.37656	-139.73693
 55	 25	 -17.91131	-123.70528	  -0.00000	 -21.04227	-180.57016	-147.57376
 55	 24	 -18.59535	-127.71464	  -0.00000	 -21.60524	-186.51059	-154.10072
 55	 23	 -19.18820	-131.09106	  -0.00000	 -21.79342	-191.26088	-159.37769
 55	 22	 -19.68552	-133.77738	  -0.00000	 -21.79342	-194.94185	-163.52251
 55	 21	 -20.08367	-135.72716	  -0.00000	 -21.79342	-197.68793	-166.66677
 55	 20	 -20.37971	-136.90595	  -0.00000	 -21.79342	-199.45879	-168.76759
 55	 19	 -20.57142	-137.29236	  -0.00000	 -21.79342	-200.22861	-169.79693
 55	 18	 -20.65737	-136.87862	  -0.00000	 -21.79342	-199.98679	-169.74237
 55	 17	 -20.63693	-135.67091	  -0.00000	 -21.79342	-198.73820	-168.60744
 55	 16	 -20.51025	-133.68915	  -0.00000	 -21.79342	-196.50307	-166.41155
 55	 15	 -20.27826	-130.96650	  -0.00000	 -21.79342	-193.31645	-163.18944
 55	 14	 -19.94272	-127.54839	  -0.00000	 -21.79342	-189.22725	-158.99027
 55	 13	 -19.50609	-123.49129	  -0.00000	 -21.79342	-184.29690	-153.87631
 55	 12	 -18.97162	-118.86116	  -0.00000	 -21.79342	-178.59782	-147.92129
 55	 11	 -18.34321	-113.73163	  -0.00000	 -21.79342	-172.21148	-141.20846
 55	 10	 -17.62542	-108.18212	  -0.00000	 -21.79342	-165.22638	-133.82854
 55	  9	 -16.82339	-102.29574	  -0.00000	 -21.79342	-157.73595	-125.87748
 55	  8	 -15.94280	 -96.15726	  -0.00000	 -21.79342	-149.83629	-117.45420
 55	  7	 -14.98978	 -89.85110	  -0.00000	 -21.60524	-141.43590	-108.47020
 55	  6	 -13.97085	 -83.45944	  -0.00000	 -21.04227	-132.44342	 -98.83725
 55	  5	 -12.89285	 -77.06053	  -0.00000	 -19.96539	-122.81162	 -88.51130
 55	  4	 -11.76285	 -70.72715	  -0.00000	 -18.15447	-112.40732	 -77.36236
 55	  3	 -10.58809	 -64.52541	  -0.00000	 -15.48275	-101.18435	 -65.34740
 55	  2	  -9.37590	 -58.51380	  -0.00000	 -11.92202	 -89.18763	 -52.51442
 55	  1	  -8.13361	 -52.74248	  -0.00000	  -7.71552	 -76.72523	 -39.17443

 56	 30	 -12.84421	 -95.21452	  -0.00000	  -6.62871	-127.53165	 -89.57642
 56	 29	 -13.88630	-101.22552	  -0.00000	 -10.58742	-139.58553	-102.44072
 56	 28	 -14.86748	-106.99758	  -0.00000	 -13.93840	-150.67093	-114.29272
 56	 27	 -15.78111	-112.44838	  -0.00000	 -16.45124	-160.46184	-124.80358
 56	 26	 -16.62091	-117.49670	  -0.00000	 -18.15447	-168.89299	-133.90514
 56	 25	 -17.38098	-122.06448	  -0.00000	 -19.16603	-175.99247	-141.62262
 56	 24	 -18.05592	-126.07875	  -0.00000	 -19.69355	-181.88415	-148.07699
 56	 23	 -18.64088	-129.47360	  -0.00000	 -19.88174	-186.63709	-153.33451
 56	 22	 -19.13158	-132.19192	  -0.00000	 -19.88174	-190.33682	-157.47804
 56	 21	 -19.52444	-134.18700	  -0.00000	 -19.88174	-193.11761	-160.63936
 56	 20	 -19.81653	-135.42389	  -0.00000	 -19.88174	-194.93869	-162.77544
 56	 19	 -20.00569	-135.88036	  -0.00000	 -19.88174	-195.77348	-163.85778
 56	 18	 -20.09050	-135.54761	  -0.00000	 -19.88174	-195.61035	-163.87316
 56	 17	 -20.07033	-134.43051	  -0.00000	 -19.88174	-194.45291	-162.82402
 56	 16	 -19.94533	-132.54748	  -0.00000	 -19.88174	-192.31989	-160.72837
 56	 15	 -19.71644	-129.93004	  -0.00000	 -19.88174	-189.24466	-157.61932
 56	 14	 -19.38536	-126.62187	  -0.00000	 -19.88174	-185.27432	-153.54422
 56	 13	 -18.95454	-122.67761	  -0.00000	 -19.88174	-180.46843	-148.56331
 56	 12	 -18.42718	-118.16139	  -0.00000	 -19.88174	-174.89749	-142.74824
 56	 11	 -17.80714	-113.14506	  -0.00000	 -19.88174	-168.64107	-136.18014
 56	 10	 -17.09890	-107.70632	  -0.00000	 -19.88174	-161.78585	-128.94763
 56	  9	 -16.30754	-101.92671	  -0.00000	 -19.88174	-154.42353	-121.14461
 56	  8	 -15.43867	 -95.88957	  -0.00000	 -19.88174	-146.64866	-112.86813
 56	  7	 -14.49834	 -89.67812	  -0.00000	 -19.69355	-138.36834	-104.02796
 56	  6	 -13.49297	 -83.37352	  -0.00000	 -19.16603	-129.52549	 -94.56981
 56	  5	 -12.42931	 -77.05325	  -0.00000	 -18.15447	-120.06634	 -84.44280
 56	  4	 -11.31435	 -70.78955	  -0.00000	 -16.45124	-109.86949	 -73.52841
 56	  3	 -10.15523	 -64.64823	  -0.00000	 -13.93840	 -98.89708	 -61.79166
 56	  2	  -8.95917	 -58.68768	  -0.00000	 -10.58742	 -87.19344	 -49.27973
 56	  1	  -7.73341	 -52.95821	  -0.00000	  -6.62871	 -75.05374	 -36.29052

 57	 30	 -12.29562	 -93.13438	  -0.00000	  -5.02528	-122.75091	 -83.53837
 57	 29	 -13.32128	 -99.04964	  -0.00000	  -8.61842	-134.31061	 -95.88196
 57	 28	 -14.28698	-104.73646	  -0.00000	 -11.65995	-144.97036	-107.28219
 57	 27	 -15.18621	-110.11417	  -0.00000	 -13.93840	-154.42498	-117.43125
 57	 26	 -16.01276	-115.10314	  -0.00000	 -15.48275	-162.61140	-126.26345
 57	 25	 -16.76084	-119.62661	  -0.00000	 -16.39795	-169.54624	-133.79276
 57	 24	 -17.42514	-123.61274	  -0.00000	 -16.87316	-175.33619	-140.12328
 57	 23	 -18.00087	-126.99641	  -0.00000	 -17.06135	-180.05949	-145.33074
 57	 22	 -18.48384	-129.72100	  -0.00000	 -17.06135	-183.75001	-149.44661
 57	 21	 -18.87049	-131.73997	  -0.00000	 -17.06135	-186.54231	-152.60322
 57	 20	 -19.15798	-133.01819	  -0.00000	 -17.06135	-188.39549	-154.75773
 57	 19	 -19.34416	-133.53289	  -0.00000	 -17.06135	-189.28254	-155.88140
 57	 18	 -19.42763	-133.27439	  -0.00000	 -17.06135	-189.19100	-155.96039
 57	 17	 -19.40778	-132.24639	  -0.00000	 -17.06135	-188.12330	-154.99610
 57	 16	 -19.28475	-130.46586	  -0.00000	 -17.06135	-186.09671	-153.00519
 57	 15	 -19.05947	-127.96258	  -0.00000	 -17.06135	-183.14286	-150.01906
 57	 14	 -18.73361	-124.77833	  -0.00000	 -17.06135	-179.30689	-146.08304
 57	 13	 -18.30959	-120.96571	  -0.00000	 -17.06135	-174.64623	-141.25520
 57	 12	 -17.79055	-116.58670	  -0.00000	 -17.06135	-169.22914	-135.60476
 57	 11	 -17.18028	-111.71100	  -0.00000	 -17.06135	-163.13290	-129.21040
 57	 10	 -16.48321	-106.41417	  -0.00000	 -17.06135	-156.44193	-122.15821
 57	  9	 -15.70434	-100.77568	  -0.00000	 -17.06135	-149.24570	-114.53963
 57	  8	 -14.84917	 -94.87697	  -0.00000	 -17.06135	-141.63665	-106.44931
 57	  7	 -13.92366	 -88.79947	  -0.00000	 -16.87316	-133.51996	 -97.79482
 57	  6	 -12.93415	 -82.62284	  -0.00000	 -16.39795	-124.88909	 -88.57210
 57	  5	 -11.88727	 -76.42321	  -0.00000	 -15.48275	-115.68050	 -78.72023
 57	  4	 -10.78989	 -70.27178	  -0.00000	 -13.93840	-105.78996	 -68.13762
 57	  3	  -9.64905	 -64.23355	  -0.00000	 -11.65995	 -95.19160	 -56.80103
 57	  2	  -8.47186	 -58.36637	  -0.00000	  -8.61842	 -83.92851	 -44.75615
 57	  1	  -7.26543	 -52.72025	  -0.00000	  -5.02528	 -72.27639	 -32.28125

 58	 30	 -11.67156	 -90.50386	   0.00000	  -2.87492	-116.72190	 -76.23550
 58	 29	 -12.67852	 -96.28384	  -0.00000	  -5.98543	-127.62630	 -87.89866
 58	 28	 -13.62662	-101.84652	  -0.00000	  -8.61842	-137.71818	 -98.70634
 58	 27	 -14.50945	-107.11345	  -0.00000	 -10.58742	-146.71977	-108.37840
 58	 26	 -15.32093	-112.00700	  -0.00000	 -11.92202	-154.57089	-116.85222
 58	 25	 -16.05538	-116.45229	  -0.00000	 -12.71000	-161.27305	-124.12691
 58	 24	 -16.70757	-120.37903	  -0.00000	 -13.11617	-166.91034	-130.28421
 58	 23	 -17.27280	-123.72339	  -0.00000	 -13.27082	-171.53981	-135.37891
 58	 22	 -17.74697	-126.42968	  -0.00000	 -13.27082	-175.19443	-139.44183
 58	 21	 -18.12658	-128.45191	  -0.00000	 -13.27082	-177.97588	-142.57269
 58	 20	 -18.40882	-129.75508	  -0.00000	 -13.27082	-179.84354	-144.72911
 58	 19	 -18.59160	-130.31616	  -0.00000	 -13.27082	-180.77019	-145.88236
 58	 18	 -18.67356	-130.12481	  -0.00000	 -13.27082	-180.74275	-146.01814
 58	 17	 -18.65407	-129.18365	  -0.00000	 -13.27082	-179.76261	-145.13695
 58	 16	 -18.53328	-127.50821	  -0.00000	 -13.27082	-177.84560	-143.25408
 58	 15	 -18.31210	-125.12654	  -0.00000	 -13.27082	-175.02156	-140.39916
 58	 14	 -17.99218	-122.07836	  -0.00000	 -13.27082	-171.33355	-136.61542
 58	 13	 -17.57590	-118.41404	  -0.00000	 -13.27082	-166.83665	-131.95850
 58	 12	 -17.06631	-114.19316	  -0.00000	 -13.27082	-161.59661	-126.49499
 58	 11	 -16.46717	-109.48290	  -0.00000	 -13.27082	-155.68806	-120.30076
 58	 10	 -15.78281	-104.35629	  -0.00000	 -13.27082	-149.19273	-113.45902
 58	  9	 -15.01814	 -98.89033	  -0.00000	 -13.27082	-142.19743	-106.05831
 58	  8	 -14.17856	 -93.16406	  -0.00000	 -13.27082	-134.79199	 -98.19044
 58	  7	 -13.26992	 -87.25667	  -0.00000	 -13.11617	-126.91268	 -89.79381
 58	  6	 -12.29845	 -81.24575	  -0.00000	 -12.71000	-118.55265	 -80.86382
 58	  5	 -11.27065	 -75.20565	  -0.00000	 -11.92202	-109.66898	 -71.35990
 58	  4	 -10.19328	 -69.20601	  -0.00000	 -10.58742	-100.18000	 -61.20278
 58	  3	  -9.07324	 -63.31057	  -0.00000	  -8.61842	 -90.07546	 -50.38465
 58	  2	  -7.91750	 -57.57618	  -0.00000	  -5.98543	 -79.39661	 -38.94914
 58	  1	  -6.73307	 -52.05217	  -0.00000	  -2.87492	 -68.39322	 -27.14840

 59	 30	 -10.97648	 -87.37896	   0.00000	  -0.33457	-109.66650	 -67.89123
 59	 29	 -11.96262	 -92.98764	   0.00000	  -2.87492	-119.78779	 -78.74744
 59	 28	 -12.89111	 -98.39070	   0.00000	  -5.02528	-129.19820	 -88.85037
 59	 27	 -13.75568	-103.51231	  -0.00000	  -6.62871	-137.65239	 -97.95245
 59	 26	 -14.55039	-108.27736	  -0.00000	  -7.71552	-145.09365	-105.99477
 59	 25	 -15.26965	-112.61324	  -0.00000	  -8.35321	-151.50574	-112.95888
 59	 24	 -15.90835	-116.45170	  -0.00000	  -8.67781	-156.94620	-118.90021
 59	 23	 -16.46189	-119.73061	  -0.00000	  -8.79284	-161.44723	-123.84889
 59	 22	 -16.92625	-122.39561	  -0.00000	  -8.79284	-165.04095	-127.83513
 59	 21	 -17.29801	-124.40162	  -0.00000	  -8.79284	-167.79047	-130.92029
 59	 20	 -17.57441	-125.71408	  -0.00000	  -8.79284	-169.65575	-133.06274
 59	 19	 -17.75342	-126.30996	  -0.00000	  -8.79284	-170.60963	-134.23402
 59	 18	 -17.83367	-126.17843	  -0.00000	  -8.79284	-170.63862	-134.41953
 59	 17	 -17.81459	-125.32116	  -0.00000	  -8.79284	-169.74317	-133.61894
 59	 16	 -17.69630	-123.75230	  -0.00000	  -8.79284	-167.93774	-131.84622
 59	 15	 -17.47970	-121.49811	  -0.00000	  -8.79284	-165.25035	-129.12923
 59	 14	 -17.16639	-118.59621	  -0.00000	  -8.79284	-161.72183	-125.50895
 59	 13	 -16.75871	-115.09453	  -0.00000	  -8.79284	-157.40479	-121.03846
 59	 12	 -16.25967	-111.05000	  -0.00000	  -8.79284	-152.36218	-115.78148
 59	 11	 -15.67292	-106.52703	  -0.00000	  -8.79284	-146.66571	-109.81078
 59	 10	 -15.00271	-101.59577	  -0.00000	  -8.79284	-140.39403	-103.20636
 59	  9	 -14.25385	 -96.33034	  -0.00000	  -8.79284	-133.63088	 -96.05349
 59	  8	 -13.43164	 -90.80696	  -0.00000	  -8.79284	-126.46308	 -88.44074
 59	  7	 -12.54179	 -85.10216	  -0.00000	  -8.67781	-118.86355	 -80.34297
 59	  6	 -11.59041	 -79.29103	  -0.00000	  -8.35321	-110.82505	 -71.75495
 59	  5	 -10.58387	 -73.44563	  -0.00000	  -7.71552	-102.32889	 -62.66013
 59	  4	  -9.52878	 -67.63363	  -0.00000	  -6.62871	 -93.31989	 -53.00553
 59	  3	  -8.43189	 -61.91705	  -0.00000	  -5.02528	 -83.80613	 -42.80143
 59	  2	  -7.30006	 -56.35139	  -0.00000	  -2.87492	 -73.82643	 -32.08889
 59	  1	  -6.14012	 -50.98489	  -0.00000	  -0.33457	 -63.59970	 -21.08899

