#X	Y	Miss	Anxiety	ExploreH	ExploreP	Sum	Stress
  0	 30	   0.00000	 -14.02205	   0.00000	   4.81277	  -9.20928	  40.09716
  0	 29	   0.00000	 -15.79106	   0.00000	   4.81277	 -10.97828	  37.68510
  0	 28	   0.00000	 -17.67655	   0.00000	   4.81277	 -12.86377	  35.19479
  0	 27	   0.00000	 -19.66882	   0.00000	   4.81277	 -14.85605	  32.63737
  0	 26	   0.00000	 -21.75514	   0.00000	   4.81277	 -16.94236	  30.02704
  0	 25	   0.00000	 -23.91966	   0.00000	   4.81277	 -19.10688	  27.38102
  0	 24	   0.00000	 -26.14355	   0.00000	   4.81277	 -21.33078	  24.71947
  0	 23	   0.00000	 -28.40515	   0.00000	   4.81277	 -23.59237	  22.06532
  0	 22	   0.00000	 -30.68022	   0.00000	   4.81277	 -25.86744	  19.44398
  0	 21	   0.00000	 -32.94234	   0.00000	   4.81277	 -28.12956	  16.88293
  0	 20	  -0.00000	 -35.16336	   0.00000	   4.81277	 -30.35059	  14.41128
  0	 19	  -0.00000	 -37.31396	   0.00000	   4.81277	 -32.50118	  12.05917
  0	 18	  -0.00000	 -39.36426	   0.00000	   4.81277	 -34.55149	   9.85713
  0	 17	  -0.00000	 -41.28452	   0.00000	   4.81277	 -36.47175	   7.83542
  0	 16	  -0.00000	 -43.04582	   0.00000	   4.81277	 -38.23305	   6.02331
  0	 15	  -0.00000	 -44.62082	   0.00000	   4.81277	 -39.80804	   4.44831
  0	 14	  -0.00000	 -45.98441	   0.00000	   4.81277	 -41.17164	   3.13553
  0	 13	  -0.00000	 -47.11444	   0.00000	   4.81277	 -42.30166	   2.10695
  0	 12	  -0.00000	 -47.99225	   0.00000	   4.81277	 -43.17948	   1.38087
  0	 11	  -0.00000	 -48.60326	   0.00000	   4.81277	 -43.79048	   0.97139
  0	 10	  -0.00000	 -48.93728	   0.00000	   4.81277	 -44.12451	   0.88799
  0	  9	  -0.00000	 -48.98888	   0.00000	   4.81277	 -44.17611	   1.13531
  0	  8	  -0.00000	 -48.75749	   0.00000	   4.81277	 -43.94472	   1.71297
  0	  7	  -0.00000	 -48.24742	   0.00000	   4.81277	 -43.43464	   2.61560
  0	  6	  -0.00000	 -47.46770	   0.00000	   4.81277	 -42.65493	   3.83298
  0	  5	  -0.00000	 -46.43188	   0.00000	   4.81277	 -41.61911	   5.35030
  0	  4	  -0.00000	 -45.15758	   0.00000	   4.81277	 -40.34481	   7.14861
  0	  3	  -0.00000	 -43.66603	   0.00000	   4.81277	 -38.85325	   9.20530
  0	  2	  -0.00000	 -41.98145	   0.00000	   4.81277	 -37.16868	  11.49471
  0	  1	  -0.00000	 -40.13045	   0.00000	   4.81277	 -35.31768	  13.98876

  1	 30	   0.00000	 -15.48968	   0.00000	   4.81277	 -10.67691	  37.28792
  1	 29	   0.00000	 -17.45529	   0.00000	   4.81277	 -12.64252	  34.66102
  1	 28	   0.00000	 -19.55169	   0.00000	   4.81277	 -14.73891	  31.94218
  1	 27	   0.00000	 -21.76823	   0.00000	   4.81277	 -16.95545	  29.14362
  1	 26	   0.00000	 -24.09085	   0.00000	   4.81277	 -19.27807	  26.28096
  1	 25	   0.00000	 -26.50204	   0.00000	   4.81277	 -21.68926	  23.37320
  1	 24	   0.00000	 -28.98091	   0.00000	   4.81277	 -24.16814	  20.44268
  1	 23	   0.00000	 -31.50341	   0.00000	   4.81277	 -26.69063	  17.51485
  1	 22	  -0.00000	 -34.04257	   0.00000	   4.81277	 -29.22980	  14.61795
  1	 21	  -0.00000	 -36.56897	   0.00000	   4.81277	 -31.75619	  11.78258
  1	 20	  -0.00000	 -39.05121	   0.00000	   4.81277	 -34.23843	   9.04118
  1	 19	  -0.00000	 -41.45655	   0.00000	   4.81277	 -36.64378	   6.42739
  1	 18	  -0.00000	 -43.75161	   0.00000	   4.81277	 -38.93884	   3.97532
  1	 17	  -0.00000	 -45.90311	   0.00000	   4.81277	 -41.09033	   1.71884
  1	 16	  -0.00000	 -47.87866	   0.00000	   4.81277	 -43.06588	  -0.30930
  1	 15	  -0.00000	 -49.64757	   0.00000	   4.81277	 -44.83480	  -2.07822
  1	 14	  -0.00000	 -51.18168	   0.00000	   4.81277	 -46.36891	  -3.55974
  1	 13	  -0.00000	 -52.45604	   0.00000	   4.81277	 -47.64327	  -4.72911
  1	 12	  -0.00000	 -53.44963	   0.00000	   4.81277	 -48.63686	  -5.56570
  1	 11	  -0.00000	 -54.14592	   0.00000	   4.81277	 -49.33314	  -6.05353
  1	 10	  -0.00000	 -54.53332	   0.00000	   4.81277	 -49.72054	  -6.18177
  1	  9	  -0.00000	 -54.60553	   0.00000	   4.81277	 -49.79275	  -5.94501
  1	  8	  -0.00000	 -54.36168	   0.00000	   4.81277	 -49.54891	  -5.34342
  1	  7	  -0.00000	 -53.80636	   0.00000	   4.81277	 -48.99359	  -4.38277
  1	  6	  -0.00000	 -52.94948	   0.00000	   4.81277	 -48.13671	  -3.07425
  1	  5	  -0.00000	 -51.80597	   0.00000	   4.81277	 -46.99319	  -1.43417
  1	  4	  -0.00000	 -50.39535	   0.00000	   4.81277	 -45.58257	   0.51651
  1	  3	  -0.00000	 -48.74118	   0.00000	   4.81277	 -43.92841	   2.75269
  1	  2	  -0.00000	 -46.87044	   0.00000	   4.81277	 -42.05766	   5.24588
  1	  1	  -0.00000	 -44.81274	   0.00000	   4.81277	 -39.99996	   7.96487

  2	 30	   0.00000	 -16.99628	   0.00000	   4.81277	 -12.18351	  34.44937
  2	 29	   0.00000	 -19.16670	   0.00000	   4.81277	 -14.35393	  31.59850
  2	 28	   0.00000	 -21.48314	   0.00000	   4.81277	 -16.67037	  28.64106
  2	 27	   0.00000	 -23.93400	   0.00000	   4.81277	 -19.12123	  25.59035
  2	 26	   0.00000	 -26.50388	   0.00000	   4.81277	 -21.69110	  22.46345
  2	 25	   0.00000	 -29.17353	   0.00000	   4.81277	 -24.36076	  19.28125
  2	 24	   0.00000	 -31.91996	   0.00000	   4.81277	 -27.10718	  16.06833
  2	 23	  -0.00000	 -34.71659	   0.00000	   4.81277	 -29.90381	  12.85277
  2	 22	  -0.00000	 -37.53363	   0.00000	   4.81277	 -32.72085	   9.66576
  2	 21	  -0.00000	 -40.33849	   0.00000	   4.81277	 -35.52572	   6.54119
  2	 20	  -0.00000	 -43.09639	   0.00000	   4.81277	 -38.28361	   3.51501
  2	 19	  -0.00000	 -45.77097	   0.00000	   4.81277	 -40.95820	   0.62455
  2	 18	  -0.00000	 -48.32516	   0.00000	   4.81277	 -43.51239	  -2.09228
  2	 17	  -0.00000	 -50.72193	   0.00000	   4.81277	 -45.90915	  -4.59783
  2	 16	  -0.00000	 -52.92520	   0.00000	   4.81277	 -48.11243	  -6.85561
  2	 15	  -0.00000	 -54.90078	   0.00000	   4.81277	 -50.08800	  -8.83119
  2	 14	  -0.00000	 -56.61718	   0.00000	   4.81277	 -51.80441	 -10.49309
  2	 13	  -0.00000	 -58.04651	   0.00000	   4.81277	 -53.23373	 -11.81363
  2	 12	  -0.00000	 -59.16517	   0.00000	   4.81277	 -54.35240	 -12.76965
  2	 11	  -0.00000	 -59.95457	   0.00000	   4.81277	 -55.14180	 -13.34317
  2	 10	  -0.00000	 -60.40157	   0.00000	   4.81277	 -55.58880	 -13.52189
  2	  9	  -0.00000	 -60.49890	   0.00000	   4.81277	 -55.68613	 -13.29951
  2	  8	  -0.00000	 -60.24533	   0.00000	   4.81277	 -55.43256	 -12.67598
  2	  7	  -0.00000	 -59.64570	   0.00000	   4.81277	 -54.83292	 -11.65741
  2	  6	  -0.00000	 -58.71076	   0.00000	   4.81277	 -53.89799	 -10.25598
  2	  5	  -0.00000	 -57.45688	   0.00000	   4.81277	 -52.64411	  -8.48955
  2	  4	  -0.00000	 -55.90555	   0.00000	   4.81277	 -51.09277	  -6.38120
  2	  3	  -0.00000	 -54.08276	   0.00000	   4.81277	 -49.26999	  -3.95856
  2	  2	  -0.00000	 -52.01834	   0.00000	   4.81277	 -47.20556	  -1.25314
  2	  1	  -0.00000	 -49.74507	   0.00000	   4.81277	 -44.93230	   1.70058

  3	 30	   0.00000	 -18.52272	   0.00000	   4.81277	 -13.70994	  31.60148
  3	 29	   0.00000	 -20.90420	   0.00000	   4.81277	 -16.09143	  28.51939
  3	 28	   0.00000	 -23.44781	   0.00000	   4.81277	 -18.63503	  25.31523
  3	 27	   0.00000	 -26.14097	   0.00000	   4.81277	 -21.32820	  22.00338
  3	 26	   0.00000	 -28.96694	   0.00000	   4.81277	 -24.15417	  18.60241
  3	 25	  -0.00000	 -31.90472	   0.00000	   4.81277	 -27.09195	  15.13512
  3	 24	  -0.00000	 -34.92913	   0.00000	   4.81277	 -30.11636	  11.62840
  3	 23	  -0.00000	 -38.01103	   0.00000	   4.81277	 -33.19826	   8.11306
  3	 22	  -0.00000	 -41.11769	   0.00000	   4.81277	 -36.30491	   4.62338
  3	 21	  -0.00000	 -44.21325	   0.00000	   4.81277	 -39.40047	   1.19663
  3	 20	  -0.00000	 -47.25937	   0.00000	   4.81277	 -42.44659	  -2.12755
  3	 19	  -0.00000	 -50.21597	   0.00000	   4.81277	 -45.40319	  -5.30800
  3	 18	  -0.00000	 -53.04208	   0.00000	   4.81277	 -48.22930	  -8.30281
  3	 17	  -0.00000	 -55.69675	   0.00000	   4.81277	 -50.88398	 -11.07035
  3	 16	  -0.00000	 -58.14006	   0.00000	   4.81277	 -53.32728	 -13.57021
  3	 15	  -0.00000	 -60.33406	   0.00000	   4.81277	 -55.52129	 -15.76421
  3	 14	  -0.00000	 -62.24381	   0.00000	   4.81277	 -57.43103	 -17.61740
  3	 13	  -0.00000	 -63.83825	   0.00000	   4.81277	 -59.02547	 -19.09898
  3	 12	  -0.00000	 -65.09107	   0.00000	   4.81277	 -60.27830	 -20.18310
  3	 11	  -0.00000	 -65.98144	   0.00000	   4.81277	 -61.16866	 -20.84962
  3	 10	  -0.00000	 -66.49455	   0.00000	   4.81277	 -61.68178	 -21.08467
  3	  9	  -0.00000	 -66.62207	   0.00000	   4.81277	 -61.80929	 -20.88100
  3	  8	  -0.00000	 -66.36230	   0.00000	   4.81277	 -61.54953	 -20.23821
  3	  7	  -0.00000	 -65.72031	   0.00000	   4.81277	 -60.90753	 -19.16277
  3	  6	  -0.00000	 -64.70767	   0.00000	   4.81277	 -59.89490	 -17.66783
  3	  5	  -0.00000	 -63.34220	   0.00000	   4.81277	 -58.52942	 -15.77284
  3	  4	  -0.00000	 -61.64738	   0.00000	   4.81277	 -56.83460	 -13.50303
  3	  3	  -0.00000	 -59.65173	   0.00000	   4.81277	 -54.83896	 -10.88870
  3	  2	  -0.00000	 -57.38801	   0.00000	   4.81277	 -52.57523	  -7.96441
  3	  1	  -0.00000	 -54.89230	   0.00000	   4.81277	 -50.07953	  -4.76811

  4	 30	   0.00000	 -20.04699	   0.00000	   4.81277	 -15.23421	  28.76721
  4	 29	   0.00000	 -22.64349	   0.00000	   4.81277	 -17.83072	  25.44890
  4	 28	   0.00000	 -25.41896	   0.00000	   4.81277	 -20.60619	  21.99223
  4	 27	   0.00000	 -28.35993	   0.00000	   4.81277	 -23.54716	  18.41265
  4	 26	  -0.00000	 -31.44830	   0.00000	   4.81277	 -26.63552	  14.73022
  4	 25	  -0.00000	 -34.66129	   0.00000	   4.81277	 -29.84851	  10.96968
  4	 24	  -0.00000	 -37.97153	   0.00000	   4.81277	 -33.15876	   7.16028
  4	 23	  -0.00000	 -41.34728	   0.00000	   4.81277	 -36.53450	   3.33560
  4	 22	  -0.00000	 -44.75277	   0.00000	   4.81277	 -39.94000	  -0.46691
  4	 21	  -0.00000	 -48.14882	   0.00000	   4.81277	 -43.33605	  -4.20646
  4	 20	  -0.00000	 -51.49344	   0.00000	   4.81277	 -46.68066	  -7.83964
  4	 19	  -0.00000	 -54.74266	   0.00000	   4.81277	 -49.92988	 -11.32127
  4	 18	  -0.00000	 -57.85150	   0.00000	   4.81277	 -53.03873	 -14.60534
  4	 17	  -0.00000	 -60.77495	   0.00000	   4.81277	 -55.96217	 -17.64605
  4	 16	  -0.00000	 -63.46904	   0.00000	   4.81277	 -58.65626	 -20.39891
  4	 15	  -0.00000	 -65.89195	   0.00000	   4.81277	 -61.07917	 -22.82182
  4	 14	  -0.00000	 -68.00508	   0.00000	   4.81277	 -63.19230	 -24.87618
  4	 13	  -0.00000	 -69.77407	   0.00000	   4.81277	 -64.96129	 -26.52791
  4	 12	  -0.00000	 -71.16973	   0.00000	   4.81277	 -66.35695	 -27.74834
  4	 11	  -0.00000	 -72.16885	   0.00000	   4.81277	 -67.35607	 -28.51505
  4	 10	  -0.00000	 -72.75482	   0.00000	   4.81277	 -67.94204	 -28.81245
  4	  9	  -0.00000	 -72.91811	   0.00000	   4.81277	 -68.10533	 -28.63224
  4	  8	  -0.00000	 -72.65653	   0.00000	   4.81277	 -67.84375	 -27.97365
  4	  7	  -0.00000	 -71.97526	   0.00000	   4.81277	 -67.16248	 -26.84344
  4	  6	  -0.00000	 -70.88668	   0.00000	   4.81277	 -66.07390	 -25.25571
  4	  5	  -0.00000	 -69.41004	   0.00000	   4.81277	 -64.59726	 -23.23152
  4	  4	  -0.00000	 -67.57084	   0.00000	   4.81277	 -62.75807	 -20.79827
  4	  3	  -0.00000	 -65.40017	   0.00000	   4.81277	 -60.58739	 -17.98898
  4	  2	  -0.00000	 -62.93377	   0.00000	   4.81277	 -58.12100	 -14.84138
  4	  1	  -0.00000	 -60.21113	   0.00000	   4.81277	 -55.39836	 -11.39694

  5	 30	   0.00000	 -21.54447	   0.00000	   4.81277	 -16.73169	  25.97223
  5	 29	   0.00000	 -24.35729	   0.00000	   4.81277	 -19.54451	  22.41529
  5	 28	   0.00000	 -27.36657	   0.00000	   4.81277	 -22.55379	  18.70302
  5	 27	  -0.00000	 -30.55796	   0.00000	   4.81277	 -25.74519	  14.85192
  5	 26	  -0.00000	 -33.91207	   0.00000	   4.81277	 -29.09929	  10.88352
  5	 25	  -0.00000	 -37.40436	   0.00000	   4.81277	 -32.59158	   6.82447
  5	 24	  -0.00000	 -41.00527	   0.00000	   4.81277	 -36.19249	   2.70642
  5	 23	  -0.00000	 -44.68042	   0.00000	   4.81277	 -39.86764	  -1.43426
  5	 22	  -0.00000	 -48.39102	   0.00000	   4.81277	 -43.57825	  -5.55687
  5	 21	  -0.00000	 -52.09449	   0.00000	   4.81277	 -47.28171	  -9.61707
  5	 20	  -0.00000	 -55.74510	   0.00000	   4.81277	 -50.93232	 -13.56757
  5	 19	  -0.00000	 -59.29495	   0.00000	   4.81277	 -54.48217	 -17.35907
  5	 18	  -0.00000	 -62.69493	   0.00000	   4.81277	 -57.88216	 -20.94133
  5	 17	  -0.00000	 -65.89585	   0.00000	   4.81277	 -61.08307	 -24.26426
  5	 16	  -0.00000	 -68.84957	   0.00000	   4.81277	 -64.03680	 -27.27915
  5	 15	  -0.00000	 -71.51027	   0.00000	   4.81277	 -66.69749	 -29.93984
  5	 14	  -0.00000	 -73.83553	   0.00000	   4.81277	 -69.02276	 -32.20395
  5	 13	  -0.00000	 -75.78757	   0.00000	   4.81277	 -70.97479	 -34.03396
  5	 12	  -0.00000	 -77.33415	   0.00000	   4.81277	 -72.52138	 -35.39827
  5	 11	  -0.00000	 -78.44957	   0.00000	   4.81277	 -73.63679	 -36.27204
  5	 10	  -0.00000	 -79.11528	   0.00000	   4.81277	 -74.30251	 -36.63787
  5	  9	  -0.00000	 -79.32048	   0.00000	   4.81277	 -74.50770	 -36.48632
  5	  8	  -0.00000	 -79.06233	   0.00000	   4.81277	 -74.24955	 -35.81617
  5	  7	  -0.00000	 -78.34608	   0.00000	   4.81277	 -73.53330	 -34.63440
  5	  6	  -0.00000	 -77.18487	   0.00000	   4.81277	 -72.37209	 -32.95604
  5	  5	  -0.00000	 -75.59933	   0.00000	   4.81277	 -70.78656	 -30.80375
  5	  4	  -0.00000	 -73.61699	   0.00000	   4.81277	 -68.80422	 -28.20711
  5	  3	  -0.00000	 -71.27149	   0.00000	   4.81277	 -66.45871	 -25.20189
  5	  2	  -0.00000	 -68.60161	   0.00000	   4.81277	 -63.78884	 -21.82904
  5	  1	  -0.00000	 -65.65028	   0.00000	   4.81277	 -60.83750	 -18.13358

  6	 30	   0.00000	 -22.98828	   0.00000	   4.81277	 -18.17550	  23.24460
  6	 29	   0.00000	 -26.01575	   0.00000	   4.81277	 -21.20298	  19.44951
  6	 28	  -0.00000	 -29.25768	   0.00000	   4.81277	 -24.44491	  15.48159
  6	 27	  -0.00000	 -32.69890	   0.00000	   4.81277	 -27.88612	  11.35830
  6	 26	  -0.00000	 -36.31876	   0.00000	   4.81277	 -31.50599	   7.10263
  6	 25	  -0.00000	 -40.09104	   0.00000	   4.81277	 -35.27827	   2.74311
  6	 24	  -0.00000	 -43.98402	   0.00000	   4.81277	 -39.17124	  -1.68625
  6	 23	  -0.00000	 -47.96071	   0.00000	   4.81277	 -43.14794	  -6.14625
  6	 22	  -0.00000	 -51.97931	   0.00000	   4.81277	 -47.16654	 -10.59298
  6	 21	  -0.00000	 -55.99380	   0.00000	   4.81277	 -51.18103	 -14.97847
  6	 20	  -0.00000	 -59.95474	   0.00000	   4.81277	 -55.14197	 -19.25151
  6	 19	  -0.00000	 -63.81022	   0.00000	   4.81277	 -58.99745	 -23.35863
  6	 18	  -0.00000	 -67.50696	   0.00000	   4.81277	 -62.69419	 -27.24528
  6	 17	  -0.00000	 -70.99149	  -0.00000	   4.81277	 -66.17872	 -30.85698
  6	 16	  -0.00000	 -74.21146	  -0.00000	   4.81277	 -69.39868	 -34.14070
  6	 15	  -0.00000	 -77.11688	  -0.00000	   4.81277	 -72.30410	 -37.04612
  6	 14	  -0.00000	 -79.66147	  -0.00000	   4.81277	 -74.84869	 -39.52696
  6	 13	  -0.00000	 -81.80385	   0.00000	   4.81277	 -76.99107	 -41.54216
  6	 12	  -0.00000	 -83.50866	   0.00000	   4.81277	 -78.69589	 -43.05707
  6	 11	  -0.00000	 -84.74755	   0.00000	   4.81277	 -79.93478	 -44.04432
  6	 10	  -0.00000	 -85.49995	   0.00000	   4.81277	 -80.68718	 -44.48462
  6	  9	  -0.00000	 -85.75363	   0.00000	   4.81277	 -80.94086	 -44.36730
  6	  8	  -0.00000	 -85.50504	   0.00000	   4.81277	 -80.69227	 -43.69058
  6	  7	  -0.00000	 -84.75941	   0.00000	   4.81277	 -79.94664	 -42.46164
  6	  6	  -0.00000	 -83.53053	   0.00000	   4.81277	 -78.71776	 -40.69638
  6	  5	  -0.00000	 -81.84039	   0.00000	   4.81277	 -77.02761	 -38.41900
  6	  4	  -0.00000	 -79.71847	   0.00000	   4.81277	 -74.90569	 -35.66126
  6	  3	  -0.00000	 -77.20094	   0.00000	   4.81277	 -72.38816	 -32.46167
  6	  2	  -0.00000	 -74.32964	   0.00000	   4.81277	 -69.51686	 -28.86437
  6	  1	  -0.00000	 -71.15091	   0.00000	   4.81277	 -66.33813	 -24.91803

  7	 30	   0.00000	 -24.34980	   0.00000	   4.81277	 -19.53702	  20.61425
  7	 29	   0.00000	 -27.58704	   0.00000	   4.81277	 -22.77427	  16.58466
  7	 28	  -0.00000	 -31.05706	   0.00000	   4.81277	 -26.24429	  12.36433
  7	 27	  -0.00000	 -34.74397	   0.00000	   4.81277	 -29.93119	   7.97164
  7	 26	  -0.00000	 -38.62595	   0.00000	   4.81277	 -33.81318	   3.43095
  7	 25	  -0.00000	 -42.67518	   0.00000	   4.81277	 -37.86240	  -1.22738
  7	 24	  -0.00000	 -46.85784	   0.00000	   4.81277	 -42.04506	  -5.96702
  7	 23	  -0.00000	 -51.13441	   0.00000	   4.81277	 -46.32163	 -10.74601
  7	 22	  -0.00000	 -55.46012	  -0.00000	   4.81277	 -50.64734	 -15.51722
  7	 21	  -0.00000	 -59.78556	  -0.00000	   4.81277	 -54.97279	 -20.22908
  7	 20	  -0.00000	 -64.05760	  -0.00000	   4.81277	 -59.24482	 -24.82644
  7	 19	  -0.00000	 -68.22032	  -0.00000	   4.81277	 -63.40755	 -29.25165
  7	 18	  -0.00000	 -72.21626	  -0.00000	   4.81277	 -67.40348	 -33.44579
  7	 17	  -0.00000	 -75.98766	  -0.00000	   4.81277	 -71.17489	 -37.34997
  7	 16	  -0.00000	 -79.47787	  -0.00000	   4.81277	 -74.66510	 -40.90677
  7	 15	  -0.00000	 -82.63274	  -0.00000	   4.81277	 -77.81996	 -44.06163
  7	 14	  -0.00000	 -85.40199	  -0.00000	   4.81277	 -80.58921	 -46.76430
  7	 13	  -0.00000	 -87.74059	  -0.00000	   4.81277	 -82.92782	 -48.97012
  7	 12	  -0.00000	 -89.60995	  -0.00000	   4.81277	 -84.79718	 -50.64128
  7	 11	  -0.00000	 -90.97898	  -0.00000	   4.81277	 -86.16620	 -51.74782
  7	 10	  -0.00000	 -91.82494	  -0.00000	   4.81277	 -87.01216	 -52.26846
  7	  9	  -0.00000	 -92.13410	  -0.00000	   4.81277	 -87.32132	 -52.19121
  7	  8	  -0.00000	 -91.90208	   0.00000	   4.81277	 -87.08930	 -51.51368
  7	  7	  -0.00000	 -91.13396	   0.00000	   4.81277	 -86.32119	 -50.24315
  7	  6	  -0.00000	 -89.84413	   0.00000	   4.81277	 -85.03136	 -48.39633
  7	  5	  -0.00000	 -88.05580	   0.00000	   4.81277	 -83.24302	 -45.99890
  7	  4	  -0.00000	 -85.80036	   0.00000	   4.81277	 -80.98758	 -43.08474
  7	  3	  -0.00000	 -83.11644	   0.00000	   4.81277	 -78.30367	 -39.69506
  7	  2	  -0.00000	 -80.04887	   0.00000	   4.81277	 -75.23610	 -35.87717
  7	  1	  -0.00000	 -76.64739	   0.00000	   4.81277	 -71.83462	 -31.68334

  8	 30	   0.00000	 -25.59927	   0.00000	   4.81277	 -20.78649	  18.11241
  8	 29	  -0.00000	 -29.03796	   0.00000	   4.81277	 -24.22519	  13.85532
  8	 28	  -0.00000	 -32.72790	   0.00000	   4.81277	 -27.91513	   9.38936
  8	 27	  -0.00000	 -36.65258	   0.00000	   4.81277	 -31.83980	   4.73375
  8	 26	  -0.00000	 -40.78914	   0.00000	   4.81277	 -35.97636	  -0.08591
  8	 25	  -0.00000	 -45.10824	  -0.00000	   4.81277	 -40.29547	  -5.03749
  8	 24	  -0.00000	 -49.57411	  -0.00000	   4.81277	 -44.76133	 -10.08245
  8	 23	  -0.00000	 -54.14479	  -0.00000	   4.81277	 -49.33201	 -15.17612
  8	 22	  -0.00000	 -58.77262	  -0.00000	   4.81277	 -53.95985	 -20.26823
  8	 21	  -0.00000	 -63.40494	  -0.00000	   4.81277	 -58.59217	 -25.30366
  8	 20	  -0.00000	 -67.98495	  -0.00000	   4.81277	 -63.17217	 -30.22335
  8	 19	  -0.00000	 -72.45280	  -0.00000	   4.81277	 -67.64003	 -34.96550
  8	 18	  -0.00000	 -76.74689	  -0.00000	   4.81277	 -71.93412	 -39.46683
  8	 17	  -0.00000	 -80.80521	  -0.00000	   4.81277	 -75.99243	 -43.66404
  8	 16	  -0.00000	 -84.56679	  -0.00000	   4.81277	 -79.75402	 -47.49530
  8	 15	  -0.00000	 -87.97330	  -0.00000	   4.81277	 -83.16052	 -50.90180
  8	 14	  -0.00000	 -90.97045	  -0.00000	   4.81277	 -86.15768	 -53.82928
  8	 13	  -0.00000	 -93.50950	  -0.00000	   4.81277	 -88.69672	 -56.22943
  8	 12	  -0.00000	 -95.54854	  -0.00000	   4.81277	 -90.73577	 -58.06123
  8	 11	  -0.00000	 -97.05366	  -0.00000	   4.81277	 -92.24089	 -59.29206
  8	 10	  -0.00000	 -97.99988	  -0.00000	   4.81277	 -93.18711	 -59.89860
  8	  9	  -0.00000	 -98.37185	  -0.00000	   4.81277	 -93.55907	 -59.86745
  8	  8	  -0.00000	 -98.16422	  -0.00000	   4.81277	 -93.35145	 -59.19555
  8	  7	  -0.00000	 -97.38185	  -0.00000	   4.81277	 -92.56907	 -57.89019
  8	  6	  -0.00000	 -96.03955	  -0.00000	   4.81277	 -91.22677	 -55.96879
  8	  5	  -0.00000	 -94.16167	   0.00000	   4.81277	 -89.34890	 -53.45844
  8	  4	  -0.00000	 -91.78139	   0.00000	   4.81277	 -86.96862	 -50.39506
  8	  3	  -0.00000	 -88.93971	   0.00000	   4.81277	 -84.12694	 -46.82245
  8	  2	  -0.00000	 -85.68433	   0.00000	   4.81277	 -80.87155	 -42.79104
  8	  1	  -0.00000	 -82.06829	   0.00000	   4.81277	 -77.25551	 -38.35661

  9	 30	  -0.00000	 -26.70649	   0.00000	   4.81277	 -21.89372	  15.77092
  9	 29	  -0.00000	 -30.33477	   0.00000	   4.81277	 -25.52199	  11.29682
  9	 28	  -0.00000	 -34.23269	   0.00000	   4.81277	 -29.41991	   6.59571
  9	 27	  -0.00000	 -38.38327	  -0.00000	   4.81277	 -33.57049	   1.68748
  9	 26	  -0.00000	 -42.76275	  -0.00000	   4.81277	 -37.94998	  -3.40110
  9	 25	  -0.00000	 -47.34044	  -0.00000	   4.81277	 -42.52767	  -8.63630
  9	 24	  -0.00000	 -52.07874	  -0.00000	   4.81277	 -47.26596	 -13.97745
  9	 23	  -0.00000	 -56.93341	  -0.00000	   4.81277	 -52.12063	 -19.37731
  9	 22	  -0.00000	 -61.85406	  -0.00000	   4.81277	 -57.04129	 -24.78257
  9	 21	  -0.00000	 -66.78489	  -0.00000	   4.81277	 -61.97211	 -30.13464
  9	 20	  -0.00000	 -71.66558	  -0.00000	   4.81277	 -66.85280	 -35.37066
  9	 19	  -0.00000	 -76.43247	  -0.00000	   4.81277	 -71.61970	 -40.42474
  9	 18	  -0.00000	 -81.01991	  -0.00000	   4.81277	 -76.20714	 -45.22932
  9	 17	  -0.00000	 -85.36169	  -0.00000	   4.81277	 -80.54892	 -49.71671
  9	 16	  -0.00000	 -89.39264	  -0.00000	   4.81277	 -84.57987	 -53.82072
  9	 15	  -0.00000	 -93.05023	  -0.00000	   4.81277	 -88.23746	 -57.47831
  9	 14	  -0.00000	 -96.27618	  -0.00000	   4.81277	 -91.46341	 -60.63120
  9	 13	  -0.00000	 -99.01803	  -0.00000	   4.81277	 -94.20526	 -63.22744
  9	 12	  -0.00000	-101.23052	  -0.00000	   4.81277	 -96.41775	 -65.22279
  9	 11	  -0.00000	-102.87685	  -0.00000	   4.81277	 -98.06408	 -66.58194
  9	 10	  -0.00000	-103.92971	  -0.00000	   4.81277	 -99.11694	 -67.27946
  9	  9	  -0.00000	-104.37201	  -0.00000	   4.81277	 -99.55924	 -67.30052
  9	  8	  -0.00000	-104.19737	  -0.00000	   4.81277	 -99.38459	 -66.64127
  9	  7	  -0.00000	-103.41023	  -0.00000	   4.81277	 -98.59745	 -65.30894
  9	  6	  -0.00000	-102.02573	  -0.00000	   4.81277	 -97.21295	 -63.32158
  9	  5	  -0.00000	-100.06920	  -0.00000	   4.81277	 -95.25643	 -60.70755
  9	  4	  -0.00000	 -97.57545	  -0.00000	   4.81277	 -92.76267	 -57.50470
  9	  3	  -0.00000	 -94.58769	   0.00000	   4.81277	 -89.77491	 -53.75929
  9	  2	  -0.00000	 -91.15635	   0.00000	   4.81277	 -86.34357	 -49.52476
  9	  1	  -0.00000	 -87.33766	   0.00000	   4.81277	 -82.52489	 -44.86025

 10	 30	  -0.00000	 -27.64165	   0.00000	   4.81277	 -22.82888	  13.62143
 10	 29	  -0.00000	 -31.44402	   0.00000	   4.81277	 -26.63125	   8.94438
 10	 28	  -0.00000	 -35.53416	  -0.00000	   4.81277	 -30.72138	   4.02232
 10	 27	  -0.00000	 -39.89475	  -0.00000	   4.81277	 -35.08198	  -1.12428
 10	 26	  -0.00000	 -44.50131	  -0.00000	   4.81277	 -39.68854	  -6.46768
 10	 25	  -0.00000	 -49.32196	  -0.00000	   4.81277	 -44.50918	 -11.97267
 10	 24	  -0.00000	 -54.31747	  -0.00000	   4.81277	 -49.50469	 -17.59662
 10	 23	  -0.00000	 -59.44152	  -0.00000	   4.81277	 -54.62875	 -23.28987
 10	 22	  -0.00000	 -64.64120	  -0.00000	   4.81277	 -59.82842	 -28.99622
 10	 21	  -0.00000	 -69.85773	  -0.00000	   4.81277	 -65.04495	 -34.65375
 10	 20	  -0.00000	 -75.02747	  -0.00000	   4.81277	 -70.21470	 -40.19595
 10	 19	  -0.00000	 -80.08313	  -0.00000	   4.81277	 -75.27036	 -45.55294
 10	 18	  -0.00000	 -84.95516	  -0.00000	   4.81277	 -80.14239	 -50.65298
 10	 17	  -0.00000	 -89.57329	  -0.00000	   4.81277	 -84.76052	 -55.42411
 10	 16	  -0.00000	 -93.86824	  -0.00000	   4.81277	 -89.05546	 -59.79585
 10	 15	  -0.00000	 -97.77339	  -0.00000	   4.81277	 -92.96061	 -63.70100
 10	 14	  -0.00000	-101.22652	  -0.00000	   4.81277	 -96.41375	 -67.07733
 10	 13	  -0.00000	-104.17147	  -0.00000	   4.81277	 -99.35869	 -69.86929
 10	 12	  -0.00000	-106.55962	  -0.00000	   4.81277	-101.74684	 -72.02942
 10	 11	  -0.00000	-108.35125	  -0.00000	   4.81277	-103.53848	 -73.51973
 10	 10	  -0.00000	-109.51666	  -0.00000	   4.81277	-104.70389	 -74.31269
 10	  9	  -0.00000	-110.03694	  -0.00000	   4.81277	-105.22416	 -74.39195
 10	  8	  -0.00000	-109.90450	  -0.00000	   4.81277	-105.09173	 -73.75285
 10	  7	  -0.00000	-109.12328	  -0.00000	   4.81277	-104.31051	 -72.40244
 10	  6	  -0.00000	-107.70856	  -0.00000	   4.81277	-102.89579	 -70.35927
 10	  5	  -0.00000	-105.68649	  -0.00000	   4.81277	-100.87372	 -67.65287
 10	  4	  -0.00000	-103.09330	  -0.00000	   4.81277	 -98.28052	 -64.32283
 10	  3	  -0.00000	 -99.97423	  -0.00000	   4.81277	 -95.16145	 -60.41775
 10	  2	  -0.00000	 -96.38225	   0.00000	   4.81277	 -91.56948	 -55.99385
 10	  1	  -0.00000	 -92.37658	   0.00000	   4.81277	 -87.56381	 -51.11350

 11	 30	  -0.00000	 -28.37616	  -0.00000	   4.81277	 -23.56339	  11.69459
 11	 29	  -0.00000	 -32.33357	  -0.00000	   4.81277	 -27.52080	   6.83215
 11	 28	  -0.00000	 -36.59636	  -0.00000	   4.81277	 -31.78358	   1.70709
 11	 27	  -0.00000	 -41.14707	  -0.00000	   4.81277	 -36.33429	  -3.65976
 11	 26	  -0.00000	 -45.96066	  -0.00000	   4.81277	 -41.14789	  -9.23981
 11	 25	  -0.00000	 -51.00430	  -0.00000	   4.81277	 -46.19152	 -14.99657
 11	 24	  -0.00000	 -56.23736	  -0.00000	   4.81277	 -51.42458	 -20.88567
 11	 23	  -0.00000	 -61.61166	  -0.00000	   4.81277	 -56.79889	 -26.85519
 11	 22	  -0.00000	 -67.07201	  -0.00000	   4.81277	 -62.25923	 -32.84622
 11	 21	  -0.00000	 -72.55692	  -0.00000	   4.81277	 -67.74414	 -38.79375
 11	 20	  -0.00000	 -77.99967	  -0.00000	   4.81277	 -73.18689	 -44.62774
 11	 19	  -0.00000	 -83.32954	  -0.00000	   4.81277	 -78.51677	 -50.27451
 11	 18	  -0.00000	 -88.47331	  -0.00000	   4.81277	 -83.66054	 -55.65831
 11	 17	  -0.00000	 -93.35687	  -0.00000	   4.81277	 -88.54409	 -60.70303
 11	 16	  -0.00000	 -97.90696	  -0.00000	   4.81277	 -93.09419	 -65.33405
 11	 15	  -0.00000	-102.05304	  -0.00000	   4.81277	 -97.24026	 -69.48013
 11	 14	  -0.00000	-105.72904	  -0.00000	   4.81277	-100.91627	 -73.07520
 11	 13	  -0.00000	-108.87517	  -0.00000	   4.81277	-104.06240	 -76.06017
 11	 12	  -0.00000	-111.43949	  -0.00000	   4.81277	-106.62672	 -78.38446
 11	 11	  -0.00000	-113.37936	  -0.00000	   4.81277	-108.56659	 -80.00744
 11	 10	  -0.00000	-114.66262	  -0.00000	   4.81277	-109.84984	 -80.89945
 11	  9	  -0.00000	-115.26844	  -0.00000	   4.81277	-110.45567	 -81.04266
 11	  8	  -0.00000	-115.18796	  -0.00000	   4.81277	-110.37519	 -80.43149
 11	  7	  -0.00000	-114.42442	  -0.00000	   4.81277	-109.61165	 -79.07274
 11	  6	  -0.00000	-112.99308	  -0.00000	   4.81277	-108.18030	 -76.98535
 11	  5	  -0.00000	-110.92067	  -0.00000	   4.81277	-106.10790	 -74.19983
 11	  4	  -0.00000	-108.24466	  -0.00000	   4.81277	-103.43189	 -70.75736
 11	  3	  -0.00000	-105.01207	  -0.00000	   4.81277	-100.19930	 -66.70863
 11	  2	  -0.00000	-101.27818	  -0.00000	   4.81277	 -96.46540	 -62.11246
 11	  1	  -0.00000	 -97.10493	  -0.00000	   4.81277	 -92.29215	 -57.03417

 12	 30	  -0.00000	 -28.88355	  -0.00000	   4.81277	 -24.07077	  10.01918
 12	 29	  -0.00000	 -32.97352	  -0.00000	   4.81277	 -28.16075	   4.99231
 12	 28	  -0.00000	 -37.38574	  -0.00000	   4.81277	 -32.57296	  -0.31424
 12	 27	  -0.00000	 -42.10278	  -0.00000	   4.81277	 -37.29001	  -5.87942
 12	 26	  -0.00000	 -47.09929	  -0.00000	   4.81277	 -42.28652	 -11.67402
 12	 25	  -0.00000	 -52.34171	  -0.00000	   4.81277	 -47.52894	 -17.66047
 12	 24	  -0.00000	 -57.78828	  -0.00000	   4.81277	 -52.97550	 -23.79289
 12	 23	  -0.00000	 -63.38925	  -0.00000	   4.81277	 -58.57647	 -30.01732
 12	 22	  -0.00000	 -69.08742	  -0.00000	   4.81277	 -64.27465	 -36.27242
 12	 21	  -0.00000	 -74.81891	  -0.00000	   4.81277	 -70.00614	 -42.49023
 12	 20	  -0.00000	 -80.51420	  -0.00000	   4.81277	 -75.70143	 -48.59746
 12	 19	  -0.00000	 -86.09945	  -0.00000	   4.81277	 -81.28667	 -54.51682
 12	 18	  -0.00000	 -91.49803	  -0.00000	   4.81277	 -86.68525	 -60.16875
 12	 17	  -0.00000	 -96.63222	  -0.00000	   4.81277	 -91.81944	 -65.47319
 12	 16	  -0.00000	-101.42506	  -0.00000	   4.81277	 -96.61228	 -70.35157
 12	 15	  -0.00000	-105.80223	  -0.00000	   4.81277	-100.98946	 -74.72875
 12	 14	  -0.00000	-109.69402	  -0.00000	   4.81277	-104.88124	 -78.53499
 12	 13	  -0.00000	-113.03709	  -0.00000	   4.81277	-108.22431	 -81.70781
 12	 12	  -0.00000	-115.77625	  -0.00000	   4.81277	-110.96347	 -84.19362
 12	 11	  -0.00000	-117.86596	  -0.00000	   4.81277	-113.05319	 -85.94922
 12	 10	  -0.00000	-119.27158	  -0.00000	   4.81277	-114.45880	 -86.94290
 12	  9	  -0.00000	-119.97033	  -0.00000	   4.81277	-115.15755	 -87.15532
 12	  8	  -0.00000	-119.95189	  -0.00000	   4.81277	-115.13911	 -86.57996
 12	  7	  -0.00000	-119.21869	  -0.00000	   4.81277	-114.40591	 -85.22330
 12	  6	  -0.00000	-117.78574	  -0.00000	   4.81277	-112.97296	 -83.10450
 12	  5	  -0.00000	-115.68017	  -0.00000	   4.81277	-110.86740	 -80.25490
 12	  4	  -0.00000	-112.94039	  -0.00000	   4.81277	-108.12762	 -76.71703
 12	  3	  -0.00000	-109.61494	  -0.00000	   4.81277	-104.80217	 -72.54345
 12	  2	  -0.00000	-105.76110	  -0.00000	   4.81277	-100.94832	 -67.79527
 12	  1	  -0.00000	-101.44325	  -0.00000	   4.81277	 -96.63048	 -62.54052

 13	 30	  -0.00000	 -29.14037	  -0.00000	   4.81277	 -24.32760	   8.62123
 13	 29	  -0.00000	 -33.33725	  -0.00000	   4.81277	 -28.52447	   3.45404
 13	 28	  -0.00000	 -37.87224	  -0.00000	   4.81277	 -33.05947	  -2.00911
 13	 27	  -0.00000	 -42.72819	  -0.00000	   4.81277	 -37.91542	  -7.74714
 13	 26	  -0.00000	 -47.87966	  -0.00000	   4.81277	 -43.06688	 -13.73047
 13	 25	  -0.00000	 -53.29263	  -0.00000	   4.81277	 -48.47986	 -19.92071
 13	 24	  -0.00000	 -58.92451	  -0.00000	   4.81277	 -54.11173	 -26.27067
 13	 23	  -0.00000	 -64.72430	  -0.00000	   4.81277	 -59.91152	 -32.72467
 13	 22	  -0.00000	 -70.63314	  -0.00000	   4.81277	 -65.82036	 -39.21914
 13	 21	  -0.00000	 -76.58507	  -0.00000	   4.81277	 -71.77230	 -45.68351
 13	 20	  -0.00000	 -82.50815	  -0.00000	   4.81277	 -77.69537	 -52.04143
 13	 19	  -0.00000	 -88.32574	  -0.00000	   4.81277	 -83.51297	 -58.21228
 13	 18	  -0.00000	 -93.95816	  -0.00000	   4.81277	 -89.14539	 -64.11291
 13	 17	  -0.00000	 -99.32439	  -0.00000	   4.81277	 -94.51161	 -69.65955
 13	 16	  -0.00000	-104.34403	  -0.00000	   4.81277	 -99.53125	 -74.76989
 13	 15	  -0.00000	-108.93927	  -0.00000	   4.81277	-104.12649	 -79.36513
 13	 14	  -0.00000	-113.03690	  -0.00000	   4.81277	-108.22413	 -83.37207
 13	 13	  -0.00000	-116.57025	  -0.00000	   4.81277	-111.75748	 -86.72500
 13	 12	  -0.00000	-119.48099	  -0.00000	   4.81277	-114.66821	 -89.36752
 13	 11	  -0.00000	-121.72070	  -0.00000	   4.81277	-116.90793	 -91.25398
 13	 10	  -0.00000	-123.25229	  -0.00000	   4.81277	-118.43951	 -92.35072
 13	  9	  -0.00000	-124.05093	  -0.00000	   4.81277	-119.23815	 -92.63693
 13	  8	  -0.00000	-124.10478	  -0.00000	   4.81277	-119.29201	 -92.10515
 13	  7	  -0.00000	-123.41526	  -0.00000	   4.81277	-118.60249	 -90.76142
 13	  6	  -0.00000	-121.99696	  -0.00000	   4.81277	-117.18418	 -88.62503
 13	  5	  -0.00000	-119.87711	  -0.00000	   4.81277	-115.06433	 -85.72792
 13	  4	  -0.00000	-117.09480	  -0.00000	   4.81277	-112.28202	 -82.11374
 13	  3	  -0.00000	-113.69976	  -0.00000	   4.81277	-108.88699	 -77.83663
 13	  2	  -0.00000	-109.75096	  -0.00000	   4.81277	-104.93818	 -72.95967
 13	  1	  -0.00000	-105.31486	  -0.00000	   4.81277	-100.50208	 -67.55326

 14	 30	  -0.00000	 -29.12707	  -0.00000	   4.81277	 -24.31429	   7.52319
 14	 29	  -0.00000	 -33.40233	  -0.00000	   4.81277	 -28.58956	   2.24265
 14	 28	  -0.00000	 -38.03038	  -0.00000	   4.81277	 -33.21761	  -3.34915
 14	 27	  -0.00000	 -42.99452	  -0.00000	   4.81277	 -38.18175	  -9.23136
 14	 26	  -0.00000	 -48.26948	  -0.00000	   4.81277	 -43.45670	 -15.37423
 14	 25	  -0.00000	 -53.82109	  -0.00000	   4.81277	 -49.00832	 -21.73883
 14	 24	  -0.00000	 -59.60625	  -0.00000	   4.81277	 -54.79347	 -28.27697
 14	 23	  -0.00000	 -65.57305	  -0.00000	   4.81277	 -60.76028	 -34.93151
 14	 22	  -0.00000	 -71.66136	  -0.00000	   4.81277	 -66.84859	 -41.63698
 14	 21	  -0.00000	 -77.80355	  -0.00000	   4.81277	 -72.99077	 -48.32045
 14	 20	  -0.00000	 -83.92561	  -0.00000	   4.81277	 -79.11284	 -54.90282
 14	 19	  -0.00000	 -89.94855	  -0.00000	   4.81277	 -85.13577	 -61.30040
 14	 18	  -0.00000	 -95.78998	  -0.00000	   4.81277	 -90.97720	 -67.42673
 14	 17	  -0.00000	-101.36597	  -0.00000	   4.81277	 -96.55319	 -73.19458
 14	 16	  -0.00000	-106.59302	  -0.00000	   4.81277	-101.78025	 -78.51815
 14	 15	  -0.00000	-111.39013	  -0.00000	   4.81277	-106.57735	 -83.31526
 14	 14	  -0.00000	-115.68086	  -0.00000	   4.81277	-110.86809	 -87.50947
 14	 13	  -0.00000	-119.39541	  -0.00000	   4.81277	-114.58263	 -91.03215
 14	 12	  -0.00000	-122.47242	  -0.00000	   4.81277	-117.65964	 -93.82427
 14	 11	  -0.00000	-124.86075	  -0.00000	   4.81277	-120.04797	 -95.83795
 14	 10	  -0.00000	-126.52082	  -0.00000	   4.81277	-121.70805	 -97.03772
 14	  9	  -0.00000	-127.42576	  -0.00000	   4.81277	-122.61299	 -97.40138
 14	  8	  -0.00000	-127.56208	  -0.00000	   4.81277	-122.74931	 -96.92055
 14	  7	  -0.00000	-126.93004	  -0.00000	   4.81277	-122.11727	 -95.60076
 14	  6	  -0.00000	-125.54356	  -0.00000	   4.81277	-120.73078	 -93.46129
 14	  5	  -0.00000	-123.42973	  -0.00000	   4.81277	-118.61696	 -90.53449
 14	  4	  -0.00000	-120.62800	  -0.00000	   4.81277	-115.81523	 -86.86484
 14	  3	  -0.00000	-117.18897	  -0.00000	   4.81277	-112.37619	 -82.50773
 14	  2	  -0.00000	-113.17285	  -0.00000	   4.81277	-108.36008	 -77.52787
 14	  1	  -0.00000	-108.64785	  -0.00000	   4.81277	-103.83508	 -71.99760

 15	 30	  -0.00000	 -28.82875	  -0.00000	   4.81277	 -24.01598	   6.74317
 15	 29	  -0.00000	 -33.15149	  -0.00000	   4.81277	 -28.33872	   1.37870
 15	 28	  -0.00000	 -37.84024	  -0.00000	   4.81277	 -33.02746	  -4.31118
 15	 27	  -0.00000	 -42.87899	  -0.00000	   4.81277	 -38.06621	 -10.30608
 15	 26	  -0.00000	 -48.24292	  -0.00000	   4.81277	 -43.43015	 -16.57637
 15	 25	  -0.00000	 -53.89803	  -0.00000	   4.79784	 -49.10019	 -23.09778
 15	 24	  -0.00000	 -59.80103	  -0.00000	   4.78020	 -55.02083	 -29.80922
 15	 23	  -0.00000	 -65.89953	  -0.00000	   4.76156	 -61.13797	 -36.65073
 15	 22	  -0.00000	 -72.13249	  -0.00000	   4.74392	 -67.38857	 -43.55319
 15	 21	  -0.00000	 -78.43104	  -0.00000	   4.72899	 -73.70206	 -50.43996
 15	 20	  -0.00000	 -84.71960	  -0.00000	   4.72899	 -79.99061	 -57.21727
 15	 19	  -0.00000	 -90.91721	  -0.00000	   4.72899	 -86.18822	 -63.81357
 15	 18	  -0.00000	 -96.93925	  -0.00000	   4.72899	 -92.21026	 -70.13935
 15	 17	  -0.00000	-102.69928	  -0.00000	   4.72899	 -97.97029	 -76.10422
 15	 16	  -0.00000	-108.11110	  -0.00000	   4.72899	-103.38211	 -81.61918
 15	 15	  -0.00000	-113.09085	  -0.00000	   4.72899	-108.36186	 -86.59893
 15	 14	  -0.00000	-117.55920	  -0.00000	   4.72899	-112.83021	 -90.96414
 15	 13	  -0.00000	-121.44343	  -0.00000	   4.72899	-116.71444	 -94.64353
 15	 12	  -0.00000	-124.67939	  -0.00000	   4.72899	-119.95040	 -97.57575
 15	 11	  -0.00000	-127.21329	  -0.00000	   4.72899	-122.48431	 -99.71097
 15	 10	  -0.00000	-129.00317	  -0.00000	   4.74392	-124.25925	-100.99716
 15	  9	  -0.00000	-130.02005	  -0.00000	   4.76156	-125.25849	-101.42312
 15	  8	  -0.00000	-130.24871	  -0.00000	   4.78020	-125.46851	-100.98127
 15	  7	  -0.00000	-129.68810	  -0.00000	   4.79784	-124.89026	 -99.67865
 15	  6	  -0.00000	-128.35124	  -0.00000	   4.81277	-123.53847	 -97.53606
 15	  5	  -0.00000	-126.26481	  -0.00000	   4.81277	-121.45203	 -94.59826
 15	  4	  -0.00000	-123.46827	  -0.00000	   4.81277	-118.65550	 -90.89536
 15	  3	  -0.00000	-120.01269	  -0.00000	   4.81277	-115.19991	 -86.48363
 15	  2	  -0.00000	-115.95918	  -0.00000	   4.81277	-111.14640	 -81.42898
 15	  1	  -0.00000	-111.37720	  -0.00000	   4.81277	-106.56442	 -75.80528

 16	 30	  -0.00000	 -28.23591	  -0.00000	   4.81277	 -23.42314	   6.29428
 16	 29	  -0.00000	 -32.57331	  -0.00000	   4.81277	 -27.76054	   0.87729
 16	 28	  -0.00000	 -37.28830	  -0.00000	   4.81277	 -32.47552	  -4.87797
 16	 27	  -0.00000	 -42.36579	  -0.00000	   4.79699	 -37.56880	 -10.96758
 16	 26	  -0.00000	 -47.78169	  -0.00000	   4.77370	 -43.00799	 -17.35404
 16	 25	  -0.00000	 -53.50247	  -0.00000	   4.72803	 -48.77444	 -24.01308
 16	 24	  -0.00000	 -59.48504	  -0.00000	   4.67407	 -54.81097	 -30.88139
 16	 23	  -0.00000	 -65.67690	  -0.00000	   4.61703	 -61.05987	 -37.89471
 16	 22	  -0.00000	 -72.01659	  -0.00000	   4.56307	 -67.45352	 -44.97853
 16	 21	  -0.00000	 -78.43445	  -0.00000	   4.53233	 -73.90212	 -52.03605
 16	 20	  -0.00000	 -84.85376	  -0.00000	   4.52668	 -80.32708	 -58.98171
 16	 19	  -0.00000	 -91.19213	  -0.00000	   4.52954	 -86.66259	 -65.74310
 16	 18	  -0.00000	 -97.36317	  -0.00000	   4.54718	 -92.81598	 -72.22169
 16	 17	  -0.00000	-103.27839	  -0.00000	   4.56211	 -98.71628	 -78.34166
 16	 16	  -0.00000	-108.84933	  -0.00000	   4.56211	-104.28721	 -84.02333
 16	 15	  -0.00000	-113.98968	  -0.00000	   4.56211	-109.42757	 -89.16368
 16	 14	  -0.00000	-118.61755	  -0.00000	   4.56211	-114.05544	 -93.68083
 16	 13	  -0.00000	-122.65763	  -0.00000	   4.54718	-118.11045	 -97.51615
 16	 12	  -0.00000	-126.04318	  -0.00000	   4.54533	-121.49785	-100.57836
 16	 11	  -0.00000	-128.71792	  -0.00000	   4.54997	-124.16795	-102.82258
 16	 10	  -0.00000	-130.63758	  -0.00000	   4.57800	-126.05958	-104.19351
 16	  9	  -0.00000	-131.77109	  -0.00000	   4.61703	-127.15406	-104.67907
 16	  8	  -0.00000	-132.10142	  -0.00000	   4.67407	-127.42735	-104.26218
 16	  7	  -0.00000	-131.62604	  -0.00000	   4.72803	-126.89801	-102.96843
 16	  6	  -0.00000	-130.35687	  -0.00000	   4.77370	-125.58317	-100.82181
 16	  5	  -0.00000	-128.31987	  -0.00000	   4.79699	-123.52288	 -97.86893
 16	  4	  -0.00000	-125.55416	  -0.00000	   4.81277	-120.74139	 -94.14017
 16	  3	  -0.00000	-122.11089	  -0.00000	   4.81277	-117.29812	 -89.70056
 16	  2	  -0.00000	-118.05163	  -0.00000	   4.81277	-113.23885	 -84.60103
 16	  1	  -0.00000	-113.44663	  -0.00000	   4.81277	-108.63385	 -78.91644

 17	 30	  -0.00000	 -27.34495	  -0.00000	   4.81277	 -22.53218	   6.18411
 17	 29	  -0.00000	 -31.66291	  -0.00000	   4.81277	 -26.85013	   0.74742
 17	 28	  -0.00000	 -36.36820	  -0.00000	   4.79514	 -31.57306	  -5.05656
 17	 27	  -0.00000	 -41.44690	  -0.00000	   4.75027	 -36.69663	 -11.21870
 17	 26	  -0.00000	 -46.87590	  -0.00000	   4.68408	 -42.19182	 -17.70458
 17	 25	  -0.00000	 -52.62248	  -0.00000	   4.58176	 -48.04073	 -24.49025
 17	 24	  -0.00000	 -58.64415	  -0.00000	   4.46088	 -54.18327	 -31.50894
 17	 23	  -0.00000	 -64.88870	  -0.00000	   4.34889	 -60.53981	 -38.67374
 17	 22	  -0.00000	 -71.29469	  -0.00000	   4.26623	 -67.02846	 -45.89496
 17	 21	  -0.00000	 -77.79218	  -0.00000	   4.21229	 -73.57989	 -53.09514
 17	 20	  -0.00000	 -84.30383	  -0.00000	   4.20106	 -80.10277	 -60.17477
 17	 19	  -0.00000	 -90.74632	  -0.00000	   4.21223	 -86.53408	 -67.06295
 17	 18	  -0.00000	 -97.03199	  -0.00000	   4.24584	 -92.78614	 -73.66482
 17	 17	  -0.00000	-103.07084	  -0.00000	   4.27659	 -98.79425	 -79.90974
 17	 16	  -0.00000	-108.77260	  -0.00000	   4.29987	-104.47273	 -85.70773
 17	 15	  -0.00000	-114.04897	  -0.00000	   4.29987	-109.74910	 -90.98411
 17	 14	  -0.00000	-118.81589	  -0.00000	   4.27659	-114.53931	 -95.65479
 17	 13	  -0.00000	-122.99576	  -0.00000	   4.26348	-118.73228	 -99.61096
 17	 12	  -0.00000	-126.51955	  -0.00000	   4.25710	-122.26245	-102.79132
 17	 11	  -0.00000	-129.32868	  -0.00000	   4.26726	-125.06142	-105.13342
 17	 10	  -0.00000	-131.37665	  -0.00000	   4.31461	-127.06204	-106.57729
 17	  9	  -0.00000	-132.63034	  -0.00000	   4.38710	-128.24324	-107.10974
 17	  8	  -0.00000	-133.07087	  -0.00000	   4.47667	-128.59420	-106.72813
 17	  7	  -0.00000	-132.69406	  -0.00000	   4.58176	-128.11231	-105.43798
 17	  6	  -0.00000	-131.51052	  -0.00000	   4.68408	-126.82645	-103.27597
 17	  5	  -0.00000	-129.54518	  -0.00000	   4.75027	-124.79492	-100.30767
 17	  4	  -0.00000	-126.83651	  -0.00000	   4.79514	-122.04137	 -96.56344
 17	  3	  -0.00000	-123.43527	  -0.00000	   4.81277	-118.62250	 -92.10600
 17	  2	  -0.00000	-119.40306	  -0.00000	   4.81277	-114.59028	 -86.99273
 17	  1	  -0.00000	-114.81042	  -0.00000	   4.81277	-109.99765	 -81.28136

 18	 30	  -0.00000	 -26.15859	  -0.00000	   4.81277	 -21.34581	   6.41432
 18	 29	  -0.00000	 -30.42234	  -0.00000	   4.79699	 -25.62535	   0.97587
 18	 28	  -0.00000	 -35.08121	  -0.00000	   4.75027	 -30.33094	  -4.85301
 18	 27	  -0.00000	 -40.12260	  -0.00000	   4.65745	 -35.46515	 -11.06996
 18	 26	  -0.00000	 -45.52470	  -0.00000	   4.52052	 -41.00418	 -17.64556
 18	 25	  -0.00000	 -51.25592	  -0.00000	   4.32481	 -46.93111	 -24.55646
 18	 24	  -0.00000	 -57.27472	  -0.00000	   4.12703	 -53.14769	 -31.69716
 18	 23	  -0.00000	 -63.52963	  -0.00000	   3.94992	 -59.57971	 -38.98542
 18	 22	  -0.00000	 -69.95972	  -0.00000	   3.81001	 -66.14971	 -46.33494
 18	 21	  -0.00000	 -76.49524	  -0.00000	   3.72591	 -72.76933	 -53.64801
 18	 20	  -0.00000	 -83.05877	  -0.00000	   3.71192	 -79.34684	 -60.82321
 18	 19	  -0.00000	 -89.56658	  -0.00000	   3.74110	 -85.82548	 -67.79426
 18	 18	  -0.00000	 -95.93034	  -0.00000	   3.79204	 -92.13830	 -74.48540
 18	 17	  -0.00000	-102.05903	  -0.00000	   3.85619	 -98.20284	 -80.80672
 18	 16	  -0.00000	-107.86109	  -0.00000	   3.89724	-103.96385	 -86.69755
 18	 15	  -0.00000	-113.24670	  -0.00000	   3.89724	-109.34946	 -92.08316
 18	 14	  -0.00000	-118.13005	  -0.00000	   3.87197	-114.25808	 -96.86196
 18	 13	  -0.00000	-122.43165	  -0.00000	   3.83876	-118.59289	-100.93999
 18	 12	  -0.00000	-126.08044	  -0.00000	   3.83392	-122.24653	-104.21530
 18	 11	  -0.00000	-129.01577	  -0.00000	   3.84886	-125.16692	-106.64328
 18	 10	  -0.00000	-131.18908	  -0.00000	   3.92162	-127.26747	-108.14614
 18	  9	  -0.00000	-132.56522	  -0.00000	   4.04121	-128.52401	-108.70924
 18	  8	  -0.00000	-133.12340	  -0.00000	   4.19433	-128.92906	-108.33477
 18	  7	  -0.00000	-132.85771	  -0.00000	   4.35824	-128.49947	-107.04895
 18	  6	  -0.00000	-131.77720	  -0.00000	   4.52052	-127.25668	-104.88203
 18	  5	  -0.00000	-129.90551	  -0.00000	   4.65745	-125.24806	-101.88944
 18	  4	  -0.00000	-127.28006	  -0.00000	   4.75027	-122.52979	 -98.13460
 18	  3	  -0.00000	-123.95086	  -0.00000	   4.79699	-119.15387	 -93.67593
 18	  2	  -0.00000	-119.97901	  -0.00000	   4.81277	-115.16623	 -88.56501
 18	  1	  -0.00000	-115.43488	  -0.00000	   4.81277	-110.62210	 -82.86197

 19	 30	  -0.00000	 -24.68603	  -0.00000	   4.81277	 -19.87325	   6.98052
 19	 29	  -0.00000	 -28.86090	  -0.00000	   4.77370	 -24.08719	   1.56675
 19	 28	  -0.00000	 -33.43651	  -0.00000	   4.68408	 -28.75243	  -4.26519
 19	 27	  -0.00000	 -38.40187	  -0.00000	   4.52052	 -33.88135	 -10.52273
 19	 26	  -0.00000	 -43.73669	  -0.00000	   4.27922	 -39.45747	 -17.18360
 19	 25	  -0.00000	 -49.41084	  -0.00000	   3.99494	 -45.41590	 -24.17620
 19	 24	  -0.00000	 -55.38411	  -0.00000	   3.69735	 -51.68676	 -31.42288
 19	 23	  -0.00000	 -61.60621	  -0.00000	   3.42010	 -58.18611	 -38.83087
 19	 22	  -0.00000	 -68.01714	  -0.00000	   3.20848	 -64.80866	 -46.28503
 19	 21	  -0.00000	 -74.54790	  -0.00000	   3.09133	 -71.45657	 -53.67667
 19	 20	  -0.00000	 -81.12151	  -0.00000	   3.08235	 -78.03916	 -60.90367
 19	 19	  -0.00000	 -87.65441	  -0.00000	   3.13308	 -84.52133	 -67.91937
 19	 18	  -0.00000	 -94.05811	  -0.00000	   3.23371	 -90.82439	 -74.63412
 19	 17	  -0.00000	-100.24115	  -0.00000	   3.33094	 -96.91021	 -81.00031
 19	 16	  -0.00000	-106.11124	  -0.00000	   3.40168	-102.70956	 -86.94171
 19	 15	  -0.00000	-111.57752	  -0.00000	   3.40168	-108.17584	 -92.40799
 19	 14	  -0.00000	-116.55289	  -0.00000	   3.37001	-113.18288	 -97.27298
 19	 13	  -0.00000	-120.95636	  -0.00000	   3.32334	-117.63301	-101.44274
 19	 12	  -0.00000	-124.71517	  -0.00000	   3.29664	-121.41853	-104.81657
 19	 11	  -0.00000	-127.76686	  -0.00000	   3.32365	-124.44321	-107.30772
 19	 10	  -0.00000	-130.06095	  -0.00000	   3.42482	-126.63613	-108.85622
 19	  9	  -0.00000	-131.56034	  -0.00000	   3.60245	-127.95789	-109.43426
 19	  8	  -0.00000	-132.24234	  -0.00000	   3.83658	-128.40576	-109.05053
 19	  7	  -0.00000	-132.09918	  -0.00000	   4.09132	-128.00786	-107.74397
 19	  6	  -0.00000	-131.13817	  -0.00000	   4.32843	-126.80974	-105.57003
 19	  5	  -0.00000	-129.38135	  -0.00000	   4.52052	-124.86083	-102.58697
 19	  4	  -0.00000	-126.86477	  -0.00000	   4.68408	-122.18069	 -98.82207
 19	  3	  -0.00000	-123.63724	  -0.00000	   4.77370	-118.86354	 -94.37630
 19	  2	  -0.00000	-119.75893	  -0.00000	   4.81277	-114.94616	 -89.29221
 19	  1	  -0.00000	-115.29949	  -0.00000	   4.81277	-110.48672	 -83.63295

 20	 30	  -0.00000	 -22.94300	  -0.00000	   4.79784	 -18.14515	   7.85725
 20	 29	  -0.00000	 -26.99503	  -0.00000	   4.72803	 -22.26701	   2.49436
 20	 28	  -0.00000	 -31.45125	  -0.00000	   4.58176	 -26.86949	  -3.31901
 20	 27	  -0.00000	 -36.30240	  -0.00000	   4.32481	 -31.97759	  -9.60294
 20	 26	  -0.00000	 -41.52999	  -0.00000	   3.99494	 -37.53505	 -16.29535
 20	 25	  -0.00000	 -47.10564	  -0.00000	   3.58429	 -43.52136	 -23.36881
 20	 24	  -0.00000	 -52.99084	  -0.00000	   3.15486	 -49.83598	 -30.71466
 20	 23	  -0.00000	 -59.13688	  -0.00000	   2.76329	 -56.37359	 -38.21801
 20	 22	  -0.00000	 -65.48520	  -0.00000	   2.47614	 -63.00905	 -45.74276
 20	 21	  -0.00000	 -71.96800	  -0.00000	   2.33356	 -69.63444	 -53.16857
 20	 20	  -0.00000	 -78.50932	  -0.00000	   2.34647	 -76.16284	 -60.39500
 20	 19	  -0.00000	 -85.02629	  -0.00000	   2.45186	 -82.57443	 -67.38809
 20	 18	  -0.00000	 -91.43087	  -0.00000	   2.62044	 -88.81044	 -74.07527
 20	 17	  -0.00000	 -97.63172	  -0.00000	   2.76494	 -94.86678	 -80.44024
 20	 16	  -0.00000	-103.53634	  -0.00000	   2.86127	-100.67507	 -86.40535
 20	 15	  -0.00000	-109.05337	  -0.00000	   2.87620	-106.17717	 -91.90744
 20	 14	  -0.00000	-114.09491	  -0.00000	   2.83475	-111.26015	 -96.83362
 20	 13	  -0.00000	-118.57886	  -0.00000	   2.76671	-115.81215	-101.07699
 20	 12	  -0.00000	-122.43115	  -0.00000	   2.70880	-119.72235	-104.53601
 20	 11	  -0.00000	-125.58775	  -0.00000	   2.72555	-122.86220	-107.09435
 20	 10	  -0.00000	-127.99647	  -0.00000	   2.84895	-125.14752	-108.68165
 20	  9	  -0.00000	-129.61838	  -0.00000	   3.08501	-126.53338	-109.26708
 20	  8	  -0.00000	-130.42885	  -0.00000	   3.40694	-127.02191	-108.86634
 20	  7	  -0.00000	-130.41819	  -0.00000	   3.76372	-126.65447	-107.53314
 20	  6	  -0.00000	-129.59178	  -0.00000	   4.09968	-125.49210	-105.33956
 20	  5	  -0.00000	-127.96984	  -0.00000	   4.37402	-123.59582	-102.35611
 20	  4	  -0.00000	-125.58665	  -0.00000	   4.58176	-121.00489	 -98.63024
 20	  3	  -0.00000	-122.48947	  -0.00000	   4.72803	-117.76144	 -94.21096
 20	  2	  -0.00000	-118.73703	  -0.00000	   4.79784	-113.93919	 -89.17783
 20	  1	  -0.00000	-114.39778	  -0.00000	   4.81277	-109.58501	 -83.58260

 21	 30	  -0.00000	 -20.95148	  -0.00000	   4.78020	 -16.17128	   9.04033
 21	 29	  -0.00000	 -24.84822	  -0.00000	   4.67407	 -20.17414	   3.75544
 21	 28	  -0.00000	 -29.15029	  -0.00000	   4.46088	 -24.68940	  -2.01508
 21	 27	  -0.00000	 -33.85038	  -0.00000	   4.12703	 -29.72335	  -8.27283
 21	 26	  -0.00000	 -38.93200	  -0.00000	   3.69735	 -35.23466	 -14.97077
 21	 25	  -0.00000	 -44.36883	  -0.00000	   3.15486	 -41.21397	 -22.09265
 21	 24	  -0.00000	 -50.12437	  -0.00000	   2.59257	 -47.53180	 -29.50057
 21	 23	  -0.00000	 -56.15191	  -0.00000	   2.09259	 -54.05932	 -37.05565
 21	 22	  -0.00000	 -62.39474	  -0.00000	   1.74353	 -60.65121	 -44.60051
 21	 21	  -0.00000	 -68.78681	  -0.00000	   1.59543	 -67.19138	 -52.00504
 21	 20	  -0.00000	 -75.25365	  -0.00000	   1.65318	 -73.60046	 -59.17392
 21	 19	  -0.00000	 -81.71368	  -0.00000	   1.83543	 -79.87825	 -66.08966
 21	 18	  -0.00000	 -88.07985	  -0.00000	   2.07559	 -86.00426	 -72.71422
 21	 17	  -0.00000	 -94.26150	  -0.00000	   2.29056	 -91.97094	 -79.02393
 21	 16	  -0.00000	-100.16651	  -0.00000	   2.41567	 -97.75085	 -84.97881
 21	 15	  -0.00000	-105.70353	  -0.00000	   2.44824	-103.25529	 -90.48325
 21	 14	  -0.00000	-110.78435	  -0.00000	   2.39670	-108.38765	 -95.44064
 21	 13	  -0.00000	-115.32621	  -0.00000	   2.28878	-113.03743	 -99.74739
 21	 12	  -0.00000	-119.25407	  -0.00000	   2.20270	-117.05137	-103.26278
 21	 11	  -0.00000	-122.50267	  -0.00000	   2.19504	-120.30763	-105.88109
 21	 10	  -0.00000	-125.01830	  -0.00000	   2.32571	-122.69258	-107.50624
 21	  9	  -0.00000	-126.76031	  -0.00000	   2.60626	-124.15405	-108.10335
 21	  8	  -0.00000	-127.70220	  -0.00000	   3.00460	-124.69760	-107.69393
 21	  7	  -0.00000	-127.83227	  -0.00000	   3.45530	-124.37697	-106.34575
 21	  6	  -0.00000	-127.15385	  -0.00000	   3.88514	-123.26871	-104.14739
 21	  5	  -0.00000	-125.68506	  -0.00000	   4.23920	-121.44586	-101.18198
 21	  4	  -0.00000	-123.45815	  -0.00000	   4.49431	-118.96384	 -97.51332
 21	  3	  -0.00000	-120.51838	  -0.00000	   4.67407	-115.84431	 -93.16998
 21	  2	  -0.00000	-116.92263	  -0.00000	   4.78020	-112.14243	 -88.21284
 21	  1	  -0.00000	-112.73764	  -0.00000	   4.81277	-107.92487	 -82.71326

 22	 30	  -0.00000	 -18.73931	  -0.00000	   4.76156	 -13.97775	  10.50949
 22	 29	  -0.00000	 -22.45042	  -0.00000	   4.61703	 -17.83339	   5.33178
 22	 28	  -0.00000	 -26.56573	  -0.00000	   4.34889	 -22.21685	  -0.35078
 22	 27	  -0.00000	 -31.08000	  -0.00000	   3.94992	 -27.13008	  -6.53579
 22	 26	  -0.00000	 -35.97893	  -0.00000	   3.42010	 -32.55883	 -13.20360
 22	 25	  -0.00000	 -41.23850	  -0.00000	   2.76329	 -38.47521	 -20.31963
 22	 24	  -0.00000	 -46.82456	  -0.00000	   2.09259	 -44.73198	 -27.72830
 22	 23	  -0.00000	 -52.69275	  -0.00000	   1.51398	 -51.17878	 -35.26887
 22	 22	  -0.00000	 -58.78867	  -0.00000	   1.13474	 -57.65393	 -42.76685
 22	 21	  -0.00000	 -65.04843	  -0.00000	   1.01035	 -64.03808	 -50.08727
 22	 20	  -0.00000	 -71.39959	  -0.00000	   1.13593	 -70.26366	 -57.14402
 22	 19	  -0.00000	 -77.76240	  -0.00000	   1.41000	 -76.35240	 -63.93769
 22	 18	  -0.00000	 -84.05134	  -0.00000	   1.74137	 -82.30997	 -70.45143
 22	 17	  -0.00000	 -90.17702	  -0.00000	   2.01573	 -88.16130	 -76.68850
 22	 16	  -0.00000	 -96.04821	  -0.00000	   2.18170	 -93.86651	 -82.59154
 22	 15	  -0.00000	-101.57412	  -0.00000	   2.23292	 -99.34121	 -88.06623
 22	 14	  -0.00000	-106.66672	  -0.00000	   2.16025	-104.50646	 -93.03367
 22	 13	  -0.00000	-111.24304	  -0.00000	   2.02530	-109.21774	 -97.35920
 22	 12	  -0.00000	-115.22748	  -0.00000	   1.89390	-113.33358	-100.91887
 22	 11	  -0.00000	-118.55382	  -0.00000	   1.84985	-116.70397	-103.58433
 22	 10	  -0.00000	-121.16710	  -0.00000	   1.96779	-119.19931	-105.24851
 22	  9	  -0.00000	-123.02511	  -0.00000	   2.26583	-120.75928	-105.87220
 22	  8	  -0.00000	-124.09951	  -0.00000	   2.70968	-121.38982	-105.47992
 22	  7	  -0.00000	-124.37657	  -0.00000	   3.22368	-121.15290	-104.14922
 22	  6	  -0.00000	-123.85744	  -0.00000	   3.72074	-120.13670	-101.98113
 22	  5	  -0.00000	-122.55795	  -0.00000	   4.13402	-118.42393	 -99.06870
 22	  4	  -0.00000	-120.50800	  -0.00000	   4.43383	-116.07418	 -95.47988
 22	  3	  -0.00000	-117.75053	  -0.00000	   4.63281	-113.11771	 -91.25165
 22	  2	  -0.00000	-114.34012	  -0.00000	   4.76156	-109.57857	 -86.41340
 22	  1	  -0.00000	-110.34134	  -0.00000	   4.81277	-105.52856	 -81.04132

 23	 30	  -0.00000	 -16.33952	  -0.00000	   4.74392	 -11.59560	  12.23977
 23	 29	  -0.00000	 -19.83746	  -0.00000	   4.56307	 -15.27439	   7.20060
 23	 28	  -0.00000	 -23.73620	  -0.00000	   4.26623	 -19.46997	   1.66353
 23	 27	  -0.00000	 -28.03267	  -0.00000	   3.81001	 -24.22266	  -4.40789
 23	 26	  -0.00000	 -32.71492	  -0.00000	   3.20848	 -29.50644	 -10.98281
 23	 25	  -0.00000	 -37.76146	  -0.00000	   2.47614	 -35.28531	 -18.01902
 23	 24	  -0.00000	 -43.14077	  -0.00000	   1.74353	 -41.39724	 -25.34654
 23	 23	  -0.00000	 -48.81117	  -0.00000	   1.13474	 -47.67643	 -32.78935
 23	 22	  -0.00000	 -54.72093	  -0.00000	   0.76812	 -53.95281	 -40.16423
 23	 21	  -0.00000	 -60.80881	  -0.00000	   0.69795	 -60.11086	 -47.33882
 23	 20	  -0.00000	 -67.00486	  -0.00000	   0.90637	 -66.09849	 -54.23995
 23	 19	  -0.00000	 -73.23163	  -0.00000	   1.27289	 -71.95874	 -60.88513
 23	 18	  -0.00000	 -79.40572	  -0.00000	   1.68799	 -77.71773	 -67.27144
 23	 17	  -0.00000	 -85.43949	  -0.00000	   2.02406	 -83.41542	 -73.40917
 23	 16	  -0.00000	 -91.24317	  -0.00000	   2.21133	 -89.03185	 -79.25304
 23	 15	  -0.00000	 -96.72707	  -0.00000	   2.28019	 -94.44688	 -84.66808
 23	 14	  -0.00000	-101.80379	  -0.00000	   2.20491	 -99.59888	 -89.59263
 23	 13	  -0.00000	-106.39065	  -0.00000	   2.03883	-104.35181	 -93.90552
 23	 12	  -0.00000	-110.41183	  -0.00000	   1.86712	-108.54471	 -97.47109
 23	 11	  -0.00000	-113.80053	  -0.00000	   1.78306	-112.01747	-100.15893
 23	 10	  -0.00000	-116.50076	  -0.00000	   1.87029	-114.63047	-101.85843
 23	  9	  -0.00000	-118.46892	  -0.00000	   2.15307	-116.31585	-102.52727
 23	  8	  -0.00000	-119.67494	  -0.00000	   2.59881	-117.07613	-102.18906
 23	  7	  -0.00000	-120.10307	  -0.00000	   3.12849	-116.97458	-100.92388
 23	  6	  -0.00000	-119.75216	  -0.00000	   3.64848	-116.10368	 -98.83739
 23	  5	  -0.00000	-118.63559	  -0.00000	   4.08517	-114.55041	 -96.02678
 23	  4	  -0.00000	-116.78065	  -0.00000	   4.40424	-112.37641	 -92.56164
 23	  3	  -0.00000	-114.22762	  -0.00000	   4.61707	-109.61055	 -88.47704
 23	  2	  -0.00000	-111.02843	  -0.00000	   4.74392	-106.28451	 -83.80953
 23	  1	  -0.00000	-107.24500	  -0.00000	   4.81277	-102.43223	 -78.59685

 24	 30	  -0.00000	 -13.78954	  -0.00000	   4.72899	  -9.06055	  14.20154
 24	 29	  -0.00000	 -17.05011	  -0.00000	   4.53233	 -12.51778	   9.34829
 24	 28	  -0.00000	 -20.70586	  -0.00000	   4.21229	 -16.49357	   3.99118
 24	 27	  -0.00000	 -24.75596	  -0.00000	   3.72591	 -21.03005	  -1.90873
 24	 26	  -0.00000	 -29.19096	  -0.00000	   3.09133	 -26.09963	  -8.31973
 24	 25	  -0.00000	 -33.99206	  -0.00000	   2.33356	 -31.65850	 -15.19263
 24	 24	  -0.00000	 -39.13062	  -0.00000	   1.59543	 -37.53519	 -22.34884
 24	 23	  -0.00000	 -44.56791	  -0.00000	   1.01035	 -43.55756	 -29.60675
 24	 22	  -0.00000	 -50.25524	  -0.00000	   0.69795	 -49.55729	 -36.78525
 24	 21	  -0.00000	 -56.13439	  -0.00000	   0.70420	 -55.43019	 -43.76293
 24	 20	  -0.00000	 -62.13834	  -0.00000	   0.99653	 -61.14181	 -50.48231
 24	 19	  -0.00000	 -68.19245	  -0.00000	   1.43961	 -66.75284	 -56.97404
 24	 18	  -0.00000	 -74.21587	  -0.00000	   1.91522	 -72.30065	 -63.23836
 24	 17	  -0.00000	 -80.12329	  -0.00000	   2.29222	 -77.83106	 -69.27975
 24	 16	  -0.00000	 -85.82690	  -0.00000	   2.50162	 -83.32528	 -75.04126
 24	 15	  -0.00000	 -91.23856	  -0.00000	   2.58541	 -88.65316	 -80.36914
 24	 14	  -0.00000	 -96.27206	  -0.00000	   2.50381	 -93.76825	 -85.21694
 24	 13	  -0.00000	-100.84539	  -0.00000	   2.32271	 -98.52268	 -89.46040
 24	 12	  -0.00000	-104.88296	  -0.00000	   2.12723	-102.75573	 -92.97692
 24	 11	  -0.00000	-108.31768	  -0.00000	   2.01101	-106.30667	 -95.64717
 24	 10	  -0.00000	-111.09284	  -0.00000	   2.05843	-109.03441	 -97.36714
 24	  9	  -0.00000	-113.16363	  -0.00000	   2.29779	-110.86584	 -98.09380
 24	  8	  -0.00000	-114.49836	  -0.00000	   2.70158	-111.79678	 -97.84597
 24	  7	  -0.00000	-115.07927	  -0.00000	   3.19527	-111.88400	 -96.69766
 24	  6	  -0.00000	-114.90290	  -0.00000	   3.68780	-111.21510	 -94.74923
 24	  5	  -0.00000	-113.98000	  -0.00000	   4.10580	-109.87420	 -92.09429
 24	  4	  -0.00000	-112.33508	  -0.00000	   4.41353	-107.92155	 -88.80022
 24	  3	  -0.00000	-110.00546	  -0.00000	   4.61978	-105.38567	 -84.90092
 24	  2	  -0.00000	-107.04004	  -0.00000	   4.74392	-102.29612	 -80.43005
 24	  1	  -0.00000	-103.49774	  -0.00000	   4.81277	 -98.68496	 -75.42287

 25	 30	  -0.00000	 -11.13021	  -0.00000	   4.72899	  -6.40123	  16.37211
 25	 29	  -0.00000	 -14.13304	  -0.00000	   4.52668	  -9.60636	  11.73901
 25	 28	  -0.00000	 -17.52330	  -0.00000	   4.20106	 -13.32224	   6.60576
 25	 27	  -0.00000	 -21.30245	  -0.00000	   3.71192	 -17.59052	   0.93311
 25	 26	  -0.00000	 -25.46361	  -0.00000	   3.08235	 -22.38126	  -5.24577
 25	 25	  -0.00000	 -29.99082	  -0.00000	   2.34647	 -27.64435	 -11.87651
 25	 24	  -0.00000	 -34.85850	  -0.00000	   1.65318	 -33.20531	 -18.77878
 25	 23	  -0.00000	 -40.03113	  -0.00000	   1.13593	 -38.89520	 -25.77556
 25	 22	  -0.00000	 -45.46336	  -0.00000	   0.90637	 -44.55700	 -32.69846
 25	 21	  -0.00000	 -51.10032	  -0.00000	   0.99653	 -50.10379	 -39.44428
 25	 20	  -0.00000	 -56.87832	  -0.00000	   1.35959	 -55.51873	 -45.97279
 25	 19	  -0.00000	 -62.72594	  -0.00000	   1.85127	 -60.87467	 -52.32335
 25	 18	  -0.00000	 -68.56536	  -0.00000	   2.35506	 -66.21030	 -58.48858
 25	 17	  -0.00000	 -74.31405	  -0.00000	   2.74629	 -71.56776	 -64.45264
 25	 16	  -0.00000	 -79.88666	  -0.00000	   2.97588	 -76.91078	 -70.11924
 25	 15	  -0.00000	 -85.19709	  -0.00000	   3.05967	 -82.13743	 -75.34589
 25	 14	  -0.00000	 -90.16075	  -0.00000	   2.98117	 -87.17958	 -80.06446
 25	 13	  -0.00000	 -94.69675	  -0.00000	   2.80546	 -91.89129	 -84.16957
 25	 12	  -0.00000	 -98.73011	  -0.00000	   2.60963	 -96.12048	 -87.56917
 25	 11	  -0.00000	-102.19383	  -0.00000	   2.47843	 -99.71540	 -90.16946
 25	 10	  -0.00000	-105.03072	  -0.00000	   2.48855	-102.54217	 -91.88267
 25	  9	  -0.00000	-107.19499	  -0.00000	   2.66898	-104.52601	 -92.66747
 25	  8	  -0.00000	-108.65347	  -0.00000	   2.99924	-105.65423	 -92.53459
 25	  7	  -0.00000	-109.38646	  -0.00000	   3.41579	-105.97067	 -91.54413
 25	  6	  -0.00000	-109.38815	  -0.00000	   3.83849	-105.54966	 -89.78181
 25	  5	  -0.00000	-108.66659	  -0.00000	   4.20119	-104.46540	 -87.32991
 25	  4	  -0.00000	-107.24331	  -0.00000	   4.47029	-102.77303	 -84.24939
 25	  3	  -0.00000	-105.15246	  -0.00000	   4.65146	-100.50100	 -80.57300
 25	  2	  -0.00000	-102.43962	  -0.00000	   4.76156	 -97.67807	 -76.33269
 25	  1	  -0.00000	 -99.16034	  -0.00000	   4.81277	 -94.34756	 -71.57422

 26	 30	  -0.00000	  -8.40473	  -0.00000	   4.72899	  -3.67574	  18.69891
 26	 29	  -0.00000	 -11.13363	  -0.00000	   4.52954	  -6.60408	  14.31540
 26	 28	  -0.00000	 -14.24022	  -0.00000	   4.21223	 -10.02798	   9.44315
 26	 27	  -0.00000	 -17.72823	  -0.00000	   3.74110	 -13.98713	   4.04409
 26	 26	  -0.00000	 -21.59343	  -0.00000	   3.13308	 -18.46035	  -1.85839
 26	 25	  -0.00000	 -25.82278	  -0.00000	   2.45186	 -23.37092	  -8.18458
 26	 24	  -0.00000	 -30.39387	  -0.00000	   1.83543	 -28.55844	 -14.76985
 26	 23	  -0.00000	 -35.27462	  -0.00000	   1.41000	 -33.86462	 -21.44991
 26	 22	  -0.00000	 -40.42323	  -0.00000	   1.27289	 -39.15034	 -28.07672
 26	 21	  -0.00000	 -45.78849	  -0.00000	   1.43961	 -44.34888	 -34.57007
 26	 20	  -0.00000	 -51.31037	  -0.00000	   1.85127	 -49.45910	 -40.90779
 26	 19	  -0.00000	 -56.92106	  -0.00000	   2.36073	 -54.56033	 -47.13570
 26	 18	  -0.00000	 -62.54616	  -0.00000	   2.87260	 -59.67357	 -53.22182
 26	 17	  -0.00000	 -68.10636	  -0.00000	   3.25354	 -64.85282	 -59.14099
 26	 16	  -0.00000	 -73.51918	  -0.00000	   3.48766	 -70.03152	 -64.72822
 26	 15	  -0.00000	 -78.70105	  -0.00000	   3.57145	 -75.12960	 -69.82630
 26	 14	  -0.00000	 -83.56941	  -0.00000	   3.50420	 -80.06521	 -74.35338
 26	 13	  -0.00000	 -88.04491	  -0.00000	   3.35208	 -84.69283	 -78.24109
 26	 12	  -0.00000	 -92.05356	  -0.00000	   3.16704	 -88.88652	 -81.46190
 26	 11	  -0.00000	 -95.52879	  -0.00000	   3.04085	 -92.48793	 -83.93662
 26	 10	  -0.00000	 -98.41322	  -0.00000	   3.02502	 -95.38820	 -85.60940
 26	  9	  -0.00000	-100.66032	  -0.00000	   3.14583	 -97.51449	 -86.44087
 26	  8	  -0.00000	-102.23559	  -0.00000	   3.38993	 -98.84566	 -86.43095
 26	  7	  -0.00000	-103.11749	  -0.00000	   3.70837	 -99.40912	 -85.62054
 26	  6	  -0.00000	-103.29787	  -0.00000	   4.03726	 -99.26060	 -84.07426
 26	  5	  -0.00000	-102.78205	  -0.00000	   4.32266	 -98.45938	 -81.85742
 26	  4	  -0.00000	-101.58845	  -0.00000	   4.54741	 -97.04104	 -79.00981
 26	  3	  -0.00000	 -99.74785	  -0.00000	   4.69171	 -95.05614	 -75.58501
 26	  2	  -0.00000	 -97.30228	  -0.00000	   4.78020	 -92.52208	 -71.60259
 26	  1	  -0.00000	 -94.30362	  -0.00000	   4.81277	 -89.49085	 -67.11620

 27	 30	  -0.00000	  -5.65743	  -0.00000	   4.72899	  -0.92844	  21.14247
 27	 29	  -0.00000	  -8.10067	  -0.00000	   4.54718	  -3.55349	  17.04081
 27	 28	  -0.00000	 -10.91002	  -0.00000	   4.24584	  -6.66417	  12.45715
 27	 27	  -0.00000	 -14.09147	  -0.00000	   3.79204	 -10.29943	   7.35348
 27	 26	  -0.00000	 -17.64339	  -0.00000	   3.23371	 -14.40968	   1.78060
 27	 25	  -0.00000	 -21.55572	  -0.00000	   2.62044	 -18.93529	  -4.20012
 27	 24	  -0.00000	 -25.80935	  -0.00000	   2.07559	 -23.73376	 -10.44373
 27	 23	  -0.00000	 -30.37573	  -0.00000	   1.74137	 -28.63436	 -16.77582
 27	 22	  -0.00000	 -35.21683	  -0.00000	   1.68799	 -33.52884	 -23.08255
 27	 21	  -0.00000	 -40.28529	  -0.00000	   1.91522	 -38.37007	 -29.30779
 27	 20	  -0.00000	 -45.52506	  -0.00000	   2.35506	 -43.17000	 -35.44828
 27	 19	  -0.00000	 -50.87222	  -0.00000	   2.87260	 -47.99962	 -41.54787
 27	 18	  -0.00000	 -56.25616	  -0.00000	   3.35560	 -52.90056	 -47.59726
 27	 17	  -0.00000	 -61.60116	  -0.00000	   3.73115	 -57.87000	 -53.49679
 27	 16	  -0.00000	 -66.82802	  -0.00000	   3.95903	 -62.86898	 -59.04472
 27	 15	  -0.00000	 -71.85607	  -0.00000	   4.04282	 -67.81324	 -63.98898
 27	 14	  -0.00000	 -76.60520	  -0.00000	   3.98181	 -72.62339	 -68.25018
 27	 13	  -0.00000	 -80.99801	  -0.00000	   3.85272	 -77.14529	 -71.84199
 27	 12	  -0.00000	 -84.96186	  -0.00000	   3.70799	 -81.25387	 -74.80213
 27	 11	  -0.00000	 -88.43091	  -0.00000	   3.58755	 -84.84336	 -77.12164
 27	 10	  -0.00000	 -91.34793	  -0.00000	   3.55727	 -87.79066	 -78.72837
 27	  9	  -0.00000	 -93.66585	  -0.00000	   3.62784	 -90.03801	 -79.59172
 27	  8	  -0.00000	 -95.34906	  -0.00000	   3.79205	 -91.55701	 -79.69847
 27	  7	  -0.00000	 -96.37427	  -0.00000	   4.01545	 -92.35882	 -79.06879
 27	  6	  -0.00000	 -96.73107	  -0.00000	   4.26249	 -92.46858	 -77.73342
 27	  5	  -0.00000	 -96.42203	  -0.00000	   4.46620	 -91.95583	 -75.76555
 27	  4	  -0.00000	 -95.46241	  -0.00000	   4.62743	 -90.83497	 -73.18207
 27	  3	  -0.00000	 -93.87947	  -0.00000	   4.74296	 -89.13651	 -70.01519
 27	  2	  -0.00000	 -91.71152	  -0.00000	   4.79784	 -86.91368	 -66.31939
 27	  1	  -0.00000	 -89.00653	  -0.00000	   4.81277	 -84.19375	 -62.12285

 28	 30	  -0.00000	  -2.93263	  -0.00000	   4.72899	   1.79636	  23.66243
 28	 29	  -0.00000	  -5.08307	  -0.00000	   4.56211	  -0.52096	  19.85366
 28	 28	  -0.00000	  -7.58640	  -0.00000	   4.27659	  -3.30981	  15.57470
 28	 27	  -0.00000	 -10.45077	  -0.00000	   3.85619	  -6.59458	  10.80154
 28	 26	  -0.00000	 -13.67714	  -0.00000	   3.33094	 -10.34620	   5.56371
 28	 25	  -0.00000	 -17.25841	  -0.00000	   2.76494	 -14.49347	  -0.06693
 28	 24	  -0.00000	 -21.17878	  -0.00000	   2.29056	 -18.88822	  -5.94121
 28	 23	  -0.00000	 -25.41336	  -0.00000	   2.01573	 -23.39763	 -11.92484
 28	 22	  -0.00000	 -29.92796	  -0.00000	   2.02406	 -27.90390	 -17.89765
 28	 21	  -0.00000	 -34.67931	  -0.00000	   2.29222	 -32.38709	 -23.83577
 28	 20	  -0.00000	 -39.61549	  -0.00000	   2.74629	 -36.86919	 -29.75407
 28	 19	  -0.00000	 -44.67673	  -0.00000	   3.25354	 -41.42319	 -35.71136
 28	 18	  -0.00000	 -49.79653	  -0.00000	   3.73115	 -46.06538	 -41.69216
 28	 17	  -0.00000	 -54.90305	  -0.00000	   4.10189	 -50.80116	 -47.61918
 28	 16	  -0.00000	 -59.92073	  -0.00000	   4.33003	 -55.59070	 -53.21899
 28	 15	  -0.00000	 -64.77216	  -0.00000	   4.41381	 -60.35835	 -57.98664
 28	 14	  -0.00000	 -69.38006	  -0.00000	   4.35255	 -65.02751	 -61.84553
 28	 13	  -0.00000	 -73.66929	  -0.00000	   4.22827	 -69.44102	 -65.06780
 28	 12	  -0.00000	 -77.56893	  -0.00000	   4.10472	 -73.46421	 -67.75238
 28	 11	  -0.00000	 -81.01421	  -0.00000	   4.00207	 -77.01214	 -69.89702
 28	 10	  -0.00000	 -83.94830	  -0.00000	   3.96502	 -79.98329	 -71.43197
 28	  9	  -0.00000	 -86.32389	  -0.00000	   4.00024	 -82.32365	 -72.31740
 28	  8	  -0.00000	 -88.10441	  -0.00000	   4.10479	 -83.99961	 -72.52682
 28	  7	  -0.00000	 -89.26501	  -0.00000	   4.26674	 -84.99827	 -72.05127
 28	  6	  -0.00000	 -89.79312	  -0.00000	   4.43774	 -85.35538	 -70.92884
 28	  5	  -0.00000	 -89.68857	  -0.00000	   4.58671	 -85.10185	 -69.19195
 28	  4	  -0.00000	 -88.96344	  -0.00000	   4.70736	 -84.25608	 -66.85996
 28	  3	  -0.00000	 -87.64144	  -0.00000	   4.77370	 -82.86774	 -63.98322
 28	  2	  -0.00000	 -85.75699	  -0.00000	   4.81277	 -80.94421	 -60.56959
 28	  1	  -0.00000	 -83.35398	  -0.00000	   4.81277	 -78.54120	 -56.67513

 29	 30	  -0.00000	  -0.27342	  -0.00000	   4.72899	   4.45557	  26.21850
 29	 29	  -0.00000	  -2.12855	  -0.00000	   4.56211	   2.43356	  22.69745
 29	 28	  -0.00000	  -4.32188	  -0.00000	   4.29987	  -0.02201	  18.74299
 29	 27	  -0.00000	  -6.86365	  -0.00000	   3.89724	  -2.96641	  14.29989
 29	 26	  -0.00000	  -9.75730	  -0.00000	   3.40168	  -6.35562	   9.41223
 29	 25	  -0.00000	 -12.99866	  -0.00000	   2.86127	 -10.13739	   4.13233
 29	 24	  -0.00000	 -16.57524	  -0.00000	   2.41567	 -14.15958	  -1.38754
 29	 23	  -0.00000	 -20.46578	  -0.00000	   2.18170	 -18.28408	  -7.00911
 29	 22	  -0.00000	 -24.64005	  -0.00000	   2.21133	 -22.42872	 -12.64991
 29	 21	  -0.00000	 -29.05891	  -0.00000	   2.50162	 -26.55730	 -18.27328
 29	 20	  -0.00000	 -33.67477	  -0.00000	   2.97588	 -30.69889	 -23.90735
 29	 19	  -0.00000	 -38.43220	  -0.00000	   3.48766	 -34.94453	 -29.64123
 29	 18	  -0.00000	 -43.26900	  -0.00000	   3.95903	 -39.30997	 -35.48570
 29	 17	  -0.00000	 -48.11750	  -0.00000	   4.33003	 -43.78747	 -41.41576
 29	 16	  -0.00000	 -52.90605	  -0.00000	   4.59599	 -48.31006	 -47.24940
 29	 15	  -0.00000	 -57.56081	  -0.00000	   4.67978	 -52.88103	 -51.82037
 29	 14	  -0.00000	 -62.00763	  -0.00000	   4.58069	 -57.42694	 -55.05523
 29	 13	  -0.00000	 -66.17399	  -0.00000	   4.45615	 -61.71784	 -57.89358
 29	 12	  -0.00000	 -69.99100	  -0.00000	   4.33884	 -65.65215	 -60.34885
 29	 11	  -0.00000	 -73.39525	  -0.00000	   4.23165	 -69.16359	 -62.37205
 29	 10	  -0.00000	 -76.33062	  -0.00000	   4.18935	 -72.14127	 -63.85725
 29	  9	  -0.00000	 -78.74977	  -0.00000	   4.20514	 -74.54462	 -64.76582
 29	  8	  -0.00000	 -80.61543	  -0.00000	   4.28942	 -76.32601	 -65.05104
 29	  7	  -0.00000	 -81.90136	  -0.00000	   4.40948	 -77.49188	 -64.71984
 29	  6	  -0.00000	 -82.59292	  -0.00000	   4.54900	 -78.04393	 -63.77420
 29	  5	  -0.00000	 -82.68734	  -0.00000	   4.65745	 -78.02989	 -62.26204
 29	  4	  -0.00000	 -82.19353	  -0.00000	   4.74841	 -77.44512	 -60.17882
 29	  3	  -0.00000	 -81.13161	  -0.00000	   4.79699	 -76.33462	 -57.56962
 29	  2	  -0.00000	 -79.53206	  -0.00000	   4.81277	 -74.71928	 -54.45540
 29	  1	  -0.00000	 -77.43460	  -0.00000	   4.81277	 -72.62183	 -50.85890

 30	 30	  -0.00000	   2.27946	  -0.00000	   4.72899	   7.00845	  28.77138
 30	 29	  -0.00000	   0.71766	  -0.00000	   4.56211	   5.27977	  25.54365
 30	 28	  -0.00000	  -1.16644	  -0.00000	   4.29987	   3.13343	  21.89842
 30	 27	  -0.00000	  -3.38500	  -0.00000	   3.89724	   0.51224	  17.77853
 30	 26	  -0.00000	  -5.94386	  -0.00000	   3.40168	  -2.54218	  13.22567
 30	 25	  -0.00000	  -8.84165	  -0.00000	   2.87620	  -5.96544	   8.30428
 30	 24	  -0.00000	 -12.06912	  -0.00000	   2.44824	  -9.62088	   3.15116
 30	 23	  -0.00000	 -15.60863	  -0.00000	   2.23292	 -13.37571	  -2.10074
 30	 22	  -0.00000	 -19.43389	  -0.00000	   2.28019	 -17.15370	  -7.37490
 30	 21	  -0.00000	 -23.50997	  -0.00000	   2.58541	 -20.92457	 -12.64055
 30	 20	  -0.00000	 -27.79365	  -0.00000	   3.05967	 -24.73398	 -17.94244
 30	 19	  -0.00000	 -32.23397	  -0.00000	   3.57145	 -28.66252	 -23.35922
 30	 18	  -0.00000	 -36.77322	  -0.00000	   4.04282	 -32.73040	 -28.90614
 30	 17	  -0.00000	 -41.34806	  -0.00000	   4.41381	 -36.93425	 -34.56254
 30	 16	  -0.00000	 -45.89100	  -0.00000	   4.67978	 -41.21122	 -40.15056
 30	 15	  -0.00000	 -50.33202	  -0.00000	   4.76357	 -45.56845	 -44.50779
 30	 14	  -0.00000	 -54.60036	  -0.00000	   4.66448	 -49.93588	 -47.56417
 30	 13	  -0.00000	 -58.62641	  -0.00000	   4.53994	 -54.08647	 -50.26220
 30	 12	  -0.00000	 -62.34358	  -0.00000	   4.42263	 -57.92095	 -52.61765
 30	 11	  -0.00000	 -65.69015	  -0.00000	   4.31544	 -61.37471	 -54.58317
 30	 10	  -0.00000	 -68.61094	  -0.00000	   4.25820	 -64.35274	 -56.06872
 30	  9	  -0.00000	 -71.05887	  -0.00000	   4.25636	 -66.80251	 -57.02370
 30	  8	  -0.00000	 -72.99618	  -0.00000	   4.32199	 -68.67420	 -57.39923
 30	  7	  -0.00000	 -74.39544	  -0.00000	   4.42441	 -69.97102	 -57.19898
 30	  6	  -0.00000	 -75.24012	  -0.00000	   4.54900	 -70.69112	 -56.42139
 30	  5	  -0.00000	 -75.52493	  -0.00000	   4.65745	 -70.86747	 -55.09962
 30	  4	  -0.00000	 -75.25571	  -0.00000	   4.74841	 -70.50730	 -53.24100
 30	  3	  -0.00000	 -74.44904	  -0.00000	   4.79699	 -69.65205	 -50.88706
 30	  2	  -0.00000	 -73.13146	  -0.00000	   4.81277	 -68.31868	 -48.05480
 30	  1	  -0.00000	 -71.33845	  -0.00000	   4.81277	 -66.52568	 -44.76275

 31	 30	  -0.00000	   4.68867	  -0.00000	   4.72899	   9.41765	  31.28372
 31	 29	  -0.00000	   3.41391	  -0.00000	   4.56211	   7.97602	  28.35064
 31	 28	  -0.00000	   1.83375	  -0.00000	   4.27659	   6.11034	  24.99486
 31	 27	  -0.00000	  -0.06573	  -0.00000	   3.87197	   3.80624	  21.20236
 31	 26	  -0.00000	  -2.29260	  -0.00000	   3.37001	   1.07741	  16.98732
 31	 25	  -0.00000	  -4.84817	  -0.00000	   2.83475	  -2.01342	  12.41312
 31	 24	  -0.00000	  -7.72633	  -0.00000	   2.39670	  -5.32964	   7.61737
 31	 23	  -0.00000	 -10.91296	  -0.00000	   2.16025	  -8.75271	   2.72009
 31	 22	  -0.00000	 -14.38565	  -0.00000	   2.20491	 -12.18074	  -2.17449
 31	 21	  -0.00000	 -18.11366	  -0.00000	   2.50381	 -15.60985	  -7.05853
 31	 20	  -0.00000	 -22.05816	  -0.00000	   2.98117	 -19.07699	 -11.96187
 31	 19	  -0.00000	 -26.17274	  -0.00000	   3.50420	 -22.66854	 -16.95671
 31	 18	  -0.00000	 -30.40423	  -0.00000	   3.98181	 -26.42242	 -22.04920
 31	 17	  -0.00000	 -34.69378	  -0.00000	   4.35255	 -30.34123	 -27.15925
 31	 16	  -0.00000	 -38.97822	  -0.00000	   4.58069	 -34.39753	 -32.02582
 31	 15	  -0.00000	 -43.19153	  -0.00000	   4.66448	 -38.52706	 -36.15535
 31	 14	  -0.00000	 -47.26660	  -0.00000	   4.60321	 -42.66339	 -39.48141
 31	 13	  -0.00000	 -51.13696	  -0.00000	   4.47893	 -46.65803	 -42.28481
 31	 12	  -0.00000	 -54.73857	  -0.00000	   4.33959	 -50.39898	 -44.68715
 31	 11	  -0.00000	 -58.01163	  -0.00000	   4.21366	 -53.79798	 -46.68285
 31	 10	  -0.00000	 -60.90221	  -0.00000	   4.14587	 -56.75635	 -48.20503
 31	  9	  -0.00000	 -63.36372	  -0.00000	   4.14477	 -59.21895	 -49.21270
 31	  8	  -0.00000	 -65.35814	  -0.00000	   4.21093	 -61.14721	 -49.67442
 31	  7	  -0.00000	 -66.85706	  -0.00000	   4.33655	 -62.52050	 -49.57350
 31	  6	  -0.00000	 -67.84226	  -0.00000	   4.47681	 -63.36546	 -48.93892
 31	  5	  -0.00000	 -68.30611	  -0.00000	   4.60250	 -63.70361	 -47.79370
 31	  4	  -0.00000	 -68.25148	  -0.00000	   4.70736	 -63.54412	 -46.14800
 31	  3	  -0.00000	 -67.69150	  -0.00000	   4.77370	 -62.91780	 -44.03328
 31	  2	  -0.00000	 -66.64881	  -0.00000	   4.81277	 -61.83604	 -41.46142
 31	  1	  -0.00000	 -65.15471	  -0.00000	   4.81277	 -60.34194	 -38.47587

 32	 30	  -0.00000	   6.92113	  -0.00000	   4.72899	  11.65012	  33.72103
 32	 29	  -0.00000	   5.92318	  -0.00000	   4.54718	  10.47036	  31.06465
 32	 28	  -0.00000	   4.63747	  -0.00000	   4.26348	   8.90095	  28.02227
 32	 27	  -0.00000	   3.04852	  -0.00000	   3.83876	   6.88728	  24.54018
 32	 26	  -0.00000	   1.14622	  -0.00000	   3.32334	   4.46956	  20.65984
 32	 25	  -0.00000	  -1.07326	  -0.00000	   2.76671	   1.69345	  16.42861
 32	 24	  -0.00000	  -3.60676	  -0.00000	   2.28878	  -1.31798	  11.97206
 32	 23	  -0.00000	  -6.44355	  -0.00000	   2.02530	  -4.41825	   7.44029
 32	 22	  -0.00000	  -9.56502	  -0.00000	   2.03883	  -7.52618	   2.92011
 32	 21	  -0.00000	 -12.94452	  -0.00000	   2.32271	 -10.62181	  -1.55953
 32	 20	  -0.00000	 -16.54758	  -0.00000	   2.80546	 -13.74212	  -6.02040
 32	 19	  -0.00000	 -20.33232	  -0.00000	   3.35208	 -16.98024	 -10.52850
 32	 18	  -0.00000	 -24.25014	  -0.00000	   3.85272	 -20.39742	 -15.09412
 32	 17	  -0.00000	 -28.24678	  -0.00000	   4.22827	 -24.01851	 -19.64530
 32	 16	  -0.00000	 -32.26345	  -0.00000	   4.45615	 -27.80730	 -23.98303
 32	 15	  -0.00000	 -36.23832	  -0.00000	   4.53994	 -31.69838	 -27.87412
 32	 14	  -0.00000	 -40.10806	  -0.00000	   4.47893	 -35.62913	 -31.25591
 32	 13	  -0.00000	 -43.80953	  -0.00000	   4.33220	 -39.47733	 -34.17403
 32	 12	  -0.00000	 -47.28150	  -0.00000	   4.15839	 -43.12312	 -36.67137
 32	 11	  -0.00000	 -50.46632	  -0.00000	   3.99504	 -46.47128	 -38.74955
 32	 10	  -0.00000	 -53.31151	  -0.00000	   3.90812	 -49.40340	 -40.34111
 32	  9	  -0.00000	 -55.77124	  -0.00000	   3.91177	 -51.85946	 -41.41317
 32	  8	  -0.00000	 -57.80748	  -0.00000	   4.00523	 -53.80225	 -41.94371
 32	  7	  -0.00000	 -59.39106	  -0.00000	   4.16172	 -55.22934	 -41.93931
 32	  6	  -0.00000	 -60.50228	  -0.00000	   4.35212	 -56.15017	 -41.41501
 32	  5	  -0.00000	 -61.13135	  -0.00000	   4.51292	 -56.61842	 -40.42815
 32	  4	  -0.00000	 -61.27836	  -0.00000	   4.64507	 -56.63329	 -38.98039
 32	  3	  -0.00000	 -60.95310	  -0.00000	   4.74296	 -56.21014	 -37.08882
 32	  2	  -0.00000	 -60.17444	  -0.00000	   4.79784	 -55.37660	 -34.78231
 32	  1	  -0.00000	 -58.96956	  -0.00000	   4.81277	 -54.15678	 -32.08587

 33	 30	  -0.00000	   8.94884	  -0.00000	   4.72899	  13.67782	  36.05248
 33	 29	  -0.00000	   8.21387	  -0.00000	   4.54533	  12.75920	  33.67868
 33	 28	  -0.00000	   7.20932	  -0.00000	   4.25710	  11.46642	  30.93755
 33	 27	  -0.00000	   5.91834	  -0.00000	   3.83392	   9.75225	  27.78347
 33	 26	  -0.00000	   4.32898	  -0.00000	   3.29664	   7.62562	  24.22758
 33	 25	  -0.00000	   2.43512	  -0.00000	   2.70880	   5.14392	  20.33027
 33	 24	  -0.00000	   0.23715	  -0.00000	   2.20270	   2.43985	  16.22843
 33	 23	  -0.00000	  -2.25744	  -0.00000	   1.89390	  -0.36354	  12.05117
 33	 22	  -0.00000	  -5.03363	  -0.00000	   1.86712	  -3.16651	   7.90711
 33	 21	  -0.00000	  -8.06877	  -0.00000	   2.12723	  -5.94154	   3.83727
 33	 20	  -0.00000	 -11.33262	  -0.00000	   2.60963	  -8.72299	  -0.17168
 33	 19	  -0.00000	 -14.78777	  -0.00000	   3.16704	 -11.62073	  -4.19611
 33	 18	  -0.00000	 -18.39020	  -0.00000	   3.70799	 -14.68221	  -8.23046
 33	 17	  -0.00000	 -22.09018	  -0.00000	   4.10472	 -17.98547	 -12.27364
 33	 16	  -0.00000	 -25.83341	  -0.00000	   4.33884	 -21.49457	 -16.19127
 33	 15	  -0.00000	 -29.56230	  -0.00000	   4.42263	 -25.13967	 -19.83637
 33	 14	  -0.00000	 -33.21742	  -0.00000	   4.33959	 -28.87783	 -23.16600
 33	 13	  -0.00000	 -36.73915	  -0.00000	   4.15839	 -32.58076	 -26.12902
 33	 12	  -0.00000	 -40.06920	  -0.00000	   3.92540	 -36.14379	 -28.71917
 33	 11	  -0.00000	 -43.15228	  -0.00000	   3.72847	 -39.42381	 -30.87250
 33	 10	  -0.00000	 -45.93763	  -0.00000	   3.61925	 -42.31839	 -32.53958
 33	  9	  -0.00000	 -48.38036	  -0.00000	   3.62973	 -44.75063	 -33.67701
 33	  8	  -0.00000	 -50.44269	  -0.00000	   3.75721	 -46.68549	 -34.27078
 33	  7	  -0.00000	 -52.09492	  -0.00000	   3.96531	 -48.12961	 -34.34103
 33	  6	  -0.00000	 -53.31611	  -0.00000	   4.20082	 -49.11530	 -33.92895
 33	  5	  -0.00000	 -54.09451	  -0.00000	   4.41548	 -49.67903	 -33.07708
 33	  4	  -0.00000	 -54.42765	  -0.00000	   4.59228	 -49.83537	 -31.80415
 33	  3	  -0.00000	 -54.32215	  -0.00000	   4.70749	 -49.61466	 -30.14352
 33	  2	  -0.00000	 -53.79328	  -0.00000	   4.78020	 -49.01307	 -28.09358
 33	  1	  -0.00000	 -52.86418	  -0.00000	   4.81277	 -48.05141	 -25.67676

 34	 30	   0.00000	  10.74932	  -0.00000	   4.72899	  15.47831	  38.25165
 34	 29	  -0.00000	  10.26046	  -0.00000	   4.54997	  14.81043	  36.15580
 34	 28	  -0.00000	   9.52047	  -0.00000	   4.26726	  13.78773	  33.71573
 34	 27	  -0.00000	   8.51136	  -0.00000	   3.84886	  12.36022	  30.88386
 34	 26	  -0.00000	   7.21961	  -0.00000	   3.32365	  10.54326	  27.67874
 34	 25	  -0.00000	   5.63700	  -0.00000	   2.72555	   8.36255	  24.13040
 34	 24	  -0.00000	   3.76137	  -0.00000	   2.19504	   5.95640	  20.38294
 34	 23	  -0.00000	   1.59723	  -0.00000	   1.84985	   3.44709	  16.56673
 34	 22	  -0.00000	  -0.84383	  -0.00000	   1.78306	   0.93923	  12.79777
 34	 21	  -0.00000	  -3.54295	  -0.00000	   2.01101	  -1.53194	   9.12756
 34	 20	  -0.00000	  -6.47400	  -0.00000	   2.47843	  -3.99557	   5.55037
 34	 19	  -0.00000	  -9.60390	  -0.00000	   3.04085	  -6.56305	   1.98826
 34	 18	  -0.00000	 -12.89311	  -0.00000	   3.58755	  -9.30556	  -1.58384
 34	 17	  -0.00000	 -16.29643	  -0.00000	   4.00207	 -12.29437	  -5.17924
 34	 16	  -0.00000	 -19.76400	  -0.00000	   4.23165	 -15.53235	  -8.74081
 34	 15	  -0.00000	 -23.24250	  -0.00000	   4.31544	 -18.92706	 -12.13552
 34	 14	  -0.00000	 -26.67651	  -0.00000	   4.21366	 -22.46285	 -15.34773
 34	 13	  -0.00000	 -30.00998	  -0.00000	   3.99504	 -26.01494	 -18.29321
 34	 12	  -0.00000	 -33.18775	  -0.00000	   3.72847	 -29.45927	 -20.90796
 34	 11	  -0.00000	 -36.15705	  -0.00000	   3.49290	 -32.66415	 -23.11821
 34	 10	  -0.00000	 -38.86901	  -0.00000	   3.36524	 -35.50377	 -24.84427
 34	  9	  -0.00000	 -41.27994	  -0.00000	   3.38290	 -37.89704	 -26.03850
 34	  8	  -0.00000	 -43.35251	  -0.00000	   3.54109	 -39.81142	 -26.69178
 34	  7	  -0.00000	 -45.05674	  -0.00000	   3.79488	 -41.26186	 -26.83532
 34	  6	  -0.00000	 -46.37069	  -0.00000	   4.07979	 -42.29090	 -26.52305
 34	  5	  -0.00000	 -47.28090	  -0.00000	   4.33812	 -42.94278	 -25.80729
 34	  4	  -0.00000	 -47.78254	  -0.00000	   4.53648	 -43.24606	 -24.72243
 34	  3	  -0.00000	 -47.87932	  -0.00000	   4.67475	 -43.20457	 -23.27658
 34	  2	  -0.00000	 -47.58306	  -0.00000	   4.76156	 -42.82151	 -21.47613
 34	  1	  -0.00000	 -46.91311	  -0.00000	   4.81277	 -42.10034	 -19.32700

 35	 30	   0.00000	  12.30606	  -0.00000	   4.74392	  17.04998	  40.31208
 35	 29	  -0.00000	  12.04388	  -0.00000	   4.57800	  16.62189	  38.48796
 35	 28	  -0.00000	  11.54910	  -0.00000	   4.31461	  15.86371	  36.34846
 35	 27	  -0.00000	  10.80281	  -0.00000	   3.92162	  14.72442	  33.84575
 35	 26	  -0.00000	   9.79013	  -0.00000	   3.42482	  13.21495	  30.99486
 35	 25	  -0.00000	   8.50104	  -0.00000	   2.84895	  11.34999	  27.81587
 35	 24	  -0.00000	   6.93108	  -0.00000	   2.32571	   9.25679	  24.44314
 35	 23	  -0.00000	   5.08201	  -0.00000	   1.96779	   7.04981	  21.00061
 35	 22	  -0.00000	   2.96223	  -0.00000	   1.87029	   4.83252	  17.60456
 35	 21	  -0.00000	   0.58703	  -0.00000	   2.05843	   2.64546	  14.31272
 35	 20	  -0.00000	  -2.02139	  -0.00000	   2.48855	   0.46716	  11.12666
 35	 19	  -0.00000	  -4.83409	  -0.00000	   3.02502	  -1.80908	   7.96973
 35	 18	  -0.00000	  -7.81589	  -0.00000	   3.55727	  -4.25861	   4.80367
 35	 17	  -0.00000	 -10.92599	  -0.00000	   3.96502	  -6.96097	   1.59034
 35	 16	  -0.00000	 -14.11894	  -0.00000	   4.18935	  -9.92959	  -1.64557
 35	 15	  -0.00000	 -17.34566	  -0.00000	   4.25820	 -13.08746	  -4.80344
 35	 14	  -0.00000	 -20.55476	  -0.00000	   4.14587	 -16.40889	  -7.85757
 35	 13	  -0.00000	 -23.69383	  -0.00000	   3.90812	 -19.78571	 -10.72343
 35	 12	  -0.00000	 -26.71094	  -0.00000	   3.61925	 -23.09169	 -13.31289
 35	 11	  -0.00000	 -29.55598	  -0.00000	   3.36524	 -26.19074	 -15.53124
 35	 10	  -0.00000	 -32.18214	  -0.00000	   3.23077	 -28.95137	 -17.28411
 35	  9	  -0.00000	 -34.54711	  -0.00000	   3.25524	 -31.29187	 -18.51983
 35	  8	  -0.00000	 -36.61426	  -0.00000	   3.43186	 -33.18240	 -19.23159
 35	  7	  -0.00000	 -38.35357	  -0.00000	   3.71066	 -34.64290	 -19.45656
 35	  6	  -0.00000	 -39.74233	  -0.00000	   4.02129	 -35.72104	 -19.25517
 35	  5	  -0.00000	 -40.76563	  -0.00000	   4.30151	 -36.46411	 -18.68421
 35	  4	  -0.00000	 -41.41655	  -0.00000	   4.51585	 -36.90070	 -17.77937
 35	  3	  -0.00000	 -41.69610	  -0.00000	   4.66546	 -37.03064	 -16.54589
 35	  2	  -0.00000	 -41.61293	  -0.00000	   4.75885	 -36.85408	 -14.98801
 35	  1	  -0.00000	 -41.18276	  -0.00000	   4.81277	 -36.36999	 -13.10789

 36	 30	   0.00000	  13.60862	  -0.00000	   4.76156	  18.37017	  42.20555
 36	 29	   0.00000	  13.55172	  -0.00000	   4.61703	  18.16875	  40.64374
 36	 28	  -0.00000	  13.28061	  -0.00000	   4.38710	  17.66771	  38.80121
 36	 27	  -0.00000	  12.77570	  -0.00000	   4.04121	  16.81691	  36.63167
 36	 26	  -0.00000	  12.02101	  -0.00000	   3.60245	  15.62347	  34.14710
 36	 25	  -0.00000	  11.00497	  -0.00000	   3.08501	  14.08997	  31.35627
 36	 24	  -0.00000	   9.72108	  -0.00000	   2.60626	  12.32734	  28.37804
 36	 23	  -0.00000	   8.16864	  -0.00000	   2.26583	  10.43447	  25.32154
 36	 22	  -0.00000	   6.35311	  -0.00000	   2.15307	   8.50618	  22.29476
 36	 21	  -0.00000	   4.28647	  -0.00000	   2.29779	   6.58426	  19.35630
 36	 20	  -0.00000	   1.98724	  -0.00000	   2.66898	   4.65622	  16.51476
 36	 19	  -0.00000	  -0.51959	  -0.00000	   3.14583	   2.62623	  13.69985
 36	 18	  -0.00000	  -3.20301	  -0.00000	   3.62784	   0.42484	  10.87113
 36	 17	  -0.00000	  -6.02649	  -0.00000	   4.00024	  -2.02626	   7.97999
 36	 16	  -0.00000	  -8.94886	  -0.00000	   4.20514	  -4.74372	   5.03508
 36	 15	  -0.00000	 -11.92525	  -0.00000	   4.25636	  -7.66889	   2.10992
 36	 14	  -0.00000	 -14.90823	  -0.00000	   4.14477	 -10.76346	  -0.75721
 36	 13	  -0.00000	 -17.84909	  -0.00000	   3.91177	 -13.93732	  -3.49103
 36	 12	  -0.00000	 -20.69916	  -0.00000	   3.62973	 -17.06943	  -5.99581
 36	 11	  -0.00000	 -23.41113	  -0.00000	   3.38290	 -20.02823	  -8.16969
 36	 10	  -0.00000	 -25.94036	  -0.00000	   3.25524	 -22.68513	  -9.91309
 36	  9	  -0.00000	 -28.24614	  -0.00000	   3.28416	 -24.96198	 -11.17339
 36	  8	  -0.00000	 -30.29270	  -0.00000	   3.46154	 -26.83117	 -11.94409
 36	  7	  -0.00000	 -32.05024	  -0.00000	   3.73735	 -28.31289	 -12.26219
 36	  6	  -0.00000	 -33.49553	  -0.00000	   4.04245	 -29.45307	 -12.18678
 36	  5	  -0.00000	 -34.61247	  -0.00000	   4.31638	 -30.29609	 -11.77246
 36	  4	  -0.00000	 -35.39231	  -0.00000	   4.52511	 -30.86720	 -11.05243
 36	  3	  -0.00000	 -35.83365	  -0.00000	   4.67103	 -31.16262	 -10.02912
 36	  2	  -0.00000	 -35.94222	  -0.00000	   4.76156	 -31.18066	  -8.70567
 36	  1	  -0.00000	 -35.73038	  -0.00000	   4.81277	 -30.91760	  -7.08223

 37	 30	   0.00000	  14.65254	  -0.00000	   4.78020	  19.43275	  43.91999
 37	 29	   0.00000	  14.77817	  -0.00000	   4.67407	  19.45224	  42.61741
 37	 28	   0.00000	  14.70761	  -0.00000	   4.47667	  19.18428	  41.05035
 37	 27	  -0.00000	  14.42089	  -0.00000	   4.19433	  18.61522	  39.20952
 37	 26	  -0.00000	  13.90116	  -0.00000	   3.83658	  17.73774	  37.09297
 37	 25	  -0.00000	  13.13555	  -0.00000	   3.40694	  16.54249	  34.69806
 37	 24	  -0.00000	  12.11585	  -0.00000	   3.00460	  15.12044	  32.12412
 37	 23	  -0.00000	  10.83913	  -0.00000	   2.70968	  13.54881	  29.45872
 37	 22	  -0.00000	   9.30825	  -0.00000	   2.59881	  11.90706	  26.79414
 37	 21	  -0.00000	   7.53212	  -0.00000	   2.70158	  10.23370	  24.18451
 37	 20	  -0.00000	   5.52587	  -0.00000	   2.99924	   8.52511	  21.64475
 37	 19	  -0.00000	   3.31076	  -0.00000	   3.38993	   6.70069	  19.11540
 37	 18	  -0.00000	   0.91387	  -0.00000	   3.79205	   4.70592	  16.56446
 37	 17	  -0.00000	  -1.63237	  -0.00000	   4.10479	   2.47242	  13.94522
 37	 16	  -0.00000	  -4.29092	  -0.00000	   4.28942	  -0.00151	  11.27346
 37	 15	  -0.00000	  -7.02099	  -0.00000	   4.32199	  -2.69900	   8.57597
 37	 14	  -0.00000	  -9.77908	  -0.00000	   4.21093	  -5.56815	   5.90464
 37	 13	  -0.00000	 -12.52014	  -0.00000	   4.00523	  -8.51491	   3.34363
 37	 12	  -0.00000	 -15.19880	  -0.00000	   3.75721	 -11.44160	   0.97311
 37	 11	  -0.00000	 -17.77060	  -0.00000	   3.54109	 -14.22951	  -1.10987
 37	 10	  -0.00000	 -20.19322	  -0.00000	   3.43186	 -16.76136	  -2.81055
 37	  9	  -0.00000	 -22.42766	  -0.00000	   3.46154	 -18.96612	  -4.07905
 37	  8	  -0.00000	 -24.43926	  -0.00000	   3.62169	 -20.81756	  -4.90766
 37	  7	  -0.00000	 -26.19860	  -0.00000	   3.86732	 -22.33127	  -5.32760
 37	  6	  -0.00000	 -27.68221	  -0.00000	   4.13722	 -23.54499	  -5.38941
 37	  5	  -0.00000	 -28.87307	  -0.00000	   4.37844	 -24.49463	  -5.13940
 37	  4	  -0.00000	 -29.76087	  -0.00000	   4.56161	 -25.19926	  -4.60497
 37	  3	  -0.00000	 -30.34208	  -0.00000	   4.68985	 -25.65223	  -3.78616
 37	  2	  -0.00000	 -30.61979	  -0.00000	   4.78020	 -25.83958	  -2.67442
 37	  1	  -0.00000	 -30.60329	  -0.00000	   4.81277	 -25.79051	  -1.30327

 38	 30	   0.00000	  15.43920	  -0.00000	   4.79784	  20.23705	  45.44865
 38	 29	   0.00000	  15.72377	  -0.00000	   4.72803	  20.45180	  44.38138
 38	 28	   0.00000	  15.82970	  -0.00000	   4.58176	  20.41146	  43.08579
 38	 27	   0.00000	  15.73682	  -0.00000	   4.35824	  20.09505	  41.54558
 38	 26	  -0.00000	  15.42768	  -0.00000	   4.09132	  19.51900	  39.78288
 38	 25	  -0.00000	  14.88840	  -0.00000	   3.76372	  18.65212	  37.77344
 38	 24	  -0.00000	  14.10931	  -0.00000	   3.45530	  17.56461	  35.59583
 38	 23	  -0.00000	  13.08560	  -0.00000	   3.22368	  16.30928	  33.31295
 38	 22	  -0.00000	  11.81777	  -0.00000	   3.12849	  14.94626	  30.99696
 38	 21	  -0.00000	  10.31199	  -0.00000	   3.19527	  13.50726	  28.69361
 38	 20	  -0.00000	   8.58028	  -0.00000	   3.41579	  11.99607	  26.42261
 38	 19	  -0.00000	   6.64043	  -0.00000	   3.70837	  10.34880	  24.13739
 38	 18	  -0.00000	   4.51586	  -0.00000	   4.01545	   8.53130	  21.82133
 38	 17	  -0.00000	   2.23509	  -0.00000	   4.26674	   6.50183	  19.44884
 38	 16	  -0.00000	  -0.16876	  -0.00000	   4.40948	   4.24072	  17.01276
 38	 15	  -0.00000	  -2.65885	  -0.00000	   4.42441	   1.76557	  14.53761
 38	 14	  -0.00000	  -5.19550	  -0.00000	   4.33655	  -0.85895	  12.08806
 38	 13	  -0.00000	  -7.73728	  -0.00000	   4.16172	  -3.57556	   9.71447
 38	 12	  -0.00000	 -10.24210	  -0.00000	   3.96531	  -6.27678	   7.51180
 38	 11	  -0.00000	 -12.66838	  -0.00000	   3.79488	  -8.87350	   5.55303
 38	 10	  -0.00000	 -14.97623	  -0.00000	   3.71066	 -11.26556	   3.92078
 38	  9	  -0.00000	 -17.12848	  -0.00000	   3.73735	 -13.39113	   2.65957
 38	  8	  -0.00000	 -19.09174	  -0.00000	   3.86732	 -15.22442	   1.77926
 38	  7	  -0.00000	 -20.83720	  -0.00000	   4.06416	 -16.77304	   1.25818
 38	  6	  -0.00000	 -22.34138	  -0.00000	   4.27911	 -18.06227	   1.05905
 38	  5	  -0.00000	 -23.58659	  -0.00000	   4.47040	 -19.11619	   1.14769
 38	  4	  -0.00000	 -24.56126	  -0.00000	   4.61518	 -19.94608	   1.50444
 38	  3	  -0.00000	 -25.26002	  -0.00000	   4.72803	 -20.53199	   2.14233
 38	  2	  -0.00000	 -25.68361	  -0.00000	   4.79784	 -20.88576	   3.04382
 38	  1	  -0.00000	 -25.83854	  -0.00000	   4.81277	 -21.02576	   4.18584

 39	 30	   0.00000	  15.97531	  -0.00000	   4.81277	  20.78808	  46.79049
 39	 29	   0.00000	  16.39500	  -0.00000	   4.77370	  21.16870	  45.93006
 39	 28	   0.00000	  16.65296	  -0.00000	   4.68408	  21.33704	  44.88751
 39	 27	   0.00000	  16.72902	  -0.00000	   4.52052	  21.24954	  43.62419
 39	 26	   0.00000	  16.60541	  -0.00000	   4.32843	  20.93384	  42.17354
 39	 25	  -0.00000	  16.26747	  -0.00000	   4.09968	  20.36715	  40.51969
 39	 24	  -0.00000	  15.70438	  -0.00000	   3.88514	  19.58952	  38.71084
 39	 23	  -0.00000	  14.90972	  -0.00000	   3.72074	  18.63046	  36.78604
 39	 22	  -0.00000	  13.88196	  -0.00000	   3.64848	  17.53044	  34.79674
 39	 21	  -0.00000	  12.62484	  -0.00000	   3.68780	  16.31264	  32.77851
 39	 20	  -0.00000	  11.14754	  -0.00000	   3.83849	  14.98603	  30.75388
 39	 19	  -0.00000	   9.46471	  -0.00000	   4.03726	  13.50198	  28.68832
 39	 18	  -0.00000	   7.59634	  -0.00000	   4.26249	  11.85883	  26.59399
 39	 17	  -0.00000	   5.56733	  -0.00000	   4.43774	  10.00507	  24.43160
 39	 16	  -0.00000	   3.40705	  -0.00000	   4.54900	   7.95605	  22.22577
 39	 15	  -0.00000	   1.14859	  -0.00000	   4.54900	   5.69759	  19.96731
 39	 14	  -0.00000	  -1.17208	  -0.00000	   4.47681	   3.30473	  17.73127
 39	 13	  -0.00000	  -3.51703	  -0.00000	   4.35212	   0.83509	  15.57025
 39	 12	  -0.00000	  -5.84743	  -0.00000	   4.20082	  -1.64661	  13.53973
 39	 11	  -0.00000	  -8.12460	  -0.00000	   4.07979	  -4.04482	  11.72303
 39	 10	  -0.00000	 -10.31111	  -0.00000	   4.02129	  -6.28982	  10.17605
 39	  9	  -0.00000	 -12.37175	  -0.00000	   4.04245	  -8.32930	   8.93700
 39	  8	  -0.00000	 -14.27453	  -0.00000	   4.13722	 -10.13731	   8.01826
 39	  7	  -0.00000	 -15.99146	  -0.00000	   4.27911	 -11.71235	   7.40897
 39	  6	  -0.00000	 -17.49926	  -0.00000	   4.43317	 -13.06609	   7.08646
 39	  5	  -0.00000	 -18.77982	  -0.00000	   4.56973	 -14.21009	   7.02961
 39	  4	  -0.00000	 -19.82059	  -0.00000	   4.68408	 -15.13652	   7.23813
 39	  3	  -0.00000	 -20.61467	  -0.00000	   4.77370	 -15.84096	   7.70951
 39	  2	  -0.00000	 -21.16073	  -0.00000	   4.81277	 -16.34796	   8.41340
 39	  1	  -0.00000	 -21.46285	  -0.00000	   4.81277	 -16.65007	   9.35233

 40	 30	   0.00000	  16.27239	  -0.00000	   4.81277	  21.08517	  47.93894
 40	 29	   0.00000	  16.80366	  -0.00000	   4.79699	  21.60065	  47.25460
 40	 28	   0.00000	  17.18935	  -0.00000	   4.75027	  21.93962	  46.42686
 40	 27	   0.00000	  17.40949	  -0.00000	   4.65745	  22.06694	  45.42556
 40	 26	   0.00000	  17.44619	  -0.00000	   4.52052	  21.96671	  44.24058
 40	 25	   0.00000	  17.28432	  -0.00000	   4.37402	  21.65834	  42.89805
 40	 24	  -0.00000	  16.91215	  -0.00000	   4.23920	  21.15135	  41.41524
 40	 23	  -0.00000	  16.32196	  -0.00000	   4.13402	  20.45598	  39.81122
 40	 22	  -0.00000	  15.51049	  -0.00000	   4.08517	  19.59566	  38.11930
 40	 21	  -0.00000	  14.47935	  -0.00000	   4.10580	  18.58515	  36.36506
 40	 20	  -0.00000	  13.23521	  -0.00000	   4.20119	  17.43639	  34.57188
 40	 19	  -0.00000	  11.78987	  -0.00000	   4.32266	  16.11253	  32.71449
 40	 18	  -0.00000	  10.16016	  -0.00000	   4.46620	  14.62636	  30.81664
 40	 17	  -0.00000	   8.36765	  -0.00000	   4.58671	  12.95437	  28.86427
 40	 16	  -0.00000	   6.43818	  -0.00000	   4.65745	  11.09564	  26.86349
 40	 15	  -0.00000	   4.40129	  -0.00000	   4.65745	   9.05874	  24.82659
 40	 14	  -0.00000	   2.28942	  -0.00000	   4.60250	   6.89191	  22.80182
 40	 13	  -0.00000	   0.13708	  -0.00000	   4.51292	   4.65001	  20.84028
 40	 12	  -0.00000	  -2.02006	  -0.00000	   4.41548	   2.39542	  18.99737
 40	 11	  -0.00000	  -4.14623	  -0.00000	   4.33812	   0.19190	  17.32739
 40	 10	  -0.00000	  -6.20645	  -0.00000	   4.30151	  -1.90494	  15.87497
 40	  9	  -0.00000	  -8.16758	  -0.00000	   4.31638	  -3.85121	  14.67243
 40	  8	  -0.00000	  -9.99915	  -0.00000	   4.37844	  -5.62071	  13.73452
 40	  7	  -0.00000	 -11.67414	  -0.00000	   4.47040	  -7.20374	  13.06014
 40	  6	  -0.00000	 -13.16969	  -0.00000	   4.56973	  -8.59996	  12.63974
 40	  5	  -0.00000	 -14.46754	  -0.00000	   4.65745	  -9.81008	  12.46378
 40	  4	  -0.00000	 -15.55439	  -0.00000	   4.75027	 -10.80413	  12.55449
 40	  3	  -0.00000	 -16.42211	  -0.00000	   4.79699	 -11.62512	  12.86213
 40	  2	  -0.00000	 -17.06763	  -0.00000	   4.81277	 -12.25485	  13.39910
 40	  1	  -0.00000	 -17.49286	  -0.00000	   4.81277	 -12.68008	  14.17369

 41	 30	   0.00000	  16.34615	  -0.00000	   4.81277	  21.15893	  48.91906
 41	 29	   0.00000	  16.96620	  -0.00000	   4.81277	  21.77898	  48.38020
 41	 28	   0.00000	  17.45595	  -0.00000	   4.79514	  22.25108	  47.72901
 41	 27	   0.00000	  17.79583	  -0.00000	   4.75027	  22.54610	  46.94128
 41	 26	   0.00000	  17.96804	  -0.00000	   4.68408	  22.65212	  46.01074
 41	 25	   0.00000	  17.95721	  -0.00000	   4.58176	  22.53897	  44.91362
 41	 24	   0.00000	  17.75097	  -0.00000	   4.49431	  22.24528	  43.69580
 41	 23	   0.00000	  17.34058	  -0.00000	   4.43383	  21.77441	  42.36870
 41	 22	  -0.00000	  16.72136	  -0.00000	   4.40424	  21.12560	  40.94036
 41	 21	  -0.00000	  15.89309	  -0.00000	   4.41353	  20.30661	  39.42794
 41	 20	  -0.00000	  14.86023	  -0.00000	   4.47029	  19.33052	  37.85415
 41	 19	  -0.00000	  13.63205	  -0.00000	   4.54741	  18.17946	  36.21068
 41	 18	  -0.00000	  12.22252	  -0.00000	   4.62743	  16.84995	  34.50285
 41	 17	  -0.00000	  10.65012	  -0.00000	   4.70736	  15.35749	  32.75361
 41	 16	  -0.00000	   8.93745	  -0.00000	   4.74841	  13.68587	  30.95216
 41	 15	  -0.00000	   7.11069	  -0.00000	   4.74841	  11.85911	  29.12540
 41	 14	  -0.00000	   5.19895	  -0.00000	   4.70736	   9.90631	  27.30243
 41	 13	  -0.00000	   3.23347	  -0.00000	   4.64507	   7.87854	  25.53144
 41	 12	  -0.00000	   1.24681	  -0.00000	   4.59228	   5.83909	  23.87031
 41	 11	  -0.00000	  -0.72805	  -0.00000	   4.53648	   3.80843	  22.33206
 41	 10	  -0.00000	  -2.65867	  -0.00000	   4.51585	   1.85718	  20.97850
 41	  9	  -0.00000	  -4.51397	  -0.00000	   4.52511	   0.01114	  19.82591
 41	  8	  -0.00000	  -6.26512	  -0.00000	   4.56161	  -1.70351	  18.89079
 41	  7	  -0.00000	  -7.88623	  -0.00000	   4.61518	  -3.27105	  18.17948
 41	  6	  -0.00000	  -9.35502	  -0.00000	   4.68408	  -4.67095	  17.70371
 41	  5	  -0.00000	 -10.65331	  -0.00000	   4.75027	  -5.90304	  17.45557
 41	  4	  -0.00000	 -11.76735	  -0.00000	   4.79514	  -6.97221	  17.42297
 41	  3	  -0.00000	 -12.68799	  -0.00000	   4.81277	  -7.87521	  17.60272
 41	  2	  -0.00000	 -13.41076	  -0.00000	   4.81277	  -8.59799	  18.00323
 41	  1	  -0.00000	 -13.93571	  -0.00000	   4.81277	  -9.12294	  18.63720

 42	 30	   0.00000	  16.21569	  -0.00000	   4.81277	  21.02846	  49.74475
 42	 29	   0.00000	  16.90286	  -0.00000	   4.81277	  21.71564	  49.31319
 42	 28	   0.00000	  17.47408	  -0.00000	   4.81277	  22.28685	  48.80336
 42	 27	   0.00000	  17.91033	  -0.00000	   4.79699	  22.70733	  48.18526
 42	 26	   0.00000	  18.19413	  -0.00000	   4.77370	  22.96783	  47.45507
 42	 25	   0.00000	  18.31003	  -0.00000	   4.72803	  23.03806	  46.58854
 42	 24	   0.00000	  18.24532	  -0.00000	   4.67407	  22.91939	  45.59372
 42	 23	   0.00000	  17.99049	  -0.00000	   4.63281	  22.62330	  44.48937
 42	 22	   0.00000	  17.53971	  -0.00000	   4.61707	  22.15678	  43.29029
 42	 21	  -0.00000	  16.89124	  -0.00000	   4.61978	  21.51103	  41.99578
 42	 20	  -0.00000	  16.04766	  -0.00000	   4.65146	  20.69912	  40.62712
 42	 19	  -0.00000	  15.01597	  -0.00000	   4.69171	  19.70768	  39.17881
 42	 18	  -0.00000	  13.80759	  -0.00000	   4.74296	  18.55055	  37.67188
 42	 17	  -0.00000	  12.43822	  -0.00000	   4.77370	  17.21192	  36.09644
 42	 16	  -0.00000	  10.92744	  -0.00000	   4.79699	  15.72443	  34.48942
 42	 15	  -0.00000	   9.29833	  -0.00000	   4.79699	  14.09532	  32.86031
 42	 14	  -0.00000	   7.57683	  -0.00000	   4.77370	  12.35054	  31.23506
 42	 13	  -0.00000	   5.79112	  -0.00000	   4.74296	  10.53408	  29.65540
 42	 12	  -0.00000	   3.97076	  -0.00000	   4.70749	   8.67825	  28.14938
 42	 11	  -0.00000	   2.14596	  -0.00000	   4.67475	   6.82071	  26.74870
 42	 10	  -0.00000	   0.34670	  -0.00000	   4.66546	   5.01216	  25.49691
 42	  9	  -0.00000	  -1.39806	  -0.00000	   4.67103	   3.27298	  24.40648
 42	  8	  -0.00000	  -3.06118	  -0.00000	   4.68985	   1.62867	  23.49474
 42	  7	  -0.00000	  -4.61805	  -0.00000	   4.72803	   0.10998	  22.78430
 42	  6	  -0.00000	  -6.04714	  -0.00000	   4.77370	  -1.27344	  22.27704
 42	  5	  -0.00000	  -7.33053	  -0.00000	   4.79699	  -2.53354	  21.95370
 42	  4	  -0.00000	  -8.45424	  -0.00000	   4.81277	  -3.64147	  21.83647
 42	  3	  -0.00000	  -9.40843	  -0.00000	   4.81277	  -4.59565	  21.92085
 42	  2	  -0.00000	 -10.18746	  -0.00000	   4.81277	  -5.37468	  22.22287
 42	  1	  -0.00000	 -10.78982	  -0.00000	   4.81277	  -5.97705	  22.73923

 43	 30	   0.00000	  15.90270	  -0.00000	   4.81277	  20.71548	  50.43290
 43	 29	   0.00000	  16.63685	  -0.00000	   4.81277	  21.44962	  50.08745
 43	 28	   0.00000	  17.26838	  -0.00000	   4.81277	  22.08115	  49.67871
 43	 27	   0.00000	  17.77901	  -0.00000	   4.81277	  22.59179	  49.19301
 43	 26	   0.00000	  18.15171	  -0.00000	   4.81277	  22.96448	  48.61843
 43	 25	   0.00000	  18.37121	  -0.00000	   4.79784	  23.16905	  47.93041
 43	 24	   0.00000	  18.42463	  -0.00000	   4.78020	  23.20483	  47.13442
 43	 23	   0.00000	  18.30196	  -0.00000	   4.76156	  23.06351	  46.22868
 43	 22	   0.00000	  17.99650	  -0.00000	   4.74392	  22.74042	  45.21541
 43	 21	   0.00000	  17.50527	  -0.00000	   4.74392	  22.24919	  44.11526
 43	 20	   0.00000	  16.82923	  -0.00000	   4.76156	  21.59079	  42.93617
 43	 19	   0.00000	  15.97345	  -0.00000	   4.78020	  20.75365	  41.67314
 43	 18	  -0.00000	  14.94708	  -0.00000	   4.79784	  19.74492	  40.33922
 43	 17	  -0.00000	  13.76329	  -0.00000	   4.81277	  18.57606	  38.95068
 43	 16	  -0.00000	  12.43894	  -0.00000	   4.81277	  17.25172	  37.51560
 43	 15	  -0.00000	  10.99424	  -0.00000	   4.81277	  15.80702	  36.07090
 43	 14	  -0.00000	   9.45220	  -0.00000	   4.81277	  14.26498	  34.63959
 43	 13	  -0.00000	   7.83805	  -0.00000	   4.79784	  12.63589	  33.23019
 43	 12	  -0.00000	   6.17853	  -0.00000	   4.78020	  10.95873	  31.87822
 43	 11	  -0.00000	   4.50117	  -0.00000	   4.76156	   9.26273	  30.60810
 43	 10	  -0.00000	   2.83353	  -0.00000	   4.75885	   7.59238	  29.45845
 43	  9	  -0.00000	   1.20244	  -0.00000	   4.76156	   5.96400	  28.43899
 43	  8	  -0.00000	  -0.36672	  -0.00000	   4.78020	   4.41349	  27.57866
 43	  7	  -0.00000	  -1.85067	  -0.00000	   4.79784	   2.94718	  26.87676
 43	  6	  -0.00000	  -3.22879	  -0.00000	   4.81277	   1.58398	  26.34534
 43	  5	  -0.00000	  -4.48362	  -0.00000	   4.81277	   0.32915	  25.98310
 43	  4	  -0.00000	  -5.60115	  -0.00000	   4.81277	  -0.78838	  25.81284
 43	  3	  -0.00000	  -6.57109	  -0.00000	   4.81277	  -1.75832	  25.83924
 43	  2	  -0.00000	  -7.38691	  -0.00000	   4.81277	  -2.57414	  26.06369
 43	  1	   0.00000	  -8.04585	  -0.00000	   4.81277	  -3.23307	  26.48435

 44	 30	   0.00000	  15.43074	  -0.00000	   4.81277	  20.24352	  51.00266
 44	 29	   0.00000	  16.19344	  -0.00000	   4.81277	  21.00621	  50.72363
 44	 28	   0.00000	  16.86585	  -0.00000	   4.81277	  21.67862	  50.39491
 44	 27	   0.00000	  17.43053	  -0.00000	   4.81277	  22.24331	  50.00344
 44	 26	   0.00000	  17.87104	  -0.00000	   4.81277	  22.68382	  49.53759
 44	 25	   0.00000	  18.17248	  -0.00000	   4.81277	  22.98526	  48.98766
 44	 24	   0.00000	  18.32201	  -0.00000	   4.81277	  23.13478	  48.34638
 44	 23	   0.00000	  18.30932	  -0.00000	   4.81277	  23.12209	  47.60934
 44	 22	   0.00000	  18.12712	  -0.00000	   4.81277	  22.93989	  46.77526
 44	 21	   0.00000	  17.77142	  -0.00000	   4.81277	  22.58419	  45.84629
 44	 20	   0.00000	  17.24187	  -0.00000	   4.81277	  22.05464	  44.82798
 44	 19	   0.00000	  16.54185	  -0.00000	   4.81277	  21.35463	  43.72928
 44	 18	   0.00000	  15.67857	  -0.00000	   4.81277	  20.49135	  42.56226
 44	 17	   0.00000	  14.66293	  -0.00000	   4.81277	  19.47571	  41.34178
 44	 16	   0.00000	  13.50933	  -0.00000	   4.81277	  18.32211	  40.08504
 44	 15	  -0.00000	  12.23536	  -0.00000	   4.81277	  17.04813	  38.81106
 44	 14	  -0.00000	  10.86129	  -0.00000	   4.81277	  15.67407	  37.54014
 44	 13	  -0.00000	   9.40963	  -0.00000	   4.81277	  14.22240	  36.29331
 44	 12	  -0.00000	   7.90442	  -0.00000	   4.81277	  12.71719	  35.09185
 44	 11	  -0.00000	   6.37064	  -0.00000	   4.81277	  11.18341	  33.95675
 44	 10	  -0.00000	   4.83347	  -0.00000	   4.81277	   9.64624	  32.90834
 44	  9	  -0.00000	   3.31764	  -0.00000	   4.81277	   8.13042	  31.96579
 44	  8	  -0.00000	   1.84676	  -0.00000	   4.81277	   6.65954	  31.14678
 44	  7	  -0.00000	   0.44268	  -0.00000	   4.81277	   5.25546	  30.46706
 44	  6	  -0.00000	  -0.87501	  -0.00000	   4.81277	   3.93777	  29.94017
 44	  5	  -0.00000	  -2.08943	  -0.00000	   4.81277	   2.72335	  29.57712
 44	  4	   0.00000	  -3.18676	  -0.00000	   4.81277	   1.62602	  29.38615
 44	  3	   0.00000	  -4.15646	  -0.00000	   4.81277	   0.65631	  29.37260
 44	  2	   0.00000	  -4.99139	  -0.00000	   4.81277	  -0.17861	  29.53880
 44	  1	   0.00000	  -5.68776	  -0.00000	   4.81277	  -0.87499	  29.88416

 45	 30	   0.00000	  14.82436	  -0.00000	   4.81277	  19.63714	  51.47461
 45	 29	   0.00000	  15.59913	  -0.00000	   4.81277	  20.41190	  51.24411
 45	 28	   0.00000	  16.29492	  -0.00000	   4.81277	  21.10769	  50.97616
 45	 27	   0.00000	  16.89521	  -0.00000	   4.81277	  21.70799	  50.65838
 45	 26	   0.00000	  17.38430	  -0.00000	   4.81277	  22.19707	  50.27954
 45	 25	   0.00000	  17.74777	  -0.00000	   4.81277	  22.56055	  49.83004
 45	 24	   0.00000	  17.97301	  -0.00000	   4.81277	  22.78579	  49.30229
 45	 23	   0.00000	  18.04966	  -0.00000	   4.81277	  22.86243	  48.69119
 45	 22	   0.00000	  17.96999	  -0.00000	   4.81277	  22.78276	  47.99437
 45	 21	   0.00000	  17.72930	  -0.00000	   4.81277	  22.54207	  47.21240
 45	 20	   0.00000	  17.32615	  -0.00000	   4.81277	  22.13893	  46.34895
 45	 19	   0.00000	  16.76254	  -0.00000	   4.81277	  21.57532	  45.41069
 45	 18	   0.00000	  16.04396	  -0.00000	   4.81277	  20.85674	  44.40722
 45	 17	   0.00000	  15.17934	  -0.00000	   4.81277	  19.99211	  43.35073
 45	 16	   0.00000	  14.18087	  -0.00000	   4.81277	  18.99364	  42.25574
 45	 15	   0.00000	  13.06374	  -0.00000	   4.81277	  17.87651	  41.13861
 45	 14	   0.00000	  11.84575	  -0.00000	   4.81277	  16.65853	  40.01714
 45	 13	   0.00000	  10.54684	  -0.00000	   4.81277	  15.35962	  38.91009
 45	 12	   0.00000	   9.18854	  -0.00000	   4.81277	  14.00131	  37.83668
 45	 11	   0.00000	   7.79337	  -0.00000	   4.81277	  12.60614	  36.81616
 45	 10	   0.00000	   6.38424	  -0.00000	   4.81277	  11.19702	  35.86735
 45	  9	   0.00000	   4.98383	  -0.00000	   4.81277	   9.79661	  35.00821
 45	  8	   0.00000	   3.61394	  -0.00000	   4.81277	   8.42671	  34.25548
 45	  7	   0.00000	   2.29496	  -0.00000	   4.81277	   7.10774	  33.62424
 45	  6	   0.00000	   1.04538	  -0.00000	   4.81277	   5.85815	  33.12764
 45	  5	   0.00000	  -0.11867	  -0.00000	   4.81277	   4.69410	  32.77657
 45	  4	   0.00000	  -1.18371	  -0.00000	   4.81277	   3.62906	  32.57945
 45	  3	   0.00000	  -2.13916	  -0.00000	   4.81277	   2.67361	  32.54207
 45	  2	   0.00000	  -2.97746	  -0.00000	   4.81277	   1.83531	  32.66752
 45	  1	   0.00000	  -3.69407	  -0.00000	   4.81277	   1.11870	  32.95618

 46	 30	   0.00000	  14.10840	  -0.00000	   4.81277	  18.92117	  51.86999
 46	 29	   0.00000	  14.88082	  -0.00000	   4.81277	  19.69359	  51.67210
 46	 28	   0.00000	  15.58455	  -0.00000	   4.81277	  20.39733	  51.44769
 46	 27	   0.00000	  16.20407	  -0.00000	   4.81277	  21.01684	  51.18512
 46	 26	   0.00000	  16.72450	  -0.00000	   4.81277	  21.53727	  50.87368
 46	 25	   0.00000	  17.13204	  -0.00000	   4.81277	  21.94482	  50.50397
 46	 24	   0.00000	  17.41447	  -0.00000	   4.81277	  22.22725	  50.06832
 46	 23	   0.00000	  17.56151	  -0.00000	   4.81277	  22.37429	  49.56114
 46	 22	   0.00000	  17.56525	  -0.00000	   4.81277	  22.37803	  48.97925
 46	 21	   0.00000	  17.42047	  -0.00000	   4.81277	  22.23324	  48.32203
 46	 20	   0.00000	  17.12488	  -0.00000	   4.81277	  21.93765	  47.59160
 46	 19	   0.00000	  16.67933	  -0.00000	   4.81277	  21.49211	  46.79280
 46	 18	   0.00000	  16.08787	  -0.00000	   4.81277	  20.90064	  45.93312
 46	 17	   0.00000	  15.35768	  -0.00000	   4.81277	  20.17046	  45.02252
 46	 16	   0.00000	  14.49902	  -0.00000	   4.81277	  19.31180	  44.07316
 46	 15	   0.00000	  13.52493	  -0.00000	   4.81277	  18.33770	  43.09906
 46	 14	   0.00000	  12.45092	  -0.00000	   4.81277	  17.26369	  42.11575
 46	 13	   0.00000	  11.29458	  -0.00000	   4.81277	  16.10735	  41.13983
 46	 12	   0.00000	  10.07508	  -0.00000	   4.81277	  14.88785	  40.18854
 46	 11	   0.00000	   8.81264	  -0.00000	   4.81277	  13.62542	  39.27936
 46	 10	   0.00000	   7.52800	  -0.00000	   4.81277	  12.34077	  38.42956
 46	  9	   0.00000	   6.24180	  -0.00000	   4.81277	  11.05458	  37.65580
 46	  8	   0.00000	   4.97410	  -0.00000	   4.81277	   9.78687	  36.97373
 46	  7	   0.00000	   3.74379	  -0.00000	   4.81277	   8.55656	  36.39763
 46	  6	   0.00000	   2.56817	  -0.00000	   4.81277	   7.38095	  35.94010
 46	  5	   0.00000	   1.46255	  -0.00000	   4.81277	   6.27532	  35.61174
 46	  4	   0.00000	   0.43991	  -0.00000	   4.81277	   5.25269	  35.42097
 46	  3	   0.00000	  -0.48929	  -0.00000	   4.81277	   4.32348	  35.37385
 46	  2	   0.00000	  -1.31728	  -0.00000	   4.81277	   3.49549	  35.47400
 46	  1	   0.00000	  -2.03899	  -0.00000	   4.81277	   2.77378	  35.72260

 47	 30	   0.00000	  13.30729	  -0.00000	   4.81277	  18.12007	  52.21002
 47	 29	   0.00000	  14.06506	  -0.00000	   4.81277	  18.87784	  52.03089
 47	 28	   0.00000	  14.76343	  -0.00000	   4.81277	  19.57620	  51.83492
 47	 27	   0.00000	  15.38792	  -0.00000	   4.81277	  20.20069	  51.61128
 47	 26	   0.00000	  15.92456	  -0.00000	   4.81277	  20.73733	  51.34983
 47	 25	   0.00000	  16.36028	  -0.00000	   4.81277	  21.17306	  51.04152
 47	 24	   0.00000	  16.68335	  -0.00000	   4.81277	  21.49612	  50.67874
 47	 23	   0.00000	  16.88374	  -0.00000	   4.81277	  21.69652	  50.25566
 47	 22	   0.00000	  16.95351	  -0.00000	   4.81277	  21.76629	  49.76852
 47	 21	   0.00000	  16.88712	  -0.00000	   4.81277	  21.69990	  49.21580
 47	 20	   0.00000	  16.68167	  -0.00000	   4.81277	  21.49444	  48.59841
 47	 19	   0.00000	  16.33706	  -0.00000	   4.81277	  21.14984	  47.91969
 47	 18	   0.00000	  15.85612	  -0.00000	   4.81277	  20.66890	  47.18540
 47	 17	   0.00000	  15.24457	  -0.00000	   4.81277	  20.05735	  46.40360
 47	 16	   0.00000	  14.51093	  -0.00000	   4.81277	  19.32370	  45.58442
 47	 15	   0.00000	  13.66632	  -0.00000	   4.81277	  18.47909	  44.73981
 47	 14	   0.00000	  12.72420	  -0.00000	   4.81277	  17.53697	  43.88323
 47	 13	   0.00000	  11.70000	  -0.00000	   4.81277	  16.51277	  43.02928
 47	 12	   0.00000	  10.61069	  -0.00000	   4.81277	  15.42347	  42.19332
 47	 11	   0.00000	   9.47436	  -0.00000	   4.81277	  14.28713	  41.39110
 47	 10	   0.00000	   8.30964	  -0.00000	   4.81277	  13.12241	  40.63832
 47	  9	   0.00000	   7.13527	  -0.00000	   4.81277	  11.94804	  39.95027
 47	  8	   0.00000	   5.96954	  -0.00000	   4.81277	  10.78232	  39.34147
 47	  7	   0.00000	   4.82988	  -0.00000	   4.81277	   9.64265	  38.82527
 47	  6	   0.00000	   3.73235	  -0.00000	   4.81277	   8.54513	  38.41359
 47	  5	   0.00000	   2.69135	  -0.00000	   4.81277	   7.50412	  38.11662
 47	  4	   0.00000	   1.71926	  -0.00000	   4.81277	   6.53203	  37.94262
 47	  3	   0.00000	   0.82625	  -0.00000	   4.81277	   5.63902	  37.89774
 47	  2	   0.00000	   0.02014	  -0.00000	   4.81277	   4.83292	  37.98597
 47	  1	   0.00000	  -0.69366	  -0.00000	   4.81277	   4.11912	  38.20907

 48	 30	   0.00000	  12.44451	  -0.00000	   4.81277	  17.25729	  52.51527
 48	 29	   0.00000	  13.17741	  -0.00000	   4.81277	  17.99019	  52.34313
 48	 28	   0.00000	  13.85924	  -0.00000	   4.81277	  18.67201	  52.16268
 48	 27	   0.00000	  14.47659	  -0.00000	   4.81277	  19.28937	  51.96390
 48	 26	   0.00000	  15.01646	  -0.00000	   4.81277	  19.82923	  51.73730
 48	 25	   0.00000	  15.46656	  -0.00000	   4.81277	  20.27934	  51.47429
 48	 24	   0.00000	  15.81577	  -0.00000	   4.81277	  20.62854	  51.16745
 48	 23	   0.00000	  16.05442	  -0.00000	   4.81277	  20.86720	  50.81090
 48	 22	   0.00000	  16.17471	  -0.00000	   4.81277	  20.98748	  50.40049
 48	 21	   0.00000	  16.17092	  -0.00000	   4.81277	  20.98369	  49.93408
 48	 20	   0.00000	  16.03972	  -0.00000	   4.81277	  20.85249	  49.41164
 48	 19	   0.00000	  15.78029	  -0.00000	   4.81277	  20.59307	  48.83532
 48	 18	   0.00000	  15.39446	  -0.00000	   4.81277	  20.20723	  48.20946
 48	 17	   0.00000	  14.88667	  -0.00000	   4.81277	  19.69944	  47.54051
 48	 16	   0.00000	  14.26394	  -0.00000	   4.81277	  19.07672	  46.83685
 48	 15	   0.00000	  13.53571	  -0.00000	   4.81277	  18.34849	  46.10862
 48	 14	   0.00000	  12.71358	  -0.00000	   4.81277	  17.52635	  45.36742
 48	 13	   0.00000	  11.81101	  -0.00000	   4.81277	  16.62378	  44.62602
 48	 12	   0.00000	  10.84297	  -0.00000	   4.81277	  15.65574	  43.89800
 48	 11	   0.00000	   9.82551	  -0.00000	   4.81277	  14.63829	  43.19744
 48	 10	   0.00000	   8.77534	  -0.00000	   4.81277	  13.58811	  42.53850
 48	  9	   0.00000	   7.70933	  -0.00000	   4.81277	  12.52211	  41.93511
 48	  8	   0.00000	   6.64411	  -0.00000	   4.81277	  11.45689	  41.40058
 48	  7	   0.00000	   5.59560	  -0.00000	   4.81277	  10.40838	  40.94729
 48	  6	   0.00000	   4.57866	  -0.00000	   4.81277	   9.39143	  40.58638
 48	  5	   0.00000	   3.60667	  -0.00000	   4.81277	   8.41945	  40.32752
 48	  4	   0.00000	   2.69136	  -0.00000	   4.81277	   7.50413	  40.17866
 48	  3	   0.00000	   1.84248	  -0.00000	   4.81277	   6.65526	  40.14593
 48	  2	   0.00000	   1.06776	  -0.00000	   4.81277	   5.88054	  40.23348
 48	  1	   0.00000	   0.37277	  -0.00000	   4.81277	   5.18555	  40.44353

 49	 30	   0.00000	  11.54202	   0.00000	   4.81277	  16.35480	  52.80511
 49	 29	   0.00000	  12.24187	   0.00000	   4.81277	  17.05465	  52.63027
 49	 28	   0.00000	  12.89806	  -0.00000	   4.81277	  17.71084	  52.45454
 49	 27	   0.00000	  13.49828	  -0.00000	   4.81277	  18.31105	  52.26875
 49	 26	   0.00000	  14.03049	  -0.00000	   4.81277	  18.84327	  52.06412
 49	 25	   0.00000	  14.48328	  -0.00000	   4.81277	  19.29605	  51.83257
 49	 24	   0.00000	  14.84617	  -0.00000	   4.81277	  19.65894	  51.56701
 49	 23	   0.00000	  15.10998	  -0.00000	   4.81277	  19.92276	  51.26163
 49	 22	   0.00000	  15.26714	  -0.00000	   4.81277	  20.07992	  50.91212
 49	 21	   0.00000	  15.31193	  -0.00000	   4.81277	  20.12470	  50.51590
 49	 20	   0.00000	  15.24073	  -0.00000	   4.81277	  20.05350	  50.07225
 49	 19	   0.00000	  15.05218	  -0.00000	   4.81277	  19.86495	  49.58237
 49	 18	   0.00000	  14.74729	  -0.00000	   4.81277	  19.56006	  49.04947
 49	 17	   0.00000	  14.32944	  -0.00000	   4.81277	  19.14222	  48.47863
 49	 16	   0.00000	  13.80437	  -0.00000	   4.81277	  18.61715	  47.87676
 49	 15	   0.00000	  13.18001	  -0.00000	   4.81277	  17.99278	  47.25240
 49	 14	   0.00000	  12.46630	  -0.00000	   4.81277	  17.27907	  46.61548
 49	 13	   0.00000	  11.67494	  -0.00000	   4.81277	  16.48771	  45.97712
 49	 12	   0.00000	  10.81906	  -0.00000	   4.81277	  15.63183	  45.34925
 49	 11	   0.00000	   9.91284	  -0.00000	   4.81277	  14.72562	  44.74436
 49	 10	   0.00000	   8.97117	  -0.00000	   4.81277	  13.78394	  44.17514
 49	  9	   0.00000	   8.00916	  -0.00000	   4.81277	  12.82194	  43.65415
 49	  8	   0.00000	   7.04184	  -0.00000	   4.81277	  11.85462	  43.19349
 49	  7	   0.00000	   6.08368	  -0.00000	   4.81277	  10.89646	  42.80453
 49	  6	   0.00000	   5.14829	  -0.00000	   4.81277	   9.96106	  42.49758
 49	  5	   0.00000	   4.24806	  -0.00000	   4.81277	   9.06083	  42.28169
 49	  4	   0.00000	   3.39395	  -0.00000	   4.81277	   8.20672	  42.16442
 49	  3	   0.00000	   2.59523	  -0.00000	   4.81277	   7.40800	  42.15171
 49	  2	   0.00000	   1.85939	   0.00000	   4.81277	   6.67217	  42.24779
 49	  1	   0.00000	   1.19205	   0.00000	   4.81277	   6.00482	  42.45513

 50	 30	   0.00000	  10.61991	   0.00000	   4.81277	  15.43269	  53.09733
 50	 29	   0.00000	  11.28046	   0.00000	   4.81277	  16.09323	  52.91205
 50	 28	   0.00000	  11.90389	   0.00000	   4.81277	  16.71667	  52.73229
 50	 27	   0.00000	  12.47898	  -0.00000	   4.81277	  17.29176	  52.54974
 50	 26	   0.00000	  12.99470	  -0.00000	   4.81277	  17.80747	  52.35635
 50	 25	   0.00000	  13.44049	  -0.00000	   4.81277	  18.25326	  52.14463
 50	 24	   0.00000	  13.80661	  -0.00000	   4.81277	  18.61938	  51.90790
 50	 23	   0.00000	  14.08443	  -0.00000	   4.81277	  18.89721	  51.64053
 50	 22	   0.00000	  14.26670	  -0.00000	   4.81277	  19.07947	  51.33819
 50	 21	   0.00000	  14.34781	  -0.00000	   4.81277	  19.16058	  50.99806
 50	 20	   0.00000	  14.32400	  -0.00000	   4.81277	  19.13677	  50.61891
 50	 19	   0.00000	  14.19352	  -0.00000	   4.81277	  19.00629	  50.20125
 50	 18	   0.00000	  13.95674	  -0.00000	   4.81277	  18.76951	  49.74733
 50	 17	   0.00000	  13.61615	  -0.00000	   4.81277	  18.42893	  49.26113
 50	 16	   0.00000	  13.17639	  -0.00000	   4.81277	  17.98916	  48.74831
 50	 15	   0.00000	  12.64408	  -0.00000	   4.81277	  17.45685	  48.21600
 50	 14	   0.00000	  12.02770	  -0.00000	   4.81277	  16.84048	  47.67268
 50	 13	   0.00000	  11.33736	  -0.00000	   4.81277	  16.15014	  47.12795
 50	 12	   0.00000	  10.58452	  -0.00000	   4.81277	  15.39729	  46.59224
 50	 11	   0.00000	   9.78164	  -0.00000	   4.81277	  14.59441	  46.07655
 50	 10	   0.00000	   8.94191	  -0.00000	   4.81277	  13.75468	  45.59216
 50	  9	   0.00000	   8.07882	  -0.00000	   4.81277	  12.89159	  45.15031
 50	  8	   0.00000	   7.20583	  -0.00000	   4.81277	  12.01861	  44.76193
 50	  7	   0.00000	   6.33604	  -0.00000	   4.81277	  11.14882	  44.43733
 50	  6	   0.00000	   5.48182	  -0.00000	   4.81277	  10.29460	  44.18597
 50	  5	   0.00000	   4.65456	  -0.00000	   4.81277	   9.46733	  44.01621
 50	  4	   0.00000	   3.86440	  -0.00000	   4.81277	   8.67718	  43.93516
 50	  3	   0.00000	   3.12008	   0.00000	   4.81277	   7.93285	  43.94847
 50	  2	   0.00000	   2.42874	   0.00000	   4.81277	   7.24152	  44.06033
 50	  1	   0.00000	   1.79591	   0.00000	   4.81277	   6.60868	  44.27332

 51	 30	   0.00000	   9.69611	   0.00000	   4.81277	  14.50889	  53.40780
 51	 29	   0.00000	  10.31287	   0.00000	   4.81277	  15.12564	  53.20615
 51	 28	   0.00000	  10.89826	   0.00000	   4.81277	  15.71104	  53.01553
 51	 27	   0.00000	  11.44213	   0.00000	   4.81277	  16.25490	  52.82846
 51	 26	   0.00000	  11.93440	   0.00000	   4.81277	  16.74718	  52.63764
 51	 25	   0.00000	  12.36544	  -0.00000	   4.81277	  17.17821	  52.43619
 51	 24	   0.00000	  12.72624	  -0.00000	   4.81277	  17.53902	  52.21790
 51	 23	   0.00000	  13.00878	  -0.00000	   4.81277	  17.82156	  51.97745
 51	 22	   0.00000	  13.20621	  -0.00000	   4.81277	  18.01898	  51.71060
 51	 21	   0.00000	  13.31311	  -0.00000	   4.81277	  18.12589	  51.41440
 51	 20	   0.00000	  13.32571	  -0.00000	   4.81277	  18.13849	  51.08731
 51	 19	   0.00000	  13.24199	  -0.00000	   4.81277	  18.05477	  50.72930
 51	 18	   0.00000	  13.06183	  -0.00000	   4.81277	  17.87460	  50.34189
 51	 17	   0.00000	  12.78700	  -0.00000	   4.81277	  17.59977	  49.92816
 51	 16	   0.00000	  12.42119	  -0.00000	   4.81277	  17.23396	  49.49268
 51	 15	   0.00000	  11.96991	  -0.00000	   4.81277	  16.78268	  49.04140
 51	 14	   0.00000	  11.44034	  -0.00000	   4.81277	  16.25311	  48.58151
 51	 13	   0.00000	  10.84117	  -0.00000	   4.81277	  15.65395	  48.12124
 51	 12	   0.00000	  10.18235	  -0.00000	   4.81277	  14.99512	  47.66965
 51	 11	   0.00000	   9.47479	  -0.00000	   4.81277	  14.28756	  47.23639
 51	 10	   0.00000	   8.73009	  -0.00000	   4.81277	  13.54287	  46.83138
 51	  9	   0.00000	   7.96024	  -0.00000	   4.81277	  12.77301	  46.46463
 51	  8	   0.00000	   7.17724	  -0.00000	   4.81277	  11.99001	  46.14591
 51	  7	   0.00000	   6.39284	  -0.00000	   4.81277	  11.20561	  45.88450
 51	  6	   0.00000	   5.61823	  -0.00000	   4.81277	  10.43101	  45.68899
 51	  5	   0.00000	   4.86379	   0.00000	   4.81277	   9.67657	  45.56703
 51	  4	   0.00000	   4.13885	   0.00000	   4.81277	   8.95163	  45.52518
 51	  3	   0.00000	   3.45152	   0.00000	   4.81277	   8.26429	  45.56878
 51	  2	   0.00000	   2.80855	   0.00000	   4.81277	   7.62133	  45.70183
 51	  1	   0.00000	   2.21529	   0.00000	   4.81277	   7.02806	  45.92697

 52	 30	   0.00000	   8.78619	   0.00000	   4.81277	  13.59896	  53.75024
 52	 29	   0.00000	   9.35628	   0.00000	   4.81277	  14.16905	  53.52798
 52	 28	   0.00000	   9.90003	   0.00000	   4.81277	  14.71280	  53.32142
 52	 27	   0.00000	  10.40827	   0.00000	   4.81277	  15.22105	  53.12388
 52	 26	   0.00000	  10.87193	   0.00000	   4.81277	  15.68470	  52.92883
 52	 25	   0.00000	  11.28222	   0.00000	   4.81277	  16.09500	  52.73002
 52	 24	   0.00000	  11.63094	   0.00000	   4.81277	  16.44371	  52.52175
 52	 23	   0.00000	  11.91066	   0.00000	   4.81277	  16.72343	  52.29906
 52	 22	   0.00000	  12.11500	  -0.00000	   4.81277	  16.92778	  52.05789
 52	 21	   0.00000	  12.23883	  -0.00000	   4.81277	  17.05160	  51.79531
 52	 20	   0.00000	  12.27842	  -0.00000	   4.81277	  17.09119	  51.50957
 52	 19	   0.00000	  12.23161	  -0.00000	   4.81277	  17.04438	  51.20028
 52	 18	   0.00000	  12.09790	  -0.00000	   4.81277	  16.91068	  50.86837
 52	 17	   0.00000	  11.87851	  -0.00000	   4.81277	  16.69128	  50.51620
 52	 16	   0.00000	  11.57632	  -0.00000	   4.81277	  16.38909	  50.14743
 52	 15	   0.00000	  11.19588	  -0.00000	   4.81277	  16.00865	  49.76698
 52	 14	   0.00000	  10.74324	  -0.00000	   4.81277	  15.55602	  49.38093
 52	 13	   0.00000	  10.22584	  -0.00000	   4.81277	  15.03861	  48.99631
 52	 12	   0.00000	   9.65225	  -0.00000	   4.81277	  14.46503	  48.62092
 52	 11	   0.00000	   9.03199	  -0.00000	   4.81277	  13.84477	  48.26315
 52	 10	   0.00000	   8.37523	  -0.00000	   4.81277	  13.18800	  47.93171
 52	  9	   0.00000	   7.69252	  -0.00000	   4.81277	  12.50529	  47.63541
 52	  8	   0.00000	   6.99452	   0.00000	   4.81277	  11.80729	  47.38292
 52	  7	   0.00000	   6.29172	   0.00000	   4.81277	  11.10449	  47.18253
 52	  6	   0.00000	   5.59416	   0.00000	   4.81277	  10.40693	  47.04196
 52	  5	   0.00000	   4.91122	   0.00000	   4.81277	   9.72400	  46.96813
 52	  4	   0.00000	   4.25142	   0.00000	   4.81277	   9.06420	  46.96703
 52	  3	   0.00000	   3.62223	   0.00000	   4.81277	   8.43500	  47.04362
 52	  2	   0.00000	   3.02995	   0.00000	   4.81277	   7.84272	  47.20165
 52	  1	   0.00000	   2.47966	   0.00000	   4.81277	   7.29244	  47.44371

 53	 30	   0.00000	   7.90326	   0.00000	   4.81277	  12.71604	  54.13614
 53	 29	   0.00000	   8.42524	   0.00000	   4.81277	  13.23801	  53.89050
 53	 28	   0.00000	   8.92521	   0.00000	   4.81277	  13.73798	  53.66448
 53	 27	   0.00000	   9.39498	   0.00000	   4.81277	  14.20776	  53.45218
 53	 26	   0.00000	   9.82641	   0.00000	   4.81277	  14.63919	  53.24780
 53	 25	   0.00000	  10.21159	   0.00000	   4.81277	  15.02437	  53.04574
 53	 24	   0.00000	  10.54306	   0.00000	   4.81277	  15.35583	  52.84083
 53	 23	   0.00000	  10.81404	   0.00000	   4.81277	  15.62682	  52.62851
 53	 22	   0.00000	  11.01865	   0.00000	   4.81277	  15.83143	  52.40498
 53	 21	   0.00000	  11.15207	   0.00000	   4.81277	  15.96484	  52.16740
 53	 20	   0.00000	  11.21070	   0.00000	   4.81277	  16.02348	  51.91394
 53	 19	   0.00000	  11.19235	   0.00000	   4.81277	  16.00512	  51.64394
 53	 18	   0.00000	  11.09624	   0.00000	   4.81277	  15.90901	  51.35792
 53	 17	   0.00000	  10.92312	  -0.00000	   4.81277	  15.73589	  51.05763
 53	 16	   0.00000	  10.67524	  -0.00000	   4.81277	  15.48802	  50.74599
 53	 15	   0.00000	  10.35632	  -0.00000	   4.81277	  15.16909	  50.42707
 53	 14	   0.00000	   9.97143	  -0.00000	   4.81277	  14.78420	  50.10594
 53	 13	   0.00000	   9.52689	   0.00000	   4.81277	  14.33967	  49.78857
 53	 12	   0.00000	   9.03008	   0.00000	   4.81277	  13.84286	  49.48167
 53	 11	   0.00000	   8.48924	   0.00000	   4.81277	  13.30201	  49.19247
 53	 10	   0.00000	   7.91322	   0.00000	   4.81277	  12.72600	  48.92855
 53	  9	   0.00000	   7.31130	   0.00000	   4.81277	  12.12407	  48.69763
 53	  8	   0.00000	   6.69286	   0.00000	   4.81277	  11.50563	  48.50732
 53	  7	   0.00000	   6.06721	   0.00000	   4.81277	  10.87998	  48.36498
 53	  6	   0.00000	   5.44330	   0.00000	   4.81277	  10.25608	  48.27745
 53	  5	   0.00000	   4.82958	   0.00000	   4.81277	   9.64235	  48.25096
 53	  4	   0.00000	   4.23372	   0.00000	   4.81277	   9.04649	  48.29092
 53	  3	   0.00000	   3.66255	   0.00000	   4.81277	   8.47532	  48.40182
 53	  2	   0.00000	   3.12190	   0.00000	   4.81277	   7.93467	  48.58716
 53	  1	   0.00000	   2.61653	   0.00000	   4.81277	   7.42930	  48.84940

 54	 30	   0.00000	   7.05803	   0.00000	   4.81277	  11.87081	  54.57473
 54	 29	   0.00000	   7.53165	   0.00000	   4.81277	  12.34442	  54.30422
 54	 28	   0.00000	   7.98699	   0.00000	   4.81277	  12.79976	  54.05658
 54	 27	   0.00000	   8.41679	   0.00000	   4.81277	  13.22956	  53.82667
 54	 26	   0.00000	   8.81378	   0.00000	   4.81277	  13.62655	  53.60936
 54	 25	   0.00000	   9.17088	   0.00000	   4.81277	  13.98366	  53.39971
 54	 24	   0.00000	   9.48139	   0.00000	   4.81277	  14.29416	  53.19307
 54	 23	   0.00000	   9.73917	   0.00000	   4.81277	  14.55194	  52.98532
 54	 22	   0.00000	   9.93883	   0.00000	   4.81277	  14.75160	  52.77298
 54	 21	   0.00000	  10.07592	   0.00000	   4.81277	  14.88869	  52.55333
 54	 20	   0.00000	  10.14703	   0.00000	   4.81277	  14.95981	  52.32456
 54	 19	   0.00000	  10.14998	   0.00000	   4.81277	  14.96275	  52.08586
 54	 18	   0.00000	  10.08382	   0.00000	   4.81277	  14.89659	  51.83742
 54	 17	   0.00000	   9.94894	   0.00000	   4.81277	  14.76172	  51.58053
 54	 16	   0.00000	   9.74707	   0.00000	   4.81277	  14.55985	  51.31750
 54	 15	   0.00000	   9.48122	   0.00000	   4.81277	  14.29399	  51.05164
 54	 14	   0.00000	   9.15562	   0.00000	   4.81277	  13.96839	  50.78721
 54	 13	   0.00000	   8.77562	   0.00000	   4.81277	  13.58839	  50.52922
 54	 12	   0.00000	   8.34752	   0.00000	   4.81277	  13.16030	  50.28340
 54	 11	   0.00000	   7.87843	   0.00000	   4.81277	  12.69121	  50.05596
 54	 10	   0.00000	   7.37603	   0.00000	   4.81277	  12.18881	  49.85345
 54	  9	   0.00000	   6.84840	   0.00000	   4.81277	  11.66117	  49.68255
 54	  8	   0.00000	   6.30377	   0.00000	   4.81277	  11.11654	  49.54993
 54	  7	   0.00000	   5.75034	   0.00000	   4.81277	  10.56312	  49.46202
 54	  6	   0.00000	   5.19606	   0.00000	   4.81277	  10.00884	  49.42489
 54	  5	   0.00000	   4.64844	   0.00000	   4.81277	   9.46122	  49.44402
 54	  4	   0.00000	   4.11438	   0.00000	   4.81277	   8.92716	  49.52427
 54	  3	   0.00000	   3.60007	   0.00000	   4.81277	   8.41284	  49.66966
 54	  2	   0.00000	   3.11081	   0.00000	   4.81277	   7.92359	  49.88339
 54	  1	   0.00000	   2.65103	   0.00000	   4.81277	   7.46381	  50.16773

 55	 30	   0.00000	   6.25880	   0.00000	   4.81277	  11.07158	  55.07300
 55	 29	   0.00000	   6.68484	   0.00000	   4.81277	  11.49762	  54.77723
 55	 28	   0.00000	   7.09579	   0.00000	   4.81277	  11.90857	  54.50698
 55	 27	   0.00000	   7.48525	   0.00000	   4.81277	  12.29802	  54.25783
 55	 26	   0.00000	   7.84677	   0.00000	   4.81277	  12.65955	  54.02530
 55	 25	   0.00000	   8.17408	   0.00000	   4.81277	  12.98685	  53.80505
 55	 24	   0.00000	   8.46117	   0.00000	   4.81277	  13.27395	  53.59299
 55	 23	   0.00000	   8.70255	   0.00000	   4.81277	  13.51533	  53.38543
 55	 22	   0.00000	   8.89334	   0.00000	   4.81277	  13.70612	  53.17921
 55	 21	   0.00000	   9.02945	   0.00000	   4.81277	  13.84223	  52.97182
 55	 20	   0.00000	   9.10773	   0.00000	   4.81277	  13.92050	  52.76152
 55	 19	   0.00000	   9.12602	   0.00000	   4.81277	  13.93879	  52.54741
 55	 18	   0.00000	   9.08330	   0.00000	   4.81277	  13.89608	  52.32946
 55	 17	   0.00000	   8.97970	   0.00000	   4.81277	  13.79248	  52.10860
 55	 16	   0.00000	   8.81650	   0.00000	   4.81277	  13.62927	  51.88663
 55	 15	   0.00000	   8.59613	   0.00000	   4.81277	  13.40890	  51.66626
 55	 14	   0.00000	   8.32210	   0.00000	   4.81277	  13.13488	  51.45099
 55	 13	   0.00000	   7.99891	   0.00000	   4.81277	  12.81169	  51.24507
 55	 12	   0.00000	   7.63193	   0.00000	   4.81277	  12.44471	  51.05332
 55	 11	   0.00000	   7.22724	   0.00000	   4.81277	  12.04001	  50.88104
 55	 10	   0.00000	   6.79147	   0.00000	   4.81277	  11.60425	  50.73384
 55	  9	   0.00000	   6.33163	   0.00000	   4.81277	  11.14440	  50.61749
 55	  8	   0.00000	   5.85489	   0.00000	   4.81277	  10.66766	  50.53777
 55	  7	   0.00000	   5.36844	   0.00000	   4.81277	  10.18121	  50.50026
 55	  6	   0.00000	   4.87928	   0.00000	   4.81277	   9.69205	  50.51025
 55	  5	   0.00000	   4.39405	   0.00000	   4.81277	   9.20682	  50.57257
 55	  4	   0.00000	   3.91891	   0.00000	   4.81277	   8.73168	  50.69148
 55	  3	   0.00000	   3.45939	   0.00000	   4.81277	   8.27217	  50.87058
 55	  2	   0.00000	   3.02033	   0.00000	   4.81277	   7.83310	  51.11272
 55	  1	   0.00000	   2.60576	   0.00000	   4.81277	   7.41853	  51.41995

 56	 30	   0.00000	   5.51166	   0.00000	   4.81277	  10.32443	  55.63585
 56	 29	   0.00000	   5.89173	   0.00000	   4.81277	  10.70450	  55.31532
 56	 28	   0.00000	   6.25941	   0.00000	   4.81277	  11.07219	  55.02245
 56	 27	   0.00000	   6.60910	   0.00000	   4.81277	  11.42188	  54.75345
 56	 26	   0.00000	   6.93513	   0.00000	   4.81277	  11.74791	  54.50448
 56	 25	   0.00000	   7.23195	   0.00000	   4.81277	  12.04473	  54.27179
 56	 24	   0.00000	   7.49427	   0.00000	   4.81277	  12.30704	  54.05180
 56	 23	   0.00000	   7.71716	   0.00000	   4.81277	  12.52994	  53.84126
 56	 22	   0.00000	   7.89627	   0.00000	   4.81277	  12.70904	  53.63733
 56	 21	   0.00000	   8.02788	   0.00000	   4.81277	  12.84066	  53.43776
 56	 20	   0.00000	   8.10909	   0.00000	   4.81277	  12.92187	  53.24091
 56	 19	   0.00000	   8.13787	   0.00000	   4.81277	  12.95064	  53.04584
 56	 18	   0.00000	   8.11313	   0.00000	   4.81277	  12.92591	  52.85240
 56	 17	   0.00000	   8.03482	   0.00000	   4.81277	  12.84759	  52.66122
 56	 16	   0.00000	   7.90387	   0.00000	   4.81277	  12.71664	  52.47372
 56	 15	   0.00000	   7.72222	   0.00000	   4.81277	  12.53500	  52.29207
 56	 14	   0.00000	   7.49278	   0.00000	   4.81277	  12.30555	  52.11918
 56	 13	   0.00000	   7.21930	   0.00000	   4.81277	  12.03208	  51.95857
 56	 12	   0.00000	   6.90633	   0.00000	   4.81277	  11.71911	  51.81431
 56	 11	   0.00000	   6.55906	   0.00000	   4.81277	  11.37184	  51.69088
 56	 10	   0.00000	   6.18318	   0.00000	   4.81277	  10.99596	  51.59306
 56	  9	   0.00000	   5.78472	   0.00000	   4.81277	  10.59750	  51.52579
 56	  8	   0.00000	   5.36992	   0.00000	   4.81277	  10.18270	  51.49401
 56	  7	   0.00000	   4.94502	   0.00000	   4.81277	   9.75780	  51.50256
 56	  6	   0.00000	   4.51615	   0.00000	   4.81277	   9.32893	  51.55599
 56	  5	   0.00000	   4.08915	   0.00000	   4.81277	   8.90193	  51.65851
 56	  4	   0.00000	   3.66947	   0.00000	   4.81277	   8.48225	  51.81382
 56	  3	   0.00000	   3.26204	   0.00000	   4.81277	   8.07481	  52.02507
 56	  2	   0.00000	   2.87118	   0.00000	   4.81277	   7.68396	  52.29477
 56	  1	   0.00000	   2.50057	   0.00000	   4.81277	   7.31334	  52.62476

 57	 30	   0.00000	   4.82063	   0.00000	   4.81277	   9.63340	  56.26627
 57	 29	   0.00000	   5.15698	   0.00000	   4.81277	   9.96975	  55.92217
 57	 28	   0.00000	   5.48322	   0.00000	   4.81277	  10.29600	  55.60742
 57	 27	   0.00000	   5.79447	   0.00000	   4.81277	  10.60725	  55.31882
 57	 26	   0.00000	   6.08579	   0.00000	   4.81277	  10.89856	  55.05312
 57	 25	   0.00000	   6.35230	   0.00000	   4.81277	  11.16508	  54.80709
 57	 24	   0.00000	   6.58936	   0.00000	   4.81277	  11.40214	  54.57765
 57	 23	   0.00000	   6.79262	   0.00000	   4.81277	  11.60539	  54.36197
 57	 22	   0.00000	   6.95819	   0.00000	   4.81277	  11.77096	  54.15757
 57	 21	   0.00000	   7.08275	   0.00000	   4.81277	  11.89552	  53.96243
 57	 20	   0.00000	   7.16365	   0.00000	   4.81277	  11.97642	  53.77505
 57	 19	   0.00000	   7.19900	   0.00000	   4.81277	  12.01177	  53.59452
 57	 18	   0.00000	   7.18773	   0.00000	   4.81277	  12.00050	  53.42061
 57	 17	   0.00000	   7.12962	   0.00000	   4.81277	  11.94240	  53.25371
 57	 16	   0.00000	   7.02536	   0.00000	   4.81277	  11.83813	  53.09495
 57	 15	   0.00000	   6.87647	   0.00000	   4.81277	  11.68925	  52.94607
 57	 14	   0.00000	   6.68534	   0.00000	   4.81277	  11.49812	  52.80943
 57	 13	   0.00000	   6.45510	   0.00000	   4.81277	  11.26788	  52.68798
 57	 12	   0.00000	   6.18958	   0.00000	   4.81277	  11.00236	  52.58510
 57	 11	   0.00000	   5.89318	   0.00000	   4.81277	  10.70595	  52.50458
 57	 10	   0.00000	   5.57074	   0.00000	   4.81277	  10.38352	  52.45043
 57	  9	   0.00000	   5.22747	   0.00000	   4.81277	  10.04024	  52.42686
 57	  8	   0.00000	   4.86871	   0.00000	   4.81277	   9.68149	  52.43806
 57	  7	   0.00000	   4.49988	   0.00000	   4.81277	   9.31266	  52.48817
 57	  6	   0.00000	   4.12631	   0.00000	   4.81277	   8.93908	  52.58109
 57	  5	   0.00000	   3.75309	   0.00000	   4.81277	   8.56587	  52.72043
 57	  4	   0.00000	   3.38502	   0.00000	   4.81277	   8.19779	  52.90937
 57	  3	   0.00000	   3.02644	   0.00000	   4.81277	   7.83921	  53.15063
 57	  2	   0.00000	   2.68120	   0.00000	   4.81277	   7.49397	  53.44639
 57	  1	   0.00000	   2.35260	   0.00000	   4.81277	   7.16537	  53.79825

 58	 30	   0.00000	   4.18790	   0.00000	   4.81277	   9.00068	  56.96551
 58	 29	   0.00000	   4.48326	   0.00000	   4.81277	   9.29603	  56.59957
 58	 28	   0.00000	   4.77041	   0.00000	   4.81277	   9.58318	  56.26428
 58	 27	   0.00000	   5.04513	   0.00000	   4.81277	   9.85791	  55.95699
 58	 26	   0.00000	   5.30315	   0.00000	   4.81277	  10.11592	  55.67495
 58	 25	   0.00000	   5.54021	   0.00000	   4.81277	  10.35299	  55.41545
 58	 24	   0.00000	   5.75227	   0.00000	   4.81277	  10.56504	  55.17586
 58	 23	   0.00000	   5.93549	   0.00000	   4.81277	  10.74827	  54.95375
 58	 22	   0.00000	   6.08647	   0.00000	   4.81277	  10.89925	  54.74699
 58	 21	   0.00000	   6.20225	   0.00000	   4.81277	  11.01502	  54.55380
 58	 20	   0.00000	   6.28044	   0.00000	   4.81277	  11.09321	  54.37283
 58	 19	   0.00000	   6.31930	   0.00000	   4.81277	  11.13208	  54.20324
 58	 18	   0.00000	   6.31780	   0.00000	   4.81277	  11.13058	  54.04473
 58	 17	   0.00000	   6.27564	   0.00000	   4.81277	  11.08842	  53.89759
 58	 16	   0.00000	   6.19328	   0.00000	   4.81277	  11.00606	  53.76263
 58	 15	   0.00000	   6.07193	   0.00000	   4.81277	  10.88471	  53.64129
 58	 14	   0.00000	   5.91353	   0.00000	   4.81277	  10.72631	  53.53548
 58	 13	   0.00000	   5.72068	   0.00000	   4.81277	  10.53345	  53.44761
 58	 12	   0.00000	   5.49658	   0.00000	   4.81277	  10.30935	  53.38051
 58	 11	   0.00000	   5.24494	   0.00000	   4.81277	  10.05772	  53.33733
 58	 10	   0.00000	   4.96989	   0.00000	   4.81277	   9.78267	  53.32144
 58	  9	   0.00000	   4.67585	   0.00000	   4.81277	   9.48863	  53.33638
 58	  8	   0.00000	   4.36742	   0.00000	   4.81277	   9.18019	  53.38568
 58	  7	   0.00000	   4.04924	   0.00000	   4.81277	   8.86201	  53.47283
 58	  6	   0.00000	   3.72592	   0.00000	   4.81277	   8.53869	  53.60115
 58	  5	   0.00000	   3.40189	   0.00000	   4.81277	   8.21466	  53.77369
 58	  4	   0.00000	   3.08131	   0.00000	   4.81277	   7.89409	  53.99317
 58	  3	   0.00000	   2.76801	   0.00000	   4.81277	   7.58079	  54.26188
 58	  2	   0.00000	   2.46538	   0.00000	   4.81277	   7.27815	  54.58169
 58	  1	   0.00000	   2.17634	   0.00000	   4.81277	   6.98912	  54.95395

 59	 30	   0.00000	   3.61410	   0.00000	   4.81277	   8.42687	  57.73331
 59	 29	   0.00000	   3.87149	   0.00000	   4.81277	   8.68427	  57.34765
 59	 28	   0.00000	   4.12227	   0.00000	   4.81277	   8.93505	  56.99360
 59	 27	   0.00000	   4.36280	   0.00000	   4.81277	   9.17558	  56.66900
 59	 26	   0.00000	   4.58939	   0.00000	   4.81277	   9.40217	  56.37157
 59	 25	   0.00000	   4.79839	   0.00000	   4.81277	   9.61116	  56.09907
 59	 24	   0.00000	   4.98625	   0.00000	   4.81277	   9.79903	  55.84927
 59	 23	   0.00000	   5.14968	   0.00000	   4.81277	   9.96245	  55.62015
 59	 22	   0.00000	   5.28566	   0.00000	   4.81277	  10.09844	  55.40986
 59	 21	   0.00000	   5.39160	   0.00000	   4.81277	  10.20438	  55.21687
 59	 20	   0.00000	   5.46538	   0.00000	   4.81277	  10.27815	  55.04002
 59	 19	   0.00000	   5.50542	   0.00000	   4.81277	  10.31819	  54.87854
 59	 18	   0.00000	   5.51073	   0.00000	   4.81277	  10.32351	  54.73212
 59	 17	   0.00000	   5.48098	   0.00000	   4.81277	  10.29375	  54.60092
 59	 16	   0.00000	   5.41645	   0.00000	   4.81277	  10.22923	  54.48558
 59	 15	   0.00000	   5.31810	   0.00000	   4.81277	  10.13088	  54.38723
 59	 14	   0.00000	   5.18750	   0.00000	   4.81277	  10.00027	  54.30744
 59	 13	   0.00000	   5.02678	   0.00000	   4.81277	   9.83955	  54.24817
 59	 12	   0.00000	   4.83862	   0.00000	   4.81277	   9.65139	  54.21174
 59	 11	   0.00000	   4.62613	   0.00000	   4.81277	   9.43891	  54.20078
 59	 10	   0.00000	   4.39281	   0.00000	   4.81277	   9.20558	  54.21808
 59	  9	   0.00000	   4.14239	   0.00000	   4.81277	   8.95516	  54.26659
 59	  8	   0.00000	   3.87879	   0.00000	   4.81277	   8.69156	  54.34926
 59	  7	   0.00000	   3.60599	   0.00000	   4.81277	   8.41877	  54.46901
 59	  6	   0.00000	   3.32795	   0.00000	   4.81277	   8.14072	  54.62862
 59	  5	   0.00000	   3.04847	   0.00000	   4.81277	   7.86125	  54.83065
 59	  4	   0.00000	   2.77117	   0.00000	   4.81277	   7.58395	  55.07737
 59	  3	   0.00000	   2.49937	   0.00000	   4.81277	   7.31215	  55.37071
 59	  2	   0.00000	   2.23605	   0.00000	   4.81277	   7.04882	  55.71221
 59	  1	   0.00000	   1.98377	   0.00000	   4.81277	   6.79655	  56.10299

