#X	Y	Miss	Anxiety	ExploreH	ExploreP	Sum	Stress
  0	 30	   0.00000	  -0.00000	   0.00000	   4.90752	   4.90752	  60.87888
  0	 29	   0.00000	  -0.00000	   0.00000	   4.90752	   4.90752	  59.94102
  0	 28	   0.00000	  -0.00000	   0.00000	   4.90752	   4.90752	  59.02849
  0	 27	   0.00000	  -0.00000	   0.00000	   4.90752	   4.90752	  58.14259
  0	 26	   0.00000	  -0.00000	   0.00000	   4.90752	   4.90752	  57.28468
  0	 25	   0.00000	  -0.00000	   0.00000	   4.90752	   4.90752	  56.45614
  0	 24	   0.00000	  -0.00000	   0.00000	   4.90752	   4.90752	  55.65841
  0	 23	   0.00000	  -0.00000	   0.00000	   4.90752	   4.90752	  54.89298
  0	 22	   0.00000	  -0.00000	   0.00000	   4.90752	   4.90752	  54.16135
  0	 21	   0.00000	  -0.00000	   0.00000	   4.90752	   4.90752	  53.46505
  0	 20	   0.00000	  -0.00000	   0.00000	   4.90752	   4.90752	  52.80561
  0	 19	   0.00000	  -0.00000	   0.00000	   4.90752	   4.90752	  52.18458
  0	 18	   0.00000	  -0.00000	   0.00000	   4.90752	   4.90752	  51.60349
  0	 17	   0.00000	  -0.00000	   0.00000	   4.90752	   4.90752	  51.06385
  0	 16	   0.00000	  -0.00000	   0.00000	   4.90752	   4.90752	  50.56713
  0	 15	   0.00000	  -0.00000	   0.00000	   4.90752	   4.90752	  50.11475
  0	 14	   0.00000	  -0.00000	   0.00000	   4.90752	   4.90752	  49.70804
  0	 13	   0.00000	  -0.00000	   0.00000	   4.90752	   4.90752	  49.34827
  0	 12	   0.00000	  -0.00000	   0.00000	   4.90752	   4.90752	  49.03658
  0	 11	   0.00000	  -0.00000	   0.00000	   4.90752	   4.90752	  48.77399
  0	 10	   0.00000	  -0.00000	   0.00000	   4.90752	   4.90752	  48.56139
  0	  9	   0.00000	  -0.00000	   0.00000	   4.90752	   4.90752	  48.39952
  0	  8	   0.00000	  -0.00000	   0.00000	   4.90752	   4.90752	  48.28894
  0	  7	   0.00000	  -0.00000	   0.00000	   4.90752	   4.90752	  48.23004
  0	  6	   0.00000	  -0.00000	   0.00000	   4.90752	   4.90752	  48.22304
  0	  5	   0.00000	  -0.00000	   0.00000	   4.90752	   4.90752	  48.26796
  0	  4	   0.00000	  -0.00000	   0.00000	   4.90752	   4.90752	  48.36463
  0	  3	   0.00000	  -0.00000	   0.00000	   4.90752	   4.90752	  48.51273
  0	  2	   0.00000	  -0.00000	   0.00000	   4.90752	   4.90752	  48.71172
  0	  1	   0.00000	  -0.00000	   0.00000	   4.90752	   4.90752	  48.96091

  1	 30	   0.00000	  -0.00000	   0.00000	   4.90752	   4.90752	  59.72637
  1	 29	   0.00000	  -0.00000	   0.00000	   4.90752	   4.90752	  58.76845
  1	 28	   0.00000	  -0.00000	   0.00000	   4.90752	   4.90752	  57.83571
  1	 27	   0.00000	  -0.00000	   0.00000	   4.90752	   4.90752	  56.92950
  1	 26	   0.00000	  -0.00000	   0.00000	   4.90752	   4.90752	  56.05124
  1	 25	   0.00000	  -0.00000	   0.00000	   4.90752	   4.90752	  55.20239
  1	 24	   0.00000	  -0.00000	   0.00000	   4.90752	   4.90752	  54.38445
  1	 23	   0.00000	  -0.00000	   0.00000	   4.90752	   4.90752	  53.59900
  1	 22	   0.00000	  -0.00000	   0.00000	   4.90752	   4.90752	  52.84763
  1	 21	   0.00000	  -0.00000	   0.00000	   4.90752	   4.90752	  52.13195
  1	 20	   0.00000	  -0.00000	   0.00000	   4.90752	   4.90752	  51.45363
  1	 19	   0.00000	  -0.00000	   0.00000	   4.90752	   4.90752	  50.81432
  1	 18	   0.00000	  -0.00000	   0.00000	   4.90752	   4.90752	  50.21566
  1	 17	   0.00000	  -0.00000	   0.00000	   4.90752	   4.90752	  49.65929
  1	 16	   0.00000	  -0.00000	   0.00000	   4.90752	   4.90752	  49.14680
  1	 15	   0.00000	  -0.00000	   0.00000	   4.90752	   4.90752	  48.67974
  1	 14	   0.00000	  -0.00000	   0.00000	   4.90752	   4.90752	  48.25958
  1	 13	   0.00000	  -0.00000	   0.00000	   4.90752	   4.90752	  47.88768
  1	 12	   0.00000	  -0.00000	   0.00000	   4.90752	   4.90752	  47.56532
  1	 11	   0.00000	  -0.00000	   0.00000	   4.90752	   4.90752	  47.29361
  1	 10	   0.00000	  -0.00000	   0.00000	   4.90752	   4.90752	  47.07355
  1	  9	   0.00000	  -0.00000	   0.00000	   4.90752	   4.90752	  46.90595
  1	  8	   0.00000	  -0.00000	   0.00000	   4.90752	   4.90752	  46.79142
  1	  7	   0.00000	  -0.00000	   0.00000	   4.90752	   4.90752	  46.73041
  1	  6	   0.00000	  -0.00000	   0.00000	   4.90752	   4.90752	  46.72316
  1	  5	   0.00000	  -0.00000	   0.00000	   4.90752	   4.90752	  46.76969
  1	  4	   0.00000	  -0.00000	   0.00000	   4.90752	   4.90752	  46.86982
  1	  3	   0.00000	  -0.00000	   0.00000	   4.90752	   4.90752	  47.02317
  1	  2	   0.00000	  -0.00000	   0.00000	   4.90752	   4.90752	  47.22916
  1	  1	   0.00000	  -0.00000	   0.00000	   4.90752	   4.90752	  47.48703

  2	 30	   0.00000	  -0.00000	   0.00000	   4.90752	   4.90752	  58.59104
  2	 29	   0.00000	  -0.00000	   0.00000	   4.90752	   4.90752	  57.61249
  2	 28	   0.00000	  -0.00000	   0.00000	   4.90752	   4.90752	  56.65892
  2	 27	   0.00000	  -0.00000	   0.00000	   4.90752	   4.90752	  55.73173
  2	 26	   0.00000	  -0.00000	   0.00000	   4.90752	   4.90752	  54.83240
  2	 25	   0.00000	  -0.00000	   0.00000	   4.90752	   4.90752	  53.96246
  2	 24	   0.00000	  -0.00000	   0.00000	   4.90752	   4.90752	  53.12350
  2	 23	   0.00000	  -0.00000	   0.00000	   4.90752	   4.90752	  52.31716
  2	 22	   0.00000	  -0.00000	   0.00000	   4.90752	   4.90752	  51.54514
  2	 21	   0.00000	  -0.00000	   0.00000	   4.90752	   4.90752	  50.80916
  2	 20	   0.00000	  -0.00000	   0.00000	   4.90752	   4.90752	  50.11100
  2	 19	   0.00000	  -0.00000	   0.00000	   4.90752	   4.90752	  49.45242
  2	 18	   0.00000	  -0.00000	   0.00000	   4.90752	   4.90752	  48.83520
  2	 17	   0.00000	  -0.00000	   0.00000	   4.90752	   4.90752	  48.26112
  2	 16	   0.00000	  -0.00000	   0.00000	   4.90752	   4.90752	  47.73190
  2	 15	   0.00000	  -0.00000	   0.00000	   4.90752	   4.90752	  47.24924
  2	 14	   0.00000	  -0.00000	   0.00000	   4.90752	   4.90752	  46.81473
  2	 13	   0.00000	  -0.00000	   0.00000	   4.90752	   4.90752	  46.42990
  2	 12	   0.00000	  -0.00000	   0.00000	   4.90752	   4.90752	  46.09613
  2	 11	   0.00000	  -0.00000	   0.00000	   4.90752	   4.90752	  45.81467
  2	 10	   0.00000	  -0.00000	   0.00000	   4.90752	   4.90752	  45.58661
  2	  9	   0.00000	  -0.00000	   0.00000	   4.90752	   4.90752	  45.41285
  2	  8	   0.00000	  -0.00000	   0.00000	   4.90752	   4.90752	  45.29409
  2	  7	   0.00000	  -0.00000	   0.00000	   4.90752	   4.90752	  45.23082
  2	  6	   0.00000	  -0.00000	   0.00000	   4.90752	   4.90752	  45.22330
  2	  5	   0.00000	  -0.00000	   0.00000	   4.90752	   4.90752	  45.27155
  2	  4	   0.00000	  -0.00000	   0.00000	   4.90752	   4.90752	  45.37539
  2	  3	   0.00000	  -0.00000	   0.00000	   4.90752	   4.90752	  45.53438
  2	  2	   0.00000	  -0.00000	   0.00000	   4.90752	   4.90752	  45.74788
  2	  1	   0.00000	  -0.00000	   0.00000	   4.90752	   4.90752	  46.01505

  3	 30	   0.00000	  -0.00000	   0.00000	   4.90752	   4.90752	  57.47400
  3	 29	   0.00000	  -0.00000	   0.00000	   4.90752	   4.90752	  56.47425
  3	 28	   0.00000	  -0.00000	   0.00000	   4.90752	   4.90752	  55.49923
  3	 27	   0.00000	  -0.00000	   0.00000	   4.90752	   4.90752	  54.55039
  3	 26	   0.00000	  -0.00000	   0.00000	   4.90752	   4.90752	  53.62926
  3	 25	   0.00000	  -0.00000	   0.00000	   4.90752	   4.90752	  52.73744
  3	 24	   0.00000	  -0.00000	   0.00000	   4.90752	   4.90752	  51.87660
  3	 23	   0.00000	  -0.00000	   0.00000	   4.90752	   4.90752	  51.04848
  3	 22	   0.00000	  -0.00000	   0.00000	   4.90752	   4.90752	  50.25486
  3	 21	   0.00000	  -0.00000	   0.00000	   4.90752	   4.90752	  49.49760
  3	 20	   0.00000	  -0.00000	   0.00000	   4.90752	   4.90752	  48.77856
  3	 19	   0.00000	  -0.00000	   0.00000	   4.90752	   4.90752	  48.09967
  3	 18	   0.00000	  -0.00000	   0.00000	   4.90752	   4.90752	  47.46284
  3	 17	   0.00000	  -0.00000	   0.00000	   4.90752	   4.90752	  46.86998
  3	 16	   0.00000	  -0.00000	   0.00000	   4.90752	   4.90752	  46.32300
  3	 15	   0.00000	  -0.00000	   0.00000	   4.90752	   4.90752	  45.82372
  3	 14	   0.00000	  -0.00000	   0.00000	   4.90752	   4.90752	  45.37391
  3	 13	   0.00000	  -0.00000	   0.00000	   4.90752	   4.90752	  44.97524
  3	 12	   0.00000	  -0.00000	   0.00000	   4.90752	   4.90752	  44.62924
  3	 11	   0.00000	  -0.00000	   0.00000	   4.90752	   4.90752	  44.33731
  3	 10	   0.00000	  -0.00000	   0.00000	   4.90752	   4.90752	  44.10066
  3	  9	   0.00000	  -0.00000	   0.00000	   4.90752	   4.90752	  43.92028
  3	  8	   0.00000	  -0.00000	   0.00000	   4.90752	   4.90752	  43.79696
  3	  7	   0.00000	  -0.00000	   0.00000	   4.90752	   4.90752	  43.73125
  3	  6	   0.00000	  -0.00000	   0.00000	   4.90752	   4.90752	  43.72344
  3	  5	   0.00000	  -0.00000	   0.00000	   4.90752	   4.90752	  43.77356
  3	  4	   0.00000	  -0.00000	   0.00000	   4.90752	   4.90752	  43.88139
  3	  3	   0.00000	  -0.00000	   0.00000	   4.90752	   4.90752	  44.04645
  3	  2	   0.00000	  -0.00000	   0.00000	   4.90752	   4.90752	  44.26802
  3	  1	   0.00000	  -0.00000	   0.00000	   4.90752	   4.90752	  44.54516

  4	 30	   0.00000	  -0.00000	   0.00000	   4.90752	   4.90752	  56.37643
  4	 29	   0.00000	  -0.00000	   0.00000	   4.90752	   4.90752	  55.35493
  4	 28	   0.00000	  -0.00000	   0.00000	   4.90752	   4.90752	  54.35785
  4	 27	   0.00000	  -0.00000	   0.00000	   4.90752	   4.90752	  53.38667
  4	 26	   0.00000	  -0.00000	   0.00000	   4.90752	   4.90752	  52.44300
  4	 25	   0.00000	  -0.00000	   0.00000	   4.90752	   4.90752	  51.52849
  4	 24	   0.00000	  -0.00000	   0.00000	   4.90752	   4.90752	  50.64491
  4	 23	   0.00000	  -0.00000	   0.00000	   4.90752	   4.90752	  49.79406
  4	 22	   0.00000	  -0.00000	   0.00000	   4.90752	   4.90752	  48.97786
  4	 21	   0.00000	  -0.00000	   0.00000	   4.90752	   4.90752	  48.19827
  4	 20	   0.00000	  -0.00000	   0.00000	   4.90752	   4.90752	  47.45728
  4	 19	   0.00000	  -0.00000	   0.00000	   4.90752	   4.90752	  46.75696
  4	 18	   0.00000	  -0.00000	   0.00000	   4.90752	   4.90752	  46.09937
  4	 17	   0.00000	  -0.00000	   0.00000	   4.90752	   4.90752	  45.48661
  4	 16	   0.00000	  -0.00000	   0.00000	   4.90752	   4.90752	  44.92071
  4	 15	   0.00000	  -0.00000	   0.00000	   4.90752	   4.90752	  44.40371
  4	 14	   0.00000	  -0.00000	   0.00000	   4.90752	   4.90752	  43.93754
  4	 13	   0.00000	  -0.00000	   0.00000	   4.90752	   4.90752	  43.52404
  4	 12	   0.00000	  -0.00000	   0.00000	   4.90752	   4.90752	  43.16493
  4	 11	   0.00000	  -0.00000	   0.00000	   4.90752	   4.90752	  42.86174
  4	 10	   0.00000	  -0.00000	   0.00000	   4.90752	   4.90752	  42.61582
  4	  9	   0.00000	  -0.00000	   0.00000	   4.90752	   4.90752	  42.42830
  4	  8	   0.00000	  -0.00000	   0.00000	   4.90752	   4.90752	  42.30007
  4	  7	   0.00000	  -0.00000	   0.00000	   4.90752	   4.90752	  42.23172
  4	  6	   0.00000	  -0.00000	   0.00000	   4.90752	   4.90752	  42.22359
  4	  5	   0.00000	  -0.00000	   0.00000	   4.90752	   4.90752	  42.27573
  4	  4	   0.00000	  -0.00000	   0.00000	   4.90752	   4.90752	  42.38786
  4	  3	   0.00000	  -0.00000	   0.00000	   4.90752	   4.90752	  42.55947
  4	  2	   0.00000	  -0.00000	   0.00000	   4.90752	   4.90752	  42.78974
  4	  1	   0.00000	  -0.00000	   0.00000	   4.90752	   4.90752	  43.07762

  5	 30	   0.00000	  -0.00000	   0.00000	   4.90752	   4.90752	  55.29960
  5	 29	   0.00000	  -0.00000	   0.00000	   4.90752	   4.90752	  54.25583
  5	 28	   0.00000	  -0.00000	   0.00000	   4.90752	   4.90752	  53.23607
  5	 27	   0.00000	  -0.00000	   0.00000	   4.90752	   4.90752	  52.24189
  5	 26	   0.00000	  -0.00000	   0.00000	   4.90752	   4.90752	  51.27492
  5	 25	   0.00000	  -0.00000	   0.00000	   4.90752	   4.90752	  50.33690
  5	 24	   0.00000	  -0.00000	   0.00000	   4.90752	   4.90752	  49.42968
  5	 23	   0.00000	  -0.00000	   0.00000	   4.90752	   4.90752	  48.55515
  5	 22	   0.00000	  -0.00000	   0.00000	   4.90752	   4.90752	  47.71534
  5	 21	   0.00000	  -0.00000	   0.00000	   4.90752	   4.90752	  46.91231
  5	 20	   0.00000	  -0.00000	   0.00000	   4.90752	   4.90752	  46.14823
  5	 19	   0.00000	  -0.00000	   0.00000	   4.90752	   4.90752	  45.42528
  5	 18	   0.00000	  -0.00000	   0.00000	   4.90752	   4.90752	  44.74573
  5	 17	   0.00000	  -0.00000	   0.00000	   4.90752	   4.90752	  44.11181
  5	 16	   0.00000	  -0.00000	   0.00000	   4.90752	   4.90752	  43.52577
  5	 15	   0.00000	  -0.00000	   0.00000	   4.90752	   4.90752	  42.98984
  5	 14	   0.00000	  -0.00000	   0.00000	   4.90752	   4.90752	  42.50614
  5	 13	   0.00000	  -0.00000	   0.00000	   4.90752	   4.90752	  42.07672
  5	 12	   0.00000	  -0.00000	   0.00000	   4.90752	   4.90752	  41.70348
  5	 11	   0.00000	  -0.00000	   0.00000	   4.90752	   4.90752	  41.38815
  5	 10	   0.00000	  -0.00000	   0.00000	   4.90752	   4.90752	  41.13223
  5	  9	   0.00000	  -0.00000	   0.00000	   4.90752	   4.90752	  40.93700
  5	  8	   0.00000	  -0.00000	   0.00000	   4.90752	   4.90752	  40.80343
  5	  7	   0.00000	  -0.00000	   0.00000	   4.90752	   4.90752	  40.73223
  5	  6	   0.00000	  -0.00000	   0.00000	   4.90752	   4.90752	  40.72376
  5	  5	   0.00000	  -0.00000	   0.00000	   4.90752	   4.90752	  40.77807
  5	  4	   0.00000	  -0.00000	   0.00000	   4.90752	   4.90752	  40.89488
  5	  3	   0.00000	  -0.00000	   0.00000	   4.90752	   4.90752	  41.07357
  5	  2	   0.00000	  -0.00000	   0.00000	   4.90752	   4.90752	  41.31324
  5	  1	   0.00000	  -0.00000	   0.00000	   4.90752	   4.90752	  41.61270

  6	 30	   0.00000	  -0.00000	   0.00000	   4.90752	   4.90752	  54.24489
  6	 29	   0.00000	  -0.00000	   0.00000	   4.90752	   4.90752	  53.17831
  6	 28	   0.00000	  -0.00000	   0.00000	   4.90752	   4.90752	  52.13529
  6	 27	   0.00000	  -0.00000	   0.00000	   4.90752	   4.90752	  51.11743
  6	 26	   0.00000	  -0.00000	   0.00000	   4.90752	   4.90752	  50.12643
  6	 25	   0.00000	  -0.00000	   0.00000	   4.90752	   4.90752	  49.16408
  6	 24	   0.00000	  -0.00000	   0.00000	   4.90752	   4.90752	  48.23230
  6	 23	   0.00000	  -0.00000	   0.00000	   4.90752	   4.90752	  47.33310
  6	 22	   0.00000	  -0.00000	   0.00000	   4.90752	   4.90752	  46.46859
  6	 21	   0.00000	  -0.00000	   0.00000	   4.90752	   4.90752	  45.64100
  6	 20	   0.00000	  -0.00000	   0.00000	   4.90752	   4.90752	  44.85260
  6	 19	   0.00000	  -0.00000	   0.00000	   4.90752	   4.90752	  44.10577
  6	 18	   0.00000	  -0.00000	   0.00000	   4.90752	   4.90752	  43.40293
  6	 17	  -0.00000	  -0.00000	  -0.00000	   4.90752	   4.90752	  42.74652
  6	 16	  -0.00000	  -0.00000	  -0.00000	   4.90752	   4.90752	  42.13900
  6	 15	  -0.00000	  -0.00000	  -0.00000	   4.90752	   4.90752	  41.58281
  6	 14	  -0.00000	  -0.00000	  -0.00000	   4.90752	   4.90752	  41.08030
  6	 13	   0.00000	  -0.00000	   0.00000	   4.90752	   4.90752	  40.63375
  6	 12	   0.00000	  -0.00000	   0.00000	   4.90752	   4.90752	  40.24527
  6	 11	   0.00000	  -0.00000	   0.00000	   4.90752	   4.90752	  39.91681
  6	 10	   0.00000	  -0.00000	   0.00000	   4.90752	   4.90752	  39.65005
  6	  9	   0.00000	  -0.00000	   0.00000	   4.90752	   4.90752	  39.44644
  6	  8	   0.00000	  -0.00000	   0.00000	   4.90752	   4.90752	  39.30709
  6	  7	   0.00000	  -0.00000	   0.00000	   4.90752	   4.90752	  39.23278
  6	  6	   0.00000	  -0.00000	   0.00000	   4.90752	   4.90752	  39.22395
  6	  5	   0.00000	  -0.00000	   0.00000	   4.90752	   4.90752	  39.28063
  6	  4	   0.00000	  -0.00000	   0.00000	   4.90752	   4.90752	  39.40250
  6	  3	   0.00000	  -0.00000	   0.00000	   4.90752	   4.90752	  39.58889
  6	  2	   0.00000	  -0.00000	   0.00000	   4.90752	   4.90752	  39.83875
  6	  1	   0.00000	  -0.00000	   0.00000	   4.90752	   4.90752	  40.15073

  7	 30	   0.00000	  -0.00000	   0.00000	   4.90752	   4.90752	  53.21373
  7	 29	   0.00000	  -0.00000	   0.00000	   4.90752	   4.90752	  52.12386
  7	 28	   0.00000	  -0.00000	   0.00000	   4.90752	   4.90752	  51.05702
  7	 27	   0.00000	  -0.00000	   0.00000	   4.90752	   4.90752	  50.01484
  7	 26	   0.00000	  -0.00000	   0.00000	   4.90752	   4.90752	  48.99905
  7	 25	   0.00000	  -0.00000	   0.00000	   4.90752	   4.90752	  48.01154
  7	 24	   0.00000	  -0.00000	   0.00000	   4.90752	   4.90752	  47.05429
  7	 23	   0.00000	  -0.00000	   0.00000	   4.90752	   4.90752	  46.12940
  7	 22	  -0.00000	  -0.00000	  -0.00000	   4.90752	   4.90752	  45.23911
  7	 21	  -0.00000	  -0.00000	  -0.00000	   4.90752	   4.90752	  44.38574
  7	 20	  -0.00000	  -0.00000	  -0.00000	   4.90752	   4.90752	  43.57176
  7	 19	  -0.00000	  -0.00000	  -0.00000	   4.90752	   4.90752	  42.79970
  7	 18	  -0.00000	  -0.00000	  -0.00000	   4.90752	   4.90752	  42.07216
  7	 17	  -0.00000	  -0.00000	  -0.00000	   4.90752	   4.90752	  41.39181
  7	 16	  -0.00000	  -0.00000	  -0.00000	   4.90752	   4.90752	  40.76135
  7	 15	  -0.00000	  -0.00000	  -0.00000	   4.90752	   4.90752	  40.18344
  7	 14	  -0.00000	  -0.00000	  -0.00000	   4.90752	   4.90752	  39.66070
  7	 13	  -0.00000	  -0.00000	  -0.00000	   4.90752	   4.90752	  39.19567
  7	 12	  -0.00000	  -0.00000	  -0.00000	   4.90752	   4.90752	  38.79071
  7	 11	  -0.00000	  -0.00000	  -0.00000	   4.90752	   4.90752	  38.44800
  7	 10	  -0.00000	  -0.00000	  -0.00000	   4.90752	   4.90752	  38.16947
  7	  9	  -0.00000	  -0.00000	  -0.00000	   4.90752	   4.90752	  37.95674
  7	  8	   0.00000	  -0.00000	   0.00000	   4.90752	   4.90752	  37.81108
  7	  7	   0.00000	  -0.00000	   0.00000	   4.90752	   4.90752	  37.73339
  7	  6	   0.00000	  -0.00000	   0.00000	   4.90752	   4.90752	  37.72415
  7	  5	   0.00000	  -0.00000	   0.00000	   4.90752	   4.90752	  37.78341
  7	  4	   0.00000	  -0.00000	   0.00000	   4.90752	   4.90752	  37.91082
  7	  3	   0.00000	  -0.00000	   0.00000	   4.90752	   4.90752	  38.10558
  7	  2	   0.00000	  -0.00000	   0.00000	   4.90752	   4.90752	  38.36652
  7	  1	   0.00000	  -0.00000	   0.00000	   4.90752	   4.90752	  38.69210

  8	 30	   0.00000	  -0.00000	   0.00000	   4.90752	   4.90752	  52.20766
  8	 29	   0.00000	  -0.00000	   0.00000	   4.90752	   4.90752	  51.09407
  8	 28	   0.00000	  -0.00000	   0.00000	   4.90752	   4.90752	  50.00287
  8	 27	   0.00000	  -0.00000	   0.00000	   4.90752	   4.90752	  48.93573
  8	 26	   0.00000	  -0.00000	   0.00000	   4.90752	   4.90752	  47.89446
  8	 25	  -0.00000	  -0.00000	  -0.00000	   4.90752	   4.90752	  46.88097
  8	 24	  -0.00000	  -0.00000	  -0.00000	   4.90752	   4.90752	  45.89732
  8	 23	  -0.00000	  -0.00000	  -0.00000	   4.90752	   4.90752	  44.94572
  8	 22	  -0.00000	  -0.00000	  -0.00000	   4.90752	   4.90752	  44.02849
  8	 21	  -0.00000	  -0.00000	  -0.00000	   4.90752	   4.90752	  43.14813
  8	 20	  -0.00000	  -0.00000	  -0.00000	   4.90752	   4.90752	  42.30722
  8	 19	  -0.00000	  -0.00000	  -0.00000	   4.90752	   4.90752	  41.50849
  8	 18	  -0.00000	  -0.00000	  -0.00000	   4.90752	   4.90752	  40.75475
  8	 17	  -0.00000	  -0.00000	  -0.00000	   4.90752	   4.90752	  40.04891
  8	 16	  -0.00000	  -0.00000	  -0.00000	   4.90752	   4.90752	  39.39391
  8	 15	  -0.00000	  -0.00000	  -0.00000	   4.90752	   4.90752	  38.79268
  8	 14	  -0.00000	  -0.00000	  -0.00000	   4.90752	   4.90752	  38.24815
  8	 13	  -0.00000	  -0.00000	  -0.00000	   4.90752	   4.90752	  37.76313
  8	 12	  -0.00000	  -0.00000	  -0.00000	   4.90752	   4.90752	  37.34029
  8	 11	  -0.00000	  -0.00000	  -0.00000	   4.90752	   4.90752	  36.98209
  8	 10	  -0.00000	  -0.00000	  -0.00000	   4.90752	   4.90752	  36.69071
  8	  9	  -0.00000	  -0.00000	  -0.00000	   4.90752	   4.90752	  36.46801
  8	  8	  -0.00000	  -0.00000	  -0.00000	   4.90752	   4.90752	  36.31545
  8	  7	  -0.00000	  -0.00000	  -0.00000	   4.90752	   4.90752	  36.23405
  8	  6	  -0.00000	  -0.00000	  -0.00000	   4.90752	   4.90752	  36.22436
  8	  5	   0.00000	  -0.00000	   0.00000	   4.90752	   4.90752	  36.28646
  8	  4	   0.00000	  -0.00000	   0.00000	   4.90752	   4.90752	  36.41992
  8	  3	   0.00000	  -0.00000	   0.00000	   4.90752	   4.90752	  36.62384
  8	  2	   0.00000	  -0.00000	   0.00000	   4.90752	   4.90752	  36.89687
  8	  1	   0.00000	  -0.00000	   0.00000	   4.90752	   4.90752	  37.23725

  9	 30	   0.00000	  -0.00000	   0.00000	   4.90752	   4.90752	  51.22833
  9	 29	   0.00000	  -0.00000	   0.00000	   4.90752	   4.90752	  50.09060
  9	 28	   0.00000	  -0.00000	   0.00000	   4.90752	   4.90752	  48.97456
  9	 27	  -0.00000	  -0.00000	  -0.00000	   4.90752	   4.90752	  47.88190
  9	 26	  -0.00000	  -0.00000	  -0.00000	   4.90752	   4.90752	  46.81445
  9	 25	  -0.00000	  -0.00000	  -0.00000	   4.90752	   4.90752	  45.77419
  9	 24	  -0.00000	  -0.00000	  -0.00000	   4.90752	   4.90752	  44.76323
  9	 23	  -0.00000	  -0.00000	  -0.00000	   4.90752	   4.90752	  43.78388
  9	 22	  -0.00000	  -0.00000	  -0.00000	   4.90752	   4.90752	  42.83857
  9	 21	  -0.00000	  -0.00000	  -0.00000	   4.90752	   4.90752	  41.92992
  9	 20	  -0.00000	  -0.00000	  -0.00000	   4.90752	   4.90752	  41.06068
  9	 19	  -0.00000	  -0.00000	  -0.00000	   4.90752	   4.90752	  40.23378
  9	 18	  -0.00000	  -0.00000	  -0.00000	   4.90752	   4.90752	  39.45224
  9	 17	  -0.00000	  -0.00000	  -0.00000	   4.90752	   4.90752	  38.71922
  9	 16	  -0.00000	  -0.00000	  -0.00000	   4.90752	   4.90752	  38.03794
  9	 15	  -0.00000	  -0.00000	  -0.00000	   4.90752	   4.90752	  37.41165
  9	 14	  -0.00000	  -0.00000	  -0.00000	   4.90752	   4.90752	  36.84357
  9	 13	  -0.00000	  -0.00000	  -0.00000	   4.90752	   4.90752	  36.33688
  9	 12	  -0.00000	  -0.00000	  -0.00000	   4.90752	   4.90752	  35.89459
  9	 11	  -0.00000	  -0.00000	  -0.00000	   4.90752	   4.90752	  35.51947
  9	 10	  -0.00000	  -0.00000	  -0.00000	   4.90752	   4.90752	  35.21404
  9	  9	  -0.00000	  -0.00000	  -0.00000	   4.90752	   4.90752	  34.98041
  9	  8	  -0.00000	  -0.00000	  -0.00000	   4.90752	   4.90752	  34.82026
  9	  7	  -0.00000	  -0.00000	  -0.00000	   4.90752	   4.90752	  34.73478
  9	  6	  -0.00000	  -0.00000	  -0.00000	   4.90752	   4.90752	  34.72461
  9	  5	  -0.00000	  -0.00000	  -0.00000	   4.90752	   4.90752	  34.78982
  9	  4	  -0.00000	  -0.00000	  -0.00000	   4.90752	   4.90752	  34.92993
  9	  3	   0.00000	  -0.00000	   0.00000	   4.90752	   4.90752	  35.14390
  9	  2	   0.00000	  -0.00000	   0.00000	   4.90752	   4.90752	  35.43017
  9	  1	   0.00000	  -0.00000	   0.00000	   4.90752	   4.90752	  35.78673

 10	 30	   0.00000	  -0.00000	   0.00000	   4.90752	   4.90752	  50.27746
 10	 29	   0.00000	  -0.00000	   0.00000	   4.90752	   4.90752	  49.11526
 10	 28	  -0.00000	  -0.00000	  -0.00000	   4.90752	   4.90752	  47.97396
 10	 27	  -0.00000	  -0.00000	  -0.00000	   4.90752	   4.90752	  46.85524
 10	 26	  -0.00000	  -0.00000	  -0.00000	   4.90752	   4.90752	  45.76097
 10	 25	  -0.00000	  -0.00000	  -0.00000	   4.90752	   4.90752	  44.69317
 10	 24	  -0.00000	  -0.00000	  -0.00000	   4.90752	   4.90752	  43.65402
 10	 23	  -0.00000	  -0.00000	  -0.00000	   4.90752	   4.90752	  42.64589
 10	 22	  -0.00000	  -0.00000	  -0.00000	   4.90752	   4.90752	  41.67134
 10	 21	  -0.00000	  -0.00000	  -0.00000	   4.90752	   4.90752	  40.73309
 10	 20	  -0.00000	  -0.00000	  -0.00000	   4.90752	   4.90752	  39.83409
 10	 19	  -0.00000	  -0.00000	  -0.00000	   4.90752	   4.90752	  38.97743
 10	 18	  -0.00000	  -0.00000	  -0.00000	   4.90752	   4.90752	  38.16638
 10	 17	  -0.00000	  -0.00000	  -0.00000	   4.90752	   4.90752	  37.40437
 10	 16	  -0.00000	  -0.00000	  -0.00000	   4.90752	   4.90752	  36.69492
 10	 15	  -0.00000	  -0.00000	  -0.00000	   4.90752	   4.90752	  36.04162
 10	 14	  -0.00000	  -0.00000	  -0.00000	   4.90752	   4.90752	  35.44807
 10	 13	  -0.00000	  -0.00000	  -0.00000	   4.90752	   4.90752	  34.91783
 10	 12	  -0.00000	  -0.00000	  -0.00000	   4.90752	   4.90752	  34.45430
 10	 11	  -0.00000	  -0.00000	  -0.00000	   4.90752	   4.90752	  34.06066
 10	 10	  -0.00000	  -0.00000	  -0.00000	   4.90752	   4.90752	  33.73977
 10	  9	  -0.00000	  -0.00000	  -0.00000	   4.90752	   4.90752	  33.49410
 10	  8	  -0.00000	  -0.00000	  -0.00000	   4.90752	   4.90752	  33.32557
 10	  7	  -0.00000	  -0.00000	  -0.00000	   4.90752	   4.90752	  33.23558
 10	  6	  -0.00000	  -0.00000	  -0.00000	   4.90752	   4.90752	  33.22487
 10	  5	  -0.00000	  -0.00000	  -0.00000	   4.90752	   4.90752	  33.29353
 10	  4	  -0.00000	  -0.00000	  -0.00000	   4.90752	   4.90752	  33.44100
 10	  3	  -0.00000	  -0.00000	  -0.00000	   4.90752	   4.90752	  33.66604
 10	  2	   0.00000	  -0.00000	   0.00000	   4.90752	   4.90752	  33.96687
 10	  1	   0.00000	  -0.00000	   0.00000	   4.90752	   4.90752	  34.34116

 11	 30	  -0.00000	  -0.00000	  -0.00000	   4.90752	   4.90752	  49.35687
 11	 29	  -0.00000	  -0.00000	  -0.00000	   4.90752	   4.90752	  48.16996
 11	 28	  -0.00000	  -0.00000	  -0.00000	   4.90752	   4.90752	  47.00303
 11	 27	  -0.00000	  -0.00000	  -0.00000	   4.90752	   4.90752	  45.85780
 11	 26	  -0.00000	  -0.00000	  -0.00000	   4.90752	   4.90752	  44.73614
 11	 25	  -0.00000	  -0.00000	  -0.00000	   4.90752	   4.90752	  43.64009
 11	 24	  -0.00000	  -0.00000	  -0.00000	   4.90752	   4.90752	  42.57190
 11	 23	  -0.00000	  -0.00000	  -0.00000	   4.90752	   4.90752	  41.53400
 11	 22	  -0.00000	  -0.00000	  -0.00000	   4.90752	   4.90752	  40.52903
 11	 21	  -0.00000	  -0.00000	  -0.00000	   4.90752	   4.90752	  39.55987
 11	 20	  -0.00000	  -0.00000	  -0.00000	   4.90752	   4.90752	  38.62960
 11	 19	  -0.00000	  -0.00000	  -0.00000	   4.90752	   4.90752	  37.74153
 11	 18	  -0.00000	  -0.00000	  -0.00000	   4.90752	   4.90752	  36.89917
 11	 17	  -0.00000	  -0.00000	  -0.00000	   4.90752	   4.90752	  36.10622
 11	 16	  -0.00000	  -0.00000	  -0.00000	   4.90752	   4.90752	  35.36655
 11	 15	  -0.00000	  -0.00000	  -0.00000	   4.90752	   4.90752	  34.68412
 11	 14	  -0.00000	  -0.00000	  -0.00000	   4.90752	   4.90752	  34.06295
 11	 13	  -0.00000	  -0.00000	  -0.00000	   4.90752	   4.90752	  33.50704
 11	 12	  -0.00000	  -0.00000	  -0.00000	   4.90752	   4.90752	  33.02026
 11	 11	  -0.00000	  -0.00000	  -0.00000	   4.90752	   4.90752	  32.60624
 11	 10	  -0.00000	  -0.00000	  -0.00000	   4.90752	   4.90752	  32.26831
 11	  9	  -0.00000	  -0.00000	  -0.00000	   4.90752	   4.90752	  32.00929
 11	  8	  -0.00000	  -0.00000	  -0.00000	   4.90752	   4.90752	  31.83148
 11	  7	  -0.00000	  -0.00000	  -0.00000	   4.90752	   4.90752	  31.73648
 11	  6	  -0.00000	  -0.00000	  -0.00000	   4.90752	   4.90752	  31.72517
 11	  5	  -0.00000	  -0.00000	  -0.00000	   4.90752	   4.90752	  31.79766
 11	  4	  -0.00000	  -0.00000	  -0.00000	   4.90752	   4.90752	  31.95328
 11	  3	  -0.00000	  -0.00000	  -0.00000	   4.90752	   4.90752	  32.19060
 11	  2	  -0.00000	  -0.00000	  -0.00000	   4.90752	   4.90752	  32.50752
 11	  1	  -0.00000	  -0.00000	  -0.00000	   4.90752	   4.90752	  32.90133

 12	 30	  -0.00000	  -0.00000	  -0.00000	   4.90752	   4.90752	  48.46850
 12	 29	  -0.00000	  -0.00000	  -0.00000	   4.90752	   4.90752	  47.25669
 12	 28	  -0.00000	  -0.00000	  -0.00000	   4.90752	   4.90752	  46.06388
 12	 27	  -0.00000	  -0.00000	  -0.00000	   4.90752	   4.90752	  44.89176
 12	 26	  -0.00000	  -0.00000	  -0.00000	   4.90752	   4.90752	  43.74220
 12	 25	  -0.00000	  -0.00000	  -0.00000	   4.90752	   4.90752	  42.61728
 12	 24	  -0.00000	  -0.00000	  -0.00000	   4.90752	   4.90752	  41.51926
 12	 23	  -0.00000	  -0.00000	  -0.00000	   4.90752	   4.90752	  40.45063
 12	 22	  -0.00000	  -0.00000	  -0.00000	   4.90752	   4.90752	  39.41413
 12	 21	  -0.00000	  -0.00000	  -0.00000	   4.90752	   4.90752	  38.41273
 12	 20	  -0.00000	  -0.00000	  -0.00000	   4.90752	   4.90752	  37.44969
 12	 19	  -0.00000	  -0.00000	  -0.00000	   4.90752	   4.90752	  36.52850
 12	 18	  -0.00000	  -0.00000	  -0.00000	   4.90752	   4.90752	  35.65292
 12	 17	  -0.00000	  -0.00000	  -0.00000	   4.90752	   4.90752	  34.82696
 12	 16	  -0.00000	  -0.00000	  -0.00000	   4.90752	   4.90752	  34.05484
 12	 15	  -0.00000	  -0.00000	  -0.00000	   4.90752	   4.90752	  33.34095
 12	 14	  -0.00000	  -0.00000	  -0.00000	   4.90752	   4.90752	  32.68976
 12	 13	  -0.00000	  -0.00000	  -0.00000	   4.90752	   4.90752	  32.10580
 12	 12	  -0.00000	  -0.00000	  -0.00000	   4.90752	   4.90752	  31.59347
 12	 11	  -0.00000	  -0.00000	  -0.00000	   4.90752	   4.90752	  31.15696
 12	 10	  -0.00000	  -0.00000	  -0.00000	   4.90752	   4.90752	  30.80012
 12	  9	  -0.00000	  -0.00000	  -0.00000	   4.90752	   4.90752	  30.52626
 12	  8	  -0.00000	  -0.00000	  -0.00000	   4.90752	   4.90752	  30.33808
 12	  7	  -0.00000	  -0.00000	  -0.00000	   4.90752	   4.90752	  30.23748
 12	  6	  -0.00000	  -0.00000	  -0.00000	   4.90752	   4.90752	  30.22550
 12	  5	  -0.00000	  -0.00000	  -0.00000	   4.90752	   4.90752	  30.30227
 12	  4	  -0.00000	  -0.00000	  -0.00000	   4.90752	   4.90752	  30.46700
 12	  3	  -0.00000	  -0.00000	  -0.00000	   4.90752	   4.90752	  30.71799
 12	  2	  -0.00000	  -0.00000	  -0.00000	   4.90752	   4.90752	  31.05276
 12	  1	  -0.00000	  -0.00000	  -0.00000	   4.90752	   4.90752	  31.46815

 13	 30	  -0.00000	  -0.00000	  -0.00000	   4.90752	   4.90752	  47.61434
 13	 29	  -0.00000	  -0.00000	  -0.00000	   4.90752	   4.90752	  46.37758
 13	 28	  -0.00000	  -0.00000	  -0.00000	   4.90752	   4.90752	  45.15873
 13	 27	  -0.00000	  -0.00000	  -0.00000	   4.89230	   4.89230	  43.94422
 13	 26	  -0.00000	  -0.00000	  -0.00000	   4.87431	   4.87431	  42.74839
 13	 25	  -0.00000	  -0.00000	  -0.00000	   4.85530	   4.85530	  41.57504
 13	 24	  -0.00000	  -0.00000	  -0.00000	   4.83731	   4.83731	  40.42850
 13	 23	  -0.00000	  -0.00000	  -0.00000	   4.82208	   4.82208	  39.31304
 13	 22	  -0.00000	  -0.00000	  -0.00000	   4.82208	   4.82208	  38.24393
 13	 21	  -0.00000	  -0.00000	  -0.00000	   4.82208	   4.82208	  37.20901
 13	 20	  -0.00000	  -0.00000	  -0.00000	   4.82208	   4.82208	  36.21168
 13	 19	  -0.00000	  -0.00000	  -0.00000	   4.82208	   4.82208	  35.25562
 13	 18	  -0.00000	  -0.00000	  -0.00000	   4.82208	   4.82208	  34.34484
 13	 17	  -0.00000	  -0.00000	  -0.00000	   4.82208	   4.82208	  33.48367
 13	 16	  -0.00000	  -0.00000	  -0.00000	   4.82208	   4.82208	  32.67671
 13	 15	  -0.00000	  -0.00000	  -0.00000	   4.82208	   4.82208	  31.92879
 13	 14	  -0.00000	  -0.00000	  -0.00000	   4.82208	   4.82208	  31.24493
 13	 13	  -0.00000	  -0.00000	  -0.00000	   4.82208	   4.82208	  30.63023
 13	 12	  -0.00000	  -0.00000	  -0.00000	   4.82208	   4.82208	  30.08972
 13	 11	  -0.00000	  -0.00000	  -0.00000	   4.82208	   4.82208	  29.62827
 13	 10	  -0.00000	  -0.00000	  -0.00000	   4.82208	   4.82208	  29.25035
 13	  9	  -0.00000	  -0.00000	  -0.00000	   4.82208	   4.82208	  28.95989
 13	  8	  -0.00000	  -0.00000	  -0.00000	   4.82208	   4.82208	  28.76007
 13	  7	  -0.00000	  -0.00000	  -0.00000	   4.83731	   4.83731	  28.66839
 13	  6	  -0.00000	  -0.00000	  -0.00000	   4.85530	   4.85530	  28.67365
 13	  5	  -0.00000	  -0.00000	  -0.00000	   4.87431	   4.87431	  28.77425
 13	  4	  -0.00000	  -0.00000	  -0.00000	   4.89230	   4.89230	  28.96719
 13	  3	  -0.00000	  -0.00000	  -0.00000	   4.90752	   4.90752	  29.24872
 13	  2	  -0.00000	  -0.00000	  -0.00000	   4.90752	   4.90752	  29.60342
 13	  1	  -0.00000	  -0.00000	  -0.00000	   4.90752	   4.90752	  30.04277

 14	 30	  -0.00000	  -0.00000	  -0.00000	   4.90752	   4.90752	  46.79650
 14	 29	  -0.00000	  -0.00000	  -0.00000	   4.89143	   4.89143	  45.51876
 14	 28	  -0.00000	  -0.00000	  -0.00000	   4.86768	   4.86768	  44.25008
 14	 27	  -0.00000	  -0.00000	  -0.00000	   4.82111	   4.82111	  42.97693
 14	 26	  -0.00000	  -0.00000	  -0.00000	   4.76609	   4.76609	  41.71551
 14	 25	  -0.00000	  -0.00000	  -0.00000	   4.70792	   4.70792	  40.47318
 14	 24	  -0.00000	  -0.00000	  -0.00000	   4.65290	   4.65290	  39.25849
 14	 23	  -0.00000	  -0.00000	  -0.00000	   4.60633	   4.60633	  38.07931
 14	 22	  -0.00000	  -0.00000	  -0.00000	   4.58258	   4.58258	  36.95284
 14	 21	  -0.00000	  -0.00000	  -0.00000	   4.56649	   4.56649	  35.86708
 14	 20	  -0.00000	  -0.00000	  -0.00000	   4.56649	   4.56649	  34.83397
 14	 19	  -0.00000	  -0.00000	  -0.00000	   4.56649	   4.56649	  33.84128
 14	 18	  -0.00000	  -0.00000	  -0.00000	   4.56649	   4.56649	  32.89328
 14	 17	  -0.00000	  -0.00000	  -0.00000	   4.56649	   4.56649	  31.99458
 14	 16	  -0.00000	  -0.00000	  -0.00000	   4.56649	   4.56649	  31.15020
 14	 15	  -0.00000	  -0.00000	  -0.00000	   4.56649	   4.56649	  30.36547
 14	 14	  -0.00000	  -0.00000	  -0.00000	   4.56649	   4.56649	  29.64597
 14	 13	  -0.00000	  -0.00000	  -0.00000	   4.56649	   4.56649	  28.99749
 14	 12	  -0.00000	  -0.00000	  -0.00000	   4.56649	   4.56649	  28.42581
 14	 11	  -0.00000	  -0.00000	  -0.00000	   4.56649	   4.56649	  27.93657
 14	 10	  -0.00000	  -0.00000	  -0.00000	   4.56649	   4.56649	  27.53504
 14	  9	  -0.00000	  -0.00000	  -0.00000	   4.58258	   4.58258	  27.24196
 14	  8	  -0.00000	  -0.00000	  -0.00000	   4.60633	   4.60633	  27.05273
 14	  7	  -0.00000	  -0.00000	  -0.00000	   4.65290	   4.65290	  26.98526
 14	  6	  -0.00000	  -0.00000	  -0.00000	   4.70792	   4.70792	  27.02670
 14	  5	  -0.00000	  -0.00000	  -0.00000	   4.76609	   4.76609	  27.17191
 14	  4	  -0.00000	  -0.00000	  -0.00000	   4.82111	   4.82111	  27.41346
 14	  3	  -0.00000	  -0.00000	  -0.00000	   4.86768	   4.86768	  27.74360
 14	  2	  -0.00000	  -0.00000	  -0.00000	   4.89143	   4.89143	  28.14441
 14	  1	  -0.00000	  -0.00000	  -0.00000	   4.90752	   4.90752	  28.62660

 15	 30	  -0.00000	  -0.00000	  -0.00000	   4.88953	   4.88953	  45.99915
 15	 29	  -0.00000	  -0.00000	  -0.00000	   4.84378	   4.84378	  44.66707
 15	 28	  -0.00000	  -0.00000	  -0.00000	   4.77629	   4.77629	  43.32868
 15	 27	  -0.00000	  -0.00000	  -0.00000	   4.67196	   4.67196	  41.97049
 15	 26	  -0.00000	  -0.00000	  -0.00000	   4.54870	   4.54870	  40.61217
 15	 25	  -0.00000	  -0.00000	  -0.00000	   4.41840	   4.41840	  39.26761
 15	 24	  -0.00000	  -0.00000	  -0.00000	   4.29515	   4.29515	  37.95314
 15	 23	  -0.00000	  -0.00000	  -0.00000	   4.19082	   4.19082	  36.68319
 15	 22	  -0.00000	  -0.00000	  -0.00000	   4.12332	   4.12332	  35.47850
 15	 21	  -0.00000	  -0.00000	  -0.00000	   4.07757	   4.07757	  34.32721
 15	 20	  -0.00000	  -0.00000	  -0.00000	   4.05958	   4.05958	  33.23893
 15	 19	  -0.00000	  -0.00000	  -0.00000	   4.05958	   4.05958	  32.20790
 15	 18	  -0.00000	  -0.00000	  -0.00000	   4.05958	   4.05958	  31.22060
 15	 17	  -0.00000	  -0.00000	  -0.00000	   4.05958	   4.05958	  30.28199
 15	 16	  -0.00000	  -0.00000	  -0.00000	   4.05958	   4.05958	  29.39746
 15	 15	  -0.00000	  -0.00000	  -0.00000	   4.05958	   4.05958	  28.57287
 15	 14	  -0.00000	  -0.00000	  -0.00000	   4.05958	   4.05958	  27.81447
 15	 13	  -0.00000	  -0.00000	  -0.00000	   4.05958	   4.05958	  27.12878
 15	 12	  -0.00000	  -0.00000	  -0.00000	   4.05958	   4.05958	  26.52247
 15	 11	  -0.00000	  -0.00000	  -0.00000	   4.07481	   4.07481	  26.01734
 15	 10	  -0.00000	  -0.00000	  -0.00000	   4.11078	   4.11078	  25.62515
 15	  9	  -0.00000	  -0.00000	  -0.00000	   4.17555	   4.17555	  25.35954
 15	  8	  -0.00000	  -0.00000	  -0.00000	   4.26103	   4.26103	  25.21705
 15	  7	  -0.00000	  -0.00000	  -0.00000	   4.36536	   4.36536	  25.19918
 15	  6	  -0.00000	  -0.00000	  -0.00000	   4.47063	   4.47063	  25.28989
 15	  5	  -0.00000	  -0.00000	  -0.00000	   4.58191	   4.58191	  25.49447
 15	  4	  -0.00000	  -0.00000	  -0.00000	   4.68718	   4.68718	  25.79946
 15	  3	  -0.00000	  -0.00000	  -0.00000	   4.77629	   4.77629	  26.19174
 15	  2	  -0.00000	  -0.00000	  -0.00000	   4.84378	   4.84378	  26.66156
 15	  1	  -0.00000	  -0.00000	  -0.00000	   4.88953	   4.88953	  27.20340

 16	 30	  -0.00000	  -0.00000	  -0.00000	   4.84378	   4.84378	  45.21474
 16	 29	  -0.00000	  -0.00000	  -0.00000	   4.74914	   4.74914	  43.80945
 16	 28	  -0.00000	  -0.00000	  -0.00000	   4.60951	   4.60951	  42.37327
 16	 27	  -0.00000	  -0.00000	  -0.00000	   4.40995	   4.40995	  40.89275
 16	 26	  -0.00000	  -0.00000	  -0.00000	   4.17420	   4.17420	  39.39334
 16	 25	  -0.00000	  -0.00000	  -0.00000	   3.92497	   3.92497	  37.89969
 16	 24	  -0.00000	  -0.00000	  -0.00000	   3.68922	   3.68922	  36.44093
 16	 23	  -0.00000	  -0.00000	  -0.00000	   3.48966	   3.48966	  35.04228
 16	 22	  -0.00000	  -0.00000	  -0.00000	   3.35003	   3.35003	  33.73031
 16	 21	  -0.00000	  -0.00000	  -0.00000	   3.25539	   3.25539	  32.49328
 16	 20	  -0.00000	  -0.00000	  -0.00000	   3.20775	   3.20775	  31.33688
 16	 19	  -0.00000	  -0.00000	  -0.00000	   3.19165	   3.19165	  30.24976
 16	 18	  -0.00000	  -0.00000	  -0.00000	   3.19165	   3.19165	  29.22115
 16	 17	  -0.00000	  -0.00000	  -0.00000	   3.19165	   3.19165	  28.24017
 16	 16	  -0.00000	  -0.00000	  -0.00000	   3.19165	   3.19165	  27.31263
 16	 15	  -0.00000	  -0.00000	  -0.00000	   3.19165	   3.19165	  26.44493
 16	 14	  -0.00000	  -0.00000	  -0.00000	   3.19165	   3.19165	  25.64401
 16	 13	  -0.00000	  -0.00000	  -0.00000	   3.22297	   3.22297	  24.94857
 16	 12	  -0.00000	  -0.00000	  -0.00000	   3.26470	   3.26470	  24.34538
 16	 11	  -0.00000	  -0.00000	  -0.00000	   3.33116	   3.33116	  23.85647
 16	 10	  -0.00000	  -0.00000	  -0.00000	   3.43382	   3.43382	  23.50076
 16	  9	  -0.00000	  -0.00000	  -0.00000	   3.56674	   3.56674	  23.27906
 16	  8	  -0.00000	  -0.00000	  -0.00000	   3.71966	   3.71966	  23.18678
 16	  7	  -0.00000	  -0.00000	  -0.00000	   3.90400	   3.90400	  23.23951
 16	  6	  -0.00000	  -0.00000	  -0.00000	   4.10848	   4.10848	  23.42830
 16	  5	  -0.00000	  -0.00000	  -0.00000	   4.31563	   4.31563	  23.73595
 16	  4	  -0.00000	  -0.00000	  -0.00000	   4.49637	   4.49637	  24.13160
 16	  3	  -0.00000	  -0.00000	  -0.00000	   4.64935	   4.64935	  24.61021
 16	  2	  -0.00000	  -0.00000	  -0.00000	   4.76524	   4.76524	  25.15712
 16	  1	  -0.00000	  -0.00000	  -0.00000	   4.84378	   4.84378	  25.76560

 17	 30	  -0.00000	  -0.00000	  -0.00000	   4.77629	   4.77629	  44.45157
 17	 29	  -0.00000	  -0.00000	  -0.00000	   4.60951	   4.60951	  42.95037
 17	 28	  -0.00000	  -0.00000	  -0.00000	   4.36347	   4.36347	  41.38258
 17	 27	  -0.00000	  -0.00000	  -0.00000	   4.02341	   4.02341	  39.73487
 17	 26	  -0.00000	  -0.00000	  -0.00000	   3.62168	   3.62168	  38.04117
 17	 25	  -0.00000	  -0.00000	  -0.00000	   3.19700	   3.19700	  36.34206
 17	 24	  -0.00000	  -0.00000	  -0.00000	   2.79527	   2.79527	  34.68552
 17	 23	  -0.00000	  -0.00000	  -0.00000	   2.45521	   2.45521	  33.11270
 17	 22	  -0.00000	  -0.00000	  -0.00000	   2.20916	   2.20916	  31.65870
 17	 21	  -0.00000	  -0.00000	  -0.00000	   2.04239	   2.04239	  30.31196
 17	 20	  -0.00000	  -0.00000	  -0.00000	   1.95099	   1.95099	  29.07224
 17	 19	  -0.00000	  -0.00000	  -0.00000	   1.91115	   1.91115	  27.91991
 17	 18	  -0.00000	  -0.00000	  -0.00000	   1.91115	   1.91115	  26.84805
 17	 17	  -0.00000	  -0.00000	  -0.00000	   1.91115	   1.91115	  25.82228
 17	 16	  -0.00000	  -0.00000	  -0.00000	   1.91115	   1.91115	  24.84880
 17	 15	  -0.00000	  -0.00000	  -0.00000	   1.92725	   1.92725	  23.95062
 17	 14	  -0.00000	  -0.00000	  -0.00000	   1.98421	   1.98421	  23.16019
 17	 13	  -0.00000	  -0.00000	  -0.00000	   2.06320	   2.06320	  22.46701
 17	 12	  -0.00000	  -0.00000	  -0.00000	   2.16299	   2.16299	  21.87870
 17	 11	  -0.00000	  -0.00000	  -0.00000	   2.31773	   2.31773	  21.43846
 17	 10	  -0.00000	  -0.00000	  -0.00000	   2.51163	   2.51163	  21.13945
 17	  9	  -0.00000	  -0.00000	  -0.00000	   2.73614	   2.73614	  20.98139
 17	  8	  -0.00000	  -0.00000	  -0.00000	   3.00667	   3.00667	  20.98673
 17	  7	  -0.00000	  -0.00000	  -0.00000	   3.31625	   3.31625	  21.15373
 17	  6	  -0.00000	  -0.00000	  -0.00000	   3.63847	   3.63847	  21.45895
 17	  5	  -0.00000	  -0.00000	  -0.00000	   3.96251	   3.96251	  21.89189
 17	  4	  -0.00000	  -0.00000	  -0.00000	   4.25897	   4.25897	  22.42091
 17	  3	  -0.00000	  -0.00000	  -0.00000	   4.49470	   4.49470	  23.00819
 17	  2	  -0.00000	  -0.00000	  -0.00000	   4.67325	   4.67325	  23.65068
 17	  1	  -0.00000	  -0.00000	  -0.00000	   4.79428	   4.79428	  24.34002

 18	 30	  -0.00000	  -0.00000	  -0.00000	   4.67196	   4.67196	  43.69684
 18	 29	  -0.00000	  -0.00000	  -0.00000	   4.40995	   4.40995	  42.07738
 18	 28	  -0.00000	  -0.00000	  -0.00000	   4.02341	   4.02341	  40.34460
 18	 27	  -0.00000	  -0.00000	  -0.00000	   3.49787	   3.49787	  38.48533
 18	 26	  -0.00000	  -0.00000	  -0.00000	   2.87702	   2.87702	  36.54474
 18	 25	  -0.00000	  -0.00000	  -0.00000	   2.22070	   2.22070	  34.58440
 18	 24	  -0.00000	  -0.00000	  -0.00000	   1.59985	   1.59985	  32.67721
 18	 23	  -0.00000	  -0.00000	  -0.00000	   1.07431	   1.07431	  30.88531
 18	 22	  -0.00000	  -0.00000	  -0.00000	   0.68777	   0.68777	  29.25504
 18	 21	  -0.00000	  -0.00000	  -0.00000	   0.42577	   0.42577	  27.77503
 18	 20	  -0.00000	  -0.00000	  -0.00000	   0.27662	   0.27662	  26.43719
 18	 19	  -0.00000	  -0.00000	  -0.00000	   0.20543	   0.20543	  25.21081
 18	 18	  -0.00000	  -0.00000	  -0.00000	   0.19020	   0.19020	  24.07875
 18	 17	  -0.00000	  -0.00000	  -0.00000	   0.19020	   0.19020	  23.00590
 18	 16	  -0.00000	  -0.00000	  -0.00000	   0.22428	   0.22428	  22.01761
 18	 15	  -0.00000	  -0.00000	  -0.00000	   0.29378	   0.29378	  21.12267
 18	 14	  -0.00000	  -0.00000	  -0.00000	   0.41376	   0.41376	  20.34454
 18	 13	  -0.00000	  -0.00000	  -0.00000	   0.57543	   0.57543	  19.68379
 18	 12	  -0.00000	  -0.00000	  -0.00000	   0.78919	   0.78919	  19.16098
 18	 11	  -0.00000	  -0.00000	  -0.00000	   1.06666	   1.06666	  18.79845
 18	 10	  -0.00000	  -0.00000	  -0.00000	   1.39548	   1.39548	  18.59460
 18	  9	  -0.00000	  -0.00000	  -0.00000	   1.76327	   1.76327	  18.54728
 18	  8	  -0.00000	  -0.00000	  -0.00000	   2.18253	   2.18253	  18.67788
 18	  7	  -0.00000	  -0.00000	  -0.00000	   2.63339	   2.63339	  18.97321
 18	  6	  -0.00000	  -0.00000	  -0.00000	   3.10861	   3.10861	  19.42986
 18	  5	  -0.00000	  -0.00000	  -0.00000	   3.56459	   3.56459	  20.00468
 18	  4	  -0.00000	  -0.00000	  -0.00000	   3.97934	   3.97934	  20.67275
 18	  3	  -0.00000	  -0.00000	  -0.00000	   4.32141	   4.32141	  21.39664
 18	  2	  -0.00000	  -0.00000	  -0.00000	   4.56833	   4.56833	  22.14549
 18	  1	  -0.00000	  -0.00000	  -0.00000	   4.73569	   4.73569	  22.92498

 19	 30	  -0.00000	  -0.00000	  -0.00000	   4.54870	   4.54870	  42.97077
 19	 29	  -0.00000	  -0.00000	  -0.00000	   4.17420	   4.17420	  41.21673
 19	 28	  -0.00000	  -0.00000	  -0.00000	   3.62168	   3.62168	  39.29439
 19	 27	  -0.00000	  -0.00000	  -0.00000	   2.87702	   2.87702	  37.19081
 19	 26	  -0.00000	  -0.00000	  -0.00000	   1.99731	   1.99731	  34.96441
 19	 25	  -0.00000	  -0.00000	  -0.00000	   1.06735	   1.06735	  32.70155
 19	 24	  -0.00000	  -0.00000	  -0.00000	   0.18764	   0.18764	  30.50456
 19	 23	  -0.00000	  -0.00000	  -0.00000	  -0.55702	  -0.55702	  28.46038
 19	 22	  -0.00000	  -0.00000	  -0.00000	  -1.10954	  -1.10954	  26.62857
 19	 21	  -0.00000	  -0.00000	  -0.00000	  -1.48404	  -1.48404	  24.99795
 19	 20	  -0.00000	  -0.00000	  -0.00000	  -1.70143	  -1.70143	  23.55109
 19	 19	  -0.00000	  -0.00000	  -0.00000	  -1.80965	  -1.80965	  22.24410
 19	 18	  -0.00000	  -0.00000	  -0.00000	  -1.84286	  -1.84286	  21.04767
 19	 17	  -0.00000	  -0.00000	  -0.00000	  -1.80878	  -1.80878	  19.95977
 19	 16	  -0.00000	  -0.00000	  -0.00000	  -1.73338	  -1.73338	  18.96114
 19	 15	  -0.00000	  -0.00000	  -0.00000	  -1.57802	  -1.57802	  18.09827
 19	 14	  -0.00000	  -0.00000	  -0.00000	  -1.35504	  -1.35504	  17.36794
 19	 13	  -0.00000	  -0.00000	  -0.00000	  -1.06340	  -1.06340	  16.78158
 19	 12	  -0.00000	  -0.00000	  -0.00000	  -0.68200	  -0.68200	  16.37194
 19	 11	  -0.00000	  -0.00000	  -0.00000	  -0.23370	  -0.23370	  16.12876
 19	 10	  -0.00000	  -0.00000	  -0.00000	   0.25988	   0.25988	  16.04352
 19	  9	  -0.00000	  -0.00000	  -0.00000	   0.80579	   0.80579	  16.13605
 19	  8	  -0.00000	  -0.00000	  -0.00000	   1.39612	   1.39612	  16.40979
 19	  7	  -0.00000	  -0.00000	  -0.00000	   2.00809	   2.00809	  16.85072
 19	  6	  -0.00000	  -0.00000	  -0.00000	   2.62215	   2.62215	  17.44432
 19	  5	  -0.00000	  -0.00000	  -0.00000	   3.21566	   3.21566	  18.16860
 19	  4	  -0.00000	  -0.00000	  -0.00000	   3.73739	   3.73739	  18.96840
 19	  3	  -0.00000	  -0.00000	  -0.00000	   4.16573	   4.16573	  19.81428
 19	  2	  -0.00000	  -0.00000	  -0.00000	   4.47220	   4.47220	  20.66697
 19	  1	  -0.00000	  -0.00000	  -0.00000	   4.67993	   4.67993	  21.53709

 20	 30	  -0.00000	  -0.00000	  -0.00000	   4.41840	   4.41840	  42.28752
 20	 29	  -0.00000	  -0.00000	  -0.00000	   3.92497	   3.92497	  40.39363
 20	 28	  -0.00000	  -0.00000	  -0.00000	   3.19700	   3.19700	  38.27343
 20	 27	  -0.00000	  -0.00000	  -0.00000	   2.22070	   2.22070	  35.91417
 20	 26	  -0.00000	  -0.00000	  -0.00000	   1.06735	   1.06735	  33.38829
 20	 25	  -0.00000	  -0.00000	  -0.00000	  -0.15190	  -0.15190	  30.80834
 20	 24	  -0.00000	  -0.00000	  -0.00000	  -1.30525	  -1.30525	  28.30775
 20	 23	  -0.00000	  -0.00000	  -0.00000	  -2.28155	  -2.28155	  25.99960
 20	 22	  -0.00000	  -0.00000	  -0.00000	  -3.00953	  -3.00953	  23.95743
 20	 21	  -0.00000	  -0.00000	  -0.00000	  -3.50296	  -3.50296	  22.17018
 20	 20	  -0.00000	  -0.00000	  -0.00000	  -3.79247	  -3.79247	  20.61046
 20	 19	  -0.00000	  -0.00000	  -0.00000	  -3.93985	  -3.93985	  19.22039
 20	 18	  -0.00000	  -0.00000	  -0.00000	  -3.97598	  -3.97598	  17.97374
 20	 17	  -0.00000	  -0.00000	  -0.00000	  -3.88850	  -3.88850	  16.88850
 20	 16	  -0.00000	  -0.00000	  -0.00000	  -3.72723	  -3.72723	  15.92161
 20	 15	  -0.00000	  -0.00000	  -0.00000	  -3.46129	  -3.46129	  15.11209
 20	 14	  -0.00000	  -0.00000	  -0.00000	  -3.08910	  -3.08910	  14.47119
 20	 13	  -0.00000	  -0.00000	  -0.00000	  -2.61448	  -2.61448	  14.00650
 20	 12	  -0.00000	  -0.00000	  -0.00000	  -2.02493	  -2.02493	  13.74373
 20	 11	  -0.00000	  -0.00000	  -0.00000	  -1.36050	  -1.36050	  13.65762
 20	 10	  -0.00000	  -0.00000	  -0.00000	  -0.65830	  -0.65830	  13.72701
 20	  9	  -0.00000	  -0.00000	  -0.00000	   0.07723	   0.07723	  13.96358
 20	  8	  -0.00000	  -0.00000	  -0.00000	   0.82275	   0.82275	  14.35878
 20	  7	  -0.00000	  -0.00000	  -0.00000	   1.57876	   1.57876	  14.92483
 20	  6	  -0.00000	  -0.00000	  -0.00000	   2.31161	   2.31161	  15.63493
 20	  5	  -0.00000	  -0.00000	  -0.00000	   2.99351	   2.99351	  16.46215
 20	  4	  -0.00000	  -0.00000	  -0.00000	   3.58378	   3.58378	  17.36048
 20	  3	  -0.00000	  -0.00000	  -0.00000	   4.06589	   4.06589	  18.30284
 20	  2	  -0.00000	  -0.00000	  -0.00000	   4.42254	   4.42254	  19.25778
 20	  1	  -0.00000	  -0.00000	  -0.00000	   4.65397	   4.65397	  20.20960

 21	 30	  -0.00000	  -0.00000	  -0.00000	   4.29515	   4.29515	  41.66336
 21	 29	  -0.00000	  -0.00000	  -0.00000	   3.68922	   3.68922	  39.63747
 21	 28	  -0.00000	  -0.00000	  -0.00000	   2.79527	   2.79527	  37.33032
 21	 27	  -0.00000	  -0.00000	  -0.00000	   1.59985	   1.59985	  34.72935
 21	 26	  -0.00000	  -0.00000	  -0.00000	   0.18764	   0.18764	  31.92022
 21	 25	  -0.00000	  -0.00000	  -0.00000	  -1.30525	  -1.30525	  29.04026
 21	 24	  -0.00000	  -0.00000	  -0.00000	  -2.71747	  -2.71747	  26.25223
 21	 23	  -0.00000	  -0.00000	  -0.00000	  -3.91288	  -3.91288	  23.69395
 21	 22	  -0.00000	  -0.00000	  -0.00000	  -4.80684	  -4.80684	  21.45208
 21	 21	  -0.00000	  -0.00000	  -0.00000	  -5.41277	  -5.41277	  19.51561
 21	 20	  -0.00000	  -0.00000	  -0.00000	  -5.77052	  -5.77052	  17.84764
 21	 19	  -0.00000	  -0.00000	  -0.00000	  -5.95493	  -5.95493	  16.37690
 21	 18	  -0.00000	  -0.00000	  -0.00000	  -5.95209	  -5.95209	  15.12169
 21	 17	  -0.00000	  -0.00000	  -0.00000	  -5.80158	  -5.80158	  14.04779
 21	 16	  -0.00000	  -0.00000	  -0.00000	  -5.53732	  -5.53732	  13.12791
 21	 15	  -0.00000	  -0.00000	  -0.00000	  -5.12217	  -5.12217	  12.40736
 21	 14	  -0.00000	  -0.00000	  -0.00000	  -4.55446	  -4.55446	  11.89782
 21	 13	  -0.00000	  -0.00000	  -0.00000	  -3.84771	  -3.84771	  11.59804
 21	 12	  -0.00000	  -0.00000	  -0.00000	  -3.00797	  -3.00797	  11.51664
 21	 11	  -0.00000	  -0.00000	  -0.00000	  -2.09822	  -2.09822	  11.60790
 21	 10	  -0.00000	  -0.00000	  -0.00000	  -1.17666	  -1.17666	  11.83300
 21	  9	  -0.00000	  -0.00000	  -0.00000	  -0.26180	  -0.26180	  12.19390
 21	  8	  -0.00000	  -0.00000	  -0.00000	   0.61800	   0.61800	  12.68191
 21	  7	  -0.00000	  -0.00000	  -0.00000	   1.45651	   1.45651	  13.30688
 21	  6	  -0.00000	  -0.00000	  -0.00000	   2.25259	   2.25259	  14.07734
 21	  5	  -0.00000	  -0.00000	  -0.00000	   2.95937	   2.95937	  14.94761
 21	  4	  -0.00000	  -0.00000	  -0.00000	   3.57533	   3.57533	  15.90868
 21	  3	  -0.00000	  -0.00000	  -0.00000	   4.06312	   4.06312	  16.90854
 21	  2	  -0.00000	  -0.00000	  -0.00000	   4.42254	   4.42254	  17.92803
 21	  1	  -0.00000	  -0.00000	  -0.00000	   4.65397	   4.65397	  18.94703

 22	 30	  -0.00000	  -0.00000	  -0.00000	   4.19082	   4.19082	  41.11232
 22	 29	  -0.00000	  -0.00000	  -0.00000	   3.48966	   3.48966	  38.97332
 22	 28	  -0.00000	  -0.00000	  -0.00000	   2.45521	   2.45521	  36.50641
 22	 27	  -0.00000	  -0.00000	  -0.00000	   1.07431	   1.07431	  33.69911
 22	 26	  -0.00000	  -0.00000	  -0.00000	  -0.55702	  -0.55702	  30.64828
 22	 25	  -0.00000	  -0.00000	  -0.00000	  -2.28155	  -2.28155	  27.51214
 22	 24	  -0.00000	  -0.00000	  -0.00000	  -3.91288	  -3.91288	  24.47827
 22	 23	  -0.00000	  -0.00000	  -0.00000	  -5.29378	  -5.29378	  21.70531
 22	 22	  -0.00000	  -0.00000	  -0.00000	  -6.32823	  -6.32823	  19.29099
 22	 21	  -0.00000	  -0.00000	  -0.00000	  -7.02939	  -7.02939	  17.22423
 22	 20	  -0.00000	  -0.00000	  -0.00000	  -7.44490	  -7.44490	  15.45993
 22	 19	  -0.00000	  -0.00000	  -0.00000	  -7.62933	  -7.62933	  13.94668
 22	 18	  -0.00000	  -0.00000	  -0.00000	  -7.59405	  -7.59405	  12.67706
 22	 17	  -0.00000	  -0.00000	  -0.00000	  -7.36086	  -7.36086	  11.63417
 22	 16	  -0.00000	  -0.00000	  -0.00000	  -6.96662	  -6.96662	  10.78738
 22	 15	  -0.00000	  -0.00000	  -0.00000	  -6.36850	  -6.36850	  10.18741
 22	 14	  -0.00000	  -0.00000	  -0.00000	  -5.56866	  -5.56866	   9.84210
 22	 13	  -0.00000	  -0.00000	  -0.00000	  -4.59629	  -4.59629	   9.73496
 22	 12	  -0.00000	  -0.00000	  -0.00000	  -3.48592	  -3.48592	   9.84743
 22	 11	  -0.00000	  -0.00000	  -0.00000	  -2.32759	  -2.32759	  10.10911
 22	 10	  -0.00000	  -0.00000	  -0.00000	  -1.20349	  -1.20349	  10.46120
 22	  9	  -0.00000	  -0.00000	  -0.00000	  -0.14580	  -0.14580	  10.89767
 22	  8	  -0.00000	  -0.00000	  -0.00000	   0.81529	   0.81529	  11.41490
 22	  7	  -0.00000	  -0.00000	  -0.00000	   1.68164	   1.68164	  12.03756
 22	  6	  -0.00000	  -0.00000	  -0.00000	   2.45840	   2.45840	  12.78499
 22	  5	  -0.00000	  -0.00000	  -0.00000	   3.13487	   3.13487	  13.64829
 22	  4	  -0.00000	  -0.00000	  -0.00000	   3.70297	   3.70297	  14.60826
 22	  3	  -0.00000	  -0.00000	  -0.00000	   4.14672	   4.14672	  15.62795
 22	  2	  -0.00000	  -0.00000	  -0.00000	   4.47220	   4.47220	  16.68744
 22	  1	  -0.00000	  -0.00000	  -0.00000	   4.67993	   4.67993	  17.76066

 23	 30	  -0.00000	  -0.00000	  -0.00000	   4.12332	   4.12332	  40.65428
 23	 29	  -0.00000	  -0.00000	  -0.00000	   3.35003	   3.35003	  38.42715
 23	 28	  -0.00000	  -0.00000	  -0.00000	   2.20916	   2.20916	  35.83650
 23	 27	  -0.00000	  -0.00000	  -0.00000	   0.68777	   0.68777	  32.86993
 23	 26	  -0.00000	  -0.00000	  -0.00000	  -1.10954	  -1.10954	  29.63269
 23	 25	  -0.00000	  -0.00000	  -0.00000	  -3.00953	  -3.00953	  26.29880
 23	 24	  -0.00000	  -0.00000	  -0.00000	  -4.80684	  -4.80684	  23.07454
 23	 23	  -0.00000	  -0.00000	  -0.00000	  -6.32823	  -6.32823	  20.13429
 23	 22	  -0.00000	  -0.00000	  -0.00000	  -7.46910	  -7.46910	  17.58401
 23	 21	  -0.00000	  -0.00000	  -0.00000	  -8.24239	  -8.24239	  15.41246
 23	 20	  -0.00000	  -0.00000	  -0.00000	  -8.70165	  -8.70165	  13.56817
 23	 19	  -0.00000	  -0.00000	  -0.00000	  -8.86810	  -8.86810	  12.03258
 23	 18	  -0.00000	  -0.00000	  -0.00000	  -8.77475	  -8.77475	  10.77600
 23	 17	  -0.00000	  -0.00000	  -0.00000	  -8.44283	  -8.44283	   9.78147
 23	 16	  -0.00000	  -0.00000	  -0.00000	  -7.89893	  -7.89893	   9.02793
 23	 15	  -0.00000	  -0.00000	  -0.00000	  -7.09644	  -7.09644	   8.56918
 23	 14	  -0.00000	  -0.00000	  -0.00000	  -6.04642	  -6.04642	   8.40367
 23	 13	  -0.00000	  -0.00000	  -0.00000	  -4.79963	  -4.79963	   8.49318
 23	 12	  -0.00000	  -0.00000	  -0.00000	  -3.43776	  -3.43776	   8.77256
 23	 11	  -0.00000	  -0.00000	  -0.00000	  -2.05623	  -2.05623	   9.16809
 23	 10	  -0.00000	  -0.00000	  -0.00000	  -0.77157	  -0.77157	   9.59081
 23	  9	  -0.00000	  -0.00000	  -0.00000	   0.37432	   0.37432	  10.03208
 23	  8	  -0.00000	  -0.00000	  -0.00000	   1.35468	   1.35468	  10.50157
 23	  7	  -0.00000	  -0.00000	  -0.00000	   2.18453	   2.18453	  11.04788
 23	  6	  -0.00000	  -0.00000	  -0.00000	   2.87612	   2.87612	  11.70518
 23	  5	  -0.00000	  -0.00000	  -0.00000	   3.46807	   3.46807	  12.51494
 23	  4	  -0.00000	  -0.00000	  -0.00000	   3.94042	   3.94042	  13.43985
 23	  3	  -0.00000	  -0.00000	  -0.00000	   4.30343	   4.30343	  14.45885
 23	  2	  -0.00000	  -0.00000	  -0.00000	   4.56833	   4.56833	  15.54676
 23	  1	  -0.00000	  -0.00000	  -0.00000	   4.73569	   4.73569	  16.66965

 24	 30	  -0.00000	  -0.00000	  -0.00000	   4.07757	   4.07757	  40.27598
 24	 29	  -0.00000	  -0.00000	  -0.00000	   3.25539	   3.25539	  37.98604
 24	 28	  -0.00000	  -0.00000	  -0.00000	   2.04239	   2.04239	  35.30816
 24	 27	  -0.00000	  -0.00000	  -0.00000	   0.42577	   0.42577	  32.22994
 24	 26	  -0.00000	  -0.00000	  -0.00000	  -1.48404	  -1.48404	  28.86227
 24	 25	  -0.00000	  -0.00000	  -0.00000	  -3.50296	  -3.50296	  25.38981
 24	 24	  -0.00000	  -0.00000	  -0.00000	  -5.41277	  -5.41277	  22.03145
 24	 23	  -0.00000	  -0.00000	  -0.00000	  -7.02939	  -7.02939	  18.97213
 24	 22	  -0.00000	  -0.00000	  -0.00000	  -8.24239	  -8.24239	  16.32328
 24	 21	  -0.00000	  -0.00000	  -0.00000	  -9.06457	  -9.06457	  14.07340
 24	 20	  -0.00000	  -0.00000	  -0.00000	  -9.53826	  -9.53826	  12.18175
 24	 19	  -0.00000	  -0.00000	  -0.00000	  -9.68567	  -9.68567	  10.62817
 24	 18	  -0.00000	  -0.00000	  -0.00000	  -9.52778	  -9.52778	   9.39431
 24	 17	  -0.00000	  -0.00000	  -0.00000	  -9.08838	  -9.08838	   8.45981
 24	 16	  -0.00000	  -0.00000	  -0.00000	  -8.38695	  -8.38695	   7.80973
 24	 15	  -0.00000	  -0.00000	  -0.00000	  -7.37613	  -7.37613	   7.49753
 24	 14	  -0.00000	  -0.00000	  -0.00000	  -6.08079	  -6.08079	   7.50667
 24	 13	  -0.00000	  -0.00000	  -0.00000	  -4.57762	  -4.57762	   7.77198
 24	 12	  -0.00000	  -0.00000	  -0.00000	  -2.99448	  -2.99448	   8.18165
 24	 11	  -0.00000	  -0.00000	  -0.00000	  -1.43747	  -1.43747	   8.65209
 24	 10	  -0.00000	  -0.00000	  -0.00000	  -0.04879	  -0.04879	   9.07221
 24	  9	  -0.00000	  -0.00000	  -0.00000	   1.12643	   1.12643	   9.43823
 24	  8	  -0.00000	  -0.00000	  -0.00000	   2.07066	   2.07066	   9.78295
 24	  7	  -0.00000	  -0.00000	  -0.00000	   2.81592	   2.81592	  10.18971
 24	  6	  -0.00000	  -0.00000	  -0.00000	   3.39453	   3.39453	  10.72707
 24	  5	  -0.00000	  -0.00000	  -0.00000	   3.85818	   3.85818	  11.45157
 24	  4	  -0.00000	  -0.00000	  -0.00000	   4.21240	   4.21240	  12.33970
 24	  3	  -0.00000	  -0.00000	  -0.00000	   4.47947	   4.47947	  13.36465
 24	  2	  -0.00000	  -0.00000	  -0.00000	   4.67325	   4.67325	  14.48853
 24	  1	  -0.00000	  -0.00000	  -0.00000	   4.79428	   4.79428	  15.66778

 25	 30	  -0.00000	  -0.00000	  -0.00000	   4.05958	   4.05958	  39.98505
 25	 29	  -0.00000	  -0.00000	  -0.00000	   3.20775	   3.20775	  37.65382
 25	 28	  -0.00000	  -0.00000	  -0.00000	   1.95099	   1.95099	  34.91955
 25	 27	  -0.00000	  -0.00000	  -0.00000	   0.27662	   0.27662	  31.76977
 25	 26	  -0.00000	  -0.00000	  -0.00000	  -1.70143	  -1.70143	  28.31877
 25	 25	  -0.00000	  -0.00000	  -0.00000	  -3.79247	  -3.79247	  24.75758
 25	 24	  -0.00000	  -0.00000	  -0.00000	  -5.77052	  -5.77052	  21.31267
 25	 23	  -0.00000	  -0.00000	  -0.00000	  -7.44490	  -7.44490	  18.17526
 25	 22	  -0.00000	  -0.00000	  -0.00000	  -8.70165	  -8.70165	  15.46001
 25	 21	  -0.00000	  -0.00000	  -0.00000	  -9.55349	  -9.55349	  13.15509
 25	 20	  -0.00000	  -0.00000	  -0.00000	 -10.02718	 -10.02718	  11.23482
 25	 19	  -0.00000	  -0.00000	  -0.00000	 -10.13755	 -10.13755	   9.68582
 25	 18	  -0.00000	  -0.00000	  -0.00000	  -9.91419	  -9.91419	   8.48035
 25	 17	  -0.00000	  -0.00000	  -0.00000	  -9.36798	  -9.36798	   7.61003
 25	 16	  -0.00000	  -0.00000	  -0.00000	  -8.52627	  -8.52627	   7.05083
 25	 15	  -0.00000	  -0.00000	  -0.00000	  -7.32121	  -7.32121	   6.87526
 25	 14	  -0.00000	  -0.00000	  -0.00000	  -5.80649	  -5.80649	   7.03613
 25	 13	  -0.00000	  -0.00000	  -0.00000	  -4.08641	  -4.08641	   7.43862
 25	 12	  -0.00000	  -0.00000	  -0.00000	  -2.31823	  -2.31823	   7.93943
 25	 11	  -0.00000	  -0.00000	  -0.00000	  -0.65284	  -0.65284	   8.40879
 25	 10	  -0.00000	  -0.00000	  -0.00000	   0.78317	   0.78317	   8.75227
 25	  9	  -0.00000	  -0.00000	  -0.00000	   1.93859	   1.93859	   8.96710
 25	  8	  -0.00000	  -0.00000	  -0.00000	   2.80976	   2.80976	   9.11795
 25	  7	  -0.00000	  -0.00000	  -0.00000	   3.44706	   3.44706	   9.33660
 25	  6	  -0.00000	  -0.00000	  -0.00000	   3.90137	   3.90137	   9.73918
 25	  5	  -0.00000	  -0.00000	  -0.00000	   4.23291	   4.23291	  10.39517
 25	  4	  -0.00000	  -0.00000	  -0.00000	   4.47262	   4.47262	  11.28194
 25	  3	  -0.00000	  -0.00000	  -0.00000	   4.64935	   4.64935	  12.34742
 25	  2	  -0.00000	  -0.00000	  -0.00000	   4.76524	   4.76524	  13.52044
 25	  1	  -0.00000	  -0.00000	  -0.00000	   4.84378	   4.84378	  14.77087

 26	 30	  -0.00000	  -0.00000	  -0.00000	   4.05958	   4.05958	  39.77306
 26	 29	  -0.00000	  -0.00000	  -0.00000	   3.19165	   3.19165	  37.41658
 26	 28	  -0.00000	  -0.00000	  -0.00000	   1.91115	   1.91115	  34.64859
 26	 27	  -0.00000	  -0.00000	  -0.00000	   0.20543	   0.20543	  31.45655
 26	 26	  -0.00000	  -0.00000	  -0.00000	  -1.80965	  -1.80965	  27.95654
 26	 25	  -0.00000	  -0.00000	  -0.00000	  -3.93985	  -3.93985	  24.34300
 26	 24	  -0.00000	  -0.00000	  -0.00000	  -5.95493	  -5.95493	  20.84643
 26	 23	  -0.00000	  -0.00000	  -0.00000	  -7.66065	  -7.66065	  17.66140
 26	 22	  -0.00000	  -0.00000	  -0.00000	  -8.94115	  -8.94115	  14.90418
 26	 21	  -0.00000	  -0.00000	  -0.00000	  -9.80908	  -9.80908	  12.56262
 26	 20	  -0.00000	  -0.00000	  -0.00000	 -10.26376	 -10.26376	  10.63807
 26	 19	  -0.00000	  -0.00000	  -0.00000	 -10.33877	 -10.33877	   9.09779
 26	 18	  -0.00000	  -0.00000	  -0.00000	 -10.06631	 -10.06631	   7.91071
 26	 17	  -0.00000	  -0.00000	  -0.00000	  -9.42314	  -9.42314	   7.10159
 26	 16	  -0.00000	  -0.00000	  -0.00000	  -8.44368	  -8.44368	   6.63809
 26	 15	  -0.00000	  -0.00000	  -0.00000	  -7.08792	  -7.08792	   6.56322
 26	 14	  -0.00000	  -0.00000	  -0.00000	  -5.39665	  -5.39665	   6.84046
 26	 13	  -0.00000	  -0.00000	  -0.00000	  -3.51106	  -3.51106	   7.33514
 26	 12	  -0.00000	  -0.00000	  -0.00000	  -1.61329	  -1.61329	   7.87532
 26	 11	  -0.00000	  -0.00000	  -0.00000	   0.11444	   0.11444	   8.29532
 26	 10	  -0.00000	  -0.00000	  -0.00000	   1.55870	   1.55870	   8.50998
 26	  9	  -0.00000	  -0.00000	  -0.00000	   2.66377	   2.66377	   8.51302
 26	  8	  -0.00000	  -0.00000	  -0.00000	   3.44743	   3.44743	   8.40799
 26	  7	  -0.00000	  -0.00000	  -0.00000	   3.97727	   3.97727	   8.39321
 26	  6	  -0.00000	  -0.00000	  -0.00000	   4.31903	   4.31903	   8.66574
 26	  5	  -0.00000	  -0.00000	  -0.00000	   4.53616	   4.53616	   9.30976
 26	  4	  -0.00000	  -0.00000	  -0.00000	   4.67109	   4.67109	  10.25505
 26	  3	  -0.00000	  -0.00000	  -0.00000	   4.77629	   4.77629	  11.41512
 26	  2	  -0.00000	  -0.00000	  -0.00000	   4.84378	   4.84378	  12.68390
 26	  1	  -0.00000	  -0.00000	  -0.00000	   4.88953	   4.88953	  14.01975

 27	 30	  -0.00000	  -0.00000	  -0.00000	   4.05958	   4.05958	  39.62314
 27	 29	  -0.00000	  -0.00000	  -0.00000	   3.19165	   3.19165	  37.26011
 27	 28	  -0.00000	  -0.00000	  -0.00000	   1.91115	   1.91115	  34.48497
 27	 27	  -0.00000	  -0.00000	  -0.00000	   0.19020	   0.19020	  31.26988
 27	 26	  -0.00000	  -0.00000	  -0.00000	  -1.84286	  -1.84286	  27.74328
 27	 25	  -0.00000	  -0.00000	  -0.00000	  -3.99207	  -3.99207	  24.10123
 27	 24	  -0.00000	  -0.00000	  -0.00000	  -6.02514	  -6.02514	  20.57612
 27	 23	  -0.00000	  -0.00000	  -0.00000	  -7.74609	  -7.74609	  17.36407
 27	 22	  -0.00000	  -0.00000	  -0.00000	  -9.02659	  -9.02659	  14.59361
 27	 21	  -0.00000	  -0.00000	  -0.00000	  -9.89452	  -9.89452	  12.23706
 27	 20	  -0.00000	  -0.00000	  -0.00000	 -10.33121	 -10.33121	  10.31341
 27	 19	  -0.00000	  -0.00000	  -0.00000	 -10.38718	 -10.38718	   8.77251
 27	 18	  -0.00000	  -0.00000	  -0.00000	 -10.05977	 -10.05977	   7.61754
 27	 17	  -0.00000	  -0.00000	  -0.00000	  -9.35233	  -9.35233	   6.84584
 27	 16	  -0.00000	  -0.00000	  -0.00000	  -8.26901	  -8.26901	   6.45423
 27	 15	  -0.00000	  -0.00000	  -0.00000	  -6.80062	  -6.80062	   6.45334
 27	 14	  -0.00000	  -0.00000	  -0.00000	  -4.99598	  -4.99598	   6.79642
 27	 13	  -0.00000	  -0.00000	  -0.00000	  -2.99901	  -2.99901	   7.34285
 27	 12	  -0.00000	  -0.00000	  -0.00000	  -1.02133	  -1.02133	   7.88638
 27	 11	  -0.00000	  -0.00000	  -0.00000	   0.74534	   0.74534	   8.24472
 27	 10	  -0.00000	  -0.00000	  -0.00000	   2.17159	   2.17159	   8.30626
 27	  9	  -0.00000	  -0.00000	  -0.00000	   3.23076	   3.23076	   8.08129
 27	  8	  -0.00000	  -0.00000	  -0.00000	   3.93609	   3.93609	   7.66717
 27	  7	  -0.00000	  -0.00000	  -0.00000	   4.37523	   4.37523	   7.34412
 27	  6	  -0.00000	  -0.00000	  -0.00000	   4.62896	   4.62896	   7.49387
 27	  5	  -0.00000	  -0.00000	  -0.00000	   4.74810	   4.74810	   8.22676
 27	  4	  -0.00000	  -0.00000	  -0.00000	   4.82111	   4.82111	   9.34819
 27	  3	  -0.00000	  -0.00000	  -0.00000	   4.86768	   4.86768	  10.64590
 27	  2	  -0.00000	  -0.00000	  -0.00000	   4.89143	   4.89143	  12.01752
 27	  1	  -0.00000	  -0.00000	  -0.00000	   4.90752	   4.90752	  13.43246

 28	 30	  -0.00000	  -0.00000	  -0.00000	   4.05958	   4.05958	  39.53606
 28	 29	  -0.00000	  -0.00000	  -0.00000	   3.19165	   3.19165	  37.16920
 28	 28	  -0.00000	  -0.00000	  -0.00000	   1.91115	   1.91115	  34.38987
 28	 27	  -0.00000	  -0.00000	  -0.00000	   0.19020	   0.19020	  31.17020
 28	 26	  -0.00000	  -0.00000	  -0.00000	  -1.84286	  -1.84286	  27.63855
 28	 25	  -0.00000	  -0.00000	  -0.00000	  -3.99207	  -3.99207	  23.99091
 28	 24	  -0.00000	  -0.00000	  -0.00000	  -6.02514	  -6.02514	  20.45959
 28	 23	  -0.00000	  -0.00000	  -0.00000	  -7.74609	  -7.74609	  17.24059
 28	 22	  -0.00000	  -0.00000	  -0.00000	  -9.02659	  -9.02659	  14.46229
 28	 21	  -0.00000	  -0.00000	  -0.00000	  -9.89452	  -9.89452	  12.09686
 28	 20	  -0.00000	  -0.00000	  -0.00000	 -10.31599	 -10.31599	  10.17826
 28	 19	  -0.00000	  -0.00000	  -0.00000	 -10.35583	 -10.35583	   8.64174
 28	 18	  -0.00000	  -0.00000	  -0.00000	 -10.00390	 -10.00390	   7.49756
 28	 17	  -0.00000	  -0.00000	  -0.00000	  -9.25710	  -9.25710	   6.74897
 28	 16	  -0.00000	  -0.00000	  -0.00000	  -8.12148	  -8.12148	   6.39016
 28	 15	  -0.00000	  -0.00000	  -0.00000	  -6.57687	  -6.57687	   6.44162
 28	 14	  -0.00000	  -0.00000	  -0.00000	  -4.70781	  -4.70781	   6.81931
 28	 13	  -0.00000	  -0.00000	  -0.00000	  -2.66166	  -2.66166	   7.37666
 28	 12	  -0.00000	  -0.00000	  -0.00000	  -0.64282	  -0.64282	   7.91061
 28	 11	  -0.00000	  -0.00000	  -0.00000	   1.14106	   1.14106	   8.21599
 28	 10	  -0.00000	  -0.00000	  -0.00000	   2.56282	   2.56282	   8.17067
 28	  9	  -0.00000	  -0.00000	  -0.00000	   3.58677	   3.58677	   7.75107
 28	  8	  -0.00000	  -0.00000	  -0.00000	   4.25473	   4.25473	   7.03588
 28	  7	  -0.00000	  -0.00000	  -0.00000	   4.65420	   4.65420	   6.27537
 28	  6	  -0.00000	  -0.00000	  -0.00000	   4.83920	   4.83920	   6.26102
 28	  5	  -0.00000	  -0.00000	  -0.00000	   4.87431	   4.87431	   7.30638
 28	  4	  -0.00000	  -0.00000	  -0.00000	   4.89230	   4.89230	   8.67493
 28	  3	  -0.00000	  -0.00000	  -0.00000	   4.90752	   4.90752	  10.12305
 28	  2	  -0.00000	  -0.00000	  -0.00000	   4.90752	   4.90752	  11.58548
 28	  1	  -0.00000	  -0.00000	  -0.00000	   4.90752	   4.90752	  13.06157

 29	 30	  -0.00000	  -0.00000	  -0.00000	   4.05958	   4.05958	  39.51229
 29	 29	  -0.00000	  -0.00000	  -0.00000	   3.19165	   3.19165	  37.14438
 29	 28	  -0.00000	  -0.00000	  -0.00000	   1.91115	   1.91115	  34.36390
 29	 27	  -0.00000	  -0.00000	  -0.00000	   0.19020	   0.19020	  31.14298
 29	 26	  -0.00000	  -0.00000	  -0.00000	  -1.84286	  -1.84286	  27.60994
 29	 25	  -0.00000	  -0.00000	  -0.00000	  -3.99207	  -3.99207	  23.96076
 29	 24	  -0.00000	  -0.00000	  -0.00000	  -6.02514	  -6.02514	  20.42773
 29	 23	  -0.00000	  -0.00000	  -0.00000	  -7.74609	  -7.74609	  17.20682
 29	 22	  -0.00000	  -0.00000	  -0.00000	  -9.02659	  -9.02659	  14.42637
 29	 21	  -0.00000	  -0.00000	  -0.00000	  -9.89452	  -9.89452	  12.05849
 29	 20	  -0.00000	  -0.00000	  -0.00000	 -10.31599	 -10.31599	  10.13708
 29	 19	  -0.00000	  -0.00000	  -0.00000	 -10.34818	 -10.34818	   8.60496
 29	 18	  -0.00000	  -0.00000	  -0.00000	  -9.98980	  -9.98980	   7.46341
 29	 17	  -0.00000	  -0.00000	  -0.00000	  -9.23386	  -9.23386	   6.71945
 29	 16	  -0.00000	  -0.00000	  -0.00000	  -8.08719	  -8.08719	   6.36623
 29	 15	  -0.00000	  -0.00000	  -0.00000	  -6.53160	  -6.53160	   6.42197
 29	 14	  -0.00000	  -0.00000	  -0.00000	  -4.63824	  -4.63824	   6.81551
 29	 13	  -0.00000	  -0.00000	  -0.00000	  -2.58138	  -2.58138	   7.37260
 29	 12	  -0.00000	  -0.00000	  -0.00000	  -0.57323	  -0.57323	   7.88107
 29	 11	  -0.00000	  -0.00000	  -0.00000	   1.20538	   1.20538	   8.16012
 29	 10	  -0.00000	  -0.00000	  -0.00000	   2.63246	   2.63246	   8.08791
 29	  9	  -0.00000	  -0.00000	  -0.00000	   3.66227	   3.66227	   7.61894
 29	  8	  -0.00000	  -0.00000	  -0.00000	   4.33718	   4.33718	   6.79658
 29	  7	  -0.00000	  -0.00000	  -0.00000	   4.74059	   4.74059	   5.71116
 29	  6	  -0.00000	  -0.00000	  -0.00000	   4.90752	   4.90752	   5.48666
 29	  5	  -0.00000	  -0.00000	  -0.00000	   4.90752	   4.90752	   6.96392
 29	  4	  -0.00000	  -0.00000	  -0.00000	   4.90752	   4.90752	   8.46029
 29	  3	  -0.00000	  -0.00000	  -0.00000	   4.90752	   4.90752	   9.95881
 29	  2	  -0.00000	  -0.00000	  -0.00000	   4.90752	   4.90752	  11.45801
 29	  1	  -0.00000	  -0.00000	  -0.00000	   4.90752	   4.90752	  12.95751

 30	 30	  -0.00000	  -0.00000	  -0.00000	   4.05958	   4.05958	  39.55195
 30	 29	  -0.00000	  -0.00000	  -0.00000	   3.19165	   3.19165	  37.18579
 30	 28	  -0.00000	  -0.00000	  -0.00000	   1.91115	   1.91115	  34.40723
 30	 27	  -0.00000	  -0.00000	  -0.00000	   0.19020	   0.19020	  31.18840
 30	 26	  -0.00000	  -0.00000	  -0.00000	  -1.84286	  -1.84286	  27.65767
 30	 25	  -0.00000	  -0.00000	  -0.00000	  -3.99207	  -3.99207	  24.01105
 30	 24	  -0.00000	  -0.00000	  -0.00000	  -6.02514	  -6.02514	  20.48087
 30	 23	  -0.00000	  -0.00000	  -0.00000	  -7.74609	  -7.74609	  17.26314
 30	 22	  -0.00000	  -0.00000	  -0.00000	  -9.02659	  -9.02659	  14.48628
 30	 21	  -0.00000	  -0.00000	  -0.00000	  -9.89452	  -9.89452	  12.12248
 30	 20	  -0.00000	  -0.00000	  -0.00000	 -10.31599	 -10.31599	  10.20575
 30	 19	  -0.00000	  -0.00000	  -0.00000	 -10.35583	 -10.35583	   8.67140
 30	 18	  -0.00000	  -0.00000	  -0.00000	 -10.01999	 -10.01999	   7.51365
 30	 17	  -0.00000	  -0.00000	  -0.00000	  -9.28675	  -9.28675	   6.75451
 30	 16	  -0.00000	  -0.00000	  -0.00000	  -8.17226	  -8.17226	   6.37818
 30	 15	  -0.00000	  -0.00000	  -0.00000	  -6.65491	  -6.65491	   6.40682
 30	 14	  -0.00000	  -0.00000	  -0.00000	  -4.81544	  -4.81544	   6.76049
 30	 13	  -0.00000	  -0.00000	  -0.00000	  -2.79576	  -2.79576	   7.29858
 30	 12	  -0.00000	  -0.00000	  -0.00000	  -0.79660	  -0.79660	   7.82251
 30	 11	  -0.00000	  -0.00000	  -0.00000	   0.98113	   0.98113	   8.13531
 30	 10	  -0.00000	  -0.00000	  -0.00000	   2.41165	   2.41165	   8.11917
 30	  9	  -0.00000	  -0.00000	  -0.00000	   3.45670	   3.45670	   7.75427
 30	  8	  -0.00000	  -0.00000	  -0.00000	   4.14115	   4.14115	   7.11814
 30	  7	  -0.00000	  -0.00000	  -0.00000	   4.56355	   4.56355	   6.50155
 30	  6	  -0.00000	  -0.00000	  -0.00000	   4.78137	   4.78137	   6.55599
 30	  5	  -0.00000	  -0.00000	  -0.00000	   4.85821	   4.85821	   7.51201
 30	  4	  -0.00000	  -0.00000	  -0.00000	   4.89230	   4.89230	   8.82117
 30	  3	  -0.00000	  -0.00000	  -0.00000	   4.90752	   4.90752	  10.23006
 30	  2	  -0.00000	  -0.00000	  -0.00000	   4.90752	   4.90752	  11.66938
 30	  1	  -0.00000	  -0.00000	  -0.00000	   4.90752	   4.90752	  13.13043

 31	 30	  -0.00000	  -0.00000	  -0.00000	   4.05958	   4.05958	  39.65483
 31	 29	  -0.00000	  -0.00000	  -0.00000	   3.19165	   3.19165	  37.29319
 31	 28	  -0.00000	  -0.00000	  -0.00000	   1.91115	   1.91115	  34.51957
 31	 27	  -0.00000	  -0.00000	  -0.00000	   0.19020	   0.19020	  31.30615
 31	 26	  -0.00000	  -0.00000	  -0.00000	  -1.84286	  -1.84286	  27.78137
 31	 25	  -0.00000	  -0.00000	  -0.00000	  -3.99207	  -3.99207	  24.14134
 31	 24	  -0.00000	  -0.00000	  -0.00000	  -6.02514	  -6.02514	  20.61848
 31	 23	  -0.00000	  -0.00000	  -0.00000	  -7.74609	  -7.74609	  17.40894
 31	 22	  -0.00000	  -0.00000	  -0.00000	  -9.02659	  -9.02659	  14.64130
 31	 21	  -0.00000	  -0.00000	  -0.00000	  -9.89452	  -9.89452	  12.28796
 31	 20	  -0.00000	  -0.00000	  -0.00000	 -10.33121	 -10.33121	  10.36796
 31	 19	  -0.00000	  -0.00000	  -0.00000	 -10.38718	 -10.38718	   8.83128
 31	 18	  -0.00000	  -0.00000	  -0.00000	 -10.08351	 -10.08351	   7.65747
 31	 17	  -0.00000	  -0.00000	  -0.00000	  -9.41217	  -9.41217	   6.85546
 31	 16	  -0.00000	  -0.00000	  -0.00000	  -8.37080	  -8.37080	   6.42884
 31	 15	  -0.00000	  -0.00000	  -0.00000	  -6.95593	  -6.95593	   6.38284
 31	 14	  -0.00000	  -0.00000	  -0.00000	  -5.21137	  -5.21137	   6.67628
 31	 13	  -0.00000	  -0.00000	  -0.00000	  -3.27188	  -3.27188	   7.17845
 31	 12	  -0.00000	  -0.00000	  -0.00000	  -1.33403	  -1.33403	   7.69940
 31	 11	  -0.00000	  -0.00000	  -0.00000	   0.42066	   0.42066	   8.06894
 31	 10	  -0.00000	  -0.00000	  -0.00000	   1.86558	   1.86558	   8.18140
 31	  9	  -0.00000	  -0.00000	  -0.00000	   2.95698	   2.95698	   8.03467
 31	  8	  -0.00000	  -0.00000	  -0.00000	   3.72359	   3.72359	   7.74557
 31	  7	  -0.00000	  -0.00000	  -0.00000	   4.22483	   4.22483	   7.55194
 31	  6	  -0.00000	  -0.00000	  -0.00000	   4.53181	   4.53181	   7.76648
 31	  5	  -0.00000	  -0.00000	  -0.00000	   4.70235	   4.70235	   8.49134
 31	  4	  -0.00000	  -0.00000	  -0.00000	   4.80312	   4.80312	   9.57280
 31	  3	  -0.00000	  -0.00000	  -0.00000	   4.86768	   4.86768	  10.83788
 31	  2	  -0.00000	  -0.00000	  -0.00000	   4.89143	   4.89143	  12.17405
 31	  1	  -0.00000	  -0.00000	  -0.00000	   4.90752	   4.90752	  13.56373

 32	 30	  -0.00000	  -0.00000	  -0.00000	   4.05958	   4.05958	  39.82040
 32	 29	  -0.00000	  -0.00000	  -0.00000	   3.19165	   3.19165	  37.46597
 32	 28	  -0.00000	  -0.00000	  -0.00000	   1.91115	   1.91115	  34.70021
 32	 27	  -0.00000	  -0.00000	  -0.00000	   0.19020	   0.19020	  31.49541
 32	 26	  -0.00000	  -0.00000	  -0.00000	  -1.84286	  -1.84286	  27.98010
 32	 25	  -0.00000	  -0.00000	  -0.00000	  -3.99207	  -3.99207	  24.35052
 32	 24	  -0.00000	  -0.00000	  -0.00000	  -6.02514	  -6.02514	  20.83926
 32	 23	  -0.00000	  -0.00000	  -0.00000	  -7.74609	  -7.74609	  17.64267
 32	 22	  -0.00000	  -0.00000	  -0.00000	  -9.02659	  -9.02659	  14.88957
 32	 21	  -0.00000	  -0.00000	  -0.00000	  -9.89452	  -9.89452	  12.55267
 32	 20	  -0.00000	  -0.00000	  -0.00000	 -10.34920	 -10.34920	  10.63340
 32	 19	  -0.00000	  -0.00000	  -0.00000	 -10.43944	 -10.43944	   9.08396
 32	 18	  -0.00000	  -0.00000	  -0.00000	 -10.18310	 -10.18310	   7.88777
 32	 17	  -0.00000	  -0.00000	  -0.00000	  -9.59008	  -9.59008	   7.03669
 32	 16	  -0.00000	  -0.00000	  -0.00000	  -8.66810	  -8.66810	   6.52542
 32	 15	  -0.00000	  -0.00000	  -0.00000	  -7.40208	  -7.40208	   6.37241
 32	 14	  -0.00000	  -0.00000	  -0.00000	  -5.80364	  -5.80364	   6.57093
 32	 13	  -0.00000	  -0.00000	  -0.00000	  -4.00501	  -4.00501	   6.99605
 32	 12	  -0.00000	  -0.00000	  -0.00000	  -2.16847	  -2.16847	   7.49676
 32	 11	  -0.00000	  -0.00000	  -0.00000	  -0.46081	  -0.46081	   7.92430
 32	 10	  -0.00000	  -0.00000	  -0.00000	   1.00931	   1.00931	   8.19981
 32	  9	  -0.00000	  -0.00000	  -0.00000	   2.17842	   2.17842	   8.31004
 32	  8	  -0.00000	  -0.00000	  -0.00000	   3.04785	   3.04785	   8.33842
 32	  7	  -0.00000	  -0.00000	  -0.00000	   3.68194	   3.68194	   8.46561
 32	  6	  -0.00000	  -0.00000	  -0.00000	   4.11957	   4.11957	   8.83942
 32	  5	  -0.00000	  -0.00000	  -0.00000	   4.41509	   4.41509	   9.53078
 32	  4	  -0.00000	  -0.00000	  -0.00000	   4.62621	   4.62621	  10.50530
 32	  3	  -0.00000	  -0.00000	  -0.00000	   4.76019	   4.76019	  11.64910
 32	  2	  -0.00000	  -0.00000	  -0.00000	   4.84378	   4.84378	  12.89676
 32	  1	  -0.00000	  -0.00000	  -0.00000	   4.88953	   4.88953	  14.20317

 33	 30	  -0.00000	  -0.00000	  -0.00000	   4.05958	   4.05958	  40.04777
 33	 29	  -0.00000	  -0.00000	  -0.00000	   3.19165	   3.19165	  37.70314
 33	 28	  -0.00000	  -0.00000	  -0.00000	   1.91115	   1.91115	  34.94805
 33	 27	  -0.00000	  -0.00000	  -0.00000	   0.20543	   0.20543	  31.77012
 33	 26	  -0.00000	  -0.00000	  -0.00000	  -1.80965	  -1.80965	  28.28558
 33	 25	  -0.00000	  -0.00000	  -0.00000	  -3.93985	  -3.93985	  24.68910
 33	 24	  -0.00000	  -0.00000	  -0.00000	  -5.95493	  -5.95493	  21.21141
 33	 23	  -0.00000	  -0.00000	  -0.00000	  -7.66065	  -7.66065	  18.04738
 33	 22	  -0.00000	  -0.00000	  -0.00000	  -8.94115	  -8.94115	  15.31368
 33	 21	  -0.00000	  -0.00000	  -0.00000	  -9.80908	  -9.80908	  12.99859
 33	 20	  -0.00000	  -0.00000	  -0.00000	 -10.28278	 -10.28278	  11.08504
 33	 19	  -0.00000	  -0.00000	  -0.00000	 -10.41113	 -10.41113	   9.52569
 33	 18	  -0.00000	  -0.00000	  -0.00000	 -10.22205	 -10.22205	   8.29470
 33	 17	  -0.00000	  -0.00000	  -0.00000	  -9.72316	  -9.72316	   7.38718
 33	 16	  -0.00000	  -0.00000	  -0.00000	  -8.95213	  -8.95213	   6.76910
 33	 15	  -0.00000	  -0.00000	  -0.00000	  -7.86175	  -7.86175	   6.49270
 33	 14	  -0.00000	  -0.00000	  -0.00000	  -6.46546	  -6.46546	   6.55160
 33	 13	  -0.00000	  -0.00000	  -0.00000	  -4.85848	  -4.85848	   6.86061
 33	 12	  -0.00000	  -0.00000	  -0.00000	  -3.17302	  -3.17302	   7.30222
 33	 11	  -0.00000	  -0.00000	  -0.00000	  -1.53943	  -1.53943	   7.76776
 33	 10	  -0.00000	  -0.00000	  -0.00000	  -0.07664	  -0.07664	   8.17062
 33	  9	  -0.00000	  -0.00000	  -0.00000	   1.17218	   1.17218	   8.51456
 33	  8	  -0.00000	  -0.00000	  -0.00000	   2.17503	   2.17503	   8.83116
 33	  7	  -0.00000	  -0.00000	  -0.00000	   2.95869	   2.95869	   9.21948
 33	  6	  -0.00000	  -0.00000	  -0.00000	   3.55278	   3.55278	   9.76493
 33	  5	  -0.00000	  -0.00000	  -0.00000	   4.00322	   4.00322	  10.52121
 33	  4	  -0.00000	  -0.00000	  -0.00000	   4.34246	   4.34246	  11.47531
 33	  3	  -0.00000	  -0.00000	  -0.00000	   4.58577	   4.58577	  12.57144
 33	  2	  -0.00000	  -0.00000	  -0.00000	   4.74914	   4.74914	  13.75827
 33	  1	  -0.00000	  -0.00000	  -0.00000	   4.84378	   4.84378	  14.99552

 34	 30	  -0.00000	  -0.00000	  -0.00000	   4.05958	   4.05958	  40.33579
 34	 29	  -0.00000	  -0.00000	  -0.00000	   3.20775	   3.20775	  38.01948
 34	 28	  -0.00000	  -0.00000	  -0.00000	   1.95099	   1.95099	  35.30141
 34	 27	  -0.00000	  -0.00000	  -0.00000	   0.27662	   0.27662	  32.16930
 34	 26	  -0.00000	  -0.00000	  -0.00000	  -1.70143	  -1.70143	  28.73764
 34	 25	  -0.00000	  -0.00000	  -0.00000	  -3.79247	  -3.79247	  25.19770
 34	 24	  -0.00000	  -0.00000	  -0.00000	  -5.77052	  -5.77052	  21.77624
 34	 23	  -0.00000	  -0.00000	  -0.00000	  -7.44490	  -7.44490	  18.66481
 34	 22	  -0.00000	  -0.00000	  -0.00000	  -8.70165	  -8.70165	  15.97851
 34	 21	  -0.00000	  -0.00000	  -0.00000	  -9.55349	  -9.55349	  13.70600
 34	 20	  -0.00000	  -0.00000	  -0.00000	 -10.04517	 -10.04517	  11.80426
 34	 19	  -0.00000	  -0.00000	  -0.00000	 -10.21159	 -10.21159	  10.24057
 34	 18	  -0.00000	  -0.00000	  -0.00000	 -10.09182	 -10.09182	   8.97868
 34	 17	  -0.00000	  -0.00000	  -0.00000	  -9.70445	  -9.70445	   8.00367
 34	 16	  -0.00000	  -0.00000	  -0.00000	  -9.09624	  -9.09624	   7.27357
 34	 15	  -0.00000	  -0.00000	  -0.00000	  -8.20234	  -8.20234	   6.85967
 34	 14	  -0.00000	  -0.00000	  -0.00000	  -7.04306	  -7.04306	   6.75032
 34	 13	  -0.00000	  -0.00000	  -0.00000	  -5.67252	  -5.67252	   6.90329
 34	 12	  -0.00000	  -0.00000	  -0.00000	  -4.19002	  -4.19002	   7.23558
 34	 11	  -0.00000	  -0.00000	  -0.00000	  -2.67715	  -2.67715	   7.68807
 34	 10	  -0.00000	  -0.00000	  -0.00000	  -1.24732	  -1.24732	   8.17770
 34	  9	  -0.00000	  -0.00000	  -0.00000	   0.04095	   0.04095	   8.68529
 34	  8	  -0.00000	  -0.00000	  -0.00000	   1.15112	   1.15112	   9.22069
 34	  7	  -0.00000	  -0.00000	  -0.00000	   2.08805	   2.08805	   9.83474
 34	  6	  -0.00000	  -0.00000	  -0.00000	   2.85713	   2.85713	  10.56457
 34	  5	  -0.00000	  -0.00000	  -0.00000	   3.48952	   3.48952	  11.44552
 34	  4	  -0.00000	  -0.00000	  -0.00000	   3.98750	   3.98750	  12.45458
 34	  3	  -0.00000	  -0.00000	  -0.00000	   4.35673	   4.35673	  13.55373
 34	  2	  -0.00000	  -0.00000	  -0.00000	   4.61038	   4.61038	  14.70881
 34	  1	  -0.00000	  -0.00000	  -0.00000	   4.77629	   4.77629	  15.90605

 35	 30	  -0.00000	  -0.00000	  -0.00000	   4.07757	   4.07757	  40.70102
 35	 29	  -0.00000	  -0.00000	  -0.00000	   3.25539	   3.25539	  38.42882
 35	 28	  -0.00000	  -0.00000	  -0.00000	   2.04239	   2.04239	  35.77018
 35	 27	  -0.00000	  -0.00000	  -0.00000	   0.42577	   0.42577	  32.71288
 35	 26	  -0.00000	  -0.00000	  -0.00000	  -1.48404	  -1.48404	  29.36804
 35	 25	  -0.00000	  -0.00000	  -0.00000	  -3.50296	  -3.50296	  25.92057
 35	 24	  -0.00000	  -0.00000	  -0.00000	  -5.41277	  -5.41277	  22.58969
 35	 23	  -0.00000	  -0.00000	  -0.00000	  -7.02939	  -7.02939	  19.56067
 35	 22	  -0.00000	  -0.00000	  -0.00000	  -8.24239	  -8.24239	  16.94539
 35	 21	  -0.00000	  -0.00000	  -0.00000	  -9.06457	  -9.06457	  14.73286
 35	 20	  -0.00000	  -0.00000	  -0.00000	  -9.55349	  -9.55349	  12.86773
 35	 19	  -0.00000	  -0.00000	  -0.00000	  -9.75402	  -9.75402	  11.30790
 35	 18	  -0.00000	  -0.00000	  -0.00000	  -9.69873	  -9.69873	  10.02430
 35	 17	  -0.00000	  -0.00000	  -0.00000	  -9.41815	  -9.41815	   8.99085
 35	 16	  -0.00000	  -0.00000	  -0.00000	  -8.96948	  -8.96948	   8.15607
 35	 15	  -0.00000	  -0.00000	  -0.00000	  -8.28631	  -8.28631	   7.59380
 35	 14	  -0.00000	  -0.00000	  -0.00000	  -7.37717	  -7.37717	   7.30518
 35	 13	  -0.00000	  -0.00000	  -0.00000	  -6.27055	  -6.27055	   7.27436
 35	 12	  -0.00000	  -0.00000	  -0.00000	  -5.01897	  -5.01897	   7.46535
 35	 11	  -0.00000	  -0.00000	  -0.00000	  -3.67533	  -3.67533	   7.84646
 35	 10	  -0.00000	  -0.00000	  -0.00000	  -2.34538	  -2.34538	   8.33849
 35	  9	  -0.00000	  -0.00000	  -0.00000	  -1.07023	  -1.07023	   8.93169
 35	  8	  -0.00000	  -0.00000	  -0.00000	   0.10670	   0.10670	   9.61626
 35	  7	  -0.00000	  -0.00000	  -0.00000	   1.17232	   1.17232	  10.40948
 35	  6	  -0.00000	  -0.00000	  -0.00000	   2.10755	   2.10755	  11.31181
 35	  5	  -0.00000	  -0.00000	  -0.00000	   2.92394	   2.92394	  12.33732
 35	  4	  -0.00000	  -0.00000	  -0.00000	   3.59117	   3.59117	  13.44029
 35	  3	  -0.00000	  -0.00000	  -0.00000	   4.09962	   4.09962	  14.58287
 35	  2	  -0.00000	  -0.00000	  -0.00000	   4.45570	   4.45570	  15.73808
 35	  1	  -0.00000	  -0.00000	  -0.00000	   4.68994	   4.68994	  16.90409

 36	 30	  -0.00000	  -0.00000	  -0.00000	   4.12332	   4.12332	  41.15157
 36	 29	  -0.00000	  -0.00000	  -0.00000	   3.35003	   3.35003	  38.94475
 36	 28	  -0.00000	  -0.00000	  -0.00000	   2.20916	   2.20916	  36.37607
 36	 27	  -0.00000	  -0.00000	  -0.00000	   0.68777	   0.68777	  33.43332
 36	 26	  -0.00000	  -0.00000	  -0.00000	  -1.10954	  -1.10954	  30.22199
 36	 25	  -0.00000	  -0.00000	  -0.00000	  -3.00953	  -3.00953	  26.91635
 36	 24	  -0.00000	  -0.00000	  -0.00000	  -4.80684	  -4.80684	  23.72300
 36	 23	  -0.00000	  -0.00000	  -0.00000	  -6.32823	  -6.32823	  20.81666
 36	 22	  -0.00000	  -0.00000	  -0.00000	  -7.46910	  -7.46910	  18.30372
 36	 21	  -0.00000	  -0.00000	  -0.00000	  -8.24239	  -8.24239	  16.17342
 36	 20	  -0.00000	  -0.00000	  -0.00000	  -8.70165	  -8.70165	  14.37485
 36	 19	  -0.00000	  -0.00000	  -0.00000	  -8.92506	  -8.92506	  12.83312
 36	 18	  -0.00000	  -0.00000	  -0.00000	  -8.92388	  -8.92388	  11.54101
 36	 17	  -0.00000	  -0.00000	  -0.00000	  -8.73615	  -8.73615	  10.46554
 36	 16	  -0.00000	  -0.00000	  -0.00000	  -8.42960	  -8.42960	   9.54534
 36	 15	  -0.00000	  -0.00000	  -0.00000	  -7.94114	  -7.94114	   8.85147
 36	 14	  -0.00000	  -0.00000	  -0.00000	  -7.27274	  -7.27274	   8.39203
 36	 13	  -0.00000	  -0.00000	  -0.00000	  -6.43396	  -6.43396	   8.17010
 36	 12	  -0.00000	  -0.00000	  -0.00000	  -5.43237	  -5.43237	   8.19378
 36	 11	  -0.00000	  -0.00000	  -0.00000	  -4.30875	  -4.30875	   8.44137
 36	 10	  -0.00000	  -0.00000	  -0.00000	  -3.13447	  -3.13447	   8.86381
 36	  9	  -0.00000	  -0.00000	  -0.00000	  -1.93556	  -1.93556	   9.45970
 36	  8	  -0.00000	  -0.00000	  -0.00000	  -0.75401	  -0.75401	  10.21165
 36	  7	  -0.00000	  -0.00000	  -0.00000	   0.38579	   0.38579	  11.11607
 36	  6	  -0.00000	  -0.00000	  -0.00000	   1.45538	   1.45538	  12.15736
 36	  5	  -0.00000	  -0.00000	  -0.00000	   2.41117	   2.41117	  13.29352
 36	  4	  -0.00000	  -0.00000	  -0.00000	   3.22631	   3.22631	  14.48770
 36	  3	  -0.00000	  -0.00000	  -0.00000	   3.86152	   3.86152	  15.68152
 36	  2	  -0.00000	  -0.00000	  -0.00000	   4.31356	   4.31356	  16.84775
 36	  1	  -0.00000	  -0.00000	  -0.00000	   4.61244	   4.61244	  17.99150

 37	 30	  -0.00000	  -0.00000	  -0.00000	   4.19082	   4.19082	  41.67955
 37	 29	  -0.00000	  -0.00000	  -0.00000	   3.48966	   3.48966	  39.56317
 37	 28	  -0.00000	  -0.00000	  -0.00000	   2.45521	   2.45521	  37.12063
 37	 27	  -0.00000	  -0.00000	  -0.00000	   1.07431	   1.07431	  34.33969
 37	 26	  -0.00000	  -0.00000	  -0.00000	  -0.55702	  -0.55702	  31.31740
 37	 25	  -0.00000	  -0.00000	  -0.00000	  -2.28155	  -2.28155	  28.21225
 37	 24	  -0.00000	  -0.00000	  -0.00000	  -3.91288	  -3.91288	  25.21211
 37	 23	  -0.00000	  -0.00000	  -0.00000	  -5.29378	  -5.29378	  22.47596
 37	 22	  -0.00000	  -0.00000	  -0.00000	  -6.32823	  -6.32823	  20.10191
 37	 21	  -0.00000	  -0.00000	  -0.00000	  -7.02939	  -7.02939	  18.07929
 37	 20	  -0.00000	  -0.00000	  -0.00000	  -7.44490	  -7.44490	  16.36348
 37	 19	  -0.00000	  -0.00000	  -0.00000	  -7.66065	  -7.66065	  14.87226
 37	 18	  -0.00000	  -0.00000	  -0.00000	  -7.71201	  -7.71201	  13.57474
 37	 17	  -0.00000	  -0.00000	  -0.00000	  -7.59763	  -7.59763	  12.47770
 37	 16	  -0.00000	  -0.00000	  -0.00000	  -7.40615	  -7.40615	  11.49920
 37	 15	  -0.00000	  -0.00000	  -0.00000	  -7.08180	  -7.08180	  10.70318
 37	 14	  -0.00000	  -0.00000	  -0.00000	  -6.62464	  -6.62464	  10.09957
 37	 13	  -0.00000	  -0.00000	  -0.00000	  -6.03261	  -6.03261	   9.70246
 37	 12	  -0.00000	  -0.00000	  -0.00000	  -5.27425	  -5.27425	   9.55767
 37	 11	  -0.00000	  -0.00000	  -0.00000	  -4.38933	  -4.38933	   9.64203
 37	 10	  -0.00000	  -0.00000	  -0.00000	  -3.41175	  -3.41175	   9.94013
 37	  9	  -0.00000	  -0.00000	  -0.00000	  -2.34874	  -2.34874	  10.46399
 37	  8	  -0.00000	  -0.00000	  -0.00000	  -1.23438	  -1.23438	  11.19781
 37	  7	  -0.00000	  -0.00000	  -0.00000	  -0.09700	  -0.09700	  12.12808
 37	  6	  -0.00000	  -0.00000	  -0.00000	   1.02882	   1.02882	  13.22907
 37	  5	  -0.00000	  -0.00000	  -0.00000	   2.07086	   2.07086	  14.42964
 37	  4	  -0.00000	  -0.00000	  -0.00000	   2.96634	   2.96634	  15.66015
 37	  3	  -0.00000	  -0.00000	  -0.00000	   3.68603	   3.68603	  16.87794
 37	  2	  -0.00000	  -0.00000	  -0.00000	   4.20499	   4.20499	  18.04044
 37	  1	  -0.00000	  -0.00000	  -0.00000	   4.54964	   4.54964	  19.15488

 38	 30	  -0.00000	  -0.00000	  -0.00000	   4.29515	   4.29515	  42.29803
 38	 29	  -0.00000	  -0.00000	  -0.00000	   3.68922	   3.68922	  40.29676
 38	 28	  -0.00000	  -0.00000	  -0.00000	   2.79527	   2.79527	  38.01608
 38	 27	  -0.00000	  -0.00000	  -0.00000	   1.59985	   1.59985	  35.44360
 38	 26	  -0.00000	  -0.00000	  -0.00000	   0.18764	   0.18764	  32.66520
 38	 25	  -0.00000	  -0.00000	  -0.00000	  -1.30525	  -1.30525	  29.81846
 38	 24	  -0.00000	  -0.00000	  -0.00000	  -2.71747	  -2.71747	  27.06640
 38	 23	  -0.00000	  -0.00000	  -0.00000	  -3.91288	  -3.91288	  24.54713
 38	 22	  -0.00000	  -0.00000	  -0.00000	  -4.80684	  -4.80684	  22.34764
 38	 21	  -0.00000	  -0.00000	  -0.00000	  -5.41277	  -5.41277	  20.45728
 38	 20	  -0.00000	  -0.00000	  -0.00000	  -5.77052	  -5.77052	  18.83949
 38	 19	  -0.00000	  -0.00000	  -0.00000	  -5.95493	  -5.95493	  17.42340
 38	 18	  -0.00000	  -0.00000	  -0.00000	  -6.02514	  -6.02514	  16.15457
 38	 17	  -0.00000	  -0.00000	  -0.00000	  -5.97496	  -5.97496	  15.04486
 38	 16	  -0.00000	  -0.00000	  -0.00000	  -5.86816	  -5.86816	  14.03727
 38	 15	  -0.00000	  -0.00000	  -0.00000	  -5.66997	  -5.66997	  13.17465
 38	 14	  -0.00000	  -0.00000	  -0.00000	  -5.38158	  -5.38158	  12.46535
 38	 13	  -0.00000	  -0.00000	  -0.00000	  -4.99577	  -4.99577	  11.92777
 38	 12	  -0.00000	  -0.00000	  -0.00000	  -4.46540	  -4.46540	  11.62185
 38	 11	  -0.00000	  -0.00000	  -0.00000	  -3.81198	  -3.81198	  11.54032
 38	 10	  -0.00000	  -0.00000	  -0.00000	  -3.04844	  -3.04844	  11.68542
 38	  9	  -0.00000	  -0.00000	  -0.00000	  -2.16434	  -2.16434	  12.08276
 38	  8	  -0.00000	  -0.00000	  -0.00000	  -1.18301	  -1.18301	  12.72286
 38	  7	  -0.00000	  -0.00000	  -0.00000	  -0.12072	  -0.12072	  13.60031
 38	  6	  -0.00000	  -0.00000	  -0.00000	   0.95791	   0.95791	  14.65682
 38	  5	  -0.00000	  -0.00000	  -0.00000	   1.99483	   1.99483	  15.83511
 38	  4	  -0.00000	  -0.00000	  -0.00000	   2.90517	   2.90517	  17.04542
 38	  3	  -0.00000	  -0.00000	  -0.00000	   3.63281	   3.63281	  18.22185
 38	  2	  -0.00000	  -0.00000	  -0.00000	   4.17156	   4.17156	  19.34501
 38	  1	  -0.00000	  -0.00000	  -0.00000	   4.53071	   4.53071	  20.40922

 39	 30	  -0.00000	  -0.00000	  -0.00000	   4.41840	   4.41840	  42.98695
 39	 29	  -0.00000	  -0.00000	  -0.00000	   3.92497	   3.92497	  41.11941
 39	 28	  -0.00000	  -0.00000	  -0.00000	   3.19700	   3.19700	  39.02742
 39	 27	  -0.00000	  -0.00000	  -0.00000	   2.22070	   2.22070	  36.69842
 39	 26	  -0.00000	  -0.00000	  -0.00000	   1.06735	   1.06735	  34.20503
 39	 25	  -0.00000	  -0.00000	  -0.00000	  -0.15190	  -0.15190	  31.66004
 39	 24	  -0.00000	  -0.00000	  -0.00000	  -1.30525	  -1.30525	  29.19709
 39	 23	  -0.00000	  -0.00000	  -0.00000	  -2.28155	  -2.28155	  26.92951
 39	 22	  -0.00000	  -0.00000	  -0.00000	  -3.00953	  -3.00953	  24.93112
 39	 21	  -0.00000	  -0.00000	  -0.00000	  -3.50296	  -3.50296	  23.19111
 39	 20	  -0.00000	  -0.00000	  -0.00000	  -3.79247	  -3.79247	  21.68235
 39	 19	  -0.00000	  -0.00000	  -0.00000	  -3.93985	  -3.93985	  20.34718
 39	 18	  -0.00000	  -0.00000	  -0.00000	  -3.99207	  -3.99207	  19.14347
 39	 17	  -0.00000	  -0.00000	  -0.00000	  -3.99207	  -3.99207	  18.03397
 39	 16	  -0.00000	  -0.00000	  -0.00000	  -3.94190	  -3.94190	  17.02331
 39	 15	  -0.00000	  -0.00000	  -0.00000	  -3.84362	  -3.84362	  16.11718
 39	 14	  -0.00000	  -0.00000	  -0.00000	  -3.67789	  -3.67789	  15.34385
 39	 13	  -0.00000	  -0.00000	  -0.00000	  -3.44820	  -3.44820	  14.70999
 39	 12	  -0.00000	  -0.00000	  -0.00000	  -3.10324	  -3.10324	  14.27817
 39	 11	  -0.00000	  -0.00000	  -0.00000	  -2.65240	  -2.65240	  14.05110
 39	 10	  -0.00000	  -0.00000	  -0.00000	  -2.09527	  -2.09527	  14.04165
 39	  9	  -0.00000	  -0.00000	  -0.00000	  -1.40863	  -1.40863	  14.28511
 39	  8	  -0.00000	  -0.00000	  -0.00000	  -0.59617	  -0.59617	  14.78846
 39	  7	  -0.00000	  -0.00000	  -0.00000	   0.30783	   0.30783	  15.52559
 39	  6	  -0.00000	  -0.00000	  -0.00000	   1.26683	   1.26683	  16.46465
 39	  5	  -0.00000	  -0.00000	  -0.00000	   2.19747	   2.19747	  17.52284
 39	  4	  -0.00000	  -0.00000	  -0.00000	   3.03732	   3.03732	  18.63413
 39	  3	  -0.00000	  -0.00000	  -0.00000	   3.71731	   3.71731	  19.72212
 39	  2	  -0.00000	  -0.00000	  -0.00000	   4.22298	   4.22298	  20.76225
 39	  1	  -0.00000	  -0.00000	  -0.00000	   4.54964	   4.54964	  21.73803

 40	 30	  -0.00000	  -0.00000	  -0.00000	   4.54870	   4.54870	  43.73220
 40	 29	  -0.00000	  -0.00000	  -0.00000	   4.17420	   4.17420	  42.00593
 40	 28	  -0.00000	  -0.00000	  -0.00000	   3.62168	   3.62168	  40.11323
 40	 27	  -0.00000	  -0.00000	  -0.00000	   2.87702	   2.87702	  38.04130
 40	 26	  -0.00000	  -0.00000	  -0.00000	   1.99731	   1.99731	  35.84875
 40	 25	  -0.00000	  -0.00000	  -0.00000	   1.06735	   1.06735	  33.62212
 40	 24	  -0.00000	  -0.00000	  -0.00000	   0.18764	   0.18764	  31.46393
 40	 23	  -0.00000	  -0.00000	  -0.00000	  -0.55702	  -0.55702	  29.46131
 40	 22	  -0.00000	  -0.00000	  -0.00000	  -1.10954	  -1.10954	  27.67402
 40	 21	  -0.00000	  -0.00000	  -0.00000	  -1.48404	  -1.48404	  26.09107
 40	 20	  -0.00000	  -0.00000	  -0.00000	  -1.70143	  -1.70143	  24.69517
 40	 19	  -0.00000	  -0.00000	  -0.00000	  -1.80965	  -1.80965	  23.44255
 40	 18	  -0.00000	  -0.00000	  -0.00000	  -1.84286	  -1.84286	  22.30392
 40	 17	  -0.00000	  -0.00000	  -0.00000	  -1.84286	  -1.84286	  21.24307
 40	 16	  -0.00000	  -0.00000	  -0.00000	  -1.84286	  -1.84286	  20.23323
 40	 15	  -0.00000	  -0.00000	  -0.00000	  -1.80878	  -1.80878	  19.31578
 40	 14	  -0.00000	  -0.00000	  -0.00000	  -1.72406	  -1.72406	  18.51552
 40	 13	  -0.00000	  -0.00000	  -0.00000	  -1.60132	  -1.60132	  17.82891
 40	 12	  -0.00000	  -0.00000	  -0.00000	  -1.40541	  -1.40541	  17.30094
 40	 11	  -0.00000	  -0.00000	  -0.00000	  -1.11578	  -1.11578	  16.96241
 40	 10	  -0.00000	  -0.00000	  -0.00000	  -0.72641	  -0.72641	  16.82962
 40	  9	  -0.00000	  -0.00000	  -0.00000	  -0.23447	  -0.23447	  16.91509
 40	  8	  -0.00000	  -0.00000	  -0.00000	   0.37885	   0.37885	  17.24601
 40	  7	  -0.00000	  -0.00000	  -0.00000	   1.09629	   1.09629	  17.81139
 40	  6	  -0.00000	  -0.00000	  -0.00000	   1.86513	   1.86513	  18.56207
 40	  5	  -0.00000	  -0.00000	  -0.00000	   2.63599	   2.63599	  19.44911
 40	  4	  -0.00000	  -0.00000	  -0.00000	   3.32884	   3.32884	  20.38974
 40	  3	  -0.00000	  -0.00000	  -0.00000	   3.90359	   3.90359	  21.33826
 40	  2	  -0.00000	  -0.00000	  -0.00000	   4.33258	   4.33258	  22.25913
 40	  1	  -0.00000	  -0.00000	  -0.00000	   4.61244	   4.61244	  23.13957

 41	 30	  -0.00000	  -0.00000	  -0.00000	   4.67196	   4.67196	  44.51741
 41	 29	  -0.00000	  -0.00000	  -0.00000	   4.40995	   4.40995	  42.92688
 41	 28	  -0.00000	  -0.00000	  -0.00000	   4.02341	   4.02341	  41.22485
 41	 27	  -0.00000	  -0.00000	  -0.00000	   3.49787	   3.49787	  39.39829
 41	 26	  -0.00000	  -0.00000	  -0.00000	   2.87702	   2.87702	  37.49253
 41	 25	  -0.00000	  -0.00000	  -0.00000	   2.22070	   2.22070	  35.56927
 41	 24	  -0.00000	  -0.00000	  -0.00000	   1.59985	   1.59985	  33.70158
 41	 23	  -0.00000	  -0.00000	  -0.00000	   1.07431	   1.07431	  31.95172
 41	 22	  -0.00000	  -0.00000	  -0.00000	   0.68777	   0.68777	  30.36617
 41	 21	  -0.00000	  -0.00000	  -0.00000	   0.42577	   0.42577	  28.93367
 41	 20	  -0.00000	  -0.00000	  -0.00000	   0.27662	   0.27662	  27.64620
 41	 19	  -0.00000	  -0.00000	  -0.00000	   0.20543	   0.20543	  26.47304
 41	 18	  -0.00000	  -0.00000	  -0.00000	   0.19020	   0.19020	  25.39696
 41	 17	  -0.00000	  -0.00000	  -0.00000	   0.19020	   0.19020	  24.38264
 41	 16	  -0.00000	  -0.00000	  -0.00000	   0.19020	   0.19020	  23.42095
 41	 15	  -0.00000	  -0.00000	  -0.00000	   0.19020	   0.19020	  22.51868
 41	 14	  -0.00000	  -0.00000	  -0.00000	   0.20630	   0.20630	  21.69942
 41	 13	  -0.00000	  -0.00000	  -0.00000	   0.26325	   0.26325	  20.99603
 41	 12	  -0.00000	  -0.00000	  -0.00000	   0.35747	   0.35747	  20.41342
 41	 11	  -0.00000	  -0.00000	  -0.00000	   0.52846	   0.52846	  19.99984
 41	 10	  -0.00000	  -0.00000	  -0.00000	   0.77452	   0.77452	  19.76209
 41	  9	  -0.00000	  -0.00000	  -0.00000	   1.11126	   1.11126	  19.72366
 41	  8	  -0.00000	  -0.00000	  -0.00000	   1.53379	   1.53379	  19.88631
 41	  7	  -0.00000	  -0.00000	  -0.00000	   2.04698	   2.04698	  20.25983
 41	  6	  -0.00000	  -0.00000	  -0.00000	   2.61843	   2.61843	  20.81462
 41	  5	  -0.00000	  -0.00000	  -0.00000	   3.18820	   3.18820	  21.49107
 41	  4	  -0.00000	  -0.00000	  -0.00000	   3.71545	   3.71545	  22.24619
 41	  3	  -0.00000	  -0.00000	  -0.00000	   4.15464	   4.15464	  23.03007
 41	  2	  -0.00000	  -0.00000	  -0.00000	   4.47369	   4.47369	  23.80436
 41	  1	  -0.00000	  -0.00000	  -0.00000	   4.68994	   4.68994	  24.57884

 42	 30	  -0.00000	  -0.00000	  -0.00000	   4.77629	   4.77629	  45.32841
 42	 29	  -0.00000	  -0.00000	  -0.00000	   4.60951	   4.60951	  43.85703
 42	 28	  -0.00000	  -0.00000	  -0.00000	   4.36347	   4.36347	  42.32082
 42	 27	  -0.00000	  -0.00000	  -0.00000	   4.02341	   4.02341	  40.70657
 42	 26	  -0.00000	  -0.00000	  -0.00000	   3.62168	   3.62168	  39.04833
 42	 25	  -0.00000	  -0.00000	  -0.00000	   3.19700	   3.19700	  37.38678
 42	 24	  -0.00000	  -0.00000	  -0.00000	   2.79527	   2.79527	  35.77002
 42	 23	  -0.00000	  -0.00000	  -0.00000	   2.45521	   2.45521	  34.23929
 42	 22	  -0.00000	  -0.00000	  -0.00000	   2.20916	   2.20916	  32.82976
 42	 21	  -0.00000	  -0.00000	  -0.00000	   2.04239	   2.04239	  31.52992
 42	 20	  -0.00000	  -0.00000	  -0.00000	   1.95099	   1.95099	  30.33951
 42	 19	  -0.00000	  -0.00000	  -0.00000	   1.91115	   1.91115	  29.23882
 42	 18	  -0.00000	  -0.00000	  -0.00000	   1.91115	   1.91115	  28.22075
 42	 17	  -0.00000	  -0.00000	  -0.00000	   1.91115	   1.91115	  27.25061
 42	 16	  -0.00000	  -0.00000	  -0.00000	   1.91115	   1.91115	  26.33413
 42	 15	  -0.00000	  -0.00000	  -0.00000	   1.91115	   1.91115	  25.47755
 42	 14	  -0.00000	  -0.00000	  -0.00000	   1.91115	   1.91115	  24.68764
 42	 13	  -0.00000	  -0.00000	  -0.00000	   1.91115	   1.91115	  23.97156
 42	 12	  -0.00000	  -0.00000	  -0.00000	   1.94247	   1.94247	  23.36804
 42	 11	  -0.00000	  -0.00000	  -0.00000	   2.02405	   2.02405	  22.90343
 42	 10	  -0.00000	  -0.00000	  -0.00000	   2.16580	   2.16580	  22.59475
 42	  9	  -0.00000	  -0.00000	  -0.00000	   2.37150	   2.37150	  22.45222
 42	  8	  -0.00000	  -0.00000	  -0.00000	   2.64818	   2.64818	  22.48826
 42	  7	  -0.00000	  -0.00000	  -0.00000	   2.97870	   2.97870	  22.68966
 42	  6	  -0.00000	  -0.00000	  -0.00000	   3.35676	   3.35676	  23.05232
 42	  5	  -0.00000	  -0.00000	  -0.00000	   3.74702	   3.74702	  23.54118
 42	  4	  -0.00000	  -0.00000	  -0.00000	   4.10982	   4.10982	  24.11487
 42	  3	  -0.00000	  -0.00000	  -0.00000	   4.40331	   4.40331	  24.72806
 42	  2	  -0.00000	  -0.00000	  -0.00000	   4.62561	   4.62561	  25.37384
 42	  1	  -0.00000	  -0.00000	  -0.00000	   4.77629	   4.77629	  26.04557

 43	 30	  -0.00000	  -0.00000	  -0.00000	   4.84378	   4.84378	  46.14497
 43	 29	  -0.00000	  -0.00000	  -0.00000	   4.74914	   4.74914	  44.77015
 43	 28	  -0.00000	  -0.00000	  -0.00000	   4.60951	   4.60951	  43.36612
 43	 27	  -0.00000	  -0.00000	  -0.00000	   4.40995	   4.40995	  41.91953
 43	 26	  -0.00000	  -0.00000	  -0.00000	   4.17420	   4.17420	  40.45589
 43	 25	  -0.00000	  -0.00000	  -0.00000	   3.92497	   3.92497	  38.99996
 43	 24	  -0.00000	  -0.00000	  -0.00000	   3.68922	   3.68922	  37.58093
 43	 23	  -0.00000	  -0.00000	  -0.00000	   3.48966	   3.48966	  36.22407
 43	 22	  -0.00000	  -0.00000	  -0.00000	   3.35003	   3.35003	  34.95596
 43	 21	  -0.00000	  -0.00000	  -0.00000	   3.25539	   3.25539	  33.76487
 43	 20	  -0.00000	  -0.00000	  -0.00000	   3.20775	   3.20775	  32.65638
 43	 19	  -0.00000	  -0.00000	  -0.00000	   3.19165	   3.19165	  31.61902
 43	 18	  -0.00000	  -0.00000	  -0.00000	   3.19165	   3.19165	  30.64176
 43	 17	  -0.00000	  -0.00000	  -0.00000	   3.19165	   3.19165	  29.71338
 43	 16	  -0.00000	  -0.00000	  -0.00000	   3.19165	   3.19165	  28.83917
 43	 15	  -0.00000	  -0.00000	  -0.00000	   3.19165	   3.19165	  28.02487
 43	 14	  -0.00000	  -0.00000	  -0.00000	   3.19165	   3.19165	  27.27655
 43	 13	  -0.00000	  -0.00000	  -0.00000	   3.19165	   3.19165	  26.60053
 43	 12	  -0.00000	  -0.00000	  -0.00000	   3.19165	   3.19165	  26.00325
 43	 11	  -0.00000	  -0.00000	  -0.00000	   3.20775	   3.20775	  25.50712
 43	 10	  -0.00000	  -0.00000	  -0.00000	   3.27061	   3.27061	  25.14881
 43	  9	  -0.00000	  -0.00000	  -0.00000	   3.38324	   3.38324	  24.93664
 43	  8	  -0.00000	  -0.00000	  -0.00000	   3.54188	   3.54188	  24.87126
 43	  7	  -0.00000	  -0.00000	  -0.00000	   3.74421	   3.74421	  24.95354
 43	  6	  -0.00000	  -0.00000	  -0.00000	   3.97720	   3.97720	  25.17223
 43	  5	  -0.00000	  -0.00000	  -0.00000	   4.20741	   4.20741	  25.49409
 43	  4	  -0.00000	  -0.00000	  -0.00000	   4.42518	   4.42518	  25.90810
 43	  3	  -0.00000	  -0.00000	  -0.00000	   4.60951	   4.60951	  26.39045
 43	  2	  -0.00000	  -0.00000	  -0.00000	   4.74914	   4.74914	  26.92577
 43	  1	  -0.00000	  -0.00000	  -0.00000	   4.84378	   4.84378	  27.50865

 44	 30	  -0.00000	  -0.00000	  -0.00000	   4.88953	   4.88953	  46.97994
 44	 29	  -0.00000	  -0.00000	  -0.00000	   4.84378	   4.84378	  45.67876
 44	 28	  -0.00000	  -0.00000	  -0.00000	   4.77629	   4.77629	  44.37286
 44	 27	  -0.00000	  -0.00000	  -0.00000	   4.67196	   4.67196	  43.04880
 44	 26	  -0.00000	  -0.00000	  -0.00000	   4.54870	   4.54870	  41.72632
 44	 25	  -0.00000	  -0.00000	  -0.00000	   4.41840	   4.41840	  40.41936
 44	 24	  -0.00000	  -0.00000	  -0.00000	   4.29515	   4.29515	  39.14428
 44	 23	  -0.00000	  -0.00000	  -0.00000	   4.19082	   4.19082	  37.91552
 44	 22	  -0.00000	  -0.00000	  -0.00000	   4.12332	   4.12332	  36.75381
 44	 21	  -0.00000	  -0.00000	  -0.00000	   4.07757	   4.07757	  35.64721
 44	 20	  -0.00000	  -0.00000	  -0.00000	   4.05958	   4.05958	  34.60522
 44	 19	  -0.00000	  -0.00000	  -0.00000	   4.05958	   4.05958	  33.62187
 44	 18	  -0.00000	  -0.00000	  -0.00000	   4.05958	   4.05958	  32.68339
 44	 17	  -0.00000	  -0.00000	  -0.00000	   4.05958	   4.05958	  31.79432
 44	 16	  -0.00000	  -0.00000	  -0.00000	   4.05958	   4.05958	  30.95957
 44	 15	  -0.00000	  -0.00000	  -0.00000	   4.05958	   4.05958	  30.18433
 44	 14	  -0.00000	  -0.00000	  -0.00000	   4.05958	   4.05958	  29.47407
 44	 13	  -0.00000	  -0.00000	  -0.00000	   4.05958	   4.05958	  28.83436
 44	 12	  -0.00000	  -0.00000	  -0.00000	   4.05958	   4.05958	  28.27079
 44	 11	  -0.00000	  -0.00000	  -0.00000	   4.05958	   4.05958	  27.78881
 44	 10	  -0.00000	  -0.00000	  -0.00000	   4.07757	   4.07757	  27.41144
 44	  9	  -0.00000	  -0.00000	  -0.00000	   4.12332	   4.12332	  27.15293
 44	  8	  -0.00000	  -0.00000	  -0.00000	   4.19082	   4.19082	  27.01090
 44	  7	  -0.00000	  -0.00000	  -0.00000	   4.29515	   4.29515	  27.00307
 44	  6	  -0.00000	  -0.00000	  -0.00000	   4.41840	   4.41840	  27.11296
 44	  5	  -0.00000	  -0.00000	  -0.00000	   4.54870	   4.54870	  27.32888
 44	  4	  -0.00000	  -0.00000	  -0.00000	   4.67196	   4.67196	  27.63562
 44	  3	  -0.00000	  -0.00000	  -0.00000	   4.77629	   4.77629	  28.01899
 44	  2	  -0.00000	  -0.00000	  -0.00000	   4.84378	   4.84378	  28.45769
 44	  1	  -0.00000	  -0.00000	  -0.00000	   4.88953	   4.88953	  28.96255

 45	 30	  -0.00000	  -0.00000	  -0.00000	   4.90752	   4.90752	  47.82507
 45	 29	  -0.00000	  -0.00000	  -0.00000	   4.89143	   4.89143	  46.57846
 45	 28	  -0.00000	  -0.00000	  -0.00000	   4.86768	   4.86768	  45.34239
 45	 27	  -0.00000	  -0.00000	  -0.00000	   4.82111	   4.82111	  44.10336
 45	 26	  -0.00000	  -0.00000	  -0.00000	   4.76609	   4.76609	  42.87762
 45	 25	  -0.00000	  -0.00000	  -0.00000	   4.70792	   4.70792	  41.67253
 45	 24	  -0.00000	  -0.00000	  -0.00000	   4.65290	   4.65290	  40.49667
 45	 23	  -0.00000	  -0.00000	  -0.00000	   4.60633	   4.60633	  39.35787
 45	 22	  -0.00000	  -0.00000	  -0.00000	   4.58258	   4.58258	  38.27327
 45	 21	  -0.00000	  -0.00000	  -0.00000	   4.56649	   4.56649	  37.23078
 45	 20	  -0.00000	  -0.00000	  -0.00000	   4.56649	   4.56649	  36.24218
 45	 19	  -0.00000	  -0.00000	  -0.00000	   4.56649	   4.56649	  35.29502
 45	 18	  -0.00000	  -0.00000	  -0.00000	   4.56649	   4.56649	  34.39326
 45	 17	  -0.00000	  -0.00000	  -0.00000	   4.56649	   4.56649	  33.54113
 45	 16	  -0.00000	  -0.00000	  -0.00000	   4.56649	   4.56649	  32.74313
 45	 15	  -0.00000	  -0.00000	  -0.00000	   4.56649	   4.56649	  32.00399
 45	 14	  -0.00000	  -0.00000	  -0.00000	   4.56649	   4.56649	  31.32858
 45	 13	  -0.00000	  -0.00000	  -0.00000	   4.56649	   4.56649	  30.72185
 45	 12	  -0.00000	  -0.00000	  -0.00000	   4.56649	   4.56649	  30.18868
 45	 11	  -0.00000	  -0.00000	  -0.00000	   4.56649	   4.56649	  29.73373
 45	 10	  -0.00000	  -0.00000	  -0.00000	   4.56649	   4.56649	  29.36131
 45	  9	  -0.00000	  -0.00000	  -0.00000	   4.58258	   4.58258	  29.09129
 45	  8	  -0.00000	  -0.00000	  -0.00000	   4.60633	   4.60633	  28.91826
 45	  7	  -0.00000	  -0.00000	  -0.00000	   4.65290	   4.65290	  28.85958
 45	  6	  -0.00000	  -0.00000	  -0.00000	   4.70792	   4.70792	  28.90207
 45	  5	  -0.00000	  -0.00000	  -0.00000	   4.76609	   4.76609	  29.04056
 45	  4	  -0.00000	  -0.00000	  -0.00000	   4.82111	   4.82111	  29.26786
 45	  3	  -0.00000	  -0.00000	  -0.00000	   4.86768	   4.86768	  29.57673
 45	  2	  -0.00000	  -0.00000	  -0.00000	   4.89143	   4.89143	  29.94997
 45	  1	  -0.00000	  -0.00000	  -0.00000	   4.90752	   4.90752	  30.39916

 46	 30	  -0.00000	  -0.00000	  -0.00000	   4.90752	   4.90752	  48.68799
 46	 29	  -0.00000	  -0.00000	  -0.00000	   4.90752	   4.90752	  47.48243
 46	 28	  -0.00000	  -0.00000	  -0.00000	   4.90752	   4.90752	  46.29612
 46	 27	  -0.00000	  -0.00000	  -0.00000	   4.89230	   4.89230	  45.11554
 46	 26	  -0.00000	  -0.00000	  -0.00000	   4.87431	   4.87431	  43.95503
 46	 25	  -0.00000	  -0.00000	  -0.00000	   4.85530	   4.85530	  42.81839
 46	 24	  -0.00000	  -0.00000	  -0.00000	   4.83731	   4.83731	  41.70993
 46	 23	  -0.00000	  -0.00000	  -0.00000	   4.82208	   4.82208	  40.63386
 46	 22	  -0.00000	  -0.00000	  -0.00000	   4.82208	   4.82208	  39.60536
 46	 21	  -0.00000	  -0.00000	  -0.00000	   4.82208	   4.82208	  38.61217
 46	 20	  -0.00000	  -0.00000	  -0.00000	   4.82208	   4.82208	  37.65748
 46	 19	  -0.00000	  -0.00000	  -0.00000	   4.82208	   4.82208	  36.74475
 46	 18	  -0.00000	  -0.00000	  -0.00000	   4.82208	   4.82208	  35.87768
 46	 17	  -0.00000	  -0.00000	  -0.00000	   4.82208	   4.82208	  35.06020
 46	 16	  -0.00000	  -0.00000	  -0.00000	   4.82208	   4.82208	  34.29643
 46	 15	  -0.00000	  -0.00000	  -0.00000	   4.82208	   4.82208	  33.59065
 46	 14	  -0.00000	  -0.00000	  -0.00000	   4.82208	   4.82208	  32.94723
 46	 13	  -0.00000	  -0.00000	  -0.00000	   4.82208	   4.82208	  32.37053
 46	 12	  -0.00000	  -0.00000	  -0.00000	   4.82208	   4.82208	  31.86484
 46	 11	  -0.00000	  -0.00000	  -0.00000	   4.82208	   4.82208	  31.43418
 46	 10	  -0.00000	  -0.00000	  -0.00000	   4.82208	   4.82208	  31.08227
 46	  9	  -0.00000	  -0.00000	  -0.00000	   4.82208	   4.82208	  30.81229
 46	  8	  -0.00000	  -0.00000	  -0.00000	   4.82208	   4.82208	  30.62681
 46	  7	  -0.00000	  -0.00000	  -0.00000	   4.83731	   4.83731	  30.54290
 46	  6	  -0.00000	  -0.00000	  -0.00000	   4.85530	   4.85530	  30.54908
 46	  5	  -0.00000	  -0.00000	  -0.00000	   4.87431	   4.87431	  30.64375
 46	  4	  -0.00000	  -0.00000	  -0.00000	   4.89230	   4.89230	  30.82408
 46	  3	  -0.00000	  -0.00000	  -0.00000	   4.90752	   4.90752	  31.08673
 46	  2	  -0.00000	  -0.00000	  -0.00000	   4.90752	   4.90752	  31.41685
 46	  1	  -0.00000	  -0.00000	  -0.00000	   4.90752	   4.90752	  31.82662

 47	 30	  -0.00000	  -0.00000	  -0.00000	   4.90752	   4.90752	  49.58462
 47	 29	  -0.00000	  -0.00000	  -0.00000	   4.90752	   4.90752	  48.40392
 47	 28	  -0.00000	  -0.00000	  -0.00000	   4.90752	   4.90752	  47.24344
 47	 27	  -0.00000	  -0.00000	  -0.00000	   4.90752	   4.90752	  46.10489
 47	 26	  -0.00000	  -0.00000	  -0.00000	   4.90752	   4.90752	  44.99015
 47	 25	  -0.00000	  -0.00000	  -0.00000	   4.90752	   4.90752	  43.90124
 47	 24	  -0.00000	  -0.00000	  -0.00000	   4.90752	   4.90752	  42.84040
 47	 23	  -0.00000	  -0.00000	  -0.00000	   4.90752	   4.90752	  41.81006
 47	 22	  -0.00000	  -0.00000	  -0.00000	   4.90752	   4.90752	  40.81282
 47	 21	  -0.00000	  -0.00000	  -0.00000	   4.90752	   4.90752	  39.85153
 47	 20	  -0.00000	  -0.00000	  -0.00000	   4.90752	   4.90752	  38.92924
 47	 19	  -0.00000	  -0.00000	  -0.00000	   4.90752	   4.90752	  38.04920
 47	 18	  -0.00000	  -0.00000	  -0.00000	   4.90752	   4.90752	  37.21486
 47	 17	  -0.00000	  -0.00000	  -0.00000	   4.90752	   4.90752	  36.42985
 47	 16	  -0.00000	  -0.00000	  -0.00000	   4.90752	   4.90752	  35.69795
 47	 15	  -0.00000	  -0.00000	  -0.00000	   4.90752	   4.90752	  35.02303
 47	 14	  -0.00000	  -0.00000	  -0.00000	   4.90752	   4.90752	  34.40900
 47	 13	  -0.00000	  -0.00000	  -0.00000	   4.90752	   4.90752	  33.85974
 47	 12	  -0.00000	  -0.00000	  -0.00000	   4.90752	   4.90752	  33.37899
 47	 11	  -0.00000	  -0.00000	  -0.00000	   4.90752	   4.90752	  32.97027
 47	 10	  -0.00000	  -0.00000	  -0.00000	   4.90752	   4.90752	  32.63677
 47	  9	  -0.00000	  -0.00000	  -0.00000	   4.90752	   4.90752	  32.38123
 47	  8	  -0.00000	  -0.00000	  -0.00000	   4.90752	   4.90752	  32.20583
 47	  7	  -0.00000	  -0.00000	  -0.00000	   4.90752	   4.90752	  32.11214
 47	  6	  -0.00000	  -0.00000	  -0.00000	   4.90752	   4.90752	  32.10099
 47	  5	  -0.00000	  -0.00000	  -0.00000	   4.90752	   4.90752	  32.17248
 47	  4	  -0.00000	  -0.00000	  -0.00000	   4.90752	   4.90752	  32.32597
 47	  3	  -0.00000	  -0.00000	  -0.00000	   4.90752	   4.90752	  32.56009
 47	  2	  -0.00000	  -0.00000	  -0.00000	   4.90752	   4.90752	  32.87282
 47	  1	  -0.00000	  -0.00000	  -0.00000	   4.90752	   4.90752	  33.26156

 48	 30	  -0.00000	  -0.00000	  -0.00000	   4.90752	   4.90752	  50.51297
 48	 29	  -0.00000	  -0.00000	  -0.00000	   4.90752	   4.90752	  49.35694
 48	 28	  -0.00000	  -0.00000	  -0.00000	   4.90752	   4.90752	  48.22200
 48	 27	  -0.00000	  -0.00000	  -0.00000	   4.90752	   4.90752	  47.10986
 48	 26	  -0.00000	  -0.00000	  -0.00000	   4.90752	   4.90752	  46.02237
 48	 25	  -0.00000	  -0.00000	  -0.00000	   4.90752	   4.90752	  44.96154
 48	 24	  -0.00000	  -0.00000	  -0.00000	   4.90752	   4.90752	  43.92953
 48	 23	  -0.00000	  -0.00000	  -0.00000	   4.90752	   4.90752	  42.92871
 48	 22	  -0.00000	  -0.00000	  -0.00000	   4.90752	   4.90752	  41.96159
 48	 21	  -0.00000	  -0.00000	  -0.00000	   4.90752	   4.90752	  41.03089
 48	 20	  -0.00000	  -0.00000	  -0.00000	   4.90752	   4.90752	  40.13948
 48	 19	  -0.00000	  -0.00000	  -0.00000	   4.90752	   4.90752	  39.29043
 48	 18	  -0.00000	  -0.00000	  -0.00000	   4.90752	   4.90752	  38.48695
 48	 17	  -0.00000	  -0.00000	  -0.00000	   4.90752	   4.90752	  37.73238
 48	 16	  -0.00000	  -0.00000	  -0.00000	   4.90752	   4.90752	  37.03017
 48	 15	  -0.00000	  -0.00000	  -0.00000	   4.90752	   4.90752	  36.38383
 48	 14	  -0.00000	  -0.00000	  -0.00000	   4.90752	   4.90752	  35.79686
 48	 13	  -0.00000	  -0.00000	  -0.00000	   4.90752	   4.90752	  35.27271
 48	 12	  -0.00000	  -0.00000	  -0.00000	   4.90752	   4.90752	  34.81468
 48	 11	  -0.00000	  -0.00000	  -0.00000	   4.90752	   4.90752	  34.42585
 48	 10	  -0.00000	  -0.00000	  -0.00000	   4.90752	   4.90752	  34.10897
 48	  9	  -0.00000	  -0.00000	  -0.00000	   4.90752	   4.90752	  33.86643
 48	  8	  -0.00000	  -0.00000	  -0.00000	   4.90752	   4.90752	  33.70008
 48	  7	  -0.00000	  -0.00000	  -0.00000	   4.90752	   4.90752	  33.61127
 48	  6	  -0.00000	  -0.00000	  -0.00000	   4.90752	   4.90752	  33.60070
 48	  5	  -0.00000	  -0.00000	  -0.00000	   4.90752	   4.90752	  33.66846
 48	  4	  -0.00000	  -0.00000	  -0.00000	   4.90752	   4.90752	  33.81401
 48	  3	  -0.00000	  -0.00000	  -0.00000	   4.90752	   4.90752	  34.03618
 48	  2	  -0.00000	  -0.00000	  -0.00000	   4.90752	   4.90752	  34.33322
 48	  1	  -0.00000	  -0.00000	  -0.00000	   4.90752	   4.90752	  34.70291

 49	 30	   0.00000	  -0.00000	   0.00000	   4.90752	   4.90752	  51.47114
 49	 29	   0.00000	  -0.00000	   0.00000	   4.90752	   4.90752	  50.33950
 49	 28	  -0.00000	  -0.00000	  -0.00000	   4.90752	   4.90752	  49.22973
 49	 27	  -0.00000	  -0.00000	  -0.00000	   4.90752	   4.90752	  48.14352
 49	 26	  -0.00000	  -0.00000	  -0.00000	   4.90752	   4.90752	  47.08269
 49	 25	  -0.00000	  -0.00000	  -0.00000	   4.90752	   4.90752	  46.04920
 49	 24	  -0.00000	  -0.00000	  -0.00000	   4.90752	   4.90752	  45.04518
 49	 23	  -0.00000	  -0.00000	  -0.00000	   4.90752	   4.90752	  44.07287
 49	 22	  -0.00000	  -0.00000	  -0.00000	   4.90752	   4.90752	  43.13471
 49	 21	  -0.00000	  -0.00000	  -0.00000	   4.90752	   4.90752	  42.23327
 49	 20	  -0.00000	  -0.00000	  -0.00000	   4.90752	   4.90752	  41.37127
 49	 19	  -0.00000	  -0.00000	  -0.00000	   4.90752	   4.90752	  40.55157
 49	 18	  -0.00000	  -0.00000	  -0.00000	   4.90752	   4.90752	  39.77716
 49	 17	  -0.00000	  -0.00000	  -0.00000	   4.90752	   4.90752	  39.05112
 49	 16	  -0.00000	  -0.00000	  -0.00000	   4.90752	   4.90752	  38.37659
 49	 15	  -0.00000	  -0.00000	  -0.00000	   4.90752	   4.90752	  37.75675
 49	 14	  -0.00000	  -0.00000	  -0.00000	   4.90752	   4.90752	  37.19475
 49	 13	  -0.00000	  -0.00000	  -0.00000	   4.90752	   4.90752	  36.69366
 49	 12	  -0.00000	  -0.00000	  -0.00000	   4.90752	   4.90752	  36.25640
 49	 11	  -0.00000	  -0.00000	  -0.00000	   4.90752	   4.90752	  35.88566
 49	 10	  -0.00000	  -0.00000	  -0.00000	   4.90752	   4.90752	  35.58388
 49	  9	  -0.00000	  -0.00000	  -0.00000	   4.90752	   4.90752	  35.35308
 49	  8	  -0.00000	  -0.00000	  -0.00000	   4.90752	   4.90752	  35.19490
 49	  7	  -0.00000	  -0.00000	  -0.00000	   4.90752	   4.90752	  35.11048
 49	  6	  -0.00000	  -0.00000	  -0.00000	   4.90752	   4.90752	  35.10044
 49	  5	  -0.00000	  -0.00000	  -0.00000	   4.90752	   4.90752	  35.16484
 49	  4	  -0.00000	  -0.00000	  -0.00000	   4.90752	   4.90752	  35.30323
 49	  3	  -0.00000	  -0.00000	  -0.00000	   4.90752	   4.90752	  35.51459
 49	  2	   0.00000	  -0.00000	   0.00000	   4.90752	   4.90752	  35.79742
 49	  1	   0.00000	  -0.00000	   0.00000	   4.90752	   4.90752	  36.14979

 50	 30	   0.00000	  -0.00000	   0.00000	   4.90752	   4.90752	  52.45734
 50	 29	   0.00000	  -0.00000	   0.00000	   4.90752	   4.90752	  51.34972
 50	 28	   0.00000	  -0.00000	   0.00000	   4.90752	   4.90752	  50.26468
 50	 27	  -0.00000	  -0.00000	  -0.00000	   4.90752	   4.90752	  49.20385
 50	 26	  -0.00000	  -0.00000	  -0.00000	   4.90752	   4.90752	  48.16903
 50	 25	  -0.00000	  -0.00000	  -0.00000	   4.90752	   4.90752	  47.16213
 50	 24	  -0.00000	  -0.00000	  -0.00000	   4.90752	   4.90752	  46.18518
 50	 23	  -0.00000	  -0.00000	  -0.00000	   4.90752	   4.90752	  45.24037
 50	 22	  -0.00000	  -0.00000	  -0.00000	   4.90752	   4.90752	  44.33000
 50	 21	  -0.00000	  -0.00000	  -0.00000	   4.90752	   4.90752	  43.45652
 50	 20	  -0.00000	  -0.00000	  -0.00000	   4.90752	   4.90752	  42.62249
 50	 19	  -0.00000	  -0.00000	  -0.00000	   4.90752	   4.90752	  41.83058
 50	 18	  -0.00000	  -0.00000	  -0.00000	   4.90752	   4.90752	  41.08356
 50	 17	  -0.00000	  -0.00000	  -0.00000	   4.90752	   4.90752	  40.38426
 50	 16	  -0.00000	  -0.00000	  -0.00000	   4.90752	   4.90752	  39.73556
 50	 15	  -0.00000	  -0.00000	  -0.00000	   4.90752	   4.90752	  39.14034
 50	 14	  -0.00000	  -0.00000	  -0.00000	   4.90752	   4.90752	  38.60142
 50	 13	  -0.00000	  -0.00000	  -0.00000	   4.90752	   4.90752	  38.12156
 50	 12	  -0.00000	  -0.00000	  -0.00000	   4.90752	   4.90752	  37.70334
 50	 11	  -0.00000	  -0.00000	  -0.00000	   4.90752	   4.90752	  37.34915
 50	 10	  -0.00000	  -0.00000	  -0.00000	   4.90752	   4.90752	  37.06110
 50	  9	  -0.00000	  -0.00000	  -0.00000	   4.90752	   4.90752	  36.84098
 50	  8	  -0.00000	  -0.00000	  -0.00000	   4.90752	   4.90752	  36.69021
 50	  7	  -0.00000	  -0.00000	  -0.00000	   4.90752	   4.90752	  36.60977
 50	  6	  -0.00000	  -0.00000	  -0.00000	   4.90752	   4.90752	  36.60020
 50	  5	  -0.00000	  -0.00000	  -0.00000	   4.90752	   4.90752	  36.66157
 50	  4	  -0.00000	  -0.00000	  -0.00000	   4.90752	   4.90752	  36.79346
 50	  3	   0.00000	  -0.00000	   0.00000	   4.90752	   4.90752	  36.99500
 50	  2	   0.00000	  -0.00000	   0.00000	   4.90752	   4.90752	  37.26489
 50	  1	   0.00000	  -0.00000	   0.00000	   4.90752	   4.90752	  37.60145

 51	 30	   0.00000	  -0.00000	   0.00000	   4.90752	   4.90752	  53.46984
 51	 29	   0.00000	  -0.00000	   0.00000	   4.90752	   4.90752	  52.38585
 51	 28	   0.00000	  -0.00000	   0.00000	   4.90752	   4.90752	  51.32503
 51	 27	   0.00000	  -0.00000	   0.00000	   4.90752	   4.90752	  50.28900
 51	 26	   0.00000	  -0.00000	   0.00000	   4.90752	   4.90752	  49.27950
 51	 25	  -0.00000	  -0.00000	  -0.00000	   4.90752	   4.90752	  48.29837
 51	 24	  -0.00000	  -0.00000	  -0.00000	   4.90752	   4.90752	  47.34758
 51	 23	  -0.00000	  -0.00000	  -0.00000	   4.90752	   4.90752	  46.42923
 51	 22	  -0.00000	  -0.00000	  -0.00000	   4.90752	   4.90752	  45.54551
 51	 21	  -0.00000	  -0.00000	  -0.00000	   4.90752	   4.90752	  44.69872
 51	 20	  -0.00000	  -0.00000	  -0.00000	   4.90752	   4.90752	  43.89127
 51	 19	  -0.00000	  -0.00000	  -0.00000	   4.90752	   4.90752	  43.12566
 51	 18	  -0.00000	  -0.00000	  -0.00000	   4.90752	   4.90752	  42.40445
 51	 17	  -0.00000	  -0.00000	  -0.00000	   4.90752	   4.90752	  41.73024
 51	 16	  -0.00000	  -0.00000	  -0.00000	   4.90752	   4.90752	  41.10567
 51	 15	  -0.00000	  -0.00000	  -0.00000	   4.90752	   4.90752	  40.53335
 51	 14	  -0.00000	  -0.00000	  -0.00000	   4.90752	   4.90752	  40.01582
 51	 13	  -0.00000	  -0.00000	  -0.00000	   4.90752	   4.90752	  39.55555
 51	 12	  -0.00000	  -0.00000	  -0.00000	   4.90752	   4.90752	  39.15485
 51	 11	  -0.00000	  -0.00000	  -0.00000	   4.90752	   4.90752	  38.81582
 51	 10	  -0.00000	  -0.00000	  -0.00000	   4.90752	   4.90752	  38.54034
 51	  9	  -0.00000	  -0.00000	  -0.00000	   4.90752	   4.90752	  38.32997
 51	  8	  -0.00000	  -0.00000	  -0.00000	   4.90752	   4.90752	  38.18594
 51	  7	  -0.00000	  -0.00000	  -0.00000	   4.90752	   4.90752	  38.10913
 51	  6	  -0.00000	  -0.00000	  -0.00000	   4.90752	   4.90752	  38.09999
 51	  5	   0.00000	  -0.00000	   0.00000	   4.90752	   4.90752	  38.15859
 51	  4	   0.00000	  -0.00000	   0.00000	   4.90752	   4.90752	  38.28456
 51	  3	   0.00000	  -0.00000	   0.00000	   4.90752	   4.90752	  38.47715
 51	  2	   0.00000	  -0.00000	   0.00000	   4.90752	   4.90752	  38.73522
 51	  1	   0.00000	  -0.00000	   0.00000	   4.90752	   4.90752	  39.05729

 52	 30	   0.00000	  -0.00000	   0.00000	   4.90752	   4.90752	  54.50704
 52	 29	   0.00000	  -0.00000	   0.00000	   4.90752	   4.90752	  53.44623
 52	 28	   0.00000	  -0.00000	   0.00000	   4.90752	   4.90752	  52.40909
 52	 27	   0.00000	  -0.00000	   0.00000	   4.90752	   4.90752	  51.39723
 52	 26	   0.00000	  -0.00000	   0.00000	   4.90752	   4.90752	  50.41231
 52	 25	   0.00000	  -0.00000	   0.00000	   4.90752	   4.90752	  49.45614
 52	 24	   0.00000	  -0.00000	   0.00000	   4.90752	   4.90752	  48.53060
 52	 23	   0.00000	  -0.00000	   0.00000	   4.90752	   4.90752	  47.63768
 52	 22	  -0.00000	  -0.00000	  -0.00000	   4.90752	   4.90752	  46.77946
 52	 21	  -0.00000	  -0.00000	  -0.00000	   4.90752	   4.90752	  45.95814
 52	 20	  -0.00000	  -0.00000	  -0.00000	   4.90752	   4.90752	  45.17595
 52	 19	  -0.00000	  -0.00000	  -0.00000	   4.90752	   4.90752	  44.43523
 52	 18	  -0.00000	  -0.00000	  -0.00000	   4.90752	   4.90752	  43.73835
 52	 17	  -0.00000	  -0.00000	  -0.00000	   4.90752	   4.90752	  43.08771
 52	 16	  -0.00000	  -0.00000	  -0.00000	   4.90752	   4.90752	  42.48571
 52	 15	  -0.00000	  -0.00000	  -0.00000	   4.90752	   4.90752	  41.93472
 52	 14	  -0.00000	  -0.00000	  -0.00000	   4.90752	   4.90752	  41.43705
 52	 13	  -0.00000	  -0.00000	  -0.00000	   4.90752	   4.90752	  40.99492
 52	 12	  -0.00000	  -0.00000	  -0.00000	   4.90752	   4.90752	  40.61037
 52	 11	  -0.00000	  -0.00000	  -0.00000	   4.90752	   4.90752	  40.28529
 52	 10	  -0.00000	  -0.00000	  -0.00000	   4.90752	   4.90752	  40.02134
 52	  9	  -0.00000	  -0.00000	  -0.00000	   4.90752	   4.90752	  39.81989
 52	  8	   0.00000	  -0.00000	   0.00000	   4.90752	   4.90752	  39.68204
 52	  7	   0.00000	  -0.00000	   0.00000	   4.90752	   4.90752	  39.60854
 52	  6	   0.00000	  -0.00000	   0.00000	   4.90752	   4.90752	  39.59979
 52	  5	   0.00000	  -0.00000	   0.00000	   4.90752	   4.90752	  39.65586
 52	  4	   0.00000	  -0.00000	   0.00000	   4.90752	   4.90752	  39.77643
 52	  3	   0.00000	  -0.00000	   0.00000	   4.90752	   4.90752	  39.96082
 52	  2	   0.00000	  -0.00000	   0.00000	   4.90752	   4.90752	  40.20805
 52	  1	   0.00000	  -0.00000	   0.00000	   4.90752	   4.90752	  40.51680

 53	 30	   0.00000	  -0.00000	   0.00000	   4.90752	   4.90752	  55.56743
 53	 29	   0.00000	  -0.00000	   0.00000	   4.90752	   4.90752	  54.52929
 53	 28	   0.00000	  -0.00000	   0.00000	   4.90752	   4.90752	  53.51527
 53	 27	   0.00000	  -0.00000	   0.00000	   4.90752	   4.90752	  52.52691
 53	 26	   0.00000	  -0.00000	   0.00000	   4.90752	   4.90752	  51.56585
 53	 25	   0.00000	  -0.00000	   0.00000	   4.90752	   4.90752	  50.63381
 53	 24	   0.00000	  -0.00000	   0.00000	   4.90752	   4.90752	  49.73259
 53	 23	   0.00000	  -0.00000	   0.00000	   4.90752	   4.90752	  48.86409
 53	 22	   0.00000	  -0.00000	   0.00000	   4.90752	   4.90752	  48.03029
 53	 21	   0.00000	  -0.00000	   0.00000	   4.90752	   4.90752	  47.23324
 53	 20	   0.00000	  -0.00000	   0.00000	   4.90752	   4.90752	  46.47506
 53	 19	   0.00000	  -0.00000	   0.00000	   4.90752	   4.90752	  45.75790
 53	 18	   0.00000	  -0.00000	   0.00000	   4.90752	   4.90752	  45.08397
 53	 17	  -0.00000	  -0.00000	  -0.00000	   4.90752	   4.90752	  44.45547
 53	 16	  -0.00000	  -0.00000	  -0.00000	   4.90752	   4.90752	  43.87461
 53	 15	  -0.00000	  -0.00000	  -0.00000	   4.90752	   4.90752	  43.34353
 53	 14	  -0.00000	  -0.00000	  -0.00000	   4.90752	   4.90752	  42.86435
 53	 13	   0.00000	  -0.00000	   0.00000	   4.90752	   4.90752	  42.43903
 53	 12	   0.00000	  -0.00000	   0.00000	   4.90752	   4.90752	  42.06943
 53	 11	   0.00000	  -0.00000	   0.00000	   4.90752	   4.90752	  41.75723
 53	 10	   0.00000	  -0.00000	   0.00000	   4.90752	   4.90752	  41.50389
 53	  9	   0.00000	  -0.00000	   0.00000	   4.90752	   4.90752	  41.31065
 53	  8	   0.00000	  -0.00000	   0.00000	   4.90752	   4.90752	  41.17846
 53	  7	   0.00000	  -0.00000	   0.00000	   4.90752	   4.90752	  41.10799
 53	  6	   0.00000	  -0.00000	   0.00000	   4.90752	   4.90752	  41.09961
 53	  5	   0.00000	  -0.00000	   0.00000	   4.90752	   4.90752	  41.15336
 53	  4	   0.00000	  -0.00000	   0.00000	   4.90752	   4.90752	  41.26896
 53	  3	   0.00000	  -0.00000	   0.00000	   4.90752	   4.90752	  41.44583
 53	  2	   0.00000	  -0.00000	   0.00000	   4.90752	   4.90752	  41.68307
 53	  1	   0.00000	  -0.00000	   0.00000	   4.90752	   4.90752	  41.97954

 54	 30	   0.00000	  -0.00000	   0.00000	   4.90752	   4.90752	  56.64958
 54	 29	   0.00000	  -0.00000	   0.00000	   4.90752	   4.90752	  55.63359
 54	 28	   0.00000	  -0.00000	   0.00000	   4.90752	   4.90752	  54.64209
 54	 27	   0.00000	  -0.00000	   0.00000	   4.90752	   4.90752	  53.67657
 54	 26	   0.00000	  -0.00000	   0.00000	   4.90752	   4.90752	  52.73862
 54	 25	   0.00000	  -0.00000	   0.00000	   4.90752	   4.90752	  51.82987
 54	 24	   0.00000	  -0.00000	   0.00000	   4.90752	   4.90752	  50.95207
 54	 23	   0.00000	  -0.00000	   0.00000	   4.90752	   4.90752	  50.10701
 54	 22	   0.00000	  -0.00000	   0.00000	   4.90752	   4.90752	  49.29657
 54	 21	   0.00000	  -0.00000	   0.00000	   4.90752	   4.90752	  48.52266
 54	 20	   0.00000	  -0.00000	   0.00000	   4.90752	   4.90752	  47.78728
 54	 19	   0.00000	  -0.00000	   0.00000	   4.90752	   4.90752	  47.09244
 54	 18	   0.00000	  -0.00000	   0.00000	   4.90752	   4.90752	  46.44017
 54	 17	   0.00000	  -0.00000	   0.00000	   4.90752	   4.90752	  45.83250
 54	 16	   0.00000	  -0.00000	   0.00000	   4.90752	   4.90752	  45.27146
 54	 15	   0.00000	  -0.00000	   0.00000	   4.90752	   4.90752	  44.75901
 54	 14	   0.00000	  -0.00000	   0.00000	   4.90752	   4.90752	  44.29704
 54	 13	   0.00000	  -0.00000	   0.00000	   4.90752	   4.90752	  43.88736
 54	 12	   0.00000	  -0.00000	   0.00000	   4.90752	   4.90752	  43.53162
 54	 11	   0.00000	  -0.00000	   0.00000	   4.90752	   4.90752	  43.23133
 54	 10	   0.00000	  -0.00000	   0.00000	   4.90752	   4.90752	  42.98780
 54	  9	   0.00000	  -0.00000	   0.00000	   4.90752	   4.90752	  42.80213
 54	  8	   0.00000	  -0.00000	   0.00000	   4.90752	   4.90752	  42.67516
 54	  7	   0.00000	  -0.00000	   0.00000	   4.90752	   4.90752	  42.60750
 54	  6	   0.00000	  -0.00000	   0.00000	   4.90752	   4.90752	  42.59945
 54	  5	   0.00000	  -0.00000	   0.00000	   4.90752	   4.90752	  42.65106
 54	  4	   0.00000	  -0.00000	   0.00000	   4.90752	   4.90752	  42.76209
 54	  3	   0.00000	  -0.00000	   0.00000	   4.90752	   4.90752	  42.93201
 54	  2	   0.00000	  -0.00000	   0.00000	   4.90752	   4.90752	  43.16004
 54	  1	   0.00000	  -0.00000	   0.00000	   4.90752	   4.90752	  43.44514

 55	 30	   0.00000	  -0.00000	   0.00000	   4.90752	   4.90752	  57.75214
 55	 29	   0.00000	  -0.00000	   0.00000	   4.90752	   4.90752	  56.75776
 55	 28	   0.00000	  -0.00000	   0.00000	   4.90752	   4.90752	  55.78817
 55	 27	   0.00000	  -0.00000	   0.00000	   4.90752	   4.90752	  54.84482
 55	 26	   0.00000	  -0.00000	   0.00000	   4.90752	   4.90752	  53.92923
 55	 25	   0.00000	  -0.00000	   0.00000	   4.90752	   4.90752	  53.04297
 55	 24	   0.00000	  -0.00000	   0.00000	   4.90752	   4.90752	  52.18769
 55	 23	   0.00000	  -0.00000	   0.00000	   4.90752	   4.90752	  51.36511
 55	 22	   0.00000	  -0.00000	   0.00000	   4.90752	   4.90752	  50.57700
 55	 21	   0.00000	  -0.00000	   0.00000	   4.90752	   4.90752	  49.82516
 55	 20	   0.00000	  -0.00000	   0.00000	   4.90752	   4.90752	  49.11146
 55	 19	   0.00000	  -0.00000	   0.00000	   4.90752	   4.90752	  48.43776
 55	 18	   0.00000	  -0.00000	   0.00000	   4.90752	   4.90752	  47.80594
 55	 17	   0.00000	  -0.00000	   0.00000	   4.90752	   4.90752	  47.21790
 55	 16	   0.00000	  -0.00000	   0.00000	   4.90752	   4.90752	  46.67547
 55	 15	   0.00000	  -0.00000	   0.00000	   4.90752	   4.90752	  46.18045
 55	 14	   0.00000	  -0.00000	   0.00000	   4.90752	   4.90752	  45.73457
 55	 13	   0.00000	  -0.00000	   0.00000	   4.90752	   4.90752	  45.33946
 55	 12	   0.00000	  -0.00000	   0.00000	   4.90752	   4.90752	  44.99661
 55	 11	   0.00000	  -0.00000	   0.00000	   4.90752	   4.90752	  44.70738
 55	 10	   0.00000	  -0.00000	   0.00000	   4.90752	   4.90752	  44.47293
 55	  9	   0.00000	  -0.00000	   0.00000	   4.90752	   4.90752	  44.29426
 55	  8	   0.00000	  -0.00000	   0.00000	   4.90752	   4.90752	  44.17212
 55	  7	   0.00000	  -0.00000	   0.00000	   4.90752	   4.90752	  44.10704
 55	  6	   0.00000	  -0.00000	   0.00000	   4.90752	   4.90752	  44.09930
 55	  5	   0.00000	  -0.00000	   0.00000	   4.90752	   4.90752	  44.14894
 55	  4	   0.00000	  -0.00000	   0.00000	   4.90752	   4.90752	  44.25574
 55	  3	   0.00000	  -0.00000	   0.00000	   4.90752	   4.90752	  44.41923
 55	  2	   0.00000	  -0.00000	   0.00000	   4.90752	   4.90752	  44.63873
 55	  1	   0.00000	  -0.00000	   0.00000	   4.90752	   4.90752	  44.91330

 56	 30	   0.00000	  -0.00000	   0.00000	   4.90752	   4.90752	  58.87388
 56	 29	   0.00000	  -0.00000	   0.00000	   4.90752	   4.90752	  57.90055
 56	 28	   0.00000	  -0.00000	   0.00000	   4.90752	   4.90752	  56.95226
 56	 27	   0.00000	  -0.00000	   0.00000	   4.90752	   4.90752	  56.03039
 56	 26	   0.00000	  -0.00000	   0.00000	   4.90752	   4.90752	  55.13641
 56	 25	   0.00000	  -0.00000	   0.00000	   4.90752	   4.90752	  54.27183
 56	 24	   0.00000	  -0.00000	   0.00000	   4.90752	   4.90752	  53.43821
 56	 23	   0.00000	  -0.00000	   0.00000	   4.90752	   4.90752	  52.63719
 56	 22	   0.00000	  -0.00000	   0.00000	   4.90752	   4.90752	  51.87043
 56	 21	   0.00000	  -0.00000	   0.00000	   4.90752	   4.90752	  51.13964
 56	 20	   0.00000	  -0.00000	   0.00000	   4.90752	   4.90752	  50.44653
 56	 19	   0.00000	  -0.00000	   0.00000	   4.90752	   4.90752	  49.79288
 56	 18	   0.00000	  -0.00000	   0.00000	   4.90752	   4.90752	  49.18041
 56	 17	   0.00000	  -0.00000	   0.00000	   4.90752	   4.90752	  48.61086
 56	 16	   0.00000	  -0.00000	   0.00000	   4.90752	   4.90752	  48.08593
 56	 15	   0.00000	  -0.00000	   0.00000	   4.90752	   4.90752	  47.60727
 56	 14	   0.00000	  -0.00000	   0.00000	   4.90752	   4.90752	  47.17645
 56	 13	   0.00000	  -0.00000	   0.00000	   4.90752	   4.90752	  46.79494
 56	 12	   0.00000	  -0.00000	   0.00000	   4.90752	   4.90752	  46.46410
 56	 11	   0.00000	  -0.00000	   0.00000	   4.90752	   4.90752	  46.18514
 56	 10	   0.00000	  -0.00000	   0.00000	   4.90752	   4.90752	  45.95914
 56	  9	   0.00000	  -0.00000	   0.00000	   4.90752	   4.90752	  45.78697
 56	  8	   0.00000	  -0.00000	   0.00000	   4.90752	   4.90752	  45.66930
 56	  7	   0.00000	  -0.00000	   0.00000	   4.90752	   4.90752	  45.60661
 56	  6	   0.00000	  -0.00000	   0.00000	   4.90752	   4.90752	  45.59916
 56	  5	   0.00000	  -0.00000	   0.00000	   4.90752	   4.90752	  45.64697
 56	  4	   0.00000	  -0.00000	   0.00000	   4.90752	   4.90752	  45.74985
 56	  3	   0.00000	  -0.00000	   0.00000	   4.90752	   4.90752	  45.90739
 56	  2	   0.00000	  -0.00000	   0.00000	   4.90752	   4.90752	  46.11896
 56	  1	   0.00000	  -0.00000	   0.00000	   4.90752	   4.90752	  46.38373

 57	 30	   0.00000	  -0.00000	   0.00000	   4.90752	   4.90752	  60.01362
 57	 29	   0.00000	  -0.00000	   0.00000	   4.90752	   4.90752	  59.06078
 57	 28	   0.00000	  -0.00000	   0.00000	   4.90752	   4.90752	  58.13316
 57	 27	   0.00000	  -0.00000	   0.00000	   4.90752	   4.90752	  57.23210
 57	 26	   0.00000	  -0.00000	   0.00000	   4.90752	   4.90752	  56.35901
 57	 25	   0.00000	  -0.00000	   0.00000	   4.90752	   4.90752	  55.51531
 57	 24	   0.00000	  -0.00000	   0.00000	   4.90752	   4.90752	  54.70252
 57	 23	   0.00000	  -0.00000	   0.00000	   4.90752	   4.90752	  53.92217
 57	 22	   0.00000	  -0.00000	   0.00000	   4.90752	   4.90752	  53.17582
 57	 21	   0.00000	  -0.00000	   0.00000	   4.90752	   4.90752	  52.46509
 57	 20	   0.00000	  -0.00000	   0.00000	   4.90752	   4.90752	  51.79159
 57	 19	   0.00000	  -0.00000	   0.00000	   4.90752	   4.90752	  51.15694
 57	 18	   0.00000	  -0.00000	   0.00000	   4.90752	   4.90752	  50.56278
 57	 17	   0.00000	  -0.00000	   0.00000	   4.90752	   4.90752	  50.01069
 57	 16	   0.00000	  -0.00000	   0.00000	   4.90752	   4.90752	  49.50224
 57	 15	   0.00000	  -0.00000	   0.00000	   4.90752	   4.90752	  49.03894
 57	 14	   0.00000	  -0.00000	   0.00000	   4.90752	   4.90752	  48.62223
 57	 13	   0.00000	  -0.00000	   0.00000	   4.90752	   4.90752	  48.25345
 57	 12	   0.00000	  -0.00000	   0.00000	   4.90752	   4.90752	  47.93382
 57	 11	   0.00000	  -0.00000	   0.00000	   4.90752	   4.90752	  47.66446
 57	 10	   0.00000	  -0.00000	   0.00000	   4.90752	   4.90752	  47.44632
 57	  9	   0.00000	  -0.00000	   0.00000	   4.90752	   4.90752	  47.28019
 57	  8	   0.00000	  -0.00000	   0.00000	   4.90752	   4.90752	  47.16668
 57	  7	   0.00000	  -0.00000	   0.00000	   4.90752	   4.90752	  47.10621
 57	  6	   0.00000	  -0.00000	   0.00000	   4.90752	   4.90752	  47.09902
 57	  5	   0.00000	  -0.00000	   0.00000	   4.90752	   4.90752	  47.14514
 57	  4	   0.00000	  -0.00000	   0.00000	   4.90752	   4.90752	  47.24438
 57	  3	   0.00000	  -0.00000	   0.00000	   4.90752	   4.90752	  47.39638
 57	  2	   0.00000	  -0.00000	   0.00000	   4.90752	   4.90752	  47.60057
 57	  1	   0.00000	  -0.00000	   0.00000	   4.90752	   4.90752	  47.85621

 58	 30	   0.00000	  -0.00000	   0.00000	   4.90752	   4.90752	  61.17026
 58	 29	   0.00000	  -0.00000	   0.00000	   4.90752	   4.90752	  60.23734
 58	 28	   0.00000	  -0.00000	   0.00000	   4.90752	   4.90752	  59.32978
 58	 27	   0.00000	  -0.00000	   0.00000	   4.90752	   4.90752	  58.44887
 58	 26	   0.00000	  -0.00000	   0.00000	   4.90752	   4.90752	  57.59594
 58	 25	   0.00000	  -0.00000	   0.00000	   4.90752	   4.90752	  56.77237
 58	 24	   0.00000	  -0.00000	   0.00000	   4.90752	   4.90752	  55.97959
 58	 23	   0.00000	  -0.00000	   0.00000	   4.90752	   4.90752	  55.21904
 58	 22	   0.00000	  -0.00000	   0.00000	   4.90752	   4.90752	  54.49222
 58	 21	   0.00000	  -0.00000	   0.00000	   4.90752	   4.90752	  53.80063
 58	 20	   0.00000	  -0.00000	   0.00000	   4.90752	   4.90752	  53.14578
 58	 19	   0.00000	  -0.00000	   0.00000	   4.90752	   4.90752	  52.52918
 58	 18	   0.00000	  -0.00000	   0.00000	   4.90752	   4.90752	  51.95235
 58	 17	   0.00000	  -0.00000	   0.00000	   4.90752	   4.90752	  51.41676
 58	 16	   0.00000	  -0.00000	   0.00000	   4.90752	   4.90752	  50.92386
 58	 15	   0.00000	  -0.00000	   0.00000	   4.90752	   4.90752	  50.47501
 58	 14	   0.00000	  -0.00000	   0.00000	   4.90752	   4.90752	  50.07155
 58	 13	   0.00000	  -0.00000	   0.00000	   4.90752	   4.90752	  49.71470
 58	 12	   0.00000	  -0.00000	   0.00000	   4.90752	   4.90752	  49.40557
 58	 11	   0.00000	  -0.00000	   0.00000	   4.90752	   4.90752	  49.14517
 58	 10	   0.00000	  -0.00000	   0.00000	   4.90752	   4.90752	  48.93437
 58	  9	   0.00000	  -0.00000	   0.00000	   4.90752	   4.90752	  48.77387
 58	  8	   0.00000	  -0.00000	   0.00000	   4.90752	   4.90752	  48.66424
 58	  7	   0.00000	  -0.00000	   0.00000	   4.90752	   4.90752	  48.60584
 58	  6	   0.00000	  -0.00000	   0.00000	   4.90752	   4.90752	  48.59890
 58	  5	   0.00000	  -0.00000	   0.00000	   4.90752	   4.90752	  48.64344
 58	  4	   0.00000	  -0.00000	   0.00000	   4.90752	   4.90752	  48.73929
 58	  3	   0.00000	  -0.00000	   0.00000	   4.90752	   4.90752	  48.88612
 58	  2	   0.00000	  -0.00000	   0.00000	   4.90752	   4.90752	  49.08342
 58	  1	   0.00000	  -0.00000	   0.00000	   4.90752	   4.90752	  49.33053

 59	 30	   0.00000	  -0.00000	   0.00000	   4.90752	   4.90752	  62.34278
 59	 29	   0.00000	  -0.00000	   0.00000	   4.90752	   4.90752	  61.42922
 59	 28	   0.00000	  -0.00000	   0.00000	   4.90752	   4.90752	  60.54111
 59	 27	   0.00000	  -0.00000	   0.00000	   4.90752	   4.90752	  59.67968
 59	 26	   0.00000	  -0.00000	   0.00000	   4.90752	   4.90752	  58.84622
 59	 25	   0.00000	  -0.00000	   0.00000	   4.90752	   4.90752	  58.04203
 59	 24	   0.00000	  -0.00000	   0.00000	   4.90752	   4.90752	  57.26848
 59	 23	   0.00000	  -0.00000	   0.00000	   4.90752	   4.90752	  56.52693
 59	 22	   0.00000	  -0.00000	   0.00000	   4.90752	   4.90752	  55.81878
 59	 21	   0.00000	  -0.00000	   0.00000	   4.90752	   4.90752	  55.14545
 59	 20	   0.00000	  -0.00000	   0.00000	   4.90752	   4.90752	  54.50836
 59	 19	   0.00000	  -0.00000	   0.00000	   4.90752	   4.90752	  53.90892
 59	 18	   0.00000	  -0.00000	   0.00000	   4.90752	   4.90752	  53.34852
 59	 17	   0.00000	  -0.00000	   0.00000	   4.90752	   4.90752	  52.82853
 59	 16	   0.00000	  -0.00000	   0.00000	   4.90752	   4.90752	  52.35030
 59	 15	   0.00000	  -0.00000	   0.00000	   4.90752	   4.90752	  51.91508
 59	 14	   0.00000	  -0.00000	   0.00000	   4.90752	   4.90752	  51.52408
 59	 13	   0.00000	  -0.00000	   0.00000	   4.90752	   4.90752	  51.17843
 59	 12	   0.00000	  -0.00000	   0.00000	   4.90752	   4.90752	  50.87915
 59	 11	   0.00000	  -0.00000	   0.00000	   4.90752	   4.90752	  50.62714
 59	 10	   0.00000	  -0.00000	   0.00000	   4.90752	   4.90752	  50.42320
 59	  9	   0.00000	  -0.00000	   0.00000	   4.90752	   4.90752	  50.26797
 59	  8	   0.00000	  -0.00000	   0.00000	   4.90752	   4.90752	  50.16196
 59	  7	   0.00000	  -0.00000	   0.00000	   4.90752	   4.90752	  50.10550
 59	  6	   0.00000	  -0.00000	   0.00000	   4.90752	   4.90752	  50.09879
 59	  5	   0.00000	  -0.00000	   0.00000	   4.90752	   4.90752	  50.14185
 59	  4	   0.00000	  -0.00000	   0.00000	   4.90752	   4.90752	  50.23453
 59	  3	   0.00000	  -0.00000	   0.00000	   4.90752	   4.90752	  50.37653
 59	  2	   0.00000	  -0.00000	   0.00000	   4.90752	   4.90752	  50.56740
 59	  1	   0.00000	  -0.00000	   0.00000	   4.90752	   4.90752	  50.80651

