#X	Y	Miss	Anxiety	ExploreH	ExploreP	Sum	Stress
  0	 30	   0.00000	  -0.00000	   0.00000	   2.15867	   2.15867	  56.40903
  0	 29	   0.00000	  -0.00000	   0.00000	   2.15867	   2.15867	  55.80296
  0	 28	   0.00000	  -0.00000	   0.00000	   2.15867	   2.15867	  55.23238
  0	 27	   0.00000	  -0.00000	   0.00000	   2.15867	   2.15867	  54.69844
  0	 26	   0.00000	  -0.00000	   0.00000	   2.15867	   2.15867	  54.20227
  0	 25	   0.00000	  -0.00000	   0.00000	   2.15867	   2.15867	  53.74496
  0	 24	   0.00000	  -0.00000	   0.00000	   2.15867	   2.15867	  53.32755
  0	 23	   0.00000	   0.00000	   0.00000	   2.15867	   2.15867	  52.95102
  0	 22	   0.00000	   0.00000	   0.00000	   2.15867	   2.15867	  52.61629
  0	 21	   0.00000	   0.00000	   0.00000	   2.15867	   2.15867	  52.32420
  0	 20	   0.00000	   0.00000	   0.00000	   2.15867	   2.15867	  52.07550
  0	 19	   0.00000	   0.00000	   0.00000	   2.15867	   2.15867	  51.87083
  0	 18	   0.00000	   0.00000	   0.00000	   2.15867	   2.15867	  51.71074
  0	 17	   0.00000	   0.00000	   0.00000	   2.15867	   2.15867	  51.59566
  0	 16	   0.00000	   0.00000	   0.00000	   2.15867	   2.15867	  51.52592
  0	 15	   0.00000	   0.00000	   0.00000	   2.15867	   2.15867	  51.50169
  0	 14	   0.00000	   0.00000	   0.00000	   2.15867	   2.15867	  51.52306
  0	 13	   0.00000	   0.00000	   0.00000	   2.15867	   2.15867	  51.58995
  0	 12	   0.00000	   0.00000	   0.00000	   2.15867	   2.15867	  51.70219
  0	 11	   0.00000	   0.00000	   0.00000	   2.15867	   2.15867	  51.85947
  0	 10	   0.00000	   0.00000	   0.00000	   2.15867	   2.15867	  52.06135
  0	  9	   0.00000	   0.00000	   0.00000	   2.15867	   2.15867	  52.30732
  0	  8	   0.00000	   0.00000	   0.00000	   2.15867	   2.15867	  52.59671
  0	  7	   0.00000	   0.00000	   0.00000	   2.15867	   2.15867	  52.92878
  0	  6	   0.00000	   0.00000	   0.00000	   2.15867	   2.15867	  53.30271
  0	  5	   0.00000	   0.00000	   0.00000	   2.15867	   2.15867	  53.71759
  0	  4	   0.00000	   0.00000	   0.00000	   2.15867	   2.15867	  54.17243
  0	  3	   0.00000	   0.00000	   0.00000	   2.15867	   2.15867	  54.66619
  0	  2	   0.00000	   0.00000	   0.00000	   2.15867	   2.15867	  55.19779
  0	  1	   0.00000	   0.00000	   0.00000	   2.15867	   2.15867	  55.76611

  1	 30	   0.00000	  -0.00000	   0.00000	   2.15867	   2.15867	  55.04839
  1	 29	   0.00000	  -0.00000	   0.00000	   2.15867	   2.15867	  54.42655
  1	 28	   0.00000	  -0.00000	   0.00000	   2.15867	   2.15867	  53.84077
  1	 27	   0.00000	  -0.00000	   0.00000	   2.15867	   2.15867	  53.29231
  1	 26	   0.00000	  -0.00000	   0.00000	   2.15867	   2.15867	  52.78236
  1	 25	   0.00000	  -0.00000	   0.00000	   2.15867	   2.15867	  52.31210
  1	 24	   0.00000	  -0.00000	   0.00000	   2.15867	   2.15867	  51.88266
  1	 23	   0.00000	   0.00000	   0.00000	   2.15867	   2.15867	  51.49511
  1	 22	   0.00000	   0.00000	   0.00000	   2.15867	   2.15867	  51.15043
  1	 21	   0.00000	   0.00000	   0.00000	   2.15867	   2.15867	  50.84955
  1	 20	   0.00000	   0.00000	   0.00000	   2.15867	   2.15867	  50.59327
  1	 19	   0.00000	   0.00000	   0.00000	   2.15867	   2.15867	  50.38231
  1	 18	   0.00000	   0.00000	   0.00000	   2.15867	   2.15867	  50.21726
  1	 17	   0.00000	   0.00000	   0.00000	   2.15867	   2.15867	  50.09860
  1	 16	   0.00000	   0.00000	   0.00000	   2.15867	   2.15867	  50.02668
  1	 15	   0.00000	   0.00000	   0.00000	   2.15867	   2.15867	  50.00169
  1	 14	   0.00000	   0.00000	   0.00000	   2.15867	   2.15867	  50.02373
  1	 13	   0.00000	   0.00000	   0.00000	   2.15867	   2.15867	  50.09271
  1	 12	   0.00000	   0.00000	   0.00000	   2.15867	   2.15867	  50.20845
  1	 11	   0.00000	   0.00000	   0.00000	   2.15867	   2.15867	  50.37060
  1	 10	   0.00000	   0.00000	   0.00000	   2.15867	   2.15867	  50.57870
  1	  9	   0.00000	   0.00000	   0.00000	   2.15867	   2.15867	  50.83215
  1	  8	   0.00000	   0.00000	   0.00000	   2.15867	   2.15867	  51.13026
  1	  7	   0.00000	   0.00000	   0.00000	   2.15867	   2.15867	  51.47221
  1	  6	   0.00000	   0.00000	   0.00000	   2.15867	   2.15867	  51.85710
  1	  5	   0.00000	   0.00000	   0.00000	   2.15867	   2.15867	  52.28394
  1	  4	   0.00000	   0.00000	   0.00000	   2.15867	   2.15867	  52.75167
  1	  3	   0.00000	   0.00000	   0.00000	   2.15867	   2.15867	  53.25917
  1	  2	   0.00000	   0.00000	   0.00000	   2.15867	   2.15867	  53.80525
  1	  1	   0.00000	   0.00000	   0.00000	   2.15867	   2.15867	  54.38872

  2	 30	   0.00000	  -0.00000	   0.00000	   2.15867	   2.15867	  53.69548
  2	 29	   0.00000	  -0.00000	   0.00000	   2.15867	   2.15867	  53.05712
  2	 28	   0.00000	  -0.00000	   0.00000	   2.15867	   2.15867	  52.45540
  2	 27	   0.00000	  -0.00000	   0.00000	   2.15867	   2.15867	  51.89165
  2	 26	   0.00000	  -0.00000	   0.00000	   2.15867	   2.15867	  51.36719
  2	 25	   0.00000	  -0.00000	   0.00000	   2.15867	   2.15867	  50.88328
  2	 24	   0.00000	  -0.00000	   0.00000	   2.15867	   2.15867	  50.44113
  2	 23	   0.00000	  -0.00000	   0.00000	   2.15867	   2.15867	  50.04191
  2	 22	   0.00000	   0.00000	   0.00000	   2.15867	   2.15867	  49.68670
  2	 21	   0.00000	   0.00000	   0.00000	   2.15867	   2.15867	  49.37649
  2	 20	   0.00000	   0.00000	   0.00000	   2.15867	   2.15867	  49.11217
  2	 19	   0.00000	   0.00000	   0.00000	   2.15867	   2.15867	  48.89453
  2	 18	   0.00000	   0.00000	   0.00000	   2.15867	   2.15867	  48.72421
  2	 17	   0.00000	   0.00000	   0.00000	   2.15867	   2.15867	  48.60173
  2	 16	   0.00000	   0.00000	   0.00000	   2.15867	   2.15867	  48.52748
  2	 15	   0.00000	   0.00000	   0.00000	   2.15867	   2.15867	  48.50169
  2	 14	   0.00000	   0.00000	   0.00000	   2.15867	   2.15867	  48.52444
  2	 13	   0.00000	   0.00000	   0.00000	   2.15867	   2.15867	  48.59565
  2	 12	   0.00000	   0.00000	   0.00000	   2.15867	   2.15867	  48.71511
  2	 11	   0.00000	   0.00000	   0.00000	   2.15867	   2.15867	  48.88244
  2	 10	   0.00000	   0.00000	   0.00000	   2.15867	   2.15867	  49.09714
  2	  9	   0.00000	   0.00000	   0.00000	   2.15867	   2.15867	  49.35855
  2	  8	   0.00000	   0.00000	   0.00000	   2.15867	   2.15867	  49.66591
  2	  7	   0.00000	   0.00000	   0.00000	   2.15867	   2.15867	  50.01832
  2	  6	   0.00000	   0.00000	   0.00000	   2.15867	   2.15867	  50.41481
  2	  5	   0.00000	   0.00000	   0.00000	   2.15867	   2.15867	  50.85430
  2	  4	   0.00000	   0.00000	   0.00000	   2.15867	   2.15867	  51.33563
  2	  3	   0.00000	   0.00000	   0.00000	   2.15867	   2.15867	  51.85758
  2	  2	   0.00000	   0.00000	   0.00000	   2.15867	   2.15867	  52.41890
  2	  1	   0.00000	   0.00000	   0.00000	   2.15867	   2.15867	  53.01828

  3	 30	   0.00000	  -0.00000	   0.00000	   2.15867	   2.15867	  52.35094
  3	 29	   0.00000	  -0.00000	   0.00000	   2.15867	   2.15867	  51.69525
  3	 28	   0.00000	  -0.00000	   0.00000	   2.15867	   2.15867	  51.07678
  3	 27	   0.00000	  -0.00000	   0.00000	   2.15867	   2.15867	  50.49696
  3	 26	   0.00000	  -0.00000	   0.00000	   2.15867	   2.15867	  49.95720
  3	 25	   0.00000	  -0.00000	   0.00000	   2.15867	   2.15867	  49.45886
  3	 24	   0.00000	  -0.00000	   0.00000	   2.15867	   2.15867	  49.00328
  3	 23	   0.00000	  -0.00000	   0.00000	   2.15867	   2.15867	  48.59170
  3	 22	   0.00000	  -0.00000	   0.00000	   2.15867	   2.15867	  48.22531
  3	 21	   0.00000	   0.00000	   0.00000	   2.15867	   2.15867	  47.90519
  3	 20	   0.00000	   0.00000	   0.00000	   2.15867	   2.15867	  47.63232
  3	 19	   0.00000	   0.00000	   0.00000	   2.15867	   2.15867	  47.40755
  3	 18	   0.00000	   0.00000	   0.00000	   2.15867	   2.15867	  47.23161
  3	 17	   0.00000	   0.00000	   0.00000	   2.15867	   2.15867	  47.10507
  3	 16	   0.00000	   0.00000	   0.00000	   2.15867	   2.15867	  47.02835
  3	 15	   0.00000	   0.00000	   0.00000	   2.15867	   2.15867	  47.00169
  3	 14	   0.00000	   0.00000	   0.00000	   2.15867	   2.15867	  47.02520
  3	 13	   0.00000	   0.00000	   0.00000	   2.15867	   2.15867	  47.09879
  3	 12	   0.00000	   0.00000	   0.00000	   2.15867	   2.15867	  47.22222
  3	 11	   0.00000	   0.00000	   0.00000	   2.15867	   2.15867	  47.39507
  3	 10	   0.00000	   0.00000	   0.00000	   2.15867	   2.15867	  47.61679
  3	  9	   0.00000	   0.00000	   0.00000	   2.15867	   2.15867	  47.88667
  3	  8	   0.00000	   0.00000	   0.00000	   2.15867	   2.15867	  48.20385
  3	  7	   0.00000	   0.00000	   0.00000	   2.15867	   2.15867	  48.56737
  3	  6	   0.00000	   0.00000	   0.00000	   2.15867	   2.15867	  48.97615
  3	  5	   0.00000	   0.00000	   0.00000	   2.15867	   2.15867	  49.42901
  3	  4	   0.00000	   0.00000	   0.00000	   2.15867	   2.15867	  49.92470
  3	  3	   0.00000	   0.00000	   0.00000	   2.15867	   2.15867	  50.46191
  3	  2	   0.00000	   0.00000	   0.00000	   2.15867	   2.15867	  51.03926
  3	  1	   0.00000	   0.00000	   0.00000	   2.15867	   2.15867	  51.65534

  4	 30	   0.00000	  -0.00000	   0.00000	   2.15867	   2.15867	  51.01545
  4	 29	   0.00000	  -0.00000	   0.00000	   2.15867	   2.15867	  50.34159
  4	 28	   0.00000	  -0.00000	   0.00000	   2.15867	   2.15867	  49.70552
  4	 27	   0.00000	  -0.00000	   0.00000	   2.15867	   2.15867	  49.10877
  4	 26	   0.00000	  -0.00000	   0.00000	   2.15867	   2.15867	  48.55286
  4	 25	   0.00000	  -0.00000	   0.00000	   2.15867	   2.15867	  48.03927
  4	 24	   0.00000	  -0.00000	   0.00000	   2.15867	   2.15867	  47.56944
  4	 23	   0.00000	  -0.00000	   0.00000	   2.15867	   2.15867	  47.14475
  4	 22	   0.00000	  -0.00000	   0.00000	   2.15867	   2.15867	  46.76647
  4	 21	   0.00000	  -0.00000	   0.00000	   2.15867	   2.15867	  46.43581
  4	 20	   0.00000	   0.00000	   0.00000	   2.15867	   2.15867	  46.15382
  4	 19	   0.00000	   0.00000	   0.00000	   2.15867	   2.15867	  45.92147
  4	 18	   0.00000	   0.00000	   0.00000	   2.15867	   2.15867	  45.73953
  4	 17	   0.00000	   0.00000	   0.00000	   2.15867	   2.15867	  45.60864
  4	 16	   0.00000	   0.00000	   0.00000	   2.15867	   2.15867	  45.52927
  4	 15	   0.00000	   0.00000	   0.00000	   2.15867	   2.15867	  45.50169
  4	 14	   0.00000	   0.00000	   0.00000	   2.15867	   2.15867	  45.52601
  4	 13	   0.00000	   0.00000	   0.00000	   2.15867	   2.15867	  45.60214
  4	 12	   0.00000	   0.00000	   0.00000	   2.15867	   2.15867	  45.72981
  4	 11	   0.00000	   0.00000	   0.00000	   2.15867	   2.15867	  45.90856
  4	 10	   0.00000	   0.00000	   0.00000	   2.15867	   2.15867	  46.13778
  4	  9	   0.00000	   0.00000	   0.00000	   2.15867	   2.15867	  46.41667
  4	  8	   0.00000	   0.00000	   0.00000	   2.15867	   2.15867	  46.74431
  4	  7	   0.00000	   0.00000	   0.00000	   2.15867	   2.15867	  47.11964
  4	  6	   0.00000	   0.00000	   0.00000	   2.15867	   2.15867	  47.54146
  4	  5	   0.00000	   0.00000	   0.00000	   2.15867	   2.15867	  48.00849
  4	  4	   0.00000	   0.00000	   0.00000	   2.15867	   2.15867	  48.51937
  4	  3	   0.00000	   0.00000	   0.00000	   2.15867	   2.15867	  49.07267
  4	  2	   0.00000	   0.00000	   0.00000	   2.15867	   2.15867	  49.66691
  4	  1	   0.00000	   0.00000	   0.00000	   2.15867	   2.15867	  50.30056

  5	 30	   0.00000	  -0.00000	   0.00000	   2.15867	   2.15867	  49.68978
  5	 29	   0.00000	  -0.00000	   0.00000	   2.15867	   2.15867	  48.99685
  5	 28	   0.00000	  -0.00000	   0.00000	   2.15867	   2.15867	  48.34226
  5	 27	   0.00000	  -0.00000	   0.00000	   2.15867	   2.15867	  47.72766
  5	 26	   0.00000	  -0.00000	   0.00000	   2.15867	   2.15867	  47.15469
  5	 25	   0.00000	  -0.00000	   0.00000	   2.15867	   2.15867	  46.62495
  5	 24	   0.00000	  -0.00000	   0.00000	   2.15867	   2.15867	  46.14002
  5	 23	   0.00000	  -0.00000	   0.00000	   2.15867	   2.15867	  45.70139
  5	 22	   0.00000	  -0.00000	   0.00000	   2.15867	   2.15867	  45.31046
  5	 21	   0.00000	  -0.00000	   0.00000	   2.15867	   2.15867	  44.96855
  5	 20	   0.00000	   0.00000	   0.00000	   2.15867	   2.15867	  44.67684
  5	 19	   0.00000	   0.00000	   0.00000	   2.15867	   2.15867	  44.43636
  5	 18	   0.00000	   0.00000	   0.00000	   2.15867	   2.15867	  44.24801
  5	 17	   0.00000	   0.00000	   0.00000	   2.15867	   2.15867	  44.11247
  5	 16	   0.00000	   0.00000	   0.00000	   2.15867	   2.15867	  44.03026
  5	 15	   0.00000	   0.00000	   0.00000	   2.15867	   2.15867	  44.00170
  5	 14	   0.00000	   0.00000	   0.00000	   2.15867	   2.15867	  44.02689
  5	 13	   0.00000	   0.00000	   0.00000	   2.15867	   2.15867	  44.10574
  5	 12	   0.00000	   0.00000	   0.00000	   2.15867	   2.15867	  44.23794
  5	 11	   0.00000	   0.00000	   0.00000	   2.15867	   2.15867	  44.42301
  5	 10	   0.00000	   0.00000	   0.00000	   2.15867	   2.15867	  44.66023
  5	  9	   0.00000	   0.00000	   0.00000	   2.15867	   2.15867	  44.94876
  5	  8	   0.00000	   0.00000	   0.00000	   2.15867	   2.15867	  45.28755
  5	  7	   0.00000	   0.00000	   0.00000	   2.15867	   2.15867	  45.67544
  5	  6	   0.00000	   0.00000	   0.00000	   2.15867	   2.15867	  46.11112
  5	  5	   0.00000	   0.00000	   0.00000	   2.15867	   2.15867	  46.59320
  5	  4	   0.00000	   0.00000	   0.00000	   2.15867	   2.15867	  47.12016
  5	  3	   0.00000	   0.00000	   0.00000	   2.15867	   2.15867	  47.69047
  5	  2	   0.00000	   0.00000	   0.00000	   2.15867	   2.15867	  48.30251
  5	  1	   0.00000	   0.00000	   0.00000	   2.15867	   2.15867	  48.95464

  6	 30	   0.00000	  -0.00000	   0.00000	   2.15867	   2.15867	  48.37476
  6	 29	   0.00000	  -0.00000	   0.00000	   2.15867	   2.15867	  47.66181
  6	 28	   0.00000	  -0.00000	   0.00000	   2.15867	   2.15867	  46.98773
  6	 27	   0.00000	  -0.00000	   0.00000	   2.15867	   2.15867	  46.35430
  6	 26	   0.00000	  -0.00000	   0.00000	   2.15867	   2.15867	  45.76329
  6	 25	   0.00000	  -0.00000	   0.00000	   2.15867	   2.15867	  45.21644
  6	 24	   0.00000	  -0.00000	   0.00000	   2.15867	   2.15867	  44.71546
  6	 23	   0.00000	  -0.00000	   0.00000	   2.15867	   2.15867	  44.26198
  6	 22	   0.00000	  -0.00000	   0.00000	   2.15867	   2.15867	  43.85757
  6	 21	   0.00000	  -0.00000	   0.00000	   2.15867	   2.15867	  43.50364
  6	 20	   0.00000	  -0.00000	   0.00000	   2.15867	   2.15867	  43.20152
  6	 19	   0.00000	   0.00000	   0.00000	   2.15867	   2.15867	  42.95235
  6	 18	   0.00000	   0.00000	   0.00000	   2.15867	   2.15867	  42.75711
  6	 17	   0.00000	   0.00000	   0.00000	   2.15867	   2.15867	  42.61658
  6	 16	   0.00000	   0.00000	   0.00000	   2.15867	   2.15867	  42.53132
  6	 15	   0.00000	   0.00000	   0.00000	   2.15867	   2.15867	  42.50170
  6	 14	   0.00000	   0.00000	   0.00000	   2.15867	   2.15867	  42.52782
  6	 13	   0.00000	   0.00000	   0.00000	   2.15867	   2.15867	  42.60960
  6	 12	   0.00000	   0.00000	   0.00000	   2.15867	   2.15867	  42.74668
  6	 11	   0.00000	   0.00000	   0.00000	   2.15867	   2.15867	  42.93851
  6	 10	   0.00000	   0.00000	   0.00000	   2.15867	   2.15867	  43.18432
  6	  9	   0.00000	   0.00000	   0.00000	   2.15867	   2.15867	  43.48315
  6	  8	   0.00000	   0.00000	   0.00000	   2.15867	   2.15867	  43.83386
  6	  7	   0.00000	   0.00000	   0.00000	   2.15867	   2.15867	  44.23515
  6	  6	   0.00000	   0.00000	   0.00000	   2.15867	   2.15867	  44.68559
  6	  5	   0.00000	   0.00000	   0.00000	   2.15867	   2.15867	  45.18364
  6	  4	   0.00000	   0.00000	   0.00000	   2.15867	   2.15867	  45.72766
  6	  3	   0.00000	   0.00000	   0.00000	   2.15867	   2.15867	  46.31595
  6	  2	   0.00000	   0.00000	  -0.00000	   2.15867	   2.15867	  46.94678
  6	  1	   0.00000	   0.00000	  -0.00000	   2.15867	   2.15867	  47.61836

  7	 30	   0.00000	  -0.00000	   0.00000	   2.15867	   2.15867	  47.07134
  7	 29	   0.00000	  -0.00000	   0.00000	   2.15867	   2.15867	  46.33736
  7	 28	   0.00000	  -0.00000	   0.00000	   2.15867	   2.15867	  45.64276
  7	 27	   0.00000	  -0.00000	   0.00000	   2.15867	   2.15867	  44.98944
  7	 26	   0.00000	  -0.00000	   0.00000	   2.15867	   2.15867	  44.37932
  7	 25	   0.00000	  -0.00000	   0.00000	   2.15867	   2.15867	  43.81431
  7	 24	   0.00000	  -0.00000	   0.00000	   2.15867	   2.15867	  43.29626
  7	 23	   0.00000	  -0.00000	   0.00000	   2.15867	   2.15867	  42.82696
  7	 22	   0.00000	  -0.00000	   0.00000	   2.15867	   2.15867	  42.40813
  7	 21	   0.00000	  -0.00000	   0.00000	   2.15867	   2.15867	  42.04134
  7	 20	   0.00000	  -0.00000	   0.00000	   2.15867	   2.15867	  41.72806
  7	 19	   0.00000	  -0.00000	   0.00000	   2.15867	   2.15867	  41.46955
  7	 18	   0.00000	   0.00000	   0.00000	   2.15867	   2.15867	  41.26691
  7	 17	   0.00000	   0.00000	   0.00000	   2.15867	   2.15867	  41.12100
  7	 16	   0.00000	   0.00000	   0.00000	   2.15867	   2.15867	  41.03246
  7	 15	   0.00000	   0.00000	   0.00000	   2.15867	   2.15867	  41.00170
  7	 14	   0.00000	   0.00000	   0.00000	   2.15867	   2.15867	  41.02883
  7	 13	   0.00000	   0.00000	   0.00000	   2.15867	   2.15867	  41.11375
  7	 12	   0.00000	   0.00000	   0.00000	   2.15867	   2.15867	  41.25608
  7	 11	   0.00000	   0.00000	   0.00000	   2.15867	   2.15867	  41.45519
  7	 10	   0.00000	   0.00000	   0.00000	   2.15867	   2.15867	  41.71022
  7	  9	   0.00000	   0.00000	   0.00000	   2.15867	   2.15867	  42.02010
  7	  8	   0.00000	   0.00000	   0.00000	   2.15867	   2.15867	  42.38357
  7	  7	   0.00000	   0.00000	  -0.00000	   2.15867	   2.15867	  42.79918
  7	  6	   0.00000	   0.00000	  -0.00000	   2.15867	   2.15867	  43.26536
  7	  5	   0.00000	   0.00000	  -0.00000	   2.15867	   2.15867	  43.78041
  7	  4	   0.00000	   0.00000	  -0.00000	   2.15867	   2.15867	  44.34253
  7	  3	   0.00000	   0.00000	  -0.00000	   2.15867	   2.15867	  44.94987
  7	  2	   0.00000	   0.00000	  -0.00000	   2.15867	   2.15867	  45.60053
  7	  1	   0.00000	   0.00000	  -0.00000	   2.15867	   2.15867	  46.29261

  8	 30	   0.00000	  -0.00000	   0.00000	   2.15867	   2.15867	  45.78056
  8	 29	   0.00000	  -0.00000	   0.00000	   2.15867	   2.15867	  45.02448
  8	 28	   0.00000	  -0.00000	   0.00000	   2.15867	   2.15867	  44.30825
  8	 27	   0.00000	  -0.00000	   0.00000	   2.15867	   2.15867	  43.63391
  8	 26	   0.00000	  -0.00000	   0.00000	   2.15867	   2.15867	  43.00355
  8	 25	   0.00000	  -0.00000	   0.00000	   2.15867	   2.15867	  42.41924
  8	 24	   0.00000	  -0.00000	   0.00000	   2.15867	   2.15867	  41.88300
  8	 23	   0.00000	  -0.00000	   0.00000	   2.15867	   2.15867	  41.39680
  8	 22	   0.00000	  -0.00000	   0.00000	   2.15867	   2.15867	  40.96253
  8	 21	   0.00000	  -0.00000	   0.00000	   2.15867	   2.15867	  40.58195
  8	 20	   0.00000	  -0.00000	   0.00000	   2.15867	   2.15867	  40.25667
  8	 19	   0.00000	  -0.00000	   0.00000	   2.15867	   2.15867	  39.98811
  8	 18	   0.00000	   0.00000	   0.00000	   2.15867	   2.15867	  39.77749
  8	 17	   0.00000	   0.00000	   0.00000	   2.15867	   2.15867	  39.62578
  8	 16	   0.00000	   0.00000	   0.00000	   2.15867	   2.15867	  39.53370
  8	 15	   0.00000	   0.00000	   0.00000	   2.15867	   2.15867	  39.50170
  8	 14	   0.00000	   0.00000	   0.00000	   2.15867	   2.15867	  39.52992
  8	 13	   0.00000	   0.00000	   0.00000	   2.15867	   2.15867	  39.61824
  8	 12	   0.00000	   0.00000	   0.00000	   2.15867	   2.15867	  39.76623
  8	 11	   0.00000	   0.00000	   0.00000	   2.15867	   2.15867	  39.97318
  8	 10	   0.00000	   0.00000	  -0.00000	   2.15867	   2.15867	  40.23814
  8	  9	   0.00000	   0.00000	  -0.00000	   2.15867	   2.15867	  40.55990
  8	  8	   0.00000	   0.00000	  -0.00000	   2.15867	   2.15867	  40.93706
  8	  7	   0.00000	   0.00000	  -0.00000	   2.15867	   2.15867	  41.36801
  8	  6	   0.00000	   0.00000	  -0.00000	   2.15867	   2.15867	  41.85100
  8	  5	   0.00000	   0.00000	  -0.00000	   2.15867	   2.15867	  42.38416
  8	  4	   0.00000	   0.00000	  -0.00000	   2.15867	   2.15867	  42.96552
  8	  3	   0.00000	   0.00000	  -0.00000	   2.15867	   2.15867	  43.59305
  8	  2	   0.00000	   0.00000	  -0.00000	   2.15867	   2.15867	  44.26469
  8	  1	   0.00000	   0.00000	  -0.00000	   2.15867	   2.15867	  44.97836

  9	 30	   0.00000	  -0.00000	   0.00000	   2.15867	   2.15867	  44.50357
  9	 29	   0.00000	  -0.00000	   0.00000	   2.15867	   2.15867	  43.72427
  9	 28	   0.00000	  -0.00000	   0.00000	   2.15867	   2.15867	  42.98523
  9	 27	   0.00000	  -0.00000	   0.00000	   2.15867	   2.15867	  42.28867
  9	 26	   0.00000	  -0.00000	   0.00000	   2.15867	   2.15867	  41.63684
  9	 25	   0.00000	  -0.00000	   0.00000	   2.15867	   2.15867	  41.03198
  9	 24	   0.00000	  -0.00000	   0.00000	   2.15867	   2.15867	  40.47633
  9	 23	   0.00000	  -0.00000	   0.00000	   2.15867	   2.15867	  39.97205
  9	 22	   0.00000	  -0.00000	   0.00000	   2.15867	   2.15867	  39.52123
  9	 21	   0.00000	  -0.00000	   0.00000	   2.15867	   2.15867	  39.12581
  9	 20	   0.00000	  -0.00000	   0.00000	   2.15867	   2.15867	  38.78760
  9	 19	   0.00000	  -0.00000	   0.00000	   2.15867	   2.15867	  38.50819
  9	 18	   0.00000	  -0.00000	   0.00000	   2.15867	   2.15867	  38.28894
  9	 17	   0.00000	   0.00000	   0.00000	   2.15867	   2.15867	  38.13095
  9	 16	   0.00000	   0.00000	   0.00000	   2.15867	   2.15867	  38.03504
  9	 15	   0.00000	   0.00000	   0.00000	   2.15867	   2.15867	  38.00170
  9	 14	   0.00000	   0.00000	   0.00000	   2.15867	   2.15867	  38.03111
  9	 13	   0.00000	   0.00000	   0.00000	   2.15867	   2.15867	  38.12310
  9	 12	   0.00000	   0.00000	  -0.00000	   2.15867	   2.15867	  38.27721
  9	 11	   0.00000	   0.00000	  -0.00000	   2.15867	   2.15867	  38.49265
  9	 10	   0.00000	   0.00000	  -0.00000	   2.15867	   2.15867	  38.76833
  9	  9	   0.00000	   0.00000	  -0.00000	   2.15867	   2.15867	  39.10290
  9	  8	   0.00000	   0.00000	  -0.00000	   2.15867	   2.15867	  39.49477
  9	  7	   0.00000	   0.00000	  -0.00000	   2.15867	   2.15867	  39.94218
  9	  6	   0.00000	   0.00000	  -0.00000	   2.15867	   2.15867	  40.44316
  9	  5	   0.00000	   0.00000	  -0.00000	   2.15867	   2.15867	  40.99565
  9	  4	   0.00000	   0.00000	  -0.00000	   2.15867	   2.15867	  41.59748
  9	  3	   0.00000	   0.00000	  -0.00000	   2.15867	   2.15867	  42.24643
  9	  2	   0.00000	   0.00000	  -0.00000	   2.15867	   2.15867	  42.94025
  9	  1	   0.00000	   0.00000	  -0.00000	   2.15867	   2.15867	  43.67670

 10	 30	   0.00000	  -0.00000	   0.00000	   2.15867	   2.15867	  43.24165
 10	 29	   0.00000	  -0.00000	   0.00000	   2.15867	   2.15867	  42.43795
 10	 28	   0.00000	  -0.00000	   0.00000	   2.15867	   2.15867	  41.67485
 10	 27	   0.00000	  -0.00000	   0.00000	   2.15867	   2.15867	  40.95477
 10	 26	   0.00000	  -0.00000	   0.00000	   2.15867	   2.15867	  40.28014
 10	 25	   0.00000	  -0.00000	   0.00000	   2.15867	   2.15867	  39.65341
 10	 24	   0.00000	  -0.00000	   0.00000	   2.15867	   2.15867	  39.07702
 10	 23	   0.00000	  -0.00000	   0.00000	   2.15867	   2.15867	  38.55335
 10	 22	   0.00000	  -0.00000	   0.00000	   2.15867	   2.15867	  38.08473
 10	 21	   0.00000	  -0.00000	   0.00000	   2.15867	   2.15867	  37.67333
 10	 20	   0.00000	  -0.00000	   0.00000	   2.15867	   2.15867	  37.32114
 10	 19	   0.00000	  -0.00000	   0.00000	   2.15867	   2.15867	  37.02998
 10	 18	   0.00000	  -0.00000	   0.00000	   2.15867	   2.15867	  36.80138
 10	 17	   0.00000	  -0.00000	   0.00000	   2.15867	   2.15867	  36.63658
 10	 16	   0.00000	   0.00000	   0.00000	   2.15867	   2.15867	  36.53650
 10	 15	   0.00000	   0.00000	   0.00000	   2.15867	   2.15867	  36.50170
 10	 14	   0.00000	   0.00000	   0.00000	   2.15867	   2.15867	  36.53239
 10	 13	   0.00000	   0.00000	  -0.00000	   2.15867	   2.15867	  36.62839
 10	 12	   0.00000	   0.00000	  -0.00000	   2.15867	   2.15867	  36.78915
 10	 11	   0.00000	   0.00000	  -0.00000	   2.15867	   2.15867	  37.01379
 10	 10	   0.00000	   0.00000	  -0.00000	   2.15867	   2.15867	  37.30107
 10	  9	   0.00000	   0.00000	  -0.00000	   2.15867	   2.15867	  37.64947
 10	  8	   0.00000	   0.00000	  -0.00000	   2.15867	   2.15867	  38.05722
 10	  7	   0.00000	   0.00000	  -0.00000	   2.15867	   2.15867	  38.52231
 10	  6	   0.00000	   0.00000	  -0.00000	   2.15867	   2.15867	  39.04259
 10	  5	   0.00000	   0.00000	  -0.00000	   2.15867	   2.15867	  39.61574
 10	  4	   0.00000	   0.00000	  -0.00000	   2.15867	   2.15867	  40.23939
 10	  3	   0.00000	   0.00000	  -0.00000	   2.15867	   2.15867	  40.91109
 10	  2	   0.00000	   0.00000	  -0.00000	   2.15867	   2.15867	  41.62839
 10	  1	   0.00000	   0.00000	  -0.00000	   2.15867	   2.15867	  42.38885

 11	 30	   0.00000	  -0.00000	   0.00000	   2.15867	   2.15867	  41.99624
 11	 29	   0.00000	  -0.00000	   0.00000	   2.15867	   2.15867	  41.16689
 11	 28	   0.00000	  -0.00000	   0.00000	   2.15867	   2.15867	  40.37843
 11	 27	   0.00000	  -0.00000	   0.00000	   2.15867	   2.15867	  39.63344
 11	 26	   0.00000	  -0.00000	   0.00000	   2.15867	   2.15867	  38.93458
 11	 25	   0.00000	  -0.00000	   0.00000	   2.15867	   2.15867	  38.28451
 11	 24	   0.00000	  -0.00000	   0.00000	   2.15867	   2.15867	  37.68592
 11	 23	   0.00000	  -0.00000	   0.00000	   2.15867	   2.15867	  37.14144
 11	 22	   0.00000	  -0.00000	   0.00000	   2.15867	   2.15867	  36.65364
 11	 21	   0.00000	  -0.00000	   0.00000	   2.15867	   2.15867	  36.22495
 11	 20	   0.00000	  -0.00000	   0.00000	   2.15867	   2.15867	  35.85764
 11	 19	   0.00000	  -0.00000	   0.00000	   2.15867	   2.15867	  35.55372
 11	 18	   0.00000	  -0.00000	   0.00000	   2.15867	   2.15867	  35.31494
 11	 17	   0.00000	  -0.00000	   0.00000	   2.15867	   2.15867	  35.14271
 11	 16	   0.00000	   0.00000	   0.00000	   2.15867	   2.15867	  35.03809
 11	 15	   0.00000	   0.00000	  -0.00000	   2.15867	   2.15867	  35.00170
 11	 14	   0.00000	   0.00000	  -0.00000	   2.15867	   2.15867	  35.03379
 11	 13	   0.00000	   0.00000	  -0.00000	   2.15867	   2.15867	  35.13415
 11	 12	   0.00000	   0.00000	  -0.00000	   2.15867	   2.15867	  35.30217
 11	 11	   0.00000	   0.00000	  -0.00000	   2.15867	   2.15867	  35.53681
 11	 10	   0.00000	   0.00000	  -0.00000	   2.15867	   2.15867	  35.83669
 11	  9	   0.00000	   0.00000	  -0.00000	   2.15867	   2.15867	  36.20008
 11	  8	   0.00000	   0.00000	  -0.00000	   2.15867	   2.15867	  36.62498
 11	  7	   0.00000	   0.00000	  -0.00000	   2.15867	   2.15867	  37.10914
 11	  6	   0.00000	   0.00000	  -0.00000	   2.15867	   2.15867	  37.65014
 11	  5	   0.00000	   0.00000	  -0.00000	   2.15867	   2.15867	  38.24541
 11	  4	   0.00000	   0.00000	  -0.00000	   2.15867	   2.15867	  38.89233
 11	  3	   0.00000	   0.00000	  -0.00000	   2.15867	   2.15867	  39.58821
 11	  2	   0.00000	   0.00000	  -0.00000	   2.15867	   2.15867	  40.33038
 11	  1	   0.00000	   0.00000	  -0.00000	   2.15867	   2.15867	  41.11619

 12	 30	   0.00000	  -0.00000	   0.00000	   2.15867	   2.15867	  40.76894
 12	 29	   0.00000	  -0.00000	   0.00000	   2.15867	   2.15867	  39.91264
 12	 28	   0.00000	  -0.00000	   0.00000	   2.15867	   2.15867	  39.09741
 12	 27	   0.00000	  -0.00000	   0.00000	   2.15867	   2.15867	  38.32605
 12	 26	   0.00000	  -0.00000	   0.00000	   2.15867	   2.15867	  37.60142
 12	 25	   0.00000	  -0.00000	   0.00000	   2.15867	   2.15867	  36.92643
 12	 24	   0.00000	  -0.00000	   0.00000	   2.15867	   2.15867	  36.30404
 12	 23	   0.00000	  -0.00000	   0.00000	   2.15867	   2.15867	  35.73716
 12	 22	   0.00000	  -0.00000	   0.00000	   2.15867	   2.15867	  35.22866
 12	 21	   0.00000	  -0.00000	   0.00000	   2.15867	   2.15867	  34.78125
 12	 20	   0.00000	  -0.00000	   0.00000	   2.15867	   2.15867	  34.39749
 12	 19	   0.00000	  -0.00000	   0.00000	   2.15867	   2.15867	  34.07967
 12	 18	   0.00000	  -0.00000	   0.00000	   2.15867	   2.15867	  33.82978
 12	 17	   0.00000	  -0.00000	   0.00000	   2.15867	   2.15867	  33.64943
 12	 16	   0.00000	  -0.00000	  -0.00000	   2.15867	   2.15867	  33.53983
 12	 15	   0.00000	   0.00000	  -0.00000	   2.15867	   2.15867	  33.50170
 12	 14	   0.00000	   0.00000	  -0.00000	   2.15867	   2.15867	  33.53533
 12	 13	   0.00000	   0.00000	  -0.00000	   2.15867	   2.15867	  33.64047
 12	 12	   0.00000	   0.00000	  -0.00000	   2.15867	   2.15867	  33.81641
 12	 11	   0.00000	   0.00000	  -0.00000	   2.15867	   2.15867	  34.06198
 12	 10	   0.00000	   0.00000	  -0.00000	   2.15867	   2.15867	  34.37559
 12	  9	   0.00000	   0.00000	  -0.00000	   2.15867	   2.15867	  34.75528
 12	  8	   0.00000	   0.00000	  -0.00000	   2.15867	   2.15867	  35.19876
 12	  7	   0.00000	   0.00000	  -0.00000	   2.15867	   2.15867	  35.70351
 12	  6	   0.00000	   0.00000	  -0.00000	   2.15867	   2.15867	  36.26681
 12	  5	   0.00000	   0.00000	  -0.00000	   2.15867	   2.15867	  36.88581
 12	  4	   0.00000	   0.00000	  -0.00000	   2.15867	   2.15867	  37.55758
 12	  3	   0.00000	   0.00000	  -0.00000	   2.15867	   2.15867	  38.27919
 12	  2	   0.00000	   0.00000	  -0.00000	   2.15867	   2.15867	  39.04770
 12	  1	   0.00000	   0.00000	  -0.00000	   2.15867	   2.15867	  39.86025

 13	 30	   0.00000	  -0.00000	   0.00000	   2.15867	   2.15867	  39.56153
 13	 29	   0.00000	  -0.00000	   0.00000	   2.15867	   2.15867	  38.67693
 13	 28	   0.00000	  -0.00000	   0.00000	   2.15867	   2.15867	  37.83348
 13	 27	   0.00000	  -0.00000	   0.00000	   2.15197	   2.15197	  37.02748
 13	 26	   0.00000	  -0.00000	   0.00000	   2.14406	   2.14406	  36.26751
 13	 25	   0.00000	  -0.00000	   0.00000	   2.13569	   2.13569	  35.55752
 13	 24	   0.00000	  -0.00000	   0.00000	   2.12778	   2.12778	  34.90167
 13	 23	   0.00000	  -0.00000	   0.00000	   2.12109	   2.12109	  34.30394
 13	 22	   0.00000	  -0.00000	   0.00000	   2.12109	   2.12109	  33.77302
 13	 21	   0.00000	  -0.00000	   0.00000	   2.12109	   2.12109	  33.30528
 13	 20	   0.00000	  -0.00000	   0.00000	   2.12109	   2.12109	  32.90359
 13	 19	   0.00000	  -0.00000	   0.00000	   2.12109	   2.12109	  32.57058
 13	 18	   0.00000	  -0.00000	   0.00000	   2.12109	   2.12109	  32.30851
 13	 17	   0.00000	  -0.00000	  -0.00000	   2.12109	   2.12109	  32.11924
 13	 16	   0.00000	  -0.00000	  -0.00000	   2.12109	   2.12109	  32.00416
 13	 15	   0.00000	  -0.00000	  -0.00000	   2.12109	   2.12109	  31.96412
 13	 14	   0.00000	   0.00000	  -0.00000	   2.12109	   2.12109	  31.99944
 13	 13	   0.00000	   0.00000	  -0.00000	   2.12109	   2.12109	  32.10983
 13	 12	   0.00000	   0.00000	  -0.00000	   2.12109	   2.12109	  32.29448
 13	 11	   0.00000	   0.00000	  -0.00000	   2.12109	   2.12109	  32.55203
 13	 10	   0.00000	   0.00000	  -0.00000	   2.12109	   2.12109	  32.88066
 13	  9	   0.00000	   0.00000	  -0.00000	   2.12109	   2.12109	  33.27811
 13	  8	   0.00000	   0.00000	  -0.00000	   2.12109	   2.12109	  33.74179
 13	  7	   0.00000	   0.00000	  -0.00000	   2.12778	   2.12778	  34.27553
 13	  6	   0.00000	   0.00000	  -0.00000	   2.13569	   2.13569	  34.87079
 13	  5	   0.00000	   0.00000	  -0.00000	   2.14406	   2.14406	  35.52362
 13	  4	   0.00000	   0.00000	  -0.00000	   2.15197	   2.15197	  36.22988
 13	  3	   0.00000	   0.00000	  -0.00000	   2.15867	   2.15867	  36.98557
 13	  2	   0.00000	   0.00000	  -0.00000	   2.15867	   2.15867	  37.78200
 13	  1	   0.00000	   0.00000	  -0.00000	   2.15867	   2.15867	  38.62277

 14	 30	   0.00000	  -0.00000	   0.00000	   2.15867	   2.15867	  38.37600
 14	 29	   0.00000	  -0.00000	   0.00000	   2.15159	   2.15159	  37.45462
 14	 28	   0.00000	  -0.00000	   0.00000	   2.14114	   2.14114	  36.57097
 14	 27	   0.00000	  -0.00000	   0.00000	   2.12066	   2.12066	  35.72158
 14	 26	   0.00000	  -0.00000	   0.00000	   2.09645	   2.09645	  34.91612
 14	 25	   0.00000	  -0.00000	   0.00000	   2.07087	   2.07087	  34.16043
 14	 24	   0.00000	  -0.00000	   0.00000	   2.04667	   2.04667	  33.46081
 14	 23	   0.00000	  -0.00000	   0.00000	   2.02618	   2.02618	  32.82321
 14	 22	   0.00000	  -0.00000	   0.00000	   2.01574	   2.01574	  32.25753
 14	 21	   0.00000	  -0.00000	   0.00000	   2.00866	   2.00866	  31.76055
 14	 20	   0.00000	  -0.00000	   0.00000	   2.00866	   2.00866	  31.33925
 14	 19	   0.00000	  -0.00000	   0.00000	   2.00866	   2.00866	  30.98956
 14	 18	   0.00000	  -0.00000	  -0.00000	   2.00866	   2.00866	  30.71408
 14	 17	   0.00000	  -0.00000	  -0.00000	   2.00866	   2.00866	  30.51498
 14	 16	   0.00000	  -0.00000	  -0.00000	   2.00866	   2.00866	  30.39385
 14	 15	   0.00000	  -0.00000	  -0.00000	   2.00866	   2.00866	  30.35170
 14	 14	   0.00000	  -0.00000	  -0.00000	   2.00866	   2.00866	  30.38888
 14	 13	   0.00000	   0.00000	  -0.00000	   2.00866	   2.00866	  30.50507
 14	 12	   0.00000	   0.00000	  -0.00000	   2.00866	   2.00866	  30.69933
 14	 11	   0.00000	   0.00000	  -0.00000	   2.00866	   2.00866	  30.97007
 14	 10	   0.00000	   0.00000	  -0.00000	   2.00866	   2.00866	  31.31518
 14	  9	   0.00000	   0.00000	  -0.00000	   2.01574	   2.01574	  31.73914
 14	  8	   0.00000	   0.00000	  -0.00000	   2.02618	   2.02618	  32.23528
 14	  7	   0.00000	   0.00000	  -0.00000	   2.04667	   2.04667	  32.80701
 14	  6	   0.00000	   0.00000	  -0.00000	   2.07087	   2.07087	  33.44454
 14	  5	   0.00000	   0.00000	  -0.00000	   2.09645	   2.09645	  34.14199
 14	  4	   0.00000	   0.00000	  -0.00000	   2.12066	   2.12066	  34.89298
 14	  3	   0.00000	   0.00000	  -0.00000	   2.14114	   2.14114	  35.69161
 14	  2	   0.00000	   0.00000	  -0.00000	   2.15159	   2.15159	  36.52807
 14	  1	   0.00000	   0.00000	  -0.00000	   2.15867	   2.15867	  37.40568

 15	 30	   0.00000	  -0.00000	   0.00000	   2.15076	   2.15076	  37.20666
 15	 29	   0.00000	  -0.00000	   0.00000	   2.13063	   2.13063	  36.24112
 15	 28	   0.00000	  -0.00000	   0.00000	   2.10094	   2.10094	  35.30688
 15	 27	   0.00000	  -0.00000	   0.00000	   2.05505	   2.05505	  34.40073
 15	 26	   0.00000	  -0.00000	   0.00000	   2.00083	   2.00083	  33.53418
 15	 25	   0.00000	  -0.00000	   0.00000	   1.94352	   1.94352	  32.71624
 15	 24	   0.00000	  -0.00000	   0.00000	   1.88930	   1.88930	  31.95705
 15	 23	   0.00000	  -0.00000	   0.00000	   1.84341	   1.84341	  31.26582
 15	 22	   0.00000	  -0.00000	   0.00000	   1.81372	   1.81372	  30.65444
 15	 21	   0.00000	  -0.00000	   0.00000	   1.79360	   1.79360	  30.12019
 15	 20	   0.00000	  -0.00000	   0.00000	   1.78569	   1.78569	  29.66946
 15	 19	   0.00000	  -0.00000	  -0.00000	   1.78569	   1.78569	  29.30138
 15	 18	   0.00000	  -0.00000	  -0.00000	   1.78569	   1.78569	  29.01109
 15	 17	   0.00000	  -0.00000	  -0.00000	   1.78569	   1.78569	  28.80108
 15	 16	   0.00000	  -0.00000	  -0.00000	   1.78569	   1.78569	  28.67323
 15	 15	   0.00000	  -0.00000	  -0.00000	   1.78569	   1.78569	  28.62873
 15	 14	   0.00000	  -0.00000	  -0.00000	   1.78569	   1.78569	  28.66798
 15	 13	   0.00000	   0.00000	  -0.00000	   1.78569	   1.78569	  28.79062
 15	 12	   0.00000	   0.00000	  -0.00000	   1.78569	   1.78569	  28.99553
 15	 11	   0.00000	   0.00000	  -0.00000	   1.78569	   1.78569	  29.28085
 15	 10	   0.00000	   0.00000	  -0.00000	   1.79360	   1.79360	  29.65205
 15	  9	   0.00000	   0.00000	  -0.00000	   1.81372	   1.81372	  30.11040
 15	  8	   0.00000	   0.00000	  -0.00000	   1.84341	   1.84341	  30.64985
 15	  7	   0.00000	   0.00000	  -0.00000	   1.88930	   1.88930	  31.27331
 15	  6	   0.00000	   0.00000	  -0.00000	   1.94352	   1.94352	  31.96898
 15	  5	   0.00000	   0.00000	  -0.00000	   2.00083	   2.00083	  32.72765
 15	  4	   0.00000	   0.00000	  -0.00000	   2.05505	   2.05505	  33.53911
 15	  3	   0.00000	   0.00000	  -0.00000	   2.10094	   2.10094	  34.39421
 15	  2	   0.00000	   0.00000	  -0.00000	   2.13063	   2.13063	  35.28125
 15	  1	   0.00000	   0.00000	  -0.00000	   2.15076	   2.15076	  36.20325

 16	 30	   0.00000	  -0.00000	   0.00000	   2.13063	   2.13063	  36.05168
 16	 29	   0.00000	  -0.00000	   0.00000	   2.08900	   2.08900	  35.03208
 16	 28	   0.00000	  -0.00000	   0.00000	   2.02758	   2.02758	  34.03313
 16	 27	   0.00000	  -0.00000	   0.00000	   1.93980	   1.93980	  33.05192
 16	 26	   0.00000	  -0.00000	   0.00000	   1.83610	   1.83610	  32.10279
 16	 25	   0.00000	  -0.00000	   0.00000	   1.72648	   1.72648	  31.19988
 16	 24	   0.00000	  -0.00000	   0.00000	   1.62277	   1.62277	  30.35934
 16	 23	   0.00000	  -0.00000	   0.00000	   1.53499	   1.53499	  29.59563
 16	 22	   0.00000	  -0.00000	   0.00000	   1.47357	   1.47357	  28.92368
 16	 21	   0.00000	  -0.00000	   0.00000	   1.43194	   1.43194	  28.34137
 16	 20	   0.00000	  -0.00000	   0.00000	   1.41099	   1.41099	  27.85387
 16	 19	   0.00000	  -0.00000	  -0.00000	   1.40391	   1.40391	  27.45836
 16	 18	   0.00000	  -0.00000	  -0.00000	   1.40391	   1.40391	  27.15160
 16	 17	   0.00000	  -0.00000	  -0.00000	   1.40391	   1.40391	  26.92943
 16	 16	   0.00000	  -0.00000	  -0.00000	   1.40391	   1.40391	  26.79409
 16	 15	   0.00000	  -0.00000	  -0.00000	   1.40391	   1.40391	  26.74695
 16	 14	   0.00000	  -0.00000	  -0.00000	   1.40391	   1.40391	  26.78853
 16	 13	   0.00000	  -0.00000	  -0.00000	   1.40391	   1.40391	  26.91837
 16	 12	   0.00000	   0.00000	  -0.00000	   1.40391	   1.40391	  27.13514
 16	 11	   0.00000	   0.00000	  -0.00000	   1.41099	   1.41099	  27.44376
 16	 10	   0.00000	   0.00000	  -0.00000	   1.43194	   1.43194	  27.84812
 16	  9	   0.00000	   0.00000	  -0.00000	   1.47357	   1.47357	  28.35150
 16	  8	   0.00000	   0.00000	  -0.00000	   1.53499	   1.53499	  28.94907
 16	  7	   0.00000	   0.00000	  -0.00000	   1.62277	   1.62277	  29.64313
 16	  6	   0.00000	   0.00000	  -0.00000	   1.72648	   1.72648	  30.41880
 16	  5	   0.00000	   0.00000	  -0.00000	   1.83610	   1.83610	  31.26157
 16	  4	   0.00000	   0.00000	  -0.00000	   1.93980	   1.93980	  32.15515
 16	  3	   0.00000	   0.00000	  -0.00000	   2.02758	   2.02758	  33.08521
 16	  2	   0.00000	   0.00000	  -0.00000	   2.08900	   2.08900	  34.03716
 16	  1	   0.00000	   0.00000	  -0.00000	   2.13063	   2.13063	  35.01366

 17	 30	   0.00000	  -0.00000	   0.00000	   2.10094	   2.10094	  34.91646
 17	 29	   0.00000	  -0.00000	   0.00000	   2.02758	   2.02758	  33.83116
 17	 28	   0.00000	  -0.00000	   0.00000	   1.91935	   1.91935	  32.75077
 17	 27	   0.00000	  -0.00000	   0.00000	   1.76977	   1.76977	  31.67270
 17	 26	   0.00000	  -0.00000	   0.00000	   1.59306	   1.59306	  30.61536
 17	 25	   0.00000	  -0.00000	   0.00000	   1.40626	   1.40626	  29.60028
 17	 24	   0.00000	  -0.00000	   0.00000	   1.22955	   1.22955	  28.65238
 17	 23	   0.00000	  -0.00000	   0.00000	   1.07997	   1.07997	  27.79364
 17	 22	   0.00000	  -0.00000	   0.00000	   0.97174	   0.97174	  27.04336
 17	 21	  -0.00000	  -0.00000	   0.00000	   0.89838	   0.89838	  26.40011
 17	 20	  -0.00000	  -0.00000	  -0.00000	   0.85818	   0.85818	  25.86712
 17	 19	  -0.00000	  -0.00000	  -0.00000	   0.84066	   0.84066	  25.43854
 17	 18	  -0.00000	  -0.00000	  -0.00000	   0.84066	   0.84066	  25.11337
 17	 17	  -0.00000	  -0.00000	  -0.00000	   0.84066	   0.84066	  24.87757
 17	 16	  -0.00000	  -0.00000	  -0.00000	   0.84066	   0.84066	  24.73380
 17	 15	  -0.00000	  -0.00000	  -0.00000	   0.84066	   0.84066	  24.68371
 17	 14	  -0.00000	  -0.00000	  -0.00000	   0.84066	   0.84066	  24.72789
 17	 13	  -0.00000	  -0.00000	  -0.00000	   0.84066	   0.84066	  24.86582
 17	 12	  -0.00000	  -0.00000	  -0.00000	   0.84066	   0.84066	  25.09591
 17	 11	  -0.00000	   0.00000	  -0.00000	   0.85818	   0.85818	  25.43309
 17	 10	  -0.00000	   0.00000	  -0.00000	   0.89838	   0.89838	  25.87908
 17	  9	   0.00000	   0.00000	  -0.00000	   0.97174	   0.97174	  26.44023
 17	  8	   0.00000	   0.00000	  -0.00000	   1.07997	   1.07997	  27.11366
 17	  7	   0.00000	   0.00000	  -0.00000	   1.22955	   1.22955	  27.90092
 17	  6	   0.00000	   0.00000	  -0.00000	   1.40626	   1.40626	  28.78272
 17	  5	   0.00000	   0.00000	  -0.00000	   1.59306	   1.59306	  29.73697
 17	  4	   0.00000	   0.00000	  -0.00000	   1.76977	   1.76977	  30.73852
 17	  3	   0.00000	   0.00000	  -0.00000	   1.91935	   1.91935	  31.76558
 17	  2	   0.00000	   0.00000	  -0.00000	   2.02758	   2.02758	  32.79942
 17	  1	   0.00000	   0.00000	  -0.00000	   2.10094	   2.10094	  33.84231

 18	 30	   0.00000	  -0.00000	   0.00000	   2.05505	   2.05505	  33.79744
 18	 29	   0.00000	  -0.00000	   0.00000	   1.93980	   1.93980	  32.63489
 18	 28	   0.00000	  -0.00000	   0.00000	   1.76977	   1.76977	  31.45642
 18	 27	   0.00000	  -0.00000	   0.00000	   1.53861	   1.53861	  30.25978
 18	 26	   0.00000	  -0.00000	   0.00000	   1.26551	   1.26551	  29.06865
 18	 25	   0.00000	  -0.00000	   0.00000	   0.97682	   0.97682	  27.91422
 18	 24	  -0.00000	  -0.00000	   0.00000	   0.70373	   0.70373	  26.83287
 18	 23	  -0.00000	  -0.00000	   0.00000	   0.47256	   0.47256	  25.85644
 18	 22	  -0.00000	  -0.00000	   0.00000	   0.30253	   0.30253	  25.00982
 18	 21	  -0.00000	  -0.00000	  -0.00000	   0.18728	   0.18728	  24.29245
 18	 20	  -0.00000	  -0.00000	  -0.00000	   0.12167	   0.12167	  23.70488
 18	 19	  -0.00000	  -0.00000	  -0.00000	   0.09036	   0.09036	  23.23721
 18	 18	  -0.00000	  -0.00000	  -0.00000	   0.08366	   0.08366	  22.88466
 18	 17	  -0.00000	  -0.00000	  -0.00000	   0.08366	   0.08366	  22.63348
 18	 16	  -0.00000	  -0.00000	  -0.00000	   0.08366	   0.08366	  22.48016
 18	 15	  -0.00000	  -0.00000	  -0.00000	   0.08366	   0.08366	  22.42671
 18	 14	  -0.00000	  -0.00000	  -0.00000	   0.08366	   0.08366	  22.47386
 18	 13	  -0.00000	  -0.00000	  -0.00000	   0.08366	   0.08366	  22.62096
 18	 12	  -0.00000	  -0.00000	  -0.00000	   0.09036	   0.09036	  22.87278
 18	 11	  -0.00000	   0.00000	  -0.00000	   0.12167	   0.12167	  23.24412
 18	 10	  -0.00000	   0.00000	  -0.00000	   0.18728	   0.18728	  23.74054
 18	  9	  -0.00000	   0.00000	  -0.00000	   0.30253	   0.30253	  24.37253
 18	  8	  -0.00000	   0.00000	  -0.00000	   0.47256	   0.47256	  25.13982
 18	  7	  -0.00000	   0.00000	  -0.00000	   0.70373	   0.70373	  26.04308
 18	  6	   0.00000	   0.00000	  -0.00000	   0.97682	   0.97682	  27.05730
 18	  5	   0.00000	   0.00000	  -0.00000	   1.26551	   1.26551	  28.15046
 18	  4	   0.00000	   0.00000	  -0.00000	   1.53861	   1.53861	  29.28584
 18	  3	   0.00000	   0.00000	  -0.00000	   1.76977	   1.76977	  30.43191
 18	  2	   0.00000	   0.00000	  -0.00000	   1.93980	   1.93980	  31.56457
 18	  1	   0.00000	   0.00000	  -0.00000	   2.05505	   2.05505	  32.68568

 19	 30	   0.00000	  -0.00000	   0.00000	   2.00083	   2.00083	  32.70589
 19	 29	   0.00000	  -0.00000	   0.00000	   1.83610	   1.83610	  31.45719
 19	 28	   0.00000	  -0.00000	   0.00000	   1.59306	   1.59306	  30.16784
 19	 27	   0.00000	  -0.00000	   0.00000	   1.26551	   1.26551	  28.83591
 19	 26	  -0.00000	  -0.00000	   0.00000	   0.87856	   0.87856	  27.49125
 19	 25	  -0.00000	  -0.00000	   0.00000	   0.46949	   0.46949	  26.17639
 19	 24	  -0.00000	  -0.00000	   0.00000	   0.08254	   0.08254	  24.94120
 19	 23	  -0.00000	  -0.00000	   0.00000	  -0.24502	  -0.24502	  23.82908
 19	 22	  -0.00000	  -0.00000	   0.00000	  -0.48805	  -0.48805	  22.87155
 19	 21	  -0.00000	  -0.00000	  -0.00000	  -0.65278	  -0.65278	  22.06901
 19	 20	  -0.00000	  -0.00000	  -0.00000	  -0.74841	  -0.74841	  21.41888
 19	 19	  -0.00000	  -0.00000	  -0.00000	  -0.78931	  -0.78931	  20.91317
 19	 18	  -0.00000	  -0.00000	  -0.00000	  -0.79601	  -0.79601	  20.53721
 19	 17	  -0.00000	  -0.00000	  -0.00000	  -0.78765	  -0.78765	  20.27690
 19	 16	  -0.00000	  -0.00000	  -0.00000	  -0.77973	  -0.77973	  20.12060
 19	 15	  -0.00000	  -0.00000	  -0.00000	  -0.77304	  -0.77304	  20.07002
 19	 14	  -0.00000	  -0.00000	  -0.00000	  -0.77973	  -0.77973	  20.11385
 19	 13	  -0.00000	  -0.00000	  -0.00000	  -0.78765	  -0.78765	  20.26350
 19	 12	  -0.00000	  -0.00000	  -0.00000	  -0.78140	  -0.78140	  20.53196
 19	 11	  -0.00000	  -0.00000	  -0.00000	  -0.74171	  -0.74171	  20.93474
 19	 10	  -0.00000	   0.00000	  -0.00000	  -0.65278	  -0.65278	  21.48264
 19	  9	  -0.00000	   0.00000	  -0.00000	  -0.48805	  -0.48805	  22.19643
 19	  8	  -0.00000	   0.00000	  -0.00000	  -0.24502	  -0.24502	  23.07225
 19	  7	  -0.00000	   0.00000	  -0.00000	   0.08254	   0.08254	  24.10968
 19	  6	  -0.00000	   0.00000	  -0.00000	   0.46949	   0.46949	  25.27700
 19	  5	  -0.00000	   0.00000	  -0.00000	   0.87856	   0.87856	  26.53048
 19	  4	   0.00000	   0.00000	  -0.00000	   1.26551	   1.26551	  27.81980
 19	  3	   0.00000	   0.00000	  -0.00000	   1.59306	   1.59306	  29.10195
 19	  2	   0.00000	   0.00000	  -0.00000	   1.83610	   1.83610	  30.34659
 19	  1	   0.00000	   0.00000	  -0.00000	   2.00083	   2.00083	  31.55513

 20	 30	   0.00000	  -0.00000	   0.00000	   1.94352	   1.94352	  31.65078
 20	 29	   0.00000	  -0.00000	   0.00000	   1.72648	   1.72648	  30.31196
 20	 28	   0.00000	  -0.00000	   0.00000	   1.40626	   1.40626	  28.90606
 20	 27	  -0.00000	  -0.00000	   0.00000	   0.97682	   0.97682	  27.43146
 20	 26	  -0.00000	  -0.00000	   0.00000	   0.46949	   0.46949	  25.92449
 20	 25	  -0.00000	  -0.00000	   0.00000	  -0.06682	  -0.06682	  24.43962
 20	 24	  -0.00000	  -0.00000	   0.00000	  -0.57414	  -0.57414	  23.04099
 20	 23	  -0.00000	  -0.00000	   0.00000	  -1.00358	  -1.00358	  21.78420
 20	 22	  -0.00000	  -0.00000	  -0.00000	  -1.32380	  -1.32380	  20.70782
 20	 21	  -0.00000	  -0.00000	  -0.00000	  -1.52707	  -1.52707	  19.82711
 20	 20	  -0.00000	  -0.00000	  -0.00000	  -1.63606	  -1.63606	  19.12712
 20	 19	  -0.00000	  -0.00000	  -0.00000	  -1.67873	  -1.67873	  18.58746
 20	 18	  -0.00000	  -0.00000	  -0.00000	  -1.67750	  -1.67750	  18.19276
 20	 17	  -0.00000	  -0.00000	  -0.00000	  -1.65358	  -1.65358	  17.92794
 20	 16	  -0.00000	  -0.00000	  -0.00000	  -1.64437	  -1.64437	  17.76040
 20	 15	  -0.00000	  -0.00000	  -0.00000	  -1.64103	  -1.64103	  17.70203
 20	 14	  -0.00000	  -0.00000	  -0.00000	  -1.64437	  -1.64437	  17.75312
 20	 13	  -0.00000	  -0.00000	  -0.00000	  -1.65358	  -1.65358	  17.91352
 20	 12	  -0.00000	  -0.00000	  -0.00000	  -1.65453	  -1.65453	  18.19441
 20	 11	  -0.00000	  -0.00000	  -0.00000	  -1.61391	  -1.61391	  18.62441
 20	 10	  -0.00000	  -0.00000	  -0.00000	  -1.50871	  -1.50871	  19.22045
 20	  9	  -0.00000	   0.00000	  -0.00000	  -1.31002	  -1.31002	  20.00446
 20	  8	  -0.00000	   0.00000	  -0.00000	  -1.00358	  -1.00358	  20.98313
 20	  7	  -0.00000	   0.00000	  -0.00000	  -0.57414	  -0.57414	  22.16403
 20	  6	  -0.00000	   0.00000	  -0.00000	  -0.06682	  -0.06682	  23.49445
 20	  5	  -0.00000	   0.00000	  -0.00000	   0.46949	   0.46949	  24.91826
 20	  4	  -0.00000	   0.00000	  -0.00000	   0.97682	   0.97682	  26.37074
 20	  3	  -0.00000	   0.00000	  -0.00000	   1.40626	   1.40626	  27.79679
 20	  2	   0.00000	   0.00000	  -0.00000	   1.72648	   1.72648	  29.15946
 20	  1	   0.00000	   0.00000	  -0.00000	   1.94352	   1.94352	  30.45979

 21	 30	   0.00000	  -0.00000	   0.00000	   1.88930	   1.88930	  30.64243
 21	 29	  -0.00000	  -0.00000	   0.00000	   1.62277	   1.62277	  29.21537
 21	 28	  -0.00000	  -0.00000	   0.00000	   1.22955	   1.22955	  27.69576
 21	 27	  -0.00000	  -0.00000	   0.00000	   0.70373	   0.70373	  26.08224
 21	 26	  -0.00000	  -0.00000	   0.00000	   0.08254	   0.08254	  24.41724
 21	 25	  -0.00000	  -0.00000	   0.00000	  -0.57414	  -0.57414	  22.76652
 21	 24	  -0.00000	  -0.00000	   0.00000	  -1.19533	  -1.19533	  21.20769
 21	 23	  -0.00000	  -0.00000	   0.00000	  -1.71408	  -1.71408	  19.81507
 21	 22	  -0.00000	  -0.00000	  -0.00000	  -2.08225	  -2.08225	  18.64486
 21	 21	  -0.00000	  -0.00000	  -0.00000	  -2.31403	  -2.31403	  17.69152
 21	 20	  -0.00000	  -0.00000	  -0.00000	  -2.42750	  -2.42750	  16.94596
 21	 19	  -0.00000	  -0.00000	  -0.00000	  -2.45807	  -2.45807	  16.38177
 21	 18	  -0.00000	  -0.00000	  -0.00000	  -2.43596	  -2.43596	  15.97731
 21	 17	  -0.00000	  -0.00000	  -0.00000	  -2.39835	  -2.39835	  15.70296
 21	 16	  -0.00000	  -0.00000	  -0.00000	  -2.37093	  -2.37093	  15.53901
 21	 15	  -0.00000	  -0.00000	  -0.00000	  -2.35769	  -2.35769	  15.48537
 21	 14	  -0.00000	  -0.00000	  -0.00000	  -2.37093	  -2.37093	  15.53113
 21	 13	  -0.00000	  -0.00000	  -0.00000	  -2.39835	  -2.39835	  15.68735
 21	 12	  -0.00000	  -0.00000	  -0.00000	  -2.40507	  -2.40507	  15.98518
 21	 11	  -0.00000	  -0.00000	  -0.00000	  -2.37696	  -2.37696	  16.43289
 21	 10	  -0.00000	  -0.00000	  -0.00000	  -2.27013	  -2.27013	  17.06686
 21	  9	  -0.00000	   0.00000	  -0.00000	  -2.04750	  -2.04750	  17.91566
 21	  8	  -0.00000	   0.00000	  -0.00000	  -1.68902	  -1.68902	  18.99036
 21	  7	  -0.00000	   0.00000	  -0.00000	  -1.18825	  -1.18825	  20.28838
 21	  6	  -0.00000	   0.00000	  -0.00000	  -0.57414	  -0.57414	  21.77210
 21	  5	  -0.00000	   0.00000	  -0.00000	   0.08254	   0.08254	  23.36264
 21	  4	  -0.00000	   0.00000	  -0.00000	   0.70373	   0.70373	  24.97453
 21	  3	  -0.00000	   0.00000	  -0.00000	   1.22955	   1.22955	  26.54123
 21	  2	  -0.00000	   0.00000	  -0.00000	   1.62277	   1.62277	  28.01955
 21	  1	   0.00000	   0.00000	  -0.00000	   1.88930	   1.88930	  29.41018

 22	 30	  -0.00000	  -0.00000	   0.00000	   1.84341	   1.84341	  29.69055
 22	 29	  -0.00000	  -0.00000	   0.00000	   1.53499	   1.53499	  28.18217
 22	 28	  -0.00000	  -0.00000	   0.00000	   1.07997	   1.07997	  26.55900
 22	 27	  -0.00000	  -0.00000	   0.00000	   0.47256	   0.47256	  24.81983
 22	 26	  -0.00000	  -0.00000	   0.00000	  -0.24502	  -0.24502	  23.01221
 22	 25	  -0.00000	  -0.00000	   0.00000	  -1.00358	  -1.00358	  21.21145
 22	 24	  -0.00000	  -0.00000	   0.00000	  -1.70617	  -1.70617	  19.52156
 22	 23	  -0.00000	  -0.00000	   0.00000	  -2.27631	  -2.27631	  18.02702
 22	 22	  -0.00000	  -0.00000	  -0.00000	  -2.67735	  -2.67735	  16.77347
 22	 21	  -0.00000	  -0.00000	  -0.00000	  -2.91420	  -2.91420	  15.76582
 22	 20	  -0.00000	  -0.00000	  -0.00000	  -3.01009	  -3.01009	  14.99134
 22	 19	  -0.00000	  -0.00000	  -0.00000	  -3.00839	  -3.00839	  14.41747
 22	 18	  -0.00000	  -0.00000	  -0.00000	  -2.95976	  -2.95976	  14.00400
 22	 17	  -0.00000	  -0.00000	  -0.00000	  -2.88464	  -2.88464	  13.73998
 22	 16	  -0.00000	  -0.00000	  -0.00000	  -2.83034	  -2.83034	  13.58572
 22	 15	  -0.00000	  -0.00000	  -0.00000	  -2.81505	  -2.81505	  13.52802
 22	 14	  -0.00000	  -0.00000	  -0.00000	  -2.83034	  -2.83034	  13.57712
 22	 13	  -0.00000	  -0.00000	  -0.00000	  -2.88464	  -2.88464	  13.72299
 22	 12	  -0.00000	  -0.00000	  -0.00000	  -2.92218	  -2.92218	  14.01660
 22	 11	  -0.00000	  -0.00000	  -0.00000	  -2.91349	  -2.91349	  14.47994
 22	 10	  -0.00000	  -0.00000	  -0.00000	  -2.82732	  -2.82732	  15.13486
 22	  9	  -0.00000	  -0.00000	  -0.00000	  -2.60578	  -2.60578	  16.02884
 22	  8	  -0.00000	   0.00000	  -0.00000	  -2.22232	  -2.22232	  17.17762
 22	  7	  -0.00000	   0.00000	  -0.00000	  -1.66890	  -1.66890	  18.57873
 22	  6	  -0.00000	   0.00000	  -0.00000	  -0.98859	  -0.98859	  20.17920
 22	  5	  -0.00000	   0.00000	  -0.00000	  -0.24502	  -0.24502	  21.90638
 22	  4	  -0.00000	   0.00000	  -0.00000	   0.47256	   0.47256	  23.66292
 22	  3	  -0.00000	   0.00000	  -0.00000	   1.07997	   1.07997	  25.35757
 22	  2	  -0.00000	   0.00000	  -0.00000	   1.53499	   1.53499	  26.94190
 22	  1	  -0.00000	   0.00000	  -0.00000	   1.84341	   1.84341	  28.41632

 23	 30	  -0.00000	  -0.00000	   0.00000	   1.81372	   1.81372	  28.80788
 23	 29	  -0.00000	  -0.00000	   0.00000	   1.47357	   1.47357	  27.22805
 23	 28	  -0.00000	  -0.00000	   0.00000	   0.97174	   0.97174	  25.51562
 23	 27	  -0.00000	  -0.00000	   0.00000	   0.30253	   0.30253	  23.66940
 23	 26	  -0.00000	  -0.00000	   0.00000	  -0.48805	  -0.48805	  21.74075
 23	 25	  -0.00000	  -0.00000	   0.00000	  -1.30173	  -1.30173	  19.83423
 23	 24	  -0.00000	  -0.00000	   0.00000	  -2.05578	  -2.05578	  18.03993
 23	 23	  -0.00000	  -0.00000	  -0.00000	  -2.65331	  -2.65331	  16.46334
 23	 22	  -0.00000	  -0.00000	  -0.00000	  -3.05456	  -3.05456	  15.15410
 23	 21	  -0.00000	  -0.00000	  -0.00000	  -3.26549	  -3.26549	  14.11737
 23	 20	  -0.00000	  -0.00000	  -0.00000	  -3.31528	  -3.31528	  13.33623
 23	 19	  -0.00000	  -0.00000	  -0.00000	  -3.25601	  -3.25601	  12.77151
 23	 18	  -0.00000	  -0.00000	  -0.00000	  -3.14570	  -3.14570	  12.37817
 23	 17	  -0.00000	  -0.00000	  -0.00000	  -3.01955	  -3.01955	  12.13298
 23	 16	  -0.00000	  -0.00000	  -0.00000	  -2.94058	  -2.94058	  11.98283
 23	 15	  -0.00000	  -0.00000	  -0.00000	  -2.90921	  -2.90921	  11.93386
 23	 14	  -0.00000	  -0.00000	  -0.00000	  -2.94058	  -2.94058	  11.97337
 23	 13	  -0.00000	  -0.00000	  -0.00000	  -3.01955	  -3.01955	  12.11434
 23	 12	  -0.00000	  -0.00000	  -0.00000	  -3.10811	  -3.10811	  12.38845
 23	 11	  -0.00000	  -0.00000	  -0.00000	  -3.15066	  -3.15066	  12.84159
 23	 10	  -0.00000	  -0.00000	  -0.00000	  -3.11326	  -3.11326	  13.49581
 23	  9	  -0.00000	  -0.00000	  -0.00000	  -2.92534	  -2.92534	  14.40873
 23	  8	  -0.00000	  -0.00000	  -0.00000	  -2.55272	  -2.55272	  15.60158
 23	  7	  -0.00000	   0.00000	  -0.00000	  -1.98409	  -1.98409	  17.07339
 23	  6	  -0.00000	   0.00000	  -0.00000	  -1.26519	  -1.26519	  18.76719
 23	  5	  -0.00000	   0.00000	  -0.00000	  -0.46598	  -0.46598	  20.60308
 23	  4	  -0.00000	   0.00000	  -0.00000	   0.30253	   0.30253	  22.46137
 23	  3	  -0.00000	   0.00000	  -0.00000	   0.97174	   0.97174	  24.26601
 23	  2	  -0.00000	   0.00000	  -0.00000	   1.47357	   1.47357	  25.94257
 23	  1	  -0.00000	   0.00000	  -0.00000	   1.81372	   1.81372	  27.49135

 24	 30	  -0.00000	  -0.00000	   0.00000	   1.79360	   1.79360	  27.99294
 24	 29	  -0.00000	  -0.00000	   0.00000	   1.43194	   1.43194	  26.35210
 24	 28	  -0.00000	  -0.00000	   0.00000	   0.89838	   0.89838	  24.56530
 24	 27	  -0.00000	  -0.00000	   0.00000	   0.18728	   0.18728	  22.63125
 24	 26	  -0.00000	  -0.00000	   0.00000	  -0.63779	  -0.63779	  20.61875
 24	 25	  -0.00000	  -0.00000	   0.00000	  -1.48224	  -1.48224	  18.62869
 24	 24	  -0.00000	  -0.00000	   0.00000	  -2.23847	  -2.23847	  16.77622
 24	 23	  -0.00000	  -0.00000	  -0.00000	  -2.82522	  -2.82522	  15.15164
 24	 22	  -0.00000	  -0.00000	  -0.00000	  -3.19000	  -3.19000	  13.81811
 24	 21	  -0.00000	  -0.00000	  -0.00000	  -3.34162	  -3.34162	  12.77932
 24	 20	  -0.00000	  -0.00000	  -0.00000	  -3.31656	  -3.31656	  12.01294
 24	 19	  -0.00000	  -0.00000	  -0.00000	  -3.18824	  -3.18824	  11.46108
 24	 18	  -0.00000	  -0.00000	  -0.00000	  -2.99864	  -2.99864	  11.09786
 24	 17	  -0.00000	  -0.00000	  -0.00000	  -2.80851	  -2.80851	  10.87799
 24	 16	  -0.00000	  -0.00000	  -0.00000	  -2.68823	  -2.68823	  10.74416
 24	 15	  -0.00000	  -0.00000	  -0.00000	  -2.64999	  -2.64999	  10.69309
 24	 14	  -0.00000	  -0.00000	  -0.00000	  -2.68823	  -2.68823	  10.73365
 24	 13	  -0.00000	  -0.00000	  -0.00000	  -2.80851	  -2.80851	  10.85735
 24	 12	  -0.00000	  -0.00000	  -0.00000	  -2.96106	  -2.96106	  11.10537
 24	 11	  -0.00000	  -0.00000	  -0.00000	  -3.07581	  -3.07581	  11.53491
 24	 10	  -0.00000	  -0.00000	  -0.00000	  -3.10150	  -3.10150	  12.18189
 24	  9	  -0.00000	  -0.00000	  -0.00000	  -2.97997	  -2.97997	  13.08835
 24	  8	  -0.00000	  -0.00000	  -0.00000	  -2.65644	  -2.65644	  14.29348
 24	  7	  -0.00000	  -0.00000	  -0.00000	  -2.11412	  -2.11412	  15.79981
 24	  6	  -0.00000	   0.00000	  -0.00000	  -1.39840	  -1.39840	  17.54935
 24	  5	  -0.00000	   0.00000	  -0.00000	  -0.59418	  -0.59418	  19.44643
 24	  4	  -0.00000	   0.00000	  -0.00000	   0.20227	   0.20227	  21.38564
 24	  3	  -0.00000	   0.00000	  -0.00000	   0.89838	   0.89838	  23.26675
 24	  2	  -0.00000	   0.00000	  -0.00000	   1.43194	   1.43194	  25.02120
 24	  1	  -0.00000	   0.00000	  -0.00000	   1.79360	   1.79360	  26.63432

 25	 30	  -0.00000	  -0.00000	   0.00000	   1.78569	   1.78569	  27.25383
 25	 29	  -0.00000	  -0.00000	   0.00000	   1.41099	   1.41099	  25.56125
 25	 28	  -0.00000	  -0.00000	   0.00000	   0.85818	   0.85818	  23.71303
 25	 27	  -0.00000	  -0.00000	   0.00000	   0.12875	   0.12875	  21.71470
 25	 26	  -0.00000	  -0.00000	   0.00000	  -0.69615	  -0.69615	  19.65236
 25	 25	  -0.00000	  -0.00000	   0.00000	  -1.53791	  -1.53791	  17.61074
 25	 24	  -0.00000	  -0.00000	   0.00000	  -2.27148	  -2.27148	  15.72239
 25	 23	  -0.00000	  -0.00000	  -0.00000	  -2.81150	  -2.81150	  14.08194
 25	 22	  -0.00000	  -0.00000	  -0.00000	  -3.10561	  -3.10561	  12.75305
 25	 21	  -0.00000	  -0.00000	  -0.00000	  -3.16799	  -3.16799	  11.73523
 25	 20	  -0.00000	  -0.00000	  -0.00000	  -3.04440	  -3.04440	  10.99891
 25	 19	  -0.00000	  -0.00000	  -0.00000	  -2.81572	  -2.81572	  10.48178
 25	 18	  -0.00000	  -0.00000	  -0.00000	  -2.53949	  -2.53949	  10.14642
 25	 17	  -0.00000	  -0.00000	  -0.00000	  -2.29288	  -2.29288	   9.93582
 25	 16	  -0.00000	  -0.00000	  -0.00000	  -2.12781	  -2.12781	   9.81581
 25	 15	  -0.00000	  -0.00000	  -0.00000	  -2.07207	  -2.07207	   9.77102
 25	 14	  -0.00000	  -0.00000	  -0.00000	  -2.12781	  -2.12781	   9.80398
 25	 13	  -0.00000	  -0.00000	  -0.00000	  -2.29288	  -2.29288	   9.91271
 25	 12	  -0.00000	  -0.00000	  -0.00000	  -2.50191	  -2.50191	  10.15058
 25	 11	  -0.00000	  -0.00000	  -0.00000	  -2.70329	  -2.70329	  10.55168
 25	 10	  -0.00000	  -0.00000	  -0.00000	  -2.82143	  -2.82143	  11.17154
 25	  9	  -0.00000	  -0.00000	  -0.00000	  -2.79329	  -2.79329	  12.05299
 25	  8	  -0.00000	  -0.00000	  -0.00000	  -2.55280	  -2.55280	  13.24342
 25	  7	  -0.00000	  -0.00000	  -0.00000	  -2.07499	  -2.07499	  14.75146
 25	  6	  -0.00000	   0.00000	  -0.00000	  -1.40140	  -1.40140	  16.52173
 25	  5	  -0.00000	   0.00000	  -0.00000	  -0.61812	  -0.61812	  18.45666
 25	  4	  -0.00000	   0.00000	  -0.00000	   0.17393	   0.17393	  20.44598
 25	  3	  -0.00000	   0.00000	  -0.00000	   0.86526	   0.86526	  22.37258
 25	  2	  -0.00000	   0.00000	  -0.00000	   1.41099	   1.41099	  24.18540
 25	  1	  -0.00000	   0.00000	  -0.00000	   1.78569	   1.78569	  25.85398

 26	 30	  -0.00000	  -0.00000	   0.00000	   1.78569	   1.78569	  26.59188
 26	 29	  -0.00000	  -0.00000	   0.00000	   1.40391	   1.40391	  24.85505
 26	 28	  -0.00000	  -0.00000	   0.00000	   0.84066	   0.84066	  22.95547
 26	 27	  -0.00000	  -0.00000	   0.00000	   0.12249	   0.12249	  20.92331
 26	 26	  -0.00000	  -0.00000	   0.00000	  -0.68976	  -0.68976	  18.82389
 26	 25	  -0.00000	  -0.00000	   0.00000	  -1.50215	  -1.50215	  16.75686
 26	 24	  -0.00000	  -0.00000	   0.00000	  -2.18382	  -2.18382	  14.86025
 26	 23	  -0.00000	  -0.00000	  -0.00000	  -2.64771	  -2.64771	  13.23024
 26	 22	  -0.00000	  -0.00000	  -0.00000	  -2.84483	  -2.84483	  11.92737
 26	 21	  -0.00000	  -0.00000	  -0.00000	  -2.79782	  -2.79782	  10.94361
 26	 20	  -0.00000	  -0.00000	  -0.00000	  -2.55947	  -2.55947	  10.24426
 26	 19	  -0.00000	  -0.00000	  -0.00000	  -2.22825	  -2.22825	   9.75276
 26	 18	  -0.00000	  -0.00000	  -0.00000	  -1.86856	  -1.86856	   9.42982
 26	 17	  -0.00000	  -0.00000	  -0.00000	  -1.56163	  -1.56163	   9.22087
 26	 16	  -0.00000	  -0.00000	  -0.00000	  -1.36937	  -1.36937	   9.08869
 26	 15	  -0.00000	  -0.00000	  -0.00000	  -1.29605	  -1.29605	   9.04706
 26	 14	  -0.00000	  -0.00000	  -0.00000	  -1.36937	  -1.36937	   9.07518
 26	 13	  -0.00000	  -0.00000	  -0.00000	  -1.56163	  -1.56163	   9.19465
 26	 12	  -0.00000	  -0.00000	  -0.00000	  -1.83098	  -1.83098	   9.42985
 26	 11	  -0.00000	  -0.00000	  -0.00000	  -2.11582	  -2.11582	   9.81797
 26	 10	  -0.00000	  -0.00000	  -0.00000	  -2.33650	  -2.33650	  10.41199
 26	  9	  -0.00000	  -0.00000	  -0.00000	  -2.41604	  -2.41604	  11.26361
 26	  8	  -0.00000	  -0.00000	  -0.00000	  -2.28158	  -2.28158	  12.42358
 26	  7	  -0.00000	  -0.00000	  -0.00000	  -1.89741	  -1.89741	  13.90925
 26	  6	  -0.00000	  -0.00000	  -0.00000	  -1.29745	  -1.29745	  15.67192
 26	  5	  -0.00000	   0.00000	  -0.00000	  -0.56514	  -0.56514	  17.61639
 26	  4	  -0.00000	   0.00000	  -0.00000	   0.19661	   0.19661	  19.63052
 26	  3	  -0.00000	   0.00000	  -0.00000	   0.87279	   0.87279	  21.59201
 26	  2	  -0.00000	   0.00000	  -0.00000	   1.40391	   1.40391	  23.43559
 26	  1	  -0.00000	   0.00000	  -0.00000	   1.78569	   1.78569	  25.15241

 27	 30	  -0.00000	  -0.00000	   0.00000	   1.78569	   1.78569	  26.00486
 27	 29	  -0.00000	  -0.00000	   0.00000	   1.40391	   1.40391	  24.23321
 27	 28	  -0.00000	  -0.00000	   0.00000	   0.85443	   0.85443	  22.30871
 27	 27	  -0.00000	  -0.00000	   0.00000	   0.15054	   0.15054	  20.24768
 27	 26	  -0.00000	  -0.00000	   0.00000	  -0.63281	  -0.63281	  18.12896
 27	 25	  -0.00000	  -0.00000	   0.00000	  -1.39591	  -1.39591	  16.05725
 27	 24	  -0.00000	  -0.00000	   0.00000	  -2.00467	  -2.00467	  14.17313
 27	 23	  -0.00000	  -0.00000	  -0.00000	  -2.37297	  -2.37297	  12.57127
 27	 22	  -0.00000	  -0.00000	  -0.00000	  -2.45362	  -2.45362	  11.31006
 27	 21	  -0.00000	  -0.00000	  -0.00000	  -2.28739	  -2.28739	  10.36361
 27	 20	  -0.00000	  -0.00000	  -0.00000	  -1.93945	  -1.93945	   9.68625
 27	 19	  -0.00000	  -0.00000	  -0.00000	  -1.51749	  -1.51749	   9.19538
 27	 18	  -0.00000	  -0.00000	  -0.00000	  -1.09050	  -1.09050	   8.85306
 27	 17	  -0.00000	  -0.00000	  -0.00000	  -0.73904	  -0.73904	   8.61421
 27	 16	  -0.00000	  -0.00000	  -0.00000	  -0.52140	  -0.52140	   8.45591
 27	 15	  -0.00000	  -0.00000	  -0.00000	  -0.44618	  -0.44618	   8.39695
 27	 14	  -0.00000	  -0.00000	  -0.00000	  -0.52140	  -0.52140	   8.44017
 27	 13	  -0.00000	  -0.00000	  -0.00000	  -0.73904	  -0.73904	   8.58397
 27	 12	  -0.00000	  -0.00000	  -0.00000	  -1.05292	  -1.05292	   8.84796
 27	 11	  -0.00000	  -0.00000	  -0.00000	  -1.40506	  -1.40506	   9.25497
 27	 10	  -0.00000	  -0.00000	  -0.00000	  -1.71647	  -1.71647	   9.84835
 27	  9	  -0.00000	  -0.00000	  -0.00000	  -1.90562	  -1.90562	  10.67826
 27	  8	  -0.00000	  -0.00000	  -0.00000	  -1.89037	  -1.89037	  11.80133
 27	  7	  -0.00000	  -0.00000	  -0.00000	  -1.61597	  -1.61597	  13.25250
 27	  6	  -0.00000	  -0.00000	  -0.00000	  -1.11039	  -1.11039	  14.98869
 27	  5	  -0.00000	  -0.00000	  -0.00000	  -0.45053	  -0.45053	  16.92155
 27	  4	  -0.00000	   0.00000	  -0.00000	   0.26148	   0.26148	  18.94029
 27	  3	  -0.00000	   0.00000	  -0.00000	   0.90754	   0.90754	  20.92021
 27	  2	  -0.00000	   0.00000	  -0.00000	   1.41769	   1.41769	  22.78626
 27	  1	  -0.00000	   0.00000	  -0.00000	   1.78569	   1.78569	  24.52826

 28	 30	  -0.00000	  -0.00000	   0.00000	   1.78569	   1.78569	  25.49833
 28	 29	  -0.00000	  -0.00000	   0.00000	   1.40391	   1.40391	  23.69512
 28	 28	  -0.00000	  -0.00000	   0.00000	   0.87279	   0.87279	  21.75357
 28	 27	  -0.00000	  -0.00000	   0.00000	   0.19444	   0.19444	  19.67817
 28	 26	  -0.00000	  -0.00000	   0.00000	  -0.54593	  -0.54593	  17.55724
 28	 25	  -0.00000	  -0.00000	   0.00000	  -1.24368	  -1.24368	  15.49948
 28	 24	  -0.00000	  -0.00000	  -0.00000	  -1.76455	  -1.76455	  13.64461
 28	 23	  -0.00000	  -0.00000	  -0.00000	  -2.02641	  -2.02641	  12.08214
 28	 22	  -0.00000	  -0.00000	  -0.00000	  -1.99231	  -1.99231	  10.85915
 28	 21	  -0.00000	  -0.00000	  -0.00000	  -1.71647	  -1.71647	   9.93552
 28	 20	  -0.00000	  -0.00000	  -0.00000	  -1.27671	  -1.27671	   9.25314
 28	 19	  -0.00000	  -0.00000	  -0.00000	  -0.78731	  -0.78731	   8.72513
 28	 18	  -0.00000	  -0.00000	  -0.00000	  -0.31837	  -0.31837	   8.31849
 28	 17	  -0.00000	  -0.00000	  -0.00000	   0.05533	   0.05533	   8.00544
 28	 16	  -0.00000	  -0.00000	  -0.00000	   0.28344	   0.28344	   7.78764
 28	 15	  -0.00000	  -0.00000	  -0.00000	   0.35268	   0.35268	   7.69583
 28	 14	  -0.00000	  -0.00000	  -0.00000	   0.28344	   0.28344	   7.76881
 28	 13	  -0.00000	  -0.00000	  -0.00000	   0.05533	   0.05533	   7.96985
 28	 12	  -0.00000	  -0.00000	  -0.00000	  -0.28079	  -0.28079	   8.30690
 28	 11	  -0.00000	  -0.00000	  -0.00000	  -0.67488	  -0.67488	   8.77802
 28	 10	  -0.00000	  -0.00000	  -0.00000	  -1.05374	  -1.05374	   9.40887
 28	  9	  -0.00000	  -0.00000	  -0.00000	  -1.33470	  -1.33470	  10.24437
 28	  8	  -0.00000	  -0.00000	  -0.00000	  -1.42906	  -1.42906	  11.34528
 28	  7	  -0.00000	  -0.00000	  -0.00000	  -1.26942	  -1.26942	  12.75886
 28	  6	  -0.00000	  -0.00000	  -0.00000	  -0.87027	  -0.87027	  14.45623
 28	  5	  -0.00000	  -0.00000	  -0.00000	  -0.29831	  -0.29831	  16.36033
 28	  4	  -0.00000	   0.00000	  -0.00000	   0.34835	   0.34835	  18.36554
 28	  3	  -0.00000	   0.00000	  -0.00000	   0.95143	   0.95143	  20.34803
 28	  2	  -0.00000	   0.00000	  -0.00000	   1.43604	   1.43604	  22.22875
 28	  1	  -0.00000	   0.00000	  -0.00000	   1.78569	   1.78569	  23.98806

 29	 30	  -0.00000	  -0.00000	   0.00000	   1.78569	   1.78569	  25.07754
 29	 29	  -0.00000	  -0.00000	   0.00000	   1.41061	   1.41061	  23.25366
 29	 28	  -0.00000	  -0.00000	   0.00000	   0.89494	   0.89494	  21.29661
 29	 27	  -0.00000	  -0.00000	   0.00000	   0.24498	   0.24498	  19.21435
 29	 26	  -0.00000	  -0.00000	   0.00000	  -0.44933	  -0.44933	  17.09906
 29	 25	  -0.00000	  -0.00000	   0.00000	  -1.07907	  -1.07907	  15.06263
 29	 24	  -0.00000	  -0.00000	  -0.00000	  -1.52380	  -1.52380	  13.22962
 29	 23	  -0.00000	  -0.00000	  -0.00000	  -1.68530	  -1.68530	  11.70395
 29	 22	  -0.00000	  -0.00000	  -0.00000	  -1.54865	  -1.54865	  10.50876
 29	 21	  -0.00000	  -0.00000	  -0.00000	  -1.18209	  -1.18209	   9.58777
 29	 20	  -0.00000	  -0.00000	  -0.00000	  -0.67488	  -0.67488	   8.86968
 29	 19	  -0.00000	  -0.00000	  -0.00000	  -0.13475	  -0.13475	   8.27402
 29	 18	  -0.00000	  -0.00000	  -0.00000	   0.34843	   0.34843	   7.75224
 29	 17	  -0.00000	  -0.00000	  -0.00000	   0.72166	   0.72166	   7.31144
 29	 16	  -0.00000	  -0.00000	  -0.00000	   0.94558	   0.94558	   6.98992
 29	 15	  -0.00000	  -0.00000	  -0.00000	   1.01471	   1.01471	   6.85790
 29	 14	  -0.00000	  -0.00000	  -0.00000	   0.94558	   0.94558	   6.96652
 29	 13	  -0.00000	  -0.00000	  -0.00000	   0.72166	   0.72166	   7.26846
 29	 12	  -0.00000	  -0.00000	  -0.00000	   0.38601	   0.38601	   7.73240
 29	 11	  -0.00000	  -0.00000	  -0.00000	  -0.02233	  -0.02233	   8.31903
 29	 10	  -0.00000	  -0.00000	  -0.00000	  -0.45191	  -0.45191	   9.01842
 29	  9	  -0.00000	  -0.00000	  -0.00000	  -0.80031	  -0.80031	   9.89062
 29	  8	  -0.00000	  -0.00000	  -0.00000	  -0.98540	  -0.98540	  10.98977
 29	  7	  -0.00000	  -0.00000	  -0.00000	  -0.92831	  -0.92831	  12.37634
 29	  6	  -0.00000	  -0.00000	  -0.00000	  -0.62952	  -0.62952	  14.03753
 29	  5	  -0.00000	  -0.00000	  -0.00000	  -0.13370	  -0.13370	  15.92031
 29	  4	  -0.00000	  -0.00000	  -0.00000	   0.44496	   0.44496	  17.90463
 29	  3	  -0.00000	   0.00000	  -0.00000	   1.00197	   1.00197	  19.88183
 29	  2	  -0.00000	   0.00000	  -0.00000	   1.45820	   1.45820	  21.76971
 29	  1	  -0.00000	   0.00000	  -0.00000	   1.79238	   1.79238	  23.54478

 30	 30	  -0.00000	  -0.00000	   0.00000	   1.78569	   1.78569	  24.74720
 30	 29	  -0.00000	  -0.00000	   0.00000	   1.41852	   1.41852	  22.90898
 30	 28	  -0.00000	  -0.00000	   0.00000	   0.91915	   0.91915	  20.94286
 30	 27	  -0.00000	  -0.00000	   0.00000	   0.29798	   0.29798	  18.86025
 30	 26	  -0.00000	  -0.00000	   0.00000	  -0.36312	  -0.36312	  16.74439
 30	 25	  -0.00000	  -0.00000	   0.00000	  -0.93117	  -0.93117	  14.73011
 30	 24	  -0.00000	  -0.00000	  -0.00000	  -1.29662	  -1.29662	  12.92956
 30	 23	  -0.00000	  -0.00000	  -0.00000	  -1.37149	  -1.37149	  11.43449
 30	 22	  -0.00000	  -0.00000	  -0.00000	  -1.15139	  -1.15139	  10.25484
 30	 21	  -0.00000	  -0.00000	  -0.00000	  -0.71752	  -0.71752	   9.31796
 30	 20	  -0.00000	  -0.00000	  -0.00000	  -0.16836	  -0.16836	   8.53909
 30	 19	  -0.00000	  -0.00000	  -0.00000	   0.38601	   0.38601	   7.83104
 30	 18	  -0.00000	  -0.00000	  -0.00000	   0.86371	   0.86371	   7.15159
 30	 17	  -0.00000	  -0.00000	  -0.00000	   1.23108	   1.23108	   6.53638
 30	 16	  -0.00000	  -0.00000	  -0.00000	   1.43996	   1.43996	   6.05028
 30	 15	  -0.00000	  -0.00000	  -0.00000	   1.50607	   1.50607	   5.84932
 30	 14	  -0.00000	  -0.00000	  -0.00000	   1.43996	   1.43996	   6.01956
 30	 13	  -0.00000	  -0.00000	  -0.00000	   1.23108	   1.23108	   6.48289
 30	 12	  -0.00000	  -0.00000	  -0.00000	   0.90129	   0.90129	   7.12145
 30	 11	  -0.00000	  -0.00000	  -0.00000	   0.49844	   0.49844	   7.86724
 30	 10	  -0.00000	  -0.00000	  -0.00000	   0.05461	   0.05461	   8.68062
 30	  9	  -0.00000	  -0.00000	  -0.00000	  -0.33574	  -0.33574	   9.61498
 30	  8	  -0.00000	  -0.00000	  -0.00000	  -0.58814	  -0.58814	  10.73113
 30	  7	  -0.00000	  -0.00000	  -0.00000	  -0.61450	  -0.61450	  12.10299
 30	  6	  -0.00000	  -0.00000	  -0.00000	  -0.40234	  -0.40234	  13.73426
 30	  5	  -0.00000	  -0.00000	  -0.00000	   0.01420	   0.01420	  15.58508
 30	  4	  -0.00000	  -0.00000	  -0.00000	   0.53117	   0.53117	  17.54766
 30	  3	  -0.00000	  -0.00000	  -0.00000	   1.05498	   1.05498	  19.52576
 30	  2	  -0.00000	   0.00000	  -0.00000	   1.48240	   1.48240	  21.41425
 30	  1	  -0.00000	   0.00000	  -0.00000	   1.80029	   1.80029	  23.19860

 31	 30	  -0.00000	  -0.00000	   0.00000	   1.78569	   1.78569	  24.51127
 31	 29	  -0.00000	  -0.00000	   0.00000	   1.42688	   1.42688	  22.66508
 31	 28	  -0.00000	  -0.00000	   0.00000	   0.94306	   0.94306	  20.69579
 31	 27	  -0.00000	  -0.00000	   0.00000	   0.33559	   0.33559	  18.60520
 31	 26	  -0.00000	  -0.00000	   0.00000	  -0.28800	  -0.28800	  16.50151
 31	 25	  -0.00000	  -0.00000	   0.00000	  -0.80502	  -0.80502	  14.50826
 31	 24	  -0.00000	  -0.00000	  -0.00000	  -1.10649	  -1.10649	  12.73567
 31	 23	  -0.00000	  -0.00000	  -0.00000	  -1.12489	  -1.12489	  11.25309
 31	 22	  -0.00000	  -0.00000	  -0.00000	  -0.84445	  -0.84445	  10.07906
 31	 21	  -0.00000	  -0.00000	  -0.00000	  -0.36606	  -0.36606	   9.11718
 31	 20	  -0.00000	  -0.00000	  -0.00000	   0.20534	   0.20534	   8.27012
 31	 19	  -0.00000	  -0.00000	  -0.00000	   0.75924	   0.75924	   7.44127
 31	 18	  -0.00000	  -0.00000	  -0.00000	   1.23108	   1.23108	   6.59376
 31	 17	  -0.00000	  -0.00000	  -0.00000	   1.57453	   1.57453	   5.74193
 31	 16	  -0.00000	  -0.00000	  -0.00000	   1.77603	   1.77603	   5.01270
 31	 15	  -0.00000	  -0.00000	  -0.00000	   1.83790	   1.83790	   4.68129
 31	 14	  -0.00000	  -0.00000	  -0.00000	   1.77603	   1.77603	   4.96879
 31	 13	  -0.00000	  -0.00000	  -0.00000	   1.57453	   1.57453	   5.67362
 31	 12	  -0.00000	  -0.00000	  -0.00000	   1.26866	   1.26866	   6.55178
 31	 11	  -0.00000	  -0.00000	  -0.00000	   0.87167	   0.87167	   7.46866
 31	 10	  -0.00000	  -0.00000	  -0.00000	   0.42831	   0.42831	   8.40510
 31	  9	  -0.00000	  -0.00000	  -0.00000	   0.01572	   0.01572	   9.40922
 31	  8	  -0.00000	  -0.00000	  -0.00000	  -0.28120	  -0.28120	  10.55147
 31	  7	  -0.00000	  -0.00000	  -0.00000	  -0.36789	  -0.36789	  11.91851
 31	  6	  -0.00000	  -0.00000	  -0.00000	  -0.21220	  -0.21220	  13.53787
 31	  5	  -0.00000	  -0.00000	  -0.00000	   0.14035	   0.14035	  15.36117
 31	  4	  -0.00000	  -0.00000	  -0.00000	   0.60629	   0.60629	  17.30305
 31	  3	  -0.00000	  -0.00000	  -0.00000	   1.09258	   1.09258	  19.26924
 31	  2	  -0.00000	   0.00000	  -0.00000	   1.50631	   1.50631	  21.16591
 31	  1	  -0.00000	   0.00000	  -0.00000	   1.80866	   1.80866	  22.95360

 32	 30	  -0.00000	  -0.00000	   0.00000	   1.78569	   1.78569	  24.37270
 32	 29	  -0.00000	  -0.00000	   0.00000	   1.43479	   1.43479	  22.52465
 32	 28	  -0.00000	  -0.00000	   0.00000	   0.95227	   0.95227	  20.54541
 32	 27	  -0.00000	  -0.00000	   0.00000	   0.36300	   0.36300	  18.45996
 32	 26	  -0.00000	  -0.00000	   0.00000	  -0.23369	  -0.23369	  16.36777
 32	 25	  -0.00000	  -0.00000	   0.00000	  -0.72605	  -0.72605	  14.38082
 32	 24	  -0.00000	  -0.00000	   0.00000	  -0.98621	  -0.98621	  12.62726
 32	 23	  -0.00000	  -0.00000	  -0.00000	  -0.95981	  -0.95981	  11.16187
 32	 22	  -0.00000	  -0.00000	  -0.00000	  -0.65220	  -0.65220	   9.98002
 32	 21	  -0.00000	  -0.00000	  -0.00000	  -0.14842	  -0.14842	   8.99778
 32	 20	  -0.00000	  -0.00000	  -0.00000	   0.43345	   0.43345	   8.09907
 32	 19	  -0.00000	  -0.00000	  -0.00000	   0.98316	   0.98316	   7.17756
 32	 18	  -0.00000	  -0.00000	  -0.00000	   1.43996	   1.43996	   6.18120
 32	 17	  -0.00000	  -0.00000	  -0.00000	   1.77603	   1.77603	   5.10593
 32	 16	  -0.00000	  -0.00000	  -0.00000	   1.97272	   1.97272	   4.02138
 32	 15	  -0.00000	  -0.00000	  -0.00000	   2.04266	   2.04266	   3.38649
 32	 14	  -0.00000	  -0.00000	  -0.00000	   1.97272	   1.97272	   3.95128
 32	 13	  -0.00000	  -0.00000	  -0.00000	   1.77603	   1.77603	   5.02004
 32	 12	  -0.00000	  -0.00000	  -0.00000	   1.47754	   1.47754	   6.12860
 32	 11	  -0.00000	  -0.00000	  -0.00000	   1.09559	   1.09559	   7.19815
 32	 10	  -0.00000	  -0.00000	  -0.00000	   0.65642	   0.65642	   8.22940
 32	  9	  -0.00000	  -0.00000	  -0.00000	   0.23336	   0.23336	   9.28647
 32	  8	  -0.00000	  -0.00000	  -0.00000	  -0.08895	  -0.08895	  10.44992
 32	  7	  -0.00000	  -0.00000	  -0.00000	  -0.20282	  -0.20282	  11.82534
 32	  6	  -0.00000	  -0.00000	  -0.00000	  -0.09192	  -0.09192	  13.42789
 32	  5	  -0.00000	  -0.00000	  -0.00000	   0.21932	   0.21932	  15.23246
 32	  4	  -0.00000	  -0.00000	  -0.00000	   0.66059	   0.66059	  17.16826
 32	  3	  -0.00000	  -0.00000	  -0.00000	   1.12000	   1.12000	  19.12311
 32	  2	  -0.00000	  -0.00000	  -0.00000	   1.51553	   1.51553	  21.01478
 32	  1	  -0.00000	   0.00000	  -0.00000	   1.81657	   1.81657	  22.81251

 33	 30	  -0.00000	  -0.00000	   0.00000	   1.78569	   1.78569	  24.33329
 33	 29	  -0.00000	  -0.00000	   0.00000	   1.44149	   1.44149	  22.48913
 33	 28	  -0.00000	  -0.00000	   0.00000	   0.95562	   0.95562	  20.50330
 33	 27	  -0.00000	  -0.00000	   0.00000	   0.38294	   0.38294	  18.43068
 33	 26	  -0.00000	  -0.00000	   0.00000	  -0.20379	  -0.20379	  16.34401
 33	 25	  -0.00000	  -0.00000	   0.00000	  -0.67171	  -0.67171	  14.37616
 33	 24	  -0.00000	  -0.00000	   0.00000	  -0.91709	  -0.91709	  12.63088
 33	 23	  -0.00000	  -0.00000	  -0.00000	  -0.86649	  -0.86649	  11.18158
 33	 22	  -0.00000	  -0.00000	  -0.00000	  -0.54129	  -0.54129	  10.00693
 33	 21	  -0.00000	  -0.00000	  -0.00000	  -0.03562	  -0.03562	   9.01280
 33	 20	  -0.00000	  -0.00000	  -0.00000	   0.54027	   0.54027	   8.08896
 33	 19	  -0.00000	  -0.00000	  -0.00000	   1.08318	   1.08318	   7.13227
 33	 18	  -0.00000	  -0.00000	  -0.00000	   1.52904	   1.52904	   6.07880
 33	 17	  -0.00000	  -0.00000	  -0.00000	   1.85251	   1.85251	   4.90361
 33	 16	  -0.00000	  -0.00000	  -0.00000	   2.04936	   2.04936	   3.60436
 33	 15	  -0.00000	  -0.00000	  -0.00000	   2.15867	   2.15867	   2.32257
 33	 14	  -0.00000	  -0.00000	  -0.00000	   2.04936	   2.04936	   3.51076
 33	 13	  -0.00000	  -0.00000	  -0.00000	   1.85251	   1.85251	   4.80963
 33	 12	  -0.00000	  -0.00000	  -0.00000	   1.56662	   1.56662	   6.02233
 33	 11	  -0.00000	  -0.00000	  -0.00000	   1.19560	   1.19560	   7.15062
 33	 10	  -0.00000	  -0.00000	  -0.00000	   0.76324	   0.76324	   8.21784
 33	  9	  -0.00000	  -0.00000	  -0.00000	   0.34616	   0.34616	   9.30048
 33	  8	  -0.00000	  -0.00000	  -0.00000	   0.02196	   0.02196	  10.47608
 33	  7	  -0.00000	  -0.00000	  -0.00000	  -0.11620	  -0.11620	  11.83778
 33	  6	  -0.00000	  -0.00000	  -0.00000	  -0.03071	  -0.03071	  13.42315
 33	  5	  -0.00000	  -0.00000	  -0.00000	   0.26529	   0.26529	  15.21906
 33	  4	  -0.00000	  -0.00000	  -0.00000	   0.68258	   0.68258	  17.13627
 33	  3	  -0.00000	  -0.00000	  -0.00000	   1.13324	   1.13324	  19.08687
 33	  2	  -0.00000	  -0.00000	  -0.00000	   1.51887	   1.51887	  20.97245
 33	  1	  -0.00000	  -0.00000	  -0.00000	   1.82327	   1.82327	  22.77680

 34	 30	  -0.00000	  -0.00000	   0.00000	   1.78569	   1.78569	  24.39355
 34	 29	  -0.00000	  -0.00000	   0.00000	   1.44187	   1.44187	  22.55405
 34	 28	  -0.00000	  -0.00000	   0.00000	   0.96980	   0.96980	  20.58696
 34	 27	  -0.00000	  -0.00000	   0.00000	   0.40101	   0.40101	  18.52398
 34	 26	  -0.00000	  -0.00000	   0.00000	  -0.17148	  -0.17148	  16.45833
 34	 25	  -0.00000	  -0.00000	   0.00000	  -0.63825	  -0.63825	  14.49976
 34	 24	  -0.00000	  -0.00000	   0.00000	  -0.87421	  -0.87421	  12.77381
 34	 23	  -0.00000	  -0.00000	  -0.00000	  -0.82733	  -0.82733	  11.33315
 34	 22	  -0.00000	  -0.00000	  -0.00000	  -0.50927	  -0.50927	  10.16716
 34	 21	  -0.00000	  -0.00000	  -0.00000	  -0.00549	  -0.00549	   9.19206
 34	 20	  -0.00000	  -0.00000	  -0.00000	   0.56594	   0.56594	   8.29275
 34	 19	  -0.00000	  -0.00000	  -0.00000	   1.10186	   1.10186	   7.37183
 34	 18	  -0.00000	  -0.00000	  -0.00000	   1.54237	   1.54237	   6.38193
 34	 17	  -0.00000	  -0.00000	  -0.00000	   1.86122	   1.86122	   5.32968
 34	 16	  -0.00000	  -0.00000	  -0.00000	   2.04869	   2.04869	   4.31563
 34	 15	  -0.00000	  -0.00000	  -0.00000	   2.11529	   2.11529	   3.77296
 34	 14	  -0.00000	  -0.00000	  -0.00000	   2.04869	   2.04869	   4.25248
 34	 13	  -0.00000	  -0.00000	  -0.00000	   1.86122	   1.86122	   5.24730
 34	 12	  -0.00000	  -0.00000	  -0.00000	   1.57995	   1.57995	   6.33120
 34	 11	  -0.00000	  -0.00000	  -0.00000	   1.21429	   1.21429	   7.39355
 34	 10	  -0.00000	  -0.00000	  -0.00000	   0.78891	   0.78891	   8.42383
 34	  9	  -0.00000	  -0.00000	  -0.00000	   0.36921	   0.36921	   9.47420
 34	  8	  -0.00000	  -0.00000	  -0.00000	   0.04354	   0.04354	  10.62700
 34	  7	  -0.00000	  -0.00000	  -0.00000	  -0.09082	  -0.09082	  11.97643
 34	  6	  -0.00000	  -0.00000	  -0.00000	  -0.00413	  -0.00413	  13.55048
 34	  5	  -0.00000	  -0.00000	  -0.00000	   0.28153	   0.28153	  15.32601
 34	  4	  -0.00000	  -0.00000	  -0.00000	   0.69860	   0.69860	  17.23477
 34	  3	  -0.00000	  -0.00000	  -0.00000	   1.13752	   1.13752	  19.16677
 34	  2	  -0.00000	  -0.00000	  -0.00000	   1.52261	   1.52261	  21.04599
 34	  1	  -0.00000	  -0.00000	  -0.00000	   1.81657	   1.81657	  22.83493

 35	 30	  -0.00000	  -0.00000	   0.00000	   1.79360	   1.79360	  24.56060
 35	 29	  -0.00000	  -0.00000	   0.00000	   1.45492	   1.45492	  22.73742
 35	 28	  -0.00000	  -0.00000	   0.00000	   1.00079	   1.00079	  20.80114
 35	 27	  -0.00000	  -0.00000	   0.00000	   0.43921	   0.43921	  18.76031
 35	 26	  -0.00000	  -0.00000	   0.00000	  -0.13016	  -0.13016	  16.71536
 35	 25	  -0.00000	  -0.00000	   0.00000	  -0.58987	  -0.58987	  14.78480
 35	 24	  -0.00000	  -0.00000	   0.00000	  -0.83712	  -0.83712	  13.07292
 35	 23	  -0.00000	  -0.00000	  -0.00000	  -0.80963	  -0.80963	  11.64421
 35	 22	  -0.00000	  -0.00000	  -0.00000	  -0.50742	  -0.50742	  10.50199
 35	 21	  -0.00000	  -0.00000	  -0.00000	  -0.02194	  -0.02194	   9.56011
 35	 20	  -0.00000	  -0.00000	  -0.00000	   0.53812	   0.53812	   8.71887
 35	 19	  -0.00000	  -0.00000	  -0.00000	   1.06662	   1.06662	   7.88817
 35	 18	  -0.00000	  -0.00000	  -0.00000	   1.50844	   1.50844	   7.04399
 35	 17	  -0.00000	  -0.00000	  -0.00000	   1.82807	   1.82807	   6.21569
 35	 16	  -0.00000	  -0.00000	  -0.00000	   2.01261	   2.01261	   5.52829
 35	 15	  -0.00000	  -0.00000	  -0.00000	   2.06831	   2.06831	   5.22566
 35	 14	  -0.00000	  -0.00000	  -0.00000	   2.01261	   2.01261	   5.48790
 35	 13	  -0.00000	  -0.00000	  -0.00000	   1.82807	   1.82807	   6.15086
 35	 12	  -0.00000	  -0.00000	  -0.00000	   1.54602	   1.54602	   7.00453
 35	 11	  -0.00000	  -0.00000	  -0.00000	   1.17905	   1.17905	   7.91731
 35	 10	  -0.00000	  -0.00000	  -0.00000	   0.75318	   0.75318	   8.84720
 35	  9	  -0.00000	  -0.00000	  -0.00000	   0.33971	   0.33971	   9.83296
 35	  8	  -0.00000	  -0.00000	  -0.00000	   0.02614	   0.02614	  10.94543
 35	  7	  -0.00000	  -0.00000	  -0.00000	  -0.09853	  -0.09853	  12.26430
 35	  6	  -0.00000	  -0.00000	  -0.00000	   0.00294	   0.00294	  13.82135
 35	  5	  -0.00000	  -0.00000	  -0.00000	   0.29818	   0.29818	  15.58076
 35	  4	  -0.00000	  -0.00000	  -0.00000	   0.70990	   0.70990	  17.46299
 35	  3	  -0.00000	  -0.00000	  -0.00000	   1.15031	   1.15031	  19.37872
 35	  2	  -0.00000	  -0.00000	  -0.00000	   1.53435	   1.53435	  21.24180
 35	  1	  -0.00000	  -0.00000	  -0.00000	   1.81657	   1.81657	  23.00601

 36	 30	  -0.00000	  -0.00000	   0.00000	   1.81372	   1.81372	  24.83669
 36	 29	  -0.00000	  -0.00000	   0.00000	   1.48818	   1.48818	  23.04430
 36	 28	  -0.00000	  -0.00000	   0.00000	   1.05023	   1.05023	  21.14438
 36	 27	  -0.00000	  -0.00000	   0.00000	   0.51685	   0.51685	  19.15508
 36	 26	  -0.00000	  -0.00000	   0.00000	  -0.04055	  -0.04055	  17.14935
 36	 25	  -0.00000	  -0.00000	   0.00000	  -0.49898	  -0.49898	  15.25226
 36	 24	  -0.00000	  -0.00000	   0.00000	  -0.76073	  -0.76073	  13.56444
 36	 23	  -0.00000	  -0.00000	  -0.00000	  -0.75490	  -0.75490	  12.16095
 36	 22	  -0.00000	  -0.00000	  -0.00000	  -0.48642	  -0.48642	  11.04302
 36	 21	  -0.00000	  -0.00000	  -0.00000	  -0.03243	  -0.03243	  10.14288
 36	 20	  -0.00000	  -0.00000	  -0.00000	   0.50596	   0.50596	   9.37419
 36	 19	  -0.00000	  -0.00000	  -0.00000	   1.02552	   1.02552	   8.65798
 36	 18	  -0.00000	  -0.00000	  -0.00000	   1.46082	   1.46082	   7.96953
 36	 17	  -0.00000	  -0.00000	  -0.00000	   1.78891	   1.78891	   7.35418
 36	 16	  -0.00000	  -0.00000	  -0.00000	   1.96982	   1.96982	   6.87706
 36	 15	  -0.00000	  -0.00000	  -0.00000	   2.02576	   2.02576	   6.68300
 36	 14	  -0.00000	  -0.00000	  -0.00000	   1.96982	   1.96982	   6.84821
 36	 13	  -0.00000	  -0.00000	  -0.00000	   1.78891	   1.78891	   7.30322
 36	 12	  -0.00000	  -0.00000	  -0.00000	   1.49840	   1.49840	   7.94172
 36	 11	  -0.00000	  -0.00000	  -0.00000	   1.13087	   1.13087	   8.68899
 36	 10	  -0.00000	  -0.00000	  -0.00000	   0.70797	   0.70797	   9.49626
 36	  9	  -0.00000	  -0.00000	  -0.00000	   0.30772	   0.30772	  10.39944
 36	  8	  -0.00000	  -0.00000	  -0.00000	   0.01541	   0.01541	  11.45883
 36	  7	  -0.00000	  -0.00000	  -0.00000	  -0.08568	  -0.08568	  12.74243
 36	  6	  -0.00000	  -0.00000	  -0.00000	   0.02985	   0.02985	  14.26605
 36	  5	  -0.00000	  -0.00000	  -0.00000	   0.33677	   0.33677	  15.99813
 36	  4	  -0.00000	  -0.00000	  -0.00000	   0.75003	   0.75003	  17.84936
 36	  3	  -0.00000	  -0.00000	  -0.00000	   1.18606	   1.18606	  19.73319
 36	  2	  -0.00000	  -0.00000	  -0.00000	   1.55206	   1.55206	  21.55468
 36	  1	  -0.00000	  -0.00000	  -0.00000	   1.82833	   1.82833	  23.29257

 37	 30	  -0.00000	  -0.00000	   0.00000	   1.84341	   1.84341	  25.21601
 37	 29	  -0.00000	  -0.00000	   0.00000	   1.54169	   1.54169	  23.47083
 37	 28	  -0.00000	  -0.00000	   0.00000	   1.13426	   1.13426	  21.62806
 37	 27	  -0.00000	  -0.00000	   0.00000	   0.63387	   0.63387	  19.70230
 37	 26	  -0.00000	  -0.00000	   0.00000	   0.11628	   0.11628	  17.77169
 37	 25	  -0.00000	  -0.00000	   0.00000	  -0.32666	  -0.32666	  15.93134
 37	 24	  -0.00000	  -0.00000	   0.00000	  -0.59469	  -0.59469	  14.28588
 37	 23	  -0.00000	  -0.00000	   0.00000	  -0.61705	  -0.61705	  12.91218
 37	 22	  -0.00000	  -0.00000	  -0.00000	  -0.39141	  -0.39141	  11.82124
 37	 21	  -0.00000	  -0.00000	  -0.00000	   0.01678	   0.01678	  10.96017
 37	 20	  -0.00000	  -0.00000	  -0.00000	   0.51738	   0.51738	  10.25733
 37	 19	  -0.00000	  -0.00000	  -0.00000	   1.01323	   1.01323	   9.64314
 37	 18	  -0.00000	  -0.00000	  -0.00000	   1.43385	   1.43385	   9.08789
 37	 17	  -0.00000	  -0.00000	  -0.00000	   1.74915	   1.74915	   8.61888
 37	 16	  -0.00000	  -0.00000	  -0.00000	   1.93179	   1.93179	   8.28017
 37	 15	  -0.00000	  -0.00000	  -0.00000	   1.98593	   1.98593	   8.14311
 37	 14	  -0.00000	  -0.00000	  -0.00000	   1.93179	   1.93179	   8.25790
 37	 13	  -0.00000	  -0.00000	  -0.00000	   1.74915	   1.74915	   8.57766
 37	 12	  -0.00000	  -0.00000	  -0.00000	   1.47143	   1.47143	   9.06994
 37	 11	  -0.00000	  -0.00000	  -0.00000	   1.10813	   1.10813	   9.67237
 37	 10	  -0.00000	  -0.00000	  -0.00000	   0.70015	   0.70015	  10.36736
 37	  9	  -0.00000	  -0.00000	  -0.00000	   0.32520	   0.32520	  11.19092
 37	  8	  -0.00000	  -0.00000	  -0.00000	   0.06361	   0.06361	  12.19508
 37	  7	  -0.00000	  -0.00000	  -0.00000	  -0.00964	  -0.00964	  13.43586
 37	  6	  -0.00000	  -0.00000	  -0.00000	   0.12289	   0.12289	  14.91783
 37	  5	  -0.00000	  -0.00000	  -0.00000	   0.43191	   0.43191	  16.60284
 37	  4	  -0.00000	  -0.00000	  -0.00000	   0.83385	   0.83385	  18.40109
 37	  3	  -0.00000	  -0.00000	  -0.00000	   1.24129	   1.24129	  20.22067
 37	  2	  -0.00000	  -0.00000	  -0.00000	   1.58928	   1.58928	  21.99334
 37	  1	  -0.00000	  -0.00000	  -0.00000	   1.85011	   1.85011	  23.68894

 38	 30	  -0.00000	  -0.00000	   0.00000	   1.88930	   1.88930	  25.70105
 38	 29	  -0.00000	  -0.00000	   0.00000	   1.62277	   1.62277	  24.01938
 38	 28	  -0.00000	  -0.00000	   0.00000	   1.26169	   1.26169	  22.25495
 38	 27	  -0.00000	  -0.00000	   0.00000	   0.81450	   0.81450	  20.41873
 38	 26	  -0.00000	  -0.00000	   0.00000	   0.34722	   0.34722	  18.58002
 38	 25	  -0.00000	  -0.00000	   0.00000	  -0.06183	  -0.06183	  16.82140
 38	 24	  -0.00000	  -0.00000	   0.00000	  -0.31631	  -0.31631	  15.24494
 38	 23	  -0.00000	  -0.00000	   0.00000	  -0.36079	  -0.36079	  13.91370
 38	 22	  -0.00000	  -0.00000	  -0.00000	  -0.18206	  -0.18206	  12.85136
 38	 21	  -0.00000	  -0.00000	  -0.00000	   0.16713	   0.16713	  12.01951
 38	 20	  -0.00000	  -0.00000	  -0.00000	   0.61070	   0.61070	  11.36187
 38	 19	  -0.00000	  -0.00000	  -0.00000	   1.05653	   1.05653	  10.81340
 38	 18	  -0.00000	  -0.00000	  -0.00000	   1.44956	   1.44956	  10.35492
 38	 17	  -0.00000	  -0.00000	  -0.00000	   1.74679	   1.74679	   9.98779
 38	 16	  -0.00000	  -0.00000	  -0.00000	   1.92040	   1.92040	   9.73212
 38	 15	  -0.00000	  -0.00000	  -0.00000	   1.96985	   1.96985	   9.62699
 38	 14	  -0.00000	  -0.00000	  -0.00000	   1.92040	   1.92040	   9.71403
 38	 13	  -0.00000	  -0.00000	  -0.00000	   1.74679	   1.74679	   9.95346
 38	 12	  -0.00000	  -0.00000	  -0.00000	   1.48045	   1.48045	  10.33812
 38	 11	  -0.00000	  -0.00000	  -0.00000	   1.13764	   1.13764	  10.83647
 38	 10	  -0.00000	  -0.00000	  -0.00000	   0.76807	   0.76807	  11.45339
 38	  9	  -0.00000	  -0.00000	  -0.00000	   0.43366	   0.43366	  12.21436
 38	  8	  -0.00000	  -0.00000	  -0.00000	   0.21116	   0.21116	  13.16854
 38	  7	  -0.00000	  -0.00000	  -0.00000	   0.16504	   0.16504	  14.36020
 38	  6	  -0.00000	  -0.00000	  -0.00000	   0.30488	   0.30488	  15.78427
 38	  5	  -0.00000	  -0.00000	  -0.00000	   0.59485	   0.59485	  17.39426
 38	  4	  -0.00000	  -0.00000	  -0.00000	   0.96841	   0.96841	  19.11584
 38	  3	  -0.00000	  -0.00000	  -0.00000	   1.34033	   1.34033	  20.85796
 38	  2	  -0.00000	  -0.00000	  -0.00000	   1.65491	   1.65491	  22.56057
 38	  1	  -0.00000	  -0.00000	  -0.00000	   1.88930	   1.88930	  24.19750

 39	 30	  -0.00000	  -0.00000	   0.00000	   1.94352	   1.94352	  26.27910
 39	 29	  -0.00000	  -0.00000	   0.00000	   1.72648	   1.72648	  24.67923
 39	 28	  -0.00000	  -0.00000	   0.00000	   1.42004	   1.42004	  23.00563
 39	 27	  -0.00000	  -0.00000	   0.00000	   1.04370	   1.04370	  21.28096
 39	 26	  -0.00000	  -0.00000	   0.00000	   0.64731	   0.64731	  19.55909
 39	 25	  -0.00000	  -0.00000	   0.00000	   0.29327	   0.29327	  17.90759
 39	 24	  -0.00000	  -0.00000	   0.00000	   0.06355	   0.06355	  16.41510
 39	 23	  -0.00000	  -0.00000	   0.00000	   0.00651	   0.00651	  15.13867
 39	 22	  -0.00000	  -0.00000	  -0.00000	   0.13888	   0.13888	  14.10638
 39	 21	  -0.00000	  -0.00000	  -0.00000	   0.42036	   0.42036	  13.29280
 39	 20	  -0.00000	  -0.00000	  -0.00000	   0.79092	   0.79092	  12.65720
 39	 19	  -0.00000	  -0.00000	  -0.00000	   1.17201	   1.17201	  12.14550
 39	 18	  -0.00000	  -0.00000	  -0.00000	   1.51603	   1.51603	  11.73984
 39	 17	  -0.00000	  -0.00000	  -0.00000	   1.77714	   1.77714	  11.42779
 39	 16	  -0.00000	  -0.00000	  -0.00000	   1.93040	   1.93040	  11.21716
 39	 15	  -0.00000	  -0.00000	  -0.00000	   1.98224	   1.98224	  11.13936
 39	 14	  -0.00000	  -0.00000	  -0.00000	   1.93040	   1.93040	  11.20195
 39	 13	  -0.00000	  -0.00000	  -0.00000	   1.77714	   1.77714	  11.39849
 39	 12	  -0.00000	  -0.00000	  -0.00000	   1.53900	   1.53900	  11.72131
 39	 11	  -0.00000	  -0.00000	  -0.00000	   1.23683	   1.23683	  12.15875
 39	 10	  -0.00000	  -0.00000	  -0.00000	   0.91827	   0.91827	  12.72492
 39	  9	  -0.00000	  -0.00000	  -0.00000	   0.63740	   0.63740	  13.44388
 39	  8	  -0.00000	  -0.00000	  -0.00000	   0.45909	   0.45909	  14.35566
 39	  7	  -0.00000	  -0.00000	  -0.00000	   0.43596	   0.43596	  15.49330
 39	  6	  -0.00000	  -0.00000	  -0.00000	   0.57087	   0.57087	  16.84455
 39	  5	  -0.00000	  -0.00000	  -0.00000	   0.82958	   0.82958	  18.36358
 39	  4	  -0.00000	  -0.00000	  -0.00000	   1.15463	   1.15463	  19.98413
 39	  3	  -0.00000	  -0.00000	  -0.00000	   1.47314	   1.47314	  21.62652
 39	  2	  -0.00000	  -0.00000	  -0.00000	   1.74025	   1.74025	  23.24066
 39	  1	  -0.00000	  -0.00000	  -0.00000	   1.94352	   1.94352	  24.81001

 40	 30	  -0.00000	  -0.00000	   0.00000	   2.00083	   2.00083	  26.93958
 40	 29	  -0.00000	  -0.00000	   0.00000	   1.83610	   1.83610	  25.42742
 40	 28	  -0.00000	  -0.00000	   0.00000	   1.59306	   1.59306	  23.85646
 40	 27	  -0.00000	  -0.00000	   0.00000	   1.29765	   1.29765	  22.25636
 40	 26	  -0.00000	  -0.00000	   0.00000	   0.98480	   0.98480	  20.66669
 40	 25	  -0.00000	  -0.00000	   0.00000	   0.70036	   0.70036	  19.13906
 40	 24	  -0.00000	  -0.00000	   0.00000	   0.50974	   0.50974	  17.74616
 40	 23	  -0.00000	  -0.00000	   0.00000	   0.45138	   0.45138	  16.53563
 40	 22	  -0.00000	  -0.00000	   0.00000	   0.54274	   0.54274	  15.53647
 40	 21	  -0.00000	  -0.00000	  -0.00000	   0.75448	   0.75448	  14.73378
 40	 20	  -0.00000	  -0.00000	  -0.00000	   1.04300	   1.04300	  14.10170
 40	 19	  -0.00000	  -0.00000	  -0.00000	   1.34553	   1.34553	  13.59863
 40	 18	  -0.00000	  -0.00000	  -0.00000	   1.62503	   1.62503	  13.21155
 40	 17	  -0.00000	  -0.00000	  -0.00000	   1.83645	   1.83645	  12.92050
 40	 16	  -0.00000	  -0.00000	  -0.00000	   1.96065	   1.96065	  12.72935
 40	 15	  -0.00000	  -0.00000	  -0.00000	   2.00926	   2.00926	  12.66636
 40	 14	  -0.00000	  -0.00000	  -0.00000	   1.96065	   1.96065	  12.71624
 40	 13	  -0.00000	  -0.00000	  -0.00000	   1.83645	   1.83645	  12.89500
 40	 12	  -0.00000	  -0.00000	  -0.00000	   1.63964	   1.63964	  13.18955
 40	 11	  -0.00000	  -0.00000	  -0.00000	   1.39313	   1.39313	  13.60006
 40	 10	  -0.00000	  -0.00000	  -0.00000	   1.13862	   1.13862	  14.14316
 40	  9	  -0.00000	  -0.00000	  -0.00000	   0.91921	   0.91921	  14.83779
 40	  8	  -0.00000	  -0.00000	  -0.00000	   0.78578	   0.78578	  15.71346
 40	  7	  -0.00000	  -0.00000	  -0.00000	   0.77893	   0.77893	  16.79281
 40	  6	  -0.00000	  -0.00000	  -0.00000	   0.89670	   0.89670	  18.05925
 40	  5	  -0.00000	  -0.00000	  -0.00000	   1.10942	   1.10942	  19.47140
 40	  4	  -0.00000	  -0.00000	  -0.00000	   1.37176	   1.37176	  20.97459
 40	  3	  -0.00000	  -0.00000	  -0.00000	   1.62520	   1.62520	  22.50293
 40	  2	  -0.00000	  -0.00000	  -0.00000	   1.83610	   1.83610	  24.01692
 40	  1	  -0.00000	  -0.00000	  -0.00000	   2.00083	   2.00083	  25.50823

 41	 30	  -0.00000	  -0.00000	   0.00000	   2.05505	   2.05505	  27.67071
 41	 29	  -0.00000	  -0.00000	   0.00000	   1.93980	   1.93980	  26.24559
 41	 28	  -0.00000	  -0.00000	   0.00000	   1.76977	   1.76977	  24.78889
 41	 27	  -0.00000	  -0.00000	   0.00000	   1.54568	   1.54568	  23.30548
 41	 26	  -0.00000	  -0.00000	   0.00000	   1.31777	   1.31777	  21.85061
 41	 25	  -0.00000	  -0.00000	   0.00000	   1.10710	   1.10710	  20.45152
 41	 24	  -0.00000	  -0.00000	   0.00000	   0.96261	   0.96261	  19.16468
 41	 23	  -0.00000	  -0.00000	   0.00000	   0.91164	   0.91164	  18.02666
 41	 22	  -0.00000	  -0.00000	   0.00000	   0.97029	   0.97029	  17.06479
 41	 21	  -0.00000	  -0.00000	  -0.00000	   1.11788	   1.11788	  16.27182
 41	 20	  -0.00000	  -0.00000	  -0.00000	   1.32582	   1.32582	  15.63493
 41	 19	  -0.00000	  -0.00000	  -0.00000	   1.54714	   1.54714	  15.12505
 41	 18	  -0.00000	  -0.00000	  -0.00000	   1.75668	   1.75668	  14.73622
 41	 17	  -0.00000	  -0.00000	  -0.00000	   1.91294	   1.91294	  14.44598
 41	 16	  -0.00000	  -0.00000	  -0.00000	   2.01363	   2.01363	  14.26867
 41	 15	  -0.00000	  -0.00000	  -0.00000	   2.04599	   2.04599	  14.20308
 41	 14	  -0.00000	  -0.00000	  -0.00000	   2.01363	   2.01363	  14.25715
 41	 13	  -0.00000	  -0.00000	  -0.00000	   1.91294	   1.91294	  14.42343
 41	 12	  -0.00000	  -0.00000	  -0.00000	   1.76338	   1.76338	  14.71025
 41	 11	  -0.00000	  -0.00000	  -0.00000	   1.57846	   1.57846	  15.11471
 41	 10	  -0.00000	  -0.00000	  -0.00000	   1.39143	   1.39143	  15.65113
 41	  9	  -0.00000	  -0.00000	  -0.00000	   1.23313	   1.23313	  16.33107
 41	  8	  -0.00000	  -0.00000	  -0.00000	   1.14032	   1.14032	  17.17331
 41	  7	  -0.00000	  -0.00000	  -0.00000	   1.14280	   1.14280	  18.19172
 41	  6	  -0.00000	  -0.00000	  -0.00000	   1.23570	   1.23570	  19.36784
 41	  5	  -0.00000	  -0.00000	  -0.00000	   1.39580	   1.39580	  20.66710
 41	  4	  -0.00000	  -0.00000	  -0.00000	   1.59086	   1.59086	  22.04794
 41	  3	  -0.00000	  -0.00000	  -0.00000	   1.77685	   1.77685	  23.45866
 41	  2	  -0.00000	  -0.00000	  -0.00000	   1.93980	   1.93980	  24.87906
 41	  1	  -0.00000	  -0.00000	  -0.00000	   2.05505	   2.05505	  26.27939

 42	 30	  -0.00000	  -0.00000	   0.00000	   2.10094	   2.10094	  28.46158
 42	 29	  -0.00000	  -0.00000	   0.00000	   2.02758	   2.02758	  27.11726
 42	 28	  -0.00000	  -0.00000	   0.00000	   1.91935	   1.91935	  25.76471
 42	 27	  -0.00000	  -0.00000	   0.00000	   1.76977	   1.76977	  24.40183
 42	 26	  -0.00000	  -0.00000	   0.00000	   1.60806	   1.60806	  23.06309
 42	 25	  -0.00000	  -0.00000	   0.00000	   1.46486	   1.46486	  21.78548
 42	 24	  -0.00000	  -0.00000	   0.00000	   1.36529	   1.36529	  20.60162
 42	 23	  -0.00000	  -0.00000	   0.00000	   1.32628	   1.32628	  19.53740
 42	 22	  -0.00000	  -0.00000	   0.00000	   1.36142	   1.36142	  18.61696
 42	 21	  -0.00000	  -0.00000	   0.00000	   1.45620	   1.45620	  17.83799
 42	 20	  -0.00000	  -0.00000	  -0.00000	   1.59432	   1.59432	  17.19790
 42	 19	  -0.00000	  -0.00000	  -0.00000	   1.74266	   1.74266	  16.67854
 42	 18	  -0.00000	  -0.00000	  -0.00000	   1.88724	   1.88724	  16.28132
 42	 17	  -0.00000	  -0.00000	  -0.00000	   2.00090	   2.00090	  15.99369
 42	 16	  -0.00000	  -0.00000	  -0.00000	   2.06668	   2.06668	  15.81102
 42	 15	  -0.00000	  -0.00000	  -0.00000	   2.08513	   2.08513	  15.74221
 42	 14	  -0.00000	  -0.00000	  -0.00000	   2.06668	   2.06668	  15.80075
 42	 13	  -0.00000	  -0.00000	  -0.00000	   2.00090	   2.00090	  15.97349
 42	 12	  -0.00000	  -0.00000	  -0.00000	   1.88724	   1.88724	  16.25186
 42	 11	  -0.00000	  -0.00000	  -0.00000	   1.76018	   1.76018	  16.65821
 42	 10	  -0.00000	  -0.00000	  -0.00000	   1.63452	   1.63452	  17.19280
 42	  9	  -0.00000	  -0.00000	  -0.00000	   1.52956	   1.52956	  17.85956
 42	  8	  -0.00000	  -0.00000	  -0.00000	   1.46965	   1.46965	  18.66783
 42	  7	  -0.00000	  -0.00000	  -0.00000	   1.47586	   1.47586	  19.62487
 42	  6	  -0.00000	  -0.00000	  -0.00000	   1.54200	   1.54200	  20.71217
 42	  5	  -0.00000	  -0.00000	  -0.00000	   1.65167	   1.65167	  21.90270
 42	  4	  -0.00000	  -0.00000	  -0.00000	   1.78476	   1.78476	  23.16730
 42	  3	  -0.00000	  -0.00000	  -0.00000	   1.91935	   1.91935	  24.47643
 42	  2	  -0.00000	  -0.00000	  -0.00000	   2.02758	   2.02758	  25.79585
 42	  1	  -0.00000	  -0.00000	  -0.00000	   2.10094	   2.10094	  27.11173

 43	 30	  -0.00000	  -0.00000	   0.00000	   2.13063	   2.13063	  29.29871
 43	 29	  -0.00000	  -0.00000	   0.00000	   2.08900	   2.08900	  28.02572
 43	 28	  -0.00000	  -0.00000	   0.00000	   2.02758	   2.02758	  26.76262
 43	 27	  -0.00000	  -0.00000	   0.00000	   1.93980	   1.93980	  25.50738
 43	 26	  -0.00000	  -0.00000	   0.00000	   1.83610	   1.83610	  24.27579
 43	 25	  -0.00000	  -0.00000	   0.00000	   1.74855	   1.74855	  23.10618
 43	 24	  -0.00000	  -0.00000	   0.00000	   1.68138	   1.68138	  22.01011
 43	 23	  -0.00000	  -0.00000	   0.00000	   1.65483	   1.65483	  21.01629
 43	 22	  -0.00000	  -0.00000	   0.00000	   1.67475	   1.67475	  20.14026
 43	 21	  -0.00000	  -0.00000	   0.00000	   1.73061	   1.73061	  19.38235
 43	 20	  -0.00000	  -0.00000	   0.00000	   1.81507	   1.81507	  18.74707
 43	 19	  -0.00000	  -0.00000	  -0.00000	   1.91080	   1.91080	  18.22955
 43	 18	  -0.00000	  -0.00000	  -0.00000	   1.99614	   1.99614	  17.82050
 43	 17	  -0.00000	  -0.00000	  -0.00000	   2.06435	   2.06435	  17.52460
 43	 16	  -0.00000	  -0.00000	  -0.00000	   2.10205	   2.10205	  17.33779
 43	 15	  -0.00000	  -0.00000	  -0.00000	   2.11842	   2.11842	  17.27549
 43	 14	  -0.00000	  -0.00000	  -0.00000	   2.10205	   2.10205	  17.32852
 43	 13	  -0.00000	  -0.00000	  -0.00000	   2.06435	   2.06435	  17.50632
 43	 12	  -0.00000	  -0.00000	  -0.00000	   1.99614	   1.99614	  17.79371
 43	 11	  -0.00000	  -0.00000	  -0.00000	   1.91788	   1.91788	  18.20199
 43	 10	  -0.00000	  -0.00000	  -0.00000	   1.83603	   1.83603	  18.72629
 43	  9	  -0.00000	  -0.00000	  -0.00000	   1.77224	   1.77224	  19.37593
 43	  8	  -0.00000	  -0.00000	  -0.00000	   1.73617	   1.73617	  20.14809
 43	  7	  -0.00000	  -0.00000	  -0.00000	   1.74262	   1.74262	  21.04566
 43	  6	  -0.00000	  -0.00000	  -0.00000	   1.78508	   1.78508	  22.05122
 43	  5	  -0.00000	  -0.00000	  -0.00000	   1.85817	   1.85817	  23.14961
 43	  4	  -0.00000	  -0.00000	  -0.00000	   1.93980	   1.93980	  24.31018
 43	  3	  -0.00000	  -0.00000	  -0.00000	   2.02758	   2.02758	  25.52318
 43	  2	  -0.00000	  -0.00000	  -0.00000	   2.08900	   2.08900	  26.74973
 43	  1	  -0.00000	  -0.00000	  -0.00000	   2.13063	   2.13063	  27.99104

 44	 30	  -0.00000	  -0.00000	   0.00000	   2.15076	   2.15076	  30.18333
 44	 29	  -0.00000	  -0.00000	   0.00000	   2.13063	   2.13063	  28.97154
 44	 28	  -0.00000	  -0.00000	   0.00000	   2.10094	   2.10094	  27.78251
 44	 27	  -0.00000	  -0.00000	   0.00000	   2.05505	   2.05505	  26.61420
 44	 26	  -0.00000	  -0.00000	   0.00000	   2.00083	   2.00083	  25.47977
 44	 25	  -0.00000	  -0.00000	   0.00000	   1.94352	   1.94352	  24.39056
 44	 24	  -0.00000	  -0.00000	   0.00000	   1.90430	   1.90430	  23.37470
 44	 23	  -0.00000	  -0.00000	   0.00000	   1.88859	   1.88859	  22.44551
 44	 22	  -0.00000	  -0.00000	   0.00000	   1.89984	   1.89984	  21.61522
 44	 21	  -0.00000	  -0.00000	   0.00000	   1.92978	   1.92978	  20.88512
 44	 20	  -0.00000	  -0.00000	   0.00000	   1.97702	   1.97702	  20.26400
 44	 19	  -0.00000	  -0.00000	  -0.00000	   2.03173	   2.03173	  19.75241
 44	 18	  -0.00000	  -0.00000	  -0.00000	   2.07554	   2.07554	  19.34201
 44	 17	  -0.00000	  -0.00000	  -0.00000	   2.11139	   2.11139	  19.04479
 44	 16	  -0.00000	  -0.00000	  -0.00000	   2.13771	   2.13771	  18.86640
 44	 15	  -0.00000	  -0.00000	  -0.00000	   2.14284	   2.14284	  18.79991
 44	 14	  -0.00000	  -0.00000	  -0.00000	   2.13771	   2.13771	  18.85796
 44	 13	  -0.00000	  -0.00000	  -0.00000	   2.11139	   2.11139	  19.02811
 44	 12	  -0.00000	  -0.00000	  -0.00000	   2.07554	   2.07554	  19.31747
 44	 11	  -0.00000	  -0.00000	  -0.00000	   2.03173	   2.03173	  19.72052
 44	 10	  -0.00000	  -0.00000	  -0.00000	   1.98493	   1.98493	  20.23327
 44	  9	  -0.00000	  -0.00000	  -0.00000	   1.94990	   1.94990	  20.86051
 44	  8	  -0.00000	  -0.00000	  -0.00000	   1.92953	   1.92953	  21.59472
 44	  7	  -0.00000	  -0.00000	  -0.00000	   1.93448	   1.93448	  22.43640
 44	  6	  -0.00000	  -0.00000	  -0.00000	   1.95851	   1.95851	  23.36966
 44	  5	  -0.00000	  -0.00000	  -0.00000	   2.00083	   2.00083	  24.38489
 44	  4	  -0.00000	  -0.00000	  -0.00000	   2.05505	   2.05505	  25.46776
 44	  3	  -0.00000	  -0.00000	  -0.00000	   2.10094	   2.10094	  26.59102
 44	  2	  -0.00000	  -0.00000	  -0.00000	   2.13063	   2.13063	  27.74064
 44	  1	  -0.00000	  -0.00000	  -0.00000	   2.15076	   2.15076	  28.91793

 45	 30	  -0.00000	  -0.00000	   0.00000	   2.15867	   2.15867	  31.10770
 45	 29	  -0.00000	  -0.00000	   0.00000	   2.15159	   2.15159	  29.94826
 45	 28	  -0.00000	  -0.00000	   0.00000	   2.14114	   2.14114	  28.82005
 45	 27	  -0.00000	  -0.00000	   0.00000	   2.12066	   2.12066	  27.72091
 45	 26	  -0.00000	  -0.00000	   0.00000	   2.09645	   2.09645	  26.66232
 45	 25	  -0.00000	  -0.00000	   0.00000	   2.07087	   2.07087	  25.65244
 45	 24	  -0.00000	  -0.00000	   0.00000	   2.04667	   2.04667	  24.70057
 45	 23	  -0.00000	  -0.00000	   0.00000	   2.03326	   2.03326	  23.82335
 45	 22	  -0.00000	  -0.00000	   0.00000	   2.03996	   2.03996	  23.03798
 45	 21	  -0.00000	  -0.00000	   0.00000	   2.05458	   2.05458	  22.34068
 45	 20	  -0.00000	  -0.00000	   0.00000	   2.07923	   2.07923	  21.74226
 45	 19	  -0.00000	  -0.00000	   0.00000	   2.10437	   2.10437	  21.24185
 45	 18	  -0.00000	  -0.00000	  -0.00000	   2.12735	   2.12735	  20.84505
 45	 17	  -0.00000	  -0.00000	  -0.00000	   2.14114	   2.14114	  20.55204
 45	 16	  -0.00000	  -0.00000	  -0.00000	   2.15159	   2.15159	  20.37437
 45	 15	  -0.00000	  -0.00000	  -0.00000	   2.15867	   2.15867	  20.31573
 45	 14	  -0.00000	  -0.00000	  -0.00000	   2.15159	   2.15159	  20.36663
 45	 13	  -0.00000	  -0.00000	  -0.00000	   2.14114	   2.14114	  20.53670
 45	 12	  -0.00000	  -0.00000	  -0.00000	   2.12735	   2.12735	  20.82241
 45	 11	  -0.00000	  -0.00000	  -0.00000	   2.10437	   2.10437	  21.21233
 45	 10	  -0.00000	  -0.00000	  -0.00000	   2.07923	   2.07923	  21.70633
 45	  9	  -0.00000	  -0.00000	  -0.00000	   2.06166	   2.06166	  22.30596
 45	  8	  -0.00000	  -0.00000	  -0.00000	   2.05040	   2.05040	  23.00131
 45	  7	  -0.00000	  -0.00000	  -0.00000	   2.05375	   2.05375	  23.79195
 45	  6	  -0.00000	  -0.00000	  -0.00000	   2.07087	   2.07087	  24.66862
 45	  5	  -0.00000	  -0.00000	  -0.00000	   2.09645	   2.09645	  25.61809
 45	  4	  -0.00000	  -0.00000	  -0.00000	   2.12066	   2.12066	  26.62323
 45	  3	  -0.00000	  -0.00000	  -0.00000	   2.14114	   2.14114	  27.67514
 45	  2	  -0.00000	  -0.00000	  -0.00000	   2.15159	   2.15159	  28.76162
 45	  1	  -0.00000	  -0.00000	  -0.00000	   2.15867	   2.15867	  29.88415

 46	 30	  -0.00000	  -0.00000	   0.00000	   2.15867	   2.15867	  32.07133
 46	 29	  -0.00000	  -0.00000	   0.00000	   2.15867	   2.15867	  30.95756
 46	 28	  -0.00000	  -0.00000	   0.00000	   2.15867	   2.15867	  29.88023
 46	 27	  -0.00000	  -0.00000	   0.00000	   2.15197	   2.15197	  28.83706
 46	 26	  -0.00000	  -0.00000	   0.00000	   2.14406	   2.14406	  27.83847
 46	 25	  -0.00000	  -0.00000	   0.00000	   2.13569	   2.13569	  26.89072
 46	 24	  -0.00000	  -0.00000	   0.00000	   2.12778	   2.12778	  26.00079
 46	 23	  -0.00000	  -0.00000	   0.00000	   2.12109	   2.12109	  25.17600
 46	 22	  -0.00000	  -0.00000	   0.00000	   2.12109	   2.12109	  24.42889
 46	 21	  -0.00000	  -0.00000	   0.00000	   2.12778	   2.12778	  23.76679
 46	 20	  -0.00000	  -0.00000	   0.00000	   2.13569	   2.13569	  23.19171
 46	 19	  -0.00000	  -0.00000	   0.00000	   2.14406	   2.14406	  22.71016
 46	 18	  -0.00000	  -0.00000	   0.00000	   2.15197	   2.15197	  22.32803
 46	 17	  -0.00000	  -0.00000	  -0.00000	   2.15867	   2.15867	  22.05043
 46	 16	  -0.00000	  -0.00000	  -0.00000	   2.15867	   2.15867	  21.87645
 46	 15	  -0.00000	  -0.00000	  -0.00000	   2.15867	   2.15867	  21.81572
 46	 14	  -0.00000	  -0.00000	  -0.00000	   2.15867	   2.15867	  21.86929
 46	 13	  -0.00000	  -0.00000	  -0.00000	   2.15867	   2.15867	  22.03623
 46	 12	  -0.00000	  -0.00000	  -0.00000	   2.15197	   2.15197	  22.30703
 46	 11	  -0.00000	  -0.00000	  -0.00000	   2.14406	   2.14406	  22.68268
 46	 10	  -0.00000	  -0.00000	  -0.00000	   2.13569	   2.13569	  23.15816
 46	  9	  -0.00000	  -0.00000	  -0.00000	   2.12778	   2.12778	  23.72762
 46	  8	  -0.00000	  -0.00000	  -0.00000	   2.12109	   2.12109	  24.38455
 46	  7	  -0.00000	  -0.00000	  -0.00000	   2.12778	   2.12778	  25.13366
 46	  6	  -0.00000	  -0.00000	  -0.00000	   2.13569	   2.13569	  25.95542
 46	  5	  -0.00000	  -0.00000	  -0.00000	   2.14406	   2.14406	  26.84200
 46	  4	  -0.00000	  -0.00000	  -0.00000	   2.15197	   2.15197	  27.78587
 46	  3	  -0.00000	  -0.00000	  -0.00000	   2.15867	   2.15867	  28.78020
 46	  2	  -0.00000	  -0.00000	  -0.00000	   2.15867	   2.15867	  29.81395
 46	  1	  -0.00000	  -0.00000	  -0.00000	   2.15867	   2.15867	  30.88885

 47	 30	  -0.00000	  -0.00000	   0.00000	   2.15867	   2.15867	  33.07773
 47	 29	  -0.00000	  -0.00000	   0.00000	   2.15867	   2.15867	  32.00154
 47	 28	  -0.00000	  -0.00000	   0.00000	   2.15867	   2.15867	  30.96328
 47	 27	  -0.00000	  -0.00000	   0.00000	   2.15867	   2.15867	  29.96720
 47	 26	  -0.00000	  -0.00000	   0.00000	   2.15867	   2.15867	  29.01800
 47	 25	  -0.00000	  -0.00000	   0.00000	   2.15867	   2.15867	  28.12080
 47	 24	  -0.00000	  -0.00000	   0.00000	   2.15867	   2.15867	  27.28119
 47	 23	  -0.00000	  -0.00000	   0.00000	   2.15867	   2.15867	  26.50513
 47	 22	  -0.00000	  -0.00000	   0.00000	   2.15867	   2.15867	  25.79886
 47	 21	  -0.00000	  -0.00000	   0.00000	   2.15867	   2.15867	  25.16883
 47	 20	  -0.00000	  -0.00000	   0.00000	   2.15867	   2.15867	  24.62145
 47	 19	  -0.00000	  -0.00000	   0.00000	   2.15867	   2.15867	  24.16288
 47	 18	  -0.00000	  -0.00000	   0.00000	   2.15867	   2.15867	  23.79878
 47	 17	  -0.00000	  -0.00000	   0.00000	   2.15867	   2.15867	  23.53396
 47	 16	  -0.00000	  -0.00000	  -0.00000	   2.15867	   2.15867	  23.37215
 47	 15	  -0.00000	  -0.00000	  -0.00000	   2.15867	   2.15867	  23.31572
 47	 14	  -0.00000	  -0.00000	  -0.00000	   2.15867	   2.15867	  23.36550
 47	 13	  -0.00000	  -0.00000	  -0.00000	   2.15867	   2.15867	  23.52075
 47	 12	  -0.00000	  -0.00000	  -0.00000	   2.15867	   2.15867	  23.77920
 47	 11	  -0.00000	  -0.00000	  -0.00000	   2.15867	   2.15867	  24.13721
 47	 10	  -0.00000	  -0.00000	  -0.00000	   2.15867	   2.15867	  24.59001
 47	  9	  -0.00000	  -0.00000	  -0.00000	   2.15867	   2.15867	  25.13200
 47	  8	  -0.00000	  -0.00000	  -0.00000	   2.15867	   2.15867	  25.75703
 47	  7	  -0.00000	  -0.00000	  -0.00000	   2.15867	   2.15867	  26.45870
 47	  6	  -0.00000	  -0.00000	  -0.00000	   2.15867	   2.15867	  27.23057
 47	  5	  -0.00000	  -0.00000	  -0.00000	   2.15867	   2.15867	  28.06637
 47	  4	  -0.00000	  -0.00000	  -0.00000	   2.15867	   2.15867	  28.96012
 47	  3	  -0.00000	  -0.00000	  -0.00000	   2.15867	   2.15867	  29.90622
 47	  2	  -0.00000	  -0.00000	  -0.00000	   2.15867	   2.15867	  30.89950
 47	  1	  -0.00000	  -0.00000	  -0.00000	   2.15867	   2.15867	  31.93524

 48	 30	  -0.00000	  -0.00000	   0.00000	   2.15867	   2.15867	  34.12285
 48	 29	  -0.00000	  -0.00000	   0.00000	   2.15867	   2.15867	  33.08306
 48	 28	  -0.00000	  -0.00000	   0.00000	   2.15867	   2.15867	  32.08235
 48	 27	  -0.00000	  -0.00000	   0.00000	   2.15867	   2.15867	  31.12478
 48	 26	  -0.00000	  -0.00000	   0.00000	   2.15867	   2.15867	  30.21476
 48	 25	  -0.00000	  -0.00000	   0.00000	   2.15867	   2.15867	  29.35708
 48	 24	  -0.00000	  -0.00000	   0.00000	   2.15867	   2.15867	  28.55682
 48	 23	  -0.00000	  -0.00000	   0.00000	   2.15867	   2.15867	  27.81936
 48	 22	  -0.00000	  -0.00000	   0.00000	   2.15867	   2.15867	  27.15026
 48	 21	  -0.00000	  -0.00000	   0.00000	   2.15867	   2.15867	  26.55516
 48	 20	  -0.00000	  -0.00000	   0.00000	   2.15867	   2.15867	  26.03957
 48	 19	  -0.00000	  -0.00000	   0.00000	   2.15867	   2.15867	  25.60875
 48	 18	  -0.00000	  -0.00000	   0.00000	   2.15867	   2.15867	  25.26744
 48	 17	  -0.00000	  -0.00000	   0.00000	   2.15867	   2.15867	  25.01964
 48	 16	  -0.00000	  -0.00000	   0.00000	   2.15867	   2.15867	  24.86842
 48	 15	  -0.00000	  -0.00000	  -0.00000	   2.15867	   2.15867	  24.81571
 48	 14	  -0.00000	  -0.00000	  -0.00000	   2.15867	   2.15867	  24.86221
 48	 13	  -0.00000	  -0.00000	  -0.00000	   2.15867	   2.15867	  25.00729
 48	 12	  -0.00000	  -0.00000	  -0.00000	   2.15867	   2.15867	  25.24910
 48	 11	  -0.00000	  -0.00000	  -0.00000	   2.15867	   2.15867	  25.58466
 48	 10	  -0.00000	  -0.00000	  -0.00000	   2.15867	   2.15867	  26.01000
 48	  9	  -0.00000	  -0.00000	  -0.00000	   2.15867	   2.15867	  26.52042
 48	  8	  -0.00000	  -0.00000	  -0.00000	   2.15867	   2.15867	  27.11069
 48	  7	  -0.00000	  -0.00000	  -0.00000	   2.15867	   2.15867	  27.77531
 48	  6	  -0.00000	  -0.00000	  -0.00000	   2.15867	   2.15867	  28.50864
 48	  5	  -0.00000	  -0.00000	  -0.00000	   2.15867	   2.15867	  29.30512
 48	  4	  -0.00000	  -0.00000	  -0.00000	   2.15867	   2.15867	  30.15936
 48	  3	  -0.00000	  -0.00000	  -0.00000	   2.15867	   2.15867	  31.06624
 48	  2	  -0.00000	  -0.00000	  -0.00000	   2.15867	   2.15867	  32.02096
 48	  1	  -0.00000	  -0.00000	  -0.00000	   2.15867	   2.15867	  33.01909

 49	 30	  -0.00000	  -0.00000	   0.00000	   2.15867	   2.15867	  35.20304
 49	 29	  -0.00000	  -0.00000	   0.00000	   2.15867	   2.15867	  34.19832
 49	 28	  -0.00000	  -0.00000	   0.00000	   2.15867	   2.15867	  33.23354
 49	 27	  -0.00000	  -0.00000	   0.00000	   2.15867	   2.15867	  32.31255
 49	 26	  -0.00000	  -0.00000	   0.00000	   2.15867	   2.15867	  31.43947
 49	 25	  -0.00000	  -0.00000	   0.00000	   2.15867	   2.15867	  30.61872
 49	 24	  -0.00000	  -0.00000	   0.00000	   2.15867	   2.15867	  29.85494
 49	 23	  -0.00000	  -0.00000	   0.00000	   2.15867	   2.15867	  29.15296
 49	 22	  -0.00000	  -0.00000	   0.00000	   2.15867	   2.15867	  28.51774
 49	 21	  -0.00000	  -0.00000	   0.00000	   2.15867	   2.15867	  27.95421
 49	 20	  -0.00000	  -0.00000	   0.00000	   2.15867	   2.15867	  27.46714
 49	 19	  -0.00000	  -0.00000	   0.00000	   2.15867	   2.15867	  27.06103
 49	 18	  -0.00000	  -0.00000	   0.00000	   2.15867	   2.15867	  26.73989
 49	 17	  -0.00000	  -0.00000	   0.00000	   2.15867	   2.15867	  26.50708
 49	 16	  -0.00000	  -0.00000	   0.00000	   2.15867	   2.15867	  26.36515
 49	 15	  -0.00000	  -0.00000	   0.00000	   2.15867	   2.15867	  26.31571
 49	 14	  -0.00000	  -0.00000	   0.00000	   2.15867	   2.15867	  26.35932
 49	 13	  -0.00000	  -0.00000	  -0.00000	   2.15867	   2.15867	  26.49548
 49	 12	  -0.00000	  -0.00000	  -0.00000	   2.15867	   2.15867	  26.72265
 49	 11	  -0.00000	  -0.00000	  -0.00000	   2.15867	   2.15867	  27.03834
 49	 10	  -0.00000	  -0.00000	  -0.00000	   2.15867	   2.15867	  27.43923
 49	  9	  -0.00000	  -0.00000	  -0.00000	   2.15867	   2.15867	  27.92135
 49	  8	  -0.00000	  -0.00000	  -0.00000	   2.15867	   2.15867	  28.48023
 49	  7	  -0.00000	  -0.00000	  -0.00000	   2.15867	   2.15867	  29.11110
 49	  6	  -0.00000	  -0.00000	  -0.00000	   2.15867	   2.15867	  29.80903
 49	  5	  -0.00000	  -0.00000	  -0.00000	   2.15867	   2.15867	  30.56907
 49	  4	  -0.00000	  -0.00000	  -0.00000	   2.15867	   2.15867	  31.38639
 49	  3	  -0.00000	  -0.00000	  -0.00000	   2.15867	   2.15867	  32.25632
 49	  2	  -0.00000	  -0.00000	  -0.00000	   2.15867	   2.15867	  33.17443
 49	  1	  -0.00000	  -0.00000	  -0.00000	   2.15867	   2.15867	  34.13657

 50	 30	  -0.00000	  -0.00000	   0.00000	   2.15867	   2.15867	  36.31494
 50	 29	  -0.00000	  -0.00000	   0.00000	   2.15867	   2.15867	  35.34391
 50	 28	  -0.00000	  -0.00000	   0.00000	   2.15867	   2.15867	  34.41342
 50	 27	  -0.00000	  -0.00000	   0.00000	   2.15867	   2.15867	  33.52709
 50	 26	  -0.00000	  -0.00000	   0.00000	   2.15867	   2.15867	  32.68876
 50	 25	  -0.00000	  -0.00000	   0.00000	   2.15867	   2.15867	  31.90250
 50	 24	  -0.00000	  -0.00000	   0.00000	   2.15867	   2.15867	  31.17253
 50	 23	  -0.00000	  -0.00000	   0.00000	   2.15867	   2.15867	  30.50321
 50	 22	  -0.00000	  -0.00000	   0.00000	   2.15867	   2.15867	  29.89893
 50	 21	  -0.00000	  -0.00000	   0.00000	   2.15867	   2.15867	  29.36401
 50	 20	  -0.00000	  -0.00000	   0.00000	   2.15867	   2.15867	  28.90263
 50	 19	  -0.00000	  -0.00000	   0.00000	   2.15867	   2.15867	  28.51865
 50	 18	  -0.00000	  -0.00000	   0.00000	   2.15867	   2.15867	  28.21548
 50	 17	  -0.00000	  -0.00000	   0.00000	   2.15867	   2.15867	  27.99597
 50	 16	  -0.00000	  -0.00000	   0.00000	   2.15867	   2.15867	  27.86227
 50	 15	  -0.00000	  -0.00000	   0.00000	   2.15867	   2.15867	  27.81571
 50	 14	  -0.00000	  -0.00000	   0.00000	   2.15867	   2.15867	  27.85677
 50	 13	  -0.00000	  -0.00000	   0.00000	   2.15867	   2.15867	  27.98504
 50	 12	  -0.00000	  -0.00000	  -0.00000	   2.15867	   2.15867	  28.19922
 50	 11	  -0.00000	  -0.00000	  -0.00000	   2.15867	   2.15867	  28.49722
 50	 10	  -0.00000	  -0.00000	  -0.00000	   2.15867	   2.15867	  28.87623
 50	  9	  -0.00000	  -0.00000	  -0.00000	   2.15867	   2.15867	  29.33286
 50	  8	  -0.00000	  -0.00000	  -0.00000	   2.15867	   2.15867	  29.86328
 50	  7	  -0.00000	  -0.00000	  -0.00000	   2.15867	   2.15867	  30.46334
 50	  6	  -0.00000	  -0.00000	  -0.00000	   2.15867	   2.15867	  31.12871
 50	  5	  -0.00000	  -0.00000	  -0.00000	   2.15867	   2.15867	  31.85500
 50	  4	  -0.00000	  -0.00000	  -0.00000	   2.15867	   2.15867	  32.63786
 50	  3	  -0.00000	  -0.00000	  -0.00000	   2.15867	   2.15867	  33.47304
 50	  2	  -0.00000	  -0.00000	  -0.00000	   2.15867	   2.15867	  34.35647
 50	  1	  -0.00000	  -0.00000	  -0.00000	   2.15867	   2.15867	  35.28430

 51	 30	  -0.00000	  -0.00000	   0.00000	   2.15867	   2.15867	  37.45558
 51	 29	  -0.00000	  -0.00000	   0.00000	   2.15867	   2.15867	  36.51680
 51	 28	  -0.00000	  -0.00000	   0.00000	   2.15867	   2.15867	  35.61894
 51	 27	  -0.00000	  -0.00000	   0.00000	   2.15867	   2.15867	  34.76540
 51	 26	  -0.00000	  -0.00000	   0.00000	   2.15867	   2.15867	  33.95973
 51	 25	  -0.00000	  -0.00000	   0.00000	   2.15867	   2.15867	  33.20567
 51	 24	  -0.00000	  -0.00000	   0.00000	   2.15867	   2.15867	  32.50707
 51	 23	  -0.00000	  -0.00000	   0.00000	   2.15867	   2.15867	  31.86783
 51	 22	  -0.00000	  -0.00000	   0.00000	   2.15867	   2.15867	  31.29186
 51	 21	  -0.00000	  -0.00000	   0.00000	   2.15867	   2.15867	  30.78299
 51	 20	  -0.00000	  -0.00000	   0.00000	   2.15867	   2.15867	  30.34484
 51	 19	  -0.00000	  -0.00000	   0.00000	   2.15867	   2.15867	  29.98077
 51	 18	  -0.00000	  -0.00000	   0.00000	   2.15867	   2.15867	  29.69370
 51	 17	  -0.00000	  -0.00000	   0.00000	   2.15867	   2.15867	  29.48607
 51	 16	  -0.00000	  -0.00000	   0.00000	   2.15867	   2.15867	  29.35970
 51	 15	  -0.00000	  -0.00000	   0.00000	   2.15867	   2.15867	  29.31571
 51	 14	  -0.00000	  -0.00000	   0.00000	   2.15867	   2.15867	  29.35451
 51	 13	  -0.00000	  -0.00000	   0.00000	   2.15867	   2.15867	  29.47574
 51	 12	  -0.00000	  -0.00000	   0.00000	   2.15867	   2.15867	  29.67832
 51	 11	  -0.00000	  -0.00000	   0.00000	   2.15867	   2.15867	  29.96047
 51	 10	  -0.00000	  -0.00000	  -0.00000	   2.15867	   2.15867	  30.31979
 51	  9	  -0.00000	  -0.00000	  -0.00000	   2.15867	   2.15867	  30.75338
 51	  8	  -0.00000	  -0.00000	  -0.00000	   2.15867	   2.15867	  31.25792
 51	  7	  -0.00000	  -0.00000	  -0.00000	   2.15867	   2.15867	  31.82979
 51	  6	  -0.00000	  -0.00000	  -0.00000	   2.15867	   2.15867	  32.46517
 51	  5	  -0.00000	  -0.00000	  -0.00000	   2.15867	   2.15867	  33.16017
 51	  4	  -0.00000	  -0.00000	  -0.00000	   2.15867	   2.15867	  33.91086
 51	  3	  -0.00000	  -0.00000	  -0.00000	   2.15867	   2.15867	  34.71340
 51	  2	  -0.00000	  -0.00000	  -0.00000	   2.15867	   2.15867	  35.56405
 51	  1	  -0.00000	  -0.00000	  -0.00000	   2.15867	   2.15867	  36.45923

 52	 30	  -0.00000	  -0.00000	   0.00000	   2.15867	   2.15867	  38.62225
 52	 29	  -0.00000	  -0.00000	   0.00000	   2.15867	   2.15867	  37.71429
 52	 28	  -0.00000	  -0.00000	   0.00000	   2.15867	   2.15867	  36.84744
 52	 27	  -0.00000	  -0.00000	   0.00000	   2.15867	   2.15867	  36.02487
 52	 26	  -0.00000	  -0.00000	   0.00000	   2.15867	   2.15867	  35.24988
 52	 25	  -0.00000	  -0.00000	   0.00000	   2.15867	   2.15867	  34.52589
 52	 24	  -0.00000	  -0.00000	   0.00000	   2.15867	   2.15867	  33.85640
 52	 23	  -0.00000	  -0.00000	   0.00000	   2.15867	   2.15867	  33.24492
 52	 22	  -0.00000	  -0.00000	   0.00000	   2.15867	   2.15867	  32.69494
 52	 21	  -0.00000	  -0.00000	   0.00000	   2.15867	   2.15867	  32.20984
 52	 20	  -0.00000	  -0.00000	   0.00000	   2.15867	   2.15867	  31.79280
 52	 19	  -0.00000	  -0.00000	   0.00000	   2.15867	   2.15867	  31.44673
 52	 18	  -0.00000	  -0.00000	   0.00000	   2.15867	   2.15867	  31.17417
 52	 17	  -0.00000	  -0.00000	   0.00000	   2.15867	   2.15867	  30.97720
 52	 16	  -0.00000	  -0.00000	   0.00000	   2.15867	   2.15867	  30.85739
 52	 15	  -0.00000	  -0.00000	   0.00000	   2.15867	   2.15867	  30.81570
 52	 14	  -0.00000	  -0.00000	   0.00000	   2.15867	   2.15867	  30.85248
 52	 13	  -0.00000	  -0.00000	   0.00000	   2.15867	   2.15867	  30.96741
 52	 12	  -0.00000	  -0.00000	   0.00000	   2.15867	   2.15867	  31.15957
 52	 11	  -0.00000	  -0.00000	   0.00000	   2.15867	   2.15867	  31.42744
 52	 10	  -0.00000	  -0.00000	   0.00000	   2.15867	   2.15867	  31.76897
 52	  9	  -0.00000	  -0.00000	   0.00000	   2.15867	   2.15867	  32.18164
 52	  8	  -0.00000	  -0.00000	   0.00000	   2.15867	   2.15867	  32.66256
 52	  7	  -0.00000	  -0.00000	  -0.00000	   2.15867	   2.15867	  33.20857
 52	  6	  -0.00000	  -0.00000	  -0.00000	   2.15867	   2.15867	  33.81629
 52	  5	  -0.00000	  -0.00000	  -0.00000	   2.15867	   2.15867	  34.48225
 52	  4	  -0.00000	  -0.00000	  -0.00000	   2.15867	   2.15867	  35.20293
 52	  3	  -0.00000	  -0.00000	  -0.00000	   2.15867	   2.15867	  35.97481
 52	  2	  -0.00000	  -0.00000	  -0.00000	   2.15867	   2.15867	  36.79450
 52	  1	  -0.00000	  -0.00000	  -0.00000	   2.15867	   2.15867	  37.65866

 53	 30	  -0.00000	  -0.00000	   0.00000	   2.15867	   2.15867	  39.81254
 53	 29	  -0.00000	  -0.00000	   0.00000	   2.15867	   2.15867	  38.93397
 53	 28	  -0.00000	  -0.00000	   0.00000	   2.15867	   2.15867	  38.09656
 53	 27	  -0.00000	  -0.00000	   0.00000	   2.15867	   2.15867	  37.30324
 53	 26	  -0.00000	  -0.00000	   0.00000	   2.15867	   2.15867	  36.55706
 53	 25	  -0.00000	  -0.00000	   0.00000	   2.15867	   2.15867	  35.86117
 53	 24	  -0.00000	  -0.00000	   0.00000	   2.15867	   2.15867	  35.21872
 53	 23	  -0.00000	  -0.00000	   0.00000	   2.15867	   2.15867	  34.63290
 53	 22	  -0.00000	  -0.00000	   0.00000	   2.15867	   2.15867	  34.10683
 53	 21	  -0.00000	  -0.00000	   0.00000	   2.15867	   2.15867	  33.64349
 53	 20	  -0.00000	  -0.00000	   0.00000	   2.15867	   2.15867	  33.24568
 53	 19	  -0.00000	  -0.00000	   0.00000	   2.15867	   2.15867	  32.91597
 53	 18	  -0.00000	  -0.00000	   0.00000	   2.15867	   2.15867	  32.65654
 53	 17	  -0.00000	  -0.00000	   0.00000	   2.15867	   2.15867	  32.46921
 53	 16	  -0.00000	  -0.00000	   0.00000	   2.15867	   2.15867	  32.35532
 53	 15	  -0.00000	  -0.00000	   0.00000	   2.15867	   2.15867	  32.31570
 53	 14	  -0.00000	  -0.00000	   0.00000	   2.15867	   2.15867	  32.35065
 53	 13	  -0.00000	  -0.00000	   0.00000	   2.15867	   2.15867	  32.45990
 53	 12	  -0.00000	  -0.00000	   0.00000	   2.15867	   2.15867	  32.64265
 53	 11	  -0.00000	  -0.00000	   0.00000	   2.15867	   2.15867	  32.89760
 53	 10	  -0.00000	  -0.00000	   0.00000	   2.15867	   2.15867	  33.22297
 53	  9	  -0.00000	  -0.00000	   0.00000	   2.15867	   2.15867	  33.61657
 53	  8	  -0.00000	  -0.00000	   0.00000	   2.15867	   2.15867	  34.07588
 53	  7	  -0.00000	  -0.00000	   0.00000	   2.15867	   2.15867	  34.59811
 53	  6	  -0.00000	  -0.00000	   0.00000	   2.15867	   2.15867	  35.18027
 53	  5	  -0.00000	  -0.00000	   0.00000	   2.15867	   2.15867	  35.81925
 53	  4	  -0.00000	  -0.00000	   0.00000	   2.15867	   2.15867	  36.51189
 53	  3	  -0.00000	  -0.00000	   0.00000	   2.15867	   2.15867	  37.25500
 53	  2	  -0.00000	  -0.00000	  -0.00000	   2.15867	   2.15867	  38.04546
 53	  1	  -0.00000	  -0.00000	  -0.00000	   2.15867	   2.15867	  38.88019

 54	 30	  -0.00000	  -0.00000	   0.00000	   2.15867	   2.15867	  41.02427
 54	 29	  -0.00000	  -0.00000	   0.00000	   2.15867	   2.15867	  40.17372
 54	 28	  -0.00000	  -0.00000	   0.00000	   2.15867	   2.15867	  39.36422
 54	 27	  -0.00000	  -0.00000	   0.00000	   2.15867	   2.15867	  38.59850
 54	 26	  -0.00000	  -0.00000	   0.00000	   2.15867	   2.15867	  37.87940
 54	 25	  -0.00000	  -0.00000	   0.00000	   2.15867	   2.15867	  37.20976
 54	 24	  -0.00000	  -0.00000	   0.00000	   2.15867	   2.15867	  36.59249
 54	 23	  -0.00000	  -0.00000	   0.00000	   2.15867	   2.15867	  36.03044
 54	 22	  -0.00000	  -0.00000	   0.00000	   2.15867	   2.15867	  35.52640
 54	 21	  -0.00000	  -0.00000	   0.00000	   2.15867	   2.15867	  35.08305
 54	 20	  -0.00000	  -0.00000	   0.00000	   2.15867	   2.15867	  34.70285
 54	 19	  -0.00000	  -0.00000	   0.00000	   2.15867	   2.15867	  34.38804
 54	 18	  -0.00000	  -0.00000	   0.00000	   2.15867	   2.15867	  34.14056
 54	 17	  -0.00000	  -0.00000	   0.00000	   2.15867	   2.15867	  33.96197
 54	 16	  -0.00000	  -0.00000	   0.00000	   2.15867	   2.15867	  33.85344
 54	 15	  -0.00000	  -0.00000	   0.00000	   2.15867	   2.15867	  33.81570
 54	 14	  -0.00000	  -0.00000	   0.00000	   2.15867	   2.15867	  33.84899
 54	 13	  -0.00000	  -0.00000	   0.00000	   2.15867	   2.15867	  33.95309
 54	 12	  -0.00000	  -0.00000	   0.00000	   2.15867	   2.15867	  34.12731
 54	 11	  -0.00000	  -0.00000	   0.00000	   2.15867	   2.15867	  34.37051
 54	 10	  -0.00000	  -0.00000	   0.00000	   2.15867	   2.15867	  34.68115
 54	  9	  -0.00000	  -0.00000	   0.00000	   2.15867	   2.15867	  35.05731
 54	  8	  -0.00000	  -0.00000	   0.00000	   2.15867	   2.15867	  35.49678
 54	  7	  -0.00000	  -0.00000	   0.00000	   2.15867	   2.15867	  35.99708
 54	  6	  -0.00000	  -0.00000	   0.00000	   2.15867	   2.15867	  36.55558
 54	  5	  -0.00000	  -0.00000	   0.00000	   2.15867	   2.15867	  37.16947
 54	  4	  -0.00000	  -0.00000	   0.00000	   2.15867	   2.15867	  37.83590
 54	  3	  -0.00000	  -0.00000	   0.00000	   2.15867	   2.15867	  38.55199
 54	  2	  -0.00000	  -0.00000	   0.00000	   2.15867	   2.15867	  39.31486
 54	  1	  -0.00000	  -0.00000	   0.00000	   2.15867	   2.15867	  40.12169

 55	 30	  -0.00000	  -0.00000	   0.00000	   2.15867	   2.15867	  42.25550
 55	 29	  -0.00000	  -0.00000	   0.00000	   2.15867	   2.15867	  41.43162
 55	 28	  -0.00000	  -0.00000	   0.00000	   2.15867	   2.15867	  40.64859
 55	 27	  -0.00000	  -0.00000	   0.00000	   2.15867	   2.15867	  39.90894
 55	 26	  -0.00000	  -0.00000	   0.00000	   2.15867	   2.15867	  39.21527
 55	 25	  -0.00000	  -0.00000	   0.00000	   2.15867	   2.15867	  38.57021
 55	 24	  -0.00000	  -0.00000	   0.00000	   2.15867	   2.15867	  37.97639
 55	 23	  -0.00000	  -0.00000	   0.00000	   2.15867	   2.15867	  37.43639
 55	 22	  -0.00000	  -0.00000	   0.00000	   2.15867	   2.15867	  36.95273
 55	 21	  -0.00000	  -0.00000	   0.00000	   2.15867	   2.15867	  36.52778
 55	 20	  -0.00000	  -0.00000	   0.00000	   2.15867	   2.15867	  36.16373
 55	 19	  -0.00000	  -0.00000	   0.00000	   2.15867	   2.15867	  35.86258
 55	 18	  -0.00000	  -0.00000	   0.00000	   2.15867	   2.15867	  35.62600
 55	 17	  -0.00000	  -0.00000	   0.00000	   2.15867	   2.15867	  35.45538
 55	 16	  -0.00000	  -0.00000	   0.00000	   2.15867	   2.15867	  35.35174
 55	 15	  -0.00000	  -0.00000	   0.00000	   2.15867	   2.15867	  35.31570
 55	 14	  -0.00000	  -0.00000	   0.00000	   2.15867	   2.15867	  35.34748
 55	 13	  -0.00000	  -0.00000	   0.00000	   2.15867	   2.15867	  35.44690
 55	 12	  -0.00000	  -0.00000	   0.00000	   2.15867	   2.15867	  35.61334
 55	 11	  -0.00000	  -0.00000	   0.00000	   2.15867	   2.15867	  35.84582
 55	 10	  -0.00000	  -0.00000	   0.00000	   2.15867	   2.15867	  36.14297
 55	  9	  -0.00000	  -0.00000	   0.00000	   2.15867	   2.15867	  36.50312
 55	  8	  -0.00000	  -0.00000	   0.00000	   2.15867	   2.15867	  36.92432
 55	  7	  -0.00000	  -0.00000	   0.00000	   2.15867	   2.15867	  37.40437
 55	  6	  -0.00000	  -0.00000	   0.00000	   2.15867	   2.15867	  37.94090
 55	  5	  -0.00000	  -0.00000	   0.00000	   2.15867	   2.15867	  38.53142
 55	  4	  -0.00000	  -0.00000	   0.00000	   2.15867	   2.15867	  39.17334
 55	  3	  -0.00000	  -0.00000	   0.00000	   2.15867	   2.15867	  39.86404
 55	  2	  -0.00000	  -0.00000	   0.00000	   2.15867	   2.15867	  40.60088
 55	  1	  -0.00000	  -0.00000	   0.00000	   2.15867	   2.15867	  41.38127

 56	 30	  -0.00000	  -0.00000	   0.00000	   2.15867	   2.15867	  43.50449
 56	 29	  -0.00000	  -0.00000	   0.00000	   2.15867	   2.15867	  42.70600
 56	 28	  -0.00000	  -0.00000	   0.00000	   2.15867	   2.15867	  41.94805
 56	 27	  -0.00000	  -0.00000	   0.00000	   2.15867	   2.15867	  41.23300
 56	 26	  -0.00000	  -0.00000	   0.00000	   2.15867	   2.15867	  40.56326
 56	 25	  -0.00000	  -0.00000	   0.00000	   2.15867	   2.15867	  39.94122
 56	 24	  -0.00000	  -0.00000	   0.00000	   2.15867	   2.15867	  39.36929
 56	 23	  -0.00000	  -0.00000	   0.00000	   2.15867	   2.15867	  38.84980
 56	 22	  -0.00000	  -0.00000	   0.00000	   2.15867	   2.15867	  38.38501
 56	 21	  -0.00000	  -0.00000	   0.00000	   2.15867	   2.15867	  37.97705
 56	 20	  -0.00000	  -0.00000	   0.00000	   2.15867	   2.15867	  37.62789
 56	 19	  -0.00000	  -0.00000	   0.00000	   2.15867	   2.15867	  37.33926
 56	 18	  -0.00000	  -0.00000	   0.00000	   2.15867	   2.15867	  37.11268
 56	 17	  -0.00000	  -0.00000	   0.00000	   2.15867	   2.15867	  36.94936
 56	 16	  -0.00000	  -0.00000	   0.00000	   2.15867	   2.15867	  36.85018
 56	 15	  -0.00000	  -0.00000	   0.00000	   2.15867	   2.15867	  36.81570
 56	 14	  -0.00000	  -0.00000	   0.00000	   2.15867	   2.15867	  36.84611
 56	 13	  -0.00000	  -0.00000	   0.00000	   2.15867	   2.15867	  36.94124
 56	 12	  -0.00000	  -0.00000	   0.00000	   2.15867	   2.15867	  37.10057
 56	 11	  -0.00000	  -0.00000	   0.00000	   2.15867	   2.15867	  37.32321
 56	 10	  -0.00000	  -0.00000	   0.00000	   2.15867	   2.15867	  37.60798
 56	  9	  -0.00000	  -0.00000	   0.00000	   2.15867	   2.15867	  37.95340
 56	  8	  -0.00000	  -0.00000	   0.00000	   2.15867	   2.15867	  38.35772
 56	  7	  -0.00000	  -0.00000	   0.00000	   2.15867	   2.15867	  38.81901
 56	  6	  -0.00000	  -0.00000	   0.00000	   2.15867	   2.15867	  39.33513
 56	  5	  -0.00000	  -0.00000	   0.00000	   2.15867	   2.15867	  39.90384
 56	  4	  -0.00000	  -0.00000	   0.00000	   2.15867	   2.15867	  40.52280
 56	  3	  -0.00000	  -0.00000	   0.00000	   2.15867	   2.15867	  41.18963
 56	  2	  -0.00000	  -0.00000	   0.00000	   2.15867	   2.15867	  41.90190
 56	  1	  -0.00000	  -0.00000	   0.00000	   2.15867	   2.15867	  42.65723

 57	 30	  -0.00000	  -0.00000	   0.00000	   2.15867	   2.15867	  44.76968
 57	 29	  -0.00000	  -0.00000	   0.00000	   2.15867	   2.15867	  43.99534
 57	 28	  -0.00000	  -0.00000	   0.00000	   2.15867	   2.15867	  43.26117
 57	 27	  -0.00000	  -0.00000	   0.00000	   2.15867	   2.15867	  42.56937
 57	 26	  -0.00000	  -0.00000	   0.00000	   2.15867	   2.15867	  41.92214
 57	 25	  -0.00000	  -0.00000	   0.00000	   2.15867	   2.15867	  41.32169
 57	 24	  -0.00000	  -0.00000	   0.00000	   2.15867	   2.15867	  40.77021
 57	 23	  -0.00000	  -0.00000	   0.00000	   2.15867	   2.15867	  40.26982
 57	 22	  -0.00000	  -0.00000	   0.00000	   2.15867	   2.15867	  39.82256
 57	 21	  -0.00000	  -0.00000	   0.00000	   2.15867	   2.15867	  39.43034
 57	 20	  -0.00000	  -0.00000	   0.00000	   2.15867	   2.15867	  39.09492
 57	 19	  -0.00000	  -0.00000	   0.00000	   2.15867	   2.15867	  38.81785
 57	 18	  -0.00000	  -0.00000	   0.00000	   2.15867	   2.15867	  38.60046
 57	 17	  -0.00000	  -0.00000	   0.00000	   2.15867	   2.15867	  38.44383
 57	 16	  -0.00000	  -0.00000	   0.00000	   2.15867	   2.15867	  38.34875
 57	 15	  -0.00000	  -0.00000	   0.00000	   2.15867	   2.15867	  38.31570
 57	 14	  -0.00000	  -0.00000	   0.00000	   2.15867	   2.15867	  38.34485
 57	 13	  -0.00000	  -0.00000	   0.00000	   2.15867	   2.15867	  38.43605
 57	 12	  -0.00000	  -0.00000	   0.00000	   2.15867	   2.15867	  38.58884
 57	 11	  -0.00000	  -0.00000	   0.00000	   2.15867	   2.15867	  38.80244
 57	 10	  -0.00000	  -0.00000	   0.00000	   2.15867	   2.15867	  39.07580
 57	  9	  -0.00000	  -0.00000	   0.00000	   2.15867	   2.15867	  39.40761
 57	  8	  -0.00000	  -0.00000	   0.00000	   2.15867	   2.15867	  39.79632
 57	  7	  -0.00000	  -0.00000	   0.00000	   2.15867	   2.15867	  40.24018
 57	  6	  -0.00000	  -0.00000	   0.00000	   2.15867	   2.15867	  40.73729
 57	  5	  -0.00000	  -0.00000	   0.00000	   2.15867	   2.15867	  41.28563
 57	  4	  -0.00000	  -0.00000	   0.00000	   2.15867	   2.15867	  41.88307
 57	  3	  -0.00000	  -0.00000	   0.00000	   2.15867	   2.15867	  42.52743
 57	  2	  -0.00000	  -0.00000	   0.00000	   2.15867	   2.15867	  43.21650
 57	  1	  -0.00000	  -0.00000	   0.00000	   2.15867	   2.15867	  43.94807

 58	 30	  -0.00000	  -0.00000	   0.00000	   2.15867	   2.15867	  46.04966
 58	 29	  -0.00000	  -0.00000	   0.00000	   2.15867	   2.15867	  45.29830
 58	 28	  -0.00000	  -0.00000	   0.00000	   2.15867	   2.15867	  44.58669
 58	 27	  -0.00000	  -0.00000	   0.00000	   2.15867	   2.15867	  43.91685
 58	 26	  -0.00000	  -0.00000	   0.00000	   2.15867	   2.15867	  43.29083
 58	 25	  -0.00000	  -0.00000	   0.00000	   2.15867	   2.15867	  42.71065
 58	 24	  -0.00000	  -0.00000	   0.00000	   2.15867	   2.15867	  42.17832
 58	 23	  -0.00000	  -0.00000	   0.00000	   2.15867	   2.15867	  41.69575
 58	 22	  -0.00000	  -0.00000	   0.00000	   2.15867	   2.15867	  41.26480
 58	 21	  -0.00000	  -0.00000	   0.00000	   2.15867	   2.15867	  40.88719
 58	 20	  -0.00000	  -0.00000	   0.00000	   2.15867	   2.15867	  40.56449
 58	 19	  -0.00000	  -0.00000	   0.00000	   2.15867	   2.15867	  40.29810
 58	 18	  -0.00000	  -0.00000	   0.00000	   2.15867	   2.15867	  40.08920
 58	 17	  -0.00000	  -0.00000	   0.00000	   2.15867	   2.15867	  39.93874
 58	 16	  -0.00000	  -0.00000	   0.00000	   2.15867	   2.15867	  39.84743
 58	 15	  -0.00000	  -0.00000	   0.00000	   2.15867	   2.15867	  39.81570
 58	 14	  -0.00000	  -0.00000	   0.00000	   2.15867	   2.15867	  39.84369
 58	 13	  -0.00000	  -0.00000	   0.00000	   2.15867	   2.15867	  39.93127
 58	 12	  -0.00000	  -0.00000	   0.00000	   2.15867	   2.15867	  40.07803
 58	 11	  -0.00000	  -0.00000	   0.00000	   2.15867	   2.15867	  40.28329
 58	 10	  -0.00000	  -0.00000	   0.00000	   2.15867	   2.15867	  40.54611
 58	  9	  -0.00000	  -0.00000	   0.00000	   2.15867	   2.15867	  40.86532
 58	  8	  -0.00000	  -0.00000	   0.00000	   2.15867	   2.15867	  41.23953
 58	  7	  -0.00000	  -0.00000	   0.00000	   2.15867	   2.15867	  41.66718
 58	  6	  -0.00000	  -0.00000	   0.00000	   2.15867	   2.15867	  42.14656
 58	  5	  -0.00000	  -0.00000	   0.00000	   2.15867	   2.15867	  42.67583
 58	  4	  -0.00000	  -0.00000	   0.00000	   2.15867	   2.15867	  43.25306
 58	  3	  -0.00000	  -0.00000	   0.00000	   2.15867	   2.15867	  43.87626
 58	  2	  -0.00000	  -0.00000	   0.00000	   2.15867	   2.15867	  44.54341
 58	  1	  -0.00000	  -0.00000	   0.00000	   2.15867	   2.15867	  45.25247

 59	 30	   0.00000	  -0.00000	   0.00000	   2.15867	   2.15867	  47.34318
 59	 29	   0.00000	  -0.00000	   0.00000	   2.15867	   2.15867	  46.61369
 59	 28	  -0.00000	  -0.00000	   0.00000	   2.15867	   2.15867	  45.92347
 59	 27	  -0.00000	  -0.00000	   0.00000	   2.15867	   2.15867	  45.27440
 59	 26	  -0.00000	  -0.00000	   0.00000	   2.15867	   2.15867	  44.66838
 59	 25	  -0.00000	  -0.00000	   0.00000	   2.15867	   2.15867	  44.10726
 59	 24	  -0.00000	  -0.00000	   0.00000	   2.15867	   2.15867	  43.59287
 59	 23	  -0.00000	  -0.00000	   0.00000	   2.15867	   2.15867	  43.12697
 59	 22	  -0.00000	  -0.00000	   0.00000	   2.15867	   2.15867	  42.71124
 59	 21	  -0.00000	  -0.00000	   0.00000	   2.15867	   2.15867	  42.34722
 59	 20	  -0.00000	  -0.00000	   0.00000	   2.15867	   2.15867	  42.03634
 59	 19	  -0.00000	  -0.00000	   0.00000	   2.15867	   2.15867	  41.77984
 59	 18	  -0.00000	  -0.00000	   0.00000	   2.15867	   2.15867	  41.57879
 59	 17	  -0.00000	  -0.00000	   0.00000	   2.15867	   2.15867	  41.43404
 59	 16	  -0.00000	  -0.00000	   0.00000	   2.15867	   2.15867	  41.34622
 59	 15	  -0.00000	  -0.00000	   0.00000	   2.15867	   2.15867	  41.31569
 59	 14	  -0.00000	  -0.00000	   0.00000	   2.15867	   2.15867	  41.34261
 59	 13	  -0.00000	  -0.00000	   0.00000	   2.15867	   2.15867	  41.42685
 59	 12	  -0.00000	  -0.00000	   0.00000	   2.15867	   2.15867	  41.56805
 59	 11	  -0.00000	  -0.00000	   0.00000	   2.15867	   2.15867	  41.76559
 59	 10	  -0.00000	  -0.00000	   0.00000	   2.15867	   2.15867	  42.01863
 59	  9	  -0.00000	  -0.00000	   0.00000	   2.15867	   2.15867	  42.32614
 59	  8	  -0.00000	  -0.00000	   0.00000	   2.15867	   2.15867	  42.68686
 59	  7	  -0.00000	  -0.00000	   0.00000	   2.15867	   2.15867	  43.09940
 59	  6	  -0.00000	  -0.00000	   0.00000	   2.15867	   2.15867	  43.56220
 59	  5	  -0.00000	  -0.00000	   0.00000	   2.15867	   2.15867	  44.07359
 59	  4	  -0.00000	  -0.00000	   0.00000	   2.15867	   2.15867	  44.63183
 59	  3	  -0.00000	  -0.00000	   0.00000	   2.15867	   2.15867	  45.23510
 59	  2	  -0.00000	  -0.00000	   0.00000	   2.15867	   2.15867	  45.88152
 59	  1	   0.00000	  -0.00000	   0.00000	   2.15867	   2.15867	  46.56921

