#X	Y	Miss	Anxiety	ExploreH	ExploreP	Sum	Stress
  0	 30	   0.00000	   0.41188	   0.00000	   3.89275	   4.30463	  57.66043
  0	 29	   0.00000	   0.43880	   0.00000	   3.89275	   4.33155	  57.03112
  0	 28	   0.00000	   0.46459	   0.00000	   3.89275	   4.35734	  56.43562
  0	 27	   0.00000	   0.48884	   0.00000	   3.89275	   4.38159	  55.87480
  0	 26	   0.00000	   0.51115	   0.00000	   3.89275	   4.40390	  55.34949
  0	 25	   0.00000	   0.53112	   0.00000	   3.89275	   4.42387	  54.86053
  0	 24	   0.00000	   0.54839	   0.00000	   3.89275	   4.44114	  54.40873
  0	 23	   0.00000	   0.56262	   0.00000	   3.89275	   4.45537	  53.99488
  0	 22	   0.00000	   0.57353	   0.00000	   3.89275	   4.46628	  53.61977
  0	 21	   0.00000	   0.58088	   0.00000	   3.89275	   4.47363	  53.28417
  0	 20	   0.00000	   0.58450	   0.00000	   3.89275	   4.47725	  52.98881
  0	 19	   0.00000	   0.58428	   0.00000	   3.89275	   4.47703	  52.73441
  0	 18	   0.00000	   0.58018	   0.00000	   3.89275	   4.47293	  52.52163
  0	 17	   0.00000	   0.57226	   0.00000	   3.89275	   4.46501	  52.35113
  0	 16	   0.00000	   0.56062	   0.00000	   3.89275	   4.45337	  52.22348
  0	 15	   0.00000	   0.54544	   0.00000	   3.89275	   4.43819	  52.13920
  0	 14	   0.00000	   0.52697	   0.00000	   3.89275	   4.41972	  52.09875
  0	 13	   0.00000	   0.50553	   0.00000	   3.89275	   4.39828	  52.10250
  0	 12	   0.00000	   0.48146	   0.00000	   3.89275	   4.37421	  52.15073
  0	 11	   0.00000	   0.45518	   0.00000	   3.89275	   4.34793	  52.24363
  0	 10	   0.00000	   0.42710	   0.00000	   3.89275	   4.31985	  52.38129
  0	  9	   0.00000	   0.39767	   0.00000	   3.89275	   4.29042	  52.56365
  0	  8	   0.00000	   0.36735	   0.00000	   3.89275	   4.26010	  52.79059
  0	  7	   0.00000	   0.33659	   0.00000	   3.89275	   4.22934	  53.06181
  0	  6	   0.00000	   0.30580	   0.00000	   3.89275	   4.19855	  53.37694
  0	  5	   0.00000	   0.27540	   0.00000	   3.89275	   4.16815	  53.73545
  0	  4	   0.00000	   0.24576	   0.00000	   3.89275	   4.13851	  54.13671
  0	  3	   0.00000	   0.21721	   0.00000	   3.89275	   4.10996	  54.57998
  0	  2	   0.00000	   0.19002	   0.00000	   3.89275	   4.08277	  55.06439
  0	  1	   0.00000	   0.16443	   0.00000	   3.89275	   4.05718	  55.58900

  1	 30	   0.00000	   0.47132	   0.00000	   3.89275	   4.36407	  56.38382
  1	 29	   0.00000	   0.50159	   0.00000	   3.89275	   4.39434	  55.74079
  1	 28	   0.00000	   0.53048	   0.00000	   3.89275	   4.42323	  55.13182
  1	 27	   0.00000	   0.55752	   0.00000	   3.89275	   4.45027	  54.55779
  1	 26	   0.00000	   0.58224	   0.00000	   3.89275	   4.47499	  54.01958
  1	 25	   0.00000	   0.60420	   0.00000	   3.89275	   4.49695	  53.51807
  1	 24	   0.00000	   0.62298	   0.00000	   3.89275	   4.51573	  53.05409
  1	 23	   0.00000	   0.63821	   0.00000	   3.89275	   4.53096	  52.62852
  1	 22	   0.00000	   0.64956	   0.00000	   3.89275	   4.54231	  52.24220
  1	 21	   0.00000	   0.65679	   0.00000	   3.89275	   4.54954	  51.89594
  1	 20	   0.00000	   0.65970	   0.00000	   3.89275	   4.55245	  51.59057
  1	 19	   0.00000	   0.65820	   0.00000	   3.89275	   4.55095	  51.32688
  1	 18	   0.00000	   0.65225	   0.00000	   3.89275	   4.54500	  51.10561
  1	 17	   0.00000	   0.64193	   0.00000	   3.89275	   4.53468	  50.92750
  1	 16	   0.00000	   0.62739	   0.00000	   3.89275	   4.52014	  50.79320
  1	 15	   0.00000	   0.60885	   0.00000	   3.89275	   4.50160	  50.70332
  1	 14	   0.00000	   0.58661	   0.00000	   3.89275	   4.47936	  50.65839
  1	 13	   0.00000	   0.56105	   0.00000	   3.89275	   4.45380	  50.65884
  1	 12	   0.00000	   0.53260	   0.00000	   3.89275	   4.42535	  50.70503
  1	 11	   0.00000	   0.50173	   0.00000	   3.89275	   4.39448	  50.79719
  1	 10	   0.00000	   0.46894	   0.00000	   3.89275	   4.36169	  50.93544
  1	  9	   0.00000	   0.43474	   0.00000	   3.89275	   4.32749	  51.11978
  1	  8	   0.00000	   0.39968	   0.00000	   3.89275	   4.29243	  51.35006
  1	  7	   0.00000	   0.36425	   0.00000	   3.89275	   4.25700	  51.62602
  1	  6	   0.00000	   0.32896	   0.00000	   3.89275	   4.22171	  51.94725
  1	  5	   0.00000	   0.29427	   0.00000	   3.89275	   4.18702	  52.31320
  1	  4	   0.00000	   0.26059	   0.00000	   3.89275	   4.15334	  52.72321
  1	  3	   0.00000	   0.22829	   0.00000	   3.89275	   4.12104	  53.17648
  1	  2	   0.00000	   0.19769	   0.00000	   3.89275	   4.09044	  53.67208
  1	  1	   0.00000	   0.16904	   0.00000	   3.89275	   4.06179	  54.20899

  2	 30	   0.00000	   0.53526	   0.00000	   3.89275	   4.42801	  55.12089
  2	 29	   0.00000	   0.56899	   0.00000	   3.89275	   4.46174	  54.46344
  2	 28	   0.00000	   0.60102	   0.00000	   3.89275	   4.49377	  53.84024
  2	 27	   0.00000	   0.63084	   0.00000	   3.89275	   4.52359	  53.25219
  2	 26	   0.00000	   0.65791	   0.00000	   3.89275	   4.55066	  52.70021
  2	 25	   0.00000	   0.68173	   0.00000	   3.89275	   4.57448	  52.18522
  2	 24	   0.00000	   0.70183	   0.00000	   3.89275	   4.59458	  51.70812
  2	 23	   0.00000	   0.71780	   0.00000	   3.89275	   4.61055	  51.26983
  2	 22	   0.00000	   0.72929	   0.00000	   3.89275	   4.62204	  50.87127
  2	 21	   0.00000	   0.73601	   0.00000	   3.89275	   4.62876	  50.51334
  2	 20	   0.00000	   0.73779	   0.00000	   3.89275	   4.63054	  50.19695
  2	 19	   0.00000	   0.73451	   0.00000	   3.89275	   4.62726	  49.92296
  2	 18	   0.00000	   0.72618	   0.00000	   3.89275	   4.61893	  49.69225
  2	 17	   0.00000	   0.71290	   0.00000	   3.89275	   4.60565	  49.50561
  2	 16	   0.00000	   0.69486	   0.00000	   3.89275	   4.58761	  49.36382
  2	 15	   0.00000	   0.67233	   0.00000	   3.89275	   4.56508	  49.26757
  2	 14	   0.00000	   0.64570	   0.00000	   3.89275	   4.53845	  49.21748
  2	 13	   0.00000	   0.61541	   0.00000	   3.89275	   4.50816	  49.21407
  2	 12	   0.00000	   0.58195	   0.00000	   3.89275	   4.47470	  49.25775
  2	 11	   0.00000	   0.54590	   0.00000	   3.89275	   4.43865	  49.34883
  2	 10	   0.00000	   0.50783	   0.00000	   3.89275	   4.40058	  49.48747
  2	  9	   0.00000	   0.46834	   0.00000	   3.89275	   4.36109	  49.67368
  2	  8	   0.00000	   0.42805	   0.00000	   3.89275	   4.32080	  49.90736
  2	  7	   0.00000	   0.38755	   0.00000	   3.89275	   4.28030	  50.18822
  2	  6	   0.00000	   0.34739	   0.00000	   3.89275	   4.24014	  50.51584
  2	  5	   0.00000	   0.30811	   0.00000	   3.89275	   4.20086	  50.88964
  2	  4	   0.00000	   0.27016	   0.00000	   3.89275	   4.16291	  51.30891
  2	  3	   0.00000	   0.23395	   0.00000	   3.89275	   4.12670	  51.77278
  2	  2	   0.00000	   0.19984	   0.00000	   3.89275	   4.09259	  52.28026
  2	  1	   0.00000	   0.16809	   0.00000	   3.89275	   4.06084	  52.83024

  3	 30	   0.00000	   0.60319	   0.00000	   3.89275	   4.49594	  53.87185
  3	 29	   0.00000	   0.64037	   0.00000	   3.89275	   4.53312	  53.19916
  3	 28	   0.00000	   0.67550	   0.00000	   3.89275	   4.56825	  52.56082
  3	 27	   0.00000	   0.70799	   0.00000	   3.89275	   4.60074	  51.95779
  3	 26	   0.00000	   0.73725	   0.00000	   3.89275	   4.63000	  51.39101
  3	 25	   0.00000	   0.76269	   0.00000	   3.89275	   4.65544	  50.86146
  3	 24	   0.00000	   0.78382	   0.00000	   3.89275	   4.67657	  50.37010
  3	 23	   0.00000	   0.80017	   0.00000	   3.89275	   4.69292	  49.91793
  3	 22	   0.00000	   0.81136	   0.00000	   3.89275	   4.70411	  49.50594
  3	 21	   0.00000	   0.81709	   0.00000	   3.89275	   4.70984	  49.13515
  3	 20	   0.00000	   0.81718	   0.00000	   3.89275	   4.70993	  48.80654
  3	 19	   0.00000	   0.81155	   0.00000	   3.89275	   4.70430	  48.52111
  3	 18	   0.00000	   0.80020	   0.00000	   3.89275	   4.69295	  48.27984
  3	 17	   0.00000	   0.78329	   0.00000	   3.89275	   4.67604	  48.08363
  3	 16	   0.00000	   0.76105	   0.00000	   3.89275	   4.65380	  47.93339
  3	 15	   0.00000	   0.73384	   0.00000	   3.89275	   4.62659	  47.82990
  3	 14	   0.00000	   0.70212	   0.00000	   3.89275	   4.59487	  47.77390
  3	 13	   0.00000	   0.66639	   0.00000	   3.89275	   4.55914	  47.76599
  3	 12	   0.00000	   0.62727	   0.00000	   3.89275	   4.52002	  47.80668
  3	 11	   0.00000	   0.58540	   0.00000	   3.89275	   4.47815	  47.89633
  3	 10	   0.00000	   0.54147	   0.00000	   3.89275	   4.43422	  48.03514
  3	  9	   0.00000	   0.49617	   0.00000	   3.89275	   4.38892	  48.22319
  3	  8	   0.00000	   0.45019	   0.00000	   3.89275	   4.34294	  48.46035
  3	  7	   0.00000	   0.40420	   0.00000	   3.89275	   4.29695	  48.74636
  3	  6	   0.00000	   0.35885	   0.00000	   3.89275	   4.25160	  49.08075
  3	  5	   0.00000	   0.31472	   0.00000	   3.89275	   4.20747	  49.46292
  3	  4	   0.00000	   0.27233	   0.00000	   3.89275	   4.16508	  49.89208
  3	  3	   0.00000	   0.23213	   0.00000	   3.89275	   4.12488	  50.36730
  3	  2	   0.00000	   0.19448	   0.00000	   3.89275	   4.08723	  50.88749
  3	  1	   0.00000	   0.15968	   0.00000	   3.89275	   4.05243	  51.45145

  4	 30	   0.00000	   0.67431	   0.00000	   3.89275	   4.56706	  52.63674
  4	 29	   0.00000	   0.71486	   0.00000	   3.89275	   4.60761	  51.94783
  4	 28	   0.00000	   0.75294	   0.00000	   3.89275	   4.64569	  51.29331
  4	 27	   0.00000	   0.78789	   0.00000	   3.89275	   4.68064	  50.67415
  4	 26	   0.00000	   0.81904	   0.00000	   3.89275	   4.71179	  50.09136
  4	 25	   0.00000	   0.84575	   0.00000	   3.89275	   4.73850	  49.54597
  4	 24	   0.00000	   0.86748	   0.00000	   3.89275	   4.76023	  49.03902
  4	 23	   0.00000	   0.88371	   0.00000	   3.89275	   4.77646	  48.57160
  4	 22	   0.00000	   0.89404	   0.00000	   3.89275	   4.78679	  48.14481
  4	 21	   0.00000	   0.89817	   0.00000	   3.89275	   4.79092	  47.75975
  4	 20	   0.00000	   0.89590	   0.00000	   3.89275	   4.78865	  47.41756
  4	 19	   0.00000	   0.88718	   0.00000	   3.89275	   4.77993	  47.11935
  4	 18	   0.00000	   0.87206	   0.00000	   3.89275	   4.76481	  46.86623
  4	 17	   0.00000	   0.85074	   0.00000	   3.89275	   4.74349	  46.65927
  4	 16	   0.00000	   0.82352	   0.00000	   3.89275	   4.71627	  46.49947
  4	 15	   0.00000	   0.79085	   0.00000	   3.89275	   4.68360	  46.38778
  4	 14	   0.00000	   0.75324	   0.00000	   3.89275	   4.64599	  46.32503
  4	 13	   0.00000	   0.71134	   0.00000	   3.89275	   4.60409	  46.31194
  4	 12	   0.00000	   0.66585	   0.00000	   3.89275	   4.55860	  46.34912
  4	 11	   0.00000	   0.61751	   0.00000	   3.89275	   4.51026	  46.43699
  4	 10	   0.00000	   0.56711	   0.00000	   3.89275	   4.45986	  46.57582
  4	  9	   0.00000	   0.51546	   0.00000	   3.89275	   4.40821	  46.76569
  4	  8	   0.00000	   0.46334	   0.00000	   3.89275	   4.35609	  47.00653
  4	  7	   0.00000	   0.41152	   0.00000	   3.89275	   4.30427	  47.29802
  4	  6	   0.00000	   0.36070	   0.00000	   3.89275	   4.25345	  47.63969
  4	  5	   0.00000	   0.31154	   0.00000	   3.89275	   4.20429	  48.03086
  4	  4	   0.00000	   0.26461	   0.00000	   3.89275	   4.15736	  48.47069
  4	  3	   0.00000	   0.22040	   0.00000	   3.89275	   4.11315	  48.95815
  4	  2	   0.00000	   0.17930	   0.00000	   3.89275	   4.07205	  49.49206
  4	  1	   0.00000	   0.14161	   0.00000	   3.89275	   4.03436	  50.07109

  5	 30	   0.00000	   0.74763	   0.00000	   3.89275	   4.64038	  51.41544
  5	 29	   0.00000	   0.79132	   0.00000	   3.89275	   4.68407	  50.70917
  5	 28	   0.00000	   0.83207	   0.00000	   3.89275	   4.72482	  50.03721
  5	 27	   0.00000	   0.86911	   0.00000	   3.89275	   4.76186	  49.40058
  5	 26	   0.00000	   0.90172	   0.00000	   3.89275	   4.79447	  48.80036
  5	 25	   0.00000	   0.92920	   0.00000	   3.89275	   4.82195	  48.23764
  5	 24	   0.00000	   0.95095	   0.00000	   3.89275	   4.84370	  47.71355
  5	 23	   0.00000	   0.96641	   0.00000	   3.89275	   4.85916	  47.22929
  5	 22	   0.00000	   0.97517	   0.00000	   3.89275	   4.86792	  46.78607
  5	 21	   0.00000	   0.97692	   0.00000	   3.89275	   4.86967	  46.38514
  5	 20	   0.00000	   0.97149	   0.00000	   3.89275	   4.86424	  46.02777
  5	 19	   0.00000	   0.95883	   0.00000	   3.89275	   4.85158	  45.71525
  5	 18	   0.00000	   0.93905	   0.00000	   3.89275	   4.83180	  45.44883
  5	 17	   0.00000	   0.91242	   0.00000	   3.89275	   4.80517	  45.22974
  5	 16	   0.00000	   0.87933	   0.00000	   3.89275	   4.77208	  45.05916
  5	 15	   0.00000	   0.84031	   0.00000	   3.89275	   4.73306	  44.93817
  5	 14	   0.00000	   0.79598	   0.00000	   3.89275	   4.68873	  44.86776
  5	 13	   0.00000	   0.74709	   0.00000	   3.89275	   4.63984	  44.84877
  5	 12	   0.00000	   0.69447	   0.00000	   3.89275	   4.58722	  44.88189
  5	 11	   0.00000	   0.63898	   0.00000	   3.89275	   4.53173	  44.96765
  5	 10	   0.00000	   0.58152	   0.00000	   3.89275	   4.47427	  45.10636
  5	  9	   0.00000	   0.52301	   0.00000	   3.89275	   4.41576	  45.29814
  5	  8	   0.00000	   0.46433	   0.00000	   3.89275	   4.35708	  45.54291
  5	  7	   0.00000	   0.40635	   0.00000	   3.89275	   4.29910	  45.84036
  5	  6	   0.00000	   0.34986	   0.00000	   3.89275	   4.24261	  46.18994
  5	  5	   0.00000	   0.29557	   0.00000	   3.89275	   4.18832	  46.59094
  5	  4	   0.00000	   0.24411	   0.00000	   3.89275	   4.13686	  47.04240
  5	  3	   0.00000	   0.19600	   0.00000	   3.89275	   4.08875	  47.54318
  5	  2	   0.00000	   0.15165	   0.00000	   3.89275	   4.04440	  48.09200
  5	  1	   0.00000	   0.11137	   0.00000	   3.89275	   4.00412	  48.68738

  6	 30	   0.00000	   0.82183	   0.00000	   3.89275	   4.71458	  50.20765
  6	 29	   0.00000	   0.86831	   0.00000	   3.89275	   4.76106	  49.48267
  6	 28	   0.00000	   0.91128	   0.00000	   3.89275	   4.80403	  48.79182
  6	 27	   0.00000	   0.94990	   0.00000	   3.89275	   4.84265	  48.13617
  6	 26	   0.00000	   0.98337	   0.00000	   3.89275	   4.87612	  47.51685
  6	 25	   0.00000	   1.01095	   0.00000	   3.89275	   4.90370	  46.93505
  6	 24	   0.00000	   1.03196	   0.00000	   3.89275	   4.92471	  46.39202
  6	 23	   0.00000	   1.04584	   0.00000	   3.89275	   4.93859	  45.88906
  6	 22	   0.00000	   1.05215	   0.00000	   3.89275	   4.94490	  45.42754
  6	 21	   0.00000	   1.05059	   0.00000	   3.89275	   4.94334	  45.00887
  6	 20	   0.00000	   1.04101	   0.00000	   3.89275	   4.93376	  44.63451
  6	 19	   0.00000	   1.02340	   0.00000	   3.89275	   4.91615	  44.30591
  6	 18	   0.00000	   0.99796	   0.00000	   3.89275	   4.89071	  44.02452
  6	 17	   0.00000	   0.96500	  -0.00000	   3.89275	   4.85775	  43.79178
  6	 16	   0.00000	   0.92503	  -0.00000	   3.89275	   4.81778	  43.60904
  6	 15	   0.00000	   0.87868	  -0.00000	   3.89275	   4.77143	  43.47756
  6	 14	   0.00000	   0.82670	  -0.00000	   3.89275	   4.71945	  43.39849
  6	 13	   0.00000	   0.76997	   0.00000	   3.89275	   4.66272	  43.37281
  6	 12	   0.00000	   0.70943	   0.00000	   3.89275	   4.60218	  43.40133
  6	 11	   0.00000	   0.64609	   0.00000	   3.89275	   4.53884	  43.48466
  6	 10	   0.00000	   0.58098	   0.00000	   3.89275	   4.47373	  43.62318
  6	  9	   0.00000	   0.51512	   0.00000	   3.89275	   4.40787	  43.81704
  6	  8	   0.00000	   0.44953	   0.00000	   3.89275	   4.34228	  44.06615
  6	  7	   0.00000	   0.38516	   0.00000	   3.89275	   4.27791	  44.37016
  6	  6	   0.00000	   0.32288	   0.00000	   3.89275	   4.21563	  44.72848
  6	  5	   0.00000	   0.26347	   0.00000	   3.89275	   4.15622	  45.14029
  6	  4	   0.00000	   0.20760	   0.00000	   3.89275	   4.10035	  45.60454
  6	  3	   0.00000	   0.15584	   0.00000	   3.89275	   4.04859	  46.11996
  6	  2	   0.00000	   0.10859	   0.00000	   3.89275	   4.00134	  46.68511
  6	  1	   0.00000	   0.06616	   0.00000	   3.89275	   3.95891	  47.29835

  7	 30	   0.00000	   0.89536	   0.00000	   3.89275	   4.78811	  49.01290
  7	 29	   0.00000	   0.94408	   0.00000	   3.89275	   4.83683	  48.26765
  7	 28	   0.00000	   0.98865	   0.00000	   3.89275	   4.88140	  47.55620
  7	 27	   0.00000	   1.02815	   0.00000	   3.89275	   4.92090	  46.87971
  7	 26	   0.00000	   1.06170	   0.00000	   3.89275	   4.95445	  46.23937
  7	 25	   0.00000	   1.08850	   0.00000	   3.89275	   4.98125	  45.63648
  7	 24	   0.00000	   1.10784	   0.00000	   3.89275	   5.00059	  45.07241
  7	 23	   0.00000	   1.11913	   0.00000	   3.89275	   5.01188	  44.54862
  7	 22	   0.00000	   1.12193	  -0.00000	   3.89275	   5.01468	  44.06665
  7	 21	   0.00000	   1.11594	  -0.00000	   3.89275	   5.00869	  43.62811
  7	 20	   0.00000	   1.10106	  -0.00000	   3.89275	   4.99381	  43.23466
  7	 19	   0.00000	   1.07735	  -0.00000	   3.89275	   4.97010	  42.88798
  7	 18	   0.00000	   1.04506	  -0.00000	   3.89275	   4.93781	  42.58975
  7	 17	   0.00000	   1.00463	  -0.00000	   3.89275	   4.89738	  42.34163
  7	 16	   0.00000	   0.95666	  -0.00000	   3.89275	   4.84941	  42.14519
  7	 15	   0.00000	   0.90192	  -0.00000	   3.89275	   4.79467	  42.00189
  7	 14	   0.00000	   0.84130	  -0.00000	   3.89275	   4.73405	  41.91308
  7	 13	   0.00000	   0.77581	  -0.00000	   3.89275	   4.66856	  41.87989
  7	 12	   0.00000	   0.70654	  -0.00000	   3.89275	   4.59929	  41.90327
  7	 11	   0.00000	   0.63466	  -0.00000	   3.89275	   4.52741	  41.98391
  7	 10	   0.00000	   0.56132	  -0.00000	   3.89275	   4.45407	  42.12226
  7	  9	   0.00000	   0.48769	  -0.00000	   3.89275	   4.38044	  42.31849
  7	  8	   0.00000	   0.41488	   0.00000	   3.89275	   4.30763	  42.57248
  7	  7	   0.00000	   0.34396	   0.00000	   3.89275	   4.23671	  42.88385
  7	  6	   0.00000	   0.27588	   0.00000	   3.89275	   4.16863	  43.25193
  7	  5	   0.00000	   0.21148	   0.00000	   3.89275	   4.10423	  43.67578
  7	  4	   0.00000	   0.15149	   0.00000	   3.89275	   4.04424	  44.15422
  7	  3	   0.00000	   0.09647	   0.00000	   3.89275	   3.98922	  44.68582
  7	  2	   0.00000	   0.04684	   0.00000	   3.89275	   3.93959	  45.26896
  7	  1	   0.00000	   0.00290	   0.00000	   3.89275	   3.89565	  45.90184

  8	 30	   0.00000	   0.96635	   0.00000	   3.89275	   4.85910	  47.83055
  8	 29	   0.00000	   1.01660	   0.00000	   3.89275	   4.90935	  47.06321
  8	 28	   0.00000	   1.06195	   0.00000	   3.89275	   4.95470	  46.32923
  8	 27	   0.00000	   1.10142	   0.00000	   3.89275	   4.99417	  45.62980
  8	 26	   0.00000	   1.13405	   0.00000	   3.89275	   5.02680	  44.96622
  8	 25	   0.00000	   1.15900	  -0.00000	   3.89275	   5.05175	  44.33992
  8	 24	   0.00000	   1.17551	  -0.00000	   3.89275	   5.06826	  43.75241
  8	 23	   0.00000	   1.18299	  -0.00000	   3.89275	   5.07574	  43.20535
  8	 22	   0.00000	   1.18100	  -0.00000	   3.89275	   5.07375	  42.70047
  8	 21	   0.00000	   1.16928	  -0.00000	   3.89275	   5.06203	  42.23962
  8	 20	   0.00000	   1.14777	  -0.00000	   3.89275	   5.04052	  41.82470
  8	 19	   0.00000	   1.11662	  -0.00000	   3.89275	   5.00937	  41.45767
  8	 18	   0.00000	   1.07618	  -0.00000	   3.89275	   4.96893	  41.14048
  8	 17	   0.00000	   1.02699	  -0.00000	   3.89275	   4.91974	  40.87505
  8	 16	   0.00000	   0.96979	  -0.00000	   3.89275	   4.86254	  40.66321
  8	 15	   0.00000	   0.90550	  -0.00000	   3.89275	   4.79825	  40.50666
  8	 14	   0.00000	   0.83517	  -0.00000	   3.89275	   4.72792	  40.40695
  8	 13	   0.00000	   0.75997	  -0.00000	   3.89275	   4.65272	  40.36541
  8	 12	   0.00000	   0.68115	  -0.00000	   3.89275	   4.57390	  40.38311
  8	 11	   0.00000	   0.60004	  -0.00000	   3.89275	   4.49279	  40.46086
  8	 10	   0.00000	   0.51794	  -0.00000	   3.89275	   4.41069	  40.59916
  8	  9	   0.00000	   0.43615	  -0.00000	   3.89275	   4.32890	  40.79819
  8	  8	   0.00000	   0.35593	  -0.00000	   3.89275	   4.24868	  41.05780
  8	  7	   0.00000	   0.27841	  -0.00000	   3.89275	   4.17116	  41.37754
  8	  6	   0.00000	   0.20466	  -0.00000	   3.89275	   4.09741	  41.75664
  8	  5	   0.00000	   0.13556	   0.00000	   3.89275	   4.02831	  42.19401
  8	  4	   0.00000	   0.07187	   0.00000	   3.89275	   3.96462	  42.68830
  8	  3	   0.00000	   0.01417	   0.00000	   3.89275	   3.90692	  43.23791
  8	  2	   0.00000	  -0.03711	   0.00000	   3.89275	   3.85564	  43.84100
  8	  1	   0.00000	  -0.08174	   0.00000	   3.89275	   3.81101	  44.49556

  9	 30	   0.00000	   1.03268	   0.00000	   3.89275	   4.92543	  46.65981
  9	 29	   0.00000	   1.08351	   0.00000	   3.89275	   4.97626	  45.86833
  9	 28	   0.00000	   1.12861	   0.00000	   3.89275	   5.02136	  45.10957
  9	 27	   0.00000	   1.16690	  -0.00000	   3.89275	   5.05965	  44.38481
  9	 26	   0.00000	   1.19740	  -0.00000	   3.89275	   5.09015	  43.69547
  9	 25	   0.00000	   1.21918	  -0.00000	   3.89275	   5.11193	  43.04310
  9	 24	   0.00000	   1.23150	  -0.00000	   3.89275	   5.12425	  42.42943
  9	 23	   0.00000	   1.23373	  -0.00000	   3.89275	   5.12648	  41.85630
  9	 22	   0.00000	   1.22547	  -0.00000	   3.89275	   5.11822	  41.32572
  9	 21	   0.00000	   1.20651	  -0.00000	   3.89275	   5.09926	  40.83979
  9	 20	   0.00000	   1.17686	  -0.00000	   3.89275	   5.06961	  40.40074
  9	 19	   0.00000	   1.13676	  -0.00000	   3.89275	   5.02951	  40.01081
  9	 18	   0.00000	   1.08668	  -0.00000	   3.89275	   4.97943	  39.67229
  9	 17	   0.00000	   1.02731	  -0.00000	   3.89275	   4.92006	  39.38740
  9	 16	   0.00000	   0.95955	  -0.00000	   3.89275	   4.85230	  39.15828
  9	 15	   0.00000	   0.88447	  -0.00000	   3.89275	   4.77722	  38.98692
  9	 14	   0.00000	   0.80330	  -0.00000	   3.89275	   4.69605	  38.87509
  9	 13	   0.00000	   0.71741	  -0.00000	   3.89275	   4.61016	  38.82433
  9	 12	   0.00000	   0.62821	  -0.00000	   3.89275	   4.52096	  38.83587
  9	 11	   0.00000	   0.53721	  -0.00000	   3.89275	   4.42996	  38.91061
  9	 10	   0.00000	   0.44586	  -0.00000	   3.89275	   4.33861	  39.04911
  9	  9	   0.00000	   0.35563	  -0.00000	   3.89275	   4.24838	  39.25155
  9	  8	   0.00000	   0.26788	  -0.00000	   3.89275	   4.16063	  39.51773
  9	  7	   0.00000	   0.18386	  -0.00000	   3.89275	   4.07661	  39.84710
  9	  6	   0.00000	   0.10470	  -0.00000	   3.89275	   3.99745	  40.23873
  9	  5	   0.00000	   0.03135	  -0.00000	   3.89275	   3.92410	  40.69139
  9	  4	   0.00000	  -0.03541	  -0.00000	   3.89275	   3.85734	  41.20351
  9	  3	   0.00000	  -0.09500	   0.00000	   3.89275	   3.79775	  41.77327
  9	  2	   0.00000	  -0.14702	   0.00000	   3.89275	   3.74573	  42.39858
  9	  1	   0.00000	  -0.19129	   0.00000	   3.89275	   3.70146	  43.07716

 10	 30	   0.00000	   1.09197	   0.00000	   3.89275	   4.98472	  45.49980
 10	 29	   0.00000	   1.14220	   0.00000	   3.89275	   5.03495	  44.68183
 10	 28	   0.00000	   1.18577	  -0.00000	   3.89275	   5.07852	  43.89576
 10	 27	   0.00000	   1.22153	  -0.00000	   3.89275	   5.11428	  43.14296
 10	 26	   0.00000	   1.24842	  -0.00000	   3.89275	   5.14117	  42.42499
 10	 25	   0.00000	   1.26550	  -0.00000	   3.89275	   5.15825	  41.74358
 10	 24	   0.00000	   1.27199	  -0.00000	   3.89275	   5.16474	  41.10065
 10	 23	   0.00000	   1.26731	  -0.00000	   3.89275	   5.16006	  40.49832
 10	 22	   0.00000	   1.25108	  -0.00000	   3.89275	   5.14383	  39.93888
 10	 21	   0.00000	   1.22315	  -0.00000	   3.89275	   5.11590	  39.42477
 10	 20	   0.00000	   1.18364	  -0.00000	   3.89275	   5.07639	  38.95857
 10	 19	   0.00000	   1.13291	  -0.00000	   3.89275	   5.02566	  38.54289
 10	 18	   0.00000	   1.07157	  -0.00000	   3.89275	   4.96432	  38.18040
 10	 17	   0.00000	   1.00048	  -0.00000	   3.89275	   4.89323	  37.87368
 10	 16	   0.00000	   0.92070	  -0.00000	   3.89275	   4.81345	  37.62524
 10	 15	   0.00000	   0.83351	  -0.00000	   3.89275	   4.72626	  37.43737
 10	 14	   0.00000	   0.74035	  -0.00000	   3.89275	   4.63310	  37.31214
 10	 13	   0.00000	   0.64275	  -0.00000	   3.89275	   4.53550	  37.25129
 10	 12	   0.00000	   0.54236	  -0.00000	   3.89275	   4.43511	  37.25623
 10	 11	   0.00000	   0.44084	  -0.00000	   3.89275	   4.33359	  37.32797
 10	 10	   0.00000	   0.33985	  -0.00000	   3.89275	   4.23260	  37.46709
 10	  9	   0.00000	   0.24097	  -0.00000	   3.89275	   4.13372	  37.67376
 10	  8	   0.00000	   0.14571	  -0.00000	   3.89275	   4.03846	  37.94771
 10	  7	   0.00000	   0.05542	  -0.00000	   3.89275	   3.94817	  38.28824
 10	  6	   0.00000	  -0.02870	  -0.00000	   3.89275	   3.86405	  38.69426
 10	  5	   0.00000	  -0.10566	  -0.00000	   3.89275	   3.78709	  39.16429
 10	  4	   0.00000	  -0.17466	  -0.00000	   3.89275	   3.71809	  39.69655
 10	  3	   0.00000	  -0.23514	  -0.00000	   3.89275	   3.65761	  40.28892
 10	  2	   0.00000	  -0.28675	   0.00000	   3.89275	   3.60600	  40.93903
 10	  1	   0.00000	  -0.32937	   0.00000	   3.89275	   3.56338	  41.64433

 11	 30	   0.00000	   1.14160	  -0.00000	   3.89275	   5.03435	  44.34955
 11	 29	   0.00000	   1.18984	  -0.00000	   3.89275	   5.08259	  43.50247
 11	 28	   0.00000	   1.23035	  -0.00000	   3.89275	   5.12310	  42.68626
 11	 27	   0.00000	   1.26194	  -0.00000	   3.89275	   5.15469	  41.90240
 11	 26	   0.00000	   1.28351	  -0.00000	   3.89275	   5.17626	  41.15259
 11	 25	   0.00000	   1.29408	  -0.00000	   3.89275	   5.18683	  40.43877
 11	 24	   0.00000	   1.29289	  -0.00000	   3.89275	   5.18564	  39.76313
 11	 23	   0.00000	   1.27939	  -0.00000	   3.89275	   5.17214	  39.12808
 11	 22	   0.00000	   1.25326	  -0.00000	   3.89275	   5.14601	  38.53625
 11	 21	   0.00000	   1.21444	  -0.00000	   3.89275	   5.10719	  37.99049
 11	 20	   0.00000	   1.16317	  -0.00000	   3.89275	   5.05592	  37.49378
 11	 19	   0.00000	   1.09996	  -0.00000	   3.89275	   4.99271	  37.04918
 11	 18	   0.00000	   1.02558	  -0.00000	   3.89275	   4.91833	  36.65980
 11	 17	   0.00000	   0.94109	  -0.00000	   3.89275	   4.83384	  36.32866
 11	 16	   0.00000	   0.84776	  -0.00000	   3.89275	   4.74051	  36.05866
 11	 15	   0.00000	   0.74708	  -0.00000	   3.89275	   4.63983	  35.85248
 11	 14	   0.00000	   0.64070	  -0.00000	   3.89275	   4.53345	  35.71249
 11	 13	   0.00000	   0.53040	  -0.00000	   3.89275	   4.42315	  35.64071
 11	 12	   0.00000	   0.41803	  -0.00000	   3.89275	   4.31078	  35.63870
 11	 11	   0.00000	   0.30543	  -0.00000	   3.89275	   4.19818	  35.70757
 11	 10	   0.00000	   0.19445	  -0.00000	   3.89275	   4.08720	  35.84794
 11	  9	   0.00000	   0.08684	  -0.00000	   3.89275	   3.97959	  36.05993
 11	  8	   0.00000	  -0.01577	  -0.00000	   3.89275	   3.87698	  36.34313
 11	  7	   0.00000	  -0.11193	  -0.00000	   3.89275	   3.78082	  36.69668
 11	  6	   0.00000	  -0.20039	  -0.00000	   3.89275	   3.69236	  37.11925
 11	  5	   0.00000	  -0.28010	  -0.00000	   3.89275	   3.61265	  37.60911
 11	  4	   0.00000	  -0.35030	  -0.00000	   3.89275	   3.54245	  38.16416
 11	  3	   0.00000	  -0.41044	  -0.00000	   3.89275	   3.48231	  38.78197
 11	  2	   0.00000	  -0.46024	  -0.00000	   3.89275	   3.43251	  39.45984
 11	  1	   0.00000	  -0.49967	  -0.00000	   3.89275	   3.39308	  40.19486

 12	 30	   0.00000	   1.17881	  -0.00000	   3.89275	   5.07156	  43.20813
 12	 29	   0.00000	   1.22338	  -0.00000	   3.89275	   5.11613	  42.32904
 12	 28	   0.00000	   1.25906	  -0.00000	   3.89275	   5.15181	  41.47954
 12	 27	   0.00000	   1.28460	  -0.00000	   3.89275	   5.17735	  40.66125
 12	 26	   0.00000	   1.29887	  -0.00000	   3.89275	   5.19162	  39.87604
 12	 25	   0.00000	   1.30089	  -0.00000	   3.89275	   5.19364	  39.12611
 12	 24	   0.00000	   1.28991	  -0.00000	   3.89275	   5.18266	  38.41391
 12	 23	   0.00000	   1.26545	  -0.00000	   3.89275	   5.15820	  37.74222
 12	 22	   0.00000	   1.22726	  -0.00000	   3.89275	   5.12001	  37.11410
 12	 21	   0.00000	   1.17542	  -0.00000	   3.89275	   5.06817	  36.53283
 12	 20	   0.00000	   1.11030	  -0.00000	   3.89275	   5.00305	  36.00188
 12	 19	   0.00000	   1.03259	  -0.00000	   3.89275	   4.92534	  35.52486
 12	 18	   0.00000	   0.94326	  -0.00000	   3.89275	   4.83601	  35.10536
 12	 17	   0.00000	   0.84359	  -0.00000	   3.89275	   4.73634	  34.74695
 12	 16	   0.00000	   0.73508	  -0.00000	   3.89275	   4.62783	  34.45298
 12	 15	   0.00000	   0.61948	  -0.00000	   3.89275	   4.51223	  34.22658
 12	 14	   0.00000	   0.49867	  -0.00000	   3.89275	   4.39142	  34.07046
 12	 13	   0.00000	   0.37467	  -0.00000	   3.89275	   4.26742	  33.98692
 12	 12	   0.00000	   0.24955	  -0.00000	   3.89275	   4.14230	  33.97771
 12	 11	   0.00000	   0.12539	  -0.00000	   3.89275	   4.01814	  34.04404
 12	 10	   0.00000	   0.00421	  -0.00000	   3.89275	   3.89696	  34.18652
 12	  9	   0.00000	  -0.11209	  -0.00000	   3.89275	   3.78066	  34.40517
 12	  8	   0.00000	  -0.22174	  -0.00000	   3.89275	   3.67101	  34.69945
 12	  7	   0.00000	  -0.32320	  -0.00000	   3.89275	   3.56955	  35.06823
 12	  6	   0.00000	  -0.41516	  -0.00000	   3.89275	   3.47759	  35.50992
 12	  5	   0.00000	  -0.49657	  -0.00000	   3.89275	   3.39618	  36.02244
 12	  4	   0.00000	  -0.56667	  -0.00000	   3.89275	   3.32608	  36.60333
 12	  3	   0.00000	  -0.62500	  -0.00000	   3.89275	   3.26775	  37.24979
 12	  2	   0.00000	  -0.67135	  -0.00000	   3.89275	   3.22140	  37.95873
 12	  1	   0.00000	  -0.70581	  -0.00000	   3.89275	   3.18694	  38.72684

 13	 30	   0.00000	   1.20070	  -0.00000	   3.89275	   5.09345	  42.07467
 13	 29	   0.00000	   1.23967	  -0.00000	   3.89275	   5.13242	  41.16038
 13	 28	   0.00000	   1.26849	  -0.00000	   3.89275	   5.16124	  40.27416
 13	 27	   0.00000	   1.28585	  -0.00000	   3.89275	   5.17860	  39.41775
 13	 26	   0.00000	   1.29058	  -0.00000	   3.89275	   5.18333	  38.59325
 13	 25	   0.00000	   1.28175	  -0.00000	   3.89275	   5.17450	  37.80310
 13	 24	   0.00000	   1.25865	  -0.00000	   3.89275	   5.15140	  37.05012
 13	 23	   0.00000	   1.22085	  -0.00000	   3.89275	   5.11360	  36.33750
 13	 22	   0.00000	   1.16825	  -0.00000	   3.89275	   5.06100	  35.66876
 13	 21	   0.00000	   1.10106	  -0.00000	   3.89275	   4.99381	  35.04772
 13	 20	   0.00000	   1.01983	  -0.00000	   3.89275	   4.91258	  34.47845
 13	 19	   0.00000	   0.92545	  -0.00000	   3.89275	   4.81820	  33.96513
 13	 18	   0.00000	   0.81914	  -0.00000	   3.89275	   4.71189	  33.51201
 13	 17	   0.00000	   0.70241	  -0.00000	   3.89275	   4.59516	  33.12321
 13	 16	  -0.00000	   0.57705	  -0.00000	   3.89275	   4.46980	  32.80269
 13	 15	  -0.00000	   0.44505	  -0.00000	   3.89275	   4.33780	  32.55403
 13	 14	  -0.00000	   0.30858	  -0.00000	   3.89275	   4.20133	  32.38037
 13	 13	  -0.00000	   0.16991	  -0.00000	   3.89275	   4.06266	  32.28431
 13	 12	  -0.00000	   0.03136	  -0.00000	   3.89275	   3.92411	  32.26780
 13	 11	  -0.00000	  -0.10477	  -0.00000	   3.89275	   3.78798	  32.33212
 13	 10	  -0.00000	  -0.23626	  -0.00000	   3.89275	   3.65649	  32.47785
 13	  9	  -0.00000	  -0.36105	  -0.00000	   3.89275	   3.53170	  32.70487
 13	  8	  -0.00000	  -0.47725	  -0.00000	   3.89275	   3.41550	  33.01240
 13	  7	   0.00000	  -0.58324	  -0.00000	   3.89275	   3.30951	  33.39904
 13	  6	   0.00000	  -0.67767	  -0.00000	   3.89275	   3.21508	  33.86280
 13	  5	   0.00000	  -0.75949	  -0.00000	   3.89275	   3.13326	  34.40123
 13	  4	   0.00000	  -0.82798	  -0.00000	   3.89275	   3.06477	  35.01142
 13	  3	   0.00000	  -0.88277	  -0.00000	   3.89275	   3.00998	  35.69012
 13	  2	   0.00000	  -0.92376	  -0.00000	   3.89275	   2.96899	  36.43381
 13	  1	   0.00000	  -0.95121	  -0.00000	   3.89275	   2.94154	  37.23874

 14	 30	   0.00000	   1.20431	  -0.00000	   3.89275	   5.09706	  40.94847
 14	 29	   0.00000	   1.23554	  -0.00000	   3.89275	   5.12829	  39.99556
 14	 28	   0.00000	   1.25521	  -0.00000	   3.89275	   5.14796	  39.06889
 14	 27	   0.00000	   1.26199	  -0.00000	   3.89275	   5.15474	  38.17038
 14	 26	   0.00000	   1.25473	  -0.00000	   3.89275	   5.14748	  37.30235
 14	 25	   0.00000	   1.23252	  -0.00000	   3.89275	   5.12527	  36.46755
 14	 24	   0.00000	   1.19472	  -0.00000	   3.89275	   5.08747	  35.66919
 14	 23	   0.00000	   1.14102	  -0.00000	   3.89275	   5.03377	  34.91093
 14	 22	   0.00000	   1.07145	  -0.00000	   3.89275	   4.96420	  34.19684
 14	 21	   0.00000	   0.98640	  -0.00000	   3.89275	   4.87915	  33.53139
 14	 20	  -0.00000	   0.88664	  -0.00000	   3.89275	   4.77939	  32.91929
 14	 19	  -0.00000	   0.77331	  -0.00000	   3.89275	   4.66606	  32.36546
 14	 18	  -0.00000	   0.64788	  -0.00000	   3.89275	   4.54063	  31.87485
 14	 17	  -0.00000	   0.51216	  -0.00000	   3.89275	   4.40491	  31.45232
 14	 16	  -0.00000	   0.36821	  -0.00000	   3.89275	   4.26096	  31.10245
 14	 15	  -0.00000	   0.21833	  -0.00000	   3.89275	   4.11108	  30.82940
 14	 14	  -0.00000	   0.06499	  -0.00000	   3.89275	   3.95774	  30.63679
 14	 13	  -0.00000	  -0.08927	  -0.00000	   3.89275	   3.80348	  30.52753
 14	 12	  -0.00000	  -0.24185	  -0.00000	   3.89275	   3.65090	  30.50379
 14	 11	  -0.00000	  -0.39024	  -0.00000	   3.89275	   3.50251	  30.56689
 14	 10	  -0.00000	  -0.53202	  -0.00000	   3.89275	   3.36073	  30.71733
 14	  9	  -0.00000	  -0.66495	  -0.00000	   3.89275	   3.22780	  30.95480
 14	  8	  -0.00000	  -0.78704	  -0.00000	   3.89275	   3.10571	  31.27821
 14	  7	  -0.00000	  -0.89660	  -0.00000	   3.89275	   2.99615	  31.68575
 14	  6	  -0.00000	  -0.99224	  -0.00000	   3.89275	   2.90051	  32.17500
 14	  5	  -0.00000	  -1.07296	  -0.00000	   3.89275	   2.81979	  32.74301
 14	  4	  -0.00000	  -1.13809	  -0.00000	   3.89275	   2.75466	  33.38637
 14	  3	   0.00000	  -1.18737	  -0.00000	   3.89275	   2.70538	  34.10131
 14	  2	   0.00000	  -1.22087	  -0.00000	   3.89275	   2.67188	  34.88380
 14	  1	   0.00000	  -1.23900	  -0.00000	   3.89275	   2.65375	  35.72958

 15	 30	   0.00000	   1.18674	  -0.00000	   3.89275	   5.07949	  39.82912
 15	 29	   0.00000	   1.20783	  -0.00000	   3.89275	   5.10058	  38.83394
 15	 28	   0.00000	   1.21584	  -0.00000	   3.89275	   5.10859	  37.86287
 15	 27	   0.00000	   1.20944	  -0.00000	   3.89275	   5.10219	  36.91800
 15	 26	   0.00000	   1.18749	  -0.00000	   3.89275	   5.08024	  36.00189
 15	 25	   0.00000	   1.14915	  -0.00000	   3.88067	   5.02982	  35.10559
 15	 24	   0.00000	   1.09388	  -0.00000	   3.86641	   4.96029	  34.24262
 15	 23	   0.00000	   1.02152	  -0.00000	   3.85132	   4.87284	  33.41855
 15	 22	  -0.00000	   0.93225	  -0.00000	   3.83706	   4.76931	  32.63974
 15	 21	  -0.00000	   0.82671	  -0.00000	   3.82498	   4.65169	  31.91272
 15	 20	  -0.00000	   0.70589	  -0.00000	   3.82498	   4.53087	  31.25290
 15	 19	  -0.00000	   0.57122	  -0.00000	   3.82498	   4.39620	  30.65395
 15	 18	  -0.00000	   0.42447	  -0.00000	   3.82498	   4.24945	  30.12168
 15	 17	  -0.00000	   0.26775	  -0.00000	   3.82498	   4.09273	  29.66177
 15	 16	  -0.00000	   0.10348	  -0.00000	   3.82498	   3.92845	  29.27956
 15	 15	  -0.00000	  -0.06574	  -0.00000	   3.82498	   3.75924	  28.97990
 15	 14	  -0.00000	  -0.23712	  -0.00000	   3.82498	   3.58786	  28.76691
 15	 13	  -0.00000	  -0.40781	  -0.00000	   3.82498	   3.41717	  28.64389
 15	 12	  -0.00000	  -0.57495	  -0.00000	   3.82498	   3.25003	  28.61320
 15	 11	  -0.00000	  -0.73577	  -0.00000	   3.82498	   3.08920	  28.67619
 15	 10	  -0.00000	  -0.88766	  -0.00000	   3.83706	   2.94940	  28.84528
 15	  9	  -0.00000	  -1.02822	  -0.00000	   3.85132	   2.82310	  29.10998
 15	  8	  -0.00000	  -1.15536	  -0.00000	   3.86641	   2.71105	  29.46741
 15	  7	  -0.00000	  -1.26731	  -0.00000	   3.88067	   2.61336	  29.91365
 15	  6	  -0.00000	  -1.36271	  -0.00000	   3.89275	   2.53004	  30.44435
 15	  5	  -0.00000	  -1.44058	  -0.00000	   3.89275	   2.45217	  31.04608
 15	  4	  -0.00000	  -1.50037	  -0.00000	   3.89275	   2.39238	  31.72691
 15	  3	  -0.00000	  -1.54195	  -0.00000	   3.89275	   2.35080	  32.48247
 15	  2	  -0.00000	  -1.56557	  -0.00000	   3.89275	   2.32718	  33.30815
 15	  1	   0.00000	  -1.57188	  -0.00000	   3.89275	   2.32087	  34.19914

 16	 30	   0.00000	   1.14522	  -0.00000	   3.89275	   5.03797	  38.71659
 16	 29	   0.00000	   1.15356	  -0.00000	   3.89275	   5.04631	  37.67533
 16	 28	   0.00000	   1.14720	  -0.00000	   3.89275	   5.03995	  36.65570
 16	 27	   0.00000	   1.12480	  -0.00000	   3.87998	   5.00478	  35.64721
 16	 26	   0.00000	   1.08528	  -0.00000	   3.86115	   4.94643	  34.65941
 16	 25	   0.00000	   1.02789	  -0.00000	   3.82420	   4.85209	  33.68375
 16	 24	  -0.00000	   0.95222	  -0.00000	   3.78056	   4.73278	  32.73577
 16	 23	  -0.00000	   0.85827	  -0.00000	   3.73442	   4.59269	  31.82449
 16	 22	  -0.00000	   0.74646	  -0.00000	   3.69078	   4.43724	  30.96032
 16	 21	  -0.00000	   0.61766	  -0.00000	   3.65384	   4.27150	  30.15347
 16	 20	  -0.00000	   0.47316	  -0.00000	   3.63500	   4.10816	  29.42179
 16	 19	  -0.00000	   0.31470	  -0.00000	   3.62223	   3.93693	  28.75996
 16	 18	  -0.00000	   0.14438	  -0.00000	   3.62223	   3.76661	  28.18148
 16	 17	  -0.00000	  -0.03533	  -0.00000	   3.62223	   3.58691	  27.68024
 16	 16	  -0.00000	  -0.22166	  -0.00000	   3.62223	   3.40057	  27.26250
 16	 15	  -0.00000	  -0.41164	  -0.00000	   3.62223	   3.21059	  26.93388
 16	 14	  -0.00000	  -0.60216	  -0.00000	   3.62223	   3.02007	  26.69913
 16	 13	  -0.00000	  -0.79004	  -0.00000	   3.62223	   2.83220	  26.56194
 16	 12	  -0.00000	  -0.97213	  -0.00000	   3.63500	   2.66287	  26.53762
 16	 11	  -0.00000	  -1.14542	  -0.00000	   3.65384	   2.50842	  26.62079
 16	 10	  -0.00000	  -1.30709	  -0.00000	   3.69078	   2.38369	  26.82361
 16	  9	  -0.00000	  -1.45459	  -0.00000	   3.73442	   2.27983	  27.13366
 16	  8	  -0.00000	  -1.58574	  -0.00000	   3.78056	   2.19482	  27.54468
 16	  7	  -0.00000	  -1.69874	  -0.00000	   3.82420	   2.12547	  28.04879
 16	  6	  -0.00000	  -1.79222	  -0.00000	   3.86115	   2.06893	  28.63811
 16	  5	  -0.00000	  -1.86530	  -0.00000	   3.87998	   2.01468	  29.29699
 16	  4	  -0.00000	  -1.91756	  -0.00000	   3.89275	   1.97519	  30.03277
 16	  3	  -0.00000	  -1.94902	  -0.00000	   3.89275	   1.94373	  30.83370
 16	  2	  -0.00000	  -1.96018	  -0.00000	   3.89275	   1.93257	  31.70728
 16	  1	  -0.00000	  -1.95193	  -0.00000	   3.89275	   1.94082	  32.64810

 17	 30	   0.00000	   1.07720	  -0.00000	   3.89275	   4.96995	  37.61137
 17	 29	   0.00000	   1.07001	  -0.00000	   3.89275	   4.96276	  36.52010
 17	 28	   0.00000	   1.04638	  -0.00000	   3.87848	   4.92486	  35.43336
 17	 27	   0.00000	   1.00500	  -0.00000	   3.84219	   4.84719	  34.34586
 17	 26	   0.00000	   0.94488	  -0.00000	   3.78865	   4.73353	  33.26552
 17	 25	  -0.00000	   0.86537	  -0.00000	   3.70589	   4.57126	  32.18426
 17	 24	  -0.00000	   0.76624	  -0.00000	   3.60813	   4.37436	  31.12096
 17	 23	  -0.00000	   0.64769	  -0.00000	   3.50477	   4.15246	  30.09053
 17	 22	  -0.00000	   0.51040	  -0.00000	   3.40700	   3.91740	  29.11039
 17	 21	  -0.00000	   0.35551	  -0.00000	   3.32424	   3.67976	  28.19689
 17	 20	  -0.00000	   0.18467	  -0.00000	   3.27070	   3.45537	  27.37174
 17	 19	  -0.00000	  -0.00007	  -0.00000	   3.23442	   3.23435	  26.63083
 17	 18	  -0.00000	  -0.19620	  -0.00000	   3.22015	   3.02395	  25.98693
 17	 17	  -0.00000	  -0.40087	  -0.00000	   3.22015	   2.81928	  25.44010
 17	 16	  -0.00000	  -0.61093	  -0.00000	   3.22015	   2.60922	  24.98341
 17	 15	  -0.00000	  -0.82303	  -0.00000	   3.22015	   2.39712	  24.62340
 17	 14	  -0.00000	  -1.03369	  -0.00000	   3.22015	   2.18646	  24.36552
 17	 13	  -0.00000	  -1.23939	  -0.00000	   3.23442	   1.99502	  24.22819
 17	 12	  -0.00000	  -1.43671	  -0.00000	   3.27070	   1.83400	  24.22187
 17	 11	  -0.00000	  -1.62235	  -0.00000	   3.32424	   1.70189	  24.34300
 17	 10	  -0.00000	  -1.79331	  -0.00000	   3.40700	   1.61369	  24.60331
 17	  9	  -0.00000	  -1.94691	  -0.00000	   3.50477	   1.55787	  24.98703
 17	  8	  -0.00000	  -2.08085	  -0.00000	   3.60813	   1.52727	  25.48200
 17	  7	  -0.00000	  -2.19334	  -0.00000	   3.70589	   1.51256	  26.07333
 17	  6	  -0.00000	  -2.28305	  -0.00000	   3.78865	   1.50560	  26.74713
 17	  5	  -0.00000	  -2.34921	  -0.00000	   3.84219	   1.49299	  27.48409
 17	  4	  -0.00000	  -2.39154	  -0.00000	   3.87848	   1.48694	  28.29069
 17	  3	  -0.00000	  -2.41030	  -0.00000	   3.89275	   1.48245	  29.15633
 17	  2	  -0.00000	  -2.40624	  -0.00000	   3.89275	   1.48651	  30.08278
 17	  1	  -0.00000	  -2.38052	  -0.00000	   3.89275	   1.51223	  31.07825

 18	 30	   0.00000	   0.98044	  -0.00000	   3.89275	   4.87319	  36.51455
 18	 29	   0.00000	   0.95482	  -0.00000	   3.87998	   4.83480	  35.35657
 18	 28	   0.00000	   0.91090	  -0.00000	   3.84219	   4.75309	  34.18915
 18	 27	   0.00000	   0.84745	  -0.00000	   3.76712	   4.61458	  33.00268
 18	 26	  -0.00000	   0.76359	  -0.00000	   3.65636	   4.41995	  31.80220
 18	 25	  -0.00000	   0.65881	  -0.00000	   3.49807	   4.15688	  30.58017
 18	 24	  -0.00000	   0.53308	  -0.00000	   3.31106	   3.84414	  29.36068
 18	 23	  -0.00000	   0.38686	  -0.00000	   3.11337	   3.50023	  28.16795
 18	 22	  -0.00000	   0.22110	  -0.00000	   2.92637	   3.14747	  27.03051
 18	 21	  -0.00000	   0.03729	  -0.00000	   2.76807	   2.80536	  25.97437
 18	 20	  -0.00000	  -0.16257	  -0.00000	   2.65731	   2.49475	  25.02707
 18	 19	  -0.00000	  -0.37602	  -0.00000	   2.59432	   2.21830	  24.19803
 18	 18	  -0.00000	  -0.60015	  -0.00000	   2.57080	   1.97065	  23.48835
 18	 17	  -0.00000	  -0.83169	  -0.00000	   2.57311	   1.74142	  22.89360
 18	 16	  -0.00000	  -1.06707	  -0.00000	   2.58738	   1.52031	  22.40852
 18	 15	  -0.00000	  -1.30254	  -0.00000	   2.59946	   1.29692	  22.02662
 18	 14	  -0.00000	  -1.53422	  -0.00000	   2.61222	   1.07800	  21.75707
 18	 13	  -0.00000	  -1.75826	  -0.00000	   2.65001	   0.89175	  21.62884
 18	 12	  -0.00000	  -1.97091	  -0.00000	   2.71301	   0.74210	  21.64496
 18	 11	  -0.00000	  -2.16864	  -0.00000	   2.80950	   0.64085	  21.81472
 18	 10	  -0.00000	  -2.34824	  -0.00000	   2.95271	   0.60447	  22.15060
 18	  9	  -0.00000	  -2.50689	  -0.00000	   3.12545	   0.61856	  22.63307
 18	  8	  -0.00000	  -2.64225	  -0.00000	   3.31106	   0.66881	  23.24184
 18	  7	  -0.00000	  -2.75251	  -0.00000	   3.49807	   0.74555	  23.96074
 18	  6	  -0.00000	  -2.83643	  -0.00000	   3.65636	   0.81993	  24.75417
 18	  5	  -0.00000	  -2.89336	  -0.00000	   3.76712	   0.87376	  25.59724
 18	  4	  -0.00000	  -2.92324	  -0.00000	   3.84219	   0.91896	  26.49538
 18	  3	  -0.00000	  -2.92656	  -0.00000	   3.87998	   0.95342	  27.44034
 18	  2	  -0.00000	  -2.90436	  -0.00000	   3.89275	   0.98839	  28.43761
 18	  1	  -0.00000	  -2.85816	  -0.00000	   3.89275	   1.03459	  29.49267

 19	 30	   0.00000	   0.85318	  -0.00000	   3.89275	   4.74593	  35.42799
 19	 29	   0.00000	   0.80611	  -0.00000	   3.86115	   4.66726	  34.19338
 19	 28	  -0.00000	   0.73882	  -0.00000	   3.78865	   4.52748	  32.92985
 19	 27	  -0.00000	   0.65015	  -0.00000	   3.65636	   4.30652	  31.62131
 19	 26	  -0.00000	   0.53936	  -0.00000	   3.46119	   4.00055	  30.26841
 19	 25	  -0.00000	   0.40612	  -0.00000	   3.19145	   3.59757	  28.86422
 19	 24	  -0.00000	   0.25065	  -0.00000	   2.87279	   3.12344	  27.44024
 19	 23	  -0.00000	   0.07368	  -0.00000	   2.53593	   2.60960	  26.03416
 19	 22	  -0.00000	  -0.12350	  -0.00000	   2.21727	   2.09377	  24.69051
 19	 21	  -0.00000	  -0.33902	  -0.00000	   1.96029	   1.62127	  23.46196
 19	 20	  -0.00000	  -0.57050	  -0.00000	   1.79603	   1.22553	  22.38962
 19	 19	  -0.00000	  -0.81503	  -0.00000	   1.70288	   0.88784	  21.46263
 19	 18	  -0.00000	  -1.06926	  -0.00000	   1.67484	   0.60558	  20.68603
 19	 17	  -0.00000	  -1.32947	  -0.00000	   1.68856	   0.35909	  20.04735
 19	 16	  -0.00000	  -1.59164	  -0.00000	   1.73001	   0.13838	  19.54277
 19	 15	  -0.00000	  -1.85157	  -0.00000	   1.75488	  -0.09669	  19.13697
 19	 14	  -0.00000	  -2.10501	  -0.00000	   1.79255	  -0.31246	  18.86661
 19	 13	  -0.00000	  -2.34774	  -0.00000	   1.85898	  -0.48876	  18.75285
 19	 12	  -0.00000	  -2.57568	  -0.00000	   1.96640	  -0.60928	  18.81088
 19	 11	  -0.00000	  -2.78507	  -0.00000	   2.12012	  -0.66495	  19.04661
 19	 10	  -0.00000	  -2.97249	  -0.00000	   2.34454	  -0.62795	  19.48296
 19	  9	  -0.00000	  -3.13501	  -0.00000	   2.61874	  -0.51627	  20.09566
 19	  8	  -0.00000	  -3.27024	  -0.00000	   2.91647	  -0.35377	  20.85365
 19	  7	  -0.00000	  -3.37642	  -0.00000	   3.20422	  -0.17220	  21.71747
 19	  6	  -0.00000	  -3.45238	  -0.00000	   3.46119	   0.00881	  22.65965
 19	  5	  -0.00000	  -3.49766	  -0.00000	   3.65636	   0.15870	  23.64197
 19	  4	  -0.00000	  -3.51242	  -0.00000	   3.78865	   0.27623	  24.65587
 19	  3	  -0.00000	  -3.49746	  -0.00000	   3.86115	   0.36368	  25.69686
 19	  2	  -0.00000	  -3.45415	  -0.00000	   3.89275	   0.43860	  26.77627
 19	  1	  -0.00000	  -3.38437	  -0.00000	   3.89275	   0.50838	  27.89589

 20	 30	   0.00000	   0.69414	  -0.00000	   3.88067	   4.57482	  34.34228
 20	 29	  -0.00000	   0.62262	  -0.00000	   3.82420	   4.44682	  33.02136
 20	 28	  -0.00000	   0.52885	  -0.00000	   3.70589	   4.23474	  31.64656
 20	 27	  -0.00000	   0.41181	  -0.00000	   3.49807	   3.90988	  30.19316
 20	 26	  -0.00000	   0.27091	  -0.00000	   3.19145	   3.46237	  28.65589
 20	 25	  -0.00000	   0.10607	  -0.00000	   2.77458	   2.88066	  27.02847
 20	 24	  -0.00000	  -0.08223	  -0.00000	   2.28211	   2.19988	  25.35198
 20	 23	  -0.00000	  -0.29295	  -0.00000	   1.76151	   1.46856	  23.68167
 20	 22	  -0.00000	  -0.52441	  -0.00000	   1.29607	   0.77166	  22.11002
 20	 21	  -0.00000	  -0.77435	  -0.00000	   0.93364	   0.15929	  20.69532
 20	 20	  -0.00000	  -1.03993	  -0.00000	   0.70086	  -0.33907	  19.47587
 20	 19	  -0.00000	  -1.31777	  -0.00000	   0.58331	  -0.73446	  18.44977
 20	 18	  -0.00000	  -1.60405	  -0.00000	   0.56445	  -1.03960	  17.61348
 20	 17	  -0.00000	  -1.89455	  -0.00000	   0.60665	  -1.28791	  16.94231
 20	 16	  -0.00000	  -2.18480	  -0.00000	   0.67356	  -1.51124	  16.41203
 20	 15	  -0.00000	  -2.47014	  -0.00000	   0.73602	  -1.73412	  16.00416
 20	 14	  -0.00000	  -2.74590	  -0.00000	   0.81644	  -1.92946	  15.74962
 20	 13	  -0.00000	  -3.00748	  -0.00000	   0.91080	  -2.09667	  15.65023
 20	 12	  -0.00000	  -3.25050	  -0.00000	   1.06824	  -2.18226	  15.75808
 20	 11	  -0.00000	  -3.47094	  -0.00000	   1.29587	  -2.17507	  16.08030
 20	 10	  -0.00000	  -3.66520	  -0.00000	   1.61407	  -2.05114	  16.63473
 20	  9	  -0.00000	  -3.83026	  -0.00000	   2.00709	  -1.82317	  17.40089
 20	  8	  -0.00000	  -3.96370	  -0.00000	   2.43742	  -1.52628	  18.33493
 20	  7	  -0.00000	  -4.06380	  -0.00000	   2.85605	  -1.20775	  19.38037
 20	  6	  -0.00000	  -4.12955	  -0.00000	   3.21849	  -0.91106	  20.48458
 20	  5	  -0.00000	  -4.16067	  -0.00000	   3.49807	  -0.66260	  21.61242
 20	  4	  -0.00000	  -4.15761	  -0.00000	   3.70589	  -0.45171	  22.76638
 20	  3	  -0.00000	  -4.12148	  -0.00000	   3.82420	  -0.29727	  23.92013
 20	  2	  -0.00000	  -4.05403	  -0.00000	   3.88067	  -0.17336	  25.09293
 20	  1	  -0.00000	  -3.95757	  -0.00000	   3.89275	  -0.06482	  26.29402

 21	 30	   0.00000	   0.50270	  -0.00000	   3.86641	   4.36911	  33.27092
 21	 29	  -0.00000	   0.40373	  -0.00000	   3.78056	   4.18429	  31.85589
 21	 28	  -0.00000	   0.28045	  -0.00000	   3.60813	   3.88857	  30.35781
 21	 27	  -0.00000	   0.13196	  -0.00000	   3.31106	   3.44302	  28.74171
 21	 26	  -0.00000	  -0.04211	  -0.00000	   2.87279	   2.83068	  26.99526
 21	 25	  -0.00000	  -0.24159	  -0.00000	   2.28211	   2.04052	  25.11279
 21	 24	  -0.00000	  -0.46571	  -0.00000	   1.58431	   1.11860	  23.14660
 21	 23	  -0.00000	  -0.71302	  -0.00000	   0.88644	   0.17342	  21.21233
 21	 22	  -0.00000	  -0.98147	  -0.00000	   0.26660	  -0.71488	  19.39827
 21	 21	  -0.00000	  -1.26834	  -0.00000	  -0.21146	  -1.47980	  17.78004
 21	 20	  -0.00000	  -1.57031	  -0.00000	  -0.50224	  -2.07255	  16.41649
 21	 19	  -0.00000	  -1.88350	  -0.00000	  -0.62432	  -2.50782	  15.30363
 21	 18	  -0.00000	  -2.20357	  -0.00000	  -0.60885	  -2.81241	  14.42564
 21	 17	  -0.00000	  -2.52580	  -0.00000	  -0.52137	  -3.04716	  13.73240
 21	 16	  -0.00000	  -2.84521	  -0.00000	  -0.40659	  -3.25180	  13.19377
 21	 15	  -0.00000	  -3.15668	  -0.00000	  -0.28076	  -3.43744	  12.80632
 21	 14	  -0.00000	  -3.45511	  -0.00000	  -0.16722	  -3.62233	  12.55675
 21	 13	  -0.00000	  -3.73552	  -0.00000	  -0.02248	  -3.75800	  12.49517
 21	 12	  -0.00000	  -3.99323	  -0.00000	   0.17510	  -3.81813	  12.64603
 21	 11	  -0.00000	  -4.22395	  -0.00000	   0.47225	  -3.75170	  13.05519
 21	 10	  -0.00000	  -4.42394	  -0.00000	   0.87752	  -3.54642	  13.72711
 21	  9	  -0.00000	  -4.59007	  -0.00000	   1.38523	  -3.20484	  14.64950
 21	  8	  -0.00000	  -4.71994	  -0.00000	   1.94710	  -2.77284	  15.76578
 21	  7	  -0.00000	  -4.81190	  -0.00000	   2.49822	  -2.31368	  17.00170
 21	  6	  -0.00000	  -4.86511	  -0.00000	   2.97847	  -1.88664	  18.28727
 21	  5	  -0.00000	  -4.87954	  -0.00000	   3.35086	  -1.52868	  19.57558
 21	  4	  -0.00000	  -4.85593	  -0.00000	   3.60813	  -1.24780	  20.84955
 21	  3	  -0.00000	  -4.79576	  -0.00000	   3.78056	  -1.01520	  22.12990
 21	  2	  -0.00000	  -4.70121	  -0.00000	   3.86641	  -0.83480	  23.40563
 21	  1	  -0.00000	  -4.57502	  -0.00000	   3.89275	  -0.68227	  24.69492

 22	 30	  -0.00000	   0.27891	  -0.00000	   3.85132	   4.13024	  32.21987
 22	 29	  -0.00000	   0.14963	  -0.00000	   3.73442	   3.88405	  30.70626
 22	 28	  -0.00000	  -0.00609	  -0.00000	   3.50477	   3.49868	  29.07863
 22	 27	  -0.00000	  -0.18894	  -0.00000	   3.11337	   2.92443	  27.29114
 22	 26	  -0.00000	  -0.39909	  -0.00000	   2.53593	   2.13683	  25.32389
 22	 25	  -0.00000	  -0.63607	  -0.00000	   1.76151	   1.12544	  23.17181
 22	 24	  -0.00000	  -0.89875	  -0.00000	   0.88644	  -0.01231	  20.93872
 22	 23	  -0.00000	  -1.18530	  -0.00000	   0.00403	  -1.18127	  18.72723
 22	 22	  -0.00000	  -1.49321	  -0.00000	  -0.76571	  -2.25892	  16.66862
 22	 21	  -0.00000	  -1.81928	  -0.00000	  -1.33623	  -3.15551	  14.86266
 22	 20	  -0.00000	  -2.15968	  -0.00000	  -1.65346	  -3.81314	  13.37865
 22	 19	  -0.00000	  -2.50999	  -0.00000	  -1.74332	  -4.25331	  12.20758
 22	 18	  -0.00000	  -2.86533	  -0.00000	  -1.65591	  -4.52124	  11.31743
 22	 17	  -0.00000	  -3.22046	  -0.00000	  -1.47975	  -4.70020	  10.63820
 22	 16	  -0.00000	  -3.56986	  -0.00000	  -1.28535	  -4.85521	  10.11709
 22	 15	  -0.00000	  -3.90795	  -0.00000	  -1.09921	  -5.00716	   9.74318
 22	 14	  -0.00000	  -4.22918	  -0.00000	  -0.92558	  -5.15477	   9.52432
 22	 13	  -0.00000	  -4.52820	  -0.00000	  -0.75265	  -5.28086	   9.47986
 22	 12	  -0.00000	  -4.80001	  -0.00000	  -0.51874	  -5.31875	   9.67397
 22	 11	  -0.00000	  -5.04009	  -0.00000	  -0.18319	  -5.22328	  10.14502
 22	 10	  -0.00000	  -5.24455	  -0.00000	   0.28006	  -4.96449	  10.91278
 22	  9	  -0.00000	  -5.41019	  -0.00000	   0.87117	  -4.53902	  11.96827
 22	  8	  -0.00000	  -5.53464	  -0.00000	   1.53426	  -4.00037	  13.24473
 22	  7	  -0.00000	  -5.61636	  -0.00000	   2.19141	  -3.42495	  14.65257
 22	  6	  -0.00000	  -5.65470	  -0.00000	   2.76863	  -2.88607	  16.10602
 22	  5	  -0.00000	  -5.64991	  -0.00000	   3.21905	  -2.43086	  17.54669
 22	  4	  -0.00000	  -5.60308	  -0.00000	   3.53181	  -2.07127	  18.95266
 22	  3	  -0.00000	  -5.51609	  -0.00000	   3.73442	  -1.78167	  20.34092
 22	  2	  -0.00000	  -5.39156	  -0.00000	   3.85132	  -1.54024	  21.72587
 22	  1	  -0.00000	  -5.23274	  -0.00000	   3.89275	  -1.33999	  23.10822

 23	 30	  -0.00000	   0.02359	  -0.00000	   3.83706	   3.86065	  31.19635
 23	 29	  -0.00000	  -0.13869	  -0.00000	   3.69078	   3.55209	  29.58368
 23	 28	  -0.00000	  -0.32954	  -0.00000	   3.40700	   3.07746	  27.82714
 23	 27	  -0.00000	  -0.54946	  -0.00000	   2.92637	   2.37691	  25.87052
 23	 26	  -0.00000	  -0.79834	  -0.00000	   2.21727	   1.41892	  23.68667
 23	 25	  -0.00000	  -1.07540	  -0.00000	   1.29607	   0.22067	  21.29804
 23	 24	  -0.00000	  -1.37912	  -0.00000	   0.26660	  -1.11252	  18.81632
 23	 23	  -0.00000	  -1.70724	  -0.00000	  -0.75363	  -2.46087	  16.36894
 23	 22	  -0.00000	  -2.05677	  -0.00000	  -1.62863	  -3.68540	  14.10405
 23	 21	  -0.00000	  -2.42400	  -0.00000	  -2.24278	  -4.66678	  12.15189
 23	 20	  -0.00000	  -2.80454	  -0.00000	  -2.53722	  -5.34176	  10.58842
 23	 19	  -0.00000	  -3.19343	  -0.00000	  -2.54678	  -5.74020	   9.39828
 23	 18	  -0.00000	  -3.58522	  -0.00000	  -2.35765	  -5.94286	   8.51662
 23	 17	  -0.00000	  -3.97410	  -0.00000	  -2.07153	  -6.04562	   7.86407
 23	 16	  -0.00000	  -4.35405	  -0.00000	  -1.77333	  -6.12737	   7.37754
 23	 15	  -0.00000	  -4.71897	  -0.00000	  -1.49769	  -6.21666	   7.04175
 23	 14	  -0.00000	  -5.06289	  -0.00000	  -1.28224	  -6.34513	   6.83397
 23	 13	  -0.00000	  -5.38007	  -0.00000	  -1.08191	  -6.46197	   6.80798
 23	 12	  -0.00000	  -5.66521	  -0.00000	  -0.84323	  -6.50844	   7.01911
 23	 11	  -0.00000	  -5.91357	  -0.00000	  -0.50766	  -6.42123	   7.52142
 23	 10	  -0.00000	  -6.12112	  -0.00000	  -0.02105	  -6.14217	   8.35958
 23	  9	  -0.00000	  -6.28464	  -0.00000	   0.59916	  -5.68548	   9.50345
 23	  8	  -0.00000	  -6.40178	  -0.00000	   1.30688	  -5.09490	  10.89281
 23	  7	  -0.00000	  -6.47116	  -0.00000	   2.01719	  -4.45397	  12.42826
 23	  6	  -0.00000	  -6.49236	  -0.00000	   2.64717	  -3.84519	  14.01294
 23	  5	  -0.00000	  -6.46592	  -0.00000	   3.14248	  -3.32344	  15.57936
 23	  4	  -0.00000	  -6.39331	  -0.00000	   3.48847	  -2.90484	  17.10063
 23	  3	  -0.00000	  -6.27686	  -0.00000	   3.70355	  -2.57332	  18.58375
 23	  2	  -0.00000	  -6.11968	  -0.00000	   3.83706	  -2.28262	  20.06743
 23	  1	  -0.00000	  -5.92551	  -0.00000	   3.89275	  -2.03276	  21.54536

 24	 30	  -0.00000	  -0.26166	  -0.00000	   3.82498	   3.56331	  30.20827
 24	 29	  -0.00000	  -0.45936	  -0.00000	   3.65384	   3.19448	  28.49975
 24	 28	  -0.00000	  -0.68775	  -0.00000	   3.32424	   2.63649	  26.62106
 24	 27	  -0.00000	  -0.94713	  -0.00000	   2.76807	   1.82095	  24.50712
 24	 26	  -0.00000	  -1.23707	  -0.00000	   1.96029	   0.72323	  22.13737
 24	 25	  -0.00000	  -1.55643	  -0.00000	   0.94641	  -0.61003	  19.56344
 24	 24	  -0.00000	  -1.90330	  -0.00000	  -0.19263	  -2.09593	  16.87435
 24	 23	  -0.00000	  -2.27496	  -0.00000	  -1.29929	  -3.57424	  14.23796
 24	 22	  -0.00000	  -2.66789	  -0.00000	  -2.21422	  -4.88211	  11.82650
 24	 21	  -0.00000	  -3.07784	  -0.00000	  -2.80795	  -5.88579	   9.78522
 24	 20	  -0.00000	  -3.49986	  -0.00000	  -3.02048	  -6.52034	   8.19305
 24	 19	  -0.00000	  -3.92840	  -0.00000	  -2.90955	  -6.83795	   7.01436
 24	 18	  -0.00000	  -4.35744	  -0.00000	  -2.57823	  -6.93566	   6.17119
 24	 17	  -0.00000	  -4.78059	  -0.00000	  -2.15663	  -6.93722	   5.56048
 24	 16	  -0.00000	  -5.19130	  -0.00000	  -1.76668	  -6.95798	   5.08759
 24	 15	  -0.00000	  -5.58298	  -0.00000	  -1.39764	  -6.98062	   4.78793
 24	 14	  -0.00000	  -5.94920	  -0.00000	  -1.13848	  -7.08769	   4.59142
 24	 13	  -0.00000	  -6.28388	  -0.00000	  -0.93469	  -7.21857	   4.56297
 24	 12	  -0.00000	  -6.58140	  -0.00000	  -0.71707	  -7.29846	   4.77248
 24	 11	  -0.00000	  -6.83683	  -0.00000	  -0.40270	  -7.23953	   5.29485
 24	 10	  -0.00000	  -7.04601	  -0.00000	   0.04392	  -7.00209	   6.15137
 24	  9	  -0.00000	  -7.20571	  -0.00000	   0.63020	  -6.57551	   7.33192
 24	  8	  -0.00000	  -7.31367	  -0.00000	   1.31365	  -6.00002	   8.77562
 24	  7	  -0.00000	  -7.36866	  -0.00000	   2.01021	  -5.35845	  10.38076
 24	  6	  -0.00000	  -7.37053	  -0.00000	   2.63515	  -4.73538	  12.04632
 24	  5	  -0.00000	  -7.32015	  -0.00000	   3.13086	  -4.18929	  13.70005
 24	  4	  -0.00000	  -7.21941	  -0.00000	   3.47955	  -3.73986	  15.31090
 24	  3	  -0.00000	  -7.07110	  -0.00000	   3.69752	  -3.37359	  16.88313
 24	  2	  -0.00000	  -6.87884	  -0.00000	   3.82498	  -3.05386	  18.44586
 24	  1	  -0.00000	  -6.64692	  -0.00000	   3.89275	  -2.75417	  20.01951

 25	 30	  -0.00000	  -0.57444	  -0.00000	   3.82498	   3.25054	  29.27296
 25	 29	  -0.00000	  -0.80962	  -0.00000	   3.63500	   2.82538	  27.47430
 25	 28	  -0.00000	  -1.07762	  -0.00000	   3.27070	   2.19309	  25.48413
 25	 27	  -0.00000	  -1.37844	  -0.00000	   2.65731	   1.27888	  23.23054
 25	 26	  -0.00000	  -1.71135	  -0.00000	   1.81030	   0.09895	  20.73335
 25	 25	  -0.00000	  -2.07484	  -0.00000	   0.73715	  -1.33769	  18.00609
 25	 24	  -0.00000	  -2.46653	  -0.00000	  -0.44870	  -2.91523	  15.17025
 25	 23	  -0.00000	  -2.88322	  -0.00000	  -1.57070	  -4.45392	  12.41284
 25	 22	  -0.00000	  -3.32087	  -0.00000	  -2.45372	  -5.77459	   9.92224
 25	 21	  -0.00000	  -3.77466	  -0.00000	  -2.96077	  -6.73543	   7.85202
 25	 20	  -0.00000	  -4.23905	  -0.00000	  -3.04765	  -7.28670	   6.26677
 25	 19	  -0.00000	  -4.70789	  -0.00000	  -2.78458	  -7.49247	   5.12100
 25	 18	  -0.00000	  -5.17457	  -0.00000	  -2.30042	  -7.47499	   4.31495
 25	 17	  -0.00000	  -5.63212	  -0.00000	  -1.74802	  -7.38015	   3.72866
 25	 16	  -0.00000	  -6.07346	  -0.00000	  -1.24853	  -7.32199	   3.27559
 25	 15	  -0.00000	  -6.49150	  -0.00000	  -0.83027	  -7.32177	   2.95985
 25	 14	  -0.00000	  -6.87938	  -0.00000	  -0.53939	  -7.41877	   2.76036
 25	 13	  -0.00000	  -7.23064	  -0.00000	  -0.34849	  -7.57913	   2.71735
 25	 12	  -0.00000	  -7.53942	  -0.00000	  -0.15965	  -7.69907	   2.92734
 25	 11	  -0.00000	  -7.80058	  -0.00000	   0.09314	  -7.70743	   3.44262
 25	 10	  -0.00000	  -8.00987	  -0.00000	   0.46575	  -7.54412	   4.29761
 25	  9	  -0.00000	  -8.16407	  -0.00000	   0.96243	  -7.20164	   5.47234
 25	  8	  -0.00000	  -8.26101	  -0.00000	   1.55986	  -6.70115	   6.91989
 25	  7	  -0.00000	  -8.29967	  -0.00000	   2.18007	  -6.11960	   8.54108
 25	  6	  -0.00000	  -8.28018	  -0.00000	   2.74401	  -5.53617	  10.23845
 25	  5	  -0.00000	  -8.20379	  -0.00000	   3.19590	  -5.00789	  11.94031
 25	  4	  -0.00000	  -8.07281	  -0.00000	   3.51629	  -4.55652	  13.61336
 25	  3	  -0.00000	  -7.89053	  -0.00000	   3.71781	  -4.17271	  15.25787
 25	  2	  -0.00000	  -7.66109	  -0.00000	   3.83706	  -3.82404	  16.89915
 25	  1	  -0.00000	  -7.38939	  -0.00000	   3.89275	  -3.49664	  18.54545

 26	 30	  -0.00000	  -0.91155	  -0.00000	   3.82498	   2.91343	  28.38655
 26	 29	  -0.00000	  -1.18588	  -0.00000	   3.62223	   2.43635	  26.50464
 26	 28	  -0.00000	  -1.49509	  -0.00000	   3.23442	   1.73933	  24.41499
 26	 27	  -0.00000	  -1.83888	  -0.00000	   2.60709	   0.76820	  22.06582
 26	 26	  -0.00000	  -2.21621	  -0.00000	   1.74067	  -0.47554	  19.46165
 26	 25	  -0.00000	  -2.62512	  -0.00000	   0.65838	  -1.96673	  16.63151
 26	 24	  -0.00000	  -3.06279	  -0.00000	  -0.51356	  -3.57635	  13.70941
 26	 23	  -0.00000	  -3.52551	  -0.00000	  -1.58502	  -5.11054	  10.89573
 26	 22	  -0.00000	  -4.00869	  -0.00000	  -2.37185	  -6.38054	   8.38779
 26	 21	  -0.00000	  -4.50693	  -0.00000	  -2.74880	  -7.25573	   6.32759
 26	 20	  -0.00000	  -5.01407	  -0.00000	  -2.68033	  -7.69440	   4.77194
 26	 19	  -0.00000	  -5.52338	  -0.00000	  -2.26081	  -7.78419	   3.65315
 26	 18	  -0.00000	  -6.02763	  -0.00000	  -1.64156	  -7.66919	   2.85296
 26	 17	  -0.00000	  -6.51930	  -0.00000	  -0.97970	  -7.49900	   2.25388
 26	 16	  -0.00000	  -6.99075	  -0.00000	  -0.40066	  -7.39141	   1.77492
 26	 15	  -0.00000	  -7.43442	  -0.00000	   0.05110	  -7.38332	   1.41581
 26	 14	  -0.00000	  -7.84302	  -0.00000	   0.34536	  -7.49766	   1.18149
 26	 13	  -0.00000	  -8.20976	  -0.00000	   0.52266	  -7.68709	   1.12940
 26	 12	  -0.00000	  -8.52850	  -0.00000	   0.66423	  -7.86426	   1.33539
 26	 11	  -0.00000	  -8.79394	  -0.00000	   0.84353	  -7.95042	   1.84941
 26	 10	  -0.00000	  -9.00178	  -0.00000	   1.11533	  -7.88646	   2.69370
 26	  9	  -0.00000	  -9.14881	  -0.00000	   1.50001	  -7.64880	   3.85523
 26	  8	  -0.00000	  -9.23300	  -0.00000	   1.97053	  -7.26247	   5.27730
 26	  7	  -0.00000	  -9.25355	  -0.00000	   2.47224	  -6.78131	   6.88063
 26	  6	  -0.00000	  -9.21090	  -0.00000	   2.93548	  -6.27541	   8.57557
 26	  5	  -0.00000	  -9.10668	  -0.00000	   3.31093	  -5.79575	  10.29632
 26	  4	  -0.00000	  -8.94367	  -0.00000	   3.57944	  -5.36423	  12.00982
 26	  3	  -0.00000	  -8.72567	  -0.00000	   3.74951	  -4.97617	  13.71235
 26	  2	  -0.00000	  -8.45740	  -0.00000	   3.85132	  -4.60607	  15.42300
 26	  1	  -0.00000	  -8.14430	  -0.00000	   3.89275	  -4.25155	  17.13926

 27	 30	  -0.00000	  -1.26903	  -0.00000	   3.82498	   2.55595	  27.55780
 27	 29	  -0.00000	  -1.58371	  -0.00000	   3.62223	   2.03853	  25.60748
 27	 28	  -0.00000	  -1.93523	  -0.00000	   3.22015	   1.28492	  23.42987
 27	 27	  -0.00000	  -2.32301	  -0.00000	   2.60240	   0.27939	  21.01104
 27	 26	  -0.00000	  -2.74562	  -0.00000	   1.74734	  -0.99829	  18.33315
 27	 25	  -0.00000	  -3.20070	  -0.00000	   0.69673	  -2.50397	  15.44339
 27	 24	  -0.00000	  -3.68495	  -0.00000	  -0.41368	  -4.09863	  12.48482
 27	 23	  -0.00000	  -4.19412	  -0.00000	  -1.38617	  -5.58029	   9.66483
 27	 22	  -0.00000	  -4.72306	  -0.00000	  -2.03898	  -6.76204	   7.17771
 27	 21	  -0.00000	  -5.26577	  -0.00000	  -2.26020	  -7.52597	   5.15155
 27	 20	  -0.00000	  -5.81552	  -0.00000	  -2.03530	  -7.85082	   3.62187
 27	 19	  -0.00000	  -6.36494	  -0.00000	  -1.48257	  -7.84752	   2.49780
 27	 18	  -0.00000	  -6.90622	  -0.00000	  -0.76062	  -7.66684	   1.65671
 27	 17	  -0.00000	  -7.43128	  -0.00000	  -0.02724	  -7.45851	   0.98729
 27	 16	  -0.00000	  -7.93193	  -0.00000	   0.58992	  -7.34201	   0.41909
 27	 15	  -0.00000	  -8.40016	  -0.00000	   1.04574	  -7.35442	  -0.03065
 27	 14	  -0.00000	  -8.82827	  -0.00000	   1.31406	  -7.51421	  -0.33503
 27	 13	  -0.00000	  -9.20914	  -0.00000	   1.47288	  -7.73627	  -0.39163
 27	 12	  -0.00000	  -9.53641	  -0.00000	   1.56866	  -7.96774	  -0.16732
 27	 11	  -0.00000	  -9.80462	  -0.00000	   1.67961	  -8.12501	   0.37497
 27	 10	  -0.00000	 -10.00944	  -0.00000	   1.85635	  -8.15309	   1.23588
 27	  9	  -0.00000	 -10.14770	  -0.00000	   2.11964	  -8.02806	   2.39094
 27	  8	  -0.00000	 -10.21754	  -0.00000	   2.45871	  -7.75882	   3.79361
 27	  7	  -0.00000	 -10.21839	  -0.00000	   2.82762	  -7.39077	   5.37095
 27	  6	  -0.00000	 -10.15103	  -0.00000	   3.17416	  -6.97687	   7.05041
 27	  5	  -0.00000	 -10.01751	  -0.00000	   3.45854	  -6.55897	   8.77621
 27	  4	  -0.00000	  -9.82108	  -0.00000	   3.66385	  -6.15723	  10.51822
 27	  3	  -0.00000	  -9.56606	  -0.00000	   3.79483	  -5.77123	  12.26966
 27	  2	  -0.00000	  -9.25773	  -0.00000	   3.86641	  -5.39132	  14.03486
 27	  1	  -0.00000	  -8.90214	  -0.00000	   3.89275	  -5.00939	  15.81799

 28	 30	  -0.00000	  -1.64226	  -0.00000	   3.82498	   2.18271	  26.79583
 28	 29	  -0.00000	  -1.99794	  -0.00000	   3.62223	   1.62430	  24.78048
 28	 28	  -0.00000	  -2.39232	  -0.00000	   3.23222	   0.83991	  22.54501
 28	 27	  -0.00000	  -2.82451	  -0.00000	   2.62958	  -0.19493	  20.06623
 28	 26	  -0.00000	  -3.29270	  -0.00000	   1.80687	  -1.48582	  17.34016
 28	 25	  -0.00000	  -3.79407	  -0.00000	   0.81447	  -2.97960	  14.42214
 28	 24	  -0.00000	  -4.32485	  -0.00000	  -0.21475	  -4.53960	  11.45176
 28	 23	  -0.00000	  -4.88026	  -0.00000	  -1.07496	  -5.95522	   8.64364
 28	 22	  -0.00000	  -5.45458	  -0.00000	  -1.58125	  -7.03583	   6.19405
 28	 21	  -0.00000	  -6.04122	  -0.00000	  -1.64961	  -7.69083	   4.20172
 28	 20	  -0.00000	  -6.63284	  -0.00000	  -1.29102	  -7.92386	   2.67499
 28	 19	  -0.00000	  -7.22147	  -0.00000	  -0.63572	  -7.85719	   1.50970
 28	 18	  -0.00000	  -7.79874	  -0.00000	   0.15917	  -7.63957	   0.58488
 28	 17	  -0.00000	  -8.35598	  -0.00000	   0.92188	  -7.43410	  -0.21990
 28	 16	  -0.00000	  -8.88453	  -0.00000	   1.53551	  -7.34901	  -0.94998
 28	 15	  -0.00000	  -9.37590	  -0.00000	   1.96796	  -7.40794	  -1.54700
 28	 14	  -0.00000	  -9.82203	  -0.00000	   2.20798	  -7.61405	  -1.93482
 28	 13	  -0.00000	 -10.21550	  -0.00000	   2.32809	  -7.88740	  -2.00041
 28	 12	  -0.00000	 -10.54972	  -0.00000	   2.38687	  -8.16285	  -1.71617
 28	 11	  -0.00000	 -10.81914	  -0.00000	   2.44561	  -8.37352	  -1.09598
 28	 10	  -0.00000	 -11.01938	  -0.00000	   2.53742	  -8.48197	  -0.18343
 28	  9	  -0.00000	 -11.14739	  -0.00000	   2.70023	  -8.44716	   1.00105
 28	  8	  -0.00000	 -11.20144	  -0.00000	   2.92050	  -8.28095	   2.40417
 28	  7	  -0.00000	 -11.18127	  -0.00000	   3.16716	  -8.01411	   3.96815
 28	  6	  -0.00000	 -11.08799	  -0.00000	   3.40329	  -7.68470	   5.63738
 28	  5	  -0.00000	 -10.92406	  -0.00000	   3.59966	  -7.32440	   7.36848
 28	  4	  -0.00000	 -10.69324	  -0.00000	   3.74284	  -6.95040	   9.13636
 28	  3	  -0.00000	 -10.40037	  -0.00000	   3.83628	  -6.56409	  10.93410
 28	  2	  -0.00000	 -10.05132	  -0.00000	   3.88067	  -6.17064	  12.75261
 28	  1	  -0.00000	  -9.65271	  -0.00000	   3.89275	  -5.75996	  14.59913

 29	 30	  -0.00000	  -2.02603	  -0.00000	   3.82498	   1.79895	  26.10982
 29	 29	  -0.00000	  -2.42277	  -0.00000	   3.62223	   1.19946	  24.03412
 29	 28	  -0.00000	  -2.85996	  -0.00000	   3.24649	   0.38653	  21.74829
 29	 27	  -0.00000	  -3.33636	  -0.00000	   2.67322	  -0.66313	  19.22977
 29	 26	  -0.00000	  -3.84975	  -0.00000	   1.90245	  -1.94730	  16.48177
 29	 25	  -0.00000	  -4.39690	  -0.00000	   0.95786	  -3.43904	  13.53252
 29	 24	  -0.00000	  -4.97352	  -0.00000	   0.02561	  -4.94790	  10.57423
 29	 23	  -0.00000	  -5.57430	  -0.00000	  -0.71277	  -6.28707	   7.79624
 29	 22	  -0.00000	  -6.19296	  -0.00000	  -1.08222	  -7.27519	   5.38351
 29	 21	  -0.00000	  -6.82234	  -0.00000	  -1.01942	  -7.84177	   3.41193
 29	 20	  -0.00000	  -7.45450	  -0.00000	  -0.54823	  -8.00273	   1.87394
 29	 19	  -0.00000	  -8.08090	  -0.00000	   0.17401	  -7.90689	   0.63429
 29	 18	  -0.00000	  -8.69257	  -0.00000	   0.98808	  -7.70449	  -0.43437
 29	 17	  -0.00000	  -9.28035	  -0.00000	   1.73241	  -7.54794	  -1.44403
 29	 16	  -0.00000	  -9.83508	  -0.00000	   2.33277	  -7.50230	  -2.38755
 29	 15	  -0.00000	 -10.34785	  -0.00000	   2.72309	  -7.62475	  -3.20167
 29	 14	  -0.00000	 -10.81024	  -0.00000	   2.92823	  -7.88201	  -3.70270
 29	 13	  -0.00000	 -11.21457	  -0.00000	   3.01400	  -8.20058	  -3.74304
 29	 12	  -0.00000	 -11.55408	  -0.00000	   3.04077	  -8.51331	  -3.33908
 29	 11	  -0.00000	 -11.82310	  -0.00000	   3.04803	  -8.77508	  -2.59643
 29	 10	  -0.00000	 -12.01730	  -0.00000	   3.09178	  -8.92552	  -1.57170
 29	  9	  -0.00000	 -12.13368	  -0.00000	   3.18202	  -8.95166	  -0.32138
 29	  8	  -0.00000	 -12.17075	  -0.00000	   3.31170	  -8.85906	   1.11013
 29	  7	  -0.00000	 -12.12851	  -0.00000	   3.46170	  -8.66682	   2.68165
 29	  6	  -0.00000	 -12.00844	  -0.00000	   3.60824	  -8.40020	   4.35482
 29	  5	  -0.00000	 -11.81345	  -0.00000	   3.72267	  -8.09078	   6.08997
 29	  4	  -0.00000	 -11.54775	  -0.00000	   3.80749	  -7.74026	   7.88013
 29	  3	  -0.00000	 -11.21675	  -0.00000	   3.86115	  -7.35560	   9.71483
 29	  2	  -0.00000	 -10.82686	  -0.00000	   3.89275	  -6.93411	  11.59432
 29	  1	  -0.00000	 -10.38532	  -0.00000	   3.89275	  -6.49257	  13.50007

 30	 30	  -0.00000	  -2.41465	  -0.00000	   3.82498	   1.41033	  25.50870
 30	 29	  -0.00000	  -2.85193	  -0.00000	   3.62223	   0.77030	  23.37859
 30	 28	  -0.00000	  -3.33123	  -0.00000	   3.26157	  -0.06966	  21.04995
 30	 27	  -0.00000	  -3.85096	  -0.00000	   2.71636	  -1.13461	  18.49803
 30	 26	  -0.00000	  -4.40853	  -0.00000	   1.97027	  -2.43826	  15.70957
 30	 25	  -0.00000	  -5.00023	  -0.00000	   1.10540	  -3.89483	  12.77090
 30	 24	  -0.00000	  -5.62131	  -0.00000	   0.27944	  -5.34187	   9.84528
 30	 23	  -0.00000	  -6.26593	  -0.00000	  -0.34124	  -6.60717	   7.10606
 30	 22	  -0.00000	  -6.92725	  -0.00000	  -0.59108	  -7.51833	   4.72731
 30	 21	  -0.00000	  -7.59755	  -0.00000	  -0.42788	  -8.02542	   2.76154
 30	 20	  -0.00000	  -8.26831	  -0.00000	   0.10448	  -8.16383	   1.17756
 30	 19	  -0.00000	  -8.93044	  -0.00000	   0.84455	  -8.08590	  -0.16980
 30	 18	  -0.00000	  -9.57445	  -0.00000	   1.63810	  -7.93635	  -1.41196
 30	 17	  -0.00000	 -10.19065	  -0.00000	   2.34500	  -7.84565	  -2.65232
 30	 16	  -0.00000	 -10.76945	  -0.00000	   2.90776	  -7.86169	  -3.87752
 30	 15	  -0.00000	 -11.30155	  -0.00000	   3.27208	  -8.02947	  -4.98371
 30	 14	  -0.00000	 -11.77821	  -0.00000	   3.44166	  -8.33655	  -5.65707
 30	 13	  -0.00000	 -12.19152	  -0.00000	   3.49819	  -8.69333	  -5.59774
 30	 12	  -0.00000	 -12.53454	  -0.00000	   3.49726	  -9.03728	  -4.97702
 30	 11	  -0.00000	 -12.80159	  -0.00000	   3.47836	  -9.32323	  -4.04226
 30	 10	  -0.00000	 -12.98832	  -0.00000	   3.49020	  -9.49812	  -2.88059
 30	  9	  -0.00000	 -13.09190	  -0.00000	   3.52875	  -9.56315	  -1.55100
 30	  8	  -0.00000	 -13.11103	  -0.00000	   3.59138	  -9.51965	  -0.08049
 30	  7	  -0.00000	 -13.04601	  -0.00000	   3.66815	  -9.37787	   1.50793
 30	  6	  -0.00000	 -12.89869	  -0.00000	   3.74570	  -9.15299	   3.19220
 30	  5	  -0.00000	 -12.67241	  -0.00000	   3.80341	  -8.86900	   4.94428
 30	  4	  -0.00000	 -12.37188	  -0.00000	   3.85496	  -8.51692	   6.77065
 30	  3	  -0.00000	 -12.00302	  -0.00000	   3.87998	  -8.12304	   8.64338
 30	  2	  -0.00000	 -11.57281	  -0.00000	   3.89275	  -7.68006	  10.56866
 30	  1	  -0.00000	 -11.08903	  -0.00000	   3.89275	  -7.19628	  12.53741

 31	 30	  -0.00000	  -2.80211	  -0.00000	   3.82498	   1.02287	  25.00087
 31	 29	  -0.00000	  -3.27877	  -0.00000	   3.62223	   0.34346	  22.82340
 31	 28	  -0.00000	  -3.79883	  -0.00000	   3.27584	  -0.52299	  20.45916
 31	 27	  -0.00000	  -4.36037	  -0.00000	   2.74573	  -1.61464	  17.87006
 31	 26	  -0.00000	  -4.96039	  -0.00000	   2.05131	  -2.90908	  15.07860
 31	 25	  -0.00000	  -5.59475	  -0.00000	   1.25979	  -4.33496	  12.15624
 31	 24	  -0.00000	  -6.25823	  -0.00000	   0.50769	  -5.75053	   9.24489
 31	 23	  -0.00000	  -6.94446	  -0.00000	  -0.02021	  -6.96467	   6.53591
 31	 22	  -0.00000	  -7.64609	  -0.00000	  -0.19299	  -7.83908	   4.16794
 31	 21	  -0.00000	  -8.35484	  -0.00000	   0.03481	  -8.32003	   2.19527
 31	 20	  -0.00000	  -9.06168	  -0.00000	   0.59948	  -8.46220	   0.56413
 31	 19	  -0.00000	  -9.75697	  -0.00000	   1.33587	  -8.42110	  -0.87938
 31	 18	  -0.00000	 -10.43073	  -0.00000	   2.08788	  -8.34284	  -2.27814
 31	 17	  -0.00000	 -11.07281	  -0.00000	   2.73920	  -8.33361	  -3.73104
 31	 16	  -0.00000	 -11.67320	  -0.00000	   3.24489	  -8.42831	  -5.25236
 31	 15	  -0.00000	 -12.22226	  -0.00000	   3.59506	  -8.62720	  -6.75914
 31	 14	  -0.00000	 -12.71097	  -0.00000	   3.74607	  -8.96490	  -7.78480
 31	 13	  -0.00000	 -13.13121	  -0.00000	   3.76985	  -9.36136	  -7.41312
 31	 12	  -0.00000	 -13.47595	  -0.00000	   3.74657	  -9.72937	  -6.45850
 31	 11	  -0.00000	 -13.73945	  -0.00000	   3.72492	 -10.01453	  -5.31329
 31	 10	  -0.00000	 -13.91744	  -0.00000	   3.72250	 -10.19494	  -4.03015
 31	  9	  -0.00000	 -14.00722	  -0.00000	   3.73368	 -10.27355	  -2.63106
 31	  8	  -0.00000	 -14.00774	  -0.00000	   3.75804	 -10.24970	  -1.12223
 31	  7	  -0.00000	 -13.91958	  -0.00000	   3.79116	 -10.12842	   0.48825
 31	  6	  -0.00000	 -13.74497	  -0.00000	   3.82644	  -9.91852	   2.19001
 31	  5	  -0.00000	 -13.48767	  -0.00000	   3.85646	  -9.63121	   3.97098
 31	  4	  -0.00000	 -13.15288	  -0.00000	   3.87848	  -9.27440	   5.82271
 31	  3	  -0.00000	 -12.74703	  -0.00000	   3.89275	  -8.85428	   7.73866
 31	  2	  -0.00000	 -12.27761	  -0.00000	   3.89275	  -8.38486	   9.70460
 31	  1	  -0.00000	 -11.75298	  -0.00000	   3.89275	  -7.86023	  11.72629

 32	 30	  -0.00000	  -3.18223	  -0.00000	   3.82498	   0.64274	  24.59390
 32	 29	  -0.00000	  -3.69648	  -0.00000	   3.62223	  -0.07425	  22.37705
 32	 28	  -0.00000	  -4.25531	  -0.00000	   3.30219	  -0.95312	  19.99833
 32	 27	  -0.00000	  -4.85645	  -0.00000	   2.78955	  -2.06690	  17.38475
 32	 26	  -0.00000	  -5.49652	  -0.00000	   2.14768	  -3.34885	  14.60302
 32	 25	  -0.00000	  -6.17097	  -0.00000	   1.40568	  -4.76529	  11.68684
 32	 24	  -0.00000	  -6.87410	  -0.00000	   0.72242	  -6.15168	   8.80077
 32	 23	  -0.00000	  -7.59906	  -0.00000	   0.25337	  -7.34569	   6.10714
 32	 22	  -0.00000	  -8.33801	  -0.00000	   0.13764	  -8.20037	   3.75294
 32	 21	  -0.00000	  -9.08216	  -0.00000	   0.39042	  -8.69174	   1.76219
 32	 20	  -0.00000	  -9.82196	  -0.00000	   0.94961	  -8.87236	   0.08240
 32	 19	  -0.00000	 -10.54731	  -0.00000	   1.66350	  -8.88381	  -1.42790
 32	 18	  -0.00000	 -11.24776	  -0.00000	   2.37447	  -8.87329	  -2.91564
 32	 17	  -0.00000	 -11.91276	  -0.00000	   2.96915	  -8.94361	  -4.48304
 32	 16	  -0.00000	 -12.53192	  -0.00000	   3.42431	  -9.10761	  -6.14119
 32	 15	  -0.00000	 -13.09530	  -0.00000	   3.73474	  -9.36056	  -7.87643
 32	 14	  -0.00000	 -13.59365	  -0.00000	   3.89275	  -9.70090	  -9.37588
 32	 13	  -0.00000	 -14.01869	  -0.00000	   3.87998	 -10.13871	  -8.55484
 32	 12	  -0.00000	 -14.36330	  -0.00000	   3.86184	 -10.50146	  -7.43362
 32	 11	  -0.00000	 -14.62175	  -0.00000	   3.84154	 -10.78021	  -6.21791
 32	 10	  -0.00000	 -14.78986	  -0.00000	   3.83402	 -10.95584	  -4.89633
 32	  9	  -0.00000	 -14.86508	  -0.00000	   3.83235	 -11.03273	  -3.47491
 32	  8	  -0.00000	 -14.84659	  -0.00000	   3.83703	 -11.00956	  -1.95287
 32	  7	  -0.00000	 -14.73530	  -0.00000	   3.85581	 -10.87949	  -0.32361
 32	  6	  -0.00000	 -14.53379	  -0.00000	   3.87391	 -10.65988	   1.39540
 32	  5	  -0.00000	 -14.24625	  -0.00000	   3.87998	 -10.36627	   3.18854
 32	  4	  -0.00000	 -13.87832	  -0.00000	   3.89275	  -9.98557	   5.06886
 32	  3	  -0.00000	 -13.43692	  -0.00000	   3.89275	  -9.54417	   7.00994
 32	  2	  -0.00000	 -12.93007	  -0.00000	   3.89275	  -9.03732	   9.01654
 32	  1	  -0.00000	 -12.36659	  -0.00000	   3.89275	  -8.47384	  11.07979

 33	 30	  -0.00000	  -3.54882	  -0.00000	   3.82498	   0.27616	  24.29429
 33	 29	  -0.00000	  -4.09826	  -0.00000	   3.63500	  -0.46325	  22.05948
 33	 28	  -0.00000	  -4.69322	  -0.00000	   3.32640	  -1.36682	  19.66117
 33	 27	  -0.00000	  -5.33113	  -0.00000	   2.85859	  -2.47253	  17.06153
 33	 26	  -0.00000	  -6.00821	  -0.00000	   2.25609	  -3.75212	  14.28902
 33	 25	  -0.00000	  -6.71951	  -0.00000	   1.57316	  -5.14635	  11.40315
 33	 24	  -0.00000	  -7.45889	  -0.00000	   0.94090	  -6.51799	   8.54151
 33	 23	  -0.00000	  -8.21908	  -0.00000	   0.52427	  -7.69481	   5.87691
 33	 22	  -0.00000	  -8.99175	  -0.00000	   0.43295	  -8.55881	   3.52816
 33	 21	  -0.00000	  -9.76765	  -0.00000	   0.68396	  -9.08369	   1.52280
 33	 20	  -0.00000	 -10.53678	  -0.00000	   1.22811	  -9.30867	  -0.17627
 33	 19	  -0.00000	 -11.28860	  -0.00000	   1.89880	  -9.38980	  -1.72144
 33	 18	  -0.00000	 -12.01225	  -0.00000	   2.55724	  -9.45502	  -3.23355
 33	 17	  -0.00000	 -12.69683	  -0.00000	   3.09974	  -9.59709	  -4.78985
 33	 16	  -0.00000	 -13.33164	  -0.00000	   3.50393	  -9.82771	  -6.36178
 33	 15	  -0.00000	 -13.90647	  -0.00000	   3.76851	 -10.13796	  -7.81081
 33	 14	  -0.00000	 -14.41190	  -0.00000	   3.88067	 -10.53123	  -8.70951
 33	 13	  -0.00000	 -14.83952	  -0.00000	   3.89275	 -10.94677	  -8.55477
 33	 12	  -0.00000	 -15.18217	  -0.00000	   3.89275	 -11.28942	  -7.73630
 33	 11	  -0.00000	 -15.43415	  -0.00000	   3.88067	 -11.55348	  -6.65168
 33	 10	  -0.00000	 -15.59139	  -0.00000	   3.87848	 -11.71291	  -5.39384
 33	  9	  -0.00000	 -15.65152	  -0.00000	   3.87767	 -11.77385	  -4.00638
 33	  8	  -0.00000	 -15.61396	  -0.00000	   3.87848	 -11.73548	  -2.50311
 33	  7	  -0.00000	 -15.47992	  -0.00000	   3.88067	 -11.59925	  -0.89225
 33	  6	  -0.00000	 -15.25234	  -0.00000	   3.89275	 -11.35959	   0.82822
 33	  5	  -0.00000	 -14.93581	  -0.00000	   3.89275	 -11.04306	   2.62974
 33	  4	  -0.00000	 -14.53641	  -0.00000	   3.89275	 -10.64366	   4.51710
 33	  3	  -0.00000	 -14.06150	  -0.00000	   3.89275	 -10.16875	   6.48213
 33	  2	  -0.00000	 -13.51956	  -0.00000	   3.89275	  -9.62681	   8.51581
 33	  1	  -0.00000	 -12.91989	  -0.00000	   3.89275	  -9.02714	  10.60848

 34	 30	  -0.00000	  -3.89583	  -0.00000	   3.82498	  -0.07085	  24.10732
 34	 29	  -0.00000	  -4.47747	  -0.00000	   3.65384	  -0.82364	  21.86968
 34	 28	  -0.00000	  -5.10536	  -0.00000	   3.36567	  -1.73969	  19.47091
 34	 27	  -0.00000	  -5.77657	  -0.00000	   2.95274	  -2.82383	  16.90667
 34	 26	  -0.00000	  -6.48700	  -0.00000	   2.40182	  -4.08518	  14.16846
 34	 25	  -0.00000	  -7.23132	  -0.00000	   1.77578	  -5.45554	  11.32536
 34	 24	  -0.00000	  -8.00299	  -0.00000	   1.20675	  -6.79624	   8.51720
 34	 23	  -0.00000	  -8.79431	  -0.00000	   0.82711	  -7.96720	   5.88576
 34	 22	  -0.00000	  -9.59655	  -0.00000	   0.74182	  -8.85473	   3.54719
 34	 21	  -0.00000	 -10.40003	  -0.00000	   0.98496	  -9.41507	   1.54899
 34	 20	  -0.00000	 -11.19436	  -0.00000	   1.48485	  -9.70951	  -0.16416
 34	 19	  -0.00000	 -11.96863	  -0.00000	   2.09807	  -9.87056	  -1.71479
 34	 18	  -0.00000	 -12.71162	  -0.00000	   2.69827	 -10.01335	  -3.20015
 34	 17	  -0.00000	 -13.41212	  -0.00000	   3.19095	 -10.22117	  -4.66936
 34	 16	  -0.00000	 -14.05919	  -0.00000	   3.53963	 -10.51956	  -6.07820
 34	 15	  -0.00000	 -14.64242	  -0.00000	   3.77074	 -10.87168	  -7.24834
 34	 14	  -0.00000	 -15.15224	  -0.00000	   3.86641	 -11.28584	  -7.96445
 34	 13	  -0.00000	 -15.58018	  -0.00000	   3.89275	 -11.68743	  -8.02210
 34	 12	  -0.00000	 -15.91907	  -0.00000	   3.89275	 -12.02632	  -7.51659
 34	 11	  -0.00000	 -16.16327	  -0.00000	   3.89275	 -12.27052	  -6.63664
 34	 10	  -0.00000	 -16.30884	  -0.00000	   3.89275	 -12.41609	  -5.51365
 34	  9	  -0.00000	 -16.35359	  -0.00000	   3.89275	 -12.46084	  -4.21180
 34	  8	  -0.00000	 -16.29720	  -0.00000	   3.89275	 -12.40445	  -2.76341
 34	  7	  -0.00000	 -16.14118	  -0.00000	   3.89275	 -12.24843	  -1.18711
 34	  6	  -0.00000	 -15.88880	  -0.00000	   3.89275	 -11.99605	   0.50418
 34	  5	  -0.00000	 -15.54502	  -0.00000	   3.89275	 -11.65227	   2.29974
 34	  4	  -0.00000	 -15.11631	  -0.00000	   3.89275	 -11.22356	   4.18947
 34	  3	  -0.00000	 -14.61048	  -0.00000	   3.89275	 -10.71773	   6.16317
 34	  2	  -0.00000	 -14.03639	  -0.00000	   3.89275	 -10.14364	   8.21031
 34	  1	  -0.00000	 -13.40378	  -0.00000	   3.89275	  -9.51103	  10.32002

 35	 30	  -0.00000	  -4.21754	  -0.00000	   3.83706	  -0.38049	  24.04893
 35	 29	  -0.00000	  -4.82789	  -0.00000	   3.69078	  -1.13711	  21.82372
 35	 28	  -0.00000	  -5.48493	  -0.00000	   3.43335	  -2.05158	  19.44499
 35	 27	  -0.00000	  -6.18546	  -0.00000	   3.06791	  -3.11755	  16.92005
 35	 26	  -0.00000	  -6.92503	  -0.00000	   2.59167	  -4.33336	  14.25181
 35	 25	  -0.00000	  -7.69799	  -0.00000	   2.03908	  -5.65891	  11.48203
 35	 24	  -0.00000	  -8.49742	  -0.00000	   1.53466	  -6.96277	   8.74439
 35	 23	  -0.00000	  -9.31527	  -0.00000	   1.19386	  -8.12141	   6.16556
 35	 22	  -0.00000	 -10.14243	  -0.00000	   1.12232	  -9.02011	   3.86479
 35	 21	  -0.00000	 -10.96888	  -0.00000	   1.33166	  -9.63722	   1.87033
 35	 20	  -0.00000	 -11.78388	  -0.00000	   1.76938	 -10.01450	   0.15048
 35	 19	  -0.00000	 -12.57619	  -0.00000	   2.30852	 -10.26767	  -1.39469
 35	 18	  -0.00000	 -13.33432	  -0.00000	   2.83867	 -10.49565	  -2.83846
 35	 17	  -0.00000	 -14.04684	  -0.00000	   3.26636	 -10.78048	  -4.22032
 35	 16	  -0.00000	 -14.70258	  -0.00000	   3.57944	 -11.12314	  -5.47171
 35	 15	  -0.00000	 -15.29101	  -0.00000	   3.77663	 -11.51438	  -6.48033
 35	 14	  -0.00000	 -15.80247	  -0.00000	   3.86340	 -11.93907	  -7.11780
 35	 13	  -0.00000	 -16.22846	  -0.00000	   3.89275	 -12.33571	  -7.27136
 35	 12	  -0.00000	 -16.56185	  -0.00000	   3.89275	 -12.66910	  -6.96378
 35	 11	  -0.00000	 -16.79708	  -0.00000	   3.89275	 -12.90433	  -6.27458
 35	 10	  -0.00000	 -16.93037	  -0.00000	   3.89275	 -13.03762	  -5.30091
 35	  9	  -0.00000	 -16.95972	  -0.00000	   3.89275	 -13.06697	  -4.10820
 35	  8	  -0.00000	 -16.88506	  -0.00000	   3.89275	 -12.99231	  -2.73742
 35	  7	  -0.00000	 -16.70817	  -0.00000	   3.89275	 -12.81542	  -1.21517
 35	  6	  -0.00000	 -16.43265	  -0.00000	   3.89275	 -12.53990	   0.43965
 35	  5	  -0.00000	 -16.06381	  -0.00000	   3.89275	 -12.17106	   2.21198
 35	  4	  -0.00000	 -15.60847	  -0.00000	   3.89275	 -11.71572	   4.08854
 35	  3	  -0.00000	 -15.07479	  -0.00000	   3.89275	 -11.18204	   6.05680
 35	  2	  -0.00000	 -14.47204	  -0.00000	   3.89275	 -10.57929	   8.10441
 35	  1	  -0.00000	 -13.81027	  -0.00000	   3.89275	  -9.91752	  10.21910

 36	 30	  -0.00000	  -4.50874	  -0.00000	   3.85132	  -0.65742	  24.11171
 36	 29	  -0.00000	  -5.14381	  -0.00000	   3.73442	  -1.40939	  21.91255
 36	 28	  -0.00000	  -5.82576	  -0.00000	   3.51685	  -2.30891	  19.57294
 36	 27	  -0.00000	  -6.55112	  -0.00000	   3.21127	  -3.33985	  17.11054
 36	 26	  -0.00000	  -7.31516	  -0.00000	   2.81256	  -4.50260	  14.52689
 36	 25	  -0.00000	  -8.11190	  -0.00000	   2.35731	  -5.75459	  11.86712
 36	 24	  -0.00000	  -8.93413	  -0.00000	   1.93263	  -7.00150	   9.22896
 36	 23	  -0.00000	  -9.77347	  -0.00000	   1.64113	  -8.13235	   6.72802
 36	 22	  -0.00000	 -10.62051	  -0.00000	   1.57409	  -9.04642	   4.47148
 36	 21	  -0.00000	 -11.46492	  -0.00000	   1.74186	  -9.72307	   2.48908
 36	 20	  -0.00000	 -12.29570	  -0.00000	   2.10422	 -10.19148	   0.76478
 36	 19	  -0.00000	 -13.10137	  -0.00000	   2.55428	 -10.54709	  -0.77762
 36	 18	  -0.00000	 -13.87022	  -0.00000	   3.00087	 -10.86935	  -2.18916
 36	 17	  -0.00000	 -14.59062	  -0.00000	   3.36263	 -11.22799	  -3.49827
 36	 16	  -0.00000	 -15.25131	  -0.00000	   3.62308	 -11.62822	  -4.65315
 36	 15	  -0.00000	 -15.84165	  -0.00000	   3.79089	 -12.05076	  -5.56580
 36	 14	  -0.00000	 -16.35197	  -0.00000	   3.86340	 -12.48857	  -6.16737
 36	 13	  -0.00000	 -16.77378	  -0.00000	   3.89275	 -12.88103	  -6.37252
 36	 12	  -0.00000	 -17.10001	  -0.00000	   3.89275	 -13.20726	  -6.18845
 36	 11	  -0.00000	 -17.32524	  -0.00000	   3.89275	 -13.43249	  -5.64361
 36	 10	  -0.00000	 -17.44583	  -0.00000	   3.89275	 -13.55308	  -4.80267
 36	  9	  -0.00000	 -17.46000	  -0.00000	   3.89275	 -13.56725	  -3.71978
 36	  8	  -0.00000	 -17.36791	  -0.00000	   3.89275	 -13.47516	  -2.43543
 36	  7	  -0.00000	 -17.17161	  -0.00000	   3.89275	 -13.27886	  -0.97932
 36	  6	  -0.00000	 -16.87501	  -0.00000	   3.89275	 -12.98226	   0.62589
 36	  5	  -0.00000	 -16.48369	  -0.00000	   3.89275	 -12.59094	   2.36180
 36	  4	  -0.00000	 -16.00482	  -0.00000	   3.89275	 -12.11207	   4.21238
 36	  3	  -0.00000	 -15.44686	  -0.00000	   3.89275	 -11.55411	   6.16285
 36	  2	  -0.00000	 -14.81936	  -0.00000	   3.89275	 -10.92661	   8.19912
 36	  1	  -0.00000	 -14.13271	  -0.00000	   3.89275	 -10.23996	  10.30747

 37	 30	  -0.00000	  -4.76480	  -0.00000	   3.86641	  -0.89839	  24.29531
 37	 29	  -0.00000	  -5.42022	  -0.00000	   3.78056	  -1.63966	  22.13271
 37	 28	  -0.00000	  -6.12245	  -0.00000	   3.60813	  -2.51432	  19.84700
 37	 27	  -0.00000	  -6.86777	  -0.00000	   3.36901	  -3.49876	  17.46386
 37	 26	  -0.00000	  -7.65120	  -0.00000	   3.05747	  -4.59373	  14.98521
 37	 25	  -0.00000	  -8.46650	  -0.00000	   2.69903	  -5.76747	  12.44619
 37	 24	  -0.00000	  -9.30619	  -0.00000	   2.36117	  -6.94502	   9.92627
 37	 23	  -0.00000	 -10.16164	  -0.00000	   2.13634	  -8.02530	   7.53245
 37	 22	  -0.00000	 -11.02319	  -0.00000	   2.07814	  -8.94506	   5.33593
 37	 21	  -0.00000	 -11.88029	  -0.00000	   2.20347	  -9.67683	   3.37498
 37	 20	  -0.00000	 -12.72173	  -0.00000	   2.48466	 -10.23707	   1.64791
 37	 19	  -0.00000	 -13.53584	  -0.00000	   2.83648	 -10.69936	   0.10137
 37	 18	  -0.00000	 -14.31078	  -0.00000	   3.18015	 -11.13063	  -1.30421
 37	 17	  -0.00000	 -15.03484	  -0.00000	   3.46970	 -11.56514	  -2.56727
 37	 16	  -0.00000	 -15.69666	  -0.00000	   3.68062	 -12.01604	  -3.65753
 37	 15	  -0.00000	 -16.28560	  -0.00000	   3.81216	 -12.47344	  -4.51935
 37	 14	  -0.00000	 -16.79201	  -0.00000	   3.86641	 -12.92561	  -5.10444
 37	 13	  -0.00000	 -17.20746	  -0.00000	   3.89275	 -13.31471	  -5.34140
 37	 12	  -0.00000	 -17.52500	  -0.00000	   3.89275	 -13.63225	  -5.23721
 37	 11	  -0.00000	 -17.73934	  -0.00000	   3.89275	 -13.84659	  -4.79785
 37	 10	  -0.00000	 -17.84701	  -0.00000	   3.89275	 -13.95426	  -4.06575
 37	  9	  -0.00000	 -17.84646	  -0.00000	   3.89275	 -13.95371	  -3.08239
 37	  8	  -0.00000	 -17.73807	  -0.00000	   3.89275	 -13.84532	  -1.88336
 37	  7	  -0.00000	 -17.52414	  -0.00000	   3.89275	 -13.63139	  -0.49779
 37	  6	  -0.00000	 -17.20883	  -0.00000	   3.89275	 -13.31608	   1.05036
 37	  5	  -0.00000	 -16.79800	  -0.00000	   3.89275	 -12.90525	   2.74076
 37	  4	  -0.00000	 -16.29905	  -0.00000	   3.89275	 -12.40630	   4.55544
 37	  3	  -0.00000	 -15.72073	  -0.00000	   3.89275	 -11.82798	   6.47786
 37	  2	  -0.00000	 -15.07283	  -0.00000	   3.89275	 -11.18008	   8.49241
 37	  1	  -0.00000	 -14.36595	  -0.00000	   3.89275	 -10.47320	  10.58410

 38	 30	  -0.00000	  -4.98185	  -0.00000	   3.88067	  -1.10118	  24.59777
 38	 29	  -0.00000	  -5.65294	  -0.00000	   3.82420	  -1.82874	  22.47844
 38	 28	  -0.00000	  -6.37051	  -0.00000	   3.70589	  -2.66461	  20.26444
 38	 27	  -0.00000	  -7.13062	  -0.00000	   3.52291	  -3.60771	  17.95950
 38	 26	  -0.00000	  -7.92808	  -0.00000	   3.29779	  -4.63029	  15.59463
 38	 25	  -0.00000	  -8.75643	  -0.00000	   3.03651	  -5.71992	  13.18645
 38	 24	  -0.00000	  -9.60799	  -0.00000	   2.78755	  -6.82044	  10.79642
 38	 23	  -0.00000	 -10.47393	  -0.00000	   2.62110	  -7.85283	   8.51044
 38	 22	  -0.00000	 -11.34441	  -0.00000	   2.57421	  -8.77020	   6.38433
 38	 21	  -0.00000	 -12.20872	  -0.00000	   2.66049	  -9.54823	   4.45401
 38	 20	  -0.00000	 -13.05552	  -0.00000	   2.86380	 -10.19172	   2.72980
 38	 19	  -0.00000	 -13.87305	  -0.00000	   3.11974	 -10.75331	   1.17852
 38	 18	  -0.00000	 -14.64939	  -0.00000	   3.37076	 -11.27864	  -0.22099
 38	 17	  -0.00000	 -15.37280	  -0.00000	   3.58522	 -11.78758	  -1.45924
 38	 16	  -0.00000	 -16.03193	  -0.00000	   3.74368	 -12.28824	  -2.51186
 38	 15	  -0.00000	 -16.61618	  -0.00000	   3.83697	 -12.77921	  -3.34626
 38	 14	  -0.00000	 -17.11598	  -0.00000	   3.88067	 -13.23530	  -3.91416
 38	 13	  -0.00000	 -17.52299	  -0.00000	   3.89275	 -13.63024	  -4.18108
 38	 12	  -0.00000	 -17.83042	  -0.00000	   3.89275	 -13.93767	  -4.13004
 38	 11	  -0.00000	 -18.03315	  -0.00000	   3.89275	 -14.14040	  -3.76772
 38	 10	  -0.00000	 -18.12791	  -0.00000	   3.89275	 -14.23516	  -3.12230
 38	  9	  -0.00000	 -18.11332	  -0.00000	   3.89275	 -14.22057	  -2.22479
 38	  8	  -0.00000	 -17.99000	  -0.00000	   3.89275	 -14.09725	  -1.10488
 38	  7	  -0.00000	 -17.76047	  -0.00000	   3.89275	 -13.86772	   0.21080
 38	  6	  -0.00000	 -17.42911	  -0.00000	   3.89275	 -13.53636	   1.69872
 38	  5	  -0.00000	 -17.00200	  -0.00000	   3.89275	 -13.10925	   3.33795
 38	  4	  -0.00000	 -16.48677	  -0.00000	   3.89275	 -12.59402	   5.10948
 38	  3	  -0.00000	 -15.89232	  -0.00000	   3.89275	 -11.99957	   6.99560
 38	  2	  -0.00000	 -15.22865	  -0.00000	   3.89275	 -11.33590	   8.97960
 38	  1	  -0.00000	 -14.50651	  -0.00000	   3.89275	 -10.61376	  11.04548

 39	 30	  -0.00000	  -5.15686	  -0.00000	   3.89275	  -1.26411	  25.01609
 39	 29	  -0.00000	  -5.83873	  -0.00000	   3.86115	  -1.97759	  22.94332
 39	 28	  -0.00000	  -6.56649	  -0.00000	   3.78865	  -2.77784	  20.80085
 39	 27	  -0.00000	  -7.33602	  -0.00000	   3.65636	  -3.67966	  18.57698
 39	 26	  -0.00000	  -8.14196	  -0.00000	   3.50706	  -4.63490	  16.32365
 39	 25	  -0.00000	  -8.97768	  -0.00000	   3.33184	  -5.64585	  14.04333
 39	 24	  -0.00000	  -9.83536	  -0.00000	   3.16272	  -6.67265	  11.78180
 39	 23	  -0.00000	 -10.70604	  -0.00000	   3.05024	  -7.65579	   9.60600
 39	 22	  -0.00000	 -11.57975	  -0.00000	   3.01633	  -8.56342	   7.55715
 39	 21	  -0.00000	 -12.44571	  -0.00000	   3.07084	  -9.37487	   5.66759
 39	 20	  -0.00000	 -13.29252	  -0.00000	   3.20695	 -10.08558	   3.95645
 39	 19	  -0.00000	 -14.10840	  -0.00000	   3.37831	 -10.73009	   2.40694
 39	 18	  -0.00000	 -14.88144	  -0.00000	   3.54634	 -11.33511	   1.01336
 39	 17	  -0.00000	 -15.59993	  -0.00000	   3.69265	 -11.90727	  -0.20737
 39	 16	  -0.00000	 -16.25259	  -0.00000	   3.80292	 -12.44967	  -1.23403
 39	 15	  -0.00000	 -16.82894	  -0.00000	   3.86115	 -12.96780	  -2.05021
 39	 14	  -0.00000	 -17.31952	  -0.00000	   3.89275	 -13.42677	  -2.60565
 39	 13	  -0.00000	 -17.71616	  -0.00000	   3.89275	 -13.82341	  -2.89182
 39	 12	  -0.00000	 -18.01223	  -0.00000	   3.89275	 -14.11948	  -2.87659
 39	 11	  -0.00000	 -18.20281	  -0.00000	   3.89275	 -14.31006	  -2.57099
 39	 10	  -0.00000	 -18.28480	  -0.00000	   3.89275	 -14.39205	  -1.99412
 39	  9	  -0.00000	 -18.25707	  -0.00000	   3.89275	 -14.36432	  -1.16918
 39	  8	  -0.00000	 -18.12040	  -0.00000	   3.89275	 -14.22765	  -0.12040
 39	  7	  -0.00000	 -17.87753	  -0.00000	   3.89275	 -13.98478	   1.12871
 39	  6	  -0.00000	 -17.53301	  -0.00000	   3.89275	 -13.64026	   2.55606
 39	  5	  -0.00000	 -17.09310	  -0.00000	   3.89275	 -13.20035	   4.14104
 39	  4	  -0.00000	 -16.56557	  -0.00000	   3.89275	 -12.67282	   5.86435
 39	  3	  -0.00000	 -15.95946	  -0.00000	   3.89275	 -12.06671	   7.70776
 39	  2	  -0.00000	 -15.28487	  -0.00000	   3.89275	 -11.39212	   9.65385
 39	  1	  -0.00000	 -14.55264	  -0.00000	   3.89275	 -10.65989	  11.68593

 40	 30	  -0.00000	  -5.28771	  -0.00000	   3.89275	  -1.39496	  25.53758
 40	 29	  -0.00000	  -5.97536	  -0.00000	   3.87998	  -2.09537	  23.51253
 40	 28	  -0.00000	  -6.70805	  -0.00000	   3.84219	  -2.86586	  21.43780
 40	 27	  -0.00000	  -7.48154	  -0.00000	   3.76712	  -3.71442	  19.30885
 40	 26	  -0.00000	  -8.29033	  -0.00000	   3.66913	  -4.62119	  17.14974
 40	 25	  -0.00000	  -9.12768	  -0.00000	   3.56139	  -5.56629	  14.98551
 40	 24	  -0.00000	  -9.98569	  -0.00000	   3.45553	  -6.53016	  12.84197
 40	 23	  -0.00000	 -10.85531	  -0.00000	   3.38670	  -7.46861	  10.77098
 40	 22	  -0.00000	 -11.72656	  -0.00000	   3.36469	  -8.36187	   8.80163
 40	 21	  -0.00000	 -12.58863	  -0.00000	   3.39590	  -9.19274	   6.96241
 40	 20	  -0.00000	 -13.43014	  -0.00000	   3.48033	  -9.94981	   5.27818
 40	 19	  -0.00000	 -14.23937	  -0.00000	   3.58557	 -10.65380	   3.74393
 40	 18	  -0.00000	 -15.00448	  -0.00000	   3.68797	 -11.31651	   2.36551
 40	 17	  -0.00000	 -15.71386	  -0.00000	   3.77989	 -11.93398	   1.16567
 40	 16	  -0.00000	 -16.35641	  -0.00000	   3.84219	 -12.51421	   0.15479
 40	 15	  -0.00000	 -16.92177	  -0.00000	   3.87998	 -13.04179	  -0.63587
 40	 14	  -0.00000	 -17.40067	  -0.00000	   3.89275	 -13.50792	  -1.18682
 40	 13	  -0.00000	 -17.78515	  -0.00000	   3.89275	 -13.89240	  -1.47416
 40	 12	  -0.00000	 -18.06877	  -0.00000	   3.89275	 -14.17602	  -1.48289
 40	 11	  -0.00000	 -18.24681	  -0.00000	   3.89275	 -14.35406	  -1.21943
 40	 10	  -0.00000	 -18.31640	  -0.00000	   3.89275	 -14.42365	  -0.69698
 40	  9	  -0.00000	 -18.27658	  -0.00000	   3.89275	 -14.38383	   0.06694
 40	  8	  -0.00000	 -18.12833	  -0.00000	   3.89275	 -14.23558	   1.05258
 40	  7	  -0.00000	 -17.87453	  -0.00000	   3.89275	 -13.98178	   2.23952
 40	  6	  -0.00000	 -17.51991	  -0.00000	   3.89275	 -13.62716	   3.60751
 40	  5	  -0.00000	 -17.07082	  -0.00000	   3.89275	 -13.17807	   5.13686
 40	  4	  -0.00000	 -16.53512	  -0.00000	   3.89275	 -12.64237	   6.80858
 40	  3	  -0.00000	 -15.92195	  -0.00000	   3.89275	 -12.02920	   8.60434
 40	  2	  -0.00000	 -15.24141	  -0.00000	   3.89275	 -11.34866	  10.50645
 40	  1	  -0.00000	 -14.50436	  -0.00000	   3.89275	 -10.61161	  12.49789

 41	 30	  -0.00000	  -5.37322	  -0.00000	   3.89275	  -1.48047	  26.17048
 41	 29	  -0.00000	  -6.06162	  -0.00000	   3.89275	  -2.16887	  24.19355
 41	 28	  -0.00000	  -6.79400	  -0.00000	   3.87848	  -2.91551	  22.18191
 41	 27	  -0.00000	  -7.56599	  -0.00000	   3.84219	  -3.72380	  20.13587
 41	 26	  -0.00000	  -8.37203	  -0.00000	   3.78865	  -4.58338	  18.07024
 41	 25	  -0.00000	  -9.20533	  -0.00000	   3.72016	  -5.48517	  15.99947
 41	 24	  -0.00000	 -10.05794	  -0.00000	   3.65868	  -6.39925	  13.95984
 41	 23	  -0.00000	 -10.92081	  -0.00000	   3.62095	  -7.29987	  11.98473
 41	 22	  -0.00000	 -11.78399	  -0.00000	   3.60813	  -8.17587	  10.09429
 41	 21	  -0.00000	 -12.63675	  -0.00000	   3.62395	  -9.01280	   8.31353
 41	 20	  -0.00000	 -13.46778	  -0.00000	   3.67295	  -9.79483	   6.67042
 41	 19	  -0.00000	 -14.26549	  -0.00000	   3.73224	 -10.53325	   5.16731
 41	 18	  -0.00000	 -15.01820	  -0.00000	   3.78865	 -11.22955	   3.81740
 41	 17	  -0.00000	 -15.71449	  -0.00000	   3.84219	 -11.87229	   2.64713
 41	 16	  -0.00000	 -16.34342	  -0.00000	   3.87848	 -12.46494	   1.66717
 41	 15	  -0.00000	 -16.89490	  -0.00000	   3.89275	 -13.00215	   0.89460
 41	 14	  -0.00000	 -17.35985	  -0.00000	   3.89275	 -13.46710	   0.35399
 41	 13	  -0.00000	 -17.73056	  -0.00000	   3.89275	 -13.83781	   0.06994
 41	 12	  -0.00000	 -18.00082	  -0.00000	   3.89275	 -14.10807	   0.04568
 41	 11	  -0.00000	 -18.16612	  -0.00000	   3.89275	 -14.27337	   0.27763
 41	 10	  -0.00000	 -18.22381	  -0.00000	   3.89275	 -14.33106	   0.75651
 41	  9	  -0.00000	 -18.17310	  -0.00000	   3.89275	 -14.28035	   1.46886
 41	  8	  -0.00000	 -18.01515	  -0.00000	   3.89275	 -14.12240	   2.39852
 41	  7	  -0.00000	 -17.75298	  -0.00000	   3.89275	 -13.86023	   3.52781
 41	  6	  -0.00000	 -17.39138	  -0.00000	   3.89275	 -13.49863	   4.83840
 41	  5	  -0.00000	 -16.93681	  -0.00000	   3.89275	 -13.04406	   6.31181
 41	  4	  -0.00000	 -16.39716	  -0.00000	   3.89275	 -12.50441	   7.92970
 41	  3	  -0.00000	 -15.78154	  -0.00000	   3.89275	 -11.88879	   9.67405
 41	  2	  -0.00000	 -15.10003	  -0.00000	   3.89275	 -11.20728	  11.52724
 41	  1	  -0.00000	 -14.36344	  -0.00000	   3.89275	 -10.47069	  13.47219

 42	 30	  -0.00000	  -5.41317	  -0.00000	   3.89275	  -1.52042	  26.90998
 42	 29	  -0.00000	  -6.09739	  -0.00000	   3.89275	  -2.20464	  24.97422
 42	 28	  -0.00000	  -6.82429	  -0.00000	   3.89275	  -2.93154	  23.02214
 42	 27	  -0.00000	  -7.58946	  -0.00000	   3.87998	  -3.70948	  21.04929
 42	 26	  -0.00000	  -8.38730	  -0.00000	   3.86115	  -4.52615	  19.07257
 42	 25	  -0.00000	  -9.21100	  -0.00000	   3.82420	  -5.38680	  17.09214
 42	 24	  -0.00000	 -10.05265	  -0.00000	   3.79333	  -6.25932	  15.14642
 42	 23	  -0.00000	 -10.90327	  -0.00000	   3.76603	  -7.13724	  13.24924
 42	 22	  -0.00000	 -11.75299	  -0.00000	   3.75933	  -7.99366	  11.43599
 42	 21	  -0.00000	 -12.59122	  -0.00000	   3.76603	  -8.82519	   9.71975
 42	 20	  -0.00000	 -13.40682	  -0.00000	   3.79333	  -9.61349	   8.12961
 42	 19	  -0.00000	 -14.18838	  -0.00000	   3.82420	 -10.36417	   6.67169
 42	 18	  -0.00000	 -14.92446	  -0.00000	   3.86115	 -11.06331	   5.37213
 42	 17	  -0.00000	 -15.60387	  -0.00000	   3.87998	 -11.72389	   4.23000
 42	 16	  -0.00000	 -16.21596	  -0.00000	   3.89275	 -12.32321	   3.27902
 42	 15	  -0.00000	 -16.75087	  -0.00000	   3.89275	 -12.85812	   2.53125
 42	 14	  -0.00000	 -17.19982	  -0.00000	   3.89275	 -13.30707	   2.01402
 42	 13	  -0.00000	 -17.55535	  -0.00000	   3.89275	 -13.66260	   1.73671
 42	 12	  -0.00000	 -17.81150	  -0.00000	   3.89275	 -13.91875	   1.70308
 42	 11	  -0.00000	 -17.96402	  -0.00000	   3.89275	 -14.07127	   1.91136
 42	 10	  -0.00000	 -18.01045	  -0.00000	   3.89275	 -14.11770	   2.35494
 42	  9	  -0.00000	 -17.95018	  -0.00000	   3.89275	 -14.05743	   3.02328
 42	  8	  -0.00000	 -17.78450	  -0.00000	   3.89275	 -13.89175	   3.90301
 42	  7	  -0.00000	 -17.51654	  -0.00000	   3.89275	 -13.62379	   4.97881
 42	  6	  -0.00000	 -17.15116	  -0.00000	   3.89275	 -13.25841	   6.23415
 42	  5	  -0.00000	 -16.69481	  -0.00000	   3.89275	 -12.80206	   7.65186
 42	  4	  -0.00000	 -16.15536	  -0.00000	   3.89275	 -12.26261	   9.21449
 42	  3	  -0.00000	 -15.54186	  -0.00000	   3.89275	 -11.64911	  10.90457
 42	  2	  -0.00000	 -14.86430	  -0.00000	   3.89275	 -10.97155	  12.70484
 42	  1	  -0.00000	 -14.13334	  -0.00000	   3.89275	 -10.24059	  14.59838

 43	 30	  -0.00000	  -5.40827	  -0.00000	   3.89275	  -1.51552	  27.75052
 43	 29	  -0.00000	  -6.08355	  -0.00000	   3.89275	  -2.19080	  25.86100
 43	 28	  -0.00000	  -6.80002	  -0.00000	   3.89275	  -2.90727	  23.95919
 43	 27	  -0.00000	  -7.55326	  -0.00000	   3.89275	  -3.66051	  22.05349
 43	 26	  -0.00000	  -8.33766	  -0.00000	   3.89275	  -4.44491	  20.15412
 43	 25	  -0.00000	  -9.14649	  -0.00000	   3.88067	  -5.26582	  18.26110
 43	 24	  -0.00000	  -9.97189	  -0.00000	   3.86641	  -6.10549	  16.39826
 43	 23	  -0.00000	 -10.80503	  -0.00000	   3.85132	  -6.95371	  14.58281
 43	 22	  -0.00000	 -11.63620	  -0.00000	   3.84913	  -7.78707	  12.84603
 43	 21	  -0.00000	 -12.45499	  -0.00000	   3.85132	  -8.60367	  11.19855
 43	 20	  -0.00000	 -13.25051	  -0.00000	   3.86641	  -9.38410	   9.66926
 43	 19	  -0.00000	 -14.01161	  -0.00000	   3.88067	 -10.13094	   8.26563
 43	 18	  -0.00000	 -14.72713	  -0.00000	   3.89275	 -10.83438	   7.00761
 43	 17	  -0.00000	 -15.38620	  -0.00000	   3.89275	 -11.49345	   5.90596
 43	 16	  -0.00000	 -15.97847	  -0.00000	   3.89275	 -12.08572	   4.99183
 43	 15	  -0.00000	 -16.49440	  -0.00000	   3.89275	 -12.60165	   4.28165
 43	 14	  -0.00000	 -16.92552	  -0.00000	   3.89275	 -13.03277	   3.78830
 43	 13	  -0.00000	 -17.26468	  -0.00000	   3.89275	 -13.37193	   3.52043
 43	 12	  -0.00000	 -17.50619	  -0.00000	   3.89275	 -13.61344	   3.48202
 43	 11	  -0.00000	 -17.64603	  -0.00000	   3.89275	 -13.75328	   3.67249
 43	 10	  -0.00000	 -17.68195	  -0.00000	   3.89275	 -13.78920	   4.08706
 43	  9	  -0.00000	 -17.61352	  -0.00000	   3.89275	 -13.72077	   4.71734
 43	  8	  -0.00000	 -17.44213	  -0.00000	   3.89275	 -13.54938	   5.55210
 43	  7	  -0.00000	 -17.17098	  -0.00000	   3.89275	 -13.27823	   6.57800
 43	  6	  -0.00000	 -16.80493	  -0.00000	   3.89275	 -12.91218	   7.78015
 43	  5	  -0.00000	 -16.35043	  -0.00000	   3.89275	 -12.45768	   9.14268
 43	  4	  -0.00000	 -15.81524	  -0.00000	   3.89275	 -11.92249	  10.64914
 43	  3	  -0.00000	 -15.20830	  -0.00000	   3.89275	 -11.31555	  12.28279
 43	  2	  -0.00000	 -14.53942	  -0.00000	   3.89275	 -10.64667	  14.02689
 43	  1	  -0.00000	 -13.81906	  -0.00000	   3.89275	  -9.92631	  15.86493

 44	 30	  -0.00000	  -5.36011	  -0.00000	   3.89275	  -1.46736	  28.68581
 44	 29	  -0.00000	  -6.02195	  -0.00000	   3.89275	  -2.12920	  26.84694
 44	 28	  -0.00000	  -6.72333	  -0.00000	   3.89275	  -2.83058	  24.99962
 44	 27	  -0.00000	  -7.45982	  -0.00000	   3.89275	  -3.56707	  23.15226
 44	 26	  -0.00000	  -8.22590	  -0.00000	   3.89275	  -4.33315	  21.31496
 44	 25	  -0.00000	  -9.01492	  -0.00000	   3.89275	  -5.12217	  19.49954
 44	 24	  -0.00000	  -9.81916	  -0.00000	   3.89275	  -5.92641	  17.71955
 44	 23	  -0.00000	 -10.62997	  -0.00000	   3.89275	  -6.73722	  15.99018
 44	 22	  -0.00000	 -11.43786	  -0.00000	   3.89275	  -7.54511	  14.32810
 44	 21	  -0.00000	 -12.23270	  -0.00000	   3.89275	  -8.33995	  12.75130
 44	 20	  -0.00000	 -13.00388	  -0.00000	   3.89275	  -9.11113	  11.27866
 44	 19	  -0.00000	 -13.74057	  -0.00000	   3.89275	  -9.84782	   9.92961
 44	 18	  -0.00000	 -14.43198	  -0.00000	   3.89275	 -10.53923	   8.72342
 44	 17	  -0.00000	 -15.06757	  -0.00000	   3.89275	 -11.17482	   7.67863
 44	 16	  -0.00000	 -15.63737	  -0.00000	   3.89275	 -11.74462	   6.81220
 44	 15	  -0.00000	 -16.13220	  -0.00000	   3.89275	 -12.23945	   6.13876
 44	 14	  -0.00000	 -16.54395	  -0.00000	   3.89275	 -12.65120	   5.66987
 44	 13	  -0.00000	 -16.86576	  -0.00000	   3.89275	 -12.97301	   5.41352
 44	 12	  -0.00000	 -17.09226	  -0.00000	   3.89275	 -13.19951	   5.37379
 44	 11	  -0.00000	 -17.21967	  -0.00000	   3.89275	 -13.32692	   5.55086
 44	 10	  -0.00000	 -17.24593	  -0.00000	   3.89275	 -13.35318	   5.94121
 44	  9	  -0.00000	 -17.17077	  -0.00000	   3.89275	 -13.27802	   6.53805
 44	  8	  -0.00000	 -16.99568	  -0.00000	   3.89275	 -13.10293	   7.33183
 44	  7	  -0.00000	 -16.72388	  -0.00000	   3.89275	 -12.83113	   8.31084
 44	  6	  -0.00000	 -16.36021	  -0.00000	   3.89275	 -12.46746	   9.46164
 44	  5	  -0.00000	 -15.91103	  -0.00000	   3.89275	 -12.01828	  10.76962
 44	  4	  -0.00000	 -15.38398	  -0.00000	   3.89275	 -11.49123	  12.21935
 44	  3	  -0.00000	 -14.78780	  -0.00000	   3.89275	 -10.89505	  13.79493
 44	  2	  -0.00000	 -14.13207	  -0.00000	   3.89275	 -10.23932	  15.48028
 44	  1	  -0.00000	 -13.42699	  -0.00000	   3.89275	  -9.53424	  17.25943

 45	 30	  -0.00000	  -5.27108	  -0.00000	   3.89275	  -1.37833	  29.70907
 45	 29	  -0.00000	  -5.91533	  -0.00000	   3.89275	  -2.02258	  27.92453
 45	 28	  -0.00000	  -6.59730	  -0.00000	   3.89275	  -2.70455	  26.13522
 45	 27	  -0.00000	  -7.31265	  -0.00000	   3.89275	  -3.41990	  24.34943
 45	 26	  -0.00000	  -8.05592	  -0.00000	   3.89275	  -4.16317	  22.57704
 45	 25	  -0.00000	  -8.82061	  -0.00000	   3.89275	  -4.92786	  20.82950
 45	 24	  -0.00000	  -9.59921	  -0.00000	   3.89275	  -5.70646	  19.11983
 45	 23	  -0.00000	 -10.38330	  -0.00000	   3.89275	  -6.49055	  17.46248
 45	 22	  -0.00000	 -11.16366	  -0.00000	   3.89275	  -7.27091	  15.87322
 45	 21	  -0.00000	 -11.93047	  -0.00000	   3.89275	  -8.03772	  14.36884
 45	 20	  -0.00000	 -12.67349	  -0.00000	   3.89275	  -8.78074	  12.96683
 45	 19	  -0.00000	 -13.38227	  -0.00000	   3.89275	  -9.48952	  11.68499
 45	 18	  -0.00000	 -14.04641	  -0.00000	   3.89275	 -10.15366	  10.54085
 45	 17	  -0.00000	 -14.65578	  -0.00000	   3.89275	 -10.76303	   9.55114
 45	 16	  -0.00000	 -15.20083	  -0.00000	   3.89275	 -11.30808	   8.73110
 45	 15	  -0.00000	 -15.67276	  -0.00000	   3.89275	 -11.78001	   8.09388
 45	 14	  -0.00000	 -16.06385	  -0.00000	   3.89275	 -12.17110	   7.64997
 45	 13	  -0.00000	 -16.36758	  -0.00000	   3.89275	 -12.47483	   7.40676
 45	 12	  -0.00000	 -16.57888	  -0.00000	   3.89275	 -12.68613	   7.36831
 45	 11	  -0.00000	 -16.69422	  -0.00000	   3.89275	 -12.80147	   7.53529
 45	 10	  -0.00000	 -16.71174	  -0.00000	   3.89275	 -12.81899	   7.90507
 45	  9	  -0.00000	 -16.63131	  -0.00000	   3.89275	 -12.73856	   8.47204
 45	  8	  -0.00000	 -16.45447	  -0.00000	   3.89275	 -12.56172	   9.22802
 45	  7	  -0.00000	 -16.18445	  -0.00000	   3.89275	 -12.29170	  10.16260
 45	  6	  -0.00000	 -15.82605	  -0.00000	   3.89275	 -11.93330	  11.26365
 45	  5	  -0.00000	 -15.38546	  -0.00000	   3.89275	 -11.49271	  12.51773
 45	  4	  -0.00000	 -14.87016	  -0.00000	   3.89275	 -10.97741	  13.91043
 45	  3	  -0.00000	 -14.28864	  -0.00000	   3.89275	 -10.39589	  15.42673
 45	  2	  -0.00000	 -13.65020	  -0.00000	   3.89275	  -9.75745	  17.05133
 45	  1	  -0.00000	 -12.96471	  -0.00000	   3.89275	  -9.07196	  18.76890

 46	 30	  -0.00000	  -5.14430	  -0.00000	   3.89275	  -1.25155	  30.81307
 46	 29	  -0.00000	  -5.76719	  -0.00000	   3.89275	  -1.87444	  29.08589
 46	 28	  -0.00000	  -6.42589	  -0.00000	   3.89275	  -2.53314	  27.35742
 46	 27	  -0.00000	  -7.11612	  -0.00000	   3.89275	  -3.22337	  25.63575
 46	 26	  -0.00000	  -7.83257	  -0.00000	   3.89275	  -3.93982	  23.93044
 46	 25	  -0.00000	  -8.56893	  -0.00000	   3.89275	  -4.67618	  22.25251
 46	 24	  -0.00000	  -9.31792	  -0.00000	   3.89275	  -5.42517	  20.61437
 46	 23	  -0.00000	 -10.07139	  -0.00000	   3.89275	  -6.17864	  19.02971
 46	 22	  -0.00000	 -10.82046	  -0.00000	   3.89275	  -6.92771	  17.51331
 46	 21	  -0.00000	 -11.55569	  -0.00000	   3.89275	  -7.66294	  16.08083
 46	 20	  -0.00000	 -12.26724	  -0.00000	   3.89275	  -8.37449	  14.74844
 46	 19	  -0.00000	 -12.94507	  -0.00000	   3.89275	  -9.05232	  13.53247
 46	 18	  -0.00000	 -13.57924	  -0.00000	   3.89275	  -9.68649	  12.44890
 46	 17	  -0.00000	 -14.16008	  -0.00000	   3.89275	 -10.26733	  11.51290
 46	 16	  -0.00000	 -14.67846	  -0.00000	   3.89275	 -10.78571	  10.73827
 46	 15	  -0.00000	 -15.12604	  -0.00000	   3.89275	 -11.23329	  10.13689
 46	 14	  -0.00000	 -15.49547	  -0.00000	   3.89275	 -11.60272	   9.71834
 46	 13	  -0.00000	 -15.78060	  -0.00000	   3.89275	 -11.88785	   9.48949
 46	 12	  -0.00000	 -15.97668	  -0.00000	   3.89275	 -12.08393	   9.45426
 46	 11	  -0.00000	 -16.08042	  -0.00000	   3.89275	 -12.18767	   9.61363
 46	 10	  -0.00000	 -16.09017	  -0.00000	   3.89275	 -12.19742	   9.96561
 46	  9	  -0.00000	 -16.00588	  -0.00000	   3.89275	 -12.11313	  10.50550
 46	  8	  -0.00000	 -15.82917	  -0.00000	   3.89275	 -11.93642	  11.22617
 46	  7	  -0.00000	 -15.56324	  -0.00000	   3.89275	 -11.67049	  12.11835
 46	  6	  -0.00000	 -15.21276	  -0.00000	   3.89275	 -11.32001	  13.17105
 46	  5	  -0.00000	 -14.78378	  -0.00000	   3.89275	 -10.89103	  14.37188
 46	  4	  -0.00000	 -14.28352	  -0.00000	   3.89275	 -10.39077	  15.70746
 46	  3	  -0.00000	 -13.72021	  -0.00000	   3.89275	  -9.82746	  17.16367
 46	  2	  -0.00000	 -13.10280	  -0.00000	   3.89275	  -9.21005	  18.72602
 46	  1	  -0.00000	 -12.44079	  -0.00000	   3.89275	  -8.54804	  20.37991

 47	 30	  -0.00000	  -4.98344	  -0.00000	   3.89275	  -1.09069	  31.99031
 47	 29	  -0.00000	  -5.58169	  -0.00000	   3.89275	  -1.68894	  30.32287
 47	 28	  -0.00000	  -6.21372	  -0.00000	   3.89275	  -2.32097	  28.65739
 47	 27	  -0.00000	  -6.87538	  -0.00000	   3.89275	  -2.98263	  27.00173
 47	 26	  -0.00000	  -7.56154	  -0.00000	   3.89275	  -3.66879	  25.36507
 47	 25	  -0.00000	  -8.26609	  -0.00000	   3.89275	  -4.37334	  23.75792
 47	 24	  -0.00000	  -8.98204	  -0.00000	   3.89275	  -5.08929	  22.19203
 47	 23	  -0.00000	  -9.70157	  -0.00000	   3.89275	  -5.80882	  20.68031
 47	 22	  -0.00000	 -10.41617	  -0.00000	   3.89275	  -6.52342	  19.23656
 47	 21	  -0.00000	 -11.11681	  -0.00000	   3.89275	  -7.22406	  17.87534
 47	 20	  -0.00000	 -11.79408	  -0.00000	   3.89275	  -7.90133	  16.61157
 47	 19	  -0.00000	 -12.43845	  -0.00000	   3.89275	  -8.54570	  15.46025
 47	 18	  -0.00000	 -13.04044	  -0.00000	   3.89275	  -9.14769	  14.43596
 47	 17	  -0.00000	 -13.59086	  -0.00000	   3.89275	  -9.69811	  13.55252
 47	 16	  -0.00000	 -14.08106	  -0.00000	   3.89275	 -10.18831	  12.82244
 47	 15	  -0.00000	 -14.50315	  -0.00000	   3.89275	 -10.61040	  12.25655
 47	 14	  -0.00000	 -14.85021	  -0.00000	   3.89275	 -10.95746	  11.86360
 47	 13	  -0.00000	 -15.11646	  -0.00000	   3.89275	 -11.22371	  11.64994
 47	 12	  -0.00000	 -15.29744	  -0.00000	   3.89275	 -11.40469	  11.61935
 47	 11	  -0.00000	 -15.39015	  -0.00000	   3.89275	 -11.49740	  11.77296
 47	 10	  -0.00000	 -15.39309	  -0.00000	   3.89275	 -11.50034	  12.10924
 47	  9	  -0.00000	 -15.30634	  -0.00000	   3.89275	 -11.41359	  12.62421
 47	  8	  -0.00000	 -15.13151	  -0.00000	   3.89275	 -11.23876	  13.31156
 47	  7	  -0.00000	 -14.87176	  -0.00000	   3.89275	 -10.97901	  14.16302
 47	  6	  -0.00000	 -14.53163	  -0.00000	   3.89275	 -10.63888	  15.16858
 47	  5	  -0.00000	 -14.11695	  -0.00000	   3.89275	 -10.22420	  16.31686
 47	  4	  -0.00000	 -13.63468	  -0.00000	   3.89275	  -9.74193	  17.59542
 47	  3	  -0.00000	 -13.09271	  -0.00000	   3.89275	  -9.19996	  18.99106
 47	  2	  -0.00000	 -12.49961	  -0.00000	   3.89275	  -8.60686	  20.49016
 47	  1	  -0.00000	 -11.86448	  -0.00000	   3.89275	  -7.97173	  22.07889

 48	 30	  -0.00000	  -4.79266	  -0.00000	   3.89275	  -0.89991	  33.23315
 48	 29	  -0.00000	  -5.36346	  -0.00000	   3.89275	  -1.47071	  31.62715
 48	 28	  -0.00000	  -5.96596	  -0.00000	   3.89275	  -2.07321	  30.02620
 48	 27	  -0.00000	  -6.59614	  -0.00000	   3.89275	  -2.70339	  28.43781
 48	 26	  -0.00000	  -7.24909	  -0.00000	   3.89275	  -3.35634	  26.87076
 48	 25	  -0.00000	  -7.91895	  -0.00000	   3.89275	  -4.02620	  25.33501
 48	 24	  -0.00000	  -8.59903	  -0.00000	   3.89275	  -4.70628	  23.84164
 48	 23	  -0.00000	  -9.28188	  -0.00000	   3.89275	  -5.38913	  22.40272
 48	 22	  -0.00000	  -9.95940	  -0.00000	   3.89275	  -6.06665	  21.03113
 48	 21	  -0.00000	 -10.62301	  -0.00000	   3.89275	  -6.73026	  19.74034
 48	 20	  -0.00000	 -11.26379	  -0.00000	   3.89275	  -7.37104	  18.54412
 48	 19	  -0.00000	 -11.87269	  -0.00000	   3.89275	  -7.97994	  17.45622
 48	 18	  -0.00000	 -12.44076	  -0.00000	   3.89275	  -8.54801	  16.48999
 48	 17	  -0.00000	 -12.95932	  -0.00000	   3.89275	  -9.06657	  15.65800
 48	 16	  -0.00000	 -13.42023	  -0.00000	   3.89275	  -9.52748	  14.97166
 48	 15	  -0.00000	 -13.81606	  -0.00000	   3.89275	  -9.92331	  14.44082
 48	 14	  -0.00000	 -14.14031	  -0.00000	   3.89275	 -10.24756	  14.07350
 48	 13	  -0.00000	 -14.38759	  -0.00000	   3.89275	 -10.49484	  13.87556
 48	 12	  -0.00000	 -14.55377	  -0.00000	   3.89275	 -10.66102	  13.85060
 48	 11	  -0.00000	 -14.63608	  -0.00000	   3.89275	 -10.74333	  13.99980
 48	 10	  -0.00000	 -14.63319	  -0.00000	   3.89275	 -10.74044	  14.32199
 48	  9	  -0.00000	 -14.54526	  -0.00000	   3.89275	 -10.65251	  14.81371
 48	  8	  -0.00000	 -14.37393	  -0.00000	   3.89275	 -10.48118	  15.46938
 48	  7	  -0.00000	 -14.12224	  -0.00000	   3.89275	 -10.22949	  16.28154
 48	  6	  -0.00000	 -13.79459	  -0.00000	   3.89275	  -9.90184	  17.24107
 48	  5	  -0.00000	 -13.39657	  -0.00000	   3.89275	  -9.50382	  18.33753
 48	  4	  -0.00000	 -12.93483	  -0.00000	   3.89275	  -9.04208	  19.55939
 48	  3	  -0.00000	 -12.41688	  -0.00000	   3.89275	  -8.52413	  20.89435
 48	  2	  -0.00000	 -11.85089	  -0.00000	   3.89275	  -7.95814	  22.32964
 48	  1	  -0.00000	 -11.24551	  -0.00000	   3.89275	  -7.35276	  23.85225

 49	 30	  -0.00000	  -4.57645	   0.00000	   3.89275	  -0.68370	  34.53389
 49	 29	  -0.00000	  -5.11751	   0.00000	   3.89275	  -1.22476	  32.99046
 49	 28	  -0.00000	  -5.68815	  -0.00000	   3.89275	  -1.79540	  31.45493
 49	 27	  -0.00000	  -6.28452	  -0.00000	   3.89275	  -2.39177	  29.93449
 49	 26	  -0.00000	  -6.90193	  -0.00000	   3.89275	  -3.00918	  28.43746
 49	 25	  -0.00000	  -7.53480	  -0.00000	   3.89275	  -3.64205	  26.97320
 49	 24	  -0.00000	  -8.17678	  -0.00000	   3.89275	  -4.28403	  25.55213
 49	 23	  -0.00000	  -8.82083	  -0.00000	   3.89275	  -4.92808	  24.18549
 49	 22	  -0.00000	  -9.45927	  -0.00000	   3.89275	  -5.56652	  22.88524
 49	 21	  -0.00000	 -10.08399	  -0.00000	   3.89275	  -6.19124	  21.66384
 49	 20	  -0.00000	 -10.68660	  -0.00000	   3.89275	  -6.79385	  20.53395
 49	 19	  -0.00000	 -11.25858	  -0.00000	   3.89275	  -7.36583	  19.50817
 49	 18	  -0.00000	 -11.79149	  -0.00000	   3.89275	  -7.89874	  18.59870
 49	 17	  -0.00000	 -12.27721	  -0.00000	   3.89275	  -8.38446	  17.81702
 49	 16	  -0.00000	 -12.70810	  -0.00000	   3.89275	  -8.81535	  17.17351
 49	 15	  -0.00000	 -13.07721	  -0.00000	   3.89275	  -9.18446	  16.67716
 49	 14	  -0.00000	 -13.37849	  -0.00000	   3.89275	  -9.48574	  16.33531
 49	 13	  -0.00000	 -13.60693	  -0.00000	   3.89275	  -9.71418	  16.15336
 49	 12	  -0.00000	 -13.75871	  -0.00000	   3.89275	  -9.86596	  16.13466
 49	 11	  -0.00000	 -13.83130	  -0.00000	   3.89275	  -9.93855	  16.28044
 49	 10	  -0.00000	 -13.82353	  -0.00000	   3.89275	  -9.93078	  16.58975
 49	  9	  -0.00000	 -13.73564	  -0.00000	   3.89275	  -9.84289	  17.05956
 49	  8	  -0.00000	 -13.56922	  -0.00000	   3.89275	  -9.67647	  17.68490
 49	  7	  -0.00000	 -13.32724	  -0.00000	   3.89275	  -9.43449	  18.45901
 49	  6	  -0.00000	 -13.01390	  -0.00000	   3.89275	  -9.12115	  19.37360
 49	  5	  -0.00000	 -12.63452	  -0.00000	   3.89275	  -8.74177	  20.41905
 49	  4	  -0.00000	 -12.19542	  -0.00000	   3.89275	  -8.30267	  21.58473
 49	  3	  -0.00000	 -11.70371	  -0.00000	   3.89275	  -7.81096	  22.85922
 49	  2	  -0.00000	 -11.16712	   0.00000	   3.89275	  -7.27437	  24.23059
 49	  1	  -0.00000	 -10.59381	   0.00000	   3.89275	  -6.70106	  25.68668

 50	 30	  -0.00000	  -4.33948	   0.00000	   3.89275	  -0.44673	  35.88496
 50	 29	  -0.00000	  -4.84905	   0.00000	   3.89275	  -0.95630	  34.40462
 50	 28	  -0.00000	  -5.38606	   0.00000	   3.89275	  -1.49331	  32.93484
 50	 27	  -0.00000	  -5.94685	  -0.00000	   3.89275	  -2.05410	  31.48245
 50	 26	  -0.00000	  -6.52698	  -0.00000	   3.89275	  -2.63423	  30.05528
 50	 25	  -0.00000	  -7.12117	  -0.00000	   3.89275	  -3.22842	  28.66212
 50	 24	  -0.00000	  -7.72345	  -0.00000	   3.89275	  -3.83070	  27.31268
 50	 23	  -0.00000	  -8.32716	  -0.00000	   3.89275	  -4.43441	  26.01740
 50	 22	  -0.00000	  -8.92511	  -0.00000	   3.89275	  -5.03236	  24.78736
 50	 21	  -0.00000	  -9.50968	  -0.00000	   3.89275	  -5.61693	  23.63403
 50	 20	  -0.00000	 -10.07300	  -0.00000	   3.89275	  -6.18025	  22.56904
 50	 19	  -0.00000	 -10.60710	  -0.00000	   3.89275	  -6.71435	  21.60392
 50	 18	  -0.00000	 -11.10411	  -0.00000	   3.89275	  -7.21136	  20.74982
 50	 17	  -0.00000	 -11.55643	  -0.00000	   3.89275	  -7.66368	  20.01719
 50	 16	  -0.00000	 -11.95696	  -0.00000	   3.89275	  -8.06421	  19.41549
 50	 15	  -0.00000	 -12.29923	  -0.00000	   3.89275	  -8.40648	  18.95292
 50	 14	  -0.00000	 -12.57763	  -0.00000	   3.89275	  -8.68488	  18.63617
 50	 13	  -0.00000	 -12.78754	  -0.00000	   3.89275	  -8.89479	  18.47020
 50	 12	  -0.00000	 -12.92543	  -0.00000	   3.89275	  -9.03268	  18.45814
 50	 11	  -0.00000	 -12.98902	  -0.00000	   3.89275	  -9.09627	  18.60118
 50	 10	  -0.00000	 -12.97728	  -0.00000	   3.89275	  -9.08453	  18.89853
 50	  9	  -0.00000	 -12.89050	  -0.00000	   3.89275	  -8.99775	  19.34752
 50	  8	  -0.00000	 -12.73025	  -0.00000	   3.89275	  -8.83750	  19.94370
 50	  7	  -0.00000	 -12.49937	  -0.00000	   3.89275	  -8.60662	  20.68093
 50	  6	  -0.00000	 -12.20184	  -0.00000	   3.89275	  -8.30909	  21.55165
 50	  5	  -0.00000	 -11.84270	  -0.00000	   3.89275	  -7.94995	  22.54704
 50	  4	  -0.00000	 -11.42791	  -0.00000	   3.89275	  -7.53516	  23.65730
 50	  3	  -0.00000	 -10.96417	   0.00000	   3.89275	  -7.07142	  24.87185
 50	  2	  -0.00000	 -10.45874	   0.00000	   3.89275	  -6.56599	  26.17963
 50	  1	  -0.00000	  -9.91926	   0.00000	   3.89275	  -6.02651	  27.56930

 51	 30	  -0.00000	  -4.08650	   0.00000	   3.89275	  -0.19375	  37.27897
 51	 29	  -0.00000	  -4.56334	   0.00000	   3.89275	  -0.67059	  35.86169
 51	 28	  -0.00000	  -5.06549	   0.00000	   3.89275	  -1.17274	  34.45745
 51	 27	  -0.00000	  -5.58951	   0.00000	   3.89275	  -1.69676	  33.07267
 51	 26	  -0.00000	  -6.13120	   0.00000	   3.89275	  -2.23845	  31.71471
 51	 25	  -0.00000	  -6.68562	  -0.00000	   3.89275	  -2.79287	  30.39176
 51	 24	  -0.00000	  -7.24716	  -0.00000	   3.89275	  -3.35441	  29.11284
 51	 23	  -0.00000	  -7.80961	  -0.00000	   3.89275	  -3.91686	  27.88763
 51	 22	  -0.00000	  -8.36624	  -0.00000	   3.89275	  -4.47349	  26.72633
 51	 21	  -0.00000	  -8.90995	  -0.00000	   3.89275	  -5.01720	  25.63947
 51	 20	  -0.00000	  -9.43341	  -0.00000	   3.89275	  -5.54066	  24.63772
 51	 19	  -0.00000	  -9.92920	  -0.00000	   3.89275	  -6.03645	  23.73161
 51	 18	  -0.00000	 -10.39001	  -0.00000	   3.89275	  -6.49726	  22.93131
 51	 17	  -0.00000	 -10.80880	  -0.00000	   3.89275	  -6.91605	  22.24632
 51	 16	  -0.00000	 -11.17897	  -0.00000	   3.89275	  -7.28622	  21.68526
 51	 15	  -0.00000	 -11.49457	  -0.00000	   3.89275	  -7.60182	  21.25558
 51	 14	  -0.00000	 -11.75042	  -0.00000	   3.89275	  -7.85767	  20.96337
 51	 13	  -0.00000	 -11.94226	  -0.00000	   3.89275	  -8.04951	  20.81319
 51	 12	  -0.00000	 -12.06689	  -0.00000	   3.89275	  -8.17414	  20.80790
 51	 11	  -0.00000	 -12.12221	  -0.00000	   3.89275	  -8.22946	  20.94864
 51	 10	  -0.00000	 -12.10736	  -0.00000	   3.89275	  -8.21461	  21.23475
 51	  9	  -0.00000	 -12.02265	  -0.00000	   3.89275	  -8.12990	  21.66385
 51	  8	  -0.00000	 -11.86962	  -0.00000	   3.89275	  -7.97687	  22.23192
 51	  7	  -0.00000	 -11.65094	  -0.00000	   3.89275	  -7.75819	  22.93339
 51	  6	  -0.00000	 -11.37040	  -0.00000	   3.89275	  -7.47765	  23.76137
 51	  5	  -0.00000	 -11.03272	   0.00000	   3.89275	  -7.13997	  24.70779
 51	  4	  -0.00000	 -10.64348	   0.00000	   3.89275	  -6.75073	  25.76361
 51	  3	  -0.00000	 -10.20895	   0.00000	   3.89275	  -6.31620	  26.91910
 51	  2	  -0.00000	  -9.73592	   0.00000	   3.89275	  -5.84317	  28.16402
 51	  1	  -0.00000	  -9.23150	   0.00000	   3.89275	  -5.33875	  29.48784

 52	 30	   0.00000	  -3.82218	   0.00000	   3.89275	   0.07057	  38.70886
 52	 29	  -0.00000	  -4.26557	   0.00000	   3.89275	  -0.37282	  37.35411
 52	 28	  -0.00000	  -4.73217	   0.00000	   3.89275	  -0.83942	  36.01467
 52	 27	  -0.00000	  -5.21876	   0.00000	   3.89275	  -1.32601	  34.69657
 52	 26	  -0.00000	  -5.72142	   0.00000	   3.89275	  -1.82867	  33.40668
 52	 25	  -0.00000	  -6.23554	   0.00000	   3.89275	  -2.34279	  32.15261
 52	 24	  -0.00000	  -6.75590	   0.00000	   3.89275	  -2.86315	  30.94270
 52	 23	  -0.00000	  -7.27671	   0.00000	   3.89275	  -3.38396	  29.78588
 52	 22	  -0.00000	  -7.79175	  -0.00000	   3.89275	  -3.89900	  28.69151
 52	 21	  -0.00000	  -8.29443	  -0.00000	   3.89275	  -4.40168	  27.66925
 52	 20	  -0.00000	  -8.77795	  -0.00000	   3.89275	  -4.88520	  26.72884
 52	 19	  -0.00000	  -9.23547	  -0.00000	   3.89275	  -5.34272	  25.87988
 52	 18	  -0.00000	  -9.66022	  -0.00000	   3.89275	  -5.76747	  25.13162
 52	 17	  -0.00000	 -10.04572	  -0.00000	   3.89275	  -6.15297	  24.49269
 52	 16	  -0.00000	 -10.38590	  -0.00000	   3.89275	  -6.49315	  23.97092
 52	 15	  -0.00000	 -10.67528	  -0.00000	   3.89275	  -6.78253	  23.57308
 52	 14	  -0.00000	 -10.90910	  -0.00000	   3.89275	  -7.01635	  23.30469
 52	 13	  -0.00000	 -11.08349	  -0.00000	   3.89275	  -7.19074	  23.16990
 52	 12	  -0.00000	 -11.19553	  -0.00000	   3.89275	  -7.30278	  23.17134
 52	 11	  -0.00000	 -11.24334	  -0.00000	   3.89275	  -7.35059	  23.31005
 52	 10	  -0.00000	 -11.22615	  -0.00000	   3.89275	  -7.33340	  23.58548
 52	  9	  -0.00000	 -11.14434	  -0.00000	   3.89275	  -7.25159	  23.99550
 52	  8	  -0.00000	 -10.99936	   0.00000	   3.89275	  -7.10661	  24.53645
 52	  7	  -0.00000	 -10.79376	   0.00000	   3.89275	  -6.90101	  25.20330
 52	  6	  -0.00000	 -10.53105	   0.00000	   3.89275	  -6.63830	  25.98975
 52	  5	  -0.00000	 -10.21566	   0.00000	   3.89275	  -6.32291	  26.88842
 52	  4	  -0.00000	  -9.85279	   0.00000	   3.89275	  -5.96004	  27.89104
 52	  3	  -0.00000	  -9.44825	   0.00000	   3.89275	  -5.55550	  28.98866
 52	  2	  -0.00000	  -9.00834	   0.00000	   3.89275	  -5.11559	  30.17183
 52	  1	  -0.00000	  -8.53967	   0.00000	   3.89275	  -4.64692	  31.43084

 53	 30	   0.00000	  -3.55104	   0.00000	   3.89275	   0.34171	  40.16797
 53	 29	   0.00000	  -3.96072	   0.00000	   3.89275	  -0.06797	  38.87473
 53	 28	  -0.00000	  -4.39157	   0.00000	   3.89275	  -0.49882	  37.59890
 53	 27	  -0.00000	  -4.84060	   0.00000	   3.89275	  -0.94785	  36.34611
 53	 26	  -0.00000	  -5.30416	   0.00000	   3.89275	  -1.41141	  35.12272
 53	 25	  -0.00000	  -5.77799	   0.00000	   3.89275	  -1.88524	  33.93578
 53	 24	  -0.00000	  -6.25724	   0.00000	   3.89275	  -2.36449	  32.79299
 53	 23	  -0.00000	  -6.73659	   0.00000	   3.89275	  -2.84384	  31.70253
 53	 22	  -0.00000	  -7.21028	   0.00000	   3.89275	  -3.31753	  30.67298
 53	 21	  -0.00000	  -7.67224	   0.00000	   3.89275	  -3.77949	  29.71316
 53	 20	  -0.00000	  -8.11623	   0.00000	   3.89275	  -4.22348	  28.83194
 53	 19	  -0.00000	  -8.53594	   0.00000	   3.89275	  -4.64319	  28.03805
 53	 18	  -0.00000	  -8.92518	   0.00000	   3.89275	  -5.03243	  27.33988
 53	 17	  -0.00000	  -9.27800	  -0.00000	   3.89275	  -5.38525	  26.74526
 53	 16	  -0.00000	  -9.58883	  -0.00000	   3.89275	  -5.69608	  26.26128
 53	 15	  -0.00000	  -9.85267	  -0.00000	   3.89275	  -5.95992	  25.89405
 53	 14	  -0.00000	 -10.06520	  -0.00000	   3.89275	  -6.17245	  25.64859
 53	 13	  -0.00000	 -10.22287	   0.00000	   3.89275	  -6.33012	  25.52866
 53	 12	  -0.00000	 -10.32306	   0.00000	   3.89275	  -6.43031	  25.53663
 53	 11	  -0.00000	 -10.36408	   0.00000	   3.89275	  -6.47133	  25.67346
 53	 10	  -0.00000	 -10.34529	   0.00000	   3.89275	  -6.45254	  25.93868
 53	  9	  -0.00000	 -10.26705	   0.00000	   3.89275	  -6.37430	  26.33034
 53	  8	  -0.00000	 -10.13077	   0.00000	   3.89275	  -6.23802	  26.84515
 53	  7	  -0.00000	  -9.93882	   0.00000	   3.89275	  -6.04607	  27.47854
 53	  6	  -0.00000	  -9.69448	   0.00000	   3.89275	  -5.80173	  28.22477
 53	  5	  -0.00000	  -9.40185	   0.00000	   3.89275	  -5.50910	  29.07710
 53	  4	  -0.00000	  -9.06574	   0.00000	   3.89275	  -5.17299	  30.02798
 53	  3	  -0.00000	  -8.69153	   0.00000	   3.89275	  -4.79878	  31.06920
 53	  2	  -0.00000	  -8.28501	   0.00000	   3.89275	  -4.39226	  32.19209
 53	  1	  -0.00000	  -7.85228	   0.00000	   3.89275	  -3.95953	  33.38773

 54	 30	   0.00000	  -3.27731	   0.00000	   3.89275	   0.61544	  41.65010
 54	 29	   0.00000	  -3.65348	   0.00000	   3.89275	   0.23927	  40.41696
 54	 28	   0.00000	  -4.04885	   0.00000	   3.89275	  -0.15610	  39.20313
 54	 27	  -0.00000	  -4.46066	   0.00000	   3.89275	  -0.56791	  38.01385
 54	 26	  -0.00000	  -4.88554	   0.00000	   3.89275	  -0.99279	  36.85500
 54	 25	  -0.00000	  -5.31956	   0.00000	   3.89275	  -1.42681	  35.73309
 54	 24	  -0.00000	  -5.75828	   0.00000	   3.89275	  -1.86553	  34.65517
 54	 23	  -0.00000	  -6.19680	   0.00000	   3.89275	  -2.30405	  33.62873
 54	 22	  -0.00000	  -6.62985	   0.00000	   3.89275	  -2.73710	  32.66160
 54	 21	  -0.00000	  -7.05187	   0.00000	   3.89275	  -3.15912	  31.76180
 54	 20	  -0.00000	  -7.45714	   0.00000	   3.89275	  -3.56439	  30.93740
 54	 19	  -0.00000	  -7.83992	   0.00000	   3.89275	  -3.94717	  30.19630
 54	 18	  -0.00000	  -8.19454	   0.00000	   3.89275	  -4.30179	  29.54610
 54	 17	  -0.00000	  -8.51557	   0.00000	   3.89275	  -4.62282	  28.99388
 54	 16	  -0.00000	  -8.79798	   0.00000	   3.89275	  -4.90523	  28.54602
 54	 15	  -0.00000	  -9.03719	   0.00000	   3.89275	  -5.14444	  28.20805
 54	 14	  -0.00000	  -9.22929	   0.00000	   3.89275	  -5.33654	  27.98450
 54	 13	  -0.00000	  -9.37109	   0.00000	   3.89275	  -5.47834	  27.87874
 54	 12	  -0.00000	  -9.46020	   0.00000	   3.89275	  -5.56745	  27.89294
 54	 11	  -0.00000	  -9.49515	   0.00000	   3.89275	  -5.60240	  28.02795
 54	 10	  -0.00000	  -9.47538	   0.00000	   3.89275	  -5.58263	  28.28333
 54	  9	  -0.00000	  -9.40127	   0.00000	   3.89275	  -5.50852	  28.65735
 54	  8	  -0.00000	  -9.27414	   0.00000	   3.89275	  -5.38139	  29.14700
 54	  7	  -0.00000	  -9.09618	   0.00000	   3.89275	  -5.20343	  29.74814
 54	  6	  -0.00000	  -8.87045	   0.00000	   3.89275	  -4.97770	  30.45556
 54	  5	  -0.00000	  -8.60071	   0.00000	   3.89275	  -4.70796	  31.26312
 54	  4	  -0.00000	  -8.29139	   0.00000	   3.89275	  -4.39864	  32.16394
 54	  3	  -0.00000	  -7.94741	   0.00000	   3.89275	  -4.05466	  33.15051
 54	  2	  -0.00000	  -7.57409	   0.00000	   3.89275	  -3.68134	  34.21493
 54	  1	  -0.00000	  -7.17703	   0.00000	   3.89275	  -3.28428	  35.34901

 55	 30	   0.00000	  -3.00489	   0.00000	   3.89275	   0.88786	  43.14962
 55	 29	   0.00000	  -3.34814	   0.00000	   3.89275	   0.54461	  41.97479
 55	 28	   0.00000	  -3.70872	   0.00000	   3.89275	   0.18403	  40.82099
 55	 27	   0.00000	  -4.08407	   0.00000	   3.89275	  -0.19132	  39.69308
 55	 26	   0.00000	  -4.47111	   0.00000	   3.89275	  -0.57836	  38.59648
 55	 25	  -0.00000	  -4.86626	   0.00000	   3.89275	  -0.97351	  37.53716
 55	 24	  -0.00000	  -5.26544	   0.00000	   3.89275	  -1.37269	  36.52156
 55	 23	  -0.00000	  -5.66420	   0.00000	   3.89275	  -1.77145	  35.55652
 55	 22	  -0.00000	  -6.05773	   0.00000	   3.89275	  -2.16498	  34.64916
 55	 21	  -0.00000	  -6.44097	   0.00000	   3.89275	  -2.54822	  33.80675
 55	 20	  -0.00000	  -6.80873	   0.00000	   3.89275	  -2.91598	  33.03659
 55	 19	  -0.00000	  -7.15577	   0.00000	   3.89275	  -3.26302	  32.34582
 55	 18	  -0.00000	  -7.47697	   0.00000	   3.89275	  -3.58422	  31.74130
 55	 17	  -0.00000	  -7.76742	   0.00000	   3.89275	  -3.87467	  31.22940
 55	 16	  -0.00000	  -8.02253	   0.00000	   3.89275	  -4.12978	  30.81587
 55	 15	  -0.00000	  -8.23819	   0.00000	   3.89275	  -4.34544	  30.50569
 55	 14	  -0.00000	  -8.41088	   0.00000	   3.89275	  -4.51813	  30.30291
 55	 13	  -0.00000	  -8.53771	   0.00000	   3.89275	  -4.64496	  30.21057
 55	 12	  -0.00000	  -8.61656	   0.00000	   3.89275	  -4.72381	  30.23060
 55	 11	  -0.00000	  -8.64612	   0.00000	   3.89275	  -4.75337	  30.36377
 55	 10	  -0.00000	  -8.62592	   0.00000	   3.89275	  -4.73317	  30.60967
 55	  9	  -0.00000	  -8.55635	   0.00000	   3.89275	  -4.66360	  30.96672
 55	  8	  -0.00000	  -8.43862	   0.00000	   3.89275	  -4.54587	  31.43222
 55	  7	  -0.00000	  -8.27478	   0.00000	   3.89275	  -4.38203	  32.00239
 55	  6	  -0.00000	  -8.06761	   0.00000	   3.89275	  -4.17486	  32.67251
 55	  5	  -0.00000	  -7.82058	   0.00000	   3.89275	  -3.92783	  33.43702
 55	  4	  -0.00000	  -7.53771	   0.00000	   3.89275	  -3.64496	  34.28965
 55	  3	  -0.00000	  -7.22351	   0.00000	   3.89275	  -3.33076	  35.22358
 55	  2	  -0.00000	  -6.88283	   0.00000	   3.89275	  -2.99008	  36.23161
 55	  1	  -0.00000	  -6.52074	   0.00000	   3.89275	  -2.62799	  37.30626

 56	 30	   0.00000	  -2.73726	   0.00000	   3.89275	   1.15549	  44.66146
 56	 29	   0.00000	  -3.04854	   0.00000	   3.89275	   0.84421	  43.54284
 56	 28	   0.00000	  -3.37536	   0.00000	   3.89275	   0.51739	  42.44680
 56	 27	   0.00000	  -3.71539	   0.00000	   3.89275	   0.17736	  41.37783
 56	 26	   0.00000	  -4.06582	   0.00000	   3.89275	  -0.17307	  40.34090
 56	 25	   0.00000	  -4.42339	   0.00000	   3.89275	  -0.53064	  39.34146
 56	 24	  -0.00000	  -4.78442	   0.00000	   3.89275	  -0.89167	  38.38539
 56	 23	  -0.00000	  -5.14486	   0.00000	   3.89275	  -1.25211	  37.47890
 56	 22	  -0.00000	  -5.50034	   0.00000	   3.89275	  -1.60759	  36.62843
 56	 21	  -0.00000	  -5.84631	   0.00000	   3.89275	  -1.95356	  35.84058
 56	 20	  -0.00000	  -6.17805	   0.00000	   3.89275	  -2.28530	  35.12191
 56	 19	  -0.00000	  -6.49087	   0.00000	   3.89275	  -2.59812	  34.47887
 56	 18	  -0.00000	  -6.78011	   0.00000	   3.89275	  -2.88736	  33.91760
 56	 17	  -0.00000	  -7.04137	   0.00000	   3.89275	  -3.14862	  33.44385
 56	 16	  -0.00000	  -7.27052	   0.00000	   3.89275	  -3.37777	  33.06275
 56	 15	  -0.00000	  -7.46386	   0.00000	   3.89275	  -3.57111	  32.77878
 56	 14	  -0.00000	  -7.61824	   0.00000	   3.89275	  -3.72549	  32.59555
 56	 13	  -0.00000	  -7.73107	   0.00000	   3.89275	  -3.83832	  32.51578
 56	 12	  -0.00000	  -7.80048	   0.00000	   3.89275	  -3.90773	  32.54119
 56	 11	  -0.00000	  -7.82530	   0.00000	   3.89275	  -3.93255	  32.67246
 56	 10	  -0.00000	  -7.80513	   0.00000	   3.89275	  -3.91238	  32.90921
 56	  9	  -0.00000	  -7.74037	   0.00000	   3.89275	  -3.84762	  33.24999
 56	  8	  -0.00000	  -7.63214	   0.00000	   3.89275	  -3.73939	  33.69236
 56	  7	  -0.00000	  -7.48231	   0.00000	   3.89275	  -3.58956	  34.23290
 56	  6	  -0.00000	  -7.29343	   0.00000	   3.89275	  -3.40068	  34.86734
 56	  5	  -0.00000	  -7.06864	   0.00000	   3.89275	  -3.17589	  35.59065
 56	  4	  -0.00000	  -6.81160	   0.00000	   3.89275	  -2.91885	  36.39714
 56	  3	  -0.00000	  -6.52640	   0.00000	   3.89275	  -2.63365	  37.28064
 56	  2	  -0.00000	  -6.21742	   0.00000	   3.89275	  -2.32467	  38.23460
 56	  1	  -0.00000	  -5.88924	   0.00000	   3.89275	  -1.99649	  39.25222

 57	 30	   0.00000	  -2.47746	   0.00000	   3.89275	   1.41529	  46.18116
 57	 29	   0.00000	  -2.75801	   0.00000	   3.89275	   1.13474	  45.11640
 57	 28	   0.00000	  -3.05242	   0.00000	   3.89275	   0.84033	  44.07561
 57	 27	   0.00000	  -3.35857	   0.00000	   3.89275	   0.53418	  43.06289
 57	 26	   0.00000	  -3.67394	   0.00000	   3.89275	   0.21881	  42.08281
 57	 25	   0.00000	  -3.99556	   0.00000	   3.89275	  -0.10281	  41.14034
 57	 24	   0.00000	  -4.32012	   0.00000	   3.89275	  -0.42737	  40.24081
 57	 23	   0.00000	  -4.64397	   0.00000	   3.89275	  -0.75122	  39.38983
 57	 22	  -0.00000	  -4.96318	   0.00000	   3.89275	  -1.07043	  38.59324
 57	 21	  -0.00000	  -5.27365	   0.00000	   3.89275	  -1.38090	  37.85696
 57	 20	  -0.00000	  -5.57116	   0.00000	   3.89275	  -1.67841	  37.18690
 57	 19	  -0.00000	  -5.85147	   0.00000	   3.89275	  -1.95872	  36.58885
 57	 18	  -0.00000	  -6.11044	   0.00000	   3.89275	  -2.21769	  36.06832
 57	 17	  -0.00000	  -6.34409	   0.00000	   3.89275	  -2.45134	  35.63044
 57	 16	  -0.00000	  -6.54875	   0.00000	   3.89275	  -2.65600	  35.27980
 57	 15	  -0.00000	  -6.72111	   0.00000	   3.89275	  -2.82836	  35.02039
 57	 14	  -0.00000	  -6.85835	   0.00000	   3.89275	  -2.96560	  34.85543
 57	 13	  -0.00000	  -6.95819	   0.00000	   3.89275	  -3.06544	  34.78735
 57	 12	  -0.00000	  -7.01896	   0.00000	   3.89275	  -3.12621	  34.81765
 57	 11	  -0.00000	  -7.03964	   0.00000	   3.89275	  -3.14689	  34.94694
 57	 10	  -0.00000	  -7.01990	   0.00000	   3.89275	  -3.12715	  35.17484
 57	  9	  -0.00000	  -6.96012	   0.00000	   3.89275	  -3.06737	  35.50005
 57	  8	  -0.00000	  -6.86133	   0.00000	   3.89275	  -2.96858	  35.92035
 57	  7	  -0.00000	  -6.72523	   0.00000	   3.89275	  -2.83248	  36.43266
 57	  6	  -0.00000	  -6.55414	   0.00000	   3.89275	  -2.66139	  37.03313
 57	  5	  -0.00000	  -6.35089	   0.00000	   3.89275	  -2.45814	  37.71720
 57	  4	  -0.00000	  -6.11878	   0.00000	   3.89275	  -2.22603	  38.47975
 57	  3	  -0.00000	  -5.86150	   0.00000	   3.89275	  -1.96875	  39.31519
 57	  2	  -0.00000	  -5.58299	   0.00000	   3.89275	  -1.69024	  40.21759
 57	  1	   0.00000	  -5.28738	   0.00000	   3.89275	  -1.39463	  41.18083

 58	 30	   0.00000	  -2.22803	   0.00000	   3.89275	   1.66472	  47.70487
 58	 29	   0.00000	  -2.47934	   0.00000	   3.89275	   1.41341	  46.69143
 58	 28	   0.00000	  -2.74294	   0.00000	   3.89275	   1.14981	  45.70317
 58	 27	   0.00000	  -3.01692	   0.00000	   3.89275	   0.87583	  44.74386
 58	 26	   0.00000	  -3.29902	   0.00000	   3.89275	   0.59373	  43.81766
 58	 25	   0.00000	  -3.58657	   0.00000	   3.89275	   0.30618	  42.92907
 58	 24	   0.00000	  -3.87660	   0.00000	   3.89275	   0.01615	  42.08292
 58	 23	   0.00000	  -4.16584	   0.00000	   3.89275	  -0.27309	  41.28430
 58	 22	   0.00000	  -4.45079	   0.00000	   3.89275	  -0.55804	  40.53843
 58	 21	   0.00000	  -4.72777	   0.00000	   3.89275	  -0.83502	  39.85064
 58	 20	  -0.00000	  -4.99301	   0.00000	   3.89275	  -1.10026	  39.22623
 58	 19	  -0.00000	  -5.24273	   0.00000	   3.89275	  -1.34998	  38.67037
 58	 18	  -0.00000	  -5.47324	   0.00000	   3.89275	  -1.58049	  38.18798
 58	 17	  -0.00000	  -5.68101	   0.00000	   3.89275	  -1.78826	  37.78363
 58	 16	  -0.00000	  -5.86276	   0.00000	   3.89275	  -1.97001	  37.46142
 58	 15	  -0.00000	  -6.01555	   0.00000	   3.89275	  -2.12280	  37.22489
 58	 14	  -0.00000	  -6.13689	   0.00000	   3.89275	  -2.24414	  37.07689
 58	 13	  -0.00000	  -6.22476	   0.00000	   3.89275	  -2.33201	  37.01957
 58	 12	  -0.00000	  -6.27769	   0.00000	   3.89275	  -2.38494	  37.05425
 58	 11	  -0.00000	  -6.29478	   0.00000	   3.89275	  -2.40203	  37.18146
 58	 10	  -0.00000	  -6.27578	   0.00000	   3.89275	  -2.38303	  37.40083
 58	  9	  -0.00000	  -6.22103	   0.00000	   3.89275	  -2.32828	  37.71118
 58	  8	  -0.00000	  -6.13148	   0.00000	   3.89275	  -2.23873	  38.11051
 58	  7	  -0.00000	  -6.00868	   0.00000	   3.89275	  -2.11593	  38.59604
 58	  6	  -0.00000	  -5.85469	   0.00000	   3.89275	  -1.96194	  39.16430
 58	  5	  -0.00000	  -5.67208	   0.00000	   3.89275	  -1.77933	  39.81119
 58	  4	  -0.00000	  -5.46379	   0.00000	   3.89275	  -1.57104	  40.53209
 58	  3	   0.00000	  -5.23313	   0.00000	   3.89275	  -1.34038	  41.32198
 58	  2	   0.00000	  -4.98363	   0.00000	   3.89275	  -1.09088	  42.17550
 58	  1	   0.00000	  -4.71897	   0.00000	   3.89275	  -0.82622	  43.08714

 59	 30	   0.00000	  -1.99105	   0.00000	   3.89275	   1.90170	  49.22937
 59	 29	   0.00000	  -2.21479	   0.00000	   3.89275	   1.67796	  48.26456
 59	 28	   0.00000	  -2.44938	   0.00000	   3.89275	   1.44337	  47.32599
 59	 27	   0.00000	  -2.69310	   0.00000	   3.89275	   1.19965	  46.41710
 59	 26	   0.00000	  -2.94391	   0.00000	   3.89275	   0.94884	  45.54167
 59	 25	   0.00000	  -3.19946	   0.00000	   3.89275	   0.69329	  44.70378
 59	 24	   0.00000	  -3.45709	   0.00000	   3.89275	   0.43566	  43.90779
 59	 23	   0.00000	  -3.71390	   0.00000	   3.89275	   0.17885	  43.15826
 59	 22	   0.00000	  -3.96675	   0.00000	   3.89275	  -0.07400	  42.45990
 59	 21	   0.00000	  -4.21240	   0.00000	   3.89275	  -0.31965	  41.81746
 59	 20	   0.00000	  -4.44749	   0.00000	   3.89275	  -0.55474	  41.23568
 59	 19	   0.00000	  -4.66867	   0.00000	   3.89275	  -0.77592	  40.71916
 59	 18	   0.00000	  -4.87267	   0.00000	   3.89275	  -0.97992	  40.27229
 59	 17	  -0.00000	  -5.05636	   0.00000	   3.89275	  -1.16361	  39.89912
 59	 16	  -0.00000	  -5.21684	   0.00000	   3.89275	  -1.32409	  39.60329
 59	 15	  -0.00000	  -5.35154	   0.00000	   3.89275	  -1.45879	  39.38792
 59	 14	  -0.00000	  -5.45823	   0.00000	   3.89275	  -1.56548	  39.25556
 59	 13	  -0.00000	  -5.53514	   0.00000	   3.89275	  -1.64239	  39.20807
 59	 12	  -0.00000	  -5.58099	   0.00000	   3.89275	  -1.68824	  39.24662
 59	 11	  -0.00000	  -5.59501	   0.00000	   3.89275	  -1.70226	  39.37164
 59	 10	  -0.00000	  -5.57698	   0.00000	   3.89275	  -1.68423	  39.58281
 59	  9	  -0.00000	  -5.52723	   0.00000	   3.89275	  -1.63448	  39.87903
 59	  8	  -0.00000	  -5.44662	   0.00000	   3.89275	  -1.55387	  40.25851
 59	  7	  -0.00000	  -5.33653	   0.00000	   3.89275	  -1.44378	  40.71873
 59	  6	   0.00000	  -5.19883	   0.00000	   3.89275	  -1.30608	  41.25659
 59	  5	   0.00000	  -5.03578	   0.00000	   3.89275	  -1.14303	  41.86841
 59	  4	   0.00000	  -4.85002	   0.00000	   3.89275	  -0.95727	  42.55004
 59	  3	   0.00000	  -4.64450	   0.00000	   3.89275	  -0.75175	  43.29697
 59	  2	   0.00000	  -4.42234	   0.00000	   3.89275	  -0.52959	  44.10440
 59	  1	   0.00000	  -4.18683	   0.00000	   3.89275	  -0.29408	  44.96734

