#X	Y	Miss	Anxiety	ExploreH	ExploreP	Sum	Stress
  0	 30	  37.76048	  -0.00000	   0.00000	   0.04810	  75.56905	 125.49992
  0	 29	  36.92633	  -0.00000	   0.00000	   0.04810	  73.90075	 123.12448
  0	 28	  36.06148	  -0.00000	   0.00000	   0.04810	  72.17105	 120.72369
  0	 27	  35.16817	  -0.00000	   0.00000	   0.04810	  70.38445	 118.30357
  0	 26	  34.24905	  -0.00000	   0.00000	   0.04810	  68.54620	 115.87088
  0	 25	  33.30712	  -0.00000	   0.00000	   0.04810	  66.66233	 113.43314
  0	 24	  32.34575	  -0.00000	   0.00000	   0.04810	  64.73960	 110.99857
  0	 23	  31.36871	  -0.00000	   0.00000	   0.04810	  62.78552	 108.57608
  0	 22	  30.38008	  -0.00000	   0.00000	   0.04810	  60.80826	 106.17520
  0	 21	  29.38429	  -0.00000	   0.00000	   0.04810	  58.81669	 103.80605
  0	 20	  28.38606	  -0.00000	   0.00000	   0.04810	  56.82022	 101.47922
  0	 19	  27.39038	  -0.00000	   0.00000	   0.04810	  54.82885	  99.20576
  0	 18	  26.40245	  -0.00000	   0.00000	   0.04810	  52.85301	  96.99701
  0	 17	  25.42770	  -0.00000	   0.00000	   0.04810	  50.90350	  94.86457
  0	 16	  24.47166	  -0.00000	   0.00000	   0.04810	  48.99141	  92.82016
  0	 15	  23.53996	  -0.00000	   0.00000	   0.04810	  47.12802	  90.87551
  0	 14	  22.63828	  -0.00000	   0.00000	   0.04810	  45.32466	  89.04224
  0	 13	  21.77228	  -0.00000	   0.00000	   0.04810	  43.59265	  87.33176
  0	 12	  20.94752	  -0.00000	   0.00000	   0.04810	  41.94313	  85.75515
  0	 11	  20.16944	  -0.00000	   0.00000	   0.04810	  40.38698	  84.32303
  0	 10	  19.44329	  -0.00000	   0.00000	   0.04810	  38.93467	  83.04545
  0	  9	  18.77405	  -0.00000	   0.00000	   0.04810	  37.59619	  81.93177
  0	  8	  18.16639	  -0.00000	   0.00000	   0.04810	  36.38088	  80.99060
  0	  7	  17.62463	  -0.00000	   0.00000	   0.04810	  35.29736	  80.22965
  0	  6	  17.15266	  -0.00000	   0.00000	   0.04810	  34.35342	  79.65567
  0	  5	  16.75391	  -0.00000	   0.00000	   0.04810	  33.55591	  79.27438
  0	  4	  16.43130	  -0.00000	   0.00000	   0.04810	  32.91069	  79.09035
  0	  3	  16.18721	  -0.00000	   0.00000	   0.04810	  32.42252	  79.10705
  0	  2	  16.02347	  -0.00000	   0.00000	   0.04810	  32.09504	  79.32668
  0	  1	  15.94129	  -0.00000	   0.00000	   0.04810	  31.93068	  79.75025

  1	 30	  36.92633	  -0.00000	   0.00000	   0.04810	  73.90075	 122.52369
  1	 29	  36.02946	  -0.00000	   0.00000	   0.04810	  72.10701	 120.00349
  1	 28	  35.09957	  -0.00000	   0.00000	   0.04810	  70.24725	 117.45378
  1	 27	  34.13910	  -0.00000	   0.00000	   0.04810	  68.32630	 114.88100
  1	 26	  33.15087	  -0.00000	   0.00000	   0.04810	  66.34983	 112.29244
  1	 25	  32.13810	  -0.00000	   0.00000	   0.04810	  64.32431	 109.69618
  1	 24	  31.10445	  -0.00000	   0.00000	   0.04810	  62.25701	 107.10107
  1	 23	  30.05394	  -0.00000	   0.00000	   0.04810	  60.15599	 104.51671
  1	 22	  28.99098	  -0.00000	   0.00000	   0.04810	  58.03006	 101.95337
  1	 21	  27.92032	  -0.00000	   0.00000	   0.04810	  55.88873	  99.42194
  1	 20	  26.84702	  -0.00000	   0.00000	   0.04810	  53.74215	  96.93386
  1	 19	  25.77647	  -0.00000	   0.00000	   0.04810	  51.60104	  94.50101
  1	 18	  24.71426	  -0.00000	   0.00000	   0.04810	  49.47662	  92.13563
  1	 17	  23.66621	  -0.00000	   0.00000	   0.04810	  47.38052	  89.85021
  1	 16	  22.63828	  -0.00000	   0.00000	   0.04810	  45.32466	  87.65736
  1	 15	  21.63653	  -0.00000	   0.00000	   0.04810	  43.32115	  85.56972
  1	 14	  20.66705	  -0.00000	   0.00000	   0.04810	  41.38220	  83.59979
  1	 13	  19.73593	  -0.00000	   0.00000	   0.04810	  39.51995	  81.75984
  1	 12	  18.84915	  -0.00000	   0.00000	   0.04810	  37.74640	  80.06178
  1	 11	  18.01257	  -0.00000	   0.00000	   0.04810	  36.07324	  78.51702
  1	 10	  17.23182	  -0.00000	   0.00000	   0.04810	  34.51173	  77.13635
  1	  9	  16.51225	  -0.00000	   0.00000	   0.04810	  33.07260	  75.92983
  1	  8	  15.85891	  -0.00000	   0.00000	   0.04810	  31.76591	  74.90667
  1	  7	  15.27641	  -0.00000	   0.00000	   0.04810	  30.60092	  74.07515
  1	  6	  14.76895	  -0.00000	   0.00000	   0.04810	  29.58600	  73.44250
  1	  5	  14.34022	  -0.00000	   0.00000	   0.04810	  28.72853	  73.01482
  1	  4	  13.99335	  -0.00000	   0.00000	   0.04810	  28.03479	  72.79704
  1	  3	  13.73091	  -0.00000	   0.00000	   0.04810	  27.50992	  72.79283
  1	  2	  13.55485	  -0.00000	   0.00000	   0.04810	  27.15781	  73.00457
  1	  1	  13.46650	  -0.00000	   0.00000	   0.04810	  26.98109	  73.43331

  2	 30	  36.06148	  -0.00000	   0.00000	   0.04810	  72.17105	 119.49744
  2	 29	  35.09957	  -0.00000	   0.00000	   0.04810	  70.24725	 116.82697
  2	 28	  34.10227	  -0.00000	   0.00000	   0.04810	  68.25264	 114.12261
  2	 27	  33.07215	  -0.00000	   0.00000	   0.04810	  66.19241	 111.39128
  2	 26	  32.01226	  -0.00000	   0.00000	   0.04810	  64.07263	 108.64079
  2	 25	  30.92607	  -0.00000	   0.00000	   0.04810	  61.90023	 105.87983
  2	 24	  29.81747	  -0.00000	   0.00000	   0.04810	  59.68304	 103.11791
  2	 23	  28.69079	  -0.00000	   0.00000	   0.04810	  57.42968	 100.36534
  2	 22	  27.55075	  -0.00000	   0.00000	   0.04810	  55.14960	  97.63319
  2	 21	  26.40245	  -0.00000	   0.00000	   0.04810	  52.85301	  94.93315
  2	 20	  25.25134	  -0.00000	   0.00000	   0.04810	  50.55078	  92.27753
  2	 19	  24.10316	  -0.00000	   0.00000	   0.04810	  48.25443	  89.67912
  2	 18	  22.96394	  -0.00000	   0.00000	   0.04810	  45.97597	  87.15107
  2	 17	  21.83990	  -0.00000	   0.00000	   0.04810	  43.72789	  84.70681
  2	 16	  20.73743	  -0.00000	   0.00000	   0.04810	  41.52296	  82.35990
  2	 15	  19.66304	  -0.00000	   0.00000	   0.04810	  39.37418	  80.12389
  2	 14	  18.62327	  -0.00000	   0.00000	   0.04810	  37.29464	  78.01223
  2	 13	  17.62463	  -0.00000	   0.00000	   0.04810	  35.29736	  76.03808
  2	 12	  16.67356	  -0.00000	   0.00000	   0.04810	  33.39521	  74.21419
  2	 11	  15.77632	  -0.00000	   0.00000	   0.04810	  31.60073	  72.55281
  2	 10	  14.93895	  -0.00000	   0.00000	   0.04810	  29.92600	  71.06547
  2	  9	  14.16721	  -0.00000	   0.00000	   0.04810	  28.38253	  69.76295
  2	  8	  13.46650	  -0.00000	   0.00000	   0.04810	  26.98109	  68.65510
  2	  7	  12.84176	  -0.00000	   0.00000	   0.04810	  25.73163	  67.75075
  2	  6	  12.29751	  -0.00000	   0.00000	   0.04810	  24.64312	  67.05762
  2	  5	  11.83769	  -0.00000	   0.00000	   0.04810	  23.72347	  66.58223
  2	  4	  11.46567	  -0.00000	   0.00000	   0.04810	  22.97943	  66.32983
  2	  3	  11.18420	  -0.00000	   0.00000	   0.04810	  22.41650	  66.30431
  2	  2	  10.99538	  -0.00000	   0.00000	   0.04810	  22.03886	  66.50821
  2	  1	  10.90062	  -0.00000	   0.00000	   0.04810	  21.84933	  66.94264

  3	 30	  35.16817	  -0.00000	   0.00000	   0.04810	  70.38445	 116.42666
  3	 29	  34.13910	  -0.00000	   0.00000	   0.04810	  68.32630	 113.60067
  3	 28	  33.07215	  -0.00000	   0.00000	   0.04810	  66.19241	 110.73623
  3	 27	  31.97011	  -0.00000	   0.00000	   0.04810	  63.98831	 107.84074
  3	 26	  30.83620	  -0.00000	   0.00000	   0.04810	  61.72051	 104.92258
  3	 25	  29.67416	  -0.00000	   0.00000	   0.04810	  59.39642	 101.99104
  3	 24	  28.48815	  -0.00000	   0.00000	   0.04810	  57.02439	  99.05635
  3	 23	  27.28279	  -0.00000	   0.00000	   0.04810	  54.61368	  96.12957
  3	 22	  26.06314	  -0.00000	   0.00000	   0.04810	  52.17439	  93.22256
  3	 21	  24.83466	  -0.00000	   0.00000	   0.04810	  49.71742	  90.34790
  3	 20	  23.60316	  -0.00000	   0.00000	   0.04810	  47.25443	  87.51880
  3	 19	  22.37481	  -0.00000	   0.00000	   0.04810	  44.79772	  84.74897
  3	 18	  21.15603	  -0.00000	   0.00000	   0.04810	  42.36016	  82.05256
  3	 17	  19.95350	  -0.00000	   0.00000	   0.04810	  39.95509	  79.44395
  3	 16	  18.77405	  -0.00000	   0.00000	   0.04810	  37.59619	  76.93768
  3	 15	  17.62463	  -0.00000	   0.00000	   0.04810	  35.29736	  74.54831
  3	 14	  16.51225	  -0.00000	   0.00000	   0.04810	  33.07260	  72.29020
  3	 13	  15.44388	  -0.00000	   0.00000	   0.04810	  30.93586	  70.17746
  3	 12	  14.42639	  -0.00000	   0.00000	   0.04810	  28.90088	  68.22374
  3	 11	  13.46650	  -0.00000	   0.00000	   0.04810	  26.98109	  66.44209
  3	 10	  12.57066	  -0.00000	   0.00000	   0.04810	  25.18941	  64.84485
  3	  9	  11.74503	  -0.00000	   0.00000	   0.04810	  23.53816	  63.44351
  3	  8	  10.99538	  -0.00000	   0.00000	   0.04810	  22.03886	  62.24857
  3	  7	  10.32702	  -0.00000	   0.00000	   0.04810	  20.70215	  61.26942
  3	  6	   9.74476	  -0.00000	   0.00000	   0.04810	  19.53763	  60.51430
  3	  5	   9.25283	  -0.00000	   0.00000	   0.04810	  18.55376	  59.99011
  3	  4	   8.85483	  -0.00000	   0.00000	   0.04810	  17.75776	  59.70242
  3	  3	   8.55371	  -0.00000	   0.00000	   0.04810	  17.15552	  59.65538
  3	  2	   8.35171	  -0.00000	   0.00000	   0.04810	  16.75151	  59.85164
  3	  1	   8.25032	  -0.00000	   0.00000	   0.04810	  16.54875	  60.29237

  4	 30	  34.24905	  -0.00000	   0.00000	   0.04810	  68.54620	 113.31765
  4	 29	  33.15087	  -0.00000	   0.00000	   0.04810	  66.34983	 110.33126
  4	 28	  32.01226	  -0.00000	   0.00000	   0.04810	  64.07263	 107.30167
  4	 27	  30.83620	  -0.00000	   0.00000	   0.04810	  61.72051	 104.23678
  4	 26	  29.62615	  -0.00000	   0.00000	   0.04810	  59.30040	 101.14555
  4	 25	  28.38606	  -0.00000	   0.00000	   0.04810	  56.82022	  98.03794
  4	 24	  27.12040	  -0.00000	   0.00000	   0.04810	  54.28890	  94.92488
  4	 23	  25.83409	  -0.00000	   0.00000	   0.04810	  51.71628	  91.81824
  4	 22	  24.53253	  -0.00000	   0.00000	   0.04810	  49.11317	  88.73072
  4	 21	  23.22155	  -0.00000	   0.00000	   0.04810	  46.49119	  85.67581
  4	 20	  21.90735	  -0.00000	   0.00000	   0.04810	  43.86279	  82.66765
  4	 19	  20.59650	  -0.00000	   0.00000	   0.04810	  41.24109	  79.72096
  4	 18	  19.29587	  -0.00000	   0.00000	   0.04810	  38.63983	  76.85088
  4	 17	  18.01257	  -0.00000	   0.00000	   0.04810	  36.07324	  74.07281
  4	 16	  16.75391	  -0.00000	   0.00000	   0.04810	  33.55591	  71.40233
  4	 15	  15.52730	  -0.00000	   0.00000	   0.04810	  31.10270	  68.85498
  4	 14	  14.34022	  -0.00000	   0.00000	   0.04810	  28.72853	  66.44614
  4	 13	  13.20009	  -0.00000	   0.00000	   0.04810	  26.44828	  64.19085
  4	 12	  12.11427	  -0.00000	   0.00000	   0.04810	  24.27664	  62.10368
  4	 11	  11.08991	  -0.00000	   0.00000	   0.04810	  22.22791	  60.19854
  4	 10	  10.13391	  -0.00000	   0.00000	   0.04810	  20.31591	  58.48857
  4	  9	   9.25283	  -0.00000	   0.00000	   0.04810	  18.55376	  56.98597
  4	  8	   8.45284	  -0.00000	   0.00000	   0.04810	  16.95377	  55.70191
  4	  7	   7.73959	  -0.00000	   0.00000	   0.04810	  15.52728	  54.64636
  4	  6	   7.11823	  -0.00000	   0.00000	   0.04810	  14.28456	  53.82802
  4	  5	   6.59326	  -0.00000	   0.00000	   0.04810	  13.23461	  53.25422
  4	  4	   6.16853	  -0.00000	   0.00000	   0.04810	  12.38516	  52.93084
  4	  3	   5.84719	  -0.00000	   0.00000	   0.04810	  11.74247	  52.86224
  4	  2	   5.63161	  -0.00000	   0.00000	   0.04810	  11.31133	  53.05122
  4	  1	   5.52342	  -0.00000	   0.00000	   0.04810	  11.09494	  53.49898

  5	 30	  33.30712	  -0.00000	   0.00000	   0.04810	  66.66233	 110.17762
  5	 29	  32.13810	  -0.00000	   0.00000	   0.04810	  64.32431	 107.02635
  5	 28	  30.92607	  -0.00000	   0.00000	   0.04810	  61.90023	 103.82693
  5	 27	  29.67416	  -0.00000	   0.00000	   0.04810	  59.39642	 100.58781
  5	 26	  28.38606	  -0.00000	   0.00000	   0.04810	  56.82022	  97.31855
  5	 25	  27.06600	  -0.00000	   0.00000	   0.04810	  54.18009	  94.02978
  5	 24	  25.71870	  -0.00000	   0.00000	   0.04810	  51.48551	  90.73320
  5	 23	  24.34944	  -0.00000	   0.00000	   0.04810	  48.74697	  87.44148
  5	 22	  22.96394	  -0.00000	   0.00000	   0.04810	  45.97597	  84.16823
  5	 21	  21.56840	  -0.00000	   0.00000	   0.04810	  43.18490	  80.92786
  5	 20	  20.16944	  -0.00000	   0.00000	   0.04810	  40.38698	  77.73554
  5	 19	  18.77405	  -0.00000	   0.00000	   0.04810	  37.59619	  74.60698
  5	 18	  17.38953	  -0.00000	   0.00000	   0.04810	  34.82716	  71.55837
  5	 17	  16.02347	  -0.00000	   0.00000	   0.04810	  32.09504	  68.60621
  5	 16	  14.68363	  -0.00000	   0.00000	   0.04810	  29.41536	  65.76710
  5	 15	  13.37792	  -0.00000	   0.00000	   0.04810	  26.80393	  63.05765
  5	 14	  12.11427	  -0.00000	   0.00000	   0.04810	  24.27664	  60.49425
  5	 13	  10.90062	  -0.00000	   0.00000	   0.04810	  21.84933	  58.09294
  5	 12	   9.74476	  -0.00000	   0.00000	   0.04810	  19.53763	  55.86919
  5	 11	   8.65434	  -0.00000	   0.00000	   0.04810	  17.35677	  53.83781
  5	 10	   7.63668	  -0.00000	   0.00000	   0.04810	  15.32145	  52.01273
  5	  9	   6.69878	  -0.00000	   0.00000	   0.04810	  13.44565	  50.40689
  5	  8	   5.84719	  -0.00000	   0.00000	   0.04810	  11.74247	  49.03210
  5	  7	   5.08794	  -0.00000	   0.00000	   0.04810	  10.22399	  47.89891
  5	  6	   4.42651	  -0.00000	   0.00000	   0.04810	   8.90111	  47.01650
  5	  5	   3.86768	  -0.00000	   0.00000	   0.04810	   7.78345	  46.39260
  5	  4	   3.41556	  -0.00000	   0.00000	   0.04810	   6.87921	  46.03339
  5	  3	   3.07349	  -0.00000	   0.00000	   0.04810	   6.19507	  45.94345
  5	  2	   2.84401	  -0.00000	   0.00000	   0.04810	   5.73612	  46.12569
  5	  1	   2.72884	  -0.00000	   0.00000	   0.04810	   5.50579	  46.58133

  6	 30	  32.34575	  -0.00000	   0.00000	   0.04810	  64.73960	 107.01464
  6	 29	  31.10445	  -0.00000	   0.00000	   0.04810	  62.25701	 103.69445
  6	 28	  29.81747	  -0.00000	   0.00000	   0.04810	  59.68304	 100.32102
  6	 27	  28.48815	  -0.00000	   0.00000	   0.04810	  57.02439	  96.90332
  6	 26	  27.12040	  -0.00000	   0.00000	   0.04810	  54.28890	  93.45153
  6	 25	  25.71870	  -0.00000	   0.00000	   0.04810	  51.48551	  89.97701
  6	 24	  24.28810	  -0.00000	   0.00000	   0.04810	  48.62430	  86.49221
  6	 23	  22.83416	  -0.00000	   0.00000	   0.04810	  45.71642	  83.01069
  6	 22	  21.36299	  -0.00000	   0.00000	   0.04810	  42.77407	  79.54697
  6	 21	  19.88115	  -0.00000	   0.00000	   0.04810	  39.81041	  76.11646
  6	 20	  18.39569	  -0.00000	   0.00000	   0.04810	  36.83947	  72.73533
  6	 19	  16.91401	  -0.00000	   0.00000	   0.04810	  33.87611	  69.42040
  6	 18	  15.44388	  -0.00000	   0.00000	   0.04810	  30.93586	  66.18894
  6	 17	  13.99335	  -0.00000	   0.00000	   0.04810	  28.03479	  63.05854
  6	 16	  12.57066	  -0.00000	   0.00000	   0.04810	  25.18941	  60.04693
  6	 15	  11.18420	  -0.00000	   0.00000	   0.04810	  22.41650	  57.17179
  6	 14	   9.84241	  -0.00000	   0.00000	   0.04810	  19.73293	  54.45055
  6	 13	   8.55371	  -0.00000	   0.00000	   0.04810	  17.15552	  51.90026
  6	 12	   7.32639	  -0.00000	   0.00000	   0.04810	  14.70087	  49.53735
  6	 11	   6.16853	  -0.00000	   0.00000	   0.04810	  12.38516	  47.37750
  6	 10	   5.08794	  -0.00000	   0.00000	   0.04810	  10.22399	  45.43545
  6	  9	   4.09205	  -0.00000	   0.00000	   0.04810	   8.23219	  43.72487
  6	  8	   3.18780	  -0.00000	   0.00000	   0.04810	   6.42369	  42.25823
  6	  7	   2.38160	  -0.00000	   0.00000	   0.04810	   4.81131	  41.04661
  6	  6	   1.67927	  -0.00000	   0.00000	   0.04810	   3.40663	  40.09969
  6	  5	   1.08588	  -0.00000	   0.00000	   0.04810	   2.21986	  39.42556
  6	  4	   0.60580	  -0.00000	   0.00000	   0.04810	   1.25970	  39.03070
  6	  3	   0.24258	  -0.00000	   0.00000	   0.04810	   0.53326	  38.91986
  6	  2	  -0.00108	  -0.00000	  -0.00000	   0.04810	   0.04593	  39.09609
  6	  1	  -0.12337	  -0.00000	  -0.00000	   0.04810	  -0.19865	  39.56060

  7	 30	  31.36871	  -0.00000	   0.00000	   0.04810	  62.78552	 103.83763
  7	 29	  30.05394	  -0.00000	   0.00000	   0.04810	  60.15599	 100.34504
  7	 28	  28.69079	  -0.00000	   0.00000	   0.04810	  57.42968	  96.79391
  7	 27	  27.28279	  -0.00000	   0.00000	   0.04810	  54.61368	  93.19381
  7	 26	  25.83409	  -0.00000	   0.00000	   0.04810	  51.71628	  89.55555
  7	 25	  24.34944	  -0.00000	   0.00000	   0.04810	  48.74697	  85.89120
  7	 24	  22.83416	  -0.00000	   0.00000	   0.04810	  45.71642	  82.21405
  7	 23	  21.29417	  -0.00000	   0.00000	   0.04810	  42.63645	  78.53854
  7	 22	  19.73593	  -0.00000	   0.00000	   0.04810	  39.51995	  74.88015
  7	 21	  18.16639	  -0.00000	   0.00000	   0.04810	  36.38088	  71.25533
  7	 20	  16.59301	  -0.00000	   0.00000	   0.04810	  33.23411	  67.68132
  7	 19	  15.02363	  -0.00000	   0.00000	   0.04810	  30.09536	  64.17606
  7	 18	  13.46650	  -0.00000	   0.00000	   0.04810	  26.98109	  60.75797
  7	 17	  11.93011	  -0.00000	   0.00000	   0.04810	  23.90832	  57.44578
  7	 16	  10.42322	  -0.00000	   0.00000	   0.04810	  20.89454	  54.25836
  7	 15	   8.95471	  -0.00000	   0.00000	   0.04810	  17.95751	  51.21450
  7	 14	   7.53351	  -0.00000	   0.00000	   0.04810	  15.11511	  48.33274
  7	 13	   6.16853	  -0.00000	   0.00000	   0.04810	  12.38516	  45.63113
  7	 12	   4.86857	  -0.00000	   0.00000	   0.04810	   9.78523	  43.12707
  7	 11	   3.64218	  -0.00000	   0.00000	   0.04810	   7.33246	  40.83711
  7	 10	   2.49764	  -0.00000	   0.00000	   0.04810	   5.04338	  38.77682
  7	  9	   1.44280	  -0.00000	   0.00000	   0.04810	   2.93370	  36.96058
  7	  8	   0.48503	  -0.00000	   0.00000	   0.04810	   1.01816	  35.40147
  7	  7	  -0.36887	  -0.00000	  -0.00000	   0.04810	  -0.68965	  34.11114
  7	  6	  -1.11278	  -0.00000	  -0.00000	   0.04810	  -2.17747	  33.09970
  7	  5	  -1.74129	  -0.00000	  -0.00000	   0.04810	  -3.43447	  32.37561
  7	  4	  -2.24978	  -0.00000	  -0.00000	   0.04810	  -4.45146	  31.94560
  7	  3	  -2.63450	  -0.00000	  -0.00000	   0.04810	  -5.22089	  31.81462
  7	  2	  -2.89258	  -0.00000	  -0.00000	   0.04810	  -5.73707	  31.98577
  7	  1	  -3.02211	  -0.00000	  -0.00000	   0.04810	  -5.99612	  32.46029

  8	 30	  30.38008	  -0.00000	   0.00000	   0.04810	  60.80826	 100.65640
  8	 29	  28.99098	  -0.00000	   0.00000	   0.04810	  58.03006	  96.98847
  8	 28	  27.55075	  -0.00000	   0.00000	   0.04810	  55.14960	  93.25657
  8	 27	  26.06314	  -0.00000	   0.00000	   0.04810	  52.17439	  89.47082
  8	 26	  24.53253	  -0.00000	   0.00000	   0.04810	  49.11317	  85.64271
  8	 25	  22.96394	  -0.00000	   0.00000	   0.04810	  45.97597	  81.78507
  8	 24	  21.36299	  -0.00000	   0.00000	   0.04810	  42.77407	  77.91201
  8	 23	  19.73593	  -0.00000	   0.00000	   0.04810	  39.51995	  74.03891
  8	 22	  18.08958	  -0.00000	   0.00000	   0.04810	  36.22725	  70.18224
  8	 21	  16.43130	  -0.00000	   0.00000	   0.04810	  32.91069	  66.35953
  8	 20	  14.76895	  -0.00000	   0.00000	   0.04810	  29.58600	  62.58916
  8	 19	  13.11085	  -0.00000	   0.00000	   0.04810	  26.26979	  58.89021
  8	 18	  11.46567	  -0.00000	   0.00000	   0.04810	  22.97943	  55.28230
  8	 17	   9.84241	  -0.00000	   0.00000	   0.04810	  19.73293	  51.78536
  8	 16	   8.25032	  -0.00000	   0.00000	   0.04810	  16.54875	  48.41945
  8	 15	   6.69878	  -0.00000	   0.00000	   0.04810	  13.44565	  45.20452
  8	 14	   5.19722	  -0.00000	   0.00000	   0.04810	  10.44254	  42.16019
  8	 13	   3.75507	  -0.00000	   0.00000	   0.04810	   7.55824	  39.30556
  8	 12	   2.38160	  -0.00000	   0.00000	   0.04810	   4.81131	  36.65900
  8	 11	   1.08588	  -0.00000	   0.00000	   0.04810	   2.21986	  34.23797
  8	 10	  -0.12337	  -0.00000	  -0.00000	   0.04810	  -0.19865	  32.05879
  8	  9	  -1.23785	  -0.00000	  -0.00000	   0.04810	  -2.42761	  30.13657
  8	  8	  -2.24978	  -0.00000	  -0.00000	   0.04810	  -4.45146	  28.48499
  8	  7	  -3.15196	  -0.00000	  -0.00000	   0.04810	  -6.25583	  27.11621
  8	  6	  -3.93793	  -0.00000	  -0.00000	   0.04810	  -7.82777	  26.04075
  8	  5	  -4.60197	  -0.00000	  -0.00000	   0.04810	  -9.15585	  25.26740
  8	  4	  -5.13921	  -0.00000	  -0.00000	   0.04810	 -10.23033	  24.80313
  8	  3	  -5.54568	  -0.00000	  -0.00000	   0.04810	 -11.04327	  24.65304
  8	  2	  -5.81836	  -0.00000	  -0.00000	   0.04810	 -11.58863	  24.82030
  8	  1	  -5.95522	  -0.00000	  -0.00000	   0.04810	 -11.86233	  25.30612

  9	 30	  29.38429	  -0.00000	   0.00000	   0.04810	  58.81669	  97.48155
  9	 29	  27.92032	  -0.00000	   0.00000	   0.04810	  55.88873	  93.63598
  9	 28	  26.40245	  -0.00000	   0.00000	   0.04810	  52.85301	  89.72086
  9	 27	  24.83466	  -0.00000	   0.00000	   0.04810	  49.71742	  85.74688
  9	 26	  23.22155	  -0.00000	   0.00000	   0.04810	  46.49119	  81.72620
  9	 25	  21.56840	  -0.00000	   0.00000	   0.04810	  43.18490	  77.67242
  9	 24	  19.88115	  -0.00000	   0.00000	   0.04810	  39.81041	  73.60053
  9	 23	  18.16639	  -0.00000	   0.00000	   0.04810	  36.38088	  69.52686
  9	 22	  16.43130	  -0.00000	   0.00000	   0.04810	  32.91069	  65.46894
  9	 21	  14.68363	  -0.00000	   0.00000	   0.04810	  29.41536	  61.44539
  9	 20	  12.93168	  -0.00000	   0.00000	   0.04810	  25.91146	  57.47578
  9	 19	  11.18420	  -0.00000	   0.00000	   0.04810	  22.41650	  53.58041
  9	 18	   9.45034	  -0.00000	   0.00000	   0.04810	  18.94878	  49.78015
  9	 17	   7.73959	  -0.00000	   0.00000	   0.04810	  15.52728	  46.09616
  9	 16	   6.06168	  -0.00000	   0.00000	   0.04810	  12.17147	  42.54974
  9	 15	   4.42651	  -0.00000	   0.00000	   0.04810	   8.90111	  39.16203
  9	 14	   2.84401	  -0.00000	   0.00000	   0.04810	   5.73612	  35.95378
  9	 13	   1.32412	  -0.00000	   0.00000	   0.04810	   2.69635	  32.94515
  9	 12	  -0.12337	  -0.00000	  -0.00000	   0.04810	  -0.19865	  30.15549
  9	 11	  -1.48894	  -0.00000	  -0.00000	   0.04810	  -2.92978	  27.60310
  9	 10	  -2.76338	  -0.00000	  -0.00000	   0.04810	  -5.47866	  25.30511
  9	  9	  -3.93793	  -0.00000	  -0.00000	   0.04810	  -7.82777	  23.27728
  9	  8	  -5.00440	  -0.00000	  -0.00000	   0.04810	  -9.96070	  21.53386
  9	  7	  -5.95522	  -0.00000	  -0.00000	   0.04810	 -11.86233	  20.08748
  9	  6	  -6.78355	  -0.00000	  -0.00000	   0.04810	 -13.51900	  18.94905
  9	  5	  -7.48338	  -0.00000	  -0.00000	   0.04810	 -14.91867	  18.12763
  9	  4	  -8.04958	  -0.00000	  -0.00000	   0.04810	 -16.05107	  17.63040
  9	  3	  -8.47796	  -0.00000	  -0.00000	   0.04810	 -16.90783	  17.46257
  9	  2	  -8.76534	  -0.00000	  -0.00000	   0.04810	 -17.48259	  17.62735
  9	  1	  -8.90957	  -0.00000	  -0.00000	   0.04810	 -17.77104	  18.12591

 10	 30	  28.38606	  -0.00000	   0.00000	   0.04810	  56.82022	  94.32448
 10	 29	  26.84702	  -0.00000	   0.00000	   0.04810	  53.74215	  90.29968
 10	 28	  25.25134	  -0.00000	   0.00000	   0.04810	  50.55078	  86.19957
 10	 27	  23.60316	  -0.00000	   0.00000	   0.04810	  47.25443	  82.03545
 10	 26	  21.90735	  -0.00000	   0.00000	   0.04810	  43.86279	  77.82016
 10	 25	  20.16944	  -0.00000	   0.00000	   0.04810	  40.38698	  73.56810
 10	 24	  18.39569	  -0.00000	   0.00000	   0.04810	  36.83947	  69.29514
 10	 23	  16.59301	  -0.00000	   0.00000	   0.04810	  33.23411	  65.01860
 10	 22	  14.76895	  -0.00000	   0.00000	   0.04810	  29.58600	  60.75709
 10	 21	  12.93168	  -0.00000	   0.00000	   0.04810	  25.91146	  56.53042
 10	 20	  11.08991	  -0.00000	   0.00000	   0.04810	  22.22791	  52.35936
 10	 19	   9.25283	  -0.00000	   0.00000	   0.04810	  18.55376	  48.26550
 10	 18	   7.43008	  -0.00000	   0.00000	   0.04810	  14.90825	  44.27099
 10	 17	   5.63161	  -0.00000	   0.00000	   0.04810	  11.31133	  40.39834
 10	 16	   3.86768	  -0.00000	   0.00000	   0.04810	   7.78345	  36.67009
 10	 15	   2.14866	  -0.00000	   0.00000	   0.04810	   4.34542	  33.10861
 10	 14	   0.48503	  -0.00000	   0.00000	   0.04810	   1.01816	  29.73583
 10	 13	  -1.11278	  -0.00000	  -0.00000	   0.04810	  -2.17747	  26.57298
 10	 12	  -2.63450	  -0.00000	  -0.00000	   0.04810	  -5.22089	  23.64035
 10	 11	  -4.07008	  -0.00000	  -0.00000	   0.04810	  -8.09206	  20.95712
 10	 10	  -5.40986	  -0.00000	  -0.00000	   0.04810	 -10.77161	  18.54115
 10	  9	  -6.64463	  -0.00000	  -0.00000	   0.04810	 -13.24116	  16.40882
 10	  8	  -7.76578	  -0.00000	  -0.00000	   0.04810	 -15.48345	  14.57491
 10	  7	  -8.76534	  -0.00000	  -0.00000	   0.04810	 -17.48259	  13.05245
 10	  6	  -9.63615	  -0.00000	  -0.00000	   0.04810	 -19.22419	  11.85268
 10	  5	 -10.37186	  -0.00000	  -0.00000	   0.04810	 -20.69562	  10.98490
 10	  4	 -10.96709	  -0.00000	  -0.00000	   0.04810	 -21.88608	  10.45644
 10	  3	 -11.41744	  -0.00000	  -0.00000	   0.04810	 -22.78677	  10.27260
 10	  2	 -11.71955	  -0.00000	  -0.00000	   0.04810	 -23.39100	  10.43659
 10	  1	 -11.87117	  -0.00000	  -0.00000	   0.04810	 -23.69424	  10.94950

 11	 30	  27.39038	  -0.00000	   0.00000	   0.04810	  54.82885	  91.19735
 11	 29	  25.77647	  -0.00000	   0.00000	   0.04810	  51.60104	  86.99243
 11	 28	  24.10316	  -0.00000	   0.00000	   0.04810	  48.25443	  82.70634
 11	 27	  22.37481	  -0.00000	   0.00000	   0.04810	  44.79772	  78.35092
 11	 26	  20.59650	  -0.00000	   0.00000	   0.04810	  41.24109	  73.93973
 11	 25	  18.77405	  -0.00000	   0.00000	   0.04810	  37.59619	  69.48795
 11	 24	  16.91401	  -0.00000	   0.00000	   0.04810	  33.87611	  65.01239
 11	 23	  15.02363	  -0.00000	   0.00000	   0.04810	  30.09536	  60.53139
 11	 22	  13.11085	  -0.00000	   0.00000	   0.04810	  26.26979	  56.06467
 11	 21	  11.18420	  -0.00000	   0.00000	   0.04810	  22.41650	  51.63325
 11	 20	   9.25283	  -0.00000	   0.00000	   0.04810	  18.55376	  47.25919
 11	 19	   7.32639	  -0.00000	   0.00000	   0.04810	  14.70087	  42.96543
 11	 18	   5.41496	  -0.00000	   0.00000	   0.04810	  10.87802	  38.77549
 11	 17	   3.52901	  -0.00000	   0.00000	   0.04810	   7.10612	  34.71322
 11	 16	   1.67927	  -0.00000	   0.00000	   0.04810	   3.40663	  30.80253
 11	 15	  -0.12337	  -0.00000	  -0.00000	   0.04810	  -0.19865	  27.06706
 11	 14	  -1.86793	  -0.00000	  -0.00000	   0.04810	  -3.68777	  23.52992
 11	 13	  -3.54347	  -0.00000	  -0.00000	   0.04810	  -7.03885	  20.21341
 11	 12	  -5.13921	  -0.00000	  -0.00000	   0.04810	 -10.23033	  17.13880
 11	 11	  -6.64463	  -0.00000	  -0.00000	   0.04810	 -13.24116	  14.32607
 11	 10	  -8.04958	  -0.00000	  -0.00000	   0.04810	 -16.05107	  11.79379
 11	  9	  -9.34443	  -0.00000	  -0.00000	   0.04810	 -18.64075	   9.55888
 11	  8	 -10.52011	  -0.00000	  -0.00000	   0.04810	 -20.99212	   7.63658
 11	  7	 -11.56830	  -0.00000	  -0.00000	   0.04810	 -23.08851	   6.04028
 11	  6	 -12.48147	  -0.00000	  -0.00000	   0.04810	 -24.91484	   4.78145
 11	  5	 -13.25297	  -0.00000	  -0.00000	   0.04810	 -26.45785	   3.86959
 11	  4	 -13.87716	  -0.00000	  -0.00000	   0.04810	 -27.70622	   3.31211
 11	  3	 -14.34941	  -0.00000	  -0.00000	   0.04810	 -28.65072	   3.11435
 11	  2	 -14.66622	  -0.00000	  -0.00000	   0.04810	 -29.28434	   3.27950
 11	  1	 -14.82522	  -0.00000	  -0.00000	   0.04810	 -29.60234	   3.80854

 12	 30	  26.40245	  -0.00000	   0.00000	   0.04810	  52.85301	  88.11297
 12	 29	  24.71426	  -0.00000	   0.00000	   0.04810	  49.47662	  83.72788
 12	 28	  22.96394	  -0.00000	   0.00000	   0.04810	  45.97597	  79.25558
 12	 27	  21.15603	  -0.00000	   0.00000	   0.04810	  42.36016	  74.70850
 12	 26	  19.29587	  -0.00000	   0.00000	   0.04810	  38.63983	  70.10090
 12	 25	  17.38953	  -0.00000	   0.00000	   0.04810	  34.82716	  65.44876
 12	 24	  15.44388	  -0.00000	   0.00000	   0.04810	  30.93586	  60.76983
 12	 23	  13.46650	  -0.00000	   0.00000	   0.04810	  26.98109	  56.08348
 12	 22	  11.46567	  -0.00000	   0.00000	   0.04810	  22.97943	  51.41062
 12	 21	   9.45034	  -0.00000	   0.00000	   0.04810	  18.94878	  46.77352
 12	 20	   7.43008	  -0.00000	   0.00000	   0.04810	  14.90825	  42.19560
 12	 19	   5.41496	  -0.00000	   0.00000	   0.04810	  10.87802	  37.70120
 12	 18	   3.41556	  -0.00000	   0.00000	   0.04810	   6.87921	  33.31529
 12	 17	   1.44280	  -0.00000	   0.00000	   0.04810	   2.93370	  29.06318
 12	 16	  -0.49208	  -0.00000	  -0.00000	   0.04810	  -0.93607	  24.97017
 12	 15	  -2.37770	  -0.00000	  -0.00000	   0.04810	  -4.70729	  21.06123
 12	 14	  -4.20255	  -0.00000	  -0.00000	   0.04810	  -8.35701	  17.36069
 12	 13	  -5.95522	  -0.00000	  -0.00000	   0.04810	 -11.86233	  13.89196
 12	 12	  -7.62440	  -0.00000	  -0.00000	   0.04810	 -15.20071	  10.67721
 12	 11	  -9.19911	  -0.00000	  -0.00000	   0.04810	 -18.35012	   7.73723
 12	 10	 -10.66873	  -0.00000	  -0.00000	   0.04810	 -21.28937	   5.09119
 12	  9	 -12.02317	  -0.00000	  -0.00000	   0.04810	 -23.99825	   2.75651
 12	  8	 -13.25297	  -0.00000	  -0.00000	   0.04810	 -26.45785	   0.74878
 12	  7	 -14.34941	  -0.00000	  -0.00000	   0.04810	 -28.65072	  -0.91836
 12	  6	 -15.30461	  -0.00000	  -0.00000	   0.04810	 -30.56111	  -2.23326
 12	  5	 -16.11162	  -0.00000	  -0.00000	   0.04810	 -32.17514	  -3.18634
 12	  4	 -16.76454	  -0.00000	  -0.00000	   0.04810	 -33.48097	  -3.77013
 12	  3	 -17.25853	  -0.00000	  -0.00000	   0.04810	 -34.46895	  -3.97932
 12	  2	 -17.58992	  -0.00000	  -0.00000	   0.04810	 -35.13173	  -3.81079
 12	  1	 -17.75623	  -0.00000	  -0.00000	   0.04810	 -35.46437	  -3.26367

 13	 30	  25.42770	  -0.00000	   0.00000	   0.04810	  50.90350	  85.08482
 13	 29	  23.66621	  -0.00000	   0.00000	   0.04810	  47.38052	  80.52032
 13	 28	  21.83990	  -0.00000	   0.00000	   0.04810	  43.72789	  75.86245
 13	 27	  19.95350	  -0.00000	   0.00000	   0.04795	  39.95494	  71.12405
 13	 26	  18.01257	  -0.00000	   0.00000	   0.04777	  36.07291	  66.32017
 13	 25	  16.02347	  -0.00000	   0.00000	   0.04759	  32.09453	  61.46765
 13	 24	  13.99335	  -0.00000	   0.00000	   0.04741	  28.03410	  56.58517
 13	 23	  11.93011	  -0.00000	   0.00000	   0.04726	  23.90748	  51.69322
 13	 22	   9.84241	  -0.00000	   0.00000	   0.04726	  19.73209	  46.81401
 13	 21	   7.73959	  -0.00000	   0.00000	   0.04726	  15.52645	  41.97099
 13	 20	   5.63161	  -0.00000	   0.00000	   0.04726	  11.31049	  37.18900
 13	 19	   3.52901	  -0.00000	   0.00000	   0.04726	   7.10528	  32.49388
 13	 18	   1.44280	  -0.00000	   0.00000	   0.04726	   2.93286	  27.91214
 13	 17	  -0.61560	  -0.00000	  -0.00000	   0.04726	  -1.18395	  23.47062
 13	 16	  -2.63450	  -0.00000	  -0.00000	   0.04726	  -5.22173	  19.19611
 13	 15	  -4.60197	  -0.00000	  -0.00000	   0.04726	  -9.15668	  15.11499
 13	 14	  -6.50606	  -0.00000	  -0.00000	   0.04726	 -12.96485	  11.25286
 13	 13	  -8.33481	  -0.00000	  -0.00000	   0.04726	 -16.62237	   7.63420
 13	 12	 -10.07647	  -0.00000	  -0.00000	   0.04726	 -20.10568	   4.28212
 13	 11	 -11.71955	  -0.00000	  -0.00000	   0.04726	 -23.39183	   1.21809
 13	 10	 -13.25297	  -0.00000	  -0.00000	   0.04726	 -26.45868	  -1.53818
 13	  9	 -14.66622	  -0.00000	  -0.00000	   0.04726	 -29.28517	  -3.96888
 13	  8	 -15.94941	  -0.00000	  -0.00000	   0.04726	 -31.85156	  -6.05818
 13	  7	 -17.09345	  -0.00000	  -0.00000	   0.04741	 -34.13949	  -7.79216
 13	  6	 -18.09012	  -0.00000	  -0.00000	   0.04759	 -36.13265	  -9.15923
 13	  5	 -18.93217	  -0.00000	  -0.00000	   0.04777	 -37.81657	 -10.14983
 13	  4	 -19.61343	  -0.00000	  -0.00000	   0.04795	 -39.17892	 -10.75653
 13	  3	 -20.12887	  -0.00000	  -0.00000	   0.04810	 -40.20964	 -10.97412
 13	  2	 -20.47465	  -0.00000	  -0.00000	   0.04810	 -40.90119	 -10.79972
 13	  1	 -20.64818	  -0.00000	  -0.00000	   0.04810	 -41.24827	 -10.23243

 14	 30	  24.47166	  -0.00000	   0.00000	   0.04810	  48.99141	  82.12690
 14	 29	  22.63828	  -0.00000	   0.00000	   0.04794	  45.32450	  77.38451
 14	 28	  20.73743	  -0.00000	   0.00000	   0.04771	  41.52257	  72.54236
 14	 27	  18.77405	  -0.00000	   0.00000	   0.04725	  37.59534	  67.61385
 14	 26	  16.75391	  -0.00000	   0.00000	   0.04671	  33.55453	  62.61471
 14	 25	  14.68363	  -0.00000	   0.00000	   0.04614	  29.41341	  57.56261
 14	 24	  12.57066	  -0.00000	   0.00000	   0.04560	  25.18692	  52.47723
 14	 23	  10.42322	  -0.00000	   0.00000	   0.04515	  20.89159	  47.38016
 14	 22	   8.25032	  -0.00000	   0.00000	   0.04491	  16.54556	  42.29489
 14	 21	   6.06168	  -0.00000	   0.00000	   0.04476	  12.16812	  37.24623
 14	 20	   3.86768	  -0.00000	   0.00000	   0.04476	   7.78011	  32.26061
 14	 19	   1.67927	  -0.00000	   0.00000	   0.04476	   3.40329	  27.36531
 14	 18	  -0.49208	  -0.00000	  -0.00000	   0.04476	  -0.93941	  22.58848
 14	 17	  -2.63450	  -0.00000	  -0.00000	   0.04476	  -5.22424	  17.95863
 14	 16	  -4.73578	  -0.00000	  -0.00000	   0.04476	  -9.42680	  13.50415
 14	 15	  -6.78355	  -0.00000	  -0.00000	   0.04476	 -13.52234	   9.25291
 14	 14	  -8.76534	  -0.00000	  -0.00000	   0.04476	 -17.48593	   5.23181
 14	 13	 -10.66873	  -0.00000	  -0.00000	   0.04476	 -21.29271	   1.46644
 14	 12	 -12.48147	  -0.00000	  -0.00000	   0.04476	 -24.91818	  -2.01922
 14	 11	 -14.19160	  -0.00000	  -0.00000	   0.04476	 -28.33844	  -5.20306
 14	 10	 -15.78760	  -0.00000	  -0.00000	   0.04476	 -31.53045	  -8.06496
 14	  9	 -17.25853	  -0.00000	  -0.00000	   0.04491	 -34.47214	 -10.58673
 14	  8	 -18.59409	  -0.00000	  -0.00000	   0.04515	 -37.14303	 -12.75253
 14	  7	 -19.78482	  -0.00000	  -0.00000	   0.04560	 -39.52403	 -14.54845
 14	  6	 -20.82216	  -0.00000	  -0.00000	   0.04614	 -41.59817	 -15.96298
 14	  5	 -21.69857	  -0.00000	  -0.00000	   0.04671	 -43.35044	 -16.98670
 14	  4	 -22.40764	  -0.00000	  -0.00000	   0.04725	 -44.76803	 -17.61237
 14	  3	 -22.94411	  -0.00000	  -0.00000	   0.04771	 -45.84051	 -17.83492
 14	  2	 -23.30400	  -0.00000	  -0.00000	   0.04794	 -46.56006	 -17.65164
 14	  1	 -23.48462	  -0.00000	  -0.00000	   0.04810	 -46.92114	 -17.06180

 15	 30	  23.53996	  -0.00000	   0.00000	   0.04792	  47.12784	  79.25351
 15	 29	  21.63653	  -0.00000	   0.00000	   0.04747	  43.32053	  74.33572
 15	 28	  19.66304	  -0.00000	   0.00000	   0.04681	  39.37290	  69.31159
 15	 27	  17.62463	  -0.00000	   0.00000	   0.04587	  35.29514	  64.19512
 15	 26	  15.52730	  -0.00000	   0.00000	   0.04485	  31.09946	  59.00272
 15	 25	  13.37792	  -0.00000	   0.00000	   0.04380	  26.79964	  53.75285
 15	 24	  11.18420	  -0.00000	   0.00000	   0.04278	  22.41118	  48.46611
 15	 23	   8.95471	  -0.00000	   0.00000	   0.04185	  17.95126	  43.16519
 15	 22	   6.69878	  -0.00000	   0.00000	   0.04118	  13.43874	  37.87490
 15	 21	   4.42651	  -0.00000	   0.00000	   0.04074	   8.89375	  32.62156
 15	 20	   2.14866	  -0.00000	   0.00000	   0.04056	   4.33788	  27.43318
 15	 19	  -0.12337	  -0.00000	  -0.00000	   0.04056	  -0.20619	  22.33879
 15	 18	  -2.37770	  -0.00000	  -0.00000	   0.04071	  -4.71468	  17.36833
 15	 17	  -4.60197	  -0.00000	  -0.00000	   0.04088	  -9.16306	  12.55198
 15	 16	  -6.78355	  -0.00000	  -0.00000	   0.04107	 -13.52603	   7.91987
 15	 15	  -8.90957	  -0.00000	  -0.00000	   0.04125	 -17.77789	   3.50144
 15	 14	 -10.96709	  -0.00000	  -0.00000	   0.04140	 -21.89278	  -0.67502
 15	 13	 -12.94321	  -0.00000	  -0.00000	   0.04125	 -25.84518	  -4.58308
 15	 12	 -14.82522	  -0.00000	  -0.00000	   0.04107	 -29.60936	  -8.19768
 15	 11	 -16.60069	  -0.00000	  -0.00000	   0.04088	 -33.16051	 -11.49616
 15	 10	 -18.25769	  -0.00000	  -0.00000	   0.04088	 -36.47449	 -14.45797
 15	  9	 -19.78482	  -0.00000	  -0.00000	   0.04118	 -39.52845	 -17.06491
 15	  8	 -21.17141	  -0.00000	  -0.00000	   0.04185	 -42.30098	 -19.30111
 15	  7	 -22.40764	  -0.00000	  -0.00000	   0.04278	 -44.77250	 -21.15307
 15	  6	 -23.48462	  -0.00000	  -0.00000	   0.04380	 -46.92544	 -22.60958
 15	  5	 -24.39453	  -0.00000	  -0.00000	   0.04485	 -48.74420	 -23.66145
 15	  4	 -25.13069	  -0.00000	  -0.00000	   0.04587	 -50.21550	 -24.30165
 15	  3	 -25.68766	  -0.00000	  -0.00000	   0.04681	 -51.32851	 -24.52531
 15	  2	 -26.06130	  -0.00000	  -0.00000	   0.04747	 -52.07513	 -24.32996
 15	  1	 -26.24882	  -0.00000	  -0.00000	   0.04792	 -52.44972	 -23.71511

 16	 30	  22.63828	  -0.00000	   0.00000	   0.04747	  45.32404	  76.47939
 16	 29	  20.66705	  -0.00000	   0.00000	   0.04655	  41.38065	  71.38964
 16	 28	  18.62327	  -0.00000	   0.00000	   0.04540	  37.29194	  66.18698
 16	 27	  16.51225	  -0.00000	   0.00000	   0.04398	  33.06849	  60.88587
 16	 26	  14.34022	  -0.00000	   0.00000	   0.04248	  28.72291	  55.50332
 16	 25	  12.11427	  -0.00000	   0.00000	   0.04095	  24.26949	  50.05851
 16	 24	   9.84241	  -0.00000	   0.00000	   0.03945	  19.72428	  44.57296
 16	 23	   7.53351	  -0.00000	   0.00000	   0.03803	  15.10504	  39.07044
 16	 22	   5.19722	  -0.00000	   0.00000	   0.03689	  10.43133	  33.57704
 16	 21	   2.84401	  -0.00000	   0.00000	   0.03596	   5.72399	  28.12057
 16	 20	   0.48503	  -0.00000	   0.00000	   0.03580	   1.00587	  22.73121
 16	 19	  -1.86793	  -0.00000	  -0.00000	   0.03605	  -3.69981	  17.43958
 16	 18	  -4.20255	  -0.00000	  -0.00000	   0.03655	  -8.36856	  12.27744
 16	 17	  -6.50606	  -0.00000	  -0.00000	   0.03709	 -12.97503	   7.27691
 16	 16	  -8.76534	  -0.00000	  -0.00000	   0.03762	 -17.49306	   2.47001
 16	 15	 -10.96709	  -0.00000	  -0.00000	   0.03782	 -21.89636	  -2.11233
 16	 14	 -13.09790	  -0.00000	  -0.00000	   0.03790	 -26.15790	  -6.44011
 16	 13	 -15.14441	  -0.00000	  -0.00000	   0.03782	 -30.25100	 -10.48551
 16	 12	 -17.09345	  -0.00000	  -0.00000	   0.03762	 -34.14928	 -14.22297
 16	 11	 -18.93217	  -0.00000	  -0.00000	   0.03724	 -37.82710	 -17.62954
 16	 10	 -20.64818	  -0.00000	  -0.00000	   0.03717	 -41.25920	 -20.68434
 16	  9	 -22.22971	  -0.00000	  -0.00000	   0.03761	 -44.42181	 -23.36930
 16	  8	 -23.66569	  -0.00000	  -0.00000	   0.03834	 -47.29305	 -25.66918
 16	  7	 -24.94596	  -0.00000	  -0.00000	   0.03945	 -49.85246	 -27.57074
 16	  6	 -26.06130	  -0.00000	  -0.00000	   0.04095	 -52.08165	 -29.06299
 16	  5	 -27.00362	  -0.00000	  -0.00000	   0.04248	 -53.96475	 -30.13741
 16	  4	 -27.76600	  -0.00000	  -0.00000	   0.04398	 -55.48801	 -30.78730
 16	  3	 -28.34281	  -0.00000	  -0.00000	   0.04540	 -56.64022	 -31.00803
 16	  2	 -28.72976	  -0.00000	  -0.00000	   0.04655	 -57.41297	 -30.79733
 16	  1	 -28.92396	  -0.00000	  -0.00000	   0.04747	 -57.80045	 -30.15491

 17	 30	  21.77228	  -0.00000	   0.00000	   0.04681	  43.59136	  73.81973
 17	 29	  19.73593	  -0.00000	   0.00000	   0.04540	  39.51726	  68.56270
 17	 28	  17.62463	  -0.00000	   0.00000	   0.04378	  35.29304	  63.18607
 17	 27	  15.44388	  -0.00000	   0.00000	   0.04188	  30.92964	  57.70471
 17	 26	  13.20009	  -0.00000	   0.00000	   0.03990	  26.44008	  52.13615
 17	 25	  10.90062	  -0.00000	   0.00000	   0.03789	  21.83912	  46.50024
 17	 24	   8.55371	  -0.00000	   0.00000	   0.03590	  17.14333	  40.81936
 17	 23	   6.16853	  -0.00000	   0.00000	   0.03400	  12.37107	  35.11833
 17	 22	   3.75507	  -0.00000	   0.00000	   0.03254	   7.54268	  29.42467
 17	 21	   1.32412	  -0.00000	   0.00000	   0.03169	   2.67994	  23.76796
 17	 20	  -1.11278	  -0.00000	  -0.00000	   0.03161	  -2.19396	  18.17976
 17	 19	  -3.54347	  -0.00000	  -0.00000	   0.03222	  -7.05473	  12.69297
 17	 18	  -5.95522	  -0.00000	  -0.00000	   0.03324	 -11.87719	   7.34142
 17	 17	  -8.33481	  -0.00000	  -0.00000	   0.03419	 -16.63544	   2.15920
 17	 16	 -10.66873	  -0.00000	  -0.00000	   0.03480	 -21.30266	  -2.81964
 17	 15	 -12.94321	  -0.00000	  -0.00000	   0.03522	 -25.85120	  -7.56171
 17	 14	 -15.14441	  -0.00000	  -0.00000	   0.03543	 -30.25339	 -12.03557
 17	 13	 -17.25853	  -0.00000	  -0.00000	   0.03522	 -34.48183	 -16.21239
 17	 12	 -19.27195	  -0.00000	  -0.00000	   0.03480	 -38.50910	 -20.06579
 17	 11	 -21.17141	  -0.00000	  -0.00000	   0.03458	 -42.30824	 -23.57220
 17	 10	 -22.94411	  -0.00000	  -0.00000	   0.03448	 -45.85374	 -26.71157
 17	  9	 -24.57788	  -0.00000	  -0.00000	   0.03485	 -49.12091	 -29.46624
 17	  8	 -26.06130	  -0.00000	  -0.00000	   0.03549	 -52.08711	 -31.82163
 17	  7	 -27.38386	  -0.00000	  -0.00000	   0.03662	 -54.73109	 -33.76510
 17	  6	 -28.53604	  -0.00000	  -0.00000	   0.03804	 -57.03404	 -35.28648
 17	  5	 -29.50949	  -0.00000	  -0.00000	   0.03990	 -58.97908	 -36.37731
 17	  4	 -30.29705	  -0.00000	  -0.00000	   0.04188	 -60.55223	 -37.03153
 17	  3	 -30.89292	  -0.00000	  -0.00000	   0.04378	 -61.74206	 -37.24498
 17	  2	 -31.29265	  -0.00000	  -0.00000	   0.04540	 -62.53990	 -37.01560
 17	  1	 -31.49327	  -0.00000	  -0.00000	   0.04681	 -62.93973	 -36.34323

 18	 30	  20.94752	  -0.00000	   0.00000	   0.04587	  41.94091	  71.28970
 18	 29	  18.84915	  -0.00000	   0.00000	   0.04398	  37.74229	  65.87119
 18	 28	  16.67356	  -0.00000	   0.00000	   0.04188	  33.38900	  60.32631
 18	 27	  14.42639	  -0.00000	   0.00000	   0.03950	  28.89228	  54.67022
 18	 26	  12.11427	  -0.00000	   0.00000	   0.03704	  24.26558	  48.92091
 18	 25	   9.74476	  -0.00000	   0.00000	   0.03454	  19.52407	  43.09882
 18	 24	   7.32639	  -0.00000	   0.00000	   0.03208	  14.68485	  37.22709
 18	 23	   4.86857	  -0.00000	   0.00000	   0.03003	   9.76717	  31.33185
 18	 22	   2.38160	  -0.00000	   0.00000	   0.02887	   4.79208	  25.44200
 18	 21	  -0.12337	  -0.00000	  -0.00000	   0.02828	  -0.21847	  19.58816
 18	 20	  -2.63450	  -0.00000	  -0.00000	   0.02843	  -5.24056	  13.80376
 18	 19	  -5.13921	  -0.00000	  -0.00000	   0.02923	 -10.24919	   8.12387
 18	 18	  -7.62440	  -0.00000	  -0.00000	   0.03051	 -15.21829	   2.58488
 18	 17	 -10.07647	  -0.00000	  -0.00000	   0.03163	 -20.12132	  -2.77668
 18	 16	 -12.48147	  -0.00000	  -0.00000	   0.03248	 -24.93046	  -7.92399
 18	 15	 -14.82522	  -0.00000	  -0.00000	   0.03296	 -29.61747	 -12.82155
 18	 14	 -17.09345	  -0.00000	  -0.00000	   0.03307	 -34.15383	 -17.43597
 18	 13	 -19.27195	  -0.00000	  -0.00000	   0.03296	 -38.51094	 -21.73685
 18	 12	 -21.34669	  -0.00000	  -0.00000	   0.03252	 -42.66087	 -25.69757
 18	 11	 -23.30400	  -0.00000	  -0.00000	   0.03231	 -46.57569	 -29.29457
 18	 10	 -25.13069	  -0.00000	  -0.00000	   0.03258	 -50.22880	 -32.50818
 18	  9	 -26.81421	  -0.00000	  -0.00000	   0.03299	 -53.59543	 -35.32239
 18	  8	 -28.34281	  -0.00000	  -0.00000	   0.03358	 -56.65204	 -37.72356
 18	  7	 -29.70564	  -0.00000	  -0.00000	   0.03445	 -59.37684	 -39.70018
 18	  6	 -30.89292	  -0.00000	  -0.00000	   0.03571	 -61.75013	 -41.24271
 18	  5	 -31.89601	  -0.00000	  -0.00000	   0.03737	 -63.75465	 -42.34350
 18	  4	 -32.70756	  -0.00000	  -0.00000	   0.03950	 -65.37562	 -42.99659
 18	  3	 -33.32157	  -0.00000	  -0.00000	   0.04188	 -66.60127	 -43.19818
 18	  2	 -33.73348	  -0.00000	  -0.00000	   0.04398	 -67.42297	 -42.94670
 18	  1	 -33.94021	  -0.00000	  -0.00000	   0.04587	 -67.83454	 -42.24213

 19	 30	  20.16944	  -0.00000	   0.00000	   0.04485	  40.38373	  68.90477
 19	 29	  18.01257	  -0.00000	   0.00000	   0.04248	  36.06762	  63.33176
 19	 28	  15.77632	  -0.00000	   0.00000	   0.03990	  31.59253	  57.62552
 19	 27	  13.46650	  -0.00000	   0.00000	   0.03704	  26.97003	  51.80146
 19	 26	  11.08991	  -0.00000	   0.00000	   0.03409	  22.21391	  45.87788
 19	 25	   8.65434	  -0.00000	   0.00000	   0.03112	  17.33979	  39.87569
 19	 24	   6.16853	  -0.00000	   0.00000	   0.02867	  12.36573	  33.81917
 19	 23	   3.64218	  -0.00000	   0.00000	   0.02688	   7.31125	  27.73510
 19	 22	   1.08588	  -0.00000	   0.00000	   0.02599	   2.19775	  21.65327
 19	 21	  -1.48894	  -0.00000	  -0.00000	   0.02557	  -2.95231	  15.60572
 19	 20	  -4.07008	  -0.00000	  -0.00000	   0.02571	  -8.11445	   9.62770
 19	 19	  -6.64463	  -0.00000	  -0.00000	   0.02659	 -13.26267	   3.75694
 19	 18	  -9.19911	  -0.00000	  -0.00000	   0.02816	 -18.37006	  -1.96730
 19	 17	 -11.71955	  -0.00000	  -0.00000	   0.02955	 -23.40954	  -7.50564
 19	 16	 -14.19160	  -0.00000	  -0.00000	   0.03056	 -28.35263	 -12.81823
 19	 15	 -16.60069	  -0.00000	  -0.00000	   0.03117	 -33.17021	 -17.86659
 19	 14	 -18.93217	  -0.00000	  -0.00000	   0.03138	 -37.83296	 -22.61506
 19	 13	 -21.17141	  -0.00000	  -0.00000	   0.03102	 -42.31180	 -27.03215
 19	 12	 -23.30400	  -0.00000	  -0.00000	   0.03073	 -46.57727	 -31.09014
 19	 11	 -25.31588	  -0.00000	  -0.00000	   0.03067	 -50.60109	 -34.76649
 19	 10	 -27.19350	  -0.00000	  -0.00000	   0.03108	 -54.35591	 -38.04279
 19	  9	 -28.92396	  -0.00000	  -0.00000	   0.03155	 -57.81637	 -40.90479
 19	  8	 -30.49518	  -0.00000	  -0.00000	   0.03216	 -60.95820	 -43.34045
 19	  7	 -31.89601	  -0.00000	  -0.00000	   0.03301	 -63.75902	 -45.33977
 19	  6	 -33.11639	  -0.00000	  -0.00000	   0.03402	 -66.19876	 -46.89457
 19	  5	 -34.14745	  -0.00000	  -0.00000	   0.03540	 -68.25950	 -47.99783
 19	  4	 -34.98163	  -0.00000	  -0.00000	   0.03753	 -69.92573	 -48.64384
 19	  3	 -35.61276	  -0.00000	  -0.00000	   0.03990	 -71.18562	 -48.82936
 19	  2	 -36.03615	  -0.00000	  -0.00000	   0.04248	 -72.02982	 -48.55247
 19	  1	 -36.24864	  -0.00000	  -0.00000	   0.04485	 -72.45243	 -47.81366

 20	 30	  19.44329	  -0.00000	   0.00000	   0.04380	  38.93038	  66.68010
 20	 29	  17.23182	  -0.00000	   0.00000	   0.04095	  34.50458	  60.96079
 20	 28	  14.93895	  -0.00000	   0.00000	   0.03789	  29.91579	  55.10138
 20	 27	  12.57066	  -0.00000	   0.00000	   0.03454	  25.17586	  49.11740
 20	 26	  10.13391	  -0.00000	   0.00000	   0.03112	  20.29893	  43.02735
 20	 25	   7.63668	  -0.00000	   0.00000	   0.02800	  15.30135	  36.85279
 20	 24	   5.08794	  -0.00000	   0.00000	   0.02594	  10.20182	  30.61868
 20	 23	   2.49764	  -0.00000	   0.00000	   0.02464	   5.01992	  24.35206
 20	 22	  -0.12337	  -0.00000	  -0.00000	   0.02388	  -0.22287	  18.08327
 20	 21	  -2.76338	  -0.00000	  -0.00000	   0.02351	  -5.50325	  11.84605
 20	 20	  -5.40986	  -0.00000	  -0.00000	   0.02363	 -10.79608	   5.67759
 20	 19	  -8.04958	  -0.00000	  -0.00000	   0.02457	 -16.07460	  -0.38176
 20	 18	 -10.66873	  -0.00000	  -0.00000	   0.02601	 -21.31145	  -6.28985
 20	 17	 -13.25297	  -0.00000	  -0.00000	   0.02768	 -26.47826	 -12.00304
 20	 16	 -15.78760	  -0.00000	  -0.00000	   0.02909	 -31.54612	 -17.47788
 20	 15	 -18.25769	  -0.00000	  -0.00000	   0.02984	 -36.48554	 -22.67255
 20	 14	 -20.64818	  -0.00000	  -0.00000	   0.02997	 -41.26640	 -27.54845
 20	 13	 -22.94411	  -0.00000	  -0.00000	   0.02968	 -45.85855	 -32.07212
 20	 12	 -25.13069	  -0.00000	  -0.00000	   0.02928	 -50.23209	 -36.21606
 20	 11	 -27.19350	  -0.00000	  -0.00000	   0.02932	 -54.35768	 -39.95863
 20	 10	 -29.11865	  -0.00000	  -0.00000	   0.02986	 -58.20744	 -43.28377
 20	  9	 -30.89292	  -0.00000	  -0.00000	   0.03063	 -61.75521	 -46.17961
 20	  8	 -32.50391	  -0.00000	  -0.00000	   0.03126	 -64.97657	 -48.63696
 20	  7	 -33.94021	  -0.00000	  -0.00000	   0.03212	 -67.84830	 -50.64753
 20	  6	 -35.19148	  -0.00000	  -0.00000	   0.03307	 -70.34989	 -52.20465
 20	  5	 -36.24864	  -0.00000	  -0.00000	   0.03429	 -72.46299	 -53.30227
 20	  4	 -37.10394	  -0.00000	  -0.00000	   0.03585	 -74.17203	 -53.93551
 20	  3	 -37.75104	  -0.00000	  -0.00000	   0.03822	 -75.46387	 -54.10035
 20	  2	 -38.18515	  -0.00000	  -0.00000	   0.04095	 -76.32936	 -53.79531
 20	  1	 -38.40302	  -0.00000	  -0.00000	   0.04380	 -76.76225	 -53.02058

 21	 30	  18.77405	  -0.00000	   0.00000	   0.04278	  37.59087	  64.63057
 21	 29	  16.51225	  -0.00000	   0.00000	   0.03945	  33.06396	  58.77443
 21	 28	  14.16721	  -0.00000	   0.00000	   0.03590	  28.37033	  52.77140
 21	 27	  11.74503	  -0.00000	   0.00000	   0.03208	  23.52214	  46.63697
 21	 26	   9.25283	  -0.00000	   0.00000	   0.02833	  18.53399	  40.38986
 21	 25	   6.69878	  -0.00000	   0.00000	   0.02580	  13.42335	  34.05251
 21	 24	   4.09205	  -0.00000	   0.00000	   0.02404	   8.20813	  27.64896
 21	 23	   1.44280	  -0.00000	   0.00000	   0.02281	   2.90841	  21.20675
 21	 22	  -1.23785	  -0.00000	  -0.00000	   0.02211	  -2.45360	  14.75723
 21	 21	  -3.93793	  -0.00000	  -0.00000	   0.02173	  -7.85413	   8.33525
 21	 20	  -6.64463	  -0.00000	  -0.00000	   0.02182	 -13.26744	   1.97983
 21	 19	  -9.34443	  -0.00000	  -0.00000	   0.02282	 -18.66603	  -4.26594
 21	 18	 -12.02317	  -0.00000	  -0.00000	   0.02448	 -24.02186	 -10.35635
 21	 17	 -14.66622	  -0.00000	  -0.00000	   0.02649	 -29.30594	 -16.24341
 21	 16	 -17.25853	  -0.00000	  -0.00000	   0.02784	 -34.48921	 -21.87917
 21	 15	 -19.78482	  -0.00000	  -0.00000	   0.02891	 -39.54072	 -27.21609
 21	 14	 -22.22971	  -0.00000	  -0.00000	   0.02915	 -44.43026	 -32.21224
 21	 13	 -24.57788	  -0.00000	  -0.00000	   0.02864	 -49.12712	 -36.83226
 21	 12	 -26.81421	  -0.00000	  -0.00000	   0.02821	 -53.60022	 -41.04845
 21	 11	 -28.92396	  -0.00000	  -0.00000	   0.02843	 -57.81949	 -44.84142
 21	 10	 -30.89292	  -0.00000	  -0.00000	   0.02910	 -61.75674	 -48.19894
 21	  9	 -32.70756	  -0.00000	  -0.00000	   0.02997	 -65.38515	 -51.11290
 21	  8	 -34.35521	  -0.00000	  -0.00000	   0.03066	 -68.67977	 -53.57743
 21	  7	 -35.82419	  -0.00000	  -0.00000	   0.03154	 -71.61684	 -55.58674
 21	  6	 -37.10394	  -0.00000	  -0.00000	   0.03247	 -74.17540	 -57.13582
 21	  5	 -38.18515	  -0.00000	  -0.00000	   0.03358	 -76.33673	 -58.21958
 21	  4	 -39.05991	  -0.00000	  -0.00000	   0.03498	 -78.08484	 -58.83349
 21	  3	 -39.72174	  -0.00000	  -0.00000	   0.03707	 -79.40642	 -58.97366
 21	  2	 -40.16573	  -0.00000	  -0.00000	   0.03961	 -80.29186	 -58.63819
 21	  1	 -40.38856	  -0.00000	  -0.00000	   0.04278	 -80.73434	 -57.82660

 22	 30	  18.16639	  -0.00000	   0.00000	   0.04185	  36.37463	  62.77052
 22	 29	  15.85891	  -0.00000	   0.00000	   0.03803	  31.75585	  56.78835
 22	 28	  13.46650	  -0.00000	   0.00000	   0.03400	  26.96700	  50.65264
 22	 27	  10.99538	  -0.00000	   0.00000	   0.02970	  22.02046	  44.37875
 22	 26	   8.45284	  -0.00000	   0.00000	   0.02632	  16.93199	  37.98612
 22	 25	   5.84719	  -0.00000	   0.00000	   0.02410	  11.71848	  31.49624
 22	 24	   3.18780	  -0.00000	   0.00000	   0.02236	   6.39795	  24.93287
 22	 23	   0.48503	  -0.00000	   0.00000	   0.02114	   0.99121	  18.32403
 22	 22	  -2.24978	  -0.00000	  -0.00000	   0.02046	  -4.47909	  11.70146
 22	 21	  -5.00440	  -0.00000	  -0.00000	   0.02008	  -9.98871	   5.10081
 22	 20	  -7.76578	  -0.00000	  -0.00000	   0.02017	 -15.51139	  -1.43740
 22	 19	 -10.52011	  -0.00000	  -0.00000	   0.02134	 -21.01888	  -7.86743
 22	 18	 -13.25297	  -0.00000	  -0.00000	   0.02327	 -26.48267	 -14.13990
 22	 17	 -15.94941	  -0.00000	  -0.00000	   0.02564	 -31.87318	 -20.20153
 22	 16	 -18.59409	  -0.00000	  -0.00000	   0.02732	 -37.16085	 -25.99793
 22	 15	 -21.17141	  -0.00000	  -0.00000	   0.02830	 -42.31452	 -31.47504
 22	 14	 -23.66569	  -0.00000	  -0.00000	   0.02871	 -47.30268	 -36.58458
 22	 13	 -26.06130	  -0.00000	  -0.00000	   0.02802	 -52.09458	 -41.28897
 22	 12	 -28.34281	  -0.00000	  -0.00000	   0.02765	 -56.65797	 -45.56091
 22	 11	 -30.49518	  -0.00000	  -0.00000	   0.02784	 -60.96252	 -49.38547
 22	 10	 -32.50391	  -0.00000	  -0.00000	   0.02867	 -64.97915	 -52.75575
 22	  9	 -34.35521	  -0.00000	  -0.00000	   0.02961	 -68.68082	 -55.66948
 22	  8	 -36.03615	  -0.00000	  -0.00000	   0.03029	 -72.04201	 -58.12517
 22	  7	 -37.53480	  -0.00000	  -0.00000	   0.03117	 -75.03843	 -60.11993
 22	  6	 -38.84040	  -0.00000	  -0.00000	   0.03210	 -77.64870	 -61.65041
 22	  5	 -39.94346	  -0.00000	  -0.00000	   0.03319	 -79.85373	 -62.71230
 22	  4	 -40.83589	  -0.00000	  -0.00000	   0.03453	 -81.63725	 -63.30116
 22	  3	 -41.51109	  -0.00000	  -0.00000	   0.03637	 -82.98581	 -63.41299
 22	  2	 -41.96405	  -0.00000	  -0.00000	   0.03875	 -83.88935	 -63.04519
 22	  1	 -42.19138	  -0.00000	  -0.00000	   0.04185	 -84.34091	 -62.19678

 23	 30	  17.62463	  -0.00000	   0.00000	   0.04118	  35.29045	  61.11371
 23	 29	  15.27641	  -0.00000	   0.00000	   0.03689	  30.58971	  55.01765
 23	 28	  12.84176	  -0.00000	   0.00000	   0.03238	  25.71591	  48.76168
 23	 27	  10.32702	  -0.00000	   0.00000	   0.02798	  20.68202	  42.36130
 23	 26	   7.73959	  -0.00000	   0.00000	   0.02490	  15.50409	  35.83570
 23	 25	   5.08794	  -0.00000	   0.00000	   0.02273	  10.19862	  29.20540
 23	 24	   2.38160	  -0.00000	   0.00000	   0.02102	   4.78423	  22.49415
 23	 23	  -0.36887	  -0.00000	  -0.00000	   0.01981	  -0.71794	  15.72970
 23	 22	  -3.15196	  -0.00000	  -0.00000	   0.01911	  -6.28482	   8.94371
 23	 21	  -5.95522	  -0.00000	  -0.00000	   0.01873	 -11.89170	   2.17214
 23	 20	  -8.76534	  -0.00000	  -0.00000	   0.01885	 -17.51183	  -4.54360
 23	 19	 -11.56830	  -0.00000	  -0.00000	   0.02024	 -23.11637	 -11.15567
 23	 18	 -14.34941	  -0.00000	  -0.00000	   0.02266	 -28.67616	 -17.61082
 23	 17	 -17.09345	  -0.00000	  -0.00000	   0.02542	 -34.16148	 -23.85007
 23	 16	 -19.78482	  -0.00000	  -0.00000	   0.02752	 -39.54211	 -29.81027
 23	 15	 -22.40764	  -0.00000	  -0.00000	   0.02863	 -44.78665	 -35.42758
 23	 14	 -24.94596	  -0.00000	  -0.00000	   0.02900	 -49.86291	 -40.64469
 23	 13	 -27.38386	  -0.00000	  -0.00000	   0.02835	 -54.73936	 -45.41954
 23	 12	 -29.70564	  -0.00000	  -0.00000	   0.02766	 -59.38363	 -49.72742
 23	 11	 -31.89601	  -0.00000	  -0.00000	   0.02780	 -63.76422	 -53.56001
 23	 10	 -33.94021	  -0.00000	  -0.00000	   0.02856	 -67.85185	 -56.91982
 23	  9	 -35.82419	  -0.00000	  -0.00000	   0.02948	 -71.61890	 -59.81243
 23	  8	 -37.53480	  -0.00000	  -0.00000	   0.03017	 -75.03943	 -62.24193
 23	  7	 -39.05991	  -0.00000	  -0.00000	   0.03105	 -78.08877	 -64.20859
 23	  6	 -40.38856	  -0.00000	  -0.00000	   0.03198	 -80.74514	 -65.71041
 23	  5	 -41.51109	  -0.00000	  -0.00000	   0.03309	 -82.98909	 -66.74328
 23	  4	 -42.41928	  -0.00000	  -0.00000	   0.03444	 -84.80411	 -67.30240
 23	  3	 -43.10640	  -0.00000	  -0.00000	   0.03626	 -86.17654	 -67.38310
 23	  2	 -43.56735	  -0.00000	  -0.00000	   0.03838	 -87.09632	 -66.98223
 23	  1	 -43.79869	  -0.00000	  -0.00000	   0.04149	 -87.55590	 -66.09756

 24	 30	  17.15266	  -0.00000	   0.00000	   0.04074	  34.34606	  59.67269
 24	 29	  14.76895	  -0.00000	   0.00000	   0.03596	  29.57387	  53.47621
 24	 28	  12.29751	  -0.00000	   0.00000	   0.03097	  24.62599	  47.11388
 24	 27	   9.74476	  -0.00000	   0.00000	   0.02677	  19.51630	  40.60157
 24	 26	   7.11823	  -0.00000	   0.00000	   0.02376	  14.26022	  33.95723
 24	 25	   4.42651	  -0.00000	   0.00000	   0.02159	   8.87461	  27.20097
 24	 24	   1.67927	  -0.00000	   0.00000	   0.01988	   3.37842	  20.35602
 24	 23	  -1.11278	  -0.00000	  -0.00000	   0.01865	  -2.20692	  13.44947
 24	 22	  -3.93793	  -0.00000	  -0.00000	   0.01789	  -7.85797	   6.51234
 24	 21	  -6.78355	  -0.00000	  -0.00000	   0.01751	 -13.54959	  -0.41988
 24	 20	  -9.63615	  -0.00000	  -0.00000	   0.01783	 -19.25447	  -7.30571
 24	 19	 -12.48147	  -0.00000	  -0.00000	   0.01953	 -24.94340	 -14.09646
 24	 18	 -15.30461	  -0.00000	  -0.00000	   0.02243	 -30.58678	 -20.73591
 24	 17	 -18.09012	  -0.00000	  -0.00000	   0.02571	 -36.15453	 -27.15881
 24	 16	 -20.82216	  -0.00000	  -0.00000	   0.02813	 -41.61618	 -33.29113
 24	 15	 -23.48462	  -0.00000	  -0.00000	   0.02961	 -46.93963	 -39.05358
 24	 14	 -26.06130	  -0.00000	  -0.00000	   0.02982	 -52.09278	 -44.37441
 24	 13	 -28.53604	  -0.00000	  -0.00000	   0.02919	 -57.04289	 -49.20346
 24	 12	 -30.89292	  -0.00000	  -0.00000	   0.02822	 -61.75761	 -53.52110
 24	 11	 -33.11639	  -0.00000	  -0.00000	   0.02809	 -66.20470	 -57.33206
 24	 10	 -35.19148	  -0.00000	  -0.00000	   0.02860	 -70.35436	 -60.65348
 24	  9	 -37.10394	  -0.00000	  -0.00000	   0.02949	 -74.17838	 -63.50175
 24	  8	 -38.84040	  -0.00000	  -0.00000	   0.03018	 -77.65062	 -65.88738
 24	  7	 -40.38856	  -0.00000	  -0.00000	   0.03106	 -80.74606	 -67.81326
 24	  6	 -41.73729	  -0.00000	  -0.00000	   0.03199	 -83.44258	 -69.27781
 24	  5	 -42.87679	  -0.00000	  -0.00000	   0.03316	 -85.72041	 -70.27618
 24	  4	 -43.79869	  -0.00000	  -0.00000	   0.03453	 -87.56286	 -70.80256
 24	  3	 -44.49620	  -0.00000	  -0.00000	   0.03637	 -88.95603	 -70.85103
 24	  2	 -44.96412	  -0.00000	  -0.00000	   0.03843	 -89.88981	 -70.41741
 24	  1	 -45.19896	  -0.00000	  -0.00000	   0.04145	 -90.35647	 -69.49843

 25	 30	  16.75391	  -0.00000	   0.00000	   0.04056	  33.54838	  58.45894
 25	 29	  14.34022	  -0.00000	   0.00000	   0.03549	  28.71593	  52.17695
 25	 28	  11.83769	  -0.00000	   0.00000	   0.03023	  23.70560	  45.72384
 25	 27	   9.25283	  -0.00000	   0.00000	   0.02615	  18.53181	  39.11546
 25	 26	   6.59326	  -0.00000	   0.00000	   0.02314	  13.20966	  32.36873
 25	 25	   3.86768	  -0.00000	   0.00000	   0.02090	   7.75626	  25.50318
 25	 24	   1.08588	  -0.00000	   0.00000	   0.01914	   2.19090	  18.54134
 25	 23	  -1.74129	  -0.00000	  -0.00000	   0.01759	  -3.46498	  11.50900
 25	 22	  -4.60197	  -0.00000	  -0.00000	   0.01678	  -9.18716	   4.43648
 25	 21	  -7.48338	  -0.00000	  -0.00000	   0.01653	 -14.95023	  -2.64222
 25	 20	 -10.37186	  -0.00000	  -0.00000	   0.01717	 -20.72655	  -9.68705
 25	 19	 -13.25297	  -0.00000	  -0.00000	   0.01943	 -26.48652	 -16.65016
 25	 18	 -16.11162	  -0.00000	  -0.00000	   0.02311	 -32.20013	 -23.47446
 25	 17	 -18.93217	  -0.00000	  -0.00000	   0.02691	 -37.83743	 -30.09012
 25	 16	 -21.69857	  -0.00000	  -0.00000	   0.02971	 -43.36744	 -36.41012
 25	 15	 -24.39453	  -0.00000	  -0.00000	   0.03164	 -48.75742	 -42.33187
 25	 14	 -27.00362	  -0.00000	  -0.00000	   0.03196	 -53.97528	 -47.75667
 25	 13	 -29.50949	  -0.00000	  -0.00000	   0.03110	 -58.98788	 -52.61963
 25	 12	 -31.89601	  -0.00000	  -0.00000	   0.02980	 -63.76222	 -56.91109
 25	 11	 -34.14745	  -0.00000	  -0.00000	   0.02910	 -68.26580	 -60.66176
 25	 10	 -36.24864	  -0.00000	  -0.00000	   0.02924	 -72.46804	 -63.91206
 25	  9	 -38.18515	  -0.00000	  -0.00000	   0.02969	 -76.34062	 -66.69239
 25	  8	 -39.94346	  -0.00000	  -0.00000	   0.03032	 -79.85660	 -69.01816
 25	  7	 -41.51109	  -0.00000	  -0.00000	   0.03120	 -82.99098	 -70.89325
 25	  6	 -42.87679	  -0.00000	  -0.00000	   0.03219	 -85.72138	 -72.31472
 25	  5	 -44.03062	  -0.00000	  -0.00000	   0.03343	 -88.02780	 -73.27579
 25	  4	 -44.96412	  -0.00000	  -0.00000	   0.03506	 -89.89319	 -73.76850
 25	  3	 -45.67040	  -0.00000	  -0.00000	   0.03695	 -91.30386	 -73.78561
 25	  2	 -46.14421	  -0.00000	  -0.00000	   0.03900	 -92.24941	 -73.32133
 25	  1	 -46.38200	  -0.00000	  -0.00000	   0.04177	 -92.72223	 -72.37142

 26	 30	  16.43130	  -0.00000	   0.00000	   0.04056	  32.90315	  57.48229
 26	 29	  13.99335	  -0.00000	   0.00000	   0.03534	  28.02203	  51.13085
 26	 28	  11.46567	  -0.00000	   0.00000	   0.03006	  22.96140	  44.60397
 26	 27	   8.85483	  -0.00000	   0.00000	   0.02620	  17.73587	  37.91716
 26	 26	   6.16853	  -0.00000	   0.00000	   0.02322	  12.36028	  31.08641
 26	 25	   3.41556	  -0.00000	   0.00000	   0.02073	   6.85184	  24.13048
 26	 24	   0.60580	  -0.00000	   0.00000	   0.01890	   1.23051	  17.07142
 26	 23	  -2.24978	  -0.00000	  -0.00000	   0.01748	  -4.48207	   9.93382
 26	 22	  -5.13921	  -0.00000	  -0.00000	   0.01684	 -10.26159	   2.74616
 26	 21	  -8.04958	  -0.00000	  -0.00000	   0.01679	 -16.08238	  -4.45978
 26	 20	 -10.96709	  -0.00000	  -0.00000	   0.01795	 -21.91623	 -11.64646
 26	 19	 -13.87716	  -0.00000	  -0.00000	   0.02068	 -27.73363	 -18.76972
 26	 18	 -16.76454	  -0.00000	  -0.00000	   0.02488	 -33.50420	 -25.77534
 26	 17	 -19.61343	  -0.00000	  -0.00000	   0.02931	 -39.19756	 -32.59312
 26	 16	 -22.40764	  -0.00000	  -0.00000	   0.03288	 -44.78240	 -39.12537
 26	 15	 -25.13069	  -0.00000	  -0.00000	   0.03522	 -50.22616	 -45.23763
 26	 14	 -27.76600	  -0.00000	  -0.00000	   0.03573	 -55.49627	 -50.77728
 26	 13	 -30.29705	  -0.00000	  -0.00000	   0.03468	 -60.55943	 -55.64493
 26	 12	 -32.70756	  -0.00000	  -0.00000	   0.03292	 -65.38221	 -59.85629
 26	 11	 -34.98163	  -0.00000	  -0.00000	   0.03135	 -69.93191	 -63.49614
 26	 10	 -37.10394	  -0.00000	  -0.00000	   0.03093	 -74.17695	 -66.64020
 26	  9	 -39.05991	  -0.00000	  -0.00000	   0.03101	 -78.08882	 -69.33176
 26	  8	 -40.83589	  -0.00000	  -0.00000	   0.03137	 -81.64041	 -71.58708
 26	  7	 -42.41928	  -0.00000	  -0.00000	   0.03206	 -84.80649	 -73.40680
 26	  6	 -43.79869	  -0.00000	  -0.00000	   0.03308	 -87.56431	 -74.78400
 26	  5	 -44.96412	  -0.00000	  -0.00000	   0.03432	 -89.89392	 -75.70873
 26	  4	 -45.90701	  -0.00000	  -0.00000	   0.03593	 -91.77809	 -76.17029
 26	  3	 -46.62039	  -0.00000	  -0.00000	   0.03772	 -93.20305	 -76.15938
 26	  2	 -47.09895	  -0.00000	  -0.00000	   0.03984	 -94.15807	 -75.66834
 26	  1	 -47.33914	  -0.00000	  -0.00000	   0.04231	 -94.63597	 -74.69221

 27	 30	  16.18721	  -0.00000	   0.00000	   0.04056	  32.41499	  56.75080
 27	 29	  13.73091	  -0.00000	   0.00000	   0.03534	  27.49716	  50.34699
 27	 28	  11.18420	  -0.00000	   0.00000	   0.03034	  22.39874	  43.76457
 27	 27	   8.55371	  -0.00000	   0.00000	   0.02672	  17.13414	  37.01835
 27	 26	   5.84719	  -0.00000	   0.00000	   0.02367	  11.71804	  30.12362
 27	 25	   3.07349	  -0.00000	   0.00000	   0.02125	   6.16823	  23.09894
 27	 24	   0.24258	  -0.00000	   0.00000	   0.01953	   0.50469	  15.96536
 27	 23	  -2.63450	  -0.00000	  -0.00000	   0.01837	  -5.25062	   8.74637
 27	 22	  -5.54568	  -0.00000	  -0.00000	   0.01790	 -11.07347	   1.46842
 27	 21	  -8.47796	  -0.00000	  -0.00000	   0.01819	 -16.93774	  -5.83897
 27	 20	 -11.41744	  -0.00000	  -0.00000	   0.01964	 -22.81523	 -13.14228
 27	 19	 -14.34941	  -0.00000	  -0.00000	   0.02281	 -28.67601	 -20.40259
 27	 18	 -17.25853	  -0.00000	  -0.00000	   0.02760	 -34.48945	 -27.57332
 27	 17	 -20.12887	  -0.00000	  -0.00000	   0.03287	 -40.22487	 -34.59314
 27	 16	 -22.94411	  -0.00000	  -0.00000	   0.03697	 -45.85125	 -41.36797
 27	 15	 -25.68766	  -0.00000	  -0.00000	   0.04007	 -51.33524	 -47.73202
 27	 14	 -28.34281	  -0.00000	  -0.00000	   0.04095	 -56.64467	 -53.42494
 27	 13	 -30.89292	  -0.00000	  -0.00000	   0.03966	 -61.74618	 -58.24617
 27	 12	 -33.32157	  -0.00000	  -0.00000	   0.03699	 -66.60615	 -62.28950
 27	 11	 -35.61276	  -0.00000	  -0.00000	   0.03477	 -71.19075	 -65.75780
 27	 10	 -37.75104	  -0.00000	  -0.00000	   0.03349	 -75.46860	 -68.76783
 27	  9	 -39.72174	  -0.00000	  -0.00000	   0.03299	 -79.41050	 -71.36166
 27	  8	 -41.51109	  -0.00000	  -0.00000	   0.03285	 -82.98933	 -73.54649
 27	  7	 -43.10640	  -0.00000	  -0.00000	   0.03339	 -86.17940	 -75.31429
 27	  6	 -44.49620	  -0.00000	  -0.00000	   0.03427	 -88.95814	 -76.65228
 27	  5	 -45.67040	  -0.00000	  -0.00000	   0.03558	 -91.30522	 -77.54595
 27	  4	 -46.62039	  -0.00000	  -0.00000	   0.03710	 -93.20368	 -77.98195
 27	  3	 -47.33914	  -0.00000	  -0.00000	   0.03876	 -94.63951	 -77.94866
 27	  2	 -47.82131	  -0.00000	  -0.00000	   0.04053	 -95.60209	 -77.43707
 27	  1	 -48.06330	  -0.00000	  -0.00000	   0.04284	 -96.08375	 -76.44066

 28	 30	  16.02347	  -0.00000	   0.00000	   0.04056	  32.08750	  56.27075
 28	 29	  13.55485	  -0.00000	   0.00000	   0.03534	  27.14505	  49.83233
 28	 28	  10.99538	  -0.00000	   0.00000	   0.03061	  22.02138	  43.21327
 28	 27	   8.35171	  -0.00000	   0.00000	   0.02703	  16.73044	  36.42764
 28	 26	   5.63161	  -0.00000	   0.00000	   0.02422	  11.28745	  29.49084
 28	 25	   2.84401	  -0.00000	   0.00000	   0.02200	   5.71002	  22.42070
 28	 24	  -0.00108	  -0.00000	  -0.00000	   0.02041	   0.01824	  15.23764
 28	 23	  -2.89258	  -0.00000	  -0.00000	   0.01935	  -5.76582	   7.96421
 28	 22	  -5.81836	  -0.00000	  -0.00000	   0.01918	 -11.61755	   0.62569
 28	 21	  -8.76534	  -0.00000	  -0.00000	   0.01962	 -17.51107	  -6.75094
 28	 20	 -11.71955	  -0.00000	  -0.00000	   0.02139	 -23.41770	 -14.13525
 28	 19	 -14.66622	  -0.00000	  -0.00000	   0.02490	 -29.30754	 -21.49426
 28	 18	 -17.58992	  -0.00000	  -0.00000	   0.03010	 -35.14973	 -28.79122
 28	 17	 -20.47465	  -0.00000	  -0.00000	   0.03585	 -40.91345	 -35.98251
 28	 16	 -23.30400	  -0.00000	  -0.00000	   0.04062	 -46.56738	 -43.00402
 28	 15	 -26.06130	  -0.00000	  -0.00000	   0.04405	 -52.07855	 -49.71614
 28	 14	 -28.72976	  -0.00000	  -0.00000	   0.04551	 -57.41401	 -55.69226
 28	 13	 -31.29265	  -0.00000	  -0.00000	   0.04401	 -62.54129	 -60.33951
 28	 12	 -33.73348	  -0.00000	  -0.00000	   0.04068	 -67.42628	 -64.07496
 28	 11	 -36.03615	  -0.00000	  -0.00000	   0.03756	 -72.03474	 -67.33211
 28	 10	 -38.18515	  -0.00000	  -0.00000	   0.03568	 -76.33463	 -70.21106
 28	  9	 -40.16573	  -0.00000	  -0.00000	   0.03475	 -80.29671	 -72.72165
 28	  8	 -41.96405	  -0.00000	  -0.00000	   0.03432	 -83.89378	 -74.85138
 28	  7	 -43.56735	  -0.00000	  -0.00000	   0.03456	 -87.10014	 -76.58118
 28	  6	 -44.96412	  -0.00000	  -0.00000	   0.03539	 -89.89286	 -77.89153
 28	  5	 -46.14421	  -0.00000	  -0.00000	   0.03648	 -92.25193	 -78.76433
 28	  4	 -47.09895	  -0.00000	  -0.00000	   0.03776	 -94.16015	 -79.18354
 28	  3	 -47.82131	  -0.00000	  -0.00000	   0.03954	 -95.60308	 -79.13547
 28	  2	 -48.30589	  -0.00000	  -0.00000	   0.04106	 -96.57073	 -78.61061
 28	  1	 -48.54910	  -0.00000	  -0.00000	   0.04310	 -97.05509	 -77.60133

 29	 30	  15.94129	  -0.00000	   0.00000	   0.04056	  31.92314	  56.04631
 29	 29	  13.46650	  -0.00000	   0.00000	   0.03534	  26.96833	  49.59156
 29	 28	  10.90062	  -0.00000	   0.00000	   0.03078	  21.83201	  42.95532
 29	 27	   8.25032	  -0.00000	   0.00000	   0.02710	  16.52775	  36.15114
 29	 26	   5.52342	  -0.00000	   0.00000	   0.02449	  11.07133	  29.19483
 29	 25	   2.72884	  -0.00000	   0.00000	   0.02235	   5.48004	  22.10365
 29	 24	  -0.12337	  -0.00000	  -0.00000	   0.02074	  -0.22600	  14.89775
 29	 23	  -3.02211	  -0.00000	  -0.00000	   0.01975	  -6.02447	   7.59945
 29	 22	  -5.95522	  -0.00000	  -0.00000	   0.01970	 -11.89073	   0.23341
 29	 21	  -8.90957	  -0.00000	  -0.00000	   0.02028	 -17.79886	  -7.17445
 29	 20	 -11.87117	  -0.00000	  -0.00000	   0.02209	 -23.72025	 -14.59547
 29	 19	 -14.82522	  -0.00000	  -0.00000	   0.02564	 -29.62480	 -21.99951
 29	 18	 -17.75623	  -0.00000	  -0.00000	   0.03108	 -35.48139	 -29.35534
 29	 17	 -20.64818	  -0.00000	  -0.00000	   0.03704	 -41.25933	 -36.63203
 29	 16	 -23.48462	  -0.00000	  -0.00000	   0.04170	 -46.92754	 -43.79779
 29	 15	 -26.24882	  -0.00000	  -0.00000	   0.04555	 -52.45209	 -50.81540
 29	 14	 -28.92396	  -0.00000	  -0.00000	   0.04810	 -57.79983	 -57.55043
 29	 13	 -31.49327	  -0.00000	  -0.00000	   0.04579	 -62.94075	 -61.54589
 29	 12	 -33.94021	  -0.00000	  -0.00000	   0.04229	 -67.83812	 -64.95211
 29	 11	 -36.24864	  -0.00000	  -0.00000	   0.03869	 -72.45859	 -68.07539
 29	 10	 -38.40302	  -0.00000	  -0.00000	   0.03651	 -76.76954	 -70.88771
 29	  9	 -40.38856	  -0.00000	  -0.00000	   0.03534	 -80.74178	 -73.36076
 29	  8	 -42.19138	  -0.00000	  -0.00000	   0.03483	 -84.34793	 -75.46745
 29	  7	 -43.79869	  -0.00000	  -0.00000	   0.03513	 -87.56226	 -77.18217
 29	  6	 -45.19896	  -0.00000	  -0.00000	   0.03574	 -90.36218	 -78.48238
 29	  5	 -46.38200	  -0.00000	  -0.00000	   0.03667	 -92.72733	 -79.34775
 29	  4	 -47.33914	  -0.00000	  -0.00000	   0.03813	 -94.64015	 -79.76075
 29	  3	 -48.06330	  -0.00000	  -0.00000	   0.03965	 -96.08694	 -79.70769
 29	  2	 -48.54910	  -0.00000	  -0.00000	   0.04141	 -97.05678	 -79.17765
 29	  1	 -48.79291	  -0.00000	  -0.00000	   0.04325	 -97.54257	 -78.16354

 30	 30	  15.94129	  -0.00000	   0.00000	   0.04056	  31.92314	  56.07941
 30	 29	  13.46650	  -0.00000	   0.00000	   0.03534	  26.96833	  49.62685
 30	 28	  10.90062	  -0.00000	   0.00000	   0.03063	  21.83186	  42.99295
 30	 27	   8.25032	  -0.00000	   0.00000	   0.02703	  16.52767	  36.19174
 30	 26	   5.52342	  -0.00000	   0.00000	   0.02433	  11.07118	  29.23870
 30	 25	   2.72884	  -0.00000	   0.00000	   0.02221	   5.47990	  22.15150
 30	 24	  -0.12337	  -0.00000	  -0.00000	   0.02057	  -0.22618	  14.95030
 30	 23	  -3.02211	  -0.00000	  -0.00000	   0.01959	  -6.02464	   7.65780
 30	 22	  -5.95522	  -0.00000	  -0.00000	   0.01946	 -11.89097	   0.29888
 30	 21	  -8.90957	  -0.00000	  -0.00000	   0.01988	 -17.79927	  -7.09992
 30	 20	 -11.87117	  -0.00000	  -0.00000	   0.02173	 -23.72061	 -14.50869
 30	 19	 -14.82522	  -0.00000	  -0.00000	   0.02541	 -29.62503	 -21.89568
 30	 18	 -17.75623	  -0.00000	  -0.00000	   0.03070	 -35.48177	 -29.22667
 30	 17	 -20.64818	  -0.00000	  -0.00000	   0.03641	 -41.25996	 -36.46312
 30	 16	 -23.48462	  -0.00000	  -0.00000	   0.04099	 -46.92825	 -43.55288
 30	 15	 -26.24882	  -0.00000	  -0.00000	   0.04440	 -52.45325	 -50.38527
 30	 14	 -28.92396	  -0.00000	  -0.00000	   0.04587	 -57.80206	 -56.51366
 30	 13	 -31.49327	  -0.00000	  -0.00000	   0.04447	 -62.94207	 -61.05968
 30	 12	 -33.94021	  -0.00000	  -0.00000	   0.04124	 -67.83918	 -64.68849
 30	 11	 -36.24864	  -0.00000	  -0.00000	   0.03795	 -72.45933	 -67.89751
 30	 10	 -38.40302	  -0.00000	  -0.00000	   0.03604	 -76.77001	 -70.75389
 30	  9	 -40.38856	  -0.00000	  -0.00000	   0.03506	 -80.74206	 -73.25359
 30	  8	 -42.19138	  -0.00000	  -0.00000	   0.03455	 -84.34820	 -75.37822
 30	  7	 -43.79869	  -0.00000	  -0.00000	   0.03472	 -87.56267	 -77.10590
 30	  6	 -45.19896	  -0.00000	  -0.00000	   0.03539	 -90.36253	 -78.41567
 30	  5	 -46.38200	  -0.00000	  -0.00000	   0.03648	 -92.72752	 -79.28836
 30	  4	 -47.33914	  -0.00000	  -0.00000	   0.03776	 -94.64051	 -79.70752
 30	  3	 -48.06330	  -0.00000	  -0.00000	   0.03954	 -96.08706	 -79.65910
 30	  2	 -48.54910	  -0.00000	  -0.00000	   0.04125	 -97.05694	 -79.13318
 30	  1	 -48.79291	  -0.00000	  -0.00000	   0.04325	 -97.54257	 -78.12236

 31	 30	  16.02347	  -0.00000	   0.00000	   0.04056	  32.08750	  56.36965
 31	 29	  13.55485	  -0.00000	   0.00000	   0.03534	  27.14505	  49.93773
 31	 28	  10.99538	  -0.00000	   0.00000	   0.03040	  22.02116	  43.32584
 31	 27	   8.35171	  -0.00000	   0.00000	   0.02681	  16.73022	  36.54873
 31	 26	   5.63161	  -0.00000	   0.00000	   0.02383	  11.28706	  29.62163
 31	 25	   2.84401	  -0.00000	   0.00000	   0.02152	   5.70954	  22.56303
 31	 24	  -0.00108	  -0.00000	  -0.00000	   0.01992	   0.01776	  15.39382
 31	 23	  -2.89258	  -0.00000	  -0.00000	   0.01876	  -5.76640	   8.13708
 31	 22	  -5.81836	  -0.00000	  -0.00000	   0.01829	 -11.61844	   0.81901
 31	 21	  -8.76534	  -0.00000	  -0.00000	   0.01886	 -17.51183	  -6.53122
 31	 20	 -11.71955	  -0.00000	  -0.00000	   0.02049	 -23.41860	 -13.88146
 31	 19	 -14.66622	  -0.00000	  -0.00000	   0.02373	 -29.30870	 -21.19448
 31	 18	 -17.58992	  -0.00000	  -0.00000	   0.02856	 -35.15127	 -28.42639
 31	 17	 -20.47465	  -0.00000	  -0.00000	   0.03383	 -40.91546	 -35.52033
 31	 16	 -23.30400	  -0.00000	  -0.00000	   0.03801	 -46.56999	 -42.38778
 31	 15	 -26.06130	  -0.00000	  -0.00000	   0.04094	 -52.08166	 -48.86074
 31	 14	 -28.72976	  -0.00000	  -0.00000	   0.04175	 -57.41777	 -54.63250
 31	 13	 -31.29265	  -0.00000	  -0.00000	   0.04053	 -62.54477	 -59.43975
 31	 12	 -33.73348	  -0.00000	  -0.00000	   0.03779	 -67.42917	 -63.42609
 31	 11	 -36.03615	  -0.00000	  -0.00000	   0.03544	 -72.03686	 -66.84956
 31	 10	 -38.18515	  -0.00000	  -0.00000	   0.03402	 -76.33629	 -69.83310
 31	  9	 -40.16573	  -0.00000	  -0.00000	   0.03347	 -80.29800	 -72.41289
 31	  8	 -41.96405	  -0.00000	  -0.00000	   0.03328	 -83.89482	 -74.59114
 31	  7	 -43.56735	  -0.00000	  -0.00000	   0.03369	 -87.10102	 -76.35664
 31	  6	 -44.96412	  -0.00000	  -0.00000	   0.03444	 -89.89380	 -77.69441
 31	  5	 -46.14421	  -0.00000	  -0.00000	   0.03558	 -92.25283	 -78.58870
 31	  4	 -47.09895	  -0.00000	  -0.00000	   0.03715	 -94.16076	 -79.02497
 31	  3	 -47.82131	  -0.00000	  -0.00000	   0.03895	 -95.60366	 -78.99115
 31	  2	 -48.30589	  -0.00000	  -0.00000	   0.04083	 -96.57096	 -78.47789
 31	  1	 -48.54910	  -0.00000	  -0.00000	   0.04310	 -97.05509	 -77.47852

 32	 30	  16.18721	  -0.00000	   0.00000	   0.04056	  32.41499	  56.91439
 32	 29	  13.73091	  -0.00000	   0.00000	   0.03534	  27.49716	  50.52114
 32	 28	  11.18420	  -0.00000	   0.00000	   0.03010	  22.39850	  43.95048
 32	 27	   8.55371	  -0.00000	   0.00000	   0.02619	  17.13362	  37.21771
 32	 26	   5.84719	  -0.00000	   0.00000	   0.02315	  11.71752	  30.33886
 32	 25	   3.07349	  -0.00000	   0.00000	   0.02054	   6.16751	  23.33253
 32	 24	   0.24258	  -0.00000	   0.00000	   0.01864	   0.50380	  16.22071
 32	 23	  -2.63450	  -0.00000	  -0.00000	   0.01712	  -5.25187	   9.02765
 32	 22	  -5.54568	  -0.00000	  -0.00000	   0.01677	 -11.07460	   1.78184
 32	 21	  -8.47796	  -0.00000	  -0.00000	   0.01691	 -16.93902	  -5.48601
 32	 20	 -11.41744	  -0.00000	  -0.00000	   0.01807	 -22.81680	 -12.73935
 32	 19	 -14.34941	  -0.00000	  -0.00000	   0.02081	 -28.67801	 -19.93511
 32	 18	 -17.25853	  -0.00000	  -0.00000	   0.02500	 -34.49205	 -27.02065
 32	 17	 -20.12887	  -0.00000	  -0.00000	   0.02962	 -40.22812	 -33.92691
 32	 16	 -22.94411	  -0.00000	  -0.00000	   0.03328	 -45.85494	 -40.55507
 32	 15	 -25.68766	  -0.00000	  -0.00000	   0.03561	 -51.33971	 -46.76018
 32	 14	 -28.34281	  -0.00000	  -0.00000	   0.03603	 -56.64959	 -52.36526
 32	 13	 -30.89292	  -0.00000	  -0.00000	   0.03493	 -61.75091	 -57.25214
 32	 12	 -33.32157	  -0.00000	  -0.00000	   0.03307	 -66.61008	 -61.45039
 32	 11	 -35.61276	  -0.00000	  -0.00000	   0.03131	 -71.19421	 -65.07001
 32	 10	 -37.75104	  -0.00000	  -0.00000	   0.03082	 -75.47127	 -68.19877
 32	  9	 -39.72174	  -0.00000	  -0.00000	   0.03082	 -79.41266	 -70.88197
 32	  8	 -41.51109	  -0.00000	  -0.00000	   0.03113	 -82.99106	 -73.13428
 32	  7	 -43.10640	  -0.00000	  -0.00000	   0.03195	 -86.18085	 -74.95411
 32	  6	 -44.49620	  -0.00000	  -0.00000	   0.03297	 -88.95943	 -76.33315
 32	  5	 -45.67040	  -0.00000	  -0.00000	   0.03433	 -91.30648	 -77.25990
 32	  4	 -46.62039	  -0.00000	  -0.00000	   0.03603	 -93.20475	 -77.72283
 32	  3	 -47.33914	  -0.00000	  -0.00000	   0.03805	 -94.64023	 -77.71175
 32	  2	 -47.82131	  -0.00000	  -0.00000	   0.04022	 -95.60240	 -77.21880
 32	  1	 -48.06330	  -0.00000	  -0.00000	   0.04259	 -96.08401	 -76.23860

 33	 30	  16.43130	  -0.00000	   0.00000	   0.04056	  32.90315	  57.70877
 33	 29	  13.99335	  -0.00000	   0.00000	   0.03534	  28.02203	  51.37159
 33	 28	  11.46567	  -0.00000	   0.00000	   0.02983	  22.96117	  44.86060
 33	 27	   8.85483	  -0.00000	   0.00000	   0.02561	  17.73528	  38.19178
 33	 26	   6.16853	  -0.00000	   0.00000	   0.02238	  12.35944	  31.38185
 33	 25	   3.41556	  -0.00000	   0.00000	   0.01987	   6.85099	  24.45029
 33	 24	   0.60580	  -0.00000	   0.00000	   0.01776	   1.22937	  17.41946
 33	 23	  -2.24978	  -0.00000	  -0.00000	   0.01614	  -4.48342	  10.31531
 33	 22	  -5.13921	  -0.00000	  -0.00000	   0.01535	 -10.26308	   3.16770
 33	 21	  -8.04958	  -0.00000	  -0.00000	   0.01499	 -16.08418	  -3.98999
 33	 20	 -10.96709	  -0.00000	  -0.00000	   0.01563	 -21.91855	 -11.11796
 33	 19	 -13.87716	  -0.00000	  -0.00000	   0.01789	 -27.73643	 -18.16898
 33	 18	 -16.76454	  -0.00000	  -0.00000	   0.02160	 -33.50748	 -25.08610
 33	 17	 -19.61343	  -0.00000	  -0.00000	   0.02565	 -39.20121	 -31.79831
 33	 16	 -22.40764	  -0.00000	  -0.00000	   0.02855	 -44.78673	 -38.21510
 33	 15	 -25.13069	  -0.00000	  -0.00000	   0.03041	 -50.23096	 -44.22514
 33	 14	 -27.76600	  -0.00000	  -0.00000	   0.03060	 -55.50140	 -49.71752
 33	 13	 -30.29705	  -0.00000	  -0.00000	   0.02981	 -60.56430	 -54.61983
 33	 12	 -32.70756	  -0.00000	  -0.00000	   0.02842	 -65.38670	 -58.92758
 33	 11	 -34.98163	  -0.00000	  -0.00000	   0.02753	 -69.93573	 -62.68289
 33	 10	 -37.10394	  -0.00000	  -0.00000	   0.02759	 -74.18028	 -65.93486
 33	  9	 -39.05991	  -0.00000	  -0.00000	   0.02816	 -78.09167	 -68.71774
 33	  8	 -40.83589	  -0.00000	  -0.00000	   0.02900	 -81.64278	 -71.04779
 33	  7	 -42.41928	  -0.00000	  -0.00000	   0.03017	 -84.80838	 -72.92826
 33	  6	 -43.79869	  -0.00000	  -0.00000	   0.03148	 -87.56591	 -74.35528
 33	  5	 -44.96412	  -0.00000	  -0.00000	   0.03293	 -89.89531	 -75.32122
 33	  4	 -45.90701	  -0.00000	  -0.00000	   0.03474	 -91.77928	 -75.81721
 33	  3	 -46.62039	  -0.00000	  -0.00000	   0.03694	 -93.20384	 -75.83516
 33	  2	 -47.09895	  -0.00000	  -0.00000	   0.03922	 -94.15869	 -75.36894
 33	  1	 -47.33914	  -0.00000	  -0.00000	   0.04203	 -94.63625	 -74.41403

 34	 30	  16.75391	  -0.00000	   0.00000	   0.04056	  33.54838	  58.74592
 34	 29	  14.34022	  -0.00000	   0.00000	   0.03549	  28.71593	  52.48144
 34	 28	  11.83769	  -0.00000	   0.00000	   0.03008	  23.70545	  46.04785
 34	 27	   9.25283	  -0.00000	   0.00000	   0.02554	  18.53120	  39.46123
 34	 26	   6.59326	  -0.00000	   0.00000	   0.02223	  13.20874	  32.73948
 34	 25	   3.86768	  -0.00000	   0.00000	   0.01974	   7.75509	  25.90263
 34	 24	   1.08588	  -0.00000	   0.00000	   0.01756	   2.18932	  18.97374
 34	 23	  -1.74129	  -0.00000	  -0.00000	   0.01613	  -3.46644	  11.98025
 34	 22	  -4.60197	  -0.00000	  -0.00000	   0.01512	  -9.18882	   4.95274
 34	 21	  -7.48338	  -0.00000	  -0.00000	   0.01446	 -14.95231	  -2.07337
 34	 20	 -10.37186	  -0.00000	  -0.00000	   0.01460	 -20.72912	  -9.05648
 34	 19	 -13.25297	  -0.00000	  -0.00000	   0.01635	 -26.48959	 -15.94759
 34	 18	 -16.11162	  -0.00000	  -0.00000	   0.01940	 -32.20384	 -22.68978
 34	 17	 -18.93217	  -0.00000	  -0.00000	   0.02280	 -37.84154	 -29.21595
 34	 16	 -21.69857	  -0.00000	  -0.00000	   0.02533	 -43.37182	 -35.44817
 34	 15	 -24.39453	  -0.00000	  -0.00000	   0.02670	 -48.76235	 -41.30128
 34	 14	 -27.00362	  -0.00000	  -0.00000	   0.02679	 -53.98045	 -46.69683
 34	 13	 -29.50949	  -0.00000	  -0.00000	   0.02622	 -58.99276	 -51.58098
 34	 12	 -31.89601	  -0.00000	  -0.00000	   0.02521	 -63.76681	 -55.93624
 34	 11	 -34.14745	  -0.00000	  -0.00000	   0.02490	 -68.27001	 -59.77287
 34	 10	 -36.24864	  -0.00000	  -0.00000	   0.02544	 -72.47184	 -63.11317
 34	  9	 -38.18515	  -0.00000	  -0.00000	   0.02662	 -76.34368	 -65.97700
 34	  8	 -39.94346	  -0.00000	  -0.00000	   0.02774	 -79.85918	 -68.37651
 34	  7	 -41.51109	  -0.00000	  -0.00000	   0.02910	 -82.99309	 -70.31495
 34	  6	 -42.87679	  -0.00000	  -0.00000	   0.03051	 -85.72306	 -71.79042
 34	  5	 -44.03062	  -0.00000	  -0.00000	   0.03199	 -88.02925	 -72.79764
 34	  4	 -44.96412	  -0.00000	  -0.00000	   0.03368	 -89.89456	 -73.32998
 34	  3	 -45.67040	  -0.00000	  -0.00000	   0.03585	 -91.30495	 -73.38098
 34	  2	 -46.14421	  -0.00000	  -0.00000	   0.03834	 -92.25007	 -72.94587
 34	  1	 -46.38200	  -0.00000	  -0.00000	   0.04148	 -92.72252	 -72.02142

 35	 30	  17.15266	  -0.00000	   0.00000	   0.04074	  34.34606	  60.01733
 35	 29	  14.76895	  -0.00000	   0.00000	   0.03596	  29.57387	  53.84107
 35	 28	  12.29751	  -0.00000	   0.00000	   0.03097	  24.62599	  47.50132
 35	 27	   9.74476	  -0.00000	   0.00000	   0.02618	  19.51571	  41.01371
 35	 26	   7.11823	  -0.00000	   0.00000	   0.02283	  14.25929	  34.39750
 35	 25	   4.42651	  -0.00000	   0.00000	   0.02036	   8.87337	  27.67313
 35	 24	   1.67927	  -0.00000	   0.00000	   0.01828	   3.37681	  20.86437
 35	 23	  -1.11278	  -0.00000	  -0.00000	   0.01689	  -2.20867	  13.99929
 35	 22	  -3.93793	  -0.00000	  -0.00000	   0.01583	  -7.86003	   7.10932
 35	 21	  -6.78355	  -0.00000	  -0.00000	   0.01497	 -13.55213	   0.23065
 35	 20	  -9.63615	  -0.00000	  -0.00000	   0.01480	 -19.25749	  -6.59462
 35	 19	 -12.48147	  -0.00000	  -0.00000	   0.01603	 -24.94691	 -13.31799
 35	 18	 -15.30461	  -0.00000	  -0.00000	   0.01860	 -30.59061	 -19.88477
 35	 17	 -18.09012	  -0.00000	  -0.00000	   0.02152	 -36.15871	 -26.23407
 35	 16	 -20.82216	  -0.00000	  -0.00000	   0.02368	 -41.62063	 -32.29958
 35	 15	 -23.48462	  -0.00000	  -0.00000	   0.02468	 -46.94456	 -38.01342
 35	 14	 -26.06130	  -0.00000	  -0.00000	   0.02491	 -52.09769	 -43.31425
 35	 13	 -28.53604	  -0.00000	  -0.00000	   0.02428	 -57.04781	 -48.15780
 35	 12	 -30.89292	  -0.00000	  -0.00000	   0.02361	 -61.76223	 -52.52017
 35	 11	 -33.11639	  -0.00000	  -0.00000	   0.02380	 -66.20898	 -56.39577
 35	 10	 -35.19148	  -0.00000	  -0.00000	   0.02466	 -70.35830	 -59.79030
 35	  9	 -37.10394	  -0.00000	  -0.00000	   0.02605	 -74.18182	 -62.71160
 35	  8	 -38.84040	  -0.00000	  -0.00000	   0.02722	 -77.65359	 -65.16562
 35	  7	 -40.38856	  -0.00000	  -0.00000	   0.02858	 -80.74854	 -67.15322
 35	  6	 -41.73729	  -0.00000	  -0.00000	   0.02999	 -83.44459	 -68.67244
 35	  5	 -42.87679	  -0.00000	  -0.00000	   0.03146	 -85.72211	 -69.71899
 35	  4	 -43.79869	  -0.00000	  -0.00000	   0.03311	 -87.56428	 -70.28762
 35	  3	 -44.49620	  -0.00000	  -0.00000	   0.03523	 -88.95718	 -70.37314
 35	  2	 -44.96412	  -0.00000	  -0.00000	   0.03778	 -89.89046	 -69.97188
 35	  1	 -45.19896	  -0.00000	  -0.00000	   0.04117	 -90.35675	 -69.08156

 36	 30	  17.62463	  -0.00000	   0.00000	   0.04118	  35.29045	  61.51280
 36	 29	  15.27641	  -0.00000	   0.00000	   0.03689	  30.58971	  55.43916
 36	 28	  12.84176	  -0.00000	   0.00000	   0.03238	  25.71591	  49.20801
 36	 27	  10.32702	  -0.00000	   0.00000	   0.02760	  20.68164	  42.83479
 36	 26	   7.73959	  -0.00000	   0.00000	   0.02399	  15.50317	  36.33933
 36	 25	   5.08794	  -0.00000	   0.00000	   0.02147	  10.19735	  29.74291
 36	 24	   2.38160	  -0.00000	   0.00000	   0.01942	   4.78263	  23.06957
 36	 23	  -0.36887	  -0.00000	  -0.00000	   0.01803	  -0.71972	  16.34767
 36	 22	  -3.15196	  -0.00000	  -0.00000	   0.01697	  -6.28696	   9.60893
 36	 21	  -5.95522	  -0.00000	  -0.00000	   0.01611	 -11.89432	   2.88954
 36	 20	  -8.76534	  -0.00000	  -0.00000	   0.01575	 -17.51494	  -3.76917
 36	 19	 -11.56830	  -0.00000	  -0.00000	   0.01665	 -23.11995	 -10.32036
 36	 18	 -14.34941	  -0.00000	  -0.00000	   0.01877	 -28.68005	 -16.71289
 36	 17	 -17.09345	  -0.00000	  -0.00000	   0.02128	 -34.16562	 -22.89192
 36	 16	 -19.78482	  -0.00000	  -0.00000	   0.02306	 -39.54657	 -28.80042
 36	 15	 -22.40764	  -0.00000	  -0.00000	   0.02388	 -44.79140	 -34.38164
 36	 14	 -24.94596	  -0.00000	  -0.00000	   0.02416	 -49.86775	 -39.58443
 36	 13	 -27.38386	  -0.00000	  -0.00000	   0.02344	 -54.74427	 -44.36978
 36	 12	 -29.70564	  -0.00000	  -0.00000	   0.02305	 -59.38823	 -48.71053
 36	 11	 -31.89601	  -0.00000	  -0.00000	   0.02350	 -63.76852	 -52.59279
 36	 10	 -33.94021	  -0.00000	  -0.00000	   0.02457	 -67.85584	 -56.01184
 36	  9	 -35.82419	  -0.00000	  -0.00000	   0.02596	 -71.62242	 -58.96684
 36	  8	 -37.53480	  -0.00000	  -0.00000	   0.02712	 -75.04248	 -61.45767
 36	  7	 -39.05991	  -0.00000	  -0.00000	   0.02848	 -78.09134	 -63.48207
 36	  6	 -40.38856	  -0.00000	  -0.00000	   0.02990	 -80.74722	 -65.03691
 36	  5	 -41.51109	  -0.00000	  -0.00000	   0.03137	 -82.99082	 -66.11783
 36	  4	 -42.41928	  -0.00000	  -0.00000	   0.03299	 -84.80556	 -66.72018
 36	  3	 -43.10640	  -0.00000	  -0.00000	   0.03512	 -86.17767	 -66.83952
 36	  2	 -43.56735	  -0.00000	  -0.00000	   0.03779	 -87.09691	 -66.47295
 36	  1	 -43.79869	  -0.00000	  -0.00000	   0.04124	 -87.55615	 -65.61917

 37	 30	  18.16639	  -0.00000	   0.00000	   0.04185	  36.37463	  63.22066
 37	 29	  15.85891	  -0.00000	   0.00000	   0.03803	  31.75585	  57.26257
 37	 28	  13.46650	  -0.00000	   0.00000	   0.03400	  26.96700	  51.15328
 37	 27	  10.99538	  -0.00000	   0.00000	   0.02970	  22.02046	  44.90844
 37	 26	   8.45284	  -0.00000	   0.00000	   0.02560	  16.93127	  38.54708
 37	 25	   5.84719	  -0.00000	   0.00000	   0.02287	  11.71724	  32.09190
 37	 24	   3.18780	  -0.00000	   0.00000	   0.02075	   6.39634	  25.56690
 37	 23	   0.48503	  -0.00000	   0.00000	   0.01935	   0.98942	  19.00034
 37	 22	  -2.24978	  -0.00000	  -0.00000	   0.01829	  -4.48127	  12.42367
 37	 21	  -5.00440	  -0.00000	  -0.00000	   0.01743	  -9.99137	   5.87244
 37	 20	  -7.76578	  -0.00000	  -0.00000	   0.01703	 -15.51452	  -0.61339
 37	 19	 -10.52011	  -0.00000	  -0.00000	   0.01772	 -21.02250	  -6.98942
 37	 18	 -13.25297	  -0.00000	  -0.00000	   0.01942	 -26.48653	 -13.20833
 37	 17	 -15.94941	  -0.00000	  -0.00000	   0.02156	 -31.87726	 -19.22048
 37	 16	 -18.59409	  -0.00000	  -0.00000	   0.02294	 -37.16523	 -24.97599
 37	 15	 -21.17141	  -0.00000	  -0.00000	   0.02393	 -42.31889	 -30.42515
 37	 14	 -23.66569	  -0.00000	  -0.00000	   0.02402	 -47.30737	 -35.52414
 37	 13	 -26.06130	  -0.00000	  -0.00000	   0.02344	 -52.09916	 -40.23629
 37	 12	 -28.34281	  -0.00000	  -0.00000	   0.02307	 -56.66255	 -44.53361
 37	 11	 -30.49518	  -0.00000	  -0.00000	   0.02356	 -60.96680	 -48.39721
 37	 10	 -32.50391	  -0.00000	  -0.00000	   0.02466	 -64.98317	 -51.81585
 37	  9	 -34.35521	  -0.00000	  -0.00000	   0.02605	 -68.68438	 -54.78253
 37	  8	 -36.03615	  -0.00000	  -0.00000	   0.02722	 -72.04509	 -57.29229
 37	  7	 -37.53480	  -0.00000	  -0.00000	   0.02858	 -75.04103	 -59.33981
 37	  6	 -38.84040	  -0.00000	  -0.00000	   0.02999	 -77.65082	 -60.92025
 37	  5	 -39.94346	  -0.00000	  -0.00000	   0.03146	 -79.85546	 -62.02865
 37	  4	 -40.83589	  -0.00000	  -0.00000	   0.03310	 -81.63867	 -62.66030
 37	  3	 -41.51109	  -0.00000	  -0.00000	   0.03536	 -82.98683	 -62.81105
 37	  2	 -41.96405	  -0.00000	  -0.00000	   0.03826	 -83.88983	 -62.47849
 37	  1	 -42.19138	  -0.00000	  -0.00000	   0.04185	 -84.34091	 -61.66209

 38	 30	  18.77405	  -0.00000	   0.00000	   0.04278	  37.59087	  65.12825
 38	 29	  16.51225	  -0.00000	   0.00000	   0.03945	  33.06396	  59.29734
 38	 28	  14.16721	  -0.00000	   0.00000	   0.03590	  28.37033	  53.32177
 38	 27	  11.74503	  -0.00000	   0.00000	   0.03208	  23.52214	  47.21724
 38	 26	   9.25283	  -0.00000	   0.00000	   0.02817	  18.53384	  41.00250
 38	 25	   6.69878	  -0.00000	   0.00000	   0.02478	  13.42233	  34.69966
 38	 24	   4.09205	  -0.00000	   0.00000	   0.02251	   8.20660	  28.33390
 38	 23	   1.44280	  -0.00000	   0.00000	   0.02104	   2.90665	  21.93271
 38	 22	  -1.23785	  -0.00000	  -0.00000	   0.01997	  -2.45574	  15.52688
 38	 21	  -3.93793	  -0.00000	  -0.00000	   0.01912	  -7.85674	   9.15085
 38	 20	  -6.64463	  -0.00000	  -0.00000	   0.01876	 -13.27050	   2.84290
 38	 19	  -9.34443	  -0.00000	  -0.00000	   0.01929	 -18.66957	  -3.35536
 38	 18	 -12.02317	  -0.00000	  -0.00000	   0.02070	 -24.02564	  -9.40004
 38	 17	 -14.66622	  -0.00000	  -0.00000	   0.02250	 -29.30994	 -15.24609
 38	 16	 -17.25853	  -0.00000	  -0.00000	   0.02395	 -34.49310	 -20.84849
 38	 15	 -19.78482	  -0.00000	  -0.00000	   0.02461	 -39.54502	 -26.16373
 38	 14	 -22.22971	  -0.00000	  -0.00000	   0.02467	 -44.43475	 -31.15159
 38	 13	 -24.57788	  -0.00000	  -0.00000	   0.02427	 -49.13149	 -35.77763
 38	 12	 -26.81421	  -0.00000	  -0.00000	   0.02389	 -53.60453	 -40.01376
 38	 11	 -28.92396	  -0.00000	  -0.00000	   0.02417	 -57.82375	 -43.83831
 38	 10	 -30.89292	  -0.00000	  -0.00000	   0.02512	 -61.76072	 -47.23571
 38	  9	 -32.70756	  -0.00000	  -0.00000	   0.02645	 -65.38868	 -50.19462
 38	  8	 -34.35521	  -0.00000	  -0.00000	   0.02761	 -68.68281	 -52.70650
 38	  7	 -35.82419	  -0.00000	  -0.00000	   0.02897	 -71.61941	 -54.76336
 38	  6	 -37.10394	  -0.00000	  -0.00000	   0.03039	 -74.17749	 -56.35869
 38	  5	 -38.18515	  -0.00000	  -0.00000	   0.03186	 -76.33845	 -57.48658
 38	  4	 -39.05991	  -0.00000	  -0.00000	   0.03366	 -78.08616	 -58.14182
 38	  3	 -39.72174	  -0.00000	  -0.00000	   0.03629	 -79.40720	 -58.32024
 38	  2	 -40.16573	  -0.00000	  -0.00000	   0.03945	 -80.29201	 -58.01998
 38	  1	 -40.38856	  -0.00000	  -0.00000	   0.04278	 -80.73434	 -57.24121

 39	 30	  19.44329	  -0.00000	   0.00000	   0.04380	  38.93038	  67.22181
 39	 29	  17.23182	  -0.00000	   0.00000	   0.04095	  34.50458	  61.52843
 39	 28	  14.93895	  -0.00000	   0.00000	   0.03789	  29.91579	  55.69702
 39	 27	  12.57066	  -0.00000	   0.00000	   0.03454	  25.17586	  49.74322
 39	 26	  10.13391	  -0.00000	   0.00000	   0.03112	  20.29893	  43.68565
 39	 25	   7.63668	  -0.00000	   0.00000	   0.02766	  15.30102	  37.54562
 39	 24	   5.08794	  -0.00000	   0.00000	   0.02494	  10.20082	  31.34806
 39	 23	   2.49764	  -0.00000	   0.00000	   0.02306	   5.01834	  25.12031
 39	 22	  -0.12337	  -0.00000	  -0.00000	   0.02195	  -0.22480	  18.89254
 39	 21	  -2.76338	  -0.00000	  -0.00000	   0.02110	  -5.50565	  12.69753
 39	 20	  -5.40986	  -0.00000	  -0.00000	   0.02076	 -10.79896	   6.57169
 39	 19	  -8.04958	  -0.00000	  -0.00000	   0.02124	 -16.07793	   0.55405
 39	 18	 -10.66873	  -0.00000	  -0.00000	   0.02253	 -21.31493	  -5.31474
 39	 17	 -13.25297	  -0.00000	  -0.00000	   0.02410	 -26.48184	 -10.99347
 39	 16	 -15.78760	  -0.00000	  -0.00000	   0.02528	 -31.54993	 -16.44122
 39	 15	 -18.25769	  -0.00000	  -0.00000	   0.02581	 -36.48956	 -21.61823
 39	 14	 -20.64818	  -0.00000	  -0.00000	   0.02594	 -41.27043	 -26.48734
 39	 13	 -22.94411	  -0.00000	  -0.00000	   0.02550	 -45.86273	 -31.01606
 39	 12	 -25.13069	  -0.00000	  -0.00000	   0.02523	 -50.23614	 -35.17604
 39	 11	 -27.19350	  -0.00000	  -0.00000	   0.02536	 -54.36164	 -38.94443
 39	 10	 -29.11865	  -0.00000	  -0.00000	   0.02618	 -58.21111	 -42.30283
 39	  9	 -30.89292	  -0.00000	  -0.00000	   0.02718	 -61.75865	 -45.23724
 39	  8	 -32.50391	  -0.00000	  -0.00000	   0.02830	 -64.97953	 -47.73597
 39	  7	 -33.94021	  -0.00000	  -0.00000	   0.02963	 -67.85078	 -49.78911
 39	  6	 -35.19148	  -0.00000	  -0.00000	   0.03107	 -70.35189	 -51.38858
 39	  5	 -36.24864	  -0.00000	  -0.00000	   0.03270	 -72.46458	 -52.52741
 39	  4	 -37.10394	  -0.00000	  -0.00000	   0.03503	 -74.17284	 -53.19966
 39	  3	 -37.75104	  -0.00000	  -0.00000	   0.03789	 -75.46420	 -53.40162
 39	  2	 -38.18515	  -0.00000	  -0.00000	   0.04095	 -76.32936	 -53.13149
 39	  1	 -38.40302	  -0.00000	  -0.00000	   0.04380	 -76.76225	 -52.38963

 40	 30	  20.16944	  -0.00000	   0.00000	   0.04485	  40.38373	  69.48704
 40	 29	  18.01257	  -0.00000	   0.00000	   0.04248	  36.06762	  63.94030
 40	 28	  15.77632	  -0.00000	   0.00000	   0.03990	  31.59253	  58.26217
 40	 27	  13.46650	  -0.00000	   0.00000	   0.03704	  26.97003	  52.46813
 40	 26	  11.08991	  -0.00000	   0.00000	   0.03409	  22.21391	  46.57651
 40	 25	   8.65434	  -0.00000	   0.00000	   0.03112	  17.33979	  40.60822
 40	 24	   6.16853	  -0.00000	   0.00000	   0.02817	  12.36524	  34.58692
 40	 23	   3.64218	  -0.00000	   0.00000	   0.02578	   7.31014	  28.53953
 40	 22	   1.08588	  -0.00000	   0.00000	   0.02454	   2.19630	  22.49582
 40	 21	  -1.48894	  -0.00000	  -0.00000	   0.02368	  -2.95420	  16.48683
 40	 20	  -4.07008	  -0.00000	  -0.00000	   0.02335	  -8.11681	  10.54699
 40	 19	  -6.64463	  -0.00000	  -0.00000	   0.02379	 -13.26547	   4.71286
 40	 18	  -9.19911	  -0.00000	  -0.00000	   0.02488	 -18.37334	  -0.97783
 40	 17	 -11.71955	  -0.00000	  -0.00000	   0.02606	 -23.41304	  -6.48710
 40	 16	 -14.19160	  -0.00000	  -0.00000	   0.02699	 -28.35621	 -11.77698
 40	 15	 -16.60069	  -0.00000	  -0.00000	   0.02762	 -33.17377	 -16.81057
 40	 14	 -18.93217	  -0.00000	  -0.00000	   0.02766	 -37.83668	 -21.55363
 40	 13	 -21.17141	  -0.00000	  -0.00000	   0.02739	 -42.31543	 -25.97465
 40	 12	 -23.30400	  -0.00000	  -0.00000	   0.02694	 -46.58106	 -30.04611
 40	 11	 -25.31588	  -0.00000	  -0.00000	   0.02696	 -50.60480	 -33.74395
 40	 10	 -27.19350	  -0.00000	  -0.00000	   0.02771	 -54.35929	 -37.04827
 40	  9	 -28.92396	  -0.00000	  -0.00000	   0.02861	 -57.81932	 -39.94322
 40	  8	 -30.49518	  -0.00000	  -0.00000	   0.02967	 -60.96069	 -42.41512
 40	  7	 -31.89601	  -0.00000	  -0.00000	   0.03102	 -63.76100	 -44.45241
 40	  6	 -33.11639	  -0.00000	  -0.00000	   0.03257	 -66.20021	 -46.04568
 40	  5	 -34.14745	  -0.00000	  -0.00000	   0.03458	 -68.26032	 -47.18691
 40	  4	 -34.98163	  -0.00000	  -0.00000	   0.03704	 -69.92622	 -47.87011
 40	  3	 -35.61276	  -0.00000	  -0.00000	   0.03990	 -71.18562	 -48.09113
 40	  2	 -36.03615	  -0.00000	  -0.00000	   0.04248	 -72.02982	 -47.84844
 40	  1	 -36.24864	  -0.00000	  -0.00000	   0.04485	 -72.45243	 -47.14191

 41	 30	  20.94752	  -0.00000	   0.00000	   0.04587	  41.94091	  71.90923
 41	 29	  18.84915	  -0.00000	   0.00000	   0.04398	  37.74229	  66.51700
 41	 28	  16.67356	  -0.00000	   0.00000	   0.04188	  33.38900	  61.00000
 41	 27	  14.42639	  -0.00000	   0.00000	   0.03950	  28.89228	  55.37343
 41	 26	  12.11427	  -0.00000	   0.00000	   0.03704	  24.26558	  49.65523
 41	 25	   9.74476	  -0.00000	   0.00000	   0.03454	  19.52407	  43.86576
 41	 24	   7.32639	  -0.00000	   0.00000	   0.03208	  14.68485	  38.02797
 41	 23	   4.86857	  -0.00000	   0.00000	   0.02970	   9.76683	  32.16738
 41	 22	   2.38160	  -0.00000	   0.00000	   0.02777	   4.79098	  26.31232
 41	 21	  -0.12337	  -0.00000	  -0.00000	   0.02675	  -0.21999	  20.49356
 41	 20	  -2.63450	  -0.00000	  -0.00000	   0.02641	  -5.24258	  14.74328
 41	 19	  -5.13921	  -0.00000	  -0.00000	   0.02675	 -10.25168	   9.09563
 41	 18	  -7.62440	  -0.00000	  -0.00000	   0.02762	 -15.22119	   3.58577
 41	 17	 -10.07647	  -0.00000	  -0.00000	   0.02856	 -20.12438	  -1.75089
 41	 16	 -12.48147	  -0.00000	  -0.00000	   0.02925	 -24.93368	  -6.87908
 41	 15	 -14.82522	  -0.00000	  -0.00000	   0.02974	 -29.62069	 -11.76427
 41	 14	 -17.09345	  -0.00000	  -0.00000	   0.02993	 -34.15697	 -16.37396
 41	 13	 -19.27195	  -0.00000	  -0.00000	   0.02963	 -38.51427	 -20.67838
 41	 12	 -21.34669	  -0.00000	  -0.00000	   0.02924	 -42.66414	 -24.65019
 41	 11	 -23.30400	  -0.00000	  -0.00000	   0.02931	 -46.57869	 -28.26515
 41	 10	 -25.13069	  -0.00000	  -0.00000	   0.02970	 -50.23168	 -31.50285
 41	  9	 -26.81421	  -0.00000	  -0.00000	   0.03054	 -53.59788	 -34.34554
 41	  8	 -28.34281	  -0.00000	  -0.00000	   0.03162	 -56.65400	 -36.77849
 41	  7	 -29.70564	  -0.00000	  -0.00000	   0.03309	 -59.37820	 -38.78889
 41	  6	 -30.89292	  -0.00000	  -0.00000	   0.03488	 -61.75096	 -40.36632
 41	  5	 -31.89601	  -0.00000	  -0.00000	   0.03704	 -63.75499	 -41.50220
 41	  4	 -32.70756	  -0.00000	  -0.00000	   0.03950	 -65.37562	 -42.19007
 41	  3	 -33.32157	  -0.00000	  -0.00000	   0.04188	 -66.60127	 -42.42580
 41	  2	 -33.73348	  -0.00000	  -0.00000	   0.04398	 -67.42297	 -42.20717
 41	  1	 -33.94021	  -0.00000	  -0.00000	   0.04587	 -67.83454	 -41.53397

 42	 30	  21.77228	  -0.00000	   0.00000	   0.04681	  43.59136	  74.47337
 42	 29	  19.73593	  -0.00000	   0.00000	   0.04540	  39.51726	  69.24236
 42	 28	  17.62463	  -0.00000	   0.00000	   0.04378	  35.29304	  63.89314
 42	 27	  15.44388	  -0.00000	   0.00000	   0.04188	  30.92964	  58.44052
 42	 26	  13.20009	  -0.00000	   0.00000	   0.03990	  26.44008	  52.90198
 42	 25	  10.90062	  -0.00000	   0.00000	   0.03789	  21.83912	  47.29723
 42	 24	   8.55371	  -0.00000	   0.00000	   0.03590	  17.14333	  41.64841
 42	 23	   6.16853	  -0.00000	   0.00000	   0.03400	  12.37107	  35.98001
 42	 22	   3.75507	  -0.00000	   0.00000	   0.03238	   7.54252	  30.31895
 42	 21	   1.32412	  -0.00000	   0.00000	   0.03097	   2.67922	  24.69397
 42	 20	  -1.11278	  -0.00000	  -0.00000	   0.03046	  -2.19511	  19.13639
 42	 19	  -3.54347	  -0.00000	  -0.00000	   0.03059	  -7.05636	  13.67806
 42	 18	  -5.95522	  -0.00000	  -0.00000	   0.03116	 -11.87927	   8.35188
 42	 17	  -8.33481	  -0.00000	  -0.00000	   0.03170	 -16.63793	   3.19091
 42	 16	 -10.66873	  -0.00000	  -0.00000	   0.03217	 -21.30529	  -1.77157
 42	 15	 -12.94321	  -0.00000	  -0.00000	   0.03248	 -25.85395	  -6.50324
 42	 14	 -15.14441	  -0.00000	  -0.00000	   0.03255	 -30.25627	 -10.97329
 42	 13	 -17.25853	  -0.00000	  -0.00000	   0.03248	 -34.48457	 -15.15282
 42	 12	 -19.27195	  -0.00000	  -0.00000	   0.03233	 -38.51157	 -19.01541
 42	 11	 -21.17141	  -0.00000	  -0.00000	   0.03221	 -42.31061	 -22.53731
 42	 10	 -22.94411	  -0.00000	  -0.00000	   0.03254	 -45.85568	 -25.69713
 42	  9	 -24.57788	  -0.00000	  -0.00000	   0.03340	 -49.12235	 -28.47652
 42	  8	 -26.06130	  -0.00000	  -0.00000	   0.03454	 -52.08806	 -30.85992
 42	  7	 -27.38386	  -0.00000	  -0.00000	   0.03606	 -54.73165	 -32.83377
 42	  6	 -28.53604	  -0.00000	  -0.00000	   0.03789	 -57.03420	 -34.38689
 42	  5	 -29.50949	  -0.00000	  -0.00000	   0.03990	 -58.97908	 -35.51029
 42	  4	 -30.29705	  -0.00000	  -0.00000	   0.04188	 -60.55223	 -36.19720
 42	  3	 -30.89292	  -0.00000	  -0.00000	   0.04378	 -61.74206	 -36.44283
 42	  2	 -31.29265	  -0.00000	  -0.00000	   0.04540	 -62.53990	 -36.24476
 42	  1	 -31.49327	  -0.00000	  -0.00000	   0.04681	 -62.93973	 -35.60261

 43	 30	  22.63828	  -0.00000	   0.00000	   0.04747	  45.32404	  77.16420
 43	 29	  20.66705	  -0.00000	   0.00000	   0.04655	  41.38065	  72.10002
 43	 28	  18.62327	  -0.00000	   0.00000	   0.04540	  37.29194	  66.92407
 43	 27	  16.51225	  -0.00000	   0.00000	   0.04398	  33.06849	  61.65077
 43	 26	  14.34022	  -0.00000	   0.00000	   0.04248	  28.72291	  56.29699
 43	 25	  12.11427	  -0.00000	   0.00000	   0.04095	  24.26949	  50.88177
 43	 24	   9.84241	  -0.00000	   0.00000	   0.03945	  19.72428	  45.42636
 43	 23	   7.53351	  -0.00000	   0.00000	   0.03803	  15.10504	  39.95419
 43	 22	   5.19722	  -0.00000	   0.00000	   0.03689	  10.43133	  34.49092
 43	 21	   2.84401	  -0.00000	   0.00000	   0.03596	   5.72399	  29.06380
 43	 20	   0.48503	  -0.00000	   0.00000	   0.03549	   1.00556	  23.70204
 43	 19	  -1.86793	  -0.00000	  -0.00000	   0.03534	  -3.70053	  18.43573
 43	 18	  -4.20255	  -0.00000	  -0.00000	   0.03550	  -8.36960	  13.29598
 43	 17	  -6.50606	  -0.00000	  -0.00000	   0.03569	 -12.97643	   8.31397
 43	 16	  -8.76534	  -0.00000	  -0.00000	   0.03586	 -17.49482	   3.52099
 43	 15	 -10.96709	  -0.00000	  -0.00000	   0.03603	 -21.89816	  -1.05235
 43	 14	 -13.09790	  -0.00000	  -0.00000	   0.03617	 -26.15962	  -5.37667
 43	 13	 -15.14441	  -0.00000	  -0.00000	   0.03617	 -30.25265	  -9.42443
 43	 12	 -17.09345	  -0.00000	  -0.00000	   0.03603	 -34.15088	 -13.16998
 43	 11	 -18.93217	  -0.00000	  -0.00000	   0.03601	 -37.82833	 -16.58966
 43	 10	 -20.64818	  -0.00000	  -0.00000	   0.03629	 -41.26008	 -19.66229
 43	  9	 -22.22971	  -0.00000	  -0.00000	   0.03704	 -44.42238	 -22.36907
 43	  8	 -23.66569	  -0.00000	  -0.00000	   0.03803	 -47.29336	 -24.69398
 43	  7	 -24.94596	  -0.00000	  -0.00000	   0.03945	 -49.85246	 -26.62285
 43	  6	 -26.06130	  -0.00000	  -0.00000	   0.04095	 -52.08165	 -28.14426
 43	  5	 -27.00362	  -0.00000	  -0.00000	   0.04248	 -53.96475	 -29.24873
 43	  4	 -27.76600	  -0.00000	  -0.00000	   0.04398	 -55.48801	 -29.92896
 43	  3	 -28.34281	  -0.00000	  -0.00000	   0.04540	 -56.64022	 -30.17989
 43	  2	 -28.72976	  -0.00000	  -0.00000	   0.04655	 -57.41297	 -29.99889
 43	  1	 -28.92396	  -0.00000	  -0.00000	   0.04747	 -57.80045	 -29.38539

 44	 30	  23.53996	  -0.00000	   0.00000	   0.04792	  47.12784	  79.96675
 44	 29	  21.63653	  -0.00000	   0.00000	   0.04747	  43.32053	  75.07391
 44	 28	  19.66304	  -0.00000	   0.00000	   0.04681	  39.37290	  70.07568
 44	 27	  17.62463	  -0.00000	   0.00000	   0.04587	  35.29514	  64.98595
 44	 26	  15.52730	  -0.00000	   0.00000	   0.04485	  31.09946	  59.82101
 44	 25	  13.37792	  -0.00000	   0.00000	   0.04380	  26.79964	  54.59912
 44	 24	  11.18420	  -0.00000	   0.00000	   0.04278	  22.41118	  49.34062
 44	 23	   8.95471	  -0.00000	   0.00000	   0.04185	  17.95126	  44.06788
 44	 22	   6.69878	  -0.00000	   0.00000	   0.04118	  13.43874	  38.80528
 44	 21	   4.42651	  -0.00000	   0.00000	   0.04074	   8.89375	  33.57866
 44	 20	   2.14866	  -0.00000	   0.00000	   0.04056	   4.33788	  28.41543
 44	 19	  -0.12337	  -0.00000	  -0.00000	   0.04056	  -0.20619	  23.34401
 44	 18	  -2.37770	  -0.00000	  -0.00000	   0.04056	  -4.71483	  18.39350
 44	 17	  -4.60197	  -0.00000	  -0.00000	   0.04056	  -9.16339	  13.59356
 44	 16	  -6.78355	  -0.00000	  -0.00000	   0.04056	 -13.52654	   8.97372
 44	 15	  -8.90957	  -0.00000	  -0.00000	   0.04056	 -17.77858	   4.56298
 44	 14	 -10.96709	  -0.00000	  -0.00000	   0.04056	 -21.89362	   0.38930
 44	 13	 -12.94321	  -0.00000	  -0.00000	   0.04056	 -25.84587	  -3.52072
 44	 12	 -14.82522	  -0.00000	  -0.00000	   0.04056	 -29.60987	  -7.14222
 44	 11	 -16.60069	  -0.00000	  -0.00000	   0.04056	 -33.16083	 -10.45226
 44	 10	 -18.25769	  -0.00000	  -0.00000	   0.04074	 -36.47464	 -13.42984
 44	  9	 -19.78482	  -0.00000	  -0.00000	   0.04118	 -39.52845	 -16.05621
 44	  8	 -21.17141	  -0.00000	  -0.00000	   0.04185	 -42.30098	 -18.31495
 44	  7	 -22.40764	  -0.00000	  -0.00000	   0.04278	 -44.77250	 -20.19176
 44	  6	 -23.48462	  -0.00000	  -0.00000	   0.04380	 -46.92544	 -21.67477
 44	  5	 -24.39453	  -0.00000	  -0.00000	   0.04485	 -48.74420	 -22.75421
 44	  4	 -25.13069	  -0.00000	  -0.00000	   0.04587	 -50.21550	 -23.42253
 44	  3	 -25.68766	  -0.00000	  -0.00000	   0.04681	 -51.32851	 -23.67445
 44	  2	 -26.06130	  -0.00000	  -0.00000	   0.04747	 -52.07513	 -23.50714
 44	  1	 -26.24882	  -0.00000	  -0.00000	   0.04792	 -52.44972	 -22.91985

 45	 30	  24.47166	  -0.00000	   0.00000	   0.04810	  48.99141	  82.86605
 45	 29	  22.63828	  -0.00000	   0.00000	   0.04794	  45.32450	  78.14790
 45	 28	  20.73743	  -0.00000	   0.00000	   0.04771	  41.52257	  73.33072
 45	 27	  18.77405	  -0.00000	   0.00000	   0.04725	  37.59534	  68.42783
 45	 26	  16.75391	  -0.00000	   0.00000	   0.04671	  33.55453	  63.45479
 45	 25	  14.68363	  -0.00000	   0.00000	   0.04614	  29.41341	  58.42907
 45	 24	  12.57066	  -0.00000	   0.00000	   0.04560	  25.18692	  53.37011
 45	 23	  10.42322	  -0.00000	   0.00000	   0.04515	  20.89159	  48.29917
 45	 22	   8.25032	  -0.00000	   0.00000	   0.04491	  16.54556	  43.23936
 45	 21	   6.06168	  -0.00000	   0.00000	   0.04476	  12.16812	  38.21505
 45	 20	   3.86768	  -0.00000	   0.00000	   0.04476	   7.78011	  33.25217
 45	 19	   1.67927	  -0.00000	   0.00000	   0.04476	   3.40329	  28.37746
 45	 18	  -0.49208	  -0.00000	  -0.00000	   0.04476	  -0.93941	  23.61853
 45	 17	  -2.63450	  -0.00000	  -0.00000	   0.04476	  -5.22424	  19.00336
 45	 16	  -4.73578	  -0.00000	  -0.00000	   0.04476	  -9.42680	  14.55985
 45	 15	  -6.78355	  -0.00000	  -0.00000	   0.04476	 -13.52234	  10.31551
 45	 14	  -8.76534	  -0.00000	  -0.00000	   0.04476	 -17.48593	   6.29698
 45	 13	 -10.66873	  -0.00000	  -0.00000	   0.04476	 -21.29271	   2.52976
 45	 12	 -12.48147	  -0.00000	  -0.00000	   0.04476	 -24.91818	  -0.96211
 45	 11	 -14.19160	  -0.00000	  -0.00000	   0.04476	 -28.33844	  -4.15628
 45	 10	 -15.78760	  -0.00000	  -0.00000	   0.04476	 -31.53045	  -7.03228
 45	  9	 -17.25853	  -0.00000	  -0.00000	   0.04491	 -34.47214	  -9.57146
 45	  8	 -18.59409	  -0.00000	  -0.00000	   0.04515	 -37.14303	 -11.75746
 45	  7	 -19.78482	  -0.00000	  -0.00000	   0.04560	 -39.52403	 -13.57580
 45	  6	 -20.82216	  -0.00000	  -0.00000	   0.04614	 -41.59817	 -15.01446
 45	  5	 -21.69857	  -0.00000	  -0.00000	   0.04671	 -43.35044	 -16.06349
 45	  4	 -22.40764	  -0.00000	  -0.00000	   0.04725	 -44.76803	 -16.71520
 45	  3	 -22.94411	  -0.00000	  -0.00000	   0.04771	 -45.84051	 -16.96415
 45	  2	 -23.30400	  -0.00000	  -0.00000	   0.04794	 -46.56006	 -16.80728
 45	  1	 -23.48462	  -0.00000	  -0.00000	   0.04810	 -46.92114	 -16.24361

 46	 30	  25.42770	  -0.00000	   0.00000	   0.04810	  50.90350	  85.84759
 46	 29	  23.66621	  -0.00000	   0.00000	   0.04810	  47.38052	  81.30651
 46	 28	  21.83990	  -0.00000	   0.00000	   0.04810	  43.72789	  76.67263
 46	 27	  19.95350	  -0.00000	   0.00000	   0.04795	  39.95494	  71.95869
 46	 26	  18.01257	  -0.00000	   0.00000	   0.04777	  36.07291	  67.17955
 46	 25	  16.02347	  -0.00000	   0.00000	   0.04759	  32.09453	  62.35187
 46	 24	  13.99335	  -0.00000	   0.00000	   0.04741	  28.03410	  57.49408
 46	 23	  11.93011	  -0.00000	   0.00000	   0.04726	  23.90748	  52.62635
 46	 22	   9.84241	  -0.00000	   0.00000	   0.04726	  19.73209	  47.77058
 46	 21	   7.73959	  -0.00000	   0.00000	   0.04726	  15.52645	  42.94980
 46	 20	   5.63161	  -0.00000	   0.00000	   0.04726	  11.31049	  38.18843
 46	 19	   3.52901	  -0.00000	   0.00000	   0.04726	   7.10528	  33.51186
 46	 18	   1.44280	  -0.00000	   0.00000	   0.04726	   2.93286	  28.94614
 46	 17	  -0.61560	  -0.00000	  -0.00000	   0.04726	  -1.18395	  24.51769
 46	 16	  -2.63450	  -0.00000	  -0.00000	   0.04726	  -5.22173	  20.25291
 46	 15	  -4.60197	  -0.00000	  -0.00000	   0.04726	  -9.15668	  16.17790
 46	 14	  -6.50606	  -0.00000	  -0.00000	   0.04726	 -12.96485	  12.31803
 46	 13	  -8.33481	  -0.00000	  -0.00000	   0.04726	 -16.62237	   8.69774
 46	 12	 -10.07647	  -0.00000	  -0.00000	   0.04726	 -20.10568	   5.34017
 46	 11	 -11.71955	  -0.00000	  -0.00000	   0.04726	 -23.39183	   2.26698
 46	 10	 -13.25297	  -0.00000	  -0.00000	   0.04726	 -26.45868	  -0.50183
 46	  9	 -14.66622	  -0.00000	  -0.00000	   0.04726	 -29.28517	  -2.94810
 46	  8	 -15.94941	  -0.00000	  -0.00000	   0.04726	 -31.85156	  -5.05557
 46	  7	 -17.09345	  -0.00000	  -0.00000	   0.04741	 -34.13949	  -6.80987
 46	  6	 -18.09012	  -0.00000	  -0.00000	   0.04759	 -36.13265	  -8.19895
 46	  5	 -18.93217	  -0.00000	  -0.00000	   0.04777	 -37.81657	  -9.21281
 46	  4	 -19.61343	  -0.00000	  -0.00000	   0.04795	 -39.17892	  -9.84364
 46	  3	 -20.12887	  -0.00000	  -0.00000	   0.04810	 -40.20964	 -10.08586
 46	  2	 -20.47465	  -0.00000	  -0.00000	   0.04810	 -40.90119	  -9.93629
 46	  1	 -20.64818	  -0.00000	  -0.00000	   0.04810	 -41.24827	  -9.39377

 47	 30	  26.40245	  -0.00000	   0.00000	   0.04810	  52.85301	  88.89725
 47	 29	  24.71426	  -0.00000	   0.00000	   0.04810	  49.47662	  84.53473
 47	 28	  22.96394	  -0.00000	   0.00000	   0.04810	  45.97597	  80.08542
 47	 27	  21.15603	  -0.00000	   0.00000	   0.04810	  42.36016	  75.56163
 47	 26	  19.29587	  -0.00000	   0.00000	   0.04810	  38.63983	  70.97744
 47	 25	  17.38953	  -0.00000	   0.00000	   0.04810	  34.82716	  66.34865
 47	 24	  15.44388	  -0.00000	   0.00000	   0.04810	  30.93586	  61.69277
 47	 23	  13.46650	  -0.00000	   0.00000	   0.04810	  26.98109	  57.02891
 47	 22	  11.46567	  -0.00000	   0.00000	   0.04810	  22.97943	  52.37764
 47	 21	   9.45034	  -0.00000	   0.00000	   0.04810	  18.94878	  47.76090
 47	 20	   7.43008	  -0.00000	   0.00000	   0.04810	  14.90825	  43.20174
 47	 19	   5.41496	  -0.00000	   0.00000	   0.04810	  10.87802	  38.72412
 47	 18	   3.41556	  -0.00000	   0.00000	   0.04810	   6.87921	  34.35263
 47	 17	   1.44280	  -0.00000	   0.00000	   0.04810	   2.93370	  30.11222
 47	 16	  -0.49208	  -0.00000	  -0.00000	   0.04810	  -0.93607	  26.02789
 47	 15	  -2.37770	  -0.00000	  -0.00000	   0.04810	  -4.70729	  22.12438
 47	 14	  -4.20255	  -0.00000	  -0.00000	   0.04810	  -8.35701	  18.42586
 47	 13	  -5.95522	  -0.00000	  -0.00000	   0.04810	 -11.86233	  14.95568
 47	 12	  -7.62440	  -0.00000	  -0.00000	   0.04810	 -15.20071	  11.73605
 47	 11	  -9.19911	  -0.00000	  -0.00000	   0.04810	 -18.35012	   8.78790
 47	 10	 -10.66873	  -0.00000	  -0.00000	   0.04810	 -21.28937	   6.13062
 47	  9	 -12.02317	  -0.00000	  -0.00000	   0.04810	 -23.99825	   3.78195
 47	  8	 -13.25297	  -0.00000	  -0.00000	   0.04810	 -26.45785	   1.75780
 47	  7	 -14.34941	  -0.00000	  -0.00000	   0.04810	 -28.65072	   0.07220
 47	  6	 -15.30461	  -0.00000	  -0.00000	   0.04810	 -30.56111	  -1.26283
 47	  5	 -16.11162	  -0.00000	  -0.00000	   0.04810	 -32.17514	  -2.23733
 47	  4	 -16.76454	  -0.00000	  -0.00000	   0.04810	 -33.48097	  -2.84347
 47	  3	 -17.25853	  -0.00000	  -0.00000	   0.04810	 -34.46895	  -3.07564
 47	  2	 -17.58992	  -0.00000	  -0.00000	   0.04810	 -35.13173	  -2.93044
 47	  1	 -17.75623	  -0.00000	  -0.00000	   0.04810	 -35.46437	  -2.40674

 48	 30	  27.39038	  -0.00000	   0.00000	   0.04810	  54.82885	  92.00122
 48	 29	  25.77647	  -0.00000	   0.00000	   0.04810	  51.60104	  87.81800
 48	 28	  24.10316	  -0.00000	   0.00000	   0.04810	  48.25443	  83.55389
 48	 27	  22.37481	  -0.00000	   0.00000	   0.04810	  44.79772	  79.22061
 48	 26	  20.59650	  -0.00000	   0.00000	   0.04810	  41.24109	  74.83155
 48	 25	  18.77405	  -0.00000	   0.00000	   0.04810	  37.59619	  70.40171
 48	 24	  16.91401	  -0.00000	   0.00000	   0.04810	  33.87611	  65.94768
 48	 23	  15.02363	  -0.00000	   0.00000	   0.04810	  30.09536	  61.48755
 48	 22	  13.11085	  -0.00000	   0.00000	   0.04810	  26.26979	  57.04076
 48	 21	  11.18420	  -0.00000	   0.00000	   0.04810	  22.41650	  52.62802
 48	 20	   9.25283	  -0.00000	   0.00000	   0.04810	  18.55376	  48.27108
 48	 19	   7.32639	  -0.00000	   0.00000	   0.04810	  14.70087	  43.99256
 48	 18	   5.41496	  -0.00000	   0.00000	   0.04810	  10.87802	  39.81565
 48	 17	   3.52901	  -0.00000	   0.00000	   0.04810	   7.10612	  35.76392
 48	 16	   1.67927	  -0.00000	   0.00000	   0.04810	   3.40663	  31.86103
 48	 15	  -0.12337	  -0.00000	  -0.00000	   0.04810	  -0.19865	  28.13042
 48	 14	  -1.86793	  -0.00000	  -0.00000	   0.04810	  -3.68777	  24.59509
 48	 13	  -3.54347	  -0.00000	  -0.00000	   0.04810	  -7.03885	  21.27728
 48	 12	  -5.13921	  -0.00000	  -0.00000	   0.04810	 -10.23033	  18.19830
 48	 11	  -6.64463	  -0.00000	  -0.00000	   0.04810	 -13.24116	  15.37824
 48	 10	  -8.04958	  -0.00000	  -0.00000	   0.04810	 -16.05107	  12.83584
 48	  9	  -9.34443	  -0.00000	  -0.00000	   0.04810	 -18.64075	  10.58829
 48	  8	 -10.52011	  -0.00000	  -0.00000	   0.04810	 -20.99212	   8.65110
 48	  7	 -11.56830	  -0.00000	  -0.00000	   0.04810	 -23.08851	   7.03796
 48	  6	 -12.48147	  -0.00000	  -0.00000	   0.04810	 -24.91484	   5.76068
 48	  5	 -13.25297	  -0.00000	  -0.00000	   0.04810	 -26.45785	   4.82906
 48	  4	 -13.87716	  -0.00000	  -0.00000	   0.04810	 -27.70622	   4.25085
 48	  3	 -14.34941	  -0.00000	  -0.00000	   0.04810	 -28.65072	   4.03165
 48	  2	 -14.66622	  -0.00000	  -0.00000	   0.04810	 -29.28434	   4.17491
 48	  1	 -14.82522	  -0.00000	  -0.00000	   0.04810	 -29.60234	   4.68184

 49	 30	  28.38606	  -0.00000	   0.00000	   0.04810	  56.82022	  95.14623
 49	 29	  26.84702	  -0.00000	   0.00000	   0.04810	  53.74215	  91.14223
 49	 28	  25.25134	  -0.00000	   0.00000	   0.04810	  50.55078	  87.06310
 49	 27	  23.60316	  -0.00000	   0.00000	   0.04810	  47.25443	  82.92000
 49	 26	  21.90735	  -0.00000	   0.00000	   0.04810	  43.86279	  78.72561
 49	 25	  20.16944	  -0.00000	   0.00000	   0.04810	  40.38698	  74.49416
 49	 24	  18.39569	  -0.00000	   0.00000	   0.04810	  36.83947	  70.24132
 49	 23	  16.59301	  -0.00000	   0.00000	   0.04810	  33.23411	  65.98418
 49	 22	  14.76895	  -0.00000	   0.00000	   0.04810	  29.58600	  61.74110
 49	 21	  12.93168	  -0.00000	   0.00000	   0.04810	  25.91146	  57.53161
 49	 20	  11.08991	  -0.00000	   0.00000	   0.04810	  22.22791	  53.37622
 49	 19	   9.25283	  -0.00000	   0.00000	   0.04810	  18.55376	  49.29625
 49	 18	   7.43008	  -0.00000	   0.00000	   0.04810	  14.90825	  45.31358
 49	 17	   5.63161	  -0.00000	   0.00000	   0.04810	  11.31133	  41.45046
 49	 16	   3.86768	  -0.00000	   0.00000	   0.04810	   7.78345	  37.72925
 49	 15	   2.14866	  -0.00000	   0.00000	   0.04810	   4.34542	  34.17216
 49	 14	   0.48503	  -0.00000	   0.00000	   0.04810	   1.01816	  30.80100
 49	 13	  -1.11278	  -0.00000	  -0.00000	   0.04810	  -2.17747	  27.63698
 49	 12	  -2.63450	  -0.00000	  -0.00000	   0.04810	  -5.22089	  24.70041
 49	 11	  -4.07008	  -0.00000	  -0.00000	   0.04810	  -8.09206	  22.01057
 49	 10	  -5.40986	  -0.00000	  -0.00000	   0.04810	 -10.77161	  19.58545
 49	  9	  -6.64463	  -0.00000	  -0.00000	   0.04810	 -13.24116	  17.44165
 49	  8	  -7.76578	  -0.00000	  -0.00000	   0.04810	 -15.48345	  15.59416
 49	  7	  -8.76534	  -0.00000	  -0.00000	   0.04810	 -17.48259	  14.05631
 49	  6	  -9.63615	  -0.00000	  -0.00000	   0.04810	 -19.22419	  12.83957
 49	  5	 -10.37186	  -0.00000	  -0.00000	   0.04810	 -20.69562	  11.95355
 49	  4	 -10.96709	  -0.00000	  -0.00000	   0.04810	 -21.88608	  11.40584
 49	  3	 -11.41744	  -0.00000	  -0.00000	   0.04810	 -22.78677	  11.20198
 49	  2	 -11.71955	  -0.00000	  -0.00000	   0.04810	 -23.39100	  11.34542
 49	  1	 -11.87117	  -0.00000	  -0.00000	   0.04810	 -23.69424	  11.83747

 50	 30	  29.38429	  -0.00000	   0.00000	   0.04810	  58.81669	  98.31960
 50	 29	  27.92032	  -0.00000	   0.00000	   0.04810	  55.88873	  94.49396
 50	 28	  26.40245	  -0.00000	   0.00000	   0.04810	  52.85301	  90.59883
 50	 27	  24.83466	  -0.00000	   0.00000	   0.04810	  49.71742	  86.64479
 50	 26	  23.22155	  -0.00000	   0.00000	   0.04810	  46.49119	  82.64385
 50	 25	  21.56840	  -0.00000	   0.00000	   0.04810	  43.18490	  78.60943
 50	 24	  19.88115	  -0.00000	   0.00000	   0.04810	  39.81041	  74.55636
 50	 23	  18.16639	  -0.00000	   0.00000	   0.04810	  36.38088	  70.50074
 50	 22	  16.43130	  -0.00000	   0.00000	   0.04810	  32.91069	  66.45988
 50	 21	  14.68363	  -0.00000	   0.00000	   0.04810	  29.41536	  62.45218
 50	 20	  12.93168	  -0.00000	   0.00000	   0.04810	  25.91146	  58.49696
 50	 19	  11.18420	  -0.00000	   0.00000	   0.04810	  22.41650	  54.61430
 50	 18	   9.45034	  -0.00000	   0.00000	   0.04810	  18.94878	  50.82482
 50	 17	   7.73959	  -0.00000	   0.00000	   0.04810	  15.52728	  47.14951
 50	 16	   6.06168	  -0.00000	   0.00000	   0.04810	  12.17147	  43.60948
 50	 15	   4.42651	  -0.00000	   0.00000	   0.04810	   8.90111	  40.22573
 50	 14	   2.84401	  -0.00000	   0.00000	   0.04810	   5.73612	  37.01895
 50	 13	   1.32412	  -0.00000	   0.00000	   0.04810	   2.69635	  34.00927
 50	 12	  -0.12337	  -0.00000	  -0.00000	   0.04810	  -0.19865	  31.21603
 50	 11	  -1.48894	  -0.00000	  -0.00000	   0.04810	  -2.92978	  28.65765
 50	 10	  -2.76338	  -0.00000	  -0.00000	   0.04810	  -5.47866	  26.35135
 50	  9	  -3.93793	  -0.00000	  -0.00000	   0.04810	  -7.82777	  24.31306
 50	  8	  -5.00440	  -0.00000	  -0.00000	   0.04810	  -9.96070	  22.55723
 50	  7	  -5.95522	  -0.00000	  -0.00000	   0.04810	 -11.86233	  21.09672
 50	  6	  -6.78355	  -0.00000	  -0.00000	   0.04810	 -13.51900	  19.94266
 50	  5	  -7.48338	  -0.00000	  -0.00000	   0.04810	 -14.91867	  19.10436
 50	  4	  -8.04958	  -0.00000	  -0.00000	   0.04810	 -16.05107	  18.58922
 50	  3	  -8.47796	  -0.00000	  -0.00000	   0.04810	 -16.90783	  18.40269
 50	  2	  -8.76534	  -0.00000	  -0.00000	   0.04810	 -17.48259	  18.54819
 50	  1	  -8.90957	  -0.00000	  -0.00000	   0.04810	 -17.77104	  19.02706

 51	 30	  30.38008	  -0.00000	   0.00000	   0.04810	  60.80826	 101.50935
 51	 29	  28.99098	  -0.00000	   0.00000	   0.04810	  58.03006	  97.86047
 51	 28	  27.55075	  -0.00000	   0.00000	   0.04810	  55.14960	  94.14762
 51	 27	  26.06314	  -0.00000	   0.00000	   0.04810	  52.17439	  90.38078
 51	 26	  24.53253	  -0.00000	   0.00000	   0.04810	  49.11317	  86.57130
 51	 25	  22.96394	  -0.00000	   0.00000	   0.04810	  45.97597	  82.73186
 51	 24	  21.36299	  -0.00000	   0.00000	   0.04810	  42.77407	  78.87641
 51	 23	  19.73593	  -0.00000	   0.00000	   0.04810	  39.51995	  75.02013
 51	 22	  18.08958	  -0.00000	   0.00000	   0.04810	  36.22725	  71.17930
 51	 21	  16.43130	  -0.00000	   0.00000	   0.04810	  32.91069	  67.37124
 51	 20	  14.76895	  -0.00000	   0.00000	   0.04810	  29.58600	  63.61412
 51	 19	  13.11085	  -0.00000	   0.00000	   0.04810	  26.26979	  59.92683
 51	 18	  11.46567	  -0.00000	   0.00000	   0.04810	  22.97943	  56.32879
 51	 17	   9.84241	  -0.00000	   0.00000	   0.04810	  19.73293	  52.83977
 51	 16	   8.25032	  -0.00000	   0.00000	   0.04810	  16.54875	  49.47968
 51	 15	   6.69878	  -0.00000	   0.00000	   0.04810	  13.44565	  46.26836
 51	 14	   5.19722	  -0.00000	   0.00000	   0.04810	  10.44254	  43.22536
 51	 13	   3.75507	  -0.00000	   0.00000	   0.04810	   7.55824	  40.36977
 51	 12	   2.38160	  -0.00000	   0.00000	   0.04810	   4.81131	  37.71997
 51	 11	   1.08588	  -0.00000	   0.00000	   0.04810	   2.21986	  35.29347
 51	 10	  -0.12337	  -0.00000	  -0.00000	   0.04810	  -0.19865	  33.10671
 51	  9	  -1.23785	  -0.00000	  -0.00000	   0.04810	  -2.42761	  31.17492
 51	  8	  -2.24978	  -0.00000	  -0.00000	   0.04810	  -4.45146	  29.51196
 51	  7	  -3.15196	  -0.00000	  -0.00000	   0.04810	  -6.25583	  28.13018
 51	  6	  -3.93793	  -0.00000	  -0.00000	   0.04810	  -7.82777	  27.04028
 51	  5	  -4.60197	  -0.00000	  -0.00000	   0.04810	  -9.15585	  26.25127
 51	  4	  -5.13921	  -0.00000	  -0.00000	   0.04810	 -10.23033	  25.77033
 51	  3	  -5.54568	  -0.00000	  -0.00000	   0.04810	 -11.04327	  25.60275
 51	  2	  -5.81836	  -0.00000	  -0.00000	   0.04810	 -11.58863	  25.75189
 51	  1	  -5.95522	  -0.00000	  -0.00000	   0.04810	 -11.86233	  26.21913

 52	 30	  31.36871	  -0.00000	   0.00000	   0.04810	  62.78552	 104.70420
 52	 29	  30.05394	  -0.00000	   0.00000	   0.04810	  60.15599	 101.22982
 52	 28	  28.69079	  -0.00000	   0.00000	   0.04810	  57.42968	  97.69682
 52	 27	  27.28279	  -0.00000	   0.00000	   0.04810	  54.61368	  94.11465
 52	 26	  25.83409	  -0.00000	   0.00000	   0.04810	  51.71628	  90.49398
 52	 25	  24.34944	  -0.00000	   0.00000	   0.04810	  48.74697	  86.84675
 52	 24	  22.83416	  -0.00000	   0.00000	   0.04810	  45.71642	  83.18610
 52	 23	  21.29417	  -0.00000	   0.00000	   0.04810	  42.63645	  79.52629
 52	 22	  19.73593	  -0.00000	   0.00000	   0.04810	  39.51995	  75.88262
 52	 21	  18.16639	  -0.00000	   0.00000	   0.04810	  36.38088	  72.27137
 52	 20	  16.59301	  -0.00000	   0.00000	   0.04810	  33.23411	  68.70960
 52	 19	  15.02363	  -0.00000	   0.00000	   0.04810	  30.09536	  65.21507
 52	 18	  13.46650	  -0.00000	   0.00000	   0.04810	  26.98109	  61.80604
 52	 17	  11.93011	  -0.00000	   0.00000	   0.04810	  23.90832	  58.50111
 52	 16	  10.42322	  -0.00000	   0.00000	   0.04810	  20.89454	  55.31901
 52	 15	   8.95471	  -0.00000	   0.00000	   0.04810	  17.95751	  52.27846
 52	 14	   7.53351	  -0.00000	   0.00000	   0.04810	  15.11511	  49.39792
 52	 13	   6.16853	  -0.00000	   0.00000	   0.04810	  12.38516	  46.69543
 52	 12	   4.86857	  -0.00000	   0.00000	   0.04810	   9.78523	  44.18840
 52	 11	   3.64218	  -0.00000	   0.00000	   0.04810	   7.33246	  41.89344
 52	 10	   2.49764	  -0.00000	   0.00000	   0.04810	   5.04338	  39.82620
 52	  9	   1.44280	  -0.00000	   0.00000	   0.04810	   2.93370	  38.00118
 52	  8	   0.48503	  -0.00000	   0.00000	   0.04810	   1.01816	  36.43160
 52	  7	  -0.36887	  -0.00000	  -0.00000	   0.04810	  -0.68965	  35.12927
 52	  6	  -1.11278	  -0.00000	  -0.00000	   0.04810	  -2.17747	  34.10446
 52	  5	  -1.74129	  -0.00000	  -0.00000	   0.04810	  -3.43447	  33.36582
 52	  4	  -2.24978	  -0.00000	  -0.00000	   0.04810	  -4.45146	  32.92026
 52	  3	  -2.63450	  -0.00000	  -0.00000	   0.04810	  -5.22089	  32.77291
 52	  2	  -2.89258	  -0.00000	  -0.00000	   0.04810	  -5.73707	  32.92703
 52	  1	  -3.02211	  -0.00000	  -0.00000	   0.04810	  -5.99612	  33.38402

 53	 30	  32.34575	  -0.00000	   0.00000	   0.04810	  64.73960	 107.89367
 53	 29	  31.10445	  -0.00000	   0.00000	   0.04810	  62.25701	 104.59088
 53	 28	  29.81747	  -0.00000	   0.00000	   0.04810	  59.68304	 101.23470
 53	 27	  28.48815	  -0.00000	   0.00000	   0.04810	  57.02439	  97.83400
 53	 26	  27.12040	  -0.00000	   0.00000	   0.04810	  54.28890	  94.39884
 53	 25	  25.71870	  -0.00000	   0.00000	   0.04810	  51.48551	  90.94043
 53	 24	  24.28810	  -0.00000	   0.00000	   0.04810	  48.62430	  87.47111
 53	 23	  22.83416	  -0.00000	   0.00000	   0.04810	  45.71642	  84.00425
 53	 22	  21.36299	  -0.00000	   0.00000	   0.04810	  42.77407	  80.55425
 53	 21	  19.88115	  -0.00000	   0.00000	   0.04810	  39.81041	  77.13633
 53	 20	  18.39569	  -0.00000	   0.00000	   0.04810	  36.83947	  73.76654
 53	 19	  16.91401	  -0.00000	   0.00000	   0.04810	  33.87611	  70.46152
 53	 18	  15.44388	  -0.00000	   0.00000	   0.04810	  30.93586	  67.23841
 53	 17	  13.99335	  -0.00000	   0.00000	   0.04810	  28.03479	  64.11468
 53	 16	  12.57066	  -0.00000	   0.00000	   0.04810	  25.18941	  61.10796
 53	 15	  11.18420	  -0.00000	   0.00000	   0.04810	  22.41650	  58.23584
 53	 14	   9.84241	  -0.00000	   0.00000	   0.04810	  19.73293	  55.51573
 53	 13	   8.55371	  -0.00000	   0.00000	   0.04810	  17.15552	  52.96463
 53	 12	   7.32639	  -0.00000	   0.00000	   0.04810	  14.70087	  50.59900
 53	 11	   6.16853	  -0.00000	   0.00000	   0.04810	  12.38516	  48.43456
 53	 10	   5.08794	  -0.00000	   0.00000	   0.04810	  10.22399	  46.48612
 53	  9	   4.09205	  -0.00000	   0.00000	   0.04810	   8.23219	  44.76746
 53	  8	   3.18780	  -0.00000	   0.00000	   0.04810	   6.42369	  43.29115
 53	  7	   2.38160	  -0.00000	   0.00000	   0.04810	   4.81131	  42.06843
 53	  6	   1.67927	  -0.00000	   0.00000	   0.04810	   3.40663	  41.10910
 53	  5	   1.08588	  -0.00000	   0.00000	   0.04810	   2.21986	  40.42143
 53	  4	   0.60580	  -0.00000	   0.00000	   0.04810	   1.25970	  40.01204
 53	  3	   0.24258	  -0.00000	   0.00000	   0.04810	   0.53326	  39.88585
 53	  2	  -0.00108	  -0.00000	  -0.00000	   0.04810	   0.04593	  40.04606
 53	  1	  -0.12337	  -0.00000	  -0.00000	   0.04810	  -0.19865	  40.49402

 54	 30	  33.30712	  -0.00000	   0.00000	   0.04810	  66.66233	 111.06809
 54	 29	  32.13810	  -0.00000	   0.00000	   0.04810	  64.32431	 107.93342
 54	 28	  30.92607	  -0.00000	   0.00000	   0.04810	  61.90023	 104.75042
 54	 27	  29.67416	  -0.00000	   0.00000	   0.04810	  59.39642	 101.52743
 54	 26	  28.38606	  -0.00000	   0.00000	   0.04810	  56.82022	  98.27388
 54	 25	  27.06600	  -0.00000	   0.00000	   0.04810	  54.18009	  95.00029
 54	 24	  25.71870	  -0.00000	   0.00000	   0.04810	  51.48551	  91.71823
 54	 23	  24.34944	  -0.00000	   0.00000	   0.04810	  48.74697	  88.44024
 54	 22	  22.96394	  -0.00000	   0.00000	   0.04810	  45.97597	  85.17979
 54	 21	  21.56840	  -0.00000	   0.00000	   0.04810	  43.18490	  81.95115
 54	 20	  20.16944	  -0.00000	   0.00000	   0.04810	  40.38698	  78.76934
 54	 19	  18.77405	  -0.00000	   0.00000	   0.04810	  37.59619	  75.64996
 54	 18	  17.38953	  -0.00000	   0.00000	   0.04810	  34.82716	  72.60907
 54	 17	  16.02347	  -0.00000	   0.00000	   0.04810	  32.09504	  69.66306
 54	 16	  14.68363	  -0.00000	   0.00000	   0.04810	  29.41536	  66.82846
 54	 15	  13.37792	  -0.00000	   0.00000	   0.04810	  26.80393	  64.12180
 54	 14	  12.11427	  -0.00000	   0.00000	   0.04810	  24.27664	  61.55943
 54	 13	  10.90062	  -0.00000	   0.00000	   0.04810	  21.84933	  59.15737
 54	 12	   9.74476	  -0.00000	   0.00000	   0.04810	  19.53763	  56.93112
 54	 11	   8.65434	  -0.00000	   0.00000	   0.04810	  17.35677	  54.89551
 54	 10	   7.63668	  -0.00000	   0.00000	   0.04810	  15.32145	  53.06454
 54	  9	   6.69878	  -0.00000	   0.00000	   0.04810	  13.44565	  51.45123
 54	  8	   5.84719	  -0.00000	   0.00000	   0.04810	  11.74247	  50.06749
 54	  7	   5.08794	  -0.00000	   0.00000	   0.04810	  10.22399	  48.92399
 54	  6	   4.42651	  -0.00000	   0.00000	   0.04810	   8.90111	  48.03005
 54	  5	   3.86768	  -0.00000	   0.00000	   0.04810	   7.78345	  47.39352
 54	  4	   3.41556	  -0.00000	   0.00000	   0.04810	   6.87921	  47.02072
 54	  3	   3.07349	  -0.00000	   0.00000	   0.04810	   6.19507	  46.91637
 54	  2	   2.84401	  -0.00000	   0.00000	   0.04810	   5.73612	  47.08353
 54	  1	   2.72884	  -0.00000	   0.00000	   0.04810	   5.50579	  47.52353

 55	 30	  34.24905	  -0.00000	   0.00000	   0.04810	  68.54620	 114.21861
 55	 29	  33.15087	  -0.00000	   0.00000	   0.04810	  66.34983	 111.24808
 55	 28	  32.01226	  -0.00000	   0.00000	   0.04810	  64.07263	 108.23411
 55	 27	  30.83620	  -0.00000	   0.00000	   0.04810	  61.72051	 105.18451
 55	 26	  29.62615	  -0.00000	   0.00000	   0.04810	  59.30040	 102.10814
 55	 25	  28.38606	  -0.00000	   0.00000	   0.04810	  56.82022	  99.01485
 55	 24	  27.12040	  -0.00000	   0.00000	   0.04810	  54.28890	  95.91545
 55	 23	  25.83409	  -0.00000	   0.00000	   0.04810	  51.71628	  92.82168
 55	 22	  24.53253	  -0.00000	   0.00000	   0.04810	  49.11317	  89.74612
 55	 21	  23.22155	  -0.00000	   0.00000	   0.04810	  46.49119	  86.70214
 55	 20	  21.90735	  -0.00000	   0.00000	   0.04810	  43.86279	  83.70377
 55	 19	  20.59650	  -0.00000	   0.00000	   0.04810	  41.24109	  80.76560
 55	 18	  19.29587	  -0.00000	   0.00000	   0.04810	  38.63983	  77.90267
 55	 17	  18.01257	  -0.00000	   0.00000	   0.04810	  36.07324	  75.13030
 55	 16	  16.75391	  -0.00000	   0.00000	   0.04810	  33.55591	  72.46398
 55	 15	  15.52730	  -0.00000	   0.00000	   0.04810	  31.10270	  69.91920
 55	 14	  14.34022	  -0.00000	   0.00000	   0.04810	  28.72853	  67.51131
 55	 13	  13.20009	  -0.00000	   0.00000	   0.04810	  26.44828	  65.25534
 55	 12	  12.11427	  -0.00000	   0.00000	   0.04810	  24.27664	  63.16586
 55	 11	  11.08991	  -0.00000	   0.00000	   0.04810	  22.22791	  61.25681
 55	 10	  10.13391	  -0.00000	   0.00000	   0.04810	  20.31591	  59.54139
 55	  9	   9.25283	  -0.00000	   0.00000	   0.04810	  18.55376	  58.03187
 55	  8	   8.45284	  -0.00000	   0.00000	   0.04810	  16.95377	  56.73951
 55	  7	   7.73959	  -0.00000	   0.00000	   0.04810	  15.52728	  55.67437
 55	  6	   7.11823	  -0.00000	   0.00000	   0.04810	  14.28456	  54.84527
 55	  5	   6.59326	  -0.00000	   0.00000	   0.04810	  13.23461	  54.25967
 55	  4	   6.16853	  -0.00000	   0.00000	   0.04810	  12.38516	  53.92356
 55	  3	   5.84719	  -0.00000	   0.00000	   0.04810	  11.74247	  53.84143
 55	  2	   5.63161	  -0.00000	   0.00000	   0.04810	  11.31133	  54.01619
 55	  1	   5.52342	  -0.00000	   0.00000	   0.04810	  11.09494	  54.44917

 56	 30	  35.16817	  -0.00000	   0.00000	   0.04810	  70.38445	 117.33727
 56	 29	  34.13910	  -0.00000	   0.00000	   0.04810	  68.32630	 114.52642
 56	 28	  33.07215	  -0.00000	   0.00000	   0.04810	  66.19241	 111.67685
 56	 27	  31.97011	  -0.00000	   0.00000	   0.04810	  63.98831	 108.79587
 56	 26	  30.83620	  -0.00000	   0.00000	   0.04810	  61.72051	 105.89178
 56	 25	  29.67416	  -0.00000	   0.00000	   0.04810	  59.39642	 102.97375
 56	 24	  28.48815	  -0.00000	   0.00000	   0.04810	  57.02439	 100.05192
 56	 23	  27.28279	  -0.00000	   0.00000	   0.04810	  54.61368	  97.13722
 56	 22	  26.06314	  -0.00000	   0.00000	   0.04810	  52.17439	  94.24141
 56	 21	  24.83466	  -0.00000	   0.00000	   0.04810	  49.71742	  91.37697
 56	 20	  23.60316	  -0.00000	   0.00000	   0.04810	  47.25443	  88.55699
 56	 19	  22.37481	  -0.00000	   0.00000	   0.04810	  44.79772	  85.79509
 56	 18	  21.15603	  -0.00000	   0.00000	   0.04810	  42.36016	  83.10532
 56	 17	  19.95350	  -0.00000	   0.00000	   0.04810	  39.95509	  80.50200
 56	 16	  18.77405	  -0.00000	   0.00000	   0.04810	  37.59619	  77.99960
 56	 15	  17.62463	  -0.00000	   0.00000	   0.04810	  35.29736	  75.61260
 56	 14	  16.51225	  -0.00000	   0.00000	   0.04810	  33.07260	  73.35538
 56	 13	  15.44388	  -0.00000	   0.00000	   0.04810	  30.93586	  71.24201
 56	 12	  14.42639	  -0.00000	   0.00000	   0.04810	  28.90088	  69.28614
 56	 11	  13.46650	  -0.00000	   0.00000	   0.04810	  26.98109	  67.50087
 56	 10	  12.57066	  -0.00000	   0.00000	   0.04810	  25.18941	  65.89858
 56	  9	  11.74503	  -0.00000	   0.00000	   0.04810	  23.53816	  64.49081
 56	  8	  10.99538	  -0.00000	   0.00000	   0.04810	  22.03886	  63.28813
 56	  7	  10.32702	  -0.00000	   0.00000	   0.04810	  20.70215	  62.30006
 56	  6	   9.74476	  -0.00000	   0.00000	   0.04810	  19.53763	  61.53488
 56	  5	   9.25283	  -0.00000	   0.00000	   0.04810	  18.55376	  60.99964
 56	  4	   8.85483	  -0.00000	   0.00000	   0.04810	  17.75776	  60.70001
 56	  3	   8.55371	  -0.00000	   0.00000	   0.04810	  17.15552	  60.64023
 56	  2	   8.35171	  -0.00000	   0.00000	   0.04810	  16.75151	  60.82308
 56	  1	   8.25032	  -0.00000	   0.00000	   0.04810	  16.54875	  61.24983

 57	 30	  36.06148	  -0.00000	   0.00000	   0.04810	  72.17105	 120.41693
 57	 29	  35.09957	  -0.00000	   0.00000	   0.04810	  70.24725	 117.76091
 57	 28	  34.10227	  -0.00000	   0.00000	   0.04810	  68.25264	 115.07071
 57	 27	  33.07215	  -0.00000	   0.00000	   0.04810	  66.19241	 112.35316
 57	 26	  32.01226	  -0.00000	   0.00000	   0.04810	  64.07263	 109.61600
 57	 25	  30.92607	  -0.00000	   0.00000	   0.04810	  61.90023	 106.86780
 57	 24	  29.81747	  -0.00000	   0.00000	   0.04810	  59.68304	 104.11800
 57	 23	  28.69079	  -0.00000	   0.00000	   0.04810	  57.42968	 101.37679
 57	 22	  27.55075	  -0.00000	   0.00000	   0.04810	  55.14960	  98.65515
 57	 21	  26.40245	  -0.00000	   0.00000	   0.04810	  52.85301	  95.96467
 57	 20	  25.25134	  -0.00000	   0.00000	   0.04810	  50.55078	  93.31758
 57	 19	  24.10316	  -0.00000	   0.00000	   0.04810	  48.25443	  90.72657
 57	 18	  22.96394	  -0.00000	   0.00000	   0.04810	  45.97597	  88.20471
 57	 17	  21.83990	  -0.00000	   0.00000	   0.04810	  43.72789	  85.76537
 57	 16	  20.73743	  -0.00000	   0.00000	   0.04810	  41.52296	  83.42204
 57	 15	  19.66304	  -0.00000	   0.00000	   0.04810	  39.37418	  81.18825
 57	 14	  18.62327	  -0.00000	   0.00000	   0.04810	  37.29464	  79.07741
 57	 13	  17.62463	  -0.00000	   0.00000	   0.04810	  35.29736	  77.10267
 57	 12	  16.67356	  -0.00000	   0.00000	   0.04810	  33.39521	  75.27679
 57	 11	  15.77632	  -0.00000	   0.00000	   0.04810	  31.60073	  73.61204
 57	 10	  14.93895	  -0.00000	   0.00000	   0.04810	  29.92600	  72.12000
 57	  9	  14.16721	  -0.00000	   0.00000	   0.04810	  28.38253	  70.81149
 57	  8	  13.46650	  -0.00000	   0.00000	   0.04810	  26.98109	  69.69643
 57	  7	  12.84176	  -0.00000	   0.00000	   0.04810	  25.73163	  68.78373
 57	  6	  12.29751	  -0.00000	   0.00000	   0.04810	  24.64312	  68.08120
 57	  5	  11.83769	  -0.00000	   0.00000	   0.04810	  23.72347	  67.59545
 57	  4	  11.46567	  -0.00000	   0.00000	   0.04810	  22.97943	  67.33182
 57	  3	  11.18420	  -0.00000	   0.00000	   0.04810	  22.41650	  67.29431
 57	  2	  10.99538	  -0.00000	   0.00000	   0.04810	  22.03886	  67.48554
 57	  1	  10.90062	  -0.00000	   0.00000	   0.04810	  21.84933	  67.90673

 58	 30	  36.92633	  -0.00000	   0.00000	   0.04810	  73.90075	 123.45136
 58	 29	  36.02946	  -0.00000	   0.00000	   0.04810	  72.10701	 120.94497
 58	 28	  35.09957	  -0.00000	   0.00000	   0.04810	  70.24725	 118.40874
 58	 27	  34.13910	  -0.00000	   0.00000	   0.04810	  68.32630	 115.84907
 58	 26	  33.15087	  -0.00000	   0.00000	   0.04810	  66.34983	 113.27314
 58	 25	  32.13810	  -0.00000	   0.00000	   0.04810	  64.32431	 110.68895
 58	 24	  31.10445	  -0.00000	   0.00000	   0.04810	  62.25701	 108.10527
 58	 23	  30.05394	  -0.00000	   0.00000	   0.04810	  60.15599	 105.53161
 58	 22	  28.99098	  -0.00000	   0.00000	   0.04810	  58.03006	 102.97814
 58	 21	  27.92032	  -0.00000	   0.00000	   0.04810	  55.88873	 100.45568
 58	 20	  26.84702	  -0.00000	   0.00000	   0.04810	  53.74215	  97.97558
 58	 19	  25.77647	  -0.00000	   0.00000	   0.04810	  51.60104	  95.54965
 58	 18	  24.71426	  -0.00000	   0.00000	   0.04810	  49.47662	  93.19005
 58	 17	  23.66621	  -0.00000	   0.00000	   0.04810	  47.38052	  90.90922
 58	 16	  22.63828	  -0.00000	   0.00000	   0.04810	  45.32466	  88.71972
 58	 15	  21.63653	  -0.00000	   0.00000	   0.04810	  43.32115	  86.63413
 58	 14	  20.66705	  -0.00000	   0.00000	   0.04810	  41.38220	  84.66496
 58	 13	  19.73593	  -0.00000	   0.00000	   0.04810	  39.51995	  82.82447
 58	 12	  18.84915	  -0.00000	   0.00000	   0.04810	  37.74640	  81.12456
 58	 11	  18.01257	  -0.00000	   0.00000	   0.04810	  36.07324	  79.57666
 58	 10	  17.23182	  -0.00000	   0.00000	   0.04810	  34.51173	  78.19160
 58	  9	  16.51225	  -0.00000	   0.00000	   0.04810	  33.07260	  76.97949
 58	  8	  15.85891	  -0.00000	   0.00000	   0.04810	  31.76591	  75.94960
 58	  7	  15.27641	  -0.00000	   0.00000	   0.04810	  30.60092	  75.11027
 58	  6	  14.76895	  -0.00000	   0.00000	   0.04810	  29.58600	  74.46880
 58	  5	  14.34022	  -0.00000	   0.00000	   0.04810	  28.72853	  74.03138
 58	  4	  13.99335	  -0.00000	   0.00000	   0.04810	  28.03479	  73.80303
 58	  3	  13.73091	  -0.00000	   0.00000	   0.04810	  27.50992	  73.78751
 58	  2	  13.55485	  -0.00000	   0.00000	   0.04810	  27.15781	  73.98727
 58	  1	  13.46650	  -0.00000	   0.00000	   0.04810	  26.98109	  74.40347

 59	 30	  37.76048	  -0.00000	   0.00000	   0.04810	  75.56905	 126.43516
 59	 29	  36.92633	  -0.00000	   0.00000	   0.04810	  73.90075	 124.07290
 59	 28	  36.06148	  -0.00000	   0.00000	   0.04810	  72.17105	 121.68496
 59	 27	  35.16817	  -0.00000	   0.00000	   0.04810	  70.38445	 119.27730
 59	 26	  34.24905	  -0.00000	   0.00000	   0.04810	  68.54620	 116.85659
 59	 25	  33.30712	  -0.00000	   0.00000	   0.04810	  66.66233	 114.43029
 59	 24	  32.34575	  -0.00000	   0.00000	   0.04810	  64.73960	 112.00652
 59	 23	  31.36871	  -0.00000	   0.00000	   0.04810	  62.78552	 109.59411
 59	 22	  30.38008	  -0.00000	   0.00000	   0.04810	  60.80826	 107.20253
 59	 21	  29.38429	  -0.00000	   0.00000	   0.04810	  58.81669	 104.84180
 59	 20	  28.38606	  -0.00000	   0.00000	   0.04810	  56.82022	 102.52246
 59	 19	  27.39038	  -0.00000	   0.00000	   0.04810	  54.82885	 100.25548
 59	 18	  26.40245	  -0.00000	   0.00000	   0.04810	  52.85301	  98.05214
 59	 17	  25.42770	  -0.00000	   0.00000	   0.04810	  50.90350	  95.92399
 59	 16	  24.47166	  -0.00000	   0.00000	   0.04810	  48.99141	  93.88271
 59	 15	  23.53996	  -0.00000	   0.00000	   0.04810	  47.12802	  91.93998
 59	 14	  22.63828	  -0.00000	   0.00000	   0.04810	  45.32466	  90.10742
 59	 13	  21.77228	  -0.00000	   0.00000	   0.04810	  43.59265	  88.39643
 59	 12	  20.94752	  -0.00000	   0.00000	   0.04810	  41.94313	  86.81809
 59	 11	  20.16944	  -0.00000	   0.00000	   0.04810	  40.38698	  85.38304
 59	 10	  19.44329	  -0.00000	   0.00000	   0.04810	  38.93467	  84.10135
 59	  9	  18.77405	  -0.00000	   0.00000	   0.04810	  37.59619	  82.98245
 59	  8	  18.16639	  -0.00000	   0.00000	   0.04810	  36.38088	  82.03497
 59	  7	  17.62463	  -0.00000	   0.00000	   0.04810	  35.29736	  81.26669
 59	  6	  17.15266	  -0.00000	   0.00000	   0.04810	  34.35342	  80.68444
 59	  5	  16.75391	  -0.00000	   0.00000	   0.04810	  33.55591	  80.29398
 59	  4	  16.43130	  -0.00000	   0.00000	   0.04810	  32.91069	  80.09999
 59	  3	  16.18721	  -0.00000	   0.00000	   0.04810	  32.42252	  80.10599
 59	  2	  16.02347	  -0.00000	   0.00000	   0.04810	  32.09504	  80.31429
 59	  1	  15.94129	  -0.00000	   0.00000	   0.04810	  31.93068	  80.72597

