    1	   0.10	    0.0	 1500.0	    0.0	    0.0	    0.0	    0.0	    0.0	    0.0	    0.0	    0.0	    0.0	  100.0	  100.0	    0.0	    0.0	    0.0	    0.0	    0.0	  1	-1000.0	  500.0	  100.0	    0.0	    0.0	1	  526.8	 21	 1371.8	  -28.2	
    2	   0.20	  -17.9	 1490.4	 -151.9	    0.0	    0.0	    0.0	    0.0	    0.0	    0.0	    0.0	    0.0	  100.0	   99.7	    0.0	    0.0	    0.0	    0.0	    0.1	  1	  -50.0	 1250.0	   99.7	    0.0	    0.0	1	  218.9	 21	 1390.1	   19.0	
    3	   0.30	  -24.8	 1455.9	  -97.6	    0.0	    0.0	    0.0	    0.0	    0.0	    0.0	    0.0	    0.0	  100.0	   99.5	    0.0	    0.0	    0.0	    0.0	    0.1	  1	  -50.0	 1250.0	   99.5	    0.0	    0.0	1	  181.4	 21	 1389.7	   19.0	
    4	   0.40	  -29.2	 1413.1	  -95.7	    0.0	    0.0	    0.0	    0.0	    0.0	    0.0	    0.0	    0.0	  100.0	   99.2	    0.0	    0.0	    0.0	    0.0	    0.1	  1	  -50.0	 1250.0	   99.2	    0.0	    0.0	1	  149.9	 21	 1389.3	   18.9	
    5	   0.50	  -33.9	 1378.2	  -98.0	    0.0	    0.0	    0.0	    0.0	    0.0	    0.0	    0.0	    0.0	  100.0	   98.9	    0.0	    0.0	    0.0	    0.0	    0.2	  1	  -50.0	 1250.0	   98.9	    0.0	    0.0	1	  117.2	 21	    0.0	    0.0	
    6	   0.60	  -37.0	 1348.9	  -95.7	    0.0	    0.0	    0.0	    0.0	    0.0	    0.0	    0.0	    0.0	  100.0	   98.6	    0.0	    0.0	    0.0	    0.0	    0.2	  1	  -50.0	 1250.0	   98.6	    0.0	    0.0	1	   81.4	 21	    0.0	    0.0	
    7	   0.70	  -37.4	 1345.5	  -97.5	    0.0	    0.0	    0.0	    0.0	    0.0	    0.0	    0.0	    0.0	  100.0	   98.3	    0.0	    0.0	    0.0	    0.0	    0.2	  1	  -50.0	 1250.0	   98.3	    0.0	    0.0	1	   81.2	 21	    0.0	    0.0	
    8	   0.80	  -37.4	 1345.5	  -97.5	    0.0	    0.0	    0.0	    0.0	    0.0	    0.0	    0.0	    0.0	  100.0	   98.0	    0.0	    0.0	    0.0	    0.0	    0.3	  1	  -50.0	 1250.0	   98.0	    0.0	    0.0	1	   81.2	 21	    0.0	    0.0	
    9	   0.90	  -37.4	 1345.5	  -97.5	    0.0	    0.0	    0.0	    0.0	    0.0	    0.0	    0.0	    0.0	  100.0	   97.7	    0.0	    0.0	    0.0	    0.0	    0.3	  1	  -50.0	 1250.0	   97.7	    0.0	    0.0	1	   81.2	 21	    0.0	    0.0	
   10	   1.00	  -37.4	 1345.5	  -97.5	    0.0	    0.0	    0.0	    0.0	    0.0	    0.0	    0.0	    0.0	  100.0	   97.4	    0.0	    0.0	    0.0	    0.0	    0.4	  1	  -50.0	 1250.0	   97.4	    0.0	    0.0	1	   81.2	 21	    0.0	    0.0	
   11	   1.10	  -37.4	 1345.5	  -97.5	    0.0	    0.0	    0.0	    0.0	    0.0	    0.0	    0.0	    0.0	  100.0	   97.1	    0.0	    0.0	    0.0	    0.0	    0.4	  1	  -50.0	 1250.0	   97.1	    0.0	    0.0	1	   81.2	 21	    0.0	    0.0	
   12	   1.20	  -37.4	 1345.5	  -97.5	    0.0	    0.0	    0.0	    0.0	    0.0	    0.0	    0.0	    0.0	  100.0	   96.8	    0.0	    0.0	    0.0	    0.0	    0.4	  1	  -50.0	 1250.0	   96.8	    0.0	    0.0	1	   81.2	 21	 1399.8	   20.0	
   13	   1.30	  -37.4	 1345.5	  -97.5	    0.0	    0.0	    0.0	    0.0	    0.0	    0.0	    0.0	    0.0	  100.0	   96.5	    0.0	    0.0	    0.0	    0.0	    0.5	  1	  -50.0	 1250.0	   96.5	    0.0	    0.0	1	   81.2	 21	 1399.3	   19.9	
   14	   1.40	  -37.4	 1345.5	  -97.5	    0.0	    0.0	    0.0	    0.0	    0.0	    0.0	    0.0	    0.0	  100.0	   96.2	    0.0	    0.0	    0.0	    0.0	    0.5	  1	  -50.0	 1250.0	   96.2	    0.0	    0.0	1	   81.2	 21	 1398.8	   19.9	
   15	   1.50	  -37.4	 1345.5	  -97.5	    0.0	    0.0	    0.0	    0.0	    0.0	    0.0	    0.0	    0.0	  100.0	   95.9	    0.0	    0.0	    0.0	    0.0	    0.5	  1	  -50.0	 1250.0	   95.9	    0.0	    0.0	1	   81.2	 21	 1398.4	   19.8	
   16	   1.60	  -37.4	 1345.5	  -97.5	    0.0	    0.0	    0.0	    0.0	    0.0	    0.0	    0.0	    0.0	  100.0	   95.6	    0.0	    0.0	    0.0	    0.0	    0.6	  1	  -50.0	 1250.0	   95.6	    0.0	    0.0	1	   81.2	 21	 1397.9	   19.8	
   17	   1.70	  -37.4	 1345.5	  -97.5	    0.0	    0.0	    0.0	    0.0	    0.0	    0.0	    0.0	    0.0	  100.0	   95.3	    0.0	    0.0	    0.0	    0.0	    0.6	  1	  -50.0	 1250.0	   95.3	    0.0	    0.0	1	   81.2	 21	 1397.4	   19.7	
   18	   1.80	  -37.4	 1345.5	  -97.5	    0.0	    0.0	    0.0	    0.0	    0.0	    0.0	    0.0	    0.0	  100.0	   95.0	    0.0	    0.0	    0.0	    0.0	    0.7	  1	  -50.0	 1250.0	   95.0	    0.0	    0.0	1	   81.2	 21	 1397.0	   19.7	
   19	   1.90	  -37.4	 1345.5	  -97.5	    0.0	    0.0	    0.0	    0.0	    0.0	    0.0	    0.0	    0.0	  100.0	   94.7	    0.0	    0.0	    0.0	    0.0	    0.7	  1	  -50.0	 1250.0	   94.7	    0.0	    0.0	1	   81.2	 21	 1396.5	   19.7	
   20	   2.00	  -37.4	 1345.5	  -97.5	    0.0	    0.0	    0.0	    0.0	    0.0	    0.0	    0.0	    0.0	  100.0	   94.4	    0.0	    0.0	    0.0	    0.0	    0.7	  1	  -50.0	 1250.0	   94.4	    0.0	    0.0	1	   81.2	 21	 1396.1	   19.6	
   21	   2.10	  -37.4	 1345.5	  -97.5	    0.0	    0.0	    0.0	    0.0	    0.0	    0.0	    0.0	    0.0	  100.0	   94.2	    0.0	    0.0	    0.0	    0.0	    0.8	  1	  -50.0	 1250.0	   94.2	    0.0	    0.0	1	   81.2	 21	 1395.6	   19.6	
   22	   2.20	  -37.4	 1345.5	  -97.5	    0.0	    0.0	    0.0	    0.0	    0.0	    0.0	    0.0	    0.0	  100.0	   93.9	    0.0	    0.0	    0.0	    0.0	    0.8	  1	  -50.0	 1250.0	   93.9	    0.0	    0.0	1	   81.2	 21	 1395.1	   19.5	
   23	   2.30	  -37.4	 1345.5	  -97.5	    0.0	    0.0	    0.0	    0.0	    0.0	    0.0	    0.0	    0.0	  100.0	   93.6	    0.0	    0.0	    0.0	    0.0	    0.8	  1	  -50.0	 1250.0	   93.6	    0.0	    0.0	1	   81.2	 21	 1394.7	   19.5	
   24	   2.40	  -37.4	 1345.5	  -97.5	    0.0	    0.0	    0.0	    0.0	    0.0	    0.0	    0.0	    0.0	  100.0	   93.3	    0.0	    0.0	    0.0	    0.0	    0.9	  1	  -50.0	 1250.0	   93.3	    0.0	    0.0	1	   81.2	 21	 1394.2	   19.4	
   25	   2.50	  -37.4	 1345.5	  -97.5	    0.0	    0.0	    0.0	    0.0	    0.0	    0.0	    0.0	    0.0	  100.0	   93.0	    0.0	    0.0	    0.0	    0.0	    0.9	  1	  -50.0	 1250.0	   93.0	    0.0	    0.0	1	   81.2	 21	 1393.7	   19.4	
   26	   2.60	  -37.4	 1345.5	  -97.5	    0.0	    0.0	    0.0	    0.0	    0.0	    0.0	    0.0	    0.0	  100.0	   92.7	    0.0	    0.0	    0.0	    0.0	    0.9	  1	  -50.0	 1250.0	   92.7	    0.0	    0.0	1	   81.2	 21	 1393.3	   19.3	
   27	   2.70	  -37.4	 1345.5	  -97.5	    0.0	    0.0	    0.0	    0.0	    0.0	    0.0	    0.0	    0.0	  100.0	   92.4	    0.0	    0.0	    0.0	    0.0	    1.0	  1	  -50.0	 1250.0	   92.4	    0.0	    0.0	1	   81.2	 21	 1392.8	   19.3	
   28	   2.80	  -37.4	 1345.5	  -97.5	    0.0	    0.0	    0.0	    0.0	    0.0	    0.0	    0.0	    0.0	  100.0	   92.1	    0.0	    0.0	    0.0	    0.0	    1.0	  1	  -50.0	 1250.0	   92.1	    0.0	    0.0	1	   81.2	 21	 1392.3	   19.2	
   29	   2.90	  -37.4	 1345.5	  -97.5	    0.0	    0.0	    0.0	    0.0	    0.0	    0.0	    0.0	    0.0	  100.0	   91.8	    0.0	    0.0	    0.0	    0.0	    1.1	  1	  -50.0	 1250.0	   91.8	    0.0	    0.0	1	   81.2	 21	 1391.9	   19.2	
   30	   3.00	  -37.4	 1345.5	  -97.5	    0.0	    0.0	    0.0	    0.0	    0.0	    0.0	    0.0	    0.0	  100.0	   91.5	    0.0	    0.0	    0.0	    0.0	    1.1	  1	  -50.0	 1250.0	   91.5	    0.0	    0.0	1	   81.2	 21	 1391.4	   19.1	
   31	   3.10	  -37.4	 1345.5	  -97.5	    0.0	    0.0	    0.0	    0.0	    0.0	    0.0	    0.0	    0.0	  100.0	   91.2	    0.0	    0.0	    0.0	    0.0	    1.1	  1	  -50.0	 1250.0	   91.2	    0.0	    0.0	1	   81.2	 21	 1390.9	   19.1	
   32	   3.20	  -37.4	 1345.5	  -97.5	    0.0	    0.0	    0.0	    0.0	    0.0	    0.0	    0.0	    0.0	  100.0	   90.9	    0.0	    0.0	    0.0	    0.0	    1.2	  1	  -50.0	 1250.0	   90.9	    0.0	    0.0	1	   81.2	 21	 1390.5	   19.0	
   33	   3.30	  -37.4	 1345.5	  -97.5	    0.0	    0.0	    0.0	    0.0	    0.0	    0.0	    0.0	    0.0	  100.0	   90.6	    0.0	    0.0	    0.0	    0.0	    1.2	  1	  -50.0	 1250.0	   90.6	    0.0	    0.0	1	   81.2	 21	 1390.0	   19.0	
   34	   3.40	  -37.4	 1345.5	  -97.5	    0.0	    0.0	    0.0	    0.0	    0.0	    0.0	    0.0	    0.0	  100.0	   90.3	    0.0	    0.0	    0.0	    0.0	    1.2	  1	  -50.0	 1250.0	   90.3	    0.0	    0.0	1	   81.2	 21	 1389.5	   19.0	
   35	   3.50	  -37.4	 1345.5	  -97.5	    0.0	    0.0	    0.0	    0.0	    0.0	    0.0	    0.0	    0.0	  100.0	   90.0	    0.0	    0.0	    0.0	    0.0	    1.3	  1	  -50.0	 1250.0	   90.0	    0.0	    0.0	1	   81.2	 21	 1389.1	   18.9	
   36	   3.60	  -37.4	 1345.5	  -97.5	    0.0	    0.0	    0.0	    0.0	    0.0	    0.0	    0.0	    0.0	  100.0	   89.7	    0.0	    0.0	    0.0	    0.0	    1.3	  1	  -50.0	 1250.0	   89.7	    0.0	    0.0	1	   81.2	 21	 1388.6	   18.9	
   37	   3.70	  -37.4	 1345.5	  -97.5	    0.0	    0.0	    0.0	    0.0	    0.0	    0.0	    0.0	    0.0	  100.0	   89.4	    0.0	    0.0	    0.0	    0.0	    1.4	  1	  -50.0	 1250.0	   89.4	    0.0	    0.0	1	   81.2	 21	 1388.2	   18.8	
   38	   3.80	  -37.4	 1345.5	  -97.5	    0.0	    0.0	    0.0	    0.0	    0.0	    0.0	    0.0	    0.0	  100.0	   89.1	    0.0	    0.0	    0.0	    0.0	    1.4	  1	  -50.0	 1250.0	   89.1	    0.0	    0.0	1	   81.2	 21	 1387.7	   18.8	
   39	   3.90	  -37.4	 1345.5	  -97.5	    0.0	    0.0	    0.0	    0.0	    0.0	    0.0	    0.0	    0.0	  100.0	   88.8	    0.0	    0.0	    0.0	    0.0	    1.4	  1	  -50.0	 1250.0	   88.8	    0.0	    0.0	1	   81.2	 21	 1387.2	   18.7	
   40	   4.00	  -37.4	 1345.5	  -97.5	    0.0	    0.0	    0.0	    0.0	    0.0	    0.0	    0.0	    0.0	  100.0	   88.5	    0.0	    0.0	    0.0	    0.0	    1.5	  1	  -50.0	 1250.0	   88.5	    0.0	    0.0	1	   81.2	 21	 1386.8	   18.7	
   41	   4.10	  -37.4	 1345.5	  -97.5	    0.0	    0.0	    0.0	    0.0	    0.0	    0.0	    0.0	    0.0	  100.0	   88.2	    0.0	    0.0	    0.0	    0.0	    1.5	  1	  -50.0	 1250.0	   88.2	    0.0	    0.0	1	   81.2	 21	 1386.3	   18.6	
   42	   4.20	  -37.4	 1345.5	  -97.5	    0.0	    0.0	    0.0	    0.0	    0.0	    0.0	    0.0	    0.0	  100.0	   87.9	    0.0	    0.0	    0.0	    0.0	    1.5	  1	  -50.0	 1250.0	   87.9	    0.0	    0.0	1	   81.2	 21	 1385.8	   18.6	
   43	   4.30	  -37.4	 1345.5	  -97.5	    0.0	    0.0	    0.0	    0.0	    0.0	    0.0	    0.0	    0.0	  100.0	   87.6	    0.0	    0.0	    0.0	    0.0	    1.6	  1	  -50.0	 1250.0	   87.6	    0.0	    0.0	1	   81.2	 21	 1385.4	   18.5	
   44	   4.40	  -37.4	 1345.5	  -97.5	    0.0	    0.0	    0.0	    0.0	    0.0	    0.0	    0.0	    0.0	  100.0	   87.3	    0.0	    0.0	    0.0	    0.0	    1.6	  1	  -50.0	 1250.0	   87.3	    0.0	    0.0	1	   81.2	 21	 1384.9	   18.5	
   45	   4.50	  -37.4	 1345.5	  -97.5	    0.0	    0.0	    0.0	    0.0	    0.0	    0.0	    0.0	    0.0	  100.0	   87.0	    0.0	    0.0	    0.0	    0.0	    1.7	  1	  -50.0	 1250.0	   87.0	    0.0	    0.0	1	   81.2	 21	 1384.4	   18.4	
   46	   4.60	  -37.4	 1345.5	  -97.5	    0.0	    0.0	    0.0	    0.0	    0.0	    0.0	    0.0	    0.0	  100.0	   86.7	    0.0	    0.0	    0.0	    0.0	    1.7	  1	  -50.0	 1250.0	   86.7	    0.0	    0.0	1	   81.2	 21	 1384.0	   18.4	
   47	   4.70	  -37.4	 1345.5	  -97.5	    0.0	    0.0	    0.0	    0.0	    0.0	    0.0	    0.0	    0.0	  100.0	   86.4	    0.0	    0.0	    0.0	    0.0	    1.7	  1	  -50.0	 1250.0	   86.4	    0.0	    0.0	1	   81.2	 21	 1383.5	   18.4	
   48	   4.80	  -37.4	 1345.5	  -97.5	    0.0	    0.0	    0.0	    0.0	    0.0	    0.0	    0.0	    0.0	  100.0	   86.1	    0.0	    0.0	    0.0	    0.0	    1.8	  1	  -50.0	 1250.0	   86.1	    0.0	    0.0	1	   81.2	 21	 1383.0	   18.3	
   49	   4.90	  -37.4	 1345.5	  -97.5	    0.0	    0.0	    0.0	    0.0	    0.0	    0.0	    0.0	    0.0	  100.0	   85.8	    0.0	    0.0	    0.0	    0.0	    1.8	  1	  -50.0	 1250.0	   85.8	    0.0	    0.0	1	   81.2	 21	 1382.6	   18.3	
   50	   5.00	  -37.4	 1345.5	  -97.5	    0.0	    0.0	    0.0	    0.0	    0.0	    0.0	    0.0	    0.0	  100.0	   85.5	    0.0	    0.0	    0.0	    0.0	    1.8	  1	  -50.0	 1250.0	   85.5	    0.0	    0.0	1	   81.2	 21	 1382.1	   18.2	
   51	   5.10	  -37.4	 1345.5	  -97.5	    0.0	    0.0	    0.0	    0.0	    0.0	    0.0	    0.0	    0.0	  100.0	   85.2	    0.0	    0.0	    0.0	    0.0	    1.9	  1	  -50.0	 1250.0	   85.2	    0.0	    0.0	1	   81.2	 21	 1381.6	   18.2	
   52	   5.20	  -37.4	 1345.5	  -97.5	    0.0	    0.0	    0.0	    0.0	    0.0	    0.0	    0.0	    0.0	  100.0	   84.9	    0.0	    0.0	    0.0	    0.0	    1.9	  1	  -50.0	 1250.0	   84.9	    0.0	    0.0	1	   81.2	 21	 1381.2	   18.1	
   53	   5.30	  -37.4	 1345.5	  -97.5	    0.0	    0.0	    0.0	    0.0	    0.0	    0.0	    0.0	    0.0	  100.0	   84.6	    0.0	    0.0	    0.0	    0.0	    1.9	  1	  -50.0	 1250.0	   84.6	    0.0	    0.0	1	   81.2	 21	 1380.7	   18.1	
   54	   5.40	  -37.4	 1345.5	  -97.5	    0.0	    0.0	    0.0	    0.0	    0.0	    0.0	    0.0	    0.0	  100.0	   84.3	    0.0	    0.0	    0.0	    0.0	    2.0	  1	  -50.0	 1250.0	   84.3	    0.0	    0.0	1	   81.2	 21	 1380.3	   18.0	
   55	   5.50	  -37.4	 1345.5	  -97.5	    0.0	    0.0	    0.0	    0.0	    0.0	    0.0	    0.0	    0.0	  100.0	   84.0	    0.0	    0.0	    0.0	    0.0	    2.0	  1	  -50.0	 1250.0	   84.0	    0.0	    0.0	1	   81.2	 21	 1379.8	   18.0	
   56	   5.60	  -37.4	 1345.5	  -97.5	    0.0	    0.0	    0.0	    0.0	    0.0	    0.0	    0.0	    0.0	  100.0	   83.7	    0.0	    0.0	    0.0	    0.0	    2.1	  1	  -50.0	 1250.0	   83.7	    0.0	    0.0	1	   81.2	 21	 1379.3	   17.9	
   57	   5.70	  -37.4	 1345.5	  -97.5	    0.0	    0.0	    0.0	    0.0	    0.0	    0.0	    0.0	    0.0	  100.0	   83.4	    0.0	    0.0	    0.0	    0.0	    2.1	  1	  -50.0	 1250.0	   83.4	    0.0	    0.0	1	   81.2	 21	 1378.9	   17.9	
   58	   5.80	  -37.4	 1345.5	  -97.5	    0.0	    0.0	    0.0	    0.0	    0.0	    0.0	    0.0	    0.0	  100.0	   83.1	    0.0	    0.0	    0.0	    0.0	    2.1	  1	  -50.0	 1250.0	   83.1	    0.0	    0.0	1	   81.2	 21	 1378.4	   17.8	
   59	   5.90	  -37.4	 1345.5	  -97.5	    0.0	    0.0	    0.0	    0.0	    0.0	    0.0	    0.0	    0.0	  100.0	   82.9	    0.0	    0.0	    0.0	    0.0	    2.2	  1	  -50.0	 1250.0	   82.9	    0.0	    0.0	1	   81.2	 21	 1377.9	   17.8	
   60	   6.00	  -37.4	 1345.5	  -97.5	    0.0	    0.0	    0.0	    0.0	    0.0	    0.0	    0.0	    0.0	  100.0	   82.6	    0.0	    0.0	    0.0	    0.0	    2.2	  1	  -50.0	 1250.0	   82.6	    0.0	    0.0	1	   81.2	 21	 1377.5	   17.7	
   61	   6.10	  -37.4	 1345.5	  -97.5	    0.0	    0.0	    0.0	    0.0	    0.0	    0.0	    0.0	    0.0	  100.0	   82.3	    0.0	    0.0	    0.0	    0.0	    2.2	  1	  -50.0	 1250.0	   82.3	    0.0	    0.0	1	   81.2	 21	 1377.0	   17.7	
   62	   6.20	  -37.4	 1345.5	  -97.5	    0.0	    0.0	    0.0	    0.0	    0.0	    0.0	    0.0	    0.0	  100.0	   82.0	    0.0	    0.0	    0.0	    0.0	    2.3	  1	  -50.0	 1250.0	   82.0	    0.0	    0.0	1	   81.2	 21	 1376.5	   17.7	
   63	   6.30	  -37.4	 1345.5	  -97.5	    0.0	    0.0	    0.0	    0.0	    0.0	    0.0	    0.0	    0.0	  100.0	   81.7	    0.0	    0.0	    0.0	    0.0	    2.3	  1	  -50.0	 1250.0	   81.7	    0.0	    0.0	1	   81.2	 21	 1376.1	   17.6	
   64	   6.40	  -37.4	 1345.5	  -97.5	    0.0	    0.0	    0.0	    0.0	    0.0	    0.0	    0.0	    0.0	  100.0	   81.4	    0.0	    0.0	    0.0	    0.0	    2.4	  1	  -50.0	 1250.0	   81.4	    0.0	    0.0	1	   81.2	 21	 1375.6	   17.6	
   65	   6.50	  -37.4	 1345.5	  -97.5	    0.0	    0.0	    0.0	    0.0	    0.0	    0.0	    0.0	    0.0	  100.0	   81.1	    0.0	    0.0	    0.0	    0.0	    2.4	  1	  -50.0	 1250.0	   81.1	    0.0	    0.0	1	   81.2	 21	 1375.1	   17.5	
   66	   6.60	  -37.4	 1345.5	  -97.5	    0.0	    0.0	    0.0	    0.0	    0.0	    0.0	    0.0	    0.0	  100.0	   80.8	    0.0	    0.0	    0.0	    0.0	    2.4	  1	  -50.0	 1250.0	   80.8	    0.0	    0.0	1	   81.2	 21	 1374.7	   17.5	
   67	   6.70	  -37.4	 1345.5	  -97.5	    0.0	    0.0	    0.0	    0.0	    0.0	    0.0	    0.0	    0.0	  100.0	   80.5	    0.0	    0.0	    0.0	    0.0	    2.5	  1	  -50.0	 1250.0	   80.5	    0.0	    0.0	1	   81.2	 21	 1374.2	   17.4	
   68	   6.80	  -37.4	 1345.5	  -97.5	    0.0	    0.0	    0.0	    0.0	    0.0	    0.0	    0.0	    0.0	  100.0	   80.2	    0.0	    0.0	    0.0	    0.0	    2.5	  1	  -50.0	 1250.0	   80.2	    0.0	    0.0	1	   81.2	 21	 1373.8	   17.4	
   69	   6.90	  -37.4	 1345.5	  -97.5	    0.0	    0.0	    0.0	    0.0	    0.0	    0.0	    0.0	    0.0	  100.0	   79.9	    0.0	    0.0	    0.0	    0.0	    2.5	  1	  -50.0	 1250.0	   79.9	    0.0	    0.0	1	   81.2	 21	 1373.3	   17.3	
   70	   7.00	  -37.4	 1345.5	  -97.5	    0.0	    0.0	    0.0	    0.0	    0.0	    0.0	    0.0	    0.0	  100.0	   79.6	    0.0	    0.0	    0.0	    0.0	    2.6	  1	  -50.0	 1250.0	   79.6	    0.0	    0.0	1	   81.2	 21	 1372.8	   17.3	
   71	   7.10	  -37.4	 1345.5	  -97.5	    0.0	    0.0	    0.0	    0.0	    0.0	    0.0	    0.0	    0.0	  100.0	   79.3	    0.0	    0.0	    0.0	    0.0	    2.6	  1	  -50.0	 1250.0	   79.3	    0.0	    0.0	1	   81.2	 21	 1372.4	   17.2	
   72	   7.20	  -37.4	 1345.5	  -97.5	    0.0	    0.0	    0.0	    0.0	    0.0	    0.0	    0.0	    0.0	  100.0	   79.0	    0.0	    0.0	    0.0	    0.0	    2.7	  1	  -50.0	 1250.0	   79.0	    0.0	    0.0	1	   81.2	 21	 1371.9	   17.2	
   73	   7.30	  -37.4	 1345.5	  -97.5	    0.0	    0.0	    0.0	    0.0	    0.0	    0.0	    0.0	    0.0	  100.0	   78.7	    0.0	    0.0	    0.0	    0.0	    2.7	  1	  -50.0	 1250.0	   78.7	    0.0	    0.0	1	   81.2	 21	 1371.4	   17.1	
   74	   7.40	  -37.4	 1345.5	  -97.5	    0.0	    0.0	    0.0	    0.0	    0.0	    0.0	    0.0	    0.0	  100.0	   78.4	    0.0	    0.0	    0.0	    0.0	    2.7	  1	  -50.0	 1250.0	   78.4	    0.0	    0.0	1	   81.2	 21	 1371.0	   17.1	
   75	   7.50	  -37.4	 1345.5	  -97.5	    0.0	    0.0	    0.0	    0.0	    0.0	    0.0	    0.0	    0.0	  100.0	   78.1	    0.0	    0.0	    0.0	    0.0	    2.8	  1	  -50.0	 1250.0	   78.1	    0.0	    0.0	1	   81.2	 21	 1370.5	   17.0	
   76	   7.60	  -37.4	 1345.5	  -97.5	    0.0	    0.0	    0.0	    0.0	    0.0	    0.0	    0.0	    0.0	  100.0	   77.8	    0.0	    0.0	    0.0	    0.0	    2.8	  1	  -50.0	 1250.0	   77.8	    0.0	    0.0	1	   81.2	 21	 1370.0	   17.0	
   77	   7.70	  -37.4	 1345.5	  -97.5	    0.0	    0.0	    0.0	    0.0	    0.0	    0.0	    0.0	    0.0	  100.0	   77.5	    0.0	    0.0	    0.0	    0.0	    2.8	  1	  -50.0	 1250.0	   77.5	    0.0	    0.0	1	   81.2	 21	 1369.6	   17.0	
   78	   7.80	  -37.4	 1345.5	  -97.5	    0.0	    0.0	    0.0	    0.0	    0.0	    0.0	    0.0	    0.0	  100.0	   77.2	    0.0	    0.0	    0.0	    0.0	    2.9	  1	  -50.0	 1250.0	   77.2	    0.0	    0.0	1	   81.2	 21	 1369.1	   16.9	
   79	   7.90	  -37.4	 1345.5	  -97.5	    0.0	    0.0	    0.0	    0.0	    0.0	    0.0	    0.0	    0.0	  100.0	   76.9	    0.0	    0.0	    0.0	    0.0	    2.9	  1	  -50.0	 1250.0	   76.9	    0.0	    0.0	1	   81.2	 21	 1368.6	   16.9	
   80	   8.00	  -37.4	 1345.5	  -97.5	    0.0	    0.0	    0.0	    0.0	    0.0	    0.0	    0.0	    0.0	  100.0	   76.6	    0.0	    0.0	    0.0	    0.0	    2.9	  1	  -50.0	 1250.0	   76.6	    0.0	    0.0	1	   81.2	 21	 1368.2	   16.8	
   81	   8.10	  -37.4	 1345.5	  -97.5	    0.0	    0.0	    0.0	    0.0	    0.0	    0.0	    0.0	    0.0	  100.0	   76.3	    0.0	    0.0	    0.0	    0.0	    3.0	  1	  -50.0	 1250.0	   76.3	    0.0	    0.0	1	   81.2	 21	 1367.7	   16.8	
   82	   8.20	  -37.4	 1345.5	  -97.5	    0.0	    0.0	    0.0	    0.0	    0.0	    0.0	    0.0	    0.0	  100.0	   76.0	    0.0	    0.0	    0.0	    0.0	    3.0	  1	  -50.0	 1250.0	   76.0	    0.0	    0.0	1	   81.2	 21	 1367.2	   16.7	
   83	   8.30	  -37.4	 1345.5	  -97.5	    0.0	    0.0	    0.0	    0.0	    0.0	    0.0	    0.0	    0.0	  100.0	   75.7	    0.0	    0.0	    0.0	    0.0	    3.1	  1	  -50.0	 1250.0	   75.7	    0.0	    0.0	1	   81.2	 21	 1366.8	   16.7	
   84	   8.40	  -37.4	 1345.5	  -97.5	    0.0	    0.0	    0.0	    0.0	    0.0	    0.0	    0.0	    0.0	  100.0	   75.4	    0.0	    0.0	    0.0	    0.0	    3.1	  1	  -50.0	 1250.0	   75.4	    0.0	    0.0	1	   81.2	 21	 1366.3	   16.6	
   85	   8.50	  -37.4	 1345.5	  -97.5	    0.0	    0.0	    0.0	    0.0	    0.0	    0.0	    0.0	    0.0	  100.0	   75.1	    0.0	    0.0	    0.0	    0.0	    3.1	  1	  -50.0	 1250.0	   75.1	    0.0	    0.0	1	   81.2	 21	 1365.9	   16.6	
   86	   8.60	  -37.4	 1345.5	  -97.5	    0.0	    0.0	    0.0	    0.0	    0.0	    0.0	    0.0	    0.0	  100.0	   74.8	    0.0	    0.0	    0.0	    0.0	    3.2	  1	  -50.0	 1250.0	   74.8	    0.0	    0.0	1	   81.2	 21	 1365.4	   16.5	
   87	   8.70	  -37.4	 1345.5	  -97.5	    0.0	    0.0	    0.0	    0.0	    0.0	    0.0	    0.0	    0.0	  100.0	   74.5	    0.0	    0.0	    0.0	    0.0	    3.2	  1	  -50.0	 1250.0	   74.5	    0.0	    0.0	1	   81.2	 21	 1364.9	   16.5	
   88	   8.80	  -37.4	 1345.5	  -97.5	    0.0	    0.0	    0.0	    0.0	    0.0	    0.0	    0.0	    0.0	  100.0	   74.2	    0.0	    0.0	    0.0	    0.0	    3.2	  1	  -50.0	 1250.0	   74.2	    0.0	    0.0	1	   81.2	 21	 1364.5	   16.4	
   89	   8.90	  -37.4	 1345.5	  -97.5	    0.0	    0.0	    0.0	    0.0	    0.0	    0.0	    0.0	    0.0	  100.0	   73.9	    0.0	    0.0	    0.0	    0.0	    3.3	  1	  -50.0	 1250.0	   73.9	    0.0	    0.0	1	   81.2	 21	 1364.0	   16.4	
   90	   9.00	  -37.4	 1345.5	  -97.5	    0.0	    0.0	    0.0	    0.0	    0.0	    0.0	    0.0	    0.0	  100.0	   73.6	    0.0	    0.0	    0.0	    0.0	    3.3	  1	  -50.0	 1250.0	   73.6	    0.0	    0.0	1	   81.2	 21	 1363.5	   16.4	
   91	   9.10	  -37.4	 1345.5	  -97.5	    0.0	    0.0	    0.0	    0.0	    0.0	    0.0	    0.0	    0.0	  100.0	   73.3	    0.0	    0.0	    0.0	    0.0	    3.4	  1	  -50.0	 1250.0	   73.3	    0.0	    0.0	1	   81.2	 21	 1363.1	   16.3	
   92	   9.20	  -37.4	 1345.5	  -97.5	    0.0	    0.0	    0.0	    0.0	    0.0	    0.0	    0.0	    0.0	  100.0	   73.0	    0.0	    0.0	    0.0	    0.0	    3.4	  1	  -50.0	 1250.0	   73.0	    0.0	    0.0	1	   81.2	 21	 1362.6	   16.3	
   93	   9.30	  -37.4	 1345.5	  -97.5	    0.0	    0.0	    0.0	    0.0	    0.0	    0.0	    0.0	    0.0	  100.0	   72.7	    0.0	    0.0	    0.0	    0.0	    3.4	  1	  -50.0	 1250.0	   72.7	    0.0	    0.0	1	   81.2	 21	 1362.1	   16.2	
   94	   9.40	  -37.4	 1345.5	  -97.5	    0.0	    0.0	    0.0	    0.0	    0.0	    0.0	    0.0	    0.0	  100.0	   72.4	    0.0	    0.0	    0.0	    0.0	    3.5	  1	  -50.0	 1250.0	   72.4	    0.0	    0.0	1	   81.2	 21	 1361.7	   16.2	
   95	   9.50	  -37.4	 1345.5	  -97.5	    0.0	    0.0	    0.0	    0.0	    0.0	    0.0	    0.0	    0.0	  100.0	   72.1	    0.0	    0.0	    0.0	    0.0	    3.5	  1	  -50.0	 1250.0	   72.1	    0.0	    0.0	1	   81.2	 21	 1361.2	   16.1	
   96	   9.60	  -37.4	 1345.5	  -97.5	    0.0	    0.0	    0.0	    0.0	    0.0	    0.0	    0.0	    0.0	  100.0	   71.8	    0.0	    0.0	    0.0	    0.0	    3.5	  1	  -50.0	 1250.0	   71.8	    0.0	    0.0	1	   81.2	 21	 1360.7	   16.1	
   97	   9.70	  -37.4	 1345.5	  -97.5	    0.0	    0.0	    0.0	    0.0	    0.0	    0.0	    0.0	    0.0	  100.0	   71.6	    0.0	    0.0	    0.0	    0.0	    3.6	  1	  -50.0	 1250.0	   71.6	    0.0	    0.0	1	   81.2	 21	 1360.3	   16.0	
   98	   9.80	  -37.4	 1345.5	  -97.5	    0.0	    0.0	    0.0	    0.0	    0.0	    0.0	    0.0	    0.0	  100.0	   71.3	    0.0	    0.0	    0.0	    0.0	    3.6	  1	  -50.0	 1250.0	   71.3	    0.0	    0.0	1	   81.2	 21	 1359.8	   16.0	
   99	   9.90	  -37.4	 1345.5	  -97.5	    0.0	    0.0	    0.0	    0.0	    0.0	    0.0	    0.0	    0.0	  100.0	   71.0	    0.0	    0.0	    0.0	    0.0	    3.7	  1	  -50.0	 1250.0	   71.0	    0.0	    0.0	1	   81.2	 21	 1359.3	   15.9	
  100	  10.00	  -37.4	 1345.5	  -97.5	    0.0	    0.0	    0.0	    0.0	    0.0	    0.0	    0.0	    0.0	  100.0	   70.7	    0.0	    0.0	    0.0	    0.0	    3.7	  1	  -50.0	 1250.0	   70.7	    0.0	    0.0	1	   81.2	 21	 1358.9	   15.9	
  101	  10.10	  -37.4	 1345.5	  -97.5	    0.0	    0.0	    0.0	    0.0	    0.0	    0.0	    0.0	    0.0	  100.0	   70.4	    0.0	    0.0	    0.0	    0.0	    3.7	  1	  -50.0	 1250.0	   70.4	    0.0	    0.0	1	   81.2	 21	 1358.4	   15.8	
  102	  10.20	  -37.4	 1345.5	  -97.5	    0.0	    0.0	    0.0	    0.0	    0.0	    0.0	    0.0	    0.0	  100.0	   70.1	    0.0	    0.0	    0.0	    0.0	    3.8	  1	  -50.0	 1250.0	   70.1	    0.0	    0.0	1	   81.2	 21	 1358.0	   15.8	
  103	  10.30	  -37.4	 1345.5	  -97.5	    0.0	    0.0	    0.0	    0.0	    0.0	    0.0	    0.0	    0.0	  100.0	   69.8	    0.0	    0.0	    0.0	    0.0	    3.8	  1	  -50.0	 1250.0	   69.8	    0.0	    0.0	1	   81.2	 21	 1357.5	   15.7	
  104	  10.40	  -37.4	 1345.5	  -97.5	    0.0	    0.0	    0.0	    0.0	    0.0	    0.0	    0.0	    0.0	  100.0	   69.5	    0.0	    0.0	    0.0	    0.0	    3.8	  1	  -50.0	 1250.0	   69.5	    0.0	    0.0	1	   81.2	 21	 1357.0	   15.7	
  105	  10.50	  -37.4	 1345.5	  -97.5	    0.0	    0.0	    0.0	    0.0	    0.0	    0.0	    0.0	    0.0	  100.0	   69.2	    0.0	    0.0	    0.0	    0.0	    3.9	  1	  -50.0	 1250.0	   69.2	    0.0	    0.0	1	   81.2	 21	 1356.6	   15.7	
  106	  10.60	  -37.4	 1345.5	  -97.5	    0.0	    0.0	    0.0	    0.0	    0.0	    0.0	    0.0	    0.0	  100.0	   68.9	    0.0	    0.0	    0.0	    0.0	    3.9	  1	  -50.0	 1250.0	   68.9	    0.0	    0.0	1	   81.2	 21	 1356.1	   15.6	
  107	  10.70	  -37.4	 1345.5	  -97.5	    0.0	    0.0	    0.0	    0.0	    0.0	    0.0	    0.0	    0.0	  100.0	   68.6	    0.0	    0.0	    0.0	    0.0	    3.9	  1	  -50.0	 1250.0	   68.6	    0.0	    0.0	1	   81.2	 21	 1355.6	   15.6	
  108	  10.80	  -37.4	 1345.5	  -97.5	    0.0	    0.0	    0.0	    0.0	    0.0	    0.0	    0.0	    0.0	  100.0	   68.3	    0.0	    0.0	    0.0	    0.0	    4.0	  1	  -50.0	 1250.0	   68.3	    0.0	    0.0	1	   81.2	 21	 1355.2	   15.5	
  109	  10.90	  -37.4	 1345.5	  -97.5	    0.0	    0.0	    0.0	    0.0	    0.0	    0.0	    0.0	    0.0	  100.0	   68.0	    0.0	    0.0	    0.0	    0.0	    4.0	  1	  -50.0	 1250.0	   68.0	    0.0	    0.0	1	   81.2	 21	 1354.7	   15.5	
  110	  11.00	  -37.4	 1345.5	  -97.5	    0.0	    0.0	    0.0	    0.0	    0.0	    0.0	    0.0	    0.0	  100.0	   67.7	    0.0	    0.0	    0.0	    0.0	    4.1	  1	  -50.0	 1250.0	   67.7	    0.0	    0.0	1	   81.2	 21	 1354.2	   15.4	
  111	  11.10	  -37.4	 1345.5	  -97.5	    0.0	    0.0	    0.0	    0.0	    0.0	    0.0	    0.0	    0.0	  100.0	   67.4	    0.0	    0.0	    0.0	    0.0	    4.1	  1	  -50.0	 1250.0	   67.4	    0.0	    0.0	1	   81.2	 21	 1353.8	   15.4	
  112	  11.20	  -37.4	 1345.5	  -97.5	    0.0	    0.0	    0.0	    0.0	    0.0	    0.0	    0.0	    0.0	  100.0	   67.1	    0.0	    0.0	    0.0	    0.0	    4.1	  1	  -50.0	 1250.0	   67.1	    0.0	    0.0	1	   81.2	 21	 1353.3	   15.3	
  113	  11.30	  -37.4	 1345.5	  -97.5	    0.0	    0.0	    0.0	    0.0	    0.0	    0.0	    0.0	    0.0	  100.0	   66.8	    0.0	    0.0	    0.0	    0.0	    4.2	  1	  -50.0	 1250.0	   66.8	    0.0	    0.0	1	   81.2	 21	 1352.8	   15.3	
  114	  11.40	  -37.4	 1345.5	  -97.5	    0.0	    0.0	    0.0	    0.0	    0.0	    0.0	    0.0	    0.0	  100.0	   66.5	    0.0	    0.0	    0.0	    0.0	    4.2	  1	  -50.0	 1250.0	   66.5	    0.0	    0.0	1	   81.2	 21	 1352.4	   15.2	
  115	  11.50	  -37.4	 1345.5	  -97.5	    0.0	    0.0	    0.0	    0.0	    0.0	    0.0	    0.0	    0.0	  100.0	   66.2	    0.0	    0.0	    0.0	    0.0	    4.2	  1	  -50.0	 1250.0	   66.2	    0.0	    0.0	1	   81.2	 21	 1351.9	   15.2	
  116	  11.60	  -37.4	 1345.5	  -97.5	    0.0	    0.0	    0.0	    0.0	    0.0	    0.0	    0.0	    0.0	  100.0	   65.9	    0.0	    0.0	    0.0	    0.0	    4.3	  1	  -50.0	 1250.0	   65.9	    0.0	    0.0	1	   81.2	 21	 1351.4	   15.1	
  117	  11.70	  -37.4	 1345.5	  -97.5	    0.0	    0.0	    0.0	    0.0	    0.0	    0.0	    0.0	    0.0	  100.0	   65.6	    0.0	    0.0	    0.0	    0.0	    4.3	  1	  -50.0	 1250.0	   65.6	    0.0	    0.0	1	   81.2	 21	 1351.0	   15.1	
  118	  11.80	  -37.4	 1345.5	  -97.5	    0.0	    0.0	    0.0	    0.0	    0.0	    0.0	    0.0	    0.0	  100.0	   65.3	    0.0	    0.0	    0.0	    0.0	    4.4	  1	  -50.0	 1250.0	   65.3	    0.0	    0.0	1	   81.2	 21	 1350.5	   15.1	
  119	  11.90	  -37.4	 1345.5	  -97.5	    0.0	    0.0	    0.0	    0.0	    0.0	    0.0	    0.0	    0.0	  100.0	   65.0	    0.0	    0.0	    0.0	    0.0	    4.4	  1	  -50.0	 1250.0	   65.0	    0.0	    0.0	1	   81.2	 21	 1350.1	   15.0	
  120	  12.00	  -37.4	 1345.5	  -97.5	    0.0	    0.0	    0.0	    0.0	    0.0	    0.0	    0.0	    0.0	  100.0	   64.7	    0.0	    0.0	    0.0	    0.0	    4.4	  1	  -50.0	 1250.0	   64.7	    0.0	    0.0	1	   81.2	 21	 1349.6	   15.0	
  121	  12.10	  -37.4	 1345.5	  -97.5	    0.0	    0.0	    0.0	    0.0	    0.0	    0.0	    0.0	    0.0	  100.0	   64.4	    0.0	    0.0	    0.0	    0.0	    4.5	  1	  -50.0	 1250.0	   64.4	    0.0	    0.0	1	   81.2	 21	 1349.1	   14.9	
  122	  12.20	  -37.4	 1345.5	  -97.5	    0.0	    0.0	    0.0	    0.0	    0.0	    0.0	    0.0	    0.0	  100.0	   64.1	    0.0	    0.0	    0.0	    0.0	    4.5	  1	  -50.0	 1250.0	   64.1	    0.0	    0.0	1	   81.2	 21	 1348.7	   14.9	
  123	  12.30	  -37.4	 1345.5	  -97.5	    0.0	    0.0	    0.0	    0.0	    0.0	    0.0	    0.0	    0.0	  100.0	   63.8	    0.0	    0.0	    0.0	    0.0	    4.5	  1	  -50.0	 1250.0	   63.8	    0.0	    0.0	1	   81.2	 21	 1348.2	   14.8	
  124	  12.40	  -37.4	 1345.5	  -97.5	    0.0	    0.0	    0.0	    0.0	    0.0	    0.0	    0.0	    0.0	  100.0	   63.5	    0.0	    0.0	    0.0	    0.0	    4.6	  1	  -50.0	 1250.0	   63.5	    0.0	    0.0	1	   81.2	 21	 1347.7	   14.8	
  125	  12.50	  -37.4	 1345.5	  -97.5	    0.0	    0.0	    0.0	    0.0	    0.0	    0.0	    0.0	    0.0	  100.0	   63.2	    0.0	    0.0	    0.0	    0.0	    4.6	  1	  -50.0	 1250.0	   63.2	    0.0	    0.0	1	   81.2	 21	 1347.3	   14.7	
  126	  12.60	  -37.4	 1345.5	  -97.5	    0.0	    0.0	    0.0	    0.0	    0.0	    0.0	    0.0	    0.0	  100.0	   62.9	    0.0	    0.0	    0.0	    0.0	    4.7	  1	  -50.0	 1250.0	   62.9	    0.0	    0.0	1	   81.2	 21	 1346.8	   14.7	
  127	  12.70	  -37.4	 1345.5	  -97.5	    0.0	    0.0	    0.0	    0.0	    0.0	    0.0	    0.0	    0.0	  100.0	   62.6	    0.0	    0.0	    0.0	    0.0	    4.7	  1	  -50.0	 1250.0	   62.6	    0.0	    0.0	1	   81.2	 21	 1346.3	   14.6	
  128	  12.80	  -37.4	 1345.5	  -97.5	    0.0	    0.0	    0.0	    0.0	    0.0	    0.0	    0.0	    0.0	  100.0	   62.3	    0.0	    0.0	    0.0	    0.0	    4.7	  1	  -50.0	 1250.0	   62.3	    0.0	    0.0	1	   81.2	 21	 1345.9	   14.6	
  129	  12.90	  -37.4	 1345.5	  -97.5	    0.0	    0.0	    0.0	    0.0	    0.0	    0.0	    0.0	    0.0	  100.0	   62.0	    0.0	    0.0	    0.0	    0.0	    4.8	  1	  -50.0	 1250.0	   62.0	    0.0	    0.0	1	   81.2	 21	 1345.4	   14.5	
  130	  13.00	  -37.4	 1345.5	  -97.5	    0.0	    0.0	    0.0	    0.0	    0.0	    0.0	    0.0	    0.0	  100.0	   61.7	    0.0	    0.0	    0.0	    0.0	    4.8	  1	  -50.0	 1250.0	   61.7	    0.0	    0.0	1	   81.2	 21	 1344.9	   14.5	
  131	  13.10	  -37.4	 1345.5	  -97.5	    0.0	    0.0	    0.0	    0.0	    0.0	    0.0	    0.0	    0.0	  100.0	   61.4	    0.0	    0.0	    0.0	    0.0	    4.8	  1	  -50.0	 1250.0	   61.4	    0.0	    0.0	1	   81.2	 21	 1344.5	   14.4	
  132	  13.20	  -37.4	 1345.5	  -97.5	    0.0	    0.0	    0.0	    0.0	    0.0	    0.0	    0.0	    0.0	  100.0	   61.1	    0.0	    0.0	    0.0	    0.0	    4.9	  1	  -50.0	 1250.0	   61.1	    0.0	    0.0	1	   81.2	 21	 1344.0	   14.4	
  133	  13.30	  -37.4	 1345.5	  -97.5	    0.0	    0.0	    0.0	    0.0	    0.0	    0.0	    0.0	    0.0	  100.0	   60.8	    0.0	    0.0	    0.0	    0.0	    4.9	  1	  -50.0	 1250.0	   60.8	    0.0	    0.0	1	   81.2	 21	 1343.6	   14.4	
  134	  13.40	  -37.4	 1345.5	  -97.5	    0.0	    0.0	    0.0	    0.0	    0.0	    0.0	    0.0	    0.0	  100.0	   60.5	    0.0	    0.0	    0.0	    0.0	    4.9	  1	  -50.0	 1250.0	   60.5	    0.0	    0.0	1	   81.2	 21	 1343.1	   14.3	
  135	  13.50	  -37.4	 1345.5	  -97.5	    0.0	    0.0	    0.0	    0.0	    0.0	    0.0	    0.0	    0.0	  100.0	   60.3	    0.0	    0.0	    0.0	    0.0	    5.0	  1	  -50.0	 1250.0	   60.3	    0.0	    0.0	1	   81.2	 21	 1342.6	   14.3	
  136	  13.60	  -37.4	 1345.5	  -97.5	    0.0	    0.0	    0.0	    0.0	    0.0	    0.0	    0.0	    0.0	  100.0	   60.0	    0.0	    0.0	    0.0	    0.0	    5.0	  1	  -50.0	 1250.0	   60.0	    0.0	    0.0	1	   81.2	 21	 1342.2	   14.2	
  137	  13.70	  -37.4	 1345.5	  -97.5	    0.0	    0.0	    0.0	    0.0	    0.0	    0.0	    0.0	    0.0	  100.0	   59.7	    0.0	    0.0	    0.0	    0.0	    5.1	  1	  -50.0	 1250.0	   59.7	    0.0	    0.0	1	   81.2	 21	 1341.7	   14.2	
  138	  13.80	  -37.4	 1345.5	  -97.5	    0.0	    0.0	    0.0	    0.0	    0.0	    0.0	    0.0	    0.0	  100.0	   59.4	    0.0	    0.0	    0.0	    0.0	    5.1	  1	  -50.0	 1250.0	   59.4	    0.0	    0.0	1	   81.2	 21	 1341.2	   14.1	
  139	  13.90	  -37.4	 1345.5	  -97.5	    0.0	    0.0	    0.0	    0.0	    0.0	    0.0	    0.0	    0.0	  100.0	   59.1	    0.0	    0.0	    0.0	    0.0	    5.1	  1	  -50.0	 1250.0	   59.1	    0.0	    0.0	1	   81.2	 21	 1340.8	   14.1	
  140	  14.00	  -37.4	 1345.5	  -97.5	    0.0	    0.0	    0.0	    0.0	    0.0	    0.0	    0.0	    0.0	  100.0	   58.8	    0.0	    0.0	    0.0	    0.0	    5.2	  1	  -50.0	 1250.0	   58.8	    0.0	    0.0	1	   81.2	 21	 1340.3	   14.0	
  141	  14.10	  -37.4	 1345.5	  -97.5	    0.0	    0.0	    0.0	    0.0	    0.0	    0.0	    0.0	    0.0	  100.0	   58.5	    0.0	    0.0	    0.0	    0.0	    5.2	  1	  -50.0	 1250.0	   58.5	    0.0	    0.0	1	   81.2	 21	 1339.8	   14.0	
  142	  14.20	  -37.4	 1345.5	  -97.5	    0.0	    0.0	    0.0	    0.0	    0.0	    0.0	    0.0	    0.0	  100.0	   58.2	    0.0	    0.0	    0.0	    0.0	    5.2	  1	  -50.0	 1250.0	   58.2	    0.0	    0.0	1	   81.2	 21	 1339.4	   13.9	
  143	  14.30	  -37.4	 1345.5	  -97.5	    0.0	    0.0	    0.0	    0.0	    0.0	    0.0	    0.0	    0.0	  100.0	   57.9	    0.0	    0.0	    0.0	    0.0	    5.3	  1	  -50.0	 1250.0	   57.9	    0.0	    0.0	1	   81.2	 21	 1338.9	   13.9	
  144	  14.40	  -37.4	 1345.5	  -97.5	    0.0	    0.0	    0.0	    0.0	    0.0	    0.0	    0.0	    0.0	  100.0	   57.6	    0.0	    0.0	    0.0	    0.0	    5.3	  1	  -50.0	 1250.0	   57.6	    0.0	    0.0	1	   81.2	 21	 1338.4	   13.8	
  145	  14.50	  -37.4	 1345.5	  -97.5	    0.0	    0.0	    0.0	    0.0	    0.0	    0.0	    0.0	    0.0	  100.0	   57.3	    0.0	    0.0	    0.0	    0.0	    5.4	  1	  -50.0	 1250.0	   57.3	    0.0	    0.0	1	   81.2	 21	 1338.0	   13.8	
  146	  14.60	  -37.4	 1345.5	  -97.5	    0.0	    0.0	    0.0	    0.0	    0.0	    0.0	    0.0	    0.0	  100.0	   57.0	    0.0	    0.0	    0.0	    0.0	    5.4	  1	  -50.0	 1250.0	   57.0	    0.0	    0.0	1	   81.2	 21	 1337.5	   13.8	
  147	  14.70	  -37.4	 1345.5	  -97.5	    0.0	    0.0	    0.0	    0.0	    0.0	    0.0	    0.0	    0.0	  100.0	   56.7	    0.0	    0.0	    0.0	    0.0	    5.4	  1	  -50.0	 1250.0	   56.7	    0.0	    0.0	1	   81.2	 21	 1337.0	   13.7	
  148	  14.80	  -37.4	 1345.5	  -97.5	    0.0	    0.0	    0.0	    0.0	    0.0	    0.0	    0.0	    0.0	  100.0	   56.4	    0.0	    0.0	    0.0	    0.0	    5.5	  1	  -50.0	 1250.0	   56.4	    0.0	    0.0	1	   81.2	 21	 1336.6	   13.7	
  149	  14.90	  -37.4	 1345.5	  -97.5	    0.0	    0.0	    0.0	    0.0	    0.0	    0.0	    0.0	    0.0	  100.0	   56.1	    0.0	    0.0	    0.0	    0.0	    5.5	  1	  -50.0	 1250.0	   56.1	    0.0	    0.0	1	   81.2	 21	 1336.1	   13.6	
  150	  15.00	  -37.4	 1345.5	  -97.5	    0.0	    0.0	    0.0	    0.0	    0.0	    0.0	    0.0	    0.0	  100.0	   55.8	    0.0	    0.0	    0.0	    0.0	    5.5	  1	  -50.0	 1250.0	   55.8	    0.0	    0.0	1	   81.2	 21	 1335.7	   13.6	
  151	  15.10	  -37.4	 1345.5	  -97.5	    0.0	    0.0	    0.0	    0.0	    0.0	    0.0	    0.0	    0.0	  100.0	   55.5	    0.0	    0.0	    0.0	    0.0	    5.6	  1	  -50.0	 1250.0	   55.5	    0.0	    0.0	1	   81.2	 21	 1335.2	   13.5	
  152	  15.20	  -37.4	 1345.5	  -97.5	    0.0	    0.0	    0.0	    0.0	    0.0	    0.0	    0.0	    0.0	  100.0	   55.2	    0.0	    0.0	    0.0	    0.0	    5.6	  1	  -50.0	 1250.0	   55.2	    0.0	    0.0	1	   81.2	 21	 1334.7	   13.5	
  153	  15.30	  -37.4	 1345.5	  -97.5	    0.0	    0.0	    0.0	    0.0	    0.0	    0.0	    0.0	    0.0	  100.0	   54.9	    0.0	    0.0	    0.0	    0.0	    5.6	  1	  -50.0	 1250.0	   54.9	    0.0	    0.0	1	   81.2	 21	 1334.3	   13.4	
  154	  15.40	  -37.4	 1345.5	  -97.5	    0.0	    0.0	    0.0	    0.0	    0.0	    0.0	    0.0	    0.0	  100.0	   54.6	    0.0	    0.0	    0.0	    0.0	    5.7	  1	  -50.0	 1250.0	   54.6	    0.0	    0.0	1	   81.2	 21	 1333.8	   13.4	
  155	  15.50	  -37.4	 1345.5	  -97.5	    0.0	    0.0	    0.0	    0.0	    0.0	    0.0	    0.0	    0.0	  100.0	   54.3	    0.0	    0.0	    0.0	    0.0	    5.7	  1	  -50.0	 1250.0	   54.3	    0.0	    0.0	1	   81.2	 21	 1333.3	   13.3	
  156	  15.60	  -37.4	 1345.5	  -97.5	    0.0	    0.0	    0.0	    0.0	    0.0	    0.0	    0.0	    0.0	  100.0	   54.0	    0.0	    0.0	    0.0	    0.0	    5.8	  1	  -50.0	 1250.0	   54.0	    0.0	    0.0	1	   81.2	 21	 1332.9	   13.3	
  157	  15.70	  -37.4	 1345.5	  -97.5	    0.0	    0.0	    0.0	    0.0	    0.0	    0.0	    0.0	    0.0	  100.0	   53.7	    0.0	    0.0	    0.0	    0.0	    5.8	  1	  -50.0	 1250.0	   53.7	    0.0	    0.0	1	   81.2	 21	 1332.4	   13.2	
  158	  15.80	  -37.4	 1345.5	  -97.5	    0.0	    0.0	    0.0	    0.0	    0.0	    0.0	    0.0	    0.0	  100.0	   53.4	    0.0	    0.0	    0.0	    0.0	    5.8	  1	  -50.0	 1250.0	   53.4	    0.0	    0.0	1	   81.2	 21	 1331.9	   13.2	
  159	  15.90	  -37.4	 1345.5	  -97.5	    0.0	    0.0	    0.0	    0.0	    0.0	    0.0	    0.0	    0.0	  100.0	   53.1	    0.0	    0.0	    0.0	    0.0	    5.9	  1	  -50.0	 1250.0	   53.1	    0.0	    0.0	1	   81.2	 21	 1331.5	   13.1	
  160	  16.00	  -37.4	 1345.5	  -97.5	    0.0	    0.0	    0.0	    0.0	    0.0	    0.0	    0.0	    0.0	  100.0	   52.8	    0.0	    0.0	    0.0	    0.0	    5.9	  1	  -50.0	 1250.0	   52.8	    0.0	    0.0	1	   81.2	 21	 1331.0	   13.1	
  161	  16.10	  -37.4	 1345.5	  -97.5	    0.0	    0.0	    0.0	    0.0	    0.0	    0.0	    0.0	    0.0	  100.0	   52.5	    0.0	    0.0	    0.0	    0.0	    5.9	  1	  -50.0	 1250.0	   52.5	    0.0	    0.0	1	   81.2	 21	 1330.5	   13.1	
  162	  16.20	  -37.4	 1345.5	  -97.5	    0.0	    0.0	    0.0	    0.0	    0.0	    0.0	    0.0	    0.0	  100.0	   52.2	    0.0	    0.0	    0.0	    0.0	    6.0	  1	  -50.0	 1250.0	   52.2	    0.0	    0.0	1	   81.2	 21	 1330.1	   13.0	
  163	  16.30	  -37.4	 1345.5	  -97.5	    0.0	    0.0	    0.0	    0.0	    0.0	    0.0	    0.0	    0.0	  100.0	   51.9	    0.0	    0.0	    0.0	    0.0	    6.0	  1	  -50.0	 1250.0	   51.9	    0.0	    0.0	1	   81.2	 21	 1329.6	   13.0	
  164	  16.40	  -37.4	 1345.5	  -97.5	    0.0	    0.0	    0.0	    0.0	    0.0	    0.0	    0.0	    0.0	  100.0	   51.6	    0.0	    0.0	    0.0	    0.0	    6.1	  1	  -50.0	 1250.0	   51.6	    0.0	    0.0	1	   81.2	 21	 1329.2	   12.9	
  165	  16.50	  -37.4	 1345.5	  -97.5	    0.0	    0.0	    0.0	    0.0	    0.0	    0.0	    0.0	    0.0	  100.0	   51.3	    0.0	    0.0	    0.0	    0.0	    6.1	  1	  -50.0	 1250.0	   51.3	    0.0	    0.0	1	   81.2	 21	 1328.7	   12.9	
  166	  16.60	  -37.4	 1345.5	  -97.5	    0.0	    0.0	    0.0	    0.0	    0.0	    0.0	    0.0	    0.0	  100.0	   51.0	    0.0	    0.0	    0.0	    0.0	    6.1	  1	  -50.0	 1250.0	   51.0	    0.0	    0.0	1	   81.2	 21	 1328.2	   12.8	
  167	  16.70	  -37.4	 1345.5	  -97.5	    0.0	    0.0	    0.0	    0.0	    0.0	    0.0	    0.0	    0.0	  100.0	   50.7	    0.0	    0.0	    0.0	    0.0	    6.2	  1	  -50.0	 1250.0	   50.7	    0.0	    0.0	1	   81.2	 21	 1327.8	   12.8	
  168	  16.80	  -37.4	 1345.5	  -97.5	    0.0	    0.0	    0.0	    0.0	    0.0	    0.0	    0.0	    0.0	  100.0	   50.4	    0.0	    0.0	    0.0	    0.0	    6.2	  1	  -50.0	 1250.0	   50.4	    0.0	    0.0	1	   81.2	 21	 1327.3	   12.7	
  169	  16.90	  -37.4	 1345.5	  -97.5	    0.0	    0.0	    0.0	    0.0	    0.0	    0.0	    0.0	    0.0	  100.0	   50.1	    0.0	    0.0	    0.0	    0.0	    6.2	  1	  -50.0	 1250.0	   50.1	    0.0	    0.0	1	   81.2	 21	 1326.8	   12.7	
  170	  17.00	  -37.4	 1345.5	  -97.5	    0.0	    0.0	    0.0	    0.0	    0.0	    0.0	    0.0	    0.0	  100.0	   49.8	    0.0	    0.0	    0.0	    0.0	    6.3	  1	  -50.0	 1250.0	   49.8	    0.0	    0.0	1	   81.2	 21	 1326.4	   12.6	
  171	  17.10	  -37.4	 1345.5	  -97.5	  745.9	 1375.9	    0.0	  200.0	    0.0	    0.0	    0.0	    0.0	  100.0	   49.8	    0.0	    0.0	    0.0	    0.0	    6.3	  1	  950.0	 2250.0	   49.8	    0.0	    0.0	1	  443.1	 21	 1208.9	 -191.1	
  172	  17.20	  -24.0	 1361.0	   49.2	  750.6	 1375.1	    0.0	  200.0	    0.0	    0.0	    0.0	    0.0	  100.0	   49.3	    0.0	    0.0	    0.0	    0.0	    6.4	  1	  -50.0	 1350.0	   49.3	    0.0	    0.0	1	   28.1	 21	    0.0	    0.0	
  173	  17.30	  -22.7	 1362.4	    1.0	  750.6	 1375.1	    0.0	  200.0	    0.0	    0.0	    0.0	    0.0	  100.0	   48.9	    0.0	    0.0	    0.0	    0.0	    6.4	  1	  -50.0	 1350.0	   48.9	    0.0	    0.0	1	   25.0	 21	    0.0	    0.0	
  174	  17.40	  -22.7	 1362.4	    0.9	  750.6	 1375.1	    0.0	  200.0	    0.0	    0.0	    0.0	    0.0	  100.0	   48.5	    0.0	    0.0	    0.0	    0.0	    6.4	  1	  -50.0	 1350.0	   48.5	    0.0	    0.0	1	   25.0	 21	    0.0	    0.0	
  175	  17.50	  -22.7	 1362.4	    0.9	  750.6	 1375.1	    0.0	  200.0	    0.0	    0.0	    0.0	    0.0	  100.0	   48.1	    0.0	    0.0	    0.0	    0.0	    6.5	  1	  -50.0	 1350.0	   48.1	    0.0	    0.0	1	   25.0	 21	    0.0	    0.0	
  176	  17.60	  -22.7	 1362.4	    0.9	  750.6	 1375.1	    0.0	  200.0	    0.0	    0.0	    0.0	    0.0	  100.0	   47.6	    0.0	    0.0	    0.0	    0.0	    6.5	  1	  -50.0	 1350.0	   47.6	    0.0	    0.0	1	   25.0	 21	    0.0	    0.0	
  177	  17.70	  -22.7	 1362.4	    0.9	  751.4	 1368.8	    0.0	  200.0	    0.0	    0.0	    0.0	    0.0	  100.0	   47.2	    0.0	    0.0	    0.0	    0.0	    6.5	  1	  -50.0	 1350.0	   47.2	    0.0	    0.0	1	   25.0	 21	    0.0	    0.0	
  178	  17.80	  -22.7	 1362.4	    0.5	  750.6	 1375.1	    0.0	  200.0	    0.0	    0.0	    0.0	    0.0	  100.0	   46.8	    0.0	    0.0	    0.0	    0.0	    6.6	  1	  -50.0	 1350.0	   46.8	    0.0	    0.0	1	   25.0	 21	    0.0	    0.0	
  179	  17.90	  -22.7	 1362.4	    0.9	  751.4	 1368.8	    0.0	  200.0	    0.0	    0.0	    0.0	    0.0	  100.0	   46.3	    0.0	    0.0	    0.0	    0.0	    6.6	  1	  -50.0	 1350.0	   46.3	    0.0	    0.0	1	   25.0	 21	    0.0	    0.0	
  180	  18.00	  -22.7	 1362.4	    0.5	  751.4	 1368.8	    0.0	  200.0	    0.0	    0.0	    0.0	    0.0	  100.0	   45.9	    0.0	    0.0	    0.0	    0.0	    6.6	  1	  -50.0	 1350.0	   45.9	    0.0	    0.0	1	   25.0	 21	    0.0	    0.0	
  181	  18.10	  -22.7	 1362.4	    0.5	  751.4	 1368.8	    0.0	  200.0	    0.0	    0.0	    0.0	    0.0	  100.0	   45.5	    0.0	    0.0	    0.0	    0.0	    6.7	  1	  -50.0	 1350.0	   45.5	    0.0	    0.0	1	   25.0	 21	    0.0	    0.0	
  182	  18.20	  -22.7	 1362.4	    0.5	  751.4	 1368.8	    0.0	  200.0	    0.0	    0.0	    0.0	    0.0	  100.0	   45.1	    0.0	    0.0	    0.0	    0.0	    6.7	  1	  -50.0	 1350.0	   45.1	    0.0	    0.0	1	   25.0	 21	    0.0	    0.0	
  183	  18.30	  -22.7	 1362.4	    0.5	  751.4	 1368.8	    0.0	  200.0	    0.0	    0.0	    0.0	    0.0	  100.0	   44.6	    0.0	    0.0	    0.0	    0.0	    6.8	  1	  -50.0	 1350.0	   44.6	    0.0	    0.0	1	   25.0	 21	    0.0	    0.0	
  184	  18.40	  -22.7	 1362.4	    0.5	  749.0	 1367.2	    0.0	  200.0	    0.0	    0.0	    0.0	    0.0	  100.0	   44.2	    0.0	    0.0	    0.0	    0.0	    6.8	  1	  -50.0	 1350.0	   44.2	    0.0	    0.0	1	   25.0	 21	    0.0	    0.0	
  185	  18.50	  -22.7	 1362.4	    0.4	  749.0	 1367.2	    0.0	  200.0	    0.0	    0.0	    0.0	    0.0	  100.0	   43.8	    0.0	    0.0	    0.0	    0.0	    6.8	  1	  -50.0	 1350.0	   43.8	    0.0	    0.0	1	   25.0	 21	 1398.7	   19.9	
  186	  18.60	  -22.7	 1362.4	    0.4	  749.0	 1367.2	    0.0	  200.0	    0.0	    0.0	    0.0	    0.0	  100.0	   43.3	    0.0	    0.0	    0.0	    0.0	    6.9	  1	  -50.0	 1350.0	   43.3	    0.0	    0.0	1	   25.0	 21	 1397.2	   19.7	
  187	  18.70	  -22.7	 1362.4	    0.4	  749.0	 1367.2	    0.0	  200.0	    0.0	    0.0	    0.0	    0.0	  100.0	   42.9	    0.0	    0.0	    0.0	    0.0	    6.9	  1	  -50.0	 1350.0	   42.9	    0.0	    0.0	1	   25.0	 21	 1395.7	   19.6	
  188	  18.80	  -22.7	 1362.4	    0.4	  749.0	 1367.2	    0.0	  200.0	    0.0	    0.0	    0.0	    0.0	  100.0	   42.5	    0.0	    0.0	    0.0	    0.0	    6.9	  1	  -50.0	 1350.0	   42.5	    0.0	    0.0	1	   25.0	 21	 1394.3	   19.4	
  189	  18.90	  -22.7	 1362.4	    0.4	  757.3	 1382.2	    0.0	  200.0	    0.0	    0.0	    0.0	    0.0	  100.0	   42.1	    0.0	    0.0	    0.0	    0.0	    7.0	  1	  -50.0	 1350.0	   42.1	    0.0	    0.0	1	   25.0	 21	 1392.2	   19.2	
  190	  19.00	  -22.7	 1362.4	    1.5	  757.3	 1382.2	    0.0	  200.0	    0.0	    0.0	    0.0	    0.0	  100.0	   41.6	    0.0	    0.0	    0.0	    0.0	    7.0	  1	  -50.0	 1350.0	   41.6	    0.0	    0.0	1	   25.0	 21	 1390.7	   19.1	
  191	  19.10	  -22.7	 1362.4	    1.5	  757.3	 1382.2	    0.0	  200.0	    0.0	    0.0	    0.0	    0.0	  100.0	   41.2	    0.0	    0.0	    0.0	    0.0	    7.0	  1	  -50.0	 1350.0	   41.2	    0.0	    0.0	1	   25.0	 21	 1389.3	   18.9	
  192	  19.20	  -22.7	 1362.4	    1.5	  757.3	 1382.2	    0.0	  200.0	    0.0	    0.0	    0.0	    0.0	  100.0	   40.8	    0.0	    0.0	    0.0	    0.0	    7.1	  1	  -50.0	 1350.0	   40.8	    0.0	    0.0	1	   25.0	 21	 1387.8	   18.8	
  193	  19.30	  -22.7	 1362.4	    1.5	  757.3	 1382.2	    0.0	  200.0	    0.0	    0.0	    0.0	    0.0	  100.0	   40.4	    0.0	    0.0	    0.0	    0.0	    7.1	  1	  -50.0	 1350.0	   40.4	    0.0	    0.0	1	   25.0	 21	 1386.3	   18.6	
  194	  19.40	  -22.7	 1362.4	    1.5	  757.3	 1382.2	    0.0	  200.0	    0.0	    0.0	    0.0	    0.0	  100.0	   39.9	    0.0	    0.0	    0.0	    0.0	    7.2	  1	  -50.0	 1350.0	   39.9	    0.0	    0.0	1	   25.0	 21	 1384.8	   18.5	
  195	  19.50	  -22.7	 1362.4	    1.5	  814.9	 1445.1	    0.0	  200.0	    0.0	    0.0	    0.0	    0.0	  100.0	   39.5	    0.0	    0.0	    0.0	    0.0	    7.2	  1	   50.0	 1350.0	   39.5	    0.0	    0.0	1	   69.5	 21	 1364.7	  -35.3	
  196	  19.60	  -22.7	 1362.4	    5.6	  814.9	 1445.1	    0.0	  200.0	    0.0	    0.0	    0.0	    0.0	  100.0	   39.1	    0.0	    0.0	    0.0	    0.0	    7.2	  1	   50.0	 1350.0	   39.1	    0.0	    0.0	1	   69.5	 21	 1378.3	   17.8	
  197	  19.70	  -22.7	 1362.4	    5.6	  814.9	 1445.1	    0.0	  200.0	    0.0	    0.0	    0.0	    0.0	  100.0	   38.7	    0.0	    0.0	    0.0	    0.0	    7.3	  1	   50.0	 1350.0	   38.7	    0.0	    0.0	1	   69.5	 21	 1376.9	   17.7	
  198	  19.80	  -22.7	 1362.4	    5.6	  814.9	 1445.1	    0.0	  200.0	    0.0	    0.0	    0.0	    0.0	  100.0	   38.3	    0.0	    0.0	    0.0	    0.0	    7.3	  1	   50.0	 1350.0	   38.3	    0.0	    0.0	1	   69.5	 21	 1375.5	   17.5	
  199	  19.90	  -22.7	 1362.4	    5.6	  814.9	 1445.1	    0.0	  200.0	    0.0	    0.0	    0.0	    0.0	  100.0	   37.9	    0.0	    0.0	    0.0	    0.0	    7.3	  1	   50.0	 1350.0	   37.9	    0.0	    0.0	1	   69.5	 21	 1374.1	   17.4	
  200	  20.00	  -22.7	 1362.4	    5.6	  900.4	 1482.2	    0.0	  200.0	    0.0	    0.0	    0.0	    0.0	  100.0	   37.5	    0.0	    0.0	    0.0	    0.0	    7.4	  1	  150.0	 1350.0	   37.5	    0.0	    0.0	1	  161.1	 21	 1358.0	  -42.0	
  201	  20.10	   12.3	 1360.6	   -2.9	  900.4	 1482.2	    0.0	  200.0	    0.0	    0.0	    0.0	    0.0	  100.0	   37.1	    0.0	    0.0	    0.0	    0.0	    7.4	  1	   50.0	 1350.0	   37.1	    0.0	    0.0	1	   36.5	 21	 1372.0	   17.2	
  202	  20.20	   15.5	 1360.5	    7.8	  900.4	 1482.2	    0.0	  200.0	    0.0	    0.0	    0.0	    0.0	  100.0	   36.7	    0.0	    0.0	    0.0	    0.0	    7.4	  1	   50.0	 1350.0	   36.7	    0.0	    0.0	1	   34.6	 21	 1370.6	   17.1	
  203	  20.30	   15.5	 1360.5	    7.8	  900.4	 1482.2	    0.0	  200.0	    0.0	    0.0	    0.0	    0.0	  100.0	   36.3	    0.0	    0.0	    0.0	    0.0	    7.5	  1	   50.0	 1350.0	   36.3	    0.0	    0.0	1	   34.6	 21	 1369.3	   16.9	
  204	  20.40	   15.5	 1360.5	    7.8	  995.0	 1509.9	    0.0	  200.0	    0.0	    0.0	    0.0	    0.0	  100.0	   35.9	    0.0	    0.0	    0.0	    0.0	    7.5	  1	  250.0	 1350.0	   35.9	    0.0	    0.0	1	  215.6	 21	 1355.8	  -44.2	
  205	  20.50	   59.8	 1358.9	   -2.0	  995.0	 1509.9	    0.0	  200.0	    0.0	    0.0	    0.0	    0.0	  100.0	   35.5	    0.0	    0.0	    0.0	    0.0	    7.5	  1	  150.0	 1350.0	   35.5	    0.0	    0.0	1	   85.8	 21	 1361.0	   16.1	
  206	  20.60	   68.4	 1358.6	    9.2	  995.0	 1509.9	    0.0	  200.0	    0.0	    0.0	    0.0	    0.0	  100.0	   35.1	    0.0	    0.0	    0.0	    0.0	    7.6	  1	  150.0	 1350.0	   35.1	    0.0	    0.0	1	   77.6	 21	 1359.8	   16.0	
  207	  20.70	   68.4	 1358.6	    9.3	  900.4	 1482.2	    0.0	  200.0	    0.0	    0.0	    0.0	    0.0	  100.0	   34.7	    0.0	    0.0	    0.0	    0.0	    7.6	  1	  150.0	 1350.0	   34.7	    0.0	    0.0	1	   77.5	 21	 1369.0	   16.9	
  208	  20.80	   68.4	 1358.6	    8.5	  995.0	 1509.9	    0.0	  200.0	    0.0	    0.0	    0.0	    0.0	  100.0	   34.3	    0.0	    0.0	    0.0	    0.0	    7.6	  1	  250.0	 1350.0	   34.3	    0.0	    0.0	1	  169.5	 21	 1358.1	  -41.9	
  209	  20.90	  102.2	 1357.6	   -1.6	  995.0	 1509.9	    0.0	  200.0	    0.0	    0.0	    0.0	    0.0	  100.0	   33.9	    0.0	    0.0	    0.0	    0.0	    7.7	  1	  150.0	 1350.0	   33.9	    0.0	    0.0	1	   44.5	 21	 1361.3	   16.1	
  210	  21.00	  107.3	 1357.5	    9.7	  995.0	 1509.9	    0.0	  200.0	    0.0	    0.0	    0.0	    0.0	  100.0	   33.5	    0.0	    0.0	    0.0	    0.0	    7.7	  1	  150.0	 1350.0	   33.5	    0.0	    0.0	1	   42.5	 21	 1360.0	   16.0	
  211	  21.10	  107.3	 1357.5	    9.7	  995.0	 1509.9	    0.0	  200.0	    0.0	    0.0	    0.0	    0.0	  100.0	   33.1	    0.0	    0.0	    0.0	    0.0	    7.7	  1	  150.0	 1350.0	   33.1	    0.0	    0.0	1	   42.5	 21	 1358.6	   15.9	
  212	  21.20	  107.3	 1357.5	    9.7	 1118.9	 1522.9	    0.0	  200.0	    0.0	    0.0	    0.0	    0.0	  100.0	   32.8	    0.0	    0.0	    0.0	    0.0	    7.7	  1	  350.0	 1350.0	   32.8	    0.0	    0.0	1	  223.8	 21	 1348.2	  -51.8	
  213	  21.30	  153.6	 1356.2	   -1.7	 1118.9	 1522.9	    0.0	  200.0	    0.0	    0.0	    0.0	    0.0	  100.0	   32.4	    0.0	    0.0	    0.0	    0.0	    7.8	  1	  250.0	 1350.0	   32.4	    0.0	    0.0	1	   87.5	 21	 1349.5	   14.9	
  214	  21.40	  160.0	 1356.0	    9.8	 1118.9	 1522.9	    0.0	  200.0	    0.0	    0.0	    0.0	    0.0	  100.0	   32.0	    0.0	    0.0	    0.0	    0.0	    7.8	  1	  250.0	 1350.0	   32.0	    0.0	    0.0	1	   85.7	 21	 1348.3	   14.8	
  215	  21.50	  160.0	 1356.0	    9.9	 1118.9	 1522.9	    0.0	  200.0	    0.0	    0.0	    0.0	    0.0	  100.0	   31.6	    0.0	    0.0	    0.0	    0.0	    7.8	  1	  250.0	 1350.0	   31.6	    0.0	    0.0	1	   85.7	 21	 1347.0	   14.7	
  216	  21.60	  160.0	 1356.0	    9.9	 1132.0	 1530.7	    0.0	  200.0	    0.0	    0.0	    0.0	    0.0	  100.0	   31.2	    0.0	    0.0	    0.0	    0.0	    7.8	  1	  250.0	 1350.0	   31.2	    0.0	    0.0	1	   85.7	 21	 1345.0	   14.5	
  217	  21.70	  160.0	 1356.0	   -3.8	  995.0	 1509.9	    0.0	  200.0	    0.0	    0.0	    0.0	    0.0	  100.0	   30.8	    0.0	    0.0	    0.0	    0.0	    7.8	  1	  150.0	 1350.0	   30.8	    0.0	    0.0	1	    9.2	 21	 1356.9	   15.7	
  218	  21.80	  160.0	 1356.0	   10.4	 1132.0	 1530.7	    0.0	  200.0	    0.0	    0.0	    0.0	    0.0	  100.0	   30.4	    0.0	    0.0	    0.0	    0.0	    7.9	  1	  350.0	 1350.0	   30.4	    0.0	    0.0	1	  177.8	 21	 1342.9	  -57.1	
  219	  21.90	  196.1	 1355.1	   -1.3	 1132.0	 1530.7	    0.0	  200.0	    0.0	    0.0	    0.0	    0.0	  100.0	   30.0	    0.0	    0.0	    0.0	    0.0	    7.9	  1	  250.0	 1350.0	   30.0	    0.0	    0.0	1	   52.1	 21	 1341.3	   14.1	
  220	  22.00	  201.7	 1355.0	   -5.4	 1132.0	 1530.7	    0.0	  200.0	    0.0	    0.0	    0.0	    0.0	  100.0	   29.6	    0.0	    0.0	    0.0	    0.0	    7.9	  1	  250.0	 1350.0	   29.6	    0.0	    0.0	1	   44.4	 21	 1345.0	   14.5	
  221	  22.10	  201.7	 1355.0	   -5.9	 1132.0	 1530.7	    0.0	  200.0	    0.0	    0.0	    0.0	    0.0	  100.0	   29.2	    0.0	    0.0	    0.0	    0.0	    7.9	  1	  250.0	 1350.0	   29.2	    0.0	    0.0	1	   44.4	 21	 1343.7	   14.4	
  222	  22.20	  201.7	 1355.0	   -5.9	 1130.0	 1532.2	    0.0	  200.0	    0.0	    0.0	    0.0	    0.0	  100.0	   28.8	    0.0	    0.0	    0.0	    0.0	    7.9	  1	  250.0	 1350.0	   28.8	    0.0	    0.0	1	   44.4	 21	 1342.4	   14.2	
  223	  22.30	  201.7	 1355.0	   10.8	 1130.0	 1532.2	    0.0	  200.0	    0.0	    0.0	    0.0	    0.0	  100.0	   28.4	    0.0	    0.0	    0.0	    0.0	    7.9	  1	  250.0	 1350.0	   28.4	    0.0	    0.0	1	   44.4	 21	 1341.1	   14.1	
  224	  22.40	  201.7	 1355.0	   10.8	 1130.0	 1532.2	    0.0	  200.0	    0.0	    0.0	    0.0	    0.0	  100.0	   28.0	    0.0	    0.0	    0.0	    0.0	    7.9	  1	  250.0	 1350.0	   28.0	    0.0	    0.0	1	   44.4	 21	 1339.8	   14.0	
  225	  22.50	  201.7	 1355.0	   10.8	 1130.0	 1532.2	    0.0	  200.0	    0.0	    0.0	    0.0	    0.0	  100.0	   27.7	    0.0	    0.0	    0.0	    0.0	    8.0	  1	  250.0	 1350.0	   27.7	    0.0	    0.0	1	   44.4	 21	 1338.5	   13.9	
  226	  22.60	  201.7	 1355.0	   10.8	 1130.0	 1532.2	    0.0	  200.0	    0.0	    0.0	    0.0	    0.0	  100.0	   27.3	    0.0	    0.0	    0.0	    0.0	    8.0	  1	  250.0	 1350.0	   27.3	    0.0	    0.0	1	   44.4	 21	 1337.2	   13.7	
  227	  22.70	  201.7	 1355.0	   10.8	 1130.0	 1532.2	    0.0	  200.0	    0.0	    0.0	    0.0	    0.0	  100.0	   26.9	    0.0	    0.0	    0.0	    0.0	    8.0	  1	  250.0	 1350.0	   26.9	    0.0	    0.0	1	   44.4	 21	 1335.9	   13.6	
  228	  22.80	  201.7	 1355.0	   10.8	 1130.0	 1532.2	    0.0	  200.0	    0.0	    0.0	    0.0	    0.0	  100.0	   26.5	    0.0	    0.0	    0.0	    0.0	    8.0	  1	  250.0	 1350.0	   26.5	    0.0	    0.0	1	   44.4	 21	 1334.6	   13.5	
  229	  22.90	  201.7	 1355.0	   10.8	 1130.0	 1532.2	    0.0	  200.0	    0.0	    0.0	    0.0	    0.0	  100.0	   26.1	    0.0	    0.0	    0.0	    0.0	    8.0	  1	  250.0	 1350.0	   26.1	    0.0	    0.0	1	   44.4	 21	 1333.3	   13.3	
  230	  23.00	  201.7	 1355.0	   10.8	 1130.0	 1532.2	    0.0	  200.0	    0.0	    0.0	    0.0	    0.0	  100.0	   25.7	    0.0	    0.0	    0.0	    0.0	    8.0	  1	  250.0	 1350.0	   25.7	    0.0	    0.0	1	   44.4	 21	 1332.0	   13.2	
  231	  23.10	  201.7	 1355.0	   10.8	 1128.7	 1521.8	    0.0	  200.0	    0.0	    0.0	    0.0	    0.0	  100.0	   25.3	    0.0	    0.0	    0.0	    0.0	    8.0	  1	  250.0	 1350.0	   25.3	    0.0	    0.0	1	   44.4	 21	 1330.8	   13.1	
  232	  23.20	  201.7	 1355.0	   10.2	 1128.0	 1521.8	    0.0	  200.0	    0.0	    0.0	    0.0	    0.0	  100.0	   24.9	    0.0	    0.0	    0.0	    0.0	    8.1	  1	  250.0	 1350.0	   24.9	    0.0	    0.0	1	   44.4	 21	 1329.5	   13.0	
  233	  23.30	  201.7	 1355.0	   10.2	 1128.0	 1521.8	    0.0	  200.0	    0.0	    0.0	    0.0	    0.0	  100.0	   24.5	    0.0	    0.0	    0.0	    0.0	    8.1	  1	  250.0	 1350.0	   24.5	    0.0	    0.0	1	   44.4	 21	 1328.2	   12.8	
  234	  23.40	  201.7	 1355.0	   10.2	 1128.0	 1521.8	    0.0	  200.0	    0.0	    0.0	    0.0	    0.0	  100.0	   24.1	    0.0	    0.0	    0.0	    0.0	    8.1	  1	  250.0	 1350.0	   24.1	    0.0	    0.0	1	   44.4	 21	 1326.9	   12.7	
  235	  23.50	  201.7	 1355.0	   10.2	 1126.5	 1521.7	    0.0	  200.0	    0.0	    0.0	    0.0	    0.0	  100.0	   23.7	    0.0	    0.0	    0.0	    0.0	    8.1	  1	  250.0	 1350.0	   23.7	    0.0	    0.0	1	   44.4	 21	 1325.7	   12.6	
  236	  23.60	  201.7	 1355.0	   10.2	 1126.5	 1521.7	    0.0	  200.0	    0.0	    0.0	    0.0	    0.0	  100.0	   23.3	    0.0	    0.0	    0.0	    0.0	    8.1	  1	  250.0	 1350.0	   23.3	    0.0	    0.0	1	   44.4	 21	 1324.3	   12.4	
  237	  23.70	  201.7	 1355.0	   10.2	 1126.5	 1521.7	    0.0	  200.0	    0.0	    0.0	    0.0	    0.0	  100.0	   22.9	    0.0	    0.0	    0.0	    0.0	    8.1	  1	  250.0	 1350.0	   22.9	    0.0	    0.0	1	   44.4	 21	 1323.0	   12.3	
  238	  23.80	  201.7	 1355.0	   10.2	 1126.5	 1521.7	    0.0	  200.0	    0.0	    0.0	    0.0	    0.0	  100.0	   22.5	    0.0	    0.0	    0.0	    0.0	    8.2	  1	  250.0	 1350.0	   22.5	    0.0	    0.0	1	   44.4	 21	 1321.7	   12.2	
  239	  23.90	  201.7	 1355.0	   10.2	 1126.5	 1521.7	    0.0	  200.0	    0.0	    0.0	    0.0	    0.0	  100.0	   22.1	    0.0	    0.0	    0.0	    0.0	    8.2	  1	  250.0	 1350.0	   22.1	    0.0	    0.0	1	   44.4	 21	 1320.4	   12.0	
  240	  24.00	  201.7	 1355.0	   10.2	 1099.2	 1514.8	    0.0	  200.0	    0.0	    0.0	    0.0	    0.0	  100.0	   21.7	    0.0	    0.0	    0.0	    0.0	    8.2	  1	  250.0	 1350.0	   21.7	    0.0	    0.0	1	   44.4	 21	 1320.0	   12.0	
  241	  24.10	  201.7	 1355.0	   10.1	 1126.5	 1521.7	    0.0	  200.0	    0.0	    0.0	    0.0	    0.0	  100.0	   21.3	    0.0	    0.0	    0.0	    0.0	    8.2	  1	  250.0	 1350.0	   21.3	    0.0	    0.0	1	   44.4	 21	 1317.8	   11.8	
  242	  24.20	  201.7	 1355.0	   10.2	 1099.2	 1514.8	    0.0	  200.0	    0.0	    0.0	    0.0	    0.0	  100.0	   20.9	    0.0	    0.0	    0.0	    0.0	    8.2	  1	  250.0	 1350.0	   20.9	    0.0	    0.0	1	   44.4	 21	 1317.3	   11.7	
  243	  24.30	  201.7	 1355.0	   10.1	 1099.2	 1514.8	    0.0	  200.0	    0.0	    0.0	    0.0	    0.0	  100.0	   20.5	    0.0	    0.0	    0.0	    0.0	    8.3	  1	  250.0	 1350.0	   20.5	    0.0	    0.0	1	   44.4	 21	 1316.0	   11.6	
  244	  24.40	  201.7	 1355.0	   10.1	 1099.2	 1514.8	    0.0	  200.0	    0.0	    0.0	    0.0	    0.0	  100.0	   20.1	    0.0	    0.0	    0.0	    0.0	    8.3	  1	  250.0	 1350.0	   20.1	    0.0	    0.0	1	   44.4	 21	 1314.6	   11.5	
  245	  24.50	  201.7	 1355.0	   10.1	  994.6	 1455.9	    0.0	  200.0	    0.0	    0.0	    0.0	    0.0	  100.0	   19.7	    0.0	    0.0	    0.0	    0.0	    8.3	  1	  250.0	 1350.0	   19.7	    0.0	    0.0	1	   44.4	 21	 1319.2	   11.9	
  246	  24.60	  201.7	 1355.0	    7.3	  994.6	 1455.9	    0.0	  200.0	    0.0	    0.0	    0.0	    0.0	  100.0	   19.3	    0.0	    0.0	    0.0	    0.0	    8.3	  1	  250.0	 1350.0	   19.3	    0.0	    0.0	1	   44.4	 21	 1314.9	   11.5	
  247	  24.70	  201.7	 1355.0	    7.3	  994.6	 1455.9	    0.0	  200.0	    0.0	    0.0	    0.0	    0.0	  100.0	   18.8	    0.0	    0.0	    0.0	    0.0	    8.4	  1	  250.0	 1350.0	   18.8	    0.0	    0.0	1	   44.4	 21	 1313.4	   11.3	
  248	  24.80	  201.7	 1355.0	    7.3	  994.6	 1455.9	    0.0	  200.0	    0.0	    0.0	    0.0	    0.0	  100.0	   18.4	    0.0	    0.0	    0.0	    0.0	    8.4	  1	  250.0	 1350.0	   18.4	    0.0	    0.0	1	   44.4	 21	 1311.9	   11.2	
  249	  24.90	  201.7	 1355.0	    7.3	  994.6	 1455.9	    0.0	  200.0	    0.0	    0.0	    0.0	    0.0	  100.0	   18.0	    0.0	    0.0	    0.0	    0.0	    8.4	  1	  250.0	 1350.0	   18.0	    0.0	    0.0	1	   44.4	 21	 1310.4	   11.0	
  250	  25.00	  201.7	 1355.0	    7.3	  994.6	 1455.9	    0.0	  200.0	    0.0	    0.0	    0.0	    0.0	  100.0	   17.6	    0.0	    0.0	    0.0	    0.0	    8.4	  1	  250.0	 1350.0	   17.6	    0.0	    0.0	1	   44.4	 21	 1308.9	   10.9	
  251	  25.10	  201.7	 1355.0	    7.3	  761.0	 1410.3	    0.0	  200.0	    0.0	    0.0	    0.0	    0.0	  100.0	   17.1	    0.0	    0.0	    0.0	    0.0	    8.5	  1	  -50.0	 1350.0	   17.1	    0.0	    0.0	1	  233.9	 21	 1315.0	   11.5	
  252	  25.20	  181.0	 1354.6	 -178.8	  761.0	 1410.3	    0.0	  200.0	    0.0	    0.0	    0.0	    0.0	  100.0	   16.6	    0.0	    0.0	    0.0	    0.0	    8.5	  1	  -50.0	 1350.0	   16.6	    0.0	    0.0	1	  207.1	 21	 1308.4	   10.8	
  253	  25.30	  135.4	 1354.9	  179.5	  761.0	 1410.3	    0.0	  200.0	    0.0	    0.0	    0.0	    0.0	  100.0	   16.2	    0.0	    0.0	    0.0	    0.0	    8.5	  1	  -50.0	 1350.0	   16.2	    0.0	    0.0	1	  165.6	 21	 1306.8	   10.7	
  254	  25.40	   93.7	 1355.1	  179.8	  747.6	 1419.5	    0.0	  200.0	    0.0	    0.0	    0.0	    0.0	  100.0	   15.7	    0.0	    0.0	    0.0	    0.0	    8.5	  1	  -50.0	 1350.0	   15.7	    0.0	    0.0	1	  135.1	 21	 1303.4	   10.3	
  255	  25.50	   59.8	 1355.6	  178.8	  747.6	 1419.5	    0.0	  200.0	    0.0	    0.0	    0.0	    0.0	  100.0	   15.3	    0.0	    0.0	    0.0	    0.0	    8.6	  1	  -50.0	 1350.0	   15.3	    0.0	    0.0	1	   98.7	 21	 1301.9	   10.2	
  256	  25.60	   36.2	 1354.6	 -176.9	  747.6	 1419.5	    0.0	  200.0	    0.0	    0.0	    0.0	    0.0	  100.0	   14.8	    0.0	    0.0	    0.0	    0.0	    8.6	  1	  -50.0	 1350.0	   14.8	    0.0	    0.0	1	   75.7	 21	 1300.3	   10.0	
  257	  25.70	   32.1	 1354.3	    5.2	  747.6	 1419.5	    0.0	  200.0	    0.0	    0.0	    0.0	    0.0	  100.0	   14.4	    0.0	    0.0	    0.0	    0.0	    8.6	  1	  -50.0	 1350.0	   14.4	    0.0	    0.0	1	   74.1	 21	    0.0	    9.9	
  258	  25.80	   32.1	 1354.3	    5.2	  747.6	 1419.5	    0.0	  200.0	    0.0	    0.0	    0.0	    0.0	  100.0	   14.0	    0.0	    0.0	    0.0	    0.0	    8.6	  1	  -50.0	 1350.0	   14.0	    0.0	    0.0	1	   74.1	 21	    0.0	    9.7	
  259	  25.90	   32.1	 1354.3	    5.2	  797.0	 1442.4	    0.0	  200.0	    0.0	    0.0	    0.0	    0.0	  100.0	   13.5	    0.0	    0.0	    0.0	    0.0	    8.7	  1	   50.0	 1350.0	   13.5	    0.0	    0.0	1	   18.1	 21	    0.0	   -1.7	
  260	  26.00	   32.1	 1354.3	    6.6	  797.0	 1442.4	    0.0	  200.0	    0.0	    0.0	    0.0	    0.0	  100.0	   13.1	    0.0	    0.0	    0.0	    0.0	    8.7	  1	   50.0	 1350.0	   13.1	    0.0	    0.0	1	   18.1	 21	    0.0	    9.3	
  261	  26.10	   32.1	 1354.3	    6.6	  797.0	 1442.4	    0.0	  200.0	    0.0	    0.0	    0.0	    0.0	  100.0	   12.7	    0.0	    0.0	    0.0	    0.0	    8.7	  1	   50.0	 1350.0	   12.7	    0.0	    0.0	1	   18.1	 21	    0.0	    9.2	
  262	  26.20	   32.1	 1354.3	    6.6	  797.0	 1442.4	    0.0	  200.0	    0.0	    0.0	    0.0	    0.0	  100.0	   12.3	    0.0	    0.0	    0.0	    0.0	    8.7	  1	   50.0	 1350.0	   12.3	    0.0	    0.0	1	   18.1	 21	    0.0	    9.0	
  263	  26.30	   32.1	 1354.3	    6.6	  743.3	 1396.2	    0.0	  200.0	    0.0	    0.0	    0.0	    0.0	  100.0	   11.8	    0.0	    0.0	    0.0	    0.0	    8.8	  1	  -50.0	 1350.0	   11.8	    0.0	    0.0	1	   74.1	 21	    0.0	    9.0	
  264	  26.40	   32.1	 1354.3	    3.4	  743.3	 1396.2	    0.0	  200.0	    0.0	    0.0	    0.0	    0.0	  100.0	   11.4	    0.0	    0.0	    0.0	    0.0	    8.8	  1	  -50.0	 1350.0	   11.4	    0.0	    0.0	1	   74.1	 21	    0.0	    8.8	
  265	  26.50	   32.1	 1354.3	    3.4	  743.3	 1396.2	    0.0	  200.0	    0.0	    0.0	    0.0	    0.0	  100.0	   10.9	    0.0	    0.0	    0.0	    0.0	    8.8	  1	  -50.0	 1350.0	   10.9	    0.0	    0.0	1	   74.1	 21	    0.0	    8.6	
  266	  26.60	   32.1	 1354.3	    3.4	  743.3	 1396.2	    0.0	  200.0	    0.0	    0.0	    0.0	    0.0	  100.0	   10.5	    0.0	    0.0	    0.0	    0.0	    8.9	  1	  -50.0	 1350.0	   10.5	    0.0	    0.0	1	   74.1	 21	    0.0	    8.5	
  267	  26.70	   32.1	 1354.3	    3.4	  743.3	 1396.2	    0.0	  200.0	    0.0	    0.0	    0.0	    0.0	  100.0	   10.1	    0.0	    0.0	    0.0	    0.0	    8.9	  1	  -50.0	 1350.0	   10.1	    0.0	    0.0	1	   74.1	 21	    0.0	    8.3	
  268	  26.80	   32.1	 1354.3	    3.4	  743.3	 1396.2	    0.0	  200.0	    0.0	    0.0	    0.0	    0.0	  100.0	    9.6	    0.0	    0.0	    0.0	    0.0	    8.9	  1	  -50.0	 1350.0	    9.6	    0.0	    0.0	1	   74.1	 21	    0.0	    8.2	
  269	  26.90	   32.1	 1354.3	    3.4	  734.6	 1370.9	    0.0	  200.0	    0.0	    0.0	    0.0	    0.0	  100.0	    9.2	    0.0	    0.0	    0.0	    0.0	    9.0	  1	  -50.0	 1350.0	    9.2	    0.0	    0.0	1	   74.1	 21	    0.0	    8.0	
  270	  27.00	   32.1	 1354.3	    1.4	  734.6	 1370.9	    0.0	  200.0	    0.0	    0.0	    0.0	    0.0	  100.0	    8.7	    0.0	    0.0	    0.0	    0.0	    9.0	  1	  -50.0	 1350.0	    8.7	    0.0	    0.0	1	   74.1	 21	    0.0	    7.9	
  271	  27.10	   32.1	 1354.3	    1.4	  743.3	 1396.2	    0.0	  200.0	    0.0	    0.0	    0.0	    0.0	  100.0	    8.3	    0.0	    0.0	    0.0	    0.0	    9.0	  1	  -50.0	 1350.0	    8.3	    0.0	    0.0	1	   74.1	 21	    0.0	    7.7	
  272	  27.20	   32.1	 1354.3	    3.4	  734.6	 1370.9	    0.0	  200.0	    0.0	    0.0	    0.0	    0.0	  100.0	    7.9	    0.0	    0.0	    0.0	    0.0	    9.1	  1	  -50.0	 1350.0	    7.9	    0.0	    0.0	1	   74.1	 21	    0.0	    7.5	
  273	  27.30	   32.1	 1354.3	    1.4	  734.6	 1370.9	    0.0	  200.0	    0.0	    0.0	    0.0	    0.0	  100.0	    7.4	    0.0	    0.0	    0.0	    0.0	    9.1	  1	  -50.0	 1350.0	    7.4	    0.0	    0.0	1	   74.1	 21	    0.0	    7.4	
  274	  27.40	   32.1	 1354.3	    1.4	  697.4	 1394.0	    0.0	  200.0	    0.0	    0.0	    0.0	    0.0	  100.0	    7.0	    0.0	    0.0	    0.0	    0.0	    9.1	  1	  -50.0	 1250.0	    7.0	    0.0	    0.0	1	  118.0	 21	    0.0	    7.2	
  275	  27.50	   19.3	 1337.8	 -127.8	  697.4	 1394.0	    0.0	  200.0	    0.0	    0.0	    0.0	    0.0	  100.0	    6.5	    0.0	    0.0	    0.0	    0.0	    9.2	  1	  -50.0	 1250.0	    6.5	    0.0	    0.0	1	   99.8	 21	    0.0	    7.1	
  276	  27.60	    5.1	 1319.3	 -127.6	  697.4	 1394.0	    0.0	  200.0	    0.0	    0.0	    0.0	    0.0	  100.0	    6.1	    0.0	    0.0	    0.0	    0.0	    9.2	  1	  -50.0	 1250.0	    6.1	    0.0	    0.0	1	   74.5	 21	    0.0	    6.9	
  277	  27.70	    3.8	 1317.7	    6.2	  697.4	 1394.0	    0.0	  200.0	    0.0	    0.0	    0.0	    0.0	  100.0	    5.6	    0.0	    0.0	    0.0	    0.0	    9.2	  1	  -50.0	 1250.0	    5.6	    0.0	    0.0	1	   80.7	 21	    0.0	    6.8	
  278	  27.80	    3.8	 1317.7	    6.3	  697.4	 1394.0	    0.0	  200.0	    0.0	    0.0	    0.0	    0.0	  100.0	    5.2	    0.0	    0.0	    0.0	    0.0	    9.3	  1	  -50.0	 1250.0	    5.2	    0.0	    0.0	1	   80.7	 21	    0.0	    6.6	
  279	  27.90	    3.8	 1317.7	    6.3	  697.4	 1394.0	    0.0	  200.0	    0.0	    0.0	    0.0	    0.0	  100.0	    4.8	    0.0	    0.0	    0.0	    0.0	    9.3	  1	  -50.0	 1250.0	    4.8	    0.0	    0.0	1	   80.7	 21	    0.0	    6.5	
  280	  28.00	    3.8	 1317.7	    6.3	  493.0	 1413.5	    0.0	  200.0	    0.0	    0.0	    0.0	    0.0	  100.0	    4.3	    0.0	    0.0	    0.0	    0.0	    9.3	  1	 -250.0	 1250.0	    4.3	    0.0	    0.0	1	  237.1	 21	    0.0	    6.4	
  281	  28.10	  -15.4	 1313.0	 -166.2	  493.0	 1413.5	    0.0	  200.0	    0.0	    0.0	    0.0	    0.0	  100.0	    3.8	    0.0	    0.0	    0.0	    0.0	    9.4	  1	 -250.0	 1250.0	    3.8	    0.0	    0.0	1	  219.8	 21	    0.0	    6.1	
  282	  28.20	  -63.3	 1301.0	 -165.9	  493.0	 1413.5	    0.0	  200.0	    0.0	    0.0	    0.0	    0.0	  100.0	    3.4	    0.0	    0.0	    0.0	    0.0	    9.4	  1	 -250.0	 1250.0	    3.4	    0.0	    0.0	1	  171.7	 21	    0.0	    6.0	
  283	  28.30	 -105.4	 1291.1	 -167.0	  493.0	 1413.5	    0.0	  200.0	    0.0	    0.0	    0.0	    0.0	  100.0	    2.9	    0.0	    0.0	    0.0	    0.0	    9.4	  1	 -250.0	 1250.0	    2.9	    0.0	    0.0	1	  136.7	 21	    0.0	    5.8	
  284	  28.40	 -138.5	 1281.9	 -163.9	  493.0	 1413.5	    0.0	  200.0	    0.0	    0.0	    0.0	    0.0	  100.0	    2.4	    0.0	    0.0	    0.0	    0.0	    9.4	  1	 -250.0	 1250.0	    2.4	    0.0	    0.0	1	  104.5	 21	    0.0	    5.6	
  285	  28.50	 -162.3	 1275.0	 -164.1	  493.0	 1413.5	    0.0	  200.0	    0.0	    0.0	    0.0	    0.0	  100.0	    2.0	    0.0	    0.0	    0.0	    0.0	    9.5	  1	 -250.0	 1250.0	    2.0	    0.0	    0.0	1	   80.1	 21	    0.0	    5.5	
  286	  28.60	 -165.4	 1274.2	   11.9	  493.0	 1413.5	    0.0	  200.0	    0.0	    0.0	    0.0	    0.0	  100.0	    1.6	    0.0	    0.0	    0.0	    0.0	    9.5	  1	 -250.0	 1250.0	    1.6	    0.0	    0.0	1	   77.5	 21	    0.0	    5.3	
  287	  28.70	 -165.4	 1274.2	   11.9	  471.3	 1406.2	    0.0	  200.0	    0.0	    0.0	    0.0	    0.0	  100.0	    1.1	    0.0	    0.0	    0.0	    0.0	    9.5	  1	 -350.0	 1250.0	    1.1	    0.0	    0.0	1	  168.9	 21	    0.0	    5.2	
  288	  28.80	 -185.7	 1271.4	 -172.1	  471.3	 1406.2	    0.0	  200.0	    0.0	    0.0	    0.0	    0.0	  100.0	    0.7	    0.0	    0.0	    0.0	    0.0	    9.5	  1	 -350.0	 1250.0	    0.7	    0.0	    0.0	1	  150.4	 21	    0.0	    5.1	
  289	  28.90	 -219.7	 1268.0	 -174.5	  471.3	 1406.2	    0.0	  200.0	    0.0	    0.0	    0.0	    0.0	  100.0	    0.2	    0.0	    0.0	    0.0	    0.0	    9.5	  1	 -350.0	 1250.0	    0.2	    0.0	    0.0	1	  118.5	 21	    0.0	    5.0	
  290	  29.00	 -248.7	 1265.3	 -174.7	  471.3	 1406.2	    0.0	  200.0	    0.0	    0.0	    0.0	    0.0	  100.0	    0.0	    0.0	    0.0	    0.0	    0.0	    9.5	  1	 -350.0	 1250.0	    0.0	    0.0	    0.0	1	   93.4	 21	    0.0	    5.0	
  291	  29.10	 -272.5	 1262.3	 -172.5	  471.3	 1406.2	    0.0	  200.0	    0.0	    0.0	    0.0	    0.0	  100.0	    0.0	    0.0	    0.0	    0.0	    0.0	    9.5	  1	 -350.0	 1250.0	    0.0	    0.0	    0.0	1	   69.4	 21	    0.0	    5.0	
  292	  29.20	 -274.3	 1262.1	   10.9	  471.3	 1406.2	    0.0	  200.0	    0.0	    0.0	    0.0	    0.0	  100.0	    0.0	    0.0	    0.0	    0.0	    0.0	    9.5	  1	 -350.0	 1250.0	    0.0	    0.0	    0.0	1	   68.9	 21	    0.0	    5.0	
  293	  29.30	 -274.3	 1262.1	   10.9	  478.0	 1398.2	    0.0	  200.0	    0.0	    0.0	    0.0	    0.0	  100.0	    0.0	    0.0	    0.0	    0.0	    0.0	    9.5	  1	 -350.0	 1250.0	    0.0	    0.0	    0.0	1	   68.9	 21	    0.0	    5.0	
  294	  29.40	 -274.3	 1262.1	   10.3	  478.0	 1398.2	    0.0	  200.0	    0.0	    0.0	    0.0	    0.0	  100.0	    0.0	    0.0	    0.0	    0.0	    0.0	    9.5	  1	 -350.0	 1250.0	    0.0	    0.0	    0.0	1	   68.9	 21	    0.0	    5.0	
  295	  29.50	 -274.3	 1262.1	   10.3	  478.0	 1398.2	    0.0	  200.0	    0.0	    0.0	    0.0	    0.0	  100.0	    0.0	    0.0	    0.0	    0.0	    0.0	    9.5	  1	 -350.0	 1250.0	    0.0	    0.0	    0.0	1	   68.9	 21	    0.0	    5.0	
  296	  29.60	 -274.3	 1262.1	   10.3	  478.0	 1398.2	    0.0	  200.0	    0.0	    0.0	    0.0	    0.0	  100.0	    0.0	    0.0	    0.0	    0.0	    0.0	    9.5	  1	 -350.0	 1250.0	    0.0	    0.0	    0.0	1	   68.9	 21	    0.0	    5.0	
  297	  29.70	 -274.3	 1262.1	   10.3	  478.0	 1398.2	    0.0	  200.0	    0.0	    0.0	    0.0	    0.0	  100.0	    0.0	    0.0	    0.0	    0.0	    0.0	    9.5	  1	 -350.0	 1250.0	    0.0	    0.0	    0.0	1	   68.9	 21	    0.0	    5.0	
  298	  29.80	 -274.3	 1262.1	   10.3	  490.0	 1404.9	    0.0	  200.0	    0.0	    0.0	    0.0	    0.0	  100.0	    0.0	    0.0	    0.0	    0.0	    0.0	    9.6	  1	 -250.0	 1250.0	    0.0	    0.0	    0.0	1	   19.5	 21	    0.0	    5.0	
  299	  29.90	 -274.3	 1262.1	   10.6	  490.0	 1404.9	    0.0	  200.0	    0.0	    0.0	    0.0	    0.0	  100.0	    0.0	    0.0	    0.0	    0.0	    0.0	    9.6	  1	 -250.0	 1250.0	    0.0	    0.0	    0.0	1	   19.5	 21	    0.0	    5.0	
  300	  30.00	 -274.3	 1262.1	   10.6	  490.0	 1404.9	    0.0	  200.0	    0.0	    0.0	    0.0	    0.0	  100.0	    0.0	    0.0	    0.0	    0.0	    0.0	    9.6	  1	 -250.0	 1250.0	    0.0	    0.0	    0.0	1	   19.5	 21	    0.0	    5.0	
  301	  30.10	 -274.3	 1262.1	   10.6	  490.0	 1404.9	    0.0	  200.0	    0.0	    0.0	    0.0	    0.0	  100.0	    0.0	    0.0	    0.0	    0.0	    0.0	    9.6	  1	 -250.0	 1250.0	    0.0	    0.0	    0.0	1	   19.5	 21	    0.0	    5.0	
  302	  30.20	 -274.3	 1262.1	   10.6	  490.0	 1404.9	    0.0	  200.0	    0.0	    0.0	    0.0	    0.0	  100.0	    0.0	    0.0	    0.0	    0.0	    0.0	    9.6	  1	 -250.0	 1250.0	    0.0	    0.0	    0.0	1	   19.5	 21	    0.0	    5.0	
  303	  30.30	 -274.3	 1262.1	   10.6	  613.0	 1388.6	    0.0	  200.0	    0.0	    0.0	    0.0	    0.0	  100.0	    0.0	    0.0	    0.0	    0.0	    0.0	    9.6	  1	 -250.0	 1250.0	    0.0	    0.0	    0.0	1	   19.5	 21	    0.0	    5.0	
  304	  30.40	 -274.3	 1262.1	    8.1	  613.0	 1388.6	    0.0	  200.0	    0.0	    0.0	    0.0	    0.0	  100.0	    0.0	    0.0	    0.0	    0.0	    0.0	    9.6	  1	 -250.0	 1250.0	    0.0	    0.0	    0.0	1	   19.5	 21	    0.0	    5.0	
  305	  30.50	 -274.3	 1262.1	    8.1	  613.0	 1388.6	    0.0	  200.0	    0.0	    0.0	    0.0	    0.0	  100.0	    0.0	    0.0	    0.0	    0.0	    0.0	    9.6	  1	 -250.0	 1250.0	    0.0	    0.0	    0.0	1	   19.5	 21	    0.0	    5.0	
  306	  30.60	 -274.3	 1262.1	    8.1	  613.0	 1388.6	    0.0	  200.0	    0.0	    0.0	    0.0	    0.0	  100.0	    0.0	    0.0	    0.0	    0.0	    0.0	    9.6	  1	 -250.0	 1250.0	    0.0	    0.0	    0.0	1	   19.5	 21	    0.0	    5.0	
  307	  30.70	 -274.3	 1262.1	    8.1	  613.0	 1388.6	    0.0	  200.0	    0.0	    0.0	    0.0	    0.0	  100.0	    0.0	    0.0	    0.0	    0.0	    0.0	    9.7	  1	 -250.0	 1250.0	    0.0	    0.0	    0.0	1	   19.5	 21	    0.0	    5.0	
  308	  30.80	 -274.3	 1262.1	    8.1	  722.1	 1372.2	    0.0	  200.0	    0.0	    0.0	    0.0	    0.0	  100.0	    0.0	    0.0	    0.0	    0.0	    0.0	    9.7	  1	 -250.0	 1250.0	    0.0	    0.0	    0.0	1	   19.5	 21	    0.0	    5.0	
  309	  30.90	 -274.3	 1262.1	  -26.4	  722.1	 1372.2	    0.0	  200.0	    0.0	    0.0	    0.0	    0.0	  100.0	    0.0	    0.0	    0.0	    0.0	    0.0	    9.7	  1	 -250.0	 1250.0	    0.0	    0.0	    0.0	1	   19.5	 21	    0.0	    5.0	
  310	  31.00	 -274.3	 1262.1	  -26.4	  722.1	 1372.2	    0.0	  200.0	    0.0	    0.0	    0.0	    0.0	  100.0	    0.0	    0.0	    0.0	    0.0	    0.0	    9.7	  1	 -250.0	 1250.0	    0.0	    0.0	    0.0	1	   19.5	 21	    0.0	    5.0	
  311	  31.10	 -274.3	 1262.1	  -26.4	  722.1	 1372.2	    0.0	  200.0	    0.0	    0.0	    0.0	    0.0	  100.0	    0.0	    0.0	    0.0	    0.0	    0.0	    9.7	  1	 -250.0	 1250.0	    0.0	    0.0	    0.0	1	   19.5	 21	    0.0	    5.0	
  312	  31.20	 -274.3	 1262.1	  -26.4	  722.1	 1372.2	    0.0	  200.0	    0.0	    0.0	    0.0	    0.0	  100.0	    0.0	    0.0	    0.0	    0.0	    0.0	    9.7	  1	 -250.0	 1250.0	    0.0	    0.0	    0.0	1	   19.5	 21	    0.0	    5.0	
  313	  31.30	 -274.3	 1262.1	  -26.4	  743.4	 1357.2	    0.0	  200.0	    0.0	    0.0	    0.0	    0.0	  100.0	    0.0	    0.0	    0.0	    0.0	    0.0	    9.7	  1	 -250.0	 1250.0	    0.0	    0.0	    0.0	1	   19.5	 21	    0.0	    5.0	
  314	  31.40	 -274.3	 1262.1	  -26.4	  743.4	 1357.2	    0.0	  200.0	    0.0	    0.0	    0.0	    0.0	  100.0	    0.0	    0.0	    0.0	    0.0	    0.0	    9.7	  1	 -250.0	 1250.0	    0.0	    0.0	    0.0	1	   19.5	 21	    0.0	    5.0	
  315	  31.50	 -274.3	 1262.1	  -26.4	  743.4	 1357.2	    0.0	  200.0	    0.0	    0.0	    0.0	    0.0	  100.0	    0.0	    0.0	    0.0	    0.0	    0.0	    9.8	  1	 -250.0	 1250.0	    0.0	    0.0	    0.0	1	   19.5	 21	    0.0	    5.0	
  316	  31.60	 -274.3	 1262.1	  -26.4	  743.4	 1357.2	    0.0	  200.0	    0.0	    0.0	    0.0	    0.0	  100.0	    0.0	    0.0	    0.0	    0.0	    0.0	    9.8	  1	 -250.0	 1250.0	    0.0	    0.0	    0.0	1	   19.5	 21	    0.0	    5.0	
  317	  31.70	 -274.3	 1262.1	  -26.4	  743.4	 1357.2	    0.0	  200.0	    0.0	    0.0	    0.0	    0.0	  100.0	    0.0	    0.0	    0.0	    0.0	    0.0	    9.8	  1	 -250.0	 1250.0	    0.0	    0.0	    0.0	1	   19.5	 21	    0.0	    5.0	
  318	  31.80	 -274.3	 1262.1	  -26.4	  743.4	 1357.2	    0.0	  200.0	    0.0	    0.0	    0.0	    0.0	  100.0	    0.0	    0.0	    0.0	    0.0	    0.0	    9.8	  1	 -250.0	 1250.0	    0.0	    0.0	    0.0	1	   19.5	 21	    0.0	    5.0	
  319	  31.90	 -274.3	 1262.1	  -26.4	  728.5	 1350.3	    0.0	  200.0	    0.0	    0.0	    0.0	    0.0	  100.0	    0.0	    0.0	    0.0	    0.0	    0.0	    9.8	  1	 -250.0	 1250.0	    0.0	    0.0	    0.0	1	   19.5	 21	    0.0	    5.0	
  320	  32.00	 -274.3	 1262.1	  -26.4	  728.5	 1350.3	    0.0	  200.0	    0.0	    0.0	    0.0	    0.0	  100.0	    0.0	    0.0	    0.0	    0.0	    0.0	    9.8	  1	 -250.0	 1250.0	    0.0	    0.0	    0.0	1	   19.5	 21	    0.0	    5.0	
  321	  32.10	 -274.3	 1262.1	  -26.4	  728.5	 1350.3	    0.0	  200.0	    0.0	    0.0	    0.0	    0.0	  100.0	    0.0	    0.0	    0.0	    0.0	    0.0	    9.9	  1	 -250.0	 1250.0	    0.0	    0.0	    0.0	1	   19.5	 21	    0.0	    5.0	
  322	  32.20	 -274.3	 1262.1	  -26.4	  728.5	 1350.3	    0.0	  200.0	    0.0	    0.0	    0.0	    0.0	  100.0	    0.0	    0.0	    0.0	    0.0	    0.0	    9.9	  1	 -250.0	 1250.0	    0.0	    0.0	    0.0	1	   19.5	 21	    0.0	    5.0	
  323	  32.30	 -274.3	 1262.1	  -26.4	  732.0	 1362.5	    0.0	  200.0	    0.0	    0.0	    0.0	    0.0	  100.0	    0.0	    0.0	    0.0	    0.0	    0.0	    9.9	  1	 -250.0	 1250.0	    0.0	    0.0	    0.0	1	   19.5	 21	    0.0	    5.0	
  324	  32.40	 -274.3	 1262.1	  -26.4	  732.0	 1362.5	    0.0	  200.0	    0.0	    0.0	    0.0	    0.0	  100.0	    0.0	    0.0	    0.0	    0.0	    0.0	    9.9	  1	 -250.0	 1250.0	    0.0	    0.0	    0.0	1	   19.5	 21	    0.0	    5.0	
  325	  32.50	 -274.3	 1262.1	  -26.4	  732.0	 1362.5	    0.0	  200.0	    0.0	    0.0	    0.0	    0.0	  100.0	    0.0	    0.0	    0.0	    0.0	    0.0	    9.9	  1	 -250.0	 1250.0	    0.0	    0.0	    0.0	1	   19.5	 21	    0.0	    5.0	
  326	  32.60	 -274.3	 1262.1	  -26.4	  732.0	 1362.5	    0.0	  200.0	    0.0	    0.0	    0.0	    0.0	  100.0	    0.0	    0.0	    0.0	    0.0	    0.0	    9.9	  1	 -250.0	 1250.0	    0.0	    0.0	    0.0	1	   19.5	 21	    0.0	    5.0	
  327	  32.70	 -274.3	 1262.1	  -26.4	  732.0	 1362.5	    0.0	  200.0	    0.0	    0.0	    0.0	    0.0	  100.0	    0.0	    0.0	    0.0	    0.0	    0.0	   10.0	  1	 -250.0	 1250.0	    0.0	    0.0	    0.0	1	   19.5	 21	    0.0	    5.0	
  328	  32.80	 -274.3	 1262.1	  -26.4	  726.8	 1364.5	    0.0	  200.0	    0.0	    0.0	    0.0	    0.0	  100.0	    0.0	    0.0	    0.0	    0.0	    0.0	   10.0	  1	 -250.0	 1250.0	    0.0	    0.0	    0.0	1	   19.5	 21	    0.0	    5.0	
  329	  32.90	 -274.3	 1262.1	  -26.4	  755.5	 1381.4	    0.0	  200.0	    0.0	    0.0	    0.0	    0.0	  100.0	    0.0	    0.0	    0.0	    0.0	    0.0	   10.0	  1	 -250.0	 1250.0	    0.0	    0.0	    0.0	1	   19.5	 21	    0.0	    5.0	
  330	  33.00	 -274.3	 1262.1	  -26.4	  726.8	 1364.5	    0.0	  200.0	    0.0	    0.0	    0.0	    0.0	  100.0	    0.0	    0.0	    0.0	    0.0	    0.0	   10.0	  1	 -250.0	 1250.0	    0.0	    0.0	    0.0	1	   19.5	 21	    0.0	    5.0	
  331	  33.10	 -274.3	 1262.1	  -26.4	  726.8	 1364.5	    0.0	  200.0	    0.0	    0.0	    0.0	    0.0	  100.0	    0.0	    0.0	    0.0	    0.0	    0.0	   10.0	  1	 -250.0	 1250.0	    0.0	    0.0	    0.0	1	   19.5	 21	    0.0	    5.0	
  332	  33.20	 -274.3	 1262.1	  -26.4	  726.8	 1364.5	    0.0	  200.0	    0.0	    0.0	    0.0	    0.0	  100.0	    0.0	    0.0	    0.0	    0.0	    0.0	   10.1	  1	 -250.0	 1250.0	    0.0	    0.0	    0.0	1	   19.5	 21	    0.0	    5.0	
  333	  33.30	 -274.3	 1262.1	  -26.4	  725.2	 1361.9	    0.0	  200.0	    0.0	    0.0	    0.0	    0.0	  100.0	    0.0	    0.0	    0.0	    0.0	    0.0	   10.1	  1	 -250.0	 1250.0	    0.0	    0.0	    0.0	1	   19.5	 21	    0.0	    5.0	
  334	  33.40	 -274.3	 1262.1	  -26.4	  725.2	 1361.9	    0.0	  200.0	    0.0	    0.0	    0.0	    0.0	  100.0	    0.0	    0.0	    0.0	    0.0	    0.0	   10.1	  1	 -250.0	 1250.0	    0.0	    0.0	    0.0	1	   19.5	 21	    0.0	    5.0	
  335	  33.50	 -274.3	 1262.1	  -26.4	  725.2	 1361.9	    0.0	  200.0	    0.0	    0.0	    0.0	    0.0	  100.0	    0.0	    0.0	    0.0	    0.0	    0.0	   10.1	  1	 -250.0	 1250.0	    0.0	    0.0	    0.0	1	   19.5	 21	    0.0	    5.0	
  336	  33.60	 -274.3	 1262.1	  -26.4	  725.2	 1361.9	    0.0	  200.0	    0.0	    0.0	    0.0	    0.0	  100.0	    0.0	    0.0	    0.0	    0.0	    0.0	   10.2	  1	 -250.0	 1250.0	    0.0	    0.0	    0.0	1	   19.5	 21	    0.0	    5.0	
  337	  33.70	 -274.3	 1262.1	  -26.4	  723.2	 1366.2	    0.0	  200.0	    0.0	    0.0	    0.0	    0.0	  100.0	    0.0	    0.0	    0.0	    0.0	    0.0	   10.2	  1	 -250.0	 1250.0	    0.0	    0.0	    0.0	1	   19.5	 21	    0.0	    5.0	
  338	  33.80	 -274.3	 1262.1	  -26.4	  723.2	 1366.2	    0.0	  200.0	    0.0	    0.0	    0.0	    0.0	  100.0	    0.0	    0.0	    0.0	    0.0	    0.0	   10.2	  1	 -250.0	 1250.0	    0.0	    0.0	    0.0	1	   19.5	 21	    0.0	    5.0	
  339	  33.90	 -274.3	 1262.1	  -26.4	  723.2	 1366.2	    0.0	  200.0	    0.0	    0.0	    0.0	    0.0	  100.0	    0.0	    0.0	    0.0	    0.0	    0.0	   10.2	  1	 -250.0	 1250.0	    0.0	    0.0	    0.0	1	   19.5	 21	    0.0	    5.0	
  340	  34.00	 -274.3	 1262.1	  -26.4	  723.2	 1366.2	    0.0	  200.0	    0.0	    0.0	    0.0	    0.0	  100.0	    0.0	    0.0	    0.0	    0.0	    0.0	   10.3	  1	 -250.0	 1250.0	    0.0	    0.0	    0.0	1	   19.5	 21	    0.0	    5.0	
  341	  34.10	 -274.3	 1262.1	  -26.4	  723.2	 1366.2	    0.0	  200.0	    0.0	    0.0	    0.0	    0.0	  100.0	    0.0	    0.0	    0.0	    0.0	    0.0	   10.3	  1	 -250.0	 1250.0	    0.0	    0.0	    0.0	1	   19.5	 21	    0.0	    5.0	
  342	  34.20	 -274.3	 1262.1	  -26.4	  723.2	 1366.2	    0.0	  200.0	    0.0	    0.0	    0.0	    0.0	  100.0	    0.0	    0.0	    0.0	    0.0	    0.0	   10.3	  1	 -250.0	 1250.0	    0.0	    0.0	    0.0	1	   19.5	 21	    0.0	    5.0	
  343	  34.30	 -274.3	 1262.1	  -26.4	  723.2	 1366.2	    0.0	  200.0	    0.0	    0.0	    0.0	    0.0	  100.0	    0.0	    0.0	    0.0	    0.0	    0.0	   10.3	  1	 -250.0	 1250.0	    0.0	    0.0	    0.0	1	   19.5	 21	    0.0	    5.0	
  344	  34.40	 -274.3	 1262.1	  -26.4	  723.2	 1366.2	    0.0	  200.0	    0.0	    0.0	    0.0	    0.0	  100.0	    0.0	    0.0	    0.0	    0.0	    0.0	   10.4	  1	 -250.0	 1250.0	    0.0	    0.0	    0.0	1	   19.5	 21	    0.0	    5.0	
  345	  34.50	 -274.3	 1262.1	  -26.4	  723.3	 1367.1	    0.0	  200.0	    0.0	    0.0	    0.0	    0.0	  100.0	    0.0	    0.0	    0.0	    0.0	    0.0	   10.4	  1	 -250.0	 1250.0	    0.0	    0.0	    0.0	1	   19.5	 21	    0.0	    5.0	
  346	  34.60	 -274.3	 1262.1	  -26.4	  723.2	 1366.2	    0.0	  200.0	    0.0	    0.0	    0.0	    0.0	  100.0	    0.0	    0.0	    0.0	    0.0	    0.0	   10.4	  1	 -250.0	 1250.0	    0.0	    0.0	    0.0	1	   19.5	 21	    0.0	    5.0	
  347	  34.70	 -274.3	 1262.1	  -26.4	  723.3	 1367.1	    0.0	  200.0	    0.0	    0.0	    0.0	    0.0	  100.0	    0.0	    0.0	    0.0	    0.0	    0.0	   10.4	  1	 -250.0	 1250.0	    0.0	    0.0	    0.0	1	   19.5	 21	    0.0	    5.0	
  348	  34.80	 -274.3	 1262.1	  -26.4	  723.3	 1367.1	    0.0	  200.0	    0.0	    0.0	    0.0	    0.0	  100.0	    0.0	    0.0	    0.0	    0.0	    0.0	   10.5	  1	 -250.0	 1250.0	    0.0	    0.0	    0.0	1	   19.5	 21	    0.0	    5.0	
  349	  34.90	 -274.3	 1262.1	  -26.4	  723.3	 1367.1	    0.0	  200.0	    0.0	    0.0	    0.0	    0.0	  100.0	    0.0	    0.0	    0.0	    0.0	    0.0	   10.5	  1	 -250.0	 1250.0	    0.0	    0.0	    0.0	1	   19.5	 21	    0.0	    5.0	
  350	  35.00	 -274.3	 1262.1	  -26.4	  723.3	 1367.1	    0.0	  200.0	    0.0	    0.0	    0.0	    0.0	  100.0	    0.0	    0.0	    0.0	    0.0	    0.0	   10.5	  1	 -250.0	 1250.0	    0.0	    0.0	    0.0	1	   19.5	 21	    0.0	    5.0	
  351	  35.10	 -274.3	 1262.1	  -26.4	  723.3	 1367.1	    0.0	  200.0	    0.0	    0.0	    0.0	    0.0	  100.0	    0.0	    0.0	    0.0	    0.0	    0.0	   10.5	  1	 -250.0	 1250.0	    0.0	    0.0	    0.0	1	   19.5	 21	    0.0	    5.0	
  352	  35.20	 -274.3	 1262.1	  -26.4	  721.5	 1353.9	    0.0	  200.0	    0.0	    0.0	    0.0	    0.0	  100.0	    0.0	    0.0	    0.0	    0.0	    0.0	   10.6	  1	 -250.0	 1250.0	    0.0	    0.0	    0.0	1	   19.5	 21	    0.0	    5.0	
  353	  35.30	 -274.3	 1262.1	  -26.4	  721.5	 1353.9	    0.0	  200.0	    0.0	    0.0	    0.0	    0.0	  100.0	    0.0	    0.0	    0.0	    0.0	    0.0	   10.6	  1	 -250.0	 1250.0	    0.0	    0.0	    0.0	1	   19.5	 21	    0.0	    5.0	
  354	  35.40	 -274.3	 1262.1	  -26.4	  721.5	 1353.9	    0.0	  200.0	    0.0	    0.0	    0.0	    0.0	  100.0	    0.0	    0.0	    0.0	    0.0	    0.0	   10.6	  1	 -250.0	 1250.0	    0.0	    0.0	    0.0	1	   19.5	 21	    0.0	    5.0	
  355	  35.50	 -274.3	 1262.1	  -26.4	  721.5	 1353.9	    0.0	  200.0	    0.0	    0.0	    0.0	    0.0	  100.0	    0.0	    0.0	    0.0	    0.0	    0.0	   10.7	  1	 -250.0	 1250.0	    0.0	    0.0	    0.0	1	   19.5	 21	    0.0	    5.0	
  356	  35.60	 -274.3	 1262.1	  -26.4	  721.5	 1353.9	    0.0	  200.0	    0.0	    0.0	    0.0	    0.0	  100.0	    0.0	    0.0	    0.0	    0.0	    0.0	   10.7	  1	 -250.0	 1250.0	    0.0	    0.0	    0.0	1	   19.5	 21	    0.0	    5.0	
  357	  35.70	 -274.3	 1262.1	  -26.4	  721.5	 1353.9	    0.0	  200.0	    0.0	    0.0	    0.0	    0.0	  100.0	    0.0	    0.0	    0.0	    0.0	    0.0	   10.7	  1	 -250.0	 1250.0	    0.0	    0.0	    0.0	1	   19.5	 21	    0.0	    5.0	
  358	  35.80	 -274.3	 1262.1	  -26.4	  721.5	 1353.9	    0.0	  200.0	    0.0	    0.0	    0.0	    0.0	  100.0	    0.0	    0.0	    0.0	    0.0	    0.0	   10.7	  1	 -250.0	 1250.0	    0.0	    0.0	    0.0	1	   19.5	 21	    0.0	    5.0	
  359	  35.90	 -274.3	 1262.1	  -26.4	  721.5	 1353.9	    0.0	  200.0	  742.9	 1316.0	    0.0	  200.0	  100.0	    0.0	    0.0	    0.0	    0.0	    0.0	   10.8	  1	 -550.0	 1250.0	    0.0	    0.0	    0.0	1	  254.0	 21	    0.0	    5.0	
  360	  36.00	 -293.7	 1261.4	 -178.0	  721.5	 1353.9	    0.0	  200.0	  742.9	 1316.0	    0.0	  200.0	  100.0	    0.0	    0.0	    0.0	    0.0	    0.0	   10.8	  1	 -550.0	 1250.0	    0.0	    0.0	    0.0	1	  233.7	 21	    0.0	    5.0	
  361	  36.10	 -348.2	 1258.7	 -177.2	  721.5	 1353.9	    0.0	  200.0	  742.9	 1316.0	    0.0	  200.0	  100.0	    0.0	    0.0	    0.0	    0.0	    0.0	   10.8	  1	 -550.0	 1250.0	    0.0	    0.0	    0.0	1	  189.9	 21	    0.0	    5.0	
  362	  36.20	 -393.4	 1256.0	 -176.4	  721.5	 1353.9	    0.0	  200.0	  742.9	 1316.0	    0.0	  200.0	  100.0	    0.0	    0.0	    0.0	    0.0	    0.0	   10.8	  1	 -550.0	 1250.0	    0.0	    0.0	    0.0	1	  145.5	 21	    0.0	    5.0	
  363	  36.30	 -430.3	 1253.2	 -175.5	  721.5	 1353.9	    0.0	  200.0	  742.9	 1316.0	    0.0	  200.0	  100.0	    0.0	    0.0	    0.0	    0.0	    0.0	   10.9	  1	 -550.0	 1250.0	    0.0	    0.0	    0.0	1	  116.3	 21	    0.0	    5.0	
  364	  36.40	 -458.7	 1251.9	 -177.7	  742.4	 1315.0	    0.0	  200.0	  742.9	 1316.0	    0.0	  200.0	  100.0	    0.0	    0.0	    0.0	    0.0	    0.0	   10.9	  1	 -550.0	 1250.0	    0.0	    0.0	    0.0	1	   91.3	 21	    0.0	    5.0	
  365	  36.50	 -480.6	 1250.2	 -175.2	  742.4	 1315.0	    0.0	  200.0	  742.9	 1316.0	    0.0	  200.0	  100.0	    0.0	    0.0	    0.0	    0.0	    0.0	   10.9	  1	 -550.0	 1250.0	    0.0	    0.0	    0.0	1	   63.9	 21	    0.0	    5.0	
  366	  36.60	 -483.3	 1249.9	 -179.9	  742.4	 1315.0	    0.0	  200.0	  742.9	 1316.0	    0.0	  200.0	  100.0	    0.0	    0.0	    0.0	    0.0	    0.0	   10.9	  1	 -550.0	 1250.0	    0.0	    0.0	    0.0	1	   63.9	 21	    0.0	    5.0	
  367	  36.70	 -483.3	 1249.9	  180.0	  742.4	 1315.0	    0.0	  200.0	  742.9	 1316.0	    0.0	  200.0	  100.0	    0.0	    0.0	    0.0	    0.0	    0.0	   10.9	  1	 -550.0	 1250.0	    0.0	    0.0	    0.0	1	   63.9	 21	    0.0	    5.0	
  368	  36.80	 -483.3	 1249.9	  180.0	  742.4	 1315.0	    0.0	  200.0	  742.9	 1316.0	    0.0	  200.0	  100.0	    0.0	    0.0	    0.0	    0.0	    0.0	   10.9	  1	 -550.0	 1250.0	    0.0	    0.0	    0.0	1	   63.9	 21	    0.0	    5.0	
  369	  36.90	 -483.3	 1249.9	  180.0	  742.4	 1315.0	    0.0	  200.0	  742.9	 1316.0	    0.0	  200.0	  100.0	    0.0	    0.0	    0.0	    0.0	    0.0	   10.9	  1	 -550.0	 1250.0	    0.0	    0.0	    0.0	1	   63.9	 21	    0.0	    5.0	
  370	  37.00	 -483.3	 1249.9	  180.0	  742.4	 1315.0	    0.0	  200.0	  742.9	 1316.0	    0.0	  200.0	  100.0	    0.0	    0.0	    0.0	    0.0	    0.0	   10.9	  1	 -550.0	 1250.0	    0.0	    0.0	    0.0	1	   63.9	 21	    0.0	    5.0	
  371	  37.10	 -483.3	 1249.9	  180.0	  742.4	 1315.0	    0.0	  200.0	  742.9	 1316.0	    0.0	  200.0	  100.0	    0.0	    0.0	    0.0	    0.0	    0.0	   11.0	  1	 -550.0	 1250.0	    0.0	    0.0	    0.0	1	   63.9	 21	    0.0	    5.0	
  372	  37.20	 -483.3	 1249.9	  180.0	  742.4	 1315.0	    0.0	  200.0	  742.9	 1316.0	    0.0	  200.0	  100.0	    0.0	    0.0	    0.0	    0.0	    0.0	   11.0	  1	 -550.0	 1250.0	    0.0	    0.0	    0.0	1	   63.9	 21	    0.0	    5.0	
  373	  37.30	 -483.3	 1249.9	  180.0	  742.4	 1315.0	    0.0	  200.0	  742.9	 1316.0	    0.0	  200.0	  100.0	    0.0	    0.0	    0.0	    0.0	    0.0	   11.0	  1	 -550.0	 1250.0	    0.0	    0.0	    0.0	1	   63.9	 21	    0.0	    5.0	
  374	  37.40	 -483.3	 1249.9	  180.0	  742.4	 1315.0	    0.0	  200.0	  742.9	 1316.0	    0.0	  200.0	  100.0	    0.0	    0.0	    0.0	    0.0	    0.0	   11.0	  1	 -550.0	 1250.0	    0.0	    0.0	    0.0	1	   63.9	 21	    0.0	    5.0	
  375	  37.50	 -483.3	 1249.9	  180.0	  742.4	 1315.0	    0.0	  200.0	  742.9	 1316.0	    0.0	  200.0	  100.0	    0.0	    0.0	    0.0	    0.0	    0.0	   11.0	  1	 -550.0	 1250.0	    0.0	    0.0	    0.0	1	   63.9	 21	    0.0	    5.0	
  376	  37.60	 -483.3	 1249.9	  180.0	  742.4	 1315.0	    0.0	  200.0	  742.9	 1316.0	    0.0	  200.0	  100.0	    0.0	    0.0	    0.0	    0.0	    0.0	   11.1	  1	 -550.0	 1250.0	    0.0	    0.0	    0.0	1	   63.9	 21	    0.0	    5.0	
  377	  37.70	 -483.3	 1249.9	  180.0	  729.2	 1349.2	    0.0	  200.0	  742.9	 1316.0	    0.0	  200.0	  100.0	    0.0	    0.0	    0.0	    0.0	    0.0	   11.1	  1	 -550.0	 1250.0	    0.0	    0.0	    0.0	1	   63.9	 21	    0.0	    5.0	
  378	  37.80	 -483.3	 1249.9	  180.0	  742.4	 1315.0	    0.0	  200.0	  742.9	 1316.0	    0.0	  200.0	  100.0	    0.0	    0.0	    0.0	    0.0	    0.0	   11.1	  1	 -550.0	 1250.0	    0.0	    0.0	    0.0	1	   63.9	 21	    0.0	    5.0	
  379	  37.90	 -483.3	 1249.9	  180.0	  729.2	 1349.2	    0.0	  200.0	  742.9	 1316.0	    0.0	  200.0	  100.0	    0.0	    0.0	    0.0	    0.0	    0.0	   11.1	  1	 -550.0	 1250.0	    0.0	    0.0	    0.0	1	   63.9	 21	    0.0	    5.0	
  380	  38.00	 -483.3	 1249.9	  180.0	  729.2	 1349.2	    0.0	  200.0	  742.9	 1316.0	    0.0	  200.0	  100.0	    0.0	    0.0	    0.0	    0.0	    0.0	   11.2	  1	 -550.0	 1250.0	    0.0	    0.0	    0.0	1	   63.9	 21	    0.0	    5.0	
  381	  38.10	 -483.3	 1249.9	  180.0	  729.2	 1349.2	    0.0	  200.0	  742.9	 1316.0	    0.0	  200.0	  100.0	    0.0	    0.0	    0.0	    0.0	    0.0	   11.2	  1	 -550.0	 1250.0	    0.0	    0.0	    0.0	1	   63.9	 21	    0.0	    5.0	
  382	  38.20	 -483.3	 1249.9	  180.0	  729.2	 1349.2	    0.0	  200.0	  742.9	 1316.0	    0.0	  200.0	  100.0	    0.0	    0.0	    0.0	    0.0	    0.0	   11.2	  1	 -550.0	 1250.0	    0.0	    0.0	    0.0	1	   63.9	 21	    0.0	    5.0	
  383	  38.30	 -483.3	 1249.9	  180.0	  727.2	 1357.6	    0.0	  200.0	  742.9	 1316.0	    0.0	  200.0	  100.0	    0.0	    0.0	    0.0	    0.0	    0.0	   11.3	  1	 -550.0	 1250.0	    0.0	    0.0	    0.0	1	   63.9	 21	    0.0	    5.0	
  384	  38.40	 -483.3	 1249.9	  180.0	  728.1	 1357.4	    0.0	  200.0	  742.9	 1316.0	    0.0	  200.0	  100.0	    0.0	    0.0	    0.0	    0.0	    0.0	   11.3	  1	 -550.0	 1250.0	    0.0	    0.0	    0.0	1	   63.9	 21	    0.0	    5.0	
  385	  38.50	 -483.3	 1249.9	  180.0	  728.1	 1357.4	    0.0	  200.0	  742.9	 1316.0	    0.0	  200.0	  100.0	    0.0	    0.0	    0.0	    0.0	    0.0	   11.3	  1	 -550.0	 1250.0	    0.0	    0.0	    0.0	1	   63.9	 21	    0.0	    5.0	
  386	  38.60	 -483.3	 1249.9	  180.0	  728.1	 1357.4	    0.0	  200.0	  742.9	 1316.0	    0.0	  200.0	  100.0	    0.0	    0.0	    0.0	    0.0	    0.0	   11.3	  1	 -550.0	 1250.0	    0.0	    0.0	    0.0	1	   63.9	 21	    0.0	    5.0	
  387	  38.70	 -483.3	 1249.9	  180.0	  728.1	 1357.4	    0.0	  200.0	  742.9	 1316.0	    0.0	  200.0	  100.0	    0.0	    0.0	    0.0	    0.0	    0.0	   11.4	  1	 -550.0	 1250.0	    0.0	    0.0	    0.0	1	   63.9	 21	    0.0	    5.0	
  388	  38.80	 -483.3	 1249.9	  180.0	  728.1	 1357.4	    0.0	  200.0	  742.9	 1316.0	    0.0	  200.0	  100.0	    0.0	    0.0	    0.0	    0.0	    0.0	   11.4	  1	 -550.0	 1250.0	    0.0	    0.0	    0.0	1	   63.9	 21	    0.0	    5.0	
  389	  38.90	 -483.3	 1249.9	  180.0	  728.1	 1357.4	    0.0	  200.0	  742.9	 1316.0	    0.0	  200.0	  100.0	    0.0	    0.0	    0.0	    0.0	    0.0	   11.4	  1	 -550.0	 1250.0	    0.0	    0.0	    0.0	1	   63.9	 21	    0.0	    5.0	
  390	  39.00	 -483.3	 1249.9	  180.0	  728.1	 1357.4	    0.0	  200.0	  742.9	 1316.0	    0.0	  200.0	  100.0	    0.0	    0.0	    0.0	    0.0	    0.0	   11.5	  1	 -550.0	 1250.0	    0.0	    0.0	    0.0	1	   63.9	 21	    0.0	    5.0	
  391	  39.10	 -483.3	 1249.9	  180.0	  728.1	 1357.4	    0.0	  200.0	  742.9	 1316.0	    0.0	  200.0	  100.0	    0.0	    0.0	    0.0	    0.0	    0.0	   11.5	  1	 -550.0	 1250.0	    0.0	    0.0	    0.0	1	   63.9	 21	    0.0	    5.0	
  392	  39.20	 -483.3	 1249.9	  180.0	  728.1	 1357.4	    0.0	  200.0	  742.9	 1316.0	    0.0	  200.0	  100.0	    0.0	    0.0	    0.0	    0.0	    0.0	   11.5	  1	 -550.0	 1250.0	    0.0	    0.0	    0.0	1	   63.9	 21	    0.0	    5.0	
  393	  39.30	 -483.3	 1249.9	  180.0	  728.1	 1357.4	    0.0	  200.0	  742.9	 1316.0	    0.0	  200.0	  100.0	    0.0	    0.0	    0.0	    0.0	    0.0	   11.5	  1	 -550.0	 1250.0	    0.0	    0.0	    0.0	1	   63.9	 21	    0.0	    5.0	
  394	  39.40	 -483.3	 1249.9	  180.0	  723.7	 1350.4	    0.0	  200.0	  742.9	 1316.0	    0.0	  200.0	  100.0	    0.0	    0.0	    0.0	    0.0	    0.0	   11.6	  1	 -550.0	 1250.0	    0.0	    0.0	    0.0	1	   63.9	 21	    0.0	    5.0	
  395	  39.50	 -483.3	 1249.9	  180.0	  723.7	 1350.4	    0.0	  200.0	  742.9	 1316.0	    0.0	  200.0	  100.0	    0.0	    0.0	    0.0	    0.0	    0.0	   11.6	  1	 -550.0	 1250.0	    0.0	    0.0	    0.0	1	   63.9	 21	    0.0	    5.0	
  396	  39.60	 -483.3	 1249.9	  180.0	  722.7	 1350.7	    0.0	  200.0	  742.9	 1316.0	    0.0	  200.0	  100.0	    0.0	    0.0	    0.0	    0.0	    0.0	   11.6	  1	 -550.0	 1250.0	    0.0	    0.0	    0.0	1	   63.9	 21	    0.0	    5.0	
  397	  39.70	 -483.3	 1249.9	  180.0	  728.1	 1357.4	    0.0	  200.0	  742.9	 1316.0	    0.0	  200.0	  100.0	    0.0	    0.0	    0.0	    0.0	    0.0	   11.7	  1	 -550.0	 1250.0	    0.0	    0.0	    0.0	1	   63.9	 21	    0.0	    5.0	
  398	  39.80	 -483.3	 1249.9	  180.0	  722.7	 1350.7	    0.0	  200.0	  742.9	 1316.0	    0.0	  200.0	  100.0	    0.0	    0.0	    0.0	    0.0	    0.0	   11.7	  1	 -550.0	 1250.0	    0.0	    0.0	    0.0	1	   63.9	 21	    0.0	    5.0	
  399	  39.90	 -483.3	 1249.9	  180.0	  722.7	 1350.7	    0.0	  200.0	  742.9	 1316.0	    0.0	  200.0	  100.0	    0.0	    0.0	    0.0	    0.0	    0.0	   11.7	  1	 -550.0	 1250.0	    0.0	    0.0	    0.0	1	   63.9	 21	    0.0	    5.0	
  400	  40.00	 -483.3	 1249.9	  180.0	  721.8	 1350.9	    0.0	  200.0	  742.9	 1316.0	    0.0	  200.0	  100.0	    0.0	    0.0	    0.0	    0.0	    0.0	   11.8	  1	 -550.0	 1250.0	    0.0	    0.0	    0.0	1	   63.9	 21	    0.0	    5.0	
  401	  40.10	 -483.3	 1249.9	  180.0	  721.8	 1350.9	    0.0	  200.0	  742.9	 1316.0	    0.0	  200.0	  100.0	    0.0	    0.0	    0.0	    0.0	    0.0	   11.8	  1	 -550.0	 1250.0	    0.0	    0.0	    0.0	1	   63.9	 21	    0.0	    5.0	
  402	  40.20	 -483.3	 1249.9	  180.0	  722.7	 1350.7	    0.0	  200.0	  742.9	 1316.0	    0.0	  200.0	  100.0	    0.0	    0.0	    0.0	    0.0	    0.0	   11.8	  1	 -550.0	 1250.0	    0.0	    0.0	    0.0	1	   63.9	 21	    0.0	    5.0	
  403	  40.30	 -483.3	 1249.9	  180.0	  721.8	 1350.9	    0.0	  200.0	  742.9	 1316.0	    0.0	  200.0	  100.0	    0.0	    0.0	    0.0	    0.0	    0.0	   11.8	  1	 -550.0	 1250.0	    0.0	    0.0	    0.0	1	   63.9	 21	    0.0	    5.0	
  404	  40.40	 -483.3	 1249.9	  180.0	  721.8	 1350.9	    0.0	  200.0	  742.9	 1316.0	    0.0	  200.0	  100.0	    0.0	    0.0	    0.0	    0.0	    0.0	   11.9	  1	 -550.0	 1250.0	    0.0	    0.0	    0.0	1	   63.9	 21	    0.0	    5.0	
  405	  40.50	 -483.3	 1249.9	  180.0	  721.8	 1350.9	    0.0	  200.0	  742.9	 1316.0	    0.0	  200.0	  100.0	    0.0	    0.0	    0.0	    0.0	    0.0	   11.9	  1	 -550.0	 1250.0	    0.0	    0.0	    0.0	1	   63.9	 21	    0.0	    5.0	
  406	  40.60	 -483.3	 1249.9	  180.0	  721.8	 1350.9	    0.0	  200.0	  742.9	 1316.0	    0.0	  200.0	  100.0	    0.0	    0.0	    0.0	    0.0	    0.0	   11.9	  1	 -550.0	 1250.0	    0.0	    0.0	    0.0	1	   63.9	 21	    0.0	    5.0	
  407	  40.70	 -483.3	 1249.9	  180.0	  721.8	 1350.9	    0.0	  200.0	  742.9	 1316.0	    0.0	  200.0	  100.0	    0.0	    0.0	    0.0	    0.0	    0.0	   12.0	  1	 -550.0	 1250.0	    0.0	    0.0	    0.0	1	   63.9	 21	    0.0	    5.0	
  408	  40.80	 -483.3	 1249.9	  180.0	  721.8	 1350.9	    0.0	  200.0	  742.9	 1316.0	    0.0	  200.0	  100.0	    0.0	    0.0	    0.0	    0.0	    0.0	   12.0	  1	 -550.0	 1250.0	    0.0	    0.0	    0.0	1	   63.9	 21	    0.0	    5.0	
  409	  40.90	 -483.3	 1249.9	  180.0	  721.8	 1350.9	    0.0	  200.0	  742.9	 1316.0	    0.0	  200.0	  100.0	    0.0	    0.0	    0.0	    0.0	    0.0	   12.0	  1	 -550.0	 1250.0	    0.0	    0.0	    0.0	1	   63.9	 21	    0.0	    5.0	
  410	  41.00	 -483.3	 1249.9	  180.0	  721.8	 1350.9	    0.0	  200.0	  742.9	 1316.0	    0.0	  200.0	  100.0	    0.0	    0.0	    0.0	    0.0	    0.0	   12.1	  1	 -550.0	 1250.0	    0.0	    0.0	    0.0	1	   63.9	 21	    0.0	    5.0	
  411	  41.10	 -483.3	 1249.9	  180.0	  727.7	 1360.4	    0.0	  200.0	  742.9	 1316.0	    0.0	  200.0	  100.0	    0.0	    0.0	    0.0	    0.0	    0.0	   12.1	  1	 -550.0	 1250.0	    0.0	    0.0	    0.0	1	   63.9	 21	    0.0	    5.0	
  412	  41.20	 -483.3	 1249.9	  180.0	  727.7	 1360.4	    0.0	  200.0	  742.9	 1316.0	    0.0	  200.0	  100.0	    0.0	    0.0	    0.0	    0.0	    0.0	   12.1	  1	 -550.0	 1250.0	    0.0	    0.0	    0.0	1	   63.9	 21	    0.0	    5.0	
  413	  41.30	 -483.3	 1249.9	  180.0	  721.8	 1350.9	    0.0	  200.0	  742.9	 1316.0	    0.0	  200.0	  100.0	    0.0	    0.0	    0.0	    0.0	    0.0	   12.1	  1	 -550.0	 1250.0	    0.0	    0.0	    0.0	1	   63.9	 21	    0.0	    5.0	
  414	  41.40	 -483.3	 1249.9	  180.0	  727.7	 1360.4	    0.0	  200.0	  742.9	 1316.0	    0.0	  200.0	  100.0	    0.0	    0.0	    0.0	    0.0	    0.0	   12.2	  1	 -550.0	 1250.0	    0.0	    0.0	    0.0	1	   63.9	 21	    0.0	    5.0	
  415	  41.50	 -483.3	 1249.9	  180.0	  727.7	 1360.4	    0.0	  200.0	  742.9	 1316.0	    0.0	  200.0	  100.0	    0.0	    0.0	    0.0	    0.0	    0.0	   12.2	  1	 -550.0	 1250.0	    0.0	    0.0	    0.0	1	   63.9	 21	    0.0	    5.0	
  416	  41.60	 -483.3	 1249.9	  180.0	  718.6	 1353.6	    0.0	  200.0	  742.9	 1316.0	    0.0	  200.0	  100.0	    0.0	    0.0	    0.0	    0.0	    0.0	   12.2	  1	 -550.0	 1250.0	    0.0	    0.0	    0.0	1	   63.9	 21	    0.0	    5.0	
  417	  41.70	 -483.3	 1249.9	  180.0	  718.6	 1353.6	    0.0	  200.0	  742.9	 1316.0	    0.0	  200.0	  100.0	    0.0	    0.0	    0.0	    0.0	    0.0	   12.3	  1	 -550.0	 1250.0	    0.0	    0.0	    0.0	1	   63.9	 21	    0.0	    5.0	
  418	  41.80	 -483.3	 1249.9	  180.0	  718.6	 1353.6	    0.0	  200.0	  742.9	 1316.0	    0.0	  200.0	  100.0	    0.0	    0.0	    0.0	    0.0	    0.0	   12.3	  1	 -550.0	 1250.0	    0.0	    0.0	    0.0	1	   63.9	 21	    0.0	    5.0	
  419	  41.90	 -483.3	 1249.9	  180.0	  718.6	 1353.6	    0.0	  200.0	  742.9	 1316.0	    0.0	  200.0	  100.0	    0.0	    0.0	    0.0	    0.0	    0.0	   12.3	  1	 -550.0	 1250.0	    0.0	    0.0	    0.0	1	   63.9	 21	    0.0	    5.0	
  420	  42.00	 -483.3	 1249.9	  180.0	  718.6	 1353.6	    0.0	  200.0	  742.9	 1316.0	    0.0	  200.0	  100.0	    0.0	    0.0	    0.0	    0.0	    0.0	   12.4	  1	 -550.0	 1250.0	    0.0	    0.0	    0.0	1	   63.9	 21	    0.0	    5.0	
  421	  42.10	 -483.3	 1249.9	  180.0	  727.7	 1360.4	    0.0	  200.0	  742.9	 1316.0	    0.0	  200.0	  100.0	    0.0	    0.0	    0.0	    0.0	    0.0	   12.4	  1	 -550.0	 1250.0	    0.0	    0.0	    0.0	1	   63.9	 21	    0.0	    5.0	
  422	  42.20	 -483.3	 1249.9	  180.0	  727.7	 1360.4	    0.0	  200.0	  742.9	 1316.0	    0.0	  200.0	  100.0	    0.0	    0.0	    0.0	    0.0	    0.0	   12.4	  1	 -550.0	 1250.0	    0.0	    0.0	    0.0	1	   63.9	 21	    0.0	    5.0	
  423	  42.30	 -483.3	 1249.9	  180.0	  727.7	 1360.4	    0.0	  200.0	  742.9	 1316.0	    0.0	  200.0	  100.0	    0.0	    0.0	    0.0	    0.0	    0.0	   12.4	  1	 -550.0	 1250.0	    0.0	    0.0	    0.0	1	   63.9	 21	    0.0	    5.0	
  424	  42.40	 -483.3	 1249.9	  180.0	  727.7	 1360.4	    0.0	  200.0	  742.9	 1316.0	    0.0	  200.0	  100.0	    0.0	    0.0	    0.0	    0.0	    0.0	   12.5	  1	 -550.0	 1250.0	    0.0	    0.0	    0.0	1	   63.9	 21	    0.0	    5.0	
  425	  42.50	 -483.3	 1249.9	  180.0	  727.7	 1360.4	    0.0	  200.0	  742.9	 1316.0	    0.0	  200.0	  100.0	    0.0	    0.0	    0.0	    0.0	    0.0	   12.5	  1	 -550.0	 1250.0	    0.0	    0.0	    0.0	1	   63.9	 21	    0.0	    5.0	
  426	  42.60	 -483.3	 1249.9	  180.0	  727.7	 1360.4	    0.0	  200.0	  742.9	 1316.0	    0.0	  200.0	  100.0	    0.0	    0.0	    0.0	    0.0	    0.0	   12.5	  1	 -550.0	 1250.0	    0.0	    0.0	    0.0	1	   63.9	 21	    0.0	    5.0	
  427	  42.70	 -483.3	 1249.9	  180.0	  727.7	 1360.4	    0.0	  200.0	  742.9	 1316.0	    0.0	  200.0	  100.0	    0.0	    0.0	    0.0	    0.0	    0.0	   12.6	  1	 -550.0	 1250.0	    0.0	    0.0	    0.0	1	   63.9	 21	    0.0	    5.0	
  428	  42.80	 -483.3	 1249.9	  180.0	  727.7	 1360.4	    0.0	  200.0	  742.9	 1316.0	    0.0	  200.0	  100.0	    0.0	    0.0	    0.0	    0.0	    0.0	   12.6	  1	 -550.0	 1250.0	    0.0	    0.0	    0.0	1	   63.9	 21	    0.0	    5.0	
  429	  42.90	 -483.3	 1249.9	  180.0	  727.7	 1360.4	    0.0	  200.0	  742.9	 1316.0	    0.0	  200.0	  100.0	    0.0	    0.0	    0.0	    0.0	    0.0	   12.6	  1	 -550.0	 1250.0	    0.0	    0.0	    0.0	1	   63.9	 21	    0.0	    5.0	
  430	  43.00	 -483.3	 1249.9	  180.0	  727.7	 1360.4	    0.0	  200.0	  742.9	 1316.0	    0.0	  200.0	  100.0	    0.0	    0.0	    0.0	    0.0	    0.0	   12.7	  1	 -550.0	 1250.0	    0.0	    0.0	    0.0	1	   63.9	 21	    0.0	    5.0	
  431	  43.10	 -483.3	 1249.9	  180.0	  727.7	 1360.4	    0.0	  200.0	  742.9	 1316.0	    0.0	  200.0	  100.0	    0.0	    0.0	    0.0	    0.0	    0.0	   12.7	  1	 -550.0	 1250.0	    0.0	    0.0	    0.0	1	   63.9	 21	    0.0	    5.0	
  432	  43.20	 -483.3	 1249.9	  180.0	  727.7	 1360.4	    0.0	  200.0	  742.9	 1316.0	    0.0	  200.0	  100.0	    0.0	    0.0	    0.0	    0.0	    0.0	   12.7	  1	 -550.0	 1250.0	    0.0	    0.0	    0.0	1	   63.9	 21	    0.0	    5.0	
  433	  43.30	 -483.3	 1249.9	  180.0	  727.7	 1360.4	    0.0	  200.0	  742.9	 1316.0	    0.0	  200.0	  100.0	    0.0	    0.0	    0.0	    0.0	    0.0	   12.8	  1	 -550.0	 1250.0	    0.0	    0.0	    0.0	1	   63.9	 21	    0.0	    5.0	
  434	  43.40	 -483.3	 1249.9	  180.0	  727.7	 1360.4	    0.0	  200.0	  742.9	 1316.0	    0.0	  200.0	  100.0	    0.0	    0.0	    0.0	    0.0	    0.0	   12.8	  1	 -550.0	 1250.0	    0.0	    0.0	    0.0	1	   63.9	 21	    0.0	    5.0	
  435	  43.50	 -483.3	 1249.9	  180.0	  727.7	 1360.4	    0.0	  200.0	  742.9	 1316.0	    0.0	  200.0	  100.0	    0.0	    0.0	    0.0	    0.0	    0.0	   12.8	  1	 -550.0	 1250.0	    0.0	    0.0	    0.0	1	   63.9	 21	    0.0	    5.0	
  436	  43.60	 -483.3	 1249.9	  180.0	  727.7	 1360.4	    0.0	  200.0	  742.9	 1316.0	    0.0	  200.0	  100.0	    0.0	    0.0	    0.0	    0.0	    0.0	   12.9	  1	 -550.0	 1250.0	    0.0	    0.0	    0.0	1	   63.9	 21	    0.0	    5.0	
  437	  43.70	 -483.3	 1249.9	  180.0	  727.7	 1360.4	    0.0	  200.0	  742.9	 1316.0	    0.0	  200.0	  100.0	    0.0	    0.0	    0.0	    0.0	    0.0	   12.9	  1	 -550.0	 1250.0	    0.0	    0.0	    0.0	1	   63.9	 21	    0.0	    5.0	
  438	  43.80	 -483.3	 1249.9	  180.0	  727.7	 1360.4	    0.0	  200.0	  742.9	 1316.0	    0.0	  200.0	  100.0	    0.0	    0.0	    0.0	    0.0	    0.0	   12.9	  1	 -550.0	 1250.0	    0.0	    0.0	    0.0	1	   63.9	 21	    0.0	    5.0	
  439	  43.90	 -483.3	 1249.9	  180.0	  727.7	 1360.4	    0.0	  200.0	  742.9	 1316.0	    0.0	  200.0	  100.0	    0.0	    0.0	    0.0	    0.0	    0.0	   13.0	  1	 -550.0	 1250.0	    0.0	    0.0	    0.0	1	   63.9	 21	    0.0	    5.0	
  440	  44.00	 -483.3	 1249.9	  180.0	  727.7	 1360.4	    0.0	  200.0	  742.9	 1316.0	    0.0	  200.0	  100.0	    0.0	    0.0	    0.0	    0.0	    0.0	   13.0	  1	 -550.0	 1250.0	    0.0	    0.0	    0.0	1	   63.9	 21	    0.0	    5.0	
  441	  44.10	 -483.3	 1249.9	  180.0	  727.7	 1360.4	    0.0	  200.0	  742.9	 1316.0	    0.0	  200.0	  100.0	    0.0	    0.0	    0.0	    0.0	    0.0	   13.0	  1	 -550.0	 1250.0	    0.0	    0.0	    0.0	1	   63.9	 21	    0.0	    5.0	
  442	  44.20	 -483.3	 1249.9	  180.0	  727.7	 1360.4	    0.0	  200.0	  742.9	 1316.0	    0.0	  200.0	  100.0	    0.0	    0.0	    0.0	    0.0	    0.0	   13.1	  1	 -550.0	 1250.0	    0.0	    0.0	    0.0	1	   63.9	 21	    0.0	    5.0	
  443	  44.30	 -483.3	 1249.9	  180.0	  727.7	 1360.4	    0.0	  200.0	  742.9	 1316.0	    0.0	  200.0	  100.0	    0.0	    0.0	    0.0	    0.0	    0.0	   13.1	  1	 -550.0	 1250.0	    0.0	    0.0	    0.0	1	   63.9	 21	    0.0	    5.0	
  444	  44.40	 -483.3	 1249.9	  180.0	  727.7	 1360.4	    0.0	  200.0	  742.9	 1316.0	    0.0	  200.0	  100.0	    0.0	    0.0	    0.0	    0.0	    0.0	   13.1	  1	 -550.0	 1250.0	    0.0	    0.0	    0.0	1	   63.9	 21	    0.0	    5.0	
  445	  44.50	 -483.3	 1249.9	  180.0	  727.7	 1360.4	    0.0	  200.0	  742.9	 1316.0	    0.0	  200.0	  100.0	    0.0	    0.0	    0.0	    0.0	    0.0	   13.2	  1	 -550.0	 1250.0	    0.0	    0.0	    0.0	1	   63.9	 21	    0.0	    5.0	
  446	  44.60	 -483.3	 1249.9	  180.0	  718.6	 1353.6	    0.0	  200.0	  742.9	 1316.0	    0.0	  200.0	  100.0	    0.0	    0.0	    0.0	    0.0	    0.0	   13.2	  1	 -550.0	 1250.0	    0.0	    0.0	    0.0	1	   63.9	 21	    0.0	    5.0	
  447	  44.70	 -483.3	 1249.9	  180.0	  718.6	 1353.6	    0.0	  200.0	  742.9	 1316.0	    0.0	  200.0	  100.0	    0.0	    0.0	    0.0	    0.0	    0.0	   13.3	  1	 -550.0	 1250.0	    0.0	    0.0	    0.0	1	   63.9	 21	    0.0	    5.0	
  448	  44.80	 -483.3	 1249.9	  180.0	  718.6	 1353.6	    0.0	  200.0	  742.9	 1316.0	    0.0	  200.0	  100.0	    0.0	    0.0	    0.0	    0.0	    0.0	   13.3	  1	 -550.0	 1250.0	    0.0	    0.0	    0.0	1	   63.9	 21	    0.0	    5.0	
  449	  44.90	 -483.3	 1249.9	  180.0	  718.6	 1353.6	    0.0	  200.0	  742.9	 1316.0	    0.0	  200.0	  100.0	    0.0	    0.0	    0.0	    0.0	    0.0	   13.3	  1	 -550.0	 1250.0	    0.0	    0.0	    0.0	1	   63.9	 21	    0.0	    5.0	
  450	  45.00	 -483.3	 1249.9	  180.0	  718.6	 1353.6	    0.0	  200.0	  742.9	 1316.0	    0.0	  200.0	  100.0	    0.0	    0.0	    0.0	    0.0	    0.0	   13.4	  1	 -550.0	 1250.0	    0.0	    0.0	    0.0	1	   63.9	 21	    0.0	    5.0	
  451	  45.10	 -483.3	 1249.9	  180.0	  718.6	 1353.6	    0.0	  200.0	  742.9	 1316.0	    0.0	  200.0	  100.0	    0.0	    0.0	    0.0	    0.0	    0.0	   13.4	  1	 -550.0	 1250.0	    0.0	    0.0	    0.0	1	   63.9	 21	    0.0	    5.0	
  452	  45.20	 -483.3	 1249.9	  180.0	  718.6	 1353.6	    0.0	  200.0	  742.9	 1316.0	    0.0	  200.0	  100.0	    0.0	    0.0	    0.0	    0.0	    0.0	   13.4	  1	 -550.0	 1250.0	    0.0	    0.0	    0.0	1	   63.9	 21	    0.0	    5.0	
  453	  45.30	 -483.3	 1249.9	  180.0	  718.6	 1353.6	    0.0	  200.0	  742.9	 1316.0	    0.0	  200.0	  100.0	    0.0	    0.0	    0.0	    0.0	    0.0	   13.5	  1	 -550.0	 1250.0	    0.0	    0.0	    0.0	1	   63.9	 21	    0.0	    5.0	
  454	  45.40	 -483.3	 1249.9	  180.0	  718.6	 1353.6	    0.0	  200.0	  742.9	 1316.0	    0.0	  200.0	  100.0	    0.0	    0.0	    0.0	    0.0	    0.0	   13.5	  1	 -550.0	 1250.0	    0.0	    0.0	    0.0	1	   63.9	 21	    0.0	    5.0	
  455	  45.50	 -483.3	 1249.9	  180.0	  718.6	 1353.6	    0.0	  200.0	  742.9	 1316.0	    0.0	  200.0	  100.0	    0.0	    0.0	    0.0	    0.0	    0.0	   13.5	  1	 -550.0	 1250.0	    0.0	    0.0	    0.0	1	   63.9	 21	    0.0	    5.0	
  456	  45.60	 -483.3	 1249.9	  180.0	  718.6	 1353.6	    0.0	  200.0	  742.9	 1316.0	    0.0	  200.0	  100.0	    0.0	    0.0	    0.0	    0.0	    0.0	   13.6	  1	 -550.0	 1250.0	    0.0	    0.0	    0.0	1	   63.9	 21	    0.0	    5.0	
  457	  45.70	 -483.3	 1249.9	  180.0	  718.6	 1353.6	    0.0	  200.0	  742.9	 1316.0	    0.0	  200.0	  100.0	    0.0	    0.0	    0.0	    0.0	    0.0	   13.6	  1	 -550.0	 1250.0	    0.0	    0.0	    0.0	1	   63.9	 21	    0.0	    5.0	
  458	  45.80	 -483.3	 1249.9	  180.0	  718.6	 1353.6	    0.0	  200.0	  742.9	 1316.0	    0.0	  200.0	  100.0	    0.0	    0.0	    0.0	    0.0	    0.0	   13.6	  1	 -550.0	 1250.0	    0.0	    0.0	    0.0	1	   63.9	 21	    0.0	    5.0	
  459	  45.90	 -483.3	 1249.9	  180.0	  718.6	 1353.6	    0.0	  200.0	  742.9	 1316.0	    0.0	  200.0	  100.0	    0.0	    0.0	    0.0	    0.0	    0.0	   13.7	  1	 -550.0	 1250.0	    0.0	    0.0	    0.0	1	   63.9	 21	    0.0	    5.0	
  460	  46.00	 -483.3	 1249.9	  180.0	  718.6	 1353.6	    0.0	  200.0	  742.9	 1316.0	    0.0	  200.0	  100.0	    0.0	    0.0	    0.0	    0.0	    0.0	   13.7	  1	 -550.0	 1250.0	    0.0	    0.0	    0.0	1	   63.9	 21	    0.0	    5.0	
  461	  46.10	 -483.3	 1249.9	  180.0	  718.6	 1353.6	    0.0	  200.0	  742.9	 1316.0	    0.0	  200.0	  100.0	    0.0	    0.0	    0.0	    0.0	    0.0	   13.8	  1	 -550.0	 1250.0	    0.0	    0.0	    0.0	1	   63.9	 21	    0.0	    5.0	
  462	  46.20	 -483.3	 1249.9	  180.0	  718.6	 1353.6	    0.0	  200.0	  742.9	 1316.0	    0.0	  200.0	  100.0	    0.0	    0.0	    0.0	    0.0	    0.0	   13.8	  1	 -550.0	 1250.0	    0.0	    0.0	    0.0	1	   63.9	 21	    0.0	    5.0	
  463	  46.30	 -483.3	 1249.9	  180.0	  718.6	 1353.6	    0.0	  200.0	  742.9	 1316.0	    0.0	  200.0	  100.0	    0.0	    0.0	    0.0	    0.0	    0.0	   13.8	  1	 -550.0	 1250.0	    0.0	    0.0	    0.0	1	   63.9	 21	    0.0	    5.0	
  464	  46.40	 -483.3	 1249.9	  180.0	  718.6	 1353.6	    0.0	  200.0	  742.9	 1316.0	    0.0	  200.0	  100.0	    0.0	    0.0	    0.0	    0.0	    0.0	   13.9	  1	 -550.0	 1250.0	    0.0	    0.0	    0.0	1	   63.9	 21	    0.0	    5.0	
  465	  46.50	 -483.3	 1249.9	  180.0	  718.6	 1353.6	    0.0	  200.0	  742.9	 1316.0	    0.0	  200.0	  100.0	    0.0	    0.0	    0.0	    0.0	    0.0	   13.9	  1	 -550.0	 1250.0	    0.0	    0.0	    0.0	1	   63.9	 21	    0.0	    5.0	
  466	  46.60	 -483.3	 1249.9	  180.0	  718.6	 1353.6	    0.0	  200.0	  742.9	 1316.0	    0.0	  200.0	  100.0	    0.0	    0.0	    0.0	    0.0	    0.0	   13.9	  1	 -550.0	 1250.0	    0.0	    0.0	    0.0	1	   63.9	 21	    0.0	    5.0	
  467	  46.70	 -483.3	 1249.9	  180.0	  718.6	 1353.6	    0.0	  200.0	  742.9	 1316.0	    0.0	  200.0	  100.0	    0.0	    0.0	    0.0	    0.0	    0.0	   14.0	  1	 -550.0	 1250.0	    0.0	    0.0	    0.0	1	   63.9	 21	    0.0	    5.0	
  468	  46.80	 -483.3	 1249.9	  180.0	  718.6	 1353.6	    0.0	  200.0	  742.9	 1316.0	    0.0	  200.0	  100.0	    0.0	    0.0	    0.0	    0.0	    0.0	   14.0	  1	 -550.0	 1250.0	    0.0	    0.0	    0.0	1	   63.9	 21	    0.0	    5.0	
  469	  46.90	 -483.3	 1249.9	  180.0	  718.6	 1353.6	    0.0	  200.0	  742.9	 1316.0	    0.0	  200.0	  100.0	    0.0	    0.0	    0.0	    0.0	    0.0	   14.0	  1	 -550.0	 1250.0	    0.0	    0.0	    0.0	1	   63.9	 21	    0.0	    5.0	
  470	  47.00	 -483.3	 1249.9	  180.0	  718.6	 1353.6	    0.0	  200.0	  742.9	 1316.0	    0.0	  200.0	  100.0	    0.0	    0.0	    0.0	    0.0	    0.0	   14.1	  1	 -550.0	 1250.0	    0.0	    0.0	    0.0	1	   63.9	 21	    0.0	    5.0	
  471	  47.10	 -483.3	 1249.9	  180.0	  718.6	 1353.6	    0.0	  200.0	  742.9	 1316.0	    0.0	  200.0	  100.0	    0.0	    0.0	    0.0	    0.0	    0.0	   14.1	  1	 -550.0	 1250.0	    0.0	    0.0	    0.0	1	   63.9	 21	    0.0	    5.0	
  472	  47.20	 -483.3	 1249.9	  180.0	  718.6	 1353.6	    0.0	  200.0	  742.9	 1316.0	    0.0	  200.0	  100.0	    0.0	    0.0	    0.0	    0.0	    0.0	   14.1	  1	 -550.0	 1250.0	    0.0	    0.0	    0.0	1	   63.9	 21	    0.0	    5.0	
  473	  47.30	 -483.3	 1249.9	  180.0	  718.6	 1353.6	    0.0	  200.0	  742.9	 1316.0	    0.0	  200.0	  100.0	    0.0	    0.0	    0.0	    0.0	    0.0	   14.2	  1	 -550.0	 1250.0	    0.0	    0.0	    0.0	1	   63.9	 21	    0.0	    5.0	
  474	  47.40	 -483.3	 1249.9	  180.0	  718.6	 1353.6	    0.0	  200.0	  742.9	 1316.0	    0.0	  200.0	  100.0	    0.0	    0.0	    0.0	    0.0	    0.0	   14.2	  1	 -550.0	 1250.0	    0.0	    0.0	    0.0	1	   63.9	 21	    0.0	    5.0	
  475	  47.50	 -483.3	 1249.9	  180.0	  718.6	 1353.6	    0.0	  200.0	  742.9	 1316.0	    0.0	  200.0	  100.0	    0.0	    0.0	    0.0	    0.0	    0.0	   14.3	  1	 -550.0	 1250.0	    0.0	    0.0	    0.0	1	   63.9	 21	    0.0	    5.0	
  476	  47.60	 -483.3	 1249.9	  180.0	  718.6	 1353.6	    0.0	  200.0	  742.9	 1316.0	    0.0	  200.0	  100.0	    0.0	    0.0	    0.0	    0.0	    0.0	   14.3	  1	 -550.0	 1250.0	    0.0	    0.0	    0.0	1	   63.9	 21	    0.0	    5.0	
  477	  47.70	 -483.3	 1249.9	  180.0	  718.6	 1353.6	    0.0	  200.0	  742.9	 1316.0	    0.0	  200.0	  100.0	    0.0	    0.0	    0.0	    0.0	    0.0	   14.3	  1	 -550.0	 1250.0	    0.0	    0.0	    0.0	1	   63.9	 21	    0.0	    5.0	
  478	  47.80	 -483.3	 1249.9	  180.0	  718.6	 1353.6	    0.0	  200.0	  742.9	 1316.0	    0.0	  200.0	  100.0	    0.0	    0.0	    0.0	    0.0	    0.0	   14.4	  1	 -550.0	 1250.0	    0.0	    0.0	    0.0	1	   63.9	 21	    0.0	    5.0	
  479	  47.90	 -483.3	 1249.9	  180.0	  718.6	 1353.6	    0.0	  200.0	  742.9	 1316.0	    0.0	  200.0	  100.0	    0.0	    0.0	    0.0	    0.0	    0.0	   14.4	  1	 -550.0	 1250.0	    0.0	    0.0	    0.0	1	   63.9	 21	    0.0	    5.0	
  480	  48.00	 -483.3	 1249.9	  180.0	  718.6	 1353.6	    0.0	  200.0	  742.9	 1316.0	    0.0	  200.0	  100.0	    0.0	    0.0	    0.0	    0.0	    0.0	   14.4	  1	 -550.0	 1250.0	    0.0	    0.0	    0.0	1	   63.9	 21	    0.0	    5.0	
  481	  48.10	 -483.3	 1249.9	  180.0	  718.6	 1353.6	    0.0	  200.0	  742.9	 1316.0	    0.0	  200.0	  100.0	    0.0	    0.0	    0.0	    0.0	    0.0	   14.5	  1	 -550.0	 1250.0	    0.0	    0.0	    0.0	1	   63.9	 21	    0.0	    5.0	
  482	  48.20	 -483.3	 1249.9	  180.0	  718.6	 1353.6	    0.0	  200.0	  742.9	 1316.0	    0.0	  200.0	  100.0	    0.0	    0.0	    0.0	    0.0	    0.0	   14.5	  1	 -550.0	 1250.0	    0.0	    0.0	    0.0	1	   63.9	 21	    0.0	    5.0	
  483	  48.30	 -483.3	 1249.9	  180.0	  718.6	 1353.6	    0.0	  200.0	  742.9	 1316.0	    0.0	  200.0	  100.0	    0.0	    0.0	    0.0	    0.0	    0.0	   14.5	  1	 -550.0	 1250.0	    0.0	    0.0	    0.0	1	   63.9	 21	    0.0	    5.0	
  484	  48.40	 -483.3	 1249.9	  180.0	  718.6	 1353.6	    0.0	  200.0	  742.9	 1316.0	    0.0	  200.0	  100.0	    0.0	    0.0	    0.0	    0.0	    0.0	   14.6	  1	 -550.0	 1250.0	    0.0	    0.0	    0.0	1	   63.9	 21	    0.0	    5.0	
  485	  48.50	 -483.3	 1249.9	  180.0	  718.6	 1353.6	    0.0	  200.0	  742.9	 1316.0	    0.0	  200.0	  100.0	    0.0	    0.0	    0.0	    0.0	    0.0	   14.6	  1	 -550.0	 1250.0	    0.0	    0.0	    0.0	1	   63.9	 21	    0.0	    5.0	
  486	  48.60	 -483.3	 1249.9	  180.0	  718.6	 1353.6	    0.0	  200.0	  742.9	 1316.0	    0.0	  200.0	  100.0	    0.0	    0.0	    0.0	    0.0	    0.0	   14.7	  1	 -550.0	 1250.0	    0.0	    0.0	    0.0	1	   63.9	 21	    0.0	    5.0	
  487	  48.70	 -483.3	 1249.9	  180.0	  718.6	 1353.6	    0.0	  200.0	  742.9	 1316.0	    0.0	  200.0	  100.0	    0.0	    0.0	    0.0	    0.0	    0.0	   14.7	  1	 -550.0	 1250.0	    0.0	    0.0	    0.0	1	   63.9	 21	    0.0	    5.0	
  488	  48.80	 -483.3	 1249.9	  180.0	  718.6	 1353.6	    0.0	  200.0	  742.9	 1316.0	    0.0	  200.0	  100.0	    0.0	    0.0	    0.0	    0.0	    0.0	   14.7	  1	 -550.0	 1250.0	    0.0	    0.0	    0.0	1	   63.9	 21	    0.0	    5.0	
  489	  48.90	 -483.3	 1249.9	  180.0	  718.6	 1353.6	    0.0	  200.0	  742.9	 1316.0	    0.0	  200.0	  100.0	    0.0	    0.0	    0.0	    0.0	    0.0	   14.8	  1	 -550.0	 1250.0	    0.0	    0.0	    0.0	1	   63.9	 21	    0.0	    5.0	
  490	  49.00	 -483.3	 1249.9	  180.0	  718.6	 1353.6	    0.0	  200.0	  742.9	 1316.0	    0.0	  200.0	  100.0	    0.0	    0.0	    0.0	    0.0	    0.0	   14.8	  1	 -550.0	 1250.0	    0.0	    0.0	    0.0	1	   63.9	 21	    0.0	    5.0	
  491	  49.10	 -483.3	 1249.9	  180.0	  718.6	 1353.6	    0.0	  200.0	  742.9	 1316.0	    0.0	  200.0	  100.0	    0.0	    0.0	    0.0	    0.0	    0.0	   14.8	  1	 -550.0	 1250.0	    0.0	    0.0	    0.0	1	   63.9	 21	    0.0	    5.0	
  492	  49.20	 -483.3	 1249.9	  180.0	  718.6	 1353.6	    0.0	  200.0	  742.9	 1316.0	    0.0	  200.0	  100.0	    0.0	    0.0	    0.0	    0.0	    0.0	   14.9	  1	 -550.0	 1250.0	    0.0	    0.0	    0.0	1	   63.9	 21	    0.0	    5.0	
  493	  49.30	 -483.3	 1249.9	  180.0	  718.6	 1353.6	    0.0	  200.0	  742.9	 1316.0	    0.0	  200.0	  100.0	    0.0	    0.0	    0.0	    0.0	    0.0	   14.9	  1	 -550.0	 1250.0	    0.0	    0.0	    0.0	1	   63.9	 21	    0.0	    5.0	
  494	  49.40	 -483.3	 1249.9	  180.0	  718.6	 1353.6	    0.0	  200.0	  742.9	 1316.0	    0.0	  200.0	  100.0	    0.0	    0.0	    0.0	    0.0	    0.0	   15.0	  1	 -550.0	 1250.0	    0.0	    0.0	    0.0	1	   63.9	 21	    0.0	    5.0	
  495	  49.50	 -483.3	 1249.9	  180.0	  718.6	 1353.6	    0.0	  200.0	  742.9	 1316.0	    0.0	  200.0	  100.0	    0.0	    0.0	    0.0	    0.0	    0.0	   15.0	  1	 -550.0	 1250.0	    0.0	    0.0	    0.0	1	   63.9	 21	    0.0	    5.0	
  496	  49.60	 -483.3	 1249.9	  180.0	  718.6	 1353.6	    0.0	  200.0	  742.9	 1316.0	    0.0	  200.0	  100.0	    0.0	    0.0	    0.0	    0.0	    0.0	   15.0	  1	 -550.0	 1250.0	    0.0	    0.0	    0.0	1	   63.9	 21	    0.0	    5.0	
  497	  49.70	 -483.3	 1249.9	  180.0	  718.6	 1353.6	    0.0	  200.0	  742.9	 1316.0	    0.0	  200.0	  100.0	    0.0	    0.0	    0.0	    0.0	    0.0	   15.1	  1	 -550.0	 1250.0	    0.0	    0.0	    0.0	1	   63.9	 21	    0.0	    5.0	
  498	  49.80	 -483.3	 1249.9	  180.0	  718.6	 1353.6	    0.0	  200.0	  742.9	 1316.0	    0.0	  200.0	  100.0	    0.0	    0.0	    0.0	    0.0	    0.0	   15.1	  1	 -550.0	 1250.0	    0.0	    0.0	    0.0	1	   63.9	 21	    0.0	    5.0	
  499	  49.90	 -483.3	 1249.9	  180.0	  718.6	 1353.6	    0.0	  200.0	  742.9	 1316.0	    0.0	  200.0	  100.0	    0.0	    0.0	    0.0	    0.0	    0.0	   15.1	  1	 -550.0	 1250.0	    0.0	    0.0	    0.0	1	   63.9	 21	    0.0	    5.0	
  500	  50.00	 -483.3	 1249.9	  180.0	  718.6	 1353.6	    0.0	  200.0	  742.9	 1316.0	    0.0	  200.0	  100.0	    0.0	    0.0	    0.0	    0.0	    0.0	   15.2	  1	 -550.0	 1250.0	    0.0	    0.0	    0.0	1	   63.9	 21	    0.0	    5.0	
  501	  50.10	 -483.3	 1249.9	  180.0	  718.6	 1353.6	    0.0	  200.0	  742.9	 1316.0	    0.0	  200.0	  100.0	    0.0	    0.0	    0.0	    0.0	    0.0	   15.2	  1	 -550.0	 1250.0	    0.0	    0.0	    0.0	1	   63.9	 21	    0.0	    5.0	
  502	  50.20	 -483.3	 1249.9	  180.0	  738.6	 1368.2	    0.0	  200.0	  742.9	 1316.0	    0.0	  200.0	  100.0	    0.0	    0.0	    0.0	    0.0	    0.0	   15.3	  1	 -550.0	 1250.0	    0.0	    0.0	    0.0	1	   63.9	 21	    0.0	    5.0	
  503	  50.30	 -483.3	 1249.9	  180.0	  738.6	 1368.2	    0.0	  200.0	  742.9	 1316.0	    0.0	  200.0	  100.0	    0.0	    0.0	    0.0	    0.0	    0.0	   15.3	  1	 -550.0	 1250.0	    0.0	    0.0	    0.0	1	   63.9	 21	    0.0	    5.0	
  504	  50.40	 -483.3	 1249.9	  180.0	  738.6	 1368.2	    0.0	  200.0	  742.9	 1316.0	    0.0	  200.0	  100.0	    0.0	    0.0	    0.0	    0.0	    0.0	   15.3	  1	 -550.0	 1250.0	    0.0	    0.0	    0.0	1	   63.9	 21	    0.0	    5.0	
  505	  50.50	 -483.3	 1249.9	  180.0	  738.6	 1368.2	    0.0	  200.0	  742.9	 1316.0	    0.0	  200.0	  100.0	    0.0	    0.0	    0.0	    0.0	    0.0	   15.4	  1	 -550.0	 1250.0	    0.0	    0.0	    0.0	1	   63.9	 21	    0.0	    5.0	
  506	  50.60	 -483.3	 1249.9	  180.0	  738.5	 1366.2	    0.0	  200.0	  742.9	 1316.0	    0.0	  200.0	  100.0	    0.0	    0.0	    0.0	    0.0	    0.0	   15.4	  1	 -550.0	 1250.0	    0.0	    0.0	    0.0	1	   63.9	 21	    0.0	    5.0	
  507	  50.70	 -483.3	 1249.9	  180.0	  738.5	 1366.2	    0.0	  200.0	  742.9	 1316.0	    0.0	  200.0	  100.0	    0.0	    0.0	    0.0	    0.0	    0.0	   15.4	  1	 -550.0	 1250.0	    0.0	    0.0	    0.0	1	   63.9	 21	    0.0	    5.0	
  508	  50.80	 -483.3	 1249.9	  180.0	  738.5	 1366.2	    0.0	  200.0	  742.9	 1316.0	    0.0	  200.0	  100.0	    0.0	    0.0	    0.0	    0.0	    0.0	   15.5	  1	 -550.0	 1250.0	    0.0	    0.0	    0.0	1	   63.9	 21	    0.0	    5.0	
  509	  50.90	 -483.3	 1249.9	  180.0	  738.5	 1366.2	    0.0	  200.0	  742.9	 1316.0	    0.0	  200.0	  100.0	    0.0	    0.0	    0.0	    0.0	    0.0	   15.5	  1	 -550.0	 1250.0	    0.0	    0.0	    0.0	1	   63.9	 21	    0.0	    5.0	
  510	  51.00	 -483.3	 1249.9	  180.0	  738.5	 1366.2	    0.0	  200.0	  742.9	 1316.0	    0.0	  200.0	  100.0	    0.0	    0.0	    0.0	    0.0	    0.0	   15.5	  1	 -550.0	 1250.0	    0.0	    0.0	    0.0	1	   63.9	 21	    0.0	    5.0	
  511	  51.10	 -483.3	 1249.9	  180.0	  745.1	 1365.9	    0.0	  200.0	  742.9	 1316.0	    0.0	  200.0	  100.0	    0.0	    0.0	    0.0	    0.0	    0.0	   15.6	  1	 -550.0	 1250.0	    0.0	    0.0	    0.0	1	   63.9	 21	    0.0	    5.1	
  512	  51.20	 -483.3	 1249.9	    3.1	  745.1	 1365.9	    0.0	  200.0	  742.9	 1316.0	    0.0	  200.0	  100.0	    0.0	    0.0	    0.0	    0.0	    0.0	   15.6	  1	 -550.0	 1250.0	    0.0	    0.0	    0.0	1	   63.9	 21	    0.0	    5.1	
  513	  51.30	 -483.3	 1249.9	    3.1	  745.1	 1365.9	    0.0	  200.0	  742.9	 1316.0	    0.0	  200.0	  100.0	    0.0	    0.0	    0.0	    0.0	    0.0	   15.7	  1	 -550.0	 1250.0	    0.0	    0.0	    0.0	1	   63.9	 21	    0.0	    5.2	
  514	  51.40	 -483.3	 1249.9	    3.1	  745.1	 1365.9	    0.0	  200.0	  742.9	 1316.0	    0.0	  200.0	  100.0	    0.0	    0.0	    0.0	    0.0	    0.0	   15.7	  1	 -550.0	 1250.0	    0.0	    0.0	    0.0	1	   63.9	 21	    0.0	    5.2	
  515	  51.50	 -483.3	 1249.9	    3.1	  745.1	 1365.9	    0.0	  200.0	  742.9	 1316.0	    0.0	  200.0	  100.0	    0.0	    0.0	    0.0	    0.0	    0.0	   15.7	  1	 -550.0	 1250.0	    0.0	    0.0	    0.0	1	   63.9	 21	    0.0	    5.3	
  516	  51.60	 -483.3	 1249.9	    3.1	  772.5	 1412.2	    0.0	  200.0	  742.9	 1316.0	    0.0	  200.0	  100.0	    0.0	    0.0	    0.0	    0.0	    0.0	   15.8	  1	 -550.0	 1250.0	    0.0	    0.0	    0.0	1	   63.9	 21	    0.0	    5.6	
  517	  51.70	 -483.3	 1249.9	    3.1	  772.5	 1412.2	    0.0	  200.0	  742.9	 1316.0	    0.0	  200.0	  100.0	    0.0	    0.0	    0.0	    0.0	    0.0	   15.8	  1	 -550.0	 1250.0	    0.0	    0.0	    0.0	1	   63.9	 21	    0.0	    5.9	
  518	  51.80	 -483.3	 1249.9	    3.1	  772.5	 1412.2	    0.0	  200.0	  742.9	 1316.0	    0.0	  200.0	  100.0	    0.0	    0.0	    0.0	    0.0	    0.1	   15.9	  1	 -550.0	 1250.0	    0.0	    0.0	    0.1	1	   63.9	 21	    0.0	    6.2	
  519	  51.90	 -483.3	 1249.9	    3.1	  772.5	 1412.2	    0.0	  200.0	  742.9	 1316.0	    0.0	  200.0	  100.0	    0.0	    0.0	    0.0	    0.0	    0.1	   15.9	  1	 -550.0	 1250.0	    0.0	    0.0	    0.1	1	   63.9	 21	    0.0	    6.5	
  520	  52.00	 -483.3	 1249.9	    3.1	  772.5	 1412.2	    0.0	  200.0	  742.9	 1316.0	    0.0	  200.0	  100.0	    0.0	    0.0	    0.0	    0.0	    0.1	   15.9	  1	 -550.0	 1250.0	    0.0	    0.0	    0.1	1	   63.9	 21	    0.0	    6.8	
  521	  52.10	 -483.3	 1249.9	    3.1	  774.3	 1449.4	    0.0	  200.0	  742.9	 1316.0	    0.0	  200.0	  100.0	    0.0	    0.0	    0.0	    0.0	    0.1	   16.0	  1	 -550.0	 1250.0	    0.0	    0.0	    0.1	1	   63.9	 21	    0.0	    7.2	
  522	  52.20	 -483.3	 1249.9	    3.1	  774.3	 1449.4	    0.0	  200.0	  742.9	 1316.0	    0.0	  200.0	  100.0	    0.0	    0.0	    0.0	    0.0	    0.1	   16.0	  1	 -550.0	 1250.0	    0.0	    0.0	    0.1	1	   63.9	 21	    0.0	    7.5	
  523	  52.30	 -483.3	 1249.9	    3.1	  774.3	 1449.4	    0.0	  200.0	  742.9	 1316.0	    0.0	  200.0	  100.0	    0.0	    0.0	    0.0	    0.0	    0.2	   16.0	  1	 -550.0	 1250.0	    0.0	    0.0	    0.2	1	   63.9	 21	    0.0	    7.8	
  524	  52.40	 -483.3	 1249.9	    3.1	  774.3	 1449.4	    0.0	  200.0	  742.9	 1316.0	    0.0	  200.0	  100.0	    0.0	    0.0	    0.0	    0.0	    0.2	   16.1	  1	 -550.0	 1250.0	    0.0	    0.0	    0.2	1	   63.9	 21	    0.0	    8.1	
  525	  52.50	 -483.3	 1249.9	    3.1	  774.3	 1449.4	    0.0	  200.0	  742.9	 1316.0	    0.0	  200.0	  100.0	    0.0	    0.0	    0.0	    0.0	    0.2	   16.1	  1	 -550.0	 1250.0	    0.0	    0.0	    0.2	1	   63.9	 21	    0.0	    8.4	
  526	  52.60	 -483.3	 1249.9	    3.1	  751.7	 1438.0	    0.0	  200.0	  742.9	 1316.0	    0.0	  200.0	  100.0	    0.0	    0.0	    0.0	    0.0	    0.2	   16.2	  1	 -550.0	 1250.0	    0.0	    0.0	    0.2	1	   63.9	 21	    0.0	    8.5	
  527	  52.70	 -483.3	 1249.9	    3.1	  751.7	 1438.0	    0.0	  200.0	  742.9	 1316.0	    0.0	  200.0	  100.0	    0.0	    0.0	    0.0	    0.0	    0.2	   16.2	  1	 -550.0	 1250.0	    0.0	    0.0	    0.2	1	   63.9	 21	    0.0	    8.6	
  528	  52.80	 -483.3	 1249.9	    3.1	  751.7	 1438.0	    0.0	  200.0	  742.9	 1316.0	    0.0	  200.0	  100.0	    0.0	    0.0	    0.0	    0.0	    0.2	   16.2	  1	 -550.0	 1250.0	    0.0	    0.0	    0.2	1	   63.9	 21	    0.0	    8.8	
  529	  52.90	 -483.3	 1249.9	    3.1	  751.7	 1438.0	    0.0	  200.0	  742.9	 1316.0	    0.0	  200.0	  100.0	    0.0	    0.0	    0.0	    0.0	    0.2	   16.3	  1	 -550.0	 1250.0	    0.0	    0.0	    0.2	1	   63.9	 21	    0.0	    8.9	
  530	  53.00	 -483.3	 1249.9	    3.1	  757.6	 1417.7	    0.0	  200.0	  742.9	 1316.0	    0.0	  200.0	  100.0	    0.0	    0.0	    0.0	    0.0	    0.3	   16.3	  1	 -550.0	 1250.0	    0.0	    0.0	    0.3	1	   63.9	 21	    0.0	    9.0	
  531	  53.10	 -483.3	 1249.9	    3.1	  757.6	 1417.7	    0.0	  200.0	  742.9	 1316.0	    0.0	  200.0	  100.0	    0.0	    0.0	    0.0	    0.0	    0.3	   16.4	  1	 -550.0	 1250.0	    0.0	    0.0	    0.3	1	   63.9	 21	    0.0	    9.2	
  532	  53.20	 -483.3	 1249.9	    3.1	  757.6	 1417.7	    0.0	  200.0	  742.9	 1316.0	    0.0	  200.0	  100.0	    0.0	    0.0	    0.0	    0.0	    0.3	   16.4	  1	 -550.0	 1250.0	    0.0	    0.0	    0.3	1	   63.9	 21	    0.0	    9.3	
  533	  53.30	 -483.3	 1249.9	    3.1	  757.6	 1417.7	    0.0	  200.0	  742.9	 1316.0	    0.0	  200.0	  100.0	    0.0	    0.0	    0.0	    0.0	    0.3	   16.4	  1	 -550.0	 1250.0	    0.0	    0.0	    0.3	1	   63.9	 21	    0.0	    9.4	
  534	  53.40	 -483.3	 1249.9	    3.1	  757.6	 1417.7	    0.0	  200.0	  742.9	 1316.0	    0.0	  200.0	  100.0	    0.0	    0.0	    0.0	    0.0	    0.3	   16.5	  1	 -550.0	 1250.0	    0.0	    0.0	    0.3	1	   63.9	 21	    0.0	    9.6	
  535	  53.50	 -483.3	 1249.9	    3.1	  762.4	 1416.2	    0.0	  200.0	  742.9	 1316.0	    0.0	  200.0	  100.0	    0.0	    0.0	    0.0	    0.0	    0.3	   16.5	  1	 -550.0	 1250.0	    0.0	    0.0	    0.3	1	   63.9	 21	    0.0	    9.7	
  536	  53.60	 -483.3	 1249.9	    3.1	  762.4	 1416.2	    0.0	  200.0	  742.9	 1316.0	    0.0	  200.0	  100.0	    0.0	    0.0	    0.0	    0.0	    0.3	   16.5	  1	 -550.0	 1250.0	    0.0	    0.0	    0.3	1	   63.9	 21	    0.0	    9.9	
  537	  53.70	 -483.3	 1249.9	    3.1	  762.4	 1416.2	    0.0	  200.0	  742.9	 1316.0	    0.0	  200.0	  100.0	    0.0	    0.0	    0.0	    0.0	    0.3	   16.6	  1	 -550.0	 1250.0	    0.0	    0.0	    0.3	1	   63.9	 21	 1300.2	   10.0	
  538	  53.80	 -483.3	 1249.9	    3.1	  762.4	 1416.2	    0.0	  200.0	  742.9	 1316.0	    0.0	  200.0	  100.0	    0.0	    0.0	    0.0	    0.0	    0.3	   16.6	  1	 -550.0	 1250.0	    0.0	    0.0	    0.3	1	   63.9	 21	 1301.6	   10.2	
  539	  53.90	 -483.3	 1249.9	    3.1	  762.4	 1416.2	    0.0	  200.0	  742.9	 1316.0	    0.0	  200.0	  100.0	    0.0	    0.0	    0.0	    0.0	    0.4	   16.7	  1	 -550.0	 1250.0	    0.0	    0.0	    0.4	1	   63.9	 21	 1303.1	   10.3	
  540	  54.00	 -483.3	 1249.9	    3.1	  748.7	 1429.3	    0.0	  200.0	  742.9	 1316.0	    0.0	  200.0	  100.0	    0.0	    0.0	    0.0	    0.0	    0.4	   16.7	  1	 -550.0	 1250.0	    0.0	    0.0	    0.4	1	   63.9	 21	 1303.9	   10.4	
  541	  54.10	 -483.3	 1249.9	    3.1	  748.7	 1429.3	    0.0	  200.0	  742.9	 1316.0	    0.0	  200.0	  100.0	    0.0	    0.0	    0.0	    0.0	    0.4	   16.7	  1	 -550.0	 1250.0	    0.0	    0.0	    0.4	1	   63.9	 21	 1304.7	   10.5	
  542	  54.20	 -483.3	 1249.9	    3.1	  751.2	 1367.8	    0.0	  200.0	  742.9	 1316.0	    0.0	  200.0	  100.0	    0.0	    0.0	    0.0	    0.0	    0.4	   16.8	  1	 -550.0	 1250.0	    0.0	    0.0	    0.4	1	   63.9	 21	 1305.3	   10.5	
  543	  54.30	 -483.3	 1249.9	    3.1	  748.7	 1429.3	    0.0	  200.0	  742.9	 1316.0	    0.0	  200.0	  100.0	    0.0	    0.0	    0.0	    0.0	    0.4	   16.8	  1	 -550.0	 1250.0	    0.0	    0.0	    0.4	1	   63.9	 21	 1306.1	   10.6	
  544	  54.40	 -483.3	 1249.9	    3.1	  748.7	 1429.3	    0.0	  200.0	  742.9	 1316.0	    0.0	  200.0	  100.0	    0.0	    0.0	    0.0	    0.0	    0.4	   16.9	  1	 -550.0	 1250.0	    0.0	    0.0	    0.4	1	   63.9	 21	 1306.9	   10.7	
  545	  54.50	 -483.3	 1249.9	    3.1	  761.0	 1393.9	    0.0	  200.0	  742.9	 1316.0	    0.0	  200.0	  100.0	    0.0	    0.0	    0.0	    0.0	    0.4	   16.9	  1	 -550.0	 1250.0	    0.0	    0.0	    0.4	1	   63.9	 21	 1308.0	   10.8	
  546	  54.60	 -483.3	 1249.9	    3.1	  761.0	 1393.9	    0.0	  200.0	  742.9	 1316.0	    0.0	  200.0	  100.0	    0.0	    0.0	    0.0	    0.0	    0.4	   16.9	  1	 -550.0	 1250.0	    0.0	    0.0	    0.4	1	   63.9	 21	 1309.1	   10.9	
  547	  54.70	 -483.3	 1249.9	    3.1	  761.0	 1393.9	    0.0	  200.0	  742.9	 1316.0	    0.0	  200.0	  100.0	    0.0	    0.0	    0.0	    0.0	    0.4	   17.0	  1	 -550.0	 1250.0	    0.0	    0.0	    0.4	1	   63.9	 21	 1310.2	   11.0	
  548	  54.80	 -483.3	 1249.9	    3.1	  761.0	 1393.9	    0.0	  200.0	  742.9	 1316.0	    0.0	  200.0	  100.0	    0.0	    0.0	    0.0	    0.0	    0.4	   17.0	  1	 -550.0	 1250.0	    0.0	    0.0	    0.4	1	   63.9	 21	 1311.3	   11.1	
  549	  54.90	 -483.3	 1249.9	    3.1	  761.0	 1393.9	    0.0	  200.0	  742.9	 1316.0	    0.0	  200.0	  100.0	    0.0	    0.0	    0.0	    0.0	    0.5	   17.0	  1	 -550.0	 1250.0	    0.0	    0.0	    0.5	1	   63.9	 21	 1312.4	   11.2	
  550	  55.00	 -483.3	 1249.9	    3.1	  757.0	 1379.1	    0.0	  200.0	  742.9	 1316.0	    0.0	  200.0	  100.0	    0.0	    0.0	    0.0	    0.0	    0.5	   17.1	  1	 -550.0	 1250.0	    0.0	    0.0	    0.5	1	   63.9	 21	 1313.2	   11.3	
  551	  55.10	 -483.3	 1249.9	    3.1	  757.0	 1379.1	    0.0	  200.0	  742.9	 1316.0	    0.0	  200.0	  100.0	    0.0	    0.0	    0.0	    0.0	    0.5	   17.1	  1	 -550.0	 1250.0	    0.0	    0.0	    0.5	1	   63.9	 21	 1314.0	   11.4	
  552	  55.20	 -483.3	 1249.9	    3.1	  757.0	 1379.1	    0.0	  200.0	  742.9	 1316.0	    0.0	  200.0	  100.0	    0.0	    0.0	    0.0	    0.0	    0.5	   17.2	  1	 -550.0	 1250.0	    0.0	    0.0	    0.5	1	   63.9	 21	 1314.8	   11.5	
  553	  55.30	 -483.3	 1249.9	    3.1	  757.0	 1379.1	    0.0	  200.0	  742.9	 1316.0	    0.0	  200.0	  100.0	    0.0	    0.0	    0.0	    0.0	    0.5	   17.2	  1	 -550.0	 1250.0	    0.0	    0.0	    0.5	1	   63.9	 21	 1315.5	   11.6	
  554	  55.40	 -483.3	 1249.9	    3.1	  757.0	 1379.1	    0.0	  200.0	  742.9	 1316.0	    0.0	  200.0	  100.0	    0.0	    0.0	    0.0	    0.0	    0.5	   17.2	  1	 -550.0	 1250.0	    0.0	    0.0	    0.5	1	   63.9	 21	 1316.3	   11.6	
  555	  55.50	 -483.3	 1249.9	    3.1	  749.5	 1372.2	    0.0	  200.0	  742.9	 1316.0	    0.0	  200.0	  100.0	    0.0	    0.0	    0.0	    0.0	    0.5	   17.3	  1	 -550.0	 1250.0	    0.0	    0.0	    0.5	1	   63.9	 21	 1316.8	   11.7	
  556	  55.60	 -483.3	 1249.9	    3.1	  749.5	 1372.2	    0.0	  200.0	  742.9	 1316.0	    0.0	  200.0	  100.0	    0.0	    0.0	    0.0	    0.0	    0.5	   17.3	  1	 -550.0	 1250.0	    0.0	    0.0	    0.5	1	   63.9	 21	 1317.2	   11.7	
  557	  55.70	 -483.3	 1249.9	    3.1	  749.5	 1372.2	    0.0	  200.0	  742.9	 1316.0	    0.0	  200.0	  100.0	    0.0	    0.0	    0.0	    0.0	    0.5	   17.4	  1	 -550.0	 1250.0	    0.0	    0.0	    0.5	1	   63.9	 21	 1317.6	   11.8	
  558	  55.80	 -483.3	 1249.9	    3.1	  749.5	 1372.2	    0.0	  200.0	  742.9	 1316.0	    0.0	  200.0	  100.0	    0.0	    0.0	    0.0	    0.0	    0.5	   17.4	  1	 -550.0	 1250.0	    0.0	    0.0	    0.5	1	   63.9	 21	 1318.1	   11.8	
  559	  55.90	 -483.3	 1249.9	    3.1	  749.5	 1372.2	    0.0	  200.0	  742.9	 1316.0	    0.0	  200.0	  100.0	    0.0	    0.0	    0.0	    0.0	    0.5	   17.4	  1	 -550.0	 1250.0	    0.0	    0.0	    0.5	1	   63.9	 21	 1318.5	   11.8	
  560	  56.00	 -483.3	 1249.9	    3.1	  749.5	 1372.2	    0.0	  200.0	  742.9	 1316.0	    0.0	  200.0	  100.0	    0.0	    0.0	    0.0	    0.0	    0.5	   17.5	  1	 -550.0	 1250.0	    0.0	    0.0	    0.5	1	   63.9	 21	 1318.9	   11.9	
  561	  56.10	 -483.3	 1249.9	    3.1	  749.5	 1372.2	    0.0	  200.0	  742.9	 1316.0	    0.0	  200.0	  100.0	    0.0	    0.0	    0.0	    0.0	    0.5	   17.5	  1	 -550.0	 1250.0	    0.0	    0.0	    0.5	1	   63.9	 21	 1319.3	   11.9	
  562	  56.20	 -483.3	 1249.9	    3.1	  749.5	 1372.2	    0.0	  200.0	  742.9	 1316.0	    0.0	  200.0	  100.0	    0.0	    0.0	    0.0	    0.0	    0.5	   17.6	  1	 -550.0	 1250.0	    0.0	    0.0	    0.5	1	   63.9	 21	 1319.7	   12.0	
  563	  56.30	 -483.3	 1249.9	    3.1	  749.5	 1372.2	    0.0	  200.0	  742.9	 1316.0	    0.0	  200.0	  100.0	    0.0	    0.0	    0.0	    0.0	    0.5	   17.6	  1	 -550.0	 1250.0	    0.0	    0.0	    0.5	1	   63.9	 21	 1320.2	   12.0	
  564	  56.40	 -483.3	 1249.9	    3.1	  749.5	 1372.2	    0.0	  200.0	  742.9	 1316.0	    0.0	  200.0	  100.0	    0.0	    0.0	    0.0	    0.0	    0.5	   17.6	  1	 -550.0	 1250.0	    0.0	    0.0	    0.5	1	   63.9	 21	 1320.6	   12.1	
  565	  56.50	 -483.3	 1249.9	    3.1	  749.5	 1372.2	    0.0	  200.0	  742.9	 1316.0	    0.0	  200.0	  100.0	    0.0	    0.0	    0.0	    0.0	    0.6	   17.7	  1	 -550.0	 1250.0	    0.0	    0.0	    0.6	1	   63.9	 21	 1321.0	   12.1	
  566	  56.60	 -483.3	 1249.9	    3.1	  749.5	 1372.2	    0.0	  200.0	  742.9	 1316.0	    0.0	  200.0	  100.0	    0.0	    0.0	    0.0	    0.0	    0.6	   17.7	  1	 -550.0	 1250.0	    0.0	    0.0	    0.6	1	   63.9	 21	 1321.4	   12.1	
  567	  56.70	 -483.3	 1249.9	    3.1	  749.5	 1372.2	    0.0	  200.0	  742.9	 1316.0	    0.0	  200.0	  100.0	    0.0	    0.0	    0.0	    0.0	    0.6	   17.8	  1	 -550.0	 1250.0	    0.0	    0.0	    0.6	1	   63.9	 21	 1321.8	   12.2	
  568	  56.80	 -483.3	 1249.9	    3.1	  749.5	 1372.2	    0.0	  200.0	  742.9	 1316.0	    0.0	  200.0	  100.0	    0.0	    0.0	    0.0	    0.0	    0.6	   17.8	  1	 -550.0	 1250.0	    0.0	    0.0	    0.6	1	   63.9	 21	 1322.2	   12.2	
  569	  56.90	 -483.3	 1249.9	    3.1	  749.5	 1372.2	    0.0	  200.0	  742.9	 1316.0	    0.0	  200.0	  100.0	    0.0	    0.0	    0.0	    0.0	    0.6	   17.8	  1	 -550.0	 1250.0	    0.0	    0.0	    0.6	1	   63.9	 21	 1322.6	   12.3	
  570	  57.00	 -483.3	 1249.9	    3.1	  749.5	 1372.2	    0.0	  200.0	  742.9	 1316.0	    0.0	  200.0	  100.0	    0.0	    0.0	    0.0	    0.0	    0.6	   17.9	  1	 -550.0	 1250.0	    0.0	    0.0	    0.6	1	   63.9	 21	 1323.0	   12.3	
  571	  57.10	 -483.3	 1249.9	    3.1	  749.5	 1372.2	    0.0	  200.0	  742.9	 1316.0	    0.0	  200.0	  100.0	    0.0	    0.0	    0.0	    0.0	    0.6	   17.9	  1	 -550.0	 1250.0	    0.0	    0.0	    0.6	1	   63.9	 21	 1323.4	   12.3	
  572	  57.20	 -483.3	 1249.9	    3.1	  749.5	 1372.2	    0.0	  200.0	  742.9	 1316.0	    0.0	  200.0	  100.0	    0.0	    0.0	    0.0	    0.0	    0.6	   17.9	  1	 -550.0	 1250.0	    0.0	    0.0	    0.6	1	   63.9	 21	 1323.8	   12.4	
  573	  57.30	 -483.3	 1249.9	    3.1	  749.5	 1372.2	    0.0	  200.0	  742.9	 1316.0	    0.0	  200.0	  100.0	    0.0	    0.0	    0.0	    0.0	    0.6	   18.0	  1	 -550.0	 1250.0	    0.0	    0.0	    0.6	1	   63.9	 21	 1324.2	   12.4	
  574	  57.40	 -483.3	 1249.9	    3.1	  749.5	 1372.2	    0.0	  200.0	  742.9	 1316.0	    0.0	  200.0	  100.0	    0.0	    0.0	    0.0	    0.0	    0.6	   18.0	  1	 -550.0	 1250.0	    0.0	    0.0	    0.6	1	   63.9	 21	 1324.6	   12.5	
  575	  57.50	 -483.3	 1249.9	    3.1	  749.5	 1372.2	    0.0	  200.0	  742.9	 1316.0	    0.0	  200.0	  100.0	    0.0	    0.0	    0.0	    0.0	    0.6	   18.1	  1	 -550.0	 1250.0	    0.0	    0.0	    0.6	1	   63.9	 21	 1324.9	   12.5	
  576	  57.60	 -483.3	 1249.9	    3.1	  749.5	 1372.2	    0.0	  200.0	  742.9	 1316.0	    0.0	  200.0	  100.0	    0.0	    0.0	    0.0	    0.0	    0.6	   18.1	  1	 -550.0	 1250.0	    0.0	    0.0	    0.6	1	   63.9	 21	 1325.3	   12.5	
  577	  57.70	 -483.3	 1249.9	    3.1	  749.5	 1372.2	    0.0	  200.0	  742.9	 1316.0	    0.0	  200.0	  100.0	    0.0	    0.0	    0.0	    0.0	    0.6	   18.1	  1	 -550.0	 1250.0	    0.0	    0.0	    0.6	1	   63.9	 21	 1325.7	   12.6	
  578	  57.80	 -483.3	 1249.9	    3.1	  749.5	 1372.2	    0.0	  200.0	  742.9	 1316.0	    0.0	  200.0	  100.0	    0.0	    0.0	    0.0	    0.0	    0.6	   18.2	  1	 -550.0	 1250.0	    0.0	    0.0	    0.6	1	   63.9	 21	 1326.1	   12.6	
  579	  57.90	 -483.3	 1249.9	    3.1	  749.5	 1372.2	    0.0	  200.0	  742.9	 1316.0	    0.0	  200.0	  100.0	    0.0	    0.0	    0.0	    0.0	    0.6	   18.2	  1	 -550.0	 1250.0	    0.0	    0.0	    0.6	1	   63.9	 21	 1326.5	   12.6	
  580	  58.00	 -483.3	 1249.9	    3.1	  749.5	 1372.2	    0.0	  200.0	  742.9	 1316.0	    0.0	  200.0	  100.0	    0.0	    0.0	    0.0	    0.0	    0.6	   18.3	  1	 -550.0	 1250.0	    0.0	    0.0	    0.6	1	   63.9	 21	 1326.8	   12.7	
  581	  58.10	 -483.3	 1249.9	    3.1	  749.5	 1372.2	    0.0	  200.0	  742.9	 1316.0	    0.0	  200.0	  100.0	    0.0	    0.0	    0.0	    0.0	    0.6	   18.3	  1	 -550.0	 1250.0	    0.0	    0.0	    0.6	1	   63.9	 21	 1327.2	   12.7	
  582	  58.20	 -483.3	 1249.9	    3.1	  749.5	 1372.2	    0.0	  200.0	  742.9	 1316.0	    0.0	  200.0	  100.0	    0.0	    0.0	    0.0	    0.0	    0.6	   18.3	  1	 -550.0	 1250.0	    0.0	    0.0	    0.6	1	   63.9	 21	 1327.6	   12.8	
  583	  58.30	 -483.3	 1249.9	    3.1	  749.5	 1372.2	    0.0	  200.0	  742.9	 1316.0	    0.0	  200.0	  100.0	    0.0	    0.0	    0.0	    0.0	    0.6	   18.4	  1	 -550.0	 1250.0	    0.0	    0.0	    0.6	1	   63.9	 21	 1327.9	   12.8	
  584	  58.40	 -483.3	 1249.9	    3.1	  749.5	 1372.2	    0.0	  200.0	  742.9	 1316.0	    0.0	  200.0	  100.0	    0.0	    0.0	    0.0	    0.0	    0.6	   18.4	  1	 -550.0	 1250.0	    0.0	    0.0	    0.6	1	   63.9	 21	 1328.3	   12.8	
  585	  58.50	 -483.3	 1249.9	    3.1	  749.5	 1372.2	    0.0	  200.0	  742.9	 1316.0	    0.0	  200.0	  100.0	    0.0	    0.0	    0.0	    0.0	    0.6	   18.5	  1	 -550.0	 1250.0	    0.0	    0.0	    0.6	1	   63.9	 21	 1328.7	   12.9	
  586	  58.60	 -483.3	 1249.9	    3.1	  749.5	 1372.2	    0.0	  200.0	  742.9	 1316.0	    0.0	  200.0	  100.0	    0.0	    0.0	    0.0	    0.0	    0.7	   18.5	  1	 -550.0	 1250.0	    0.0	    0.0	    0.7	1	   63.9	 21	 1329.0	   12.9	
  587	  58.70	 -483.3	 1249.9	    3.1	  749.5	 1372.2	    0.0	  200.0	  742.9	 1316.0	    0.0	  200.0	  100.0	    0.0	    0.0	    0.0	    0.0	    0.7	   18.5	  1	 -550.0	 1250.0	    0.0	    0.0	    0.7	1	   63.9	 21	 1329.4	   12.9	
  588	  58.80	 -483.3	 1249.9	    3.1	  749.5	 1372.2	    0.0	  200.0	  742.9	 1316.0	    0.0	  200.0	  100.0	    0.0	    0.0	    0.0	    0.0	    0.7	   18.6	  1	 -550.0	 1250.0	    0.0	    0.0	    0.7	1	   63.9	 21	 1329.8	   13.0	
  589	  58.90	 -483.3	 1249.9	    3.1	  749.5	 1372.2	    0.0	  200.0	  742.9	 1316.0	    0.0	  200.0	  100.0	    0.0	    0.0	    0.0	    0.0	    0.7	   18.6	  1	 -550.0	 1250.0	    0.0	    0.0	    0.7	1	   63.9	 21	 1330.1	   13.0	
  590	  59.00	 -483.3	 1249.9	    3.1	  749.5	 1372.2	    0.0	  200.0	  742.9	 1316.0	    0.0	  200.0	  100.0	    0.0	    0.0	    0.0	    0.0	    0.7	   18.6	  1	 -550.0	 1250.0	    0.0	    0.0	    0.7	1	   63.9	 21	 1330.5	   13.0	
  591	  59.10	 -483.3	 1249.9	    3.1	  749.5	 1372.2	    0.0	  200.0	  742.9	 1316.0	    0.0	  200.0	  100.0	    0.0	    0.0	    0.0	    0.0	    0.7	   18.7	  1	 -550.0	 1250.0	    0.0	    0.0	    0.7	1	   63.9	 21	 1330.8	   13.1	
  592	  59.20	 -483.3	 1249.9	    3.1	  749.5	 1372.2	    0.0	  200.0	  742.9	 1316.0	    0.0	  200.0	  100.0	    0.0	    0.0	    0.0	    0.0	    0.7	   18.7	  1	 -550.0	 1250.0	    0.0	    0.0	    0.7	1	   63.9	 21	 1331.2	   13.1	
  593	  59.30	 -483.3	 1249.9	    3.1	  749.5	 1372.2	    0.0	  200.0	  742.9	 1316.0	    0.0	  200.0	  100.0	    0.0	    0.0	    0.0	    0.0	    0.7	   18.8	  1	 -550.0	 1250.0	    0.0	    0.0	    0.7	1	   63.9	 21	 1331.5	   13.2	
  594	  59.40	 -483.3	 1249.9	    3.1	  749.5	 1372.2	    0.0	  200.0	  742.9	 1316.0	    0.0	  200.0	  100.0	    0.0	    0.0	    0.0	    0.0	    0.7	   18.8	  1	 -550.0	 1250.0	    0.0	    0.0	    0.7	1	   63.9	 21	 1331.8	   13.2	
  595	  59.50	 -483.3	 1249.9	    3.1	  749.5	 1372.2	    0.0	  200.0	  742.9	 1316.0	    0.0	  200.0	  100.0	    0.0	    0.0	    0.0	    0.0	    0.7	   18.8	  1	 -550.0	 1250.0	    0.0	    0.0	    0.7	1	   63.9	 21	 1332.2	   13.2	
  596	  59.60	 -483.3	 1249.9	    3.1	  749.5	 1372.2	    0.0	  200.0	  742.9	 1316.0	    0.0	  200.0	  100.0	    0.0	    0.0	    0.0	    0.0	    0.7	   18.9	  1	 -550.0	 1250.0	    0.0	    0.0	    0.7	1	   63.9	 21	 1332.5	   13.3	
  597	  59.70	 -483.3	 1249.9	    3.1	  749.5	 1372.2	    0.0	  200.0	  742.9	 1316.0	    0.0	  200.0	  100.0	    0.0	    0.0	    0.0	    0.0	    0.7	   18.9	  1	 -550.0	 1250.0	    0.0	    0.0	    0.7	1	   63.9	 21	 1332.9	   13.3	
  598	  59.80	 -483.3	 1249.9	    3.1	  749.5	 1372.2	    0.0	  200.0	  742.9	 1316.0	    0.0	  200.0	  100.0	    0.0	    0.0	    0.0	    0.0	    0.7	   19.0	  1	 -550.0	 1250.0	    0.0	    0.0	    0.7	1	   63.9	 21	 1333.2	   13.3	
  599	  59.90	 -483.3	 1249.9	    3.1	  749.5	 1372.2	    0.0	  200.0	  742.9	 1316.0	    0.0	  200.0	  100.0	    0.0	    0.0	    0.0	    0.0	    0.7	   19.0	  1	 -550.0	 1250.0	    0.0	    0.0	    0.7	1	   63.9	 21	 1333.5	   13.4	
  600	  60.00	 -483.3	 1249.9	    3.1	  749.5	 1372.2	    0.0	  200.0	  742.9	 1316.0	    0.0	  200.0	  100.0	    0.0	    0.0	    0.0	    0.0	    0.7	   19.0	  1	 -550.0	 1250.0	    0.0	    0.0	    0.7	1	   63.9	 21	 1333.9	   13.4	
  601	  60.10	 -483.3	 1249.9	    3.1	  749.5	 1372.2	    0.0	  200.0	  742.9	 1316.0	    0.0	  200.0	  100.0	    0.0	    0.0	    0.0	    0.0	    0.7	   19.1	  1	 -550.0	 1250.0	    0.0	    0.0	    0.7	1	   63.9	 21	 1334.2	   13.4	
  602	  60.20	 -483.3	 1249.9	    3.1	  749.5	 1372.2	    0.0	  200.0	  742.9	 1316.0	    0.0	  200.0	  100.0	    0.0	    0.0	    0.0	    0.0	    0.7	   19.1	  1	 -550.0	 1250.0	    0.0	    0.0	    0.7	1	   63.9	 21	 1334.5	   13.5	
  603	  60.30	 -483.3	 1249.9	    3.1	  749.5	 1372.2	    0.0	  200.0	  742.9	 1316.0	    0.0	  200.0	  100.0	    0.0	    0.0	    0.0	    0.0	    0.7	   19.2	  1	 -550.0	 1250.0	    0.0	    0.0	    0.7	1	   63.9	 21	 1334.9	   13.5	
  604	  60.40	 -483.3	 1249.9	    3.1	  749.5	 1372.2	    0.0	  200.0	  742.9	 1316.0	    0.0	  200.0	  100.0	    0.0	    0.0	    0.0	    0.0	    0.7	   19.2	  1	 -550.0	 1250.0	    0.0	    0.0	    0.7	1	   63.9	 21	 1335.2	   13.5	
  605	  60.50	 -483.3	 1249.9	    3.1	  749.5	 1372.2	    0.0	  200.0	  742.9	 1316.0	    0.0	  200.0	  100.0	    0.0	    0.0	    0.0	    0.0	    0.7	   19.2	  1	 -550.0	 1250.0	    0.0	    0.0	    0.7	1	   63.9	 21	 1335.5	   13.6	
  606	  60.60	 -483.3	 1249.9	    3.1	  749.5	 1372.2	    0.0	  200.0	  742.9	 1316.0	    0.0	  200.0	  100.0	    0.0	    0.0	    0.0	    0.0	    0.8	   19.3	  1	 -550.0	 1250.0	    0.0	    0.0	    0.8	1	   63.9	 21	 1335.8	   13.6	
  607	  60.70	 -483.3	 1249.9	    3.1	  749.5	 1372.2	    0.0	  200.0	  742.9	 1316.0	    0.0	  200.0	  100.0	    0.0	    0.0	    0.0	    0.0	    0.8	   19.3	  1	 -550.0	 1250.0	    0.0	    0.0	    0.8	1	   63.9	 21	 1336.1	   13.6	
  608	  60.80	 -483.3	 1249.9	    3.1	  749.5	 1372.2	    0.0	  200.0	  742.9	 1316.0	    0.0	  200.0	  100.0	    0.0	    0.0	    0.0	    0.0	    0.8	   19.4	  1	 -550.0	 1250.0	    0.0	    0.0	    0.8	1	   63.9	 21	 1336.5	   13.6	
  609	  60.90	 -483.3	 1249.9	    3.1	  749.5	 1372.2	    0.0	  200.0	  742.9	 1316.0	    0.0	  200.0	  100.0	    0.0	    0.0	    0.0	    0.0	    0.8	   19.4	  1	 -550.0	 1250.0	    0.0	    0.0	    0.8	1	   63.9	 21	 1336.8	   13.7	
  610	  61.00	 -483.3	 1249.9	    3.1	  749.5	 1372.2	    0.0	  200.0	  742.9	 1316.0	    0.0	  200.0	  100.0	    0.0	    0.0	    0.0	    0.0	    0.8	   19.4	  1	 -550.0	 1250.0	    0.0	    0.0	    0.8	1	   63.9	 21	 1337.1	   13.7	
  611	  61.10	 -483.3	 1249.9	    3.1	  749.5	 1372.2	    0.0	  200.0	  742.9	 1316.0	    0.0	  200.0	  100.0	    0.0	    0.0	    0.0	    0.0	    0.8	   19.5	  1	 -550.0	 1250.0	    0.0	    0.0	    0.8	1	   63.9	 21	 1337.4	   13.7	
  612	  61.20	 -483.3	 1249.9	    3.1	  749.5	 1372.2	    0.0	  200.0	  742.9	 1316.0	    0.0	  200.0	  100.0	    0.0	    0.0	    0.0	    0.0	    0.8	   19.5	  1	 -550.0	 1250.0	    0.0	    0.0	    0.8	1	   63.9	 21	 1337.7	   13.8	
  613	  61.30	 -483.3	 1249.9	    3.1	  749.5	 1372.2	    0.0	  200.0	  742.9	 1316.0	    0.0	  200.0	  100.0	    0.0	    0.0	    0.0	    0.0	    0.8	   19.5	  1	 -550.0	 1250.0	    0.0	    0.0	    0.8	1	   63.9	 21	 1338.0	   13.8	
  614	  61.40	 -483.3	 1249.9	    3.1	  749.5	 1372.2	    0.0	  200.0	  742.9	 1316.0	    0.0	  200.0	  100.0	    0.0	    0.0	    0.0	    0.0	    0.8	   19.6	  1	 -550.0	 1250.0	    0.0	    0.0	    0.8	1	   63.9	 21	 1338.3	   13.8	
  615	  61.50	 -483.3	 1249.9	    3.1	  749.5	 1372.2	    0.0	  200.0	  742.9	 1316.0	    0.0	  200.0	  100.0	    0.0	    0.0	    0.0	    0.0	    0.8	   19.6	  1	 -550.0	 1250.0	    0.0	    0.0	    0.8	1	   63.9	 21	 1338.6	   13.9	
  616	  61.60	 -483.3	 1249.9	    3.1	  749.5	 1372.2	    0.0	  200.0	  742.9	 1316.0	    0.0	  200.0	  100.0	    0.0	    0.0	    0.0	    0.0	    0.8	   19.7	  1	 -550.0	 1250.0	    0.0	    0.0	    0.8	1	   63.9	 21	 1338.9	   13.9	
  617	  61.70	 -483.3	 1249.9	    3.1	  749.5	 1372.2	    0.0	  200.0	  742.9	 1316.0	    0.0	  200.0	  100.0	    0.0	    0.0	    0.0	    0.0	    0.8	   19.7	  1	 -550.0	 1250.0	    0.0	    0.0	    0.8	1	   63.9	 21	 1339.2	   13.9	
  618	  61.80	 -483.3	 1249.9	    3.1	  749.5	 1372.2	    0.0	  200.0	  742.9	 1316.0	    0.0	  200.0	  100.0	    0.0	    0.0	    0.0	    0.0	    0.8	   19.7	  1	 -550.0	 1250.0	    0.0	    0.0	    0.8	1	   63.9	 21	 1339.5	   14.0	
  619	  61.90	 -483.3	 1249.9	    3.1	  749.5	 1372.2	    0.0	  200.0	  742.9	 1316.0	    0.0	  200.0	  100.0	    0.0	    0.0	    0.0	    0.0	    0.8	   19.8	  1	 -550.0	 1250.0	    0.0	    0.0	    0.8	1	   63.9	 21	 1339.8	   14.0	
  620	  62.00	 -483.3	 1249.9	    3.1	  749.5	 1372.2	    0.0	  200.0	  742.9	 1316.0	    0.0	  200.0	  100.0	    0.0	    0.0	    0.0	    0.0	    0.8	   19.8	  1	 -550.0	 1250.0	    0.0	    0.0	    0.8	1	   63.9	 21	 1340.1	   14.0	
  621	  62.10	 -483.3	 1249.9	    3.1	  749.5	 1372.2	    0.0	  200.0	  742.9	 1316.0	    0.0	  200.0	  100.0	    0.0	    0.0	    0.0	    0.0	    0.8	   19.9	  1	 -550.0	 1250.0	    0.0	    0.0	    0.8	1	   63.9	 21	 1340.4	   14.0	
  622	  62.20	 -483.3	 1249.9	    3.1	  749.5	 1372.2	    0.0	  200.0	  742.9	 1316.0	    0.0	  200.0	  100.0	    0.0	    0.0	    0.0	    0.0	    0.8	   19.9	  1	 -550.0	 1250.0	    0.0	    0.0	    0.8	1	   63.9	 21	 1340.7	   14.1	
  623	  62.30	 -483.3	 1249.9	    3.1	  749.5	 1372.2	    0.0	  200.0	  742.9	 1316.0	    0.0	  200.0	  100.0	    0.0	    0.0	    0.0	    0.0	    0.8	   19.9	  1	 -550.0	 1250.0	    0.0	    0.0	    0.8	1	   63.9	 21	 1341.0	   14.1	
  624	  62.40	 -483.3	 1249.9	    3.1	  749.5	 1372.2	    0.0	  200.0	  742.9	 1316.0	    0.0	  200.0	  100.0	    0.0	    0.0	    0.0	    0.0	    0.8	   20.0	  1	 -550.0	 1250.0	    0.0	    0.0	    0.8	1	   63.9	 21	 1341.3	   14.1	
  625	  62.50	 -483.3	 1249.9	    3.1	  749.5	 1372.2	    0.0	  200.0	  742.9	 1316.0	    0.0	  200.0	  100.0	    0.0	    0.0	    0.0	    0.0	    0.8	   20.0	  1	 -550.0	 1250.0	    0.0	    0.0	    0.8	1	   63.9	 21	 1341.6	   14.2	
  626	  62.60	 -483.3	 1249.9	    3.1	  749.5	 1372.2	    0.0	  200.0	  742.9	 1316.0	    0.0	  200.0	  100.0	    0.0	    0.0	    0.0	    0.0	    0.9	   20.1	  1	 -550.0	 1250.0	    0.0	    0.0	    0.9	1	   63.9	 21	 1341.9	   14.2	
  627	  62.70	 -483.3	 1249.9	    3.1	  749.5	 1372.2	    0.0	  200.0	  742.9	 1316.0	    0.0	  200.0	  100.0	    0.0	    0.0	    0.0	    0.0	    0.9	   20.1	  1	 -550.0	 1250.0	    0.0	    0.0	    0.9	1	   63.9	 21	 1342.2	   14.2	
  628	  62.80	 -483.3	 1249.9	    3.1	  749.5	 1372.2	    0.0	  200.0	  742.9	 1316.0	    0.0	  200.0	  100.0	    0.0	    0.0	    0.0	    0.0	    0.9	   20.1	  1	 -550.0	 1250.0	    0.0	    0.0	    0.9	1	   63.9	 21	 1342.5	   14.2	
  629	  62.90	 -483.3	 1249.9	    3.1	  749.5	 1372.2	    0.0	  200.0	  742.9	 1316.0	    0.0	  200.0	  100.0	    0.0	    0.0	    0.0	    0.0	    0.9	   20.2	  1	 -550.0	 1250.0	    0.0	    0.0	    0.9	1	   63.9	 21	 1342.7	   14.3	
  630	  63.00	 -483.3	 1249.9	    3.1	  749.5	 1372.2	    0.0	  200.0	  742.9	 1316.0	    0.0	  200.0	  100.0	    0.0	    0.0	    0.0	    0.0	    0.9	   20.2	  1	 -550.0	 1250.0	    0.0	    0.0	    0.9	1	   63.9	 21	 1343.0	   14.3	
  631	  63.10	 -483.3	 1249.9	    3.1	  749.5	 1372.2	    0.0	  200.0	  742.9	 1316.0	    0.0	  200.0	  100.0	    0.0	    0.0	    0.0	    0.0	    0.9	   20.2	  1	 -550.0	 1250.0	    0.0	    0.0	    0.9	1	   63.9	 21	 1343.3	   14.3	
  632	  63.20	 -483.3	 1249.9	    3.1	  749.5	 1372.2	    0.0	  200.0	  742.9	 1316.0	    0.0	  200.0	  100.0	    0.0	    0.0	    0.0	    0.0	    0.9	   20.3	  1	 -550.0	 1250.0	    0.0	    0.0	    0.9	1	   63.9	 21	 1343.6	   14.4	
  633	  63.30	 -483.3	 1249.9	    3.1	  749.5	 1372.2	    0.0	  200.0	  742.9	 1316.0	    0.0	  200.0	  100.0	    0.0	    0.0	    0.0	    0.0	    0.9	   20.3	  1	 -550.0	 1250.0	    0.0	    0.0	    0.9	1	   63.9	 21	 1343.9	   14.4	
  634	  63.40	 -483.3	 1249.9	    3.1	  749.5	 1372.2	    0.0	  200.0	  742.9	 1316.0	    0.0	  200.0	  100.0	    0.0	    0.0	    0.0	    0.0	    0.9	   20.4	  1	 -550.0	 1250.0	    0.0	    0.0	    0.9	1	   63.9	 21	 1344.1	   14.4	
  635	  63.50	 -483.3	 1249.9	    3.1	  749.5	 1372.2	    0.0	  200.0	  742.9	 1316.0	    0.0	  200.0	  100.0	    0.0	    0.0	    0.0	    0.0	    0.9	   20.4	  1	 -550.0	 1250.0	    0.0	    0.0	    0.9	1	   63.9	 21	 1344.4	   14.4	
  636	  63.60	 -483.3	 1249.9	    3.1	  749.5	 1372.2	    0.0	  200.0	  742.9	 1316.0	    0.0	  200.0	  100.0	    0.0	    0.0	    0.0	    0.0	    0.9	   20.4	  1	 -550.0	 1250.0	    0.0	    0.0	    0.9	1	   63.9	 21	 1344.7	   14.5	
  637	  63.70	 -483.3	 1249.9	    3.1	  749.5	 1372.2	    0.0	  200.0	  742.9	 1316.0	    0.0	  200.0	  100.0	    0.0	    0.0	    0.0	    0.0	    0.9	   20.5	  1	 -550.0	 1250.0	    0.0	    0.0	    0.9	1	   63.9	 21	 1345.0	   14.5	
  638	  63.80	 -483.3	 1249.9	    3.1	  749.5	 1372.2	    0.0	  200.0	  742.9	 1316.0	    0.0	  200.0	  100.0	    0.0	    0.0	    0.0	    0.0	    0.9	   20.5	  1	 -550.0	 1250.0	    0.0	    0.0	    0.9	1	   63.9	 21	 1345.2	   14.5	
  639	  63.90	 -483.3	 1249.9	    3.1	  749.5	 1372.2	    0.0	  200.0	  742.9	 1316.0	    0.0	  200.0	  100.0	    0.0	    0.0	    0.0	    0.0	    0.9	   20.6	  1	 -550.0	 1250.0	    0.0	    0.0	    0.9	1	   63.9	 21	 1345.5	   14.6	
  640	  64.00	 -483.3	 1249.9	    3.1	  749.5	 1372.2	    0.0	  200.0	  742.9	 1316.0	    0.0	  200.0	  100.0	    0.0	    0.0	    0.0	    0.0	    0.9	   20.6	  1	 -550.0	 1250.0	    0.0	    0.0	    0.9	1	   63.9	 21	 1345.8	   14.6	
  641	  64.10	 -483.3	 1249.9	    3.1	  749.5	 1372.2	    0.0	  200.0	  742.9	 1316.0	    0.0	  200.0	  100.0	    0.0	    0.0	    0.0	    0.0	    0.9	   20.6	  1	 -550.0	 1250.0	    0.0	    0.0	    0.9	1	   63.9	 21	 1346.0	   14.6	
  642	  64.20	 -483.3	 1249.9	    3.1	  749.5	 1372.2	    0.0	  200.0	  742.9	 1316.0	    0.0	  200.0	  100.0	    0.0	    0.0	    0.0	    0.0	    0.9	   20.7	  1	 -550.0	 1250.0	    0.0	    0.0	    0.9	1	   63.9	 21	 1346.3	   14.6	
  643	  64.30	 -483.3	 1249.9	    3.1	  749.5	 1372.2	    0.0	  200.0	  742.9	 1316.0	    0.0	  200.0	  100.0	    0.0	    0.0	    0.0	    0.0	    0.9	   20.7	  1	 -550.0	 1250.0	    0.0	    0.0	    0.9	1	   63.9	 21	 1346.6	   14.7	
  644	  64.40	 -483.3	 1249.9	    3.1	  749.5	 1372.2	    0.0	  200.0	  742.9	 1316.0	    0.0	  200.0	  100.0	    0.0	    0.0	    0.0	    0.0	    0.9	   20.8	  1	 -550.0	 1250.0	    0.0	    0.0	    0.9	1	   63.9	 21	 1346.8	   14.7	
  645	  64.50	 -483.3	 1249.9	    3.1	  749.5	 1372.2	    0.0	  200.0	  742.9	 1316.0	    0.0	  200.0	  100.0	    0.0	    0.0	    0.0	    0.0	    0.9	   20.8	  1	 -550.0	 1250.0	    0.0	    0.0	    0.9	1	   63.9	 21	 1347.1	   14.7	
  646	  64.60	 -483.3	 1249.9	    3.1	  749.5	 1372.2	    0.0	  200.0	  742.9	 1316.0	    0.0	  200.0	  100.0	    0.0	    0.0	    0.0	    0.0	    0.9	   20.8	  1	 -550.0	 1250.0	    0.0	    0.0	    0.9	1	   63.9	 21	 1347.3	   14.7	
  647	  64.70	 -483.3	 1249.9	    3.1	  749.5	 1372.2	    0.0	  200.0	  742.9	 1316.0	    0.0	  200.0	  100.0	    0.0	    0.0	    0.0	    0.0	    1.0	   20.9	  1	 -550.0	 1250.0	    0.0	    0.0	    1.0	1	   63.9	 21	 1347.6	   14.8	
  648	  64.80	 -483.3	 1249.9	    3.1	  749.5	 1372.2	    0.0	  200.0	  742.9	 1316.0	    0.0	  200.0	  100.0	    0.0	    0.0	    0.0	    0.0	    1.0	   20.9	  1	 -550.0	 1250.0	    0.0	    0.0	    1.0	1	   63.9	 21	 1347.9	   14.8	
  649	  64.90	 -483.3	 1249.9	    3.1	  749.5	 1372.2	    0.0	  200.0	  742.9	 1316.0	    0.0	  200.0	  100.0	    0.0	    0.0	    0.0	    0.0	    1.0	   21.0	  1	 -550.0	 1250.0	    0.0	    0.0	    1.0	1	   63.9	 21	 1348.1	   14.8	
  650	  65.00	 -483.3	 1249.9	    3.1	  749.5	 1372.2	    0.0	  200.0	  742.9	 1316.0	    0.0	  200.0	  100.0	    0.0	    0.0	    0.0	    0.0	    1.0	   21.0	  1	 -550.0	 1250.0	    0.0	    0.0	    1.0	1	   63.9	 21	 1348.4	   14.8	
  651	  65.10	 -483.3	 1249.9	    3.1	  749.5	 1372.2	    0.0	  200.0	  742.9	 1316.0	    0.0	  200.0	  100.0	    0.0	    0.0	    0.0	    0.0	    1.0	   21.0	  1	 -550.0	 1250.0	    0.0	    0.0	    1.0	1	   63.9	 21	 1348.6	   14.9	
  652	  65.20	 -483.3	 1249.9	    3.1	  749.5	 1372.2	    0.0	  200.0	  742.9	 1316.0	    0.0	  200.0	  100.0	    0.0	    0.0	    0.0	    0.0	    1.0	   21.1	  1	 -550.0	 1250.0	    0.0	    0.0	    1.0	1	   63.9	 21	 1348.9	   14.9	
  653	  65.30	 -483.3	 1249.9	    3.1	  749.5	 1372.2	    0.0	  200.0	  742.9	 1316.0	    0.0	  200.0	  100.0	    0.0	    0.0	    0.0	    0.0	    1.0	   21.1	  1	 -550.0	 1250.0	    0.0	    0.0	    1.0	1	   63.9	 21	 1349.1	   14.9	
  654	  65.40	 -483.3	 1249.9	    3.1	  749.5	 1372.2	    0.0	  200.0	  742.9	 1316.0	    0.0	  200.0	  100.0	    0.0	    0.0	    0.0	    0.0	    1.0	   21.2	  1	 -550.0	 1250.0	    0.0	    0.0	    1.0	1	   63.9	 21	 1349.4	   14.9	
  655	  65.50	 -483.3	 1249.9	    3.1	  749.5	 1372.2	    0.0	  200.0	  742.9	 1316.0	    0.0	  200.0	  100.0	    0.0	    0.0	    0.0	    0.0	    1.0	   21.2	  1	 -550.0	 1250.0	    0.0	    0.0	    1.0	1	   63.9	 21	 1349.6	   15.0	
  656	  65.60	 -483.3	 1249.9	    3.1	  749.5	 1372.2	    0.0	  200.0	  742.9	 1316.0	    0.0	  200.0	  100.0	    0.0	    0.0	    0.0	    0.0	    1.0	   21.2	  1	 -550.0	 1250.0	    0.0	    0.0	    1.0	1	   63.9	 21	 1349.9	   15.0	
  657	  65.70	 -483.3	 1249.9	    3.1	  749.5	 1372.2	    0.0	  200.0	  742.9	 1316.0	    0.0	  200.0	  100.0	    0.0	    0.0	    0.0	    0.0	    1.0	   21.3	  1	 -550.0	 1250.0	    0.0	    0.0	    1.0	1	   63.9	 21	 1350.1	   15.0	
  658	  65.80	 -483.3	 1249.9	    3.1	  749.5	 1372.2	    0.0	  200.0	  742.9	 1316.0	    0.0	  200.0	  100.0	    0.0	    0.0	    0.0	    0.0	    1.0	   21.3	  1	 -550.0	 1250.0	    0.0	    0.0	    1.0	1	   63.9	 21	 1350.4	   15.0	
  659	  65.90	 -483.3	 1249.9	    3.1	  749.5	 1372.2	    0.0	  200.0	  742.9	 1316.0	    0.0	  200.0	  100.0	    0.0	    0.0	    0.0	    0.0	    1.0	   21.4	  1	 -550.0	 1250.0	    0.0	    0.0	    1.0	1	   63.9	 21	 1350.6	   15.1	
  660	  66.00	 -483.3	 1249.9	    3.1	  749.5	 1372.2	    0.0	  200.0	  742.9	 1316.0	    0.0	  200.0	  100.0	    0.0	    0.0	    0.0	    0.0	    1.0	   21.4	  1	 -550.0	 1250.0	    0.0	    0.0	    1.0	1	   63.9	 21	 1350.9	   15.1	
  661	  66.10	 -483.3	 1249.9	    3.1	  749.5	 1372.2	    0.0	  200.0	  742.9	 1316.0	    0.0	  200.0	  100.0	    0.0	    0.0	    0.0	    0.0	    1.0	   21.4	  1	 -550.0	 1250.0	    0.0	    0.0	    1.0	1	   63.9	 21	 1351.1	   15.1	
  662	  66.20	 -483.3	 1249.9	    3.1	  749.5	 1372.2	    0.0	  200.0	  742.9	 1316.0	    0.0	  200.0	  100.0	    0.0	    0.0	    0.0	    0.0	    1.0	   21.5	  1	 -550.0	 1250.0	    0.0	    0.0	    1.0	1	   63.9	 21	 1351.3	   15.1	
  663	  66.30	 -483.3	 1249.9	    3.1	  749.5	 1372.2	    0.0	  200.0	  742.9	 1316.0	    0.0	  200.0	  100.0	    0.0	    0.0	    0.0	    0.0	    1.0	   21.5	  1	 -550.0	 1250.0	    0.0	    0.0	    1.0	1	   63.9	 21	 1351.6	   15.2	
  664	  66.40	 -483.3	 1249.9	    3.1	  749.5	 1372.2	    0.0	  200.0	  742.9	 1316.0	    0.0	  200.0	  100.0	    0.0	    0.0	    0.0	    0.0	    1.0	   21.6	  1	 -550.0	 1250.0	    0.0	    0.0	    1.0	1	   63.9	 21	 1351.8	   15.2	
  665	  66.50	 -483.3	 1249.9	    3.1	  749.5	 1372.2	    0.0	  200.0	  742.9	 1316.0	    0.0	  200.0	  100.0	    0.0	    0.0	    0.0	    0.0	    1.0	   21.6	  1	 -550.0	 1250.0	    0.0	    0.0	    1.0	1	   63.9	 21	 1352.0	   15.2	
  666	  66.60	 -483.3	 1249.9	    3.1	  749.5	 1372.2	    0.0	  200.0	  742.9	 1316.0	    0.0	  200.0	  100.0	    0.0	    0.0	    0.0	    0.0	    1.0	   21.6	  1	 -550.0	 1250.0	    0.0	    0.0	    1.0	1	   63.9	 21	 1352.3	   15.2	
  667	  66.70	 -483.3	 1249.9	    3.1	  749.5	 1372.2	    0.0	  200.0	  742.9	 1316.0	    0.0	  200.0	  100.0	    0.0	    0.0	    0.0	    0.0	    1.1	   21.7	  1	 -550.0	 1250.0	    0.0	    0.0	    1.1	1	   63.9	 21	 1352.5	   15.3	
  668	  66.80	 -483.3	 1249.9	    3.1	  749.5	 1372.2	    0.0	  200.0	  742.9	 1316.0	    0.0	  200.0	  100.0	    0.0	    0.0	    0.0	    0.0	    1.1	   21.7	  1	 -550.0	 1250.0	    0.0	    0.0	    1.1	1	   63.9	 21	 1352.7	   15.3	
  669	  66.90	 -483.3	 1249.9	    3.1	  749.5	 1372.2	    0.0	  200.0	  742.9	 1316.0	    0.0	  200.0	  100.0	    0.0	    0.0	    0.0	    0.0	    1.1	   21.7	  1	 -550.0	 1250.0	    0.0	    0.0	    1.1	1	   63.9	 21	 1353.0	   15.3	
  670	  67.00	 -483.3	 1249.9	    3.1	  749.5	 1372.2	    0.0	  200.0	  742.9	 1316.0	    0.0	  200.0	  100.0	    0.0	    0.0	    0.0	    0.0	    1.1	   21.8	  1	 -550.0	 1250.0	    0.0	    0.0	    1.1	1	   63.9	 21	 1353.2	   15.3	
  671	  67.10	 -483.3	 1249.9	    3.1	  749.5	 1372.2	    0.0	  200.0	  742.9	 1316.0	    0.0	  200.0	  100.0	    0.0	    0.0	    0.0	    0.0	    1.1	   21.8	  1	 -550.0	 1250.0	    0.0	    0.0	    1.1	1	   63.9	 21	 1353.4	   15.3	
  672	  67.20	 -483.3	 1249.9	    3.1	  749.5	 1372.2	    0.0	  200.0	  742.9	 1316.0	    0.0	  200.0	  100.0	    0.0	    0.0	    0.0	    0.0	    1.1	   21.9	  1	 -550.0	 1250.0	    0.0	    0.0	    1.1	1	   63.9	 21	 1353.7	   15.4	
  673	  67.30	 -483.3	 1249.9	    3.1	  749.5	 1372.2	    0.0	  200.0	  742.9	 1316.0	    0.0	  200.0	  100.0	    0.0	    0.0	    0.0	    0.0	    1.1	   21.9	  1	 -550.0	 1250.0	    0.0	    0.0	    1.1	1	   63.9	 21	 1353.9	   15.4	
  674	  67.40	 -483.3	 1249.9	    3.1	  749.5	 1372.2	    0.0	  200.0	  742.9	 1316.0	    0.0	  200.0	  100.0	    0.0	    0.0	    0.0	    0.0	    1.1	   21.9	  1	 -550.0	 1250.0	    0.0	    0.0	    1.1	1	   63.9	 21	 1354.1	   15.4	
  675	  67.50	 -483.3	 1249.9	    3.1	  749.5	 1372.2	    0.0	  200.0	  742.9	 1316.0	    0.0	  200.0	  100.0	    0.0	    0.0	    0.0	    0.0	    1.1	   22.0	  1	 -550.0	 1250.0	    0.0	    0.0	    1.1	1	   63.9	 21	 1354.3	   15.4	
  676	  67.60	 -483.3	 1249.9	    3.1	  749.5	 1372.2	    0.0	  200.0	  742.9	 1316.0	    0.0	  200.0	  100.0	    0.0	    0.0	    0.0	    0.0	    1.1	   22.0	  1	 -550.0	 1250.0	    0.0	    0.0	    1.1	1	   63.9	 21	 1354.6	   15.5	
  677	  67.70	 -483.3	 1249.9	    3.1	  749.5	 1372.2	    0.0	  200.0	  742.9	 1316.0	    0.0	  200.0	  100.0	    0.0	    0.0	    0.0	    0.0	    1.1	   22.1	  1	 -550.0	 1250.0	    0.0	    0.0	    1.1	1	   63.9	 21	 1354.8	   15.5	
  678	  67.80	 -483.3	 1249.9	    3.1	  749.5	 1372.2	    0.0	  200.0	  742.9	 1316.0	    0.0	  200.0	  100.0	    0.0	    0.0	    0.0	    0.0	    1.1	   22.1	  1	 -550.0	 1250.0	    0.0	    0.0	    1.1	1	   63.9	 21	 1355.0	   15.5	
  679	  67.90	 -483.3	 1249.9	    3.1	  749.5	 1372.2	    0.0	  200.0	  742.9	 1316.0	    0.0	  200.0	  100.0	    0.0	    0.0	    0.0	    0.0	    1.1	   22.1	  1	 -550.0	 1250.0	    0.0	    0.0	    1.1	1	   63.9	 21	 1355.2	   15.5	
  680	  68.00	 -483.3	 1249.9	    3.1	  749.5	 1372.2	    0.0	  200.0	  742.9	 1316.0	    0.0	  200.0	  100.0	    0.0	    0.0	    0.0	    0.0	    1.1	   22.2	  1	 -550.0	 1250.0	    0.0	    0.0	    1.1	1	   63.9	 21	 1355.5	   15.5	
  681	  68.10	 -483.3	 1249.9	    3.1	  749.5	 1372.2	    0.0	  200.0	  742.9	 1316.0	    0.0	  200.0	  100.0	    0.0	    0.0	    0.0	    0.0	    1.1	   22.2	  1	 -550.0	 1250.0	    0.0	    0.0	    1.1	1	   63.9	 21	 1355.7	   15.6	
  682	  68.20	 -483.3	 1249.9	    3.1	  749.5	 1372.2	    0.0	  200.0	  742.9	 1316.0	    0.0	  200.0	  100.0	    0.0	    0.0	    0.0	    0.0	    1.1	   22.3	  1	 -550.0	 1250.0	    0.0	    0.0	    1.1	1	   63.9	 21	 1355.9	   15.6	
  683	  68.30	 -483.3	 1249.9	    3.1	  749.5	 1372.2	    0.0	  200.0	  742.9	 1316.0	    0.0	  200.0	  100.0	    0.0	    0.0	    0.0	    0.0	    1.1	   22.3	  1	 -550.0	 1250.0	    0.0	    0.0	    1.1	1	   63.9	 21	 1356.1	   15.6	
  684	  68.40	 -483.3	 1249.9	    3.1	  749.5	 1372.2	    0.0	  200.0	  742.9	 1316.0	    0.0	  200.0	  100.0	    0.0	    0.0	    0.0	    0.0	    1.1	   22.3	  1	 -550.0	 1250.0	    0.0	    0.0	    1.1	1	   63.9	 21	 1356.3	   15.6	
  685	  68.50	 -483.3	 1249.9	    3.1	  749.5	 1372.2	    0.0	  200.0	  742.9	 1316.0	    0.0	  200.0	  100.0	    0.0	    0.0	    0.0	    0.0	    1.1	   22.4	  1	 -550.0	 1250.0	    0.0	    0.0	    1.1	1	   63.9	 21	 1356.5	   15.7	
  686	  68.60	 -483.3	 1249.9	    3.1	  749.5	 1372.2	    0.0	  200.0	  742.9	 1316.0	    0.0	  200.0	  100.0	    0.0	    0.0	    0.0	    0.0	    1.1	   22.4	  1	 -550.0	 1250.0	    0.0	    0.0	    1.1	1	   63.9	 21	 1356.8	   15.7	
  687	  68.70	 -483.3	 1249.9	    3.1	  749.5	 1372.2	    0.0	  200.0	  742.9	 1316.0	    0.0	  200.0	  100.0	    0.0	    0.0	    0.0	    0.0	    1.1	   22.5	  1	 -550.0	 1250.0	    0.0	    0.0	    1.1	1	   63.9	 21	 1357.0	   15.7	
  688	  68.80	 -483.3	 1249.9	    3.1	  749.5	 1372.2	    0.0	  200.0	  742.9	 1316.0	    0.0	  200.0	  100.0	    0.0	    0.0	    0.0	    0.0	    1.2	   22.5	  1	 -550.0	 1250.0	    0.0	    0.0	    1.2	1	   63.9	 21	 1357.2	   15.7	
  689	  68.90	 -483.3	 1249.9	    3.1	  749.5	 1372.2	    0.0	  200.0	  742.9	 1316.0	    0.0	  200.0	  100.0	    0.0	    0.0	    0.0	    0.0	    1.2	   22.5	  1	 -550.0	 1250.0	    0.0	    0.0	    1.2	1	   63.9	 21	 1357.4	   15.7	
  690	  69.00	 -483.3	 1249.9	    3.1	  749.5	 1372.2	    0.0	  200.0	  742.9	 1316.0	    0.0	  200.0	  100.0	    0.0	    0.0	    0.0	    0.0	    1.2	   22.6	  1	 -550.0	 1250.0	    0.0	    0.0	    1.2	1	   63.9	 21	 1357.6	   15.8	
  691	  69.10	 -483.3	 1249.9	    3.1	  749.5	 1372.2	    0.0	  200.0	  742.9	 1316.0	    0.0	  200.0	  100.0	    0.0	    0.0	    0.0	    0.0	    1.2	   22.6	  1	 -550.0	 1250.0	    0.0	    0.0	    1.2	1	   63.9	 21	 1357.8	   15.8	
  692	  69.20	 -483.3	 1249.9	    3.1	  749.5	 1372.2	    0.0	  200.0	  742.9	 1316.0	    0.0	  200.0	  100.0	    0.0	    0.0	    0.0	    0.0	    1.2	   22.7	  1	 -550.0	 1250.0	    0.0	    0.0	    1.2	1	   63.9	 21	 1358.0	   15.8	
  693	  69.30	 -483.3	 1249.9	    3.1	  749.5	 1372.2	    0.0	  200.0	  742.9	 1316.0	    0.0	  200.0	  100.0	    0.0	    0.0	    0.0	    0.0	    1.2	   22.7	  1	 -550.0	 1250.0	    0.0	    0.0	    1.2	1	   63.9	 21	 1358.2	   15.8	
  694	  69.40	 -483.3	 1249.9	    3.1	  749.5	 1372.2	    0.0	  200.0	  742.9	 1316.0	    0.0	  200.0	  100.0	    0.0	    0.0	    0.0	    0.0	    1.2	   22.7	  1	 -550.0	 1250.0	    0.0	    0.0	    1.2	1	   63.9	 21	 1358.4	   15.8	
  695	  69.50	 -483.3	 1249.9	    3.1	  749.5	 1372.2	    0.0	  200.0	  742.9	 1316.0	    0.0	  200.0	  100.0	    0.0	    0.0	    0.0	    0.0	    1.2	   22.8	  1	 -550.0	 1250.0	    0.0	    0.0	    1.2	1	   63.9	 21	 1358.6	   15.9	
  696	  69.60	 -483.3	 1249.9	    3.1	  749.5	 1372.2	    0.0	  200.0	  742.9	 1316.0	    0.0	  200.0	  100.0	    0.0	    0.0	    0.0	    0.0	    1.2	   22.8	  1	 -550.0	 1250.0	    0.0	    0.0	    1.2	1	   63.9	 21	 1358.8	   15.9	
  697	  69.70	 -483.3	 1249.9	    3.1	  749.5	 1372.2	    0.0	  200.0	  742.9	 1316.0	    0.0	  200.0	  100.0	    0.0	    0.0	    0.0	    0.0	    1.2	   22.9	  1	 -550.0	 1250.0	    0.0	    0.0	    1.2	1	   63.9	 21	 1359.1	   15.9	
  698	  69.80	 -483.3	 1249.9	    3.1	  749.5	 1372.2	    0.0	  200.0	  742.9	 1316.0	    0.0	  200.0	  100.0	    0.0	    0.0	    0.0	    0.0	    1.2	   22.9	  1	 -550.0	 1250.0	    0.0	    0.0	    1.2	1	   63.9	 21	 1359.3	   15.9	
  699	  69.90	 -483.3	 1249.9	    3.1	  749.5	 1372.2	    0.0	  200.0	  742.9	 1316.0	    0.0	  200.0	  100.0	    0.0	    0.0	    0.0	    0.0	    1.2	   22.9	  1	 -550.0	 1250.0	    0.0	    0.0	    1.2	1	   63.9	 21	 1359.5	   15.9	
  700	  70.00	 -483.3	 1249.9	    3.1	  749.5	 1372.2	    0.0	  200.0	  742.9	 1316.0	    0.0	  200.0	  100.0	    0.0	    0.0	    0.0	    0.0	    1.2	   23.0	  1	 -550.0	 1250.0	    0.0	    0.0	    1.2	1	   63.9	 21	 1359.7	   16.0	
  701	  70.10	 -483.3	 1249.9	    3.1	  749.5	 1372.2	    0.0	  200.0	  742.9	 1316.0	    0.0	  200.0	  100.0	    0.0	    0.0	    0.0	    0.0	    1.2	   23.0	  1	 -550.0	 1250.0	    0.0	    0.0	    1.2	1	   63.9	 21	 1359.9	   16.0	
  702	  70.20	 -483.3	 1249.9	    3.1	  749.5	 1372.2	    0.0	  200.0	  742.9	 1316.0	    0.0	  200.0	  100.0	    0.0	    0.0	    0.0	    0.0	    1.2	   23.1	  1	 -550.0	 1250.0	    0.0	    0.0	    1.2	1	   63.9	 21	 1360.1	   16.0	
  703	  70.30	 -483.3	 1249.9	    3.1	  749.5	 1372.2	    0.0	  200.0	  742.9	 1316.0	    0.0	  200.0	  100.0	    0.0	    0.0	    0.0	    0.0	    1.2	   23.1	  1	 -550.0	 1250.0	    0.0	    0.0	    1.2	1	   63.9	 21	 1360.3	   16.0	
  704	  70.40	 -483.3	 1249.9	    3.1	  749.5	 1372.2	    0.0	  200.0	  742.9	 1316.0	    0.0	  200.0	  100.0	    0.0	    0.0	    0.0	    0.0	    1.2	   23.1	  1	 -550.0	 1250.0	    0.0	    0.0	    1.2	1	   63.9	 21	 1360.5	   16.0	
  705	  70.50	 -483.3	 1249.9	    3.1	  749.5	 1372.2	    0.0	  200.0	  742.9	 1316.0	    0.0	  200.0	  100.0	    0.0	    0.0	    0.0	    0.0	    1.2	   23.2	  1	 -550.0	 1250.0	    0.0	    0.0	    1.2	1	   63.9	 21	 1360.7	   16.1	
  706	  70.60	 -483.3	 1249.9	    3.1	  749.5	 1372.2	    0.0	  200.0	  742.9	 1316.0	    0.0	  200.0	  100.0	    0.0	    0.0	    0.0	    0.0	    1.2	   23.2	  1	 -550.0	 1250.0	    0.0	    0.0	    1.2	1	   63.9	 21	 1360.8	   16.1	
  707	  70.70	 -483.3	 1249.9	    3.1	  749.5	 1372.2	    0.0	  200.0	  742.9	 1316.0	    0.0	  200.0	  100.0	    0.0	    0.0	    0.0	    0.0	    1.2	   23.2	  1	 -550.0	 1250.0	    0.0	    0.0	    1.2	1	   63.9	 21	 1361.0	   16.1	
  708	  70.80	 -483.3	 1249.9	    3.1	  749.5	 1372.2	    0.0	  200.0	  742.9	 1316.0	    0.0	  200.0	  100.0	    0.0	    0.0	    0.0	    0.0	    1.3	   23.3	  1	 -550.0	 1250.0	    0.0	    0.0	    1.3	1	   63.9	 21	 1361.2	   16.1	
  709	  70.90	 -483.3	 1249.9	    3.1	  749.5	 1372.2	    0.0	  200.0	  742.9	 1316.0	    0.0	  200.0	  100.0	    0.0	    0.0	    0.0	    0.0	    1.3	   23.3	  1	 -550.0	 1250.0	    0.0	    0.0	    1.3	1	   63.9	 21	 1361.4	   16.1	
  710	  71.00	 -483.3	 1249.9	    3.1	  749.5	 1372.2	    0.0	  200.0	  742.9	 1316.0	    0.0	  200.0	  100.0	    0.0	    0.0	    0.0	    0.0	    1.3	   23.4	  1	 -550.0	 1250.0	    0.0	    0.0	    1.3	1	   63.9	 21	 1361.6	   16.2	
  711	  71.10	 -483.3	 1249.9	    3.1	  749.5	 1372.2	    0.0	  200.0	  742.9	 1316.0	    0.0	  200.0	  100.0	    0.0	    0.0	    0.0	    0.0	    1.3	   23.4	  1	 -550.0	 1250.0	    0.0	    0.0	    1.3	1	   63.9	 21	 1361.8	   16.2	
  712	  71.20	 -483.3	 1249.9	    3.1	  749.5	 1372.2	    0.0	  200.0	  742.9	 1316.0	    0.0	  200.0	  100.0	    0.0	    0.0	    0.0	    0.0	    1.3	   23.4	  1	 -550.0	 1250.0	    0.0	    0.0	    1.3	1	   63.9	 21	 1362.0	   16.2	
  713	  71.30	 -483.3	 1249.9	    3.1	  749.5	 1372.2	    0.0	  200.0	  742.9	 1316.0	    0.0	  200.0	  100.0	    0.0	    0.0	    0.0	    0.0	    1.3	   23.5	  1	 -550.0	 1250.0	    0.0	    0.0	    1.3	1	   63.9	 21	 1362.2	   16.2	
  714	  71.40	 -483.3	 1249.9	    3.1	  749.5	 1372.2	    0.0	  200.0	  742.9	 1316.0	    0.0	  200.0	  100.0	    0.0	    0.0	    0.0	    0.0	    1.3	   23.5	  1	 -550.0	 1250.0	    0.0	    0.0	    1.3	1	   63.9	 21	 1362.4	   16.2	
  715	  71.50	 -483.3	 1249.9	    3.1	  749.5	 1372.2	    0.0	  200.0	  742.9	 1316.0	    0.0	  200.0	  100.0	    0.0	    0.0	    0.0	    0.0	    1.3	   23.6	  1	 -550.0	 1250.0	    0.0	    0.0	    1.3	1	   63.9	 21	 1362.6	   16.3	
  716	  71.60	 -483.3	 1249.9	    3.1	  749.5	 1372.2	    0.0	  200.0	  742.9	 1316.0	    0.0	  200.0	  100.0	    0.0	    0.0	    0.0	    0.0	    1.3	   23.6	  1	 -550.0	 1250.0	    0.0	    0.0	    1.3	1	   63.9	 21	 1362.8	   16.3	
  717	  71.70	 -483.3	 1249.9	    3.1	  749.5	 1372.2	    0.0	  200.0	  742.9	 1316.0	    0.0	  200.0	  100.0	    0.0	    0.0	    0.0	    0.0	    1.3	   23.6	  1	 -550.0	 1250.0	    0.0	    0.0	    1.3	1	   63.9	 21	 1362.9	   16.3	
  718	  71.80	 -483.3	 1249.9	    3.1	  749.5	 1372.2	    0.0	  200.0	  742.9	 1316.0	    0.0	  200.0	  100.0	    0.0	    0.0	    0.0	    0.0	    1.3	   23.7	  1	 -550.0	 1250.0	    0.0	    0.0	    1.3	1	   63.9	 21	 1363.1	   16.3	
  719	  71.90	 -483.3	 1249.9	    3.1	  749.5	 1372.2	    0.0	  200.0	  742.9	 1316.0	    0.0	  200.0	  100.0	    0.0	    0.0	    0.0	    0.0	    1.3	   23.7	  1	 -550.0	 1250.0	    0.0	    0.0	    1.3	1	   63.9	 21	 1363.3	   16.3	
  720	  72.00	 -483.3	 1249.9	    3.1	  749.5	 1372.2	    0.0	  200.0	  742.9	 1316.0	    0.0	  200.0	  100.0	    0.0	    0.0	    0.0	    0.0	    1.3	   23.8	  1	 -550.0	 1250.0	    0.0	    0.0	    1.3	1	   63.9	 21	 1363.5	   16.3	
  721	  72.10	 -483.3	 1249.9	    3.1	  749.5	 1372.2	    0.0	  200.0	  742.9	 1316.0	    0.0	  200.0	  100.0	    0.0	    0.0	    0.0	    0.0	    1.3	   23.8	  1	 -550.0	 1250.0	    0.0	    0.0	    1.3	1	   63.9	 21	 1363.7	   16.4	
  722	  72.20	 -483.3	 1249.9	    3.1	  749.5	 1372.2	    0.0	  200.0	  742.9	 1316.0	    0.0	  200.0	  100.0	    0.0	    0.0	    0.0	    0.0	    1.3	   23.8	  1	 -550.0	 1250.0	    0.0	    0.0	    1.3	1	   63.9	 21	 1363.9	   16.4	
  723	  72.30	 -483.3	 1249.9	    3.1	  749.5	 1372.2	    0.0	  200.0	  742.9	 1316.0	    0.0	  200.0	  100.0	    0.0	    0.0	    0.0	    0.0	    1.3	   23.9	  1	 -550.0	 1250.0	    0.0	    0.0	    1.3	1	   63.9	 21	 1364.0	   16.4	
  724	  72.40	 -483.3	 1249.9	    3.1	  749.5	 1372.2	    0.0	  200.0	  742.9	 1316.0	    0.0	  200.0	  100.0	    0.0	    0.0	    0.0	    0.0	    1.3	   23.9	  1	 -550.0	 1250.0	    0.0	    0.0	    1.3	1	   63.9	 21	 1364.2	   16.4	
  725	  72.50	 -483.3	 1249.9	    3.1	  749.5	 1372.2	    0.0	  200.0	  742.9	 1316.0	    0.0	  200.0	  100.0	    0.0	    0.0	    0.0	    0.0	    1.3	   24.0	  1	 -550.0	 1250.0	    0.0	    0.0	    1.3	1	   63.9	 21	 1364.4	   16.4	
  726	  72.60	 -483.3	 1249.9	    3.1	  749.5	 1372.2	    0.0	  200.0	  742.9	 1316.0	    0.0	  200.0	  100.0	    0.0	    0.0	    0.0	    0.0	    1.3	   24.0	  1	 -550.0	 1250.0	    0.0	    0.0	    1.3	1	   63.9	 21	 1364.6	   16.5	
  727	  72.70	 -483.3	 1249.9	    3.1	  749.5	 1372.2	    0.0	  200.0	  742.9	 1316.0	    0.0	  200.0	  100.0	    0.0	    0.0	    0.0	    0.0	    1.3	   24.0	  1	 -550.0	 1250.0	    0.0	    0.0	    1.3	1	   63.9	 21	 1364.8	   16.5	
  728	  72.80	 -483.3	 1249.9	    3.1	  749.5	 1372.2	    0.0	  200.0	  742.9	 1316.0	    0.0	  200.0	  100.0	    0.0	    0.0	    0.0	    0.0	    1.4	   24.1	  1	 -550.0	 1250.0	    0.0	    0.0	    1.4	1	   63.9	 21	 1364.9	   16.5	
  729	  72.90	 -483.3	 1249.9	    3.1	  749.5	 1372.2	    0.0	  200.0	  742.9	 1316.0	    0.0	  200.0	  100.0	    0.0	    0.0	    0.0	    0.0	    1.4	   24.1	  1	 -550.0	 1250.0	    0.0	    0.0	    1.4	1	   63.9	 21	 1365.1	   16.5	
  730	  73.00	 -483.3	 1249.9	    3.1	  749.5	 1372.2	    0.0	  200.0	  742.9	 1316.0	    0.0	  200.0	  100.0	    0.0	    0.0	    0.0	    0.0	    1.4	   24.2	  1	 -550.0	 1250.0	    0.0	    0.0	    1.4	1	   63.9	 21	 1365.3	   16.5	
  731	  73.10	 -483.3	 1249.9	    3.1	  749.5	 1372.2	    0.0	  200.0	  742.9	 1316.0	    0.0	  200.0	  100.0	    0.0	    0.0	    0.0	    0.0	    1.4	   24.2	  1	 -550.0	 1250.0	    0.0	    0.0	    1.4	1	   63.9	 21	 1365.5	   16.5	
  732	  73.20	 -483.3	 1249.9	    3.1	  749.5	 1372.2	    0.0	  200.0	  742.9	 1316.0	    0.0	  200.0	  100.0	    0.0	    0.0	    0.0	    0.0	    1.4	   24.2	  1	 -550.0	 1250.0	    0.0	    0.0	    1.4	1	   63.9	 21	 1365.7	   16.6	
  733	  73.30	 -483.3	 1249.9	    3.1	  749.5	 1372.2	    0.0	  200.0	  742.9	 1316.0	    0.0	  200.0	  100.0	    0.0	    0.0	    0.0	    0.0	    1.4	   24.3	  1	 -550.0	 1250.0	    0.0	    0.0	    1.4	1	   63.9	 21	 1365.8	   16.6	
  734	  73.40	 -483.3	 1249.9	    3.1	  749.5	 1372.2	    0.0	  200.0	  742.9	 1316.0	    0.0	  200.0	  100.0	    0.0	    0.0	    0.0	    0.0	    1.4	   24.3	  1	 -550.0	 1250.0	    0.0	    0.0	    1.4	1	   63.9	 21	 1366.0	   16.6	
  735	  73.50	 -483.3	 1249.9	    3.1	  749.5	 1372.2	    0.0	  200.0	  742.9	 1316.0	    0.0	  200.0	  100.0	    0.0	    0.0	    0.0	    0.0	    1.4	   24.4	  1	 -550.0	 1250.0	    0.0	    0.0	    1.4	1	   63.9	 21	 1366.2	   16.6	
  736	  73.60	 -483.3	 1249.9	    3.1	  749.5	 1372.2	    0.0	  200.0	  742.9	 1316.0	    0.0	  200.0	  100.0	    0.0	    0.0	    0.0	    0.0	    1.4	   24.4	  1	 -550.0	 1250.0	    0.0	    0.0	    1.4	1	   63.9	 21	 1366.3	   16.6	
  737	  73.70	 -483.3	 1249.9	    3.1	  749.5	 1372.2	    0.0	  200.0	  742.9	 1316.0	    0.0	  200.0	  100.0	    0.0	    0.0	    0.0	    0.0	    1.4	   24.4	  1	 -550.0	 1250.0	    0.0	    0.0	    1.4	1	   63.9	 21	 1366.5	   16.7	
  738	  73.80	 -483.3	 1249.9	    3.1	  749.5	 1372.2	    0.0	  200.0	  742.9	 1316.0	    0.0	  200.0	  100.0	    0.0	    0.0	    0.0	    0.0	    1.4	   24.5	  1	 -550.0	 1250.0	    0.0	    0.0	    1.4	1	   63.9	 21	 1366.7	   16.7	
  739	  73.90	 -483.3	 1249.9	    3.1	  749.5	 1372.2	    0.0	  200.0	  742.9	 1316.0	    0.0	  200.0	  100.0	    0.0	    0.0	    0.0	    0.0	    1.4	   24.5	  1	 -550.0	 1250.0	    0.0	    0.0	    1.4	1	   63.9	 21	 1366.9	   16.7	
  740	  74.00	 -483.3	 1249.9	    3.1	  749.5	 1372.2	    0.0	  200.0	  742.9	 1316.0	    0.0	  200.0	  100.0	    0.0	    0.0	    0.0	    0.0	    1.4	   24.6	  1	 -550.0	 1250.0	    0.0	    0.0	    1.4	1	   63.9	 21	 1367.0	   16.7	
  741	  74.10	 -483.3	 1249.9	    3.1	  749.5	 1372.2	    0.0	  200.0	  742.9	 1316.0	    0.0	  200.0	  100.0	    0.0	    0.0	    0.0	    0.0	    1.4	   24.6	  1	 -550.0	 1250.0	    0.0	    0.0	    1.4	1	   63.9	 21	 1367.2	   16.7	
  742	  74.20	 -483.3	 1249.9	    3.1	  749.5	 1372.2	    0.0	  200.0	  742.9	 1316.0	    0.0	  200.0	  100.0	    0.0	    0.0	    0.0	    0.0	    1.4	   24.6	  1	 -550.0	 1250.0	    0.0	    0.0	    1.4	1	   63.9	 21	 1367.4	   16.7	
  743	  74.30	 -483.3	 1249.9	    3.1	  749.5	 1372.2	    0.0	  200.0	  742.9	 1316.0	    0.0	  200.0	  100.0	    0.0	    0.0	    0.0	    0.0	    1.4	   24.7	  1	 -550.0	 1250.0	    0.0	    0.0	    1.4	1	   63.9	 21	 1367.5	   16.8	
  744	  74.40	 -483.3	 1249.9	    3.1	  749.5	 1372.2	    0.0	  200.0	  742.9	 1316.0	    0.0	  200.0	  100.0	    0.0	    0.0	    0.0	    0.0	    1.4	   24.7	  1	 -550.0	 1250.0	    0.0	    0.0	    1.4	1	   63.9	 21	 1367.7	   16.8	
  745	  74.50	 -483.3	 1249.9	    3.1	  749.5	 1372.2	    0.0	  200.0	  742.9	 1316.0	    0.0	  200.0	  100.0	    0.0	    0.0	    0.0	    0.0	    1.4	   24.8	  1	 -550.0	 1250.0	    0.0	    0.0	    1.4	1	   63.9	 21	 1367.9	   16.8	
  746	  74.60	 -483.3	 1249.9	    3.1	  749.5	 1372.2	    0.0	  200.0	  742.9	 1316.0	    0.0	  200.0	  100.0	    0.0	    0.0	    0.0	    0.0	    1.4	   24.8	  1	 -550.0	 1250.0	    0.0	    0.0	    1.4	1	   63.9	 21	 1368.0	   16.8	
  747	  74.70	 -483.3	 1249.9	    3.1	  749.5	 1372.2	    0.0	  200.0	  742.9	 1316.0	    0.0	  200.0	  100.0	    0.0	    0.0	    0.0	    0.0	    1.4	   24.8	  1	 -550.0	 1250.0	    0.0	    0.0	    1.4	1	   63.9	 21	 1368.2	   16.8	
  748	  74.80	 -483.3	 1249.9	    3.1	  749.5	 1372.2	    0.0	  200.0	  742.9	 1316.0	    0.0	  200.0	  100.0	    0.0	    0.0	    0.0	    0.0	    1.4	   24.9	  1	 -550.0	 1250.0	    0.0	    0.0	    1.4	1	   63.9	 21	 1368.4	   16.8	
  749	  74.90	 -483.3	 1249.9	    3.1	  749.5	 1372.2	    0.0	  200.0	  742.9	 1316.0	    0.0	  200.0	  100.0	    0.0	    0.0	    0.0	    0.0	    1.5	   24.9	  1	 -550.0	 1250.0	    0.0	    0.0	    1.5	1	   63.9	 21	 1368.5	   16.9	
  750	  75.00	 -483.3	 1249.9	    3.1	  749.5	 1372.2	    0.0	  200.0	  742.9	 1316.0	    0.0	  200.0	  100.0	    0.0	    0.0	    0.0	    0.0	    1.5	   24.9	  1	 -550.0	 1250.0	    0.0	    0.0	    1.5	1	   63.9	 21	 1368.7	   16.9	
  751	  75.10	 -483.3	 1249.9	    3.1	  749.5	 1372.2	    0.0	  200.0	  742.9	 1316.0	    0.0	  200.0	  100.0	    0.0	    0.0	    0.0	    0.0	    1.5	   25.0	  1	 -550.0	 1250.0	    0.0	    0.0	    1.5	1	   63.9	 21	 1368.8	   16.9	
  752	  75.20	 -483.3	 1249.9	    3.1	  749.5	 1372.2	    0.0	  200.0	  742.9	 1316.0	    0.0	  200.0	  100.0	    0.0	    0.0	    0.0	    0.0	    1.5	   25.0	  1	 -550.0	 1250.0	    0.0	    0.0	    1.5	1	   63.9	 21	 1369.0	   16.9	
  753	  75.30	 -483.3	 1249.9	    3.1	  749.5	 1372.2	    0.0	  200.0	  742.9	 1316.0	    0.0	  200.0	  100.0	    0.0	    0.0	    0.0	    0.0	    1.5	   25.1	  1	 -550.0	 1250.0	    0.0	    0.0	    1.5	1	   63.9	 21	 1369.2	   16.9	
  754	  75.40	 -483.3	 1249.9	    3.1	  749.5	 1372.2	    0.0	  200.0	  742.9	 1316.0	    0.0	  200.0	  100.0	    0.0	    0.0	    0.0	    0.0	    1.5	   25.1	  1	 -550.0	 1250.0	    0.0	    0.0	    1.5	1	   63.9	 21	 1369.3	   16.9	
  755	  75.50	 -483.3	 1249.9	    3.1	  749.5	 1372.2	    0.0	  200.0	  742.9	 1316.0	    0.0	  200.0	  100.0	    0.0	    0.0	    0.0	    0.0	    1.5	   25.1	  1	 -550.0	 1250.0	    0.0	    0.0	    1.5	1	   63.9	 21	 1369.5	   16.9	
  756	  75.60	 -483.3	 1249.9	    3.1	  749.5	 1372.2	    0.0	  200.0	  742.9	 1316.0	    0.0	  200.0	  100.0	    0.0	    0.0	    0.0	    0.0	    1.5	   25.2	  1	 -550.0	 1250.0	    0.0	    0.0	    1.5	1	   63.9	 21	 1369.6	   17.0	
  757	  75.70	 -483.3	 1249.9	    3.1	  749.5	 1372.2	    0.0	  200.0	  742.9	 1316.0	    0.0	  200.0	  100.0	    0.0	    0.0	    0.0	    0.0	    1.5	   25.2	  1	 -550.0	 1250.0	    0.0	    0.0	    1.5	1	   63.9	 21	 1369.8	   17.0	
  758	  75.80	 -483.3	 1249.9	    3.1	  749.5	 1372.2	    0.0	  200.0	  742.9	 1316.0	    0.0	  200.0	  100.0	    0.0	    0.0	    0.0	    0.0	    1.5	   25.3	  1	 -550.0	 1250.0	    0.0	    0.0	    1.5	1	   63.9	 21	 1370.0	   17.0	
  759	  75.90	 -483.3	 1249.9	    3.1	  749.5	 1372.2	    0.0	  200.0	  742.9	 1316.0	    0.0	  200.0	  100.0	    0.0	    0.0	    0.0	    0.0	    1.5	   25.3	  1	 -550.0	 1250.0	    0.0	    0.0	    1.5	1	   63.9	 21	 1370.1	   17.0	
  760	  76.00	 -483.3	 1249.9	    3.1	  749.5	 1372.2	    0.0	  200.0	  742.9	 1316.0	    0.0	  200.0	  100.0	    0.0	    0.0	    0.0	    0.0	    1.5	   25.3	  1	 -550.0	 1250.0	    0.0	    0.0	    1.5	1	   63.9	 21	 1370.3	   17.0	
  761	  76.10	 -483.3	 1249.9	    3.1	  749.5	 1372.2	    0.0	  200.0	  742.9	 1316.0	    0.0	  200.0	  100.0	    0.0	    0.0	    0.0	    0.0	    1.5	   25.4	  1	 -550.0	 1250.0	    0.0	    0.0	    1.5	1	   63.9	 21	 1370.4	   17.0	
  762	  76.20	 -483.3	 1249.9	    3.1	  749.5	 1372.2	    0.0	  200.0	  742.9	 1316.0	    0.0	  200.0	  100.0	    0.0	    0.0	    0.0	    0.0	    1.5	   25.4	  1	 -550.0	 1250.0	    0.0	    0.0	    1.5	1	   63.9	 21	 1370.6	   17.1	
  763	  76.30	 -483.3	 1249.9	    3.1	  749.5	 1372.2	    0.0	  200.0	  742.9	 1316.0	    0.0	  200.0	  100.0	    0.0	    0.0	    0.0	    0.0	    1.5	   25.5	  1	 -550.0	 1250.0	    0.0	    0.0	    1.5	1	   63.9	 21	 1370.7	   17.1	
  764	  76.40	 -483.3	 1249.9	    3.1	  749.5	 1372.2	    0.0	  200.0	  742.9	 1316.0	    0.0	  200.0	  100.0	    0.0	    0.0	    0.0	    0.0	    1.5	   25.5	  1	 -550.0	 1250.0	    0.0	    0.0	    1.5	1	   63.9	 21	 1370.9	   17.1	
  765	  76.50	 -483.3	 1249.9	    3.1	  749.5	 1372.2	    0.0	  200.0	  742.9	 1316.0	    0.0	  200.0	  100.0	    0.0	    0.0	    0.0	    0.0	    1.5	   25.5	  1	 -550.0	 1250.0	    0.0	    0.0	    1.5	1	   63.9	 21	 1371.1	   17.1	
  766	  76.60	 -483.3	 1249.9	    3.1	  749.5	 1372.2	    0.0	  200.0	  742.9	 1316.0	    0.0	  200.0	  100.0	    0.0	    0.0	    0.0	    0.0	    1.5	   25.6	  1	 -550.0	 1250.0	    0.0	    0.0	    1.5	1	   63.9	 21	 1371.2	   17.1	
  767	  76.70	 -483.3	 1249.9	    3.1	  749.5	 1372.2	    0.0	  200.0	  742.9	 1316.0	    0.0	  200.0	  100.0	    0.0	    0.0	    0.0	    0.0	    1.5	   25.6	  1	 -550.0	 1250.0	    0.0	    0.0	    1.5	1	   63.9	 21	 1371.4	   17.1	
  768	  76.80	 -483.3	 1249.9	    3.1	  749.5	 1372.2	    0.0	  200.0	  742.9	 1316.0	    0.0	  200.0	  100.0	    0.0	    0.0	    0.0	    0.0	    1.5	   25.7	  1	 -550.0	 1250.0	    0.0	    0.0	    1.5	1	   63.9	 21	 1371.5	   17.2	
  769	  76.90	 -483.3	 1249.9	    3.1	  749.5	 1372.2	    0.0	  200.0	  742.9	 1316.0	    0.0	  200.0	  100.0	    0.0	    0.0	    0.0	    0.0	    1.6	   25.7	  1	 -550.0	 1250.0	    0.0	    0.0	    1.6	1	   63.9	 21	 1371.7	   17.2	
  770	  77.00	 -483.3	 1249.9	    3.1	  749.5	 1372.2	    0.0	  200.0	  742.9	 1316.0	    0.0	  200.0	  100.0	    0.0	    0.0	    0.0	    0.0	    1.6	   25.7	  1	 -550.0	 1250.0	    0.0	    0.0	    1.6	1	   63.9	 21	 1371.8	   17.2	
  771	  77.10	 -483.3	 1249.9	    3.1	  749.5	 1372.2	    0.0	  200.0	  742.9	 1316.0	    0.0	  200.0	  100.0	    0.0	    0.0	    0.0	    0.0	    1.6	   25.8	  1	 -550.0	 1250.0	    0.0	    0.0	    1.6	1	   63.9	 21	 1372.0	   17.2	
  772	  77.20	 -483.3	 1249.9	    3.1	  749.5	 1372.2	    0.0	  200.0	  742.9	 1316.0	    0.0	  200.0	  100.0	    0.0	    0.0	    0.0	    0.0	    1.6	   25.8	  1	 -550.0	 1250.0	    0.0	    0.0	    1.6	1	   63.9	 21	 1372.1	   17.2	
  773	  77.30	 -483.3	 1249.9	    3.1	  749.5	 1372.2	    0.0	  200.0	  742.9	 1316.0	    0.0	  200.0	  100.0	    0.0	    0.0	    0.0	    0.0	    1.6	   25.9	  1	 -550.0	 1250.0	    0.0	    0.0	    1.6	1	   63.9	 21	 1372.3	   17.2	
  774	  77.40	 -483.3	 1249.9	    3.1	  749.5	 1372.2	    0.0	  200.0	  742.9	 1316.0	    0.0	  200.0	  100.0	    0.0	    0.0	    0.0	    0.0	    1.6	   25.9	  1	 -550.0	 1250.0	    0.0	    0.0	    1.6	1	   63.9	 21	 1372.4	   17.2	
  775	  77.50	 -483.3	 1249.9	    3.1	  749.5	 1372.2	    0.0	  200.0	  742.9	 1316.0	    0.0	  200.0	  100.0	    0.0	    0.0	    0.0	    0.0	    1.6	   25.9	  1	 -550.0	 1250.0	    0.0	    0.0	    1.6	1	   63.9	 21	 1372.6	   17.3	
  776	  77.60	 -483.3	 1249.9	    3.1	  749.5	 1372.2	    0.0	  200.0	  742.9	 1316.0	    0.0	  200.0	  100.0	    0.0	    0.0	    0.0	    0.0	    1.6	   26.0	  1	 -550.0	 1250.0	    0.0	    0.0	    1.6	1	   63.9	 21	 1372.7	   17.3	
  777	  77.70	 -483.3	 1249.9	    3.1	  749.5	 1372.2	    0.0	  200.0	  742.9	 1316.0	    0.0	  200.0	  100.0	    0.0	    0.0	    0.0	    0.0	    1.6	   26.0	  1	 -550.0	 1250.0	    0.0	    0.0	    1.6	1	   63.9	 21	 1372.8	   17.3	
  778	  77.80	 -483.3	 1249.9	    3.1	  749.5	 1372.2	    0.0	  200.0	  742.9	 1316.0	    0.0	  200.0	  100.0	    0.0	    0.0	    0.0	    0.0	    1.6	   26.1	  1	 -550.0	 1250.0	    0.0	    0.0	    1.6	1	   63.9	 21	 1373.0	   17.3	
  779	  77.90	 -483.3	 1249.9	    3.1	  749.5	 1372.2	    0.0	  200.0	  742.9	 1316.0	    0.0	  200.0	  100.0	    0.0	    0.0	    0.0	    0.0	    1.6	   26.1	  1	 -550.0	 1250.0	    0.0	    0.0	    1.6	1	   63.9	 21	 1373.1	   17.3	
  780	  78.00	 -483.3	 1249.9	    3.1	  749.5	 1372.2	    0.0	  200.0	  742.9	 1316.0	    0.0	  200.0	  100.0	    0.0	    0.0	    0.0	    0.0	    1.6	   26.1	  1	 -550.0	 1250.0	    0.0	    0.0	    1.6	1	   63.9	 21	 1373.3	   17.3	
  781	  78.10	 -483.3	 1249.9	    3.1	  749.5	 1372.2	    0.0	  200.0	  742.9	 1316.0	    0.0	  200.0	  100.0	    0.0	    0.0	    0.0	    0.0	    1.6	   26.2	  1	 -550.0	 1250.0	    0.0	    0.0	    1.6	1	   63.9	 21	 1373.4	   17.3	
  782	  78.20	 -483.3	 1249.9	    3.1	  749.5	 1372.2	    0.0	  200.0	  742.9	 1316.0	    0.0	  200.0	  100.0	    0.0	    0.0	    0.0	    0.0	    1.6	   26.2	  1	 -550.0	 1250.0	    0.0	    0.0	    1.6	1	   63.9	 21	 1373.6	   17.4	
  783	  78.30	 -483.3	 1249.9	    3.1	  749.5	 1372.2	    0.0	  200.0	  742.9	 1316.0	    0.0	  200.0	  100.0	    0.0	    0.0	    0.0	    0.0	    1.6	   26.3	  1	 -550.0	 1250.0	    0.0	    0.0	    1.6	1	   63.9	 21	 1373.7	   17.4	
  784	  78.40	 -483.3	 1249.9	    3.1	  749.5	 1372.2	    0.0	  200.0	  742.9	 1316.0	    0.0	  200.0	  100.0	    0.0	    0.0	    0.0	    0.0	    1.6	   26.3	  1	 -550.0	 1250.0	    0.0	    0.0	    1.6	1	   63.9	 21	 1373.9	   17.4	
  785	  78.50	 -483.3	 1249.9	    3.1	  749.5	 1372.2	    0.0	  200.0	  742.9	 1316.0	    0.0	  200.0	  100.0	    0.0	    0.0	    0.0	    0.0	    1.6	   26.3	  1	 -550.0	 1250.0	    0.0	    0.0	    1.6	1	   63.9	 21	 1374.0	   17.4	
  786	  78.60	 -483.3	 1249.9	    3.1	  749.5	 1372.2	    0.0	  200.0	  742.9	 1316.0	    0.0	  200.0	  100.0	    0.0	    0.0	    0.0	    0.0	    1.6	   26.4	  1	 -550.0	 1250.0	    0.0	    0.0	    1.6	1	   63.9	 21	 1374.1	   17.4	
  787	  78.70	 -483.3	 1249.9	    3.1	  749.5	 1372.2	    0.0	  200.0	  742.9	 1316.0	    0.0	  200.0	  100.0	    0.0	    0.0	    0.0	    0.0	    1.6	   26.4	  1	 -550.0	 1250.0	    0.0	    0.0	    1.6	1	   63.9	 21	 1374.3	   17.4	
  788	  78.80	 -483.3	 1249.9	    3.1	  749.5	 1372.2	    0.0	  200.0	  742.9	 1316.0	    0.0	  200.0	  100.0	    0.0	    0.0	    0.0	    0.0	    1.6	   26.4	  1	 -550.0	 1250.0	    0.0	    0.0	    1.6	1	   63.9	 21	 1374.4	   17.4	
  789	  78.90	 -483.3	 1249.9	    3.1	  749.5	 1372.2	    0.0	  200.0	  742.9	 1316.0	    0.0	  200.0	  100.0	    0.0	    0.0	    0.0	    0.0	    1.7	   26.5	  1	 -550.0	 1250.0	    0.0	    0.0	    1.7	1	   63.9	 21	 1374.6	   17.5	
  790	  79.00	 -483.3	 1249.9	    3.1	  749.5	 1372.2	    0.0	  200.0	  742.9	 1316.0	    0.0	  200.0	  100.0	    0.0	    0.0	    0.0	    0.0	    1.7	   26.5	  1	 -550.0	 1250.0	    0.0	    0.0	    1.7	1	   63.9	 21	 1374.7	   17.5	
  791	  79.10	 -483.3	 1249.9	    3.1	  749.5	 1372.2	    0.0	  200.0	  742.9	 1316.0	    0.0	  200.0	  100.0	    0.0	    0.0	    0.0	    0.0	    1.7	   26.6	  1	 -550.0	 1250.0	    0.0	    0.0	    1.7	1	   63.9	 21	 1374.8	   17.5	
  792	  79.20	 -483.3	 1249.9	    3.1	  749.5	 1372.2	    0.0	  200.0	  742.9	 1316.0	    0.0	  200.0	  100.0	    0.0	    0.0	    0.0	    0.0	    1.7	   26.6	  1	 -550.0	 1250.0	    0.0	    0.0	    1.7	1	   63.9	 21	 1375.0	   17.5	
  793	  79.30	 -483.3	 1249.9	    3.1	  749.5	 1372.2	    0.0	  200.0	  742.9	 1316.0	    0.0	  200.0	  100.0	    0.0	    0.0	    0.0	    0.0	    1.7	   26.6	  1	 -550.0	 1250.0	    0.0	    0.0	    1.7	1	   63.9	 21	 1375.1	   17.5	
  794	  79.40	 -483.3	 1249.9	    3.1	  749.5	 1372.2	    0.0	  200.0	  742.9	 1316.0	    0.0	  200.0	  100.0	    0.0	    0.0	    0.0	    0.0	    1.7	   26.7	  1	 -550.0	 1250.0	    0.0	    0.0	    1.7	1	   63.9	 21	 1375.3	   17.5	
  795	  79.50	 -483.3	 1249.9	    3.1	  749.5	 1372.2	    0.0	  200.0	  742.9	 1316.0	    0.0	  200.0	  100.0	    0.0	    0.0	    0.0	    0.0	    1.7	   26.7	  1	 -550.0	 1250.0	    0.0	    0.0	    1.7	1	   63.9	 21	 1375.4	   17.5	
  796	  79.60	 -483.3	 1249.9	    3.1	  749.5	 1372.2	    0.0	  200.0	  742.9	 1316.0	    0.0	  200.0	  100.0	    0.0	    0.0	    0.0	    0.0	    1.7	   26.8	  1	 -550.0	 1250.0	    0.0	    0.0	    1.7	1	   63.9	 21	 1375.5	   17.6	
  797	  79.70	 -483.3	 1249.9	    3.1	  749.5	 1372.2	    0.0	  200.0	  742.9	 1316.0	    0.0	  200.0	  100.0	    0.0	    0.0	    0.0	    0.0	    1.7	   26.8	  1	 -550.0	 1250.0	    0.0	    0.0	    1.7	1	   63.9	 21	 1375.7	   17.6	
  798	  79.80	 -483.3	 1249.9	    3.1	  749.5	 1372.2	    0.0	  200.0	  742.9	 1316.0	    0.0	  200.0	  100.0	    0.0	    0.0	    0.0	    0.0	    1.7	   26.8	  1	 -550.0	 1250.0	    0.0	    0.0	    1.7	1	   63.9	 21	 1375.8	   17.6	
  799	  79.90	 -483.3	 1249.9	    3.1	  749.5	 1372.2	    0.0	  200.0	  742.9	 1316.0	    0.0	  200.0	  100.0	    0.0	    0.0	    0.0	    0.0	    1.7	   26.9	  1	 -550.0	 1250.0	    0.0	    0.0	    1.7	1	   63.9	 21	 1375.9	   17.6	
  800	  80.00	 -483.3	 1249.9	    3.1	  749.5	 1372.2	    0.0	  200.0	  742.9	 1316.0	    0.0	  200.0	  100.0	    0.0	    0.0	    0.0	    0.0	    1.7	   26.9	  1	 -550.0	 1250.0	    0.0	    0.0	    1.7	1	   63.9	 21	 1376.1	   17.6	
  801	  80.10	 -483.3	 1249.9	    3.1	  749.5	 1372.2	    0.0	  200.0	  742.9	 1316.0	    0.0	  200.0	  100.0	    0.0	    0.0	    0.0	    0.0	    1.7	   27.0	  1	 -550.0	 1250.0	    0.0	    0.0	    1.7	1	   63.9	 21	 1376.2	   17.6	
  802	  80.20	 -483.3	 1249.9	    3.1	  749.5	 1372.2	    0.0	  200.0	  742.9	 1316.0	    0.0	  200.0	  100.0	    0.0	    0.0	    0.0	    0.0	    1.7	   27.0	  1	 -550.0	 1250.0	    0.0	    0.0	    1.7	1	   63.9	 21	 1376.3	   17.6	
  803	  80.30	 -483.3	 1249.9	    3.1	  749.5	 1372.2	    0.0	  200.0	  742.9	 1316.0	    0.0	  200.0	  100.0	    0.0	    0.0	    0.0	    0.0	    1.7	   27.0	  1	 -550.0	 1250.0	    0.0	    0.0	    1.7	1	   63.9	 21	 1376.5	   17.6	
  804	  80.40	 -483.3	 1249.9	    3.1	  749.5	 1372.2	    0.0	  200.0	  742.9	 1316.0	    0.0	  200.0	  100.0	    0.0	    0.0	    0.0	    0.0	    1.7	   27.1	  1	 -550.0	 1250.0	    0.0	    0.0	    1.7	1	   63.9	 21	 1376.6	   17.7	
  805	  80.50	 -483.3	 1249.9	    3.1	  749.5	 1372.2	    0.0	  200.0	  742.9	 1316.0	    0.0	  200.0	  100.0	    0.0	    0.0	    0.0	    0.0	    1.7	   27.1	  1	 -550.0	 1250.0	    0.0	    0.0	    1.7	1	   63.9	 21	 1376.7	   17.7	
  806	  80.60	 -483.3	 1249.9	    3.1	  749.5	 1372.2	    0.0	  200.0	  742.9	 1316.0	    0.0	  200.0	  100.0	    0.0	    0.0	    0.0	    0.0	    1.7	   27.2	  1	 -550.0	 1250.0	    0.0	    0.0	    1.7	1	   63.9	 21	 1376.9	   17.7	
  807	  80.70	 -483.3	 1249.9	    3.1	  749.5	 1372.2	    0.0	  200.0	  742.9	 1316.0	    0.0	  200.0	  100.0	    0.0	    0.0	    0.0	    0.0	    1.7	   27.2	  1	 -550.0	 1250.0	    0.0	    0.0	    1.7	1	   63.9	 21	 1377.0	   17.7	
  808	  80.80	 -483.3	 1249.9	    3.1	  749.5	 1372.2	    0.0	  200.0	  742.9	 1316.0	    0.0	  200.0	  100.0	    0.0	    0.0	    0.0	    0.0	    1.7	   27.2	  1	 -550.0	 1250.0	    0.0	    0.0	    1.7	1	   63.9	 21	 1377.1	   17.7	
  809	  80.90	 -483.3	 1249.9	    3.1	  749.5	 1372.2	    0.0	  200.0	  742.9	 1316.0	    0.0	  200.0	  100.0	    0.0	    0.0	    0.0	    0.0	    1.7	   27.3	  1	 -550.0	 1250.0	    0.0	    0.0	    1.7	1	   63.9	 21	 1377.3	   17.7	
  810	  81.00	 -483.3	 1249.9	    3.1	  749.5	 1372.2	    0.0	  200.0	  742.9	 1316.0	    0.0	  200.0	  100.0	    0.0	    0.0	    0.0	    0.0	    1.8	   27.3	  1	 -550.0	 1250.0	    0.0	    0.0	    1.8	1	   63.9	 21	 1377.4	   17.7	
  811	  81.10	 -483.3	 1249.9	    3.1	  749.5	 1372.2	    0.0	  200.0	  742.9	 1316.0	    0.0	  200.0	  100.0	    0.0	    0.0	    0.0	    0.0	    1.8	   27.4	  1	 -550.0	 1250.0	    0.0	    0.0	    1.8	1	   63.9	 21	 1377.5	   17.8	
  812	  81.20	 -483.3	 1249.9	    3.1	  749.5	 1372.2	    0.0	  200.0	  742.9	 1316.0	    0.0	  200.0	  100.0	    0.0	    0.0	    0.0	    0.0	    1.8	   27.4	  1	 -550.0	 1250.0	    0.0	    0.0	    1.8	1	   63.9	 21	 1377.7	   17.8	
  813	  81.30	 -483.3	 1249.9	    3.1	  749.5	 1372.2	    0.0	  200.0	  742.9	 1316.0	    0.0	  200.0	  100.0	    0.0	    0.0	    0.0	    0.0	    1.8	   27.4	  1	 -550.0	 1250.0	    0.0	    0.0	    1.8	1	   63.9	 21	 1377.8	   17.8	
  814	  81.40	 -483.3	 1249.9	    3.1	  749.5	 1372.2	    0.0	  200.0	  742.9	 1316.0	    0.0	  200.0	  100.0	    0.0	    0.0	    0.0	    0.0	    1.8	   27.5	  1	 -550.0	 1250.0	    0.0	    0.0	    1.8	1	   63.9	 21	 1377.9	   17.8	
  815	  81.50	 -483.3	 1249.9	    3.1	  749.5	 1372.2	    0.0	  200.0	  742.9	 1316.0	    0.0	  200.0	  100.0	    0.0	    0.0	    0.0	    0.0	    1.8	   27.5	  1	 -550.0	 1250.0	    0.0	    0.0	    1.8	1	   63.9	 21	 1378.0	   17.8	
  816	  81.60	 -483.3	 1249.9	    3.1	  749.5	 1372.2	    0.0	  200.0	  742.9	 1316.0	    0.0	  200.0	  100.0	    0.0	    0.0	    0.0	    0.0	    1.8	   27.6	  1	 -550.0	 1250.0	    0.0	    0.0	    1.8	1	   63.9	 21	 1378.2	   17.8	
  817	  81.70	 -483.3	 1249.9	    3.1	  749.5	 1372.2	    0.0	  200.0	  742.9	 1316.0	    0.0	  200.0	  100.0	    0.0	    0.0	    0.0	    0.0	    1.8	   27.6	  1	 -550.0	 1250.0	    0.0	    0.0	    1.8	1	   63.9	 21	 1378.3	   17.8	
  818	  81.80	 -483.3	 1249.9	    3.1	  749.5	 1372.2	    0.0	  200.0	  742.9	 1316.0	    0.0	  200.0	  100.0	    0.0	    0.0	    0.0	    0.0	    1.8	   27.6	  1	 -550.0	 1250.0	    0.0	    0.0	    1.8	1	   63.9	 21	 1378.4	   17.8	
  819	  81.90	 -483.3	 1249.9	    3.1	  749.5	 1372.2	    0.0	  200.0	  742.9	 1316.0	    0.0	  200.0	  100.0	    0.0	    0.0	    0.0	    0.0	    1.8	   27.7	  1	 -550.0	 1250.0	    0.0	    0.0	    1.8	1	   63.9	 21	 1378.5	   17.9	
  820	  82.00	 -483.3	 1249.9	    3.1	  749.5	 1372.2	    0.0	  200.0	  742.9	 1316.0	    0.0	  200.0	  100.0	    0.0	    0.0	    0.0	    0.0	    1.8	   27.7	  1	 -550.0	 1250.0	    0.0	    0.0	    1.8	1	   63.9	 21	 1378.7	   17.9	
  821	  82.10	 -483.3	 1249.9	    3.1	  749.5	 1372.2	    0.0	  200.0	  742.9	 1316.0	    0.0	  200.0	  100.0	    0.0	    0.0	    0.0	    0.0	    1.8	   27.8	  1	 -550.0	 1250.0	    0.0	    0.0	    1.8	1	   63.9	 21	 1378.8	   17.9	
  822	  82.20	 -483.3	 1249.9	    3.1	  749.5	 1372.2	    0.0	  200.0	  742.9	 1316.0	    0.0	  200.0	  100.0	    0.0	    0.0	    0.0	    0.0	    1.8	   27.8	  1	 -550.0	 1250.0	    0.0	    0.0	    1.8	1	   63.9	 21	 1378.9	   17.9	
  823	  82.30	 -483.3	 1249.9	    3.1	  749.5	 1372.2	    0.0	  200.0	  742.9	 1316.0	    0.0	  200.0	  100.0	    0.0	    0.0	    0.0	    0.0	    1.8	   27.8	  1	 -550.0	 1250.0	    0.0	    0.0	    1.8	1	   63.9	 21	 1379.0	   17.9	
  824	  82.40	 -483.3	 1249.9	    3.1	  749.5	 1372.2	    0.0	  200.0	  742.9	 1316.0	    0.0	  200.0	  100.0	    0.0	    0.0	    0.0	    0.0	    1.8	   27.9	  1	 -550.0	 1250.0	    0.0	    0.0	    1.8	1	   63.9	 21	 1379.2	   17.9	
  825	  82.50	 -483.3	 1249.9	    3.1	  749.5	 1372.2	    0.0	  200.0	  742.9	 1316.0	    0.0	  200.0	  100.0	    0.0	    0.0	    0.0	    0.0	    1.8	   27.9	  1	 -550.0	 1250.0	    0.0	    0.0	    1.8	1	   63.9	 21	 1379.3	   17.9	
  826	  82.60	 -483.3	 1249.9	    3.1	  749.5	 1372.2	    0.0	  200.0	  742.9	 1316.0	    0.0	  200.0	  100.0	    0.0	    0.0	    0.0	    0.0	    1.8	   28.0	  1	 -550.0	 1250.0	    0.0	    0.0	    1.8	1	   63.9	 21	 1379.4	   17.9	
  827	  82.70	 -483.3	 1249.9	    3.1	  749.5	 1372.2	    0.0	  200.0	  742.9	 1316.0	    0.0	  200.0	  100.0	    0.0	    0.0	    0.0	    0.0	    1.8	   28.0	  1	 -550.0	 1250.0	    0.0	    0.0	    1.8	1	   63.9	 21	 1379.5	   18.0	
  828	  82.80	 -483.3	 1249.9	    3.1	  749.5	 1372.2	    0.0	  200.0	  742.9	 1316.0	    0.0	  200.0	  100.0	    0.0	    0.0	    0.0	    0.0	    1.8	   28.0	  1	 -550.0	 1250.0	    0.0	    0.0	    1.8	1	   63.9	 21	 1379.7	   18.0	
  829	  82.90	 -483.3	 1249.9	    3.1	  749.5	 1372.2	    0.0	  200.0	  742.9	 1316.0	    0.0	  200.0	  100.0	    0.0	    0.0	    0.0	    0.0	    1.8	   28.1	  1	 -550.0	 1250.0	    0.0	    0.0	    1.8	1	   63.9	 21	 1379.8	   18.0	
  830	  83.00	 -483.3	 1249.9	    3.1	  749.5	 1372.2	    0.0	  200.0	  742.9	 1316.0	    0.0	  200.0	  100.0	    0.0	    0.0	    0.0	    0.0	    1.9	   28.1	  1	 -550.0	 1250.0	    0.0	    0.0	    1.9	1	   63.9	 21	 1379.9	   18.0	
  831	  83.10	 -483.3	 1249.9	    3.1	  749.5	 1372.2	    0.0	  200.0	  742.9	 1316.0	    0.0	  200.0	  100.0	    0.0	    0.0	    0.0	    0.0	    1.9	   28.1	  1	 -550.0	 1250.0	    0.0	    0.0	    1.9	1	   63.9	 21	 1380.0	   18.0	
  832	  83.20	 -483.3	 1249.9	    3.1	  749.5	 1372.2	    0.0	  200.0	  742.9	 1316.0	    0.0	  200.0	  100.0	    0.0	    0.0	    0.0	    0.0	    1.9	   28.2	  1	 -550.0	 1250.0	    0.0	    0.0	    1.9	1	   63.9	 21	 1380.1	   18.0	
  833	  83.30	 -483.3	 1249.9	    3.1	  749.5	 1372.2	    0.0	  200.0	  742.9	 1316.0	    0.0	  200.0	  100.0	    0.0	    0.0	    0.0	    0.0	    1.9	   28.2	  1	 -550.0	 1250.0	    0.0	    0.0	    1.9	1	   63.9	 21	 1380.3	   18.0	
  834	  83.40	 -483.3	 1249.9	    3.1	  749.5	 1372.2	    0.0	  200.0	  742.9	 1316.0	    0.0	  200.0	  100.0	    0.0	    0.0	    0.0	    0.0	    1.9	   28.3	  1	 -550.0	 1250.0	    0.0	    0.0	    1.9	1	   63.9	 21	 1380.4	   18.0	
  835	  83.50	 -483.3	 1249.9	    3.1	  749.5	 1372.2	    0.0	  200.0	  742.9	 1316.0	    0.0	  200.0	  100.0	    0.0	    0.0	    0.0	    0.0	    1.9	   28.3	  1	 -550.0	 1250.0	    0.0	    0.0	    1.9	1	   63.9	 21	 1380.5	   18.0	
  836	  83.60	 -483.3	 1249.9	    3.1	  749.5	 1372.2	    0.0	  200.0	  742.9	 1316.0	    0.0	  200.0	  100.0	    0.0	    0.0	    0.0	    0.0	    1.9	   28.3	  1	 -550.0	 1250.0	    0.0	    0.0	    1.9	1	   63.9	 21	 1380.6	   18.1	
  837	  83.70	 -483.3	 1249.9	    3.1	  749.5	 1372.2	    0.0	  200.0	  742.9	 1316.0	    0.0	  200.0	  100.0	    0.0	    0.0	    0.0	    0.0	    1.9	   28.4	  1	 -550.0	 1250.0	    0.0	    0.0	    1.9	1	   63.9	 21	 1380.7	   18.1	
  838	  83.80	 -483.3	 1249.9	    3.1	  749.5	 1372.2	    0.0	  200.0	  742.9	 1316.0	    0.0	  200.0	  100.0	    0.0	    0.0	    0.0	    0.0	    1.9	   28.4	  1	 -550.0	 1250.0	    0.0	    0.0	    1.9	1	   63.9	 21	 1380.8	   18.1	
  839	  83.90	 -483.3	 1249.9	    3.1	  749.5	 1372.2	    0.0	  200.0	  742.9	 1316.0	    0.0	  200.0	  100.0	    0.0	    0.0	    0.0	    0.0	    1.9	   28.5	  1	 -550.0	 1250.0	    0.0	    0.0	    1.9	1	   63.9	 21	 1381.0	   18.1	
  840	  84.00	 -483.3	 1249.9	    3.1	  749.5	 1372.2	    0.0	  200.0	  742.9	 1316.0	    0.0	  200.0	  100.0	    0.0	    0.0	    0.0	    0.0	    1.9	   28.5	  1	 -550.0	 1250.0	    0.0	    0.0	    1.9	1	   63.9	 21	 1381.1	   18.1	
  841	  84.10	 -483.3	 1249.9	    3.1	  749.5	 1372.2	    0.0	  200.0	  742.9	 1316.0	    0.0	  200.0	  100.0	    0.0	    0.0	    0.0	    0.0	    1.9	   28.5	  1	 -550.0	 1250.0	    0.0	    0.0	    1.9	1	   63.9	 21	 1381.2	   18.1	
  842	  84.20	 -483.3	 1249.9	    3.1	  749.5	 1372.2	    0.0	  200.0	  742.9	 1316.0	    0.0	  200.0	  100.0	    0.0	    0.0	    0.0	    0.0	    1.9	   28.6	  1	 -550.0	 1250.0	    0.0	    0.0	    1.9	1	   63.9	 21	 1381.3	   18.1	
  843	  84.30	 -483.3	 1249.9	    3.1	  749.5	 1372.2	    0.0	  200.0	  742.9	 1316.0	    0.0	  200.0	  100.0	    0.0	    0.0	    0.0	    0.0	    1.9	   28.6	  1	 -550.0	 1250.0	    0.0	    0.0	    1.9	1	   63.9	 21	 1381.4	   18.1	
  844	  84.40	 -483.3	 1249.9	    3.1	  749.5	 1372.2	    0.0	  200.0	  742.9	 1316.0	    0.0	  200.0	  100.0	    0.0	    0.0	    0.0	    0.0	    1.9	   28.7	  1	 -550.0	 1250.0	    0.0	    0.0	    1.9	1	   63.9	 21	 1381.5	   18.2	
  845	  84.50	 -483.3	 1249.9	    3.1	  749.5	 1372.2	    0.0	  200.0	  742.9	 1316.0	    0.0	  200.0	  100.0	    0.0	    0.0	    0.0	    0.0	    1.9	   28.7	  1	 -550.0	 1250.0	    0.0	    0.0	    1.9	1	   63.9	 21	 1381.7	   18.2	
  846	  84.60	 -483.3	 1249.9	    3.1	  749.5	 1372.2	    0.0	  200.0	  742.9	 1316.0	    0.0	  200.0	  100.0	    0.0	    0.0	    0.0	    0.0	    1.9	   28.7	  1	 -550.0	 1250.0	    0.0	    0.0	    1.9	1	   63.9	 21	 1381.8	   18.2	
  847	  84.70	 -483.3	 1249.9	    3.1	  749.5	 1372.2	    0.0	  200.0	  742.9	 1316.0	    0.0	  200.0	  100.0	    0.0	    0.0	    0.0	    0.0	    1.9	   28.8	  1	 -550.0	 1250.0	    0.0	    0.0	    1.9	1	   63.9	 21	 1381.9	   18.2	
  848	  84.80	 -483.3	 1249.9	    3.1	  749.5	 1372.2	    0.0	  200.0	  742.9	 1316.0	    0.0	  200.0	  100.0	    0.0	    0.0	    0.0	    0.0	    1.9	   28.8	  1	 -550.0	 1250.0	    0.0	    0.0	    1.9	1	   63.9	 21	 1382.0	   18.2	
  849	  84.90	 -483.3	 1249.9	    3.1	  749.5	 1372.2	    0.0	  200.0	  742.9	 1316.0	    0.0	  200.0	  100.0	    0.0	    0.0	    0.0	    0.0	    1.9	   28.9	  1	 -550.0	 1250.0	    0.0	    0.0	    1.9	1	   63.9	 21	 1382.1	   18.2	
  850	  85.00	 -483.3	 1249.9	    3.1	  749.5	 1372.2	    0.0	  200.0	  742.9	 1316.0	    0.0	  200.0	  100.0	    0.0	    0.0	    0.0	    0.0	    2.0	   28.9	  1	 -550.0	 1250.0	    0.0	    0.0	    2.0	1	   63.9	 21	 1382.2	   18.2	
  851	  85.10	 -483.3	 1249.9	    3.1	  749.5	 1372.2	    0.0	  200.0	  742.9	 1316.0	    0.0	  200.0	  100.0	    0.0	    0.0	    0.0	    0.0	    2.0	   28.9	  1	 -550.0	 1250.0	    0.0	    0.0	    2.0	1	   63.9	 21	 1382.3	   18.2	
  852	  85.20	 -483.3	 1249.9	    3.1	  749.5	 1372.2	    0.0	  200.0	  742.9	 1316.0	    0.0	  200.0	  100.0	    0.0	    0.0	    0.0	    0.0	    2.0	   29.0	  1	 -550.0	 1250.0	    0.0	    0.0	    2.0	1	   63.9	 21	 1382.5	   18.2	
  853	  85.30	 -483.3	 1249.9	    3.1	  749.5	 1372.2	    0.0	  200.0	  742.9	 1316.0	    0.0	  200.0	  100.0	    0.0	    0.0	    0.0	    0.0	    2.0	   29.0	  1	 -550.0	 1250.0	    0.0	    0.0	    2.0	1	   63.9	 21	 1382.6	   18.3	
  854	  85.40	 -483.3	 1249.9	    3.1	  749.5	 1372.2	    0.0	  200.0	  742.9	 1316.0	    0.0	  200.0	  100.0	    0.0	    0.0	    0.0	    0.0	    2.0	   29.1	  1	 -550.0	 1250.0	    0.0	    0.0	    2.0	1	   63.9	 21	 1382.7	   18.3	
  855	  85.50	 -483.3	 1249.9	    3.1	  749.5	 1372.2	    0.0	  200.0	  742.9	 1316.0	    0.0	  200.0	  100.0	    0.0	    0.0	    0.0	    0.0	    2.0	   29.1	  1	 -550.0	 1250.0	    0.0	    0.0	    2.0	1	   63.9	 21	 1382.8	   18.3	
  856	  85.60	 -483.3	 1249.9	    3.1	  749.5	 1372.2	    0.0	  200.0	  742.9	 1316.0	    0.0	  200.0	  100.0	    0.0	    0.0	    0.0	    0.0	    2.0	   29.1	  1	 -550.0	 1250.0	    0.0	    0.0	    2.0	1	   63.9	 21	 1382.9	   18.3	
  857	  85.70	 -483.3	 1249.9	    3.1	  749.5	 1372.2	    0.0	  200.0	  742.9	 1316.0	    0.0	  200.0	  100.0	    0.0	    0.0	    0.0	    0.0	    2.0	   29.2	  1	 -550.0	 1250.0	    0.0	    0.0	    2.0	1	   63.9	 21	 1383.0	   18.3	
  858	  85.80	 -483.3	 1249.9	    3.1	  749.5	 1372.2	    0.0	  200.0	  742.9	 1316.0	    0.0	  200.0	  100.0	    0.0	    0.0	    0.0	    0.0	    2.0	   29.2	  1	 -550.0	 1250.0	    0.0	    0.0	    2.0	1	   63.9	 21	 1383.1	   18.3	
  859	  85.90	 -483.3	 1249.9	    3.1	  749.5	 1372.2	    0.0	  200.0	  742.9	 1316.0	    0.0	  200.0	  100.0	    0.0	    0.0	    0.0	    0.0	    2.0	   29.3	  1	 -550.0	 1250.0	    0.0	    0.0	    2.0	1	   63.9	 21	 1383.2	   18.3	
  860	  86.00	 -483.3	 1249.9	    3.1	  749.5	 1372.2	    0.0	  200.0	  742.9	 1316.0	    0.0	  200.0	  100.0	    0.0	    0.0	    0.0	    0.0	    2.0	   29.3	  1	 -550.0	 1250.0	    0.0	    0.0	    2.0	1	   63.9	 21	 1383.3	   18.3	
  861	  86.10	 -483.3	 1249.9	    3.1	  749.5	 1372.2	    0.0	  200.0	  742.9	 1316.0	    0.0	  200.0	  100.0	    0.0	    0.0	    0.0	    0.0	    2.0	   29.3	  1	 -550.0	 1250.0	    0.0	    0.0	    2.0	1	   63.9	 21	 1383.5	   18.3	
  862	  86.20	 -483.3	 1249.9	    3.1	  749.5	 1372.2	    0.0	  200.0	  742.9	 1316.0	    0.0	  200.0	  100.0	    0.0	    0.0	    0.0	    0.0	    2.0	   29.4	  1	 -550.0	 1250.0	    0.0	    0.0	    2.0	1	   63.9	 21	 1383.6	   18.4	
  863	  86.30	 -483.3	 1249.9	    3.1	  749.5	 1372.2	    0.0	  200.0	  742.9	 1316.0	    0.0	  200.0	  100.0	    0.0	    0.0	    0.0	    0.0	    2.0	   29.4	  1	 -550.0	 1250.0	    0.0	    0.0	    2.0	1	   63.9	 21	 1383.7	   18.4	
  864	  86.40	 -483.3	 1249.9	    3.1	  749.5	 1372.2	    0.0	  200.0	  742.9	 1316.0	    0.0	  200.0	  100.0	    0.0	    0.0	    0.0	    0.0	    2.0	   29.5	  1	 -550.0	 1250.0	    0.0	    0.0	    2.0	1	   63.9	 21	 1383.8	   18.4	
  865	  86.50	 -483.3	 1249.9	    3.1	  749.5	 1372.2	    0.0	  200.0	  742.9	 1316.0	    0.0	  200.0	  100.0	    0.0	    0.0	    0.0	    0.0	    2.0	   29.5	  1	 -550.0	 1250.0	    0.0	    0.0	    2.0	1	   63.9	 21	 1383.9	   18.4	
  866	  86.60	 -483.3	 1249.9	    3.1	  749.5	 1372.2	    0.0	  200.0	  742.9	 1316.0	    0.0	  200.0	  100.0	    0.0	    0.0	    0.0	    0.0	    2.0	   29.5	  1	 -550.0	 1250.0	    0.0	    0.0	    2.0	1	   63.9	 21	 1384.0	   18.4	
  867	  86.70	 -483.3	 1249.9	    3.1	  749.5	 1372.2	    0.0	  200.0	  742.9	 1316.0	    0.0	  200.0	  100.0	    0.0	    0.0	    0.0	    0.0	    2.0	   29.6	  1	 -550.0	 1250.0	    0.0	    0.0	    2.0	1	   63.9	 21	 1384.1	   18.4	
  868	  86.80	 -483.3	 1249.9	    3.1	  749.5	 1372.2	    0.0	  200.0	  742.9	 1316.0	    0.0	  200.0	  100.0	    0.0	    0.0	    0.0	    0.0	    2.0	   29.6	  1	 -550.0	 1250.0	    0.0	    0.0	    2.0	1	   63.9	 21	 1384.2	   18.4	
  869	  86.90	 -483.3	 1249.9	    3.1	  749.5	 1372.2	    0.0	  200.0	  742.9	 1316.0	    0.0	  200.0	  100.0	    0.0	    0.0	    0.0	    0.0	    2.0	   29.6	  1	 -550.0	 1250.0	    0.0	    0.0	    2.0	1	   63.9	 21	 1384.3	   18.4	
  870	  87.00	 -483.3	 1249.9	    3.1	  749.5	 1372.2	    0.0	  200.0	  742.9	 1316.0	    0.0	  200.0	  100.0	    0.0	    0.0	    0.0	    0.0	    2.0	   29.7	  1	 -550.0	 1250.0	    0.0	    0.0	    2.0	1	   63.9	 21	 1384.4	   18.4	
  871	  87.10	 -483.3	 1249.9	    3.1	  749.5	 1372.2	    0.0	  200.0	  742.9	 1316.0	    0.0	  200.0	  100.0	    0.0	    0.0	    0.0	    0.0	    2.1	   29.7	  1	 -550.0	 1250.0	    0.0	    0.0	    2.1	1	   63.9	 21	 1384.5	   18.5	
  872	  87.20	 -483.3	 1249.9	    3.1	  749.5	 1372.2	    0.0	  200.0	  742.9	 1316.0	    0.0	  200.0	  100.0	    0.0	    0.0	    0.0	    0.0	    2.1	   29.8	  1	 -550.0	 1250.0	    0.0	    0.0	    2.1	1	   63.9	 21	 1384.6	   18.5	
  873	  87.30	 -483.3	 1249.9	    3.1	  749.5	 1372.2	    0.0	  200.0	  742.9	 1316.0	    0.0	  200.0	  100.0	    0.0	    0.0	    0.0	    0.0	    2.1	   29.8	  1	 -550.0	 1250.0	    0.0	    0.0	    2.1	1	   63.9	 21	 1384.7	   18.5	
  874	  87.40	 -483.3	 1249.9	    3.1	  749.5	 1372.2	    0.0	  200.0	  742.9	 1316.0	    0.0	  200.0	  100.0	    0.0	    0.0	    0.0	    0.0	    2.1	   29.8	  1	 -550.0	 1250.0	    0.0	    0.0	    2.1	1	   63.9	 21	 1384.8	   18.5	
  875	  87.50	 -483.3	 1249.9	    3.1	  749.5	 1372.2	    0.0	  200.0	  742.9	 1316.0	    0.0	  200.0	  100.0	    0.0	    0.0	    0.0	    0.0	    2.1	   29.9	  1	 -550.0	 1250.0	    0.0	    0.0	    2.1	1	   63.9	 21	 1384.9	   18.5	
  876	  87.60	 -483.3	 1249.9	    3.1	  749.5	 1372.2	    0.0	  200.0	  742.9	 1316.0	    0.0	  200.0	  100.0	    0.0	    0.0	    0.0	    0.0	    2.1	   29.9	  1	 -550.0	 1250.0	    0.0	    0.0	    2.1	1	   63.9	 21	 1385.0	   18.5	
  877	  87.70	 -483.3	 1249.9	    3.1	  749.5	 1372.2	    0.0	  200.0	  742.9	 1316.0	    0.0	  200.0	  100.0	    0.0	    0.0	    0.0	    0.0	    2.1	   30.0	  1	 -550.0	 1250.0	    0.0	    0.0	    2.1	1	   63.9	 21	 1385.1	   18.5	
  878	  87.80	 -483.3	 1249.9	    3.1	  749.5	 1372.2	    0.0	  200.0	  742.9	 1316.0	    0.0	  200.0	  100.0	    0.0	    0.0	    0.0	    0.0	    2.1	   30.0	  1	 -550.0	 1250.0	    0.0	    0.0	    2.1	1	   63.9	 21	 1385.3	   18.5	
  879	  87.90	 -483.3	 1249.9	    3.1	  749.5	 1372.2	    0.0	  200.0	  742.9	 1316.0	    0.0	  200.0	  100.0	    0.0	    0.0	    0.0	    0.0	    2.1	   30.0	  1	 -550.0	 1250.0	    0.0	    0.0	    2.1	1	   63.9	 21	 1385.4	   18.5	
  880	  88.00	 -483.3	 1249.9	    3.1	  749.5	 1372.2	    0.0	  200.0	  742.9	 1316.0	    0.0	  200.0	  100.0	    0.0	    0.0	    0.0	    0.0	    2.1	   30.1	  1	 -550.0	 1250.0	    0.0	    0.0	    2.1	1	   63.9	 21	 1385.5	   18.5	
  881	  88.10	 -483.3	 1249.9	    3.1	  749.5	 1372.2	    0.0	  200.0	  742.9	 1316.0	    0.0	  200.0	  100.0	    0.0	    0.0	    0.0	    0.0	    2.1	   30.1	  1	 -550.0	 1250.0	    0.0	    0.0	    2.1	1	   63.9	 21	 1385.6	   18.6	
  882	  88.20	 -483.3	 1249.9	    3.1	  749.5	 1372.2	    0.0	  200.0	  742.9	 1316.0	    0.0	  200.0	  100.0	    0.0	    0.0	    0.0	    0.0	    2.1	   30.2	  1	 -550.0	 1250.0	    0.0	    0.0	    2.1	1	   63.9	 21	 1385.7	   18.6	
  883	  88.30	 -483.3	 1249.9	    3.1	  749.5	 1372.2	    0.0	  200.0	  742.9	 1316.0	    0.0	  200.0	  100.0	    0.0	    0.0	    0.0	    0.0	    2.1	   30.2	  1	 -550.0	 1250.0	    0.0	    0.0	    2.1	1	   63.9	 21	 1385.8	   18.6	
  884	  88.40	 -483.3	 1249.9	    3.1	  749.5	 1372.2	    0.0	  200.0	  742.9	 1316.0	    0.0	  200.0	  100.0	    0.0	    0.0	    0.0	    0.0	    2.1	   30.2	  1	 -550.0	 1250.0	    0.0	    0.0	    2.1	1	   63.9	 21	 1385.9	   18.6	
  885	  88.50	 -483.3	 1249.9	    3.1	  749.5	 1372.2	    0.0	  200.0	  742.9	 1316.0	    0.0	  200.0	  100.0	    0.0	    0.0	    0.0	    0.0	    2.1	   30.3	  1	 -550.0	 1250.0	    0.0	    0.0	    2.1	1	   63.9	 21	 1386.0	   18.6	
  886	  88.60	 -483.3	 1249.9	    3.1	  749.5	 1372.2	    0.0	  200.0	  742.9	 1316.0	    0.0	  200.0	  100.0	    0.0	    0.0	    0.0	    0.0	    2.1	   30.3	  1	 -550.0	 1250.0	    0.0	    0.0	    2.1	1	   63.9	 21	 1386.1	   18.6	
  887	  88.70	 -483.3	 1249.9	    3.1	  749.5	 1372.2	    0.0	  200.0	  742.9	 1316.0	    0.0	  200.0	  100.0	    0.0	    0.0	    0.0	    0.0	    2.1	   30.4	  1	 -550.0	 1250.0	    0.0	    0.0	    2.1	1	   63.9	 21	 1386.2	   18.6	
  888	  88.80	 -483.3	 1249.9	    3.1	  749.5	 1372.2	    0.0	  200.0	  742.9	 1316.0	    0.0	  200.0	  100.0	    0.0	    0.0	    0.0	    0.0	    2.1	   30.4	  1	 -550.0	 1250.0	    0.0	    0.0	    2.1	1	   63.9	 21	 1386.3	   18.6	
  889	  88.90	 -483.3	 1249.9	    3.1	  749.5	 1372.2	    0.0	  200.0	  742.9	 1316.0	    0.0	  200.0	  100.0	    0.0	    0.0	    0.0	    0.0	    2.1	   30.4	  1	 -550.0	 1250.0	    0.0	    0.0	    2.1	1	   63.9	 21	 1386.4	   18.6	
  890	  89.00	 -483.3	 1249.9	    3.1	  749.5	 1372.2	    0.0	  200.0	  742.9	 1316.0	    0.0	  200.0	  100.0	    0.0	    0.0	    0.0	    0.0	    2.1	   30.5	  1	 -550.0	 1250.0	    0.0	    0.0	    2.1	1	   63.9	 21	 1386.5	   18.6	
  891	  89.10	 -483.3	 1249.9	    3.1	  749.5	 1372.2	    0.0	  200.0	  742.9	 1316.0	    0.0	  200.0	  100.0	    0.0	    0.0	    0.0	    0.0	    2.2	   30.5	  1	 -550.0	 1250.0	    0.0	    0.0	    2.2	1	   63.9	 21	 1386.6	   18.7	
  892	  89.20	 -483.3	 1249.9	    3.1	  749.5	 1372.2	    0.0	  200.0	  742.9	 1316.0	    0.0	  200.0	  100.0	    0.0	    0.0	    0.0	    0.0	    2.2	   30.6	  1	 -550.0	 1250.0	    0.0	    0.0	    2.2	1	   63.9	 21	 1386.7	   18.7	
  893	  89.30	 -483.3	 1249.9	    3.1	  749.5	 1372.2	    0.0	  200.0	  742.9	 1316.0	    0.0	  200.0	  100.0	    0.0	    0.0	    0.0	    0.0	    2.2	   30.6	  1	 -550.0	 1250.0	    0.0	    0.0	    2.2	1	   63.9	 21	 1386.8	   18.7	
  894	  89.40	 -483.3	 1249.9	    3.1	  749.5	 1372.2	    0.0	  200.0	  742.9	 1316.0	    0.0	  200.0	  100.0	    0.0	    0.0	    0.0	    0.0	    2.2	   30.6	  1	 -550.0	 1250.0	    0.0	    0.0	    2.2	1	   63.9	 21	 1386.9	   18.7	
  895	  89.50	 -483.3	 1249.9	    3.1	  749.5	 1372.2	    0.0	  200.0	  742.9	 1316.0	    0.0	  200.0	  100.0	    0.0	    0.0	    0.0	    0.0	    2.2	   30.7	  1	 -550.0	 1250.0	    0.0	    0.0	    2.2	1	   63.9	 21	 1387.0	   18.7	
  896	  89.60	 -483.3	 1249.9	    3.1	  749.5	 1372.2	    0.0	  200.0	  742.9	 1316.0	    0.0	  200.0	  100.0	    0.0	    0.0	    0.0	    0.0	    2.2	   30.7	  1	 -550.0	 1250.0	    0.0	    0.0	    2.2	1	   63.9	 21	 1387.1	   18.7	
  897	  89.70	 -483.3	 1249.9	    3.1	  749.5	 1372.2	    0.0	  200.0	  742.9	 1316.0	    0.0	  200.0	  100.0	    0.0	    0.0	    0.0	    0.0	    2.2	   30.8	  1	 -550.0	 1250.0	    0.0	    0.0	    2.2	1	   63.9	 21	 1387.2	   18.7	
  898	  89.80	 -483.3	 1249.9	    3.1	  749.5	 1372.2	    0.0	  200.0	  742.9	 1316.0	    0.0	  200.0	  100.0	    0.0	    0.0	    0.0	    0.0	    2.2	   30.8	  1	 -550.0	 1250.0	    0.0	    0.0	    2.2	1	   63.9	 21	 1387.2	   18.7	
  899	  89.90	 -483.3	 1249.9	    3.1	  749.5	 1372.2	    0.0	  200.0	  742.9	 1316.0	    0.0	  200.0	  100.0	    0.0	    0.0	    0.0	    0.0	    2.2	   30.8	  1	 -550.0	 1250.0	    0.0	    0.0	    2.2	1	   63.9	 21	 1387.3	   18.7	
  900	  90.00	 -483.3	 1249.9	    3.1	  749.5	 1372.2	    0.0	  200.0	  742.9	 1316.0	    0.0	  200.0	  100.0	    0.0	    0.0	    0.0	    0.0	    2.2	   30.9	  1	 -550.0	 1250.0	    0.0	    0.0	    2.2	1	   63.9	 21	 1387.4	   18.7	
  901	  90.10	 -483.3	 1249.9	    3.1	  749.5	 1372.2	    0.0	  200.0	  742.9	 1316.0	    0.0	  200.0	  100.0	    0.0	    0.0	    0.0	    0.0	    2.2	   30.9	  1	 -550.0	 1250.0	    0.0	    0.0	    2.2	1	   63.9	 21	 1387.5	   18.8	
  902	  90.20	 -483.3	 1249.9	    3.1	  749.5	 1372.2	    0.0	  200.0	  742.9	 1316.0	    0.0	  200.0	  100.0	    0.0	    0.0	    0.0	    0.0	    2.2	   31.0	  1	 -550.0	 1250.0	    0.0	    0.0	    2.2	1	   63.9	 21	 1387.6	   18.8	
  903	  90.30	 -483.3	 1249.9	    3.1	  749.5	 1372.2	    0.0	  200.0	  742.9	 1316.0	    0.0	  200.0	  100.0	    0.0	    0.0	    0.0	    0.0	    2.2	   31.0	  1	 -550.0	 1250.0	    0.0	    0.0	    2.2	1	   63.9	 21	 1387.7	   18.8	
  904	  90.40	 -483.3	 1249.9	    3.1	  749.5	 1372.2	    0.0	  200.0	  742.9	 1316.0	    0.0	  200.0	  100.0	    0.0	    0.0	    0.0	    0.0	    2.2	   31.0	  1	 -550.0	 1250.0	    0.0	    0.0	    2.2	1	   63.9	 21	 1387.8	   18.8	
  905	  90.50	 -483.3	 1249.9	    3.1	  749.5	 1372.2	    0.0	  200.0	  742.9	 1316.0	    0.0	  200.0	  100.0	    0.0	    0.0	    0.0	    0.0	    2.2	   31.1	  1	 -550.0	 1250.0	    0.0	    0.0	    2.2	1	   63.9	 21	 1387.9	   18.8	
  906	  90.60	 -483.3	 1249.9	    3.1	  749.5	 1372.2	    0.0	  200.0	  742.9	 1316.0	    0.0	  200.0	  100.0	    0.0	    0.0	    0.0	    0.0	    2.2	   31.1	  1	 -550.0	 1250.0	    0.0	    0.0	    2.2	1	   63.9	 21	 1388.0	   18.8	
  907	  90.70	 -483.3	 1249.9	    3.1	  749.5	 1372.2	    0.0	  200.0	  742.9	 1316.0	    0.0	  200.0	  100.0	    0.0	    0.0	    0.0	    0.0	    2.2	   31.1	  1	 -550.0	 1250.0	    0.0	    0.0	    2.2	1	   63.9	 21	 1388.1	   18.8	
  908	  90.80	 -483.3	 1249.9	    3.1	  749.5	 1372.2	    0.0	  200.0	  742.9	 1316.0	    0.0	  200.0	  100.0	    0.0	    0.0	    0.0	    0.0	    2.2	   31.2	  1	 -550.0	 1250.0	    0.0	    0.0	    2.2	1	   63.9	 21	 1388.2	   18.8	
  909	  90.90	 -483.3	 1249.9	    3.1	  749.5	 1372.2	    0.0	  200.0	  742.9	 1316.0	    0.0	  200.0	  100.0	    0.0	    0.0	    0.0	    0.0	    2.2	   31.2	  1	 -550.0	 1250.0	    0.0	    0.0	    2.2	1	   63.9	 21	 1388.3	   18.8	
  910	  91.00	 -483.3	 1249.9	    3.1	  749.5	 1372.2	    0.0	  200.0	  742.9	 1316.0	    0.0	  200.0	  100.0	    0.0	    0.0	    0.0	    0.0	    2.2	   31.3	  1	 -550.0	 1250.0	    0.0	    0.0	    2.2	1	   63.9	 21	 1388.4	   18.8	
  911	  91.10	 -483.3	 1249.9	    3.1	  749.5	 1372.2	    0.0	  200.0	  742.9	 1316.0	    0.0	  200.0	  100.0	    0.0	    0.0	    0.0	    0.0	    2.3	   31.3	  1	 -550.0	 1250.0	    0.0	    0.0	    2.3	1	   63.9	 21	 1388.5	   18.8	
  912	  91.20	 -483.3	 1249.9	    3.1	  749.5	 1372.2	    0.0	  200.0	  742.9	 1316.0	    0.0	  200.0	  100.0	    0.0	    0.0	    0.0	    0.0	    2.3	   31.3	  1	 -550.0	 1250.0	    0.0	    0.0	    2.3	1	   63.9	 21	 1388.6	   18.9	
  913	  91.30	 -483.3	 1249.9	    3.1	  749.5	 1372.2	    0.0	  200.0	  742.9	 1316.0	    0.0	  200.0	  100.0	    0.0	    0.0	    0.0	    0.0	    2.3	   31.4	  1	 -550.0	 1250.0	    0.0	    0.0	    2.3	1	   63.9	 21	 1388.7	   18.9	
  914	  91.40	 -483.3	 1249.9	    3.1	  749.5	 1372.2	    0.0	  200.0	  742.9	 1316.0	    0.0	  200.0	  100.0	    0.0	    0.0	    0.0	    0.0	    2.3	   31.4	  1	 -550.0	 1250.0	    0.0	    0.0	    2.3	1	   63.9	 21	 1388.8	   18.9	
  915	  91.50	 -483.3	 1249.9	    3.1	  749.5	 1372.2	    0.0	  200.0	  742.9	 1316.0	    0.0	  200.0	  100.0	    0.0	    0.0	    0.0	    0.0	    2.3	   31.5	  1	 -550.0	 1250.0	    0.0	    0.0	    2.3	1	   63.9	 21	 1388.9	   18.9	
  916	  91.60	 -483.3	 1249.9	    3.1	  749.5	 1372.2	    0.0	  200.0	  742.9	 1316.0	    0.0	  200.0	  100.0	    0.0	    0.0	    0.0	    0.0	    2.3	   31.5	  1	 -550.0	 1250.0	    0.0	    0.0	    2.3	1	   63.9	 21	 1388.9	   18.9	
  917	  91.70	 -483.3	 1249.9	    3.1	  749.5	 1372.2	    0.0	  200.0	  742.9	 1316.0	    0.0	  200.0	  100.0	    0.0	    0.0	    0.0	    0.0	    2.3	   31.5	  1	 -550.0	 1250.0	    0.0	    0.0	    2.3	1	   63.9	 21	 1389.0	   18.9	
  918	  91.80	 -483.3	 1249.9	    3.1	  749.5	 1372.2	    0.0	  200.0	  742.9	 1316.0	    0.0	  200.0	  100.0	    0.0	    0.0	    0.0	    0.0	    2.3	   31.6	  1	 -550.0	 1250.0	    0.0	    0.0	    2.3	1	   63.9	 21	 1389.1	   18.9	
  919	  91.90	 -483.3	 1249.9	    3.1	  749.5	 1372.2	    0.0	  200.0	  742.9	 1316.0	    0.0	  200.0	  100.0	    0.0	    0.0	    0.0	    0.0	    2.3	   31.6	  1	 -550.0	 1250.0	    0.0	    0.0	    2.3	1	   63.9	 21	 1389.2	   18.9	
  920	  92.00	 -483.3	 1249.9	    3.1	  749.5	 1372.2	    0.0	  200.0	  742.9	 1316.0	    0.0	  200.0	  100.0	    0.0	    0.0	    0.0	    0.0	    2.3	   31.7	  1	 -550.0	 1250.0	    0.0	    0.0	    2.3	1	   63.9	 21	 1389.3	   18.9	
  921	  92.10	 -483.3	 1249.9	    3.1	  749.5	 1372.2	    0.0	  200.0	  742.9	 1316.0	    0.0	  200.0	  100.0	    0.0	    0.0	    0.0	    0.0	    2.3	   31.7	  1	 -550.0	 1250.0	    0.0	    0.0	    2.3	1	   63.9	 21	 1389.4	   18.9	
  922	  92.20	 -483.3	 1249.9	    3.1	  749.5	 1372.2	    0.0	  200.0	  742.9	 1316.0	    0.0	  200.0	  100.0	    0.0	    0.0	    0.0	    0.0	    2.3	   31.7	  1	 -550.0	 1250.0	    0.0	    0.0	    2.3	1	   63.9	 21	 1389.5	   18.9	
  923	  92.30	 -483.3	 1249.9	    3.1	  749.5	 1372.2	    0.0	  200.0	  742.9	 1316.0	    0.0	  200.0	  100.0	    0.0	    0.0	    0.0	    0.0	    2.3	   31.8	  1	 -550.0	 1250.0	    0.0	    0.0	    2.3	1	   63.9	 21	 1389.6	   19.0	
  924	  92.40	 -483.3	 1249.9	    3.1	  749.5	 1372.2	    0.0	  200.0	  742.9	 1316.0	    0.0	  200.0	  100.0	    0.0	    0.0	    0.0	    0.0	    2.3	   31.8	  1	 -550.0	 1250.0	    0.0	    0.0	    2.3	1	   63.9	 21	 1389.7	   19.0	
  925	  92.50	 -483.3	 1249.9	    3.1	  749.5	 1372.2	    0.0	  200.0	  742.9	 1316.0	    0.0	  200.0	  100.0	    0.0	    0.0	    0.0	    0.0	    2.3	   31.9	  1	 -550.0	 1250.0	    0.0	    0.0	    2.3	1	   63.9	 21	 1389.8	   19.0	
  926	  92.60	 -483.3	 1249.9	    3.1	  749.5	 1372.2	    0.0	  200.0	  742.9	 1316.0	    0.0	  200.0	  100.0	    0.0	    0.0	    0.0	    0.0	    2.3	   31.9	  1	 -550.0	 1250.0	    0.0	    0.0	    2.3	1	   63.9	 21	 1389.8	   19.0	
  927	  92.70	 -483.3	 1249.9	    3.1	  749.5	 1372.2	    0.0	  200.0	  742.9	 1316.0	    0.0	  200.0	  100.0	    0.0	    0.0	    0.0	    0.0	    2.3	   31.9	  1	 -550.0	 1250.0	    0.0	    0.0	    2.3	1	   63.9	 21	 1389.9	   19.0	
  928	  92.80	 -483.3	 1249.9	    3.1	  749.5	 1372.2	    0.0	  200.0	  742.9	 1316.0	    0.0	  200.0	  100.0	    0.0	    0.0	    0.0	    0.0	    2.3	   32.0	  1	 -550.0	 1250.0	    0.0	    0.0	    2.3	1	   63.9	 21	 1390.0	   19.0	
  929	  92.90	 -483.3	 1249.9	    3.1	  749.5	 1372.2	    0.0	  200.0	  742.9	 1316.0	    0.0	  200.0	  100.0	    0.0	    0.0	    0.0	    0.0	    2.3	   32.0	  1	 -550.0	 1250.0	    0.0	    0.0	    2.3	1	   63.9	 21	 1390.1	   19.0	
  930	  93.00	 -483.3	 1249.9	    3.1	  749.5	 1372.2	    0.0	  200.0	  742.9	 1316.0	    0.0	  200.0	  100.0	    0.0	    0.0	    0.0	    0.0	    2.3	   32.1	  1	 -550.0	 1250.0	    0.0	    0.0	    2.3	1	   63.9	 21	 1390.2	   19.0	
  931	  93.10	 -483.3	 1249.9	    3.1	  749.5	 1372.2	    0.0	  200.0	  742.9	 1316.0	    0.0	  200.0	  100.0	    0.0	    0.0	    0.0	    0.0	    2.3	   32.1	  1	 -550.0	 1250.0	    0.0	    0.0	    2.3	1	   63.9	 21	 1390.3	   19.0	
  932	  93.20	 -483.3	 1249.9	    3.1	  749.5	 1372.2	    0.0	  200.0	  742.9	 1316.0	    0.0	  200.0	  100.0	    0.0	    0.0	    0.0	    0.0	    2.4	   32.1	  1	 -550.0	 1250.0	    0.0	    0.0	    2.4	1	   63.9	 21	 1390.4	   19.0	
  933	  93.30	 -483.3	 1249.9	    3.1	  749.5	 1372.2	    0.0	  200.0	  742.9	 1316.0	    0.0	  200.0	  100.0	    0.0	    0.0	    0.0	    0.0	    2.4	   32.2	  1	 -550.0	 1250.0	    0.0	    0.0	    2.4	1	   63.9	 21	 1390.5	   19.0	
  934	  93.40	 -483.3	 1249.9	    3.1	  749.5	 1372.2	    0.0	  200.0	  742.9	 1316.0	    0.0	  200.0	  100.0	    0.0	    0.0	    0.0	    0.0	    2.4	   32.2	  1	 -550.0	 1250.0	    0.0	    0.0	    2.4	1	   63.9	 21	 1390.5	   19.1	
  935	  93.50	 -483.3	 1249.9	    3.1	  749.5	 1372.2	    0.0	  200.0	  742.9	 1316.0	    0.0	  200.0	  100.0	    0.0	    0.0	    0.0	    0.0	    2.4	   32.3	  1	 -550.0	 1250.0	    0.0	    0.0	    2.4	1	   63.9	 21	 1390.6	   19.1	
  936	  93.60	 -483.3	 1249.9	    3.1	  749.5	 1372.2	    0.0	  200.0	  742.9	 1316.0	    0.0	  200.0	  100.0	    0.0	    0.0	    0.0	    0.0	    2.4	   32.3	  1	 -550.0	 1250.0	    0.0	    0.0	    2.4	1	   63.9	 21	 1390.7	   19.1	
  937	  93.70	 -483.3	 1249.9	    3.1	  749.5	 1372.2	    0.0	  200.0	  742.9	 1316.0	    0.0	  200.0	  100.0	    0.0	    0.0	    0.0	    0.0	    2.4	   32.3	  1	 -550.0	 1250.0	    0.0	    0.0	    2.4	1	   63.9	 21	 1390.8	   19.1	
  938	  93.80	 -483.3	 1249.9	    3.1	  749.5	 1372.2	    0.0	  200.0	  742.9	 1316.0	    0.0	  200.0	  100.0	    0.0	    0.0	    0.0	    0.0	    2.4	   32.4	  1	 -550.0	 1250.0	    0.0	    0.0	    2.4	1	   63.9	 21	 1390.9	   19.1	
  939	  93.90	 -483.3	 1249.9	    3.1	  749.5	 1372.2	    0.0	  200.0	  742.9	 1316.0	    0.0	  200.0	  100.0	    0.0	    0.0	    0.0	    0.0	    2.4	   32.4	  1	 -550.0	 1250.0	    0.0	    0.0	    2.4	1	   63.9	 21	 1391.0	   19.1	
  940	  94.00	 -483.3	 1249.9	    3.1	  749.5	 1372.2	    0.0	  200.0	  742.9	 1316.0	    0.0	  200.0	  100.0	    0.0	    0.0	    0.0	    0.0	    2.4	   32.5	  1	 -550.0	 1250.0	    0.0	    0.0	    2.4	1	   63.9	 21	 1391.1	   19.1	
  941	  94.10	 -483.3	 1249.9	    3.1	  749.5	 1372.2	    0.0	  200.0	  742.9	 1316.0	    0.0	  200.0	  100.0	    0.0	    0.0	    0.0	    0.0	    2.4	   32.5	  1	 -550.0	 1250.0	    0.0	    0.0	    2.4	1	   63.9	 21	 1391.2	   19.1	
  942	  94.20	 -483.3	 1249.9	    3.1	  749.5	 1372.2	    0.0	  200.0	  742.9	 1316.0	    0.0	  200.0	  100.0	    0.0	    0.0	    0.0	    0.0	    2.4	   32.5	  1	 -550.0	 1250.0	    0.0	    0.0	    2.4	1	   63.9	 21	 1391.2	   19.1	
  943	  94.30	 -483.3	 1249.9	    3.1	  749.5	 1372.2	    0.0	  200.0	  742.9	 1316.0	    0.0	  200.0	  100.0	    0.0	    0.0	    0.0	    0.0	    2.4	   32.6	  1	 -550.0	 1250.0	    0.0	    0.0	    2.4	1	   63.9	 21	 1391.3	   19.1	
  944	  94.40	 -483.3	 1249.9	    3.1	  749.5	 1372.2	    0.0	  200.0	  742.9	 1316.0	    0.0	  200.0	  100.0	    0.0	    0.0	    0.0	    0.0	    2.4	   32.6	  1	 -550.0	 1250.0	    0.0	    0.0	    2.4	1	   63.9	 21	 1391.4	   19.1	
  945	  94.50	 -483.3	 1249.9	    3.1	  749.5	 1372.2	    0.0	  200.0	  742.9	 1316.0	    0.0	  200.0	  100.0	    0.0	    0.0	    0.0	    0.0	    2.4	   32.7	  1	 -550.0	 1250.0	    0.0	    0.0	    2.4	1	   63.9	 21	 1391.5	   19.1	
  946	  94.60	 -483.3	 1249.9	    3.1	  749.5	 1372.2	    0.0	  200.0	  742.9	 1316.0	    0.0	  200.0	  100.0	    0.0	    0.0	    0.0	    0.0	    2.4	   32.7	  1	 -550.0	 1250.0	    0.0	    0.0	    2.4	1	   63.9	 21	 1391.6	   19.2	
  947	  94.70	 -483.3	 1249.9	    3.1	  749.5	 1372.2	    0.0	  200.0	  742.9	 1316.0	    0.0	  200.0	  100.0	    0.0	    0.0	    0.0	    0.0	    2.4	   32.7	  1	 -550.0	 1250.0	    0.0	    0.0	    2.4	1	   63.9	 21	 1391.7	   19.2	
  948	  94.80	 -483.3	 1249.9	    3.1	  749.5	 1372.2	    0.0	  200.0	  742.9	 1316.0	    0.0	  200.0	  100.0	    0.0	    0.0	    0.0	    0.0	    2.4	   32.8	  1	 -550.0	 1250.0	    0.0	    0.0	    2.4	1	   63.9	 21	 1391.7	   19.2	
  949	  94.90	 -483.3	 1249.9	    3.1	  749.5	 1372.2	    0.0	  200.0	  742.9	 1316.0	    0.0	  200.0	  100.0	    0.0	    0.0	    0.0	    0.0	    2.4	   32.8	  1	 -550.0	 1250.0	    0.0	    0.0	    2.4	1	   63.9	 21	 1391.8	   19.2	
  950	  95.00	 -483.3	 1249.9	    3.1	  749.5	 1372.2	    0.0	  200.0	  742.9	 1316.0	    0.0	  200.0	  100.0	    0.0	    0.0	    0.0	    0.0	    2.4	   32.8	  1	 -550.0	 1250.0	    0.0	    0.0	    2.4	1	   63.9	 21	 1391.9	   19.2	
  951	  95.10	 -483.3	 1249.9	    3.1	  749.5	 1372.2	    0.0	  200.0	  742.9	 1316.0	    0.0	  200.0	  100.0	    0.0	    0.0	    0.0	    0.0	    2.4	   32.9	  1	 -550.0	 1250.0	    0.0	    0.0	    2.4	1	   63.9	 21	 1392.0	   19.2	
  952	  95.20	 -483.3	 1249.9	    3.1	  749.5	 1372.2	    0.0	  200.0	  742.9	 1316.0	    0.0	  200.0	  100.0	    0.0	    0.0	    0.0	    0.0	    2.5	   32.9	  1	 -550.0	 1250.0	    0.0	    0.0	    2.5	1	   63.9	 21	 1392.1	   19.2	
  953	  95.30	 -483.3	 1249.9	    3.1	  749.5	 1372.2	    0.0	  200.0	  742.9	 1316.0	    0.0	  200.0	  100.0	    0.0	    0.0	    0.0	    0.0	    2.5	   33.0	  1	 -550.0	 1250.0	    0.0	    0.0	    2.5	1	   63.9	 21	 1392.2	   19.2	
  954	  95.40	 -483.3	 1249.9	    3.1	  749.5	 1372.2	    0.0	  200.0	  742.9	 1316.0	    0.0	  200.0	  100.0	    0.0	    0.0	    0.0	    0.0	    2.5	   33.0	  1	 -550.0	 1250.0	    0.0	    0.0	    2.5	1	   63.9	 21	 1392.2	   19.2	
  955	  95.50	 -483.3	 1249.9	    3.1	  749.5	 1372.2	    0.0	  200.0	  742.9	 1316.0	    0.0	  200.0	  100.0	    0.0	    0.0	    0.0	    0.0	    2.5	   33.0	  1	 -550.0	 1250.0	    0.0	    0.0	    2.5	1	   63.9	 21	 1392.3	   19.2	
  956	  95.60	 -483.3	 1249.9	    3.1	  749.5	 1372.2	    0.0	  200.0	  742.9	 1316.0	    0.0	  200.0	  100.0	    0.0	    0.0	    0.0	    0.0	    2.5	   33.1	  1	 -550.0	 1250.0	    0.0	    0.0	    2.5	1	   63.9	 21	 1392.4	   19.2	
  957	  95.70	 -483.3	 1249.9	    3.1	  749.5	 1372.2	    0.0	  200.0	  742.9	 1316.0	    0.0	  200.0	  100.0	    0.0	    0.0	    0.0	    0.0	    2.5	   33.1	  1	 -550.0	 1250.0	    0.0	    0.0	    2.5	1	   63.9	 21	 1392.5	   19.2	
  958	  95.80	 -483.3	 1249.9	    3.1	  749.5	 1372.2	    0.0	  200.0	  742.9	 1316.0	    0.0	  200.0	  100.0	    0.0	    0.0	    0.0	    0.0	    2.5	   33.2	  1	 -550.0	 1250.0	    0.0	    0.0	    2.5	1	   63.9	 21	 1392.6	   19.3	
  959	  95.90	 -483.3	 1249.9	    3.1	  749.5	 1372.2	    0.0	  200.0	  742.9	 1316.0	    0.0	  200.0	  100.0	    0.0	    0.0	    0.0	    0.0	    2.5	   33.2	  1	 -550.0	 1250.0	    0.0	    0.0	    2.5	1	   63.9	 21	 1392.6	   19.3	
  960	  96.00	 -483.3	 1249.9	    3.1	  749.5	 1372.2	    0.0	  200.0	  742.9	 1316.0	    0.0	  200.0	  100.0	    0.0	    0.0	    0.0	    0.0	    2.5	   33.2	  1	 -550.0	 1250.0	    0.0	    0.0	    2.5	1	   63.9	 21	 1392.7	   19.3	
  961	  96.10	 -483.3	 1249.9	    3.1	  749.5	 1372.2	    0.0	  200.0	  742.9	 1316.0	    0.0	  200.0	  100.0	    0.0	    0.0	    0.0	    0.0	    2.5	   33.3	  1	 -550.0	 1250.0	    0.0	    0.0	    2.5	1	   63.9	 21	 1392.8	   19.3	
  962	  96.20	 -483.3	 1249.9	    3.1	  749.5	 1372.2	    0.0	  200.0	  742.9	 1316.0	    0.0	  200.0	  100.0	    0.0	    0.0	    0.0	    0.0	    2.5	   33.3	  1	 -550.0	 1250.0	    0.0	    0.0	    2.5	1	   63.9	 21	 1392.9	   19.3	
  963	  96.30	 -483.3	 1249.9	    3.1	  749.5	 1372.2	    0.0	  200.0	  742.9	 1316.0	    0.0	  200.0	  100.0	    0.0	    0.0	    0.0	    0.0	    2.5	   33.4	  1	 -550.0	 1250.0	    0.0	    0.0	    2.5	1	   63.9	 21	 1393.0	   19.3	
  964	  96.40	 -483.3	 1249.9	    3.1	  749.5	 1372.2	    0.0	  200.0	  742.9	 1316.0	    0.0	  200.0	  100.0	    0.0	    0.0	    0.0	    0.0	    2.5	   33.4	  1	 -550.0	 1250.0	    0.0	    0.0	    2.5	1	   63.9	 21	 1393.0	   19.3	
  965	  96.50	 -483.3	 1249.9	    3.1	  749.5	 1372.2	    0.0	  200.0	  742.9	 1316.0	    0.0	  200.0	  100.0	    0.0	    0.0	    0.0	    0.0	    2.5	   33.4	  1	 -550.0	 1250.0	    0.0	    0.0	    2.5	1	   63.9	 21	 1393.1	   19.3	
  966	  96.60	 -483.3	 1249.9	    3.1	  749.5	 1372.2	    0.0	  200.0	  742.9	 1316.0	    0.0	  200.0	  100.0	    0.0	    0.0	    0.0	    0.0	    2.5	   33.5	  1	 -550.0	 1250.0	    0.0	    0.0	    2.5	1	   63.9	 21	 1393.2	   19.3	
  967	  96.70	 -483.3	 1249.9	    3.1	  749.5	 1372.2	    0.0	  200.0	  742.9	 1316.0	    0.0	  200.0	  100.0	    0.0	    0.0	    0.0	    0.0	    2.5	   33.5	  1	 -550.0	 1250.0	    0.0	    0.0	    2.5	1	   63.9	 21	 1393.3	   19.3	
  968	  96.80	 -483.3	 1249.9	    3.1	  749.5	 1372.2	    0.0	  200.0	  742.9	 1316.0	    0.0	  200.0	  100.0	    0.0	    0.0	    0.0	    0.0	    2.5	   33.6	  1	 -550.0	 1250.0	    0.0	    0.0	    2.5	1	   63.9	 21	 1393.4	   19.3	
  969	  96.90	 -483.3	 1249.9	    3.1	  749.5	 1372.2	    0.0	  200.0	  742.9	 1316.0	    0.0	  200.0	  100.0	    0.0	    0.0	    0.0	    0.0	    2.5	   33.6	  1	 -550.0	 1250.0	    0.0	    0.0	    2.5	1	   63.9	 21	 1393.4	   19.3	
  970	  97.00	 -483.3	 1249.9	    3.1	  749.5	 1372.2	    0.0	  200.0	  742.9	 1316.0	    0.0	  200.0	  100.0	    0.0	    0.0	    0.0	    0.0	    2.5	   33.6	  1	 -550.0	 1250.0	    0.0	    0.0	    2.5	1	   63.9	 21	 1393.5	   19.4	
  971	  97.10	 -483.3	 1249.9	    3.1	  749.5	 1372.2	    0.0	  200.0	  742.9	 1316.0	    0.0	  200.0	  100.0	    0.0	    0.0	    0.0	    0.0	    2.5	   33.7	  1	 -550.0	 1250.0	    0.0	    0.0	    2.5	1	   63.9	 21	 1393.6	   19.4	
  972	  97.20	 -483.3	 1249.9	    3.1	  749.5	 1372.2	    0.0	  200.0	  742.9	 1316.0	    0.0	  200.0	  100.0	    0.0	    0.0	    0.0	    0.0	    2.6	   33.7	  1	 -550.0	 1250.0	    0.0	    0.0	    2.6	1	   63.9	 21	 1393.7	   19.4	
  973	  97.30	 -483.3	 1249.9	    3.1	  749.5	 1372.2	    0.0	  200.0	  742.9	 1316.0	    0.0	  200.0	  100.0	    0.0	    0.0	    0.0	    0.0	    2.6	   33.8	  1	 -550.0	 1250.0	    0.0	    0.0	    2.6	1	   63.9	 21	 1393.8	   19.4	
  974	  97.40	 -483.3	 1249.9	    3.1	  749.5	 1372.2	    0.0	  200.0	  742.9	 1316.0	    0.0	  200.0	  100.0	    0.0	    0.0	    0.0	    0.0	    2.6	   33.8	  1	 -550.0	 1250.0	    0.0	    0.0	    2.6	1	   63.9	 21	 1393.8	   19.4	
  975	  97.50	 -483.3	 1249.9	    3.1	  749.5	 1372.2	    0.0	  200.0	  742.9	 1316.0	    0.0	  200.0	  100.0	    0.0	    0.0	    0.0	    0.0	    2.6	   33.8	  1	 -550.0	 1250.0	    0.0	    0.0	    2.6	1	   63.9	 21	 1393.9	   19.4	
  976	  97.60	 -483.3	 1249.9	    3.1	  749.5	 1372.2	    0.0	  200.0	  742.9	 1316.0	    0.0	  200.0	  100.0	    0.0	    0.0	    0.0	    0.0	    2.6	   33.9	  1	 -550.0	 1250.0	    0.0	    0.0	    2.6	1	   63.9	 21	 1394.0	   19.4	
  977	  97.70	 -483.3	 1249.9	    3.1	  749.5	 1372.2	    0.0	  200.0	  742.9	 1316.0	    0.0	  200.0	  100.0	    0.0	    0.0	    0.0	    0.0	    2.6	   33.9	  1	 -550.0	 1250.0	    0.0	    0.0	    2.6	1	   63.9	 21	 1394.1	   19.4	
  978	  97.80	 -483.3	 1249.9	    3.1	  749.5	 1372.2	    0.0	  200.0	  742.9	 1316.0	    0.0	  200.0	  100.0	    0.0	    0.0	    0.0	    0.0	    2.6	   34.0	  1	 -550.0	 1250.0	    0.0	    0.0	    2.6	1	   63.9	 21	 1394.1	   19.4	
  979	  97.90	 -483.3	 1249.9	    3.1	  749.5	 1372.2	    0.0	  200.0	  742.9	 1316.0	    0.0	  200.0	  100.0	    0.0	    0.0	    0.0	    0.0	    2.6	   34.0	  1	 -550.0	 1250.0	    0.0	    0.0	    2.6	1	   63.9	 21	 1394.2	   19.4	
  980	  98.00	 -483.3	 1249.9	    3.1	  749.5	 1372.2	    0.0	  200.0	  742.9	 1316.0	    0.0	  200.0	  100.0	    0.0	    0.0	    0.0	    0.0	    2.6	   34.0	  1	 -550.0	 1250.0	    0.0	    0.0	    2.6	1	   63.9	 21	 1394.3	   19.4	
  981	  98.10	 -483.3	 1249.9	    3.1	  749.5	 1372.2	    0.0	  200.0	  742.9	 1316.0	    0.0	  200.0	  100.0	    0.0	    0.0	    0.0	    0.0	    2.6	   34.1	  1	 -550.0	 1250.0	    0.0	    0.0	    2.6	1	   63.9	 21	 1394.4	   19.4	
  982	  98.20	 -483.3	 1249.9	    3.1	  749.5	 1372.2	    0.0	  200.0	  742.9	 1316.0	    0.0	  200.0	  100.0	    0.0	    0.0	    0.0	    0.0	    2.6	   34.1	  1	 -550.0	 1250.0	    0.0	    0.0	    2.6	1	   63.9	 21	 1394.4	   19.4	
  983	  98.30	 -483.3	 1249.9	    3.1	  749.5	 1372.2	    0.0	  200.0	  742.9	 1316.0	    0.0	  200.0	  100.0	    0.0	    0.0	    0.0	    0.0	    2.6	   34.2	  1	 -550.0	 1250.0	    0.0	    0.0	    2.6	1	   63.9	 21	 1394.5	   19.5	
  984	  98.40	 -483.3	 1249.9	    3.1	  749.5	 1372.2	    0.0	  200.0	  742.9	 1316.0	    0.0	  200.0	  100.0	    0.0	    0.0	    0.0	    0.0	    2.6	   34.2	  1	 -550.0	 1250.0	    0.0	    0.0	    2.6	1	   63.9	 21	 1394.6	   19.5	
  985	  98.50	 -483.3	 1249.9	    3.1	  749.5	 1372.2	    0.0	  200.0	  742.9	 1316.0	    0.0	  200.0	  100.0	    0.0	    0.0	    0.0	    0.0	    2.6	   34.2	  1	 -550.0	 1250.0	    0.0	    0.0	    2.6	1	   63.9	 21	 1394.7	   19.5	
  986	  98.60	 -483.3	 1249.9	    3.1	  749.5	 1372.2	    0.0	  200.0	  742.9	 1316.0	    0.0	  200.0	  100.0	    0.0	    0.0	    0.0	    0.0	    2.6	   34.3	  1	 -550.0	 1250.0	    0.0	    0.0	    2.6	1	   63.9	 21	 1394.7	   19.5	
  987	  98.70	 -483.3	 1249.9	    3.1	  749.5	 1372.2	    0.0	  200.0	  742.9	 1316.0	    0.0	  200.0	  100.0	    0.0	    0.0	    0.0	    0.0	    2.6	   34.3	  1	 -550.0	 1250.0	    0.0	    0.0	    2.6	1	   63.9	 21	 1394.8	   19.5	
  988	  98.80	 -483.3	 1249.9	    3.1	  749.5	 1372.2	    0.0	  200.0	  742.9	 1316.0	    0.0	  200.0	  100.0	    0.0	    0.0	    0.0	    0.0	    2.6	   34.3	  1	 -550.0	 1250.0	    0.0	    0.0	    2.6	1	   63.9	 21	 1394.9	   19.5	
  989	  98.90	 -483.3	 1249.9	    3.1	  749.5	 1372.2	    0.0	  200.0	  742.9	 1316.0	    0.0	  200.0	  100.0	    0.0	    0.0	    0.0	    0.0	    2.6	   34.4	  1	 -550.0	 1250.0	    0.0	    0.0	    2.6	1	   63.9	 21	 1395.0	   19.5	
  990	  99.00	 -483.3	 1249.9	    3.1	  749.5	 1372.2	    0.0	  200.0	  742.9	 1316.0	    0.0	  200.0	  100.0	    0.0	    0.0	    0.0	    0.0	    2.6	   34.4	  1	 -550.0	 1250.0	    0.0	    0.0	    2.6	1	   63.9	 21	 1395.0	   19.5	
  991	  99.10	 -483.3	 1249.9	    3.1	  749.5	 1372.2	    0.0	  200.0	  742.9	 1316.0	    0.0	  200.0	  100.0	    0.0	    0.0	    0.0	    0.0	    2.6	   34.5	  1	 -550.0	 1250.0	    0.0	    0.0	    2.6	1	   63.9	 21	 1395.1	   19.5	
  992	  99.20	 -483.3	 1249.9	    3.1	  749.5	 1372.2	    0.0	  200.0	  742.9	 1316.0	    0.0	  200.0	  100.0	    0.0	    0.0	    0.0	    0.0	    2.6	   34.5	  1	 -550.0	 1250.0	    0.0	    0.0	    2.6	1	   63.9	 21	 1395.2	   19.5	
  993	  99.30	 -483.3	 1249.9	    3.1	  749.5	 1372.2	    0.0	  200.0	  742.9	 1316.0	    0.0	  200.0	  100.0	    0.0	    0.0	    0.0	    0.0	    2.7	   34.5	  1	 -550.0	 1250.0	    0.0	    0.0	    2.7	1	   63.9	 21	 1395.3	   19.5	
  994	  99.40	 -483.3	 1249.9	    3.1	  749.5	 1372.2	    0.0	  200.0	  742.9	 1316.0	    0.0	  200.0	  100.0	    0.0	    0.0	    0.0	    0.0	    2.7	   34.6	  1	 -550.0	 1250.0	    0.0	    0.0	    2.7	1	   63.9	 21	 1395.3	   19.5	
  995	  99.50	 -483.3	 1249.9	    3.1	  749.5	 1372.2	    0.0	  200.0	  742.9	 1316.0	    0.0	  200.0	  100.0	    0.0	    0.0	    0.0	    0.0	    2.7	   34.6	  1	 -550.0	 1250.0	    0.0	    0.0	    2.7	1	   63.9	 21	 1395.4	   19.5	
  996	  99.60	 -483.3	 1249.9	    3.1	  749.5	 1372.2	    0.0	  200.0	  742.9	 1316.0	    0.0	  200.0	  100.0	    0.0	    0.0	    0.0	    0.0	    2.7	   34.7	  1	 -550.0	 1250.0	    0.0	    0.0	    2.7	1	   63.9	 21	 1395.5	   19.5	
  997	  99.70	 -483.3	 1249.9	    3.1	  749.5	 1372.2	    0.0	  200.0	  742.9	 1316.0	    0.0	  200.0	  100.0	    0.0	    0.0	    0.0	    0.0	    2.7	   34.7	  1	 -550.0	 1250.0	    0.0	    0.0	    2.7	1	   63.9	 21	 1395.6	   19.6	
  998	  99.80	 -483.3	 1249.9	    3.1	  749.5	 1372.2	    0.0	  200.0	  742.9	 1316.0	    0.0	  200.0	  100.0	    0.0	    0.0	    0.0	    0.0	    2.7	   34.7	  1	 -550.0	 1250.0	    0.0	    0.0	    2.7	1	   63.9	 21	 1395.6	   19.6	
  999	  99.90	 -483.3	 1249.9	    3.1	  749.5	 1372.2	    0.0	  200.0	  742.9	 1316.0	    0.0	  200.0	  100.0	    0.0	    0.0	    0.0	    0.0	    2.7	   34.8	  1	 -550.0	 1250.0	    0.0	    0.0	    2.7	1	   63.9	 21	 1395.7	   19.6	
 1000	 100.00	 -483.3	 1249.9	    3.1	  749.5	 1372.2	    0.0	  200.0	  742.9	 1316.0	    0.0	  200.0	  100.0	    0.0	    0.0	    0.0	    0.0	    2.7	   34.8	  1	 -550.0	 1250.0	    0.0	    0.0	    2.7	1	   63.9	 21	 1395.8	   19.6	
 1001	 100.10	 -483.3	 1249.9	    3.1	  749.5	 1372.2	    0.0	  200.0	  742.9	 1316.0	    0.0	  200.0	  100.0	    0.0	    0.0	    0.0	    0.0	    2.7	   34.9	  1	 -550.0	 1250.0	    0.0	    0.0	    2.7	1	   63.9	 21	 1395.9	   19.6	
 1002	 100.20	 -483.3	 1249.9	    3.1	  749.5	 1372.2	    0.0	  200.0	  742.9	 1316.0	    0.0	  200.0	  100.0	    0.0	    0.0	    0.0	    0.0	    2.7	   34.9	  1	 -550.0	 1250.0	    0.0	    0.0	    2.7	1	   63.9	 21	 1395.9	   19.6	
 1003	 100.30	 -483.3	 1249.9	    3.1	  749.5	 1372.2	    0.0	  200.0	  742.9	 1316.0	    0.0	  200.0	  100.0	    0.0	    0.0	    0.0	    0.0	    2.7	   34.9	  1	 -550.0	 1250.0	    0.0	    0.0	    2.7	1	   63.9	 21	 1396.0	   19.6	
 1004	 100.40	 -483.3	 1249.9	    3.1	  749.5	 1372.2	    0.0	  200.0	  742.9	 1316.0	    0.0	  200.0	  100.0	    0.0	    0.0	    0.0	    0.0	    2.7	   35.0	  1	 -550.0	 1250.0	    0.0	    0.0	    2.7	1	   63.9	 21	 1396.1	   19.6	
 1005	 100.50	 -483.3	 1249.9	    3.1	  749.5	 1372.2	    0.0	  200.0	  742.9	 1316.0	    0.0	  200.0	  100.0	    0.0	    0.0	    0.0	    0.0	    2.7	   35.0	  1	 -550.0	 1250.0	    0.0	    0.0	    2.7	1	   63.9	 21	 1396.1	   19.6	
 1006	 100.60	 -483.3	 1249.9	    3.1	  749.5	 1372.2	    0.0	  200.0	  742.9	 1316.0	    0.0	  200.0	  100.0	    0.0	    0.0	    0.0	    0.0	    2.7	   35.1	  1	 -550.0	 1250.0	    0.0	    0.0	    2.7	1	   63.9	 21	 1396.2	   19.6	
 1007	 100.70	 -483.3	 1249.9	    3.1	  749.5	 1372.2	    0.0	  200.0	  742.9	 1316.0	    0.0	  200.0	  100.0	    0.0	    0.0	    0.0	    0.0	    2.7	   35.1	  1	 -550.0	 1250.0	    0.0	    0.0	    2.7	1	   63.9	 21	 1396.3	   19.6	
 1008	 100.80	 -483.3	 1249.9	    3.1	  749.5	 1372.2	    0.0	  200.0	  742.9	 1316.0	    0.0	  200.0	  100.0	    0.0	    0.0	    0.0	    0.0	    2.7	   35.1	  1	 -550.0	 1250.0	    0.0	    0.0	    2.7	1	   63.9	 21	 1396.4	   19.6	
 1009	 100.90	 -483.3	 1249.9	    3.1	  749.5	 1372.2	    0.0	  200.0	  742.9	 1316.0	    0.0	  200.0	  100.0	    0.0	    0.0	    0.0	    0.0	    2.7	   35.2	  1	 -550.0	 1250.0	    0.0	    0.0	    2.7	1	   63.9	 21	 1396.4	   19.6	
 1010	 101.00	 -483.3	 1249.9	    3.1	  749.5	 1372.2	    0.0	  200.0	  742.9	 1316.0	    0.0	  200.0	  100.0	    0.0	    0.0	    0.0	    0.0	    2.7	   35.2	  1	 -550.0	 1250.0	    0.0	    0.0	    2.7	1	   63.9	 21	 1396.5	   19.6	
 1011	 101.10	 -483.3	 1249.9	    3.1	  749.5	 1372.2	    0.0	  200.0	  742.9	 1316.0	    0.0	  200.0	  100.0	    0.0	    0.0	    0.0	    0.0	    2.7	   35.3	  1	 -550.0	 1250.0	    0.0	    0.0	    2.7	1	   63.9	 21	 1396.6	   19.7	
 1012	 101.20	 -483.3	 1249.9	    3.1	  749.5	 1372.2	    0.0	  200.0	  742.9	 1316.0	    0.0	  200.0	  100.0	    0.0	    0.0	    0.0	    0.0	    2.7	   35.3	  1	 -550.0	 1250.0	    0.0	    0.0	    2.7	1	   63.9	 21	 1396.6	   19.7	
 1013	 101.30	 -483.3	 1249.9	    3.1	  749.5	 1372.2	    0.0	  200.0	  742.9	 1316.0	    0.0	  200.0	  100.0	    0.0	    0.0	    0.0	    0.0	    2.8	   35.3	  1	 -550.0	 1250.0	    0.0	    0.0	    2.8	1	   63.9	 21	 1396.7	   19.7	
 1014	 101.40	 -483.3	 1249.9	    3.1	  749.5	 1372.2	    0.0	  200.0	  742.9	 1316.0	    0.0	  200.0	  100.0	    0.0	    0.0	    0.0	    0.0	    2.8	   35.4	  1	 -550.0	 1250.0	    0.0	    0.0	    2.8	1	   63.9	 21	 1396.8	   19.7	
 1015	 101.50	 -483.3	 1249.9	    3.1	  749.5	 1372.2	    0.0	  200.0	  742.9	 1316.0	    0.0	  200.0	  100.0	    0.0	    0.0	    0.0	    0.0	    2.8	   35.4	  1	 -550.0	 1250.0	    0.0	    0.0	    2.8	1	   63.9	 21	 1396.8	   19.7	
 1016	 101.60	 -483.3	 1249.9	    3.1	  749.5	 1372.2	    0.0	  200.0	  742.9	 1316.0	    0.0	  200.0	  100.0	    0.0	    0.0	    0.0	    0.0	    2.8	   35.5	  1	 -550.0	 1250.0	    0.0	    0.0	    2.8	1	   63.9	 21	 1396.9	   19.7	
 1017	 101.70	 -483.3	 1249.9	    3.1	  749.5	 1372.2	    0.0	  200.0	  742.9	 1316.0	    0.0	  200.0	  100.0	    0.0	    0.0	    0.0	    0.0	    2.8	   35.5	  1	 -550.0	 1250.0	    0.0	    0.0	    2.8	1	   63.9	 21	 1397.0	   19.7	
 1018	 101.80	 -483.3	 1249.9	    3.1	  749.5	 1372.2	    0.0	  200.0	  742.9	 1316.0	    0.0	  200.0	  100.0	    0.0	    0.0	    0.0	    0.0	    2.8	   35.5	  1	 -550.0	 1250.0	    0.0	    0.0	    2.8	1	   63.9	 21	 1397.0	   19.7	
 1019	 101.90	 -483.3	 1249.9	    3.1	  749.5	 1372.2	    0.0	  200.0	  742.9	 1316.0	    0.0	  200.0	  100.0	    0.0	    0.0	    0.0	    0.0	    2.8	   35.6	  1	 -550.0	 1250.0	    0.0	    0.0	    2.8	1	   63.9	 21	 1397.1	   19.7	
 1020	 102.00	 -483.3	 1249.9	    3.1	  749.5	 1372.2	    0.0	  200.0	  742.9	 1316.0	    0.0	  200.0	  100.0	    0.0	    0.0	    0.0	    0.0	    2.8	   35.6	  1	 -550.0	 1250.0	    0.0	    0.0	    2.8	1	   63.9	 21	 1397.2	   19.7	
 1021	 102.10	 -483.3	 1249.9	    3.1	  749.5	 1372.2	    0.0	  200.0	  742.9	 1316.0	    0.0	  200.0	  100.0	    0.0	    0.0	    0.0	    0.0	    2.8	   35.7	  1	 -550.0	 1250.0	    0.0	    0.0	    2.8	1	   63.9	 21	 1397.3	   19.7	
 1022	 102.20	 -483.3	 1249.9	    3.1	  749.5	 1372.2	    0.0	  200.0	  742.9	 1316.0	    0.0	  200.0	  100.0	    0.0	    0.0	    0.0	    0.0	    2.8	   35.7	  1	 -550.0	 1250.0	    0.0	    0.0	    2.8	1	   63.9	 21	 1397.3	   19.7	
 1023	 102.30	 -483.3	 1249.9	    3.1	  749.5	 1372.2	    0.0	  200.0	  742.9	 1316.0	    0.0	  200.0	  100.0	    0.0	    0.0	    0.0	    0.0	    2.8	   35.7	  1	 -550.0	 1250.0	    0.0	    0.0	    2.8	1	   63.9	 21	 1397.4	   19.7	
 1024	 102.40	 -483.3	 1249.9	    3.1	  749.5	 1372.2	    0.0	  200.0	  742.9	 1316.0	    0.0	  200.0	  100.0	    0.0	    0.0	    0.0	    0.0	    2.8	   35.8	  1	 -550.0	 1250.0	    0.0	    0.0	    2.8	1	   63.9	 21	 1397.5	   19.7	
 1025	 102.50	 -483.3	 1249.9	    3.1	  749.5	 1372.2	    0.0	  200.0	  742.9	 1316.0	    0.0	  200.0	  100.0	    0.0	    0.0	    0.0	    0.0	    2.8	   35.8	  1	 -550.0	 1250.0	    0.0	    0.0	    2.8	1	   63.9	 21	 1397.5	   19.8	
 1026	 102.60	 -483.3	 1249.9	    3.1	  749.5	 1372.2	    0.0	  200.0	  742.9	 1316.0	    0.0	  200.0	  100.0	    0.0	    0.0	    0.0	    0.0	    2.8	   35.9	  1	 -550.0	 1250.0	    0.0	    0.0	    2.8	1	   63.9	 21	 1397.6	   19.8	
 1027	 102.70	 -483.3	 1249.9	    3.1	  749.5	 1372.2	    0.0	  200.0	  742.9	 1316.0	    0.0	  200.0	  100.0	    0.0	    0.0	    0.0	    0.0	    2.8	   35.9	  1	 -550.0	 1250.0	    0.0	    0.0	    2.8	1	   63.9	 21	 1397.7	   19.8	
 1028	 102.80	 -483.3	 1249.9	    3.1	  749.5	 1372.2	    0.0	  200.0	  742.9	 1316.0	    0.0	  200.0	  100.0	    0.0	    0.0	    0.0	    0.0	    2.8	   35.9	  1	 -550.0	 1250.0	    0.0	    0.0	    2.8	1	   63.9	 21	 1397.7	   19.8	
 1029	 102.90	 -483.3	 1249.9	    3.1	  749.5	 1372.2	    0.0	  200.0	  742.9	 1316.0	    0.0	  200.0	  100.0	    0.0	    0.0	    0.0	    0.0	    2.8	   36.0	  1	 -550.0	 1250.0	    0.0	    0.0	    2.8	1	   63.9	 21	 1397.8	   19.8	
 1030	 103.00	 -483.3	 1249.9	    3.1	  749.5	 1372.2	    0.0	  200.0	  742.9	 1316.0	    0.0	  200.0	  100.0	    0.0	    0.0	    0.0	    0.0	    2.8	   36.0	  1	 -550.0	 1250.0	    0.0	    0.0	    2.8	1	   63.9	 21	 1397.9	   19.8	
 1031	 103.10	 -483.3	 1249.9	    3.1	  749.5	 1372.2	    0.0	  200.0	  742.9	 1316.0	    0.0	  200.0	  100.0	    0.0	    0.0	    0.0	    0.0	    2.8	   36.0	  1	 -550.0	 1250.0	    0.0	    0.0	    2.8	1	   63.9	 21	 1397.9	   19.8	
 1032	 103.20	 -483.3	 1249.9	    3.1	  749.5	 1372.2	    0.0	  200.0	  742.9	 1316.0	    0.0	  200.0	  100.0	    0.0	    0.0	    0.0	    0.0	    2.8	   36.1	  1	 -550.0	 1250.0	    0.0	    0.0	    2.8	1	   63.9	 21	 1398.0	   19.8	
 1033	 103.30	 -483.3	 1249.9	    3.1	  749.5	 1372.2	    0.0	  200.0	  742.9	 1316.0	    0.0	  200.0	  100.0	    0.0	    0.0	    0.0	    0.0	    2.9	   36.1	  1	 -550.0	 1250.0	    0.0	    0.0	    2.9	1	   63.9	 21	 1398.1	   19.8	
 1034	 103.40	 -483.3	 1249.9	    3.1	  749.5	 1372.2	    0.0	  200.0	  742.9	 1316.0	    0.0	  200.0	  100.0	    0.0	    0.0	    0.0	    0.0	    2.9	   36.2	  1	 -550.0	 1250.0	    0.0	    0.0	    2.9	1	   63.9	 21	 1398.1	   19.8	
 1035	 103.50	 -483.3	 1249.9	    3.1	  749.5	 1372.2	    0.0	  200.0	  742.9	 1316.0	    0.0	  200.0	  100.0	    0.0	    0.0	    0.0	    0.0	    2.9	   36.2	  1	 -550.0	 1250.0	    0.0	    0.0	    2.9	1	   63.9	 21	 1398.2	   19.8	
 1036	 103.60	 -483.3	 1249.9	    3.1	  749.5	 1372.2	    0.0	  200.0	  742.9	 1316.0	    0.0	  200.0	  100.0	    0.0	    0.0	    0.0	    0.0	    2.9	   36.2	  1	 -550.0	 1250.0	    0.0	    0.0	    2.9	1	   63.9	 21	 1398.3	   19.8	
 1037	 103.70	 -483.3	 1249.9	    3.1	  749.5	 1372.2	    0.0	  200.0	  742.9	 1316.0	    0.0	  200.0	  100.0	    0.0	    0.0	    0.0	    0.0	    2.9	   36.3	  1	 -550.0	 1250.0	    0.0	    0.0	    2.9	1	   63.9	 21	 1398.3	   19.8	
 1038	 103.80	 -483.3	 1249.9	    3.1	  749.5	 1372.2	    0.0	  200.0	  742.9	 1316.0	    0.0	  200.0	  100.0	    0.0	    0.0	    0.0	    0.0	    2.9	   36.3	  1	 -550.0	 1250.0	    0.0	    0.0	    2.9	1	   63.9	 21	 1398.4	   19.8	
 1039	 103.90	 -483.3	 1249.9	    3.1	  749.5	 1372.2	    0.0	  200.0	  742.9	 1316.0	    0.0	  200.0	  100.0	    0.0	    0.0	    0.0	    0.0	    2.9	   36.4	  1	 -550.0	 1250.0	    0.0	    0.0	    2.9	1	   63.9	 21	 1398.5	   19.8	
 1040	 104.00	 -483.3	 1249.9	    3.1	  749.5	 1372.2	    0.0	  200.0	  742.9	 1316.0	    0.0	  200.0	  100.0	    0.0	    0.0	    0.0	    0.0	    2.9	   36.4	  1	 -550.0	 1250.0	    0.0	    0.0	    2.9	1	   63.9	 21	 1398.5	   19.9	
 1041	 104.10	 -483.3	 1249.9	    3.1	  749.5	 1372.2	    0.0	  200.0	  742.9	 1316.0	    0.0	  200.0	  100.0	    0.0	    0.0	    0.0	    0.0	    2.9	   36.4	  1	 -550.0	 1250.0	    0.0	    0.0	    2.9	1	   63.9	 21	 1398.6	   19.9	
 1042	 104.20	 -483.3	 1249.9	    3.1	  749.5	 1372.2	    0.0	  200.0	  742.9	 1316.0	    0.0	  200.0	  100.0	    0.0	    0.0	    0.0	    0.0	    2.9	   36.5	  1	 -550.0	 1250.0	    0.0	    0.0	    2.9	1	   63.9	 21	 1398.7	   19.9	
 1043	 104.30	 -483.3	 1249.9	    3.1	  749.5	 1372.2	    0.0	  200.0	  742.9	 1316.0	    0.0	  200.0	  100.0	    0.0	    0.0	    0.0	    0.0	    2.9	   36.5	  1	 -550.0	 1250.0	    0.0	    0.0	    2.9	1	   63.9	 21	 1398.7	   19.9	
 1044	 104.40	 -483.3	 1249.9	    3.1	  749.5	 1372.2	    0.0	  200.0	  742.9	 1316.0	    0.0	  200.0	  100.0	    0.0	    0.0	    0.0	    0.0	    2.9	   36.6	  1	 -550.0	 1250.0	    0.0	    0.0	    2.9	1	   63.9	 21	 1398.8	   19.9	
 1045	 104.50	 -483.3	 1249.9	    3.1	  749.5	 1372.2	    0.0	  200.0	  742.9	 1316.0	    0.0	  200.0	  100.0	    0.0	    0.0	    0.0	    0.0	    2.9	   36.6	  1	 -550.0	 1250.0	    0.0	    0.0	    2.9	1	   63.9	 21	 1398.8	   19.9	
 1046	 104.60	 -483.3	 1249.9	    3.1	  749.5	 1372.2	    0.0	  200.0	  742.9	 1316.0	    0.0	  200.0	  100.0	    0.0	    0.0	    0.0	    0.0	    2.9	   36.6	  1	 -550.0	 1250.0	    0.0	    0.0	    2.9	1	   63.9	 21	 1398.9	   19.9	
 1047	 104.70	 -483.3	 1249.9	    3.1	  749.5	 1372.2	    0.0	  200.0	  742.9	 1316.0	    0.0	  200.0	  100.0	    0.0	    0.0	    0.0	    0.0	    2.9	   36.7	  1	 -550.0	 1250.0	    0.0	    0.0	    2.9	1	   63.9	 21	 1399.0	   19.9	
 1048	 104.80	 -483.3	 1249.9	    3.1	  749.5	 1372.2	    0.0	  200.0	  742.9	 1316.0	    0.0	  200.0	  100.0	    0.0	    0.0	    0.0	    0.0	    2.9	   36.7	  1	 -550.0	 1250.0	    0.0	    0.0	    2.9	1	   63.9	 21	 1399.0	   19.9	
 1049	 104.90	 -483.3	 1249.9	    3.1	  749.5	 1372.2	    0.0	  200.0	  742.9	 1316.0	    0.0	  200.0	  100.0	    0.0	    0.0	    0.0	    0.0	    2.9	   36.8	  1	 -550.0	 1250.0	    0.0	    0.0	    2.9	1	   63.9	 21	 1399.1	   19.9	
 1050	 105.00	 -483.3	 1249.9	    3.1	  749.5	 1372.2	    0.0	  200.0	  742.9	 1316.0	    0.0	  200.0	  100.0	    0.0	    0.0	    0.0	    0.0	    2.9	   36.8	  1	 -550.0	 1250.0	    0.0	    0.0	    2.9	1	   63.9	 21	 1399.2	   19.9	
 1051	 105.10	 -483.3	 1249.9	    3.1	  749.5	 1372.2	    0.0	  200.0	  742.9	 1316.0	    0.0	  200.0	  100.0	    0.0	    0.0	    0.0	    0.0	    2.9	   36.8	  1	 -550.0	 1250.0	    0.0	    0.0	    2.9	1	   63.9	 21	 1399.2	   19.9	
 1052	 105.20	 -483.3	 1249.9	    3.1	  749.5	 1372.2	    0.0	  200.0	  742.9	 1316.0	    0.0	  200.0	  100.0	    0.0	    0.0	    0.0	    0.0	    2.9	   36.9	  1	 -550.0	 1250.0	    0.0	    0.0	    2.9	1	   63.9	 21	 1399.3	   19.9	
 1053	 105.30	 -483.3	 1249.9	    3.1	  749.5	 1372.2	    0.0	  200.0	  742.9	 1316.0	    0.0	  200.0	  100.0	    0.0	    0.0	    0.0	    0.0	    2.9	   36.9	  1	 -550.0	 1250.0	    0.0	    0.0	    2.9	1	   63.9	 21	 1399.4	   19.9	
 1054	 105.40	 -483.3	 1249.9	    3.1	  749.5	 1372.2	    0.0	  200.0	  742.9	 1316.0	    0.0	  200.0	  100.0	    0.0	    0.0	    0.0	    0.0	    3.0	   37.0	  1	 -550.0	 1250.0	    0.0	    0.0	    3.0	1	   63.9	 21	 1399.4	   19.9	
 1055	 105.50	 -483.3	 1249.9	    3.1	  749.5	 1372.2	    0.0	  200.0	  742.9	 1316.0	    0.0	  200.0	  100.0	    0.0	    0.0	    0.0	    0.0	    3.0	   37.0	  1	 -550.0	 1250.0	    0.0	    0.0	    3.0	1	   63.9	 21	 1399.5	   19.9	
 1056	 105.60	 -483.3	 1249.9	    3.1	  749.5	 1372.2	    0.0	  200.0	  742.9	 1316.0	    0.0	  200.0	  100.0	    0.0	    0.0	    0.0	    0.0	    3.0	   37.0	  1	 -550.0	 1250.0	    0.0	    0.0	    3.0	1	   63.9	 21	 1399.5	   20.0	
 1057	 105.70	 -483.3	 1249.9	    3.1	  749.5	 1372.2	    0.0	  200.0	  742.9	 1316.0	    0.0	  200.0	  100.0	    0.0	    0.0	    0.0	    0.0	    3.0	   37.1	  1	 -550.0	 1250.0	    0.0	    0.0	    3.0	1	   63.9	 21	 1399.6	   20.0	
 1058	 105.80	 -483.3	 1249.9	    3.1	  749.5	 1372.2	    0.0	  200.0	  742.9	 1316.0	    0.0	  200.0	  100.0	    0.0	    0.0	    0.0	    0.0	    3.0	   37.1	  1	 -550.0	 1250.0	    0.0	    0.0	    3.0	1	   63.9	 21	 1399.7	   20.0	
 1059	 105.90	 -483.3	 1249.9	    3.1	  749.5	 1372.2	    0.0	  200.0	  742.9	 1316.0	    0.0	  200.0	  100.0	    0.0	    0.0	    0.0	    0.0	    3.0	   37.2	  1	 -550.0	 1250.0	    0.0	    0.0	    3.0	1	   63.9	 21	 1399.7	   20.0	
 1060	 106.00	 -483.3	 1249.9	    3.1	  749.5	 1372.2	    0.0	  200.0	  742.9	 1316.0	    0.0	  200.0	  100.0	    0.0	    0.0	    0.0	    0.0	    3.0	   37.2	  1	 -550.0	 1250.0	    0.0	    0.0	    3.0	1	   63.9	 21	 1399.8	   20.0	
 1061	 106.10	 -483.3	 1249.9	    3.1	  749.5	 1372.2	    0.0	  200.0	  742.9	 1316.0	    0.0	  200.0	  100.0	    0.0	    0.0	    0.0	    0.0	    3.0	   37.2	  1	 -550.0	 1250.0	    0.0	    0.0	    3.0	1	   63.9	 21	 1399.9	   20.0	
 1062	 106.20	 -483.3	 1249.9	    3.1	  749.5	 1372.2	    0.0	  200.0	  742.9	 1316.0	    0.0	  200.0	  100.0	    0.0	    0.0	    0.0	    0.0	    3.0	   37.3	  1	 -550.0	 1250.0	    0.0	    0.0	    3.0	1	   63.9	 21	 1399.9	   20.0	
 1063	 106.30	 -483.3	 1249.9	    3.1	  749.5	 1372.2	    0.0	  200.0	  742.9	 1316.0	    0.0	  200.0	  100.0	    0.0	    0.0	    0.0	    0.0	    3.0	   37.3	  1	 -550.0	 1250.0	    0.0	    0.0	    3.0	1	   63.9	 21	 1400.0	   20.0	
 1064	 106.40	 -483.3	 1249.9	    3.1	  749.5	 1372.2	    0.0	  200.0	  742.9	 1316.0	    0.0	  200.0	  100.0	    0.0	    0.0	    0.0	    0.0	    3.0	   37.4	  1	 -550.0	 1250.0	    0.0	    0.0	    3.0	1	   63.9	 21	    0.0	    0.0	
 1065	 106.50	 -483.3	 1249.9	    3.1	  749.5	 1372.2	    0.0	  200.0	  742.9	 1316.0	    0.0	  200.0	  100.0	    0.0	    0.0	    0.0	    0.0	    3.0	   37.4	  1	 -550.0	 1250.0	    0.0	    0.0	    3.0	1	   63.9	 21	    0.0	    0.0	
 1066	 106.60	 -483.3	 1249.9	    3.1	  749.5	 1372.2	    0.0	  200.0	  742.9	 1316.0	    0.0	  200.0	  100.0	    0.0	    0.0	    0.0	    0.0	    3.0	   37.4	  1	 -550.0	 1250.0	    0.0	    0.0	    3.0	1	   63.9	 21	    0.0	    0.0	
 1067	 106.70	 -483.3	 1249.9	    3.1	  749.5	 1372.2	    0.0	  200.0	  742.9	 1316.0	    0.0	  200.0	  100.0	    0.0	    0.0	    0.0	    0.0	    3.0	   37.5	  1	 -550.0	 1250.0	    0.0	    0.0	    3.0	1	   63.9	 21	    0.0	    0.0	
 1068	 106.80	 -483.3	 1249.9	    3.1	  749.5	 1372.2	    0.0	  200.0	  742.9	 1316.0	    0.0	  200.0	  100.0	    0.0	    0.0	    0.0	    0.0	    3.0	   37.5	  1	 -550.0	 1250.0	    0.0	    0.0	    3.0	1	   63.9	 21	    0.0	    0.0	
 1069	 106.90	 -483.3	 1249.9	    3.1	  749.5	 1372.2	    0.0	  200.0	  742.9	 1316.0	    0.0	  200.0	  100.0	    0.0	    0.0	    0.0	    0.0	    3.0	   37.5	  1	 -550.0	 1250.0	    0.0	    0.0	    3.0	1	   63.9	 21	    0.0	    0.0	
 1070	 107.00	 -483.3	 1249.9	    3.1	  749.5	 1372.2	    0.0	  200.0	  742.9	 1316.0	    0.0	  200.0	  100.0	    0.0	    0.0	    0.0	    0.0	    3.0	   37.6	  1	 -550.0	 1250.0	    0.0	    0.0	    3.0	1	   63.9	 21	    0.0	    0.0	
 1071	 107.10	 -483.3	 1249.9	    3.1	  749.5	 1372.2	    0.0	  200.0	  742.9	 1316.0	    0.0	  200.0	  100.0	    0.0	    0.0	    0.0	    0.0	    3.0	   37.6	  1	 -550.0	 1250.0	    0.0	    0.0	    3.0	1	   63.9	 21	    0.0	    0.0	
 1072	 107.20	 -483.3	 1249.9	    3.1	  749.5	 1372.2	    0.0	  200.0	  742.9	 1316.0	    0.0	  200.0	  100.0	    0.0	    0.0	    0.0	    0.0	    3.0	   37.7	  1	 -550.0	 1250.0	    0.0	    0.0	    3.0	1	   63.9	 21	    0.0	    0.0	
 1073	 107.30	 -483.3	 1249.9	    3.1	  749.5	 1372.2	    0.0	  200.0	  742.9	 1316.0	    0.0	  200.0	  100.0	    0.0	    0.0	    0.0	    0.0	    3.0	   37.7	  1	 -550.0	 1250.0	    0.0	    0.0	    3.0	1	   63.9	 21	    0.0	    0.0	
 1074	 107.40	 -483.3	 1249.9	    3.1	  749.5	 1372.2	    0.0	  200.0	  742.9	 1316.0	    0.0	  200.0	  100.0	    0.0	    0.0	    0.0	    0.0	    3.1	   37.7	  1	 -550.0	 1250.0	    0.0	    0.0	    3.1	1	   63.9	 21	    0.0	    0.0	
 1075	 107.50	 -483.3	 1249.9	    3.1	  749.5	 1372.2	    0.0	  200.0	  742.9	 1316.0	    0.0	  200.0	  100.0	    0.0	    0.0	    0.0	    0.0	    3.1	   37.8	  1	 -550.0	 1250.0	    0.0	    0.0	    3.1	1	   63.9	 21	    0.0	    0.0	
 1076	 107.60	 -483.3	 1249.9	    3.1	  749.5	 1372.2	    0.0	  200.0	  742.9	 1316.0	    0.0	  200.0	  100.0	    0.0	    0.0	    0.0	    0.0	    3.1	   37.8	  1	 -550.0	 1250.0	    0.0	    0.0	    3.1	1	   63.9	 21	    0.0	    0.0	
 1077	 107.70	 -483.3	 1249.9	    3.1	  749.5	 1372.2	    0.0	  200.0	  742.9	 1316.0	    0.0	  200.0	  100.0	    0.0	    0.0	    0.0	    0.0	    3.1	   37.9	  1	 -550.0	 1250.0	    0.0	    0.0	    3.1	1	   63.9	 21	    0.0	    0.0	
 1078	 107.80	 -483.3	 1249.9	    3.1	  749.5	 1372.2	    0.0	  200.0	  742.9	 1316.0	    0.0	  200.0	  100.0	    0.0	    0.0	    0.0	    0.0	    3.1	   37.9	  1	 -550.0	 1250.0	    0.0	    0.0	    3.1	1	   63.9	 21	    0.0	    0.0	
 1079	 107.90	 -483.3	 1249.9	    3.1	  749.5	 1372.2	    0.0	  200.0	  742.9	 1316.0	    0.0	  200.0	  100.0	    0.0	    0.0	    0.0	    0.0	    3.1	   37.9	  1	 -550.0	 1250.0	    0.0	    0.0	    3.1	1	   63.9	 21	    0.0	    0.0	
 1080	 108.00	 -483.3	 1249.9	    3.1	  749.5	 1372.2	    0.0	  200.0	  742.9	 1316.0	    0.0	  200.0	  100.0	    0.0	    0.0	    0.0	    0.0	    3.1	   38.0	  1	 -550.0	 1250.0	    0.0	    0.0	    3.1	1	   63.9	 21	    0.0	    0.0	
 1081	 108.10	 -483.3	 1249.9	    3.1	  749.5	 1372.2	    0.0	  200.0	  742.9	 1316.0	    0.0	  200.0	  100.0	    0.0	    0.0	    0.0	    0.0	    3.1	   38.0	  1	 -550.0	 1250.0	    0.0	    0.0	    3.1	1	   63.9	 21	    0.0	    0.0	
 1082	 108.20	 -483.3	 1249.9	    3.1	  749.5	 1372.2	    0.0	  200.0	  742.9	 1316.0	    0.0	  200.0	  100.0	    0.0	    0.0	    0.0	    0.0	    3.1	   38.1	  1	 -550.0	 1250.0	    0.0	    0.0	    3.1	1	   63.9	 21	    0.0	    0.0	
 1083	 108.30	 -483.3	 1249.9	    3.1	  749.5	 1372.2	    0.0	  200.0	  742.9	 1316.0	    0.0	  200.0	  100.0	    0.0	    0.0	    0.0	    0.0	    3.1	   38.1	  1	 -550.0	 1250.0	    0.0	    0.0	    3.1	1	   63.9	 21	    0.0	    0.0	
 1084	 108.40	 -483.3	 1249.9	    3.1	  749.5	 1372.2	    0.0	  200.0	  742.9	 1316.0	    0.0	  200.0	  100.0	    0.0	    0.0	    0.0	    0.0	    3.1	   38.1	  1	 -550.0	 1250.0	    0.0	    0.0	    3.1	1	   63.9	 21	    0.0	    0.0	
 1085	 108.50	 -483.3	 1249.9	    3.1	  749.5	 1372.2	    0.0	  200.0	  742.9	 1316.0	    0.0	  200.0	  100.0	    0.0	    0.0	    0.0	    0.0	    3.1	   38.2	  1	 -550.0	 1250.0	    0.0	    0.0	    3.1	1	   63.9	 21	    0.0	    0.0	
 1086	 108.60	 -483.3	 1249.9	    3.1	  749.5	 1372.2	    0.0	  200.0	  742.9	 1316.0	    0.0	  200.0	  100.0	    0.0	    0.0	    0.0	    0.0	    3.1	   38.2	  1	 -550.0	 1250.0	    0.0	    0.0	    3.1	1	   63.9	 21	    0.0	    0.0	
 1087	 108.70	 -483.3	 1249.9	    3.1	  749.5	 1372.2	    0.0	  200.0	  742.9	 1316.0	    0.0	  200.0	  100.0	    0.0	    0.0	    0.0	    0.0	    3.1	   38.3	  1	 -550.0	 1250.0	    0.0	    0.0	    3.1	1	   63.9	 21	    0.0	    0.0	
 1088	 108.80	 -483.3	 1249.9	    3.1	  749.5	 1372.2	    0.0	  200.0	  742.9	 1316.0	    0.0	  200.0	  100.0	    0.0	    0.0	    0.0	    0.0	    3.1	   38.3	  1	 -550.0	 1250.0	    0.0	    0.0	    3.1	1	   63.9	 21	    0.0	    0.0	
 1089	 108.90	 -483.3	 1249.9	    3.1	  749.5	 1372.2	    0.0	  200.0	  742.9	 1316.0	    0.0	  200.0	  100.0	    0.0	    0.0	    0.0	    0.0	    3.1	   38.3	  1	 -550.0	 1250.0	    0.0	    0.0	    3.1	1	   63.9	 21	    0.0	    0.0	
 1090	 109.00	 -483.3	 1249.9	    3.1	  749.5	 1372.2	    0.0	  200.0	  742.9	 1316.0	    0.0	  200.0	  100.0	    0.0	    0.0	    0.0	    0.0	    3.1	   38.4	  1	 -550.0	 1250.0	    0.0	    0.0	    3.1	1	   63.9	 21	    0.0	    0.0	
 1091	 109.10	 -483.3	 1249.9	    3.1	  749.5	 1372.2	    0.0	  200.0	  742.9	 1316.0	    0.0	  200.0	  100.0	    0.0	    0.0	    0.0	    0.0	    3.1	   38.4	  1	 -550.0	 1250.0	    0.0	    0.0	    3.1	1	   63.9	 21	    0.0	    0.0	
 1092	 109.20	 -483.3	 1249.9	    3.1	  749.5	 1372.2	    0.0	  200.0	  742.9	 1316.0	    0.0	  200.0	  100.0	    0.0	    0.0	    0.0	    0.0	    3.1	   38.5	  1	 -550.0	 1250.0	    0.0	    0.0	    3.1	1	   63.9	 21	    0.0	    0.0	
 1093	 109.30	 -483.3	 1249.9	    3.1	  749.5	 1372.2	    0.0	  200.0	  742.9	 1316.0	    0.0	  200.0	  100.0	    0.0	    0.0	    0.0	    0.0	    3.1	   38.5	  1	 -550.0	 1250.0	    0.0	    0.0	    3.1	1	   63.9	 21	    0.0	    0.0	
 1094	 109.40	 -483.3	 1249.9	    3.1	  749.5	 1372.2	    0.0	  200.0	  742.9	 1316.0	    0.0	  200.0	  100.0	    0.0	    0.0	    0.0	    0.0	    3.2	   38.5	  1	 -550.0	 1250.0	    0.0	    0.0	    3.2	1	   63.9	 21	    0.0	    0.0	
 1095	 109.50	 -483.3	 1249.9	    3.1	  749.5	 1372.2	    0.0	  200.0	  742.9	 1316.0	    0.0	  200.0	  100.0	    0.0	    0.0	    0.0	    0.0	    3.2	   38.6	  1	 -550.0	 1250.0	    0.0	    0.0	    3.2	1	   63.9	 21	    0.0	    0.0	
 1096	 109.60	 -483.3	 1249.9	    3.1	  749.5	 1372.2	    0.0	  200.0	  742.9	 1316.0	    0.0	  200.0	  100.0	    0.0	    0.0	    0.0	    0.0	    3.2	   38.6	  1	 -550.0	 1250.0	    0.0	    0.0	    3.2	1	   63.9	 21	    0.0	    0.0	
 1097	 109.70	 -483.3	 1249.9	    3.1	  749.5	 1372.2	    0.0	  200.0	  742.9	 1316.0	    0.0	  200.0	  100.0	    0.0	    0.0	    0.0	    0.0	    3.2	   38.7	  1	 -550.0	 1250.0	    0.0	    0.0	    3.2	1	   63.9	 21	    0.0	    0.0	
 1098	 109.80	 -483.3	 1249.9	    3.1	  749.5	 1372.2	    0.0	  200.0	  742.9	 1316.0	    0.0	  200.0	  100.0	    0.0	    0.0	    0.0	    0.0	    3.2	   38.7	  1	 -550.0	 1250.0	    0.0	    0.0	    3.2	1	   63.9	 21	    0.0	    0.0	
 1099	 109.90	 -483.3	 1249.9	    3.1	  749.5	 1372.2	    0.0	  200.0	  742.9	 1316.0	    0.0	  200.0	  100.0	    0.0	    0.0	    0.0	    0.0	    3.2	   38.7	  1	 -550.0	 1250.0	    0.0	    0.0	    3.2	1	   63.9	 21	    0.0	    0.0	
 1100	 110.00	 -483.3	 1249.9	    3.1	  749.5	 1372.2	    0.0	  200.0	  742.9	 1316.0	    0.0	  200.0	  100.0	    0.0	    0.0	    0.0	    0.0	    3.2	   38.8	  1	 -550.0	 1250.0	    0.0	    0.0	    3.2	1	   63.9	 21	    0.0	    0.0	
 1101	 110.10	 -483.3	 1249.9	    3.1	  749.5	 1372.2	    0.0	  200.0	  742.9	 1316.0	    0.0	  200.0	  100.0	    0.0	    0.0	    0.0	    0.0	    3.2	   38.8	  1	 -550.0	 1250.0	    0.0	    0.0	    3.2	1	   63.9	 21	    0.0	    0.0	
 1102	 110.20	 -483.3	 1249.9	    3.1	  749.5	 1372.2	    0.0	  200.0	  742.9	 1316.0	    0.0	  200.0	  100.0	    0.0	    0.0	    0.0	    0.0	    3.2	   38.9	  1	 -550.0	 1250.0	    0.0	    0.0	    3.2	1	   63.9	 21	    0.0	    0.0	
 1103	 110.30	 -483.3	 1249.9	    3.1	  749.5	 1372.2	    0.0	  200.0	  742.9	 1316.0	    0.0	  200.0	  100.0	    0.0	    0.0	    0.0	    0.0	    3.2	   38.9	  1	 -550.0	 1250.0	    0.0	    0.0	    3.2	1	   63.9	 21	    0.0	    0.0	
 1104	 110.40	 -483.3	 1249.9	    3.1	  749.5	 1372.2	    0.0	  200.0	  742.9	 1316.0	    0.0	  200.0	  100.0	    0.0	    0.0	    0.0	    0.0	    3.2	   38.9	  1	 -550.0	 1250.0	    0.0	    0.0	    3.2	1	   63.9	 21	    0.0	    0.0	
 1105	 110.50	 -483.3	 1249.9	    3.1	  749.5	 1372.2	    0.0	  200.0	  742.9	 1316.0	    0.0	  200.0	  100.0	    0.0	    0.0	    0.0	    0.0	    3.2	   39.0	  1	 -550.0	 1250.0	    0.0	    0.0	    3.2	1	   63.9	 21	    0.0	    0.0	
 1106	 110.60	 -483.3	 1249.9	    3.1	  749.5	 1372.2	    0.0	  200.0	  742.9	 1316.0	    0.0	  200.0	  100.0	    0.0	    0.0	    0.0	    0.0	    3.2	   39.0	  1	 -550.0	 1250.0	    0.0	    0.0	    3.2	1	   63.9	 21	    0.0	    0.0	
 1107	 110.70	 -483.3	 1249.9	    3.1	  749.5	 1372.2	    0.0	  200.0	  742.9	 1316.0	    0.0	  200.0	  100.0	    0.0	    0.0	    0.0	    0.0	    3.2	   39.0	  1	 -550.0	 1250.0	    0.0	    0.0	    3.2	1	   63.9	 21	    0.0	    0.0	
 1108	 110.80	 -483.3	 1249.9	    3.1	  749.5	 1372.2	    0.0	  200.0	  742.9	 1316.0	    0.0	  200.0	  100.0	    0.0	    0.0	    0.0	    0.0	    3.2	   39.1	  1	 -550.0	 1250.0	    0.0	    0.0	    3.2	1	   63.9	 21	    0.0	    0.0	
 1109	 110.90	 -483.3	 1249.9	    3.1	  749.5	 1372.2	    0.0	  200.0	  742.9	 1316.0	    0.0	  200.0	  100.0	    0.0	    0.0	    0.0	    0.0	    3.2	   39.1	  1	 -550.0	 1250.0	    0.0	    0.0	    3.2	1	   63.9	 21	    0.0	    0.0	
 1110	 111.00	 -483.3	 1249.9	    3.1	  749.5	 1372.2	    0.0	  200.0	  742.9	 1316.0	    0.0	  200.0	  100.0	    0.0	    0.0	    0.0	    0.0	    3.2	   39.2	  1	 -550.0	 1250.0	    0.0	    0.0	    3.2	1	   63.9	 21	    0.0	    0.0	
 1111	 111.10	 -483.3	 1249.9	    3.1	  749.5	 1372.2	    0.0	  200.0	  742.9	 1316.0	    0.0	  200.0	  100.0	    0.0	    0.0	    0.0	    0.0	    3.2	   39.2	  1	 -550.0	 1250.0	    0.0	    0.0	    3.2	1	   63.9	 21	    0.0	    0.0	
 1112	 111.20	 -483.3	 1249.9	    3.1	  749.5	 1372.2	    0.0	  200.0	  742.9	 1316.0	    0.0	  200.0	  100.0	    0.0	    0.0	    0.0	    0.0	    3.2	   39.2	  1	 -550.0	 1250.0	    0.0	    0.0	    3.2	1	   63.9	 21	    0.0	    0.0	
 1113	 111.30	 -483.3	 1249.9	    3.1	  749.5	 1372.2	    0.0	  200.0	  742.9	 1316.0	    0.0	  200.0	  100.0	    0.0	    0.0	    0.0	    0.0	    3.2	   39.3	  1	 -550.0	 1250.0	    0.0	    0.0	    3.2	1	   63.9	 21	    0.0	    0.0	
 1114	 111.40	 -483.3	 1249.9	    3.1	  749.5	 1372.2	    0.0	  200.0	  742.9	 1316.0	    0.0	  200.0	  100.0	    0.0	    0.0	    0.0	    0.0	    3.2	   39.3	  1	 -550.0	 1250.0	    0.0	    0.0	    3.2	1	   63.9	 21	    0.0	    0.0	
 1115	 111.50	 -483.3	 1249.9	    3.1	  749.5	 1372.2	    0.0	  200.0	  742.9	 1316.0	    0.0	  200.0	  100.0	    0.0	    0.0	    0.0	    0.0	    3.3	   39.4	  1	 -550.0	 1250.0	    0.0	    0.0	    3.3	1	   63.9	 21	    0.0	    0.0	
 1116	 111.60	 -483.3	 1249.9	    3.1	  749.5	 1372.2	    0.0	  200.0	  742.9	 1316.0	    0.0	  200.0	  100.0	    0.0	    0.0	    0.0	    0.0	    3.3	   39.4	  1	 -550.0	 1250.0	    0.0	    0.0	    3.3	1	   63.9	 21	    0.0	    0.0	
 1117	 111.70	 -483.3	 1249.9	    3.1	  749.5	 1372.2	    0.0	  200.0	  742.9	 1316.0	    0.0	  200.0	  100.0	    0.0	    0.0	    0.0	    0.0	    3.3	   39.4	  1	 -550.0	 1250.0	    0.0	    0.0	    3.3	1	   63.9	 21	    0.0	    0.0	
 1118	 111.80	 -483.3	 1249.9	    3.1	  749.5	 1372.2	    0.0	  200.0	  742.9	 1316.0	    0.0	  200.0	  100.0	    0.0	    0.0	    0.0	    0.0	    3.3	   39.5	  1	 -550.0	 1250.0	    0.0	    0.0	    3.3	1	   63.9	 21	    0.0	    0.0	
 1119	 111.90	 -483.3	 1249.9	    3.1	  749.5	 1372.2	    0.0	  200.0	  742.9	 1316.0	    0.0	  200.0	  100.0	    0.0	    0.0	    0.0	    0.0	    3.3	   39.5	  1	 -550.0	 1250.0	    0.0	    0.0	    3.3	1	   63.9	 21	    0.0	    0.0	
 1120	 112.00	 -483.3	 1249.9	    3.1	  749.5	 1372.2	    0.0	  200.0	  742.9	 1316.0	    0.0	  200.0	  100.0	    0.0	    0.0	    0.0	    0.0	    3.3	   39.6	  1	 -550.0	 1250.0	    0.0	    0.0	    3.3	1	   63.9	 21	    0.0	    0.0	
 1121	 112.10	 -483.3	 1249.9	    3.1	  749.5	 1372.2	    0.0	  200.0	  742.9	 1316.0	    0.0	  200.0	  100.0	    0.0	    0.0	    0.0	    0.0	    3.3	   39.6	  1	 -550.0	 1250.0	    0.0	    0.0	    3.3	1	   63.9	 21	    0.0	    0.0	
 1122	 112.20	 -483.3	 1249.9	    3.1	  749.5	 1372.2	    0.0	  200.0	  742.9	 1316.0	    0.0	  200.0	  100.0	    0.0	    0.0	    0.0	    0.0	    3.3	   39.6	  1	 -550.0	 1250.0	    0.0	    0.0	    3.3	1	   63.9	 21	    0.0	    0.0	
 1123	 112.30	 -483.3	 1249.9	    3.1	  749.5	 1372.2	    0.0	  200.0	  742.9	 1316.0	    0.0	  200.0	  100.0	    0.0	    0.0	    0.0	    0.0	    3.3	   39.7	  1	 -550.0	 1250.0	    0.0	    0.0	    3.3	1	   63.9	 21	    0.0	    0.0	
 1124	 112.40	 -483.3	 1249.9	    3.1	  749.5	 1372.2	    0.0	  200.0	  742.9	 1316.0	    0.0	  200.0	  100.0	    0.0	    0.0	    0.0	    0.0	    3.3	   39.7	  1	 -550.0	 1250.0	    0.0	    0.0	    3.3	1	   63.9	 21	    0.0	    0.0	
 1125	 112.50	 -483.3	 1249.9	    3.1	  749.5	 1372.2	    0.0	  200.0	  742.9	 1316.0	    0.0	  200.0	  100.0	    0.0	    0.0	    0.0	    0.0	    3.3	   39.8	  1	 -550.0	 1250.0	    0.0	    0.0	    3.3	1	   63.9	 21	    0.0	    0.0	
 1126	 112.60	 -483.3	 1249.9	    3.1	  749.5	 1372.2	    0.0	  200.0	  742.9	 1316.0	    0.0	  200.0	  100.0	    0.0	    0.0	    0.0	    0.0	    3.3	   39.8	  1	 -550.0	 1250.0	    0.0	    0.0	    3.3	1	   63.9	 21	    0.0	    0.0	
 1127	 112.70	 -483.3	 1249.9	    3.1	  749.5	 1372.2	    0.0	  200.0	  742.9	 1316.0	    0.0	  200.0	  100.0	    0.0	    0.0	    0.0	    0.0	    3.3	   39.8	  1	 -550.0	 1250.0	    0.0	    0.0	    3.3	1	   63.9	 21	    0.0	    0.0	
 1128	 112.80	 -483.3	 1249.9	    3.1	  749.5	 1372.2	    0.0	  200.0	  742.9	 1316.0	    0.0	  200.0	  100.0	    0.0	    0.0	    0.0	    0.0	    3.3	   39.9	  1	 -550.0	 1250.0	    0.0	    0.0	    3.3	1	   63.9	 21	    0.0	    0.0	
 1129	 112.90	 -483.3	 1249.9	    3.1	  749.5	 1372.2	    0.0	  200.0	  742.9	 1316.0	    0.0	  200.0	  100.0	    0.0	    0.0	    0.0	    0.0	    3.3	   39.9	  1	 -550.0	 1250.0	    0.0	    0.0	    3.3	1	   63.9	 21	    0.0	    0.0	
 1130	 113.00	 -483.3	 1249.9	    3.1	  749.5	 1372.2	    0.0	  200.0	  742.9	 1316.0	    0.0	  200.0	  100.0	    0.0	    0.0	    0.0	    0.0	    3.3	   40.0	  1	 -550.0	 1250.0	    0.0	    0.0	    3.3	1	   63.9	 21	    0.0	    0.0	
 1131	 113.10	 -483.3	 1249.9	    3.1	  749.5	 1372.2	    0.0	  200.0	  742.9	 1316.0	    0.0	  200.0	  100.0	    0.0	    0.0	    0.0	    0.0	    3.3	   40.0	  1	 -550.0	 1250.0	    0.0	    0.0	    3.3	1	   63.9	 21	    0.0	    0.0	
 1132	 113.20	 -483.3	 1249.9	    3.1	  749.5	 1372.2	    0.0	  200.0	  742.9	 1316.0	    0.0	  200.0	  100.0	    0.0	    0.0	    0.0	    0.0	    3.3	   40.0	  1	 -550.0	 1250.0	    0.0	    0.0	    3.3	1	   63.9	 21	    0.0	    0.0	
 1133	 113.30	 -483.3	 1249.9	    3.1	  749.5	 1372.2	    0.0	  200.0	  742.9	 1316.0	    0.0	  200.0	  100.0	    0.0	    0.0	    0.0	    0.0	    3.3	   40.1	  1	 -550.0	 1250.0	    0.0	    0.0	    3.3	1	   63.9	 21	    0.0	    0.0	
 1134	 113.40	 -483.3	 1249.9	    3.1	  749.5	 1372.2	    0.0	  200.0	  742.9	 1316.0	    0.0	  200.0	  100.0	    0.0	    0.0	    0.0	    0.0	    3.3	   40.1	  1	 -550.0	 1250.0	    0.0	    0.0	    3.3	1	   63.9	 21	    0.0	    0.0	
 1135	 113.50	 -483.3	 1249.9	    3.1	  749.5	 1372.2	    0.0	  200.0	  742.9	 1316.0	    0.0	  200.0	  100.0	    0.0	    0.0	    0.0	    0.0	    3.4	   40.2	  1	 -550.0	 1250.0	    0.0	    0.0	    3.4	1	   63.9	 21	    0.0	    0.0	
 1136	 113.60	 -483.3	 1249.9	    3.1	  749.5	 1372.2	    0.0	  200.0	  742.9	 1316.0	    0.0	  200.0	  100.0	    0.0	    0.0	    0.0	    0.0	    3.4	   40.2	  1	 -550.0	 1250.0	    0.0	    0.0	    3.4	1	   63.9	 21	    0.0	    0.0	
 1137	 113.70	 -483.3	 1249.9	    3.1	  749.5	 1372.2	    0.0	  200.0	  742.9	 1316.0	    0.0	  200.0	  100.0	    0.0	    0.0	    0.0	    0.0	    3.4	   40.2	  1	 -550.0	 1250.0	    0.0	    0.0	    3.4	1	   63.9	 21	    0.0	    0.0	
 1138	 113.80	 -483.3	 1249.9	    3.1	  749.5	 1372.2	    0.0	  200.0	  742.9	 1316.0	    0.0	  200.0	  100.0	    0.0	    0.0	    0.0	    0.0	    3.4	   40.3	  1	 -550.0	 1250.0	    0.0	    0.0	    3.4	1	   63.9	 21	    0.0	    0.0	
 1139	 113.90	 -483.3	 1249.9	    3.1	  749.5	 1372.2	    0.0	  200.0	  742.9	 1316.0	    0.0	  200.0	  100.0	    0.0	    0.0	    0.0	    0.0	    3.4	   40.3	  1	 -350.0	 2050.0	    0.0	    0.0	    3.4	1	  291.8	 21	    0.0	    0.0	
 1140	 114.00	 -489.4	 1269.1	  107.6	  749.5	 1372.2	    0.0	  200.0	  742.9	 1316.0	    0.0	  200.0	  100.0	    0.0	    0.0	    0.0	    0.0	    3.4	   40.4	  1	 -350.0	 2050.0	    0.0	    0.0	    3.4	1	  291.6	 21	    0.0	    0.0	
 1141	 114.10	 -506.9	 1332.2	  105.5	  749.5	 1372.2	    0.0	  200.0	  742.9	 1316.0	    0.0	  200.0	  100.0	    0.0	    0.0	    0.0	    0.0	    3.4	   40.4	  1	 -350.0	 2050.0	    0.0	    0.0	    3.4	1	  291.1	 21	    0.0	    0.0	
 1142	 114.20	 -517.4	 1398.9	   98.3	  749.5	 1372.2	    0.0	  200.0	  742.9	 1316.0	    0.0	  200.0	  100.0	    0.0	    0.0	    0.0	    0.0	    3.4	   40.4	  1	 -350.0	 2050.0	    0.0	    0.0	    3.4	1	  291.5	 21	    0.0	    0.0	
 1143	 114.30	 -519.7	 1466.6	   91.5	  749.5	 1372.2	    0.0	  200.0	  742.9	 1316.0	    0.0	  200.0	  100.0	    0.0	    0.0	    0.0	    0.0	    3.4	   40.5	  1	 -350.0	 2050.0	    0.0	    0.0	    3.4	1	  292.7	 21	    0.0	    0.0	
 1144	 114.40	 -515.1	 1532.6	   85.5	  749.5	 1372.2	    0.0	  200.0	  742.9	 1316.0	    0.0	  200.0	  100.0	    0.0	    0.0	    0.0	    0.0	    3.4	   40.5	  1	 -350.0	 2050.0	    0.0	    0.0	    3.4	1	  294.2	 21	    0.0	    0.0	
 1145	 114.50	 -504.5	 1601.7	   80.7	  749.5	 1372.2	    0.0	  200.0	  742.9	 1316.0	    0.0	  200.0	  100.0	    0.0	    0.0	    0.0	    0.0	    3.4	   40.5	  1	 -350.0	 2050.0	    0.0	    0.0	    3.4	1	  296.2	 21	    0.0	    0.0	
 1146	 114.60	 -488.4	 1671.1	   76.4	  749.5	 1372.2	    0.0	  200.0	  742.9	 1316.0	    0.0	  200.0	  100.0	    0.0	    0.0	    0.0	    0.0	    3.4	   40.4	  1	 -350.0	 2050.0	    0.0	    0.0	    3.4	1	  297.3	 21	    0.0	    0.0	
 1147	 114.70	 -468.1	 1738.3	   72.9	  749.5	 1372.2	    0.0	  200.0	  742.9	 1316.0	    0.0	  200.0	  100.0	    0.0	    0.0	    0.0	    0.0	    3.4	   40.4	  1	 -350.0	 2050.0	    0.0	    0.0	    3.4	1	  297.5	 21	    0.0	    0.0	
 1148	 114.80	 -444.6	 1803.2	   69.8	  749.5	 1372.2	    0.0	  200.0	  742.9	 1316.0	    0.0	  200.0	  100.0	    0.0	    0.0	    0.0	    0.0	    3.4	   40.3	  1	 -350.0	 2050.0	    0.0	    0.0	    3.4	1	  247.9	 21	    0.0	    0.0	
 1149	 114.90	 -422.1	 1860.6	   68.4	  749.5	 1372.2	    0.0	  200.0	  742.9	 1316.0	    0.0	  200.0	  100.0	    0.0	    0.0	    0.0	    0.0	    3.4	   40.2	  1	 -350.0	 2050.0	    0.0	    0.0	    3.4	1	  182.0	 21	    0.0	    0.0	
 1150	 115.00	 -406.0	 1903.9	   69.9	  749.5	 1372.2	    0.0	  200.0	  742.9	 1316.0	    0.0	  200.0	  100.0	    0.0	    0.0	    0.0	    0.0	    3.3	   40.0	  1	 -350.0	 2050.0	    0.0	    0.0	    3.3	1	  148.6	 21	    0.0	    0.0	
 1151	 115.10	 -392.5	 1937.5	   67.9	  749.5	 1372.2	    0.0	  200.0	  742.9	 1316.0	    0.0	  200.0	  100.0	    0.0	    0.0	    0.0	    0.0	    3.3	   39.9	  1	 -350.0	 2050.0	    0.0	    0.0	    3.3	1	  109.4	 21	    0.0	    0.0	
 1152	 115.20	 -383.1	 1963.1	   70.0	  749.5	 1372.2	    0.0	  200.0	  742.9	 1316.0	    0.0	  200.0	  100.0	    0.0	    0.0	    0.0	    0.0	    3.3	   39.7	  1	 -350.0	 2050.0	    0.0	    0.0	    3.3	1	   82.2	 21	    0.0	    0.0	
 1153	 115.30	 -382.4	 1965.1	   69.1	  749.5	 1372.2	    0.0	  200.0	  742.9	 1316.0	    0.0	  200.0	  100.0	    0.0	    0.0	    0.0	    0.0	    3.3	   39.5	  1	 -350.0	 2050.0	    0.0	    0.0	    3.3	1	   82.2	 21	    0.0	    0.0	
 1154	 115.40	 -382.4	 1965.1	   69.1	  749.5	 1372.2	    0.0	  200.0	  742.9	 1316.0	    0.0	  200.0	  100.0	    0.0	    0.0	    0.0	    0.0	    3.3	   39.3	  1	 -350.0	 2050.0	    0.0	    0.0	    3.3	1	   82.2	 21	    0.0	    0.0	
 1155	 115.50	 -382.4	 1965.1	   69.1	  749.5	 1372.2	    0.0	  200.0	  742.9	 1316.0	    0.0	  200.0	  100.0	    0.0	    0.0	    0.0	    0.0	    3.3	   39.1	  1	 -350.0	 2050.0	    0.0	    0.0	    3.3	1	   82.2	 21	    0.0	    0.0	
 1156	 115.60	 -382.4	 1965.1	   69.1	  749.5	 1372.2	    0.0	  200.0	  742.9	 1316.0	    0.0	  200.0	  100.0	    0.0	    0.0	    0.0	    0.0	    3.3	   39.0	  1	 -350.0	 2050.0	    0.0	    0.0	    3.3	1	   82.2	 21	    0.0	    0.0	
 1157	 115.70	 -382.4	 1965.1	   69.1	  749.5	 1372.2	    0.0	  200.0	  742.9	 1316.0	    0.0	  200.0	  100.0	    0.0	    0.0	    0.0	    0.0	    3.3	   38.8	  1	 -350.0	 2050.0	    0.0	    0.0	    3.3	1	   82.2	 21	    0.0	    0.0	
 1158	 115.80	 -382.4	 1965.1	   69.1	  749.5	 1372.2	    0.0	  200.0	  742.9	 1316.0	    0.0	  200.0	  100.0	    0.0	    0.0	    0.0	    0.0	    3.3	   38.6	  1	 -350.0	 2050.0	    0.0	    0.0	    3.3	1	   82.2	 21	    0.0	    0.0	
 1159	 115.90	 -382.4	 1965.1	   69.1	  749.5	 1372.2	    0.0	  200.0	  742.9	 1316.0	    0.0	  200.0	  100.0	    0.0	    0.0	    0.0	    0.0	    3.3	   38.4	  1	 -350.0	 2050.0	    0.0	    0.0	    3.3	1	   82.2	 21	    0.0	    0.0	
 1160	 116.00	 -382.4	 1965.1	   69.1	  749.5	 1372.2	    0.0	  200.0	  742.9	 1316.0	    0.0	  200.0	  100.0	    0.0	    0.0	    0.0	    0.0	    3.3	   38.2	  1	 -350.0	 2050.0	    0.0	    0.0	    3.3	1	   82.2	 21	    0.0	    0.0	
 1161	 116.10	 -382.4	 1965.1	   69.1	  749.5	 1372.2	    0.0	  200.0	  742.9	 1316.0	    0.0	  200.0	  100.0	    0.0	    0.0	    0.0	    0.0	    3.2	   38.1	  1	 -350.0	 2050.0	    0.0	    0.0	    3.2	1	   82.2	 21	    0.0	    0.0	
 1162	 116.20	 -382.4	 1965.1	   69.1	  749.5	 1372.2	    0.0	  200.0	  742.9	 1316.0	    0.0	  200.0	  100.0	    0.0	    0.0	    0.0	    0.0	    3.2	   37.9	  1	 -350.0	 2050.0	    0.0	    0.0	    3.2	1	   82.2	 21	    0.0	    0.0	
 1163	 116.30	 -382.4	 1965.1	   69.1	  749.5	 1372.2	    0.0	  200.0	  742.9	 1316.0	    0.0	  200.0	  100.0	    0.0	    0.0	    0.0	    0.0	    3.2	   37.7	  1	 -350.0	 2050.0	    0.0	    0.0	    3.2	1	   82.2	 21	    0.0	    0.0	
 1164	 116.40	 -382.4	 1965.1	   69.1	  749.5	 1372.2	    0.0	  200.0	  742.9	 1316.0	    0.0	  200.0	  100.0	    0.0	    0.0	    0.0	    0.0	    3.2	   37.5	  1	 -350.0	 2050.0	    0.0	    0.0	    3.2	1	   82.2	 21	    0.0	    0.0	
 1165	 116.50	 -382.4	 1965.1	   69.1	  749.5	 1372.2	    0.0	  200.0	  742.9	 1316.0	    0.0	  200.0	  100.0	    0.0	    0.0	    0.0	    0.0	    3.2	   37.3	  1	 -350.0	 2050.0	    0.0	    0.0	    3.2	1	   82.2	 21	    0.0	    0.0	
 1166	 116.60	 -382.4	 1965.1	   69.1	  749.5	 1372.2	    0.0	  200.0	  742.9	 1316.0	    0.0	  200.0	  100.0	    0.0	    0.0	    0.0	    0.0	    3.2	   37.2	  1	 -350.0	 2050.0	    0.0	    0.0	    3.2	1	   82.2	 21	    0.0	    0.0	
 1167	 116.70	 -382.4	 1965.1	   69.1	  749.5	 1372.2	    0.0	  200.0	  742.9	 1316.0	    0.0	  200.0	  100.0	    0.0	    0.0	    0.0	    0.0	    3.2	   37.0	  1	 -350.0	 2050.0	    0.0	    0.0	    3.2	1	   82.2	 21	    0.0	    0.0	
 1168	 116.80	 -382.4	 1965.1	   69.1	  749.5	 1372.2	    0.0	  200.0	  742.9	 1316.0	    0.0	  200.0	  100.0	    0.0	    0.0	    0.0	    0.0	    3.2	   36.8	  1	 -350.0	 2050.0	    0.0	    0.0	    3.2	1	   82.2	 21	    0.0	    0.0	
 1169	 116.90	 -382.4	 1965.1	   69.1	  749.5	 1372.2	    0.0	  200.0	  742.9	 1316.0	    0.0	  200.0	  100.0	    0.0	    0.0	    0.0	    0.0	    3.2	   36.7	  1	 -350.0	 2050.0	    0.0	    0.0	    3.2	1	   82.2	 21	    0.0	    0.0	
 1170	 117.00	 -382.4	 1965.1	   69.1	  749.5	 1372.2	    0.0	  200.0	  742.9	 1316.0	    0.0	  200.0	  100.0	    0.0	    0.0	    0.0	    0.0	    3.2	   36.5	  1	 -350.0	 2050.0	    0.0	    0.0	    3.2	1	   82.2	 21	    0.0	    0.0	
 1171	 117.10	 -382.4	 1965.1	   69.1	  749.5	 1372.2	    0.0	  200.0	  742.9	 1316.0	    0.0	  200.0	  100.0	    0.0	    0.0	    0.0	    0.0	    3.1	   36.4	  1	 -350.0	 2050.0	    0.0	    0.0	    3.1	1	   82.2	 21	    0.0	    0.0	
 1172	 117.20	 -382.4	 1965.1	   69.1	  749.5	 1372.2	    0.0	  200.0	  742.9	 1316.0	    0.0	  200.0	  100.0	    0.0	    0.0	    0.0	    0.0	    3.1	   36.2	  1	 -350.0	 2050.0	    0.0	    0.0	    3.1	1	   82.2	 21	    0.0	    0.0	
 1173	 117.30	 -382.4	 1965.1	   69.1	  749.5	 1372.2	    0.0	  200.0	  742.9	 1316.0	    0.0	  200.0	  100.0	    0.0	    0.0	    0.0	    0.0	    3.1	   36.1	  1	 -350.0	 2050.0	    0.0	    0.0	    3.1	1	   82.2	 21	    0.0	    0.0	
 1174	 117.40	 -382.4	 1965.1	   69.1	  749.5	 1372.2	    0.0	  200.0	  742.9	 1316.0	    0.0	  200.0	  100.0	    0.0	    0.0	    0.0	    0.0	    3.1	   36.0	  1	 -350.0	 2050.0	    0.0	    0.0	    3.1	1	   82.2	 21	    0.0	    0.0	
 1175	 117.50	 -382.4	 1965.1	   69.1	  749.5	 1372.2	    0.0	  200.0	  742.9	 1316.0	    0.0	  200.0	  100.0	    0.0	    0.0	    0.0	    0.0	    3.1	   35.8	  1	 -350.0	 2050.0	    0.0	    0.0	    3.1	1	   82.2	 21	    0.0	    0.0	
 1176	 117.60	 -382.4	 1965.1	   69.1	  749.5	 1372.2	    0.0	  200.0	  742.9	 1316.0	    0.0	  200.0	  100.0	    0.0	    0.0	    0.0	    0.0	    3.1	   35.7	  1	 -350.0	 2050.0	    0.0	    0.0	    3.1	1	   82.2	 21	    0.0	    0.0	
 1177	 117.70	 -382.4	 1965.1	   69.1	  749.5	 1372.2	    0.0	  200.0	  742.9	 1316.0	    0.0	  200.0	  100.0	    0.0	    0.0	    0.0	    0.0	    3.1	   35.6	  1	 -350.0	 2050.0	    0.0	    0.0	    3.1	1	   82.2	 21	    0.0	    0.0	
 1178	 117.80	 -382.4	 1965.1	   69.1	  749.5	 1372.2	    0.0	  200.0	  742.9	 1316.0	    0.0	  200.0	  100.0	    0.0	    0.0	    0.0	    0.0	    3.1	   35.5	  1	 -350.0	 2050.0	    0.0	    0.0	    3.1	1	   82.2	 21	    0.0	    0.0	
 1179	 117.90	 -382.4	 1965.1	   69.1	  749.5	 1372.2	    0.0	  200.0	  742.9	 1316.0	    0.0	  200.0	  100.0	    0.0	    0.0	    0.0	    0.0	    3.1	   35.4	  1	 -350.0	 2050.0	    0.0	    0.0	    3.1	1	   82.2	 21	    0.0	    0.0	
 1180	 118.00	 -382.4	 1965.1	   69.1	  749.5	 1372.2	    0.0	  200.0	  742.9	 1316.0	    0.0	  200.0	  100.0	    0.0	    0.0	    0.0	    0.0	    3.1	   35.3	  1	 -350.0	 2050.0	    0.0	    0.0	    3.1	1	   82.2	 21	    0.0	    0.0	
 1181	 118.10	 -382.4	 1965.1	   69.1	  749.5	 1372.2	    0.0	  200.0	  742.9	 1316.0	    0.0	  200.0	  100.0	    0.0	    0.0	    0.0	    0.0	    3.0	   35.2	  1	 -350.0	 2050.0	    0.0	    0.0	    3.0	1	   82.2	 21	    0.0	    0.0	
 1182	 118.20	 -382.4	 1965.1	   69.1	  749.5	 1372.2	    0.0	  200.0	  742.9	 1316.0	    0.0	  200.0	  100.0	    0.0	    0.0	    0.0	    0.0	    3.0	   35.1	  1	 -350.0	 2050.0	    0.0	    0.0	    3.0	1	   82.2	 21	    0.0	    0.0	
 1183	 118.30	 -382.4	 1965.1	   69.1	  749.5	 1372.2	    0.0	  200.0	  742.9	 1316.0	    0.0	  200.0	  100.0	    0.0	    0.0	    0.0	    0.0	    3.0	   35.0	  1	 -350.0	 2050.0	    0.0	    0.0	    3.0	1	   82.2	 21	    0.0	    0.0	
 1184	 118.40	 -382.4	 1965.1	   69.1	  749.5	 1372.2	    0.0	  200.0	  742.9	 1316.0	    0.0	  200.0	  100.0	    0.0	    0.0	    0.0	    0.0	    3.0	   34.9	  1	 -350.0	 2050.0	    0.0	    0.0	    3.0	1	   82.2	 21	    0.0	    0.0	
 1185	 118.50	 -382.4	 1965.1	   69.1	  749.5	 1372.2	    0.0	  200.0	  742.9	 1316.0	    0.0	  200.0	  100.0	    0.0	    0.0	    0.0	    0.0	    3.0	   34.9	  1	 -350.0	 2050.0	    0.0	    0.0	    3.0	1	   82.2	 21	    0.0	    0.0	
 1186	 118.60	 -382.4	 1965.1	   69.1	  749.5	 1372.2	    0.0	  200.0	  742.9	 1316.0	    0.0	  200.0	  100.0	    0.0	    0.0	    0.0	    0.0	    3.0	   34.8	  1	 -350.0	 2050.0	    0.0	    0.0	    3.0	1	   82.2	 21	    0.0	    0.0	
 1187	 118.70	 -382.4	 1965.1	   69.1	  749.5	 1372.2	    0.0	  200.0	  742.9	 1316.0	    0.0	  200.0	  100.0	    0.0	    0.0	    0.0	    0.0	    3.0	   34.7	  1	 -350.0	 2050.0	    0.0	    0.0	    3.0	1	   82.2	 21	 1399.9	   20.0	
 1188	 118.80	 -382.4	 1965.1	   69.1	  749.5	 1372.2	    0.0	  200.0	  742.9	 1316.0	    0.0	  200.0	  100.0	    0.0	    0.0	    0.0	    0.0	    3.0	   34.6	  1	 -350.0	 2050.0	    0.0	    0.0	    3.0	1	   82.2	 21	 1399.8	   20.0	
 1189	 118.90	 -382.4	 1965.1	   69.1	  749.5	 1372.2	    0.0	  200.0	  742.9	 1316.0	    0.0	  200.0	  100.0	    0.0	    0.0	    0.0	    0.0	    3.0	   34.6	  1	 -350.0	 2050.0	    0.0	    0.0	    3.0	1	   82.2	 21	 1399.6	   20.0	
 1190	 119.00	 -382.4	 1965.1	   69.1	  749.5	 1372.2	    0.0	  200.0	  742.9	 1316.0	    0.0	  200.0	  100.0	    0.0	    0.0	    0.0	    0.0	    3.0	   34.5	  1	 -350.0	 2050.0	    0.0	    0.0	    3.0	1	   82.2	 21	 1399.5	   20.0	
 1191	 119.10	 -382.4	 1965.1	   69.1	  749.5	 1372.2	    0.0	  200.0	  742.9	 1316.0	    0.0	  200.0	  100.0	    0.0	    0.0	    0.0	    0.0	    3.0	   34.4	  1	 -350.0	 2050.0	    0.0	    0.0	    3.0	1	   82.2	 21	 1399.4	   19.9	
 1192	 119.20	 -382.4	 1965.1	   69.1	  749.5	 1372.2	    0.0	  200.0	  742.9	 1316.0	    0.0	  200.0	  100.0	    0.0	    0.0	    0.0	    0.0	    2.9	   34.4	  1	 -350.0	 2050.0	    0.0	    0.0	    2.9	1	   82.2	 21	 1399.3	   19.9	
 1193	 119.30	 -382.4	 1965.1	   69.1	  749.5	 1372.2	    0.0	  200.0	  742.9	 1316.0	    0.0	  200.0	  100.0	    0.0	    0.0	    0.0	    0.0	    2.9	   34.3	  1	 -350.0	 2050.0	    0.0	    0.0	    2.9	1	   82.2	 21	 1399.1	   19.9	
 1194	 119.40	 -382.4	 1965.1	   69.1	  749.5	 1372.2	    0.0	  200.0	  742.9	 1316.0	    0.0	  200.0	  100.0	    0.0	    0.0	    0.0	    0.0	    2.9	   34.3	  1	 -350.0	 2050.0	    0.0	    0.0	    2.9	1	   82.2	 21	 1399.0	   19.9	
 1195	 119.50	 -382.4	 1965.1	   69.1	  749.5	 1372.2	    0.0	  200.0	  742.9	 1316.0	    0.0	  200.0	  100.0	    0.0	    0.0	    0.0	    0.0	    2.9	   34.2	  1	 -350.0	 2050.0	    0.0	    0.0	    2.9	1	   82.2	 21	 1398.9	   19.9	
 1196	 119.60	 -382.4	 1965.1	   69.1	  749.5	 1372.2	    0.0	  200.0	  742.9	 1316.0	    0.0	  200.0	  100.0	    0.0	    0.0	    0.0	    0.0	    2.9	   34.1	  1	 -350.0	 2050.0	    0.0	    0.0	    2.9	1	   82.2	 21	 1398.8	   19.9	
 1197	 119.70	 -382.4	 1965.1	   69.1	  749.5	 1372.2	    0.0	  200.0	  742.9	 1316.0	    0.0	  200.0	  100.0	    0.0	    0.0	    0.0	    0.0	    2.9	   34.1	  1	 -350.0	 2050.0	    0.0	    0.0	    2.9	1	   82.2	 21	 1398.6	   19.9	
 1198	 119.80	 -382.4	 1965.1	   69.1	  749.5	 1372.2	    0.0	  200.0	  742.9	 1316.0	    0.0	  200.0	  100.0	    0.0	    0.0	    0.0	    0.0	    2.9	   34.0	  1	 -350.0	 2050.0	    0.0	    0.0	    2.9	1	   82.2	 21	 1398.5	   19.9	
 1199	 119.90	 -382.4	 1965.1	   69.1	  749.5	 1372.2	    0.0	  200.0	  742.9	 1316.0	    0.0	  200.0	  100.0	    0.0	    0.0	    0.0	    0.0	    2.9	   34.0	  1	 -350.0	 1950.0	    0.0	    0.0	    2.9	1	   27.4	 21	 1398.4	   19.8	
 1200	 120.00	 -382.4	 1965.1	  -25.0	  749.5	 1372.2	    0.0	  200.0	  742.9	 1316.0	    0.0	  200.0	  100.0	    0.0	    0.0	    0.0	    0.0	    2.9	   34.0	  1	 -350.0	 1950.0	    0.0	    0.0	    2.9	1	   27.4	 21	 1398.2	   19.8	
 1201	 120.10	 -382.4	 1965.1	  -25.0	  749.5	 1372.2	    0.0	  200.0	  742.9	 1316.0	    0.0	  200.0	  100.0	    0.0	    0.0	    0.0	    0.0	    2.9	   33.9	  1	 -350.0	 1950.0	    0.0	    0.0	    2.9	1	   27.4	 21	 1398.1	   19.8	
 1202	 120.20	 -382.4	 1965.1	  -25.0	  749.5	 1372.2	    0.0	  200.0	  742.9	 1316.0	    0.0	  200.0	  100.0	    0.0	    0.0	    0.0	    0.0	    2.8	   33.9	  1	 -350.0	 1950.0	    0.0	    0.0	    2.8	1	   27.4	 21	 1398.0	   19.8	
 1203	 120.30	 -382.4	 1965.1	  -25.0	  749.5	 1372.2	    0.0	  200.0	  742.9	 1316.0	    0.0	  200.0	  100.0	    0.0	    0.0	    0.0	    0.0	    2.8	   33.9	  1	 -350.0	 1950.0	    0.0	    0.0	    2.8	1	   27.4	 21	 1397.9	   19.8	
 1204	 120.40	 -382.4	 1965.1	  -25.0	  749.5	 1372.2	    0.0	  200.0	  742.9	 1316.0	    0.0	  200.0	  100.0	    0.0	    0.0	    0.0	    0.0	    2.8	   33.8	  1	 -350.0	 1950.0	    0.0	    0.0	    2.8	1	   27.4	 21	 1397.7	   19.8	
 1205	 120.50	 -382.4	 1965.1	  -25.0	  749.5	 1372.2	    0.0	  200.0	  742.9	 1316.0	    0.0	  200.0	  100.0	    0.0	    0.0	    0.0	    0.0	    2.8	   33.8	  1	 -350.0	 1950.0	    0.0	    0.0	    2.8	1	   27.4	 21	 1397.6	   19.8	
 1206	 120.60	 -382.4	 1965.1	  -25.0	  749.5	 1372.2	    0.0	  200.0	  742.9	 1316.0	    0.0	  200.0	  100.0	    0.0	    0.0	    0.0	    0.0	    2.8	   33.8	  1	 -350.0	 1950.0	    0.0	    0.0	    2.8	1	   27.4	 21	 1397.5	   19.7	
 1207	 120.70	 -382.4	 1965.1	  -25.0	  749.5	 1372.2	    0.0	  200.0	  742.9	 1316.0	    0.0	  200.0	  100.0	    0.0	    0.0	    0.0	    0.0	    2.8	   33.7	  1	 -350.0	 1950.0	    0.0	    0.0	    2.8	1	   27.4	 21	 1397.3	   19.7	
 1208	 120.80	 -382.4	 1965.1	  -25.0	  749.5	 1372.2	    0.0	  200.0	  742.9	 1316.0	    0.0	  200.0	  100.0	    0.0	    0.0	    0.0	    0.0	    2.8	   33.7	  1	 -350.0	 1950.0	    0.0	    0.0	    2.8	1	   27.4	 21	 1397.2	   19.7	
 1209	 120.90	 -382.4	 1965.1	  -25.0	  749.5	 1372.2	    0.0	  200.0	  742.9	 1316.0	    0.0	  200.0	  100.0	    0.0	    0.0	    0.0	    0.0	    2.8	   33.7	  1	 -350.0	 1950.0	    0.0	    0.0	    2.8	1	   27.4	 21	 1397.1	   19.7	
 1210	 121.00	 -382.4	 1965.1	  -25.0	  749.5	 1372.2	    0.0	  200.0	  742.9	 1316.0	    0.0	  200.0	  100.0	    0.0	    0.0	    0.0	    0.0	    2.8	   33.7	  1	 -350.0	 1950.0	    0.0	    0.0	    2.8	1	   27.4	 21	 1396.9	   19.7	
 1211	 121.10	 -382.4	 1965.1	  -25.0	  749.5	 1372.2	    0.0	  200.0	  742.9	 1316.0	    0.0	  200.0	  100.0	    0.0	    0.0	    0.0	    0.0	    2.8	   33.6	  1	 -350.0	 1950.0	    0.0	    0.0	    2.8	1	   27.4	 21	 1396.8	   19.7	
 1212	 121.20	 -382.4	 1965.1	  -25.0	  749.5	 1372.2	    0.0	  200.0	  742.9	 1316.0	    0.0	  200.0	  100.0	    0.0	    0.0	    0.0	    0.0	    2.7	   33.6	  1	 -350.0	 1950.0	    0.0	    0.0	    2.7	1	   27.4	 21	 1396.6	   19.7	
 1213	 121.30	 -382.4	 1965.1	  -25.0	  749.5	 1372.2	    0.0	  200.0	  742.9	 1316.0	    0.0	  200.0	  100.0	    0.0	    0.0	    0.0	    0.0	    2.7	   33.6	  1	 -350.0	 1950.0	    0.0	    0.0	    2.7	1	   27.4	 21	 1396.5	   19.7	
 1214	 121.40	 -382.4	 1965.1	  -25.0	  749.5	 1372.2	    0.0	  200.0	  742.9	 1316.0	    0.0	  200.0	  100.0	    0.0	    0.0	    0.0	    0.0	    2.7	   33.6	  1	 -350.0	 1950.0	    0.0	    0.0	    2.7	1	   27.4	 21	 1396.4	   19.6	
 1215	 121.50	 -382.4	 1965.1	  -25.0	  749.5	 1372.2	    0.0	  200.0	  742.9	 1316.0	    0.0	  200.0	  100.0	    0.0	    0.0	    0.0	    0.0	    2.7	   33.5	  1	 -350.0	 1950.0	    0.0	    0.0	    2.7	1	   27.4	 21	 1396.2	   19.6	
 1216	 121.60	 -382.4	 1965.1	  -25.0	  749.5	 1372.2	    0.0	  200.0	  742.9	 1316.0	    0.0	  200.0	  100.0	    0.0	    0.0	    0.0	    0.0	    2.7	   33.5	  1	 -350.0	 1950.0	    0.0	    0.0	    2.7	1	   27.4	 21	 1396.1	   19.6	
 1217	 121.70	 -382.4	 1965.1	  -25.0	  749.5	 1372.2	    0.0	  200.0	  742.9	 1316.0	    0.0	  200.0	  100.0	    0.0	    0.0	    0.0	    0.0	    2.7	   33.5	  1	 -350.0	 1950.0	    0.0	    0.0	    2.7	1	   27.4	 21	 1395.9	   19.6	
 1218	 121.80	 -382.4	 1965.1	  -25.0	  749.5	 1372.2	    0.0	  200.0	  742.9	 1316.0	    0.0	  200.0	  100.0	    0.0	    0.0	    0.0	    0.0	    2.7	   33.5	  1	 -350.0	 1950.0	    0.0	    0.0	    2.7	1	   27.4	 21	 1395.8	   19.6	
 1219	 121.90	 -382.4	 1965.1	  -25.0	  749.5	 1372.2	    0.0	  200.0	  742.9	 1316.0	    0.0	  200.0	  100.0	    0.0	    0.0	    0.0	    0.0	    2.7	   33.5	  1	 -350.0	 1950.0	    0.0	    0.0	    2.7	1	   27.4	 21	 1395.7	   19.6	
 1220	 122.00	 -382.4	 1965.1	  -25.0	  749.5	 1372.2	    0.0	  200.0	  742.9	 1316.0	    0.0	  200.0	  100.0	    0.0	    0.0	    0.0	    0.0	    2.7	   33.5	  1	 -350.0	 1950.0	    0.0	    0.0	    2.7	1	   27.4	 21	 1395.5	   19.6	
 1221	 122.10	 -382.4	 1965.1	  -25.0	  749.5	 1372.2	    0.0	  200.0	  742.9	 1316.0	    0.0	  200.0	  100.0	    0.0	    0.0	    0.0	    0.0	    2.7	   33.4	  1	 -350.0	 1950.0	    0.0	    0.0	    2.7	1	   27.4	 21	 1395.4	   19.5	
 1222	 122.20	 -382.4	 1965.1	  -25.0	  749.5	 1372.2	    0.0	  200.0	  742.9	 1316.0	    0.0	  200.0	  100.0	    0.0	    0.0	    0.0	    0.0	    2.7	   33.4	  1	 -350.0	 1950.0	    0.0	    0.0	    2.7	1	   27.4	 21	 1395.2	   19.5	
 1223	 122.30	 -382.4	 1965.1	  -25.0	  749.5	 1372.2	    0.0	  200.0	  742.9	 1316.0	    0.0	  200.0	  100.0	    0.0	    0.0	    0.0	    0.0	    2.6	   33.4	  1	 -350.0	 1950.0	    0.0	    0.0	    2.6	1	   27.4	 21	 1395.1	   19.5	
 1224	 122.40	 -382.4	 1965.1	  -25.0	  749.5	 1372.2	    0.0	  200.0	  742.9	 1316.0	    0.0	  200.0	  100.0	    0.0	    0.0	    0.0	    0.0	    2.6	   33.4	  1	 -350.0	 1950.0	    0.0	    0.0	    2.6	1	   27.4	 21	 1394.9	   19.5	
 1225	 122.50	 -382.4	 1965.1	  -25.0	  749.5	 1372.2	    0.0	  200.0	  742.9	 1316.0	    0.0	  200.0	  100.0	    0.0	    0.0	    0.0	    0.0	    2.6	   33.4	  1	 -350.0	 1950.0	    0.0	    0.0	    2.6	1	   27.4	 21	 1394.8	   19.5	
 1226	 122.60	 -382.4	 1965.1	  -25.0	  749.5	 1372.2	    0.0	  200.0	  742.9	 1316.0	    0.0	  200.0	  100.0	    0.0	    0.0	    0.0	    0.0	    2.6	   33.4	  1	 -350.0	 1950.0	    0.0	    0.0	    2.6	1	   27.4	 21	 1394.6	   19.5	
 1227	 122.70	 -382.4	 1965.1	  -25.0	  749.5	 1372.2	    0.0	  200.0	  742.9	 1316.0	    0.0	  200.0	  100.0	    0.0	    0.0	    0.0	    0.0	    2.6	   33.4	  1	 -350.0	 1950.0	    0.0	    0.0	    2.6	1	   27.4	 21	 1394.5	   19.4	
 1228	 122.80	 -382.4	 1965.1	  -25.0	  749.5	 1372.2	    0.0	  200.0	  742.9	 1316.0	    0.0	  200.0	  100.0	    0.0	    0.0	    0.0	    0.0	    2.6	   33.4	  1	 -350.0	 1950.0	    0.0	    0.0	    2.6	1	   27.4	 21	 1394.3	   19.4	
 1229	 122.90	 -382.4	 1965.1	  -25.0	  749.5	 1372.2	    0.0	  200.0	  742.9	 1316.0	    0.0	  200.0	  100.0	    0.0	    0.0	    0.0	    0.0	    2.6	   33.3	  1	 -350.0	 1950.0	    0.0	    0.0	    2.6	1	   27.4	 21	 1394.2	   19.4	
 1230	 123.00	 -382.4	 1965.1	  -25.0	  749.5	 1372.2	    0.0	  200.0	  742.9	 1316.0	    0.0	  200.0	  100.0	    0.0	    0.0	    0.0	    0.0	    2.6	   33.3	  1	 -350.0	 1950.0	    0.0	    0.0	    2.6	1	   27.4	 21	 1394.0	   19.4	
 1231	 123.10	 -382.4	 1965.1	  -25.0	  749.5	 1372.2	    0.0	  200.0	  742.9	 1316.0	    0.0	  200.0	  100.0	    0.0	    0.0	    0.0	    0.0	    2.6	   33.3	  1	 -350.0	 1950.0	    0.0	    0.0	    2.6	1	   27.4	 21	 1393.9	   19.4	
 1232	 123.20	 -382.4	 1965.1	  -25.0	  749.5	 1372.2	    0.0	  200.0	  742.9	 1316.0	    0.0	  200.0	  100.0	    0.0	    0.0	    0.0	    0.0	    2.6	   33.3	  1	 -350.0	 1950.0	    0.0	    0.0	    2.6	1	   27.4	 21	 1393.7	   19.4	
 1233	 123.30	 -382.4	 1965.1	  -25.0	  749.5	 1372.2	    0.0	  200.0	  742.9	 1316.0	    0.0	  200.0	  100.0	    0.0	    0.0	    0.0	    0.0	    2.5	   33.3	  1	 -350.0	 1950.0	    0.0	    0.0	    2.5	1	   27.4	 21	 1393.6	   19.4	
 1234	 123.40	 -382.4	 1965.1	  -25.0	  749.5	 1372.2	    0.0	  200.0	  742.9	 1316.0	    0.0	  200.0	  100.0	    0.0	    0.0	    0.0	    0.0	    2.5	   33.3	  1	 -350.0	 1950.0	    0.0	    0.0	    2.5	1	   27.4	 21	 1393.4	   19.3	
 1235	 123.50	 -382.4	 1965.1	  -25.0	  749.5	 1372.2	    0.0	  200.0	  742.9	 1316.0	    0.0	  200.0	  100.0	    0.0	    0.0	    0.0	    0.0	    2.5	   33.3	  1	 -350.0	 1950.0	    0.0	    0.0	    2.5	1	   27.4	 21	 1393.3	   19.3	
 1236	 123.60	 -382.4	 1965.1	  -25.0	  749.5	 1372.2	    0.0	  200.0	  742.9	 1316.0	    0.0	  200.0	  100.0	    0.0	    0.0	    0.0	    0.0	    2.5	   33.3	  1	 -350.0	 1950.0	    0.0	    0.0	    2.5	1	   27.4	 21	 1393.1	   19.3	
 1237	 123.70	 -382.4	 1965.1	  -25.0	  749.5	 1372.2	    0.0	  200.0	  742.9	 1316.0	    0.0	  200.0	  100.0	    0.0	    0.0	    0.0	    0.0	    2.5	   33.3	  1	 -350.0	 1950.0	    0.0	    0.0	    2.5	1	   27.4	 21	 1393.0	   19.3	
 1238	 123.80	 -382.4	 1965.1	  -25.0	  749.5	 1372.2	    0.0	  200.0	  742.9	 1316.0	    0.0	  200.0	  100.0	    0.0	    0.0	    0.0	    0.0	    2.5	   33.3	  1	 -350.0	 1950.0	    0.0	    0.0	    2.5	1	   27.4	 21	 1392.8	   19.3	
 1239	 123.90	 -382.4	 1965.1	  -25.0	  749.5	 1372.2	    0.0	  200.0	  742.9	 1316.0	    0.0	  200.0	  100.0	    0.0	    0.0	    0.0	    0.0	    2.5	   33.3	  1	 -350.0	 1950.0	    0.0	    0.0	    2.5	1	   27.4	 21	 1392.6	   19.3	
 1240	 124.00	 -382.4	 1965.1	  -25.0	  749.5	 1372.2	    0.0	  200.0	  742.9	 1316.0	    0.0	  200.0	  100.0	    0.0	    0.0	    0.0	    0.0	    2.5	   33.3	  1	 -350.0	 1950.0	    0.0	    0.0	    2.5	1	   27.4	 21	 1392.5	   19.2	
 1241	 124.10	 -382.4	 1965.1	  -25.0	  749.5	 1372.2	    0.0	  200.0	  742.9	 1316.0	    0.0	  200.0	  100.0	    0.0	    0.0	    0.0	    0.0	    2.5	   33.3	  1	 -350.0	 1950.0	    0.0	    0.0	    2.5	1	   27.4	 21	 1392.3	   19.2	
 1242	 124.20	 -382.4	 1965.1	  -25.0	  749.5	 1372.2	    0.0	  200.0	  742.9	 1316.0	    0.0	  200.0	  100.0	    0.0	    0.0	    0.0	    0.0	    2.5	   33.3	  1	 -350.0	 1950.0	    0.0	    0.0	    2.5	1	   27.4	 21	 1392.2	   19.2	
 1243	 124.30	 -382.4	 1965.1	  -25.0	  749.5	 1372.2	    0.0	  200.0	  742.9	 1316.0	    0.0	  200.0	  100.0	    0.0	    0.0	    0.0	    0.0	    2.4	   33.3	  1	 -350.0	 1950.0	    0.0	    0.0	    2.4	1	   27.4	 21	 1392.0	   19.2	
 1244	 124.40	 -382.4	 1965.1	  -25.0	  749.5	 1372.2	    0.0	  200.0	  742.9	 1316.0	    0.0	  200.0	  100.0	    0.0	    0.0	    0.0	    0.0	    2.4	   33.4	  1	 -350.0	 1950.0	    0.0	    0.0	    2.4	1	   27.4	 21	 1391.8	   19.2	
 1245	 124.50	 -382.4	 1965.1	  -25.0	  749.5	 1372.2	    0.0	  200.0	  742.9	 1316.0	    0.0	  200.0	  100.0	    0.0	    0.0	    0.0	    0.0	    2.4	   33.4	  1	 -350.0	 1950.0	    0.0	    0.0	    2.4	1	   27.4	 21	 1391.7	   19.2	
 1246	 124.60	 -382.4	 1965.1	  -25.0	  749.5	 1372.2	    0.0	  200.0	  742.9	 1316.0	    0.0	  200.0	  100.0	    0.0	    0.0	    0.0	    0.0	    2.4	   33.4	  1	 -350.0	 1950.0	    0.0	    0.0	    2.4	1	   27.4	 21	 1391.5	   19.2	
 1247	 124.70	 -382.4	 1965.1	  -25.0	  749.5	 1372.2	    0.0	  200.0	  742.9	 1316.0	    0.0	  200.0	  100.0	    0.0	    0.0	    0.0	    0.0	    2.4	   33.4	  1	 -350.0	 1950.0	    0.0	    0.0	    2.4	1	   27.4	 21	 1391.3	   19.1	
 1248	 124.80	 -382.4	 1965.1	  -25.0	  749.5	 1372.2	    0.0	  200.0	  742.9	 1316.0	    0.0	  200.0	  100.0	    0.0	    0.0	    0.0	    0.0	    2.4	   33.4	  1	 -350.0	 1950.0	    0.0	    0.0	    2.4	1	   27.4	 21	 1391.2	   19.1	
 1249	 124.90	 -382.4	 1965.1	  -25.0	  749.5	 1372.2	    0.0	  200.0	  742.9	 1316.0	    0.0	  200.0	  100.0	    0.0	    0.0	    0.0	    0.0	    2.4	   33.4	  1	 -350.0	 1950.0	    0.0	    0.0	    2.4	1	   27.4	 21	 1391.0	   19.1	
 1250	 125.00	 -382.4	 1965.1	  -25.0	  749.5	 1372.2	    0.0	  200.0	  742.9	 1316.0	    0.0	  200.0	  100.0	    0.0	    0.0	    0.0	    0.0	    2.4	   33.4	  1	 -350.0	 1950.0	    0.0	    0.0	    2.4	1	   27.4	 21	 1390.8	   19.1	
 1251	 125.10	 -382.4	 1965.1	  -25.0	  749.5	 1372.2	    0.0	  200.0	  742.9	 1316.0	    0.0	  200.0	  100.0	    0.0	    0.0	    0.0	    0.0	    2.4	   33.4	  1	 -350.0	 1950.0	    0.0	    0.0	    2.4	1	   27.4	 21	 1390.7	   19.1	
 1252	 125.20	 -382.4	 1965.1	  -25.0	  749.5	 1372.2	    0.0	  200.0	  742.9	 1316.0	    0.0	  200.0	  100.0	    0.0	    0.0	    0.0	    0.0	    2.4	   33.4	  1	 -350.0	 1950.0	    0.0	    0.0	    2.4	1	   27.4	 21	 1390.5	   19.0	
 1253	 125.30	 -382.4	 1965.1	  -25.0	  749.5	 1372.2	    0.0	  200.0	  742.9	 1316.0	    0.0	  200.0	  100.0	    0.0	    0.0	    0.0	    0.0	    2.4	   33.4	  1	 -350.0	 1950.0	    0.0	    0.0	    2.4	1	   27.4	 21	 1390.3	   19.0	
 1254	 125.40	 -382.4	 1965.1	  -25.0	  749.5	 1372.2	    0.0	  200.0	  742.9	 1316.0	    0.0	  200.0	  100.0	    0.0	    0.0	    0.0	    0.0	    2.3	   33.5	  1	 -350.0	 1950.0	    0.0	    0.0	    2.3	1	   27.4	 21	 1390.2	   19.0	
 1255	 125.50	 -382.4	 1965.1	  -25.0	  749.5	 1372.2	    0.0	  200.0	  742.9	 1316.0	    0.0	  200.0	  100.0	    0.0	    0.0	    0.0	    0.0	    2.3	   33.5	  1	 -350.0	 1950.0	    0.0	    0.0	    2.3	1	   27.4	 21	 1390.0	   19.0	
 1256	 125.60	 -382.4	 1965.1	  -25.0	  749.5	 1372.2	    0.0	  200.0	  742.9	 1316.0	    0.0	  200.0	  100.0	    0.0	    0.0	    0.0	    0.0	    2.3	   33.5	  1	 -350.0	 1950.0	    0.0	    0.0	    2.3	1	   27.4	 21	 1389.8	   19.0	
 1257	 125.70	 -382.4	 1965.1	  -25.0	  749.5	 1372.2	    0.0	  200.0	  742.9	 1316.0	    0.0	  200.0	  100.0	    0.0	    0.0	    0.0	    0.0	    2.3	   33.5	  1	 -350.0	 1950.0	    0.0	    0.0	    2.3	1	   27.4	 21	 1389.6	   19.0	
 1258	 125.80	 -382.4	 1965.1	  -25.0	  749.5	 1372.2	    0.0	  200.0	  742.9	 1316.0	    0.0	  200.0	  100.0	    0.0	    0.0	    0.0	    0.0	    2.3	   33.5	  1	 -350.0	 1950.0	    0.0	    0.0	    2.3	1	   27.4	 21	 1389.5	   18.9	
 1259	 125.90	 -382.4	 1965.1	  -25.0	  749.5	 1372.2	    0.0	  200.0	  742.9	 1316.0	    0.0	  200.0	  100.0	    0.0	    0.0	    0.0	    0.0	    2.3	   33.5	  1	 -350.0	 1950.0	    0.0	    0.0	    2.3	1	   27.4	 21	 1389.3	   18.9	
 1260	 126.00	 -382.4	 1965.1	  -25.0	  749.5	 1372.2	    0.0	  200.0	  742.9	 1316.0	    0.0	  200.0	  100.0	    0.0	    0.0	    0.0	    0.0	    2.3	   33.5	  1	 -350.0	 1950.0	    0.0	    0.0	    2.3	1	   27.4	 21	 1389.1	   18.9	
 1261	 126.10	 -382.4	 1965.1	  -25.0	  749.5	 1372.2	    0.0	  200.0	  742.9	 1316.0	    0.0	  200.0	  100.0	    0.0	    0.0	    0.0	    0.0	    2.3	   33.6	  1	 -350.0	 1950.0	    0.0	    0.0	    2.3	1	   27.4	 21	 1388.9	   18.9	
 1262	 126.20	 -382.4	 1965.1	  -25.0	  749.5	 1372.2	    0.0	  200.0	  742.9	 1316.0	    0.0	  200.0	  100.0	    0.0	    0.0	    0.0	    0.0	    2.3	   33.6	  1	 -350.0	 1950.0	    0.0	    0.0	    2.3	1	   27.4	 21	 1388.7	   18.9	
 1263	 126.30	 -382.4	 1965.1	  -25.0	  749.5	 1372.2	    0.0	  200.0	  742.9	 1316.0	    0.0	  200.0	  100.0	    0.0	    0.0	    0.0	    0.0	    2.3	   33.6	  1	 -350.0	 1950.0	    0.0	    0.0	    2.3	1	   27.4	 21	 1388.5	   18.9	
 1264	 126.40	 -382.4	 1965.1	  -25.0	  749.5	 1372.2	    0.0	  200.0	  742.9	 1316.0	    0.0	  200.0	  100.0	    0.0	    0.0	    0.0	    0.0	    2.2	   33.6	  1	 -350.0	 1950.0	    0.0	    0.0	    2.2	1	   27.4	 21	 1388.4	   18.8	
 1265	 126.50	 -382.4	 1965.1	  -25.0	  749.5	 1372.2	    0.0	  200.0	  742.9	 1316.0	    0.0	  200.0	  100.0	    0.0	    0.0	    0.0	    0.0	    2.2	   33.6	  1	 -350.0	 1950.0	    0.0	    0.0	    2.2	1	   27.4	 21	 1388.2	   18.8	
 1266	 126.60	 -382.4	 1965.1	  -25.0	  749.5	 1372.2	    0.0	  200.0	  742.9	 1316.0	    0.0	  200.0	  100.0	    0.0	    0.0	    0.0	    0.0	    2.2	   33.6	  1	 -350.0	 1950.0	    0.0	    0.0	    2.2	1	   27.4	 21	 1388.0	   18.8	
 1267	 126.70	 -382.4	 1965.1	  -25.0	  749.5	 1372.2	    0.0	  200.0	  742.9	 1316.0	    0.0	  200.0	  100.0	    0.0	    0.0	    0.0	    0.0	    2.2	   33.6	  1	 -350.0	 1950.0	    0.0	    0.0	    2.2	1	   27.4	 21	 1387.8	   18.8	
 1268	 126.80	 -382.4	 1965.1	  -25.0	  749.5	 1372.2	    0.0	  200.0	  742.9	 1316.0	    0.0	  200.0	  100.0	    0.0	    0.0	    0.0	    0.0	    2.2	   33.7	  1	 -350.0	 1950.0	    0.0	    0.0	    2.2	1	   27.4	 21	 1387.6	   18.8	
 1269	 126.90	 -382.4	 1965.1	  -25.0	  749.5	 1372.2	    0.0	  200.0	  742.9	 1316.0	    0.0	  200.0	  100.0	    0.0	    0.0	    0.0	    0.0	    2.2	   33.7	  1	 -350.0	 1950.0	    0.0	    0.0	    2.2	1	   27.4	 21	 1387.4	   18.7	
 1270	 127.00	 -382.4	 1965.1	  -25.0	  749.5	 1372.2	    0.0	  200.0	  742.9	 1316.0	    0.0	  200.0	  100.0	    0.0	    0.0	    0.0	    0.0	    2.2	   33.7	  1	 -350.0	 1950.0	    0.0	    0.0	    2.2	1	   27.4	 21	 1387.2	   18.7	
 1271	 127.10	 -382.4	 1965.1	  -25.0	  749.5	 1372.2	    0.0	  200.0	  742.9	 1316.0	    0.0	  200.0	  100.0	    0.0	    0.0	    0.0	    0.0	    2.2	   33.7	  1	 -350.0	 1950.0	    0.0	    0.0	    2.2	1	   27.4	 21	 1387.1	   18.7	
 1272	 127.20	 -382.4	 1965.1	  -25.0	  749.5	 1372.2	    0.0	  200.0	  742.9	 1316.0	    0.0	  200.0	  100.0	    0.0	    0.0	    0.0	    0.0	    2.2	   33.7	  1	 -350.0	 1950.0	    0.0	    0.0	    2.2	1	   27.4	 21	 1386.9	   18.7	
 1273	 127.30	 -382.4	 1965.1	  -25.0	  749.5	 1372.2	    0.0	  200.0	  742.9	 1316.0	    0.0	  200.0	  100.0	    0.0	    0.0	    0.0	    0.0	    2.2	   33.8	  1	 -350.0	 1950.0	    0.0	    0.0	    2.2	1	   27.4	 21	 1386.7	   18.7	
 1274	 127.40	 -382.4	 1965.1	  -25.0	  749.5	 1372.2	    0.0	  200.0	  742.9	 1316.0	    0.0	  200.0	  100.0	    0.0	    0.0	    0.0	    0.0	    2.1	   33.8	  1	 -350.0	 1950.0	    0.0	    0.0	    2.1	1	   27.4	 21	 1386.5	   18.6	
 1275	 127.50	 -382.4	 1965.1	  -25.0	  749.5	 1372.2	    0.0	  200.0	  742.9	 1316.0	    0.0	  200.0	  100.0	    0.0	    0.0	    0.0	    0.0	    2.1	   33.8	  1	 -350.0	 1950.0	    0.0	    0.0	    2.1	1	   27.4	 21	 1386.3	   18.6	
 1276	 127.60	 -382.4	 1965.1	  -25.0	  749.5	 1372.2	    0.0	  200.0	  742.9	 1316.0	    0.0	  200.0	  100.0	    0.0	    0.0	    0.0	    0.0	    2.1	   33.8	  1	 -350.0	 1950.0	    0.0	    0.0	    2.1	1	   27.4	 21	 1386.1	   18.6	
 1277	 127.70	 -382.4	 1965.1	  -25.0	  749.5	 1372.2	    0.0	  200.0	  742.9	 1316.0	    0.0	  200.0	  100.0	    0.0	    0.0	    0.0	    0.0	    2.1	   33.8	  1	 -350.0	 1950.0	    0.0	    0.0	    2.1	1	   27.4	 21	 1385.9	   18.6	
 1278	 127.80	 -382.4	 1965.1	  -25.0	  749.5	 1372.2	    0.0	  200.0	  742.9	 1316.0	    0.0	  200.0	  100.0	    0.0	    0.0	    0.0	    0.0	    2.1	   33.8	  1	 -350.0	 1950.0	    0.0	    0.0	    2.1	1	   27.4	 21	 1385.7	   18.6	
 1279	 127.90	 -382.4	 1965.1	  -25.0	  749.5	 1372.2	    0.0	  200.0	  742.9	 1316.0	    0.0	  200.0	  100.0	    0.0	    0.0	    0.0	    0.0	    2.1	   33.9	  1	 -350.0	 1950.0	    0.0	    0.0	    2.1	1	   27.4	 21	 1385.5	   18.5	
 1280	 128.00	 -382.4	 1965.1	  -25.0	  749.5	 1372.2	    0.0	  200.0	  742.9	 1316.0	    0.0	  200.0	  100.0	    0.0	    0.0	    0.0	    0.0	    2.1	   33.9	  1	 -350.0	 1950.0	    0.0	    0.0	    2.1	1	   27.4	 21	 1385.3	   18.5	
 1281	 128.10	 -382.4	 1965.1	  -25.0	  749.5	 1372.2	    0.0	  200.0	  742.9	 1316.0	    0.0	  200.0	  100.0	    0.0	    0.0	    0.0	    0.0	    2.1	   33.9	  1	 -350.0	 1950.0	    0.0	    0.0	    2.1	1	   27.4	 21	 1385.1	   18.5	
 1282	 128.20	 -382.4	 1965.1	  -25.0	  749.5	 1372.2	    0.0	  200.0	  742.9	 1316.0	    0.0	  200.0	  100.0	    0.0	    0.0	    0.0	    0.0	    2.1	   33.9	  1	 -350.0	 1950.0	    0.0	    0.0	    2.1	1	   27.4	 21	 1384.9	   18.5	
 1283	 128.30	 -382.4	 1965.1	  -25.0	  749.5	 1372.2	    0.0	  200.0	  742.9	 1316.0	    0.0	  200.0	  100.0	    0.0	    0.0	    0.0	    0.0	    2.1	   33.9	  1	 -350.0	 1950.0	    0.0	    0.0	    2.1	1	   27.4	 21	 1384.7	   18.5	
 1284	 128.40	 -382.4	 1965.1	  -25.0	  749.5	 1372.2	    0.0	  200.0	  742.9	 1316.0	    0.0	  200.0	  100.0	    0.0	    0.0	    0.0	    0.0	    2.1	   34.0	  1	 -350.0	 1950.0	    0.0	    0.0	    2.1	1	   27.4	 21	 1384.5	   18.4	
 1285	 128.50	 -382.4	 1965.1	  -25.0	  749.5	 1372.2	    0.0	  200.0	  742.9	 1316.0	    0.0	  200.0	  100.0	    0.0	    0.0	    0.0	    0.0	    2.0	   34.0	  1	 -350.0	 1950.0	    0.0	    0.0	    2.0	1	   27.4	 21	 1384.2	   18.4	
 1286	 128.60	 -382.4	 1965.1	  -25.0	  749.5	 1372.2	    0.0	  200.0	  742.9	 1316.0	    0.0	  200.0	  100.0	    0.0	    0.0	    0.0	    0.0	    2.0	   34.0	  1	 -350.0	 1950.0	    0.0	    0.0	    2.0	1	   27.4	 21	 1384.0	   18.4	
 1287	 128.70	 -382.4	 1965.1	  -25.0	  749.5	 1372.2	    0.0	  200.0	  742.9	 1316.0	    0.0	  200.0	  100.0	    0.0	    0.0	    0.0	    0.0	    2.0	   34.0	  1	 -350.0	 1950.0	    0.0	    0.0	    2.0	1	   27.4	 21	 1383.8	   18.4	
 1288	 128.80	 -382.4	 1965.1	  -25.0	  749.5	 1372.2	    0.0	  200.0	  742.9	 1316.0	    0.0	  200.0	  100.0	    0.0	    0.0	    0.0	    0.0	    2.0	   34.1	  1	 -350.0	 1950.0	    0.0	    0.0	    2.0	1	   27.4	 21	 1383.6	   18.4	
 1289	 128.90	 -382.4	 1965.1	  -25.0	  749.5	 1372.2	    0.0	  200.0	  742.9	 1316.0	    0.0	  200.0	  100.0	    0.0	    0.0	    0.0	    0.0	    2.0	   34.1	  1	 -350.0	 1950.0	    0.0	    0.0	    2.0	1	   27.4	 21	 1383.4	   18.3	
 1290	 129.00	 -382.4	 1965.1	  -25.0	  749.5	 1372.2	    0.0	  200.0	  742.9	 1316.0	    0.0	  200.0	  100.0	    0.0	    0.0	    0.0	    0.0	    2.0	   34.1	  1	 -350.0	 1950.0	    0.0	    0.0	    2.0	1	   27.4	 21	 1383.2	   18.3	
 1291	 129.10	 -382.4	 1965.1	  -25.0	  749.5	 1372.2	    0.0	  200.0	  742.9	 1316.0	    0.0	  200.0	  100.0	    0.0	    0.0	    0.0	    0.0	    2.0	   34.1	  1	 -350.0	 1950.0	    0.0	    0.0	    2.0	1	   27.4	 21	 1383.0	   18.3	
 1292	 129.20	 -382.4	 1965.1	  -25.0	  749.5	 1372.2	    0.0	  200.0	  742.9	 1316.0	    0.0	  200.0	  100.0	    0.0	    0.0	    0.0	    0.0	    2.0	   34.1	  1	 -350.0	 1950.0	    0.0	    0.0	    2.0	1	   27.4	 21	 1382.7	   18.3	
 1293	 129.30	 -382.4	 1965.1	  -25.0	  749.5	 1372.2	    0.0	  200.0	  742.9	 1316.0	    0.0	  200.0	  100.0	    0.0	    0.0	    0.0	    0.0	    2.0	   34.2	  1	 -350.0	 1950.0	    0.0	    0.0	    2.0	1	   27.4	 21	 1382.5	   18.3	
 1294	 129.40	 -382.4	 1965.1	  -25.0	  749.5	 1372.2	    0.0	  200.0	  742.9	 1316.0	    0.0	  200.0	  100.0	    0.0	    0.0	    0.0	    0.0	    2.0	   34.2	  1	 -350.0	 1950.0	    0.0	    0.0	    2.0	1	   27.4	 21	 1382.3	   18.2	
 1295	 129.50	 -382.4	 1965.1	  -25.0	  749.5	 1372.2	    0.0	  200.0	  742.9	 1316.0	    0.0	  200.0	  100.0	    0.0	    0.0	    0.0	    0.0	    1.9	   34.2	  1	 -350.0	 1950.0	    0.0	    0.0	    1.9	1	   27.4	 21	 1382.1	   18.2	
 1296	 129.60	 -382.4	 1965.1	  -25.0	  749.5	 1372.2	    0.0	  200.0	  742.9	 1316.0	    0.0	  200.0	  100.0	    0.0	    0.0	    0.0	    0.0	    1.9	   34.2	  1	 -350.0	 1950.0	    0.0	    0.0	    1.9	1	   27.4	 21	 1381.9	   18.2	
 1297	 129.70	 -382.4	 1965.1	  -25.0	  749.5	 1372.2	    0.0	  200.0	  742.9	 1316.0	    0.0	  200.0	  100.0	    0.0	    0.0	    0.0	    0.0	    1.9	   34.3	  1	 -350.0	 1950.0	    0.0	    0.0	    1.9	1	   27.4	 21	 1381.6	   18.2	
 1298	 129.80	 -382.4	 1965.1	  -25.0	  749.5	 1372.2	    0.0	  200.0	  742.9	 1316.0	    0.0	  200.0	  100.0	    0.0	    0.0	    0.0	    0.0	    1.9	   34.3	  1	 -350.0	 1950.0	    0.0	    0.0	    1.9	1	   27.4	 21	 1381.4	   18.1	
 1299	 129.90	 -382.4	 1965.1	  -25.0	  749.5	 1372.2	    0.0	  200.0	  742.9	 1316.0	    0.0	  200.0	  100.0	    0.0	    0.0	    0.0	    0.0	    1.9	   34.3	  1	 -350.0	 1950.0	    0.0	    0.0	    1.9	1	   27.4	 21	 1381.2	   18.1	
 1300	 130.00	 -382.4	 1965.1	  -25.0	  749.5	 1372.2	    0.0	  200.0	  742.9	 1316.0	    0.0	  200.0	  100.0	    0.0	    0.0	    0.0	    0.0	    1.9	   34.3	  1	 -350.0	 1950.0	    0.0	    0.0	    1.9	1	   27.4	 21	 1381.0	   18.1	
 1301	 130.10	 -382.4	 1965.1	  -25.0	  749.5	 1372.2	    0.0	  200.0	  742.9	 1316.0	    0.0	  200.0	  100.0	    0.0	    0.0	    0.0	    0.0	    1.9	   34.4	  1	 -350.0	 1950.0	    0.0	    0.0	    1.9	1	   27.4	 21	 1380.7	   18.1	
 1302	 130.20	 -382.4	 1965.1	  -25.0	  749.5	 1372.2	    0.0	  200.0	  742.9	 1316.0	    0.0	  200.0	  100.0	    0.0	    0.0	    0.0	    0.0	    1.9	   34.4	  1	 -350.0	 1950.0	    0.0	    0.0	    1.9	1	   27.4	 21	 1380.5	   18.0	
 1303	 130.30	 -382.4	 1965.1	  -25.0	  749.5	 1372.2	    0.0	  200.0	  742.9	 1316.0	    0.0	  200.0	  100.0	    0.0	    0.0	    0.0	    0.0	    1.9	   34.4	  1	 -350.0	 1950.0	    0.0	    0.0	    1.9	1	   27.4	 21	 1380.3	   18.0	
 1304	 130.40	 -382.4	 1965.1	  -25.0	  749.5	 1372.2	    0.0	  200.0	  742.9	 1316.0	    0.0	  200.0	  100.0	    0.0	    0.0	    0.0	    0.0	    1.9	   34.4	  1	 -350.0	 1950.0	    0.0	    0.0	    1.9	1	   27.4	 21	 1380.0	   18.0	
 1305	 130.50	 -382.4	 1965.1	  -25.0	  749.5	 1372.2	    0.0	  200.0	  742.9	 1316.0	    0.0	  200.0	  100.0	    0.0	    0.0	    0.0	    0.0	    1.8	   34.5	  1	 -350.0	 1950.0	    0.0	    0.0	    1.8	1	   27.4	 21	 1379.8	   18.0	
 1306	 130.60	 -382.4	 1965.1	  -25.0	  749.5	 1372.2	    0.0	  200.0	  742.9	 1316.0	    0.0	  200.0	  100.0	    0.0	    0.0	    0.0	    0.0	    1.8	   34.5	  1	 -350.0	 1950.0	    0.0	    0.0	    1.8	1	   27.4	 21	 1379.5	   18.0	
 1307	 130.70	 -382.4	 1965.1	  -25.0	  749.5	 1372.2	    0.0	  200.0	  742.9	 1316.0	    0.0	  200.0	  100.0	    0.0	    0.0	    0.0	    0.0	    1.8	   34.5	  1	 -350.0	 1950.0	    0.0	    0.0	    1.8	1	   27.4	 21	 1379.3	   17.9	
 1308	 130.80	 -382.4	 1965.1	  -25.0	  749.5	 1372.2	    0.0	  200.0	  742.9	 1316.0	    0.0	  200.0	  100.0	    0.0	    0.0	    0.0	    0.0	    1.8	   34.5	  1	 -350.0	 1950.0	    0.0	    0.0	    1.8	1	   27.4	 21	 1379.1	   17.9	
 1309	 130.90	 -382.4	 1965.1	  -25.0	  749.5	 1372.2	    0.0	  200.0	  742.9	 1316.0	    0.0	  200.0	  100.0	    0.0	    0.0	    0.0	    0.0	    1.8	   34.6	  1	 -350.0	 1950.0	    0.0	    0.0	    1.8	1	   27.4	 21	 1378.8	   17.9	
 1310	 131.00	 -382.4	 1965.1	  -25.0	  749.5	 1372.2	    0.0	  200.0	  742.9	 1316.0	    0.0	  200.0	  100.0	    0.0	    0.0	    0.0	    0.0	    1.8	   34.6	  1	 -350.0	 1950.0	    0.0	    0.0	    1.8	1	   27.4	 21	 1378.6	   17.9	
 1311	 131.10	 -382.4	 1965.1	  -25.0	  749.5	 1372.2	    0.0	  200.0	  742.9	 1316.0	    0.0	  200.0	  100.0	    0.0	    0.0	    0.0	    0.0	    1.8	   34.6	  1	 -350.0	 1950.0	    0.0	    0.0	    1.8	1	   27.4	 21	 1378.3	   17.8	
 1312	 131.20	 -382.4	 1965.1	  -25.0	  749.5	 1372.2	    0.0	  200.0	  742.9	 1316.0	    0.0	  200.0	  100.0	    0.0	    0.0	    0.0	    0.0	    1.8	   34.7	  1	 -350.0	 1950.0	    0.0	    0.0	    1.8	1	   27.4	 21	 1378.1	   17.8	
 1313	 131.30	 -382.4	 1965.1	  -25.0	  749.5	 1372.2	    0.0	  200.0	  742.9	 1316.0	    0.0	  200.0	  100.0	    0.0	    0.0	    0.0	    0.0	    1.8	   34.7	  1	 -350.0	 1950.0	    0.0	    0.0	    1.8	1	   27.4	 21	 1377.8	   17.8	
 1314	 131.40	 -382.4	 1965.1	  -25.0	  749.5	 1372.2	    0.0	  200.0	  742.9	 1316.0	    0.0	  200.0	  100.0	    0.0	    0.0	    0.0	    0.0	    1.8	   34.7	  1	 -350.0	 1950.0	    0.0	    0.0	    1.8	1	   27.4	 21	 1377.6	   17.8	
 1315	 131.50	 -382.4	 1965.1	  -25.0	  749.5	 1372.2	    0.0	  200.0	  742.9	 1316.0	    0.0	  200.0	  100.0	    0.0	    0.0	    0.0	    0.0	    1.8	   34.7	  1	 -350.0	 1950.0	    0.0	    0.0	    1.8	1	   27.4	 21	 1377.3	   17.7	
 1316	 131.60	 -382.4	 1965.1	  -25.0	  749.5	 1372.2	    0.0	  200.0	  742.9	 1316.0	    0.0	  200.0	  100.0	    0.0	    0.0	    0.0	    0.0	    1.7	   34.8	  1	 -350.0	 1950.0	    0.0	    0.0	    1.7	1	   27.4	 21	 1377.0	   17.7	
 1317	 131.70	 -382.4	 1965.1	  -25.0	  749.5	 1372.2	    0.0	  200.0	  742.9	 1316.0	    0.0	  200.0	  100.0	    0.0	    0.0	    0.0	    0.0	    1.7	   34.8	  1	 -350.0	 1950.0	    0.0	    0.0	    1.7	1	   27.4	 21	 1376.8	   17.7	
 1318	 131.80	 -382.4	 1965.1	  -25.0	  749.5	 1372.2	    0.0	  200.0	  742.9	 1316.0	    0.0	  200.0	  100.0	    0.0	    0.0	    0.0	    0.0	    1.7	   34.8	  1	 -350.0	 1950.0	    0.0	    0.0	    1.7	1	   27.4	 21	 1376.5	   17.7	
 1319	 131.90	 -382.4	 1965.1	  -25.0	  749.5	 1372.2	    0.0	  200.0	  742.9	 1316.0	    0.0	  200.0	  100.0	    0.0	    0.0	    0.0	    0.0	    1.7	   34.8	  1	 -350.0	 1950.0	    0.0	    0.0	    1.7	1	   27.4	 21	 1376.3	   17.6	
 1320	 132.00	 -382.4	 1965.1	  -25.0	  749.5	 1372.2	    0.0	  200.0	  742.9	 1316.0	    0.0	  200.0	  100.0	    0.0	    0.0	    0.0	    0.0	    1.7	   34.9	  1	 -350.0	 1950.0	    0.0	    0.0	    1.7	1	   27.4	 21	 1376.0	   17.6	
 1321	 132.10	 -382.4	 1965.1	  -25.0	  749.5	 1372.2	    0.0	  200.0	  742.9	 1316.0	    0.0	  200.0	  100.0	    0.0	    0.0	    0.0	    0.0	    1.7	   34.9	  1	 -350.0	 1950.0	    0.0	    0.0	    1.7	1	   27.4	 21	 1375.7	   17.6	
 1322	 132.20	 -382.4	 1965.1	  -25.0	  749.5	 1372.2	    0.0	  200.0	  742.9	 1316.0	    0.0	  200.0	  100.0	    0.0	    0.0	    0.0	    0.0	    1.7	   34.9	  1	 -350.0	 1950.0	    0.0	    0.0	    1.7	1	   27.4	 21	 1375.5	   17.5	
 1323	 132.30	 -382.4	 1965.1	  -25.0	  749.5	 1372.2	    0.0	  200.0	  742.9	 1316.0	    0.0	  200.0	  100.0	    0.0	    0.0	    0.0	    0.0	    1.7	   35.0	  1	 -350.0	 1950.0	    0.0	    0.0	    1.7	1	   27.4	 21	 1375.2	   17.5	
 1324	 132.40	 -382.4	 1965.1	  -25.0	  749.5	 1372.2	    0.0	  200.0	  742.9	 1316.0	    0.0	  200.0	  100.0	    0.0	    0.0	    0.0	    0.0	    1.7	   35.0	  1	 -350.0	 1950.0	    0.0	    0.0	    1.7	1	   27.4	 21	 1374.9	   17.5	
 1325	 132.50	 -382.4	 1965.1	  -25.0	  749.5	 1372.2	    0.0	  200.0	  742.9	 1316.0	    0.0	  200.0	  100.0	    0.0	    0.0	    0.0	    0.0	    1.7	   35.0	  1	 -350.0	 1950.0	    0.0	    0.0	    1.7	1	   27.4	 21	 1374.7	   17.5	
 1326	 132.60	 -382.4	 1965.1	  -25.0	  749.5	 1372.2	    0.0	  200.0	  742.9	 1316.0	    0.0	  200.0	  100.0	    0.0	    0.0	    0.0	    0.0	    1.6	   35.0	  1	 -350.0	 1950.0	    0.0	    0.0	    1.6	1	   27.4	 21	 1374.4	   17.4	
 1327	 132.70	 -382.4	 1965.1	  -25.0	  749.5	 1372.2	    0.0	  200.0	  742.9	 1316.0	    0.0	  200.0	  100.0	    0.0	    0.0	    0.0	    0.0	    1.6	   35.1	  1	 -350.0	 1950.0	    0.0	    0.0	    1.6	1	   27.4	 21	 1374.1	   17.4	
 1328	 132.80	 -382.4	 1965.1	  -25.0	  749.5	 1372.2	    0.0	  200.0	  742.9	 1316.0	    0.0	  200.0	  100.0	    0.0	    0.0	    0.0	    0.0	    1.6	   35.1	  1	 -350.0	 1950.0	    0.0	    0.0	    1.6	1	   27.4	 21	 1373.8	   17.4	
 1329	 132.90	 -382.4	 1965.1	  -25.0	  749.5	 1372.2	    0.0	  200.0	  742.9	 1316.0	    0.0	  200.0	  100.0	    0.0	    0.0	    0.0	    0.0	    1.6	   35.1	  1	 -350.0	 1950.0	    0.0	    0.0	    1.6	1	   27.4	 21	 1373.5	   17.4	
 1330	 133.00	 -382.4	 1965.1	  -25.0	  749.5	 1372.2	    0.0	  200.0	  742.9	 1316.0	    0.0	  200.0	  100.0	    0.0	    0.0	    0.0	    0.0	    1.6	   35.2	  1	 -350.0	 1950.0	    0.0	    0.0	    1.6	1	   27.4	 21	 1373.3	   17.3	
 1331	 133.10	 -382.4	 1965.1	  -25.0	  749.5	 1372.2	    0.0	  200.0	  742.9	 1316.0	    0.0	  200.0	  100.0	    0.0	    0.0	    0.0	    0.0	    1.6	   35.2	  1	 -350.0	 1950.0	    0.0	    0.0	    1.6	1	   27.4	 21	 1373.0	   17.3	
 1332	 133.20	 -382.4	 1965.1	  -25.0	  749.5	 1372.2	    0.0	  200.0	  742.9	 1316.0	    0.0	  200.0	  100.0	    0.0	    0.0	    0.0	    0.0	    1.6	   35.2	  1	 -350.0	 1950.0	    0.0	    0.0	    1.6	1	   27.4	 21	 1372.7	   17.3	
 1333	 133.30	 -382.4	 1965.1	  -25.0	  749.5	 1372.2	    0.0	  200.0	  742.9	 1316.0	    0.0	  200.0	  100.0	    0.0	    0.0	    0.0	    0.0	    1.6	   35.2	  1	 -350.0	 1950.0	    0.0	    0.0	    1.6	1	   27.4	 21	 1372.4	   17.2	
 1334	 133.40	 -382.4	 1965.1	  -25.0	  749.5	 1372.2	    0.0	  200.0	  742.9	 1316.0	    0.0	  200.0	  100.0	    0.0	    0.0	    0.0	    0.0	    1.6	   35.3	  1	 -350.0	 1950.0	    0.0	    0.0	    1.6	1	   27.4	 21	 1372.1	   17.2	
 1335	 133.50	 -382.4	 1965.1	  -25.0	  749.5	 1372.2	    0.0	  200.0	  742.9	 1316.0	    0.0	  200.0	  100.0	    0.0	    0.0	    0.0	    0.0	    1.6	   35.3	  1	 -350.0	 1950.0	    0.0	    0.0	    1.6	1	   27.4	 21	 1371.8	   17.2	
 1336	 133.60	 -382.4	 1965.1	  -25.0	  749.5	 1372.2	    0.0	  200.0	  742.9	 1316.0	    0.0	  200.0	  100.0	    0.0	    0.0	    0.0	    0.0	    1.5	   35.3	  1	 -350.0	 1950.0	    0.0	    0.0	    1.5	1	   27.4	 21	 1371.5	   17.2	
 1337	 133.70	 -382.4	 1965.1	  -25.0	  749.5	 1372.2	    0.0	  200.0	  742.9	 1316.0	    0.0	  200.0	  100.0	    0.0	    0.0	    0.0	    0.0	    1.5	   35.4	  1	 -350.0	 1950.0	    0.0	    0.0	    1.5	1	   27.4	 21	 1371.2	   17.1	
 1338	 133.80	 -382.4	 1965.1	  -25.0	  749.5	 1372.2	    0.0	  200.0	  742.9	 1316.0	    0.0	  200.0	  100.0	    0.0	    0.0	    0.0	    0.0	    1.5	   35.4	  1	 -350.0	 1950.0	    0.0	    0.0	    1.5	1	   27.4	 21	 1370.9	   17.1	
 1339	 133.90	 -382.4	 1965.1	  -25.0	  749.5	 1372.2	    0.0	  200.0	  742.9	 1316.0	    0.0	  200.0	  100.0	    0.0	    0.0	    0.0	    0.0	    1.5	   35.4	  1	 -350.0	 1950.0	    0.0	    0.0	    1.5	1	   27.4	 21	 1370.6	   17.1	
 1340	 134.00	 -382.4	 1965.1	  -25.0	  749.5	 1372.2	    0.0	  200.0	  742.9	 1316.0	    0.0	  200.0	  100.0	    0.0	    0.0	    0.0	    0.0	    1.5	   35.5	  1	 -350.0	 1950.0	    0.0	    0.0	    1.5	1	   27.4	 21	 1370.3	   17.0	
 1341	 134.10	 -382.4	 1965.1	  -25.0	  749.5	 1372.2	    0.0	  200.0	  742.9	 1316.0	    0.0	  200.0	  100.0	    0.0	    0.0	    0.0	    0.0	    1.5	   35.5	  1	 -350.0	 1950.0	    0.0	    0.0	    1.5	1	   27.4	 21	 1370.0	   17.0	
 1342	 134.20	 -382.4	 1965.1	  -25.0	  749.5	 1372.2	    0.0	  200.0	  742.9	 1316.0	    0.0	  200.0	  100.0	    0.0	    0.0	    0.0	    0.0	    1.5	   35.5	  1	 -350.0	 1950.0	    0.0	    0.0	    1.5	1	   27.4	 21	 1369.7	   17.0	
 1343	 134.30	 -382.4	 1965.1	  -25.0	  749.5	 1372.2	    0.0	  200.0	  742.9	 1316.0	    0.0	  200.0	  100.0	    0.0	    0.0	    0.0	    0.0	    1.5	   35.5	  1	 -350.0	 1950.0	    0.0	    0.0	    1.5	1	   27.4	 21	 1369.4	   16.9	
 1344	 134.40	 -382.4	 1965.1	  -25.0	  749.5	 1372.2	    0.0	  200.0	  742.9	 1316.0	    0.0	  200.0	  100.0	    0.0	    0.0	    0.0	    0.0	    1.5	   35.6	  1	 -350.0	 1950.0	    0.0	    0.0	    1.5	1	   27.4	 21	 1369.0	   16.9	
 1345	 134.50	 -382.4	 1965.1	  -25.0	  749.5	 1372.2	    0.0	  200.0	  742.9	 1316.0	    0.0	  200.0	  100.0	    0.0	    0.0	    0.0	    0.0	    1.5	   35.6	  1	 -350.0	 1950.0	    0.0	    0.0	    1.5	1	   27.4	 21	 1368.7	   16.9	
 1346	 134.60	 -382.4	 1965.1	  -25.0	  749.5	 1372.2	    0.0	  200.0	  742.9	 1316.0	    0.0	  200.0	  100.0	    0.0	    0.0	    0.0	    0.0	    1.5	   35.6	  1	 -350.0	 1950.0	    0.0	    0.0	    1.5	1	   27.4	 21	 1368.4	   16.8	
 1347	 134.70	 -382.4	 1965.1	  -25.0	  749.5	 1372.2	    0.0	  200.0	  742.9	 1316.0	    0.0	  200.0	  100.0	    0.0	    0.0	    0.0	    0.0	    1.4	   35.7	  1	 -350.0	 1950.0	    0.0	    0.0	    1.4	1	   27.4	 21	 1368.1	   16.8	
 1348	 134.80	 -382.4	 1965.1	  -25.0	  749.5	 1372.2	    0.0	  200.0	  742.9	 1316.0	    0.0	  200.0	  100.0	    0.0	    0.0	    0.0	    0.0	    1.4	   35.7	  1	 -350.0	 1950.0	    0.0	    0.0	    1.4	1	   27.4	 21	 1367.8	   16.8	
 1349	 134.90	 -382.4	 1965.1	  -25.0	  749.5	 1372.2	    0.0	  200.0	  742.9	 1316.0	    0.0	  200.0	  100.0	    0.0	    0.0	    0.0	    0.0	    1.4	   35.7	  1	 -350.0	 1950.0	    0.0	    0.0	    1.4	1	   27.4	 21	 1367.4	   16.7	
 1350	 135.00	 -382.4	 1965.1	  -25.0	  749.5	 1372.2	    0.0	  200.0	  742.9	 1316.0	    0.0	  200.0	  100.0	    0.0	    0.0	    0.0	    0.0	    1.4	   35.8	  1	 -350.0	 1950.0	    0.0	    0.0	    1.4	1	   27.4	 21	 1367.1	   16.7	
 1351	 135.10	 -382.4	 1965.1	  -25.0	  749.5	 1372.2	    0.0	  200.0	  742.9	 1316.0	    0.0	  200.0	  100.0	    0.0	    0.0	    0.0	    0.0	    1.4	   35.8	  1	 -350.0	 1950.0	    0.0	    0.0	    1.4	1	   27.4	 21	 1366.8	   16.7	
 1352	 135.20	 -382.4	 1965.1	  -25.0	  749.5	 1372.2	    0.0	  200.0	  742.9	 1316.0	    0.0	  200.0	  100.0	    0.0	    0.0	    0.0	    0.0	    1.4	   35.8	  1	 -350.0	 1950.0	    0.0	    0.0	    1.4	1	   27.4	 21	 1366.4	   16.6	
 1353	 135.30	 -382.4	 1965.1	  -25.0	  749.5	 1372.2	    0.0	  200.0	  742.9	 1316.0	    0.0	  200.0	  100.0	    0.0	    0.0	    0.0	    0.0	    1.4	   35.9	  1	 -350.0	 1950.0	    0.0	    0.0	    1.4	1	   27.4	 21	 1366.1	   16.6	
 1354	 135.40	 -382.4	 1965.1	  -25.0	  749.5	 1372.2	    0.0	  200.0	  742.9	 1316.0	    0.0	  200.0	  100.0	    0.0	    0.0	    0.0	    0.0	    1.4	   35.9	  1	 -350.0	 1950.0	    0.0	    0.0	    1.4	1	   27.4	 21	 1365.7	   16.6	
 1355	 135.50	 -382.4	 1965.1	  -25.0	  749.5	 1372.2	    0.0	  200.0	  742.9	 1316.0	    0.0	  200.0	  100.0	    0.0	    0.0	    0.0	    0.0	    1.4	   36.0	  1	 -350.0	 1950.0	    0.0	    0.0	    1.4	1	   27.4	 21	 1365.4	   16.5	
 1356	 135.60	 -382.4	 1965.1	  -25.0	  749.5	 1372.2	    0.0	  200.0	  742.9	 1316.0	    0.0	  200.0	  100.0	    0.0	    0.0	    0.0	    0.0	    1.4	   36.0	  1	 -350.0	 1950.0	    0.0	    0.0	    1.4	1	   27.4	 21	 1365.1	   16.5	
 1357	 135.70	 -382.4	 1965.1	  -25.0	  749.5	 1372.2	    0.0	  200.0	  742.9	 1316.0	    0.0	  200.0	  100.0	    0.0	    0.0	    0.0	    0.0	    1.3	   36.0	  1	 -350.0	 1950.0	    0.0	    0.0	    1.3	1	   27.4	 21	 1364.7	   16.5	
 1358	 135.80	 -382.4	 1965.1	  -25.0	  749.5	 1372.2	    0.0	  200.0	  742.9	 1316.0	    0.0	  200.0	  100.0	    0.0	    0.0	    0.0	    0.0	    1.3	   36.1	  1	 -350.0	 1950.0	    0.0	    0.0	    1.3	1	   27.4	 21	 1364.3	   16.4	
 1359	 135.90	 -382.4	 1965.1	  -25.0	  749.5	 1372.2	    0.0	  200.0	  742.9	 1316.0	    0.0	  200.0	  100.0	    0.0	    0.0	    0.0	    0.0	    1.3	   36.1	  1	 -350.0	 1950.0	    0.0	    0.0	    1.3	1	   27.4	 21	 1364.0	   16.4	
 1360	 136.00	 -382.4	 1965.1	  -25.0	  749.5	 1372.2	    0.0	  200.0	  742.9	 1316.0	    0.0	  200.0	  100.0	    0.0	    0.0	    0.0	    0.0	    1.3	   36.1	  1	 -350.0	 1950.0	    0.0	    0.0	    1.3	1	   27.4	 21	 1363.6	   16.4	
 1361	 136.10	 -382.4	 1965.1	  -25.0	  749.5	 1372.2	    0.0	  200.0	  742.9	 1316.0	    0.0	  200.0	  100.0	    0.0	    0.0	    0.0	    0.0	    1.3	   36.2	  1	 -350.0	 1950.0	    0.0	    0.0	    1.3	1	   27.4	 21	 1363.3	   16.3	
 1362	 136.20	 -382.4	 1965.1	  -25.0	  749.5	 1372.2	    0.0	  200.0	  742.9	 1316.0	    0.0	  200.0	  100.0	    0.0	    0.0	    0.0	    0.0	    1.3	   36.2	  1	 -350.0	 1950.0	    0.0	    0.0	    1.3	1	   27.4	 21	 1362.9	   16.3	
 1363	 136.30	 -382.4	 1965.1	  -25.0	  749.5	 1372.2	    0.0	  200.0	  742.9	 1316.0	    0.0	  200.0	  100.0	    0.0	    0.0	    0.0	    0.0	    1.3	   36.2	  1	 -350.0	 1950.0	    0.0	    0.0	    1.3	1	   27.4	 21	 1362.5	   16.3	
 1364	 136.40	 -382.4	 1965.1	  -25.0	  749.5	 1372.2	    0.0	  200.0	  742.9	 1316.0	    0.0	  200.0	  100.0	    0.0	    0.0	    0.0	    0.0	    1.3	   36.3	  1	 -350.0	 1950.0	    0.0	    0.0	    1.3	1	   27.4	 21	 1362.2	   16.2	
 1365	 136.50	 -382.4	 1965.1	  -25.0	  749.5	 1372.2	    0.0	  200.0	  742.9	 1316.0	    0.0	  200.0	  100.0	    0.0	    0.0	    0.0	    0.0	    1.3	   36.3	  1	 -350.0	 1950.0	    0.0	    0.0	    1.3	1	   27.4	 21	 1361.8	   16.2	
 1366	 136.60	 -382.4	 1965.1	  -25.0	  749.5	 1372.2	    0.0	  200.0	  742.9	 1316.0	    0.0	  200.0	  100.0	    0.0	    0.0	    0.0	    0.0	    1.3	   36.3	  1	 -350.0	 1950.0	    0.0	    0.0	    1.3	1	   27.4	 21	 1361.4	   16.1	
 1367	 136.70	 -382.4	 1965.1	  -25.0	  749.5	 1372.2	    0.0	  200.0	  742.9	 1316.0	    0.0	  200.0	  100.0	    0.0	    0.0	    0.0	    0.0	    1.2	   36.4	  1	 -350.0	 1950.0	    0.0	    0.0	    1.2	1	   27.4	 21	 1361.0	   16.1	
 1368	 136.80	 -382.4	 1965.1	  -25.0	  749.5	 1372.2	    0.0	  200.0	  742.9	 1316.0	    0.0	  200.0	  100.0	    0.0	    0.0	    0.0	    0.0	    1.2	   36.4	  1	 -350.0	 1950.0	    0.0	    0.0	    1.2	1	   27.4	 21	 1360.6	   16.1	
 1369	 136.90	 -382.4	 1965.1	  -25.0	  749.5	 1372.2	    0.0	  200.0	  742.9	 1316.0	    0.0	  200.0	  100.0	    0.0	    0.0	    0.0	    0.0	    1.2	   36.4	  1	 -350.0	 1950.0	    0.0	    0.0	    1.2	1	   27.4	 21	 1360.3	   16.0	
 1370	 137.00	 -382.4	 1965.1	  -25.0	  749.5	 1372.2	    0.0	  200.0	  742.9	 1316.0	    0.0	  200.0	  100.0	    0.0	    0.0	    0.0	    0.0	    1.2	   36.5	  1	 -350.0	 1950.0	    0.0	    0.0	    1.2	1	   27.4	 21	 1359.9	   16.0	
 1371	 137.10	 -382.4	 1965.1	  -25.0	  749.5	 1372.2	    0.0	  200.0	  742.9	 1316.0	    0.0	  200.0	  100.0	    0.0	    0.0	    0.0	    0.0	    1.2	   36.5	  1	 -350.0	 1950.0	    0.0	    0.0	    1.2	1	   27.4	 21	 1359.5	   15.9	
 1372	 137.20	 -382.4	 1965.1	  -25.0	  749.5	 1372.2	    0.0	  200.0	  742.9	 1316.0	    0.0	  200.0	  100.0	    0.0	    0.0	    0.0	    0.0	    1.2	   36.5	  1	 -350.0	 1950.0	    0.0	    0.0	    1.2	1	   27.4	 21	 1359.1	   15.9	
 1373	 137.30	 -382.4	 1965.1	  -25.0	  749.5	 1372.2	    0.0	  200.0	  742.9	 1316.0	    0.0	  200.0	  100.0	    0.0	    0.0	    0.0	    0.0	    1.2	   36.6	  1	 -350.0	 1950.0	    0.0	    0.0	    1.2	1	   27.4	 21	 1358.7	   15.9	
 1374	 137.40	 -382.4	 1965.1	  -25.0	  749.5	 1372.2	    0.0	  200.0	  742.9	 1316.0	    0.0	  200.0	  100.0	    0.0	    0.0	    0.0	    0.0	    1.2	   36.6	  1	 -350.0	 1950.0	    0.0	    0.0	    1.2	1	   27.4	 21	 1358.3	   15.8	
 1375	 137.50	 -382.4	 1965.1	  -25.0	  749.5	 1372.2	    0.0	  200.0	  742.9	 1316.0	    0.0	  200.0	  100.0	    0.0	    0.0	    0.0	    0.0	    1.2	   36.6	  1	 -350.0	 1950.0	    0.0	    0.0	    1.2	1	   27.4	 21	 1357.9	   15.8	
 1376	 137.60	 -382.4	 1965.1	  -25.0	  749.5	 1372.2	    0.0	  200.0	  742.9	 1316.0	    0.0	  200.0	  100.0	    0.0	    0.0	    0.0	    0.0	    1.2	   36.7	  1	 -350.0	 1950.0	    0.0	    0.0	    1.2	1	   27.4	 21	 1357.4	   15.7	
 1377	 137.70	 -382.4	 1965.1	  -25.0	  749.5	 1372.2	    0.0	  200.0	  742.9	 1316.0	    0.0	  200.0	  100.0	    0.0	    0.0	    0.0	    0.0	    1.2	   36.7	  1	 -350.0	 1950.0	    0.0	    0.0	    1.2	1	   27.4	 21	 1357.0	   15.7	
 1378	 137.80	 -382.4	 1965.1	  -25.0	  749.5	 1372.2	    0.0	  200.0	  742.9	 1316.0	    0.0	  200.0	  100.0	    0.0	    0.0	    0.0	    0.0	    1.1	   36.7	  1	 -350.0	 1950.0	    0.0	    0.0	    1.1	1	   27.4	 21	 1356.6	   15.7	
 1379	 137.90	 -382.4	 1965.1	  -25.0	  749.5	 1372.2	    0.0	  200.0	  742.9	 1316.0	    0.0	  200.0	  100.0	    0.0	    0.0	    0.0	    0.0	    1.1	   36.8	  1	 -350.0	 1950.0	    0.0	    0.0	    1.1	1	   27.4	 21	 1356.2	   15.6	
 1380	 138.00	 -382.4	 1965.1	  -25.0	  749.5	 1372.2	    0.0	  200.0	  742.9	 1316.0	    0.0	  200.0	  100.0	    0.0	    0.0	    0.0	    0.0	    1.1	   36.8	  1	 -350.0	 1950.0	    0.0	    0.0	    1.1	1	   27.4	 21	 1355.8	   15.6	
 1381	 138.10	 -382.4	 1965.1	  -25.0	  749.5	 1372.2	    0.0	  200.0	  742.9	 1316.0	    0.0	  200.0	  100.0	    0.0	    0.0	    0.0	    0.0	    1.1	   36.8	  1	 -350.0	 1950.0	    0.0	    0.0	    1.1	1	   27.4	 21	 1355.3	   15.5	
 1382	 138.20	 -382.4	 1965.1	  -25.0	  749.5	 1372.2	    0.0	  200.0	  742.9	 1316.0	    0.0	  200.0	  100.0	    0.0	    0.0	    0.0	    0.0	    1.1	   36.9	  1	 -350.0	 1950.0	    0.0	    0.0	    1.1	1	   27.4	 21	 1354.9	   15.5	
 1383	 138.30	 -382.4	 1965.1	  -25.0	  749.5	 1372.2	    0.0	  200.0	  742.9	 1316.0	    0.0	  200.0	  100.0	    0.0	    0.0	    0.0	    0.0	    1.1	   36.9	  1	 -350.0	 1950.0	    0.0	    0.0	    1.1	1	   27.4	 21	 1354.4	   15.4	
 1384	 138.40	 -382.4	 1965.1	  -25.0	  749.5	 1372.2	    0.0	  200.0	  742.9	 1316.0	    0.0	  200.0	  100.0	    0.0	    0.0	    0.0	    0.0	    1.1	   37.0	  1	 -350.0	 1950.0	    0.0	    0.0	    1.1	1	   27.4	 21	 1354.0	   15.4	
 1385	 138.50	 -382.4	 1965.1	  -25.0	  749.5	 1372.2	    0.0	  200.0	  742.9	 1316.0	    0.0	  200.0	  100.0	    0.0	    0.0	    0.0	    0.0	    1.1	   37.0	  1	 -350.0	 1950.0	    0.0	    0.0	    1.1	1	   27.4	 21	 1353.6	   15.4	
 1386	 138.60	 -382.4	 1965.1	  -25.0	  749.5	 1372.2	    0.0	  200.0	  742.9	 1316.0	    0.0	  200.0	  100.0	    0.0	    0.0	    0.0	    0.0	    1.1	   37.0	  1	 -350.0	 1950.0	    0.0	    0.0	    1.1	1	   27.4	 21	 1353.1	   15.3	
 1387	 138.70	 -382.4	 1965.1	  -25.0	  749.5	 1372.2	    0.0	  200.0	  742.9	 1316.0	    0.0	  200.0	  100.0	    0.0	    0.0	    0.0	    0.0	    1.1	   37.1	  1	 -350.0	 1950.0	    0.0	    0.0	    1.1	1	   27.4	 21	 1352.6	   15.3	
 1388	 138.80	 -382.4	 1965.1	  -25.0	  749.5	 1372.2	    0.0	  200.0	  742.9	 1316.0	    0.0	  200.0	  100.0	    0.0	    0.0	    0.0	    0.0	    1.0	   37.1	  1	 -350.0	 1950.0	    0.0	    0.0	    1.0	1	   27.4	 21	 1352.2	   15.2	
 1389	 138.90	 -382.4	 1965.1	  -25.0	  749.5	 1372.2	    0.0	  200.0	  742.9	 1316.0	    0.0	  200.0	  100.0	    0.0	    0.0	    0.0	    0.0	    1.0	   37.1	  1	 -350.0	 1950.0	    0.0	    0.0	    1.0	1	   27.4	 21	 1351.7	   15.2	
 1390	 139.00	 -382.4	 1965.1	  -25.0	  749.5	 1372.2	    0.0	  200.0	  742.9	 1316.0	    0.0	  200.0	  100.0	    0.0	    0.0	    0.0	    0.0	    1.0	   37.2	  1	 -350.0	 1950.0	    0.0	    0.0	    1.0	1	   27.4	 21	 1351.2	   15.1	
 1391	 139.10	 -382.4	 1965.1	  -25.0	  749.5	 1372.2	    0.0	  200.0	  742.9	 1316.0	    0.0	  200.0	  100.0	    0.0	    0.0	    0.0	    0.0	    1.0	   37.2	  1	 -350.0	 1950.0	    0.0	    0.0	    1.0	1	   27.4	 21	 1350.8	   15.1	
 1392	 139.20	 -382.4	 1965.1	  -25.0	  749.5	 1372.2	    0.0	  200.0	  742.9	 1316.0	    0.0	  200.0	  100.0	    0.0	    0.0	    0.0	    0.0	    1.0	   37.2	  1	 -350.0	 1950.0	    0.0	    0.0	    1.0	1	   27.4	 21	 1350.3	   15.0	
 1393	 139.30	 -382.4	 1965.1	  -25.0	  749.5	 1372.2	    0.0	  200.0	  742.9	 1316.0	    0.0	  200.0	  100.0	    0.0	    0.0	    0.0	    0.0	    1.0	   37.3	  1	 -350.0	 1950.0	    0.0	    0.0	    1.0	1	   27.4	 21	 1349.8	   15.0	
 1394	 139.40	 -382.4	 1965.1	  -25.0	  749.5	 1372.2	    0.0	  200.0	  742.9	 1316.0	    0.0	  200.0	  100.0	    0.0	    0.0	    0.0	    0.0	    1.0	   37.3	  1	 -350.0	 1950.0	    0.0	    0.0	    1.0	1	   27.4	 21	 1349.3	   14.9	
 1395	 139.50	 -382.4	 1965.1	  -25.0	  749.5	 1372.2	    0.0	  200.0	  742.9	 1316.0	    0.0	  200.0	  100.0	    0.0	    0.0	    0.0	    0.0	    1.0	   37.3	  1	 -350.0	 1950.0	    0.0	    0.0	    1.0	1	   27.4	 21	 1348.8	   14.9	
 1396	 139.60	 -382.4	 1965.1	  -25.0	  749.5	 1372.2	    0.0	  200.0	  742.9	 1316.0	    0.0	  200.0	  100.0	    0.0	    0.0	    0.0	    0.0	    1.0	   37.4	  1	 -350.0	 1950.0	    0.0	    0.0	    1.0	1	   27.4	 21	 1348.3	   14.8	
 1397	 139.70	 -382.4	 1965.1	  -25.0	  749.5	 1372.2	    0.0	  200.0	  742.9	 1316.0	    0.0	  200.0	  100.0	    0.0	    0.0	    0.0	    0.0	    1.0	   37.4	  1	 -350.0	 1950.0	    0.0	    0.0	    1.0	1	   27.4	 21	 1347.8	   14.8	
 1398	 139.80	 -382.4	 1965.1	  -25.0	  749.5	 1372.2	    0.0	  200.0	  742.9	 1316.0	    0.0	  200.0	  100.0	    0.0	    0.0	    0.0	    0.0	    0.9	   37.4	  1	 -350.0	 1950.0	    0.0	    0.0	    0.9	1	   27.4	 21	 1347.3	   14.7	
 1399	 139.90	 -382.4	 1965.1	  -25.0	  749.5	 1372.2	    0.0	  200.0	  742.9	 1316.0	    0.0	  200.0	  100.0	    0.0	    0.0	    0.0	    0.0	    0.9	   37.5	  1	 -350.0	 1950.0	    0.0	    0.0	    0.9	1	   27.4	 21	 1346.8	   14.7	
 1400	 140.00	 -382.4	 1965.1	  -25.0	  749.5	 1372.2	    0.0	  200.0	  742.9	 1316.0	    0.0	  200.0	  100.0	    0.0	    0.0	    0.0	    0.0	    0.9	   37.5	  1	 -350.0	 1950.0	    0.0	    0.0	    0.9	1	   27.4	 21	 1346.3	   14.6	
 1401	 140.10	 -382.4	 1965.1	  -25.0	  749.5	 1372.2	    0.0	  200.0	  742.9	 1316.0	    0.0	  200.0	  100.0	    0.0	    0.0	    0.0	    0.0	    0.9	   37.5	  1	 -350.0	 1950.0	    0.0	    0.0	    0.9	1	   27.4	 21	 1345.8	   14.6	
 1402	 140.20	 -382.4	 1965.1	  -25.0	  749.5	 1372.2	    0.0	  200.0	  742.9	 1316.0	    0.0	  200.0	  100.0	    0.0	    0.0	    0.0	    0.0	    0.9	   37.6	  1	 -350.0	 1950.0	    0.0	    0.0	    0.9	1	   27.4	 21	 1345.2	   14.5	
 1403	 140.30	 -382.4	 1965.1	  -25.0	  749.5	 1372.2	    0.0	  200.0	  742.9	 1316.0	    0.0	  200.0	  100.0	    0.0	    0.0	    0.0	    0.0	    0.9	   37.6	  1	 -350.0	 1950.0	    0.0	    0.0	    0.9	1	   27.4	 21	 1344.7	   14.5	
 1404	 140.40	 -382.4	 1965.1	  -25.0	  749.5	 1372.2	    0.0	  200.0	  742.9	 1316.0	    0.0	  200.0	  100.0	    0.0	    0.0	    0.0	    0.0	    0.9	   37.7	  1	 -350.0	 1950.0	    0.0	    0.0	    0.9	1	   27.4	 21	 1344.2	   14.4	
 1405	 140.50	 -382.4	 1965.1	  -25.0	  749.5	 1372.2	    0.0	  200.0	  742.9	 1316.0	    0.0	  200.0	  100.0	    0.0	    0.0	    0.0	    0.0	    0.9	   37.7	  1	 -350.0	 1950.0	    0.0	    0.0	    0.9	1	   27.4	 21	 1343.6	   14.4	
 1406	 140.60	 -382.4	 1965.1	  -25.0	  749.5	 1372.2	    0.0	  200.0	  742.9	 1316.0	    0.0	  200.0	  100.0	    0.0	    0.0	    0.0	    0.0	    0.9	   37.7	  1	 -350.0	 1950.0	    0.0	    0.0	    0.9	1	   27.4	 21	 1343.1	   14.3	
 1407	 140.70	 -382.4	 1965.1	  -25.0	  749.5	 1372.2	    0.0	  200.0	  742.9	 1316.0	    0.0	  200.0	  100.0	    0.0	    0.0	    0.0	    0.0	    0.9	   37.8	  1	 -350.0	 1950.0	    0.0	    0.0	    0.9	1	   27.4	 21	 1342.5	   14.3	
 1408	 140.80	 -382.4	 1965.1	  -25.0	  749.5	 1372.2	    0.0	  200.0	  742.9	 1316.0	    0.0	  200.0	  100.0	    0.0	    0.0	    0.0	    0.0	    0.9	   37.8	  1	 -350.0	 1950.0	    0.0	    0.0	    0.9	1	   27.4	 21	 1341.9	   14.2	
 1409	 140.90	 -382.4	 1965.1	  -25.0	  749.5	 1372.2	    0.0	  200.0	  742.9	 1316.0	    0.0	  200.0	  100.0	    0.0	    0.0	    0.0	    0.0	    0.8	   37.8	  1	 -350.0	 1950.0	    0.0	    0.0	    0.8	1	   27.4	 21	 1341.4	   14.1	
 1410	 141.00	 -382.4	 1965.1	  -25.0	  749.5	 1372.2	    0.0	  200.0	  742.9	 1316.0	    0.0	  200.0	  100.0	    0.0	    0.0	    0.0	    0.0	    0.8	   37.9	  1	 -350.0	 1950.0	    0.0	    0.0	    0.8	1	   27.4	 21	 1340.8	   14.1	
 1411	 141.10	 -382.4	 1965.1	  -25.0	  749.5	 1372.2	    0.0	  200.0	  742.9	 1316.0	    0.0	  200.0	  100.0	    0.0	    0.0	    0.0	    0.0	    0.8	   37.9	  1	 -350.0	 1950.0	    0.0	    0.0	    0.8	1	   27.4	 21	 1340.2	   14.0	
 1412	 141.20	 -382.4	 1965.1	  -25.0	  749.5	 1372.2	    0.0	  200.0	  742.9	 1316.0	    0.0	  200.0	  100.0	    0.0	    0.0	    0.0	    0.0	    0.8	   37.9	  1	 -350.0	 1950.0	    0.0	    0.0	    0.8	1	   27.4	 21	 1339.6	   14.0	
 1413	 141.30	 -382.4	 1965.1	  -25.0	  749.5	 1372.2	    0.0	  200.0	  742.9	 1316.0	    0.0	  200.0	  100.0	    0.0	    0.0	    0.0	    0.0	    0.8	   38.0	  1	 -350.0	 1950.0	    0.0	    0.0	    0.8	1	   27.4	 21	 1339.0	   13.9	
 1414	 141.40	 -382.4	 1965.1	  -25.0	  749.5	 1372.2	    0.0	  200.0	  742.9	 1316.0	    0.0	  200.0	  100.0	    0.0	    0.0	    0.0	    0.0	    0.8	   38.0	  1	 -350.0	 1950.0	    0.0	    0.0	    0.8	1	   27.4	 21	 1338.4	   13.8	
 1415	 141.50	 -382.4	 1965.1	  -25.0	  749.5	 1372.2	    0.0	  200.0	  742.9	 1316.0	    0.0	  200.0	  100.0	    0.0	    0.0	    0.0	    0.0	    0.8	   38.0	  1	 -350.0	 1950.0	    0.0	    0.0	    0.8	1	   27.4	 21	 1337.8	   13.8	
 1416	 141.60	 -382.4	 1965.1	  -25.0	  749.5	 1372.2	    0.0	  200.0	  742.9	 1316.0	    0.0	  200.0	  100.0	    0.0	    0.0	    0.0	    0.0	    0.8	   38.1	  1	 -350.0	 1950.0	    0.0	    0.0	    0.8	1	   27.4	 21	 1337.2	   13.7	
 1417	 141.70	 -382.4	 1965.1	  -25.0	  749.5	 1372.2	    0.0	  200.0	  742.9	 1316.0	    0.0	  200.0	  100.0	    0.0	    0.0	    0.0	    0.0	    0.8	   38.1	  1	 -350.0	 1950.0	    0.0	    0.0	    0.8	1	   27.4	 21	 1336.6	   13.7	
 1418	 141.80	 -382.4	 1965.1	  -25.0	  749.5	 1372.2	    0.0	  200.0	  742.9	 1316.0	    0.0	  200.0	  100.0	    0.0	    0.0	    0.0	    0.0	    0.8	   38.2	  1	 -350.0	 1950.0	    0.0	    0.0	    0.8	1	   27.4	 21	 1336.0	   13.6	
 1419	 141.90	 -382.4	 1965.1	  -25.0	  749.5	 1372.2	    0.0	  200.0	  742.9	 1316.0	    0.0	  200.0	  100.0	    0.0	    0.0	    0.0	    0.0	    0.7	   38.2	  1	 -350.0	 1950.0	    0.0	    0.0	    0.7	1	   27.4	 21	 1335.4	   13.5	
 1420	 142.00	 -382.4	 1965.1	  -25.0	  749.5	 1372.2	    0.0	  200.0	  742.9	 1316.0	    0.0	  200.0	  100.0	    0.0	    0.0	    0.0	    0.0	    0.7	   38.2	  1	 -350.0	 1950.0	    0.0	    0.0	    0.7	1	   27.4	 21	 1334.7	   13.5	
 1421	 142.10	 -382.4	 1965.1	  -25.0	  749.5	 1372.2	    0.0	  200.0	  742.9	 1316.0	    0.0	  200.0	  100.0	    0.0	    0.0	    0.0	    0.0	    0.7	   38.3	  1	 -350.0	 1950.0	    0.0	    0.0	    0.7	1	   27.4	 21	 1334.1	   13.4	
 1422	 142.20	 -382.4	 1965.1	  -25.0	  749.5	 1372.2	    0.0	  200.0	  742.9	 1316.0	    0.0	  200.0	  100.0	    0.0	    0.0	    0.0	    0.0	    0.7	   38.3	  1	 -350.0	 1950.0	    0.0	    0.0	    0.7	1	   27.4	 21	 1333.4	   13.3	
 1423	 142.30	 -382.4	 1965.1	  -25.0	  749.5	 1372.2	    0.0	  200.0	  742.9	 1316.0	    0.0	  200.0	  100.0	    0.0	    0.0	    0.0	    0.0	    0.7	   38.3	  1	 -350.0	 1950.0	    0.0	    0.0	    0.7	1	   27.4	 21	 1332.8	   13.3	
 1424	 142.40	 -382.4	 1965.1	  -25.0	  749.5	 1372.2	    0.0	  200.0	  742.9	 1316.0	    0.0	  200.0	  100.0	    0.0	    0.0	    0.0	    0.0	    0.7	   38.4	  1	 -350.0	 1950.0	    0.0	    0.0	    0.7	1	   27.4	 21	 1332.1	   13.2	
 1425	 142.50	 -382.4	 1965.1	  -25.0	  749.5	 1372.2	    0.0	  200.0	  742.9	 1316.0	    0.0	  200.0	  100.0	    0.0	    0.0	    0.0	    0.0	    0.7	   38.4	  1	 -350.0	 1950.0	    0.0	    0.0	    0.7	1	   27.4	 21	 1331.4	   13.1	
 1426	 142.60	 -382.4	 1965.1	  -25.0	  749.5	 1372.2	    0.0	  200.0	  742.9	 1316.0	    0.0	  200.0	  100.0	    0.0	    0.0	    0.0	    0.0	    0.7	   38.4	  1	 -350.0	 1950.0	    0.0	    0.0	    0.7	1	   27.4	 21	 1330.7	   13.1	
 1427	 142.70	 -382.4	 1965.1	  -25.0	  749.5	 1372.2	    0.0	  200.0	  742.9	 1316.0	    0.0	  200.0	  100.0	    0.0	    0.0	    0.0	    0.0	    0.7	   38.5	  1	 -350.0	 1950.0	    0.0	    0.0	    0.7	1	   27.4	 21	 1330.0	   13.0	
 1428	 142.80	 -382.4	 1965.1	  -25.0	  749.5	 1372.2	    0.0	  200.0	  742.9	 1316.0	    0.0	  200.0	  100.0	    0.0	    0.0	    0.0	    0.0	    0.7	   38.5	  1	 -350.0	 1950.0	    0.0	    0.0	    0.7	1	   27.4	 21	 1329.3	   12.9	
 1429	 142.90	 -382.4	 1965.1	  -25.0	  749.5	 1372.2	    0.0	  200.0	  742.9	 1316.0	    0.0	  200.0	  100.0	    0.0	    0.0	    0.0	    0.0	    0.6	   38.5	  1	 -350.0	 1950.0	    0.0	    0.0	    0.6	1	   27.4	 21	 1328.6	   12.9	
 1430	 143.00	 -382.4	 1965.1	  -25.0	  749.5	 1372.2	    0.0	  200.0	  742.9	 1316.0	    0.0	  200.0	  100.0	    0.0	    0.0	    0.0	    0.0	    0.6	   38.6	  1	 -350.0	 1950.0	    0.0	    0.0	    0.6	1	   27.4	 21	 1327.9	   12.8	
 1431	 143.10	 -382.4	 1965.1	  -25.0	  749.5	 1372.2	    0.0	  200.0	  742.9	 1316.0	    0.0	  200.0	  100.0	    0.0	    0.0	    0.0	    0.0	    0.6	   38.6	  1	 -350.0	 1950.0	    0.0	    0.0	    0.6	1	   27.4	 21	 1327.2	   12.7	
 1432	 143.20	 -382.4	 1965.1	  -25.0	  749.5	 1372.2	    0.0	  200.0	  742.9	 1316.0	    0.0	  200.0	  100.0	    0.0	    0.0	    0.0	    0.0	    0.6	   38.7	  1	 -350.0	 1950.0	    0.0	    0.0	    0.6	1	   27.4	 21	 1326.4	   12.6	
 1433	 143.30	 -382.4	 1965.1	  -25.0	  749.5	 1372.2	    0.0	  200.0	  742.9	 1316.0	    0.0	  200.0	  100.0	    0.0	    0.0	    0.0	    0.0	    0.6	   38.7	  1	 -350.0	 1950.0	    0.0	    0.0	    0.6	1	   27.4	 21	 1325.7	   12.6	
 1434	 143.40	 -382.4	 1965.1	  -25.0	  749.5	 1372.2	    0.0	  200.0	  742.9	 1316.0	    0.0	  200.0	  100.0	    0.0	    0.0	    0.0	    0.0	    0.6	   38.7	  1	 -350.0	 1950.0	    0.0	    0.0	    0.6	1	   27.4	 21	 1324.9	   12.5	
 1435	 143.50	 -382.4	 1965.1	  -25.0	  749.5	 1372.2	    0.0	  200.0	  742.9	 1316.0	    0.0	  200.0	  100.0	    0.0	    0.0	    0.0	    0.0	    0.6	   38.8	  1	 -350.0	 1950.0	    0.0	    0.0	    0.6	1	   27.4	 21	 1324.2	   12.4	
 1436	 143.60	 -382.4	 1965.1	  -25.0	  749.5	 1372.2	    0.0	  200.0	  742.9	 1316.0	    0.0	  200.0	  100.0	    0.0	    0.0	    0.0	    0.0	    0.6	   38.8	  1	 -350.0	 1950.0	    0.0	    0.0	    0.6	1	   27.4	 21	 1323.4	   12.3	
 1437	 143.70	 -382.4	 1965.1	  -25.0	  749.5	 1372.2	    0.0	  200.0	  742.9	 1316.0	    0.0	  200.0	  100.0	    0.0	    0.0	    0.0	    0.0	    0.6	   38.8	  1	 -350.0	 1950.0	    0.0	    0.0	    0.6	1	   27.4	 21	 1322.6	   12.3	
 1438	 143.80	 -382.4	 1965.1	  -25.0	  749.5	 1372.2	    0.0	  200.0	  742.9	 1316.0	    0.0	  200.0	  100.0	    0.0	    0.0	    0.0	    0.0	    0.6	   38.9	  1	 -350.0	 1950.0	    0.0	    0.0	    0.6	1	   27.4	 21	 1321.8	   12.2	
 1439	 143.90	 -382.4	 1965.1	  -25.0	  749.5	 1372.2	    0.0	  200.0	  742.9	 1316.0	    0.0	  200.0	  100.0	    0.0	    0.0	    0.0	    0.0	    0.6	   38.9	  1	 -350.0	 1950.0	    0.0	    0.0	    0.6	1	   27.4	 21	 1321.0	   12.1	
 1440	 144.00	 -382.4	 1965.1	  -25.0	  749.5	 1372.2	    0.0	  200.0	  742.9	 1316.0	    0.0	  200.0	  100.0	    0.0	    0.0	    0.0	    0.0	    0.5	   38.9	  1	 -350.0	 1950.0	    0.0	    0.0	    0.5	1	   27.4	 21	 1320.2	   12.0	
 1441	 144.10	 -382.4	 1965.1	  -25.0	  749.5	 1372.2	    0.0	  200.0	  742.9	 1316.0	    0.0	  200.0	  100.0	    0.0	    0.0	    0.0	    0.0	    0.5	   39.0	  1	 -350.0	 1950.0	    0.0	    0.0	    0.5	1	   27.4	 21	 1319.4	   11.9	
 1442	 144.20	 -382.4	 1965.1	  -25.0	  749.5	 1372.2	    0.0	  200.0	  742.9	 1316.0	    0.0	  200.0	  100.0	    0.0	    0.0	    0.0	    0.0	    0.5	   39.0	  1	 -350.0	 1950.0	    0.0	    0.0	    0.5	1	   27.4	 21	 1318.6	   11.9	
 1443	 144.30	 -382.4	 1965.1	  -25.0	  749.5	 1372.2	    0.0	  200.0	  742.9	 1316.0	    0.0	  200.0	  100.0	    0.0	    0.0	    0.0	    0.0	    0.5	   39.1	  1	 -350.0	 1950.0	    0.0	    0.0	    0.5	1	   27.4	 21	 1317.7	   11.8	
 1444	 144.40	 -382.4	 1965.1	  -25.0	  749.5	 1372.2	    0.0	  200.0	  742.9	 1316.0	    0.0	  200.0	  100.0	    0.0	    0.0	    0.0	    0.0	    0.5	   39.1	  1	 -350.0	 1950.0	    0.0	    0.0	    0.5	1	   27.4	 21	 1316.9	   11.7	
 1445	 144.50	 -382.4	 1965.1	  -25.0	  749.5	 1372.2	    0.0	  200.0	  742.9	 1316.0	    0.0	  200.0	  100.0	    0.0	    0.0	    0.0	    0.0	    0.5	   39.1	  1	 -350.0	 1950.0	    0.0	    0.0	    0.5	1	   27.4	 21	 1316.0	   11.6	
 1446	 144.60	 -382.4	 1965.1	  -25.0	  749.5	 1372.2	    0.0	  200.0	  742.9	 1316.0	    0.0	  200.0	  100.0	    0.0	    0.0	    0.0	    0.0	    0.5	   39.2	  1	 -350.0	 1950.0	    0.0	    0.0	    0.5	1	   27.4	 21	 1315.1	   11.5	
 1447	 144.70	 -382.4	 1965.1	  -25.0	  749.5	 1372.2	    0.0	  200.0	  742.9	 1316.0	    0.0	  200.0	  100.0	    0.0	    0.0	    0.0	    0.0	    0.5	   39.2	  1	 -350.0	 1950.0	    0.0	    0.0	    0.5	1	   27.4	 21	 1314.3	   11.4	
 1448	 144.80	 -382.4	 1965.1	  -25.0	  749.5	 1372.2	    0.0	  200.0	  742.9	 1316.0	    0.0	  200.0	  100.0	    0.0	    0.0	    0.0	    0.0	    0.5	   39.2	  1	 -350.0	 1950.0	    0.0	    0.0	    0.5	1	   27.4	 21	 1313.4	   11.3	
 1449	 144.90	 -382.4	 1965.1	  -25.0	  749.5	 1372.2	    0.0	  200.0	  742.9	 1316.0	    0.0	  200.0	  100.0	    0.0	    0.0	    0.0	    0.0	    0.5	   39.3	  1	 -350.0	 1950.0	    0.0	    0.0	    0.5	1	   27.4	 21	 1312.5	   11.2	
 1450	 145.00	 -382.4	 1965.1	  -25.0	  749.5	 1372.2	    0.0	  200.0	  742.9	 1316.0	    0.0	  200.0	  100.0	    0.0	    0.0	    0.0	    0.0	    0.4	   39.3	  1	 -350.0	 1950.0	    0.0	    0.0	    0.4	1	   27.4	 21	 1311.5	   11.2	
 1451	 145.10	 -382.4	 1965.1	  -25.0	  749.5	 1372.2	    0.0	  200.0	  742.9	 1316.0	    0.0	  200.0	  100.0	    0.0	    0.0	    0.0	    0.0	    0.4	   39.3	  1	 -350.0	 1950.0	    0.0	    0.0	    0.4	1	   27.4	 21	 1310.6	   11.1	
 1452	 145.20	 -382.4	 1965.1	  -25.0	  749.5	 1372.2	    0.0	  200.0	  742.9	 1316.0	    0.0	  200.0	  100.0	    0.0	    0.0	    0.0	    0.0	    0.4	   39.4	  1	 -350.0	 1950.0	    0.0	    0.0	    0.4	1	   27.4	 21	 1309.7	   11.0	
 1453	 145.30	 -382.4	 1965.1	  -25.0	  749.5	 1372.2	    0.0	  200.0	  742.9	 1316.0	    0.0	  200.0	  100.0	    0.0	    0.0	    0.0	    0.0	    0.4	   39.4	  1	 -350.0	 1950.0	    0.0	    0.0	    0.4	1	   27.4	 21	 1308.7	   10.9	
 1454	 145.40	 -382.4	 1965.1	  -25.0	  749.5	 1372.2	    0.0	  200.0	  742.9	 1316.0	    0.0	  200.0	  100.0	    0.0	    0.0	    0.0	    0.0	    0.4	   39.5	  1	 -350.0	 1950.0	    0.0	    0.0	    0.4	1	   27.4	 21	 1307.7	   10.8	
 1455	 145.50	 -382.4	 1965.1	  -25.0	  749.5	 1372.2	    0.0	  200.0	  742.9	 1316.0	    0.0	  200.0	  100.0	    0.0	    0.0	    0.0	    0.0	    0.4	   39.5	  1	 -350.0	 1950.0	    0.0	    0.0	    0.4	1	   27.4	 21	 1306.7	   10.7	
 1456	 145.60	 -382.4	 1965.1	  -25.0	  749.5	 1372.2	    0.0	  200.0	  742.9	 1316.0	    0.0	  200.0	  100.0	    0.0	    0.0	    0.0	    0.0	    0.4	   39.5	  1	 -350.0	 1950.0	    0.0	    0.0	    0.4	1	   27.4	 21	 1305.7	   10.6	
 1457	 145.70	 -382.4	 1965.1	  -25.0	  749.5	 1372.2	    0.0	  200.0	  742.9	 1316.0	    0.0	  200.0	  100.0	    0.0	    0.0	    0.0	    0.0	    0.4	   39.6	  1	 -350.0	 1950.0	    0.0	    0.0	    0.4	1	   27.4	 21	 1304.7	   10.5	
 1458	 145.80	 -382.4	 1965.1	  -25.0	  749.5	 1372.2	    0.0	  200.0	  742.9	 1316.0	    0.0	  200.0	  100.0	    0.0	    0.0	    0.0	    0.0	    0.4	   39.6	  1	 -350.0	 1950.0	    0.0	    0.0	    0.4	1	   27.4	 21	 1303.7	   10.4	
 1459	 145.90	 -382.4	 1965.1	  -25.0	  749.5	 1372.2	    0.0	  200.0	  742.9	 1316.0	    0.0	  200.0	  100.0	    0.0	    0.0	    0.0	    0.0	    0.4	   39.6	  1	 -350.0	 1950.0	    0.0	    0.0	    0.4	1	   27.4	 21	 1302.6	   10.3	
 1460	 146.00	 -382.4	 1965.1	  -25.0	  749.5	 1372.2	    0.0	  200.0	  742.9	 1316.0	    0.0	  200.0	  100.0	    0.0	    0.0	    0.0	    0.0	    0.3	   39.7	  1	 -350.0	 1950.0	    0.0	    0.0	    0.3	1	   27.4	 21	 1301.6	   10.2	
 1461	 146.10	 -382.4	 1965.1	  -25.0	  749.5	 1372.2	    0.0	  200.0	  742.9	 1316.0	    0.0	  200.0	  100.0	    0.0	    0.0	    0.0	    0.0	    0.3	   39.7	  1	 -350.0	 1950.0	    0.0	    0.0	    0.3	1	   27.4	 21	 1300.5	   10.1	
 1462	 146.20	 -382.4	 1965.1	  -25.0	  749.5	 1372.2	    0.0	  200.0	  742.9	 1316.0	    0.0	  200.0	  100.0	    0.0	    0.0	    0.0	    0.0	    0.3	   39.8	  1	 -350.0	 1950.0	    0.0	    0.0	    0.3	1	   27.4	 21	    0.0	    9.9	
 1463	 146.30	 -382.4	 1965.1	  -25.0	  749.5	 1372.2	    0.0	  200.0	  742.9	 1316.0	    0.0	  200.0	  100.0	    0.0	    0.0	    0.0	    0.0	    0.3	   39.8	  1	 -350.0	 1950.0	    0.0	    0.0	    0.3	1	   27.4	 21	    0.0	    9.8	
 1464	 146.40	 -382.4	 1965.1	  -25.0	  749.5	 1372.2	    0.0	  200.0	  742.9	 1316.0	    0.0	  200.0	  100.0	    0.0	    0.0	    0.0	    0.0	    0.3	   39.8	  1	 -350.0	 1950.0	    0.0	    0.0	    0.3	1	   27.4	 21	    0.0	    9.7	
 1465	 146.50	 -382.4	 1965.1	  -25.0	  749.5	 1372.2	    0.0	  200.0	  742.9	 1316.0	    0.0	  200.0	  100.0	    0.0	    0.0	    0.0	    0.0	    0.3	   39.9	  1	 -350.0	 1950.0	    0.0	    0.0	    0.3	1	   27.4	 21	    0.0	    9.6	
 1466	 146.60	 -382.4	 1965.1	  -25.0	  749.5	 1372.2	    0.0	  200.0	  742.9	 1316.0	    0.0	  200.0	  100.0	    0.0	    0.0	    0.0	    0.0	    0.3	   39.9	  1	 -350.0	 1950.0	    0.0	    0.0	    0.3	1	   27.4	 21	    0.0	    9.5	
 1467	 146.70	 -382.4	 1965.1	  -25.0	  749.5	 1372.2	    0.0	  200.0	  742.9	 1316.0	    0.0	  200.0	  100.0	    0.0	    0.0	    0.0	    0.0	    0.3	   39.9	  1	 -350.0	 1950.0	    0.0	    0.0	    0.3	1	   27.4	 21	    0.0	    9.4	
 1468	 146.80	 -382.4	 1965.1	  -25.0	  749.5	 1372.2	    0.0	  200.0	  742.9	 1316.0	    0.0	  200.0	  100.0	    0.0	    0.0	    0.0	    0.0	    0.3	   40.0	  1	 -350.0	 1950.0	    0.0	    0.0	    0.3	1	   27.4	 21	    0.0	    9.3	
 1469	 146.90	 -382.4	 1965.1	  -25.0	  749.5	 1372.2	    0.0	  200.0	  742.9	 1316.0	    0.0	  200.0	  100.0	    0.0	    0.0	    0.0	    0.0	    0.3	   40.0	  1	 -350.0	 1950.0	    0.0	    0.0	    0.3	1	   27.4	 21	    0.0	    9.1	
 1470	 147.00	 -382.4	 1965.1	  -25.0	  749.5	 1372.2	    0.0	  200.0	  742.9	 1316.0	    0.0	  200.0	  100.0	    0.0	    0.0	    0.0	    0.0	    0.3	   40.1	  1	 -350.0	 1950.0	    0.0	    0.0	    0.3	1	   27.4	 21	    0.0	    9.0	
 1471	 147.10	 -382.4	 1965.1	  -25.0	  749.5	 1372.2	    0.0	  200.0	  742.9	 1316.0	    0.0	  200.0	  100.0	    0.0	    0.0	    0.0	    0.0	    0.2	   40.1	  1	 -350.0	 1950.0	    0.0	    0.0	    0.2	1	   27.4	 21	    0.0	    8.9	
 1472	 147.20	 -382.4	 1965.1	  -25.0	  749.5	 1372.2	    0.0	  200.0	  742.9	 1316.0	    0.0	  200.0	  100.0	    0.0	    0.0	    0.0	    0.0	    0.2	   40.1	  1	 -350.0	 1950.0	    0.0	    0.0	    0.2	1	   27.4	 21	    0.0	    8.8	
 1473	 147.30	 -382.4	 1965.1	  -25.0	  749.5	 1372.2	    0.0	  200.0	  742.9	 1316.0	    0.0	  200.0	  100.0	    0.0	    0.0	    0.0	    0.0	    0.2	   40.2	  1	 -350.0	 1950.0	    0.0	    0.0	    0.2	1	   27.4	 21	    0.0	    8.6	
 1474	 147.40	 -382.4	 1965.1	  -25.0	  749.5	 1372.2	    0.0	  200.0	  742.9	 1316.0	    0.0	  200.0	  100.0	    0.0	    0.0	    0.0	    0.0	    0.2	   40.2	  1	 -350.0	 1950.0	    0.0	    0.0	    0.2	1	   27.4	 21	    0.0	    8.5	
 1475	 147.50	 -382.4	 1965.1	  -25.0	  749.5	 1372.2	    0.0	  200.0	  742.9	 1316.0	    0.0	  200.0	  100.0	    0.0	    0.0	    0.0	    0.0	    0.2	   40.2	  1	 -350.0	 1950.0	    0.0	    0.0	    0.2	1	   27.4	 21	    0.0	    8.4	
 1476	 147.60	 -382.4	 1965.1	  -25.0	  749.5	 1372.2	    0.0	  200.0	  742.9	 1316.0	    0.0	  200.0	  100.0	    0.0	    0.0	    0.0	    0.0	    0.2	   40.3	  1	 -350.0	 1950.0	    0.0	    0.0	    0.2	1	   27.4	 21	    0.0	    8.2	
 1477	 147.70	 -382.4	 1965.1	  -25.0	  749.5	 1372.2	    0.0	  200.0	  742.9	 1316.0	    0.0	  200.0	  100.0	    0.0	    0.0	    0.0	    0.0	    0.2	   40.3	  1	 -350.0	 1950.0	    0.0	    0.0	    0.2	1	   27.4	 21	    0.0	    8.1	
 1478	 147.80	 -382.4	 1965.1	  -25.0	  749.5	 1372.2	    0.0	  200.0	  742.9	 1316.0	    0.0	  200.0	  100.0	    0.0	    0.0	    0.0	    0.0	    0.2	   40.4	  1	 -350.0	 1950.0	    0.0	    0.0	    0.2	1	   27.4	 21	    0.0	    8.0	
 1479	 147.90	 -382.4	 1965.1	  -25.0	  749.5	 1372.2	    0.0	  200.0	  742.9	 1316.0	    0.0	  200.0	  100.0	    0.0	    0.0	    0.0	    0.0	    0.2	   40.4	  1	 -350.0	 1950.0	    0.0	    0.0	    0.2	1	   27.4	 21	    0.0	    7.8	
 1480	 148.00	 -382.4	 1965.1	  -25.0	  749.5	 1372.2	    0.0	  200.0	  742.9	 1316.0	    0.0	  200.0	  100.0	    0.0	    0.0	    0.0	    0.0	    0.2	   40.4	  1	 -350.0	 1950.0	    0.0	    0.0	    0.2	1	   27.4	 21	    0.0	    7.7	
 1481	 148.10	 -382.4	 1965.1	  -25.0	  749.5	 1372.2	    0.0	  200.0	  742.9	 1316.0	    0.0	  200.0	  100.0	    0.0	    0.0	    0.0	    0.0	    0.1	   40.5	  1	 -350.0	 1950.0	    0.0	    0.0	    0.1	1	   27.4	 21	    0.0	    7.5	
 1482	 148.20	 -382.4	 1965.1	  -25.0	  749.5	 1372.2	    0.0	  200.0	  742.9	 1316.0	    0.0	  200.0	  100.0	    0.0	    0.0	    0.0	    0.0	    0.1	   40.5	  1	 -350.0	 1950.0	    0.0	    0.0	    0.1	1	   27.4	 21	    0.0	    7.4	
 1483	 148.30	 -382.4	 1965.1	  -25.0	  749.5	 1372.2	    0.0	  200.0	  742.9	 1316.0	    0.0	  200.0	  100.0	    0.0	    0.0	    0.0	    0.0	    0.1	   40.5	  1	 -350.0	 1950.0	    0.0	    0.0	    0.1	1	   27.4	 21	    0.0	    7.2	
 1484	 148.40	 -382.4	 1965.1	  -25.0	  749.5	 1372.2	    0.0	  200.0	  742.9	 1316.0	    0.0	  200.0	  100.0	    0.0	    0.0	    0.0	    0.0	    0.1	   40.6	  1	 -550.0	 1050.0	    0.0	    0.0	    0.1	1	  300.0	 21	    0.0	    7.1	
 1485	 148.50	 -392.0	 1939.7	 -110.7	  749.5	 1372.2	    0.0	  200.0	  742.9	 1316.0	    0.0	  200.0	  100.0	    0.0	    0.0	    0.0	    0.0	    0.1	   40.6	  1	 -550.0	 1050.0	    0.0	    0.0	    0.1	1	  300.0	 21	    0.0	    6.9	
 1486	 148.60	 -416.9	 1874.5	 -110.9	  749.5	 1372.2	    0.0	  200.0	  742.9	 1316.0	    0.0	  200.0	  100.0	    0.0	    0.0	    0.0	    0.0	    0.1	   40.7	  1	 -550.0	 1050.0	    0.0	    0.0	    0.1	1	  300.0	 21	    0.0	    6.8	
 1487	 148.70	 -442.2	 1808.2	 -111.0	  749.5	 1372.2	    0.0	  200.0	  742.9	 1316.0	    0.0	  200.0	  100.0	    0.0	    0.0	    0.0	    0.0	    0.1	   40.7	  1	 -550.0	 1050.0	    0.0	    0.0	    0.1	1	  300.0	 21	    0.0	    6.7	
 1488	 148.80	 -468.0	 1740.0	 -110.7	  749.5	 1372.2	    0.0	  200.0	  742.9	 1316.0	    0.0	  200.0	  100.0	    0.0	    0.0	    0.0	    0.0	    0.1	   40.7	  1	 -550.0	 1050.0	    0.0	    0.0	    0.1	1	  299.9	 21	    0.0	    6.6	
 1489	 148.90	 -493.6	 1670.0	 -110.0	  749.5	 1372.2	    0.0	  200.0	  742.9	 1316.0	    0.0	  200.0	  100.0	    0.0	    0.0	    0.0	    0.0	    0.1	   40.7	  1	 -550.0	 1050.0	    0.0	    0.0	    0.1	1	  299.8	 21	    0.0	    6.5	
 1490	 149.00	 -517.2	 1601.4	 -108.8	  749.5	 1372.2	    0.0	  200.0	  742.9	 1316.0	    0.0	  200.0	  100.0	    0.0	    0.0	    0.0	    0.0	    0.1	   40.7	  1	 -550.0	 1050.0	    0.0	    0.0	    0.1	1	  299.5	 21	    0.0	    6.5	
 1491	 149.10	 -538.7	 1532.3	 -107.2	  749.5	 1372.2	    0.0	  200.0	  742.9	 1316.0	    0.0	  200.0	  100.0	    0.0	    0.0	    0.0	    0.0	    0.1	   40.7	  1	 -550.0	 1050.0	    0.0	    0.0	    0.1	1	  299.1	 21	    0.0	    6.5	
 1492	 149.20	 -556.9	 1464.1	 -104.8	  749.5	 1372.2	    0.0	  200.0	  742.9	 1316.0	    0.0	  200.0	  100.0	    0.0	    0.0	    0.0	    0.0	    0.1	   40.6	  1	 -550.0	 1050.0	    0.0	    0.0	    0.1	1	  298.1	 21	    0.0	    6.5	
 1493	 149.30	 -571.3	 1394.4	 -101.4	  749.5	 1372.2	    0.0	  200.0	  742.9	 1316.0	    0.0	  200.0	  100.0	    0.0	    0.0	    0.0	    0.0	    0.1	   40.5	  1	 -550.0	 1050.0	    0.0	    0.0	    0.1	1	  294.4	 21	    0.0	    6.5	
 1494	 149.40	 -578.7	 1327.3	  -95.7	  749.5	 1372.2	    0.0	  200.0	  742.9	 1316.0	    0.0	  200.0	  100.0	    0.0	    0.0	    0.0	    0.0	    0.1	   40.3	  1	 -550.0	 1050.0	    0.0	    0.0	    0.1	1	  261.4	 21	    0.0	    6.6	
 1495	 149.50	 -574.9	 1266.2	  -85.0	  749.5	 1372.2	    0.0	  200.0	  742.9	 1316.0	    0.0	  200.0	  100.0	    0.0	    0.0	    0.0	    0.0	    0.1	   40.2	  1	 -550.0	 1050.0	    0.0	    0.0	    0.1	1	  197.1	 21	    0.0	    6.7	
 1496	 149.60	 -571.0	 1218.0	  -85.5	  749.5	 1372.2	    0.0	  200.0	  742.9	 1316.0	    0.0	  200.0	  100.0	    0.0	    0.0	    0.0	    0.0	    0.1	   40.0	  1	 -550.0	 1050.0	    0.0	    0.0	    0.1	1	  158.4	 21	    0.0	    6.8	
 1497	 149.70	 -567.1	 1180.8	  -83.8	  749.5	 1372.2	    0.0	  200.0	  742.9	 1316.0	    0.0	  200.0	  100.0	    0.0	    0.0	    0.0	    0.0	    0.1	   39.7	  1	 -550.0	 1050.0	    0.0	    0.0	    0.1	1	  123.7	 21	    0.0	    6.9	
 1498	 149.80	 -563.3	 1149.7	  -82.7	  749.5	 1372.2	    0.0	  200.0	  742.9	 1316.0	    0.0	  200.0	  100.0	    0.0	    0.0	    0.0	    0.0	    0.1	   39.5	  1	 -550.0	 1050.0	    0.0	    0.0	    0.1	1	   96.0	 21	    0.0	    7.0	
 1499	 149.90	 -561.1	 1125.2	  -85.3	  749.5	 1372.2	    0.0	  200.0	  742.9	 1316.0	    0.0	  200.0	  100.0	    0.0	    0.0	    0.0	    0.0	    0.1	   39.3	  1	 -550.0	 1050.0	    0.0	    0.0	    0.1	1	   71.0	 21	    0.0	    7.1	
 1500	 150.00	 -560.9	 1123.1	    8.3	  749.5	 1372.2	    0.0	  200.0	  742.9	 1316.0	    0.0	  200.0	  100.0	    0.0	    0.0	    0.0	    0.0	    0.1	   39.1	  1	 -550.0	 1050.0	    0.0	    0.0	    0.1	1	   70.6	 21	    0.0	    7.2	
 1501	 150.10	 -560.9	 1123.1	    8.4	  749.5	 1372.2	    0.0	  200.0	  742.9	 1316.0	    0.0	  200.0	  100.0	    0.0	    0.0	    0.0	    0.0	    0.1	   39.0	  1	 -550.0	 1050.0	    0.0	    0.0	    0.1	1	   70.6	 21	    0.0	    7.3	
 1502	 150.20	 -560.9	 1123.1	    8.4	  749.5	 1372.2	    0.0	  200.0	  742.9	 1316.0	    0.0	  200.0	  100.0	    0.0	    0.0	    0.0	    0.0	    0.1	   38.8	  1	 -550.0	 1050.0	    0.0	    0.0	    0.1	1	   70.6	 21	    0.0	    7.4	
 1503	 150.30	 -560.9	 1123.1	    8.4	  749.5	 1372.2	    0.0	  200.0	  742.9	 1316.0	    0.0	  200.0	  100.0	    0.0	    0.0	    0.0	    0.0	    0.1	   38.7	  1	 -550.0	 1050.0	    0.0	    0.0	    0.1	1	   70.6	 21	    0.0	    7.5	
 1504	 150.40	 -560.9	 1123.1	    8.4	  749.5	 1372.2	    0.0	  200.0	  742.9	 1316.0	    0.0	  200.0	  100.0	    0.0	    0.0	    0.0	    0.0	    0.2	   38.6	  1	 -550.0	 1050.0	    0.0	    0.0	    0.2	1	   70.6	 21	    0.0	    7.6	
 1505	 150.50	 -560.9	 1123.1	    8.4	  749.5	 1372.2	    0.0	  200.0	  742.9	 1316.0	    0.0	  200.0	  100.0	    0.0	    0.0	    0.0	    0.0	    0.2	   38.5	  1	 -550.0	 1050.0	    0.0	    0.0	    0.2	1	   70.6	 21	    0.0	    7.8	
 1506	 150.60	 -560.9	 1123.1	    8.4	  749.5	 1372.2	    0.0	  200.0	  742.9	 1316.0	    0.0	  200.0	  100.0	    0.0	    0.0	    0.0	    0.0	    0.2	   38.4	  1	 -550.0	 1050.0	    0.0	    0.0	    0.2	1	   70.6	 21	    0.0	    7.9	
 1507	 150.70	 -560.9	 1123.1	    8.4	  749.5	 1372.2	    0.0	  200.0	  742.9	 1316.0	    0.0	  200.0	  100.0	    0.0	    0.0	    0.0	    0.0	    0.2	   38.4	  1	 -550.0	 1050.0	    0.0	    0.0	    0.2	1	   70.6	 21	    0.0	    8.0	
 1508	 150.80	 -560.9	 1123.1	    8.4	  749.5	 1372.2	    0.0	  200.0	  742.9	 1316.0	    0.0	  200.0	  100.0	    0.0	    0.0	    0.0	    0.0	    0.2	   38.3	  1	 -550.0	 1050.0	    0.0	    0.0	    0.2	1	   70.6	 21	    0.0	    8.1	
 1509	 150.90	 -560.9	 1123.1	    8.4	  749.5	 1372.2	    0.0	  200.0	  742.9	 1316.0	    0.0	  200.0	  100.0	    0.0	    0.0	    0.0	    0.0	    0.2	   38.3	  1	 -550.0	 1050.0	    0.0	    0.0	    0.2	1	   70.6	 21	    0.0	    8.2	
 1510	 151.00	 -560.9	 1123.1	    8.4	  749.5	 1372.2	    0.0	  200.0	  742.9	 1316.0	    0.0	  200.0	  100.0	    0.0	    0.0	    0.0	    0.0	    0.2	   38.2	  1	 -550.0	 1050.0	    0.0	    0.0	    0.2	1	   70.6	 21	    0.0	    8.3	
 1511	 151.10	 -560.9	 1123.1	    8.4	  749.5	 1372.2	    0.0	  200.0	  742.9	 1316.0	    0.0	  200.0	  100.0	    0.0	    0.0	    0.0	    0.0	    0.2	   38.2	  1	 -550.0	 1050.0	    0.0	    0.0	    0.2	1	   70.6	 21	    0.0	    8.4	
 1512	 151.20	 -560.9	 1123.1	    8.4	  749.5	 1372.2	    0.0	  200.0	  742.9	 1316.0	    0.0	  200.0	  100.0	    0.0	    0.0	    0.0	    0.0	    0.2	   38.2	  1	 -550.0	 1050.0	    0.0	    0.0	    0.2	1	   70.6	 21	    0.0	    8.5	
 1513	 151.30	 -560.9	 1123.1	    8.4	  749.5	 1372.2	    0.0	  200.0	  742.9	 1316.0	    0.0	  200.0	  100.0	    0.0	    0.0	    0.0	    0.0	    0.2	   38.2	  1	 -550.0	 1050.0	    0.0	    0.0	    0.2	1	   70.6	 21	    0.0	    8.6	
 1514	 151.40	 -560.9	 1123.1	    8.4	  749.5	 1372.2	    0.0	  200.0	  742.9	 1316.0	    0.0	  200.0	  100.0	    0.0	    0.0	    0.0	    0.0	    0.2	   38.2	  1	 -550.0	 1050.0	    0.0	    0.0	    0.2	1	   70.6	 21	    0.0	    8.7	
 1515	 151.50	 -560.9	 1123.1	    8.4	  749.5	 1372.2	    0.0	  200.0	  742.9	 1316.0	    0.0	  200.0	  100.0	    0.0	    0.0	    0.0	    0.0	    0.2	   38.1	  1	 -550.0	 1050.0	    0.0	    0.0	    0.2	1	   70.6	 21	    0.0	    8.8	
 1516	 151.60	 -560.9	 1123.1	    8.4	  749.5	 1372.2	    0.0	  200.0	  742.9	 1316.0	    0.0	  200.0	  100.0	    0.0	    0.0	    0.0	    0.0	    0.2	   38.1	  1	 -550.0	 1050.0	    0.0	    0.0	    0.2	1	   70.6	 21	    0.0	    8.9	
 1517	 151.70	 -560.9	 1123.1	    8.4	  749.5	 1372.2	    0.0	  200.0	  742.9	 1316.0	    0.0	  200.0	  100.0	    0.0	    0.0	    0.0	    0.0	    0.2	   38.1	  1	 -550.0	 1050.0	    0.0	    0.0	    0.2	1	   70.6	 21	    0.0	    8.9	
 1518	 151.80	 -560.9	 1123.1	    8.4	  749.5	 1372.2	    0.0	  200.0	  742.9	 1316.0	    0.0	  200.0	  100.0	    0.0	    0.0	    0.0	    0.0	    0.3	   38.1	  1	 -550.0	 1050.0	    0.0	    0.0	    0.3	1	   70.6	 21	    0.0	    9.0	
 1519	 151.90	 -560.9	 1123.1	    8.4	  749.5	 1372.2	    0.0	  200.0	  742.9	 1316.0	    0.0	  200.0	  100.0	    0.0	    0.0	    0.0	    0.0	    0.3	   38.1	  1	 -550.0	 1050.0	    0.0	    0.0	    0.3	1	   70.6	 21	    0.0	    9.1	
 1520	 152.00	 -560.9	 1123.1	    8.4	  749.5	 1372.2	    0.0	  200.0	  742.9	 1316.0	    0.0	  200.0	  100.0	    0.0	    0.0	    0.0	    0.0	    0.3	   38.1	  1	 -550.0	 1050.0	    0.0	    0.0	    0.3	1	   70.6	 21	    0.0	    9.2	
 1521	 152.10	 -560.9	 1123.1	    8.4	  749.5	 1372.2	    0.0	  200.0	  742.9	 1316.0	    0.0	  200.0	  100.0	    0.0	    0.0	    0.0	    0.0	    0.3	   38.1	  1	 -550.0	 1150.0	    0.0	    0.0	    0.3	1	   27.3	 21	    0.0	    9.3	
 1522	 152.20	 -560.9	 1123.1	    8.4	  749.5	 1372.2	    0.0	  200.0	  742.9	 1316.0	    0.0	  200.0	  100.0	    0.0	    0.0	    0.0	    0.0	    0.3	   38.1	  1	 -550.0	 1150.0	    0.0	    0.0	    0.3	1	   27.3	 21	    0.0	    9.4	
 1523	 152.30	 -560.9	 1123.1	    8.4	  749.5	 1372.2	    0.0	  200.0	  742.9	 1316.0	    0.0	  200.0	  100.0	    0.0	    0.0	    0.0	    0.0	    0.3	   38.1	  1	 -550.0	 1150.0	    0.0	    0.0	    0.3	1	   27.3	 21	    0.0	    9.5	
 1524	 152.40	 -560.9	 1123.1	    8.4	  749.5	 1372.2	    0.0	  200.0	  742.9	 1316.0	    0.0	  200.0	  100.0	    0.0	    0.0	    0.0	    0.0	    0.3	   38.1	  1	 -550.0	 1150.0	    0.0	    0.0	    0.3	1	   27.3	 21	    0.0	    9.6	
 1525	 152.50	 -560.9	 1123.1	    8.4	  749.5	 1372.2	    0.0	  200.0	  742.9	 1316.0	    0.0	  200.0	  100.0	    0.0	    0.0	    0.0	    0.0	    0.3	   38.1	  1	 -550.0	 1150.0	    0.0	    0.0	    0.3	1	   27.3	 21	    0.0	    9.7	
 1526	 152.60	 -560.9	 1123.1	    8.4	  749.5	 1372.2	    0.0	  200.0	  742.9	 1316.0	    0.0	  200.0	  100.0	    0.0	    0.0	    0.0	    0.0	    0.3	   38.2	  1	 -550.0	 1150.0	    0.0	    0.0	    0.3	1	   27.3	 21	    0.0	    9.7	
 1527	 152.70	 -560.9	 1123.1	    8.4	  749.5	 1372.2	    0.0	  200.0	  742.9	 1316.0	    0.0	  200.0	  100.0	    0.0	    0.0	    0.0	    0.0	    0.3	   38.2	  1	 -550.0	 1150.0	    0.0	    0.0	    0.3	1	   27.3	 21	    0.0	    9.8	
 1528	 152.80	 -560.9	 1123.1	    8.4	  749.5	 1372.2	    0.0	  200.0	  742.9	 1316.0	    0.0	  200.0	  100.0	    0.0	    0.0	    0.0	    0.0	    0.3	   38.2	  1	 -550.0	 1150.0	    0.0	    0.0	    0.3	1	   27.3	 21	    0.0	    9.9	
 1529	 152.90	 -560.9	 1123.1	    8.4	  749.5	 1372.2	    0.0	  200.0	  742.9	 1316.0	    0.0	  200.0	  100.0	    0.0	    0.0	    0.0	    0.0	    0.3	   38.2	  1	 -550.0	 1150.0	    0.0	    0.0	    0.3	1	   27.3	 21	    0.0	   10.0	
 1530	 153.00	 -560.9	 1123.1	    8.4	  749.5	 1372.2	    0.0	  200.0	  742.9	 1316.0	    0.0	  200.0	  100.0	    0.0	    0.0	    0.0	    0.0	    0.3	   38.2	  1	 -550.0	 1150.0	    0.0	    0.0	    0.3	1	   27.3	 21	 1300.7	   10.1	
 1531	 153.10	 -560.9	 1123.1	    8.4	  749.5	 1372.2	    0.0	  200.0	  742.9	 1316.0	    0.0	  200.0	  100.0	    0.0	    0.0	    0.0	    0.0	    0.3	   38.2	  1	 -550.0	 1150.0	    0.0	    0.0	    0.3	1	   27.3	 21	 1301.5	   10.2	
 1532	 153.20	 -560.9	 1123.1	    8.4	  749.5	 1372.2	    0.0	  200.0	  742.9	 1316.0	    0.0	  200.0	  100.0	    0.0	    0.0	    0.0	    0.0	    0.4	   38.3	  1	 -550.0	 1150.0	    0.0	    0.0	    0.4	1	   27.3	 21	 1302.3	   10.2	
 1533	 153.30	 -560.9	 1123.1	    8.4	  749.5	 1372.2	    0.0	  200.0	  742.9	 1316.0	    0.0	  200.0	  100.0	    0.0	    0.0	    0.0	    0.0	    0.4	   38.3	  1	 -550.0	 1150.0	    0.0	    0.0	    0.4	1	   27.3	 21	 1303.1	   10.3	
 1534	 153.40	 -560.9	 1123.1	    8.4	  749.5	 1372.2	    0.0	  200.0	  742.9	 1316.0	    0.0	  200.0	  100.0	    0.0	    0.0	    0.0	    0.0	    0.4	   38.3	  1	 -550.0	 1150.0	    0.0	    0.0	    0.4	1	   27.3	 21	 1303.9	   10.4	
 1535	 153.50	 -560.9	 1123.1	    8.4	  749.5	 1372.2	    0.0	  200.0	  742.9	 1316.0	    0.0	  200.0	  100.0	    0.0	    0.0	    0.0	    0.0	    0.4	   38.3	  1	 -550.0	 1150.0	    0.0	    0.0	    0.4	1	   27.3	 21	 1304.7	   10.5	
 1536	 153.60	 -560.9	 1123.1	    8.4	  749.5	 1372.2	    0.0	  200.0	  742.9	 1316.0	    0.0	  200.0	  100.0	    0.0	    0.0	    0.0	    0.0	    0.4	   38.3	  1	 -550.0	 1150.0	    0.0	    0.0	    0.4	1	   27.3	 21	 1305.4	   10.5	
 1537	 153.70	 -560.9	 1123.1	    8.4	  749.5	 1372.2	    0.0	  200.0	  742.9	 1316.0	    0.0	  200.0	  100.0	    0.0	    0.0	    0.0	    0.0	    0.4	   38.4	  1	 -550.0	 1150.0	    0.0	    0.0	    0.4	1	   27.3	 21	 1306.2	   10.6	
 1538	 153.80	 -560.9	 1123.1	    8.4	  749.5	 1372.2	    0.0	  200.0	  742.9	 1316.0	    0.0	  200.0	  100.0	    0.0	    0.0	    0.0	    0.0	    0.4	   38.4	  1	 -550.0	 1150.0	    0.0	    0.0	    0.4	1	   27.3	 21	 1306.9	   10.7	
 1539	 153.90	 -560.9	 1123.1	    8.4	  749.5	 1372.2	    0.0	  200.0	  742.9	 1316.0	    0.0	  200.0	  100.0	    0.0	    0.0	    0.0	    0.0	    0.4	   38.4	  1	 -550.0	 1150.0	    0.0	    0.0	    0.4	1	   27.3	 21	 1307.6	   10.8	
 1540	 154.00	 -560.9	 1123.1	    8.4	  749.5	 1372.2	    0.0	  200.0	  742.9	 1316.0	    0.0	  200.0	  100.0	    0.0	    0.0	    0.0	    0.0	    0.4	   38.4	  1	 -550.0	 1150.0	    0.0	    0.0	    0.4	1	   27.3	 21	 1308.4	   10.8	
 1541	 154.10	 -560.9	 1123.1	    8.4	  749.5	 1372.2	    0.0	  200.0	  742.9	 1316.0	    0.0	  200.0	  100.0	    0.0	    0.0	    0.0	    0.0	    0.4	   38.4	  1	 -550.0	 1150.0	    0.0	    0.0	    0.4	1	   27.3	 21	 1309.1	   10.9	
 1542	 154.20	 -560.9	 1123.1	    8.4	  749.5	 1372.2	    0.0	  200.0	  742.9	 1316.0	    0.0	  200.0	  100.0	    0.0	    0.0	    0.0	    0.0	    0.4	   38.5	  1	 -550.0	 1150.0	    0.0	    0.0	    0.4	1	   27.3	 21	 1309.8	   11.0	
 1543	 154.30	 -560.9	 1123.1	    8.4	  749.5	 1372.2	    0.0	  200.0	  742.9	 1316.0	    0.0	  200.0	  100.0	    0.0	    0.0	    0.0	    0.0	    0.4	   38.5	  1	 -550.0	 1150.0	    0.0	    0.0	    0.4	1	   27.3	 21	 1310.5	   11.1	
 1544	 154.40	 -560.9	 1123.1	    8.4	  749.5	 1372.2	    0.0	  200.0	  742.9	 1316.0	    0.0	  200.0	  100.0	    0.0	    0.0	    0.0	    0.0	    0.4	   38.5	  1	 -550.0	 1150.0	    0.0	    0.0	    0.4	1	   27.3	 21	 1311.2	   11.1	
 1545	 154.50	 -560.9	 1123.1	    8.4	  749.5	 1372.2	    0.0	  200.0	  742.9	 1316.0	    0.0	  200.0	  100.0	    0.0	    0.0	    0.0	    0.0	    0.4	   38.5	  1	 -550.0	 1150.0	    0.0	    0.0	    0.4	1	   27.3	 21	 1311.9	   11.2	
 1546	 154.60	 -560.9	 1123.1	    8.4	  749.5	 1372.2	    0.0	  200.0	  742.9	 1316.0	    0.0	  200.0	  100.0	    0.0	    0.0	    0.0	    0.0	    0.5	   38.6	  1	 -550.0	 1150.0	    0.0	    0.0	    0.5	1	   27.3	 21	 1312.6	   11.3	
 1547	 154.70	 -560.9	 1123.1	    8.4	  749.5	 1372.2	    0.0	  200.0	  742.9	 1316.0	    0.0	  200.0	  100.0	    0.0	    0.0	    0.0	    0.0	    0.5	   38.6	  1	 -550.0	 1150.0	    0.0	    0.0	    0.5	1	   27.3	 21	 1313.3	   11.3	
 1548	 154.80	 -560.9	 1123.1	    8.4	  749.5	 1372.2	    0.0	  200.0	  742.9	 1316.0	    0.0	  200.0	  100.0	    0.0	    0.0	    0.0	    0.0	    0.5	   38.6	  1	 -550.0	 1150.0	    0.0	    0.0	    0.5	1	   27.3	 21	 1313.9	   11.4	
 1549	 154.90	 -560.9	 1123.1	    8.4	  749.5	 1372.2	    0.0	  200.0	  742.9	 1316.0	    0.0	  200.0	  100.0	    0.0	    0.0	    0.0	    0.0	    0.5	   38.7	  1	 -550.0	 1150.0	    0.0	    0.0	    0.5	1	   27.3	 21	 1314.6	   11.5	
 1550	 155.00	 -560.9	 1123.1	    8.4	  749.5	 1372.2	    0.0	  200.0	  742.9	 1316.0	    0.0	  200.0	  100.0	    0.0	    0.0	    0.0	    0.0	    0.5	   38.7	  1	 -550.0	 1150.0	    0.0	    0.0	    0.5	1	   27.3	 21	 1315.3	   11.5	
 1551	 155.10	 -560.9	 1123.1	    8.4	  749.5	 1372.2	    0.0	  200.0	  742.9	 1316.0	    0.0	  200.0	  100.0	    0.0	    0.0	    0.0	    0.0	    0.5	   38.7	  1	 -550.0	 1150.0	    0.0	    0.0	    0.5	1	   27.3	 21	 1315.9	   11.6	
 1552	 155.20	 -560.9	 1123.1	    8.4	  749.5	 1372.2	    0.0	  200.0	  742.9	 1316.0	    0.0	  200.0	  100.0	    0.0	    0.0	    0.0	    0.0	    0.5	   38.7	  1	 -550.0	 1150.0	    0.0	    0.0	    0.5	1	   27.3	 21	 1316.6	   11.7	
 1553	 155.30	 -560.9	 1123.1	    8.4	  749.5	 1372.2	    0.0	  200.0	  742.9	 1316.0	    0.0	  200.0	  100.0	    0.0	    0.0	    0.0	    0.0	    0.5	   38.8	  1	 -550.0	 1150.0	    0.0	    0.0	    0.5	1	   27.3	 21	 1317.2	   11.7	
 1554	 155.40	 -560.9	 1123.1	    8.4	  749.5	 1372.2	    0.0	  200.0	  742.9	 1316.0	    0.0	  200.0	  100.0	    0.0	    0.0	    0.0	    0.0	    0.5	   38.8	  1	 -550.0	 1150.0	    0.0	    0.0	    0.5	1	   27.3	 21	 1317.8	   11.8	
 1555	 155.50	 -560.9	 1123.1	    8.4	  749.5	 1372.2	    0.0	  200.0	  742.9	 1316.0	    0.0	  200.0	  100.0	    0.0	    0.0	    0.0	    0.0	    0.5	   38.8	  1	 -550.0	 1150.0	    0.0	    0.0	    0.5	1	   27.3	 21	 1318.5	   11.8	
 1556	 155.60	 -560.9	 1123.1	    8.4	  749.5	 1372.2	    0.0	  200.0	  742.9	 1316.0	    0.0	  200.0	  100.0	    0.0	    0.0	    0.0	    0.0	    0.5	   38.9	  1	 -550.0	 1150.0	    0.0	    0.0	    0.5	1	   27.3	 21	 1319.1	   11.9	
 1557	 155.70	 -560.9	 1123.1	    8.4	  749.5	 1372.2	    0.0	  200.0	  742.9	 1316.0	    0.0	  200.0	  100.0	    0.0	    0.0	    0.0	    0.0	    0.5	   38.9	  1	 -550.0	 1150.0	    0.0	    0.0	    0.5	1	   27.3	 21	 1319.7	   12.0	
 1558	 155.80	 -560.9	 1123.1	    8.4	  749.5	 1372.2	    0.0	  200.0	  742.9	 1316.0	    0.0	  200.0	  100.0	    0.0	    0.0	    0.0	    0.0	    0.5	   38.9	  1	 -550.0	 1150.0	    0.0	    0.0	    0.5	1	   27.3	 21	 1320.3	   12.0	
 1559	 155.90	 -560.9	 1123.1	    8.4	  749.5	 1372.2	    0.0	  200.0	  742.9	 1316.0	    0.0	  200.0	  100.0	    0.0	    0.0	    0.0	    0.0	    0.5	   39.0	  1	 -550.0	 1150.0	    0.0	    0.0	    0.5	1	   27.3	 21	 1320.9	   12.1	
 1560	 156.00	 -560.9	 1123.1	    8.4	  749.5	 1372.2	    0.0	  200.0	  742.9	 1316.0	    0.0	  200.0	  100.0	    0.0	    0.0	    0.0	    0.0	    0.6	   39.0	  1	 -550.0	 1150.0	    0.0	    0.0	    0.6	1	   27.3	 21	 1321.5	   12.2	
 1561	 156.10	 -560.9	 1123.1	    8.4	  749.5	 1372.2	    0.0	  200.0	  742.9	 1316.0	    0.0	  200.0	  100.0	    0.0	    0.0	    0.0	    0.0	    0.6	   39.0	  1	 -550.0	 1150.0	    0.0	    0.0	    0.6	1	   27.3	 21	 1322.1	   12.2	
 1562	 156.20	 -560.9	 1123.1	    8.4	  749.5	 1372.2	    0.0	  200.0	  742.9	 1316.0	    0.0	  200.0	  100.0	    0.0	    0.0	    0.0	    0.0	    0.6	   39.1	  1	 -550.0	 1150.0	    0.0	    0.0	    0.6	1	   27.3	 21	 1322.7	   12.3	
 1563	 156.30	 -560.9	 1123.1	    8.4	  749.5	 1372.2	    0.0	  200.0	  742.9	 1316.0	    0.0	  200.0	  100.0	    0.0	    0.0	    0.0	    0.0	    0.6	   39.1	  1	 -550.0	 1150.0	    0.0	    0.0	    0.6	1	   27.3	 21	 1323.3	   12.3	
 1564	 156.40	 -560.9	 1123.1	    8.4	  749.5	 1372.2	    0.0	  200.0	  742.9	 1316.0	    0.0	  200.0	  100.0	    0.0	    0.0	    0.0	    0.0	    0.6	   39.1	  1	 -550.0	 1150.0	    0.0	    0.0	    0.6	1	   27.3	 21	 1323.9	   12.4	
 1565	 156.50	 -560.9	 1123.1	    8.4	  749.5	 1372.2	    0.0	  200.0	  742.9	 1316.0	    0.0	  200.0	  100.0	    0.0	    0.0	    0.0	    0.0	    0.6	   39.2	  1	 -550.0	 1150.0	    0.0	    0.0	    0.6	1	   27.3	 21	 1324.4	   12.4	
 1566	 156.60	 -560.9	 1123.1	    8.4	  749.5	 1372.2	    0.0	  200.0	  742.9	 1316.0	    0.0	  200.0	  100.0	    0.0	    0.0	    0.0	    0.0	    0.6	   39.2	  1	 -550.0	 1150.0	    0.0	    0.0	    0.6	1	   27.3	 21	 1325.0	   12.5	
 1567	 156.70	 -560.9	 1123.1	    8.4	  749.5	 1372.2	    0.0	  200.0	  742.9	 1316.0	    0.0	  200.0	  100.0	    0.0	    0.0	    0.0	    0.0	    0.6	   39.2	  1	 -550.0	 1150.0	    0.0	    0.0	    0.6	1	   27.3	 21	 1325.6	   12.6	
 1568	 156.80	 -560.9	 1123.1	    8.4	  749.5	 1372.2	    0.0	  200.0	  742.9	 1316.0	    0.0	  200.0	  100.0	    0.0	    0.0	    0.0	    0.0	    0.6	   39.3	  1	 -550.0	 1150.0	    0.0	    0.0	    0.6	1	   27.3	 21	 1326.1	   12.6	
 1569	 156.90	 -560.9	 1123.1	    8.4	  749.5	 1372.2	    0.0	  200.0	  742.9	 1316.0	    0.0	  200.0	  100.0	    0.0	    0.0	    0.0	    0.0	    0.6	   39.3	  1	 -550.0	 1150.0	    0.0	    0.0	    0.6	1	   27.3	 21	 1326.7	   12.7	
 1570	 157.00	 -560.9	 1123.1	    8.4	  749.5	 1372.2	    0.0	  200.0	  742.9	 1316.0	    0.0	  200.0	  100.0	    0.0	    0.0	    0.0	    0.0	    0.6	   39.3	  1	 -550.0	 1150.0	    0.0	    0.0	    0.6	1	   27.3	 21	 1327.2	   12.7	
 1571	 157.10	 -560.9	 1123.1	    8.4	  749.5	 1372.2	    0.0	  200.0	  742.9	 1316.0	    0.0	  200.0	  100.0	    0.0	    0.0	    0.0	    0.0	    0.6	   39.4	  1	 -550.0	 1150.0	    0.0	    0.0	    0.6	1	   27.3	 21	 1327.7	   12.8	
 1572	 157.20	 -560.9	 1123.1	    8.4	  749.5	 1372.2	    0.0	  200.0	  742.9	 1316.0	    0.0	  200.0	  100.0	    0.0	    0.0	    0.0	    0.0	    0.6	   39.4	  1	 -550.0	 1150.0	    0.0	    0.0	    0.6	1	   27.3	 21	 1328.3	   12.8	
 1573	 157.30	 -560.9	 1123.1	    8.4	  749.5	 1372.2	    0.0	  200.0	  742.9	 1316.0	    0.0	  200.0	  100.0	    0.0	    0.0	    0.0	    0.0	    0.7	   39.4	  1	 -550.0	 1150.0	    0.0	    0.0	    0.7	1	   27.3	 21	 1328.8	   12.9	
 1574	 157.40	 -560.9	 1123.1	    8.4	  749.5	 1372.2	    0.0	  200.0	  742.9	 1316.0	    0.0	  200.0	  100.0	    0.0	    0.0	    0.0	    0.0	    0.7	   39.5	  1	 -550.0	 1150.0	    0.0	    0.0	    0.7	1	   27.3	 21	 1329.3	   12.9	
 1575	 157.50	 -560.9	 1123.1	    8.4	  749.5	 1372.2	    0.0	  200.0	  742.9	 1316.0	    0.0	  200.0	  100.0	    0.0	    0.0	    0.0	    0.0	    0.7	   39.5	  1	 -550.0	 1150.0	    0.0	    0.0	    0.7	1	   27.3	 21	 1329.9	   13.0	
 1576	 157.60	 -560.9	 1123.1	    8.4	  749.5	 1372.2	    0.0	  200.0	  742.9	 1316.0	    0.0	  200.0	  100.0	    0.0	    0.0	    0.0	    0.0	    0.7	   39.6	  1	 -550.0	 1150.0	    0.0	    0.0	    0.7	1	   27.3	 21	 1330.4	   13.0	
 1577	 157.70	 -560.9	 1123.1	    8.4	  749.5	 1372.2	    0.0	  200.0	  742.9	 1316.0	    0.0	  200.0	  100.0	    0.0	    0.0	    0.0	    0.0	    0.7	   39.6	  1	 -550.0	 1150.0	    0.0	    0.0	    0.7	1	   27.3	 21	 1330.9	   13.1	
 1578	 157.80	 -560.9	 1123.1	    8.4	  749.5	 1372.2	    0.0	  200.0	  742.9	 1316.0	    0.0	  200.0	  100.0	    0.0	    0.0	    0.0	    0.0	    0.7	   39.6	  1	 -550.0	 1150.0	    0.0	    0.0	    0.7	1	   27.3	 21	 1331.4	   13.1	
 1579	 157.90	 -560.9	 1123.1	    8.4	  749.5	 1372.2	    0.0	  200.0	  742.9	 1316.0	    0.0	  200.0	  100.0	    0.0	    0.0	    0.0	    0.0	    0.7	   39.7	  1	 -550.0	 1150.0	    0.0	    0.0	    0.7	1	   27.3	 21	 1331.9	   13.2	
 1580	 158.00	 -560.9	 1123.1	    8.4	  749.5	 1372.2	    0.0	  200.0	  742.9	 1316.0	    0.0	  200.0	  100.0	    0.0	    0.0	    0.0	    0.0	    0.7	   39.7	  1	 -550.0	 1150.0	    0.0	    0.0	    0.7	1	   27.3	 21	 1332.4	   13.2	
 1581	 158.10	 -560.9	 1123.1	    8.4	  749.5	 1372.2	    0.0	  200.0	  742.9	 1316.0	    0.0	  200.0	  100.0	    0.0	    0.0	    0.0	    0.0	    0.7	   39.7	  1	 -550.0	 1150.0	    0.0	    0.0	    0.7	1	   27.3	 21	 1332.9	   13.3	
 1582	 158.20	 -560.9	 1123.1	    8.4	  749.5	 1372.2	    0.0	  200.0	  742.9	 1316.0	    0.0	  200.0	  100.0	    0.0	    0.0	    0.0	    0.0	    0.7	   39.8	  1	 -550.0	 1150.0	    0.0	    0.0	    0.7	1	   27.3	 21	 1333.4	   13.3	
 1583	 158.30	 -560.9	 1123.1	    8.4	  749.5	 1372.2	    0.0	  200.0	  742.9	 1316.0	    0.0	  200.0	  100.0	    0.0	    0.0	    0.0	    0.0	    0.7	   39.8	  1	 -350.0	 1950.0	    0.0	    0.0	    0.7	1	  294.6	 21	 1333.9	   13.4	
 1584	 158.40	 -565.5	 1147.1	  100.9	  749.5	 1372.2	    0.0	  200.0	  742.9	 1316.0	    0.0	  200.0	  100.0	    0.0	    0.0	    0.0	    0.0	    0.7	   39.8	  1	 -350.0	 1950.0	    0.0	    0.0	    0.7	1	  294.3	 21	 1334.3	   13.4	
 1585	 158.50	 -575.8	 1211.9	   99.0	  749.5	 1372.2	    0.0	  200.0	  742.9	 1316.0	    0.0	  200.0	  100.0	    0.0	    0.0	    0.0	    0.0	    0.7	   39.9	  1	 -350.0	 1950.0	    0.0	    0.0	    0.7	1	  293.8	 21	 1334.7	   13.5	
 1586	 158.60	 -580.7	 1281.5	   93.3	  749.5	 1372.2	    0.0	  200.0	  742.9	 1316.0	    0.0	  200.0	  100.0	    0.0	    0.0	    0.0	    0.0	    0.7	   39.9	  1	 -350.0	 1950.0	    0.0	    0.0	    0.7	1	  293.8	 21	 1335.0	   13.5	
 1587	 158.70	 -578.4	 1350.2	   87.6	  749.5	 1372.2	    0.0	  200.0	  742.9	 1316.0	    0.0	  200.0	  100.0	    0.0	    0.0	    0.0	    0.0	    0.7	   39.9	  1	 -350.0	 1950.0	    0.0	    0.0	    0.7	1	  294.1	 21	 1335.2	   13.5	
 1588	 158.80	 -569.9	 1419.0	   82.5	  749.5	 1372.2	    0.0	  200.0	  742.9	 1316.0	    0.0	  200.0	  100.0	    0.0	    0.0	    0.0	    0.0	    0.7	   40.0	  1	 -350.0	 1950.0	    0.0	    0.0	    0.7	1	  294.9	 21	 1335.3	   13.5	
 1589	 158.90	 -556.4	 1484.4	   77.9	  749.5	 1372.2	    0.0	  200.0	  742.9	 1316.0	    0.0	  200.0	  100.0	    0.0	    0.0	    0.0	    0.0	    0.7	   39.9	  1	 -350.0	 2050.0	    0.0	    0.0	    0.7	1	  295.1	 21	 1335.3	   13.5	
 1590	 159.00	 -541.8	 1556.4	   78.6	  749.5	 1372.2	    0.0	  200.0	  742.9	 1316.0	    0.0	  200.0	  100.0	    0.0	    0.0	    0.0	    0.0	    0.7	   39.9	  1	 -350.0	 2050.0	    0.0	    0.0	    0.7	1	  296.3	 21	 1335.2	   13.5	
 1591	 159.10	 -524.2	 1622.2	   74.7	  749.5	 1372.2	    0.0	  200.0	  742.9	 1316.0	    0.0	  200.0	  100.0	    0.0	    0.0	    0.0	    0.0	    0.7	   39.9	  1	 -350.0	 2050.0	    0.0	    0.0	    0.7	1	  297.3	 21	 1335.1	   13.5	
 1592	 159.20	 -502.5	 1689.7	   71.8	  749.5	 1372.2	    0.0	  200.0	  742.9	 1316.0	    0.0	  200.0	  100.0	    0.0	    0.0	    0.0	    0.0	    0.7	   39.8	  1	 -350.0	 2050.0	    0.0	    0.0	    0.7	1	  298.1	 21	 1334.8	   13.5	
 1593	 159.30	 -477.6	 1756.1	   69.2	  749.5	 1372.2	    0.0	  200.0	  742.9	 1316.0	    0.0	  200.0	  100.0	    0.0	    0.0	    0.0	    0.0	    0.7	   39.7	  1	 -350.0	 2050.0	    0.0	    0.0	    0.7	1	  290.9	 21	 1334.4	   13.4	
 1594	 159.40	 -450.3	 1820.9	   66.8	  749.5	 1372.2	    0.0	  200.0	  742.9	 1316.0	    0.0	  200.0	  100.0	    0.0	    0.0	    0.0	    0.0	    0.7	   39.6	  1	 -250.0	 2150.0	    0.0	    0.0	    0.7	1	  299.5	 21	 1334.0	   13.4	
 1595	 159.50	 -416.8	 1884.0	   61.4	  749.5	 1372.2	    0.0	  200.0	  742.9	 1316.0	    0.0	  200.0	  100.0	    0.0	    0.0	    0.0	    0.0	    0.7	   39.6	  1	 -350.0	 1950.0	    0.0	    0.0	    0.7	1	   81.9	 21	 1333.5	   13.3	
 1596	 159.60	 -414.0	 1889.1	   44.6	  749.5	 1372.2	    0.0	  200.0	  742.9	 1316.0	    0.0	  200.0	  100.0	    0.0	    0.0	    0.0	    0.0	    0.7	   39.5	  1	 -350.0	 1950.0	    0.0	    0.0	    0.7	1	   79.5	 21	 1332.9	   13.3	
 1597	 159.70	 -414.0	 1889.1	   43.6	  749.5	 1372.2	    0.0	  200.0	  742.9	 1316.0	    0.0	  200.0	  100.0	    0.0	    0.0	    0.0	    0.0	    0.7	   39.4	  1	 -350.0	 1950.0	    0.0	    0.0	    0.7	1	   79.5	 21	 1332.3	   13.2	
 1598	 159.80	 -414.0	 1889.1	   43.6	  749.5	 1372.2	    0.0	  200.0	  742.9	 1316.0	    0.0	  200.0	  100.0	    0.0	    0.0	    0.0	    0.0	    0.7	   39.4	  1	 -350.0	 1950.0	    0.0	    0.0	    0.7	1	   79.5	 21	 1331.8	   13.2	
 1599	 159.90	 -414.0	 1889.1	   43.6	  749.5	 1372.2	    0.0	  200.0	  742.9	 1316.0	    0.0	  200.0	  100.0	    0.0	    0.0	    0.0	    0.0	    0.7	   39.4	  1	 -350.0	 1950.0	    0.0	    0.0	    0.7	1	   79.5	 21	 1331.2	   13.1	
 1600	 160.00	 -414.0	 1889.1	   43.6	  749.5	 1372.2	    0.0	  200.0	  742.9	 1316.0	    0.0	  200.0	  100.0	    0.0	    0.0	    0.0	    0.0	    0.7	   39.4	  1	 -350.0	 1950.0	    0.0	    0.0	    0.7	1	   79.5	 21	 1330.6	   13.1	
 1601	 160.10	 -414.0	 1889.1	   43.6	  749.5	 1372.2	    0.0	  200.0	  742.9	 1316.0	    0.0	  200.0	  100.0	    0.0	    0.0	    0.0	    0.0	    0.7	   39.4	  1	 -350.0	 1950.0	    0.0	    0.0	    0.7	1	   79.5	 21	 1330.0	   13.0	
 1602	 160.20	 -414.0	 1889.1	   43.6	  749.5	 1372.2	    0.0	  200.0	  742.9	 1316.0	    0.0	  200.0	  100.0	    0.0	    0.0	    0.0	    0.0	    0.7	   39.4	  1	 -350.0	 1950.0	    0.0	    0.0	    0.7	1	   79.5	 21	 1329.5	   12.9	
 1603	 160.30	 -414.0	 1889.1	   43.6	  749.5	 1372.2	    0.0	  200.0	  742.9	 1316.0	    0.0	  200.0	  100.0	    0.0	    0.0	    0.0	    0.0	    0.7	   39.4	  1	 -350.0	 1950.0	    0.0	    0.0	    0.7	1	   79.5	 21	 1328.9	   12.9	
 1604	 160.40	 -414.0	 1889.1	   43.6	  749.5	 1372.2	    0.0	  200.0	  742.9	 1316.0	    0.0	  200.0	  100.0	    0.0	    0.0	    0.0	    0.0	    0.6	   39.4	  1	 -350.0	 1950.0	    0.0	    0.0	    0.6	1	   79.5	 21	 1328.3	   12.8	
 1605	 160.50	 -414.0	 1889.1	   43.6	  749.5	 1372.2	    0.0	  200.0	  742.9	 1316.0	    0.0	  200.0	  100.0	    0.0	    0.0	    0.0	    0.0	    0.6	   39.4	  1	 -350.0	 1950.0	    0.0	    0.0	    0.6	1	   79.5	 21	 1327.7	   12.8	
 1606	 160.60	 -414.0	 1889.1	   43.6	  749.5	 1372.2	    0.0	  200.0	  742.9	 1316.0	    0.0	  200.0	  100.0	    0.0	    0.0	    0.0	    0.0	    0.6	   39.5	  1	 -350.0	 1950.0	    0.0	    0.0	    0.6	1	   79.5	 21	 1327.0	   12.7	
 1607	 160.70	 -414.0	 1889.1	   43.6	  749.5	 1372.2	    0.0	  200.0	  742.9	 1316.0	    0.0	  200.0	  100.0	    0.0	    0.0	    0.0	    0.0	    0.6	   39.5	  1	 -350.0	 1950.0	    0.0	    0.0	    0.6	1	   79.5	 21	 1326.4	   12.6	
 1608	 160.80	 -414.0	 1889.1	   43.6	  749.5	 1372.2	    0.0	  200.0	  742.9	 1316.0	    0.0	  200.0	  100.0	    0.0	    0.0	    0.0	    0.0	    0.6	   39.5	  1	 -450.0	 1850.0	    0.0	    0.0	    0.6	1	   45.6	 21	 1325.8	   12.6	
 1609	 160.90	 -414.0	 1889.1	 -132.6	  749.5	 1372.2	    0.0	  200.0	  742.9	 1316.0	    0.0	  200.0	  100.0	    0.0	    0.0	    0.0	    0.0	    0.6	   39.5	  1	 -450.0	 1850.0	    0.0	    0.0	    0.6	1	   45.6	 21	 1325.2	   12.5	
 1610	 161.00	 -414.0	 1889.1	 -132.6	  749.5	 1372.2	    0.0	  200.0	  742.9	 1316.0	    0.0	  200.0	  100.0	    0.0	    0.0	    0.0	    0.0	    0.6	   39.6	  1	 -450.0	 1850.0	    0.0	    0.0	    0.6	1	   45.6	 21	 1324.5	   12.5	
 1611	 161.10	 -414.0	 1889.1	 -132.6	  749.5	 1372.2	    0.0	  200.0	  742.9	 1316.0	    0.0	  200.0	  100.0	    0.0	    0.0	    0.0	    0.0	    0.6	   39.6	  1	 -450.0	 1850.0	    0.0	    0.0	    0.6	1	   45.6	 21	 1323.9	   12.4	
 1612	 161.20	 -414.0	 1889.1	 -132.6	  749.5	 1372.2	    0.0	  200.0	  742.9	 1316.0	    0.0	  200.0	  100.0	    0.0	    0.0	    0.0	    0.0	    0.6	   39.6	  1	 -450.0	 1850.0	    0.0	    0.0	    0.6	1	   45.6	 21	 1323.2	   12.3	
 1613	 161.30	 -414.0	 1889.1	 -132.6	  749.5	 1372.2	    0.0	  200.0	  742.9	 1316.0	    0.0	  200.0	  100.0	    0.0	    0.0	    0.0	    0.0	    0.6	   39.6	  1	 -450.0	 1850.0	    0.0	    0.0	    0.6	1	   45.6	 21	 1322.6	   12.3	
 1614	 161.40	 -414.0	 1889.1	 -132.6	  749.5	 1372.2	    0.0	  200.0	  742.9	 1316.0	    0.0	  200.0	  100.0	    0.0	    0.0	    0.0	    0.0	    0.6	   39.7	  1	 -450.0	 1850.0	    0.0	    0.0	    0.6	1	   45.6	 21	 1321.9	   12.2	
 1615	 161.50	 -414.0	 1889.1	 -132.6	  749.5	 1372.2	    0.0	  200.0	  742.9	 1316.0	    0.0	  200.0	  100.0	    0.0	    0.0	    0.0	    0.0	    0.6	   39.7	  1	 -450.0	 1850.0	    0.0	    0.0	    0.6	1	   45.6	 21	 1321.2	   12.1	
 1616	 161.60	 -414.0	 1889.1	 -132.6	  749.5	 1372.2	    0.0	  200.0	  742.9	 1316.0	    0.0	  200.0	  100.0	    0.0	    0.0	    0.0	    0.0	    0.5	   39.7	  1	 -450.0	 1850.0	    0.0	    0.0	    0.5	1	   45.6	 21	 1320.6	   12.1	
 1617	 161.70	 -414.0	 1889.1	 -132.6	  749.5	 1372.2	    0.0	  200.0	  742.9	 1316.0	    0.0	  200.0	  100.0	    0.0	    0.0	    0.0	    0.0	    0.5	   39.8	  1	 -450.0	 1850.0	    0.0	    0.0	    0.5	1	   45.6	 21	 1319.9	   12.0	
 1618	 161.80	 -414.0	 1889.1	 -132.6	  749.5	 1372.2	    0.0	  200.0	  742.9	 1316.0	    0.0	  200.0	  100.0	    0.0	    0.0	    0.0	    0.0	    0.5	   39.8	  1	 -450.0	 1850.0	    0.0	    0.0	    0.5	1	   45.6	 21	 1319.2	   11.9	
 1619	 161.90	 -414.0	 1889.1	 -132.6	  749.5	 1372.2	    0.0	  200.0	  742.9	 1316.0	    0.0	  200.0	  100.0	    0.0	    0.0	    0.0	    0.0	    0.5	   39.8	  1	 -450.0	 1850.0	    0.0	    0.0	    0.5	1	   45.6	 21	 1318.5	   11.8	
 1620	 162.00	 -414.0	 1889.1	 -132.6	  749.5	 1372.2	    0.0	  200.0	  742.9	 1316.0	    0.0	  200.0	  100.0	    0.0	    0.0	    0.0	    0.0	    0.5	   39.9	  1	 -450.0	 1850.0	    0.0	    0.0	    0.5	1	   45.6	 21	 1317.8	   11.8	
 1621	 162.10	 -414.0	 1889.1	 -132.6	  749.5	 1372.2	    0.0	  200.0	  742.9	 1316.0	    0.0	  200.0	  100.0	    0.0	    0.0	    0.0	    0.0	    0.5	   39.9	  1	 -450.0	 1850.0	    0.0	    0.0	    0.5	1	   45.6	 21	 1317.1	   11.7	
 1622	 162.20	 -414.0	 1889.1	 -132.6	  749.5	 1372.2	    0.0	  200.0	  742.9	 1316.0	    0.0	  200.0	  100.0	    0.0	    0.0	    0.0	    0.0	    0.5	   39.9	  1	 -450.0	 1850.0	    0.0	    0.0	    0.5	1	   45.6	 21	 1316.3	   11.6	
 1623	 162.30	 -414.0	 1889.1	 -132.6	  749.5	 1372.2	    0.0	  200.0	  742.9	 1316.0	    0.0	  200.0	  100.0	    0.0	    0.0	    0.0	    0.0	    0.5	   40.0	  1	 -450.0	 1850.0	    0.0	    0.0	    0.5	1	   45.6	 21	 1315.6	   11.6	
 1624	 162.40	 -414.0	 1889.1	 -132.6	  749.5	 1372.2	    0.0	  200.0	  742.9	 1316.0	    0.0	  200.0	  100.0	    0.0	    0.0	    0.0	    0.0	    0.5	   40.0	  1	 -450.0	 1850.0	    0.0	    0.0	    0.5	1	   45.6	 21	 1314.9	   11.5	
 1625	 162.50	 -414.0	 1889.1	 -132.6	  749.5	 1372.2	    0.0	  200.0	  742.9	 1316.0	    0.0	  200.0	  100.0	    0.0	    0.0	    0.0	    0.0	    0.5	   40.0	  1	 -450.0	 1850.0	    0.0	    0.0	    0.5	1	   45.6	 21	 1314.1	   11.4	
 1626	 162.60	 -414.0	 1889.1	 -132.6	  749.5	 1372.2	    0.0	  200.0	  742.9	 1316.0	    0.0	  200.0	  100.0	    0.0	    0.0	    0.0	    0.0	    0.5	   40.1	  1	 -450.0	 1850.0	    0.0	    0.0	    0.5	1	   45.6	 21	 1313.4	   11.3	
 1627	 162.70	 -414.0	 1889.1	 -132.6	  749.5	 1372.2	    0.0	  200.0	  742.9	 1316.0	    0.0	  200.0	  100.0	    0.0	    0.0	    0.0	    0.0	    0.5	   40.1	  1	 -450.0	 1850.0	    0.0	    0.0	    0.5	1	   45.6	 21	 1312.6	   11.3	
 1628	 162.80	 -414.0	 1889.1	 -132.6	  749.5	 1372.2	    0.0	  200.0	  742.9	 1316.0	    0.0	  200.0	  100.0	    0.0	    0.0	    0.0	    0.0	    0.4	   40.2	  1	 -450.0	 1850.0	    0.0	    0.0	    0.4	1	   45.6	 21	 1311.8	   11.2	
 1629	 162.90	 -414.0	 1889.1	 -132.6	  749.5	 1372.2	    0.0	  200.0	  742.9	 1316.0	    0.0	  200.0	  100.0	    0.0	    0.0	    0.0	    0.0	    0.4	   40.2	  1	 -450.0	 1850.0	    0.0	    0.0	    0.4	1	   45.6	 21	 1311.1	   11.1	
 1630	 163.00	 -414.0	 1889.1	 -132.6	  749.5	 1372.2	    0.0	  200.0	  742.9	 1316.0	    0.0	  200.0	  100.0	    0.0	    0.0	    0.0	    0.0	    0.4	   40.2	  1	 -450.0	 1850.0	    0.0	    0.0	    0.4	1	   45.6	 21	 1310.3	   11.0	
 1631	 163.10	 -414.0	 1889.1	 -132.6	  749.5	 1372.2	    0.0	  200.0	  742.9	 1316.0	    0.0	  200.0	  100.0	    0.0	    0.0	    0.0	    0.0	    0.4	   40.3	  1	 -450.0	 1850.0	    0.0	    0.0	    0.4	1	   45.6	 21	 1309.5	   10.9	
 1632	 163.20	 -414.0	 1889.1	 -132.6	  749.5	 1372.2	    0.0	  200.0	  742.9	 1316.0	    0.0	  200.0	  100.0	    0.0	    0.0	    0.0	    0.0	    0.4	   40.3	  1	 -450.0	 1850.0	    0.0	    0.0	    0.4	1	   45.6	 21	 1308.7	   10.9	
 1633	 163.30	 -414.0	 1889.1	 -132.6	  749.5	 1372.2	    0.0	  200.0	  742.9	 1316.0	    0.0	  200.0	  100.0	    0.0	    0.0	    0.0	    0.0	    0.4	   40.3	  1	 -450.0	 1850.0	    0.0	    0.0	    0.4	1	   45.6	 21	 1307.8	   10.8	
 1634	 163.40	 -414.0	 1889.1	 -132.6	  749.5	 1372.2	    0.0	  200.0	  742.9	 1316.0	    0.0	  200.0	  100.0	    0.0	    0.0	    0.0	    0.0	    0.4	   40.4	  1	 -450.0	 1850.0	    0.0	    0.0	    0.4	1	   45.6	 21	 1307.0	   10.7	
 1635	 163.50	 -414.0	 1889.1	 -132.6	  749.5	 1372.2	    0.0	  200.0	  742.9	 1316.0	    0.0	  200.0	  100.0	    0.0	    0.0	    0.0	    0.0	    0.4	   40.4	  1	 -450.0	 1850.0	    0.0	    0.0	    0.4	1	   45.6	 21	 1306.2	   10.6	
 1636	 163.60	 -414.0	 1889.1	 -132.6	  749.5	 1372.2	    0.0	  200.0	  742.9	 1316.0	    0.0	  200.0	  100.0	    0.0	    0.0	    0.0	    0.0	    0.4	   40.5	  1	 -450.0	 1850.0	    0.0	    0.0	    0.4	1	   45.6	 21	 1305.3	   10.5	
 1637	 163.70	 -414.0	 1889.1	 -132.6	  749.5	 1372.2	    0.0	  200.0	  742.9	 1316.0	    0.0	  200.0	  100.0	    0.0	    0.0	    0.0	    0.0	    0.4	   40.5	  1	 -450.0	 1850.0	    0.0	    0.0	    0.4	1	   45.6	 21	 1304.5	   10.4	
 1638	 163.80	 -414.0	 1889.1	 -132.6	  749.5	 1372.2	    0.0	  200.0	  742.9	 1316.0	    0.0	  200.0	  100.0	    0.0	    0.0	    0.0	    0.0	    0.4	   40.5	  1	 -450.0	 1850.0	    0.0	    0.0	    0.4	1	   45.6	 21	 1303.6	   10.4	
 1639	 163.90	 -414.0	 1889.1	 -132.6	  749.5	 1372.2	    0.0	  200.0	  742.9	 1316.0	    0.0	  200.0	  100.0	    0.0	    0.0	    0.0	    0.0	    0.4	   40.6	  1	 -450.0	 1850.0	    0.0	    0.0	    0.4	1	   45.6	 21	 1302.7	   10.3	
 1640	 164.00	 -414.0	 1889.1	 -132.6	  749.5	 1372.2	    0.0	  200.0	  742.9	 1316.0	    0.0	  200.0	  100.0	    0.0	    0.0	    0.0	    0.0	    0.3	   40.6	  1	 -450.0	 1850.0	    0.0	    0.0	    0.3	1	   45.6	 21	 1301.8	   10.2	
 1641	 164.10	 -414.0	 1889.1	 -132.6	  749.5	 1372.2	    0.0	  200.0	  742.9	 1316.0	    0.0	  200.0	  100.0	    0.0	    0.0	    0.0	    0.0	    0.3	   40.7	  1	 -550.0	 1050.0	    0.0	    0.0	    0.3	1	  300.1	 21	 1300.9	   10.1	
 1642	 164.20	 -433.7	 1836.7	 -110.6	  749.5	 1372.2	    0.0	  200.0	  742.9	 1316.0	    0.0	  200.0	  100.0	    0.0	    0.0	    0.0	    0.0	    0.3	   40.7	  1	 -550.0	 1050.0	    0.0	    0.0	    0.3	1	  300.1	 21	 1300.2	   10.0	
 1643	 164.30	 -459.7	 1767.5	 -110.6	  749.5	 1372.2	    0.0	  200.0	  742.9	 1316.0	    0.0	  200.0	  100.0	    0.0	    0.0	    0.0	    0.0	    0.3	   40.7	  1	 -550.0	  950.0	    0.0	    0.0	    0.3	1	  300.1	 21	    0.0	   10.0	
 1644	 164.40	 -485.1	 1698.0	 -110.0	  749.5	 1372.2	    0.0	  200.0	  742.9	 1316.0	    0.0	  200.0	  100.0	    0.0	    0.0	    0.0	    0.0	    0.3	   40.7	  1	 -550.0	  950.0	    0.0	    0.0	    0.3	1	  300.1	 21	    0.0	    9.9	
 1645	 164.50	 -508.2	 1632.0	 -109.3	  749.5	 1372.2	    0.0	  200.0	  742.9	 1316.0	    0.0	  200.0	  100.0	    0.0	    0.0	    0.0	    0.0	    0.3	   40.8	  1	 -550.0	  950.0	    0.0	    0.0	    0.3	1	  299.8	 21	    0.0	    9.9	
 1646	 164.60	 -531.3	 1562.5	 -108.2	  749.5	 1372.2	    0.0	  200.0	  742.9	 1316.0	    0.0	  200.0	  100.0	    0.0	    0.0	    0.0	    0.0	    0.3	   40.8	  1	 -450.0	  850.0	    0.0	    0.0	    0.3	1	  299.8	 21	    0.0	    9.9	
 1647	 164.70	 -547.3	 1492.3	 -102.1	  749.5	 1372.2	    0.0	  200.0	  742.9	 1316.0	    0.0	  200.0	  100.0	    0.0	    0.0	    0.0	    0.0	    0.3	   40.7	  1	 -450.0	  850.0	    0.0	    0.0	    0.3	1	  299.6	 21	    0.0	    9.9	
 1648	 164.80	 -560.2	 1424.3	 -100.6	  749.5	 1372.2	    0.0	  200.0	  742.9	 1316.0	    0.0	  200.0	  100.0	    0.0	    0.0	    0.0	    0.0	    0.3	   40.7	  1	 -450.0	  850.0	    0.0	    0.0	    0.3	1	  299.3	 21	    0.0	    9.9	
 1649	 164.90	 -571.2	 1352.4	  -98.5	  749.5	 1372.2	    0.0	  200.0	  742.9	 1316.0	    0.0	  200.0	  100.0	    0.0	    0.0	    0.0	    0.0	    0.3	   40.7	  1	 -450.0	  850.0	    0.0	    0.0	    0.3	1	  298.7	 21	    0.0	    9.9	
 1650	 165.00	 -578.6	 1280.4	  -95.4	  749.5	 1372.2	    0.0	  200.0	  742.9	 1316.0	    0.0	  200.0	  100.0	    0.0	    0.0	    0.0	    0.0	    0.3	   40.7	  1	 -550.0	 1250.0	    0.0	    0.0	    0.3	1	   39.9	 21	    0.0	   10.0	
 1651	 165.10	 -579.1	 1274.6	    1.5	  749.5	 1372.2	    0.0	  200.0	  742.9	 1316.0	    0.0	  200.0	  100.0	    0.0	    0.0	    0.0	    0.0	    0.3	   40.7	  1	 -550.0	 1250.0	    0.0	    0.0	    0.3	1	   31.8	 21	 1300.0	   10.0	
 1652	 165.20	 -579.1	 1274.6	    1.8	  749.5	 1372.2	    0.0	  200.0	  742.9	 1316.0	    0.0	  200.0	  100.0	    0.0	    0.0	    0.0	    0.0	    0.3	   40.7	  1	 -550.0	 1250.0	    0.0	    0.0	    0.3	1	   31.8	 21	 1300.5	   10.1	
 1653	 165.30	 -579.1	 1274.6	    1.8	  749.5	 1372.2	    0.0	  200.0	  742.9	 1316.0	    0.0	  200.0	  100.0	    0.0	    0.0	    0.0	    0.0	    0.3	   40.7	  1	 -550.0	 1250.0	    0.0	    0.0	    0.3	1	   31.8	 21	 1301.0	   10.1	
 1654	 165.40	 -579.1	 1274.6	    1.8	  749.5	 1372.2	    0.0	  200.0	  742.9	 1316.0	    0.0	  200.0	  100.0	    0.0	    0.0	    0.0	    0.0	    0.3	   40.7	  1	 -550.0	 1250.0	    0.0	    0.0	    0.3	1	   31.8	 21	 1301.5	   10.1	
 1655	 165.50	 -579.1	 1274.6	    1.8	  749.5	 1372.2	    0.0	  200.0	  742.9	 1316.0	    0.0	  200.0	  100.0	    0.0	    0.0	    0.0	    0.0	    0.4	   40.7	  1	 -550.0	 1250.0	    0.0	    0.0	    0.4	1	   31.8	 21	 1302.0	   10.2	
 1656	 165.60	 -579.1	 1274.6	    1.8	  749.5	 1372.2	    0.0	  200.0	  742.9	 1316.0	    0.0	  200.0	  100.0	    0.0	    0.0	    0.0	    0.0	    0.4	   40.8	  1	 -550.0	 1250.0	    0.0	    0.0	    0.4	1	   31.8	 21	 1302.4	   10.2	
 1657	 165.70	 -579.1	 1274.6	    1.8	  749.5	 1372.2	    0.0	  200.0	  742.9	 1316.0	    0.0	  200.0	  100.0	    0.0	    0.0	    0.0	    0.0	    0.4	   40.8	  1	 -550.0	 1250.0	    0.0	    0.0	    0.4	1	   31.8	 21	 1302.9	   10.3	
 1658	 165.80	 -579.1	 1274.6	    1.8	  749.5	 1372.2	    0.0	  200.0	  742.9	 1316.0	    0.0	  200.0	  100.0	    0.0	    0.0	    0.0	    0.0	    0.4	   40.8	  1	 -550.0	 1250.0	    0.0	    0.0	    0.4	1	   31.8	 21	 1303.4	   10.3	
 1659	 165.90	 -579.1	 1274.6	    1.8	  749.5	 1372.2	    0.0	  200.0	  742.9	 1316.0	    0.0	  200.0	  100.0	    0.0	    0.0	    0.0	    0.0	    0.4	   40.9	  1	 -550.0	 1250.0	    0.0	    0.0	    0.4	1	   31.8	 21	 1303.8	   10.4	
 1660	 166.00	 -579.1	 1274.6	    1.8	  749.5	 1372.2	    0.0	  200.0	  742.9	 1316.0	    0.0	  200.0	  100.0	    0.0	    0.0	    0.0	    0.0	    0.4	   40.9	  1	 -550.0	 1250.0	    0.0	    0.0	    0.4	1	   31.8	 21	 1304.3	   10.4	
 1661	 166.10	 -579.1	 1274.6	    1.8	  749.5	 1372.2	    0.0	  200.0	  742.9	 1316.0	    0.0	  200.0	  100.0	    0.0	    0.0	    0.0	    0.0	    0.4	   40.9	  1	 -550.0	 1250.0	    0.0	    0.0	    0.4	1	   31.8	 21	 1304.8	   10.5	
 1662	 166.20	 -579.1	 1274.6	    1.8	  749.5	 1372.2	    0.0	  200.0	  742.9	 1316.0	    0.0	  200.0	  100.0	    0.0	    0.0	    0.0	    0.0	    0.4	   41.0	  1	 -550.0	 1250.0	    0.0	    0.0	    0.4	1	   31.8	 21	 1305.2	   10.5	
 1663	 166.30	 -579.1	 1274.6	    1.8	  749.5	 1372.2	    0.0	  200.0	  742.9	 1316.0	    0.0	  200.0	  100.0	    0.0	    0.0	    0.0	    0.0	    0.4	   41.0	  1	 -550.0	 1250.0	    0.0	    0.0	    0.4	1	   31.8	 21	 1305.7	   10.6	
 1664	 166.40	 -579.1	 1274.6	    1.8	  749.5	 1372.2	    0.0	  200.0	  742.9	 1316.0	    0.0	  200.0	  100.0	    0.0	    0.0	    0.0	    0.0	    0.4	   41.0	  1	 -550.0	 1250.0	    0.0	    0.0	    0.4	1	   31.8	 21	 1306.1	   10.6	
 1665	 166.50	 -579.1	 1274.6	    1.8	  749.5	 1372.2	    0.0	  200.0	  742.9	 1316.0	    0.0	  200.0	  100.0	    0.0	    0.0	    0.0	    0.0	    0.4	   41.1	  1	 -550.0	 1250.0	    0.0	    0.0	    0.4	1	   31.8	 21	 1306.6	   10.7	
 1666	 166.60	 -579.1	 1274.6	    1.8	  749.5	 1372.2	    0.0	  200.0	  742.9	 1316.0	    0.0	  200.0	  100.0	    0.0	    0.0	    0.0	    0.0	    0.4	   41.1	  1	 -550.0	 1250.0	    0.0	    0.0	    0.4	1	   31.8	 21	 1307.0	   10.7	
 1667	 166.70	 -579.1	 1274.6	    1.8	  749.5	 1372.2	    0.0	  200.0	  742.9	 1316.0	    0.0	  200.0	  100.0	    0.0	    0.0	    0.0	    0.0	    0.4	   41.1	  1	 -550.0	 1250.0	    0.0	    0.0	    0.4	1	   31.8	 21	 1307.5	   10.7	
 1668	 166.80	 -579.1	 1274.6	    1.8	  749.5	 1372.2	    0.0	  200.0	  742.9	 1316.0	    0.0	  200.0	  100.0	    0.0	    0.0	    0.0	    0.0	    0.4	   41.2	  1	 -550.0	 1250.0	    0.0	    0.0	    0.4	1	   31.8	 21	 1307.9	   10.8	
 1669	 166.90	 -579.1	 1274.6	    1.8	  749.5	 1372.2	    0.0	  200.0	  742.9	 1316.0	    0.0	  200.0	  100.0	    0.0	    0.0	    0.0	    0.0	    0.4	   41.2	  1	 -550.0	 1250.0	    0.0	    0.0	    0.4	1	   31.8	 21	 1308.3	   10.8	
 1670	 167.00	 -579.1	 1274.6	    1.8	  749.5	 1372.2	    0.0	  200.0	  742.9	 1316.0	    0.0	  200.0	  100.0	    0.0	    0.0	    0.0	    0.0	    0.4	   41.3	  1	 -550.0	 1250.0	    0.0	    0.0	    0.4	1	   31.8	 21	 1308.8	   10.9	
 1671	 167.10	 -579.1	 1274.6	    1.8	  749.5	 1372.2	    0.0	  200.0	  742.9	 1316.0	    0.0	  200.0	  100.0	    0.0	    0.0	    0.0	    0.0	    0.4	   41.3	  1	 -550.0	 1250.0	    0.0	    0.0	    0.4	1	   31.8	 21	 1309.2	   10.9	
 1672	 167.20	 -579.1	 1274.6	    1.8	  749.5	 1372.2	    0.0	  200.0	  742.9	 1316.0	    0.0	  200.0	  100.0	    0.0	    0.0	    0.0	    0.0	    0.4	   41.3	  1	 -550.0	 1250.0	    0.0	    0.0	    0.4	1	   31.8	 21	 1309.6	   11.0	
 1673	 167.30	 -579.1	 1274.6	    1.8	  749.5	 1372.2	    0.0	  200.0	  742.9	 1316.0	    0.0	  200.0	  100.0	    0.0	    0.0	    0.0	    0.0	    0.4	   41.4	  1	 -550.0	 1250.0	    0.0	    0.0	    0.4	1	   31.8	 21	 1310.1	   11.0	
 1674	 167.40	 -579.1	 1274.6	    1.8	  749.5	 1372.2	    0.0	  200.0	  742.9	 1316.0	    0.0	  200.0	  100.0	    0.0	    0.0	    0.0	    0.0	    0.4	   41.4	  1	 -550.0	 1250.0	    0.0	    0.0	    0.4	1	   31.8	 21	 1310.5	   11.0	
 1675	 167.50	 -579.1	 1274.6	    1.8	  749.5	 1372.2	    0.0	  200.0	  742.9	 1316.0	    0.0	  200.0	  100.0	    0.0	    0.0	    0.0	    0.0	    0.4	   41.4	  1	 -550.0	 1250.0	    0.0	    0.0	    0.4	1	   31.8	 21	 1310.9	   11.1	
 1676	 167.60	 -579.1	 1274.6	    1.8	  749.5	 1372.2	    0.0	  200.0	  742.9	 1316.0	    0.0	  200.0	  100.0	    0.0	    0.0	    0.0	    0.0	    0.4	   41.5	  1	 -550.0	 1250.0	    0.0	    0.0	    0.4	1	   31.8	 21	 1311.3	   11.1	
 1677	 167.70	 -579.1	 1274.6	    1.8	  749.5	 1372.2	    0.0	  200.0	  742.9	 1316.0	    0.0	  200.0	  100.0	    0.0	    0.0	    0.0	    0.0	    0.4	   41.5	  1	 -550.0	 1250.0	    0.0	    0.0	    0.4	1	   31.8	 21	 1311.7	   11.2	
 1678	 167.80	 -579.1	 1274.6	    1.8	  749.5	 1372.2	    0.0	  200.0	  742.9	 1316.0	    0.0	  200.0	  100.0	    0.0	    0.0	    0.0	    0.0	    0.5	   41.6	  1	 -550.0	 1250.0	    0.0	    0.0	    0.5	1	   31.8	 21	 1312.1	   11.2	
 1679	 167.90	 -579.1	 1274.6	    1.8	  749.5	 1372.2	    0.0	  200.0	  742.9	 1316.0	    0.0	  200.0	  100.0	    0.0	    0.0	    0.0	    0.0	    0.5	   41.6	  1	 -550.0	 1250.0	    0.0	    0.0	    0.5	1	   31.8	 21	 1312.6	   11.3	
 1680	 168.00	 -579.1	 1274.6	    1.8	  749.5	 1372.2	    0.0	  200.0	  742.9	 1316.0	    0.0	  200.0	  100.0	    0.0	    0.0	    0.0	    0.0	    0.5	   41.6	  1	 -550.0	 1250.0	    0.0	    0.0	    0.5	1	   31.8	 21	 1313.0	   11.3	
 1681	 168.10	 -579.1	 1274.6	    1.8	  749.5	 1372.2	    0.0	  200.0	  742.9	 1316.0	    0.0	  200.0	  100.0	    0.0	    0.0	    0.0	    0.0	    0.5	   41.7	  1	 -550.0	 1250.0	    0.0	    0.0	    0.5	1	   31.8	 21	 1313.4	   11.3	
 1682	 168.20	 -579.1	 1274.6	    1.8	  749.5	 1372.2	    0.0	  200.0	  742.9	 1316.0	    0.0	  200.0	  100.0	    0.0	    0.0	    0.0	    0.0	    0.5	   41.7	  1	 -550.0	 1250.0	    0.0	    0.0	    0.5	1	   31.8	 21	 1313.8	   11.4	
 1683	 168.30	 -579.1	 1274.6	    1.8	  749.5	 1372.2	    0.0	  200.0	  742.9	 1316.0	    0.0	  200.0	  100.0	    0.0	    0.0	    0.0	    0.0	    0.5	   41.8	  1	 -550.0	 1250.0	    0.0	    0.0	    0.5	1	   31.8	 21	 1314.2	   11.4	
 1684	 168.40	 -579.1	 1274.6	    1.8	  749.5	 1372.2	    0.0	  200.0	  742.9	 1316.0	    0.0	  200.0	  100.0	    0.0	    0.0	    0.0	    0.0	    0.5	   41.8	  1	 -550.0	 1250.0	    0.0	    0.0	    0.5	1	   31.8	 21	 1314.6	   11.5	
 1685	 168.50	 -579.1	 1274.6	    1.8	  749.5	 1372.2	    0.0	  200.0	  742.9	 1316.0	    0.0	  200.0	  100.0	    0.0	    0.0	    0.0	    0.0	    0.5	   41.8	  1	 -550.0	 1250.0	    0.0	    0.0	    0.5	1	   31.8	 21	 1315.0	   11.5	
 1686	 168.60	 -579.1	 1274.6	    1.8	  749.5	 1372.2	    0.0	  200.0	  742.9	 1316.0	    0.0	  200.0	  100.0	    0.0	    0.0	    0.0	    0.0	    0.5	   41.9	  1	 -550.0	 1250.0	    0.0	    0.0	    0.5	1	   31.8	 21	 1315.4	   11.5	
 1687	 168.70	 -579.1	 1274.6	    1.8	  749.5	 1372.2	    0.0	  200.0	  742.9	 1316.0	    0.0	  200.0	  100.0	    0.0	    0.0	    0.0	    0.0	    0.5	   41.9	  1	 -550.0	 1250.0	    0.0	    0.0	    0.5	1	   31.8	 21	 1315.8	   11.6	
 1688	 168.80	 -579.1	 1274.6	    1.8	  749.5	 1372.2	    0.0	  200.0	  742.9	 1316.0	    0.0	  200.0	  100.0	    0.0	    0.0	    0.0	    0.0	    0.5	   42.0	  1	 -550.0	 1250.0	    0.0	    0.0	    0.5	1	   31.8	 21	 1316.1	   11.6	
 1689	 168.90	 -579.1	 1274.6	    1.8	  749.5	 1372.2	    0.0	  200.0	  742.9	 1316.0	    0.0	  200.0	  100.0	    0.0	    0.0	    0.0	    0.0	    0.5	   42.0	  1	 -550.0	 1250.0	    0.0	    0.0	    0.5	1	   31.8	 21	 1316.5	   11.7	
 1690	 169.00	 -579.1	 1274.6	    1.8	  749.5	 1372.2	    0.0	  200.0	  742.9	 1316.0	    0.0	  200.0	  100.0	    0.0	    0.0	    0.0	    0.0	    0.5	   42.0	  1	 -350.0	 2050.0	    0.0	    0.0	    0.5	1	  293.7	 21	 1316.9	   11.7	
 1691	 169.10	 -579.8	 1299.2	   91.7	  749.5	 1372.2	    0.0	  200.0	  742.9	 1316.0	    0.0	  200.0	  100.0	    0.0	    0.0	    0.0	    0.0	    0.5	   42.1	  1	 -350.0	 2050.0	    0.0	    0.0	    0.5	1	  293.6	 21	 1317.3	   11.7	
 1692	 169.20	 -579.7	 1367.1	   89.8	  749.5	 1372.2	    0.0	  200.0	  742.9	 1316.0	    0.0	  200.0	  100.0	    0.0	    0.0	    0.0	    0.0	    0.5	   42.1	  1	 -350.0	 2050.0	    0.0	    0.0	    0.5	1	  294.0	 21	 1317.5	   11.7	
 1693	 169.30	 -573.8	 1435.7	   84.6	  749.5	 1372.2	    0.0	  200.0	  742.9	 1316.0	    0.0	  200.0	  100.0	    0.0	    0.0	    0.0	    0.0	    0.5	   42.1	  1	 -350.0	 2050.0	    0.0	    0.0	    0.5	1	  294.9	 21	 1317.6	   11.8	
 1694	 169.40	 -562.6	 1501.5	   80.0	  749.5	 1372.2	    0.0	  200.0	  742.9	 1316.0	    0.0	  200.0	  100.0	    0.0	    0.0	    0.0	    0.0	    0.5	   42.2	  1	 -250.0	 2150.0	    0.0	    0.0	    0.5	1	  297.3	 21	 1317.6	   11.8	
 1695	 169.50	 -543.8	 1568.3	   73.4	  749.5	 1372.2	    0.0	  200.0	  742.9	 1316.0	    0.0	  200.0	  100.0	    0.0	    0.0	    0.0	    0.0	    0.5	   42.2	  1	 -250.0	 2150.0	    0.0	    0.0	    0.5	1	  298.1	 21	 1317.5	   11.7	
 1696	 169.60	 -520.5	 1636.1	   70.7	  749.5	 1372.2	    0.0	  200.0	  742.9	 1316.0	    0.0	  200.0	  100.0	    0.0	    0.0	    0.0	    0.0	    0.5	   42.2	  1	 -250.0	 2150.0	    0.0	    0.0	    0.5	1	  298.7	 21	 1317.2	   11.7	
 1697	 169.70	 -494.4	 1702.3	   68.4	  749.5	 1372.2	    0.0	  200.0	  742.9	 1316.0	    0.0	  200.0	  100.0	    0.0	    0.0	    0.0	    0.0	    0.5	   42.1	  1	 -250.0	 2150.0	    0.0	    0.0	    0.5	1	  298.9	 21	 1316.8	   11.7	
 1698	 169.80	 -467.0	 1765.5	   66.3	  749.5	 1372.2	    0.0	  200.0	  742.9	 1316.0	    0.0	  200.0	  100.0	    0.0	    0.0	    0.0	    0.0	    0.5	   42.1	  1	 -450.0	 1850.0	    0.0	    0.0	    0.5	1	   81.4	 21	 1316.3	   11.6	
 1699	 169.90	 -463.4	 1773.6	   78.6	  749.5	 1372.2	    0.0	  200.0	  742.9	 1316.0	    0.0	  200.0	  100.0	    0.0	    0.0	    0.0	    0.0	    0.5	   42.1	  1	 -450.0	 1850.0	    0.0	    0.0	    0.5	1	   73.7	 21	 1315.8	   11.6	
 1700	 170.00	 -463.4	 1773.6	   80.0	  749.5	 1372.2	    0.0	  200.0	  742.9	 1316.0	    0.0	  200.0	  100.0	    0.0	    0.0	    0.0	    0.0	    0.5	   42.1	  1	 -450.0	 1750.0	    0.0	    0.0	    0.5	1	   26.8	 21	 1315.3	   11.5	
 1701	 170.10	 -463.4	 1773.6	  -60.4	  749.5	 1372.2	    0.0	  200.0	  742.9	 1316.0	    0.0	  200.0	  100.0	    0.0	    0.0	    0.0	    0.0	    0.5	   42.1	  1	 -450.0	 1750.0	    0.0	    0.0	    0.5	1	   26.8	 21	 1314.8	   11.5	
 1702	 170.20	 -463.4	 1773.6	  -60.4	  749.5	 1372.2	    0.0	  200.0	  742.9	 1316.0	    0.0	  200.0	  100.0	    0.0	    0.0	    0.0	    0.0	    0.5	   42.1	  1	 -450.0	 1750.0	    0.0	    0.0	    0.5	1	   26.8	 21	 1314.3	   11.4	
 1703	 170.30	 -463.4	 1773.6	  -60.4	  749.5	 1372.2	    0.0	  200.0	  742.9	 1316.0	    0.0	  200.0	  100.0	    0.0	    0.0	    0.0	    0.0	    0.5	   42.2	  1	 -450.0	 1750.0	    0.0	    0.0	    0.5	1	   26.8	 21	 1313.7	   11.4	
 1704	 170.40	 -463.4	 1773.6	  -60.4	  749.5	 1372.2	    0.0	  200.0	  742.9	 1316.0	    0.0	  200.0	  100.0	    0.0	    0.0	    0.0	    0.0	    0.5	   42.2	  1	 -450.0	 1750.0	    0.0	    0.0	    0.5	1	   26.8	 21	 1313.2	   11.3	
 1705	 170.50	 -463.4	 1773.6	  -60.4	  749.5	 1372.2	    0.0	  200.0	  742.9	 1316.0	    0.0	  200.0	  100.0	    0.0	    0.0	    0.0	    0.0	    0.5	   42.2	  1	 -450.0	 1750.0	    0.0	    0.0	    0.5	1	   26.8	 21	 1312.7	   11.3	
 1706	 170.60	 -463.4	 1773.6	  -60.4	  749.5	 1372.2	    0.0	  200.0	  742.9	 1316.0	    0.0	  200.0	  100.0	    0.0	    0.0	    0.0	    0.0	    0.5	   42.2	  1	 -450.0	 1750.0	    0.0	    0.0	    0.5	1	   26.8	 21	 1312.1	   11.2	
 1707	 170.70	 -463.4	 1773.6	  -60.4	  749.5	 1372.2	    0.0	  200.0	  742.9	 1316.0	    0.0	  200.0	  100.0	    0.0	    0.0	    0.0	    0.0	    0.4	   42.3	  1	 -450.0	 1750.0	    0.0	    0.0	    0.4	1	   26.8	 21	 1311.6	   11.2	
 1708	 170.80	 -463.4	 1773.6	  -60.4	  749.5	 1372.2	    0.0	  200.0	  742.9	 1316.0	    0.0	  200.0	  100.0	    0.0	    0.0	    0.0	    0.0	    0.4	   42.3	  1	 -450.0	 1750.0	    0.0	    0.0	    0.4	1	   26.8	 21	 1311.0	   11.1	
 1709	 170.90	 -463.4	 1773.6	  -60.4	  749.5	 1372.2	    0.0	  200.0	  742.9	 1316.0	    0.0	  200.0	  100.0	    0.0	    0.0	    0.0	    0.0	    0.4	   42.3	  1	 -450.0	 1750.0	    0.0	    0.0	    0.4	1	   26.8	 21	 1310.5	   11.0	
 1710	 171.00	 -463.4	 1773.6	  -60.4	  749.5	 1372.2	    0.0	  200.0	  742.9	 1316.0	    0.0	  200.0	  100.0	    0.0	    0.0	    0.0	    0.0	    0.4	   42.4	  1	 -450.0	 1750.0	    0.0	    0.0	    0.4	1	   26.8	 21	 1309.9	   11.0	
 1711	 171.10	 -463.4	 1773.6	  -60.4	  749.5	 1372.2	    0.0	  200.0	  742.9	 1316.0	    0.0	  200.0	  100.0	    0.0	    0.0	    0.0	    0.0	    0.4	   42.4	  1	 -450.0	 1750.0	    0.0	    0.0	    0.4	1	   26.8	 21	 1309.4	   10.9	
 1712	 171.20	 -463.4	 1773.6	  -60.4	  749.5	 1372.2	    0.0	  200.0	  742.9	 1316.0	    0.0	  200.0	  100.0	    0.0	    0.0	    0.0	    0.0	    0.4	   42.4	  1	 -450.0	 1750.0	    0.0	    0.0	    0.4	1	   26.8	 21	 1308.8	   10.9	
 1713	 171.30	 -463.4	 1773.6	  -60.4	  749.5	 1372.2	    0.0	  200.0	  742.9	 1316.0	    0.0	  200.0	  100.0	    0.0	    0.0	    0.0	    0.0	    0.4	   42.4	  1	 -450.0	 1750.0	    0.0	    0.0	    0.4	1	   26.8	 21	 1308.2	   10.8	
 1714	 171.40	 -463.4	 1773.6	  -60.4	  749.5	 1372.2	    0.0	  200.0	  742.9	 1316.0	    0.0	  200.0	  100.0	    0.0	    0.0	    0.0	    0.0	    0.4	   42.5	  1	 -450.0	 1750.0	    0.0	    0.0	    0.4	1	   26.8	 21	 1307.6	   10.8	
 1715	 171.50	 -463.4	 1773.6	  -60.4	  749.5	 1372.2	    0.0	  200.0	  742.9	 1316.0	    0.0	  200.0	  100.0	    0.0	    0.0	    0.0	    0.0	    0.4	   42.5	  1	 -450.0	 1750.0	    0.0	    0.0	    0.4	1	   26.8	 21	 1307.1	   10.7	
 1716	 171.60	 -463.4	 1773.6	  -60.4	  749.5	 1372.2	    0.0	  200.0	  742.9	 1316.0	    0.0	  200.0	  100.0	    0.0	    0.0	    0.0	    0.0	    0.4	   42.5	  1	 -450.0	 1750.0	    0.0	    0.0	    0.4	1	   26.8	 21	 1306.5	   10.6	
 1717	 171.70	 -463.4	 1773.6	  -60.4	  749.5	 1372.2	    0.0	  200.0	  742.9	 1316.0	    0.0	  200.0	  100.0	    0.0	    0.0	    0.0	    0.0	    0.4	   42.6	  1	 -450.0	 1750.0	    0.0	    0.0	    0.4	1	   26.8	 21	 1305.9	   10.6	
 1718	 171.80	 -463.4	 1773.6	  -60.4	  749.5	 1372.2	    0.0	  200.0	  742.9	 1316.0	    0.0	  200.0	  100.0	    0.0	    0.0	    0.0	    0.0	    0.4	   42.6	  1	 -450.0	 1750.0	    0.0	    0.0	    0.4	1	   26.8	 21	 1305.3	   10.5	
 1719	 171.90	 -463.4	 1773.6	  -60.4	  749.5	 1372.2	    0.0	  200.0	  742.9	 1316.0	    0.0	  200.0	  100.0	    0.0	    0.0	    0.0	    0.0	    0.4	   42.7	  1	 -450.0	 1750.0	    0.0	    0.0	    0.4	1	   26.8	 21	 1304.7	   10.5	
 1720	 172.00	 -463.4	 1773.6	  -60.4	  749.5	 1372.2	    0.0	  200.0	  742.9	 1316.0	    0.0	  200.0	  100.0	    0.0	    0.0	    0.0	    0.0	    0.4	   42.7	  1	 -450.0	 1750.0	    0.0	    0.0	    0.4	1	   26.8	 21	 1304.1	   10.4	
 1721	 172.10	 -463.4	 1773.6	  -60.4	  749.5	 1372.2	    0.0	  200.0	  742.9	 1316.0	    0.0	  200.0	  100.0	    0.0	    0.0	    0.0	    0.0	    0.4	   42.7	  1	 -450.0	 1750.0	    0.0	    0.0	    0.4	1	   26.8	 21	 1303.5	   10.3	
 1722	 172.20	 -463.4	 1773.6	  -60.4	  749.5	 1372.2	    0.0	  200.0	  742.9	 1316.0	    0.0	  200.0	  100.0	    0.0	    0.0	    0.0	    0.0	    0.4	   42.8	  1	 -450.0	 1750.0	    0.0	    0.0	    0.4	1	   26.8	 21	 1302.9	   10.3	
 1723	 172.30	 -463.4	 1773.6	  -60.4	  749.5	 1372.2	    0.0	  200.0	  742.9	 1316.0	    0.0	  200.0	  100.0	    0.0	    0.0	    0.0	    0.0	    0.4	   42.8	  1	 -450.0	 1750.0	    0.0	    0.0	    0.4	1	   26.8	 21	 1302.2	   10.2	
 1724	 172.40	 -463.4	 1773.6	  -60.4	  749.5	 1372.2	    0.0	  200.0	  742.9	 1316.0	    0.0	  200.0	  100.0	    0.0	    0.0	    0.0	    0.0	    0.3	   42.8	  1	 -450.0	 1750.0	    0.0	    0.0	    0.3	1	   26.8	 21	 1301.6	   10.2	
 1725	 172.50	 -463.4	 1773.6	  -60.4	  749.5	 1372.2	    0.0	  200.0	  742.9	 1316.0	    0.0	  200.0	  100.0	    0.0	    0.0	    0.0	    0.0	    0.3	   42.9	  1	 -450.0	 1750.0	    0.0	    0.0	    0.3	1	   26.8	 21	 1301.0	   10.1	
 1726	 172.60	 -463.4	 1773.6	  -60.4	  749.5	 1372.2	    0.0	  200.0	  742.9	 1316.0	    0.0	  200.0	  100.0	    0.0	    0.0	    0.0	    0.0	    0.3	   42.9	  1	 -450.0	 1750.0	    0.0	    0.0	    0.3	1	   26.8	 21	 1300.3	   10.0	
 1727	 172.70	 -463.4	 1773.6	  -60.4	  749.5	 1372.2	    0.0	  200.0	  742.9	 1316.0	    0.0	  200.0	  100.0	    0.0	    0.0	    0.0	    0.0	    0.3	   43.0	  1	 -450.0	 1750.0	    0.0	    0.0	    0.3	1	   26.8	 21	    0.0	   10.0	
 1728	 172.80	 -463.4	 1773.6	  -60.4	  749.5	 1372.2	    0.0	  200.0	  742.9	 1316.0	    0.0	  200.0	  100.0	    0.0	    0.0	    0.0	    0.0	    0.3	   43.0	  1	 -450.0	 1750.0	    0.0	    0.0	    0.3	1	   26.8	 21	    0.0	    9.9	
 1729	 172.90	 -463.4	 1773.6	  -60.4	  749.5	 1372.2	    0.0	  200.0	  742.9	 1316.0	    0.0	  200.0	  100.0	    0.0	    0.0	    0.0	    0.0	    0.3	   43.0	  1	 -450.0	 1750.0	    0.0	    0.0	    0.3	1	   26.8	 21	    0.0	    9.8	
 1730	 173.00	 -463.4	 1773.6	  -60.4	  749.5	 1372.2	    0.0	  200.0	  742.9	 1316.0	    0.0	  200.0	  100.0	    0.0	    0.0	    0.0	    0.0	    0.3	   43.1	  1	 -450.0	 1750.0	    0.0	    0.0	    0.3	1	   26.8	 21	    0.0	    9.8	
 1731	 173.10	 -463.4	 1773.6	  -60.4	  749.5	 1372.2	    0.0	  200.0	  742.9	 1316.0	    0.0	  200.0	  100.0	    0.0	    0.0	    0.0	    0.0	    0.3	   43.1	  1	 -450.0	 1750.0	    0.0	    0.0	    0.3	1	   26.8	 21	    0.0	    9.7	
 1732	 173.20	 -463.4	 1773.6	  -60.4	  749.5	 1372.2	    0.0	  200.0	  742.9	 1316.0	    0.0	  200.0	  100.0	    0.0	    0.0	    0.0	    0.0	    0.3	   43.1	  1	 -450.0	 1750.0	    0.0	    0.0	    0.3	1	   26.8	 21	    0.0	    9.6	
 1733	 173.30	 -463.4	 1773.6	  -60.4	  749.5	 1372.2	    0.0	  200.0	  742.9	 1316.0	    0.0	  200.0	  100.0	    0.0	    0.0	    0.0	    0.0	    0.3	   43.2	  1	 -450.0	 1750.0	    0.0	    0.0	    0.3	1	   26.8	 21	    0.0	    9.6	
 1734	 173.40	 -463.4	 1773.6	  -60.4	  749.5	 1372.2	    0.0	  200.0	  742.9	 1316.0	    0.0	  200.0	  100.0	    0.0	    0.0	    0.0	    0.0	    0.3	   43.2	  1	 -450.0	 1750.0	    0.0	    0.0	    0.3	1	   26.8	 21	    0.0	    9.5	
 1735	 173.50	 -463.4	 1773.6	  -60.4	  749.5	 1372.2	    0.0	  200.0	  742.9	 1316.0	    0.0	  200.0	  100.0	    0.0	    0.0	    0.0	    0.0	    0.3	   43.3	  1	 -450.0	 1750.0	    0.0	    0.0	    0.3	1	   26.8	 21	    0.0	    9.4	
 1736	 173.60	 -463.4	 1773.6	  -60.4	  749.5	 1372.2	    0.0	  200.0	  742.9	 1316.0	    0.0	  200.0	  100.0	    0.0	    0.0	    0.0	    0.0	    0.3	   43.3	  1	 -450.0	 1750.0	    0.0	    0.0	    0.3	1	   26.8	 21	    0.0	    9.4	
 1737	 173.70	 -463.4	 1773.6	  -60.4	  749.5	 1372.2	    0.0	  200.0	  742.9	 1316.0	    0.0	  200.0	  100.0	    0.0	    0.0	    0.0	    0.0	    0.3	   43.3	  1	 -450.0	 1750.0	    0.0	    0.0	    0.3	1	   26.8	 21	    0.0	    9.3	
 1738	 173.80	 -463.4	 1773.6	  -60.4	  749.5	 1372.2	    0.0	  200.0	  742.9	 1316.0	    0.0	  200.0	  100.0	    0.0	    0.0	    0.0	    0.0	    0.3	   43.4	  1	 -450.0	 1750.0	    0.0	    0.0	    0.3	1	   26.8	 21	    0.0	    9.2	
 1739	 173.90	 -463.4	 1773.6	  -60.4	  749.5	 1372.2	    0.0	  200.0	  742.9	 1316.0	    0.0	  200.0	  100.0	    0.0	    0.0	    0.0	    0.0	    0.3	   43.4	  1	 -450.0	 1750.0	    0.0	    0.0	    0.3	1	   26.8	 21	    0.0	    9.2	
 1740	 174.00	 -463.4	 1773.6	  -60.4	  749.5	 1372.2	    0.0	  200.0	  742.9	 1316.0	    0.0	  200.0	  100.0	    0.0	    0.0	    0.0	    0.0	    0.3	   43.5	  1	 -450.0	 1750.0	    0.0	    0.0	    0.3	1	   26.8	 21	    0.0	    9.1	
 1741	 174.10	 -463.4	 1773.6	  -60.4	  749.5	 1372.2	    0.0	  200.0	  742.9	 1316.0	    0.0	  200.0	  100.0	    0.0	    0.0	    0.0	    0.0	    0.3	   43.5	  1	 -450.0	 1750.0	    0.0	    0.0	    0.3	1	   26.8	 21	    0.0	    9.0	
 1742	 174.20	 -463.4	 1773.6	  -60.4	  749.5	 1372.2	    0.0	  200.0	  742.9	 1316.0	    0.0	  200.0	  100.0	    0.0	    0.0	    0.0	    0.0	    0.2	   43.5	  1	 -450.0	 1750.0	    0.0	    0.0	    0.2	1	   26.8	 21	    0.0	    8.9	
 1743	 174.30	 -463.4	 1773.6	  -60.4	  749.5	 1372.2	    0.0	  200.0	  742.9	 1316.0	    0.0	  200.0	  100.0	    0.0	    0.0	    0.0	    0.0	    0.2	   43.6	  1	 -450.0	 1750.0	    0.0	    0.0	    0.2	1	   26.8	 21	    0.0	    8.9	
 1744	 174.40	 -463.4	 1773.6	  -60.4	  749.5	 1372.2	    0.0	  200.0	  742.9	 1316.0	    0.0	  200.0	  100.0	    0.0	    0.0	    0.0	    0.0	    0.2	   43.6	  1	 -450.0	 1750.0	    0.0	    0.0	    0.2	1	   26.8	 21	    0.0	    8.8	
 1745	 174.50	 -463.4	 1773.6	  -60.4	  749.5	 1372.2	    0.0	  200.0	  742.9	 1316.0	    0.0	  200.0	  100.0	    0.0	    0.0	    0.0	    0.0	    0.2	   43.6	  1	 -450.0	 1750.0	    0.0	    0.0	    0.2	1	   26.8	 21	    0.0	    8.7	
 1746	 174.60	 -463.4	 1773.6	  -60.4	  749.5	 1372.2	    0.0	  200.0	  742.9	 1316.0	    0.0	  200.0	  100.0	    0.0	    0.0	    0.0	    0.0	    0.2	   43.7	  1	 -450.0	 1750.0	    0.0	    0.0	    0.2	1	   26.8	 21	    0.0	    8.6	
 1747	 174.70	 -463.4	 1773.6	  -60.4	  749.5	 1372.2	    0.0	  200.0	  742.9	 1316.0	    0.0	  200.0	  100.0	    0.0	    0.0	    0.0	    0.0	    0.2	   43.7	  1	 -450.0	 1750.0	    0.0	    0.0	    0.2	1	   26.8	 21	    0.0	    8.6	
 1748	 174.80	 -463.4	 1773.6	  -60.4	  749.5	 1372.2	    0.0	  200.0	  742.9	 1316.0	    0.0	  200.0	  100.0	    0.0	    0.0	    0.0	    0.0	    0.2	   43.8	  1	 -450.0	 1750.0	    0.0	    0.0	    0.2	1	   26.8	 21	    0.0	    8.5	
 1749	 174.90	 -463.4	 1773.6	  -60.4	  749.5	 1372.2	    0.0	  200.0	  742.9	 1316.0	    0.0	  200.0	  100.0	    0.0	    0.0	    0.0	    0.0	    0.2	   43.8	  1	 -450.0	 1750.0	    0.0	    0.0	    0.2	1	   26.8	 21	    0.0	    8.4	
 1750	 175.00	 -463.4	 1773.6	  -60.4	  749.5	 1372.2	    0.0	  200.0	  742.9	 1316.0	    0.0	  200.0	  100.0	    0.0	    0.0	    0.0	    0.0	    0.2	   43.8	  1	 -450.0	 1750.0	    0.0	    0.0	    0.2	1	   26.8	 21	    0.0	    8.3	
 1751	 175.10	 -463.4	 1773.6	  -60.4	  749.5	 1372.2	    0.0	  200.0	  742.9	 1316.0	    0.0	  200.0	  100.0	    0.0	    0.0	    0.0	    0.0	    0.2	   43.9	  1	 -450.0	 1750.0	    0.0	    0.0	    0.2	1	   26.8	 21	    0.0	    8.2	
 1752	 175.20	 -463.4	 1773.6	  -60.4	  749.5	 1372.2	    0.0	  200.0	  742.9	 1316.0	    0.0	  200.0	  100.0	    0.0	    0.0	    0.0	    0.0	    0.2	   43.9	  1	 -450.0	 1750.0	    0.0	    0.0	    0.2	1	   26.8	 21	    0.0	    8.2	
 1753	 175.30	 -463.4	 1773.6	  -60.4	  749.5	 1372.2	    0.0	  200.0	  742.9	 1316.0	    0.0	  200.0	  100.0	    0.0	    0.0	    0.0	    0.0	    0.2	   44.0	  1	 -450.0	 1750.0	    0.0	    0.0	    0.2	1	   26.8	 21	    0.0	    8.1	
 1754	 175.40	 -463.4	 1773.6	  -60.4	  749.5	 1372.2	    0.0	  200.0	  742.9	 1316.0	    0.0	  200.0	  100.0	    0.0	    0.0	    0.0	    0.0	    0.2	   44.0	  1	 -450.0	 1750.0	    0.0	    0.0	    0.2	1	   26.8	 21	    0.0	    8.0	
 1755	 175.50	 -463.4	 1773.6	  -60.4	  749.5	 1372.2	    0.0	  200.0	  742.9	 1316.0	    0.0	  200.0	  100.0	    0.0	    0.0	    0.0	    0.0	    0.2	   44.0	  1	 -450.0	 1750.0	    0.0	    0.0	    0.2	1	   26.8	 21	    0.0	    7.9	
 1756	 175.60	 -463.4	 1773.6	  -60.4	  749.5	 1372.2	    0.0	  200.0	  742.9	 1316.0	    0.0	  200.0	  100.0	    0.0	    0.0	    0.0	    0.0	    0.2	   44.1	  1	 -450.0	 1750.0	    0.0	    0.0	    0.2	1	   26.8	 21	    0.0	    7.8	
 1757	 175.70	 -463.4	 1773.6	  -60.4	  749.5	 1372.2	    0.0	  200.0	  742.9	 1316.0	    0.0	  200.0	  100.0	    0.0	    0.0	    0.0	    0.0	    0.2	   44.1	  1	 -450.0	 1750.0	    0.0	    0.0	    0.2	1	   26.8	 21	    0.0	    7.7	
 1758	 175.80	 -463.4	 1773.6	  -60.4	  749.5	 1372.2	    0.0	  200.0	  742.9	 1316.0	    0.0	  200.0	  100.0	    0.0	    0.0	    0.0	    0.0	    0.2	   44.2	  1	 -450.0	 1750.0	    0.0	    0.0	    0.2	1	   26.8	 21	    0.0	    7.7	
 1759	 175.90	 -463.4	 1773.6	  -60.4	  749.5	 1372.2	    0.0	  200.0	  742.9	 1316.0	    0.0	  200.0	  100.0	    0.0	    0.0	    0.0	    0.0	    0.1	   44.2	  1	 -450.0	 1750.0	    0.0	    0.0	    0.1	1	   26.8	 21	    0.0	    7.6	
 1760	 176.00	 -463.4	 1773.6	  -60.4	  749.5	 1372.2	    0.0	  200.0	  742.9	 1316.0	    0.0	  200.0	  100.0	    0.0	    0.0	    0.0	    0.0	    0.1	   44.2	  1	 -450.0	 1750.0	    0.0	    0.0	    0.1	1	   26.8	 21	    0.0	    7.5	
 1761	 176.10	 -463.4	 1773.6	  -60.4	  749.5	 1372.2	    0.0	  200.0	  742.9	 1316.0	    0.0	  200.0	  100.0	    0.0	    0.0	    0.0	    0.0	    0.1	   44.3	  1	 -450.0	 1750.0	    0.0	    0.0	    0.1	1	   26.8	 21	    0.0	    7.4	
 1762	 176.20	 -463.4	 1773.6	  -60.4	  749.5	 1372.2	    0.0	  200.0	  742.9	 1316.0	    0.0	  200.0	  100.0	    0.0	    0.0	    0.0	    0.0	    0.1	   44.3	  1	 -450.0	 1750.0	    0.0	    0.0	    0.1	1	   26.8	 21	    0.0	    7.3	
 1763	 176.30	 -463.4	 1773.6	  -60.4	  749.5	 1372.2	    0.0	  200.0	  742.9	 1316.0	    0.0	  200.0	  100.0	    0.0	    0.0	    0.0	    0.0	    0.1	   44.3	  1	 -450.0	 1750.0	    0.0	    0.0	    0.1	1	   26.8	 21	    0.0	    7.2	
 1764	 176.40	 -463.4	 1773.6	  -60.4	  749.5	 1372.2	    0.0	  200.0	  742.9	 1316.0	    0.0	  200.0	  100.0	    0.0	    0.0	    0.0	    0.0	    0.1	   44.4	  1	 -450.0	 1750.0	    0.0	    0.0	    0.1	1	   26.8	 21	    0.0	    7.1	
 1765	 176.50	 -463.4	 1773.6	  -60.4	  749.5	 1372.2	    0.0	  200.0	  742.9	 1316.0	    0.0	  200.0	  100.0	    0.0	    0.0	    0.0	    0.0	    0.1	   44.4	  1	 -450.0	 1750.0	    0.0	    0.0	    0.1	1	   26.8	 21	    0.0	    7.0	
 1766	 176.60	 -463.4	 1773.6	  -60.4	  749.5	 1372.2	    0.0	  200.0	  742.9	 1316.0	    0.0	  200.0	  100.0	    0.0	    0.0	    0.0	    0.0	    0.1	   44.5	  1	 -450.0	 1750.0	    0.0	    0.0	    0.1	1	   26.8	 21	    0.0	    6.9	
 1767	 176.70	 -463.4	 1773.6	  -60.4	  749.5	 1372.2	    0.0	  200.0	  742.9	 1316.0	    0.0	  200.0	  100.0	    0.0	    0.0	    0.0	    0.0	    0.1	   44.5	  1	 -450.0	 1750.0	    0.0	    0.0	    0.1	1	   26.8	 21	    0.0	    6.9	
 1768	 176.80	 -463.4	 1773.6	  -60.4	  749.5	 1372.2	    0.0	  200.0	  742.9	 1316.0	    0.0	  200.0	  100.0	    0.0	    0.0	    0.0	    0.0	    0.1	   44.5	  1	 -450.0	 1750.0	    0.0	    0.0	    0.1	1	   26.8	 21	    0.0	    6.8	
 1769	 176.90	 -463.4	 1773.6	  -60.4	  749.5	 1372.2	    0.0	  200.0	  742.9	 1316.0	    0.0	  200.0	  100.0	    0.0	    0.0	    0.0	    0.0	    0.1	   44.6	  1	 -450.0	  850.0	    0.0	    0.0	    0.1	1	  300.0	 21	    0.0	    6.7	
 1770	 177.00	 -475.4	 1730.4	 -105.5	  749.5	 1372.2	    0.0	  200.0	  742.9	 1316.0	    0.0	  200.0	  100.0	    0.0	    0.0	    0.0	    0.0	    0.1	   44.6	  1	 -450.0	  850.0	    0.0	    0.0	    0.1	1	  300.0	 21	    0.0	    6.6	
 1771	 177.10	 -494.5	 1661.3	 -105.5	  749.5	 1372.2	    0.0	  200.0	  742.9	 1316.0	    0.0	  200.0	  100.0	    0.0	    0.0	    0.0	    0.0	    0.1	   44.7	  1	 -450.0	  850.0	    0.0	    0.0	    0.1	1	  299.9	 21	    0.0	    6.5	
 1772	 177.20	 -513.7	 1589.7	 -105.0	  749.5	 1372.2	    0.0	  200.0	  742.9	 1316.0	    0.0	  200.0	  100.0	    0.0	    0.0	    0.0	    0.0	    0.1	   44.7	  1	 -450.0	  850.0	    0.0	    0.0	    0.1	1	  299.8	 21	    0.0	    6.5	
 1773	 177.30	 -531.7	 1518.2	 -103.9	  749.5	 1372.2	    0.0	  200.0	  742.9	 1316.0	    0.0	  200.0	  100.0	    0.0	    0.0	    0.0	    0.0	    0.1	   44.7	  1	 -450.0	  850.0	    0.0	    0.0	    0.1	1	  299.6	 21	    0.0	    6.5	
 1774	 177.40	 -546.7	 1450.5	 -102.4	  749.5	 1372.2	    0.0	  200.0	  742.9	 1316.0	    0.0	  200.0	  100.0	    0.0	    0.0	    0.0	    0.0	    0.1	   44.7	  1	 -450.0	  850.0	    0.0	    0.0	    0.1	1	  299.3	 21	    0.0	    6.5	
 1775	 177.50	 -560.1	 1378.6	 -100.3	  749.5	 1372.2	    0.0	  200.0	  742.9	 1316.0	    0.0	  200.0	  100.0	    0.0	    0.0	    0.0	    0.0	    0.1	   44.7	  1	 -450.0	  850.0	    0.0	    0.0	    0.1	1	  298.8	 21	    0.0	    6.5	
 1776	 177.60	 -570.0	 1306.7	  -97.5	  749.5	 1372.2	    0.0	  200.0	  742.9	 1316.0	    0.0	  200.0	  100.0	    0.0	    0.0	    0.0	    0.0	    0.1	   44.7	  1	 -450.0	  850.0	    0.0	    0.0	    0.1	1	  298.0	 21	    0.0	    6.6	
 1777	 177.70	 -575.1	 1236.5	  -93.8	  749.5	 1372.2	    0.0	  200.0	  742.9	 1316.0	    0.0	  200.0	  100.0	    0.0	    0.0	    0.0	    0.0	    0.1	   44.6	  1	 -450.0	  850.0	    0.0	    0.0	    0.1	1	  296.2	 21	    0.0	    6.7	
 1778	 177.80	 -574.4	 1168.3	  -89.0	  749.5	 1372.2	    0.0	  200.0	  742.9	 1316.0	    0.0	  200.0	  100.0	    0.0	    0.0	    0.0	    0.0	    0.1	   44.6	  1	 -450.0	  850.0	    0.0	    0.0	    0.1	1	  291.3	 21	    0.0	    6.8	
 1779	 177.90	 -565.9	 1100.3	  -82.0	  749.5	 1372.2	    0.0	  200.0	  742.9	 1316.0	    0.0	  200.0	  100.0	    0.0	    0.0	    0.0	    0.0	    0.1	   44.5	  1	 -550.0	 1050.0	    0.0	    0.0	    0.1	1	   51.8	 21	    0.0	    6.9	
 1780	 178.00	 -565.0	 1094.4	    9.4	  749.5	 1372.2	    0.0	  200.0	  742.9	 1316.0	    0.0	  200.0	  100.0	    0.0	    0.0	    0.0	    0.0	    0.1	   44.5	  1	 -550.0	 1050.0	    0.0	    0.0	    0.1	1	   45.7	 21	    0.0	    7.0	
 1781	 178.10	 -565.0	 1094.4	    9.6	  749.5	 1372.2	    0.0	  200.0	  742.9	 1316.0	    0.0	  200.0	  100.0	    0.0	    0.0	    0.0	    0.0	    0.1	   44.5	  1	 -550.0	 1050.0	    0.0	    0.0	    0.1	1	   45.7	 21	    0.0	    7.2	
 1782	 178.20	 -565.0	 1094.4	    9.6	  749.5	 1372.2	    0.0	  200.0	  742.9	 1316.0	    0.0	  200.0	  100.0	    0.0	    0.0	    0.0	    0.0	    0.1	   44.5	  1	 -550.0	 1050.0	    0.0	    0.0	    0.1	1	   45.7	 21	    0.0	    7.3	
 1783	 178.30	 -565.0	 1094.4	    9.6	  749.5	 1372.2	    0.0	  200.0	  742.9	 1316.0	    0.0	  200.0	  100.0	    0.0	    0.0	    0.0	    0.0	    0.1	   44.5	  1	 -550.0	 1050.0	    0.0	    0.0	    0.1	1	   45.7	 21	    0.0	    7.4	
 1784	 178.40	 -565.0	 1094.4	    9.6	  749.5	 1372.2	    0.0	  200.0	  742.9	 1316.0	    0.0	  200.0	  100.0	    0.0	    0.0	    0.0	    0.0	    0.1	   44.5	  1	 -550.0	 1050.0	    0.0	    0.0	    0.1	1	   45.7	 21	    0.0	    7.5	
 1785	 178.50	 -565.0	 1094.4	    9.6	  749.5	 1372.2	    0.0	  200.0	  742.9	 1316.0	    0.0	  200.0	  100.0	    0.0	    0.0	    0.0	    0.0	    0.2	   44.5	  1	 -550.0	 1050.0	    0.0	    0.0	    0.2	1	   45.7	 21	    0.0	    7.6	
 1786	 178.60	 -565.0	 1094.4	    9.6	  749.5	 1372.2	    0.0	  200.0	  742.9	 1316.0	    0.0	  200.0	  100.0	    0.0	    0.0	    0.0	    0.0	    0.2	   44.6	  1	 -550.0	 1050.0	    0.0	    0.0	    0.2	1	   45.7	 21	    0.0	    7.8	
 1787	 178.70	 -565.0	 1094.4	    9.6	  749.5	 1372.2	    0.0	  200.0	  742.9	 1316.0	    0.0	  200.0	  100.0	    0.0	    0.0	    0.0	    0.0	    0.2	   44.6	  1	 -550.0	 1050.0	    0.0	    0.0	    0.2	1	   45.7	 21	    0.0	    7.9	
 1788	 178.80	 -565.0	 1094.4	    9.6	  749.5	 1372.2	    0.0	  200.0	  742.9	 1316.0	    0.0	  200.0	  100.0	    0.0	    0.0	    0.0	    0.0	    0.2	   44.6	  1	 -550.0	 1050.0	    0.0	    0.0	    0.2	1	   45.7	 21	    0.0	    8.0	
 1789	 178.90	 -565.0	 1094.4	    9.6	  749.5	 1372.2	    0.0	  200.0	  742.9	 1316.0	    0.0	  200.0	  100.0	    0.0	    0.0	    0.0	    0.0	    0.2	   44.7	  1	 -550.0	 1050.0	    0.0	    0.0	    0.2	1	   45.7	 21	    0.0	    8.1	
 1790	 179.00	 -565.0	 1094.4	    9.6	  749.5	 1372.2	    0.0	  200.0	  742.9	 1316.0	    0.0	  200.0	  100.0	    0.0	    0.0	    0.0	    0.0	    0.2	   44.7	  1	 -550.0	 1050.0	    0.0	    0.0	    0.2	1	   45.7	 21	    0.0	    8.2	
 1791	 179.10	 -565.0	 1094.4	    9.6	  749.5	 1372.2	    0.0	  200.0	  742.9	 1316.0	    0.0	  200.0	  100.0	    0.0	    0.0	    0.0	    0.0	    0.2	   44.7	  1	 -550.0	 1050.0	    0.0	    0.0	    0.2	1	   45.7	 21	    0.0	    8.3	
 1792	 179.20	 -565.0	 1094.4	    9.6	  749.5	 1372.2	    0.0	  200.0	  742.9	 1316.0	    0.0	  200.0	  100.0	    0.0	    0.0	    0.0	    0.0	    0.2	   44.8	  1	 -550.0	 1050.0	    0.0	    0.0	    0.2	1	   45.7	 21	    0.0	    8.4	
 1793	 179.30	 -565.0	 1094.4	    9.6	  749.5	 1372.2	    0.0	  200.0	  742.9	 1316.0	    0.0	  200.0	  100.0	    0.0	    0.0	    0.0	    0.0	    0.2	   44.8	  1	 -550.0	 1050.0	    0.0	    0.0	    0.2	1	   45.7	 21	    0.0	    8.5	
 1794	 179.40	 -565.0	 1094.4	    9.6	  749.5	 1372.2	    0.0	  200.0	  742.9	 1316.0	    0.0	  200.0	  100.0	    0.0	    0.0	    0.0	    0.0	    0.2	   44.8	  1	 -550.0	 1050.0	    0.0	    0.0	    0.2	1	   45.7	 21	    0.0	    8.6	
 1795	 179.50	 -565.0	 1094.4	    9.6	  749.5	 1372.2	    0.0	  200.0	  742.9	 1316.0	    0.0	  200.0	  100.0	    0.0	    0.0	    0.0	    0.0	    0.2	   44.9	  1	 -550.0	 1050.0	    0.0	    0.0	    0.2	1	   45.7	 21	    0.0	    8.7	
 1796	 179.60	 -565.0	 1094.4	    9.6	  749.5	 1372.2	    0.0	  200.0	  742.9	 1316.0	    0.0	  200.0	  100.0	    0.0	    0.0	    0.0	    0.0	    0.2	   44.9	  1	 -550.0	 1050.0	    0.0	    0.0	    0.2	1	   45.7	 21	    0.0	    8.8	
 1797	 179.70	 -565.0	 1094.4	    9.6	  749.5	 1372.2	    0.0	  200.0	  742.9	 1316.0	    0.0	  200.0	  100.0	    0.0	    0.0	    0.0	    0.0	    0.2	   44.9	  1	 -550.0	 1050.0	    0.0	    0.0	    0.2	1	   45.7	 21	    0.0	    8.9	
 1798	 179.80	 -565.0	 1094.4	    9.6	  749.5	 1372.2	    0.0	  200.0	  742.9	 1316.0	    0.0	  200.0	  100.0	    0.0	    0.0	    0.0	    0.0	    0.3	   45.0	  1	 -550.0	 1050.0	    0.0	    0.0	    0.3	1	   45.7	 21	    0.0	    9.0	
 1799	 179.90	 -565.0	 1094.4	    9.6	  749.5	 1372.2	    0.0	  200.0	  742.9	 1316.0	    0.0	  200.0	  100.0	    0.0	    0.0	    0.0	    0.0	    0.3	   45.0	  1	 -550.0	 1050.0	    0.0	    0.0	    0.3	1	   45.7	 21	    0.0	    9.1	
 1800	 180.00	 -565.0	 1094.4	    9.6	  749.5	 1372.2	    0.0	  200.0	  742.9	 1316.0	    0.0	  200.0	  100.0	    0.0	    0.0	    0.0	    0.0	    0.3	   45.0	  1	 -550.0	 1050.0	    0.0	    0.0	    0.3	1	   45.7	 21	    0.0	    9.2	
 1801	 180.10	 -565.0	 1094.4	    9.6	  749.5	 1372.2	    0.0	  200.0	  742.9	 1316.0	    0.0	  200.0	  100.0	    0.0	    0.0	    0.0	    0.0	    0.3	   45.1	  1	 -550.0	 1050.0	    0.0	    0.0	    0.3	1	   45.7	 21	    0.0	    9.3	
 1802	 180.20	 -565.0	 1094.4	    9.6	  749.5	 1372.2	    0.0	  200.0	  742.9	 1316.0	    0.0	  200.0	  100.0	    0.0	    0.0	    0.0	    0.0	    0.3	   45.1	  1	 -550.0	 1050.0	    0.0	    0.0	    0.3	1	   45.7	 21	    0.0	    9.4	
 1803	 180.30	 -565.0	 1094.4	    9.6	  749.5	 1372.2	    0.0	  200.0	  742.9	 1316.0	    0.0	  200.0	  100.0	    0.0	    0.0	    0.0	    0.0	    0.3	   45.1	  1	 -550.0	 1050.0	    0.0	    0.0	    0.3	1	   45.7	 21	    0.0	    9.5	
 1804	 180.40	 -565.0	 1094.4	    9.6	  749.5	 1372.2	    0.0	  200.0	  742.9	 1316.0	    0.0	  200.0	  100.0	    0.0	    0.0	    0.0	    0.0	    0.3	   45.2	  1	 -350.0	 1950.0	    0.0	    0.0	    0.3	1	  295.0	 21	    0.0	    9.6	
 1805	 180.50	 -569.9	 1117.5	  101.8	  749.5	 1372.2	    0.0	  200.0	  742.9	 1316.0	    0.0	  200.0	  100.0	    0.0	    0.0	    0.0	    0.0	    0.3	   45.2	  1	 -350.0	 1950.0	    0.0	    0.0	    0.3	1	  294.7	 21	    0.0	    9.7	
 1806	 180.60	 -581.6	 1183.7	   99.9	  749.5	 1372.2	    0.0	  200.0	  742.9	 1316.0	    0.0	  200.0	  100.0	    0.0	    0.0	    0.0	    0.0	    0.3	   45.2	  1	 -350.0	 1950.0	    0.0	    0.0	    0.3	1	  294.2	 21	    0.0	    9.8	
 1807	 180.70	 -587.7	 1254.4	   94.3	  749.5	 1372.2	    0.0	  200.0	  742.9	 1316.0	    0.0	  200.0	  100.0	    0.0	    0.0	    0.0	    0.0	    0.3	   45.3	  1	 -350.0	 1950.0	    0.0	    0.0	    0.3	1	  294.0	 21	    0.0	    9.8	
 1808	 180.80	 -586.7	 1320.5	   88.6	  749.5	 1372.2	    0.0	  200.0	  742.9	 1316.0	    0.0	  200.0	  100.0	    0.0	    0.0	    0.0	    0.0	    0.3	   45.3	  1	 -350.0	 1950.0	    0.0	    0.0	    0.3	1	  294.1	 21	    0.0	    9.9	
 1809	 180.90	 -579.7	 1390.2	   83.6	  749.5	 1372.2	    0.0	  200.0	  742.9	 1316.0	    0.0	  200.0	  100.0	    0.0	    0.0	    0.0	    0.0	    0.3	   45.3	  1	 -350.0	 2050.0	    0.0	    0.0	    0.3	1	  294.3	 21	    0.0	    9.9	
 1810	 181.00	 -570.7	 1462.4	   82.8	  749.5	 1372.2	    0.0	  200.0	  742.9	 1316.0	    0.0	  200.0	  100.0	    0.0	    0.0	    0.0	    0.0	    0.3	   45.3	  1	 -350.0	 2050.0	    0.0	    0.0	    0.3	1	  295.3	 21	    0.0	    9.9	
 1811	 181.10	 -557.5	 1528.1	   78.2	  749.5	 1372.2	    0.0	  200.0	  742.9	 1316.0	    0.0	  200.0	  100.0	    0.0	    0.0	    0.0	    0.0	    0.3	   45.3	  1	 -350.0	 2050.0	    0.0	    0.0	    0.3	1	  296.3	 21	    0.0	    9.9	
 1812	 181.20	 -539.5	 1596.3	   74.7	  749.5	 1372.2	    0.0	  200.0	  742.9	 1316.0	    0.0	  200.0	  100.0	    0.0	    0.0	    0.0	    0.0	    0.3	   45.3	  1	 -250.0	 2150.0	    0.0	    0.0	    0.3	1	  298.5	 21	    0.0	    9.9	
 1813	 181.30	 -514.6	 1663.3	   68.9	  749.5	 1372.2	    0.0	  200.0	  742.9	 1316.0	    0.0	  200.0	  100.0	    0.0	    0.0	    0.0	    0.0	    0.3	   45.3	  1	 -250.0	 2150.0	    0.0	    0.0	    0.3	1	  299.0	 21	    0.0	    9.8	
 1814	 181.40	 -486.8	 1729.0	   66.9	  749.5	 1372.2	    0.0	  200.0	  742.9	 1316.0	    0.0	  200.0	  100.0	    0.0	    0.0	    0.0	    0.0	    0.3	   45.3	  1	 -450.0	 1750.0	    0.0	    0.0	    0.3	1	   35.6	 21	    0.0	    9.8	
 1815	 181.50	 -484.5	 1734.4	   29.8	  749.5	 1372.2	    0.0	  200.0	  742.9	 1316.0	    0.0	  200.0	  100.0	    0.0	    0.0	    0.0	    0.0	    0.3	   45.3	  1	 -450.0	 1750.0	    0.0	    0.0	    0.3	1	   36.0	 21	    0.0	    9.7	
 1816	 181.60	 -484.5	 1734.4	   24.4	  749.5	 1372.2	    0.0	  200.0	  742.9	 1316.0	    0.0	  200.0	  100.0	    0.0	    0.0	    0.0	    0.0	    0.3	   45.3	  1	 -450.0	 1750.0	    0.0	    0.0	    0.3	1	   36.0	 21	    0.0	    9.7	
 1817	 181.70	 -484.5	 1734.4	   24.4	  749.5	 1372.2	    0.0	  200.0	  742.9	 1316.0	    0.0	  200.0	  100.0	    0.0	    0.0	    0.0	    0.0	    0.3	   45.3	  1	 -450.0	 1750.0	    0.0	    0.0	    0.3	1	   36.0	 21	    0.0	    9.6	
 1818	 181.80	 -484.5	 1734.4	   24.4	  749.5	 1372.2	    0.0	  200.0	  742.9	 1316.0	    0.0	  200.0	  100.0	    0.0	    0.0	    0.0	    0.0	    0.3	   45.3	  1	 -450.0	 1750.0	    0.0	    0.0	    0.3	1	   36.0	 21	    0.0	    9.5	
 1819	 181.90	 -484.5	 1734.4	   24.4	  749.5	 1372.2	    0.0	  200.0	  742.9	 1316.0	    0.0	  200.0	  100.0	    0.0	    0.0	    0.0	    0.0	    0.3	   45.4	  1	 -450.0	 1750.0	    0.0	    0.0	    0.3	1	   36.0	 21	    0.0	    9.5	
 1820	 182.00	 -484.5	 1734.4	   24.4	  749.5	 1372.2	    0.0	  200.0	  742.9	 1316.0	    0.0	  200.0	  100.0	    0.0	    0.0	    0.0	    0.0	    0.3	   45.4	  1	 -450.0	 1750.0	    0.0	    0.0	    0.3	1	   36.0	 21	    0.0	    9.4	
 1821	 182.10	 -484.5	 1734.4	   24.4	  749.5	 1372.2	    0.0	  200.0	  742.9	 1316.0	    0.0	  200.0	  100.0	    0.0	    0.0	    0.0	    0.0	    0.3	   45.4	  1	 -450.0	 1750.0	    0.0	    0.0	    0.3	1	   36.0	 21	    0.0	    9.4	
 1822	 182.20	 -484.5	 1734.4	   24.4	  749.5	 1372.2	    0.0	  200.0	  742.9	 1316.0	    0.0	  200.0	  100.0	    0.0	    0.0	    0.0	    0.0	    0.3	   45.5	  1	 -450.0	 1750.0	    0.0	    0.0	    0.3	1	   36.0	 21	    0.0	    9.3	
 1823	 182.30	 -484.5	 1734.4	   24.4	  749.5	 1372.2	    0.0	  200.0	  742.9	 1316.0	    0.0	  200.0	  100.0	    0.0	    0.0	    0.0	    0.0	    0.3	   45.5	  1	 -450.0	 1750.0	    0.0	    0.0	    0.3	1	   36.0	 21	    0.0	    9.2	
 1824	 182.40	 -484.5	 1734.4	   24.4	  749.5	 1372.2	    0.0	  200.0	  742.9	 1316.0	    0.0	  200.0	  100.0	    0.0	    0.0	    0.0	    0.0	    0.3	   45.5	  1	 -450.0	 1750.0	    0.0	    0.0	    0.3	1	   36.0	 21	    0.0	    9.2	
 1825	 182.50	 -484.5	 1734.4	   24.4	  749.5	 1372.2	    0.0	  200.0	  742.9	 1316.0	    0.0	  200.0	  100.0	    0.0	    0.0	    0.0	    0.0	    0.3	   45.6	  1	 -450.0	 1750.0	    0.0	    0.0	    0.3	1	   36.0	 21	    0.0	    9.1	
 1826	 182.60	 -484.5	 1734.4	   24.4	  749.5	 1372.2	    0.0	  200.0	  742.9	 1316.0	    0.0	  200.0	  100.0	    0.0	    0.0	    0.0	    0.0	    0.3	   45.6	  1	 -450.0	 1750.0	    0.0	    0.0	    0.3	1	   36.0	 21	    0.0	    9.1	
 1827	 182.70	 -484.5	 1734.4	   24.4	  749.5	 1372.2	    0.0	  200.0	  742.9	 1316.0	    0.0	  200.0	  100.0	    0.0	    0.0	    0.0	    0.0	    0.2	   45.6	  1	 -450.0	 1750.0	    0.0	    0.0	    0.2	1	   36.0	 21	    0.0	    9.0	
 1828	 182.80	 -484.5	 1734.4	   24.4	  749.5	 1372.2	    0.0	  200.0	  742.9	 1316.0	    0.0	  200.0	  100.0	    0.0	    0.0	    0.0	    0.0	    0.2	   45.7	  1	 -450.0	 1750.0	    0.0	    0.0	    0.2	1	   36.0	 21	    0.0	    8.9	
 1829	 182.90	 -484.5	 1734.4	   24.4	  749.5	 1372.2	    0.0	  200.0	  742.9	 1316.0	    0.0	  200.0	  100.0	    0.0	    0.0	    0.0	    0.0	    0.2	   45.7	  1	 -450.0	 1750.0	    0.0	    0.0	    0.2	1	   36.0	 21	    0.0	    8.9	
 1830	 183.00	 -484.5	 1734.4	   24.4	  749.5	 1372.2	    0.0	  200.0	  742.9	 1316.0	    0.0	  200.0	  100.0	    0.0	    0.0	    0.0	    0.0	    0.2	   45.7	  1	 -450.0	 1750.0	    0.0	    0.0	    0.2	1	   36.0	 21	    0.0	    8.8	
 1831	 183.10	 -484.5	 1734.4	   24.4	  749.5	 1372.2	    0.0	  200.0	  742.9	 1316.0	    0.0	  200.0	  100.0	    0.0	    0.0	    0.0	    0.0	    0.2	   45.8	  1	 -450.0	 1750.0	    0.0	    0.0	    0.2	1	   36.0	 21	    0.0	    8.7	
 1832	 183.20	 -484.5	 1734.4	   24.4	  749.5	 1372.2	    0.0	  200.0	  742.9	 1316.0	    0.0	  200.0	  100.0	    0.0	    0.0	    0.0	    0.0	    0.2	   45.8	  1	 -450.0	 1750.0	    0.0	    0.0	    0.2	1	   36.0	 21	    0.0	    8.7	
 1833	 183.30	 -484.5	 1734.4	   24.4	  749.5	 1372.2	    0.0	  200.0	  742.9	 1316.0	    0.0	  200.0	  100.0	    0.0	    0.0	    0.0	    0.0	    0.2	   45.8	  1	 -450.0	 1750.0	    0.0	    0.0	    0.2	1	   36.0	 21	    0.0	    8.6	
 1834	 183.40	 -484.5	 1734.4	   24.4	  749.5	 1372.2	    0.0	  200.0	  742.9	 1316.0	    0.0	  200.0	  100.0	    0.0	    0.0	    0.0	    0.0	    0.2	   45.9	  1	 -450.0	 1750.0	    0.0	    0.0	    0.2	1	   36.0	 21	    0.0	    8.5	
 1835	 183.50	 -484.5	 1734.4	   24.4	  749.5	 1372.2	    0.0	  200.0	  742.9	 1316.0	    0.0	  200.0	  100.0	    0.0	    0.0	    0.0	    0.0	    0.2	   45.9	  1	 -450.0	 1750.0	    0.0	    0.0	    0.2	1	   36.0	 21	    0.0	    8.5	
 1836	 183.60	 -484.5	 1734.4	   24.4	  749.5	 1372.2	    0.0	  200.0	  742.9	 1316.0	    0.0	  200.0	  100.0	    0.0	    0.0	    0.0	    0.0	    0.2	   46.0	  1	 -450.0	 1750.0	    0.0	    0.0	    0.2	1	   36.0	 21	    0.0	    8.4	
 1837	 183.70	 -484.5	 1734.4	   24.4	  749.5	 1372.2	    0.0	  200.0	  742.9	 1316.0	    0.0	  200.0	  100.0	    0.0	    0.0	    0.0	    0.0	    0.2	   46.0	  1	 -450.0	 1750.0	    0.0	    0.0	    0.2	1	   36.0	 21	    0.0	    8.3	
 1838	 183.80	 -484.5	 1734.4	   24.4	  749.5	 1372.2	    0.0	  200.0	  742.9	 1316.0	    0.0	  200.0	  100.0	    0.0	    0.0	    0.0	    0.0	    0.2	   46.0	  1	 -450.0	 1750.0	    0.0	    0.0	    0.2	1	   36.0	 21	    0.0	    8.3	
 1839	 183.90	 -484.5	 1734.4	   24.4	  749.5	 1372.2	    0.0	  200.0	  742.9	 1316.0	    0.0	  200.0	  100.0	    0.0	    0.0	    0.0	    0.0	    0.2	   46.1	  1	 -450.0	 1750.0	    0.0	    0.0	    0.2	1	   36.0	 21	    0.0	    8.2	
 1840	 184.00	 -484.5	 1734.4	   24.4	  749.5	 1372.2	    0.0	  200.0	  742.9	 1316.0	    0.0	  200.0	  100.0	    0.0	    0.0	    0.0	    0.0	    0.2	   46.1	  1	 -450.0	 1750.0	    0.0	    0.0	    0.2	1	   36.0	 21	    0.0	    8.1	
 1841	 184.10	 -484.5	 1734.4	   24.4	  749.5	 1372.2	    0.0	  200.0	  742.9	 1316.0	    0.0	  200.0	  100.0	    0.0	    0.0	    0.0	    0.0	    0.2	   46.2	  1	 -450.0	 1750.0	    0.0	    0.0	    0.2	1	   36.0	 21	    0.0	    8.1	
 1842	 184.20	 -484.5	 1734.4	   24.4	  749.5	 1372.2	    0.0	  200.0	  742.9	 1316.0	    0.0	  200.0	  100.0	    0.0	    0.0	    0.0	    0.0	    0.2	   46.2	  1	 -450.0	 1750.0	    0.0	    0.0	    0.2	1	   36.0	 21	    0.0	    8.0	
 1843	 184.30	 -484.5	 1734.4	   24.4	  749.5	 1372.2	    0.0	  200.0	  742.9	 1316.0	    0.0	  200.0	  100.0	    0.0	    0.0	    0.0	    0.0	    0.2	   46.2	  1	 -450.0	 1750.0	    0.0	    0.0	    0.2	1	   36.0	 21	    0.0	    7.9	
 1844	 184.40	 -484.5	 1734.4	   24.4	  749.5	 1372.2	    0.0	  200.0	  742.9	 1316.0	    0.0	  200.0	  100.0	    0.0	    0.0	    0.0	    0.0	    0.2	   46.3	  1	 -450.0	 1750.0	    0.0	    0.0	    0.2	1	   36.0	 21	    0.0	    7.9	
 1845	 184.50	 -484.5	 1734.4	   24.4	  749.5	 1372.2	    0.0	  200.0	  742.9	 1316.0	    0.0	  200.0	  100.0	    0.0	    0.0	    0.0	    0.0	    0.2	   46.3	  1	 -450.0	 1750.0	    0.0	    0.0	    0.2	1	   36.0	 21	    0.0	    7.8	
 1846	 184.60	 -484.5	 1734.4	   24.4	  749.5	 1372.2	    0.0	  200.0	  742.9	 1316.0	    0.0	  200.0	  100.0	    0.0	    0.0	    0.0	    0.0	    0.2	   46.4	  1	 -450.0	 1750.0	    0.0	    0.0	    0.2	1	   36.0	 21	    0.0	    7.7	
 1847	 184.70	 -484.5	 1734.4	   24.4	  749.5	 1372.2	    0.0	  200.0	  742.9	 1316.0	    0.0	  200.0	  100.0	    0.0	    0.0	    0.0	    0.0	    0.2	   46.4	  1	 -450.0	 1750.0	    0.0	    0.0	    0.2	1	   36.0	 21	    0.0	    7.6	
 1848	 184.80	 -484.5	 1734.4	   24.4	  749.5	 1372.2	    0.0	  200.0	  742.9	 1316.0	    0.0	  200.0	  100.0	    0.0	    0.0	    0.0	    0.0	    0.1	   46.4	  1	 -450.0	 1750.0	    0.0	    0.0	    0.1	1	   36.0	 21	    0.0	    7.6	
 1849	 184.90	 -484.5	 1734.4	   24.4	  749.5	 1372.2	    0.0	  200.0	  742.9	 1316.0	    0.0	  200.0	  100.0	    0.0	    0.0	    0.0	    0.0	    0.1	   46.5	  1	 -450.0	 1750.0	    0.0	    0.0	    0.1	1	   36.0	 21	    0.0	    7.5	
 1850	 185.00	 -484.5	 1734.4	   24.4	  749.5	 1372.2	    0.0	  200.0	  742.9	 1316.0	    0.0	  200.0	  100.0	    0.0	    0.0	    0.0	    0.0	    0.1	   46.5	  1	 -450.0	 1750.0	    0.0	    0.0	    0.1	1	   36.0	 21	    0.0	    7.4	
 1851	 185.10	 -484.5	 1734.4	   24.4	  749.5	 1372.2	    0.0	  200.0	  742.9	 1316.0	    0.0	  200.0	  100.0	    0.0	    0.0	    0.0	    0.0	    0.1	   46.6	  1	 -450.0	  850.0	    0.0	    0.0	    0.1	1	  300.0	 21	    0.0	    7.3	
 1852	 185.20	 -489.5	 1714.9	 -104.4	  749.5	 1372.2	    0.0	  200.0	  742.9	 1316.0	    0.0	  200.0	  100.0	    0.0	    0.0	    0.0	    0.0	    0.1	   46.6	  1	 -450.0	  850.0	    0.0	    0.0	    0.1	1	  300.0	 21	    0.0	    7.3	
 1853	 185.30	 -506.5	 1648.2	 -104.3	  749.5	 1372.2	    0.0	  200.0	  742.9	 1316.0	    0.0	  200.0	  100.0	    0.0	    0.0	    0.0	    0.0	    0.1	   46.6	  1	 -450.0	  850.0	    0.0	    0.0	    0.1	1	  300.0	 21	    0.0	    7.2	
 1854	 185.40	 -524.5	 1576.1	 -103.9	  749.5	 1372.2	    0.0	  200.0	  742.9	 1316.0	    0.0	  200.0	  100.0	    0.0	    0.0	    0.0	    0.0	    0.1	   46.7	  1	 -450.0	  850.0	    0.0	    0.0	    0.1	1	  299.8	 21	    0.0	    7.2	
 1855	 185.50	 -540.1	 1508.2	 -102.9	  749.5	 1372.2	    0.0	  200.0	  742.9	 1316.0	    0.0	  200.0	  100.0	    0.0	    0.0	    0.0	    0.0	    0.1	   46.7	  1	 -450.0	  850.0	    0.0	    0.0	    0.1	1	  299.6	 21	    0.0	    7.2	
 1856	 185.60	 -554.8	 1436.9	 -101.4	  749.5	 1372.2	    0.0	  200.0	  742.9	 1316.0	    0.0	  200.0	  100.0	    0.0	    0.0	    0.0	    0.0	    0.1	   46.7	  1	 -450.0	  850.0	    0.0	    0.0	    0.1	1	  299.3	 21	    0.0	    7.2	
 1857	 185.70	 -566.9	 1364.8	  -99.3	  749.5	 1372.2	    0.0	  200.0	  742.9	 1316.0	    0.0	  200.0	  100.0	    0.0	    0.0	    0.0	    0.0	    0.1	   46.7	  1	 -450.0	  850.0	    0.0	    0.0	    0.1	1	  298.8	 21	    0.0	    7.3	
 1858	 185.80	 -575.3	 1292.7	  -96.3	  749.5	 1372.2	    0.0	  200.0	  742.9	 1316.0	    0.0	  200.0	  100.0	    0.0	    0.0	    0.0	    0.0	    0.1	   46.7	  1	 -450.0	  850.0	    0.0	    0.0	    0.1	1	  297.8	 21	    0.0	    7.3	
 1859	 185.90	 -578.8	 1223.3	  -92.5	  749.5	 1372.2	    0.0	  200.0	  742.9	 1316.0	    0.0	  200.0	  100.0	    0.0	    0.0	    0.0	    0.0	    0.1	   46.7	  1	 -550.0	 1150.0	    0.0	    0.0	    0.1	1	   72.6	 21	    0.0	    7.4	
 1860	 186.00	 -579.2	 1214.7	    4.0	  749.5	 1372.2	    0.0	  200.0	  742.9	 1316.0	    0.0	  200.0	  100.0	    0.0	    0.0	    0.0	    0.0	    0.1	   46.7	  1	 -550.0	 1150.0	    0.0	    0.0	    0.1	1	   67.4	 21	    0.0	    7.5	
 1861	 186.10	 -579.2	 1214.7	    4.4	  749.5	 1372.2	    0.0	  200.0	  742.9	 1316.0	    0.0	  200.0	  100.0	    0.0	    0.0	    0.0	    0.0	    0.1	   46.7	  1	 -550.0	 1150.0	    0.0	    0.0	    0.1	1	   67.4	 21	    0.0	    7.6	
 1862	 186.20	 -579.2	 1214.7	    4.4	  749.5	 1372.2	    0.0	  200.0	  742.9	 1316.0	    0.0	  200.0	  100.0	    0.0	    0.0	    0.0	    0.0	    0.2	   46.7	  1	 -550.0	 1150.0	    0.0	    0.0	    0.2	1	   67.4	 21	    0.0	    7.7	
 1863	 186.30	 -579.2	 1214.7	    4.4	  749.5	 1372.2	    0.0	  200.0	  742.9	 1316.0	    0.0	  200.0	  100.0	    0.0	    0.0	    0.0	    0.0	    0.2	   46.7	  1	 -550.0	 1150.0	    0.0	    0.0	    0.2	1	   67.4	 21	    0.0	    7.7	
 1864	 186.40	 -579.2	 1214.7	    4.4	  749.5	 1372.2	    0.0	  200.0	  742.9	 1316.0	    0.0	  200.0	  100.0	    0.0	    0.0	    0.0	    0.0	    0.2	   46.8	  1	 -550.0	 1150.0	    0.0	    0.0	    0.2	1	   67.4	 21	    0.0	    7.8	
 1865	 186.50	 -579.2	 1214.7	    4.4	  749.5	 1372.2	    0.0	  200.0	  742.9	 1316.0	    0.0	  200.0	  100.0	    0.0	    0.0	    0.0	    0.0	    0.2	   46.8	  1	 -550.0	 1250.0	    0.0	    0.0	    0.2	1	   38.4	 21	    0.0	    7.9	
 1866	 186.60	 -579.2	 1214.7	    4.4	  749.5	 1372.2	    0.0	  200.0	  742.9	 1316.0	    0.0	  200.0	  100.0	    0.0	    0.0	    0.0	    0.0	    0.2	   46.8	  1	 -550.0	 1250.0	    0.0	    0.0	    0.2	1	   38.4	 21	    0.0	    8.0	
 1867	 186.70	 -579.2	 1214.7	    4.4	  749.5	 1372.2	    0.0	  200.0	  742.9	 1316.0	    0.0	  200.0	  100.0	    0.0	    0.0	    0.0	    0.0	    0.2	   46.9	  1	 -550.0	 1250.0	    0.0	    0.0	    0.2	1	   38.4	 21	    0.0	    8.1	
 1868	 186.80	 -579.2	 1214.7	    4.4	  749.5	 1372.2	    0.0	  200.0	  742.9	 1316.0	    0.0	  200.0	  100.0	    0.0	    0.0	    0.0	    0.0	    0.2	   46.9	  1	 -550.0	 1250.0	    0.0	    0.0	    0.2	1	   38.4	 21	    0.0	    8.1	
 1869	 186.90	 -579.2	 1214.7	    4.4	  749.5	 1372.2	    0.0	  200.0	  742.9	 1316.0	    0.0	  200.0	  100.0	    0.0	    0.0	    0.0	    0.0	    0.2	   46.9	  1	 -550.0	 1250.0	    0.0	    0.0	    0.2	1	   38.4	 21	    0.0	    8.2	
 1870	 187.00	 -579.2	 1214.7	    4.4	  749.5	 1372.2	    0.0	  200.0	  742.9	 1316.0	    0.0	  200.0	  100.0	    0.0	    0.0	    0.0	    0.0	    0.2	   47.0	  1	 -550.0	 1250.0	    0.0	    0.0	    0.2	1	   38.4	 21	    0.0	    8.3	
 1871	 187.10	 -579.2	 1214.7	    4.4	  749.5	 1372.2	    0.0	  200.0	  742.9	 1316.0	    0.0	  200.0	  100.0	    0.0	    0.0	    0.0	    0.0	    0.2	   47.0	  1	 -550.0	 1250.0	    0.0	    0.0	    0.2	1	   38.4	 21	    0.0	    8.4	
 1872	 187.20	 -579.2	 1214.7	    4.4	  749.5	 1372.2	    0.0	  200.0	  742.9	 1316.0	    0.0	  200.0	  100.0	    0.0	    0.0	    0.0	    0.0	    0.2	   47.0	  1	 -550.0	 1250.0	    0.0	    0.0	    0.2	1	   38.4	 21	    0.0	    8.4	
 1873	 187.30	 -579.2	 1214.7	    4.4	  749.5	 1372.2	    0.0	  200.0	  742.9	 1316.0	    0.0	  200.0	  100.0	    0.0	    0.0	    0.0	    0.0	    0.2	   47.1	  1	 -550.0	 1250.0	    0.0	    0.0	    0.2	1	   38.4	 21	    0.0	    8.5	
 1874	 187.40	 -579.2	 1214.7	    4.4	  749.5	 1372.2	    0.0	  200.0	  742.9	 1316.0	    0.0	  200.0	  100.0	    0.0	    0.0	    0.0	    0.0	    0.2	   47.1	  1	 -550.0	 1250.0	    0.0	    0.0	    0.2	1	   38.4	 21	    0.0	    8.6	
 1875	 187.50	 -579.2	 1214.7	    4.4	  749.5	 1372.2	    0.0	  200.0	  742.9	 1316.0	    0.0	  200.0	  100.0	    0.0	    0.0	    0.0	    0.0	    0.2	   47.1	  1	 -550.0	 1250.0	    0.0	    0.0	    0.2	1	   38.4	 21	    0.0	    8.7	
 1876	 187.60	 -579.2	 1214.7	    4.4	  749.5	 1372.2	    0.0	  200.0	  742.9	 1316.0	    0.0	  200.0	  100.0	    0.0	    0.0	    0.0	    0.0	    0.2	   47.2	  1	 -550.0	 1250.0	    0.0	    0.0	    0.2	1	   38.4	 21	    0.0	    8.7	
 1877	 187.70	 -579.2	 1214.7	    4.4	  749.5	 1372.2	    0.0	  200.0	  742.9	 1316.0	    0.0	  200.0	  100.0	    0.0	    0.0	    0.0	    0.0	    0.2	   47.2	  1	 -550.0	 1250.0	    0.0	    0.0	    0.2	1	   38.4	 21	    0.0	    8.8	
 1878	 187.80	 -579.2	 1214.7	    4.4	  749.5	 1372.2	    0.0	  200.0	  742.9	 1316.0	    0.0	  200.0	  100.0	    0.0	    0.0	    0.0	    0.0	    0.2	   47.3	  1	 -550.0	 1250.0	    0.0	    0.0	    0.2	1	   38.4	 21	    0.0	    8.9	
 1879	 187.90	 -579.2	 1214.7	    4.4	  749.5	 1372.2	    0.0	  200.0	  742.9	 1316.0	    0.0	  200.0	  100.0	    0.0	    0.0	    0.0	    0.0	    0.2	   47.3	  1	 -550.0	 1250.0	    0.0	    0.0	    0.2	1	   38.4	 21	    0.0	    8.9	
 1880	 188.00	 -579.2	 1214.7	    4.4	  749.5	 1372.2	    0.0	  200.0	  742.9	 1316.0	    0.0	  200.0	  100.0	    0.0	    0.0	    0.0	    0.0	    0.3	   47.3	  1	 -550.0	 1250.0	    0.0	    0.0	    0.3	1	   38.4	 21	    0.0	    9.0	
 1881	 188.10	 -579.2	 1214.7	    4.4	  749.5	 1372.2	    0.0	  200.0	  742.9	 1316.0	    0.0	  200.0	  100.0	    0.0	    0.0	    0.0	    0.0	    0.3	   47.4	  1	 -550.0	 1250.0	    0.0	    0.0	    0.3	1	   38.4	 21	    0.0	    9.1	
 1882	 188.20	 -579.2	 1214.7	    4.4	  749.5	 1372.2	    0.0	  200.0	  742.9	 1316.0	    0.0	  200.0	  100.0	    0.0	    0.0	    0.0	    0.0	    0.3	   47.4	  1	 -550.0	 1250.0	    0.0	    0.0	    0.3	1	   38.4	 21	    0.0	    9.2	
 1883	 188.30	 -579.2	 1214.7	    4.4	  749.5	 1372.2	    0.0	  200.0	  742.9	 1316.0	    0.0	  200.0	  100.0	    0.0	    0.0	    0.0	    0.0	    0.3	   47.5	  1	 -550.0	 1250.0	    0.0	    0.0	    0.3	1	   38.4	 21	    0.0	    9.2	
 1884	 188.40	 -579.2	 1214.7	    4.4	  749.5	 1372.2	    0.0	  200.0	  742.9	 1316.0	    0.0	  200.0	  100.0	    0.0	    0.0	    0.0	    0.0	    0.3	   47.5	  1	 -350.0	 1950.0	    0.0	    0.0	    0.3	1	  293.8	 21	    0.0	    9.3	
 1885	 188.50	 -580.4	 1240.7	   92.8	  749.5	 1372.2	    0.0	  200.0	  742.9	 1316.0	    0.0	  200.0	  100.0	    0.0	    0.0	    0.0	    0.0	    0.3	   47.5	  1	 -350.0	 1950.0	    0.0	    0.0	    0.3	1	  293.6	 21	    0.0	    9.4	
 1886	 188.60	 -581.4	 1308.7	   90.8	  749.5	 1372.2	    0.0	  200.0	  742.9	 1316.0	    0.0	  200.0	  100.0	    0.0	    0.0	    0.0	    0.0	    0.3	   47.6	  1	 -350.0	 1950.0	    0.0	    0.0	    0.3	1	  293.8	 21	    0.0	    9.4	
 1887	 188.70	 -576.5	 1376.0	   85.4	  749.5	 1372.2	    0.0	  200.0	  742.9	 1316.0	    0.0	  200.0	  100.0	    0.0	    0.0	    0.0	    0.0	    0.3	   47.6	  1	 -350.0	 2050.0	    0.0	    0.0	    0.3	1	  294.0	 21	    0.0	    9.4	
 1888	 188.80	 -569.6	 1447.9	   84.4	  749.5	 1372.2	    0.0	  200.0	  742.9	 1316.0	    0.0	  200.0	  100.0	    0.0	    0.0	    0.0	    0.0	    0.3	   47.6	  1	 -350.0	 2050.0	    0.0	    0.0	    0.3	1	  294.9	 21	    0.0	    9.4	
 1889	 188.90	 -557.6	 1516.0	   79.6	  749.5	 1372.2	    0.0	  200.0	  742.9	 1316.0	    0.0	  200.0	  100.0	    0.0	    0.0	    0.0	    0.0	    0.3	   47.6	  1	 -350.0	 2050.0	    0.0	    0.0	    0.3	1	  296.0	 21	    0.0	    9.4	
 1890	 189.00	 -541.4	 1581.4	   75.8	  749.5	 1372.2	    0.0	  200.0	  742.9	 1316.0	    0.0	  200.0	  100.0	    0.0	    0.0	    0.0	    0.0	    0.3	   47.6	  1	 -250.0	 2150.0	    0.0	    0.0	    0.3	1	  298.2	 21	    0.0	    9.4	
 1891	 189.10	 -518.0	 1648.0	   69.9	  749.5	 1372.2	    0.0	  200.0	  742.9	 1316.0	    0.0	  200.0	  100.0	    0.0	    0.0	    0.0	    0.0	    0.3	   47.6	  1	 -250.0	 2150.0	    0.0	    0.0	    0.3	1	  298.8	 21	    0.0	    9.4	
 1892	 189.20	 -490.9	 1714.7	   67.7	  749.5	 1372.2	    0.0	  200.0	  742.9	 1316.0	    0.0	  200.0	  100.0	    0.0	    0.0	    0.0	    0.0	    0.3	   47.6	  1	 -450.0	 1750.0	    0.0	    0.0	    0.3	1	   45.6	 21	    0.0	    9.3	
 1893	 189.30	 -488.7	 1720.2	   40.8	  749.5	 1372.2	    0.0	  200.0	  742.9	 1316.0	    0.0	  200.0	  100.0	    0.0	    0.0	    0.0	    0.0	    0.3	   47.6	  1	 -450.0	 1750.0	    0.0	    0.0	    0.3	1	   43.9	 21	    0.0	    9.3	
 1894	 189.40	 -488.7	 1720.2	   37.6	  749.5	 1372.2	    0.0	  200.0	  742.9	 1316.0	    0.0	  200.0	  100.0	    0.0	    0.0	    0.0	    0.0	    0.3	   47.7	  1	 -450.0	 1750.0	    0.0	    0.0	    0.3	1	   43.9	 21	    0.0	    9.2	
 1895	 189.50	 -488.7	 1720.2	   37.6	  749.5	 1372.2	    0.0	  200.0	  742.9	 1316.0	    0.0	  200.0	  100.0	    0.0	    0.0	    0.0	    0.0	    0.3	   47.7	  1	 -450.0	 1750.0	    0.0	    0.0	    0.3	1	   43.9	 21	    0.0	    9.2	
 1896	 189.60	 -488.7	 1720.2	   37.6	  749.5	 1372.2	    0.0	  200.0	  742.9	 1316.0	    0.0	  200.0	  100.0	    0.0	    0.0	    0.0	    0.0	    0.3	   47.7	  1	 -450.0	 1750.0	    0.0	    0.0	    0.3	1	   43.9	 21	    0.0	    9.1	
 1897	 189.70	 -488.7	 1720.2	   37.6	  749.5	 1372.2	    0.0	  200.0	  742.9	 1316.0	    0.0	  200.0	  100.0	    0.0	    0.0	    0.0	    0.0	    0.3	   47.7	  1	 -450.0	 1750.0	    0.0	    0.0	    0.3	1	   43.9	 21	    0.0	    9.0	
 1898	 189.80	 -488.7	 1720.2	   37.6	  749.5	 1372.2	    0.0	  200.0	  742.9	 1316.0	    0.0	  200.0	  100.0	    0.0	    0.0	    0.0	    0.0	    0.2	   47.8	  1	 -450.0	 1750.0	    0.0	    0.0	    0.2	1	   43.9	 21	    0.0	    9.0	
 1899	 189.90	 -488.7	 1720.2	   37.6	  749.5	 1372.2	    0.0	  200.0	  742.9	 1316.0	    0.0	  200.0	  100.0	    0.0	    0.0	    0.0	    0.0	    0.2	   47.8	  1	 -450.0	 1750.0	    0.0	    0.0	    0.2	1	   43.9	 21	    0.0	    8.9	
 1900	 190.00	 -488.7	 1720.2	   37.6	  749.5	 1372.2	    0.0	  200.0	  742.9	 1316.0	    0.0	  200.0	  100.0	    0.0	    0.0	    0.0	    0.0	    0.2	   47.8	  1	 -450.0	 1750.0	    0.0	    0.0	    0.2	1	   43.9	 21	    0.0	    8.9	
 1901	 190.10	 -488.7	 1720.2	   37.6	  749.5	 1372.2	    0.0	  200.0	  742.9	 1316.0	    0.0	  200.0	  100.0	    0.0	    0.0	    0.0	    0.0	    0.2	   47.9	  1	 -450.0	 1750.0	    0.0	    0.0	    0.2	1	   43.9	 21	    0.0	    8.8	
 1902	 190.20	 -488.7	 1720.2	   37.6	  749.5	 1372.2	    0.0	  200.0	  742.9	 1316.0	    0.0	  200.0	  100.0	    0.0	    0.0	    0.0	    0.0	    0.2	   47.9	  1	 -450.0	 1750.0	    0.0	    0.0	    0.2	1	   43.9	 21	    0.0	    8.7	
 1903	 190.30	 -488.7	 1720.2	   37.6	  749.5	 1372.2	    0.0	  200.0	  742.9	 1316.0	    0.0	  200.0	  100.0	    0.0	    0.0	    0.0	    0.0	    0.2	   47.9	  1	 -450.0	 1750.0	    0.0	    0.0	    0.2	1	   43.9	 21	    0.0	    8.7	
 1904	 190.40	 -488.7	 1720.2	   37.6	  749.5	 1372.2	    0.0	  200.0	  742.9	 1316.0	    0.0	  200.0	  100.0	    0.0	    0.0	    0.0	    0.0	    0.2	   48.0	  1	 -450.0	 1750.0	    0.0	    0.0	    0.2	1	   43.9	 21	    0.0	    8.6	
 1905	 190.50	 -488.7	 1720.2	   37.6	  749.5	 1372.2	    0.0	  200.0	  742.9	 1316.0	    0.0	  200.0	  100.0	    0.0	    0.0	    0.0	    0.0	    0.2	   48.0	  1	 -450.0	 1750.0	    0.0	    0.0	    0.2	1	   43.9	 21	    0.0	    8.6	
 1906	 190.60	 -488.7	 1720.2	   37.6	  749.5	 1372.2	    0.0	  200.0	  742.9	 1316.0	    0.0	  200.0	  100.0	    0.0	    0.0	    0.0	    0.0	    0.2	   48.0	  1	 -450.0	 1750.0	    0.0	    0.0	    0.2	1	   43.9	 21	    0.0	    8.5	
 1907	 190.70	 -488.7	 1720.2	   37.6	  749.5	 1372.2	    0.0	  200.0	  742.9	 1316.0	    0.0	  200.0	  100.0	    0.0	    0.0	    0.0	    0.0	    0.2	   48.1	  1	 -450.0	 1750.0	    0.0	    0.0	    0.2	1	   43.9	 21	    0.0	    8.4	
 1908	 190.80	 -488.7	 1720.2	   37.6	  749.5	 1372.2	    0.0	  200.0	  742.9	 1316.0	    0.0	  200.0	  100.0	    0.0	    0.0	    0.0	    0.0	    0.2	   48.1	  1	 -450.0	 1750.0	    0.0	    0.0	    0.2	1	   43.9	 21	    0.0	    8.4	
 1909	 190.90	 -488.7	 1720.2	   37.6	  749.5	 1372.2	    0.0	  200.0	  742.9	 1316.0	    0.0	  200.0	  100.0	    0.0	    0.0	    0.0	    0.0	    0.2	   48.2	  1	 -450.0	 1750.0	    0.0	    0.0	    0.2	1	   43.9	 21	    0.0	    8.3	
 1910	 191.00	 -488.7	 1720.2	   37.6	  749.5	 1372.2	    0.0	  200.0	  742.9	 1316.0	    0.0	  200.0	  100.0	    0.0	    0.0	    0.0	    0.0	    0.2	   48.2	  1	 -450.0	 1750.0	    0.0	    0.0	    0.2	1	   43.9	 21	    0.0	    8.2	
 1911	 191.10	 -488.7	 1720.2	   37.6	  749.5	 1372.2	    0.0	  200.0	  742.9	 1316.0	    0.0	  200.0	  100.0	    0.0	    0.0	    0.0	    0.0	    0.2	   48.2	  1	 -450.0	 1750.0	    0.0	    0.0	    0.2	1	   43.9	 21	    0.0	    8.2	
 1912	 191.20	 -488.7	 1720.2	   37.6	  749.5	 1372.2	    0.0	  200.0	  742.9	 1316.0	    0.0	  200.0	  100.0	    0.0	    0.0	    0.0	    0.0	    0.2	   48.3	  1	 -450.0	 1750.0	    0.0	    0.0	    0.2	1	   43.9	 21	    0.0	    8.1	
 1913	 191.30	 -488.7	 1720.2	   37.6	  749.5	 1372.2	    0.0	  200.0	  742.9	 1316.0	    0.0	  200.0	  100.0	    0.0	    0.0	    0.0	    0.0	    0.2	   48.3	  1	 -450.0	 1750.0	    0.0	    0.0	    0.2	1	   43.9	 21	    0.0	    8.0	
 1914	 191.40	 -488.7	 1720.2	   37.6	  749.5	 1372.2	    0.0	  200.0	  742.9	 1316.0	    0.0	  200.0	  100.0	    0.0	    0.0	    0.0	    0.0	    0.2	   48.3	  1	 -450.0	 1750.0	    0.0	    0.0	    0.2	1	   43.9	 21	    0.0	    8.0	
 1915	 191.50	 -488.7	 1720.2	   37.6	  749.5	 1372.2	    0.0	  200.0	  742.9	 1316.0	    0.0	  200.0	  100.0	    0.0	    0.0	    0.0	    0.0	    0.2	   48.4	  1	 -450.0	 1750.0	    0.0	    0.0	    0.2	1	   43.9	 21	    0.0	    7.9	
 1916	 191.60	 -488.7	 1720.2	   37.6	  749.5	 1372.2	    0.0	  200.0	  742.9	 1316.0	    0.0	  200.0	  100.0	    0.0	    0.0	    0.0	    0.0	    0.2	   48.4	  1	 -450.0	 1750.0	    0.0	    0.0	    0.2	1	   43.9	 21	    0.0	    7.8	
 1917	 191.70	 -488.7	 1720.2	   37.6	  749.5	 1372.2	    0.0	  200.0	  742.9	 1316.0	    0.0	  200.0	  100.0	    0.0	    0.0	    0.0	    0.0	    0.2	   48.5	  1	 -450.0	 1750.0	    0.0	    0.0	    0.2	1	   43.9	 21	    0.0	    7.8	
 1918	 191.80	 -488.7	 1720.2	   37.6	  749.5	 1372.2	    0.0	  200.0	  742.9	 1316.0	    0.0	  200.0	  100.0	    0.0	    0.0	    0.0	    0.0	    0.2	   48.5	  1	 -450.0	 1750.0	    0.0	    0.0	    0.2	1	   43.9	 21	    0.0	    7.7	
 1919	 191.90	 -488.7	 1720.2	   37.6	  749.5	 1372.2	    0.0	  200.0	  742.9	 1316.0	    0.0	  200.0	  100.0	    0.0	    0.0	    0.0	    0.0	    0.2	   48.5	  1	 -450.0	 1750.0	    0.0	    0.0	    0.2	1	   43.9	 21	    0.0	    7.6	
 1920	 192.00	 -488.7	 1720.2	   37.6	  749.5	 1372.2	    0.0	  200.0	  742.9	 1316.0	    0.0	  200.0	  100.0	    0.0	    0.0	    0.0	    0.0	    0.1	   48.6	  1	 -450.0	 1750.0	    0.0	    0.0	    0.1	1	   43.9	 21	    0.0	    7.6	
 1921	 192.10	 -488.7	 1720.2	   37.6	  749.5	 1372.2	    0.0	  200.0	  742.9	 1316.0	    0.0	  200.0	  100.0	    0.0	    0.0	    0.0	    0.0	    0.1	   48.6	  1	 -450.0	 1750.0	    0.0	    0.0	    0.1	1	   43.9	 21	    0.0	    7.5	
 1922	 192.20	 -488.7	 1720.2	   37.6	  749.5	 1372.2	    0.0	  200.0	  742.9	 1316.0	    0.0	  200.0	  100.0	    0.0	    0.0	    0.0	    0.0	    0.1	   48.7	  1	 -450.0	 1750.0	    0.0	    0.0	    0.1	1	   43.9	 21	    0.0	    7.4	
 1923	 192.30	 -488.7	 1720.2	   37.6	  749.5	 1372.2	    0.0	  200.0	  742.9	 1316.0	    0.0	  200.0	  100.0	    0.0	    0.0	    0.0	    0.0	    0.1	   48.7	  1	 -450.0	  850.0	    0.0	    0.0	    0.1	1	  300.0	 21	    0.0	    7.4	
 1924	 192.40	 -493.7	 1700.5	 -104.3	  749.5	 1372.2	    0.0	  200.0	  742.9	 1316.0	    0.0	  200.0	  100.0	    0.0	    0.0	    0.0	    0.0	    0.1	   48.7	  1	 -450.0	  850.0	    0.0	    0.0	    0.1	1	  300.0	 21	    0.0	    7.3	
 1925	 192.50	 -510.8	 1633.2	 -104.2	  749.5	 1372.2	    0.0	  200.0	  742.9	 1316.0	    0.0	  200.0	  100.0	    0.0	    0.0	    0.0	    0.0	    0.1	   48.8	  1	 -450.0	  850.0	    0.0	    0.0	    0.1	1	  299.9	 21	    0.0	    7.3	
 1926	 192.60	 -528.0	 1562.8	 -103.7	  749.5	 1372.2	    0.0	  200.0	  742.9	 1316.0	    0.0	  200.0	  100.0	    0.0	    0.0	    0.0	    0.0	    0.1	   48.8	  1	 -450.0	  850.0	    0.0	    0.0	    0.1	1	  299.8	 21	    0.0	    7.2	
 1927	 192.70	 -543.6	 1493.7	 -102.6	  749.5	 1372.2	    0.0	  200.0	  742.9	 1316.0	    0.0	  200.0	  100.0	    0.0	    0.0	    0.0	    0.0	    0.1	   48.8	  1	 -450.0	  850.0	    0.0	    0.0	    0.1	1	  299.6	 21	    0.0	    7.2	
 1928	 192.80	 -557.8	 1422.2	 -101.0	  749.5	 1372.2	    0.0	  200.0	  742.9	 1316.0	    0.0	  200.0	  100.0	    0.0	    0.0	    0.0	    0.0	    0.1	   48.8	  1	 -450.0	  850.0	    0.0	    0.0	    0.1	1	  299.2	 21	    0.0	    7.3	
 1929	 192.90	 -569.2	 1350.1	  -98.7	  749.5	 1372.2	    0.0	  200.0	  742.9	 1316.0	    0.0	  200.0	  100.0	    0.0	    0.0	    0.0	    0.0	    0.1	   48.8	  1	 -450.0	  850.0	    0.0	    0.0	    0.1	1	  298.6	 21	    0.0	    7.3	
 1930	 193.00	 -576.4	 1279.6	  -95.7	  749.5	 1372.2	    0.0	  200.0	  742.9	 1316.0	    0.0	  200.0	  100.0	    0.0	    0.0	    0.0	    0.0	    0.1	   48.8	  1	 -550.0	 1250.0	    0.0	    0.0	    0.1	1	   39.6	 21	    0.0	    7.4	
 1931	 193.10	 -577.0	 1273.8	    1.6	  749.5	 1372.2	    0.0	  200.0	  742.9	 1316.0	    0.0	  200.0	  100.0	    0.0	    0.0	    0.0	    0.0	    0.1	   48.9	  1	 -550.0	 1250.0	    0.0	    0.0	    0.1	1	   31.7	 21	    0.0	    7.4	
 1932	 193.20	 -577.0	 1273.8	    1.8	  749.5	 1372.2	    0.0	  200.0	  742.9	 1316.0	    0.0	  200.0	  100.0	    0.0	    0.0	    0.0	    0.0	    0.1	   48.9	  1	 -550.0	 1250.0	    0.0	    0.0	    0.1	1	   31.7	 21	    0.0	    7.5	
 1933	 193.30	 -577.0	 1273.8	    1.8	  749.5	 1372.2	    0.0	  200.0	  742.9	 1316.0	    0.0	  200.0	  100.0	    0.0	    0.0	    0.0	    0.0	    0.1	   48.9	  1	 -550.0	 1250.0	    0.0	    0.0	    0.1	1	   31.7	 21	    0.0	    7.6	
 1934	 193.40	 -577.0	 1273.8	    1.8	  749.5	 1372.2	    0.0	  200.0	  742.9	 1316.0	    0.0	  200.0	  100.0	    0.0	    0.0	    0.0	    0.0	    0.2	   48.9	  1	 -550.0	 1250.0	    0.0	    0.0	    0.2	1	   31.7	 21	    0.0	    7.6	
 1935	 193.50	 -577.0	 1273.8	    1.8	  749.5	 1372.2	    0.0	  200.0	  742.9	 1316.0	    0.0	  200.0	  100.0	    0.0	    0.0	    0.0	    0.0	    0.2	   49.0	  1	 -550.0	 1250.0	    0.0	    0.0	    0.2	1	   31.7	 21	    0.0	    7.7	
 1936	 193.60	 -577.0	 1273.8	    1.8	  749.5	 1372.2	    0.0	  200.0	  742.9	 1316.0	    0.0	  200.0	  100.0	    0.0	    0.0	    0.0	    0.0	    0.2	   49.0	  1	 -550.0	 1250.0	    0.0	    0.0	    0.2	1	   31.7	 21	    0.0	    7.8	
 1937	 193.70	 -577.0	 1273.8	    1.8	  749.5	 1372.2	    0.0	  200.0	  742.9	 1316.0	    0.0	  200.0	  100.0	    0.0	    0.0	    0.0	    0.0	    0.2	   49.0	  1	 -550.0	 1250.0	    0.0	    0.0	    0.2	1	   31.7	 21	    0.0	    7.8	
 1938	 193.80	 -577.0	 1273.8	    1.8	  749.5	 1372.2	    0.0	  200.0	  742.9	 1316.0	    0.0	  200.0	  100.0	    0.0	    0.0	    0.0	    0.0	    0.2	   49.1	  1	 -550.0	 1250.0	    0.0	    0.0	    0.2	1	   31.7	 21	    0.0	    7.9	
 1939	 193.90	 -577.0	 1273.8	    1.8	  749.5	 1372.2	    0.0	  200.0	  742.9	 1316.0	    0.0	  200.0	  100.0	    0.0	    0.0	    0.0	    0.0	    0.2	   49.1	  1	 -550.0	 1250.0	    0.0	    0.0	    0.2	1	   31.7	 21	    0.0	    8.0	
 1940	 194.00	 -577.0	 1273.8	    1.8	  749.5	 1372.2	    0.0	  200.0	  742.9	 1316.0	    0.0	  200.0	  100.0	    0.0	    0.0	    0.0	    0.0	    0.2	   49.1	  1	 -550.0	 1250.0	    0.0	    0.0	    0.2	1	   31.7	 21	    0.0	    8.0	
 1941	 194.10	 -577.0	 1273.8	    1.8	  749.5	 1372.2	    0.0	  200.0	  742.9	 1316.0	    0.0	  200.0	  100.0	    0.0	    0.0	    0.0	    0.0	    0.2	   49.2	  1	 -550.0	 1250.0	    0.0	    0.0	    0.2	1	   31.7	 21	    0.0	    8.1	
 1942	 194.20	 -577.0	 1273.8	    1.8	  749.5	 1372.2	    0.0	  200.0	  742.9	 1316.0	    0.0	  200.0	  100.0	    0.0	    0.0	    0.0	    0.0	    0.2	   49.2	  1	 -550.0	 1250.0	    0.0	    0.0	    0.2	1	   31.7	 21	    0.0	    8.1	
 1943	 194.30	 -577.0	 1273.8	    1.8	  749.5	 1372.2	    0.0	  200.0	  742.9	 1316.0	    0.0	  200.0	  100.0	    0.0	    0.0	    0.0	    0.0	    0.2	   49.2	  1	 -550.0	 1250.0	    0.0	    0.0	    0.2	1	   31.7	 21	    0.0	    8.2	
 1944	 194.40	 -577.0	 1273.8	    1.8	  749.5	 1372.2	    0.0	  200.0	  742.9	 1316.0	    0.0	  200.0	  100.0	    0.0	    0.0	    0.0	    0.0	    0.2	   49.3	  1	 -550.0	 1250.0	    0.0	    0.0	    0.2	1	   31.7	 21	    0.0	    8.3	
 1945	 194.50	 -577.0	 1273.8	    1.8	  749.5	 1372.2	    0.0	  200.0	  742.9	 1316.0	    0.0	  200.0	  100.0	    0.0	    0.0	    0.0	    0.0	    0.2	   49.3	  1	 -550.0	 1250.0	    0.0	    0.0	    0.2	1	   31.7	 21	    0.0	    8.3	
 1946	 194.60	 -577.0	 1273.8	    1.8	  749.5	 1372.2	    0.0	  200.0	  742.9	 1316.0	    0.0	  200.0	  100.0	    0.0	    0.0	    0.0	    0.0	    0.2	   49.4	  1	 -550.0	 1250.0	    0.0	    0.0	    0.2	1	   31.7	 21	    0.0	    8.4	
 1947	 194.70	 -577.0	 1273.8	    1.8	  749.5	 1372.2	    0.0	  200.0	  742.9	 1316.0	    0.0	  200.0	  100.0	    0.0	    0.0	    0.0	    0.0	    0.2	   49.4	  1	 -550.0	 1250.0	    0.0	    0.0	    0.2	1	   31.7	 21	    0.0	    8.4	
 1948	 194.80	 -577.0	 1273.8	    1.8	  749.5	 1372.2	    0.0	  200.0	  742.9	 1316.0	    0.0	  200.0	  100.0	    0.0	    0.0	    0.0	    0.0	    0.2	   49.4	  1	 -550.0	 1250.0	    0.0	    0.0	    0.2	1	   31.7	 21	    0.0	    8.5	
 1949	 194.90	 -577.0	 1273.8	    1.8	  749.5	 1372.2	    0.0	  200.0	  742.9	 1316.0	    0.0	  200.0	  100.0	    0.0	    0.0	    0.0	    0.0	    0.2	   49.5	  1	 -550.0	 1250.0	    0.0	    0.0	    0.2	1	   31.7	 21	    0.0	    8.6	
 1950	 195.00	 -577.0	 1273.8	    1.8	  749.5	 1372.2	    0.0	  200.0	  742.9	 1316.0	    0.0	  200.0	  100.0	    0.0	    0.0	    0.0	    0.0	    0.2	   49.5	  1	 -550.0	 1250.0	    0.0	    0.0	    0.2	1	   31.7	 21	    0.0	    8.6	
 1951	 195.10	 -577.0	 1273.8	    1.8	  749.5	 1372.2	    0.0	  200.0	  742.9	 1316.0	    0.0	  200.0	  100.0	    0.0	    0.0	    0.0	    0.0	    0.2	   49.6	  1	 -550.0	 1250.0	    0.0	    0.0	    0.2	1	   31.7	 21	    0.0	    8.7	
 1952	 195.20	 -577.0	 1273.8	    1.8	  749.5	 1372.2	    0.0	  200.0	  742.9	 1316.0	    0.0	  200.0	  100.0	    0.0	    0.0	    0.0	    0.0	    0.2	   49.6	  1	 -550.0	 1250.0	    0.0	    0.0	    0.2	1	   31.7	 21	    0.0	    8.7	
 1953	 195.30	 -577.0	 1273.8	    1.8	  749.5	 1372.2	    0.0	  200.0	  742.9	 1316.0	    0.0	  200.0	  100.0	    0.0	    0.0	    0.0	    0.0	    0.2	   49.6	  1	 -550.0	 1250.0	    0.0	    0.0	    0.2	1	   31.7	 21	    0.0	    8.8	
 1954	 195.40	 -577.0	 1273.8	    1.8	  749.5	 1372.2	    0.0	  200.0	  742.9	 1316.0	    0.0	  200.0	  100.0	    0.0	    0.0	    0.0	    0.0	    0.2	   49.7	  1	 -550.0	 1250.0	    0.0	    0.0	    0.2	1	   31.7	 21	    0.0	    8.9	
 1955	 195.50	 -577.0	 1273.8	    1.8	  749.5	 1372.2	    0.0	  200.0	  742.9	 1316.0	    0.0	  200.0	  100.0	    0.0	    0.0	    0.0	    0.0	    0.2	   49.7	  1	 -350.0	 1950.0	    0.0	    0.0	    0.2	1	  293.4	 21	    0.0	    8.9	
 1956	 195.60	 -576.5	 1300.0	   88.9	  749.5	 1372.2	    0.0	  200.0	  742.9	 1316.0	    0.0	  200.0	  100.0	    0.0	    0.0	    0.0	    0.0	    0.2	   49.8	  1	 -350.0	 2050.0	    0.0	    0.0	    0.2	1	  293.5	 21	    0.0	    9.0	
 1957	 195.70	 -576.7	 1368.0	   90.3	  749.5	 1372.2	    0.0	  200.0	  742.9	 1316.0	    0.0	  200.0	  100.0	    0.0	    0.0	    0.0	    0.0	    0.2	   49.8	  1	 -350.0	 2050.0	    0.0	    0.0	    0.2	1	  293.8	 21	    0.0	    9.0	
 1958	 195.80	 -571.4	 1434.8	   84.9	  749.5	 1372.2	    0.0	  200.0	  742.9	 1316.0	    0.0	  200.0	  100.0	    0.0	    0.0	    0.0	    0.0	    0.3	   49.8	  1	 -350.0	 2050.0	    0.0	    0.0	    0.3	1	  294.7	 21	    0.0	    9.0	
 1959	 195.90	 -560.0	 1505.9	   80.4	  749.5	 1372.2	    0.0	  200.0	  742.9	 1316.0	    0.0	  200.0	  100.0	    0.0	    0.0	    0.0	    0.0	    0.3	   49.8	  1	 -350.0	 2050.0	    0.0	    0.0	    0.3	1	  295.9	 21	    0.0	    9.0	
 1960	 196.00	 -544.0	 1572.9	   76.2	  749.5	 1372.2	    0.0	  200.0	  742.9	 1316.0	    0.0	  200.0	  100.0	    0.0	    0.0	    0.0	    0.0	    0.2	   49.9	  1	 -250.0	 2150.0	    0.0	    0.0	    0.2	1	  298.1	 21	    0.0	    9.0	
 1961	 196.10	 -521.7	 1637.2	   70.2	  749.5	 1372.2	    0.0	  200.0	  742.9	 1316.0	    0.0	  200.0	  100.0	    0.0	    0.0	    0.0	    0.0	    0.2	   49.9	  1	 -250.0	 2150.0	    0.0	    0.0	    0.2	1	  298.7	 21	    0.0	    9.0	
 1962	 196.20	 -495.5	 1703.2	   68.1	  749.5	 1372.2	    0.0	  200.0	  742.9	 1316.0	    0.0	  200.0	  100.0	    0.0	    0.0	    0.0	    0.0	    0.2	   49.9	  1	 -350.0	 1950.0	    0.0	    0.0	    0.2	1	  261.6	 21	    0.0	    8.9	
 1963	 196.30	 -465.4	 1757.4	   59.8	  749.5	 1372.2	    0.0	  200.0	  742.9	 1316.0	    0.0	  200.0	  100.0	    0.0	    0.0	    0.0	    0.0	    0.2	   49.9	  1	 -450.0	 1750.0	    0.0	    0.0	    0.2	1	   17.2	 21	    0.0	    8.8	
 1964	 196.40	 -461.8	 1763.6	  -25.7	  749.5	 1372.2	    0.0	  200.0	  742.9	 1316.0	    0.0	  200.0	  100.0	    0.0	    0.0	    0.0	    0.0	    0.2	   49.9	  1	 -450.0	 1750.0	    0.0	    0.0	    0.2	1	   18.0	 21	    0.0	    8.8	
 1965	 196.50	 -461.8	 1763.6	  -49.1	  749.5	 1372.2	    0.0	  200.0	  742.9	 1316.0	    0.0	  200.0	  100.0	    0.0	    0.0	    0.0	    0.0	    0.2	   49.9	  1	 -450.0	 1750.0	    0.0	    0.0	    0.2	1	   18.0	 21	    0.0	    8.7	
 1966	 196.60	 -461.8	 1763.6	  -49.1	  749.5	 1372.2	    0.0	  200.0	  742.9	 1316.0	    0.0	  200.0	  100.0	    0.0	    0.0	    0.0	    0.0	    0.2	   49.9	  1	 -450.0	 1750.0	    0.0	    0.0	    0.2	1	   18.0	 21	    0.0	    8.6	
 1967	 196.70	 -461.8	 1763.6	  -49.1	  749.5	 1372.2	    0.0	  200.0	  742.9	 1316.0	    0.0	  200.0	  100.0	    0.0	    0.0	    0.0	    0.0	    0.2	   49.9	  1	 -450.0	 1750.0	    0.0	    0.0	    0.2	1	   18.0	 21	    0.0	    8.5	
 1968	 196.80	 -461.8	 1763.6	  -49.1	  749.5	 1372.2	    0.0	  200.0	  742.9	 1316.0	    0.0	  200.0	  100.0	    0.0	    0.0	    0.0	    0.0	    0.2	   49.9	  1	 -450.0	 1750.0	    0.0	    0.0	    0.2	1	   18.0	 21	    0.0	    8.5	
 1969	 196.90	 -461.8	 1763.6	  -49.1	  749.5	 1372.2	    0.0	  200.0	  742.9	 1316.0	    0.0	  200.0	  100.0	    0.0	    0.0	    0.0	    0.0	    0.2	   50.0	  1	 -450.0	 1750.0	    0.0	    0.0	    0.2	1	   18.0	 21	    0.0	    8.4	
 1970	 197.00	 -461.8	 1763.6	  -49.1	  749.5	 1372.2	    0.0	  200.0	  742.9	 1316.0	    0.0	  200.0	  100.0	    0.0	    0.0	    0.0	    0.0	    0.2	   50.0	  1	 -450.0	 1750.0	    0.0	    0.0	    0.2	1	   18.0	 21	    0.0	    8.3	
 1971	 197.10	 -461.8	 1763.6	  -49.1	  749.5	 1372.2	    0.0	  200.0	  742.9	 1316.0	    0.0	  200.0	  100.0	    0.0	    0.0	    0.0	    0.0	    0.2	   50.0	  1	 -450.0	 1750.0	    0.0	    0.0	    0.2	1	   18.0	 21	    0.0	    8.2	
 1972	 197.20	 -461.8	 1763.6	  -49.1	  749.5	 1372.2	    0.0	  200.0	  742.9	 1316.0	    0.0	  200.0	  100.0	    0.0	    0.0	    0.0	    0.0	    0.2	   50.1	  1	 -450.0	 1750.0	    0.0	    0.0	    0.2	1	   18.0	 21	    0.0	    8.1	
 1973	 197.30	 -461.8	 1763.6	  -49.1	  749.5	 1372.2	    0.0	  200.0	  742.9	 1316.0	    0.0	  200.0	  100.0	    0.0	    0.0	    0.0	    0.0	    0.2	   50.1	  1	 -450.0	 1750.0	    0.0	    0.0	    0.2	1	   18.0	 21	    0.0	    8.1	
 1974	 197.40	 -461.8	 1763.6	  -49.1	  749.5	 1372.2	    0.0	  200.0	  742.9	 1316.0	    0.0	  200.0	  100.0	    0.0	    0.0	    0.0	    0.0	    0.2	   50.1	  1	 -450.0	 1750.0	    0.0	    0.0	    0.2	1	   18.0	 21	    0.0	    8.0	
 1975	 197.50	 -461.8	 1763.6	  -49.1	  749.5	 1372.2	    0.0	  200.0	  742.9	 1316.0	    0.0	  200.0	  100.0	    0.0	    0.0	    0.0	    0.0	    0.2	   50.2	  1	 -450.0	 1750.0	    0.0	    0.0	    0.2	1	   18.0	 21	    0.0	    7.9	
 1976	 197.60	 -461.8	 1763.6	  -49.1	  749.5	 1372.2	    0.0	  200.0	  742.9	 1316.0	    0.0	  200.0	  100.0	    0.0	    0.0	    0.0	    0.0	    0.2	   50.2	  1	 -450.0	 1750.0	    0.0	    0.0	    0.2	1	   18.0	 21	    0.0	    7.8	
 1977	 197.70	 -461.8	 1763.6	  -49.1	  749.5	 1372.2	    0.0	  200.0	  742.9	 1316.0	    0.0	  200.0	  100.0	    0.0	    0.0	    0.0	    0.0	    0.2	   50.2	  1	 -450.0	 1750.0	    0.0	    0.0	    0.2	1	   18.0	 21	    0.0	    7.7	
 1978	 197.80	 -461.8	 1763.6	  -49.1	  749.5	 1372.2	    0.0	  200.0	  742.9	 1316.0	    0.0	  200.0	  100.0	    0.0	    0.0	    0.0	    0.0	    0.2	   50.3	  1	 -450.0	 1750.0	    0.0	    0.0	    0.2	1	   18.0	 21	    0.0	    7.7	
 1979	 197.90	 -461.8	 1763.6	  -49.1	  749.5	 1372.2	    0.0	  200.0	  742.9	 1316.0	    0.0	  200.0	  100.0	    0.0	    0.0	    0.0	    0.0	    0.1	   50.3	  1	 -450.0	 1750.0	    0.0	    0.0	    0.1	1	   18.0	 21	    0.0	    7.6	
 1980	 198.00	 -461.8	 1763.6	  -49.1	  749.5	 1372.2	    0.0	  200.0	  742.9	 1316.0	    0.0	  200.0	  100.0	    0.0	    0.0	    0.0	    0.0	    0.1	   50.3	  1	 -450.0	 1750.0	    0.0	    0.0	    0.1	1	   18.0	 21	    0.0	    7.5	
 1981	 198.10	 -461.8	 1763.6	  -49.1	  749.5	 1372.2	    0.0	  200.0	  742.9	 1316.0	    0.0	  200.0	  100.0	    0.0	    0.0	    0.0	    0.0	    0.1	   50.4	  1	 -450.0	 1750.0	    0.0	    0.0	    0.1	1	   18.0	 21	    0.0	    7.4	
 1982	 198.20	 -461.8	 1763.6	  -49.1	  749.5	 1372.2	    0.0	  200.0	  742.9	 1316.0	    0.0	  200.0	  100.0	    0.0	    0.0	    0.0	    0.0	    0.1	   50.4	  1	 -450.0	 1750.0	    0.0	    0.0	    0.1	1	   18.0	 21	    0.0	    7.3	
 1983	 198.30	 -461.8	 1763.6	  -49.1	  749.5	 1372.2	    0.0	  200.0	  742.9	 1316.0	    0.0	  200.0	  100.0	    0.0	    0.0	    0.0	    0.0	    0.1	   50.5	  1	 -450.0	 1750.0	    0.0	    0.0	    0.1	1	   18.0	 21	    0.0	    7.2	
 1984	 198.40	 -461.8	 1763.6	  -49.1	  749.5	 1372.2	    0.0	  200.0	  742.9	 1316.0	    0.0	  200.0	  100.0	    0.0	    0.0	    0.0	    0.0	    0.1	   50.5	  1	 -450.0	 1750.0	    0.0	    0.0	    0.1	1	   18.0	 21	    0.0	    7.1	
 1985	 198.50	 -461.8	 1763.6	  -49.1	  749.5	 1372.2	    0.0	  200.0	  742.9	 1316.0	    0.0	  200.0	  100.0	    0.0	    0.0	    0.0	    0.0	    0.1	   50.5	  1	 -450.0	 1750.0	    0.0	    0.0	    0.1	1	   18.0	 21	    0.0	    7.1	
 1986	 198.60	 -461.8	 1763.6	  -49.1	  749.5	 1372.2	    0.0	  200.0	  742.9	 1316.0	    0.0	  200.0	  100.0	    0.0	    0.0	    0.0	    0.0	    0.1	   50.6	  1	 -450.0	 1750.0	    0.0	    0.0	    0.1	1	   18.0	 21	    0.0	    7.0	
 1987	 198.70	 -461.8	 1763.6	  -49.1	  749.5	 1372.2	    0.0	  200.0	  742.9	 1316.0	    0.0	  200.0	  100.0	    0.0	    0.0	    0.0	    0.0	    0.1	   50.6	  1	 -450.0	 1750.0	    0.0	    0.0	    0.1	1	   18.0	 21	    0.0	    6.9	
 1988	 198.80	 -461.8	 1763.6	  -49.1	  749.5	 1372.2	    0.0	  200.0	  742.9	 1316.0	    0.0	  200.0	  100.0	    0.0	    0.0	    0.0	    0.0	    0.1	   50.6	  1	 -450.0	 1750.0	    0.0	    0.0	    0.1	1	   18.0	 21	    0.0	    6.8	
 1989	 198.90	 -461.8	 1763.6	  -49.1	  749.5	 1372.2	    0.0	  200.0	  742.9	 1316.0	    0.0	  200.0	  100.0	    0.0	    0.0	    0.0	    0.0	    0.1	   50.7	  1	 -450.0	 1750.0	    0.0	    0.0	    0.1	1	   18.0	 21	    0.0	    6.7	
 1990	 199.00	 -461.8	 1763.6	  -49.1	  749.5	 1372.2	    0.0	  200.0	  742.9	 1316.0	    0.0	  200.0	  100.0	    0.0	    0.0	    0.0	    0.0	    0.1	   50.7	  1	 -450.0	 1750.0	    0.0	    0.0	    0.1	1	   18.0	 21	    0.0	    6.6	
 1991	 199.10	 -461.8	 1763.6	  -49.1	  749.5	 1372.2	    0.0	  200.0	  742.9	 1316.0	    0.0	  200.0	  100.0	    0.0	    0.0	    0.0	    0.0	    0.1	   50.8	  1	 -450.0	 1750.0	    0.0	    0.0	    0.1	1	   18.0	 21	    0.0	    6.5	
 1992	 199.20	 -461.8	 1763.6	  -49.1	  749.5	 1372.2	    0.0	  200.0	  742.9	 1316.0	    0.0	  200.0	  100.0	    0.0	    0.0	    0.0	    0.0	    0.1	   50.8	  1	 -450.0	 1750.0	    0.0	    0.0	    0.1	1	   18.0	 21	    0.0	    6.4	
 1993	 199.30	 -461.8	 1763.6	  -49.1	  749.5	 1372.2	    0.0	  200.0	  742.9	 1316.0	    0.0	  200.0	  100.0	    0.0	    0.0	    0.0	    0.0	    0.1	   50.8	  1	 -450.0	 1750.0	    0.0	    0.0	    0.1	1	   18.0	 21	    0.0	    6.3	
 1994	 199.40	 -461.8	 1763.6	  -49.1	  749.5	 1372.2	    0.0	  200.0	  742.9	 1316.0	    0.0	  200.0	  100.0	    0.0	    0.0	    0.0	    0.0	    0.1	   50.9	  1	 -450.0	 1750.0	    0.0	    0.0	    0.1	1	   18.0	 21	    0.0	    6.2	
 1995	 199.50	 -461.8	 1763.6	  -49.1	  749.5	 1372.2	    0.0	  200.0	  742.9	 1316.0	    0.0	  200.0	  100.0	    0.0	    0.0	    0.0	    0.0	    0.1	   50.9	  1	 -450.0	  850.0	    0.0	    0.0	    0.1	1	  300.0	 21	    0.0	    6.1	
 1996	 199.60	 -473.1	 1724.1	 -106.0	  749.5	 1372.2	    0.0	  200.0	  742.9	 1316.0	    0.0	  200.0	  100.0	    0.0	    0.0	    0.0	    0.0	    0.1	   50.9	  1	 -450.0	  850.0	    0.0	    0.0	    0.1	1	  300.0	 21	    0.0	    6.0	
 1997	 199.70	 -491.9	 1657.9	 -105.9	  749.5	 1372.2	    0.0	  200.0	  742.9	 1316.0	    0.0	  200.0	  100.0	    0.0	    0.0	    0.0	    0.0	    0.1	   51.0	  1	 -450.0	  850.0	    0.0	    0.0	    0.1	1	  299.9	 21	    0.0	    6.0	
 1998	 199.80	 -511.5	 1586.9	 -105.3	  749.5	 1372.2	    0.0	  200.0	  742.9	 1316.0	    0.0	  200.0	  100.0	    0.0	    0.0	    0.0	    0.0	    0.0	   51.0	  1	 -450.0	  850.0	    0.0	    0.0	    0.0	1	  299.8	 21	    0.0	    5.9	
 1999	 199.90	 -529.7	 1515.5	 -104.2	  749.5	 1372.2	    0.0	  200.0	  742.9	 1316.0	    0.0	  200.0	  100.0	    0.0	    0.0	    0.0	    0.0	    0.0	   51.0	  1	 -450.0	  850.0	    0.0	    0.0	    0.0	1	  299.6	 21	    0.0	    5.9	
 2000	 200.00	 -545.5	 1445.5	 -102.6	  749.5	 1372.2	    0.0	  200.0	  742.9	 1316.0	    0.0	  200.0	  100.0	    0.0	    0.0	    0.0	    0.0	    0.1	   51.0	  1	 -450.0	  850.0	    0.0	    0.0	    0.1	1	  299.3	 21	    0.0	    6.0	
 2001	 200.10	 -558.4	 1376.6	 -100.4	  749.5	 1372.2	    0.0	  200.0	  742.9	 1316.0	    0.0	  200.0	  100.0	    0.0	    0.0	    0.0	    0.0	    0.1	   51.0	  1	 -450.0	  850.0	    0.0	    0.0	    0.1	1	  298.8	 21	    0.0	    6.0	
 2002	 200.20	 -568.5	 1305.1	  -97.6	  749.5	 1372.2	    0.0	  200.0	  742.9	 1316.0	    0.0	  200.0	  100.0	    0.0	    0.0	    0.0	    0.0	    0.1	   51.0	  1	 -450.0	  850.0	    0.0	    0.0	    0.1	1	  297.9	 21	    0.0	    6.1	
 2003	 200.30	 -574.0	 1232.6	  -93.9	  749.5	 1372.2	    0.0	  200.0	  742.9	 1316.0	    0.0	  200.0	  100.0	    0.0	    0.0	    0.0	    0.0	    0.1	   51.0	  1	 -550.0	 1150.0	    0.0	    0.0	    0.1	1	   80.4	 21	    0.0	    6.2	
 2004	 200.40	 -574.4	 1227.0	    3.6	  749.5	 1372.2	    0.0	  200.0	  742.9	 1316.0	    0.0	  200.0	  100.0	    0.0	    0.0	    0.0	    0.0	    0.1	   51.0	  1	 -550.0	 1150.0	    0.0	    0.0	    0.1	1	   79.2	 21	    0.0	    6.2	
 2005	 200.50	 -574.4	 1227.0	    3.9	  749.5	 1372.2	    0.0	  200.0	  742.9	 1316.0	    0.0	  200.0	  100.0	    0.0	    0.0	    0.0	    0.0	    0.1	   51.1	  1	 -550.0	 1150.0	    0.0	    0.0	    0.1	1	   79.2	 21	    0.0	    6.3	
 2006	 200.60	 -574.4	 1227.0	    3.9	  749.5	 1372.2	    0.0	  200.0	  742.9	 1316.0	    0.0	  200.0	  100.0	    0.0	    0.0	    0.0	    0.0	    0.1	   51.1	  1	 -550.0	 1250.0	    0.0	    0.0	    0.1	1	   30.6	 21	    0.0	    6.4	
 2007	 200.70	 -574.4	 1227.0	    3.9	  749.5	 1372.2	    0.0	  200.0	  742.9	 1316.0	    0.0	  200.0	  100.0	    0.0	    0.0	    0.0	    0.0	    0.1	   51.1	  1	 -550.0	 1250.0	    0.0	    0.0	    0.1	1	   30.6	 21	    0.0	    6.5	
 2008	 200.80	 -574.4	 1227.0	    3.9	  749.5	 1372.2	    0.0	  200.0	  742.9	 1316.0	    0.0	  200.0	  100.0	    0.0	    0.0	    0.0	    0.0	    0.1	   51.1	  1	 -550.0	 1250.0	    0.0	    0.0	    0.1	1	   30.6	 21	    0.0	    6.6	
 2009	 200.90	 -574.4	 1227.0	    3.9	  749.5	 1372.2	    0.0	  200.0	  742.9	 1316.0	    0.0	  200.0	  100.0	    0.0	    0.0	    0.0	    0.0	    0.1	   51.2	  1	 -550.0	 1250.0	    0.0	    0.0	    0.1	1	   30.6	 21	    0.0	    6.7	
 2010	 201.00	 -574.4	 1227.0	    3.9	  749.5	 1372.2	    0.0	  200.0	  742.9	 1316.0	    0.0	  200.0	  100.0	    0.0	    0.0	    0.0	    0.0	    0.1	   51.2	  1	 -550.0	 1250.0	    0.0	    0.0	    0.1	1	   30.6	 21	    0.0	    6.8	
 2011	 201.10	 -574.4	 1227.0	    3.9	  749.5	 1372.2	    0.0	  200.0	  742.9	 1316.0	    0.0	  200.0	  100.0	    0.0	    0.0	    0.0	    0.0	    0.1	   51.2	  1	 -550.0	 1250.0	    0.0	    0.0	    0.1	1	   30.6	 21	    0.0	    6.9	
 2012	 201.20	 -574.4	 1227.0	    3.9	  749.5	 1372.2	    0.0	  200.0	  742.9	 1316.0	    0.0	  200.0	  100.0	    0.0	    0.0	    0.0	    0.0	    0.1	   51.3	  1	 -550.0	 1250.0	    0.0	    0.0	    0.1	1	   30.6	 21	    0.0	    7.0	
 2013	 201.30	 -574.4	 1227.0	    3.9	  749.5	 1372.2	    0.0	  200.0	  742.9	 1316.0	    0.0	  200.0	  100.0	    0.0	    0.0	    0.0	    0.0	    0.1	   51.3	  1	 -550.0	 1250.0	    0.0	    0.0	    0.1	1	   30.6	 21	    0.0	    7.0	
 2014	 201.40	 -574.4	 1227.0	    3.9	  749.5	 1372.2	    0.0	  200.0	  742.9	 1316.0	    0.0	  200.0	  100.0	    0.0	    0.0	    0.0	    0.0	    0.1	   51.3	  1	 -550.0	 1250.0	    0.0	    0.0	    0.1	1	   30.6	 21	    0.0	    7.1	
 2015	 201.50	 -574.4	 1227.0	    3.9	  749.5	 1372.2	    0.0	  200.0	  742.9	 1316.0	    0.0	  200.0	  100.0	    0.0	    0.0	    0.0	    0.0	    0.1	   51.4	  1	 -550.0	 1250.0	    0.0	    0.0	    0.1	1	   30.6	 21	    0.0	    7.2	
 2016	 201.60	 -574.4	 1227.0	    3.9	  749.5	 1372.2	    0.0	  200.0	  742.9	 1316.0	    0.0	  200.0	  100.0	    0.0	    0.0	    0.0	    0.0	    0.1	   51.4	  1	 -550.0	 1250.0	    0.0	    0.0	    0.1	1	   30.6	 21	    0.0	    7.3	
 2017	 201.70	 -574.4	 1227.0	    3.9	  749.5	 1372.2	    0.0	  200.0	  742.9	 1316.0	    0.0	  200.0	  100.0	    0.0	    0.0	    0.0	    0.0	    0.1	   51.4	  1	 -550.0	 1250.0	    0.0	    0.0	    0.1	1	   30.6	 21	    0.0	    7.4	
 2018	 201.80	 -574.4	 1227.0	    3.9	  749.5	 1372.2	    0.0	  200.0	  742.9	 1316.0	    0.0	  200.0	  100.0	    0.0	    0.0	    0.0	    0.0	    0.1	   51.5	  1	 -550.0	 1250.0	    0.0	    0.0	    0.1	1	   30.6	 21	    0.0	    7.5	
 2019	 201.90	 -574.4	 1227.0	    3.9	  749.5	 1372.2	    0.0	  200.0	  742.9	 1316.0	    0.0	  200.0	  100.0	    0.0	    0.0	    0.0	    0.0	    0.1	   51.5	  1	 -550.0	 1250.0	    0.0	    0.0	    0.1	1	   30.6	 21	    0.0	    7.5	
 2020	 202.00	 -574.4	 1227.0	    3.9	  749.5	 1372.2	    0.0	  200.0	  742.9	 1316.0	    0.0	  200.0	  100.0	    0.0	    0.0	    0.0	    0.0	    0.2	   51.6	  1	 -550.0	 1250.0	    0.0	    0.0	    0.2	1	   30.6	 21	    0.0	    7.6	
 2021	 202.10	 -574.4	 1227.0	    3.9	  749.5	 1372.2	    0.0	  200.0	  742.9	 1316.0	    0.0	  200.0	  100.0	    0.0	    0.0	    0.0	    0.0	    0.2	   51.6	  1	 -550.0	 1250.0	    0.0	    0.0	    0.2	1	   30.6	 21	    0.0	    7.7	
 2022	 202.20	 -574.4	 1227.0	    3.9	  749.5	 1372.2	    0.0	  200.0	  742.9	 1316.0	    0.0	  200.0	  100.0	    0.0	    0.0	    0.0	    0.0	    0.2	   51.6	  1	 -550.0	 1250.0	    0.0	    0.0	    0.2	1	   30.6	 21	    0.0	    7.8	
 2023	 202.30	 -574.4	 1227.0	    3.9	  749.5	 1372.2	    0.0	  200.0	  742.9	 1316.0	    0.0	  200.0	  100.0	    0.0	    0.0	    0.0	    0.0	    0.2	   51.7	  1	 -550.0	 1250.0	    0.0	    0.0	    0.2	1	   30.6	 21	    0.0	    7.9	
 2024	 202.40	 -574.4	 1227.0	    3.9	  749.5	 1372.2	    0.0	  200.0	  742.9	 1316.0	    0.0	  200.0	  100.0	    0.0	    0.0	    0.0	    0.0	    0.2	   51.7	  1	 -550.0	 1250.0	    0.0	    0.0	    0.2	1	   30.6	 21	    0.0	    7.9	
 2025	 202.50	 -574.4	 1227.0	    3.9	  749.5	 1372.2	    0.0	  200.0	  742.9	 1316.0	    0.0	  200.0	  100.0	    0.0	    0.0	    0.0	    0.0	    0.2	   51.7	  1	 -350.0	 1950.0	    0.0	    0.0	    0.2	1	  293.5	 21	    0.0	    8.0	
 2026	 202.60	 -575.6	 1252.8	   92.6	  749.5	 1372.2	    0.0	  200.0	  742.9	 1316.0	    0.0	  200.0	  100.0	    0.0	    0.0	    0.0	    0.0	    0.2	   51.8	  1	 -350.0	 1950.0	    0.0	    0.0	    0.2	1	  293.4	 21	    0.0	    8.1	
 2027	 202.70	 -576.3	 1317.8	   90.6	  749.5	 1372.2	    0.0	  200.0	  742.9	 1316.0	    0.0	  200.0	  100.0	    0.0	    0.0	    0.0	    0.0	    0.2	   51.8	  1	 -350.0	 1950.0	    0.0	    0.0	    0.2	1	  293.5	 21	    0.0	    8.1	
 2028	 202.80	 -571.6	 1386.9	   85.4	  749.5	 1372.2	    0.0	  200.0	  742.9	 1316.0	    0.0	  200.0	  100.0	    0.0	    0.0	    0.0	    0.0	    0.2	   51.9	  1	 -350.0	 2050.0	    0.0	    0.0	    0.2	1	  293.8	 21	    0.0	    8.2	
 2029	 202.90	 -564.5	 1459.0	   84.3	  749.5	 1372.2	    0.0	  200.0	  742.9	 1316.0	    0.0	  200.0	  100.0	    0.0	    0.0	    0.0	    0.0	    0.2	   51.9	  1	 -350.0	 2050.0	    0.0	    0.0	    0.2	1	  294.8	 21	    0.0	    8.2	
 2030	 203.00	 -552.7	 1525.2	   79.4	  749.5	 1372.2	    0.0	  200.0	  742.9	 1316.0	    0.0	  200.0	  100.0	    0.0	    0.0	    0.0	    0.0	    0.2	   51.9	  1	 -350.0	 2050.0	    0.0	    0.0	    0.2	1	  295.9	 21	    0.0	    8.2	
 2031	 203.10	 -535.9	 1593.4	   75.7	  749.5	 1372.2	    0.0	  200.0	  742.9	 1316.0	    0.0	  200.0	  100.0	    0.0	    0.0	    0.0	    0.0	    0.2	   51.9	  1	 -250.0	 2150.0	    0.0	    0.0	    0.2	1	  298.2	 21	    0.0	    8.1	
 2032	 203.20	 -512.1	 1660.2	   69.6	  749.5	 1372.2	    0.0	  200.0	  742.9	 1316.0	    0.0	  200.0	  100.0	    0.0	    0.0	    0.0	    0.0	    0.2	   51.9	  1	 -250.0	 2150.0	    0.0	    0.0	    0.2	1	  298.8	 21	    0.0	    8.1	
 2033	 203.30	 -485.0	 1726.0	   67.5	  749.5	 1372.2	    0.0	  200.0	  742.9	 1316.0	    0.0	  200.0	  100.0	    0.0	    0.0	    0.0	    0.0	    0.2	   51.9	  1	 -450.0	 1750.0	    0.0	    0.0	    0.2	1	   40.3	 21	    0.0	    8.0	
 2034	 203.40	 -482.5	 1732.1	   34.4	  749.5	 1372.2	    0.0	  200.0	  742.9	 1316.0	    0.0	  200.0	  100.0	    0.0	    0.0	    0.0	    0.0	    0.2	   51.9	  1	 -450.0	 1750.0	    0.0	    0.0	    0.2	1	   27.4	 21	    0.0	    7.9	
 2035	 203.50	 -482.5	 1732.1	   28.8	  749.5	 1372.2	    0.0	  200.0	  742.9	 1316.0	    0.0	  200.0	  100.0	    0.0	    0.0	    0.0	    0.0	    0.2	   51.9	  1	 -450.0	 1750.0	    0.0	    0.0	    0.2	1	   27.4	 21	    0.0	    7.9	
 2036	 203.60	 -482.5	 1732.1	   28.8	  749.5	 1372.2	    0.0	  200.0	  742.9	 1316.0	    0.0	  200.0	  100.0	    0.0	    0.0	    0.0	    0.0	    0.2	   51.9	  1	 -450.0	 1750.0	    0.0	    0.0	    0.2	1	   27.4	 21	    0.0	    7.8	
 2037	 203.70	 -482.5	 1732.1	   28.8	  749.5	 1372.2	    0.0	  200.0	  742.9	 1316.0	    0.0	  200.0	  100.0	    0.0	    0.0	    0.0	    0.0	    0.2	   52.0	  1	 -450.0	 1750.0	    0.0	    0.0	    0.2	1	   27.4	 21	    0.0	    7.7	
 2038	 203.80	 -482.5	 1732.1	   28.8	  749.5	 1372.2	    0.0	  200.0	  742.9	 1316.0	    0.0	  200.0	  100.0	    0.0	    0.0	    0.0	    0.0	    0.2	   52.0	  1	 -450.0	 1750.0	    0.0	    0.0	    0.2	1	   27.4	 21	    0.0	    7.7	
 2039	 203.90	 -482.5	 1732.1	   28.8	  749.5	 1372.2	    0.0	  200.0	  742.9	 1316.0	    0.0	  200.0	  100.0	    0.0	    0.0	    0.0	    0.0	    0.1	   52.0	  1	 -450.0	 1750.0	    0.0	    0.0	    0.1	1	   27.4	 21	    0.0	    7.6	
 2040	 204.00	 -482.5	 1732.1	   28.8	  749.5	 1372.2	    0.0	  200.0	  742.9	 1316.0	    0.0	  200.0	  100.0	    0.0	    0.0	    0.0	    0.0	    0.1	   52.1	  1	 -450.0	 1750.0	    0.0	    0.0	    0.1	1	   27.4	 21	    0.0	    7.5	
 2041	 204.10	 -482.5	 1732.1	   28.8	  749.5	 1372.2	    0.0	  200.0	  742.9	 1316.0	    0.0	  200.0	  100.0	    0.0	    0.0	    0.0	    0.0	    0.1	   52.1	  1	 -450.0	 1750.0	    0.0	    0.0	    0.1	1	   27.4	 21	    0.0	    7.4	
 2042	 204.20	 -482.5	 1732.1	   28.8	  749.5	 1372.2	    0.0	  200.0	  742.9	 1316.0	    0.0	  200.0	  100.0	    0.0	    0.0	    0.0	    0.0	    0.1	   52.1	  1	 -450.0	 1750.0	    0.0	    0.0	    0.1	1	   27.4	 21	    0.0	    7.4	
 2043	 204.30	 -482.5	 1732.1	   28.8	  749.5	 1372.2	    0.0	  200.0	  742.9	 1316.0	    0.0	  200.0	  100.0	    0.0	    0.0	    0.0	    0.0	    0.1	   52.2	  1	 -450.0	 1750.0	    0.0	    0.0	    0.1	1	   27.4	 21	    0.0	    7.3	
 2044	 204.40	 -482.5	 1732.1	   28.8	  749.5	 1372.2	    0.0	  200.0	  742.9	 1316.0	    0.0	  200.0	  100.0	    0.0	    0.0	    0.0	    0.0	    0.1	   52.2	  1	 -450.0	 1750.0	    0.0	    0.0	    0.1	1	   27.4	 21	    0.0	    7.2	
 2045	 204.50	 -482.5	 1732.1	   28.8	  749.5	 1372.2	    0.0	  200.0	  742.9	 1316.0	    0.0	  200.0	  100.0	    0.0	    0.0	    0.0	    0.0	    0.1	   52.2	  1	 -450.0	 1750.0	    0.0	    0.0	    0.1	1	   27.4	 21	    0.0	    7.1	
 2046	 204.60	 -482.5	 1732.1	   28.8	  749.5	 1372.2	    0.0	  200.0	  742.9	 1316.0	    0.0	  200.0	  100.0	    0.0	    0.0	    0.0	    0.0	    0.1	   52.3	  1	 -450.0	 1750.0	    0.0	    0.0	    0.1	1	   27.4	 21	    0.0	    7.1	
 2047	 204.70	 -482.5	 1732.1	   28.8	  749.5	 1372.2	    0.0	  200.0	  742.9	 1316.0	    0.0	  200.0	  100.0	    0.0	    0.0	    0.0	    0.0	    0.1	   52.3	  1	 -450.0	 1750.0	    0.0	    0.0	    0.1	1	   27.4	 21	    0.0	    7.0	
 2048	 204.80	 -482.5	 1732.1	   28.8	  749.5	 1372.2	    0.0	  200.0	  742.9	 1316.0	    0.0	  200.0	  100.0	    0.0	    0.0	    0.0	    0.0	    0.1	   52.4	  1	 -450.0	 1750.0	    0.0	    0.0	    0.1	1	   27.4	 21	    0.0	    6.9	
 2049	 204.90	 -482.5	 1732.1	   28.8	  749.5	 1372.2	    0.0	  200.0	  742.9	 1316.0	    0.0	  200.0	  100.0	    0.0	    0.0	    0.0	    0.0	    0.1	   52.4	  1	 -450.0	 1750.0	    0.0	    0.0	    0.1	1	   27.4	 21	    0.0	    6.8	
 2050	 205.00	 -482.5	 1732.1	   28.8	  749.5	 1372.2	    0.0	  200.0	  742.9	 1316.0	    0.0	  200.0	  100.0	    0.0	    0.0	    0.0	    0.0	    0.1	   52.4	  1	 -450.0	 1750.0	    0.0	    0.0	    0.1	1	   27.4	 21	    0.0	    6.7	
 2051	 205.10	 -482.5	 1732.1	   28.8	  749.5	 1372.2	    0.0	  200.0	  742.9	 1316.0	    0.0	  200.0	  100.0	    0.0	    0.0	    0.0	    0.0	    0.1	   52.5	  1	 -450.0	 1750.0	    0.0	    0.0	    0.1	1	   27.4	 21	    0.0	    6.7	
 2052	 205.20	 -482.5	 1732.1	   28.8	  749.5	 1372.2	    0.0	  200.0	  742.9	 1316.0	    0.0	  200.0	  100.0	    0.0	    0.0	    0.0	    0.0	    0.1	   52.5	  1	 -450.0	 1750.0	    0.0	    0.0	    0.1	1	   27.4	 21	    0.0	    6.6	
 2053	 205.30	 -482.5	 1732.1	   28.8	  749.5	 1372.2	    0.0	  200.0	  742.9	 1316.0	    0.0	  200.0	  100.0	    0.0	    0.0	    0.0	    0.0	    0.1	   52.5	  1	 -450.0	 1750.0	    0.0	    0.0	    0.1	1	   27.4	 21	    0.0	    6.5	
 2054	 205.40	 -482.5	 1732.1	   28.8	  749.5	 1372.2	    0.0	  200.0	  742.9	 1316.0	    0.0	  200.0	  100.0	    0.0	    0.0	    0.0	    0.0	    0.1	   52.6	  1	 -450.0	 1750.0	    0.0	    0.0	    0.1	1	   27.4	 21	    0.0	    6.4	
 2055	 205.50	 -482.5	 1732.1	   28.8	  749.5	 1372.2	    0.0	  200.0	  742.9	 1316.0	    0.0	  200.0	  100.0	    0.0	    0.0	    0.0	    0.0	    0.1	   52.6	  1	 -450.0	 1750.0	    0.0	    0.0	    0.1	1	   27.4	 21	    0.0	    6.3	
 2056	 205.60	 -482.5	 1732.1	   28.8	  749.5	 1372.2	    0.0	  200.0	  742.9	 1316.0	    0.0	  200.0	  100.0	    0.0	    0.0	    0.0	    0.0	    0.1	   52.7	  1	 -450.0	 1750.0	    0.0	    0.0	    0.1	1	   27.4	 21	    0.0	    6.2	
 2057	 205.70	 -482.5	 1732.1	   28.8	  749.5	 1372.2	    0.0	  200.0	  742.9	 1316.0	    0.0	  200.0	  100.0	    0.0	    0.0	    0.0	    0.0	    0.1	   52.7	  1	 -450.0	 1750.0	    0.0	    0.0	    0.1	1	   27.4	 21	    0.0	    6.2	
 2058	 205.80	 -482.5	 1732.1	   28.8	  749.5	 1372.2	    0.0	  200.0	  742.9	 1316.0	    0.0	  200.0	  100.0	    0.0	    0.0	    0.0	    0.0	    0.1	   52.7	  1	 -450.0	 1750.0	    0.0	    0.0	    0.1	1	   27.4	 21	    0.0	    6.1	
 2059	 205.90	 -482.5	 1732.1	   28.8	  749.5	 1372.2	    0.0	  200.0	  742.9	 1316.0	    0.0	  200.0	  100.0	    0.0	    0.0	    0.0	    0.0	    0.1	   52.8	  1	 -450.0	 1750.0	    0.0	    0.0	    0.1	1	   27.4	 21	    0.0	    6.0	
 2060	 206.00	 -482.5	 1732.1	   28.8	  749.5	 1372.2	    0.0	  200.0	  742.9	 1316.0	    0.0	  200.0	  100.0	    0.0	    0.0	    0.0	    0.0	    0.0	   52.8	  1	 -450.0	  850.0	    0.0	    0.0	    0.0	1	  300.0	 21	    0.0	    5.9	
 2061	 206.10	 -487.7	 1712.1	 -104.6	  749.5	 1372.2	    0.0	  200.0	  742.9	 1316.0	    0.0	  200.0	  100.0	    0.0	    0.0	    0.0	    0.0	    0.0	   52.9	  1	 -450.0	  850.0	    0.0	    0.0	    0.0	1	  300.0	 21	    0.0	    5.8	
 2062	 206.20	 -504.6	 1647.4	 -104.6	  749.5	 1372.2	    0.0	  200.0	  742.9	 1316.0	    0.0	  200.0	  100.0	    0.0	    0.0	    0.0	    0.0	    0.0	   52.9	  1	 -450.0	  850.0	    0.0	    0.0	    0.0	1	  299.9	 21	    0.0	    5.8	
 2063	 206.30	 -522.4	 1577.1	 -104.1	  749.5	 1372.2	    0.0	  200.0	  742.9	 1316.0	    0.0	  200.0	  100.0	    0.0	    0.0	    0.0	    0.0	    0.0	   52.9	  1	 -450.0	  850.0	    0.0	    0.0	    0.0	1	  299.8	 21	    0.0	    5.7	
 2064	 206.40	 -539.3	 1505.3	 -103.1	  749.5	 1372.2	    0.0	  200.0	  742.9	 1316.0	    0.0	  200.0	  100.0	    0.0	    0.0	    0.0	    0.0	    0.0	   53.0	  1	 -450.0	  850.0	    0.0	    0.0	    0.0	1	  299.6	 21	    0.0	    5.7	
 2065	 206.50	 -554.3	 1433.0	 -101.5	  749.5	 1372.2	    0.0	  200.0	  742.9	 1316.0	    0.0	  200.0	  100.0	    0.0	    0.0	    0.0	    0.0	    0.0	   53.0	  1	 -450.0	  850.0	    0.0	    0.0	    0.0	1	  299.3	 21	    0.0	    5.7	
 2066	 206.60	 -566.2	 1361.6	  -99.3	  749.5	 1372.2	    0.0	  200.0	  742.9	 1316.0	    0.0	  200.0	  100.0	    0.0	    0.0	    0.0	    0.0	    0.0	   53.0	  1	 -450.0	  850.0	    0.0	    0.0	    0.0	1	  298.7	 21	    0.0	    5.8	
 2067	 206.70	 -574.1	 1293.0	  -96.4	  749.5	 1372.2	    0.0	  200.0	  742.9	 1316.0	    0.0	  200.0	  100.0	    0.0	    0.0	    0.0	    0.0	    0.0	   53.0	  1	 -550.0	 1250.0	    0.0	    0.0	    0.0	1	   47.2	 21	    0.0	    5.9	
 2068	 206.80	 -575.4	 1281.5	    1.0	  749.5	 1372.2	    0.0	  200.0	  742.9	 1316.0	    0.0	  200.0	  100.0	    0.0	    0.0	    0.0	    0.0	    0.0	   53.0	  1	 -550.0	 1250.0	    0.0	    0.0	    0.0	1	   39.2	 21	    0.0	    5.9	
 2069	 206.90	 -575.4	 1281.5	    1.5	  749.5	 1372.2	    0.0	  200.0	  742.9	 1316.0	    0.0	  200.0	  100.0	    0.0	    0.0	    0.0	    0.0	    0.1	   53.0	  1	 -550.0	 1250.0	    0.0	    0.0	    0.1	1	   39.2	 21	    0.0	    6.0	
 2070	 207.00	 -575.4	 1281.5	    1.5	  749.5	 1372.2	    0.0	  200.0	  742.9	 1316.0	    0.0	  200.0	  100.0	    0.0	    0.0	    0.0	    0.0	    0.1	   53.0	  1	 -550.0	 1250.0	    0.0	    0.0	    0.1	1	   39.2	 21	    0.0	    6.1	
 2071	 207.10	 -575.4	 1281.5	    1.5	  749.5	 1372.2	    0.0	  200.0	  742.9	 1316.0	    0.0	  200.0	  100.0	    0.0	    0.0	    0.0	    0.0	    0.1	   53.1	  1	 -550.0	 1250.0	    0.0	    0.0	    0.1	1	   39.2	 21	    0.0	    6.2	
 2072	 207.20	 -575.4	 1281.5	    1.5	  749.5	 1372.2	    0.0	  200.0	  742.9	 1316.0	    0.0	  200.0	  100.0	    0.0	    0.0	    0.0	    0.0	    0.1	   53.1	  1	 -550.0	 1250.0	    0.0	    0.0	    0.1	1	   39.2	 21	    0.0	    6.2	
 2073	 207.30	 -575.4	 1281.5	    1.5	  749.5	 1372.2	    0.0	  200.0	  742.9	 1316.0	    0.0	  200.0	  100.0	    0.0	    0.0	    0.0	    0.0	    0.1	   53.1	  1	 -550.0	 1250.0	    0.0	    0.0	    0.1	1	   39.2	 21	    0.0	    6.3	
 2074	 207.40	 -575.4	 1281.5	    1.5	  749.5	 1372.2	    0.0	  200.0	  742.9	 1316.0	    0.0	  200.0	  100.0	    0.0	    0.0	    0.0	    0.0	    0.1	   53.2	  1	 -550.0	 1250.0	    0.0	    0.0	    0.1	1	   39.2	 21	    0.0	    6.4	
 2075	 207.50	 -575.4	 1281.5	    1.5	  749.5	 1372.2	    0.0	  200.0	  742.9	 1316.0	    0.0	  200.0	  100.0	    0.0	    0.0	    0.0	    0.0	    0.1	   53.2	  1	 -550.0	 1250.0	    0.0	    0.0	    0.1	1	   39.2	 21	    0.0	    6.5	
 2076	 207.60	 -575.4	 1281.5	    1.5	  749.5	 1372.2	    0.0	  200.0	  742.9	 1316.0	    0.0	  200.0	  100.0	    0.0	    0.0	    0.0	    0.0	    0.1	   53.2	  1	 -550.0	 1250.0	    0.0	    0.0	    0.1	1	   39.2	 21	    0.0	    6.5	
 2077	 207.70	 -575.4	 1281.5	    1.5	  749.5	 1372.2	    0.0	  200.0	  742.9	 1316.0	    0.0	  200.0	  100.0	    0.0	    0.0	    0.0	    0.0	    0.1	   53.3	  1	 -550.0	 1250.0	    0.0	    0.0	    0.1	1	   39.2	 21	    0.0	    6.6	
 2078	 207.80	 -575.4	 1281.5	    1.5	  749.5	 1372.2	    0.0	  200.0	  742.9	 1316.0	    0.0	  200.0	  100.0	    0.0	    0.0	    0.0	    0.0	    0.1	   53.3	  1	 -550.0	 1250.0	    0.0	    0.0	    0.1	1	   39.2	 21	    0.0	    6.7	
 2079	 207.90	 -575.4	 1281.5	    1.5	  749.5	 1372.2	    0.0	  200.0	  742.9	 1316.0	    0.0	  200.0	  100.0	    0.0	    0.0	    0.0	    0.0	    0.1	   53.3	  1	 -550.0	 1250.0	    0.0	    0.0	    0.1	1	   39.2	 21	    0.0	    6.8	
 2080	 208.00	 -575.4	 1281.5	    1.5	  749.5	 1372.2	    0.0	  200.0	  742.9	 1316.0	    0.0	  200.0	  100.0	    0.0	    0.0	    0.0	    0.0	    0.1	   53.4	  1	 -550.0	 1250.0	    0.0	    0.0	    0.1	1	   39.2	 21	    0.0	    6.8	
 2081	 208.10	 -575.4	 1281.5	    1.5	  749.5	 1372.2	    0.0	  200.0	  742.9	 1316.0	    0.0	  200.0	  100.0	    0.0	    0.0	    0.0	    0.0	    0.1	   53.4	  1	 -550.0	 1250.0	    0.0	    0.0	    0.1	1	   39.2	 21	    0.0	    6.9	
 2082	 208.20	 -575.4	 1281.5	    1.5	  749.5	 1372.2	    0.0	  200.0	  742.9	 1316.0	    0.0	  200.0	  100.0	    0.0	    0.0	    0.0	    0.0	    0.1	   53.5	  1	 -550.0	 1250.0	    0.0	    0.0	    0.1	1	   39.2	 21	    0.0	    7.0	
 2083	 208.30	 -575.4	 1281.5	    1.5	  749.5	 1372.2	    0.0	  200.0	  742.9	 1316.0	    0.0	  200.0	  100.0	    0.0	    0.0	    0.0	    0.0	    0.1	   53.5	  1	 -550.0	 1250.0	    0.0	    0.0	    0.1	1	   39.2	 21	    0.0	    7.0	
 2084	 208.40	 -575.4	 1281.5	    1.5	  749.5	 1372.2	    0.0	  200.0	  742.9	 1316.0	    0.0	  200.0	  100.0	    0.0	    0.0	    0.0	    0.0	    0.1	   53.5	  1	 -550.0	 1250.0	    0.0	    0.0	    0.1	1	   39.2	 21	    0.0	    7.1	
 2085	 208.50	 -575.4	 1281.5	    1.5	  749.5	 1372.2	    0.0	  200.0	  742.9	 1316.0	    0.0	  200.0	  100.0	    0.0	    0.0	    0.0	    0.0	    0.1	   53.6	  1	 -550.0	 1250.0	    0.0	    0.0	    0.1	1	   39.2	 21	    0.0	    7.2	
 2086	 208.60	 -575.4	 1281.5	    1.5	  749.5	 1372.2	    0.0	  200.0	  742.9	 1316.0	    0.0	  200.0	  100.0	    0.0	    0.0	    0.0	    0.0	    0.1	   53.6	  1	 -550.0	 1250.0	    0.0	    0.0	    0.1	1	   39.2	 21	    0.0	    7.2	
 2087	 208.70	 -575.4	 1281.5	    1.5	  749.5	 1372.2	    0.0	  200.0	  742.9	 1316.0	    0.0	  200.0	  100.0	    0.0	    0.0	    0.0	    0.0	    0.1	   53.7	  1	 -550.0	 1250.0	    0.0	    0.0	    0.1	1	   39.2	 21	    0.0	    7.3	
 2088	 208.80	 -575.4	 1281.5	    1.5	  749.5	 1372.2	    0.0	  200.0	  742.9	 1316.0	    0.0	  200.0	  100.0	    0.0	    0.0	    0.0	    0.0	    0.1	   53.7	  1	 -350.0	 1950.0	    0.0	    0.0	    0.1	1	  293.3	 21	    0.0	    7.4	
 2089	 208.90	 -574.7	 1307.6	   88.5	  749.5	 1372.2	    0.0	  200.0	  742.9	 1316.0	    0.0	  200.0	  100.0	    0.0	    0.0	    0.0	    0.0	    0.1	   53.7	  1	 -350.0	 1950.0	    0.0	    0.0	    0.1	1	  293.3	 21	    0.0	    7.4	
 2090	 209.00	 -570.8	 1375.2	   86.6	  749.5	 1372.2	    0.0	  200.0	  742.9	 1316.0	    0.0	  200.0	  100.0	    0.0	    0.0	    0.0	    0.0	    0.1	   53.8	  1	 -350.0	 1950.0	    0.0	    0.0	    0.1	1	  293.9	 21	    0.0	    7.5	
 2091	 209.10	 -561.2	 1443.4	   81.6	  749.5	 1372.2	    0.0	  200.0	  742.9	 1316.0	    0.0	  200.0	  100.0	    0.0	    0.0	    0.0	    0.0	    0.1	   53.8	  1	 -350.0	 2050.0	    0.0	    0.0	    0.1	1	  294.2	 21	    0.0	    7.5	
 2092	 209.20	 -550.9	 1511.2	   81.3	  749.5	 1372.2	    0.0	  200.0	  742.9	 1316.0	    0.0	  200.0	  100.0	    0.0	    0.0	    0.0	    0.0	    0.1	   53.8	  1	 -350.0	 2050.0	    0.0	    0.0	    0.1	1	  295.4	 21	    0.0	    7.5	
 2093	 209.30	 -535.7	 1580.3	   77.1	  749.5	 1372.2	    0.0	  200.0	  742.9	 1316.0	    0.0	  200.0	  100.0	    0.0	    0.0	    0.0	    0.0	    0.1	   53.8	  1	 -250.0	 2150.0	    0.0	    0.0	    0.1	1	  297.9	 21	    0.0	    7.4	
 2094	 209.40	 -513.1	 1647.8	   70.7	  749.5	 1372.2	    0.0	  200.0	  742.9	 1316.0	    0.0	  200.0	  100.0	    0.0	    0.0	    0.0	    0.0	    0.1	   53.8	  1	 -250.0	 2150.0	    0.0	    0.0	    0.1	1	  298.5	 21	    0.0	    7.4	
 2095	 209.50	 -487.6	 1712.9	   68.4	  749.5	 1372.2	    0.0	  200.0	  742.9	 1316.0	    0.0	  200.0	  100.0	    0.0	    0.0	    0.0	    0.0	    0.1	   53.9	  1	 -450.0	 1750.0	    0.0	    0.0	    0.1	1	   45.4	 21	    0.0	    7.3	
 2096	 209.60	 -485.5	 1718.3	   44.6	  749.5	 1372.2	    0.0	  200.0	  742.9	 1316.0	    0.0	  200.0	  100.0	    0.0	    0.0	    0.0	    0.0	    0.1	   53.9	  1	 -450.0	 1750.0	    0.0	    0.0	    0.1	1	   43.4	 21	    0.0	    7.3	
 2097	 209.70	 -485.5	 1718.3	   41.8	  749.5	 1372.2	    0.0	  200.0	  742.9	 1316.0	    0.0	  200.0	  100.0	    0.0	    0.0	    0.0	    0.0	    0.1	   53.9	  1	 -450.0	 1750.0	    0.0	    0.0	    0.1	1	   43.4	 21	    0.0	    7.2	
 2098	 209.80	 -485.5	 1718.3	   41.8	  749.5	 1372.2	    0.0	  200.0	  742.9	 1316.0	    0.0	  200.0	  100.0	    0.0	    0.0	    0.0	    0.0	    0.1	   53.9	  1	 -450.0	 1750.0	    0.0	    0.0	    0.1	1	   43.4	 21	    0.0	    7.1	
 2099	 209.90	 -485.5	 1718.3	   41.8	  749.5	 1372.2	    0.0	  200.0	  742.9	 1316.0	    0.0	  200.0	  100.0	    0.0	    0.0	    0.0	    0.0	    0.1	   53.9	  1	 -450.0	 1750.0	    0.0	    0.0	    0.1	1	   43.4	 21	    0.0	    7.0	
 2100	 210.00	 -485.5	 1718.3	   41.8	  749.5	 1372.2	    0.0	  200.0	  742.9	 1316.0	    0.0	  200.0	  100.0	    0.0	    0.0	    0.0	    0.0	    0.1	   54.0	  1	 -450.0	 1750.0	    0.0	    0.0	    0.1	1	   43.4	 21	    0.0	    7.0	
 2101	 210.10	 -485.5	 1718.3	   41.8	  749.5	 1372.2	    0.0	  200.0	  742.9	 1316.0	    0.0	  200.0	  100.0	    0.0	    0.0	    0.0	    0.0	    0.1	   54.0	  1	 -450.0	 1750.0	    0.0	    0.0	    0.1	1	   43.4	 21	    0.0	    6.9	
 2102	 210.20	 -485.5	 1718.3	   41.8	  749.5	 1372.2	    0.0	  200.0	  742.9	 1316.0	    0.0	  200.0	  100.0	    0.0	    0.0	    0.0	    0.0	    0.1	   54.0	  1	 -450.0	 1750.0	    0.0	    0.0	    0.1	1	   43.4	 21	    0.0	    6.8	
 2103	 210.30	 -485.5	 1718.3	   41.8	  749.5	 1372.2	    0.0	  200.0	  742.9	 1316.0	    0.0	  200.0	  100.0	    0.0	    0.0	    0.0	    0.0	    0.1	   54.1	  1	 -450.0	 1750.0	    0.0	    0.0	    0.1	1	   43.4	 21	    0.0	    6.7	
 2104	 210.40	 -485.5	 1718.3	   41.8	  749.5	 1372.2	    0.0	  200.0	  742.9	 1316.0	    0.0	  200.0	  100.0	    0.0	    0.0	    0.0	    0.0	    0.1	   54.1	  1	 -450.0	 1750.0	    0.0	    0.0	    0.1	1	   43.4	 21	    0.0	    6.7	
 2105	 210.50	 -485.5	 1718.3	   41.8	  749.5	 1372.2	    0.0	  200.0	  742.9	 1316.0	    0.0	  200.0	  100.0	    0.0	    0.0	    0.0	    0.0	    0.1	   54.1	  1	 -450.0	 1750.0	    0.0	    0.0	    0.1	1	   43.4	 21	    0.0	    6.6	
 2106	 210.60	 -485.5	 1718.3	   41.8	  749.5	 1372.2	    0.0	  200.0	  742.9	 1316.0	    0.0	  200.0	  100.0	    0.0	    0.0	    0.0	    0.0	    0.1	   54.2	  1	 -450.0	 1750.0	    0.0	    0.0	    0.1	1	   43.4	 21	    0.0	    6.5	
 2107	 210.70	 -485.5	 1718.3	   41.8	  749.5	 1372.2	    0.0	  200.0	  742.9	 1316.0	    0.0	  200.0	  100.0	    0.0	    0.0	    0.0	    0.0	    0.1	   54.2	  1	 -450.0	 1750.0	    0.0	    0.0	    0.1	1	   43.4	 21	    0.0	    6.4	
 2108	 210.80	 -485.5	 1718.3	   41.8	  749.5	 1372.2	    0.0	  200.0	  742.9	 1316.0	    0.0	  200.0	  100.0	    0.0	    0.0	    0.0	    0.0	    0.1	   54.3	  1	 -450.0	 1750.0	    0.0	    0.0	    0.1	1	   43.4	 21	    0.0	    6.4	
 2109	 210.90	 -485.5	 1718.3	   41.8	  749.5	 1372.2	    0.0	  200.0	  742.9	 1316.0	    0.0	  200.0	  100.0	    0.0	    0.0	    0.0	    0.0	    0.1	   54.3	  1	 -450.0	 1750.0	    0.0	    0.0	    0.1	1	   43.4	 21	    0.0	    6.3	
 2110	 211.00	 -485.5	 1718.3	   41.8	  749.5	 1372.2	    0.0	  200.0	  742.9	 1316.0	    0.0	  200.0	  100.0	    0.0	    0.0	    0.0	    0.0	    0.1	   54.3	  1	 -450.0	 1750.0	    0.0	    0.0	    0.1	1	   43.4	 21	    0.0	    6.2	
 2111	 211.10	 -485.5	 1718.3	   41.8	  749.5	 1372.2	    0.0	  200.0	  742.9	 1316.0	    0.0	  200.0	  100.0	    0.0	    0.0	    0.0	    0.0	    0.1	   54.4	  1	 -450.0	 1750.0	    0.0	    0.0	    0.1	1	   43.4	 21	    0.0	    6.1	
 2112	 211.20	 -485.5	 1718.3	   41.8	  749.5	 1372.2	    0.0	  200.0	  742.9	 1316.0	    0.0	  200.0	  100.0	    0.0	    0.0	    0.0	    0.0	    0.1	   54.4	  1	 -450.0	 1750.0	    0.0	    0.0	    0.1	1	   43.4	 21	    0.0	    6.0	
 2113	 211.30	 -485.5	 1718.3	   41.8	  749.5	 1372.2	    0.0	  200.0	  742.9	 1316.0	    0.0	  200.0	  100.0	    0.0	    0.0	    0.0	    0.0	    0.0	   54.4	  1	 -450.0	 1750.0	    0.0	    0.0	    0.0	1	   43.4	 21	    0.0	    5.9	
 2114	 211.40	 -485.5	 1718.3	   41.8	  749.5	 1372.2	    0.0	  200.0	  742.9	 1316.0	    0.0	  200.0	  100.0	    0.0	    0.0	    0.0	    0.0	    0.0	   54.5	  1	 -450.0	 1750.0	    0.0	    0.0	    0.0	1	   43.4	 21	    0.0	    5.9	
 2115	 211.50	 -485.5	 1718.3	   41.8	  749.5	 1372.2	    0.0	  200.0	  742.9	 1316.0	    0.0	  200.0	  100.0	    0.0	    0.0	    0.0	    0.0	    0.0	   54.5	  1	 -450.0	 1750.0	    0.0	    0.0	    0.0	1	   43.4	 21	    0.0	    5.8	
 2116	 211.60	 -485.5	 1718.3	   41.8	  749.5	 1372.2	    0.0	  200.0	  742.9	 1316.0	    0.0	  200.0	  100.0	    0.0	    0.0	    0.0	    0.0	    0.0	   54.6	  1	 -450.0	 1750.0	    0.0	    0.0	    0.0	1	   43.4	 21	    0.0	    5.7	
 2117	 211.70	 -485.5	 1718.3	   41.8	  749.5	 1372.2	    0.0	  200.0	  742.9	 1316.0	    0.0	  200.0	  100.0	    0.0	    0.0	    0.0	    0.0	    0.0	   54.6	  1	 -450.0	 1750.0	    0.0	    0.0	    0.0	1	   43.4	 21	    0.0	    5.6	
 2118	 211.80	 -485.5	 1718.3	   41.8	  749.5	 1372.2	    0.0	  200.0	  742.9	 1316.0	    0.0	  200.0	  100.0	    0.0	    0.0	    0.0	    0.0	    0.0	   54.6	  1	 -450.0	 1750.0	    0.0	    0.0	    0.0	1	   43.4	 21	    0.0	    5.5	
 2119	 211.90	 -485.5	 1718.3	   41.8	  749.5	 1372.2	    0.0	  200.0	  742.9	 1316.0	    0.0	  200.0	  100.0	    0.0	    0.0	    0.0	    0.0	    0.0	   54.7	  1	 -450.0	 1750.0	    0.0	    0.0	    0.0	1	   43.4	 21	    0.0	    5.4	
 2120	 212.00	 -485.5	 1718.3	   41.8	  749.5	 1372.2	    0.0	  200.0	  742.9	 1316.0	    0.0	  200.0	  100.0	    0.0	    0.0	    0.0	    0.0	    0.0	   54.7	  1	 -450.0	  850.0	    0.0	    0.0	    0.0	1	  300.0	 21	    0.0	    5.4	
 2121	 212.10	 -490.7	 1698.4	 -104.7	  749.5	 1372.2	    0.0	  200.0	  742.9	 1316.0	    0.0	  200.0	  100.0	    0.0	    0.0	    0.0	    0.0	    0.0	   54.8	  1	 -450.0	  850.0	    0.0	    0.0	    0.0	1	  300.0	 21	    0.0	    5.3	
 2122	 212.20	 -507.7	 1633.2	 -104.6	  749.5	 1372.2	    0.0	  200.0	  742.9	 1316.0	    0.0	  200.0	  100.0	    0.0	    0.0	    0.0	    0.0	    0.0	   54.8	  1	 -450.0	  850.0	    0.0	    0.0	    0.0	1	  299.9	 21	    0.0	    5.2	
 2123	 212.30	 -525.6	 1561.8	 -104.0	  749.5	 1372.2	    0.0	  200.0	  742.9	 1316.0	    0.0	  200.0	  100.0	    0.0	    0.0	    0.0	    0.0	    0.0	   54.8	  1	 -450.0	  850.0	    0.0	    0.0	    0.0	1	  299.8	 21	    0.0	    5.2	
 2124	 212.40	 -542.2	 1489.9	 -102.9	  749.5	 1372.2	    0.0	  200.0	  742.9	 1316.0	    0.0	  200.0	  100.0	    0.0	    0.0	    0.0	    0.0	    0.0	   54.8	  1	 -450.0	  850.0	    0.0	    0.0	    0.0	1	  299.5	 21	    0.0	    5.2	
 2125	 212.50	 -556.3	 1419.7	 -101.1	  749.5	 1372.2	    0.0	  200.0	  742.9	 1316.0	    0.0	  200.0	  100.0	    0.0	    0.0	    0.0	    0.0	    0.0	   54.9	  1	 -450.0	  850.0	    0.0	    0.0	    0.0	1	  299.2	 21	    0.0	    5.2	
 2126	 212.60	 -567.1	 1351.6	  -98.8	  749.5	 1372.2	    0.0	  200.0	  742.9	 1316.0	    0.0	  200.0	  100.0	    0.0	    0.0	    0.0	    0.0	    0.0	   54.9	  1	 -450.0	  850.0	    0.0	    0.0	    0.0	1	  298.6	 21	    0.0	    5.3	
 2127	 212.70	 -574.9	 1280.6	  -95.9	  749.5	 1372.2	    0.0	  200.0	  742.9	 1316.0	    0.0	  200.0	  100.0	    0.0	    0.0	    0.0	    0.0	    0.0	   54.9	  1	 -550.0	 1250.0	    0.0	    0.0	    0.0	1	   39.1	 21	    0.0	    5.4	
 2128	 212.80	 -575.8	 1271.4	    1.5	  749.5	 1372.2	    0.0	  200.0	  742.9	 1316.0	    0.0	  200.0	  100.0	    0.0	    0.0	    0.0	    0.0	    0.0	   54.9	  1	 -550.0	 1250.0	    0.0	    0.0	    0.0	1	   31.9	 21	    0.0	    5.4	
 2129	 212.90	 -575.8	 1271.4	    1.9	  749.5	 1372.2	    0.0	  200.0	  742.9	 1316.0	    0.0	  200.0	  100.0	    0.0	    0.0	    0.0	    0.0	    0.0	   54.9	  1	 -550.0	 1250.0	    0.0	    0.0	    0.0	1	   31.9	 21	    0.0	    5.5	
 2130	 213.00	 -575.8	 1271.4	    1.9	  749.5	 1372.2	    0.0	  200.0	  742.9	 1316.0	    0.0	  200.0	  100.0	    0.0	    0.0	    0.0	    0.0	    0.0	   54.9	  1	 -550.0	 1250.0	    0.0	    0.0	    0.0	1	   31.9	 21	    0.0	    5.6	
 2131	 213.10	 -575.8	 1271.4	    1.9	  749.5	 1372.2	    0.0	  200.0	  742.9	 1316.0	    0.0	  200.0	  100.0	    0.0	    0.0	    0.0	    0.0	    0.0	   55.0	  1	 -550.0	 1250.0	    0.0	    0.0	    0.0	1	   31.9	 21	    0.0	    5.7	
 2132	 213.20	 -575.8	 1271.4	    1.9	  749.5	 1372.2	    0.0	  200.0	  742.9	 1316.0	    0.0	  200.0	  100.0	    0.0	    0.0	    0.0	    0.0	    0.0	   55.0	  1	 -550.0	 1250.0	    0.0	    0.0	    0.0	1	   31.9	 21	    0.0	    5.8	
 2133	 213.30	 -575.8	 1271.4	    1.9	  749.5	 1372.2	    0.0	  200.0	  742.9	 1316.0	    0.0	  200.0	  100.0	    0.0	    0.0	    0.0	    0.0	    0.0	   55.0	  1	 -550.0	 1250.0	    0.0	    0.0	    0.0	1	   31.9	 21	    0.0	    5.9	
 2134	 213.40	 -575.8	 1271.4	    1.9	  749.5	 1372.2	    0.0	  200.0	  742.9	 1316.0	    0.0	  200.0	  100.0	    0.0	    0.0	    0.0	    0.0	    0.0	   55.1	  1	 -550.0	 1250.0	    0.0	    0.0	    0.0	1	   31.9	 21	    0.0	    5.9	
 2135	 213.50	 -575.8	 1271.4	    1.9	  749.5	 1372.2	    0.0	  200.0	  742.9	 1316.0	    0.0	  200.0	  100.0	    0.0	    0.0	    0.0	    0.0	    0.1	   55.1	  1	 -550.0	 1250.0	    0.0	    0.0	    0.1	1	   31.9	 21	    0.0	    6.0	
 2136	 213.60	 -575.8	 1271.4	    1.9	  749.5	 1372.2	    0.0	  200.0	  742.9	 1316.0	    0.0	  200.0	  100.0	    0.0	    0.0	    0.0	    0.0	    0.1	   55.1	  1	 -550.0	 1250.0	    0.0	    0.0	    0.1	1	   31.9	 21	    0.0	    6.1	
 2137	 213.70	 -575.8	 1271.4	    1.9	  749.5	 1372.2	    0.0	  200.0	  742.9	 1316.0	    0.0	  200.0	  100.0	    0.0	    0.0	    0.0	    0.0	    0.1	   55.2	  1	 -550.0	 1250.0	    0.0	    0.0	    0.1	1	   31.9	 21	    0.0	    6.2	
 2138	 213.80	 -575.8	 1271.4	    1.9	  749.5	 1372.2	    0.0	  200.0	  742.9	 1316.0	    0.0	  200.0	  100.0	    0.0	    0.0	    0.0	    0.0	    0.1	   55.2	  1	 -550.0	 1250.0	    0.0	    0.0	    0.1	1	   31.9	 21	    0.0	    6.2	
 2139	 213.90	 -575.8	 1271.4	    1.9	  749.5	 1372.2	    0.0	  200.0	  742.9	 1316.0	    0.0	  200.0	  100.0	    0.0	    0.0	    0.0	    0.0	    0.1	   55.3	  1	 -550.0	 1250.0	    0.0	    0.0	    0.1	1	   31.9	 21	    0.0	    6.3	
 2140	 214.00	 -575.8	 1271.4	    1.9	  749.5	 1372.2	    0.0	  200.0	  742.9	 1316.0	    0.0	  200.0	  100.0	    0.0	    0.0	    0.0	    0.0	    0.1	   55.3	  1	 -550.0	 1250.0	    0.0	    0.0	    0.1	1	   31.9	 21	    0.0	    6.4	
 2141	 214.10	 -575.8	 1271.4	    1.9	  749.5	 1372.2	    0.0	  200.0	  742.9	 1316.0	    0.0	  200.0	  100.0	    0.0	    0.0	    0.0	    0.0	    0.1	   55.3	  1	 -550.0	 1250.0	    0.0	    0.0	    0.1	1	   31.9	 21	    0.0	    6.5	
 2142	 214.20	 -575.8	 1271.4	    1.9	  749.5	 1372.2	    0.0	  200.0	  742.9	 1316.0	    0.0	  200.0	  100.0	    0.0	    0.0	    0.0	    0.0	    0.1	   55.4	  1	 -550.0	 1250.0	    0.0	    0.0	    0.1	1	   31.9	 21	    0.0	    6.6	
 2143	 214.30	 -575.8	 1271.4	    1.9	  749.5	 1372.2	    0.0	  200.0	  742.9	 1316.0	    0.0	  200.0	  100.0	    0.0	    0.0	    0.0	    0.0	    0.1	   55.4	  1	 -550.0	 1250.0	    0.0	    0.0	    0.1	1	   31.9	 21	    0.0	    6.6	
 2144	 214.40	 -575.8	 1271.4	    1.9	  749.5	 1372.2	    0.0	  200.0	  742.9	 1316.0	    0.0	  200.0	  100.0	    0.0	    0.0	    0.0	    0.0	    0.1	   55.5	  1	 -550.0	 1250.0	    0.0	    0.0	    0.1	1	   31.9	 21	    0.0	    6.7	
 2145	 214.50	 -575.8	 1271.4	    1.9	  749.5	 1372.2	    0.0	  200.0	  742.9	 1316.0	    0.0	  200.0	  100.0	    0.0	    0.0	    0.0	    0.0	    0.1	   55.5	  1	 -550.0	 1250.0	    0.0	    0.0	    0.1	1	   31.9	 21	    0.0	    6.8	
 2146	 214.60	 -575.8	 1271.4	    1.9	  749.5	 1372.2	    0.0	  200.0	  742.9	 1316.0	    0.0	  200.0	  100.0	    0.0	    0.0	    0.0	    0.0	    0.1	   55.5	  1	 -350.0	 1950.0	    0.0	    0.0	    0.1	1	  293.3	 21	    0.0	    6.8	
 2147	 214.70	 -575.5	 1296.9	   89.2	  749.5	 1372.2	    0.0	  200.0	  742.9	 1316.0	    0.0	  200.0	  100.0	    0.0	    0.0	    0.0	    0.0	    0.1	   55.6	  1	 -350.0	 1950.0	    0.0	    0.0	    0.1	1	  293.3	 21	    0.0	    6.9	
 2148	 214.80	 -572.6	 1361.9	   87.3	  749.5	 1372.2	    0.0	  200.0	  742.9	 1316.0	    0.0	  200.0	  100.0	    0.0	    0.0	    0.0	    0.0	    0.1	   55.6	  1	 -350.0	 1950.0	    0.0	    0.0	    0.1	1	  293.7	 21	    0.0	    7.0	
 2149	 214.90	 -564.0	 1431.5	   82.4	  749.5	 1372.2	    0.0	  200.0	  742.9	 1316.0	    0.0	  200.0	  100.0	    0.0	    0.0	    0.0	    0.0	    0.1	   55.6	  1	 -350.0	 2050.0	    0.0	    0.0	    0.1	1	  294.2	 21	    0.0	    7.0	
 2150	 215.00	 -554.0	 1501.6	   81.8	  749.5	 1372.2	    0.0	  200.0	  742.9	 1316.0	    0.0	  200.0	  100.0	    0.0	    0.0	    0.0	    0.0	    0.1	   55.7	  1	 -350.0	 2050.0	    0.0	    0.0	    0.1	1	  295.3	 21	    0.0	    7.0	
 2151	 215.10	 -539.3	 1570.1	   77.5	  749.5	 1372.2	    0.0	  200.0	  742.9	 1316.0	    0.0	  200.0	  100.0	    0.0	    0.0	    0.0	    0.0	    0.1	   55.7	  1	 -250.0	 2150.0	    0.0	    0.0	    0.1	1	  297.8	 21	    0.0	    7.0	
 2152	 215.20	 -518.2	 1633.9	   71.1	  749.5	 1372.2	    0.0	  200.0	  742.9	 1316.0	    0.0	  200.0	  100.0	    0.0	    0.0	    0.0	    0.0	    0.1	   55.7	  1	 -250.0	 2150.0	    0.0	    0.0	    0.1	1	  298.4	 21	    0.0	    6.9	
 2153	 215.30	 -492.5	 1701.2	   68.8	  749.5	 1372.2	    0.0	  200.0	  742.9	 1316.0	    0.0	  200.0	  100.0	    0.0	    0.0	    0.0	    0.0	    0.1	   55.7	  1	 -350.0	 1950.0	    0.0	    0.0	    0.1	1	  261.3	 21	    0.0	    6.8	
 2154	 215.40	 -462.9	 1756.1	   60.6	  749.5	 1372.2	    0.0	  200.0	  742.9	 1316.0	    0.0	  200.0	  100.0	    0.0	    0.0	    0.0	    0.0	    0.1	   55.7	  1	 -450.0	 1750.0	    0.0	    0.0	    0.1	1	    9.2	 21	    0.0	    6.7	
 2155	 215.50	 -460.5	 1760.4	  -25.5	  749.5	 1372.2	    0.0	  200.0	  742.9	 1316.0	    0.0	  200.0	  100.0	    0.0	    0.0	    0.0	    0.0	    0.1	   55.7	  1	 -450.0	 1750.0	    0.0	    0.0	    0.1	1	    9.2	 21	    0.0	    6.7	
 2156	 215.60	 -460.5	 1760.4	  -44.8	  749.5	 1372.2	    0.0	  200.0	  742.9	 1316.0	    0.0	  200.0	  100.0	    0.0	    0.0	    0.0	    0.0	    0.1	   55.7	  1	 -450.0	 1750.0	    0.0	    0.0	    0.1	1	    9.2	 21	    0.0	    6.6	
 2157	 215.70	 -460.5	 1760.4	  -44.8	  749.5	 1372.2	    0.0	  200.0	  742.9	 1316.0	    0.0	  200.0	  100.0	    0.0	    0.0	    0.0	    0.0	    0.1	   55.7	  1	 -450.0	 1750.0	    0.0	    0.0	    0.1	1	    9.2	 21	    0.0	    6.5	
 2158	 215.80	 -460.5	 1760.4	  -44.8	  749.5	 1372.2	    0.0	  200.0	  742.9	 1316.0	    0.0	  200.0	  100.0	    0.0	    0.0	    0.0	    0.0	    0.1	   55.8	  1	 -450.0	 1750.0	    0.0	    0.0	    0.1	1	    9.2	 21	    0.0	    6.4	
 2159	 215.90	 -460.5	 1760.4	  -44.8	  749.5	 1372.2	    0.0	  200.0	  742.9	 1316.0	    0.0	  200.0	  100.0	    0.0	    0.0	    0.0	    0.0	    0.1	   55.8	  1	 -450.0	 1750.0	    0.0	    0.0	    0.1	1	    9.2	 21	    0.0	    6.3	
 2160	 216.00	 -460.5	 1760.4	  -44.8	  749.5	 1372.2	    0.0	  200.0	  742.9	 1316.0	    0.0	  200.0	  100.0	    0.0	    0.0	    0.0	    0.0	    0.1	   55.8	  1	 -450.0	 1750.0	    0.0	    0.0	    0.1	1	    9.2	 21	    0.0	    6.2	
 2161	 216.10	 -460.5	 1760.4	  -44.8	  749.5	 1372.2	    0.0	  200.0	  742.9	 1316.0	    0.0	  200.0	  100.0	    0.0	    0.0	    0.0	    0.0	    0.1	   55.9	  1	 -450.0	 1750.0	    0.0	    0.0	    0.1	1	    9.2	 21	    0.0	    6.1	
 2162	 216.20	 -460.5	 1760.4	  -44.8	  749.5	 1372.2	    0.0	  200.0	  742.9	 1316.0	    0.0	  200.0	  100.0	    0.0	    0.0	    0.0	    0.0	    0.1	   55.9	  1	 -450.0	 1750.0	    0.0	    0.0	    0.1	1	    9.2	 21	    0.0	    6.0	
 2163	 216.30	 -460.5	 1760.4	  -44.8	  749.5	 1372.2	    0.0	  200.0	  742.9	 1316.0	    0.0	  200.0	  100.0	    0.0	    0.0	    0.0	    0.0	    0.0	   55.9	  1	 -450.0	 1750.0	    0.0	    0.0	    0.0	1	    9.2	 21	    0.0	    5.9	
 2164	 216.40	 -460.5	 1760.4	  -44.8	  749.5	 1372.2	    0.0	  200.0	  742.9	 1316.0	    0.0	  200.0	  100.0	    0.0	    0.0	    0.0	    0.0	    0.0	   56.0	  1	 -450.0	 1750.0	    0.0	    0.0	    0.0	1	    9.2	 21	    0.0	    5.8	
 2165	 216.50	 -460.5	 1760.4	  -44.8	  749.5	 1372.2	    0.0	  200.0	  742.9	 1316.0	    0.0	  200.0	  100.0	    0.0	    0.0	    0.0	    0.0	    0.0	   56.0	  1	 -450.0	 1750.0	    0.0	    0.0	    0.0	1	    9.2	 21	    0.0	    5.7	
 2166	 216.60	 -460.5	 1760.4	  -44.8	  749.5	 1372.2	    0.0	  200.0	  742.9	 1316.0	    0.0	  200.0	  100.0	    0.0	    0.0	    0.0	    0.0	    0.0	   56.0	  1	 -450.0	 1750.0	    0.0	    0.0	    0.0	1	    9.2	 21	    0.0	    5.6	
 2167	 216.70	 -460.5	 1760.4	  -44.8	  749.5	 1372.2	    0.0	  200.0	  742.9	 1316.0	    0.0	  200.0	  100.0	    0.0	    0.0	    0.0	    0.0	    0.0	   56.1	  1	 -450.0	 1750.0	    0.0	    0.0	    0.0	1	    9.2	 21	    0.0	    5.5	
 2168	 216.80	 -460.5	 1760.4	  -44.8	  749.5	 1372.2	    0.0	  200.0	  742.9	 1316.0	    0.0	  200.0	  100.0	    0.0	    0.0	    0.0	    0.0	    0.0	   56.1	  1	 -450.0	 1750.0	    0.0	    0.0	    0.0	1	    9.2	 21	    0.0	    5.4	
 2169	 216.90	 -460.5	 1760.4	  -44.8	  749.5	 1372.2	    0.0	  200.0	  742.9	 1316.0	    0.0	  200.0	  100.0	    0.0	    0.0	    0.0	    0.0	    0.0	   56.1	  1	 -450.0	 1750.0	    0.0	    0.0	    0.0	1	    9.2	 21	    0.0	    5.3	
 2170	 217.00	 -460.5	 1760.4	  -44.8	  749.5	 1372.2	    0.0	  200.0	  742.9	 1316.0	    0.0	  200.0	  100.0	    0.0	    0.0	    0.0	    0.0	    0.0	   56.2	  1	 -450.0	 1750.0	    0.0	    0.0	    0.0	1	    9.2	 21	    0.0	    5.2	
 2171	 217.10	 -460.5	 1760.4	  -44.8	  749.5	 1372.2	    0.0	  200.0	  742.9	 1316.0	    0.0	  200.0	  100.0	    0.0	    0.0	    0.0	    0.0	    0.0	   56.2	  1	 -450.0	 1750.0	    0.0	    0.0	    0.0	1	    9.2	 21	    0.0	    5.0	
 2172	 217.20	 -460.5	 1760.4	  -44.8	  749.5	 1372.2	    0.0	  200.0	  742.9	 1316.0	    0.0	  200.0	  100.0	    0.0	    0.0	    0.0	    0.0	    0.0	   56.3	  1	 -450.0	 1750.0	    0.0	    0.0	    0.0	1	    9.2	 21	    0.0	    5.0	
 2173	 217.30	 -460.5	 1760.4	  -44.8	  749.5	 1372.2	    0.0	  200.0	  742.9	 1316.0	    0.0	  200.0	  100.0	    0.0	    0.0	    0.0	    0.0	    0.0	   56.3	  1	 -450.0	 1750.0	    0.0	    0.0	    0.0	1	    9.2	 21	    0.0	    5.0	
 2174	 217.40	 -460.5	 1760.4	  -44.8	  749.5	 1372.2	    0.0	  200.0	  742.9	 1316.0	    0.0	  200.0	  100.0	    0.0	    0.0	    0.0	    0.0	    0.0	   56.3	  1	 -450.0	 1750.0	    0.0	    0.0	    0.0	1	    9.2	 21	    0.0	    5.0	
 2175	 217.50	 -460.5	 1760.4	  -44.8	  749.5	 1372.2	    0.0	  200.0	  742.9	 1316.0	    0.0	  200.0	  100.0	    0.0	    0.0	    0.0	    0.0	    0.0	   56.4	  1	 -450.0	 1750.0	    0.0	    0.0	    0.0	1	    9.2	 21	    0.0	    5.0	
 2176	 217.60	 -460.5	 1760.4	  -44.8	  749.5	 1372.2	    0.0	  200.0	  742.9	 1316.0	    0.0	  200.0	  100.0	    0.0	    0.0	    0.0	    0.0	    0.0	   56.4	  1	 -450.0	 1750.0	    0.0	    0.0	    0.0	1	    9.2	 21	    0.0	    5.0	
 2177	 217.70	 -460.5	 1760.4	  -44.8	  749.5	 1372.2	    0.0	  200.0	  742.9	 1316.0	    0.0	  200.0	  100.0	    0.0	    0.0	    0.0	    0.0	    0.0	   56.4	  1	 -450.0	 1750.0	    0.0	    0.0	    0.0	1	    9.2	 21	    0.0	    5.0	
 2178	 217.80	 -460.5	 1760.4	  -44.8	  749.5	 1372.2	    0.0	  200.0	  742.9	 1316.0	    0.0	  200.0	  100.0	    0.0	    0.0	    0.0	    0.0	    0.0	   56.5	  1	 -450.0	 1750.0	    0.0	    0.0	    0.0	1	    9.2	 21	    0.0	    5.0	
 2179	 217.90	 -460.5	 1760.4	  -44.8	  749.5	 1372.2	    0.0	  200.0	  742.9	 1316.0	    0.0	  200.0	  100.0	    0.0	    0.0	    0.0	    0.0	    0.0	   56.5	  1	 -450.0	  850.0	    0.0	    0.0	    0.0	1	  300.0	 21	    0.0	    5.0	
 2180	 218.00	 -471.1	 1724.1	 -106.2	  749.5	 1372.2	    0.0	  200.0	  742.9	 1316.0	    0.0	  200.0	  100.0	    0.0	    0.0	    0.0	    0.0	    0.0	   56.6	  1	 -450.0	  850.0	    0.0	    0.0	    0.0	1	  300.0	 21	    0.0	    5.0	
 2181	 218.10	 -490.7	 1656.1	 -106.1	  749.5	 1372.2	    0.0	  200.0	  742.9	 1316.0	    0.0	  200.0	  100.0	    0.0	    0.0	    0.0	    0.0	    0.0	   56.6	  1	 -450.0	  850.0	    0.0	    0.0	    0.0	1	  299.9	 21	    0.0	    5.0	
 2182	 218.20	 -510.6	 1584.7	 -105.5	  749.5	 1372.2	    0.0	  200.0	  742.9	 1316.0	    0.0	  200.0	  100.0	    0.0	    0.0	    0.0	    0.0	    0.0	   56.6	  1	 -450.0	  850.0	    0.0	    0.0	    0.0	1	  299.8	 21	    0.0	    5.0	
 2183	 218.30	 -528.5	 1515.0	 -104.3	  749.5	 1372.2	    0.0	  200.0	  742.9	 1316.0	    0.0	  200.0	  100.0	    0.0	    0.0	    0.0	    0.0	    0.0	   56.6	  1	 -450.0	  850.0	    0.0	    0.0	    0.0	1	  299.6	 21	    0.0	    5.0	
 2184	 218.40	 -543.8	 1448.0	 -102.7	  749.5	 1372.2	    0.0	  200.0	  742.9	 1316.0	    0.0	  200.0	  100.0	    0.0	    0.0	    0.0	    0.0	    0.0	   56.7	  1	 -450.0	  850.0	    0.0	    0.0	    0.0	1	  299.3	 21	    0.0	    5.0	
 2185	 218.50	 -557.5	 1376.7	 -100.6	  749.5	 1372.2	    0.0	  200.0	  742.9	 1316.0	    0.0	  200.0	  100.0	    0.0	    0.0	    0.0	    0.0	    0.0	   56.7	  1	 -450.0	  850.0	    0.0	    0.0	    0.0	1	  298.8	 21	    0.0	    5.1	
 2186	 218.60	 -567.7	 1304.8	  -97.7	  749.5	 1372.2	    0.0	  200.0	  742.9	 1316.0	    0.0	  200.0	  100.0	    0.0	    0.0	    0.0	    0.0	    0.0	   56.7	  1	 -450.0	  850.0	    0.0	    0.0	    0.0	1	  297.9	 21	    0.0	    5.1	
 2187	 218.70	 -573.0	 1234.7	  -94.0	  749.5	 1372.2	    0.0	  200.0	  742.9	 1316.0	    0.0	  200.0	  100.0	    0.0	    0.0	    0.0	    0.0	    0.0	   56.7	  1	 -550.0	 1150.0	    0.0	    0.0	    0.0	1	   82.5	 21	    0.0	    5.2	
 2188	 218.80	 -573.4	 1228.9	    3.5	  749.5	 1372.2	    0.0	  200.0	  742.9	 1316.0	    0.0	  200.0	  100.0	    0.0	    0.0	    0.0	    0.0	    0.0	   56.7	  1	 -550.0	 1150.0	    0.0	    0.0	    0.0	1	   79.7	 21	    0.0	    5.3	
 2189	 218.90	 -573.4	 1228.9	    3.8	  749.5	 1372.2	    0.0	  200.0	  742.9	 1316.0	    0.0	  200.0	  100.0	    0.0	    0.0	    0.0	    0.0	    0.0	   56.7	  1	 -550.0	 1250.0	    0.0	    0.0	    0.0	1	   24.5	 21	    0.0	    5.4	
 2190	 219.00	 -573.4	 1228.9	    3.8	  749.5	 1372.2	    0.0	  200.0	  742.9	 1316.0	    0.0	  200.0	  100.0	    0.0	    0.0	    0.0	    0.0	    0.0	   56.7	  1	 -550.0	 1250.0	    0.0	    0.0	    0.0	1	   24.5	 21	    0.0	    5.5	
 2191	 219.10	 -573.4	 1228.9	    3.8	  749.5	 1372.2	    0.0	  200.0	  742.9	 1316.0	    0.0	  200.0	  100.0	    0.0	    0.0	    0.0	    0.0	    0.0	   56.8	  1	 -550.0	 1250.0	    0.0	    0.0	    0.0	1	   24.5	 21	    0.0	    5.6	
 2192	 219.20	 -573.4	 1228.9	    3.8	  749.5	 1372.2	    0.0	  200.0	  742.9	 1316.0	    0.0	  200.0	  100.0	    0.0	    0.0	    0.0	    0.0	    0.0	   56.8	  1	 -550.0	 1250.0	    0.0	    0.0	    0.0	1	   24.5	 21	    0.0	    5.7	
 2193	 219.30	 -573.4	 1228.9	    3.8	  749.5	 1372.2	    0.0	  200.0	  742.9	 1316.0	    0.0	  200.0	  100.0	    0.0	    0.0	    0.0	    0.0	    0.0	   56.8	  1	 -550.0	 1250.0	    0.0	    0.0	    0.0	1	   24.5	 21	    0.0	    5.8	
 2194	 219.40	 -573.4	 1228.9	    3.8	  749.5	 1372.2	    0.0	  200.0	  742.9	 1316.0	    0.0	  200.0	  100.0	    0.0	    0.0	    0.0	    0.0	    0.0	   56.9	  1	 -550.0	 1250.0	    0.0	    0.0	    0.0	1	   24.5	 21	    0.0	    5.9	
 2195	 219.50	 -573.4	 1228.9	    3.8	  749.5	 1372.2	    0.0	  200.0	  742.9	 1316.0	    0.0	  200.0	  100.0	    0.0	    0.0	    0.0	    0.0	    0.1	   56.9	  1	 -550.0	 1250.0	    0.0	    0.0	    0.1	1	   24.5	 21	    0.0	    6.0	
 2196	 219.60	 -573.4	 1228.9	    3.8	  749.5	 1372.2	    0.0	  200.0	  742.9	 1316.0	    0.0	  200.0	  100.0	    0.0	    0.0	    0.0	    0.0	    0.1	   56.9	  1	 -550.0	 1250.0	    0.0	    0.0	    0.1	1	   24.5	 21	    0.0	    6.1	
 2197	 219.70	 -573.4	 1228.9	    3.8	  749.5	 1372.2	    0.0	  200.0	  742.9	 1316.0	    0.0	  200.0	  100.0	    0.0	    0.0	    0.0	    0.0	    0.1	   57.0	  1	 -550.0	 1250.0	    0.0	    0.0	    0.1	1	   24.5	 21	    0.0	    6.2	
 2198	 219.80	 -573.4	 1228.9	    3.8	  749.5	 1372.2	    0.0	  200.0	  742.9	 1316.0	    0.0	  200.0	  100.0	    0.0	    0.0	    0.0	    0.0	    0.1	   57.0	  1	 -550.0	 1250.0	    0.0	    0.0	    0.1	1	   24.5	 21	    0.0	    6.3	
 2199	 219.90	 -573.4	 1228.9	    3.8	  749.5	 1372.2	    0.0	  200.0	  742.9	 1316.0	    0.0	  200.0	  100.0	    0.0	    0.0	    0.0	    0.0	    0.1	   57.0	  1	 -550.0	 1250.0	    0.0	    0.0	    0.1	1	   24.5	 21	    0.0	    6.4	
 2200	 220.00	 -573.4	 1228.9	    3.8	  749.5	 1372.2	    0.0	  200.0	  742.9	 1316.0	    0.0	  200.0	  100.0	    0.0	    0.0	    0.0	    0.0	    0.1	   57.1	  1	 -550.0	 1250.0	    0.0	    0.0	    0.1	1	   24.5	 21	    0.0	    6.5	
 2201	 220.10	 -573.4	 1228.9	    3.8	  749.5	 1372.2	    0.0	  200.0	  742.9	 1316.0	    0.0	  200.0	  100.0	    0.0	    0.0	    0.0	    0.0	    0.1	   57.1	  1	 -550.0	 1250.0	    0.0	    0.0	    0.1	1	   24.5	 21	    0.0	    6.6	
 2202	 220.20	 -573.4	 1228.9	    3.8	  749.5	 1372.2	    0.0	  200.0	  742.9	 1316.0	    0.0	  200.0	  100.0	    0.0	    0.0	    0.0	    0.0	    0.1	   57.2	  1	 -550.0	 1250.0	    0.0	    0.0	    0.1	1	   24.5	 21	    0.0	    6.7	
 2203	 220.30	 -573.4	 1228.9	    3.8	  749.5	 1372.2	    0.0	  200.0	  742.9	 1316.0	    0.0	  200.0	  100.0	    0.0	    0.0	    0.0	    0.0	    0.1	   57.2	  1	 -550.0	 1250.0	    0.0	    0.0	    0.1	1	   24.5	 21	    0.0	    6.7	
 2204	 220.40	 -573.4	 1228.9	    3.8	  749.5	 1372.2	    0.0	  200.0	  742.9	 1316.0	    0.0	  200.0	  100.0	    0.0	    0.0	    0.0	    0.0	    0.1	   57.2	  1	 -550.0	 1250.0	    0.0	    0.0	    0.1	1	   24.5	 21	    0.0	    6.8	
 2205	 220.50	 -573.4	 1228.9	    3.8	  749.5	 1372.2	    0.0	  200.0	  742.9	 1316.0	    0.0	  200.0	  100.0	    0.0	    0.0	    0.0	    0.0	    0.1	   57.3	  1	 -350.0	 1950.0	    0.0	    0.0	    0.1	1	  293.4	 21	    0.0	    6.9	
 2206	 220.60	 -574.6	 1253.9	   92.7	  749.5	 1372.2	    0.0	  200.0	  742.9	 1316.0	    0.0	  200.0	  100.0	    0.0	    0.0	    0.0	    0.0	    0.1	   57.3	  1	 -350.0	 1950.0	    0.0	    0.0	    0.1	1	  293.3	 21	    0.0	    7.0	
 2207	 220.70	 -575.5	 1320.4	   90.7	  749.5	 1372.2	    0.0	  200.0	  742.9	 1316.0	    0.0	  200.0	  100.0	    0.0	    0.0	    0.0	    0.0	    0.1	   57.3	  1	 -350.0	 1950.0	    0.0	    0.0	    0.1	1	  293.5	 21	    0.0	    7.0	
 2208	 220.80	 -570.5	 1388.9	   85.4	  749.5	 1372.2	    0.0	  200.0	  742.9	 1316.0	    0.0	  200.0	  100.0	    0.0	    0.0	    0.0	    0.0	    0.1	   57.4	  1	 -350.0	 1950.0	    0.0	    0.0	    0.1	1	  294.1	 21	    0.0	    7.1	
 2209	 220.90	 -559.9	 1454.5	   80.4	  749.5	 1372.2	    0.0	  200.0	  742.9	 1316.0	    0.0	  200.0	  100.0	    0.0	    0.0	    0.0	    0.0	    0.1	   57.4	  1	 -350.0	 2050.0	    0.0	    0.0	    0.1	1	  294.4	 21	    0.0	    7.1	
 2210	 221.00	 -548.1	 1525.7	   80.6	  749.5	 1372.2	    0.0	  200.0	  742.9	 1316.0	    0.0	  200.0	  100.0	    0.0	    0.0	    0.0	    0.0	    0.1	   57.4	  1	 -250.0	 2150.0	    0.0	    0.0	    0.1	1	  297.1	 21	    0.0	    7.1	
 2211	 221.10	 -529.2	 1593.4	   73.5	  749.5	 1372.2	    0.0	  200.0	  742.9	 1316.0	    0.0	  200.0	  100.0	    0.0	    0.0	    0.0	    0.0	    0.1	   57.4	  1	 -250.0	 2150.0	    0.0	    0.0	    0.1	1	  297.9	 21	    0.0	    7.1	
 2212	 221.20	 -506.1	 1660.1	   70.7	  749.5	 1372.2	    0.0	  200.0	  742.9	 1316.0	    0.0	  200.0	  100.0	    0.0	    0.0	    0.0	    0.0	    0.1	   57.4	  1	 -250.0	 2150.0	    0.0	    0.0	    0.1	1	  298.5	 21	    0.0	    7.0	
 2213	 221.30	 -481.0	 1724.0	   68.3	  749.5	 1372.2	    0.0	  200.0	  742.9	 1316.0	    0.0	  200.0	  100.0	    0.0	    0.0	    0.0	    0.0	    0.1	   57.4	  1	 -350.0	 1950.0	    0.0	    0.0	    0.1	1	  239.4	 21	    0.0	    6.9	
 2214	 221.40	 -452.5	 1774.0	   58.8	  749.5	 1372.2	    0.0	  200.0	  742.9	 1316.0	    0.0	  200.0	  100.0	    0.0	    0.0	    0.0	    0.0	    0.1	   57.4	  1	 -450.0	 1850.0	    0.0	    0.0	    0.1	1	   72.3	 21	    0.0	    6.8	
 2215	 221.50	 -449.1	 1779.7	   88.1	  749.5	 1372.2	    0.0	  200.0	  742.9	 1316.0	    0.0	  200.0	  100.0	    0.0	    0.0	    0.0	    0.0	    0.1	   57.4	  1	 -450.0	 1850.0	    0.0	    0.0	    0.1	1	   63.3	 21	    0.0	    6.7	
 2216	 221.60	 -449.1	 1779.7	   90.8	  749.5	 1372.2	    0.0	  200.0	  742.9	 1316.0	    0.0	  200.0	  100.0	    0.0	    0.0	    0.0	    0.0	    0.1	   57.5	  1	 -450.0	 1750.0	    0.0	    0.0	    0.1	1	   27.2	 21	    0.0	    6.6	
 2217	 221.70	 -449.1	 1779.7	  -91.8	  749.5	 1372.2	    0.0	  200.0	  742.9	 1316.0	    0.0	  200.0	  100.0	    0.0	    0.0	    0.0	    0.0	    0.1	   57.5	  1	 -450.0	 1750.0	    0.0	    0.0	    0.1	1	   27.2	 21	    0.0	    6.5	
 2218	 221.80	 -449.1	 1779.7	  -91.8	  749.5	 1372.2	    0.0	  200.0	  742.9	 1316.0	    0.0	  200.0	  100.0	    0.0	    0.0	    0.0	    0.0	    0.1	   57.5	  1	 -450.0	 1750.0	    0.0	    0.0	    0.1	1	   27.2	 21	    0.0	    6.4	
 2219	 221.90	 -449.1	 1779.7	  -91.8	  749.5	 1372.2	    0.0	  200.0	  742.9	 1316.0	    0.0	  200.0	  100.0	    0.0	    0.0	    0.0	    0.0	    0.1	   57.5	  1	 -450.0	 1750.0	    0.0	    0.0	    0.1	1	   27.2	 21	    0.0	    6.3	
 2220	 222.00	 -449.1	 1779.7	  -91.8	  749.5	 1372.2	    0.0	  200.0	  742.9	 1316.0	    0.0	  200.0	  100.0	    0.0	    0.0	    0.0	    0.0	    0.1	   57.6	  1	 -450.0	 1750.0	    0.0	    0.0	    0.1	1	   27.2	 21	    0.0	    6.2	
 2221	 222.10	 -449.1	 1779.7	  -91.8	  749.5	 1372.2	    0.0	  200.0	  742.9	 1316.0	    0.0	  200.0	  100.0	    0.0	    0.0	    0.0	    0.0	    0.1	   57.6	  1	 -450.0	 1750.0	    0.0	    0.0	    0.1	1	   27.2	 21	    0.0	    6.1	
 2222	 222.20	 -449.1	 1779.7	  -91.8	  749.5	 1372.2	    0.0	  200.0	  742.9	 1316.0	    0.0	  200.0	  100.0	    0.0	    0.0	    0.0	    0.0	    0.1	   57.6	  1	 -450.0	 1750.0	    0.0	    0.0	    0.1	1	   27.2	 21	    0.0	    6.0	
 2223	 222.30	 -449.1	 1779.7	  -91.8	  749.5	 1372.2	    0.0	  200.0	  742.9	 1316.0	    0.0	  200.0	  100.0	    0.0	    0.0	    0.0	    0.0	    0.0	   57.7	  1	 -450.0	 1750.0	    0.0	    0.0	    0.0	1	   27.2	 21	    0.0	    5.9	
 2224	 222.40	 -449.1	 1779.7	  -91.8	  749.5	 1372.2	    0.0	  200.0	  742.9	 1316.0	    0.0	  200.0	  100.0	    0.0	    0.0	    0.0	    0.0	    0.0	   57.7	  1	 -450.0	 1750.0	    0.0	    0.0	    0.0	1	   27.2	 21	    0.0	    5.8	
 2225	 222.50	 -449.1	 1779.7	  -91.8	  749.5	 1372.2	    0.0	  200.0	  742.9	 1316.0	    0.0	  200.0	  100.0	    0.0	    0.0	    0.0	    0.0	    0.0	   57.7	  1	 -450.0	 1750.0	    0.0	    0.0	    0.0	1	   27.2	 21	    0.0	    5.7	
 2226	 222.60	 -449.1	 1779.7	  -91.8	  749.5	 1372.2	    0.0	  200.0	  742.9	 1316.0	    0.0	  200.0	  100.0	    0.0	    0.0	    0.0	    0.0	    0.0	   57.8	  1	 -450.0	 1750.0	    0.0	    0.0	    0.0	1	   27.2	 21	    0.0	    5.6	
 2227	 222.70	 -449.1	 1779.7	  -91.8	  749.5	 1372.2	    0.0	  200.0	  742.9	 1316.0	    0.0	  200.0	  100.0	    0.0	    0.0	    0.0	    0.0	    0.0	   57.8	  1	 -450.0	 1750.0	    0.0	    0.0	    0.0	1	   27.2	 21	    0.0	    5.5	
 2228	 222.80	 -449.1	 1779.7	  -91.8	  749.5	 1372.2	    0.0	  200.0	  742.9	 1316.0	    0.0	  200.0	  100.0	    0.0	    0.0	    0.0	    0.0	    0.0	   57.8	  1	 -450.0	 1750.0	    0.0	    0.0	    0.0	1	   27.2	 21	    0.0	    5.4	
 2229	 222.90	 -449.1	 1779.7	  -91.8	  749.5	 1372.2	    0.0	  200.0	  742.9	 1316.0	    0.0	  200.0	  100.0	    0.0	    0.0	    0.0	    0.0	    0.0	   57.9	  1	 -450.0	 1750.0	    0.0	    0.0	    0.0	1	   27.2	 21	    0.0	    5.2	
 2230	 223.00	 -449.1	 1779.7	  -91.8	  749.5	 1372.2	    0.0	  200.0	  742.9	 1316.0	    0.0	  200.0	  100.0	    0.0	    0.0	    0.0	    0.0	    0.0	   57.9	  1	 -450.0	 1750.0	    0.0	    0.0	    0.0	1	   27.2	 21	    0.0	    5.1	
 2231	 223.10	 -449.1	 1779.7	  -91.8	  749.5	 1372.2	    0.0	  200.0	  742.9	 1316.0	    0.0	  200.0	  100.0	    0.0	    0.0	    0.0	    0.0	    0.0	   58.0	  1	 -450.0	 1750.0	    0.0	    0.0	    0.0	1	   27.2	 21	    0.0	    5.0	
 2232	 223.20	 -449.1	 1779.7	  -91.8	  749.5	 1372.2	    0.0	  200.0	  742.9	 1316.0	    0.0	  200.0	  100.0	    0.0	    0.0	    0.0	    0.0	    0.0	   58.0	  1	 -450.0	 1750.0	    0.0	    0.0	    0.0	1	   27.2	 21	    0.0	    5.0	
 2233	 223.30	 -449.1	 1779.7	  -91.8	  749.5	 1372.2	    0.0	  200.0	  742.9	 1316.0	    0.0	  200.0	  100.0	    0.0	    0.0	    0.0	    0.0	    0.0	   58.0	  1	 -450.0	 1750.0	    0.0	    0.0	    0.0	1	   27.2	 21	    0.0	    5.0	
 2234	 223.40	 -449.1	 1779.7	  -91.8	  749.5	 1372.2	    0.0	  200.0	  742.9	 1316.0	    0.0	  200.0	  100.0	    0.0	    0.0	    0.0	    0.0	    0.0	   58.1	  1	 -450.0	 1750.0	    0.0	    0.0	    0.0	1	   27.2	 21	    0.0	    5.0	
 2235	 223.50	 -449.1	 1779.7	  -91.8	  749.5	 1372.2	    0.0	  200.0	  742.9	 1316.0	    0.0	  200.0	  100.0	    0.0	    0.0	    0.0	    0.0	    0.0	   58.1	  1	 -450.0	 1750.0	    0.0	    0.0	    0.0	1	   27.2	 21	    0.0	    5.0	
 2236	 223.60	 -449.1	 1779.7	  -91.8	  749.5	 1372.2	    0.0	  200.0	  742.9	 1316.0	    0.0	  200.0	  100.0	    0.0	    0.0	    0.0	    0.0	    0.0	   58.1	  1	 -450.0	  850.0	    0.0	    0.0	    0.0	1	  300.0	 21	    0.0	    5.0	
 2237	 223.70	 -466.7	 1721.5	 -106.9	  749.5	 1372.2	    0.0	  200.0	  742.9	 1316.0	    0.0	  200.0	  100.0	    0.0	    0.0	    0.0	    0.0	    0.0	   58.2	  1	 -450.0	  850.0	    0.0	    0.0	    0.0	1	  300.0	 21	    0.0	    5.0	
 2238	 223.80	 -487.6	 1651.9	 -106.6	  749.5	 1372.2	    0.0	  200.0	  742.9	 1316.0	    0.0	  200.0	  100.0	    0.0	    0.0	    0.0	    0.0	    0.0	   58.2	  1	 -450.0	  850.0	    0.0	    0.0	    0.0	1	  299.9	 21	    0.0	    5.0	
 2239	 223.90	 -506.9	 1584.2	 -105.9	  749.5	 1372.2	    0.0	  200.0	  742.9	 1316.0	    0.0	  200.0	  100.0	    0.0	    0.0	    0.0	    0.0	    0.0	   58.2	  1	 -450.0	  850.0	    0.0	    0.0	    0.0	1	  299.8	 21	    0.0	    5.0	
 2240	 224.00	 -525.7	 1513.4	 -104.7	  749.5	 1372.2	    0.0	  200.0	  742.9	 1316.0	    0.0	  200.0	  100.0	    0.0	    0.0	    0.0	    0.0	    0.0	   58.2	  1	 -450.0	  850.0	    0.0	    0.0	    0.0	1	  299.5	 21	    0.0	    5.0	
 2241	 224.10	 -542.2	 1443.2	 -103.0	  749.5	 1372.2	    0.0	  200.0	  742.9	 1316.0	    0.0	  200.0	  100.0	    0.0	    0.0	    0.0	    0.0	    0.0	   58.3	  1	 -450.0	  850.0	    0.0	    0.0	    0.0	1	  299.2	 21	    0.0	    5.0	
 2242	 224.20	 -555.8	 1373.1	 -100.8	  749.5	 1372.2	    0.0	  200.0	  742.9	 1316.0	    0.0	  200.0	  100.0	    0.0	    0.0	    0.0	    0.0	    0.0	   58.3	  1	 -450.0	  850.0	    0.0	    0.0	    0.0	1	  298.7	 21	    0.0	    5.1	
 2243	 224.30	 -565.4	 1305.3	  -97.9	  749.5	 1372.2	    0.0	  200.0	  742.9	 1316.0	    0.0	  200.0	  100.0	    0.0	    0.0	    0.0	    0.0	    0.0	   58.3	  1	 -450.0	  850.0	    0.0	    0.0	    0.0	1	  297.9	 21	    0.0	    5.1	
 2244	 224.40	 -571.3	 1234.4	  -94.3	  749.5	 1372.2	    0.0	  200.0	  742.9	 1316.0	    0.0	  200.0	  100.0	    0.0	    0.0	    0.0	    0.0	    0.0	   58.3	  1	 -550.0	 1150.0	    0.0	    0.0	    0.0	1	   80.3	 21	    0.0	    5.2	
 2245	 224.50	 -571.9	 1225.9	    3.6	  749.5	 1372.2	    0.0	  200.0	  742.9	 1316.0	    0.0	  200.0	  100.0	    0.0	    0.0	    0.0	    0.0	    0.0	   58.3	  1	 -550.0	 1150.0	    0.0	    0.0	    0.0	1	   72.1	 21	    0.0	    5.3	
 2246	 224.60	 -571.9	 1225.9	    3.9	  749.5	 1372.2	    0.0	  200.0	  742.9	 1316.0	    0.0	  200.0	  100.0	    0.0	    0.0	    0.0	    0.0	    0.0	   58.3	  1	 -550.0	 1250.0	    0.0	    0.0	    0.0	1	   29.0	 21	    0.0	    5.4	
 2247	 224.70	 -571.9	 1225.9	    3.9	  749.5	 1372.2	    0.0	  200.0	  742.9	 1316.0	    0.0	  200.0	  100.0	    0.0	    0.0	    0.0	    0.0	    0.0	   58.4	  1	 -550.0	 1250.0	    0.0	    0.0	    0.0	1	   29.0	 21	    0.0	    5.5	
 2248	 224.80	 -571.9	 1225.9	    3.9	  749.5	 1372.2	    0.0	  200.0	  742.9	 1316.0	    0.0	  200.0	  100.0	    0.0	    0.0	    0.0	    0.0	    0.0	   58.4	  1	 -550.0	 1250.0	    0.0	    0.0	    0.0	1	   29.0	 21	    0.0	    5.6	
 2249	 224.90	 -571.9	 1225.9	    3.9	  749.5	 1372.2	    0.0	  200.0	  742.9	 1316.0	    0.0	  200.0	  100.0	    0.0	    0.0	    0.0	    0.0	    0.0	   58.4	  1	 -550.0	 1250.0	    0.0	    0.0	    0.0	1	   29.0	 21	    0.0	    5.7	
 2250	 225.00	 -571.9	 1225.9	    3.9	  749.5	 1372.2	    0.0	  200.0	  742.9	 1316.0	    0.0	  200.0	  100.0	    0.0	    0.0	    0.0	    0.0	    0.0	   58.4	  1	 -550.0	 1250.0	    0.0	    0.0	    0.0	1	   29.0	 21	    0.0	    5.8	
 2251	 225.10	 -571.9	 1225.9	    3.9	  749.5	 1372.2	    0.0	  200.0	  742.9	 1316.0	    0.0	  200.0	  100.0	    0.0	    0.0	    0.0	    0.0	    0.0	   58.5	  1	 -550.0	 1250.0	    0.0	    0.0	    0.0	1	   29.0	 21	    0.0	    5.9	
 2252	 225.20	 -571.9	 1225.9	    3.9	  749.5	 1372.2	    0.0	  200.0	  742.9	 1316.0	    0.0	  200.0	  100.0	    0.0	    0.0	    0.0	    0.0	    0.1	   58.5	  1	 -550.0	 1250.0	    0.0	    0.0	    0.1	1	   29.0	 21	    0.0	    6.0	
 2253	 225.30	 -571.9	 1225.9	    3.9	  749.5	 1372.2	    0.0	  200.0	  742.9	 1316.0	    0.0	  200.0	  100.0	    0.0	    0.0	    0.0	    0.0	    0.1	   58.6	  1	 -550.0	 1250.0	    0.0	    0.0	    0.1	1	   29.0	 21	    0.0	    6.1	
 2254	 225.40	 -571.9	 1225.9	    3.9	  749.5	 1372.2	    0.0	  200.0	  742.9	 1316.0	    0.0	  200.0	  100.0	    0.0	    0.0	    0.0	    0.0	    0.1	   58.6	  1	 -550.0	 1250.0	    0.0	    0.0	    0.1	1	   29.0	 21	    0.0	    6.2	
 2255	 225.50	 -571.9	 1225.9	    3.9	  749.5	 1372.2	    0.0	  200.0	  742.9	 1316.0	    0.0	  200.0	  100.0	    0.0	    0.0	    0.0	    0.0	    0.1	   58.6	  1	 -550.0	 1250.0	    0.0	    0.0	    0.1	1	   29.0	 21	    0.0	    6.3	
 2256	 225.60	 -571.9	 1225.9	    3.9	  749.5	 1372.2	    0.0	  200.0	  742.9	 1316.0	    0.0	  200.0	  100.0	    0.0	    0.0	    0.0	    0.0	    0.1	   58.7	  1	 -550.0	 1250.0	    0.0	    0.0	    0.1	1	   29.0	 21	    0.0	    6.4	
 2257	 225.70	 -571.9	 1225.9	    3.9	  749.5	 1372.2	    0.0	  200.0	  742.9	 1316.0	    0.0	  200.0	  100.0	    0.0	    0.0	    0.0	    0.0	    0.1	   58.7	  1	 -550.0	 1250.0	    0.0	    0.0	    0.1	1	   29.0	 21	    0.0	    6.5	
 2258	 225.80	 -571.9	 1225.9	    3.9	  749.5	 1372.2	    0.0	  200.0	  742.9	 1316.0	    0.0	  200.0	  100.0	    0.0	    0.0	    0.0	    0.0	    0.1	   58.7	  1	 -550.0	 1250.0	    0.0	    0.0	    0.1	1	   29.0	 21	    0.0	    6.6	
 2259	 225.90	 -571.9	 1225.9	    3.9	  749.5	 1372.2	    0.0	  200.0	  742.9	 1316.0	    0.0	  200.0	  100.0	    0.0	    0.0	    0.0	    0.0	    0.1	   58.8	  1	 -550.0	 1250.0	    0.0	    0.0	    0.1	1	   29.0	 21	    0.0	    6.7	
 2260	 226.00	 -571.9	 1225.9	    3.9	  749.5	 1372.2	    0.0	  200.0	  742.9	 1316.0	    0.0	  200.0	  100.0	    0.0	    0.0	    0.0	    0.0	    0.1	   58.8	  1	 -550.0	 1250.0	    0.0	    0.0	    0.1	1	   29.0	 21	    0.0	    6.8	
 2261	 226.10	 -571.9	 1225.9	    3.9	  749.5	 1372.2	    0.0	  200.0	  742.9	 1316.0	    0.0	  200.0	  100.0	    0.0	    0.0	    0.0	    0.0	    0.1	   58.9	  1	 -350.0	 1950.0	    0.0	    0.0	    0.1	1	  293.3	 21	    0.0	    6.9	
 2262	 226.20	 -573.3	 1251.1	   93.1	  749.5	 1372.2	    0.0	  200.0	  742.9	 1316.0	    0.0	  200.0	  100.0	    0.0	    0.0	    0.0	    0.0	    0.1	   58.9	  1	 -350.0	 1950.0	    0.0	    0.0	    0.1	1	  293.2	 21	    0.0	    6.9	
 2263	 226.30	 -574.7	 1318.6	   91.1	  749.5	 1372.2	    0.0	  200.0	  742.9	 1316.0	    0.0	  200.0	  100.0	    0.0	    0.0	    0.0	    0.0	    0.1	   58.9	  1	 -350.0	 1950.0	    0.0	    0.0	    0.1	1	  293.4	 21	    0.0	    7.0	
 2264	 226.40	 -570.2	 1384.9	   85.6	  749.5	 1372.2	    0.0	  200.0	  742.9	 1316.0	    0.0	  200.0	  100.0	    0.0	    0.0	    0.0	    0.0	    0.1	   59.0	  1	 -350.0	 1950.0	    0.0	    0.0	    0.1	1	  293.9	 21	    0.0	    7.0	
 2265	 226.50	 -559.8	 1453.3	   80.8	  749.5	 1372.2	    0.0	  200.0	  742.9	 1316.0	    0.0	  200.0	  100.0	    0.0	    0.0	    0.0	    0.0	    0.1	   59.0	  1	 -350.0	 2050.0	    0.0	    0.0	    0.1	1	  294.4	 21	    0.0	    7.0	
 2266	 226.60	 -548.3	 1523.8	   80.7	  749.5	 1372.2	    0.0	  200.0	  742.9	 1316.0	    0.0	  200.0	  100.0	    0.0	    0.0	    0.0	    0.0	    0.1	   59.0	  1	 -250.0	 2150.0	    0.0	    0.0	    0.1	1	  297.0	 21	    0.0	    7.0	
 2267	 226.70	 -529.6	 1591.2	   73.6	  749.5	 1372.2	    0.0	  200.0	  742.9	 1316.0	    0.0	  200.0	  100.0	    0.0	    0.0	    0.0	    0.0	    0.1	   59.0	  1	 -250.0	 2150.0	    0.0	    0.0	    0.1	1	  297.8	 21	    0.0	    7.0	
 2268	 226.80	 -506.5	 1658.8	   70.8	  749.5	 1372.2	    0.0	  200.0	  742.9	 1316.0	    0.0	  200.0	  100.0	    0.0	    0.0	    0.0	    0.0	    0.1	   59.0	  1	 -250.0	 2150.0	    0.0	    0.0	    0.1	1	  298.5	 21	    0.0	    6.9	
 2269	 226.90	 -480.3	 1725.5	   68.4	  749.5	 1372.2	    0.0	  200.0	  742.9	 1316.0	    0.0	  200.0	  100.0	    0.0	    0.0	    0.0	    0.0	    0.1	   59.0	  1	 -150.0	 2250.0	    0.0	    0.0	    0.1	1	  299.4	 21	    0.0	    6.9	
 2270	 227.00	 -451.1	 1787.8	   64.6	  749.5	 1372.2	    0.0	  200.0	  742.9	 1316.0	    0.0	  200.0	  100.0	    0.0	    0.0	    0.0	    0.0	    0.1	   59.0	  1	 -450.0	 1850.0	    0.0	    0.0	    0.1	1	   54.6	 21	    0.0	    6.8	
 2271	 227.10	 -447.4	 1795.7	   88.9	  749.5	 1372.2	    0.0	  200.0	  742.9	 1316.0	    0.0	  200.0	  100.0	    0.0	    0.0	    0.0	    0.0	    0.1	   59.0	  1	 -450.0	 1850.0	    0.0	    0.0	    0.1	1	   45.3	 21	    0.0	    6.7	
 2272	 227.20	 -447.4	 1795.7	   92.8	  749.5	 1372.2	    0.0	  200.0	  742.9	 1316.0	    0.0	  200.0	  100.0	    0.0	    0.0	    0.0	    0.0	    0.1	   59.1	  1	 -450.0	 1850.0	    0.0	    0.0	    0.1	1	   45.3	 21	    0.0	    6.6	
 2273	 227.30	 -447.4	 1795.7	   92.8	  749.5	 1372.2	    0.0	  200.0	  742.9	 1316.0	    0.0	  200.0	  100.0	    0.0	    0.0	    0.0	    0.0	    0.1	   59.1	  1	 -450.0	 1850.0	    0.0	    0.0	    0.1	1	   45.3	 21	    0.0	    6.4	
 2274	 227.40	 -447.4	 1795.7	   92.8	  749.5	 1372.2	    0.0	  200.0	  742.9	 1316.0	    0.0	  200.0	  100.0	    0.0	    0.0	    0.0	    0.0	    0.1	   59.1	  1	 -450.0	 1850.0	    0.0	    0.0	    0.1	1	   45.3	 21	    0.0	    6.3	
 2275	 227.50	 -447.4	 1795.7	   92.8	  749.5	 1372.2	    0.0	  200.0	  742.9	 1316.0	    0.0	  200.0	  100.0	    0.0	    0.0	    0.0	    0.0	    0.1	   59.1	  1	 -450.0	 1850.0	    0.0	    0.0	    0.1	1	   45.3	 21	    0.0	    6.2	
 2276	 227.60	 -447.4	 1795.7	   92.8	  749.5	 1372.2	    0.0	  200.0	  742.9	 1316.0	    0.0	  200.0	  100.0	    0.0	    0.0	    0.0	    0.0	    0.1	   59.2	  1	 -450.0	 1850.0	    0.0	    0.0	    0.1	1	   45.3	 21	    0.0	    6.1	
 2277	 227.70	 -447.4	 1795.7	   92.8	  749.5	 1372.2	    0.0	  200.0	  742.9	 1316.0	    0.0	  200.0	  100.0	    0.0	    0.0	    0.0	    0.0	    0.1	   59.2	  1	 -450.0	 1850.0	    0.0	    0.0	    0.1	1	   45.3	 21	    0.0	    6.0	
 2278	 227.80	 -447.4	 1795.7	   92.8	  749.5	 1372.2	    0.0	  200.0	  742.9	 1316.0	    0.0	  200.0	  100.0	    0.0	    0.0	    0.0	    0.0	    0.0	   59.2	  1	 -450.0	 1850.0	    0.0	    0.0	    0.0	1	   45.3	 21	    0.0	    5.9	
 2279	 227.90	 -447.4	 1795.7	   92.8	  749.5	 1372.2	    0.0	  200.0	  742.9	 1316.0	    0.0	  200.0	  100.0	    0.0	    0.0	    0.0	    0.0	    0.0	   59.3	  1	 -450.0	 1850.0	    0.0	    0.0	    0.0	1	   45.3	 21	    0.0	    5.8	
 2280	 228.00	 -447.4	 1795.7	   92.8	  749.5	 1372.2	    0.0	  200.0	  742.9	 1316.0	    0.0	  200.0	  100.0	    0.0	    0.0	    0.0	    0.0	    0.0	   59.3	  1	 -450.0	 1850.0	    0.0	    0.0	    0.0	1	   45.3	 21	    0.0	    5.7	
 2281	 228.10	 -447.4	 1795.7	   92.8	  749.5	 1372.2	    0.0	  200.0	  742.9	 1316.0	    0.0	  200.0	  100.0	    0.0	    0.0	    0.0	    0.0	    0.0	   59.3	  1	 -450.0	 1850.0	    0.0	    0.0	    0.0	1	   45.3	 21	    0.0	    5.5	
 2282	 228.20	 -447.4	 1795.7	   92.8	  749.5	 1372.2	    0.0	  200.0	  742.9	 1316.0	    0.0	  200.0	  100.0	    0.0	    0.0	    0.0	    0.0	    0.0	   59.4	  1	 -450.0	 1850.0	    0.0	    0.0	    0.0	1	   45.3	 21	    0.0	    5.4	
 2283	 228.30	 -447.4	 1795.7	   92.8	  749.5	 1372.2	    0.0	  200.0	  742.9	 1316.0	    0.0	  200.0	  100.0	    0.0	    0.0	    0.0	    0.0	    0.0	   59.4	  1	 -450.0	 1850.0	    0.0	    0.0	    0.0	1	   45.3	 21	    0.0	    5.3	
 2284	 228.40	 -447.4	 1795.7	   92.8	  749.5	 1372.2	    0.0	  200.0	  742.9	 1316.0	    0.0	  200.0	  100.0	    0.0	    0.0	    0.0	    0.0	    0.0	   59.4	  1	 -450.0	 1850.0	    0.0	    0.0	    0.0	1	   45.3	 21	    0.0	    5.2	
 2285	 228.50	 -447.4	 1795.7	   92.8	  749.5	 1372.2	    0.0	  200.0	  742.9	 1316.0	    0.0	  200.0	  100.0	    0.0	    0.0	    0.0	    0.0	    0.0	   59.5	  1	 -450.0	 1850.0	    0.0	    0.0	    0.0	1	   45.3	 21	    0.0	    5.1	
 2286	 228.60	 -447.4	 1795.7	   92.8	  749.5	 1372.2	    0.0	  200.0	  742.9	 1316.0	    0.0	  200.0	  100.0	    0.0	    0.0	    0.0	    0.0	    0.0	   59.5	  1	 -450.0	 1850.0	    0.0	    0.0	    0.0	1	   45.3	 21	    0.0	    5.0	
 2287	 228.70	 -447.4	 1795.7	   92.8	  749.5	 1372.2	    0.0	  200.0	  742.9	 1316.0	    0.0	  200.0	  100.0	    0.0	    0.0	    0.0	    0.0	    0.0	   59.5	  1	 -450.0	 1850.0	    0.0	    0.0	    0.0	1	   45.3	 21	    0.0	    5.0	
 2288	 228.80	 -447.4	 1795.7	   92.8	  749.5	 1372.2	    0.0	  200.0	  742.9	 1316.0	    0.0	  200.0	  100.0	    0.0	    0.0	    0.0	    0.0	    0.0	   59.6	  1	 -450.0	 1850.0	    0.0	    0.0	    0.0	1	   45.3	 21	    0.0	    5.0	
 2289	 228.90	 -447.4	 1795.7	   92.8	  749.5	 1372.2	    0.0	  200.0	  742.9	 1316.0	    0.0	  200.0	  100.0	    0.0	    0.0	    0.0	    0.0	    0.0	   59.6	  1	 -450.0	  850.0	    0.0	    0.0	    0.0	1	  300.0	 21	    0.0	    5.0	
 2290	 229.00	 -453.3	 1775.9	 -106.5	  749.5	 1372.2	    0.0	  200.0	  742.9	 1316.0	    0.0	  200.0	  100.0	    0.0	    0.0	    0.0	    0.0	    0.0	   59.7	  1	 -450.0	  850.0	    0.0	    0.0	    0.0	1	  300.0	 21	    0.0	    5.0	
 2291	 229.10	 -472.3	 1711.8	 -106.5	  749.5	 1372.2	    0.0	  200.0	  742.9	 1316.0	    0.0	  200.0	  100.0	    0.0	    0.0	    0.0	    0.0	    0.0	   59.7	  1	 -450.0	  850.0	    0.0	    0.0	    0.0	1	  300.0	 21	    0.0	    5.0	
 2292	 229.20	 -492.9	 1641.6	 -106.3	  749.5	 1372.2	    0.0	  200.0	  742.9	 1316.0	    0.0	  200.0	  100.0	    0.0	    0.0	    0.0	    0.0	    0.0	   59.7	  1	 -450.0	  850.0	    0.0	    0.0	    0.0	1	  299.9	 21	    0.0	    5.0	
 2293	 229.30	 -512.9	 1569.8	 -105.5	  749.5	 1372.2	    0.0	  200.0	  742.9	 1316.0	    0.0	  200.0	  100.0	    0.0	    0.0	    0.0	    0.0	    0.0	   59.7	  1	 -450.0	  850.0	    0.0	    0.0	    0.0	1	  299.7	 21	    0.0	    5.0	
 2294	 229.40	 -530.7	 1500.1	 -104.2	  749.5	 1372.2	    0.0	  200.0	  742.9	 1316.0	    0.0	  200.0	  100.0	    0.0	    0.0	    0.0	    0.0	    0.0	   59.8	  1	 -450.0	  850.0	    0.0	    0.0	    0.0	1	  299.5	 21	    0.0	    5.0	
 2295	 229.50	 -545.8	 1432.5	 -102.4	  749.5	 1372.2	    0.0	  200.0	  742.9	 1316.0	    0.0	  200.0	  100.0	    0.0	    0.0	    0.0	    0.0	    0.0	   59.8	  1	 -450.0	  850.0	    0.0	    0.0	    0.0	1	  299.2	 21	    0.0	    5.0	
 2296	 229.60	 -558.9	 1361.8	 -100.2	  749.5	 1372.2	    0.0	  200.0	  742.9	 1316.0	    0.0	  200.0	  100.0	    0.0	    0.0	    0.0	    0.0	    0.0	   59.8	  1	 -450.0	  850.0	    0.0	    0.0	    0.0	1	  298.6	 21	    0.0	    5.1	
 2297	 229.70	 -568.4	 1290.1	  -97.2	  749.5	 1372.2	    0.0	  200.0	  742.9	 1316.0	    0.0	  200.0	  100.0	    0.0	    0.0	    0.0	    0.0	    0.0	   59.8	  1	 -550.0	 1250.0	    0.0	    0.0	    0.0	1	   43.0	 21	    0.0	    5.2	
 2298	 229.80	 -569.1	 1284.3	    1.1	  749.5	 1372.2	    0.0	  200.0	  742.9	 1316.0	    0.0	  200.0	  100.0	    0.0	    0.0	    0.0	    0.0	    0.0	   59.8	  1	 -550.0	 1250.0	    0.0	    0.0	    0.0	1	   38.4	 21	    0.0	    5.2	
 2299	 229.90	 -569.1	 1284.3	    1.4	  749.5	 1372.2	    0.0	  200.0	  742.9	 1316.0	    0.0	  200.0	  100.0	    0.0	    0.0	    0.0	    0.0	    0.0	   59.8	  1	 -550.0	 1250.0	    0.0	    0.0	    0.0	1	   38.4	 21	    0.0	    5.3	
 2300	 230.00	 -569.1	 1284.3	    1.4	  749.5	 1372.2	    0.0	  200.0	  742.9	 1316.0	    0.0	  200.0	  100.0	    0.0	    0.0	    0.0	    0.0	    0.0	   59.9	  1	 -550.0	 1250.0	    0.0	    0.0	    0.0	1	   38.4	 21	    0.0	    5.4	
 2301	 230.10	 -569.1	 1284.3	    1.4	  749.5	 1372.2	    0.0	  200.0	  742.9	 1316.0	    0.0	  200.0	  100.0	    0.0	    0.0	    0.0	    0.0	    0.0	   59.9	  1	 -550.0	 1250.0	    0.0	    0.0	    0.0	1	   38.4	 21	    0.0	    5.5	
 2302	 230.20	 -569.1	 1284.3	    1.4	  749.5	 1372.2	    0.0	  200.0	  742.9	 1316.0	    0.0	  200.0	  100.0	    0.0	    0.0	    0.0	    0.0	    0.0	   59.9	  1	 -550.0	 1250.0	    0.0	    0.0	    0.0	1	   38.4	 21	    0.0	    5.6	
 2303	 230.30	 -569.1	 1284.3	    1.4	  749.5	 1372.2	    0.0	  200.0	  742.9	 1316.0	    0.0	  200.0	  100.0	    0.0	    0.0	    0.0	    0.0	    0.0	   60.0	  1	 -550.0	 1250.0	    0.0	    0.0	    0.0	1	   38.4	 21	    0.0	    5.6	
 2304	 230.40	 -569.1	 1284.3	    1.4	  749.5	 1372.2	    0.0	  200.0	  742.9	 1316.0	    0.0	  200.0	  100.0	    0.0	    0.0	    0.0	    0.0	    0.0	   60.0	  1	 -550.0	 1250.0	    0.0	    0.0	    0.0	1	   38.4	 21	    0.0	    5.7	
 2305	 230.50	 -569.1	 1284.3	    1.4	  749.5	 1372.2	    0.0	  200.0	  742.9	 1316.0	    0.0	  200.0	  100.0	    0.0	    0.0	    0.0	    0.0	    0.0	   60.0	  1	 -550.0	 1250.0	    0.0	    0.0	    0.0	1	   38.4	 21	    0.0	    5.8	
 2306	 230.60	 -569.1	 1284.3	    1.4	  749.5	 1372.2	    0.0	  200.0	  742.9	 1316.0	    0.0	  200.0	  100.0	    0.0	    0.0	    0.0	    0.0	    0.0	   60.1	  1	 -550.0	 1250.0	    0.0	    0.0	    0.0	1	   38.4	 21	    0.0	    5.9	
 2307	 230.70	 -569.1	 1284.3	    1.4	  749.5	 1372.2	    0.0	  200.0	  742.9	 1316.0	    0.0	  200.0	  100.0	    0.0	    0.0	    0.0	    0.0	    0.0	   60.1	  1	 -550.0	 1250.0	    0.0	    0.0	    0.0	1	   38.4	 21	    0.0	    5.9	
 2308	 230.80	 -569.1	 1284.3	    1.4	  749.5	 1372.2	    0.0	  200.0	  742.9	 1316.0	    0.0	  200.0	  100.0	    0.0	    0.0	    0.0	    0.0	    0.1	   60.2	  1	 -550.0	 1250.0	    0.0	    0.0	    0.1	1	   38.4	 21	    0.0	    6.0	
 2309	 230.90	 -569.1	 1284.3	    1.4	  749.5	 1372.2	    0.0	  200.0	  742.9	 1316.0	    0.0	  200.0	  100.0	    0.0	    0.0	    0.0	    0.0	    0.1	   60.2	  1	 -550.0	 1250.0	    0.0	    0.0	    0.1	1	   38.4	 21	    0.0	    6.1	
 2310	 231.00	 -569.1	 1284.3	    1.4	  749.5	 1372.2	    0.0	  200.0	  742.9	 1316.0	    0.0	  200.0	  100.0	    0.0	    0.0	    0.0	    0.0	    0.1	   60.2	  1	 -550.0	 1250.0	    0.0	    0.0	    0.1	1	   38.4	 21	    0.0	    6.2	
 2311	 231.10	 -569.1	 1284.3	    1.4	  749.5	 1372.2	    0.0	  200.0	  742.9	 1316.0	    0.0	  200.0	  100.0	    0.0	    0.0	    0.0	    0.0	    0.1	   60.3	  1	 -550.0	 1250.0	    0.0	    0.0	    0.1	1	   38.4	 21	    0.0	    6.2	
 2312	 231.20	 -569.1	 1284.3	    1.4	  749.5	 1372.2	    0.0	  200.0	  742.9	 1316.0	    0.0	  200.0	  100.0	    0.0	    0.0	    0.0	    0.0	    0.1	   60.3	  1	 -550.0	 1250.0	    0.0	    0.0	    0.1	1	   38.4	 21	    0.0	    6.3	
 2313	 231.30	 -569.1	 1284.3	    1.4	  749.5	 1372.2	    0.0	  200.0	  742.9	 1316.0	    0.0	  200.0	  100.0	    0.0	    0.0	    0.0	    0.0	    0.1	   60.4	  1	 -350.0	 1950.0	    0.0	    0.0	    0.1	1	  293.0	 21	    0.0	    6.4	
 2314	 231.40	 -568.8	 1310.5	   89.3	  749.5	 1372.2	    0.0	  200.0	  742.9	 1316.0	    0.0	  200.0	  100.0	    0.0	    0.0	    0.0	    0.0	    0.1	   60.4	  1	 -350.0	 1950.0	    0.0	    0.0	    0.1	1	  293.0	 21	    0.0	    6.4	
 2315	 231.50	 -565.6	 1378.3	   87.3	  749.5	 1372.2	    0.0	  200.0	  742.9	 1316.0	    0.0	  200.0	  100.0	    0.0	    0.0	    0.0	    0.0	    0.1	   60.4	  1	 -350.0	 1950.0	    0.0	    0.0	    0.1	1	  293.5	 21	    0.0	    6.5	
 2316	 231.60	 -557.0	 1444.7	   82.1	  749.5	 1372.2	    0.0	  200.0	  742.9	 1316.0	    0.0	  200.0	  100.0	    0.0	    0.0	    0.0	    0.0	    0.1	   60.5	  1	 -350.0	 1950.0	    0.0	    0.0	    0.1	1	  294.4	 21	    0.0	    6.5	
 2317	 231.70	 -542.5	 1513.3	   77.6	  749.5	 1372.2	    0.0	  200.0	  742.9	 1316.0	    0.0	  200.0	  100.0	    0.0	    0.0	    0.0	    0.0	    0.1	   60.5	  1	 -250.0	 2150.0	    0.0	    0.0	    0.1	1	  296.5	 21	    0.0	    6.5	
 2318	 231.80	 -524.7	 1583.3	   75.4	  749.5	 1372.2	    0.0	  200.0	  742.9	 1316.0	    0.0	  200.0	  100.0	    0.0	    0.0	    0.0	    0.0	    0.1	   60.5	  1	 -250.0	 2150.0	    0.0	    0.0	    0.1	1	  297.4	 21	    0.0	    6.5	
 2319	 231.90	 -503.1	 1651.3	   72.1	  749.5	 1372.2	    0.0	  200.0	  742.9	 1316.0	    0.0	  200.0	  100.0	    0.0	    0.0	    0.0	    0.0	    0.1	   60.5	  1	 -250.0	 2150.0	    0.0	    0.0	    0.1	1	  298.1	 21	    0.0	    6.4	
 2320	 232.00	 -479.2	 1716.1	   69.5	  749.5	 1372.2	    0.0	  200.0	  742.9	 1316.0	    0.0	  200.0	  100.0	    0.0	    0.0	    0.0	    0.0	    0.1	   60.5	  1	 -150.0	 2250.0	    0.0	    0.0	    0.1	1	  299.2	 21	    0.0	    6.3	
 2321	 232.10	 -450.0	 1781.5	   65.5	  749.5	 1372.2	    0.0	  200.0	  742.9	 1316.0	    0.0	  200.0	  100.0	    0.0	    0.0	    0.0	    0.0	    0.1	   60.5	  1	 -450.0	 1850.0	    0.0	    0.0	    0.1	1	   63.4	 21	    0.0	    6.2	
 2322	 232.20	 -446.4	 1789.3	   90.0	  749.5	 1372.2	    0.0	  200.0	  742.9	 1316.0	    0.0	  200.0	  100.0	    0.0	    0.0	    0.0	    0.0	    0.1	   60.5	  1	 -450.0	 1850.0	    0.0	    0.0	    0.1	1	   54.4	 21	    0.0	    6.1	
 2323	 232.30	 -446.4	 1789.3	   93.4	  749.5	 1372.2	    0.0	  200.0	  742.9	 1316.0	    0.0	  200.0	  100.0	    0.0	    0.0	    0.0	    0.0	    0.1	   60.6	  1	 -450.0	 1850.0	    0.0	    0.0	    0.1	1	   54.4	 21	    0.0	    6.0	
 2324	 232.40	 -446.4	 1789.3	   93.4	  749.5	 1372.2	    0.0	  200.0	  742.9	 1316.0	    0.0	  200.0	  100.0	    0.0	    0.0	    0.0	    0.0	    0.0	   60.6	  1	 -450.0	 1850.0	    0.0	    0.0	    0.0	1	   54.4	 21	    0.0	    5.9	
 2325	 232.50	 -446.4	 1789.3	   93.4	  749.5	 1372.2	    0.0	  200.0	  742.9	 1316.0	    0.0	  200.0	  100.0	    0.0	    0.0	    0.0	    0.0	    0.0	   60.6	  1	 -450.0	 1850.0	    0.0	    0.0	    0.0	1	   54.4	 21	    0.0	    5.8	
 2326	 232.60	 -446.4	 1789.3	   93.4	  749.5	 1372.2	    0.0	  200.0	  742.9	 1316.0	    0.0	  200.0	  100.0	    0.0	    0.0	    0.0	    0.0	    0.0	   60.6	  1	 -450.0	 1850.0	    0.0	    0.0	    0.0	1	   54.4	 21	    0.0	    5.7	
 2327	 232.70	 -446.4	 1789.3	   93.4	  749.5	 1372.2	    0.0	  200.0	  742.9	 1316.0	    0.0	  200.0	  100.0	    0.0	    0.0	    0.0	    0.0	    0.0	   60.7	  1	 -450.0	 1750.0	    0.0	    0.0	    0.0	1	   36.2	 21	    0.0	    5.6	
 2328	 232.80	 -446.4	 1789.3	  -95.2	  749.5	 1372.2	    0.0	  200.0	  742.9	 1316.0	    0.0	  200.0	  100.0	    0.0	    0.0	    0.0	    0.0	    0.0	   60.7	  1	 -450.0	 1750.0	    0.0	    0.0	    0.0	1	   36.2	 21	    0.0	    5.4	
 2329	 232.90	 -446.4	 1789.3	  -95.2	  749.5	 1372.2	    0.0	  200.0	  742.9	 1316.0	    0.0	  200.0	  100.0	    0.0	    0.0	    0.0	    0.0	    0.0	   60.7	  1	 -450.0	 1750.0	    0.0	    0.0	    0.0	1	   36.2	 21	    0.0	    5.3	
 2330	 233.00	 -446.4	 1789.3	  -95.2	  749.5	 1372.2	    0.0	  200.0	  742.9	 1316.0	    0.0	  200.0	  100.0	    0.0	    0.0	    0.0	    0.0	    0.0	   60.8	  1	 -450.0	 1750.0	    0.0	    0.0	    0.0	1	   36.2	 21	    0.0	    5.2	
 2331	 233.10	 -446.4	 1789.3	  -95.2	  749.5	 1372.2	    0.0	  200.0	  742.9	 1316.0	    0.0	  200.0	  100.0	    0.0	    0.0	    0.0	    0.0	    0.0	   60.8	  1	 -450.0	 1750.0	    0.0	    0.0	    0.0	1	   36.2	 21	    0.0	    5.1	
 2332	 233.20	 -446.4	 1789.3	  -95.2	  749.5	 1372.2	    0.0	  200.0	  742.9	 1316.0	    0.0	  200.0	  100.0	    0.0	    0.0	    0.0	    0.0	    0.0	   60.8	  1	 -450.0	 1750.0	    0.0	    0.0	    0.0	1	   36.2	 21	    0.0	    5.0	
 2333	 233.30	 -446.4	 1789.3	  -95.2	  749.5	 1372.2	    0.0	  200.0	  742.9	 1316.0	    0.0	  200.0	  100.0	    0.0	    0.0	    0.0	    0.0	    0.0	   60.9	  1	 -450.0	 1750.0	    0.0	    0.0	    0.0	1	   36.2	 21	    0.0	    5.0	
 2334	 233.40	 -446.4	 1789.3	  -95.2	  749.5	 1372.2	    0.0	  200.0	  742.9	 1316.0	    0.0	  200.0	  100.0	    0.0	    0.0	    0.0	    0.0	    0.0	   60.9	  1	 -450.0	 1750.0	    0.0	    0.0	    0.0	1	   36.2	 21	    0.0	    5.0	
 2335	 233.50	 -446.4	 1789.3	  -95.2	  749.5	 1372.2	    0.0	  200.0	  742.9	 1316.0	    0.0	  200.0	  100.0	    0.0	    0.0	    0.0	    0.0	    0.0	   61.0	  1	 -450.0	 1750.0	    0.0	    0.0	    0.0	1	   36.2	 21	    0.0	    5.0	
 2336	 233.60	 -446.4	 1789.3	  -95.2	  749.5	 1372.2	    0.0	  200.0	  742.9	 1316.0	    0.0	  200.0	  100.0	    0.0	    0.0	    0.0	    0.0	    0.0	   61.0	  1	 -450.0	 1750.0	    0.0	    0.0	    0.0	1	   36.2	 21	    0.0	    5.0	
 2337	 233.70	 -446.4	 1789.3	  -95.2	  749.5	 1372.2	    0.0	  200.0	  742.9	 1316.0	    0.0	  200.0	  100.0	    0.0	    0.0	    0.0	    0.0	    0.0	   61.0	  1	 -450.0	 1750.0	    0.0	    0.0	    0.0	1	   36.2	 21	    0.0	    5.0	
 2338	 233.80	 -446.4	 1789.3	  -95.2	  749.5	 1372.2	    0.0	  200.0	  742.9	 1316.0	    0.0	  200.0	  100.0	    0.0	    0.0	    0.0	    0.0	    0.0	   61.1	  1	 -450.0	 1750.0	    0.0	    0.0	    0.0	1	   36.2	 21	    0.0	    5.0	
 2339	 233.90	 -446.4	 1789.3	  -95.2	  749.5	 1372.2	    0.0	  200.0	  742.9	 1316.0	    0.0	  200.0	  100.0	    0.0	    0.0	    0.0	    0.0	    0.0	   61.1	  1	 -450.0	 1750.0	    0.0	    0.0	    0.0	1	   36.2	 21	    0.0	    5.0	
 2340	 234.00	 -446.4	 1789.3	  -95.2	  749.5	 1372.2	    0.0	  200.0	  742.9	 1316.0	    0.0	  200.0	  100.0	    0.0	    0.0	    0.0	    0.0	    0.0	   61.1	  1	 -450.0	  850.0	    0.0	    0.0	    0.0	1	  300.0	 21	    0.0	    5.0	
 2341	 234.10	 -463.9	 1731.9	 -106.9	  749.5	 1372.2	    0.0	  200.0	  742.9	 1316.0	    0.0	  200.0	  100.0	    0.0	    0.0	    0.0	    0.0	    0.0	   61.2	  1	 -450.0	  850.0	    0.0	    0.0	    0.0	1	  300.0	 21	    0.0	    5.0	
 2342	 234.20	 -485.0	 1661.5	 -106.7	  749.5	 1372.2	    0.0	  200.0	  742.9	 1316.0	    0.0	  200.0	  100.0	    0.0	    0.0	    0.0	    0.0	    0.0	   61.2	  1	 -450.0	  850.0	    0.0	    0.0	    0.0	1	  299.9	 21	    0.0	    5.0	
 2343	 234.30	 -505.4	 1590.5	 -106.0	  749.5	 1372.2	    0.0	  200.0	  742.9	 1316.0	    0.0	  200.0	  100.0	    0.0	    0.0	    0.0	    0.0	    0.0	   61.2	  1	 -450.0	  850.0	    0.0	    0.0	    0.0	1	  299.8	 21	    0.0	    5.0	
 2344	 234.40	 -524.0	 1521.0	 -104.8	  749.5	 1372.2	    0.0	  200.0	  742.9	 1316.0	    0.0	  200.0	  100.0	    0.0	    0.0	    0.0	    0.0	    0.0	   61.3	  1	 -450.0	  850.0	    0.0	    0.0	    0.0	1	  299.6	 21	    0.0	    5.0	
 2345	 234.50	 -540.7	 1450.6	 -103.2	  749.5	 1372.2	    0.0	  200.0	  742.9	 1316.0	    0.0	  200.0	  100.0	    0.0	    0.0	    0.0	    0.0	    0.0	   61.3	  1	 -450.0	  850.0	    0.0	    0.0	    0.0	1	  299.3	 21	    0.0	    5.0	
 2346	 234.60	 -554.2	 1382.3	 -101.0	  749.5	 1372.2	    0.0	  200.0	  742.9	 1316.0	    0.0	  200.0	  100.0	    0.0	    0.0	    0.0	    0.0	    0.0	   61.3	  1	 -450.0	  850.0	    0.0	    0.0	    0.0	1	  298.8	 21	    0.0	    5.1	
 2347	 234.70	 -565.0	 1311.0	  -98.3	  749.5	 1372.2	    0.0	  200.0	  742.9	 1316.0	    0.0	  200.0	  100.0	    0.0	    0.0	    0.0	    0.0	    0.0	   61.3	  1	 -450.0	  850.0	    0.0	    0.0	    0.0	1	  298.0	 21	    0.0	    5.1	
 2348	 234.80	 -571.1	 1240.3	  -94.6	  749.5	 1372.2	    0.0	  200.0	  742.9	 1316.0	    0.0	  200.0	  100.0	    0.0	    0.0	    0.0	    0.0	    0.0	   61.3	  1	 -550.0	 1150.0	    0.0	    0.0	    0.0	1	   88.2	 21	    0.0	    5.2	
 2349	 234.90	 -571.6	 1234.5	    3.3	  749.5	 1372.2	    0.0	  200.0	  742.9	 1316.0	    0.0	  200.0	  100.0	    0.0	    0.0	    0.0	    0.0	    0.0	   61.3	  1	 -550.0	 1150.0	    0.0	    0.0	    0.0	1	   80.4	 21	    0.0	    5.3	
 2350	 235.00	 -571.6	 1234.5	    3.5	  749.5	 1372.2	    0.0	  200.0	  742.9	 1316.0	    0.0	  200.0	  100.0	    0.0	    0.0	    0.0	    0.0	    0.0	   61.3	  1	 -550.0	 1250.0	    0.0	    0.0	    0.0	1	   22.1	 21	    0.0	    5.4	
 2351	 235.10	 -571.6	 1234.5	    3.5	  749.5	 1372.2	    0.0	  200.0	  742.9	 1316.0	    0.0	  200.0	  100.0	    0.0	    0.0	    0.0	    0.0	    0.0	   61.4	  1	 -550.0	 1250.0	    0.0	    0.0	    0.0	1	   22.1	 21	    0.0	    5.5	
 2352	 235.20	 -571.6	 1234.5	    3.5	  749.5	 1372.2	    0.0	  200.0	  742.9	 1316.0	    0.0	  200.0	  100.0	    0.0	    0.0	    0.0	    0.0	    0.0	   61.4	  1	 -550.0	 1250.0	    0.0	    0.0	    0.0	1	   22.1	 21	    0.0	    5.6	
 2353	 235.30	 -571.6	 1234.5	    3.5	  749.5	 1372.2	    0.0	  200.0	  742.9	 1316.0	    0.0	  200.0	  100.0	    0.0	    0.0	    0.0	    0.0	    0.0	   61.4	  1	 -550.0	 1250.0	    0.0	    0.0	    0.0	1	   22.1	 21	    0.0	    5.7	
 2354	 235.40	 -571.6	 1234.5	    3.5	  749.5	 1372.2	    0.0	  200.0	  742.9	 1316.0	    0.0	  200.0	  100.0	    0.0	    0.0	    0.0	    0.0	    0.0	   61.5	  1	 -550.0	 1250.0	    0.0	    0.0	    0.0	1	   22.1	 21	    0.0	    5.8	
 2355	 235.50	 -571.6	 1234.5	    3.5	  749.5	 1372.2	    0.0	  200.0	  742.9	 1316.0	    0.0	  200.0	  100.0	    0.0	    0.0	    0.0	    0.0	    0.0	   61.5	  1	 -550.0	 1250.0	    0.0	    0.0	    0.0	1	   22.1	 21	    0.0	    5.9	
 2356	 235.60	 -571.6	 1234.5	    3.5	  749.5	 1372.2	    0.0	  200.0	  742.9	 1316.0	    0.0	  200.0	  100.0	    0.0	    0.0	    0.0	    0.0	    0.1	   61.5	  1	 -550.0	 1250.0	    0.0	    0.0	    0.1	1	   22.1	 21	    0.0	    6.0	
 2357	 235.70	 -571.6	 1234.5	    3.5	  749.5	 1372.2	    0.0	  200.0	  742.9	 1316.0	    0.0	  200.0	  100.0	    0.0	    0.0	    0.0	    0.0	    0.1	   61.6	  1	 -550.0	 1250.0	    0.0	    0.0	    0.1	1	   22.1	 21	    0.0	    6.1	
 2358	 235.80	 -571.6	 1234.5	    3.5	  749.5	 1372.2	    0.0	  200.0	  742.9	 1316.0	    0.0	  200.0	  100.0	    0.0	    0.0	    0.0	    0.0	    0.1	   61.6	  1	 -550.0	 1250.0	    0.0	    0.0	    0.1	1	   22.1	 21	    0.0	    6.2	
 2359	 235.90	 -571.6	 1234.5	    3.5	  749.5	 1372.2	    0.0	  200.0	  742.9	 1316.0	    0.0	  200.0	  100.0	    0.0	    0.0	    0.0	    0.0	    0.1	   61.7	  1	 -550.0	 1250.0	    0.0	    0.0	    0.1	1	   22.1	 21	    0.0	    6.3	
 2360	 236.00	 -571.6	 1234.5	    3.5	  749.5	 1372.2	    0.0	  200.0	  742.9	 1316.0	    0.0	  200.0	  100.0	    0.0	    0.0	    0.0	    0.0	    0.1	   61.7	  1	 -550.0	 1250.0	    0.0	    0.0	    0.1	1	   22.1	 21	    0.0	    6.4	
 2361	 236.10	 -571.6	 1234.5	    3.5	  749.5	 1372.2	    0.0	  200.0	  742.9	 1316.0	    0.0	  200.0	  100.0	    0.0	    0.0	    0.0	    0.0	    0.1	   61.7	  1	 -550.0	 1250.0	    0.0	    0.0	    0.1	1	   22.1	 21	    0.0	    6.5	
 2362	 236.20	 -571.6	 1234.5	    3.5	  749.5	 1372.2	    0.0	  200.0	  742.9	 1316.0	    0.0	  200.0	  100.0	    0.0	    0.0	    0.0	    0.0	    0.1	   61.8	  1	 -550.0	 1250.0	    0.0	    0.0	    0.1	1	   22.1	 21	    0.0	    6.5	
 2363	 236.30	 -571.6	 1234.5	    3.5	  749.5	 1372.2	    0.0	  200.0	  742.9	 1316.0	    0.0	  200.0	  100.0	    0.0	    0.0	    0.0	    0.0	    0.1	   61.8	  1	 -550.0	 1250.0	    0.0	    0.0	    0.1	1	   22.1	 21	    0.0	    6.6	
 2364	 236.40	 -571.6	 1234.5	    3.5	  749.5	 1372.2	    0.0	  200.0	  742.9	 1316.0	    0.0	  200.0	  100.0	    0.0	    0.0	    0.0	    0.0	    0.1	   61.8	  1	 -350.0	 1950.0	    0.0	    0.0	    0.1	1	  293.3	 21	    0.0	    6.7	
 2365	 236.50	 -572.7	 1259.7	   92.5	  749.5	 1372.2	    0.0	  200.0	  742.9	 1316.0	    0.0	  200.0	  100.0	    0.0	    0.0	    0.0	    0.0	    0.1	   61.9	  1	 -350.0	 1950.0	    0.0	    0.0	    0.1	1	  293.2	 21	    0.0	    6.8	
 2366	 236.60	 -573.5	 1327.3	   90.5	  749.5	 1372.2	    0.0	  200.0	  742.9	 1316.0	    0.0	  200.0	  100.0	    0.0	    0.0	    0.0	    0.0	    0.1	   61.9	  1	 -350.0	 1950.0	    0.0	    0.0	    0.1	1	  293.4	 21	    0.0	    6.8	
 2367	 236.70	 -568.1	 1396.8	   85.1	  749.5	 1372.2	    0.0	  200.0	  742.9	 1316.0	    0.0	  200.0	  100.0	    0.0	    0.0	    0.0	    0.0	    0.1	   62.0	  1	 -350.0	 1950.0	    0.0	    0.0	    0.1	1	  294.0	 21	    0.0	    6.9	
 2368	 236.80	 -557.1	 1462.9	   80.1	  749.5	 1372.2	    0.0	  200.0	  742.9	 1316.0	    0.0	  200.0	  100.0	    0.0	    0.0	    0.0	    0.0	    0.1	   62.0	  1	 -350.0	 2050.0	    0.0	    0.0	    0.1	1	  294.4	 21	    0.0	    6.9	
 2369	 236.90	 -545.0	 1534.0	   80.3	  749.5	 1372.2	    0.0	  200.0	  742.9	 1316.0	    0.0	  200.0	  100.0	    0.0	    0.0	    0.0	    0.0	    0.1	   62.0	  1	 -250.0	 2150.0	    0.0	    0.0	    0.1	1	  297.1	 21	    0.0	    6.9	
 2370	 237.00	 -525.7	 1601.6	   73.2	  749.5	 1372.2	    0.0	  200.0	  742.9	 1316.0	    0.0	  200.0	  100.0	    0.0	    0.0	    0.0	    0.0	    0.1	   62.0	  1	 -250.0	 2150.0	    0.0	    0.0	    0.1	1	  297.9	 21	    0.0	    6.8	
 2371	 237.10	 -502.1	 1669.0	   70.5	  749.5	 1372.2	    0.0	  200.0	  742.9	 1316.0	    0.0	  200.0	  100.0	    0.0	    0.0	    0.0	    0.0	    0.1	   62.0	  1	 -250.0	 2150.0	    0.0	    0.0	    0.1	1	  298.5	 21	    0.0	    6.8	
 2372	 237.20	 -476.6	 1733.2	   68.1	  749.5	 1372.2	    0.0	  200.0	  742.9	 1316.0	    0.0	  200.0	  100.0	    0.0	    0.0	    0.0	    0.0	    0.1	   62.0	  1	 -150.0	 2250.0	    0.0	    0.0	    0.1	1	  299.4	 21	    0.0	    6.7	
 2373	 237.30	 -446.1	 1798.3	   64.4	  749.5	 1372.2	    0.0	  200.0	  742.9	 1316.0	    0.0	  200.0	  100.0	    0.0	    0.0	    0.0	    0.0	    0.1	   62.0	  1	 -450.0	 1850.0	    0.0	    0.0	    0.1	1	   45.2	 21	    0.0	    6.6	
 2374	 237.40	 -442.4	 1806.0	   94.3	  749.5	 1372.2	    0.0	  200.0	  742.9	 1316.0	    0.0	  200.0	  100.0	    0.0	    0.0	    0.0	    0.0	    0.1	   62.0	  1	 -450.0	 1850.0	    0.0	    0.0	    0.1	1	   45.1	 21	    0.0	    6.5	
 2375	 237.50	 -442.4	 1806.0	   99.9	  749.5	 1372.2	    0.0	  200.0	  742.9	 1316.0	    0.0	  200.0	  100.0	    0.0	    0.0	    0.0	    0.0	    0.1	   62.1	  1	 -450.0	 1850.0	    0.0	    0.0	    0.1	1	   45.1	 21	    0.0	    6.4	
 2376	 237.60	 -442.4	 1806.0	   99.9	  749.5	 1372.2	    0.0	  200.0	  742.9	 1316.0	    0.0	  200.0	  100.0	    0.0	    0.0	    0.0	    0.0	    0.1	   62.1	  1	 -450.0	 1850.0	    0.0	    0.0	    0.1	1	   45.1	 21	    0.0	    6.3	
 2377	 237.70	 -442.4	 1806.0	   99.9	  749.5	 1372.2	    0.0	  200.0	  742.9	 1316.0	    0.0	  200.0	  100.0	    0.0	    0.0	    0.0	    0.0	    0.1	   62.1	  1	 -450.0	 1850.0	    0.0	    0.0	    0.1	1	   45.1	 21	    0.0	    6.1	
 2378	 237.80	 -442.4	 1806.0	   99.9	  749.5	 1372.2	    0.0	  200.0	  742.9	 1316.0	    0.0	  200.0	  100.0	    0.0	    0.0	    0.0	    0.0	    0.1	   62.1	  1	 -450.0	 1850.0	    0.0	    0.0	    0.1	1	   45.1	 21	    0.0	    6.0	
 2379	 237.90	 -442.4	 1806.0	   99.9	  749.5	 1372.2	    0.0	  200.0	  742.9	 1316.0	    0.0	  200.0	  100.0	    0.0	    0.0	    0.0	    0.0	    0.0	   62.2	  1	 -450.0	 1850.0	    0.0	    0.0	    0.0	1	   45.1	 21	    0.0	    5.9	
 2380	 238.00	 -442.4	 1806.0	   99.9	  749.5	 1372.2	    0.0	  200.0	  742.9	 1316.0	    0.0	  200.0	  100.0	    0.0	    0.0	    0.0	    0.0	    0.0	   62.2	  1	 -450.0	 1850.0	    0.0	    0.0	    0.0	1	   45.1	 21	    0.0	    5.8	
 2381	 238.10	 -442.4	 1806.0	   99.9	  749.5	 1372.2	    0.0	  200.0	  742.9	 1316.0	    0.0	  200.0	  100.0	    0.0	    0.0	    0.0	    0.0	    0.0	   62.2	  1	 -450.0	 1850.0	    0.0	    0.0	    0.0	1	   45.1	 21	    0.0	    5.7	
 2382	 238.20	 -442.4	 1806.0	   99.9	  749.5	 1372.2	    0.0	  200.0	  742.9	 1316.0	    0.0	  200.0	  100.0	    0.0	    0.0	    0.0	    0.0	    0.0	   62.3	  1	 -450.0	 1850.0	    0.0	    0.0	    0.0	1	   45.1	 21	    0.0	    5.6	
 2383	 238.30	 -442.4	 1806.0	   99.9	  749.5	 1372.2	    0.0	  200.0	  742.9	 1316.0	    0.0	  200.0	  100.0	    0.0	    0.0	    0.0	    0.0	    0.0	   62.3	  1	 -450.0	 1850.0	    0.0	    0.0	    0.0	1	   45.1	 21	    0.0	    5.4	
 2384	 238.40	 -442.4	 1806.0	   99.9	  749.5	 1372.2	    0.0	  200.0	  742.9	 1316.0	    0.0	  200.0	  100.0	    0.0	    0.0	    0.0	    0.0	    0.0	   62.3	  1	 -450.0	 1850.0	    0.0	    0.0	    0.0	1	   45.1	 21	    0.0	    5.3	
 2385	 238.50	 -442.4	 1806.0	   99.9	  749.5	 1372.2	    0.0	  200.0	  742.9	 1316.0	    0.0	  200.0	  100.0	    0.0	    0.0	    0.0	    0.0	    0.0	   62.4	  1	 -450.0	 1850.0	    0.0	    0.0	    0.0	1	   45.1	 21	    0.0	    5.2	
 2386	 238.60	 -442.4	 1806.0	   99.9	  749.5	 1372.2	    0.0	  200.0	  742.9	 1316.0	    0.0	  200.0	  100.0	    0.0	    0.0	    0.0	    0.0	    0.0	   62.4	  1	 -450.0	 1850.0	    0.0	    0.0	    0.0	1	   45.1	 21	    0.0	    5.1	
 2387	 238.70	 -442.4	 1806.0	   99.9	  749.5	 1372.2	    0.0	  200.0	  742.9	 1316.0	    0.0	  200.0	  100.0	    0.0	    0.0	    0.0	    0.0	    0.0	   62.4	  1	 -450.0	 1850.0	    0.0	    0.0	    0.0	1	   45.1	 21	    0.0	    5.0	
 2388	 238.80	 -442.4	 1806.0	   99.9	  749.5	 1372.2	    0.0	  200.0	  742.9	 1316.0	    0.0	  200.0	  100.0	    0.0	    0.0	    0.0	    0.0	    0.0	   62.5	  1	 -450.0	 1850.0	    0.0	    0.0	    0.0	1	   45.1	 21	    0.0	    5.0	
 2389	 238.90	 -442.4	 1806.0	   99.9	  749.5	 1372.2	    0.0	  200.0	  742.9	 1316.0	    0.0	  200.0	  100.0	    0.0	    0.0	    0.0	    0.0	    0.0	   62.5	  1	 -450.0	 1850.0	    0.0	    0.0	    0.0	1	   45.1	 21	    0.0	    5.0	
 2390	 239.00	 -442.4	 1806.0	   99.9	  749.5	 1372.2	    0.0	  200.0	  742.9	 1316.0	    0.0	  200.0	  100.0	    0.0	    0.0	    0.0	    0.0	    0.0	   62.6	  1	 -550.0	 1050.0	    0.0	    0.0	    0.0	1	  300.0	 21	    0.0	    5.0	
 2391	 239.10	 -449.5	 1787.2	 -110.8	  749.5	 1372.2	    0.0	  200.0	  742.9	 1316.0	    0.0	  200.0	  100.0	    0.0	    0.0	    0.0	    0.0	    0.0	   62.6	  1	 -450.0	  850.0	    0.0	    0.0	    0.0	1	  300.0	 21	    0.0	    5.0	
 2392	 239.20	 -469.2	 1721.8	 -106.5	  749.5	 1372.2	    0.0	  200.0	  742.9	 1316.0	    0.0	  200.0	  100.0	    0.0	    0.0	    0.0	    0.0	    0.0	   62.6	  1	 -450.0	  850.0	    0.0	    0.0	    0.0	1	  300.0	 21	    0.0	    5.0	
 2393	 239.30	 -488.9	 1654.7	 -106.4	  749.5	 1372.2	    0.0	  200.0	  742.9	 1316.0	    0.0	  200.0	  100.0	    0.0	    0.0	    0.0	    0.0	    0.0	   62.7	  1	 -450.0	  850.0	    0.0	    0.0	    0.0	1	  299.9	 21	    0.0	    5.0	
 2394	 239.40	 -509.3	 1582.4	 -105.7	  749.5	 1372.2	    0.0	  200.0	  742.9	 1316.0	    0.0	  200.0	  100.0	    0.0	    0.0	    0.0	    0.0	    0.0	   62.7	  1	 -450.0	  850.0	    0.0	    0.0	    0.0	1	  299.8	 21	    0.0	    5.0	
 2395	 239.50	 -527.5	 1512.7	 -104.5	  749.5	 1372.2	    0.0	  200.0	  742.9	 1316.0	    0.0	  200.0	  100.0	    0.0	    0.0	    0.0	    0.0	    0.0	   62.7	  1	 -450.0	  850.0	    0.0	    0.0	    0.0	1	  299.6	 21	    0.0	    5.0	
 2396	 239.60	 -543.7	 1442.3	 -102.8	  749.5	 1372.2	    0.0	  200.0	  742.9	 1316.0	    0.0	  200.0	  100.0	    0.0	    0.0	    0.0	    0.0	    0.0	   62.7	  1	 -450.0	  850.0	    0.0	    0.0	    0.0	1	  299.2	 21	    0.0	    5.0	
 2397	 239.70	 -556.7	 1374.0	 -100.6	  749.5	 1372.2	    0.0	  200.0	  742.9	 1316.0	    0.0	  200.0	  100.0	    0.0	    0.0	    0.0	    0.0	    0.0	   62.7	  1	 -450.0	  850.0	    0.0	    0.0	    0.0	1	  298.7	 21	    0.0	    5.1	
 2398	 239.80	 -567.1	 1301.4	  -97.8	  749.5	 1372.2	    0.0	  200.0	  742.9	 1316.0	    0.0	  200.0	  100.0	    0.0	    0.0	    0.0	    0.0	    0.0	   62.7	  1	 -450.0	  850.0	    0.0	    0.0	    0.0	1	  297.8	 21	    0.0	    5.1	
 2399	 239.90	 -572.3	 1231.3	  -93.9	  749.5	 1372.2	    0.0	  200.0	  742.9	 1316.0	    0.0	  200.0	  100.0	    0.0	    0.0	    0.0	    0.0	    0.0	   62.7	  1	 -550.0	 1150.0	    0.0	    0.0	    0.0	1	   80.0	 21	    0.0	    5.2	
 2400	 240.00	 -572.7	 1225.6	    3.7	  749.5	 1372.2	    0.0	  200.0	  742.9	 1316.0	    0.0	  200.0	  100.0	    0.0	    0.0	    0.0	    0.0	    0.0	   62.8	  1	 -550.0	 1150.0	    0.0	    0.0	    0.0	1	   72.1	 21	    0.0	    5.3	
 2401	 240.10	 -572.7	 1225.6	    3.9	  749.5	 1372.2	    0.0	  200.0	  742.9	 1316.0	    0.0	  200.0	  100.0	    0.0	    0.0	    0.0	    0.0	    0.0	   62.8	  1	 -550.0	 1250.0	    0.0	    0.0	    0.0	1	   29.0	 21	    0.0	    5.5	
 2402	 240.20	 -572.7	 1225.6	    3.9	  749.5	 1372.2	    0.0	  200.0	  742.9	 1316.0	    0.0	  200.0	  100.0	    0.0	    0.0	    0.0	    0.0	    0.0	   62.8	  1	 -550.0	 1250.0	    0.0	    0.0	    0.0	1	   29.0	 21	    0.0	    5.6	
 2403	 240.30	 -572.7	 1225.6	    3.9	  749.5	 1372.2	    0.0	  200.0	  742.9	 1316.0	    0.0	  200.0	  100.0	    0.0	    0.0	    0.0	    0.0	    0.0	   62.8	  1	 -550.0	 1250.0	    0.0	    0.0	    0.0	1	   29.0	 21	    0.0	    5.6	
 2404	 240.40	 -572.7	 1225.6	    3.9	  749.5	 1372.2	    0.0	  200.0	  742.9	 1316.0	    0.0	  200.0	  100.0	    0.0	    0.0	    0.0	    0.0	    0.0	   62.9	  1	 -550.0	 1250.0	    0.0	    0.0	    0.0	1	   29.0	 21	    0.0	    5.7	
 2405	 240.50	 -572.7	 1225.6	    3.9	  749.5	 1372.2	    0.0	  200.0	  742.9	 1316.0	    0.0	  200.0	  100.0	    0.0	    0.0	    0.0	    0.0	    0.0	   62.9	  1	 -550.0	 1250.0	    0.0	    0.0	    0.0	1	   29.0	 21	    0.0	    5.8	
 2406	 240.60	 -572.7	 1225.6	    3.9	  749.5	 1372.2	    0.0	  200.0	  742.9	 1316.0	    0.0	  200.0	  100.0	    0.0	    0.0	    0.0	    0.0	    0.0	   62.9	  1	 -550.0	 1250.0	    0.0	    0.0	    0.0	1	   29.0	 21	    0.0	    5.9	
 2407	 240.70	 -572.7	 1225.6	    3.9	  749.5	 1372.2	    0.0	  200.0	  742.9	 1316.0	    0.0	  200.0	  100.0	    0.0	    0.0	    0.0	    0.0	    0.1	   63.0	  1	 -550.0	 1250.0	    0.0	    0.0	    0.1	1	   29.0	 21	    0.0	    6.0	
 2408	 240.80	 -572.7	 1225.6	    3.9	  749.5	 1372.2	    0.0	  200.0	  742.9	 1316.0	    0.0	  200.0	  100.0	    0.0	    0.0	    0.0	    0.0	    0.1	   63.0	  1	 -550.0	 1250.0	    0.0	    0.0	    0.1	1	   29.0	 21	    0.0	    6.1	
 2409	 240.90	 -572.7	 1225.6	    3.9	  749.5	 1372.2	    0.0	  200.0	  742.9	 1316.0	    0.0	  200.0	  100.0	    0.0	    0.0	    0.0	    0.0	    0.1	   63.1	  1	 -550.0	 1250.0	    0.0	    0.0	    0.1	1	   29.0	 21	    0.0	    6.2	
 2410	 241.00	 -572.7	 1225.6	    3.9	  749.5	 1372.2	    0.0	  200.0	  742.9	 1316.0	    0.0	  200.0	  100.0	    0.0	    0.0	    0.0	    0.0	    0.1	   63.1	  1	 -550.0	 1250.0	    0.0	    0.0	    0.1	1	   29.0	 21	    0.0	    6.3	
 2411	 241.10	 -572.7	 1225.6	    3.9	  749.5	 1372.2	    0.0	  200.0	  742.9	 1316.0	    0.0	  200.0	  100.0	    0.0	    0.0	    0.0	    0.0	    0.1	   63.1	  1	 -550.0	 1250.0	    0.0	    0.0	    0.1	1	   29.0	 21	    0.0	    6.4	
 2412	 241.20	 -572.7	 1225.6	    3.9	  749.5	 1372.2	    0.0	  200.0	  742.9	 1316.0	    0.0	  200.0	  100.0	    0.0	    0.0	    0.0	    0.0	    0.1	   63.2	  1	 -550.0	 1250.0	    0.0	    0.0	    0.1	1	   29.0	 21	    0.0	    6.5	
 2413	 241.30	 -572.7	 1225.6	    3.9	  749.5	 1372.2	    0.0	  200.0	  742.9	 1316.0	    0.0	  200.0	  100.0	    0.0	    0.0	    0.0	    0.0	    0.1	   63.2	  1	 -350.0	 1950.0	    0.0	    0.0	    0.1	1	  293.4	 21	    0.0	    6.6	
 2414	 241.40	 -574.0	 1251.2	   93.0	  749.5	 1372.2	    0.0	  200.0	  742.9	 1316.0	    0.0	  200.0	  100.0	    0.0	    0.0	    0.0	    0.0	    0.1	   63.2	  1	 -350.0	 1950.0	    0.0	    0.0	    0.1	1	  293.3	 21	    0.0	    6.7	
 2415	 241.50	 -575.2	 1316.1	   91.0	  749.5	 1372.2	    0.0	  200.0	  742.9	 1316.0	    0.0	  200.0	  100.0	    0.0	    0.0	    0.0	    0.0	    0.1	   63.3	  1	 -350.0	 1950.0	    0.0	    0.0	    0.1	1	  293.4	 21	    0.0	    6.7	
 2416	 241.60	 -570.8	 1385.2	   85.7	  749.5	 1372.2	    0.0	  200.0	  742.9	 1316.0	    0.0	  200.0	  100.0	    0.0	    0.0	    0.0	    0.0	    0.1	   63.3	  1	 -350.0	 1950.0	    0.0	    0.0	    0.1	1	  293.9	 21	    0.0	    6.8	
 2417	 241.70	 -560.2	 1454.7	   80.7	  749.5	 1372.2	    0.0	  200.0	  742.9	 1316.0	    0.0	  200.0	  100.0	    0.0	    0.0	    0.0	    0.0	    0.1	   63.3	  1	 -350.0	 1950.0	    0.0	    0.0	    0.1	1	  294.9	 21	    0.0	    6.8	
 2418	 241.80	 -544.1	 1523.5	   76.2	  749.5	 1372.2	    0.0	  200.0	  742.9	 1316.0	    0.0	  200.0	  100.0	    0.0	    0.0	    0.0	    0.0	    0.1	   63.4	  1	 -250.0	 2150.0	    0.0	    0.0	    0.1	1	  296.8	 21	    0.0	    6.8	
 2419	 241.90	 -525.7	 1590.0	   74.4	  749.5	 1372.2	    0.0	  200.0	  742.9	 1316.0	    0.0	  200.0	  100.0	    0.0	    0.0	    0.0	    0.0	    0.1	   63.4	  1	 -250.0	 2150.0	    0.0	    0.0	    0.1	1	  297.6	 21	    0.0	    6.7	
 2420	 242.00	 -503.4	 1658.1	   71.4	  749.5	 1372.2	    0.0	  200.0	  742.9	 1316.0	    0.0	  200.0	  100.0	    0.0	    0.0	    0.0	    0.0	    0.1	   63.4	  1	 -150.0	 2250.0	    0.0	    0.0	    0.1	1	  299.0	 21	    0.0	    6.7	
 2421	 242.10	 -476.4	 1723.1	   67.1	  749.5	 1372.2	    0.0	  200.0	  742.9	 1316.0	    0.0	  200.0	  100.0	    0.0	    0.0	    0.0	    0.0	    0.1	   63.4	  1	 -150.0	 2250.0	    0.0	    0.0	    0.1	1	  299.2	 21	    0.0	    6.6	
 2422	 242.20	 -447.8	 1785.9	   65.3	  749.5	 1372.2	    0.0	  200.0	  742.9	 1316.0	    0.0	  200.0	  100.0	    0.0	    0.0	    0.0	    0.0	    0.1	   63.4	  1	 -450.0	 1850.0	    0.0	    0.0	    0.1	1	   54.4	 21	    0.0	    6.5	
 2423	 242.30	 -444.1	 1794.0	   92.0	  749.5	 1372.2	    0.0	  200.0	  742.9	 1316.0	    0.0	  200.0	  100.0	    0.0	    0.0	    0.0	    0.0	    0.1	   63.4	  1	 -450.0	 1850.0	    0.0	    0.0	    0.1	1	   54.2	 21	    0.0	    6.4	
 2424	 242.40	 -444.1	 1794.0	   96.0	  749.5	 1372.2	    0.0	  200.0	  742.9	 1316.0	    0.0	  200.0	  100.0	    0.0	    0.0	    0.0	    0.0	    0.1	   63.4	  1	 -450.0	 1850.0	    0.0	    0.0	    0.1	1	   54.2	 21	    0.0	    6.3	
 2425	 242.50	 -444.1	 1794.0	   96.0	  749.5	 1372.2	    0.0	  200.0	  742.9	 1316.0	    0.0	  200.0	  100.0	    0.0	    0.0	    0.0	    0.0	    0.1	   63.5	  1	 -450.0	 1850.0	    0.0	    0.0	    0.1	1	   54.2	 21	    0.0	    6.2	
 2426	 242.60	 -444.1	 1794.0	   96.0	  749.5	 1372.2	    0.0	  200.0	  742.9	 1316.0	    0.0	  200.0	  100.0	    0.0	    0.0	    0.0	    0.0	    0.1	   63.5	  1	 -450.0	 1850.0	    0.0	    0.0	    0.1	1	   54.2	 21	    0.0	    6.1	
 2427	 242.70	 -444.1	 1794.0	   96.0	  749.5	 1372.2	    0.0	  200.0	  742.9	 1316.0	    0.0	  200.0	  100.0	    0.0	    0.0	    0.0	    0.0	    0.1	   63.5	  1	 -450.0	 1850.0	    0.0	    0.0	    0.1	1	   54.2	 21	    0.0	    6.0	
 2428	 242.80	 -444.1	 1794.0	   96.0	  749.5	 1372.2	    0.0	  200.0	  742.9	 1316.0	    0.0	  200.0	  100.0	    0.0	    0.0	    0.0	    0.0	    0.0	   63.6	  1	 -450.0	 1850.0	    0.0	    0.0	    0.0	1	   54.2	 21	    0.0	    5.8	
 2429	 242.90	 -444.1	 1794.0	   96.0	  749.5	 1372.2	    0.0	  200.0	  742.9	 1316.0	    0.0	  200.0	  100.0	    0.0	    0.0	    0.0	    0.0	    0.0	   63.6	  1	 -450.0	 1850.0	    0.0	    0.0	    0.0	1	   54.2	 21	    0.0	    5.7	
 2430	 243.00	 -444.1	 1794.0	   96.0	  749.5	 1372.2	    0.0	  200.0	  742.9	 1316.0	    0.0	  200.0	  100.0	    0.0	    0.0	    0.0	    0.0	    0.0	   63.6	  1	 -450.0	 1750.0	    0.0	    0.0	    0.0	1	   45.2	 21	    0.0	    5.6	
 2431	 243.10	 -444.1	 1794.0	  -97.7	  749.5	 1372.2	    0.0	  200.0	  742.9	 1316.0	    0.0	  200.0	  100.0	    0.0	    0.0	    0.0	    0.0	    0.0	   63.7	  1	 -450.0	 1750.0	    0.0	    0.0	    0.0	1	   45.2	 21	    0.0	    5.5	
 2432	 243.20	 -444.1	 1794.0	  -97.7	  749.5	 1372.2	    0.0	  200.0	  742.9	 1316.0	    0.0	  200.0	  100.0	    0.0	    0.0	    0.0	    0.0	    0.0	   63.7	  1	 -450.0	 1750.0	    0.0	    0.0	    0.0	1	   45.2	 21	    0.0	    5.4	
 2433	 243.30	 -444.1	 1794.0	  -97.7	  749.5	 1372.2	    0.0	  200.0	  742.9	 1316.0	    0.0	  200.0	  100.0	    0.0	    0.0	    0.0	    0.0	    0.0	   63.7	  1	 -450.0	 1750.0	    0.0	    0.0	    0.0	1	   45.2	 21	    0.0	    5.3	
 2434	 243.40	 -444.1	 1794.0	  -97.7	  749.5	 1372.2	    0.0	  200.0	  742.9	 1316.0	    0.0	  200.0	  100.0	    0.0	    0.0	    0.0	    0.0	    0.0	   63.8	  1	 -450.0	 1750.0	    0.0	    0.0	    0.0	1	   45.2	 21	    0.0	    5.1	
 2435	 243.50	 -444.1	 1794.0	  -97.7	  749.5	 1372.2	    0.0	  200.0	  742.9	 1316.0	    0.0	  200.0	  100.0	    0.0	    0.0	    0.0	    0.0	    0.0	   63.8	  1	 -450.0	 1750.0	    0.0	    0.0	    0.0	1	   45.2	 21	    0.0	    5.0	
 2436	 243.60	 -444.1	 1794.0	  -97.7	  749.5	 1372.2	    0.0	  200.0	  742.9	 1316.0	    0.0	  200.0	  100.0	    0.0	    0.0	    0.0	    0.0	    0.0	   63.8	  1	 -450.0	 1750.0	    0.0	    0.0	    0.0	1	   45.2	 21	    0.0	    5.0	
 2437	 243.70	 -444.1	 1794.0	  -97.7	  749.5	 1372.2	    0.0	  200.0	  742.9	 1316.0	    0.0	  200.0	  100.0	    0.0	    0.0	    0.0	    0.0	    0.0	   63.9	  1	 -450.0	 1750.0	    0.0	    0.0	    0.0	1	   45.2	 21	    0.0	    5.0	
 2438	 243.80	 -444.1	 1794.0	  -97.7	  749.5	 1372.2	    0.0	  200.0	  742.9	 1316.0	    0.0	  200.0	  100.0	    0.0	    0.0	    0.0	    0.0	    0.0	   63.9	  1	 -450.0	 1750.0	    0.0	    0.0	    0.0	1	   45.2	 21	    0.0	    5.0	
 2439	 243.90	 -444.1	 1794.0	  -97.7	  749.5	 1372.2	    0.0	  200.0	  742.9	 1316.0	    0.0	  200.0	  100.0	    0.0	    0.0	    0.0	    0.0	    0.0	   63.9	  1	 -450.0	  850.0	    0.0	    0.0	    0.0	1	  300.0	 21	    0.0	    5.0	
 2440	 244.00	 -461.9	 1735.5	 -107.0	  749.5	 1372.2	    0.0	  200.0	  742.9	 1316.0	    0.0	  200.0	  100.0	    0.0	    0.0	    0.0	    0.0	    0.0	   64.0	  1	 -450.0	  850.0	    0.0	    0.0	    0.0	1	  300.0	 21	    0.0	    5.0	
 2441	 244.10	 -483.5	 1664.1	 -106.8	  749.5	 1372.2	    0.0	  200.0	  742.9	 1316.0	    0.0	  200.0	  100.0	    0.0	    0.0	    0.0	    0.0	    0.0	   64.0	  1	 -450.0	  850.0	    0.0	    0.0	    0.0	1	  299.9	 21	    0.0	    5.0	
 2442	 244.20	 -503.6	 1594.8	 -106.1	  749.5	 1372.2	    0.0	  200.0	  742.9	 1316.0	    0.0	  200.0	  100.0	    0.0	    0.0	    0.0	    0.0	    0.0	   64.0	  1	 -450.0	  850.0	    0.0	    0.0	    0.0	1	  299.8	 21	    0.0	    5.0	
 2443	 244.30	 -521.8	 1527.2	 -105.0	  749.5	 1372.2	    0.0	  200.0	  742.9	 1316.0	    0.0	  200.0	  100.0	    0.0	    0.0	    0.0	    0.0	    0.0	   64.1	  1	 -450.0	  850.0	    0.0	    0.0	    0.0	1	  299.6	 21	    0.0	    5.0	
 2444	 244.40	 -539.4	 1454.5	 -103.4	  749.5	 1372.2	    0.0	  200.0	  742.9	 1316.0	    0.0	  200.0	  100.0	    0.0	    0.0	    0.0	    0.0	    0.0	   64.1	  1	 -450.0	  850.0	    0.0	    0.0	    0.0	1	  299.3	 21	    0.0	    5.0	
 2445	 244.50	 -553.2	 1386.3	 -101.2	  749.5	 1372.2	    0.0	  200.0	  742.9	 1316.0	    0.0	  200.0	  100.0	    0.0	    0.0	    0.0	    0.0	    0.0	   64.1	  1	 -450.0	  850.0	    0.0	    0.0	    0.0	1	  298.8	 21	    0.0	    5.1	
 2446	 244.60	 -564.3	 1314.5	  -98.5	  749.5	 1372.2	    0.0	  200.0	  742.9	 1316.0	    0.0	  200.0	  100.0	    0.0	    0.0	    0.0	    0.0	    0.0	   64.1	  1	 -450.0	  850.0	    0.0	    0.0	    0.0	1	  298.0	 21	    0.0	    5.1	
 2447	 244.70	 -570.6	 1244.4	  -94.8	  749.5	 1372.2	    0.0	  200.0	  742.9	 1316.0	    0.0	  200.0	  100.0	    0.0	    0.0	    0.0	    0.0	    0.0	   64.1	  1	 -550.0	 1150.0	    0.0	    0.0	    0.0	1	   90.4	 21	    0.0	    5.2	
 2448	 244.80	 -571.1	 1238.6	    3.1	  749.5	 1372.2	    0.0	  200.0	  742.9	 1316.0	    0.0	  200.0	  100.0	    0.0	    0.0	    0.0	    0.0	    0.0	   64.1	  1	 -550.0	 1250.0	    0.0	    0.0	    0.0	1	   20.5	 21	    0.0	    5.3	
 2449	 244.90	 -571.1	 1238.6	    3.4	  749.5	 1372.2	    0.0	  200.0	  742.9	 1316.0	    0.0	  200.0	  100.0	    0.0	    0.0	    0.0	    0.0	    0.0	   64.2	  1	 -550.0	 1250.0	    0.0	    0.0	    0.0	1	   20.5	 21	    0.0	    5.4	
 2450	 245.00	 -571.1	 1238.6	    3.4	  749.5	 1372.2	    0.0	  200.0	  742.9	 1316.0	    0.0	  200.0	  100.0	    0.0	    0.0	    0.0	    0.0	    0.0	   64.2	  1	 -550.0	 1250.0	    0.0	    0.0	    0.0	1	   20.5	 21	    0.0	    5.5	
 2451	 245.10	 -571.1	 1238.6	    3.4	  749.5	 1372.2	    0.0	  200.0	  742.9	 1316.0	    0.0	  200.0	  100.0	    0.0	    0.0	    0.0	    0.0	    0.0	   64.2	  1	 -550.0	 1250.0	    0.0	    0.0	    0.0	1	   20.5	 21	    0.0	    5.6	
 2452	 245.20	 -571.1	 1238.6	    3.4	  749.5	 1372.2	    0.0	  200.0	  742.9	 1316.0	    0.0	  200.0	  100.0	    0.0	    0.0	    0.0	    0.0	    0.0	   64.2	  1	 -550.0	 1250.0	    0.0	    0.0	    0.0	1	   20.5	 21	    0.0	    5.7	
 2453	 245.30	 -571.1	 1238.6	    3.4	  749.5	 1372.2	    0.0	  200.0	  742.9	 1316.0	    0.0	  200.0	  100.0	    0.0	    0.0	    0.0	    0.0	    0.0	   64.3	  1	 -550.0	 1250.0	    0.0	    0.0	    0.0	1	   20.5	 21	    0.0	    5.8	
 2454	 245.40	 -571.1	 1238.6	    3.4	  749.5	 1372.2	    0.0	  200.0	  742.9	 1316.0	    0.0	  200.0	  100.0	    0.0	    0.0	    0.0	    0.0	    0.0	   64.3	  1	 -550.0	 1250.0	    0.0	    0.0	    0.0	1	   20.5	 21	    0.0	    5.9	
 2455	 245.50	 -571.1	 1238.6	    3.4	  749.5	 1372.2	    0.0	  200.0	  742.9	 1316.0	    0.0	  200.0	  100.0	    0.0	    0.0	    0.0	    0.0	    0.1	   64.4	  1	 -550.0	 1250.0	    0.0	    0.0	    0.1	1	   20.5	 21	    0.0	    6.0	
 2456	 245.60	 -571.1	 1238.6	    3.4	  749.5	 1372.2	    0.0	  200.0	  742.9	 1316.0	    0.0	  200.0	  100.0	    0.0	    0.0	    0.0	    0.0	    0.1	   64.4	  1	 -550.0	 1250.0	    0.0	    0.0	    0.1	1	   20.5	 21	    0.0	    6.1	
 2457	 245.70	 -571.1	 1238.6	    3.4	  749.5	 1372.2	    0.0	  200.0	  742.9	 1316.0	    0.0	  200.0	  100.0	    0.0	    0.0	    0.0	    0.0	    0.1	   64.4	  1	 -550.0	 1250.0	    0.0	    0.0	    0.1	1	   20.5	 21	    0.0	    6.2	
 2458	 245.80	 -571.1	 1238.6	    3.4	  749.5	 1372.2	    0.0	  200.0	  742.9	 1316.0	    0.0	  200.0	  100.0	    0.0	    0.0	    0.0	    0.0	    0.1	   64.5	  1	 -550.0	 1250.0	    0.0	    0.0	    0.1	1	   20.5	 21	    0.0	    6.3	
 2459	 245.90	 -571.1	 1238.6	    3.4	  749.5	 1372.2	    0.0	  200.0	  742.9	 1316.0	    0.0	  200.0	  100.0	    0.0	    0.0	    0.0	    0.0	    0.1	   64.5	  1	 -550.0	 1250.0	    0.0	    0.0	    0.1	1	   20.5	 21	    0.0	    6.3	
 2460	 246.00	 -571.1	 1238.6	    3.4	  749.5	 1372.2	    0.0	  200.0	  742.9	 1316.0	    0.0	  200.0	  100.0	    0.0	    0.0	    0.0	    0.0	    0.1	   64.5	  1	 -550.0	 1250.0	    0.0	    0.0	    0.1	1	   20.5	 21	    0.0	    6.4	
 2461	 246.10	 -571.1	 1238.6	    3.4	  749.5	 1372.2	    0.0	  200.0	  742.9	 1316.0	    0.0	  200.0	  100.0	    0.0	    0.0	    0.0	    0.0	    0.1	   64.6	  1	 -350.0	 1950.0	    0.0	    0.0	    0.1	1	  293.2	 21	    0.0	    6.5	
 2462	 246.20	 -572.2	 1264.7	   92.3	  749.5	 1372.2	    0.0	  200.0	  742.9	 1316.0	    0.0	  200.0	  100.0	    0.0	    0.0	    0.0	    0.0	    0.1	   64.6	  1	 -350.0	 1950.0	    0.0	    0.0	    0.1	1	  293.1	 21	    0.0	    6.6	
 2463	 246.30	 -572.6	 1330.6	   90.3	  749.5	 1372.2	    0.0	  200.0	  742.9	 1316.0	    0.0	  200.0	  100.0	    0.0	    0.0	    0.0	    0.0	    0.1	   64.7	  1	 -350.0	 1950.0	    0.0	    0.0	    0.1	1	  293.3	 21	    0.0	    6.6	
 2464	 246.40	 -567.1	 1401.3	   84.9	  749.5	 1372.2	    0.0	  200.0	  742.9	 1316.0	    0.0	  200.0	  100.0	    0.0	    0.0	    0.0	    0.0	    0.1	   64.7	  1	 -350.0	 1950.0	    0.0	    0.0	    0.1	1	  294.1	 21	    0.0	    6.7	
 2465	 246.50	 -555.4	 1469.6	   79.9	  749.5	 1372.2	    0.0	  200.0	  742.9	 1316.0	    0.0	  200.0	  100.0	    0.0	    0.0	    0.0	    0.0	    0.1	   64.7	  1	 -250.0	 2150.0	    0.0	    0.0	    0.1	1	  296.1	 21	    0.0	    6.7	
 2466	 246.60	 -540.5	 1536.4	   77.2	  749.5	 1372.2	    0.0	  200.0	  742.9	 1316.0	    0.0	  200.0	  100.0	    0.0	    0.0	    0.0	    0.0	    0.1	   64.7	  1	 -250.0	 2150.0	    0.0	    0.0	    0.1	1	  297.0	 21	    0.0	    6.7	
 2467	 246.70	 -521.0	 1605.1	   73.8	  749.5	 1372.2	    0.0	  200.0	  742.9	 1316.0	    0.0	  200.0	  100.0	    0.0	    0.0	    0.0	    0.0	    0.1	   64.8	  1	 -150.0	 2250.0	    0.0	    0.0	    0.1	1	  298.6	 21	    0.0	    6.6	
 2468	 246.80	 -496.0	 1672.2	   69.0	  749.5	 1372.2	    0.0	  200.0	  742.9	 1316.0	    0.0	  200.0	  100.0	    0.0	    0.0	    0.0	    0.0	    0.1	   64.8	  1	 -150.0	 2250.0	    0.0	    0.0	    0.1	1	  298.9	 21	    0.0	    6.6	
 2469	 246.90	 -469.1	 1736.0	   67.0	  749.5	 1372.2	    0.0	  200.0	  742.9	 1316.0	    0.0	  200.0	  100.0	    0.0	    0.0	    0.0	    0.0	    0.1	   64.8	  1	 -150.0	 2250.0	    0.0	    0.0	    0.1	1	  299.2	 21	    0.0	    6.5	
 2470	 247.00	 -438.9	 1802.1	   65.2	  749.5	 1372.2	    0.0	  200.0	  742.9	 1316.0	    0.0	  200.0	  100.0	    0.0	    0.0	    0.0	    0.0	    0.1	   64.8	  1	 -450.0	 1850.0	    0.0	    0.0	    0.1	1	   44.8	 21	    0.0	    6.4	
 2471	 247.10	 -435.2	 1810.1	  103.1	  749.5	 1372.2	    0.0	  200.0	  742.9	 1316.0	    0.0	  200.0	  100.0	    0.0	    0.0	    0.0	    0.0	    0.1	   64.8	  1	 -450.0	 1850.0	    0.0	    0.0	    0.1	1	   35.7	 21	    0.0	    6.3	
 2472	 247.20	 -435.2	 1810.1	  110.3	  749.5	 1372.2	    0.0	  200.0	  742.9	 1316.0	    0.0	  200.0	  100.0	    0.0	    0.0	    0.0	    0.0	    0.1	   64.8	  1	 -450.0	 1850.0	    0.0	    0.0	    0.1	1	   35.7	 21	    0.0	    6.1	
 2473	 247.30	 -435.2	 1810.1	  110.3	  749.5	 1372.2	    0.0	  200.0	  742.9	 1316.0	    0.0	  200.0	  100.0	    0.0	    0.0	    0.0	    0.0	    0.1	   64.8	  1	 -450.0	 1850.0	    0.0	    0.0	    0.1	1	   35.7	 21	    0.0	    6.0	
 2474	 247.40	 -435.2	 1810.1	  110.3	  749.5	 1372.2	    0.0	  200.0	  742.9	 1316.0	    0.0	  200.0	  100.0	    0.0	    0.0	    0.0	    0.0	    0.0	   64.9	  1	 -450.0	 1850.0	    0.0	    0.0	    0.0	1	   35.7	 21	    0.0	    5.9	
 2475	 247.50	 -435.2	 1810.1	  110.3	  749.5	 1372.2	    0.0	  200.0	  742.9	 1316.0	    0.0	  200.0	  100.0	    0.0	    0.0	    0.0	    0.0	    0.0	   64.9	  1	 -450.0	 1850.0	    0.0	    0.0	    0.0	1	   35.7	 21	    0.0	    5.8	
 2476	 247.60	 -435.2	 1810.1	  110.3	  749.5	 1372.2	    0.0	  200.0	  742.9	 1316.0	    0.0	  200.0	  100.0	    0.0	    0.0	    0.0	    0.0	    0.0	   64.9	  1	 -450.0	 1850.0	    0.0	    0.0	    0.0	1	   35.7	 21	    0.0	    5.7	
 2477	 247.70	 -435.2	 1810.1	  110.3	  749.5	 1372.2	    0.0	  200.0	  742.9	 1316.0	    0.0	  200.0	  100.0	    0.0	    0.0	    0.0	    0.0	    0.0	   65.0	  1	 -450.0	 1850.0	    0.0	    0.0	    0.0	1	   35.7	 21	    0.0	    5.5	
 2478	 247.80	 -435.2	 1810.1	  110.3	  749.5	 1372.2	    0.0	  200.0	  742.9	 1316.0	    0.0	  200.0	  100.0	    0.0	    0.0	    0.0	    0.0	    0.0	   65.0	  1	 -450.0	 1850.0	    0.0	    0.0	    0.0	1	   35.7	 21	    0.0	    5.4	
 2479	 247.90	 -435.2	 1810.1	  110.3	  749.5	 1372.2	    0.0	  200.0	  742.9	 1316.0	    0.0	  200.0	  100.0	    0.0	    0.0	    0.0	    0.0	    0.0	   65.0	  1	 -450.0	 1850.0	    0.0	    0.0	    0.0	1	   35.7	 21	    0.0	    5.3	
 2480	 248.00	 -435.2	 1810.1	  110.3	  749.5	 1372.2	    0.0	  200.0	  742.9	 1316.0	    0.0	  200.0	  100.0	    0.0	    0.0	    0.0	    0.0	    0.0	   65.1	  1	 -450.0	 1850.0	    0.0	    0.0	    0.0	1	   35.7	 21	    0.0	    5.2	
 2481	 248.10	 -435.2	 1810.1	  110.3	  749.5	 1372.2	    0.0	  200.0	  742.9	 1316.0	    0.0	  200.0	  100.0	    0.0	    0.0	    0.0	    0.0	    0.0	   65.1	  1	 -450.0	 1850.0	    0.0	    0.0	    0.0	1	   35.7	 21	    0.0	    5.0	
 2482	 248.20	 -435.2	 1810.1	  110.3	  749.5	 1372.2	    0.0	  200.0	  742.9	 1316.0	    0.0	  200.0	  100.0	    0.0	    0.0	    0.0	    0.0	    0.0	   65.1	  1	 -450.0	 1850.0	    0.0	    0.0	    0.0	1	   35.7	 21	    0.0	    5.0	
 2483	 248.30	 -435.2	 1810.1	  110.3	  749.5	 1372.2	    0.0	  200.0	  742.9	 1316.0	    0.0	  200.0	  100.0	    0.0	    0.0	    0.0	    0.0	    0.0	   65.2	  1	 -450.0	 1850.0	    0.0	    0.0	    0.0	1	   35.7	 21	    0.0	    5.0	
 2484	 248.40	 -435.2	 1810.1	  110.3	  749.5	 1372.2	    0.0	  200.0	  742.9	 1316.0	    0.0	  200.0	  100.0	    0.0	    0.0	    0.0	    0.0	    0.0	   65.2	  1	 -450.0	 1850.0	    0.0	    0.0	    0.0	1	   35.7	 21	    0.0	    5.0	
 2485	 248.50	 -435.2	 1810.1	  110.3	  749.5	 1372.2	    0.0	  200.0	  742.9	 1316.0	    0.0	  200.0	  100.0	    0.0	    0.0	    0.0	    0.0	    0.0	   65.2	  1	 -450.0	 1850.0	    0.0	    0.0	    0.0	1	   35.7	 21	    0.0	    5.0	
 2486	 248.60	 -435.2	 1810.1	  110.3	  749.5	 1372.2	    0.0	  200.0	  742.9	 1316.0	    0.0	  200.0	  100.0	    0.0	    0.0	    0.0	    0.0	    0.0	   65.3	  1	 -450.0	  850.0	    0.0	    0.0	    0.0	1	  300.0	 21	    0.0	    5.0	
 2487	 248.70	 -441.3	 1790.7	 -107.4	  749.5	 1372.2	    0.0	  200.0	  742.9	 1316.0	    0.0	  200.0	  100.0	    0.0	    0.0	    0.0	    0.0	    0.0	   65.3	  1	 -450.0	  850.0	    0.0	    0.0	    0.0	1	  300.0	 21	    0.0	    5.0	
 2488	 248.80	 -462.0	 1724.4	 -107.4	  749.5	 1372.2	    0.0	  200.0	  742.9	 1316.0	    0.0	  200.0	  100.0	    0.0	    0.0	    0.0	    0.0	    0.0	   65.3	  1	 -450.0	  850.0	    0.0	    0.0	    0.0	1	  300.0	 21	    0.0	    5.0	
 2489	 248.90	 -483.7	 1654.0	 -107.1	  749.5	 1372.2	    0.0	  200.0	  742.9	 1316.0	    0.0	  200.0	  100.0	    0.0	    0.0	    0.0	    0.0	    0.0	   65.4	  1	 -450.0	  850.0	    0.0	    0.0	    0.0	1	  299.9	 21	    0.0	    5.0	
 2490	 249.00	 -503.5	 1586.5	 -106.3	  749.5	 1372.2	    0.0	  200.0	  742.9	 1316.0	    0.0	  200.0	  100.0	    0.0	    0.0	    0.0	    0.0	    0.0	   65.4	  1	 -450.0	  850.0	    0.0	    0.0	    0.0	1	  299.7	 21	    0.0	    5.0	
 2491	 249.10	 -522.7	 1515.9	 -105.1	  749.5	 1372.2	    0.0	  200.0	  742.9	 1316.0	    0.0	  200.0	  100.0	    0.0	    0.0	    0.0	    0.0	    0.0	   65.4	  1	 -450.0	  850.0	    0.0	    0.0	    0.0	1	  299.5	 21	    0.0	    5.0	
 2492	 249.20	 -539.9	 1444.6	 -103.3	  749.5	 1372.2	    0.0	  200.0	  742.9	 1316.0	    0.0	  200.0	  100.0	    0.0	    0.0	    0.0	    0.0	    0.0	   65.4	  1	 -450.0	  850.0	    0.0	    0.0	    0.0	1	  299.2	 21	    0.0	    5.0	
 2493	 249.30	 -554.0	 1373.6	 -101.0	  749.5	 1372.2	    0.0	  200.0	  742.9	 1316.0	    0.0	  200.0	  100.0	    0.0	    0.0	    0.0	    0.0	    0.0	   65.4	  1	 -450.0	  850.0	    0.0	    0.0	    0.0	1	  298.7	 21	    0.0	    5.1	
 2494	 249.40	 -564.1	 1305.0	  -98.1	  749.5	 1372.2	    0.0	  200.0	  742.9	 1316.0	    0.0	  200.0	  100.0	    0.0	    0.0	    0.0	    0.0	    0.0	   65.5	  1	 -450.0	  850.0	    0.0	    0.0	    0.0	1	  297.9	 21	    0.0	    5.1	
 2495	 249.50	 -570.1	 1234.5	  -94.4	  749.5	 1372.2	    0.0	  200.0	  742.9	 1316.0	    0.0	  200.0	  100.0	    0.0	    0.0	    0.0	    0.0	    0.0	   65.5	  1	 -550.0	 1150.0	    0.0	    0.0	    0.0	1	   80.3	 21	    0.0	    5.2	
 2496	 249.60	 -570.8	 1225.3	    3.6	  749.5	 1372.2	    0.0	  200.0	  742.9	 1316.0	    0.0	  200.0	  100.0	    0.0	    0.0	    0.0	    0.0	    0.0	   65.5	  1	 -550.0	 1150.0	    0.0	    0.0	    0.0	1	   71.8	 21	    0.0	    5.3	
 2497	 249.70	 -570.8	 1225.3	    3.9	  749.5	 1372.2	    0.0	  200.0	  742.9	 1316.0	    0.0	  200.0	  100.0	    0.0	    0.0	    0.0	    0.0	    0.0	   65.5	  1	 -550.0	 1250.0	    0.0	    0.0	    0.0	1	   29.4	 21	    0.0	    5.4	
 2498	 249.80	 -570.8	 1225.3	    3.9	  749.5	 1372.2	    0.0	  200.0	  742.9	 1316.0	    0.0	  200.0	  100.0	    0.0	    0.0	    0.0	    0.0	    0.0	   65.5	  1	 -550.0	 1250.0	    0.0	    0.0	    0.0	1	   29.4	 21	    0.0	    5.5	
 2499	 249.90	 -570.8	 1225.3	    3.9	  749.5	 1372.2	    0.0	  200.0	  742.9	 1316.0	    0.0	  200.0	  100.0	    0.0	    0.0	    0.0	    0.0	    0.0	   65.6	  1	 -550.0	 1250.0	    0.0	    0.0	    0.0	1	   29.4	 21	    0.0	    5.6	
 2500	 250.00	 -570.8	 1225.3	    3.9	  749.5	 1372.2	    0.0	  200.0	  742.9	 1316.0	    0.0	  200.0	  100.0	    0.0	    0.0	    0.0	    0.0	    0.0	   65.6	  1	 -550.0	 1250.0	    0.0	    0.0	    0.0	1	   29.4	 21	    0.0	    5.7	
 2501	 250.10	 -570.8	 1225.3	    3.9	  749.5	 1372.2	    0.0	  200.0	  742.9	 1316.0	    0.0	  200.0	  100.0	    0.0	    0.0	    0.0	    0.0	    0.0	   65.6	  1	 -550.0	 1250.0	    0.0	    0.0	    0.0	1	   29.4	 21	    0.0	    5.8	
 2502	 250.20	 -570.8	 1225.3	    3.9	  749.5	 1372.2	    0.0	  200.0	  742.9	 1316.0	    0.0	  200.0	  100.0	    0.0	    0.0	    0.0	    0.0	    0.0	   65.7	  1	 -550.0	 1250.0	    0.0	    0.0	    0.0	1	   29.4	 21	    0.0	    5.9	
 2503	 250.30	 -570.8	 1225.3	    3.9	  749.5	 1372.2	    0.0	  200.0	  742.9	 1316.0	    0.0	  200.0	  100.0	    0.0	    0.0	    0.0	    0.0	    0.1	   65.7	  1	 -550.0	 1250.0	    0.0	    0.0	    0.1	1	   29.4	 21	    0.0	    6.0	
 2504	 250.40	 -570.8	 1225.3	    3.9	  749.5	 1372.2	    0.0	  200.0	  742.9	 1316.0	    0.0	  200.0	  100.0	    0.0	    0.0	    0.0	    0.0	    0.1	   65.7	  1	 -550.0	 1250.0	    0.0	    0.0	    0.1	1	   29.4	 21	    0.0	    6.1	
 2505	 250.50	 -570.8	 1225.3	    3.9	  749.5	 1372.2	    0.0	  200.0	  742.9	 1316.0	    0.0	  200.0	  100.0	    0.0	    0.0	    0.0	    0.0	    0.1	   65.8	  1	 -550.0	 1250.0	    0.0	    0.0	    0.1	1	   29.4	 21	    0.0	    6.2	
 2506	 250.60	 -570.8	 1225.3	    3.9	  749.5	 1372.2	    0.0	  200.0	  742.9	 1316.0	    0.0	  200.0	  100.0	    0.0	    0.0	    0.0	    0.0	    0.1	   65.8	  1	 -550.0	 1250.0	    0.0	    0.0	    0.1	1	   29.4	 21	    0.0	    6.3	
 2507	 250.70	 -570.8	 1225.3	    3.9	  749.5	 1372.2	    0.0	  200.0	  742.9	 1316.0	    0.0	  200.0	  100.0	    0.0	    0.0	    0.0	    0.0	    0.1	   65.9	  1	 -550.0	 1250.0	    0.0	    0.0	    0.1	1	   29.4	 21	    0.0	    6.4	
 2508	 250.80	 -570.8	 1225.3	    3.9	  749.5	 1372.2	    0.0	  200.0	  742.9	 1316.0	    0.0	  200.0	  100.0	    0.0	    0.0	    0.0	    0.0	    0.1	   65.9	  1	 -350.0	 1950.0	    0.0	    0.0	    0.1	1	  293.3	 21	    0.0	    6.5	
 2509	 250.90	 -572.3	 1250.8	   93.3	  749.5	 1372.2	    0.0	  200.0	  742.9	 1316.0	    0.0	  200.0	  100.0	    0.0	    0.0	    0.0	    0.0	    0.1	   65.9	  1	 -350.0	 1950.0	    0.0	    0.0	    0.1	1	  293.2	 21	    0.0	    6.6	
 2510	 251.00	 -573.8	 1316.5	   91.3	  749.5	 1372.2	    0.0	  200.0	  742.9	 1316.0	    0.0	  200.0	  100.0	    0.0	    0.0	    0.0	    0.0	    0.1	   66.0	  1	 -350.0	 1950.0	    0.0	    0.0	    0.1	1	  293.3	 21	    0.0	    6.6	
 2511	 251.10	 -569.5	 1388.3	   85.9	  749.5	 1372.2	    0.0	  200.0	  742.9	 1316.0	    0.0	  200.0	  100.0	    0.0	    0.0	    0.0	    0.0	    0.1	   66.0	  1	 -350.0	 1950.0	    0.0	    0.0	    0.1	1	  293.9	 21	    0.0	    6.7	
 2512	 251.20	 -558.9	 1456.4	   80.7	  749.5	 1372.2	    0.0	  200.0	  742.9	 1316.0	    0.0	  200.0	  100.0	    0.0	    0.0	    0.0	    0.0	    0.1	   66.0	  1	 -350.0	 1950.0	    0.0	    0.0	    0.1	1	  294.8	 21	    0.0	    6.7	
 2513	 251.30	 -543.5	 1521.5	   76.3	  749.5	 1372.2	    0.0	  200.0	  742.9	 1316.0	    0.0	  200.0	  100.0	    0.0	    0.0	    0.0	    0.0	    0.1	   66.0	  1	 -250.0	 2150.0	    0.0	    0.0	    0.1	1	  296.7	 21	    0.0	    6.7	
 2514	 251.40	 -524.0	 1593.1	   74.6	  749.5	 1372.2	    0.0	  200.0	  742.9	 1316.0	    0.0	  200.0	  100.0	    0.0	    0.0	    0.0	    0.0	    0.1	   66.1	  1	 -150.0	 2250.0	    0.0	    0.0	    0.1	1	  298.4	 21	    0.0	    6.6	
 2515	 251.50	 -499.7	 1660.2	   69.6	  749.5	 1372.2	    0.0	  200.0	  742.9	 1316.0	    0.0	  200.0	  100.0	    0.0	    0.0	    0.0	    0.0	    0.1	   66.1	  1	 -150.0	 2250.0	    0.0	    0.0	    0.1	1	  298.8	 21	    0.0	    6.6	
 2516	 251.60	 -472.4	 1726.5	   67.4	  749.5	 1372.2	    0.0	  200.0	  742.9	 1316.0	    0.0	  200.0	  100.0	    0.0	    0.0	    0.0	    0.0	    0.1	   66.1	  1	 -150.0	 2250.0	    0.0	    0.0	    0.1	1	  299.2	 21	    0.0	    6.5	
 2517	 251.70	 -443.3	 1791.1	   65.6	  749.5	 1372.2	    0.0	  200.0	  742.9	 1316.0	    0.0	  200.0	  100.0	    0.0	    0.0	    0.0	    0.0	    0.1	   66.1	  1	 -150.0	 2250.0	    0.0	    0.0	    0.1	1	  299.3	 21	    0.0	    6.4	
 2518	 251.80	 -411.5	 1856.5	   63.9	  749.5	 1372.2	    0.0	  200.0	  742.9	 1316.0	    0.0	  200.0	  100.0	    0.0	    0.0	    0.0	    0.0	    0.1	   66.1	  1	 -350.0	 1950.0	    0.0	    0.0	    0.1	1	   99.4	 21	    0.0	    6.3	
 2519	 251.90	 -397.9	 1879.7	   58.5	  749.5	 1372.2	    0.0	  200.0	  742.9	 1316.0	    0.0	  200.0	  100.0	    0.0	    0.0	    0.0	    0.0	    0.1	   66.1	  1	 -350.0	 1950.0	    0.0	    0.0	    0.1	1	   77.6	 21	    0.0	    6.1	
 2520	 252.00	 -397.0	 1881.3	   55.7	  749.5	 1372.2	    0.0	  200.0	  742.9	 1316.0	    0.0	  200.0	  100.0	    0.0	    0.0	    0.0	    0.0	    0.1	   66.1	  1	 -350.0	 1950.0	    0.0	    0.0	    0.1	1	   72.4	 21	    0.0	    6.0	
 2521	 252.10	 -397.0	 1881.3	   55.6	  749.5	 1372.2	    0.0	  200.0	  742.9	 1316.0	    0.0	  200.0	  100.0	    0.0	    0.0	    0.0	    0.0	    0.0	   66.2	  1	 -350.0	 1950.0	    0.0	    0.0	    0.0	1	   72.4	 21	    0.0	    5.8	
 2522	 252.20	 -397.0	 1881.3	   55.6	  749.5	 1372.2	    0.0	  200.0	  742.9	 1316.0	    0.0	  200.0	  100.0	    0.0	    0.0	    0.0	    0.0	    0.0	   66.2	  1	 -350.0	 1950.0	    0.0	    0.0	    0.0	1	   72.4	 21	    0.0	    5.7	
 2523	 252.30	 -397.0	 1881.3	   55.6	  749.5	 1372.2	    0.0	  200.0	  742.9	 1316.0	    0.0	  200.0	  100.0	    0.0	    0.0	    0.0	    0.0	    0.0	   66.2	  1	 -350.0	 1950.0	    0.0	    0.0	    0.0	1	   72.4	 21	    0.0	    5.5	
 2524	 252.40	 -397.0	 1881.3	   55.6	  749.5	 1372.2	    0.0	  200.0	  742.9	 1316.0	    0.0	  200.0	  100.0	    0.0	    0.0	    0.0	    0.0	    0.0	   66.2	  1	 -350.0	 1950.0	    0.0	    0.0	    0.0	1	   72.4	 21	    0.0	    5.4	
 2525	 252.50	 -397.0	 1881.3	   55.6	  749.5	 1372.2	    0.0	  200.0	  742.9	 1316.0	    0.0	  200.0	  100.0	    0.0	    0.0	    0.0	    0.0	    0.0	   66.3	  1	 -350.0	 1950.0	    0.0	    0.0	    0.0	1	   72.4	 21	    0.0	    5.2	
 2526	 252.60	 -397.0	 1881.3	   55.6	  749.5	 1372.2	    0.0	  200.0	  742.9	 1316.0	    0.0	  200.0	  100.0	    0.0	    0.0	    0.0	    0.0	    0.0	   66.3	  1	 -350.0	 1950.0	    0.0	    0.0	    0.0	1	   72.4	 21	    0.0	    5.1	
 2527	 252.70	 -397.0	 1881.3	   55.6	  749.5	 1372.2	    0.0	  200.0	  742.9	 1316.0	    0.0	  200.0	  100.0	    0.0	    0.0	    0.0	    0.0	    0.0	   66.3	  1	 -350.0	 1950.0	    0.0	    0.0	    0.0	1	   72.4	 21	    0.0	    5.0	
 2528	 252.80	 -397.0	 1881.3	   55.6	  749.5	 1372.2	    0.0	  200.0	  742.9	 1316.0	    0.0	  200.0	  100.0	    0.0	    0.0	    0.0	    0.0	    0.0	   66.4	  1	 -350.0	 1950.0	    0.0	    0.0	    0.0	1	   72.4	 21	    0.0	    5.0	
 2529	 252.90	 -397.0	 1881.3	   55.6	  749.5	 1372.2	    0.0	  200.0	  742.9	 1316.0	    0.0	  200.0	  100.0	    0.0	    0.0	    0.0	    0.0	    0.0	   66.4	  1	 -350.0	 1950.0	    0.0	    0.0	    0.0	1	   72.4	 21	    0.0	    5.0	
 2530	 253.00	 -397.0	 1881.3	   55.6	  749.5	 1372.2	    0.0	  200.0	  742.9	 1316.0	    0.0	  200.0	  100.0	    0.0	    0.0	    0.0	    0.0	    0.0	   66.4	  1	 -350.0	 1950.0	    0.0	    0.0	    0.0	1	   72.4	 21	    0.0	    5.0	
 2531	 253.10	 -397.0	 1881.3	   55.6	  749.5	 1372.2	    0.0	  200.0	  742.9	 1316.0	    0.0	  200.0	  100.0	    0.0	    0.0	    0.0	    0.0	    0.0	   66.4	  1	 -350.0	 1950.0	    0.0	    0.0	    0.0	1	   72.4	 21	    0.0	    5.0	
 2532	 253.20	 -397.0	 1881.3	   55.6	  749.5	 1372.2	    0.0	  200.0	  742.9	 1316.0	    0.0	  200.0	  100.0	    0.0	    0.0	    0.0	    0.0	    0.0	   66.5	  1	 -350.0	 1950.0	    0.0	    0.0	    0.0	1	   72.4	 21	    0.0	    5.0	
 2533	 253.30	 -397.0	 1881.3	   55.6	  749.5	 1372.2	    0.0	  200.0	  742.9	 1316.0	    0.0	  200.0	  100.0	    0.0	    0.0	    0.0	    0.0	    0.0	   66.5	  1	 -350.0	 1950.0	    0.0	    0.0	    0.0	1	   72.4	 21	    0.0	    5.0	
 2534	 253.40	 -397.0	 1881.3	   55.6	  749.5	 1372.2	    0.0	  200.0	  742.9	 1316.0	    0.0	  200.0	  100.0	    0.0	    0.0	    0.0	    0.0	    0.0	   66.5	  1	 -450.0	  850.0	    0.0	    0.0	    0.0	1	  300.0	 21	    0.0	    5.0	
 2535	 253.50	 -403.7	 1861.5	 -109.0	  749.5	 1372.2	    0.0	  200.0	  742.9	 1316.0	    0.0	  200.0	  100.0	    0.0	    0.0	    0.0	    0.0	    0.0	   66.6	  1	 -450.0	  850.0	    0.0	    0.0	    0.0	1	  300.0	 21	    0.0	    5.0	
 2536	 253.60	 -425.7	 1797.8	 -109.0	  749.5	 1372.2	    0.0	  200.0	  742.9	 1316.0	    0.0	  200.0	  100.0	    0.0	    0.0	    0.0	    0.0	    0.0	   66.6	  1	 -450.0	  850.0	    0.0	    0.0	    0.0	1	  300.0	 21	    0.0	    5.0	
 2537	 253.70	 -449.6	 1727.9	 -108.9	  749.5	 1372.2	    0.0	  200.0	  742.9	 1316.0	    0.0	  200.0	  100.0	    0.0	    0.0	    0.0	    0.0	    0.0	   66.6	  1	 -450.0	  850.0	    0.0	    0.0	    0.0	1	  299.9	 21	    0.0	    5.0	
 2538	 253.80	 -472.8	 1658.3	 -108.4	  749.5	 1372.2	    0.0	  200.0	  742.9	 1316.0	    0.0	  200.0	  100.0	    0.0	    0.0	    0.0	    0.0	    0.0	   66.7	  1	 -450.0	  850.0	    0.0	    0.0	    0.0	1	  299.8	 21	    0.0	    5.0	
 2539	 253.90	 -493.9	 1591.2	 -107.4	  749.5	 1372.2	    0.0	  200.0	  742.9	 1316.0	    0.0	  200.0	  100.0	    0.0	    0.0	    0.0	    0.0	    0.0	   66.7	  1	 -450.0	  850.0	    0.0	    0.0	    0.0	1	  299.7	 21	    0.0	    5.0	
 2540	 254.00	 -514.4	 1521.1	 -106.1	  749.5	 1372.2	    0.0	  200.0	  742.9	 1316.0	    0.0	  200.0	  100.0	    0.0	    0.0	    0.0	    0.0	    0.0	   66.7	  1	 -450.0	  850.0	    0.0	    0.0	    0.0	1	  299.5	 21	    0.0	    5.0	
 2541	 254.10	 -532.5	 1450.7	 -104.3	  749.5	 1372.2	    0.0	  200.0	  742.9	 1316.0	    0.0	  200.0	  100.0	    0.0	    0.0	    0.0	    0.0	    0.0	   66.7	  1	 -450.0	  850.0	    0.0	    0.0	    0.0	1	  299.2	 21	    0.0	    5.0	
 2542	 254.20	 -547.0	 1382.8	 -101.9	  749.5	 1372.2	    0.0	  200.0	  742.9	 1316.0	    0.0	  200.0	  100.0	    0.0	    0.0	    0.0	    0.0	    0.0	   66.7	  1	 -450.0	  850.0	    0.0	    0.0	    0.0	1	  298.7	 21	    0.0	    5.1	
 2543	 254.30	 -558.9	 1311.6	  -99.1	  749.5	 1372.2	    0.0	  200.0	  742.9	 1316.0	    0.0	  200.0	  100.0	    0.0	    0.0	    0.0	    0.0	    0.0	   66.7	  1	 -450.0	  850.0	    0.0	    0.0	    0.0	1	  297.9	 21	    0.0	    5.1	
 2544	 254.40	 -566.2	 1240.0	  -95.4	  749.5	 1372.2	    0.0	  200.0	  742.9	 1316.0	    0.0	  200.0	  100.0	    0.0	    0.0	    0.0	    0.0	    0.0	   66.7	  1	 -450.0	  850.0	    0.0	    0.0	    0.0	1	  296.2	 21	    0.0	    5.2	
 2545	 254.50	 -567.1	 1170.7	  -90.4	  749.5	 1372.2	    0.0	  200.0	  742.9	 1316.0	    0.0	  200.0	  100.0	    0.0	    0.0	    0.0	    0.0	    0.0	   66.7	  1	 -550.0	 1150.0	    0.0	    0.0	    0.0	1	   26.0	 21	    0.0	    5.4	
 2546	 254.60	 -567.2	 1164.5	    6.3	  749.5	 1372.2	    0.0	  200.0	  742.9	 1316.0	    0.0	  200.0	  100.0	    0.0	    0.0	    0.0	    0.0	    0.0	   66.8	  1	 -550.0	 1150.0	    0.0	    0.0	    0.0	1	   22.7	 21	    0.0	    5.5	
 2547	 254.70	 -567.2	 1164.5	    6.6	  749.5	 1372.2	    0.0	  200.0	  742.9	 1316.0	    0.0	  200.0	  100.0	    0.0	    0.0	    0.0	    0.0	    0.0	   66.8	  1	 -550.0	 1150.0	    0.0	    0.0	    0.0	1	   22.7	 21	    0.0	    5.6	
 2548	 254.80	 -567.2	 1164.5	    6.6	  749.5	 1372.2	    0.0	  200.0	  742.9	 1316.0	    0.0	  200.0	  100.0	    0.0	    0.0	    0.0	    0.0	    0.0	   66.8	  1	 -550.0	 1150.0	    0.0	    0.0	    0.0	1	   22.7	 21	    0.0	    5.7	
 2549	 254.90	 -567.2	 1164.5	    6.6	  749.5	 1372.2	    0.0	  200.0	  742.9	 1316.0	    0.0	  200.0	  100.0	    0.0	    0.0	    0.0	    0.0	    0.0	   66.8	  1	 -550.0	 1150.0	    0.0	    0.0	    0.0	1	   22.7	 21	    0.0	    5.8	
 2550	 255.00	 -567.2	 1164.5	    6.6	  749.5	 1372.2	    0.0	  200.0	  742.9	 1316.0	    0.0	  200.0	  100.0	    0.0	    0.0	    0.0	    0.0	    0.1	   66.9	  1	 -550.0	 1150.0	    0.0	    0.0	    0.1	1	   22.7	 21	    0.0	    6.0	
 2551	 255.10	 -567.2	 1164.5	    6.6	  749.5	 1372.2	    0.0	  200.0	  742.9	 1316.0	    0.0	  200.0	  100.0	    0.0	    0.0	    0.0	    0.0	    0.1	   66.9	  1	 -550.0	 1150.0	    0.0	    0.0	    0.1	1	   22.7	 21	    0.0	    6.1	
 2552	 255.20	 -567.2	 1164.5	    6.6	  749.5	 1372.2	    0.0	  200.0	  742.9	 1316.0	    0.0	  200.0	  100.0	    0.0	    0.0	    0.0	    0.0	    0.1	   66.9	  1	 -550.0	 1150.0	    0.0	    0.0	    0.1	1	   22.7	 21	    0.0	    6.2	
 2553	 255.30	 -567.2	 1164.5	    6.6	  749.5	 1372.2	    0.0	  200.0	  742.9	 1316.0	    0.0	  200.0	  100.0	    0.0	    0.0	    0.0	    0.0	    0.1	   67.0	  1	 -550.0	 1150.0	    0.0	    0.0	    0.1	1	   22.7	 21	    0.0	    6.3	
 2554	 255.40	 -567.2	 1164.5	    6.6	  749.5	 1372.2	    0.0	  200.0	  742.9	 1316.0	    0.0	  200.0	  100.0	    0.0	    0.0	    0.0	    0.0	    0.1	   67.0	  1	 -550.0	 1150.0	    0.0	    0.0	    0.1	1	   22.7	 21	    0.0	    6.4	
 2555	 255.50	 -567.2	 1164.5	    6.6	  749.5	 1372.2	    0.0	  200.0	  742.9	 1316.0	    0.0	  200.0	  100.0	    0.0	    0.0	    0.0	    0.0	    0.1	   67.1	  1	 -550.0	 1150.0	    0.0	    0.0	    0.1	1	   22.7	 21	    0.0	    6.5	
 2556	 255.60	 -567.2	 1164.5	    6.6	  749.5	 1372.2	    0.0	  200.0	  742.9	 1316.0	    0.0	  200.0	  100.0	    0.0	    0.0	    0.0	    0.0	    0.1	   67.1	  1	 -550.0	 1150.0	    0.0	    0.0	    0.1	1	   22.7	 21	    0.0	    6.6	
 2557	 255.70	 -567.2	 1164.5	    6.6	  749.5	 1372.2	    0.0	  200.0	  742.9	 1316.0	    0.0	  200.0	  100.0	    0.0	    0.0	    0.0	    0.0	    0.1	   67.1	  1	 -350.0	 1950.0	    0.0	    0.0	    0.1	1	  293.9	 21	    0.0	    6.7	
 2558	 255.80	 -570.5	 1188.6	   97.7	  749.5	 1372.2	    0.0	  200.0	  742.9	 1316.0	    0.0	  200.0	  100.0	    0.0	    0.0	    0.0	    0.0	    0.1	   67.2	  1	 -350.0	 1950.0	    0.0	    0.0	    0.1	1	  293.7	 21	    0.0	    6.8	
 2559	 255.90	 -577.4	 1256.4	   95.8	  749.5	 1372.2	    0.0	  200.0	  742.9	 1316.0	    0.0	  200.0	  100.0	    0.0	    0.0	    0.0	    0.0	    0.1	   67.2	  1	 -350.0	 1950.0	    0.0	    0.0	    0.1	1	  293.4	 21	    0.0	    6.9	
 2560	 256.00	 -578.1	 1323.1	   90.0	  749.5	 1372.2	    0.0	  200.0	  742.9	 1316.0	    0.0	  200.0	  100.0	    0.0	    0.0	    0.0	    0.0	    0.1	   67.2	  1	 -350.0	 1950.0	    0.0	    0.0	    0.1	1	  293.6	 21	    0.0	    7.0	
 2561	 256.10	 -572.3	 1394.1	   84.7	  749.5	 1372.2	    0.0	  200.0	  742.9	 1316.0	    0.0	  200.0	  100.0	    0.0	    0.0	    0.0	    0.0	    0.1	   67.3	  1	 -350.0	 1950.0	    0.0	    0.0	    0.1	1	  294.2	 21	    0.0	    7.0	
 2562	 256.20	 -560.9	 1460.1	   79.7	  749.5	 1372.2	    0.0	  200.0	  742.9	 1316.0	    0.0	  200.0	  100.0	    0.0	    0.0	    0.0	    0.0	    0.1	   67.3	  1	 -350.0	 2050.0	    0.0	    0.0	    0.1	1	  294.6	 21	    0.0	    7.0	
 2563	 256.30	 -547.9	 1533.3	   80.0	  749.5	 1372.2	    0.0	  200.0	  742.9	 1316.0	    0.0	  200.0	  100.0	    0.0	    0.0	    0.0	    0.0	    0.1	   67.3	  1	 -250.0	 2150.0	    0.0	    0.0	    0.1	1	  297.3	 21	    0.0	    7.0	
 2564	 256.40	 -528.8	 1598.0	   73.0	  749.5	 1372.2	    0.0	  200.0	  742.9	 1316.0	    0.0	  200.0	  100.0	    0.0	    0.0	    0.0	    0.0	    0.1	   67.3	  1	 -250.0	 2150.0	    0.0	    0.0	    0.1	1	  298.0	 21	    0.0	    7.0	
 2565	 256.50	 -504.4	 1667.4	   70.3	  749.5	 1372.2	    0.0	  200.0	  742.9	 1316.0	    0.0	  200.0	  100.0	    0.0	    0.0	    0.0	    0.0	    0.1	   67.3	  1	 -250.0	 2150.0	    0.0	    0.0	    0.1	1	  298.6	 21	    0.0	    6.9	
 2566	 256.60	 -478.2	 1732.9	   67.9	  749.5	 1372.2	    0.0	  200.0	  742.9	 1316.0	    0.0	  200.0	  100.0	    0.0	    0.0	    0.0	    0.0	    0.1	   67.3	  1	 -150.0	 2250.0	    0.0	    0.0	    0.1	1	  299.4	 21	    0.0	    6.8	
 2567	 256.70	 -447.8	 1796.6	   64.3	  749.5	 1372.2	    0.0	  200.0	  742.9	 1316.0	    0.0	  200.0	  100.0	    0.0	    0.0	    0.0	    0.0	    0.1	   67.3	  1	 -450.0	 1850.0	    0.0	    0.0	    0.1	1	   45.4	 21	    0.0	    6.7	
 2568	 256.80	 -445.3	 1801.9	   92.3	  749.5	 1372.2	    0.0	  200.0	  742.9	 1316.0	    0.0	  200.0	  100.0	    0.0	    0.0	    0.0	    0.0	    0.1	   67.4	  1	 -450.0	 1850.0	    0.0	    0.0	    0.1	1	   45.2	 21	    0.0	    6.6	
 2569	 256.90	 -445.3	 1801.9	   95.6	  749.5	 1372.2	    0.0	  200.0	  742.9	 1316.0	    0.0	  200.0	  100.0	    0.0	    0.0	    0.0	    0.0	    0.1	   67.4	  1	 -450.0	 1850.0	    0.0	    0.0	    0.1	1	   45.2	 21	    0.0	    6.5	
 2570	 257.00	 -445.3	 1801.9	   95.6	  749.5	 1372.2	    0.0	  200.0	  742.9	 1316.0	    0.0	  200.0	  100.0	    0.0	    0.0	    0.0	    0.0	    0.1	   67.4	  1	 -450.0	 1850.0	    0.0	    0.0	    0.1	1	   45.2	 21	    0.0	    6.4	
 2571	 257.10	 -445.3	 1801.9	   95.6	  749.5	 1372.2	    0.0	  200.0	  742.9	 1316.0	    0.0	  200.0	  100.0	    0.0	    0.0	    0.0	    0.0	    0.1	   67.4	  1	 -450.0	 1850.0	    0.0	    0.0	    0.1	1	   45.2	 21	    0.0	    6.3	
 2572	 257.20	 -445.3	 1801.9	   95.6	  749.5	 1372.2	    0.0	  200.0	  742.9	 1316.0	    0.0	  200.0	  100.0	    0.0	    0.0	    0.0	    0.0	    0.1	   67.5	  1	 -450.0	 1850.0	    0.0	    0.0	    0.1	1	   45.2	 21	    0.0	    6.2	
 2573	 257.30	 -445.3	 1801.9	   95.6	  749.5	 1372.2	    0.0	  200.0	  742.9	 1316.0	    0.0	  200.0	  100.0	    0.0	    0.0	    0.0	    0.0	    0.1	   67.5	  1	 -450.0	 1850.0	    0.0	    0.0	    0.1	1	   45.2	 21	    0.0	    6.1	
 2574	 257.40	 -445.3	 1801.9	   95.6	  749.5	 1372.2	    0.0	  200.0	  742.9	 1316.0	    0.0	  200.0	  100.0	    0.0	    0.0	    0.0	    0.0	    0.1	   67.5	  1	 -450.0	 1850.0	    0.0	    0.0	    0.1	1	   45.2	 21	    0.0	    6.0	
 2575	 257.50	 -445.3	 1801.9	   95.6	  749.5	 1372.2	    0.0	  200.0	  742.9	 1316.0	    0.0	  200.0	  100.0	    0.0	    0.0	    0.0	    0.0	    0.0	   67.6	  1	 -450.0	 1850.0	    0.0	    0.0	    0.0	1	   45.2	 21	    0.0	    5.8	
 2576	 257.60	 -445.3	 1801.9	   95.6	  749.5	 1372.2	    0.0	  200.0	  742.9	 1316.0	    0.0	  200.0	  100.0	    0.0	    0.0	    0.0	    0.0	    0.0	   67.6	  1	 -450.0	 1850.0	    0.0	    0.0	    0.0	1	   45.2	 21	    0.0	    5.7	
 2577	 257.70	 -445.3	 1801.9	   95.6	  749.5	 1372.2	    0.0	  200.0	  742.9	 1316.0	    0.0	  200.0	  100.0	    0.0	    0.0	    0.0	    0.0	    0.0	   67.6	  1	 -450.0	 1850.0	    0.0	    0.0	    0.0	1	   45.2	 21	    0.0	    5.6	
 2578	 257.80	 -445.3	 1801.9	   95.6	  749.5	 1372.2	    0.0	  200.0	  742.9	 1316.0	    0.0	  200.0	  100.0	    0.0	    0.0	    0.0	    0.0	    0.0	   67.7	  1	 -450.0	 1850.0	    0.0	    0.0	    0.0	1	   45.2	 21	    0.0	    5.5	
 2579	 257.90	 -445.3	 1801.9	   95.6	  749.5	 1372.2	    0.0	  200.0	  742.9	 1316.0	    0.0	  200.0	  100.0	    0.0	    0.0	    0.0	    0.0	    0.0	   67.7	  1	 -450.0	 1850.0	    0.0	    0.0	    0.0	1	   45.2	 21	    0.0	    5.4	
 2580	 258.00	 -445.3	 1801.9	   95.6	  749.5	 1372.2	    0.0	  200.0	  742.9	 1316.0	    0.0	  200.0	  100.0	    0.0	    0.0	    0.0	    0.0	    0.0	   67.7	  1	 -450.0	 1850.0	    0.0	    0.0	    0.0	1	   45.2	 21	    0.0	    5.2	
 2581	 258.10	 -445.3	 1801.9	   95.6	  749.5	 1372.2	    0.0	  200.0	  742.9	 1316.0	    0.0	  200.0	  100.0	    0.0	    0.0	    0.0	    0.0	    0.0	   67.8	  1	 -450.0	  850.0	    0.0	    0.0	    0.0	1	  300.0	 21	    0.0	    5.1	
 2582	 258.20	 -451.0	 1782.8	 -106.5	  749.5	 1372.2	    0.0	  200.0	  742.9	 1316.0	    0.0	  200.0	  100.0	    0.0	    0.0	    0.0	    0.0	    0.0	   67.8	  1	 -450.0	  850.0	    0.0	    0.0	    0.0	1	  300.0	 21	    0.0	    5.0	
 2583	 258.30	 -470.6	 1716.8	 -106.6	  749.5	 1372.2	    0.0	  200.0	  742.9	 1316.0	    0.0	  200.0	  100.0	    0.0	    0.0	    0.0	    0.0	    0.0	   67.8	  1	 -450.0	  850.0	    0.0	    0.0	    0.0	1	  300.0	 21	    0.0	    5.0	
 2584	 258.40	 -491.2	 1646.5	 -106.3	  749.5	 1372.2	    0.0	  200.0	  742.9	 1316.0	    0.0	  200.0	  100.0	    0.0	    0.0	    0.0	    0.0	    0.0	   67.9	  1	 -450.0	  850.0	    0.0	    0.0	    0.0	1	  299.9	 21	    0.0	    5.0	
 2585	 258.50	 -510.9	 1576.4	 -105.6	  749.5	 1372.2	    0.0	  200.0	  742.9	 1316.0	    0.0	  200.0	  100.0	    0.0	    0.0	    0.0	    0.0	    0.0	   67.9	  1	 -450.0	  850.0	    0.0	    0.0	    0.0	1	  299.7	 21	    0.0	    5.0	
 2586	 258.60	 -528.5	 1508.5	 -104.4	  749.5	 1372.2	    0.0	  200.0	  742.9	 1316.0	    0.0	  200.0	  100.0	    0.0	    0.0	    0.0	    0.0	    0.0	   67.9	  1	 -450.0	  850.0	    0.0	    0.0	    0.0	1	  299.5	 21	    0.0	    5.0	
 2587	 258.70	 -544.7	 1437.4	 -102.7	  749.5	 1372.2	    0.0	  200.0	  742.9	 1316.0	    0.0	  200.0	  100.0	    0.0	    0.0	    0.0	    0.0	    0.0	   67.9	  1	 -450.0	  850.0	    0.0	    0.0	    0.0	1	  299.2	 21	    0.0	    5.0	
 2588	 258.80	 -557.9	 1367.2	 -100.4	  749.5	 1372.2	    0.0	  200.0	  742.9	 1316.0	    0.0	  200.0	  100.0	    0.0	    0.0	    0.0	    0.0	    0.0	   68.0	  1	 -450.0	  850.0	    0.0	    0.0	    0.0	1	  298.7	 21	    0.0	    5.1	
 2589	 258.90	 -567.4	 1296.4	  -97.5	  749.5	 1372.2	    0.0	  200.0	  742.9	 1316.0	    0.0	  200.0	  100.0	    0.0	    0.0	    0.0	    0.0	    0.0	   68.0	  1	 -550.0	 1250.0	    0.0	    0.0	    0.0	1	   46.1	 21	    0.0	    5.2	
 2590	 259.00	 -568.2	 1290.6	    0.9	  749.5	 1372.2	    0.0	  200.0	  742.9	 1316.0	    0.0	  200.0	  100.0	    0.0	    0.0	    0.0	    0.0	    0.0	   68.0	  1	 -550.0	 1250.0	    0.0	    0.0	    0.0	1	   43.0	 21	    0.0	    5.2	
 2591	 259.10	 -568.2	 1290.6	    1.1	  749.5	 1372.2	    0.0	  200.0	  742.9	 1316.0	    0.0	  200.0	  100.0	    0.0	    0.0	    0.0	    0.0	    0.0	   68.0	  1	 -550.0	 1250.0	    0.0	    0.0	    0.0	1	   43.0	 21	    0.0	    5.3	
 2592	 259.20	 -568.2	 1290.6	    1.1	  749.5	 1372.2	    0.0	  200.0	  742.9	 1316.0	    0.0	  200.0	  100.0	    0.0	    0.0	    0.0	    0.0	    0.0	   68.1	  1	 -550.0	 1250.0	    0.0	    0.0	    0.0	1	   43.0	 21	    0.0	    5.4	
 2593	 259.30	 -568.2	 1290.6	    1.1	  749.5	 1372.2	    0.0	  200.0	  742.9	 1316.0	    0.0	  200.0	  100.0	    0.0	    0.0	    0.0	    0.0	    0.0	   68.1	  1	 -550.0	 1250.0	    0.0	    0.0	    0.0	1	   43.0	 21	    0.0	    5.5	
 2594	 259.40	 -568.2	 1290.6	    1.1	  749.5	 1372.2	    0.0	  200.0	  742.9	 1316.0	    0.0	  200.0	  100.0	    0.0	    0.0	    0.0	    0.0	    0.0	   68.1	  1	 -550.0	 1250.0	    0.0	    0.0	    0.0	1	   43.0	 21	    0.0	    5.5	
 2595	 259.50	 -568.2	 1290.6	    1.1	  749.5	 1372.2	    0.0	  200.0	  742.9	 1316.0	    0.0	  200.0	  100.0	    0.0	    0.0	    0.0	    0.0	    0.0	   68.2	  1	 -550.0	 1250.0	    0.0	    0.0	    0.0	1	   43.0	 21	    0.0	    5.6	
 2596	 259.60	 -568.2	 1290.6	    1.1	  749.5	 1372.2	    0.0	  200.0	  742.9	 1316.0	    0.0	  200.0	  100.0	    0.0	    0.0	    0.0	    0.0	    0.0	   68.2	  1	 -550.0	 1250.0	    0.0	    0.0	    0.0	1	   43.0	 21	    0.0	    5.7	
 2597	 259.70	 -568.2	 1290.6	    1.1	  749.5	 1372.2	    0.0	  200.0	  742.9	 1316.0	    0.0	  200.0	  100.0	    0.0	    0.0	    0.0	    0.0	    0.0	   68.2	  1	 -550.0	 1250.0	    0.0	    0.0	    0.0	1	   43.0	 21	    0.0	    5.8	
 2598	 259.80	 -568.2	 1290.6	    1.1	  749.5	 1372.2	    0.0	  200.0	  742.9	 1316.0	    0.0	  200.0	  100.0	    0.0	    0.0	    0.0	    0.0	    0.0	   68.3	  1	 -550.0	 1250.0	    0.0	    0.0	    0.0	1	   43.0	 21	    0.0	    5.8	
 2599	 259.90	 -568.2	 1290.6	    1.1	  749.5	 1372.2	    0.0	  200.0	  742.9	 1316.0	    0.0	  200.0	  100.0	    0.0	    0.0	    0.0	    0.0	    0.0	   68.3	  1	 -550.0	 1250.0	    0.0	    0.0	    0.0	1	   43.0	 21	    0.0	    5.9	
 2600	 260.00	 -568.2	 1290.6	    1.1	  749.5	 1372.2	    0.0	  200.0	  742.9	 1316.0	    0.0	  200.0	  100.0	    0.0	    0.0	    0.0	    0.0	    0.1	   68.4	  1	 -550.0	 1250.0	    0.0	    0.0	    0.1	1	   43.0	 21	    0.0	    6.0	
 2601	 260.10	 -568.2	 1290.6	    1.1	  749.5	 1372.2	    0.0	  200.0	  742.9	 1316.0	    0.0	  200.0	  100.0	    0.0	    0.0	    0.0	    0.0	    0.1	   68.4	  1	 -350.0	 1950.0	    0.0	    0.0	    0.1	1	  292.9	 21	    0.0	    6.1	
 2602	 260.20	 -567.7	 1316.7	   88.9	  749.5	 1372.2	    0.0	  200.0	  742.9	 1316.0	    0.0	  200.0	  100.0	    0.0	    0.0	    0.0	    0.0	    0.1	   68.4	  1	 -350.0	 1950.0	    0.0	    0.0	    0.1	1	  292.9	 21	    0.0	    6.1	
 2603	 260.30	 -564.2	 1384.1	   86.9	  749.5	 1372.2	    0.0	  200.0	  742.9	 1316.0	    0.0	  200.0	  100.0	    0.0	    0.0	    0.0	    0.0	    0.1	   68.5	  1	 -350.0	 1950.0	    0.0	    0.0	    0.1	1	  293.5	 21	    0.0	    6.2	
 2604	 260.40	 -555.3	 1449.9	   81.8	  749.5	 1372.2	    0.0	  200.0	  742.9	 1316.0	    0.0	  200.0	  100.0	    0.0	    0.0	    0.0	    0.0	    0.1	   68.5	  1	 -350.0	 1950.0	    0.0	    0.0	    0.1	1	  294.4	 21	    0.0	    6.2	
 2605	 260.50	 -540.6	 1518.6	   77.4	  749.5	 1372.2	    0.0	  200.0	  742.9	 1316.0	    0.0	  200.0	  100.0	    0.0	    0.0	    0.0	    0.0	    0.1	   68.5	  1	 -350.0	 1950.0	    0.0	    0.0	    0.1	1	  295.3	 21	    0.0	    6.2	
 2606	 260.60	 -520.6	 1587.4	   73.3	  749.5	 1372.2	    0.0	  200.0	  742.9	 1316.0	    0.0	  200.0	  100.0	    0.0	    0.0	    0.0	    0.0	    0.1	   68.5	  1	 -350.0	 1950.0	    0.0	    0.0	    0.1	1	  295.9	 21	    0.0	    6.1	
 2607	 260.70	 -497.1	 1651.7	   69.5	  749.5	 1372.2	    0.0	  200.0	  742.9	 1316.0	    0.0	  200.0	  100.0	    0.0	    0.0	    0.0	    0.0	    0.1	   68.6	  1	 -150.0	 2250.0	    0.0	    0.0	    0.1	1	  298.6	 21	    0.0	    6.1	
 2608	 260.80	 -470.2	 1720.4	   68.5	  749.5	 1372.2	    0.0	  200.0	  742.9	 1316.0	    0.0	  200.0	  100.0	    0.0	    0.0	    0.0	    0.0	    0.1	   68.6	  1	 -350.0	 1950.0	    0.0	    0.0	    0.1	1	  238.0	 21	    0.0	    6.0	
 2609	 260.90	 -443.6	 1770.6	   61.3	  749.5	 1372.2	    0.0	  200.0	  742.9	 1316.0	    0.0	  200.0	  100.0	    0.0	    0.0	    0.0	    0.0	    0.0	   68.6	  1	 -450.0	 1850.0	    0.0	    0.0	    0.0	1	   72.3	 21	    0.0	    5.9	
 2610	 261.00	 -441.5	 1774.4	   94.6	  749.5	 1372.2	    0.0	  200.0	  742.9	 1316.0	    0.0	  200.0	  100.0	    0.0	    0.0	    0.0	    0.0	    0.0	   68.6	  1	 -450.0	 1750.0	    0.0	    0.0	    0.0	1	   26.7	 21	    0.0	    5.8	
 2611	 261.10	 -441.5	 1774.4	 -109.2	  749.5	 1372.2	    0.0	  200.0	  742.9	 1316.0	    0.0	  200.0	  100.0	    0.0	    0.0	    0.0	    0.0	    0.0	   68.6	  1	 -450.0	 1750.0	    0.0	    0.0	    0.0	1	   26.7	 21	    0.0	    5.7	
 2612	 261.20	 -441.5	 1774.4	 -109.2	  749.5	 1372.2	    0.0	  200.0	  742.9	 1316.0	    0.0	  200.0	  100.0	    0.0	    0.0	    0.0	    0.0	    0.0	   68.7	  1	 -450.0	 1750.0	    0.0	    0.0	    0.0	1	   26.7	 21	    0.0	    5.6	
 2613	 261.30	 -441.5	 1774.4	 -109.2	  749.5	 1372.2	    0.0	  200.0	  742.9	 1316.0	    0.0	  200.0	  100.0	    0.0	    0.0	    0.0	    0.0	    0.0	   68.7	  1	 -450.0	 1750.0	    0.0	    0.0	    0.0	1	   26.7	 21	    0.0	    5.5	
 2614	 261.40	 -441.5	 1774.4	 -109.2	  749.5	 1372.2	    0.0	  200.0	  742.9	 1316.0	    0.0	  200.0	  100.0	    0.0	    0.0	    0.0	    0.0	    0.0	   68.7	  1	 -450.0	 1750.0	    0.0	    0.0	    0.0	1	   26.7	 21	    0.0	    5.3	
 2615	 261.50	 -441.5	 1774.4	 -109.2	  749.5	 1372.2	    0.0	  200.0	  742.9	 1316.0	    0.0	  200.0	  100.0	    0.0	    0.0	    0.0	    0.0	    0.0	   68.8	  1	 -450.0	 1750.0	    0.0	    0.0	    0.0	1	   26.7	 21	    0.0	    5.2	
 2616	 261.60	 -441.5	 1774.4	 -109.2	  749.5	 1372.2	    0.0	  200.0	  742.9	 1316.0	    0.0	  200.0	  100.0	    0.0	    0.0	    0.0	    0.0	    0.0	   68.8	  1	 -450.0	 1750.0	    0.0	    0.0	    0.0	1	   26.7	 21	    0.0	    5.1	
 2617	 261.70	 -441.5	 1774.4	 -109.2	  749.5	 1372.2	    0.0	  200.0	  742.9	 1316.0	    0.0	  200.0	  100.0	    0.0	    0.0	    0.0	    0.0	    0.0	   68.8	  1	 -450.0	 1750.0	    0.0	    0.0	    0.0	1	   26.7	 21	    0.0	    5.0	
 2618	 261.80	 -441.5	 1774.4	 -109.2	  749.5	 1372.2	    0.0	  200.0	  742.9	 1316.0	    0.0	  200.0	  100.0	    0.0	    0.0	    0.0	    0.0	    0.0	   68.9	  1	 -450.0	 1750.0	    0.0	    0.0	    0.0	1	   26.7	 21	    0.0	    5.0	
 2619	 261.90	 -441.5	 1774.4	 -109.2	  749.5	 1372.2	    0.0	  200.0	  742.9	 1316.0	    0.0	  200.0	  100.0	    0.0	    0.0	    0.0	    0.0	    0.0	   68.9	  1	 -450.0	 1750.0	    0.0	    0.0	    0.0	1	   26.7	 21	    0.0	    5.0	
 2620	 262.00	 -441.5	 1774.4	 -109.2	  749.5	 1372.2	    0.0	  200.0	  742.9	 1316.0	    0.0	  200.0	  100.0	    0.0	    0.0	    0.0	    0.0	    0.0	   68.9	  1	 -450.0	 1750.0	    0.0	    0.0	    0.0	1	   26.7	 21	    0.0	    5.0	
 2621	 262.10	 -441.5	 1774.4	 -109.2	  749.5	 1372.2	    0.0	  200.0	  742.9	 1316.0	    0.0	  200.0	  100.0	    0.0	    0.0	    0.0	    0.0	    0.0	   69.0	  1	 -450.0	 1750.0	    0.0	    0.0	    0.0	1	   26.7	 21	    0.0	    5.0	
 2622	 262.20	 -441.5	 1774.4	 -109.2	  749.5	 1372.2	    0.0	  200.0	  742.9	 1316.0	    0.0	  200.0	  100.0	    0.0	    0.0	    0.0	    0.0	    0.0	   69.0	  1	 -450.0	 1750.0	    0.0	    0.0	    0.0	1	   26.7	 21	    0.0	    5.0	
 2623	 262.30	 -441.5	 1774.4	 -109.2	  749.5	 1372.2	    0.0	  200.0	  742.9	 1316.0	    0.0	  200.0	  100.0	    0.0	    0.0	    0.0	    0.0	    0.0	   69.0	  1	 -450.0	 1750.0	    0.0	    0.0	    0.0	1	   26.7	 21	    0.0	    5.0	
 2624	 262.40	 -441.5	 1774.4	 -109.2	  749.5	 1372.2	    0.0	  200.0	  742.9	 1316.0	    0.0	  200.0	  100.0	    0.0	    0.0	    0.0	    0.0	    0.0	   69.1	  1	 -450.0	  850.0	    0.0	    0.0	    0.0	1	  300.0	 21	    0.0	    5.0	
 2625	 262.50	 -461.6	 1712.2	 -107.9	  749.5	 1372.2	    0.0	  200.0	  742.9	 1316.0	    0.0	  200.0	  100.0	    0.0	    0.0	    0.0	    0.0	    0.0	   69.1	  1	 -450.0	  850.0	    0.0	    0.0	    0.0	1	  299.9	 21	    0.0	    5.0	
 2626	 262.60	 -483.5	 1642.6	 -107.4	  749.5	 1372.2	    0.0	  200.0	  742.9	 1316.0	    0.0	  200.0	  100.0	    0.0	    0.0	    0.0	    0.0	    0.0	   69.2	  1	 -450.0	  850.0	    0.0	    0.0	    0.0	1	  299.8	 21	    0.0	    5.0	
 2627	 262.70	 -503.7	 1574.8	 -106.5	  749.5	 1372.2	    0.0	  200.0	  742.9	 1316.0	    0.0	  200.0	  100.0	    0.0	    0.0	    0.0	    0.0	    0.0	   69.2	  1	 -450.0	  850.0	    0.0	    0.0	    0.0	1	  299.7	 21	    0.0	    5.0	
 2628	 262.80	 -523.0	 1504.4	 -105.2	  749.5	 1372.2	    0.0	  200.0	  742.9	 1316.0	    0.0	  200.0	  100.0	    0.0	    0.0	    0.0	    0.0	    0.0	   69.2	  1	 -450.0	  850.0	    0.0	    0.0	    0.0	1	  299.5	 21	    0.0	    5.0	
 2629	 262.90	 -539.8	 1434.3	 -103.3	  749.5	 1372.2	    0.0	  200.0	  742.9	 1316.0	    0.0	  200.0	  100.0	    0.0	    0.0	    0.0	    0.0	    0.0	   69.2	  1	 -450.0	  850.0	    0.0	    0.0	    0.0	1	  299.1	 21	    0.0	    5.0	
 2630	 263.00	 -553.1	 1366.8	 -100.9	  749.5	 1372.2	    0.0	  200.0	  742.9	 1316.0	    0.0	  200.0	  100.0	    0.0	    0.0	    0.0	    0.0	    0.0	   69.2	  1	 -450.0	  850.0	    0.0	    0.0	    0.0	1	  298.6	 21	    0.0	    5.1	
 2631	 263.10	 -563.4	 1296.1	  -98.0	  749.5	 1372.2	    0.0	  200.0	  742.9	 1316.0	    0.0	  200.0	  100.0	    0.0	    0.0	    0.0	    0.0	    0.0	   69.3	  1	 -450.0	  850.0	    0.0	    0.0	    0.0	1	  297.7	 21	    0.0	    5.2	
 2632	 263.20	 -569.2	 1224.0	  -94.1	  749.5	 1372.2	    0.0	  200.0	  742.9	 1316.0	    0.0	  200.0	  100.0	    0.0	    0.0	    0.0	    0.0	    0.0	   69.3	  1	 -550.0	 1150.0	    0.0	    0.0	    0.0	1	   71.5	 21	    0.0	    5.3	
 2633	 263.30	 -569.6	 1218.3	    4.0	  749.5	 1372.2	    0.0	  200.0	  742.9	 1316.0	    0.0	  200.0	  100.0	    0.0	    0.0	    0.0	    0.0	    0.0	   69.3	  1	 -550.0	 1150.0	    0.0	    0.0	    0.0	1	   68.7	 21	    0.0	    5.4	
 2634	 263.40	 -569.6	 1218.3	    4.3	  749.5	 1372.2	    0.0	  200.0	  742.9	 1316.0	    0.0	  200.0	  100.0	    0.0	    0.0	    0.0	    0.0	    0.0	   69.3	  1	 -550.0	 1150.0	    0.0	    0.0	    0.0	1	   68.7	 21	    0.0	    5.5	
 2635	 263.50	 -569.6	 1218.3	    4.3	  749.5	 1372.2	    0.0	  200.0	  742.9	 1316.0	    0.0	  200.0	  100.0	    0.0	    0.0	    0.0	    0.0	    0.0	   69.3	  1	 -550.0	 1250.0	    0.0	    0.0	    0.0	1	   28.8	 21	    0.0	    5.6	
 2636	 263.60	 -569.6	 1218.3	    4.3	  749.5	 1372.2	    0.0	  200.0	  742.9	 1316.0	    0.0	  200.0	  100.0	    0.0	    0.0	    0.0	    0.0	    0.0	   69.4	  1	 -550.0	 1250.0	    0.0	    0.0	    0.0	1	   28.8	 21	    0.0	    5.7	
 2637	 263.70	 -569.6	 1218.3	    4.3	  749.5	 1372.2	    0.0	  200.0	  742.9	 1316.0	    0.0	  200.0	  100.0	    0.0	    0.0	    0.0	    0.0	    0.0	   69.4	  1	 -550.0	 1250.0	    0.0	    0.0	    0.0	1	   28.8	 21	    0.0	    5.8	
 2638	 263.80	 -569.6	 1218.3	    4.3	  749.5	 1372.2	    0.0	  200.0	  742.9	 1316.0	    0.0	  200.0	  100.0	    0.0	    0.0	    0.0	    0.0	    0.0	   69.5	  1	 -550.0	 1250.0	    0.0	    0.0	    0.0	1	   28.8	 21	    0.0	    5.9	
 2639	 263.90	 -569.6	 1218.3	    4.3	  749.5	 1372.2	    0.0	  200.0	  742.9	 1316.0	    0.0	  200.0	  100.0	    0.0	    0.0	    0.0	    0.0	    0.1	   69.5	  1	 -550.0	 1250.0	    0.0	    0.0	    0.1	1	   28.8	 21	    0.0	    6.0	
 2640	 264.00	 -569.6	 1218.3	    4.3	  749.5	 1372.2	    0.0	  200.0	  742.9	 1316.0	    0.0	  200.0	  100.0	    0.0	    0.0	    0.0	    0.0	    0.1	   69.5	  1	 -550.0	 1250.0	    0.0	    0.0	    0.1	1	   28.8	 21	    0.0	    6.1	
 2641	 264.10	 -569.6	 1218.3	    4.3	  749.5	 1372.2	    0.0	  200.0	  742.9	 1316.0	    0.0	  200.0	  100.0	    0.0	    0.0	    0.0	    0.0	    0.1	   69.6	  1	 -550.0	 1250.0	    0.0	    0.0	    0.1	1	   28.8	 21	    0.0	    6.2	
 2642	 264.20	 -569.6	 1218.3	    4.3	  749.5	 1372.2	    0.0	  200.0	  742.9	 1316.0	    0.0	  200.0	  100.0	    0.0	    0.0	    0.0	    0.0	    0.1	   69.6	  1	 -550.0	 1250.0	    0.0	    0.0	    0.1	1	   28.8	 21	    0.0	    6.3	
 2643	 264.30	 -569.6	 1218.3	    4.3	  749.5	 1372.2	    0.0	  200.0	  742.9	 1316.0	    0.0	  200.0	  100.0	    0.0	    0.0	    0.0	    0.0	    0.1	   69.6	  1	 -350.0	 1950.0	    0.0	    0.0	    0.1	1	  293.3	 21	    0.0	    6.4	
 2644	 264.40	 -571.3	 1243.4	   94.0	  749.5	 1372.2	    0.0	  200.0	  742.9	 1316.0	    0.0	  200.0	  100.0	    0.0	    0.0	    0.0	    0.0	    0.1	   69.7	  1	 -350.0	 1950.0	    0.0	    0.0	    0.1	1	  293.2	 21	    0.0	    6.4	
 2645	 264.50	 -573.7	 1310.9	   91.9	  749.5	 1372.2	    0.0	  200.0	  742.9	 1316.0	    0.0	  200.0	  100.0	    0.0	    0.0	    0.0	    0.0	    0.1	   69.7	  1	 -350.0	 1950.0	    0.0	    0.0	    0.1	1	  293.3	 21	    0.0	    6.5	
 2646	 264.60	 -570.1	 1376.9	   86.4	  749.5	 1372.2	    0.0	  200.0	  742.9	 1316.0	    0.0	  200.0	  100.0	    0.0	    0.0	    0.0	    0.0	    0.1	   69.7	  1	 -350.0	 1950.0	    0.0	    0.0	    0.1	1	  293.8	 21	    0.0	    6.5	
 2647	 264.70	 -560.6	 1445.5	   81.5	  749.5	 1372.2	    0.0	  200.0	  742.9	 1316.0	    0.0	  200.0	  100.0	    0.0	    0.0	    0.0	    0.0	    0.1	   69.8	  1	 -350.0	 1950.0	    0.0	    0.0	    0.1	1	  294.6	 21	    0.0	    6.6	
 2648	 264.80	 -545.2	 1515.1	   77.0	  749.5	 1372.2	    0.0	  200.0	  742.9	 1316.0	    0.0	  200.0	  100.0	    0.0	    0.0	    0.0	    0.0	    0.1	   69.8	  1	 -350.0	 1950.0	    0.0	    0.0	    0.1	1	  295.5	 21	    0.0	    6.6	
 2649	 264.90	 -525.3	 1581.7	   73.0	  749.5	 1372.2	    0.0	  200.0	  742.9	 1316.0	    0.0	  200.0	  100.0	    0.0	    0.0	    0.0	    0.0	    0.1	   69.8	  1	 -250.0	 2150.0	    0.0	    0.0	    0.1	1	  297.4	 21	    0.0	    6.5	
 2650	 265.00	 -504.3	 1647.5	   72.2	  749.5	 1372.2	    0.0	  200.0	  742.9	 1316.0	    0.0	  200.0	  100.0	    0.0	    0.0	    0.0	    0.0	    0.1	   69.8	  1	 -250.0	 2150.0	    0.0	    0.0	    0.1	1	  298.1	 21	    0.0	    6.5	
 2651	 265.10	 -479.7	 1714.7	   69.6	  749.5	 1372.2	    0.0	  200.0	  742.9	 1316.0	    0.0	  200.0	  100.0	    0.0	    0.0	    0.0	    0.0	    0.1	   69.8	  1	 -150.0	 2250.0	    0.0	    0.0	    0.1	1	  299.2	 21	    0.0	    6.4	
 2652	 265.20	 -450.3	 1781.0	   65.5	  749.5	 1372.2	    0.0	  200.0	  742.9	 1316.0	    0.0	  200.0	  100.0	    0.0	    0.0	    0.0	    0.0	    0.1	   69.8	  1	 -350.0	 1950.0	    0.0	    0.0	    0.1	1	  179.9	 21	    0.0	    6.3	
 2653	 265.30	 -428.6	 1819.4	   59.8	  749.5	 1372.2	    0.0	  200.0	  742.9	 1316.0	    0.0	  200.0	  100.0	    0.0	    0.0	    0.0	    0.0	    0.1	   69.9	  1	 -450.0	 1850.0	    0.0	    0.0	    0.1	1	   34.8	 21	    0.0	    6.2	
 2654	 265.40	 -426.8	 1822.4	  125.0	  749.5	 1372.2	    0.0	  200.0	  742.9	 1316.0	    0.0	  200.0	  100.0	    0.0	    0.0	    0.0	    0.0	    0.1	   69.9	  1	 -450.0	 1850.0	    0.0	    0.0	    0.1	1	   34.4	 21	    0.0	    6.0	
 2655	 265.50	 -426.8	 1822.4	  130.0	  749.5	 1372.2	    0.0	  200.0	  742.9	 1316.0	    0.0	  200.0	  100.0	    0.0	    0.0	    0.0	    0.0	    0.0	   69.9	  1	 -450.0	 1850.0	    0.0	    0.0	    0.0	1	   34.4	 21	    0.0	    5.9	
 2656	 265.60	 -426.8	 1822.4	  130.0	  749.5	 1372.2	    0.0	  200.0	  742.9	 1316.0	    0.0	  200.0	  100.0	    0.0	    0.0	    0.0	    0.0	    0.0	   69.9	  1	 -450.0	 1850.0	    0.0	    0.0	    0.0	1	   34.4	 21	    0.0	    5.8	
 2657	 265.70	 -426.8	 1822.4	  130.0	  749.5	 1372.2	    0.0	  200.0	  742.9	 1316.0	    0.0	  200.0	  100.0	    0.0	    0.0	    0.0	    0.0	    0.0	   70.0	  1	 -450.0	 1850.0	    0.0	    0.0	    0.0	1	   34.4	 21	    0.0	    5.7	
 2658	 265.80	 -426.8	 1822.4	  130.0	  749.5	 1372.2	    0.0	  200.0	  742.9	 1316.0	    0.0	  200.0	  100.0	    0.0	    0.0	    0.0	    0.0	    0.0	   70.0	  1	 -450.0	 1850.0	    0.0	    0.0	    0.0	1	   34.4	 21	    0.0	    5.5	
 2659	 265.90	 -426.8	 1822.4	  130.0	  749.5	 1372.2	    0.0	  200.0	  742.9	 1316.0	    0.0	  200.0	  100.0	    0.0	    0.0	    0.0	    0.0	    0.0	   70.0	  1	 -450.0	 1850.0	    0.0	    0.0	    0.0	1	   34.4	 21	    0.0	    5.4	
 2660	 266.00	 -426.8	 1822.4	  130.0	  749.5	 1372.2	    0.0	  200.0	  742.9	 1316.0	    0.0	  200.0	  100.0	    0.0	    0.0	    0.0	    0.0	    0.0	   70.1	  1	 -450.0	 1850.0	    0.0	    0.0	    0.0	1	   34.4	 21	    0.0	    5.3	
 2661	 266.10	 -426.8	 1822.4	  130.0	  749.5	 1372.2	    0.0	  200.0	  742.9	 1316.0	    0.0	  200.0	  100.0	    0.0	    0.0	    0.0	    0.0	    0.0	   70.1	  1	 -450.0	 1850.0	    0.0	    0.0	    0.0	1	   34.4	 21	    0.0	    5.1	
 2662	 266.20	 -426.8	 1822.4	  130.0	  749.5	 1372.2	    0.0	  200.0	  742.9	 1316.0	    0.0	  200.0	  100.0	    0.0	    0.0	    0.0	    0.0	    0.0	   70.1	  1	 -450.0	 1850.0	    0.0	    0.0	    0.0	1	   34.4	 21	    0.0	    5.0	
 2663	 266.30	 -426.8	 1822.4	  130.0	  749.5	 1372.2	    0.0	  200.0	  742.9	 1316.0	    0.0	  200.0	  100.0	    0.0	    0.0	    0.0	    0.0	    0.0	   70.2	  1	 -450.0	 1850.0	    0.0	    0.0	    0.0	1	   34.4	 21	    0.0	    5.0	
 2664	 266.40	 -426.8	 1822.4	  130.0	  749.5	 1372.2	    0.0	  200.0	  742.9	 1316.0	    0.0	  200.0	  100.0	    0.0	    0.0	    0.0	    0.0	    0.0	   70.2	  1	 -450.0	 1850.0	    0.0	    0.0	    0.0	1	   34.4	 21	    0.0	    5.0	
 2665	 266.50	 -426.8	 1822.4	  130.0	  749.5	 1372.2	    0.0	  200.0	  742.9	 1316.0	    0.0	  200.0	  100.0	    0.0	    0.0	    0.0	    0.0	    0.0	   70.2	  1	 -450.0	 1850.0	    0.0	    0.0	    0.0	1	   34.4	 21	    0.0	    5.0	
 2666	 266.60	 -426.8	 1822.4	  130.0	  749.5	 1372.2	    0.0	  200.0	  742.9	 1316.0	    0.0	  200.0	  100.0	    0.0	    0.0	    0.0	    0.0	    0.0	   70.3	  1	 -450.0	  850.0	    0.0	    0.0	    0.0	1	  300.0	 21	    0.0	    5.0	
 2667	 266.70	 -432.9	 1803.4	 -107.9	  749.5	 1372.2	    0.0	  200.0	  742.9	 1316.0	    0.0	  200.0	  100.0	    0.0	    0.0	    0.0	    0.0	    0.0	   70.3	  1	 -450.0	  850.0	    0.0	    0.0	    0.0	1	  300.0	 21	    0.0	    5.0	
 2668	 266.80	 -453.9	 1738.5	 -107.9	  749.5	 1372.2	    0.0	  200.0	  742.9	 1316.0	    0.0	  200.0	  100.0	    0.0	    0.0	    0.0	    0.0	    0.0	   70.4	  1	 -450.0	  850.0	    0.0	    0.0	    0.0	1	  300.0	 21	    0.0	    5.0	
 2669	 266.90	 -476.6	 1667.1	 -107.6	  749.5	 1372.2	    0.0	  200.0	  742.9	 1316.0	    0.0	  200.0	  100.0	    0.0	    0.0	    0.0	    0.0	    0.0	   70.4	  1	 -450.0	  850.0	    0.0	    0.0	    0.0	1	  299.9	 21	    0.0	    5.0	
 2670	 267.00	 -498.0	 1596.5	 -106.8	  749.5	 1372.2	    0.0	  200.0	  742.9	 1316.0	    0.0	  200.0	  100.0	    0.0	    0.0	    0.0	    0.0	    0.0	   70.4	  1	 -450.0	  850.0	    0.0	    0.0	    0.0	1	  299.8	 21	    0.0	    5.0	
 2671	 267.10	 -517.8	 1526.1	 -105.6	  749.5	 1372.2	    0.0	  200.0	  742.9	 1316.0	    0.0	  200.0	  100.0	    0.0	    0.0	    0.0	    0.0	    0.0	   70.4	  1	 -450.0	  850.0	    0.0	    0.0	    0.0	1	  299.6	 21	    0.0	    5.0	
 2672	 267.20	 -534.7	 1458.3	 -103.9	  749.5	 1372.2	    0.0	  200.0	  742.9	 1316.0	    0.0	  200.0	  100.0	    0.0	    0.0	    0.0	    0.0	    0.0	   70.4	  1	 -450.0	  850.0	    0.0	    0.0	    0.0	1	  299.3	 21	    0.0	    5.0	
 2673	 267.30	 -550.0	 1386.6	 -101.7	  749.5	 1372.2	    0.0	  200.0	  742.9	 1316.0	    0.0	  200.0	  100.0	    0.0	    0.0	    0.0	    0.0	    0.0	   70.5	  1	 -450.0	  850.0	    0.0	    0.0	    0.0	1	  298.8	 21	    0.0	    5.1	
 2674	 267.40	 -561.2	 1316.6	  -98.9	  749.5	 1372.2	    0.0	  200.0	  742.9	 1316.0	    0.0	  200.0	  100.0	    0.0	    0.0	    0.0	    0.0	    0.0	   70.5	  1	 -450.0	  850.0	    0.0	    0.0	    0.0	1	  298.0	 21	    0.0	    5.1	
 2675	 267.50	 -568.0	 1247.7	  -95.3	  749.5	 1372.2	    0.0	  200.0	  742.9	 1316.0	    0.0	  200.0	  100.0	    0.0	    0.0	    0.0	    0.0	    0.0	   70.5	  1	 -550.0	 1150.0	    0.0	    0.0	    0.0	1	   95.9	 21	    0.0	    5.2	
 2676	 267.60	 -565.5	 1219.7	  -80.4	  749.5	 1372.2	    0.0	  200.0	  742.9	 1316.0	    0.0	  200.0	  100.0	    0.0	    0.0	    0.0	    0.0	    0.0	   70.5	  1	 -550.0	 1150.0	    0.0	    0.0	    0.0	1	   70.2	 21	    0.0	    5.3	
 2677	 267.70	 -565.2	 1217.9	    4.2	  749.5	 1372.2	    0.0	  200.0	  742.9	 1316.0	    0.0	  200.0	  100.0	    0.0	    0.0	    0.0	    0.0	    0.0	   70.5	  1	 -550.0	 1150.0	    0.0	    0.0	    0.0	1	   68.2	 21	    0.0	    5.4	
 2678	 267.80	 -565.2	 1217.9	    4.3	  749.5	 1372.2	    0.0	  200.0	  742.9	 1316.0	    0.0	  200.0	  100.0	    0.0	    0.0	    0.0	    0.0	    0.0	   70.6	  1	 -550.0	 1150.0	    0.0	    0.0	    0.0	1	   68.2	 21	    0.0	    5.5	
 2679	 267.90	 -565.2	 1217.9	    4.3	  749.5	 1372.2	    0.0	  200.0	  742.9	 1316.0	    0.0	  200.0	  100.0	    0.0	    0.0	    0.0	    0.0	    0.0	   70.6	  1	 -550.0	 1250.0	    0.0	    0.0	    0.0	1	   27.7	 21	    0.0	    5.6	
 2680	 268.00	 -565.2	 1217.9	    4.3	  749.5	 1372.2	    0.0	  200.0	  742.9	 1316.0	    0.0	  200.0	  100.0	    0.0	    0.0	    0.0	    0.0	    0.0	   70.6	  1	 -550.0	 1250.0	    0.0	    0.0	    0.0	1	   27.7	 21	    0.0	    5.7	
 2681	 268.10	 -565.2	 1217.9	    4.3	  749.5	 1372.2	    0.0	  200.0	  742.9	 1316.0	    0.0	  200.0	  100.0	    0.0	    0.0	    0.0	    0.0	    0.0	   70.7	  1	 -550.0	 1250.0	    0.0	    0.0	    0.0	1	   27.7	 21	    0.0	    5.8	
 2682	 268.20	 -565.2	 1217.9	    4.3	  749.5	 1372.2	    0.0	  200.0	  742.9	 1316.0	    0.0	  200.0	  100.0	    0.0	    0.0	    0.0	    0.0	    0.0	   70.7	  1	 -550.0	 1250.0	    0.0	    0.0	    0.0	1	   27.7	 21	    0.0	    5.9	
 2683	 268.30	 -565.2	 1217.9	    4.3	  749.5	 1372.2	    0.0	  200.0	  742.9	 1316.0	    0.0	  200.0	  100.0	    0.0	    0.0	    0.0	    0.0	    0.1	   70.7	  1	 -550.0	 1250.0	    0.0	    0.0	    0.1	1	   27.7	 21	    0.0	    6.0	
 2684	 268.40	 -565.2	 1217.9	    4.3	  749.5	 1372.2	    0.0	  200.0	  742.9	 1316.0	    0.0	  200.0	  100.0	    0.0	    0.0	    0.0	    0.0	    0.1	   70.8	  1	 -550.0	 1250.0	    0.0	    0.0	    0.1	1	   27.7	 21	    0.0	    6.1	
 2685	 268.50	 -565.2	 1217.9	    4.3	  749.5	 1372.2	    0.0	  200.0	  742.9	 1316.0	    0.0	  200.0	  100.0	    0.0	    0.0	    0.0	    0.0	    0.1	   70.8	  1	 -550.0	 1250.0	    0.0	    0.0	    0.1	1	   27.7	 21	    0.0	    6.2	
 2686	 268.60	 -565.2	 1217.9	    4.3	  749.5	 1372.2	    0.0	  200.0	  742.9	 1316.0	    0.0	  200.0	  100.0	    0.0	    0.0	    0.0	    0.0	    0.1	   70.8	  1	 -350.0	 1950.0	    0.0	    0.0	    0.1	1	  293.1	 21	    0.0	    6.3	
 2687	 268.70	 -567.3	 1243.0	   94.7	  749.5	 1372.2	    0.0	  200.0	  742.9	 1316.0	    0.0	  200.0	  100.0	    0.0	    0.0	    0.0	    0.0	    0.1	   70.9	  1	 -350.0	 1950.0	    0.0	    0.0	    0.1	1	  293.0	 21	    0.0	    6.4	
 2688	 268.80	 -570.3	 1308.5	   92.6	  749.5	 1372.2	    0.0	  200.0	  742.9	 1316.0	    0.0	  200.0	  100.0	    0.0	    0.0	    0.0	    0.0	    0.1	   70.9	  1	 -350.0	 1950.0	    0.0	    0.0	    0.1	1	  293.0	 21	    0.0	    6.5	
 2689	 268.90	 -567.6	 1378.0	   87.1	  749.5	 1372.2	    0.0	  200.0	  742.9	 1316.0	    0.0	  200.0	  100.0	    0.0	    0.0	    0.0	    0.0	    0.1	   71.0	  1	 -350.0	 1950.0	    0.0	    0.0	    0.1	1	  293.6	 21	    0.0	    6.5	
 2690	 269.00	 -558.3	 1447.5	   81.8	  749.5	 1372.2	    0.0	  200.0	  742.9	 1316.0	    0.0	  200.0	  100.0	    0.0	    0.0	    0.0	    0.0	    0.1	   71.0	  1	 -350.0	 1950.0	    0.0	    0.0	    0.1	1	  294.5	 21	    0.0	    6.5	
 2691	 269.10	 -543.3	 1515.9	   77.2	  749.5	 1372.2	    0.0	  200.0	  742.9	 1316.0	    0.0	  200.0	  100.0	    0.0	    0.0	    0.0	    0.0	    0.1	   71.0	  1	 -350.0	 2050.0	    0.0	    0.0	    0.1	1	  295.0	 21	    0.0	    6.5	
 2692	 269.20	 -528.8	 1583.4	   78.0	  749.5	 1372.2	    0.0	  200.0	  742.9	 1316.0	    0.0	  200.0	  100.0	    0.0	    0.0	    0.0	    0.0	    0.1	   71.0	  1	 -250.0	 2150.0	    0.0	    0.0	    0.1	1	  297.6	 21	    0.0	    6.5	
 2693	 269.30	 -507.2	 1651.2	   71.4	  749.5	 1372.2	    0.0	  200.0	  742.9	 1316.0	    0.0	  200.0	  100.0	    0.0	    0.0	    0.0	    0.0	    0.1	   71.0	  1	 -150.0	 2250.0	    0.0	    0.0	    0.1	1	  299.0	 21	    0.0	    6.4	
 2694	 269.40	 -480.3	 1716.0	   67.2	  749.5	 1372.2	    0.0	  200.0	  742.9	 1316.0	    0.0	  200.0	  100.0	    0.0	    0.0	    0.0	    0.0	    0.1	   71.1	  1	 -150.0	 2250.0	    0.0	    0.0	    0.1	1	  299.2	 21	    0.0	    6.4	
 2695	 269.50	 -450.5	 1781.7	   65.4	  749.5	 1372.2	    0.0	  200.0	  742.9	 1316.0	    0.0	  200.0	  100.0	    0.0	    0.0	    0.0	    0.0	    0.1	   71.1	  1	 -350.0	 1950.0	    0.0	    0.0	    0.1	1	  179.9	 21	    0.0	    6.3	
 2696	 269.60	 -429.1	 1819.2	   59.5	  749.5	 1372.2	    0.0	  200.0	  742.9	 1316.0	    0.0	  200.0	  100.0	    0.0	    0.0	    0.0	    0.0	    0.1	   71.1	  1	 -450.0	 1850.0	    0.0	    0.0	    0.1	1	   34.9	 21	    0.0	    6.1	
 2697	 269.70	 -426.5	 1823.6	  124.1	  749.5	 1372.2	    0.0	  200.0	  742.9	 1316.0	    0.0	  200.0	  100.0	    0.0	    0.0	    0.0	    0.0	    0.1	   71.1	  1	 -450.0	 1850.0	    0.0	    0.0	    0.1	1	   34.3	 21	    0.0	    6.0	
 2698	 269.80	 -426.5	 1823.6	  131.7	  749.5	 1372.2	    0.0	  200.0	  742.9	 1316.0	    0.0	  200.0	  100.0	    0.0	    0.0	    0.0	    0.0	    0.0	   71.1	  1	 -450.0	 1850.0	    0.0	    0.0	    0.0	1	   34.3	 21	    0.0	    5.9	
 2699	 269.90	 -426.5	 1823.6	  131.7	  749.5	 1372.2	    0.0	  200.0	  742.9	 1316.0	    0.0	  200.0	  100.0	    0.0	    0.0	    0.0	    0.0	    0.0	   71.1	  1	 -450.0	 1850.0	    0.0	    0.0	    0.0	1	   34.3	 21	    0.0	    5.8	
 2700	 270.00	 -426.5	 1823.6	  131.7	  749.5	 1372.2	    0.0	  200.0	  742.9	 1316.0	    0.0	  200.0	  100.0	    0.0	    0.0	    0.0	    0.0	    0.0	   71.2	  1	 -450.0	 1850.0	    0.0	    0.0	    0.0	1	   34.3	 21	    0.0	    5.6	
 2701	 270.10	 -426.5	 1823.6	  131.7	  749.5	 1372.2	    0.0	  200.0	  742.9	 1316.0	    0.0	  200.0	  100.0	    0.0	    0.0	    0.0	    0.0	    0.0	   71.2	  1	 -450.0	 1850.0	    0.0	    0.0	    0.0	1	   34.3	 21	    0.0	    5.5	
 2702	 270.20	 -426.5	 1823.6	  131.7	  749.5	 1372.2	    0.0	  200.0	  742.9	 1316.0	    0.0	  200.0	  100.0	    0.0	    0.0	    0.0	    0.0	    0.0	   71.2	  1	 -450.0	 1850.0	    0.0	    0.0	    0.0	1	   34.3	 21	    0.0	    5.4	
 2703	 270.30	 -426.5	 1823.6	  131.7	  749.5	 1372.2	    0.0	  200.0	  742.9	 1316.0	    0.0	  200.0	  100.0	    0.0	    0.0	    0.0	    0.0	    0.0	   71.3	  1	 -450.0	 1850.0	    0.0	    0.0	    0.0	1	   34.3	 21	    0.0	    5.2	
 2704	 270.40	 -426.5	 1823.6	  131.7	  749.5	 1372.2	    0.0	  200.0	  742.9	 1316.0	    0.0	  200.0	  100.0	    0.0	    0.0	    0.0	    0.0	    0.0	   71.3	  1	 -450.0	 1850.0	    0.0	    0.0	    0.0	1	   34.3	 21	    0.0	    5.1	
 2705	 270.50	 -426.5	 1823.6	  131.7	  749.5	 1372.2	    0.0	  200.0	  742.9	 1316.0	    0.0	  200.0	  100.0	    0.0	    0.0	    0.0	    0.0	    0.0	   71.4	  1	 -450.0	 1850.0	    0.0	    0.0	    0.0	1	   34.3	 21	    0.0	    5.0	
 2706	 270.60	 -426.5	 1823.6	  131.7	  749.5	 1372.2	    0.0	  200.0	  742.9	 1316.0	    0.0	  200.0	  100.0	    0.0	    0.0	    0.0	    0.0	    0.0	   71.4	  1	 -450.0	 1850.0	    0.0	    0.0	    0.0	1	   34.3	 21	    0.0	    5.0	
 2707	 270.70	 -426.5	 1823.6	  131.7	  749.5	 1372.2	    0.0	  200.0	  742.9	 1316.0	    0.0	  200.0	  100.0	    0.0	    0.0	    0.0	    0.0	    0.0	   71.4	  1	 -450.0	 1850.0	    0.0	    0.0	    0.0	1	   34.3	 21	    0.0	    5.0	
 2708	 270.80	 -426.5	 1823.6	  131.7	  749.5	 1372.2	    0.0	  200.0	  742.9	 1316.0	    0.0	  200.0	  100.0	    0.0	    0.0	    0.0	    0.0	    0.0	   71.5	  1	 -450.0	 1850.0	    0.0	    0.0	    0.0	1	   34.3	 21	    0.0	    5.0	
 2709	 270.90	 -426.5	 1823.6	  131.7	  749.5	 1372.2	    0.0	  200.0	  742.9	 1316.0	    0.0	  200.0	  100.0	    0.0	    0.0	    0.0	    0.0	    0.0	   71.5	  1	 -450.0	  850.0	    0.0	    0.0	    0.0	1	  300.0	 21	    0.0	    5.0	
 2710	 271.00	 -432.8	 1804.3	 -107.9	  749.5	 1372.2	    0.0	  200.0	  742.9	 1316.0	    0.0	  200.0	  100.0	    0.0	    0.0	    0.0	    0.0	    0.0	   71.5	  1	 -450.0	  850.0	    0.0	    0.0	    0.0	1	  300.0	 21	    0.0	    5.0	
 2711	 271.10	 -454.1	 1738.2	 -107.9	  749.5	 1372.2	    0.0	  200.0	  742.9	 1316.0	    0.0	  200.0	  100.0	    0.0	    0.0	    0.0	    0.0	    0.0	   71.6	  1	 -450.0	  850.0	    0.0	    0.0	    0.0	1	  300.0	 21	    0.0	    5.0	
 2712	 271.20	 -476.4	 1667.9	 -107.6	  749.5	 1372.2	    0.0	  200.0	  742.9	 1316.0	    0.0	  200.0	  100.0	    0.0	    0.0	    0.0	    0.0	    0.0	   71.6	  1	 -450.0	  850.0	    0.0	    0.0	    0.0	1	  299.9	 21	    0.0	    5.0	
 2713	 271.30	 -496.8	 1600.5	 -106.8	  749.5	 1372.2	    0.0	  200.0	  742.9	 1316.0	    0.0	  200.0	  100.0	    0.0	    0.0	    0.0	    0.0	    0.0	   71.6	  1	 -450.0	  850.0	    0.0	    0.0	    0.0	1	  299.8	 21	    0.0	    5.0	
 2714	 271.40	 -516.8	 1530.1	 -105.7	  749.5	 1372.2	    0.0	  200.0	  742.9	 1316.0	    0.0	  200.0	  100.0	    0.0	    0.0	    0.0	    0.0	    0.0	   71.6	  1	 -450.0	  850.0	    0.0	    0.0	    0.0	1	  299.6	 21	    0.0	    5.0	
 2715	 271.50	 -534.6	 1459.5	 -104.0	  749.5	 1372.2	    0.0	  200.0	  742.9	 1316.0	    0.0	  200.0	  100.0	    0.0	    0.0	    0.0	    0.0	    0.0	   71.7	  1	 -450.0	  850.0	    0.0	    0.0	    0.0	1	  299.3	 21	    0.0	    5.0	
 2716	 271.60	 -549.5	 1389.1	 -101.8	  749.5	 1372.2	    0.0	  200.0	  742.9	 1316.0	    0.0	  200.0	  100.0	    0.0	    0.0	    0.0	    0.0	    0.0	   71.7	  1	 -450.0	  850.0	    0.0	    0.0	    0.0	1	  298.8	 21	    0.0	    5.1	
 2717	 271.70	 -560.6	 1320.8	  -99.0	  749.5	 1372.2	    0.0	  200.0	  742.9	 1316.0	    0.0	  200.0	  100.0	    0.0	    0.0	    0.0	    0.0	    0.0	   71.7	  1	 -450.0	  850.0	    0.0	    0.0	    0.0	1	  298.1	 21	    0.0	    5.1	
 2718	 271.80	 -568.0	 1249.5	  -95.5	  749.5	 1372.2	    0.0	  200.0	  742.9	 1316.0	    0.0	  200.0	  100.0	    0.0	    0.0	    0.0	    0.0	    0.0	   71.7	  1	 -550.0	 1150.0	    0.0	    0.0	    0.0	1	   96.4	 21	    0.0	    5.2	
 2719	 271.90	 -566.0	 1221.4	  -81.7	  749.5	 1372.2	    0.0	  200.0	  742.9	 1316.0	    0.0	  200.0	  100.0	    0.0	    0.0	    0.0	    0.0	    0.0	   71.7	  1	 -550.0	 1150.0	    0.0	    0.0	    0.0	1	   70.7	 21	    0.0	    5.3	
 2720	 272.00	 -565.7	 1219.6	    4.1	  749.5	 1372.2	    0.0	  200.0	  742.9	 1316.0	    0.0	  200.0	  100.0	    0.0	    0.0	    0.0	    0.0	    0.0	   71.8	  1	 -550.0	 1150.0	    0.0	    0.0	    0.0	1	   70.2	 21	    0.0	    5.4	
 2721	 272.10	 -565.7	 1219.6	    4.2	  749.5	 1372.2	    0.0	  200.0	  742.9	 1316.0	    0.0	  200.0	  100.0	    0.0	    0.0	    0.0	    0.0	    0.0	   71.8	  1	 -550.0	 1250.0	    0.0	    0.0	    0.0	1	   31.6	 21	    0.0	    5.5	
 2722	 272.20	 -565.7	 1219.6	    4.2	  749.5	 1372.2	    0.0	  200.0	  742.9	 1316.0	    0.0	  200.0	  100.0	    0.0	    0.0	    0.0	    0.0	    0.0	   71.8	  1	 -550.0	 1250.0	    0.0	    0.0	    0.0	1	   31.6	 21	    0.0	    5.6	
 2723	 272.30	 -565.7	 1219.6	    4.2	  749.5	 1372.2	    0.0	  200.0	  742.9	 1316.0	    0.0	  200.0	  100.0	    0.0	    0.0	    0.0	    0.0	    0.0	   71.8	  1	 -550.0	 1250.0	    0.0	    0.0	    0.0	1	   31.6	 21	    0.0	    5.7	
 2724	 272.40	 -565.7	 1219.6	    4.2	  749.5	 1372.2	    0.0	  200.0	  742.9	 1316.0	    0.0	  200.0	  100.0	    0.0	    0.0	    0.0	    0.0	    0.0	   71.9	  1	 -550.0	 1250.0	    0.0	    0.0	    0.0	1	   31.6	 21	    0.0	    5.8	
 2725	 272.50	 -565.7	 1219.6	    4.2	  749.5	 1372.2	    0.0	  200.0	  742.9	 1316.0	    0.0	  200.0	  100.0	    0.0	    0.0	    0.0	    0.0	    0.0	   71.9	  1	 -550.0	 1250.0	    0.0	    0.0	    0.0	1	   31.6	 21	    0.0	    5.9	
 2726	 272.60	 -565.7	 1219.6	    4.2	  749.5	 1372.2	    0.0	  200.0	  742.9	 1316.0	    0.0	  200.0	  100.0	    0.0	    0.0	    0.0	    0.0	    0.1	   72.0	  1	 -550.0	 1250.0	    0.0	    0.0	    0.1	1	   31.6	 21	    0.0	    6.0	
 2727	 272.70	 -565.7	 1219.6	    4.2	  749.5	 1372.2	    0.0	  200.0	  742.9	 1316.0	    0.0	  200.0	  100.0	    0.0	    0.0	    0.0	    0.0	    0.1	   72.0	  1	 -550.0	 1250.0	    0.0	    0.0	    0.1	1	   31.6	 21	    0.0	    6.1	
 2728	 272.80	 -565.7	 1219.6	    4.2	  749.5	 1372.2	    0.0	  200.0	  742.9	 1316.0	    0.0	  200.0	  100.0	    0.0	    0.0	    0.0	    0.0	    0.1	   72.0	  1	 -550.0	 1250.0	    0.0	    0.0	    0.1	1	   31.6	 21	    0.0	    6.2	
 2729	 272.90	 -565.7	 1219.6	    4.2	  749.5	 1372.2	    0.0	  200.0	  742.9	 1316.0	    0.0	  200.0	  100.0	    0.0	    0.0	    0.0	    0.0	    0.1	   72.1	  1	 -350.0	 1950.0	    0.0	    0.0	    0.1	1	  293.1	 21	    0.0	    6.3	
 2730	 273.00	 -567.7	 1244.3	   94.5	  749.5	 1372.2	    0.0	  200.0	  742.9	 1316.0	    0.0	  200.0	  100.0	    0.0	    0.0	    0.0	    0.0	    0.1	   72.1	  1	 -350.0	 1950.0	    0.0	    0.0	    0.1	1	  293.0	 21	    0.0	    6.4	
 2731	 273.10	 -570.6	 1311.6	   92.4	  749.5	 1372.2	    0.0	  200.0	  742.9	 1316.0	    0.0	  200.0	  100.0	    0.0	    0.0	    0.0	    0.0	    0.1	   72.1	  1	 -350.0	 1950.0	    0.0	    0.0	    0.1	1	  293.1	 21	    0.0	    6.5	
 2732	 273.20	 -567.4	 1379.7	   86.8	  749.5	 1372.2	    0.0	  200.0	  742.9	 1316.0	    0.0	  200.0	  100.0	    0.0	    0.0	    0.0	    0.0	    0.1	   72.2	  1	 -350.0	 1950.0	    0.0	    0.0	    0.1	1	  293.6	 21	    0.0	    6.5	
 2733	 273.30	 -558.2	 1446.0	   81.7	  749.5	 1372.2	    0.0	  200.0	  742.9	 1316.0	    0.0	  200.0	  100.0	    0.0	    0.0	    0.0	    0.0	    0.1	   72.2	  1	 -350.0	 1950.0	    0.0	    0.0	    0.1	1	  294.5	 21	    0.0	    6.5	
 2734	 273.40	 -543.4	 1514.6	   77.3	  749.5	 1372.2	    0.0	  200.0	  742.9	 1316.0	    0.0	  200.0	  100.0	    0.0	    0.0	    0.0	    0.0	    0.1	   72.2	  1	 -250.0	 2150.0	    0.0	    0.0	    0.1	1	  296.6	 21	    0.0	    6.5	
 2735	 273.50	 -525.3	 1584.6	   75.2	  749.5	 1372.2	    0.0	  200.0	  742.9	 1316.0	    0.0	  200.0	  100.0	    0.0	    0.0	    0.0	    0.0	    0.1	   72.2	  1	 -250.0	 2150.0	    0.0	    0.0	    0.1	1	  297.4	 21	    0.0	    6.5	
 2736	 273.60	 -503.8	 1651.7	   72.0	  749.5	 1372.2	    0.0	  200.0	  742.9	 1316.0	    0.0	  200.0	  100.0	    0.0	    0.0	    0.0	    0.0	    0.1	   72.3	  1	 -150.0	 2250.0	    0.0	    0.0	    0.1	1	  298.9	 21	    0.0	    6.4	
 2737	 273.70	 -477.9	 1715.6	   67.6	  749.5	 1372.2	    0.0	  200.0	  742.9	 1316.0	    0.0	  200.0	  100.0	    0.0	    0.0	    0.0	    0.0	    0.1	   72.3	  1	 -150.0	 2250.0	    0.0	    0.0	    0.1	1	  299.1	 21	    0.0	    6.4	
 2738	 273.80	 -448.8	 1780.8	   65.8	  749.5	 1372.2	    0.0	  200.0	  742.9	 1316.0	    0.0	  200.0	  100.0	    0.0	    0.0	    0.0	    0.0	    0.1	   72.3	  1	  150.0	 2450.0	    0.0	    0.0	    0.1	1	  300.0	 21	    0.0	    6.2	
 2739	 273.90	 -413.0	 1842.8	   59.2	  749.5	 1372.2	    0.0	  200.0	  742.9	 1316.0	    0.0	  200.0	  100.0	    0.0	    0.0	    0.0	    0.0	    0.1	   72.3	  1	  150.0	 2450.0	    0.0	    0.0	    0.1	1	  300.0	 21	    0.0	    6.1	
 2740	 274.00	 -375.6	 1904.5	   58.7	  749.5	 1372.2	    0.0	  200.0	  742.9	 1316.0	    0.0	  200.0	  100.0	    0.0	    0.0	    0.0	    0.0	    0.1	   72.3	  1	 -350.0	 1950.0	    0.0	    0.0	    0.1	1	   45.2	 21	    0.0	    6.0	
 2741	 274.10	 -372.4	 1909.6	   60.7	  749.5	 1372.2	    0.0	  200.0	  742.9	 1316.0	    0.0	  200.0	  100.0	    0.0	    0.0	    0.0	    0.0	    0.0	   72.3	  1	  150.0	 2450.0	    0.0	    0.0	    0.0	1	  299.9	 21	    0.0	    5.8	
 2742	 274.20	 -338.0	 1964.4	   57.9	  749.5	 1372.2	    0.0	  200.0	  742.9	 1316.0	    0.0	  200.0	  100.0	    0.0	    0.0	    0.0	    0.0	    0.0	   72.3	  1	  150.0	 2450.0	    0.0	    0.0	    0.0	1	  299.8	 21	    0.0	    5.6	
 2743	 274.30	 -298.0	 2026.3	   57.0	  749.5	 1372.2	    0.0	  200.0	  742.9	 1316.0	    0.0	  200.0	  100.0	    0.0	    0.0	    0.0	    0.0	    0.0	   72.3	  1	  150.0	 2450.0	    0.0	    0.0	    0.0	1	  299.7	 21	    0.0	    5.4	
 2744	 274.40	 -257.2	 2086.7	   55.8	  749.5	 1372.2	    0.0	  200.0	  742.9	 1316.0	    0.0	  200.0	  100.0	    0.0	    0.0	    0.0	    0.0	    0.0	   72.3	  1	  150.0	 2450.0	    0.0	    0.0	    0.0	1	  299.6	 21	    0.0	    5.1	
 2745	 274.50	 -215.0	 2145.4	   54.2	  749.5	 1372.2	    0.0	  200.0	  742.9	 1316.0	    0.0	  200.0	  100.0	    0.0	    0.0	    0.0	    0.0	    0.0	   72.3	  1	  150.0	 2450.0	    0.0	    0.0	    0.0	1	  299.2	 21	    0.0	    5.0	
 2746	 274.60	 -172.3	 2200.4	   52.0	  749.5	 1372.2	    0.0	  200.0	  742.9	 1316.0	    0.0	  200.0	  100.0	    0.0	    0.0	    0.0	    0.0	    0.0	   72.3	  1	  150.0	 2450.0	    0.0	    0.0	    0.0	1	  298.2	 21	    0.0	    5.0	
 2747	 274.70	 -125.4	 2254.8	   48.8	  749.5	 1372.2	    0.0	  200.0	  742.9	 1316.0	    0.0	  200.0	  100.0	    0.0	    0.0	    0.0	    0.0	    0.0	   72.3	  1	  150.0	 2450.0	    0.0	    0.0	    0.0	1	  294.4	 21	    0.0	    5.0	
 2748	 274.80	  -74.7	 2303.6	   43.2	  749.5	 1372.2	    0.0	  200.0	  742.9	 1316.0	    0.0	  200.0	  100.0	    0.0	    0.0	    0.0	    0.0	    0.0	   72.2	  1	  150.0	 2450.0	    0.0	    0.0	    0.0	1	  247.2	 21	    0.0	    5.0	
 2749	 274.90	  -27.3	 2336.5	   33.7	  749.5	 1372.2	    0.0	  200.0	  742.9	 1316.0	    0.0	  200.0	  100.0	    0.0	    0.0	    0.0	    0.0	    0.0	   72.1	  1	  150.0	 2450.0	    0.0	    0.0	    0.0	1	  193.8	 21	    0.0	    5.0	
 2750	 275.00	   10.1	 2363.1	   35.6	  749.5	 1372.2	    0.0	  200.0	  742.9	 1316.0	    0.0	  200.0	  100.0	    0.0	    0.0	    0.0	    0.0	    0.0	   72.1	  1	  150.0	 2450.0	    0.0	    0.0	    0.0	1	  151.7	 21	    0.0	    5.0	
 2751	 275.10	   41.2	 2385.3	   35.5	  749.5	 1372.2	    0.0	  200.0	  742.9	 1316.0	    0.0	  200.0	  100.0	    0.0	    0.0	    0.0	    0.0	    0.0	   72.0	  1	  150.0	 2450.0	    0.0	    0.0	    0.0	1	  117.2	 21	    0.0	    5.0	
 2752	 275.20	   65.7	 2402.1	   34.4	  749.5	 1372.2	    0.0	  200.0	  742.9	 1316.0	    0.0	  200.0	  100.0	    0.0	    0.0	    0.0	    0.0	    0.0	   71.9	  1	  150.0	 2450.0	    0.0	    0.0	    0.0	1	   90.9	 21	    0.0	    5.0	
 2753	 275.30	   84.6	 2414.2	   32.4	  749.5	 1372.2	    0.0	  200.0	  742.9	 1316.0	    0.0	  200.0	  100.0	    0.0	    0.0	    0.0	    0.0	    0.0	   71.8	  1	  150.0	 2450.0	    0.0	    0.0	    0.0	1	   72.6	 21	    0.0	    5.0	
 2754	 275.40	   86.1	 2415.2	   28.7	  749.5	 1372.2	    0.0	  200.0	  742.9	 1316.0	    0.0	  200.0	  100.0	    0.0	    0.0	    0.0	    0.0	    0.0	   71.7	  1	  150.0	 2450.0	    0.0	    0.0	    0.0	1	   64.7	 21	    0.0	    5.0	
 2755	 275.50	   86.1	 2415.2	   28.6	  749.5	 1372.2	    0.0	  200.0	  742.9	 1316.0	    0.0	  200.0	  100.0	    0.0	    0.0	    0.0	    0.0	    0.0	   71.6	  1	  150.0	 2450.0	    0.0	    0.0	    0.0	1	   64.7	 21	    0.0	    5.0	
 2756	 275.60	   86.1	 2415.2	   28.6	  749.5	 1372.2	    0.0	  200.0	  742.9	 1316.0	    0.0	  200.0	  100.0	    0.0	    0.0	    0.0	    0.0	    0.0	   71.5	  1	  150.0	 2450.0	    0.0	    0.0	    0.0	1	   64.7	 21	    0.0	    5.0	
 2757	 275.70	   86.1	 2415.2	   28.6	  749.5	 1372.2	    0.0	  200.0	  742.9	 1316.0	    0.0	  200.0	  100.0	    0.0	    0.0	    0.0	    0.0	    0.0	   71.5	  1	  150.0	 2450.0	    0.0	    0.0	    0.0	1	   64.7	 21	    0.0	    5.0	
 2758	 275.80	   86.1	 2415.2	   28.6	  749.5	 1372.2	    0.0	  200.0	  742.9	 1316.0	    0.0	  200.0	  100.0	    0.0	    0.0	    0.0	    0.0	    0.0	   71.4	  1	  150.0	 2450.0	    0.0	    0.0	    0.0	1	   64.7	 21	    0.0	    5.0	
 2759	 275.90	   86.1	 2415.2	   28.6	  749.5	 1372.2	    0.0	  200.0	  742.9	 1316.0	    0.0	  200.0	  100.0	    0.0	    0.0	    0.0	    0.0	    0.0	   71.3	  1	  150.0	 2450.0	    0.0	    0.0	    0.0	1	   64.7	 21	    0.0	    5.0	
 2760	 276.00	   86.1	 2415.2	   28.6	  749.5	 1372.2	    0.0	  200.0	  742.9	 1316.0	    0.0	  200.0	  100.0	    0.0	    0.0	    0.0	    0.0	    0.0	   71.2	  1	  150.0	 2450.0	    0.0	    0.0	    0.0	1	   64.7	 21	    0.0	    5.0	
 2761	 276.10	   86.1	 2415.2	   28.6	  749.5	 1372.2	    0.0	  200.0	  742.9	 1316.0	    0.0	  200.0	  100.0	    0.0	    0.0	    0.0	    0.0	    0.0	   71.1	  1	  150.0	 2450.0	    0.0	    0.0	    0.0	1	   64.7	 21	    0.0	    5.0	
 2762	 276.20	   86.1	 2415.2	   28.6	  749.5	 1372.2	    0.0	  200.0	  742.9	 1316.0	    0.0	  200.0	  100.0	    0.0	    0.0	    0.0	    0.0	    0.0	   71.1	  1	  150.0	 2450.0	    0.0	    0.0	    0.0	1	   64.7	 21	    0.0	    5.0	
 2763	 276.30	   86.1	 2415.2	   28.6	  749.5	 1372.2	    0.0	  200.0	  742.9	 1316.0	    0.0	  200.0	  100.0	    0.0	    0.0	    0.0	    0.0	    0.0	   71.0	  1	  150.0	 2450.0	    0.0	    0.0	    0.0	1	   64.7	 21	    0.0	    5.0	
 2764	 276.40	   86.1	 2415.2	   28.6	  749.5	 1372.2	    0.0	  200.0	  742.9	 1316.0	    0.0	  200.0	  100.0	    0.0	    0.0	    0.0	    0.0	    0.0	   70.9	  1	  150.0	 2450.0	    0.0	    0.0	    0.0	1	   64.7	 21	    0.0	    5.0	
 2765	 276.50	   86.1	 2415.2	   28.6	  749.5	 1372.2	    0.0	  200.0	  742.9	 1316.0	    0.0	  200.0	  100.0	    0.0	    0.0	    0.0	    0.0	    0.0	   70.9	  1	  150.0	 2450.0	    0.0	    0.0	    0.0	1	   64.7	 21	    0.0	    5.0	
 2766	 276.60	   86.1	 2415.2	   28.6	  749.5	 1372.2	    0.0	  200.0	  742.9	 1316.0	    0.0	  200.0	  100.0	    0.0	    0.0	    0.0	    0.0	    0.0	   70.8	  1	  150.0	 2450.0	    0.0	    0.0	    0.0	1	   64.7	 21	    0.0	    5.0	
 2767	 276.70	   86.1	 2415.2	   28.6	  749.5	 1372.2	    0.0	  200.0	  742.9	 1316.0	    0.0	  200.0	  100.0	    0.0	    0.0	    0.0	    0.0	    0.0	   70.7	  1	  150.0	 2450.0	    0.0	    0.0	    0.0	1	   64.7	 21	    0.0	    5.0	
 2768	 276.80	   86.1	 2415.2	   28.6	  749.5	 1372.2	    0.0	  200.0	  742.9	 1316.0	    0.0	  200.0	  100.0	    0.0	    0.0	    0.0	    0.0	    0.0	   70.7	  1	  150.0	 2450.0	    0.0	    0.0	    0.0	1	   64.7	 21	    0.0	    5.0	
 2769	 276.90	   86.1	 2415.2	   28.6	  749.5	 1372.2	    0.0	  200.0	  742.9	 1316.0	    0.0	  200.0	  100.0	    0.0	    0.0	    0.0	    0.0	    0.0	   70.6	  1	  150.0	 2450.0	    0.0	    0.0	    0.0	1	   64.7	 21	    0.0	    5.0	
 2770	 277.00	   86.1	 2415.2	   28.6	  749.5	 1372.2	    0.0	  200.0	  742.9	 1316.0	    0.0	  200.0	  100.0	    0.0	    0.0	    0.0	    0.0	    0.0	   70.6	  1	  150.0	 2450.0	    0.0	    0.0	    0.0	1	   64.7	 21	    0.0	    5.0	
 2771	 277.10	   86.1	 2415.2	   28.6	  749.5	 1372.2	    0.0	  200.0	  742.9	 1316.0	    0.0	  200.0	  100.0	    0.0	    0.0	    0.0	    0.0	    0.0	   70.5	  1	 -550.0	 1350.0	    0.0	    0.0	    0.0	1	  295.4	 21	    0.0	    5.0	
 2772	 277.20	   69.6	 2404.0	 -146.1	  749.5	 1372.2	    0.0	  200.0	  742.9	 1316.0	    0.0	  200.0	  100.0	    0.0	    0.0	    0.0	    0.0	    0.0	   70.5	  1	 -550.0	 1350.0	    0.0	    0.0	    0.0	1	  295.4	 21	    0.0	    5.0	
 2773	 277.30	   14.4	 2365.2	 -144.8	  749.5	 1372.2	    0.0	  200.0	  742.9	 1316.0	    0.0	  200.0	  100.0	    0.0	    0.0	    0.0	    0.0	    0.0	   70.5	  1	 -550.0	 1350.0	    0.0	    0.0	    0.0	1	  295.8	 21	    0.0	    5.0	
 2774	 277.40	  -41.4	 2319.8	 -140.4	  749.5	 1372.2	    0.0	  200.0	  742.9	 1316.0	    0.0	  200.0	  100.0	    0.0	    0.0	    0.0	    0.0	    0.0	   70.4	  1	 -550.0	 1350.0	    0.0	    0.0	    0.0	1	  296.5	 21	    0.0	    5.0	
 2775	 277.50	  -90.3	 2273.6	 -136.2	  749.5	 1372.2	    0.0	  200.0	  742.9	 1316.0	    0.0	  200.0	  100.0	    0.0	    0.0	    0.0	    0.0	    0.0	   70.4	  1	 -550.0	 1250.0	    0.0	    0.0	    0.0	1	  297.7	 21	    0.0	    5.0	
 2776	 277.60	 -138.0	 2220.5	 -131.4	  749.5	 1372.2	    0.0	  200.0	  742.9	 1316.0	    0.0	  200.0	  100.0	    0.0	    0.0	    0.0	    0.0	    0.0	   70.4	  1	 -550.0	 1250.0	    0.0	    0.0	    0.0	1	  298.3	 21	    0.0	    5.0	
 2777	 277.70	 -183.5	 2164.2	 -128.6	  749.5	 1372.2	    0.0	  200.0	  742.9	 1316.0	    0.0	  200.0	  100.0	    0.0	    0.0	    0.0	    0.0	    0.0	   70.4	  1	 -550.0	 1150.0	    0.0	    0.0	    0.0	1	  299.1	 21	    0.0	    5.0	
 2778	 277.80	 -224.4	 2106.6	 -125.1	  749.5	 1372.2	    0.0	  200.0	  742.9	 1316.0	    0.0	  200.0	  100.0	    0.0	    0.0	    0.0	    0.0	    0.0	   70.4	  1	 -550.0	 1150.0	    0.0	    0.0	    0.0	1	  299.3	 21	    0.0	    5.0	
 2779	 277.90	 -262.6	 2049.0	 -123.4	  749.5	 1372.2	    0.0	  200.0	  742.9	 1316.0	    0.0	  200.0	  100.0	    0.0	    0.0	    0.0	    0.0	    0.0	   70.3	  1	 -550.0	 1150.0	    0.0	    0.0	    0.0	1	  299.5	 21	    0.0	    5.0	
 2780	 278.00	 -301.2	 1987.2	 -121.8	  749.5	 1372.2	    0.0	  200.0	  742.9	 1316.0	    0.0	  200.0	  100.0	    0.0	    0.0	    0.0	    0.0	    0.0	   70.3	  1	 -550.0	 1050.0	    0.0	    0.0	    0.0	1	  299.7	 21	    0.0	    5.0	
 2781	 278.10	 -337.5	 1923.7	 -119.5	  749.5	 1372.2	    0.0	  200.0	  742.9	 1316.0	    0.0	  200.0	  100.0	    0.0	    0.0	    0.0	    0.0	    0.0	   70.3	  1	 -550.0	 1050.0	    0.0	    0.0	    0.0	1	  299.7	 21	    0.0	    5.0	
 2782	 278.20	 -371.6	 1860.4	 -118.2	  749.5	 1372.2	    0.0	  200.0	  742.9	 1316.0	    0.0	  200.0	  100.0	    0.0	    0.0	    0.0	    0.0	    0.0	   70.3	  1	 -550.0	 1050.0	    0.0	    0.0	    0.0	1	  299.7	 21	    0.0	    5.0	
 2783	 278.30	 -403.2	 1798.6	 -116.9	  749.5	 1372.2	    0.0	  200.0	  742.9	 1316.0	    0.0	  200.0	  100.0	    0.0	    0.0	    0.0	    0.0	    0.0	   70.3	  1	 -550.0	  950.0	    0.0	    0.0	    0.0	1	  299.8	 21	    0.0	    5.0	
 2784	 278.40	 -434.7	 1732.3	 -115.2	  749.5	 1372.2	    0.0	  200.0	  742.9	 1316.0	    0.0	  200.0	  100.0	    0.0	    0.0	    0.0	    0.0	    0.0	   70.3	  1	 -450.0	  850.0	    0.0	    0.0	    0.0	1	  299.9	 21	    0.0	    5.0	
 2785	 278.50	 -459.8	 1665.2	 -109.8	  749.5	 1372.2	    0.0	  200.0	  742.9	 1316.0	    0.0	  200.0	  100.0	    0.0	    0.0	    0.0	    0.0	    0.0	   70.3	  1	 -450.0	  850.0	    0.0	    0.0	    0.0	1	  299.8	 21	    0.0	    5.0	
 2786	 278.60	 -483.0	 1597.1	 -108.7	  749.5	 1372.2	    0.0	  200.0	  742.9	 1316.0	    0.0	  200.0	  100.0	    0.0	    0.0	    0.0	    0.0	    0.0	   70.3	  1	 -450.0	  850.0	    0.0	    0.0	    0.0	1	  299.6	 21	    0.0	    5.0	
 2787	 278.70	 -503.8	 1530.3	 -107.2	  749.5	 1372.2	    0.0	  200.0	  742.9	 1316.0	    0.0	  200.0	  100.0	    0.0	    0.0	    0.0	    0.0	    0.0	   70.2	  1	 -450.0	  850.0	    0.0	    0.0	    0.0	1	  299.5	 21	    0.0	    5.0	
 2788	 278.80	 -523.4	 1460.2	 -105.4	  749.5	 1372.2	    0.0	  200.0	  742.9	 1316.0	    0.0	  200.0	  100.0	    0.0	    0.0	    0.0	    0.0	    0.0	   70.2	  1	 -450.0	  850.0	    0.0	    0.0	    0.0	1	  299.2	 21	    0.0	    5.0	
 2789	 278.90	 -540.3	 1388.6	 -103.0	  749.5	 1372.2	    0.0	  200.0	  742.9	 1316.0	    0.0	  200.0	  100.0	    0.0	    0.0	    0.0	    0.0	    0.0	   70.2	  1	 -450.0	  850.0	    0.0	    0.0	    0.0	1	  298.7	 21	    0.0	    5.1	
 2790	 279.00	 -552.5	 1321.3	 -100.0	  749.5	 1372.2	    0.0	  200.0	  742.9	 1316.0	    0.0	  200.0	  100.0	    0.0	    0.0	    0.0	    0.0	    0.0	   70.2	  1	 -450.0	  850.0	    0.0	    0.0	    0.0	1	  298.0	 21	    0.0	    5.1	
 2791	 279.10	 -561.2	 1249.8	  -96.5	  749.5	 1372.2	    0.0	  200.0	  742.9	 1316.0	    0.0	  200.0	  100.0	    0.0	    0.0	    0.0	    0.0	    0.0	   70.2	  1	 -450.0	  850.0	    0.0	    0.0	    0.0	1	  296.4	 21	    0.0	    5.2	
 2792	 279.20	 -564.0	 1178.7	  -91.7	  749.5	 1372.2	    0.0	  200.0	  742.9	 1316.0	    0.0	  200.0	  100.0	    0.0	    0.0	    0.0	    0.0	    0.0	   70.2	  1	 -450.0	  850.0	    0.0	    0.0	    0.0	1	  292.1	 21	    0.0	    5.3	
 2793	 279.30	 -558.7	 1113.7	  -84.7	  749.5	 1372.2	    0.0	  200.0	  742.9	 1316.0	    0.0	  200.0	  100.0	    0.0	    0.0	    0.0	    0.0	    0.0	   70.1	  1	 -450.0	  850.0	    0.0	    0.0	    0.0	1	  269.9	 21	    0.0	    5.5	
 2794	 279.40	 -542.4	 1054.5	  -73.0	  749.5	 1372.2	    0.0	  200.0	  742.9	 1316.0	    0.0	  200.0	  100.0	    0.0	    0.0	    0.0	    0.0	    0.0	   70.1	  1	 -450.0	  850.0	    0.0	    0.0	    0.0	1	  202.6	 21	    0.0	    5.6	
 2795	 279.50	 -523.1	 1008.3	  -66.3	  749.5	 1372.2	    0.0	  200.0	  742.9	 1316.0	    0.0	  200.0	  100.0	    0.0	    0.0	    0.0	    0.0	    0.0	   70.1	  1	 -450.0	  850.0	    0.0	    0.0	    0.0	1	  163.1	 21	    0.0	    5.8	
 2796	 279.60	 -507.2	  971.7	  -66.6	  749.5	 1372.2	    0.0	  200.0	  742.9	 1316.0	    0.0	  200.0	  100.0	    0.0	    0.0	    0.0	    0.0	    0.1	   70.1	  1	 -450.0	  850.0	    0.0	    0.0	    0.1	1	  124.9	 21	    0.0	    6.0	
 2797	 279.70	 -495.4	  943.7	  -67.2	  749.5	 1372.2	    0.0	  200.0	  742.9	 1316.0	    0.0	  200.0	  100.0	    0.0	    0.0	    0.0	    0.0	    0.1	   70.1	  1	 -450.0	  850.0	    0.0	    0.0	    0.1	1	   92.5	 21	    0.0	    6.2	
 2798	 279.80	 -486.5	  922.0	  -67.5	  749.5	 1372.2	    0.0	  200.0	  742.9	 1316.0	    0.0	  200.0	  100.0	    0.0	    0.0	    0.0	    0.0	    0.1	   70.1	  1	 -450.0	  850.0	    0.0	    0.0	    0.1	1	   75.2	 21	    0.0	    6.4	
 2799	 279.90	 -485.4	  919.5	   17.8	  749.5	 1372.2	    0.0	  200.0	  742.9	 1316.0	    0.0	  200.0	  100.0	    0.0	    0.0	    0.0	    0.0	    0.1	   70.2	  1	 -450.0	  850.0	    0.0	    0.0	    0.1	1	   75.6	 21	    0.0	    6.6	
 2800	 280.00	 -485.4	  919.5	   17.9	  749.5	 1372.2	    0.0	  200.0	  742.9	 1316.0	    0.0	  200.0	  100.0	    0.0	    0.0	    0.0	    0.0	    0.1	   70.2	  1	 -450.0	  850.0	    0.0	    0.0	    0.1	1	   75.6	 21	    0.0	    6.8	
 2801	 280.10	 -485.4	  919.5	   17.9	  749.5	 1372.2	    0.0	  200.0	  742.9	 1316.0	    0.0	  200.0	  100.0	    0.0	    0.0	    0.0	    0.0	    0.1	   70.2	  1	 -450.0	  850.0	    0.0	    0.0	    0.1	1	   75.6	 21	    0.0	    7.0	
 2802	 280.20	 -485.4	  919.5	   17.9	  749.5	 1372.2	    0.0	  200.0	  742.9	 1316.0	    0.0	  200.0	  100.0	    0.0	    0.0	    0.0	    0.0	    0.1	   70.2	  1	 -450.0	  850.0	    0.0	    0.0	    0.1	1	   75.6	 21	    0.0	    7.1	
 2803	 280.30	 -485.4	  919.5	   17.9	  749.5	 1372.2	    0.0	  200.0	  742.9	 1316.0	    0.0	  200.0	  100.0	    0.0	    0.0	    0.0	    0.0	    0.1	   70.2	  1	 -450.0	  850.0	    0.0	    0.0	    0.1	1	   75.6	 21	    0.0	    7.3	
 2804	 280.40	 -485.4	  919.5	   17.9	  749.5	 1372.2	    0.0	  200.0	  742.9	 1316.0	    0.0	  200.0	  100.0	    0.0	    0.0	    0.0	    0.0	    0.1	   70.2	  1	 -450.0	  850.0	    0.0	    0.0	    0.1	1	   75.6	 21	    0.0	    7.5	
 2805	 280.50	 -485.4	  919.5	   17.9	  749.5	 1372.2	    0.0	  200.0	  742.9	 1316.0	    0.0	  200.0	  100.0	    0.0	    0.0	    0.0	    0.0	    0.2	   70.2	  1	 -450.0	  850.0	    0.0	    0.0	    0.2	1	   75.6	 21	    0.0	    7.6	
 2806	 280.60	 -485.4	  919.5	   17.9	  749.5	 1372.2	    0.0	  200.0	  742.9	 1316.0	    0.0	  200.0	  100.0	    0.0	    0.0	    0.0	    0.0	    0.2	   70.3	  1	 -450.0	  850.0	    0.0	    0.0	    0.2	1	   75.6	 21	    0.0	    7.8	
 2807	 280.70	 -485.4	  919.5	   17.9	  749.5	 1372.2	    0.0	  200.0	  742.9	 1316.0	    0.0	  200.0	  100.0	    0.0	    0.0	    0.0	    0.0	    0.2	   70.3	  1	 -350.0	 1950.0	    0.0	    0.0	    0.2	1	  296.3	 21	    0.0	    8.0	
 2808	 280.80	 -495.1	  938.0	  117.6	  749.5	 1372.2	    0.0	  200.0	  742.9	 1316.0	    0.0	  200.0	  100.0	    0.0	    0.0	    0.0	    0.0	    0.2	   70.3	  1	 -350.0	 1950.0	    0.0	    0.0	    0.2	1	  296.2	 21	    0.0	    8.1	
 2809	 280.90	 -524.1	  997.2	  116.1	  749.5	 1372.2	    0.0	  200.0	  742.9	 1316.0	    0.0	  200.0	  100.0	    0.0	    0.0	    0.0	    0.0	    0.2	   70.3	  1	 -350.0	 1950.0	    0.0	    0.0	    0.2	1	  295.8	 21	    0.0	    8.3	
 2810	 281.00	 -550.0	 1062.8	  110.9	  749.5	 1372.2	    0.0	  200.0	  742.9	 1316.0	    0.0	  200.0	  100.0	    0.0	    0.0	    0.0	    0.0	    0.2	   70.3	  1	 -350.0	 1950.0	    0.0	    0.0	    0.2	1	  295.1	 21	    0.0	    8.4	
 2811	 281.10	 -569.2	 1130.4	  105.1	  749.5	 1372.2	    0.0	  200.0	  742.9	 1316.0	    0.0	  200.0	  100.0	    0.0	    0.0	    0.0	    0.0	    0.2	   70.4	  1	 -350.0	 1950.0	    0.0	    0.0	    0.2	1	  294.5	 21	    0.0	    8.5	
 2812	 281.20	 -580.8	 1197.9	   99.3	  749.5	 1372.2	    0.0	  200.0	  742.9	 1316.0	    0.0	  200.0	  100.0	    0.0	    0.0	    0.0	    0.0	    0.2	   70.4	  1	 -350.0	 2050.0	    0.0	    0.0	    0.2	1	  294.3	 21	    0.0	    8.6	
 2813	 281.30	 -588.7	 1265.4	   96.5	  749.5	 1372.2	    0.0	  200.0	  742.9	 1316.0	    0.0	  200.0	  100.0	    0.0	    0.0	    0.0	    0.0	    0.2	   70.4	  1	 -350.0	 2050.0	    0.0	    0.0	    0.2	1	  294.0	 21	    0.0	    8.6	
 2814	 281.40	 -590.5	 1335.1	   90.8	  749.5	 1372.2	    0.0	  200.0	  742.9	 1316.0	    0.0	  200.0	  100.0	    0.0	    0.0	    0.0	    0.0	    0.2	   70.4	  1	 -250.0	 2150.0	    0.0	    0.0	    0.2	1	  295.7	 21	    0.0	    8.7	
 2815	 281.50	 -582.7	 1403.8	   82.5	  749.5	 1372.2	    0.0	  200.0	  742.9	 1316.0	    0.0	  200.0	  100.0	    0.0	    0.0	    0.0	    0.0	    0.2	   70.5	  1	 -250.0	 2150.0	    0.0	    0.0	    0.2	1	  296.2	 21	    0.0	    8.7	
 2816	 281.60	 -569.2	 1472.1	   78.5	  749.5	 1372.2	    0.0	  200.0	  742.9	 1316.0	    0.0	  200.0	  100.0	    0.0	    0.0	    0.0	    0.0	    0.2	   70.5	  1	 -250.0	 2150.0	    0.0	    0.0	    0.2	1	  296.9	 21	    0.0	    8.7	
 2817	 281.70	 -552.0	 1537.6	   75.0	  749.5	 1372.2	    0.0	  200.0	  742.9	 1316.0	    0.0	  200.0	  100.0	    0.0	    0.0	    0.0	    0.0	    0.2	   70.5	  1	 -250.0	 2150.0	    0.0	    0.0	    0.2	1	  297.6	 21	    0.0	    8.7	
 2818	 281.80	 -530.2	 1606.6	   72.1	  749.5	 1372.2	    0.0	  200.0	  742.9	 1316.0	    0.0	  200.0	  100.0	    0.0	    0.0	    0.0	    0.0	    0.2	   70.5	  1	 -250.0	 2150.0	    0.0	    0.0	    0.2	1	  298.3	 21	    0.0	    8.7	
 2819	 281.90	 -505.1	 1674.7	   69.4	  749.5	 1372.2	    0.0	  200.0	  742.9	 1316.0	    0.0	  200.0	  100.0	    0.0	    0.0	    0.0	    0.0	    0.2	   70.5	  1	 -250.0	 2150.0	    0.0	    0.0	    0.2	1	  298.8	 21	    0.0	    8.6	
 2820	 282.00	 -477.7	 1740.4	   67.2	  749.5	 1372.2	    0.0	  200.0	  742.9	 1316.0	    0.0	  200.0	  100.0	    0.0	    0.0	    0.0	    0.0	    0.2	   70.5	  1	 -150.0	 2250.0	    0.0	    0.0	    0.2	1	  299.5	 21	    0.0	    8.5	
 2821	 282.10	 -447.8	 1801.9	   63.7	  749.5	 1372.2	    0.0	  200.0	  742.9	 1316.0	    0.0	  200.0	  100.0	    0.0	    0.0	    0.0	    0.0	    0.2	   70.5	  1	 -250.0	 2150.0	    0.0	    0.0	    0.2	1	  299.0	 21	    0.0	    8.5	
 2822	 282.20	 -415.4	 1867.7	   63.8	  749.5	 1372.2	    0.0	  200.0	  742.9	 1316.0	    0.0	  200.0	  100.0	    0.0	    0.0	    0.0	    0.0	    0.2	   70.5	  1	 -350.0	 1950.0	    0.0	    0.0	    0.2	1	   96.5	 21	    0.0	    8.3	
 2823	 282.30	 -398.4	 1890.4	   48.5	  749.5	 1372.2	    0.0	  200.0	  742.9	 1316.0	    0.0	  200.0	  100.0	    0.0	    0.0	    0.0	    0.0	    0.2	   70.5	  1	 -350.0	 1950.0	    0.0	    0.0	    0.2	1	   69.3	 21	    0.0	    8.2	
 2824	 282.40	 -397.2	 1891.8	   50.9	  749.5	 1372.2	    0.0	  200.0	  742.9	 1316.0	    0.0	  200.0	  100.0	    0.0	    0.0	    0.0	    0.0	    0.2	   70.5	  1	 -350.0	 1950.0	    0.0	    0.0	    0.2	1	   69.3	 21	    0.0	    8.1	
 2825	 282.50	 -397.2	 1891.8	   51.0	  749.5	 1372.2	    0.0	  200.0	  742.9	 1316.0	    0.0	  200.0	  100.0	    0.0	    0.0	    0.0	    0.0	    0.2	   70.5	  1	 -350.0	 1950.0	    0.0	    0.0	    0.2	1	   69.3	 21	    0.0	    8.0	
 2826	 282.60	 -397.2	 1891.8	   51.0	  749.5	 1372.2	    0.0	  200.0	  742.9	 1316.0	    0.0	  200.0	  100.0	    0.0	    0.0	    0.0	    0.0	    0.2	   70.5	  1	 -350.0	 1950.0	    0.0	    0.0	    0.2	1	   69.3	 21	    0.0	    7.9	
 2827	 282.70	 -397.2	 1891.8	   51.0	  749.5	 1372.2	    0.0	  200.0	  742.9	 1316.0	    0.0	  200.0	  100.0	    0.0	    0.0	    0.0	    0.0	    0.2	   70.6	  1	 -350.0	 1950.0	    0.0	    0.0	    0.2	1	   69.3	 21	    0.0	    7.7	
 2828	 282.80	 -397.2	 1891.8	   51.0	  749.5	 1372.2	    0.0	  200.0	  742.9	 1316.0	    0.0	  200.0	  100.0	    0.0	    0.0	    0.0	    0.0	    0.2	   70.6	  1	 -350.0	 1950.0	    0.0	    0.0	    0.2	1	   69.3	 21	    0.0	    7.6	
 2829	 282.90	 -397.2	 1891.8	   51.0	  749.5	 1372.2	    0.0	  200.0	  742.9	 1316.0	    0.0	  200.0	  100.0	    0.0	    0.0	    0.0	    0.0	    0.1	   70.6	  1	 -350.0	 1950.0	    0.0	    0.0	    0.1	1	   69.3	 21	    0.0	    7.5	
 2830	 283.00	 -397.2	 1891.8	   51.0	  749.5	 1372.2	    0.0	  200.0	  742.9	 1316.0	    0.0	  200.0	  100.0	    0.0	    0.0	    0.0	    0.0	    0.1	   70.7	  1	 -350.0	 1950.0	    0.0	    0.0	    0.1	1	   69.3	 21	    0.0	    7.4	
 2831	 283.10	 -397.2	 1891.8	   51.0	  749.5	 1372.2	    0.0	  200.0	  742.9	 1316.0	    0.0	  200.0	  100.0	    0.0	    0.0	    0.0	    0.0	    0.1	   70.7	  1	 -350.0	 1950.0	    0.0	    0.0	    0.1	1	   69.3	 21	    0.0	    7.2	
 2832	 283.20	 -397.2	 1891.8	   51.0	  749.5	 1372.2	    0.0	  200.0	  742.9	 1316.0	    0.0	  200.0	  100.0	    0.0	    0.0	    0.0	    0.0	    0.1	   70.7	  1	 -350.0	 1950.0	    0.0	    0.0	    0.1	1	   69.3	 21	    0.0	    7.1	
 2833	 283.30	 -397.2	 1891.8	   51.0	  749.5	 1372.2	    0.0	  200.0	  742.9	 1316.0	    0.0	  200.0	  100.0	    0.0	    0.0	    0.0	    0.0	    0.1	   70.8	  1	 -350.0	 1950.0	    0.0	    0.0	    0.1	1	   69.3	 21	    0.0	    7.0	
 2834	 283.40	 -397.2	 1891.8	   51.0	  749.5	 1372.2	    0.0	  200.0	  742.9	 1316.0	    0.0	  200.0	  100.0	    0.0	    0.0	    0.0	    0.0	    0.1	   70.8	  1	 -550.0	 1050.0	    0.0	    0.0	    0.1	1	  300.0	 21	    0.0	    6.8	
 2835	 283.50	 -405.0	 1873.0	 -112.5	  749.5	 1372.2	    0.0	  200.0	  742.9	 1316.0	    0.0	  200.0	  100.0	    0.0	    0.0	    0.0	    0.0	    0.1	   70.8	  1	 -550.0	 1050.0	    0.0	    0.0	    0.1	1	  300.0	 21	    0.0	    6.7	
 2836	 283.60	 -431.5	 1808.8	 -112.4	  749.5	 1372.2	    0.0	  200.0	  742.9	 1316.0	    0.0	  200.0	  100.0	    0.0	    0.0	    0.0	    0.0	    0.1	   70.9	  1	 -450.0	  850.0	    0.0	    0.0	    0.1	1	  300.0	 21	    0.0	    6.6	
 2837	 283.70	 -453.5	 1741.8	 -107.8	  749.5	 1372.2	    0.0	  200.0	  742.9	 1316.0	    0.0	  200.0	  100.0	    0.0	    0.0	    0.0	    0.0	    0.1	   70.9	  1	 -450.0	  850.0	    0.0	    0.0	    0.1	1	  300.0	 21	    0.0	    6.5	
 2838	 283.80	 -474.8	 1674.4	 -107.6	  749.5	 1372.2	    0.0	  200.0	  742.9	 1316.0	    0.0	  200.0	  100.0	    0.0	    0.0	    0.0	    0.0	    0.1	   70.9	  1	 -450.0	  850.0	    0.0	    0.0	    0.1	1	  299.9	 21	    0.0	    6.4	
 2839	 283.90	 -496.2	 1604.3	 -106.9	  749.5	 1372.2	    0.0	  200.0	  742.9	 1316.0	    0.0	  200.0	  100.0	    0.0	    0.0	    0.0	    0.0	    0.1	   71.0	  1	 -450.0	  850.0	    0.0	    0.0	    0.1	1	  299.8	 21	    0.0	    6.4	
 2840	 284.00	 -516.3	 1533.4	 -105.7	  749.5	 1372.2	    0.0	  200.0	  742.9	 1316.0	    0.0	  200.0	  100.0	    0.0	    0.0	    0.0	    0.0	    0.1	   71.0	  1	 -450.0	  850.0	    0.0	    0.0	    0.1	1	  299.6	 21	    0.0	    6.4	
 2841	 284.10	 -533.8	 1463.8	 -104.0	  749.5	 1372.2	    0.0	  200.0	  742.9	 1316.0	    0.0	  200.0	  100.0	    0.0	    0.0	    0.0	    0.0	    0.1	   71.0	  1	 -450.0	  850.0	    0.0	    0.0	    0.1	1	  299.3	 21	    0.0	    6.4	
 2842	 284.20	 -548.3	 1396.4	 -101.9	  749.5	 1372.2	    0.0	  200.0	  742.9	 1316.0	    0.0	  200.0	  100.0	    0.0	    0.0	    0.0	    0.0	    0.1	   71.0	  1	 -450.0	  850.0	    0.0	    0.0	    0.1	1	  298.9	 21	    0.0	    6.4	
 2843	 284.30	 -560.1	 1326.3	  -99.3	  749.5	 1372.2	    0.0	  200.0	  742.9	 1316.0	    0.0	  200.0	  100.0	    0.0	    0.0	    0.0	    0.0	    0.1	   71.0	  1	 -450.0	  850.0	    0.0	    0.0	    0.1	1	  298.2	 21	    0.0	    6.5	
 2844	 284.40	 -567.9	 1254.5	  -95.8	  749.5	 1372.2	    0.0	  200.0	  742.9	 1316.0	    0.0	  200.0	  100.0	    0.0	    0.0	    0.0	    0.0	    0.1	   71.0	  1	 -550.0	 1250.0	    0.0	    0.0	    0.1	1	   16.3	 21	    0.0	    6.6	
 2845	 284.50	 -568.5	 1248.7	    2.7	  749.5	 1372.2	    0.0	  200.0	  742.9	 1316.0	    0.0	  200.0	  100.0	    0.0	    0.0	    0.0	    0.0	    0.1	   71.1	  1	 -550.0	 1250.0	    0.0	    0.0	    0.1	1	   18.3	 21	    0.0	    6.7	
 2846	 284.60	 -568.5	 1248.7	    2.9	  749.5	 1372.2	    0.0	  200.0	  742.9	 1316.0	    0.0	  200.0	  100.0	    0.0	    0.0	    0.0	    0.0	    0.1	   71.1	  1	 -550.0	 1250.0	    0.0	    0.0	    0.1	1	   18.3	 21	    0.0	    6.7	
 2847	 284.70	 -568.5	 1248.7	    2.9	  749.5	 1372.2	    0.0	  200.0	  742.9	 1316.0	    0.0	  200.0	  100.0	    0.0	    0.0	    0.0	    0.0	    0.1	   71.1	  1	 -550.0	 1250.0	    0.0	    0.0	    0.1	1	   18.3	 21	    0.0	    6.8	
 2848	 284.80	 -568.5	 1248.7	    2.9	  749.5	 1372.2	    0.0	  200.0	  742.9	 1316.0	    0.0	  200.0	  100.0	    0.0	    0.0	    0.0	    0.0	    0.1	   71.1	  1	 -550.0	 1250.0	    0.0	    0.0	    0.1	1	   18.3	 21	    0.0	    6.9	
 2849	 284.90	 -568.5	 1248.7	    2.9	  749.5	 1372.2	    0.0	  200.0	  742.9	 1316.0	    0.0	  200.0	  100.0	    0.0	    0.0	    0.0	    0.0	    0.1	   71.2	  1	 -550.0	 1250.0	    0.0	    0.0	    0.1	1	   18.3	 21	    0.0	    7.0	
 2850	 285.00	 -568.5	 1248.7	    2.9	  749.5	 1372.2	    0.0	  200.0	  742.9	 1316.0	    0.0	  200.0	  100.0	    0.0	    0.0	    0.0	    0.0	    0.1	   71.2	  1	 -550.0	 1250.0	    0.0	    0.0	    0.1	1	   18.3	 21	    0.0	    7.1	
 2851	 285.10	 -568.5	 1248.7	    2.9	  749.5	 1372.2	    0.0	  200.0	  742.9	 1316.0	    0.0	  200.0	  100.0	    0.0	    0.0	    0.0	    0.0	    0.1	   71.2	  1	 -550.0	 1250.0	    0.0	    0.0	    0.1	1	   18.3	 21	    0.0	    7.1	
 2852	 285.20	 -568.5	 1248.7	    2.9	  749.5	 1372.2	    0.0	  200.0	  742.9	 1316.0	    0.0	  200.0	  100.0	    0.0	    0.0	    0.0	    0.0	    0.1	   71.3	  1	 -550.0	 1250.0	    0.0	    0.0	    0.1	1	   18.3	 21	    0.0	    7.2	
 2853	 285.30	 -568.5	 1248.7	    2.9	  749.5	 1372.2	    0.0	  200.0	  742.9	 1316.0	    0.0	  200.0	  100.0	    0.0	    0.0	    0.0	    0.0	    0.1	   71.3	  1	 -550.0	 1250.0	    0.0	    0.0	    0.1	1	   18.3	 21	    0.0	    7.3	
 2854	 285.40	 -568.5	 1248.7	    2.9	  749.5	 1372.2	    0.0	  200.0	  742.9	 1316.0	    0.0	  200.0	  100.0	    0.0	    0.0	    0.0	    0.0	    0.1	   71.4	  1	 -550.0	 1250.0	    0.0	    0.0	    0.1	1	   18.3	 21	    0.0	    7.4	
 2855	 285.50	 -568.5	 1248.7	    2.9	  749.5	 1372.2	    0.0	  200.0	  742.9	 1316.0	    0.0	  200.0	  100.0	    0.0	    0.0	    0.0	    0.0	    0.1	   71.4	  1	 -550.0	 1250.0	    0.0	    0.0	    0.1	1	   18.3	 21	    0.0	    7.4	
 2856	 285.60	 -568.5	 1248.7	    2.9	  749.5	 1372.2	    0.0	  200.0	  742.9	 1316.0	    0.0	  200.0	  100.0	    0.0	    0.0	    0.0	    0.0	    0.1	   71.4	  1	 -350.0	 1950.0	    0.0	    0.0	    0.1	1	  293.1	 21	    0.0	    7.5	
 2857	 285.70	 -569.4	 1274.4	   92.0	  749.5	 1372.2	    0.0	  200.0	  742.9	 1316.0	    0.0	  200.0	  100.0	    0.0	    0.0	    0.0	    0.0	    0.1	   71.5	  1	 -350.0	 1950.0	    0.0	    0.0	    0.1	1	  293.0	 21	    0.0	    7.6	
 2858	 285.80	 -569.5	 1339.2	   90.0	  749.5	 1372.2	    0.0	  200.0	  742.9	 1316.0	    0.0	  200.0	  100.0	    0.0	    0.0	    0.0	    0.0	    0.2	   71.5	  1	 -350.0	 1950.0	    0.0	    0.0	    0.2	1	  293.2	 21	    0.0	    7.6	
 2859	 285.90	 -563.9	 1408.2	   84.7	  749.5	 1372.2	    0.0	  200.0	  742.9	 1316.0	    0.0	  200.0	  100.0	    0.0	    0.0	    0.0	    0.0	    0.2	   71.5	  1	 -350.0	 1950.0	    0.0	    0.0	    0.2	1	  294.0	 21	    0.0	    7.6	
 2860	 286.00	 -552.0	 1478.0	   79.7	  749.5	 1372.2	    0.0	  200.0	  742.9	 1316.0	    0.0	  200.0	  100.0	    0.0	    0.0	    0.0	    0.0	    0.2	   71.6	  1	 -350.0	 2050.0	    0.0	    0.0	    0.2	1	  294.5	 21	    0.0	    7.7	
 2861	 286.10	 -539.5	 1548.0	   79.8	  749.5	 1372.2	    0.0	  200.0	  742.9	 1316.0	    0.0	  200.0	  100.0	    0.0	    0.0	    0.0	    0.0	    0.2	   71.6	  1	 -350.0	 2050.0	    0.0	    0.0	    0.2	1	  295.8	 21	    0.0	    7.6	
 2862	 286.20	 -523.3	 1613.4	   75.8	  749.5	 1372.2	    0.0	  200.0	  742.9	 1316.0	    0.0	  200.0	  100.0	    0.0	    0.0	    0.0	    0.0	    0.1	   71.6	  1	 -250.0	 2150.0	    0.0	    0.0	    0.1	1	  298.1	 21	    0.0	    7.6	
 2863	 286.30	 -500.0	 1679.2	   69.7	  749.5	 1372.2	    0.0	  200.0	  742.9	 1316.0	    0.0	  200.0	  100.0	    0.0	    0.0	    0.0	    0.0	    0.1	   71.6	  1	 -250.0	 2150.0	    0.0	    0.0	    0.1	1	  298.6	 21	    0.0	    7.5	
 2864	 286.40	 -473.2	 1744.9	   67.5	  749.5	 1372.2	    0.0	  200.0	  742.9	 1316.0	    0.0	  200.0	  100.0	    0.0	    0.0	    0.0	    0.0	    0.1	   71.6	  1	 -250.0	 2150.0	    0.0	    0.0	    0.1	1	  298.9	 21	    0.0	    7.5	
 2865	 286.50	 -443.8	 1810.0	   65.5	  749.5	 1372.2	    0.0	  200.0	  742.9	 1316.0	    0.0	  200.0	  100.0	    0.0	    0.0	    0.0	    0.0	    0.1	   71.6	  1	 -450.0	 1850.0	    0.0	    0.0	    0.1	1	   36.0	 21	    0.0	    7.4	
 2866	 286.60	 -441.4	 1815.3	   98.8	  749.5	 1372.2	    0.0	  200.0	  742.9	 1316.0	    0.0	  200.0	  100.0	    0.0	    0.0	    0.0	    0.0	    0.1	   71.7	  1	 -450.0	 1850.0	    0.0	    0.0	    0.1	1	   35.8	 21	    0.0	    7.3	
 2867	 286.70	 -441.4	 1815.3	  104.0	  749.5	 1372.2	    0.0	  200.0	  742.9	 1316.0	    0.0	  200.0	  100.0	    0.0	    0.0	    0.0	    0.0	    0.1	   71.7	  1	 -450.0	 1850.0	    0.0	    0.0	    0.1	1	   35.8	 21	    0.0	    7.2	
 2868	 286.80	 -441.4	 1815.3	  104.0	  749.5	 1372.2	    0.0	  200.0	  742.9	 1316.0	    0.0	  200.0	  100.0	    0.0	    0.0	    0.0	    0.0	    0.1	   71.7	  1	 -450.0	 1850.0	    0.0	    0.0	    0.1	1	   35.8	 21	    0.0	    7.1	
 2869	 286.90	 -441.4	 1815.3	  104.0	  749.5	 1372.2	    0.0	  200.0	  742.9	 1316.0	    0.0	  200.0	  100.0	    0.0	    0.0	    0.0	    0.0	    0.1	   71.7	  1	 -450.0	 1850.0	    0.0	    0.0	    0.1	1	   35.8	 21	    0.0	    6.9	
 2870	 287.00	 -441.4	 1815.3	  104.0	  749.5	 1372.2	    0.0	  200.0	  742.9	 1316.0	    0.0	  200.0	  100.0	    0.0	    0.0	    0.0	    0.0	    0.1	   71.8	  1	 -450.0	 1850.0	    0.0	    0.0	    0.1	1	   35.8	 21	    0.0	    6.8	
 2871	 287.10	 -441.4	 1815.3	  104.0	  749.5	 1372.2	    0.0	  200.0	  742.9	 1316.0	    0.0	  200.0	  100.0	    0.0	    0.0	    0.0	    0.0	    0.1	   71.8	  1	 -450.0	 1850.0	    0.0	    0.0	    0.1	1	   35.8	 21	    0.0	    6.7	
 2872	 287.20	 -441.4	 1815.3	  104.0	  749.5	 1372.2	    0.0	  200.0	  742.9	 1316.0	    0.0	  200.0	  100.0	    0.0	    0.0	    0.0	    0.0	    0.1	   71.8	  1	 -450.0	 1850.0	    0.0	    0.0	    0.1	1	   35.8	 21	    0.0	    6.6	
 2873	 287.30	 -441.4	 1815.3	  104.0	  749.5	 1372.2	    0.0	  200.0	  742.9	 1316.0	    0.0	  200.0	  100.0	    0.0	    0.0	    0.0	    0.0	    0.1	   71.9	  1	 -450.0	 1850.0	    0.0	    0.0	    0.1	1	   35.8	 21	    0.0	    6.5	
 2874	 287.40	 -441.4	 1815.3	  104.0	  749.5	 1372.2	    0.0	  200.0	  742.9	 1316.0	    0.0	  200.0	  100.0	    0.0	    0.0	    0.0	    0.0	    0.1	   71.9	  1	 -450.0	 1850.0	    0.0	    0.0	    0.1	1	   35.8	 21	    0.0	    6.4	
 2875	 287.50	 -441.4	 1815.3	  104.0	  749.5	 1372.2	    0.0	  200.0	  742.9	 1316.0	    0.0	  200.0	  100.0	    0.0	    0.0	    0.0	    0.0	    0.1	   71.9	  1	 -450.0	 1850.0	    0.0	    0.0	    0.1	1	   35.8	 21	    0.0	    6.3	
 2876	 287.60	 -441.4	 1815.3	  104.0	  749.5	 1372.2	    0.0	  200.0	  742.9	 1316.0	    0.0	  200.0	  100.0	    0.0	    0.0	    0.0	    0.0	    0.1	   72.0	  1	 -450.0	 1850.0	    0.0	    0.0	    0.1	1	   35.8	 21	    0.0	    6.2	
 2877	 287.70	 -441.4	 1815.3	  104.0	  749.5	 1372.2	    0.0	  200.0	  742.9	 1316.0	    0.0	  200.0	  100.0	    0.0	    0.0	    0.0	    0.0	    0.1	   72.0	  1	 -450.0	 1850.0	    0.0	    0.0	    0.1	1	   35.8	 21	    0.0	    6.0	
 2878	 287.80	 -441.4	 1815.3	  104.0	  749.5	 1372.2	    0.0	  200.0	  742.9	 1316.0	    0.0	  200.0	  100.0	    0.0	    0.0	    0.0	    0.0	    0.0	   72.1	  1	 -450.0	  850.0	    0.0	    0.0	    0.0	1	  299.9	 21	    0.0	    5.9	
 2879	 287.90	 -447.0	 1796.2	 -106.5	  749.5	 1372.2	    0.0	  200.0	  742.9	 1316.0	    0.0	  200.0	  100.0	    0.0	    0.0	    0.0	    0.0	    0.0	   72.1	  1	 -450.0	  850.0	    0.0	    0.0	    0.0	1	  300.0	 21	    0.0	    5.8	
 2880	 288.00	 -466.6	 1730.3	 -106.6	  749.5	 1372.2	    0.0	  200.0	  742.9	 1316.0	    0.0	  200.0	  100.0	    0.0	    0.0	    0.0	    0.0	    0.0	   72.1	  1	 -450.0	  850.0	    0.0	    0.0	    0.0	1	  300.0	 21	    0.0	    5.7	
 2881	 288.10	 -487.7	 1658.9	 -106.4	  749.5	 1372.2	    0.0	  200.0	  742.9	 1316.0	    0.0	  200.0	  100.0	    0.0	    0.0	    0.0	    0.0	    0.0	   72.2	  1	 -450.0	  850.0	    0.0	    0.0	    0.0	1	  299.9	 21	    0.0	    5.6	
 2882	 288.20	 -507.4	 1589.3	 -105.8	  749.5	 1372.2	    0.0	  200.0	  742.9	 1316.0	    0.0	  200.0	  100.0	    0.0	    0.0	    0.0	    0.0	    0.0	   72.2	  1	 -450.0	  850.0	    0.0	    0.0	    0.0	1	  299.8	 21	    0.0	    5.6	
 2883	 288.30	 -525.9	 1519.1	 -104.6	  749.5	 1372.2	    0.0	  200.0	  742.9	 1316.0	    0.0	  200.0	  100.0	    0.0	    0.0	    0.0	    0.0	    0.0	   72.2	  1	 -450.0	  850.0	    0.0	    0.0	    0.0	1	  299.6	 21	    0.0	    5.6	
 2884	 288.40	 -541.8	 1451.0	 -103.0	  749.5	 1372.2	    0.0	  200.0	  742.9	 1316.0	    0.0	  200.0	  100.0	    0.0	    0.0	    0.0	    0.0	    0.0	   72.2	  1	 -450.0	  850.0	    0.0	    0.0	    0.0	1	  299.3	 21	    0.0	    5.6	
 2885	 288.50	 -556.0	 1378.7	 -100.9	  749.5	 1372.2	    0.0	  200.0	  742.9	 1316.0	    0.0	  200.0	  100.0	    0.0	    0.0	    0.0	    0.0	    0.0	   72.2	  1	 -450.0	  850.0	    0.0	    0.0	    0.0	1	  298.8	 21	    0.0	    5.7	
 2886	 288.60	 -566.2	 1308.5	  -98.0	  749.5	 1372.2	    0.0	  200.0	  742.9	 1316.0	    0.0	  200.0	  100.0	    0.0	    0.0	    0.0	    0.0	    0.0	   72.3	  1	 -450.0	  850.0	    0.0	    0.0	    0.0	1	  298.0	 21	    0.0	    5.7	
 2887	 288.70	 -571.7	 1240.8	  -94.4	  749.5	 1372.2	    0.0	  200.0	  742.9	 1316.0	    0.0	  200.0	  100.0	    0.0	    0.0	    0.0	    0.0	    0.0	   72.3	  1	 -550.0	 1150.0	    0.0	    0.0	    0.0	1	   88.4	 21	    0.0	    5.8	
 2888	 288.80	 -572.4	 1231.3	    3.3	  749.5	 1372.2	    0.0	  200.0	  742.9	 1316.0	    0.0	  200.0	  100.0	    0.0	    0.0	    0.0	    0.0	    0.0	   72.3	  1	 -550.0	 1150.0	    0.0	    0.0	    0.0	1	   80.0	 21	    0.0	    5.9	
 2889	 288.90	 -572.4	 1231.3	    3.7	  749.5	 1372.2	    0.0	  200.0	  742.9	 1316.0	    0.0	  200.0	  100.0	    0.0	    0.0	    0.0	    0.0	    0.1	   72.3	  1	 -550.0	 1250.0	    0.0	    0.0	    0.1	1	   21.9	 21	    0.0	    6.0	
 2890	 289.00	 -572.4	 1231.3	    3.7	  749.5	 1372.2	    0.0	  200.0	  742.9	 1316.0	    0.0	  200.0	  100.0	    0.0	    0.0	    0.0	    0.0	    0.1	   72.4	  1	 -550.0	 1250.0	    0.0	    0.0	    0.1	1	   21.9	 21	    0.0	    6.1	
 2891	 289.10	 -572.4	 1231.3	    3.7	  749.5	 1372.2	    0.0	  200.0	  742.9	 1316.0	    0.0	  200.0	  100.0	    0.0	    0.0	    0.0	    0.0	    0.1	   72.4	  1	 -550.0	 1250.0	    0.0	    0.0	    0.1	1	   21.9	 21	    0.0	    6.2	
 2892	 289.20	 -572.4	 1231.3	    3.7	  749.5	 1372.2	    0.0	  200.0	  742.9	 1316.0	    0.0	  200.0	  100.0	    0.0	    0.0	    0.0	    0.0	    0.1	   72.4	  1	 -550.0	 1250.0	    0.0	    0.0	    0.1	1	   21.9	 21	    0.0	    6.3	
 2893	 289.30	 -572.4	 1231.3	    3.7	  749.5	 1372.2	    0.0	  200.0	  742.9	 1316.0	    0.0	  200.0	  100.0	    0.0	    0.0	    0.0	    0.0	    0.1	   72.5	  1	 -550.0	 1250.0	    0.0	    0.0	    0.1	1	   21.9	 21	    0.0	    6.4	
 2894	 289.40	 -572.4	 1231.3	    3.7	  749.5	 1372.2	    0.0	  200.0	  742.9	 1316.0	    0.0	  200.0	  100.0	    0.0	    0.0	    0.0	    0.0	    0.1	   72.5	  1	 -550.0	 1250.0	    0.0	    0.0	    0.1	1	   21.9	 21	    0.0	    6.5	
 2895	 289.50	 -572.4	 1231.3	    3.7	  749.5	 1372.2	    0.0	  200.0	  742.9	 1316.0	    0.0	  200.0	  100.0	    0.0	    0.0	    0.0	    0.0	    0.1	   72.5	  1	 -550.0	 1250.0	    0.0	    0.0	    0.1	1	   21.9	 21	    0.0	    6.6	
 2896	 289.60	 -572.4	 1231.3	    3.7	  749.5	 1372.2	    0.0	  200.0	  742.9	 1316.0	    0.0	  200.0	  100.0	    0.0	    0.0	    0.0	    0.0	    0.1	   72.6	  1	 -550.0	 1250.0	    0.0	    0.0	    0.1	1	   21.9	 21	    0.0	    6.6	
 2897	 289.70	 -572.4	 1231.3	    3.7	  749.5	 1372.2	    0.0	  200.0	  742.9	 1316.0	    0.0	  200.0	  100.0	    0.0	    0.0	    0.0	    0.0	    0.1	   72.6	  1	 -550.0	 1250.0	    0.0	    0.0	    0.1	1	   21.9	 21	    0.0	    6.7	
 2898	 289.80	 -572.4	 1231.3	    3.7	  749.5	 1372.2	    0.0	  200.0	  742.9	 1316.0	    0.0	  200.0	  100.0	    0.0	    0.0	    0.0	    0.0	    0.1	   72.6	  1	 -350.0	 1950.0	    0.0	    0.0	    0.1	1	  293.3	 21	    0.0	    6.8	
 2899	 289.90	 -573.6	 1256.3	   92.6	  749.5	 1372.2	    0.0	  200.0	  742.9	 1316.0	    0.0	  200.0	  100.0	    0.0	    0.0	    0.0	    0.0	    0.1	   72.7	  1	 -350.0	 1950.0	    0.0	    0.0	    0.1	1	  293.2	 21	    0.0	    6.9	
 2900	 290.00	 -574.5	 1323.3	   90.7	  749.5	 1372.2	    0.0	  200.0	  742.9	 1316.0	    0.0	  200.0	  100.0	    0.0	    0.0	    0.0	    0.0	    0.1	   72.7	  1	 -350.0	 1950.0	    0.0	    0.0	    0.1	1	  293.4	 21	    0.0	    6.9	
 2901	 290.10	 -569.4	 1391.9	   85.3	  749.5	 1372.2	    0.0	  200.0	  742.9	 1316.0	    0.0	  200.0	  100.0	    0.0	    0.0	    0.0	    0.0	    0.1	   72.8	  1	 -350.0	 1950.0	    0.0	    0.0	    0.1	1	  294.1	 21	    0.0	    7.0	
 2902	 290.20	 -558.2	 1460.3	   80.4	  749.5	 1372.2	    0.0	  200.0	  742.9	 1316.0	    0.0	  200.0	  100.0	    0.0	    0.0	    0.0	    0.0	    0.1	   72.8	  1	 -350.0	 1950.0	    0.0	    0.0	    0.1	1	  294.9	 21	    0.0	    7.0	
 2903	 290.30	 -542.4	 1525.9	   76.1	  749.5	 1372.2	    0.0	  200.0	  742.9	 1316.0	    0.0	  200.0	  100.0	    0.0	    0.0	    0.0	    0.0	    0.1	   72.8	  1	 -350.0	 2050.0	    0.0	    0.0	    0.1	1	  295.3	 21	    0.0	    7.0	
 2904	 290.40	 -526.4	 1596.0	   77.3	  749.5	 1372.2	    0.0	  200.0	  742.9	 1316.0	    0.0	  200.0	  100.0	    0.0	    0.0	    0.0	    0.0	    0.1	   72.8	  1	 -250.0	 2150.0	    0.0	    0.0	    0.1	1	  297.8	 21	    0.0	    7.0	
 2905	 290.50	 -504.2	 1661.9	   70.8	  749.5	 1372.2	    0.0	  200.0	  742.9	 1316.0	    0.0	  200.0	  100.0	    0.0	    0.0	    0.0	    0.0	    0.1	   72.8	  1	 -250.0	 2150.0	    0.0	    0.0	    0.1	1	  298.4	 21	    0.0	    6.9	
 2906	 290.60	 -478.1	 1728.6	   68.4	  749.5	 1372.2	    0.0	  200.0	  742.9	 1316.0	    0.0	  200.0	  100.0	    0.0	    0.0	    0.0	    0.0	    0.1	   72.8	  1	 -250.0	 2150.0	    0.0	    0.0	    0.1	1	  298.8	 21	    0.0	    6.8	
 2907	 290.70	 -450.4	 1792.2	   66.3	  749.5	 1372.2	    0.0	  200.0	  742.9	 1316.0	    0.0	  200.0	  100.0	    0.0	    0.0	    0.0	    0.0	    0.1	   72.9	  1	 -350.0	 1950.0	    0.0	    0.0	    0.1	1	  171.3	 21	    0.0	    6.7	
 2908	 290.80	 -428.1	 1830.1	   57.8	  749.5	 1372.2	    0.0	  200.0	  742.9	 1316.0	    0.0	  200.0	  100.0	    0.0	    0.0	    0.0	    0.0	    0.1	   72.9	  1	 -450.0	 1850.0	    0.0	    0.0	    0.1	1	   27.3	 21	    0.0	    6.6	
 2909	 290.90	 -426.4	 1832.8	  137.7	  749.5	 1372.2	    0.0	  200.0	  742.9	 1316.0	    0.0	  200.0	  100.0	    0.0	    0.0	    0.0	    0.0	    0.1	   72.9	  1	 -450.0	 1850.0	    0.0	    0.0	    0.1	1	   27.4	 21	    0.0	    6.5	
 2910	 291.00	 -426.4	 1832.8	  143.9	  749.5	 1372.2	    0.0	  200.0	  742.9	 1316.0	    0.0	  200.0	  100.0	    0.0	    0.0	    0.0	    0.0	    0.1	   72.9	  1	 -450.0	 1850.0	    0.0	    0.0	    0.1	1	   27.4	 21	    0.0	    6.4	
 2911	 291.10	 -426.4	 1832.8	  143.9	  749.5	 1372.2	    0.0	  200.0	  742.9	 1316.0	    0.0	  200.0	  100.0	    0.0	    0.0	    0.0	    0.0	    0.1	   72.9	  1	 -450.0	 1850.0	    0.0	    0.0	    0.1	1	   27.4	 21	    0.0	    6.2	
 2912	 291.20	 -426.4	 1832.8	  143.9	  749.5	 1372.2	    0.0	  200.0	  742.9	 1316.0	    0.0	  200.0	  100.0	    0.0	    0.0	    0.0	    0.0	    0.1	   73.0	  1	 -450.0	 1850.0	    0.0	    0.0	    0.1	1	   27.4	 21	    0.0	    6.1	
 2913	 291.30	 -426.4	 1832.8	  143.9	  749.5	 1372.2	    0.0	  200.0	  742.9	 1316.0	    0.0	  200.0	  100.0	    0.0	    0.0	    0.0	    0.0	    0.1	   73.0	  1	 -450.0	 1850.0	    0.0	    0.0	    0.1	1	   27.4	 21	    0.0	    6.0	
 2914	 291.40	 -426.4	 1832.8	  143.9	  749.5	 1372.2	    0.0	  200.0	  742.9	 1316.0	    0.0	  200.0	  100.0	    0.0	    0.0	    0.0	    0.0	    0.0	   73.0	  1	 -450.0	 1850.0	    0.0	    0.0	    0.0	1	   27.4	 21	    0.0	    5.9	
 2915	 291.50	 -426.4	 1832.8	  143.9	  749.5	 1372.2	    0.0	  200.0	  742.9	 1316.0	    0.0	  200.0	  100.0	    0.0	    0.0	    0.0	    0.0	    0.0	   73.1	  1	 -450.0	 1850.0	    0.0	    0.0	    0.0	1	   27.4	 21	    0.0	    5.7	
 2916	 291.60	 -426.4	 1832.8	  143.9	  749.5	 1372.2	    0.0	  200.0	  742.9	 1316.0	    0.0	  200.0	  100.0	    0.0	    0.0	    0.0	    0.0	    0.0	   73.1	  1	 -450.0	 1850.0	    0.0	    0.0	    0.0	1	   27.4	 21	    0.0	    5.6	
 2917	 291.70	 -426.4	 1832.8	  143.9	  749.5	 1372.2	    0.0	  200.0	  742.9	 1316.0	    0.0	  200.0	  100.0	    0.0	    0.0	    0.0	    0.0	    0.0	   73.1	  1	 -450.0	 1850.0	    0.0	    0.0	    0.0	1	   27.4	 21	    0.0	    5.5	
 2918	 291.80	 -426.4	 1832.8	  143.9	  749.5	 1372.2	    0.0	  200.0	  742.9	 1316.0	    0.0	  200.0	  100.0	    0.0	    0.0	    0.0	    0.0	    0.0	   73.2	  1	 -450.0	 1850.0	    0.0	    0.0	    0.0	1	   27.4	 21	    0.0	    5.3	
 2919	 291.90	 -426.4	 1832.8	  143.9	  749.5	 1372.2	    0.0	  200.0	  742.9	 1316.0	    0.0	  200.0	  100.0	    0.0	    0.0	    0.0	    0.0	    0.0	   73.2	  1	 -450.0	 1850.0	    0.0	    0.0	    0.0	1	   27.4	 21	    0.0	    5.2	
 2920	 292.00	 -426.4	 1832.8	  143.9	  749.5	 1372.2	    0.0	  200.0	  742.9	 1316.0	    0.0	  200.0	  100.0	    0.0	    0.0	    0.0	    0.0	    0.0	   73.3	  1	 -450.0	  850.0	    0.0	    0.0	    0.0	1	  300.0	 21	    0.0	    5.0	
 2921	 292.10	 -432.6	 1813.2	 -107.5	  749.5	 1372.2	    0.0	  200.0	  742.9	 1316.0	    0.0	  200.0	  100.0	    0.0	    0.0	    0.0	    0.0	    0.0	   73.3	  1	 -450.0	  850.0	    0.0	    0.0	    0.0	1	  300.0	 21	    0.0	    5.0	
 2922	 292.20	 -453.5	 1747.1	 -107.6	  749.5	 1372.2	    0.0	  200.0	  742.9	 1316.0	    0.0	  200.0	  100.0	    0.0	    0.0	    0.0	    0.0	    0.0	   73.3	  1	 -450.0	  850.0	    0.0	    0.0	    0.0	1	  300.0	 21	    0.0	    5.0	
 2923	 292.30	 -474.7	 1679.6	 -107.4	  749.5	 1372.2	    0.0	  200.0	  742.9	 1316.0	    0.0	  200.0	  100.0	    0.0	    0.0	    0.0	    0.0	    0.0	   73.4	  1	 -450.0	  850.0	    0.0	    0.0	    0.0	1	  299.9	 21	    0.0	    5.0	
 2924	 292.40	 -496.0	 1609.2	 -106.8	  749.5	 1372.2	    0.0	  200.0	  742.9	 1316.0	    0.0	  200.0	  100.0	    0.0	    0.0	    0.0	    0.0	    0.0	   73.4	  1	 -450.0	  850.0	    0.0	    0.0	    0.0	1	  299.8	 21	    0.0	    5.0	
 2925	 292.50	 -516.0	 1538.3	 -105.6	  749.5	 1372.2	    0.0	  200.0	  742.9	 1316.0	    0.0	  200.0	  100.0	    0.0	    0.0	    0.0	    0.0	    0.0	   73.4	  1	 -450.0	  850.0	    0.0	    0.0	    0.0	1	  299.6	 21	    0.0	    5.0	
 2926	 292.60	 -533.6	 1468.7	 -104.0	  749.5	 1372.2	    0.0	  200.0	  742.9	 1316.0	    0.0	  200.0	  100.0	    0.0	    0.0	    0.0	    0.0	    0.0	   73.4	  1	 -450.0	  850.0	    0.0	    0.0	    0.0	1	  299.3	 21	    0.0	    5.0	
 2927	 292.70	 -548.1	 1401.2	 -102.0	  749.5	 1372.2	    0.0	  200.0	  742.9	 1316.0	    0.0	  200.0	  100.0	    0.0	    0.0	    0.0	    0.0	    0.0	   73.4	  1	 -450.0	  850.0	    0.0	    0.0	    0.0	1	  298.9	 21	    0.0	    5.0	
 2928	 292.80	 -560.2	 1330.6	  -99.4	  749.5	 1372.2	    0.0	  200.0	  742.9	 1316.0	    0.0	  200.0	  100.0	    0.0	    0.0	    0.0	    0.0	    0.0	   73.5	  1	 -450.0	  850.0	    0.0	    0.0	    0.0	1	  298.2	 21	    0.0	    5.1	
 2929	 292.90	 -568.3	 1258.3	  -96.0	  749.5	 1372.2	    0.0	  200.0	  742.9	 1316.0	    0.0	  200.0	  100.0	    0.0	    0.0	    0.0	    0.0	    0.0	   73.5	  1	 -450.0	  850.0	    0.0	    0.0	    0.0	1	  296.8	 21	    0.0	    5.2	
 2930	 293.00	 -570.4	 1188.7	  -91.4	  749.5	 1372.2	    0.0	  200.0	  742.9	 1316.0	    0.0	  200.0	  100.0	    0.0	    0.0	    0.0	    0.0	    0.0	   73.5	  1	 -550.0	 1150.0	    0.0	    0.0	    0.0	1	   42.8	 21	    0.0	    5.3	
 2931	 293.10	 -570.6	 1182.2	    5.5	  749.5	 1372.2	    0.0	  200.0	  742.9	 1316.0	    0.0	  200.0	  100.0	    0.0	    0.0	    0.0	    0.0	    0.0	   73.5	  1	 -550.0	 1150.0	    0.0	    0.0	    0.0	1	   38.4	 21	    0.0	    5.4	
 2932	 293.20	 -570.6	 1182.2	    5.8	  749.5	 1372.2	    0.0	  200.0	  742.9	 1316.0	    0.0	  200.0	  100.0	    0.0	    0.0	    0.0	    0.0	    0.0	   73.5	  1	 -550.0	 1150.0	    0.0	    0.0	    0.0	1	   38.4	 21	    0.0	    5.6	
 2933	 293.30	 -570.6	 1182.2	    5.8	  749.5	 1372.2	    0.0	  200.0	  742.9	 1316.0	    0.0	  200.0	  100.0	    0.0	    0.0	    0.0	    0.0	    0.0	   73.6	  1	 -550.0	 1150.0	    0.0	    0.0	    0.0	1	   38.4	 21	    0.0	    5.7	
 2934	 293.40	 -570.6	 1182.2	    5.8	  749.5	 1372.2	    0.0	  200.0	  742.9	 1316.0	    0.0	  200.0	  100.0	    0.0	    0.0	    0.0	    0.0	    0.0	   73.6	  1	 -550.0	 1150.0	    0.0	    0.0	    0.0	1	   38.4	 21	    0.0	    5.8	
 2935	 293.50	 -570.6	 1182.2	    5.8	  749.5	 1372.2	    0.0	  200.0	  742.9	 1316.0	    0.0	  200.0	  100.0	    0.0	    0.0	    0.0	    0.0	    0.0	   73.6	  1	 -550.0	 1150.0	    0.0	    0.0	    0.0	1	   38.4	 21	    0.0	    5.9	
 2936	 293.60	 -570.6	 1182.2	    5.8	  749.5	 1372.2	    0.0	  200.0	  742.9	 1316.0	    0.0	  200.0	  100.0	    0.0	    0.0	    0.0	    0.0	    0.1	   73.7	  1	 -550.0	 1150.0	    0.0	    0.0	    0.1	1	   38.4	 21	    0.0	    6.0	
 2937	 293.70	 -570.6	 1182.2	    5.8	  749.5	 1372.2	    0.0	  200.0	  742.9	 1316.0	    0.0	  200.0	  100.0	    0.0	    0.0	    0.0	    0.0	    0.1	   73.7	  1	 -550.0	 1150.0	    0.0	    0.0	    0.1	1	   38.4	 21	    0.0	    6.1	
 2938	 293.80	 -570.6	 1182.2	    5.8	  749.5	 1372.2	    0.0	  200.0	  742.9	 1316.0	    0.0	  200.0	  100.0	    0.0	    0.0	    0.0	    0.0	    0.1	   73.7	  1	 -550.0	 1150.0	    0.0	    0.0	    0.1	1	   38.4	 21	    0.0	    6.2	
 2939	 293.90	 -570.6	 1182.2	    5.8	  749.5	 1372.2	    0.0	  200.0	  742.9	 1316.0	    0.0	  200.0	  100.0	    0.0	    0.0	    0.0	    0.0	    0.1	   73.8	  1	 -550.0	 1150.0	    0.0	    0.0	    0.1	1	   38.4	 21	    0.0	    6.3	
 2940	 294.00	 -570.6	 1182.2	    5.8	  749.5	 1372.2	    0.0	  200.0	  742.9	 1316.0	    0.0	  200.0	  100.0	    0.0	    0.0	    0.0	    0.0	    0.1	   73.8	  1	 -350.0	 1950.0	    0.0	    0.0	    0.1	1	  293.7	 21	    0.0	    6.4	
 2941	 294.10	 -573.3	 1207.3	   96.2	  749.5	 1372.2	    0.0	  200.0	  742.9	 1316.0	    0.0	  200.0	  100.0	    0.0	    0.0	    0.0	    0.0	    0.1	   73.9	  1	 -350.0	 1950.0	    0.0	    0.0	    0.1	1	  293.6	 21	    0.0	    6.5	
 2942	 294.20	 -578.3	 1274.9	   94.1	  749.5	 1372.2	    0.0	  200.0	  742.9	 1316.0	    0.0	  200.0	  100.0	    0.0	    0.0	    0.0	    0.0	    0.1	   73.9	  1	 -350.0	 1950.0	    0.0	    0.0	    0.1	1	  293.4	 21	    0.0	    6.6	
 2943	 294.30	 -577.1	 1341.6	   88.5	  749.5	 1372.2	    0.0	  200.0	  742.9	 1316.0	    0.0	  200.0	  100.0	    0.0	    0.0	    0.0	    0.0	    0.1	   73.9	  1	 -350.0	 1950.0	    0.0	    0.0	    0.1	1	  293.7	 21	    0.0	    6.7	
 2944	 294.40	 -569.8	 1411.0	   83.4	  749.5	 1372.2	    0.0	  200.0	  742.9	 1316.0	    0.0	  200.0	  100.0	    0.0	    0.0	    0.0	    0.0	    0.1	   74.0	  1	 -350.0	 1950.0	    0.0	    0.0	    0.1	1	  294.4	 21	    0.0	    6.7	
 2945	 294.50	 -556.7	 1478.7	   78.7	  749.5	 1372.2	    0.0	  200.0	  742.9	 1316.0	    0.0	  200.0	  100.0	    0.0	    0.0	    0.0	    0.0	    0.1	   74.0	  1	 -350.0	 2050.0	    0.0	    0.0	    0.1	1	  294.8	 21	    0.0	    6.7	
 2946	 294.60	 -543.6	 1546.1	   79.1	  749.5	 1372.2	    0.0	  200.0	  742.9	 1316.0	    0.0	  200.0	  100.0	    0.0	    0.0	    0.0	    0.0	    0.1	   74.0	  1	 -250.0	 2150.0	    0.0	    0.0	    0.1	1	  297.4	 21	    0.0	    6.7	
 2947	 294.70	 -523.3	 1613.9	   72.4	  749.5	 1372.2	    0.0	  200.0	  742.9	 1316.0	    0.0	  200.0	  100.0	    0.0	    0.0	    0.0	    0.0	    0.1	   74.0	  1	 -250.0	 2150.0	    0.0	    0.0	    0.1	1	  298.1	 21	    0.0	    6.6	
 2948	 294.80	 -498.7	 1681.8	   69.8	  749.5	 1372.2	    0.0	  200.0	  742.9	 1316.0	    0.0	  200.0	  100.0	    0.0	    0.0	    0.0	    0.0	    0.1	   74.0	  1	 -250.0	 2150.0	    0.0	    0.0	    0.1	1	  298.6	 21	    0.0	    6.6	
 2949	 294.90	 -471.7	 1747.6	   67.5	  749.5	 1372.2	    0.0	  200.0	  742.9	 1316.0	    0.0	  200.0	  100.0	    0.0	    0.0	    0.0	    0.0	    0.1	   74.0	  1	 -250.0	 2150.0	    0.0	    0.0	    0.1	1	  298.9	 21	    0.0	    6.5	
 2950	 295.00	 -443.3	 1810.4	   65.5	  749.5	 1372.2	    0.0	  200.0	  742.9	 1316.0	    0.0	  200.0	  100.0	    0.0	    0.0	    0.0	    0.0	    0.1	   74.0	  1	 -350.0	 1950.0	    0.0	    0.0	    0.1	1	  153.4	 21	    0.0	    6.4	
 2951	 295.10	 -422.0	 1845.4	   56.5	  749.5	 1372.2	    0.0	  200.0	  742.9	 1316.0	    0.0	  200.0	  100.0	    0.0	    0.0	    0.0	    0.0	    0.1	   74.1	  1	 -350.0	 1950.0	    0.0	    0.0	    0.1	1	  114.0	 21	    0.0	    6.2	
 2952	 295.20	 -405.6	 1868.3	   54.3	  749.5	 1372.2	    0.0	  200.0	  742.9	 1316.0	    0.0	  200.0	  100.0	    0.0	    0.0	    0.0	    0.0	    0.1	   74.1	  1	 -350.0	 1950.0	    0.0	    0.0	    0.1	1	   90.1	 21	    0.0	    6.1	
 2953	 295.30	 -404.3	 1870.1	   55.7	  749.5	 1372.2	    0.0	  200.0	  742.9	 1316.0	    0.0	  200.0	  100.0	    0.0	    0.0	    0.0	    0.0	    0.1	   74.1	  1	 -350.0	 1950.0	    0.0	    0.0	    0.1	1	   86.7	 21	    0.0	    6.0	
 2954	 295.40	 -404.3	 1870.1	   55.8	  749.5	 1372.2	    0.0	  200.0	  742.9	 1316.0	    0.0	  200.0	  100.0	    0.0	    0.0	    0.0	    0.0	    0.0	   74.1	  1	 -350.0	 1950.0	    0.0	    0.0	    0.0	1	   86.7	 21	    0.0	    5.8	
 2955	 295.50	 -404.3	 1870.1	   55.8	  749.5	 1372.2	    0.0	  200.0	  742.9	 1316.0	    0.0	  200.0	  100.0	    0.0	    0.0	    0.0	    0.0	    0.0	   74.2	  1	 -350.0	 1950.0	    0.0	    0.0	    0.0	1	   86.7	 21	    0.0	    5.7	
 2956	 295.60	 -404.3	 1870.1	   55.8	  749.5	 1372.2	    0.0	  200.0	  742.9	 1316.0	    0.0	  200.0	  100.0	    0.0	    0.0	    0.0	    0.0	    0.0	   74.2	  1	 -450.0	 1850.0	    0.0	    0.0	    0.0	1	   45.6	 21	    0.0	    5.5	
 2957	 295.70	 -404.3	 1870.1	 -156.2	  749.5	 1372.2	    0.0	  200.0	  742.9	 1316.0	    0.0	  200.0	  100.0	    0.0	    0.0	    0.0	    0.0	    0.0	   74.2	  1	 -450.0	 1850.0	    0.0	    0.0	    0.0	1	   45.6	 21	    0.0	    5.4	
 2958	 295.80	 -404.3	 1870.1	 -156.2	  749.5	 1372.2	    0.0	  200.0	  742.9	 1316.0	    0.0	  200.0	  100.0	    0.0	    0.0	    0.0	    0.0	    0.0	   74.3	  1	 -450.0	 1850.0	    0.0	    0.0	    0.0	1	   45.6	 21	    0.0	    5.2	
 2959	 295.90	 -404.3	 1870.1	 -156.2	  749.5	 1372.2	    0.0	  200.0	  742.9	 1316.0	    0.0	  200.0	  100.0	    0.0	    0.0	    0.0	    0.0	    0.0	   74.3	  1	 -450.0	 1850.0	    0.0	    0.0	    0.0	1	   45.6	 21	    0.0	    5.1	
 2960	 296.00	 -404.3	 1870.1	 -156.2	  749.5	 1372.2	    0.0	  200.0	  742.9	 1316.0	    0.0	  200.0	  100.0	    0.0	    0.0	    0.0	    0.0	    0.0	   74.3	  1	 -450.0	 1850.0	    0.0	    0.0	    0.0	1	   45.6	 21	    0.0	    5.0	
 2961	 296.10	 -404.3	 1870.1	 -156.2	  749.5	 1372.2	    0.0	  200.0	  742.9	 1316.0	    0.0	  200.0	  100.0	    0.0	    0.0	    0.0	    0.0	    0.0	   74.4	  1	 -450.0	 1850.0	    0.0	    0.0	    0.0	1	   45.6	 21	    0.0	    5.0	
 2962	 296.20	 -404.3	 1870.1	 -156.2	  749.5	 1372.2	    0.0	  200.0	  742.9	 1316.0	    0.0	  200.0	  100.0	    0.0	    0.0	    0.0	    0.0	    0.0	   74.4	  1	 -550.0	 1050.0	    0.0	    0.0	    0.0	1	  300.0	 21	    0.0	    5.0	
 2963	 296.30	 -422.5	 1826.4	 -112.6	  749.5	 1372.2	    0.0	  200.0	  742.9	 1316.0	    0.0	  200.0	  100.0	    0.0	    0.0	    0.0	    0.0	    0.0	   74.4	  1	 -450.0	  850.0	    0.0	    0.0	    0.0	1	  300.0	 21	    0.0	    5.0	
 2964	 296.40	 -443.9	 1762.4	 -108.2	  749.5	 1372.2	    0.0	  200.0	  742.9	 1316.0	    0.0	  200.0	  100.0	    0.0	    0.0	    0.0	    0.0	    0.0	   74.5	  1	 -450.0	  850.0	    0.0	    0.0	    0.0	1	  300.0	 21	    0.0	    5.0	
 2965	 296.50	 -466.6	 1692.6	 -108.0	  749.5	 1372.2	    0.0	  200.0	  742.9	 1316.0	    0.0	  200.0	  100.0	    0.0	    0.0	    0.0	    0.0	    0.0	   74.5	  1	 -450.0	  850.0	    0.0	    0.0	    0.0	1	  299.9	 21	    0.0	    5.0	
 2966	 296.60	 -488.8	 1622.0	 -107.4	  749.5	 1372.2	    0.0	  200.0	  742.9	 1316.0	    0.0	  200.0	  100.0	    0.0	    0.0	    0.0	    0.0	    0.0	   74.5	  1	 -450.0	  850.0	    0.0	    0.0	    0.0	1	  299.8	 21	    0.0	    5.0	
 2967	 296.70	 -509.4	 1551.7	 -106.3	  749.5	 1372.2	    0.0	  200.0	  742.9	 1316.0	    0.0	  200.0	  100.0	    0.0	    0.0	    0.0	    0.0	    0.0	   74.6	  1	 -450.0	  850.0	    0.0	    0.0	    0.0	1	  299.6	 21	    0.0	    5.0	
 2968	 296.80	 -527.5	 1483.4	 -104.7	  749.5	 1372.2	    0.0	  200.0	  742.9	 1316.0	    0.0	  200.0	  100.0	    0.0	    0.0	    0.0	    0.0	    0.0	   74.6	  1	 -450.0	  850.0	    0.0	    0.0	    0.0	1	  299.4	 21	    0.0	    5.0	
 2969	 296.90	 -543.9	 1412.1	 -102.7	  749.5	 1372.2	    0.0	  200.0	  742.9	 1316.0	    0.0	  200.0	  100.0	    0.0	    0.0	    0.0	    0.0	    0.0	   74.6	  1	 -450.0	  850.0	    0.0	    0.0	    0.0	1	  299.0	 21	    0.0	    5.0	
 2970	 297.00	 -556.6	 1342.2	 -100.1	  749.5	 1372.2	    0.0	  200.0	  742.9	 1316.0	    0.0	  200.0	  100.0	    0.0	    0.0	    0.0	    0.0	    0.0	   74.6	  1	 -450.0	  850.0	    0.0	    0.0	    0.0	1	  298.4	 21	    0.0	    5.1	
 2971	 297.10	 -565.0	 1274.4	  -96.8	  749.5	 1372.2	    0.0	  200.0	  742.9	 1316.0	    0.0	  200.0	  100.0	    0.0	    0.0	    0.0	    0.0	    0.0	   74.6	  1	 -450.0	  850.0	    0.0	    0.0	    0.0	1	  297.2	 21	    0.0	    5.2	
 2972	 297.20	 -569.1	 1203.4	  -92.7	  749.5	 1372.2	    0.0	  200.0	  742.9	 1316.0	    0.0	  200.0	  100.0	    0.0	    0.0	    0.0	    0.0	    0.0	   74.6	  1	 -550.0	 1150.0	    0.0	    0.0	    0.0	1	   54.4	 21	    0.0	    5.3	
 2973	 297.30	 -569.5	 1194.8	    4.9	  749.5	 1372.2	    0.0	  200.0	  742.9	 1316.0	    0.0	  200.0	  100.0	    0.0	    0.0	    0.0	    0.0	    0.0	   74.7	  1	 -550.0	 1150.0	    0.0	    0.0	    0.0	1	   46.4	 21	    0.0	    5.4	
 2974	 297.40	 -569.5	 1194.8	    5.3	  749.5	 1372.2	    0.0	  200.0	  742.9	 1316.0	    0.0	  200.0	  100.0	    0.0	    0.0	    0.0	    0.0	    0.0	   74.7	  1	 -550.0	 1150.0	    0.0	    0.0	    0.0	1	   46.4	 21	    0.0	    5.5	
 2975	 297.50	 -569.5	 1194.8	    5.3	  749.5	 1372.2	    0.0	  200.0	  742.9	 1316.0	    0.0	  200.0	  100.0	    0.0	    0.0	    0.0	    0.0	    0.0	   74.7	  1	 -550.0	 1150.0	    0.0	    0.0	    0.0	1	   46.4	 21	    0.0	    5.6	
 2976	 297.60	 -569.5	 1194.8	    5.3	  749.5	 1372.2	    0.0	  200.0	  742.9	 1316.0	    0.0	  200.0	  100.0	    0.0	    0.0	    0.0	    0.0	    0.0	   74.8	  1	 -550.0	 1150.0	    0.0	    0.0	    0.0	1	   46.4	 21	    0.0	    5.7	
