    1	   3.13	    0.0	 1500.0	    0.0	    0.0	    0.0	    0.0	    0.0	    0.0	    0.0	    0.0	    0.0	  100.0	  100.0	    0.0	    0.0	    0.0	    0.0	    0.0	  1	-1000.0	  500.0	  100.0	    0.0	    0.0	1	  526.8	 21	 1371.8	  -28.2	
    2	   3.24	    0.0	 1500.0	    0.0	    0.0	    0.0	    0.0	    0.0	    0.0	    0.0	    0.0	    0.0	  100.0	   99.7	    0.0	    0.0	    0.0	    0.0	    0.1	  1	  -50.0	 1250.0	   99.7	    0.0	    0.0	1	  227.0	 21	 1391.9	   19.2	
    3	   3.33	    0.0	 1500.0	    0.0	    0.0	    0.0	    0.0	    0.0	    0.0	    0.0	    0.0	    0.0	  100.0	   99.5	    0.0	    0.0	    0.0	    0.0	    0.1	  1	  -50.0	 1250.0	   99.5	    0.0	    0.0	1	  227.0	 21	 1391.5	   19.2	
    4	   3.44	    0.0	 1500.0	    0.0	    0.0	    0.0	    0.0	    0.0	    0.0	    0.0	    0.0	    0.0	  100.0	   99.2	    0.0	    0.0	    0.0	    0.0	    0.2	  1	  -50.0	 1250.0	   99.2	    0.0	    0.0	1	  227.0	 21	 1391.2	   19.1	
    5	   3.54	    0.0	 1500.0	    0.0	    0.0	    0.0	    0.0	    0.0	    0.0	    0.0	    0.0	    0.0	  100.0	   99.0	    0.0	    0.0	    0.0	    0.0	    0.2	  1	  -50.0	 1250.0	   99.0	    0.0	    0.0	1	  227.0	 21	 1390.8	   19.1	
    6	   3.63	    0.0	 1500.0	    0.0	    0.0	    0.0	    0.0	    0.0	    0.0	    0.0	    0.0	    0.0	  100.0	   98.7	    0.0	    0.0	    0.0	    0.0	    0.2	  1	  -50.0	 1250.0	   98.7	    0.0	    0.0	1	  227.0	 21	 1390.4	   19.0	
    7	   3.74	    0.0	 1500.0	    0.0	    0.0	    0.0	    0.0	    0.0	    0.0	    0.0	    0.0	    0.0	  100.0	   98.5	    0.0	    0.0	    0.0	    0.0	    0.3	  1	  -50.0	 1250.0	   98.5	    0.0	    0.0	1	  227.0	 21	 1390.1	   19.0	
    8	   3.83	    0.0	 1500.0	    0.0	    0.0	    0.0	    0.0	    0.0	    0.0	    0.0	    0.0	    0.0	  100.0	   98.2	    0.0	    0.0	    0.0	    0.0	    0.3	  1	  -50.0	 1250.0	   98.2	    0.0	    0.0	1	  227.0	 21	 1389.7	   19.0	
    9	   3.94	    0.0	 1500.0	    0.0	    0.0	    0.0	    0.0	    0.0	    0.0	    0.0	    0.0	    0.0	  100.0	   98.0	    0.0	    0.0	    0.0	    0.0	    0.3	  1	  -50.0	 1250.0	   98.0	    0.0	    0.0	1	  227.0	 21	 1389.3	   18.9	
   10	   4.04	    0.0	 1500.0	    0.0	    0.0	    0.0	    0.0	    0.0	    0.0	    0.0	    0.0	    0.0	  100.0	   97.7	    0.0	    0.0	    0.0	    0.0	    0.4	  1	  -50.0	 1250.0	   97.7	    0.0	    0.0	1	  227.0	 21	 1389.0	   18.9	
   11	   4.13	    0.0	 1500.0	    0.0	    0.0	    0.0	    0.0	    0.0	    0.0	    0.0	    0.0	    0.0	  100.0	   97.5	    0.0	    0.0	    0.0	    0.0	    0.4	  1	  -50.0	 1250.0	   97.5	    0.0	    0.0	1	  227.0	 21	 1388.6	   18.9	
   12	   4.24	    0.0	 1500.0	    0.0	    0.0	    0.0	    0.0	    0.0	    0.0	    0.0	    0.0	    0.0	  100.0	   97.2	    0.0	    0.0	    0.0	    0.0	    0.5	  1	  -50.0	 1250.0	   97.2	    0.0	    0.0	1	  227.0	 21	 1388.2	   18.8	
   13	   4.33	    0.0	 1500.0	    0.0	    0.0	    0.0	    0.0	    0.0	    0.0	    0.0	    0.0	    0.0	  100.0	   96.9	    0.0	    0.0	    0.0	    0.0	    0.5	  1	  -50.0	 1250.0	   96.9	    0.0	    0.0	1	  227.0	 21	 1387.9	   18.8	
   14	   4.43	    0.0	 1500.0	    0.0	    0.0	    0.0	    0.0	    0.0	    0.0	    0.0	    0.0	    0.0	  100.0	   96.7	    0.0	    0.0	    0.0	    0.0	    0.5	  1	  -50.0	 1250.0	   96.7	    0.0	    0.0	1	  227.0	 21	 1387.5	   18.7	
   15	   4.54	    0.0	 1500.0	    0.0	    0.0	    0.0	    0.0	    0.0	    0.0	    0.0	    0.0	    0.0	  100.0	   96.4	    0.0	    0.0	    0.0	    0.0	    0.6	  1	  -50.0	 1250.0	   96.4	    0.0	    0.0	1	  227.0	 21	 1387.1	   18.7	
   16	   4.64	    0.0	 1500.0	    0.0	    0.0	    0.0	    0.0	    0.0	    0.0	    0.0	    0.0	    0.0	  100.0	   96.2	    0.0	    0.0	    0.0	    0.0	    0.6	  1	  -50.0	 1250.0	   96.2	    0.0	    0.0	1	  227.0	 21	 1386.8	   18.7	
   17	   4.74	    0.0	 1500.0	    0.0	    0.0	    0.0	    0.0	    0.0	    0.0	    0.0	    0.0	    0.0	  100.0	   95.9	    0.0	    0.0	    0.0	    0.0	    0.6	  1	  -50.0	 1250.0	   95.9	    0.0	    0.0	1	  227.0	 21	 1386.4	   18.6	
   18	   4.83	    0.0	 1500.0	    0.0	    0.0	    0.0	    0.0	    0.0	    0.0	    0.0	    0.0	    0.0	  100.0	   95.7	    0.0	    0.0	    0.0	    0.0	    0.7	  1	  -50.0	 1250.0	   95.7	    0.0	    0.0	1	  227.0	 21	 1386.0	   18.6	
   19	   4.93	    0.0	 1500.0	    0.0	    0.0	    0.0	    0.0	    0.0	    0.0	    0.0	    0.0	    0.0	  100.0	   95.4	    0.0	    0.0	    0.0	    0.0	    0.7	  1	  -50.0	 1250.0	   95.4	    0.0	    0.0	1	  227.0	 21	 1385.7	   18.6	
   20	   5.04	    0.0	 1500.0	    0.0	    0.0	    0.0	    0.0	    0.0	    0.0	    0.0	    0.0	    0.0	  100.0	   95.2	    0.0	    0.0	    0.0	    0.0	    0.8	  1	  -50.0	 1250.0	   95.2	    0.0	    0.0	1	  227.0	 21	 1385.3	   18.5	
   21	   5.13	    0.0	 1500.0	    0.0	    0.0	    0.0	    0.0	    0.0	    0.0	    0.0	    0.0	    0.0	  100.0	   94.9	    0.0	    0.0	    0.0	    0.0	    0.8	  1	  -50.0	 1250.0	   94.9	    0.0	    0.0	1	  227.0	 21	 1384.9	   18.5	
   22	   5.24	    0.0	 1500.0	    0.0	    0.0	    0.0	    0.0	    0.0	    0.0	    0.0	    0.0	    0.0	  100.0	   94.6	    0.0	    0.0	    0.0	    0.0	    0.8	  1	  -50.0	 1250.0	   94.6	    0.0	    0.0	1	  227.0	 21	 1384.6	   18.5	
   23	   5.33	    0.0	 1500.0	    0.0	    0.0	    0.0	    0.0	    0.0	    0.0	    0.0	    0.0	    0.0	  100.0	   94.4	    0.0	    0.0	    0.0	    0.0	    0.9	  1	  -50.0	 1250.0	   94.4	    0.0	    0.0	1	  227.0	 21	 1384.2	   18.4	
   24	   5.43	    0.0	 1500.0	    0.0	    0.0	    0.0	    0.0	    0.0	    0.0	    0.0	    0.0	    0.0	  100.0	   94.1	    0.0	    0.0	    0.0	    0.0	    0.9	  1	  -50.0	 1250.0	   94.1	    0.0	    0.0	1	  227.0	 21	 1383.8	   18.4	
   25	   5.54	    0.0	 1500.0	    0.0	    0.0	    0.0	    0.0	    0.0	    0.0	    0.0	    0.0	    0.0	  100.0	   93.9	    0.0	    0.0	    0.0	    0.0	    0.9	  1	  -50.0	 1250.0	   93.9	    0.0	    0.0	1	  227.0	 21	 1383.5	   18.3	
   26	   5.63	    0.0	 1500.0	    0.0	    0.0	    0.0	    0.0	    0.0	    0.0	    0.0	    0.0	    0.0	  100.0	   93.6	    0.0	    0.0	    0.0	    0.0	    1.0	  1	  -50.0	 1250.0	   93.6	    0.0	    0.0	1	  227.0	 21	 1383.1	   18.3	
   27	   5.74	    0.0	 1500.0	    0.0	    0.0	    0.0	    0.0	    0.0	    0.0	    0.0	    0.0	    0.0	  100.0	   93.4	    0.0	    0.0	    0.0	    0.0	    1.0	  1	  -50.0	 1250.0	   93.4	    0.0	    0.0	1	  227.0	 21	 1382.7	   18.3	
   28	   5.83	    0.0	 1500.0	    0.0	    0.0	    0.0	    0.0	    0.0	    0.0	    0.0	    0.0	    0.0	  100.0	   93.1	    0.0	    0.0	    0.0	    0.0	    1.1	  1	  -50.0	 1250.0	   93.1	    0.0	    0.0	1	  227.0	 21	 1382.4	   18.2	
   29	   5.94	    0.0	 1500.0	    0.0	    0.0	    0.0	    0.0	    0.0	    0.0	    0.0	    0.0	    0.0	  100.0	   92.9	    0.0	    0.0	    0.0	    0.0	    1.1	  1	  -50.0	 1250.0	   92.9	    0.0	    0.0	1	  227.0	 21	 1382.0	   18.2	
   30	   6.04	    0.0	 1500.0	    0.0	    0.0	    0.0	    0.0	    0.0	    0.0	    0.0	    0.0	    0.0	  100.0	   92.6	    0.0	    0.0	    0.0	    0.0	    1.1	  1	  -50.0	 1250.0	   92.6	    0.0	    0.0	1	  227.0	 21	 1381.6	   18.2	
   31	   6.13	    0.0	 1500.0	    0.0	    0.0	    0.0	    0.0	    0.0	    0.0	    0.0	    0.0	    0.0	  100.0	   92.4	    0.0	    0.0	    0.0	    0.0	    1.2	  1	  -50.0	 1250.0	   92.4	    0.0	    0.0	1	  227.0	 21	 1381.3	   18.1	
   32	   6.24	    0.0	 1500.0	    0.0	    0.0	    0.0	    0.0	    0.0	    0.0	    0.0	    0.0	    0.0	  100.0	   92.1	    0.0	    0.0	    0.0	    0.0	    1.2	  1	  -50.0	 1250.0	   92.1	    0.0	    0.0	1	  227.0	 21	 1380.9	   18.1	
   33	   6.33	    0.0	 1500.0	    0.0	    0.0	    0.0	    0.0	    0.0	    0.0	    0.0	    0.0	    0.0	  100.0	   91.8	    0.0	    0.0	    0.0	    0.0	    1.3	  1	  -50.0	 1250.0	   91.8	    0.0	    0.0	1	  227.0	 21	 1380.5	   18.1	
   34	   6.44	    0.0	 1500.0	    0.0	    0.0	    0.0	    0.0	    0.0	    0.0	    0.0	    0.0	    0.0	  100.0	   91.6	    0.0	    0.0	    0.0	    0.0	    1.3	  1	  -50.0	 1250.0	   91.6	    0.0	    0.0	1	  227.0	 21	 1380.2	   18.0	
   35	   6.54	    0.0	 1500.0	    0.0	    0.0	    0.0	    0.0	    0.0	    0.0	    0.0	    0.0	    0.0	  100.0	   91.3	    0.0	    0.0	    0.0	    0.0	    1.3	  1	  -50.0	 1250.0	   91.3	    0.0	    0.0	1	  227.0	 21	 1379.8	   18.0	
   36	   6.63	    0.0	 1500.0	    0.0	    0.0	    0.0	    0.0	    0.0	    0.0	    0.0	    0.0	    0.0	  100.0	   91.1	    0.0	    0.0	    0.0	    0.0	    1.4	  1	  -50.0	 1250.0	   91.1	    0.0	    0.0	1	  227.0	 21	 1379.4	   17.9	
   37	   6.74	    0.0	 1500.0	    0.0	    0.0	    0.0	    0.0	    0.0	    0.0	    0.0	    0.0	    0.0	  100.0	   90.8	    0.0	    0.0	    0.0	    0.0	    1.4	  1	  -50.0	 1250.0	   90.8	    0.0	    0.0	1	  227.0	 21	 1379.1	   17.9	
   38	   6.84	    0.0	 1500.0	    0.0	    0.0	    0.0	    0.0	    0.0	    0.0	    0.0	    0.0	    0.0	  100.0	   90.6	    0.0	    0.0	    0.0	    0.0	    1.4	  1	  -50.0	 1250.0	   90.6	    0.0	    0.0	1	  227.0	 21	 1378.7	   17.9	
   39	   6.93	    0.0	 1500.0	    0.0	    0.0	    0.0	    0.0	    0.0	    0.0	    0.0	    0.0	    0.0	  100.0	   90.3	    0.0	    0.0	    0.0	    0.0	    1.5	  1	  -50.0	 1250.0	   90.3	    0.0	    0.0	1	  227.0	 21	 1378.3	   17.8	
   40	   7.04	    0.0	 1500.0	    0.0	    0.0	    0.0	    0.0	    0.0	    0.0	    0.0	    0.0	    0.0	  100.0	   90.1	    0.0	    0.0	    0.0	    0.0	    1.5	  1	  -50.0	 1250.0	   90.1	    0.0	    0.0	1	  227.0	 21	 1378.0	   17.8	
   41	   7.13	    0.0	 1500.0	    0.0	    0.0	    0.0	    0.0	    0.0	    0.0	    0.0	    0.0	    0.0	  100.0	   89.8	    0.0	    0.0	    0.0	    0.0	    1.6	  1	  -50.0	 1250.0	   89.8	    0.0	    0.0	1	  227.0	 21	 1377.6	   17.8	
   42	   7.24	    0.0	 1500.0	    0.0	    0.0	    0.0	    0.0	    0.0	    0.0	    0.0	    0.0	    0.0	  100.0	   89.6	    0.0	    0.0	    0.0	    0.0	    1.6	  1	  -50.0	 1250.0	   89.6	    0.0	    0.0	1	  227.0	 21	 1377.2	   17.7	
   43	   7.33	    0.0	 1500.0	    0.0	    0.0	    0.0	    0.0	    0.0	    0.0	    0.0	    0.0	    0.0	  100.0	   89.3	    0.0	    0.0	    0.0	    0.0	    1.6	  1	  -50.0	 1250.0	   89.3	    0.0	    0.0	1	  227.0	 21	 1376.9	   17.7	
   44	   7.44	    0.0	 1500.0	    0.0	    0.0	    0.0	    0.0	    0.0	    0.0	    0.0	    0.0	    0.0	  100.0	   89.0	    0.0	    0.0	    0.0	    0.0	    1.7	  1	  -50.0	 1250.0	   89.0	    0.0	    0.0	1	  227.0	 21	 1376.5	   17.7	
   45	   7.54	    0.0	 1500.0	    0.0	    0.0	    0.0	    0.0	    0.0	    0.0	    0.0	    0.0	    0.0	  100.0	   88.8	    0.0	    0.0	    0.0	    0.0	    1.7	  1	  -50.0	 1250.0	   88.8	    0.0	    0.0	1	  227.0	 21	 1376.1	   17.6	
   46	   7.63	    0.0	 1500.0	    0.0	    0.0	    0.0	    0.0	    0.0	    0.0	    0.0	    0.0	    0.0	  100.0	   88.5	    0.0	    0.0	    0.0	    0.0	    1.7	  1	  -50.0	 1250.0	   88.5	    0.0	    0.0	1	  227.0	 21	 1375.8	   17.6	
   47	   7.74	    0.0	 1500.0	    0.0	    0.0	    0.0	    0.0	    0.0	    0.0	    0.0	    0.0	    0.0	  100.0	   88.3	    0.0	    0.0	    0.0	    0.0	    1.8	  1	  -50.0	 1250.0	   88.3	    0.0	    0.0	1	  227.0	 21	 1375.4	   17.5	
   48	   7.83	    0.0	 1500.0	    0.0	    0.0	    0.0	    0.0	    0.0	    0.0	    0.0	    0.0	    0.0	  100.0	   88.0	    0.0	    0.0	    0.0	    0.0	    1.8	  1	  -50.0	 1250.0	   88.0	    0.0	    0.0	1	  227.0	 21	 1375.0	   17.5	
   49	   7.93	    0.0	 1500.0	    0.0	    0.0	    0.0	    0.0	    0.0	    0.0	    0.0	    0.0	    0.0	  100.0	   87.8	    0.0	    0.0	    0.0	    0.0	    1.9	  1	  -50.0	 1250.0	   87.8	    0.0	    0.0	1	  227.0	 21	 1374.7	   17.5	
   50	   8.04	    0.0	 1500.0	    0.0	    0.0	    0.0	    0.0	    0.0	    0.0	    0.0	    0.0	    0.0	  100.0	   87.5	    0.0	    0.0	    0.0	    0.0	    1.9	  1	  -50.0	 1250.0	   87.5	    0.0	    0.0	1	  227.0	 21	 1374.3	   17.4	
   51	   8.13	    0.0	 1500.0	    0.0	    0.0	    0.0	    0.0	    0.0	    0.0	    0.0	    0.0	    0.0	  100.0	   87.3	    0.0	    0.0	    0.0	    0.0	    1.9	  1	  -50.0	 1250.0	   87.3	    0.0	    0.0	1	  227.0	 21	 1373.9	   17.4	
   52	   8.24	    0.0	 1500.0	    0.0	    0.0	    0.0	    0.0	    0.0	    0.0	    0.0	    0.0	    0.0	  100.0	   87.0	    0.0	    0.0	    0.0	    0.0	    2.0	  1	  -50.0	 1250.0	   87.0	    0.0	    0.0	1	  227.0	 21	 1373.6	   17.4	
   53	   8.34	    0.0	 1500.0	    0.0	    0.0	    0.0	    0.0	    0.0	    0.0	    0.0	    0.0	    0.0	  100.0	   86.7	    0.0	    0.0	    0.0	    0.0	    2.0	  1	  -50.0	 1250.0	   86.7	    0.0	    0.0	1	  227.0	 21	 1373.2	   17.3	
   54	   8.44	    0.0	 1500.0	    0.0	    0.0	    0.0	    0.0	    0.0	    0.0	    0.0	    0.0	    0.0	  100.0	   86.5	    0.0	    0.0	    0.0	    0.0	    2.1	  1	  -50.0	 1250.0	   86.5	    0.0	    0.0	1	  227.0	 21	 1372.9	   17.3	
   55	   8.54	    0.0	 1500.0	    0.0	    0.0	    0.0	    0.0	    0.0	    0.0	    0.0	    0.0	    0.0	  100.0	   86.2	    0.0	    0.0	    0.0	    0.0	    2.1	  1	  -50.0	 1250.0	   86.2	    0.0	    0.0	1	  227.0	 21	 1372.5	   17.2	
   56	   8.63	    0.0	 1500.0	    0.0	    0.0	    0.0	    0.0	    0.0	    0.0	    0.0	    0.0	    0.0	  100.0	   86.0	    0.0	    0.0	    0.0	    0.0	    2.1	  1	  -50.0	 1250.0	   86.0	    0.0	    0.0	1	  227.0	 21	 1372.1	   17.2	
   57	   8.73	    0.0	 1500.0	    0.0	    0.0	    0.0	    0.0	    0.0	    0.0	    0.0	    0.0	    0.0	  100.0	   85.7	    0.0	    0.0	    0.0	    0.0	    2.2	  1	  -50.0	 1250.0	   85.7	    0.0	    0.0	1	  227.0	 21	 1371.8	   17.2	
   58	   8.84	    0.0	 1500.0	    0.0	    0.0	    0.0	    0.0	    0.0	    0.0	    0.0	    0.0	    0.0	  100.0	   85.5	    0.0	    0.0	    0.0	    0.0	    2.2	  1	  -50.0	 1250.0	   85.5	    0.0	    0.0	1	  227.0	 21	 1371.4	   17.1	
   59	   8.94	    0.0	 1500.0	    0.0	    0.0	    0.0	    0.0	    0.0	    0.0	    0.0	    0.0	    0.0	  100.0	   85.2	    0.0	    0.0	    0.0	    0.0	    2.2	  1	  -50.0	 1250.0	   85.2	    0.0	    0.0	1	  227.0	 21	 1371.0	   17.1	
   60	   9.04	    0.0	 1500.0	    0.0	    0.0	    0.0	    0.0	    0.0	    0.0	    0.0	    0.0	    0.0	  100.0	   85.0	    0.0	    0.0	    0.0	    0.0	    2.3	  1	  -50.0	 1250.0	   85.0	    0.0	    0.0	1	  227.0	 21	 1370.7	   17.1	
   61	   9.13	    0.0	 1500.0	    0.0	    0.0	    0.0	    0.0	    0.0	    0.0	    0.0	    0.0	    0.0	  100.0	   84.7	    0.0	    0.0	    0.0	    0.0	    2.3	  1	  -50.0	 1250.0	   84.7	    0.0	    0.0	1	  227.0	 21	 1370.3	   17.0	
   62	   9.23	    0.0	 1500.0	    0.0	    0.0	    0.0	    0.0	    0.0	    0.0	    0.0	    0.0	    0.0	  100.0	   84.5	    0.0	    0.0	    0.0	    0.0	    2.4	  1	  -50.0	 1250.0	   84.5	    0.0	    0.0	1	  227.0	 21	 1369.9	   17.0	
   63	   9.34	    0.0	 1500.0	    0.0	    0.0	    0.0	    0.0	    0.0	    0.0	    0.0	    0.0	    0.0	  100.0	   84.2	    0.0	    0.0	    0.0	    0.0	    2.4	  1	  -50.0	 1250.0	   84.2	    0.0	    0.0	1	  227.0	 21	 1369.6	   17.0	
   64	   9.44	    0.0	 1500.0	    0.0	    0.0	    0.0	    0.0	    0.0	    0.0	    0.0	    0.0	    0.0	  100.0	   83.9	    0.0	    0.0	    0.0	    0.0	    2.4	  1	  -50.0	 1250.0	   83.9	    0.0	    0.0	1	  227.0	 21	 1369.2	   16.9	
   65	   9.54	    0.0	 1500.0	    0.0	    0.0	    0.0	    0.0	    0.0	    0.0	    0.0	    0.0	    0.0	  100.0	   83.7	    0.0	    0.0	    0.0	    0.0	    2.5	  1	  -50.0	 1250.0	   83.7	    0.0	    0.0	1	  227.0	 21	 1368.8	   16.9	
   66	   9.63	    0.0	 1500.0	    0.0	    0.0	    0.0	    0.0	    0.0	    0.0	    0.0	    0.0	    0.0	  100.0	   83.4	    0.0	    0.0	    0.0	    0.0	    2.5	  1	  -50.0	 1250.0	   83.4	    0.0	    0.0	1	  227.0	 21	 1368.5	   16.8	
   67	   9.73	    0.0	 1500.0	    0.0	    0.0	    0.0	    0.0	    0.0	    0.0	    0.0	    0.0	    0.0	  100.0	   83.2	    0.0	    0.0	    0.0	    0.0	    2.5	  1	  -50.0	 1250.0	   83.2	    0.0	    0.0	1	  227.0	 21	 1368.1	   16.8	
   68	   9.84	    0.0	 1500.0	    0.0	    0.0	    0.0	    0.0	    0.0	    0.0	    0.0	    0.0	    0.0	  100.0	   82.9	    0.0	    0.0	    0.0	    0.0	    2.6	  1	  -50.0	 1250.0	   82.9	    0.0	    0.0	1	  227.0	 21	 1367.7	   16.8	
   69	   9.94	    0.0	 1500.0	    0.0	    0.0	    0.0	    0.0	    0.0	    0.0	    0.0	    0.0	    0.0	  100.0	   82.7	    0.0	    0.0	    0.0	    0.0	    2.6	  1	  -50.0	 1250.0	   82.7	    0.0	    0.0	1	  227.0	 21	 1367.4	   16.7	
   70	  10.04	    0.0	 1500.0	    0.0	    0.0	    0.0	    0.0	    0.0	    0.0	    0.0	    0.0	    0.0	  100.0	   82.4	    0.0	    0.0	    0.0	    0.0	    2.7	  1	  -50.0	 1250.0	   82.4	    0.0	    0.0	1	  227.0	 21	 1367.0	   16.7	
   71	  10.13	    0.0	 1500.0	    0.0	    0.0	    0.0	    0.0	    0.0	    0.0	    0.0	    0.0	    0.0	  100.0	   82.2	    0.0	    0.0	    0.0	    0.0	    2.7	  1	  -50.0	 1250.0	   82.2	    0.0	    0.0	1	  227.0	 21	 1366.6	   16.7	
   72	  10.23	    0.0	 1500.0	    0.0	    0.0	    0.0	    0.0	    0.0	    0.0	    0.0	    0.0	    0.0	  100.0	   81.9	    0.0	    0.0	    0.0	    0.0	    2.7	  1	  -50.0	 1250.0	   81.9	    0.0	    0.0	1	  227.0	 21	 1366.3	   16.6	
   73	  10.34	    0.0	 1500.0	    0.0	    0.0	    0.0	    0.0	    0.0	    0.0	    0.0	    0.0	    0.0	  100.0	   81.7	    0.0	    0.0	    0.0	    0.0	    2.8	  1	  -50.0	 1250.0	   81.7	    0.0	    0.0	1	  227.0	 21	 1365.9	   16.6	
   74	  10.44	    0.0	 1500.0	    0.0	    0.0	    0.0	    0.0	    0.0	    0.0	    0.0	    0.0	    0.0	  100.0	   81.4	    0.0	    0.0	    0.0	    0.0	    2.8	  1	  -50.0	 1250.0	   81.4	    0.0	    0.0	1	  227.0	 21	 1365.5	   16.6	
   75	  10.54	    0.0	 1500.0	    0.0	    0.0	    0.0	    0.0	    0.0	    0.0	    0.0	    0.0	    0.0	  100.0	   81.1	    0.0	    0.0	    0.0	    0.0	    2.9	  1	  -50.0	 1250.0	   81.1	    0.0	    0.0	1	  227.0	 21	 1365.2	   16.5	
   76	  10.63	    0.0	 1500.0	    0.0	    0.0	    0.0	    0.0	    0.0	    0.0	    0.0	    0.0	    0.0	  100.0	   80.9	    0.0	    0.0	    0.0	    0.0	    2.9	  1	  -50.0	 1250.0	   80.9	    0.0	    0.0	1	  227.0	 21	 1364.8	   16.5	
   77	  10.74	    0.0	 1500.0	    0.0	    0.0	    0.0	    0.0	    0.0	    0.0	    0.0	    0.0	    0.0	  100.0	   80.6	    0.0	    0.0	    0.0	    0.0	    2.9	  1	  -50.0	 1250.0	   80.6	    0.0	    0.0	1	  227.0	 21	 1364.4	   16.4	
   78	  10.84	    0.0	 1500.0	    0.0	    0.0	    0.0	    0.0	    0.0	    0.0	    0.0	    0.0	    0.0	  100.0	   80.4	    0.0	    0.0	    0.0	    0.0	    3.0	  1	  -50.0	 1250.0	   80.4	    0.0	    0.0	1	  227.0	 21	 1364.1	   16.4	
   79	  10.94	    0.0	 1500.0	    0.0	    0.0	    0.0	    0.0	    0.0	    0.0	    0.0	    0.0	    0.0	  100.0	   80.1	    0.0	    0.0	    0.0	    0.0	    3.0	  1	  -50.0	 1250.0	   80.1	    0.0	    0.0	1	  227.0	 21	 1363.7	   16.4	
   80	  11.04	    0.0	 1500.0	    0.0	    0.0	    0.0	    0.0	    0.0	    0.0	    0.0	    0.0	    0.0	  100.0	   79.9	    0.0	    0.0	    0.0	    0.0	    3.0	  1	  -50.0	 1250.0	   79.9	    0.0	    0.0	1	  227.0	 21	 1363.3	   16.3	
   81	  11.13	    0.0	 1500.0	    0.0	    0.0	    0.0	    0.0	    0.0	    0.0	    0.0	    0.0	    0.0	  100.0	   79.6	    0.0	    0.0	    0.0	    0.0	    3.1	  1	  -50.0	 1250.0	   79.6	    0.0	    0.0	1	  227.0	 21	 1363.0	   16.3	
   82	  11.23	    0.0	 1500.0	    0.0	    0.0	    0.0	    0.0	    0.0	    0.0	    0.0	    0.0	    0.0	  100.0	   79.4	    0.0	    0.0	    0.0	    0.0	    3.1	  1	  -50.0	 1250.0	   79.4	    0.0	    0.0	1	  227.0	 21	 1362.6	   16.3	
   83	  11.34	    0.0	 1500.0	    0.0	    0.0	    0.0	    0.0	    0.0	    0.0	    0.0	    0.0	    0.0	  100.0	   79.1	    0.0	    0.0	    0.0	    0.0	    3.2	  1	  -50.0	 1250.0	   79.1	    0.0	    0.0	1	  227.0	 21	 1362.2	   16.2	
   84	  11.44	    0.0	 1500.0	    0.0	    0.0	    0.0	    0.0	    0.0	    0.0	    0.0	    0.0	    0.0	  100.0	   78.8	    0.0	    0.0	    0.0	    0.0	    3.2	  1	  -50.0	 1250.0	   78.8	    0.0	    0.0	1	  227.0	 21	 1361.9	   16.2	
   85	  11.54	    0.0	 1500.0	    0.0	    0.0	    0.0	    0.0	    0.0	    0.0	    0.0	    0.0	    0.0	  100.0	   78.6	    0.0	    0.0	    0.0	    0.0	    3.2	  1	  -50.0	 1250.0	   78.6	    0.0	    0.0	1	  227.0	 21	 1361.5	   16.2	
   86	  11.63	    0.0	 1500.0	    0.0	    0.0	    0.0	    0.0	    0.0	    0.0	    0.0	    0.0	    0.0	  100.0	   78.3	    0.0	    0.0	    0.0	    0.0	    3.3	  1	  -50.0	 1250.0	   78.3	    0.0	    0.0	1	  227.0	 21	 1361.1	   16.1	
   87	  11.74	    0.0	 1500.0	    0.0	    0.0	    0.0	    0.0	    0.0	    0.0	    0.0	    0.0	    0.0	  100.0	   78.1	    0.0	    0.0	    0.0	    0.0	    3.3	  1	  -50.0	 1250.0	   78.1	    0.0	    0.0	1	  227.0	 21	 1360.8	   16.1	
   88	  11.84	    0.0	 1500.0	    0.0	    0.0	    0.0	    0.0	    0.0	    0.0	    0.0	    0.0	    0.0	  100.0	   77.8	    0.0	    0.0	    0.0	    0.0	    3.3	  1	  -50.0	 1250.0	   77.8	    0.0	    0.0	1	  227.0	 21	 1360.4	   16.0	
   89	  11.94	    0.0	 1500.0	    0.0	    0.0	    0.0	    0.0	    0.0	    0.0	    0.0	    0.0	    0.0	  100.0	   77.6	    0.0	    0.0	    0.0	    0.0	    3.4	  1	  -50.0	 1250.0	   77.6	    0.0	    0.0	1	  227.0	 21	 1360.0	   16.0	
   90	  12.04	    0.0	 1500.0	    0.0	    0.0	    0.0	    0.0	    0.0	    0.0	    0.0	    0.0	    0.0	  100.0	   77.3	    0.0	    0.0	    0.0	    0.0	    3.4	  1	  -50.0	 1250.0	   77.3	    0.0	    0.0	1	  227.0	 21	 1359.7	   16.0	
   91	  12.13	    0.0	 1500.0	    0.0	    0.0	    0.0	    0.0	    0.0	    0.0	    0.0	    0.0	    0.0	  100.0	   77.1	    0.0	    0.0	    0.0	    0.0	    3.5	  1	  -50.0	 1250.0	   77.1	    0.0	    0.0	1	  227.0	 21	 1359.3	   15.9	
   92	  12.23	    0.0	 1500.0	    0.0	    0.0	    0.0	    0.0	    0.0	    0.0	    0.0	    0.0	    0.0	  100.0	   76.8	    0.0	    0.0	    0.0	    0.0	    3.5	  1	  -50.0	 1250.0	   76.8	    0.0	    0.0	1	  227.0	 21	 1358.9	   15.9	
   93	  12.34	    0.0	 1500.0	    0.0	    0.0	    0.0	    0.0	    0.0	    0.0	    0.0	    0.0	    0.0	  100.0	   76.6	    0.0	    0.0	    0.0	    0.0	    3.5	  1	  -50.0	 1250.0	   76.6	    0.0	    0.0	1	  227.0	 21	 1358.6	   15.9	
   94	  12.44	    0.0	 1500.0	    0.0	  960.4	 1266.8	    0.0	  200.0	    0.0	    0.0	    0.0	    0.0	  100.0	   76.5	    0.0	    0.0	    0.0	    0.0	    3.6	  1	 1000.0	 2350.0	   76.5	    0.0	    0.0	1	  497.5	 21	 1207.6	 -192.4	
   95	  12.54	    0.0	 1500.0	    0.0	  960.4	 1266.8	    0.0	  200.0	    0.0	    0.0	    0.0	    0.0	  100.0	   76.1	    0.0	    0.0	    0.0	    0.0	    3.6	  1	  250.0	 1550.0	   76.1	    0.0	    0.0	1	  236.5	 21	    0.0	    0.0	
   96	  12.63	    0.0	 1500.0	    0.0	  960.4	 1266.8	    0.0	  200.0	    0.0	    0.0	    0.0	    0.0	  100.0	   75.7	    0.0	    0.0	    0.0	    0.0	    3.6	  1	  250.0	 1550.0	   75.7	    0.0	    0.0	1	  236.5	 21	    0.0	    0.0	
   97	  12.73	    0.0	 1500.0	    0.0	  960.4	 1266.8	    0.0	  200.0	    0.0	    0.0	    0.0	    0.0	  100.0	   75.3	    0.0	    0.0	    0.0	    0.0	    3.7	  1	  250.0	 1550.0	   75.3	    0.0	    0.0	1	  236.5	 21	    0.0	    0.0	
   98	  12.84	    0.0	 1500.0	    0.0	  960.4	 1266.8	    0.0	  200.0	    0.0	    0.0	    0.0	    0.0	  100.0	   75.0	    0.0	    0.0	    0.0	    0.0	    3.7	  1	  250.0	 1550.0	   75.0	    0.0	    0.0	1	  236.5	 21	    0.0	    0.0	
   99	  12.94	    0.0	 1500.0	    0.0	  966.3	 1272.8	    0.0	  200.0	    0.0	    0.0	    0.0	    0.0	  100.0	   74.6	    0.0	    0.0	    0.0	    0.0	    3.8	  1	  250.0	 1550.0	   74.6	    0.0	    0.0	1	  236.5	 21	    0.0	    0.0	
  100	  13.04	    0.0	 1500.0	    0.0	  966.3	 1272.8	    0.0	  200.0	    0.0	    0.0	    0.0	    0.0	  100.0	   74.2	    0.0	    0.0	    0.0	    0.0	    3.8	  1	  250.0	 1550.0	   74.2	    0.0	    0.0	1	  236.5	 21	    0.0	    0.0	
  101	  13.13	    0.0	 1500.0	    0.0	  966.3	 1272.8	    0.0	  200.0	    0.0	    0.0	    0.0	    0.0	  100.0	   73.8	    0.0	    0.0	    0.0	    0.0	    3.8	  1	  250.0	 1550.0	   73.8	    0.0	    0.0	1	  236.5	 21	    0.0	    0.0	
  102	  13.24	    0.0	 1500.0	    0.0	  966.3	 1272.8	    0.0	  200.0	    0.0	    0.0	    0.0	    0.0	  100.0	   73.4	    0.0	    0.0	    0.0	    0.0	    3.9	  1	  250.0	 1550.0	   73.4	    0.0	    0.0	1	  236.5	 21	    0.0	    0.0	
  103	  13.34	    0.0	 1500.0	    0.0	  966.3	 1272.8	    0.0	  200.0	    0.0	    0.0	    0.0	    0.0	  100.0	   73.0	    0.0	    0.0	    0.0	    0.0	    3.9	  1	  250.0	 1550.0	   73.0	    0.0	    0.0	1	  236.5	 21	    0.0	    0.0	
  104	  13.44	    0.0	 1500.0	    0.0	  966.3	 1272.8	    0.0	  200.0	    0.0	    0.0	    0.0	    0.0	  100.0	   72.7	    0.0	    0.0	    0.0	    0.0	    4.0	  1	  250.0	 1550.0	   72.7	    0.0	    0.0	1	  236.5	 21	    0.0	    0.0	
  105	  13.54	    0.0	 1500.0	    0.0	  966.3	 1272.8	    0.0	  200.0	    0.0	    0.0	    0.0	    0.0	  100.0	   72.3	    0.0	    0.0	    0.0	    0.0	    4.0	  1	  250.0	 1550.0	   72.3	    0.0	    0.0	1	  236.5	 21	    0.0	    0.0	
  106	  13.63	    0.0	 1500.0	    0.0	 1093.1	 1352.3	    0.0	  200.0	    0.0	    0.0	    0.0	    0.0	  100.0	   71.9	    0.0	    0.0	    0.0	    0.0	    4.0	  1	  350.0	 1550.0	   71.9	    0.0	    0.0	1	  325.8	 21	 1231.0	 -169.0	
  107	  13.73	    0.0	 1500.0	    0.0	  966.3	 1272.8	    0.0	  200.0	    0.0	    0.0	    0.0	    0.0	  100.0	   71.5	    0.0	    0.0	    0.0	    0.0	    4.1	  1	  150.0	 1450.0	   71.5	    0.0	    0.0	1	  143.3	 21	    0.0	    0.0	
  108	  13.84	    0.0	 1500.0	    0.0	 1093.1	 1352.3	    0.0	  200.0	    0.0	    0.0	    0.0	    0.0	  100.0	   71.2	    0.0	    0.0	    0.0	    0.0	    4.1	  1	  350.0	 1550.0	   71.2	    0.0	    0.0	1	  325.8	 21	 1232.8	 -167.2	
  109	  13.94	    0.0	 1500.0	    0.0	 1093.1	 1352.3	    0.0	  200.0	    0.0	    0.0	    0.0	    0.0	  100.0	   70.9	    0.0	    0.0	    0.0	    0.0	    4.1	  1	  350.0	 1550.0	   70.9	    0.0	    0.0	1	  325.8	 21	    0.0	    0.0	
  110	  14.04	    0.0	 1500.0	    0.0	 1093.1	 1352.3	    0.0	  200.0	    0.0	    0.0	    0.0	    0.0	  100.0	   70.5	    0.0	    0.0	    0.0	    0.0	    4.2	  1	  350.0	 1550.0	   70.5	    0.0	    0.0	1	  325.8	 21	    0.0	    0.0	
  111	  14.13	    0.0	 1500.0	    0.0	 1140.1	 1348.1	    0.0	  200.0	    0.0	    0.0	    0.0	    0.0	  100.0	   70.1	    0.0	    0.0	    0.0	    0.0	    4.2	  1	  350.0	 1450.0	   70.1	    0.0	    0.0	1	  294.9	 21	    0.0	    0.0	
  112	  14.23	    0.0	 1500.0	    0.0	 1140.1	 1348.1	    0.0	  200.0	    0.0	    0.0	    0.0	    0.0	  100.0	   69.8	    0.0	    0.0	    0.0	    0.0	    4.3	  1	  350.0	 1450.0	   69.8	    0.0	    0.0	1	  294.9	 21	    0.0	    0.0	
  113	  14.34	    0.0	 1500.0	    0.0	 1140.1	 1348.1	    0.0	  200.0	    0.0	    0.0	    0.0	    0.0	  100.0	   69.4	    0.0	    0.0	    0.0	    0.0	    4.3	  1	  350.0	 1450.0	   69.4	    0.0	    0.0	1	  294.9	 21	    0.0	    0.0	
  114	  14.44	    0.0	 1500.0	    0.0	 1140.1	 1348.1	    0.0	  200.0	    0.0	    0.0	    0.0	    0.0	  100.0	   69.1	    0.0	    0.0	    0.0	    0.0	    4.3	  1	  350.0	 1450.0	   69.1	    0.0	    0.0	1	  294.9	 21	    0.0	    0.0	
  115	  14.54	    0.0	 1500.0	    0.0	 1140.1	 1348.1	    0.0	  200.0	    0.0	    0.0	    0.0	    0.0	  100.0	   68.8	    0.0	    0.0	    0.0	    0.0	    4.4	  1	  350.0	 1450.0	   68.8	    0.0	    0.0	1	  294.9	 21	    0.0	    0.0	
  116	  14.63	    0.0	 1500.0	    0.0	 1153.8	 1332.0	    0.0	  200.0	    0.0	    0.0	    0.0	    0.0	  100.0	   68.4	    0.0	    0.0	    0.0	    0.0	    4.4	  1	  350.0	 1450.0	   68.4	    0.0	    0.0	1	  294.9	 21	    0.0	    0.0	
  117	  14.73	    0.0	 1500.0	    0.0	 1153.8	 1332.0	    0.0	  200.0	    0.0	    0.0	    0.0	    0.0	  100.0	   68.1	    0.0	    0.0	    0.0	    0.0	    4.4	  1	  350.0	 1450.0	   68.1	    0.0	    0.0	1	  294.9	 21	    0.0	    0.0	
  118	  14.84	    0.0	 1500.0	    0.0	 1140.1	 1348.1	    0.0	  200.0	    0.0	    0.0	    0.0	    0.0	  100.0	   67.7	    0.0	    0.0	    0.0	    0.0	    4.5	  1	  350.0	 1450.0	   67.7	    0.0	    0.0	1	  294.9	 21	    0.0	    0.0	
  119	  14.94	    0.0	 1500.0	    0.0	 1153.8	 1332.0	    0.0	  200.0	    0.0	    0.0	    0.0	    0.0	  100.0	   67.4	    0.0	    0.0	    0.0	    0.0	    4.5	  1	  350.0	 1450.0	   67.4	    0.0	    0.0	1	  294.9	 21	    0.0	    0.0	
  120	  15.04	    0.0	 1500.0	    0.0	 1153.8	 1332.0	    0.0	  200.0	    0.0	    0.0	    0.0	    0.0	  100.0	   67.0	    0.0	    0.0	    0.0	    0.0	    4.6	  1	  350.0	 1450.0	   67.0	    0.0	    0.0	1	  294.9	 21	    0.0	    0.0	
  121	  15.13	    0.0	 1500.0	    0.0	 1153.8	 1332.0	    0.0	  200.0	    0.0	    0.0	    0.0	    0.0	  100.0	   66.7	    0.0	    0.0	    0.0	    0.0	    4.6	  1	  350.0	 1450.0	   66.7	    0.0	    0.0	1	  294.9	 21	    0.0	    0.0	
  122	  15.23	    0.0	 1500.0	    0.0	 1153.8	 1332.0	    0.0	  200.0	    0.0	    0.0	    0.0	    0.0	  100.0	   66.3	    0.0	    0.0	    0.0	    0.0	    4.6	  1	  350.0	 1450.0	   66.3	    0.0	    0.0	1	  294.9	 21	    0.0	    0.0	
  123	  15.34	    0.0	 1500.0	    0.0	 1153.8	 1332.0	    0.0	  200.0	    0.0	    0.0	    0.0	    0.0	  100.0	   66.0	    0.0	    0.0	    0.0	    0.0	    4.7	  1	  350.0	 1450.0	   66.0	    0.0	    0.0	1	  294.9	 21	    0.0	    0.0	
  124	  15.44	    0.0	 1500.0	    0.0	 1157.1	 1337.8	    0.0	  200.0	    0.0	    0.0	    0.0	    0.0	  100.0	   65.7	    0.0	    0.0	    0.0	    0.0	    4.7	  1	  350.0	 1450.0	   65.7	    0.0	    0.0	1	  294.9	 21	    0.0	    0.0	
  125	  15.54	    0.0	 1500.0	    0.0	 1157.1	 1337.8	    0.0	  200.0	    0.0	    0.0	    0.0	    0.0	  100.0	   65.3	    0.0	    0.0	    0.0	    0.0	    4.8	  1	  350.0	 1450.0	   65.3	    0.0	    0.0	1	  294.9	 21	    0.0	    0.0	
  126	  15.64	    0.0	 1500.0	    0.0	 1157.1	 1337.8	    0.0	  200.0	    0.0	    0.0	    0.0	    0.0	  100.0	   65.0	    0.0	    0.0	    0.0	    0.0	    4.8	  1	  350.0	 1450.0	   65.0	    0.0	    0.0	1	  294.9	 21	    0.0	    0.0	
  127	  15.73	    0.0	 1500.0	    0.0	 1157.1	 1337.8	    0.0	  200.0	    0.0	    0.0	    0.0	    0.0	  100.0	   64.6	    0.0	    0.0	    0.0	    0.0	    4.8	  1	  350.0	 1450.0	   64.6	    0.0	    0.0	1	  294.9	 21	    0.0	    0.0	
  128	  15.84	    0.0	 1500.0	    0.0	 1157.1	 1337.8	    0.0	  200.0	    0.0	    0.0	    0.0	    0.0	  100.0	   64.3	    0.0	    0.0	    0.0	    0.0	    4.9	  1	  350.0	 1450.0	   64.3	    0.0	    0.0	1	  294.9	 21	    0.0	    0.0	
  129	  15.94	    0.0	 1500.0	    0.0	 1169.5	 1341.8	    0.0	  200.0	    0.0	    0.0	    0.0	    0.0	  100.0	   63.9	    0.0	    0.0	    0.0	    0.0	    4.9	  1	  350.0	 1450.0	   63.9	    0.0	    0.0	1	  294.9	 21	    0.0	    0.0	
  130	  16.04	    0.0	 1500.0	    0.0	 1157.1	 1337.8	    0.0	  200.0	    0.0	    0.0	    0.0	    0.0	  100.0	   63.6	    0.0	    0.0	    0.0	    0.0	    4.9	  1	  350.0	 1450.0	   63.6	    0.0	    0.0	1	  294.9	 21	    0.0	    0.0	
  131	  16.14	    0.0	 1500.0	    0.0	 1167.6	 1342.2	    0.0	  200.0	    0.0	    0.0	    0.0	    0.0	  100.0	   63.3	    0.0	    0.0	    0.0	    0.0	    5.0	  1	  350.0	 1450.0	   63.3	    0.0	    0.0	1	  294.9	 21	    0.0	    0.0	
  132	  16.23	    0.0	 1500.0	    0.0	 1167.6	 1342.2	    0.0	  200.0	    0.0	    0.0	    0.0	    0.0	  100.0	   62.9	    0.0	    0.0	    0.0	    0.0	    5.0	  1	  350.0	 1450.0	   62.9	    0.0	    0.0	1	  294.9	 21	    0.0	    0.0	
  133	  16.34	    0.0	 1500.0	    0.0	 1167.6	 1342.2	    0.0	  200.0	    0.0	    0.0	    0.0	    0.0	  100.0	   62.6	    0.0	    0.0	    0.0	    0.0	    5.1	  1	  350.0	 1450.0	   62.6	    0.0	    0.0	1	  294.9	 21	    0.0	    0.0	
  134	  16.43	    0.0	 1500.0	    0.0	 1167.6	 1342.2	    0.0	  200.0	    0.0	    0.0	    0.0	    0.0	  100.0	   62.2	    0.0	    0.0	    0.0	    0.0	    5.1	  1	  350.0	 1450.0	   62.2	    0.0	    0.0	1	  294.9	 21	    0.0	    0.0	
  135	  16.54	    0.0	 1500.0	    0.0	 1167.6	 1342.2	    0.0	  200.0	    0.0	    0.0	    0.0	    0.0	  100.0	   61.9	    0.0	    0.0	    0.0	    0.0	    5.1	  1	  350.0	 1450.0	   61.9	    0.0	    0.0	1	  294.9	 21	    0.0	    0.0	
  136	  16.64	    0.0	 1500.0	    0.0	 1167.6	 1342.2	    0.0	  200.0	    0.0	    0.0	    0.0	    0.0	  100.0	   61.6	    0.0	    0.0	    0.0	    0.0	    5.2	  1	  350.0	 1450.0	   61.6	    0.0	    0.0	1	  294.9	 21	    0.0	    0.0	
  137	  16.73	    0.0	 1500.0	    0.0	 1167.6	 1342.2	    0.0	  200.0	    0.0	    0.0	    0.0	    0.0	  100.0	   61.2	    0.0	    0.0	    0.0	    0.0	    5.2	  1	  350.0	 1450.0	   61.2	    0.0	    0.0	1	  294.9	 21	    0.0	    0.0	
  138	  16.84	    0.0	 1500.0	    0.0	 1174.7	 1352.8	    0.0	  200.0	    0.0	    0.0	    0.0	    0.0	  100.0	   60.9	    0.0	    0.0	    0.0	    0.0	    5.2	  1	  450.0	 1550.0	   60.9	    0.0	    0.0	1	  415.2	 21	    0.0	    0.0	
  139	  16.93	    0.0	 1500.0	    0.0	 1174.7	 1352.8	    0.0	  200.0	    0.0	    0.0	    0.0	    0.0	  100.0	   60.5	    0.0	    0.0	    0.0	    0.0	    5.3	  1	  450.0	 1550.0	   60.5	    0.0	    0.0	1	  415.3	 21	    0.0	    0.0	
  140	  17.04	    0.0	 1500.0	    0.0	 1174.7	 1352.8	    0.0	  200.0	    0.0	    0.0	    0.0	    0.0	  100.0	   60.2	    0.0	    0.0	    0.0	    0.0	    5.3	  1	  450.0	 1550.0	   60.2	    0.0	    0.0	1	  415.1	 21	    0.0	    0.0	
  141	  17.14	    0.0	 1500.0	    0.0	 1174.7	 1352.8	    0.0	  200.0	    0.0	    0.0	    0.0	    0.0	  100.0	   59.9	    0.0	    0.0	    0.0	    0.0	    5.4	  1	  450.0	 1550.0	   59.9	    0.0	    0.0	1	  414.7	 21	    0.0	    0.0	
  142	  17.23	    0.0	 1500.0	    0.0	 1174.7	 1352.8	    0.0	  200.0	    0.0	    0.0	    0.0	    0.0	  100.0	   59.5	    0.0	    0.0	    0.0	    0.0	    5.4	  1	  450.0	 1550.0	   59.5	    0.0	    0.0	1	  414.3	 21	    0.0	    0.0	
  143	  17.34	    0.0	 1500.0	    0.0	 1174.7	 1352.8	    0.0	  200.0	    0.0	    0.0	    0.0	    0.0	  100.0	   59.2	    0.0	    0.0	    0.0	    0.0	    5.4	  1	  450.0	 1550.0	   59.2	    0.0	    0.0	1	  414.0	 21	    0.0	    0.0	
  144	  17.43	    0.0	 1500.0	    0.0	 1176.9	 1357.8	    0.0	  200.0	    0.0	    0.0	    0.0	    0.0	  100.0	   58.8	    0.0	    0.0	    0.0	    0.0	    5.5	  1	  450.0	 1550.0	   58.8	    0.0	    0.0	1	  413.8	 21	    0.0	    0.0	
  145	  17.54	    0.0	 1500.0	    0.0	 1176.9	 1357.8	    0.0	  200.0	    0.0	    0.0	    0.0	    0.0	  100.0	   58.5	    0.0	    0.0	    0.0	    0.0	    5.5	  1	  450.0	 1550.0	   58.5	    0.0	    0.0	1	  413.5	 21	    0.0	    0.0	
  146	  17.64	    0.0	 1500.0	    0.0	 1176.9	 1357.8	    0.0	  200.0	    0.0	    0.0	    0.0	    0.0	  100.0	   58.2	    0.0	    0.0	    0.0	    0.0	    5.5	  1	  450.0	 1550.0	   58.2	    0.0	    0.0	1	  413.1	 21	    0.0	    0.0	
  147	  17.73	    0.0	 1500.0	    0.0	 1176.9	 1357.8	    0.0	  200.0	    0.0	    0.0	    0.0	    0.0	  100.0	   57.8	    0.0	    0.0	    0.0	    0.0	    5.6	  1	  450.0	 1550.0	   57.8	    0.0	    0.0	1	  412.7	 21	    0.0	    0.0	
  148	  17.84	    0.0	 1500.0	    0.0	 1176.9	 1357.8	    0.0	  200.0	    0.0	    0.0	    0.0	    0.0	  100.0	   57.5	    0.0	    0.0	    0.0	    0.0	    5.6	  1	  450.0	 1550.0	   57.5	    0.0	    0.0	1	  412.3	 21	    0.0	    0.0	
  149	  17.93	    0.0	 1500.0	    0.0	 1176.9	 1357.8	    0.0	  200.0	    0.0	    0.0	    0.0	    0.0	  100.0	   57.1	    0.0	    0.0	    0.0	    0.0	    5.7	  1	  450.0	 1550.0	   57.1	    0.0	    0.0	1	  412.0	 21	    0.0	    0.0	
  150	  18.04	    0.0	 1500.0	    0.0	 1171.0	 1344.1	    0.0	  200.0	    0.0	    0.0	    0.0	    0.0	  100.0	   56.8	    0.0	    0.0	    0.0	    0.0	    5.7	  1	  350.0	 1450.0	   56.8	    0.0	    0.0	1	  294.9	 21	    0.0	    0.0	
  151	  18.14	    0.0	 1500.0	    0.0	 1171.0	 1344.1	    0.0	  200.0	    0.0	    0.0	    0.0	    0.0	  100.0	   56.5	    0.0	    0.0	    0.0	    0.0	    5.7	  1	  350.0	 1450.0	   56.5	    0.0	    0.0	1	  294.9	 21	    0.0	    0.0	
  152	  18.23	    0.0	 1500.0	    0.0	 1171.0	 1344.1	    0.0	  200.0	    0.0	    0.0	    0.0	    0.0	  100.0	   56.1	    0.0	    0.0	    0.0	    0.0	    5.8	  1	  350.0	 1450.0	   56.1	    0.0	    0.0	1	  294.9	 21	    0.0	    0.0	
  153	  18.34	    0.0	 1500.0	    0.0	 1171.0	 1344.1	    0.0	  200.0	    0.0	    0.0	    0.0	    0.0	  100.0	   55.8	    0.0	    0.0	    0.0	    0.0	    5.8	  1	  350.0	 1450.0	   55.8	    0.0	    0.0	1	  294.9	 21	    0.0	    0.0	
  154	  18.43	    0.0	 1500.0	    0.0	 1162.3	 1335.3	    0.0	  200.0	    0.0	    0.0	    0.0	    0.0	  100.0	   55.4	    0.0	    0.0	    0.0	    0.0	    5.9	  1	  350.0	 1450.0	   55.4	    0.0	    0.0	1	  294.9	 21	    0.0	    0.0	
  155	  18.54	    0.0	 1500.0	    0.0	 1162.3	 1335.3	    0.0	  200.0	    0.0	    0.0	    0.0	    0.0	  100.0	   55.1	    0.0	    0.0	    0.0	    0.0	    5.9	  1	  350.0	 1450.0	   55.1	    0.0	    0.0	1	  294.9	 21	    0.0	    0.0	
  156	  18.64	    0.0	 1500.0	    0.0	 1162.3	 1335.3	    0.0	  200.0	    0.0	    0.0	    0.0	    0.0	  100.0	   54.8	    0.0	    0.0	    0.0	    0.0	    5.9	  1	  350.0	 1450.0	   54.8	    0.0	    0.0	1	  294.9	 21	    0.0	    0.0	
  157	  18.73	    0.0	 1500.0	    0.0	 1162.3	 1335.3	    0.0	  200.0	    0.0	    0.0	    0.0	    0.0	  100.0	   54.4	    0.0	    0.0	    0.0	    0.0	    6.0	  1	  350.0	 1450.0	   54.4	    0.0	    0.0	1	  294.9	 21	    0.0	    0.0	
  158	  18.84	    0.0	 1500.0	    0.0	 1162.3	 1335.3	    0.0	  200.0	    0.0	    0.0	    0.0	    0.0	  100.0	   54.1	    0.0	    0.0	    0.0	    0.0	    6.0	  1	  350.0	 1450.0	   54.1	    0.0	    0.0	1	  294.9	 21	    0.0	    0.0	
  159	  18.93	    0.0	 1500.0	    0.0	 1162.3	 1335.3	    0.0	  200.0	    0.0	    0.0	    0.0	    0.0	  100.0	   53.7	    0.0	    0.0	    0.0	    0.0	    6.0	  1	  350.0	 1450.0	   53.7	    0.0	    0.0	1	  294.9	 21	    0.0	    0.0	
  160	  19.04	    0.0	 1500.0	    0.0	 1163.2	 1335.1	    0.0	  200.0	    0.0	    0.0	    0.0	    0.0	  100.0	   53.4	    0.0	    0.0	    0.0	    0.0	    6.1	  1	  350.0	 1450.0	   53.4	    0.0	    0.0	1	  294.9	 21	    0.0	    0.0	
  161	  19.14	    0.0	 1500.0	    0.0	 1163.2	 1335.1	    0.0	  200.0	    0.0	    0.0	    0.0	    0.0	  100.0	   53.1	    0.0	    0.0	    0.0	    0.0	    6.1	  1	  350.0	 1450.0	   53.1	    0.0	    0.0	1	  294.9	 21	    0.0	    0.0	
  162	  19.23	    0.0	 1500.0	    0.0	 1163.2	 1335.1	    0.0	  200.0	    0.0	    0.0	    0.0	    0.0	  100.0	   52.7	    0.0	    0.0	    0.0	    0.0	    6.2	  1	  350.0	 1450.0	   52.7	    0.0	    0.0	1	  294.9	 21	    0.0	    0.0	
  163	  19.34	    0.0	 1500.0	    0.0	 1163.2	 1335.1	    0.0	  200.0	    0.0	    0.0	    0.0	    0.0	  100.0	   52.4	    0.0	    0.0	    0.0	    0.0	    6.2	  1	  350.0	 1450.0	   52.4	    0.0	    0.0	1	  294.9	 21	    0.0	    0.0	
  164	  19.43	    0.0	 1500.0	    0.0	 1166.6	 1333.0	    0.0	  200.0	    0.0	    0.0	    0.0	    0.0	  100.0	   52.0	    0.0	    0.0	    0.0	    0.0	    6.2	  1	  350.0	 1450.0	   52.0	    0.0	    0.0	1	  294.9	 21	    0.0	    0.0	
  165	  19.54	    0.0	 1500.0	    0.0	 1163.2	 1335.1	    0.0	  200.0	    0.0	    0.0	    0.0	    0.0	  100.0	   51.7	    0.0	    0.0	    0.0	    0.0	    6.3	  1	  350.0	 1450.0	   51.7	    0.0	    0.0	1	  294.9	 21	 1400.0	   20.0	
  166	  19.64	    0.0	 1500.0	    0.0	 1164.7	 1333.4	    0.0	  200.0	    0.0	    0.0	    0.0	    0.0	  100.0	   51.3	    0.0	    0.0	    0.0	    0.0	    6.3	  1	  350.0	 1450.0	   51.3	    0.0	    0.0	1	  294.9	 21	 1398.8	   19.9	
  167	  19.73	    0.0	 1500.0	    0.0	 1164.7	 1333.4	    0.0	  200.0	    0.0	    0.0	    0.0	    0.0	  100.0	   51.0	    0.0	    0.0	    0.0	    0.0	    6.3	  1	  350.0	 1450.0	   51.0	    0.0	    0.0	1	  294.9	 21	 1397.8	   19.8	
  168	  19.84	    0.0	 1500.0	    0.0	 1164.7	 1333.4	    0.0	  200.0	    0.0	    0.0	    0.0	    0.0	  100.0	   50.7	    0.0	    0.0	    0.0	    0.0	    6.4	  1	  350.0	 1450.0	   50.7	    0.0	    0.0	1	  294.9	 21	 1396.8	   19.7	
  169	  19.94	    0.0	 1500.0	    0.0	 1164.7	 1333.4	    0.0	  200.0	    0.0	    0.0	    0.0	    0.0	  100.0	   50.3	    0.0	    0.0	    0.0	    0.0	    6.4	  1	  350.0	 1450.0	   50.3	    0.0	    0.0	1	  294.9	 21	 1395.8	   19.6	
  170	  20.04	    0.0	 1500.0	    0.0	 1164.7	 1333.4	    0.0	  200.0	    0.0	    0.0	    0.0	    0.0	  100.0	   50.0	    0.0	    0.0	    0.0	    0.0	    6.5	  1	  350.0	 1450.0	   50.0	    0.0	    0.0	1	  294.9	 21	 1394.8	   19.5	
  171	  20.14	    0.0	 1500.0	    0.0	 1164.7	 1333.4	    0.0	  200.0	    0.0	    0.0	    0.0	    0.0	  100.0	   49.6	    0.0	    0.0	    0.0	    0.0	    6.5	  1	  350.0	 1450.0	   49.6	    0.0	    0.0	1	  294.9	 21	 1393.8	   19.4	
  172	  20.23	    0.0	 1500.0	    0.0	 1180.2	 1351.7	    0.0	  200.0	    0.0	    0.0	    0.0	    0.0	  100.0	   49.3	    0.0	    0.0	    0.0	    0.0	    6.5	  1	  450.0	 1550.0	   49.3	    0.0	    0.0	1	  400.9	 21	 1391.4	   19.1	
  173	  20.34	    0.0	 1500.0	    0.0	 1180.2	 1351.7	    0.0	  200.0	    0.0	    0.0	    0.0	    0.0	  100.0	   49.0	    0.0	    0.0	    0.0	    0.0	    6.6	  1	  450.0	 1550.0	   49.0	    0.0	    0.0	1	  400.4	 21	 1390.5	   19.0	
  174	  20.43	    0.0	 1500.0	    0.0	 1180.2	 1351.7	    0.0	  200.0	    0.0	    0.0	    0.0	    0.0	  100.0	   48.6	    0.0	    0.0	    0.0	    0.0	    6.6	  1	  450.0	 1550.0	   48.6	    0.0	    0.0	1	  399.8	 21	 1389.5	   18.9	
  175	  20.54	    0.0	 1500.0	    0.0	 1180.2	 1351.7	    0.0	  200.0	    0.0	    0.0	    0.0	    0.0	  100.0	   48.3	    0.0	    0.0	    0.0	    0.0	    6.6	  1	  450.0	 1550.0	   48.3	    0.0	    0.0	1	  399.3	 21	 1388.5	   18.8	
  176	  20.64	    0.0	 1500.0	    0.0	 1183.3	 1363.3	    0.0	  200.0	    0.0	    0.0	    0.0	    0.0	  100.0	   48.0	    0.0	    0.0	    0.0	    0.0	    6.7	  1	  450.0	 1550.0	   48.0	    0.0	    0.0	1	  399.2	 21	 1387.3	   18.7	
  177	  20.73	    0.0	 1500.0	    0.0	 1183.3	 1363.3	    0.0	  200.0	    0.0	    0.0	    0.0	    0.0	  100.0	   47.6	    0.0	    0.0	    0.0	    0.0	    6.7	  1	  450.0	 1550.0	   47.6	    0.0	    0.0	1	  398.6	 21	 1386.3	   18.6	
  178	  20.84	    0.0	 1500.0	    0.0	 1183.3	 1363.3	    0.0	  200.0	    0.0	    0.0	    0.0	    0.0	  100.0	   47.3	    0.0	    0.0	    0.0	    0.0	    6.8	  1	  450.0	 1550.0	   47.3	    0.0	    0.0	1	  398.1	 21	 1385.3	   18.5	
  179	  20.94	    0.0	 1500.0	    0.0	 1183.3	 1363.3	    0.0	  200.0	    0.0	    0.0	    0.0	    0.0	  100.0	   46.9	    0.0	    0.0	    0.0	    0.0	    6.8	  1	  450.0	 1550.0	   46.9	    0.0	    0.0	1	  397.5	 21	 1384.3	   18.4	
  180	  21.04	    0.0	 1500.0	    0.0	 1183.3	 1363.3	    0.0	  200.0	    0.0	    0.0	    0.0	    0.0	  100.0	   46.6	    0.0	    0.0	    0.0	    0.0	    6.8	  1	  450.0	 1550.0	   46.6	    0.0	    0.0	1	  396.9	 21	 1383.3	   18.3	
  181	  21.14	    0.0	 1500.0	    0.0	 1183.3	 1363.3	    0.0	  200.0	    0.0	    0.0	    0.0	    0.0	  100.0	   46.3	    0.0	    0.0	    0.0	    0.0	    6.9	  1	  450.0	 1550.0	   46.3	    0.0	    0.0	1	  396.4	 21	 1382.4	   18.2	
  182	  21.23	    0.0	 1500.0	    0.0	 1184.0	 1361.8	    0.0	  200.0	    0.0	    0.0	    0.0	    0.0	  100.0	   45.9	    0.0	    0.0	    0.0	    0.0	    6.9	  1	  450.0	 1550.0	   45.9	    0.0	    0.0	1	  395.8	 21	 1381.3	   18.1	
  183	  21.34	    0.0	 1500.0	    0.0	 1184.0	 1361.8	    0.0	  200.0	    0.0	    0.0	    0.0	    0.0	  100.0	   45.6	    0.0	    0.0	    0.0	    0.0	    7.0	  1	  450.0	 1550.0	   45.6	    0.0	    0.0	1	  395.2	 21	 1380.3	   18.0	
  184	  21.43	    0.0	 1500.0	    0.0	 1184.0	 1361.8	    0.0	  200.0	    0.0	    0.0	    0.0	    0.0	  100.0	   45.3	    0.0	    0.0	    0.0	    0.0	    7.0	  1	  450.0	 1550.0	   45.3	    0.0	    0.0	1	  394.6	 21	 1379.3	   17.9	
  185	  21.54	    0.0	 1500.0	    0.0	 1184.0	 1361.8	    0.0	  200.0	    0.0	    0.0	    0.0	    0.0	  100.0	   44.9	    0.0	    0.0	    0.0	    0.0	    7.0	  1	  450.0	 1550.0	   44.9	    0.0	    0.0	1	  394.0	 21	 1378.3	   17.8	
  186	  21.64	    0.0	 1500.0	    0.0	 1184.0	 1361.8	    0.0	  200.0	    0.0	    0.0	    0.0	    0.0	  100.0	   44.6	    0.0	    0.0	    0.0	    0.0	    7.1	  1	  450.0	 1550.0	   44.6	    0.0	    0.0	1	  393.4	 21	 1377.4	   17.7	
  187	  21.74	    0.0	 1500.0	    0.0	 1182.7	 1364.8	    0.0	  200.0	    0.0	    0.0	    0.0	    0.0	  100.0	   44.2	    0.0	    0.0	    0.0	    0.0	    7.1	  1	  450.0	 1550.0	   44.2	    0.0	    0.0	1	  392.8	 21	 1376.5	   17.7	
  188	  21.84	    0.0	 1500.0	    0.0	 1182.7	 1364.8	    0.0	  200.0	    0.0	    0.0	    0.0	    0.0	  100.0	   43.9	    0.0	    0.0	    0.0	    0.0	    7.1	  1	  450.0	 1550.0	   43.9	    0.0	    0.0	1	  392.1	 21	 1375.5	   17.6	
  189	  21.93	    0.0	 1500.0	    0.0	 1182.7	 1364.8	    0.0	  200.0	    0.0	    0.0	    0.0	    0.0	  100.0	   43.6	    0.0	    0.0	    0.0	    0.0	    7.2	  1	  450.0	 1550.0	   43.6	    0.0	    0.0	1	  391.5	 21	 1374.5	   17.5	
  190	  22.04	    0.0	 1500.0	    0.0	 1182.7	 1364.8	    0.0	  200.0	    0.0	    0.0	    0.0	    0.0	  100.0	   43.2	    0.0	    0.0	    0.0	    0.0	    7.2	  1	  450.0	 1550.0	   43.2	    0.0	    0.0	1	  390.9	 21	 1373.5	   17.4	
  191	  22.14	    0.0	 1500.0	    0.0	 1182.7	 1364.8	    0.0	  200.0	    0.0	    0.0	    0.0	    0.0	  100.0	   42.9	    0.0	    0.0	    0.0	    0.0	    7.3	  1	  450.0	 1550.0	   42.9	    0.0	    0.0	1	  390.3	 21	 1372.6	   17.3	
  192	  22.23	    0.0	 1500.0	    0.0	 1181.5	 1363.7	    0.0	  200.0	    0.0	    0.0	    0.0	    0.0	  100.0	   42.6	    0.0	    0.0	    0.0	    0.0	    7.3	  1	  450.0	 1550.0	   42.6	    0.0	    0.0	1	  389.6	 21	 1371.7	   17.2	
  193	  22.34	    0.0	 1500.0	    0.0	 1181.5	 1363.7	    0.0	  200.0	    0.0	    0.0	    0.0	    0.0	  100.0	   42.2	    0.0	    0.0	    0.0	    0.0	    7.3	  1	  450.0	 1550.0	   42.2	    0.0	    0.0	1	  389.0	 21	 1370.7	   17.1	
  194	  22.44	    0.0	 1500.0	    0.0	 1181.5	 1363.7	    0.0	  200.0	    0.0	    0.0	    0.0	    0.0	  100.0	   41.9	    0.0	    0.0	    0.0	    0.0	    7.4	  1	  450.0	 1550.0	   41.9	    0.0	    0.0	1	  388.4	 21	 1369.7	   17.0	
  195	  22.54	    0.0	 1500.0	    0.0	 1181.5	 1363.7	    0.0	  200.0	    0.0	    0.0	    0.0	    0.0	  100.0	   41.5	    0.0	    0.0	    0.0	    0.0	    7.4	  1	  450.0	 1550.0	   41.5	    0.0	    0.0	1	  387.7	 21	 1368.7	   16.9	
  196	  22.64	    0.0	 1500.0	    0.0	 1172.0	 1357.4	    0.0	  200.0	    0.0	    0.0	    0.0	    0.0	  100.0	   41.2	    0.0	    0.0	    0.0	    0.0	    7.4	  1	  350.0	 1450.0	   41.2	    0.0	    0.0	1	  294.9	 21	 1368.4	   16.8	
  197	  22.73	    0.0	 1500.0	    0.0	 1181.5	 1363.7	    0.0	  200.0	    0.0	    0.0	    0.0	    0.0	  100.0	   40.9	    0.0	    0.0	    0.0	    0.0	    7.5	  1	  350.0	 1450.0	   40.9	    0.0	    0.0	1	  294.9	 21	 1366.7	   16.7	
  198	  22.84	    0.0	 1500.0	    0.0	 1172.0	 1357.4	    0.0	  200.0	    0.0	    0.0	    0.0	    0.0	  100.0	   40.5	    0.0	    0.0	    0.0	    0.0	    7.5	  1	  350.0	 1450.0	   40.5	    0.0	    0.0	1	  294.9	 21	 1366.4	   16.6	
  199	  22.94	    0.0	 1500.0	    0.0	 1172.0	 1357.4	    0.0	  200.0	    0.0	    0.0	    0.0	    0.0	  100.0	   40.2	    0.0	    0.0	    0.0	    0.0	    7.6	  1	  350.0	 1450.0	   40.2	    0.0	    0.0	1	  294.9	 21	 1365.4	   16.5	
  200	  23.04	    0.0	 1500.0	    0.0	 1172.0	 1357.4	    0.0	  200.0	    0.0	    0.0	    0.0	    0.0	  100.0	   39.8	    0.0	    0.0	    0.0	    0.0	    7.6	  1	  350.0	 1450.0	   39.8	    0.0	    0.0	1	  294.9	 21	 1364.4	   16.4	
  201	  23.14	    0.0	 1500.0	    0.0	 1172.0	 1357.4	    0.0	  200.0	    0.0	    0.0	    0.0	    0.0	  100.0	   39.5	    0.0	    0.0	    0.0	    0.0	    7.6	  1	  350.0	 1450.0	   39.5	    0.0	    0.0	1	  294.9	 21	 1363.4	   16.3	
  202	  23.23	    0.0	 1500.0	    0.0	 1178.9	 1345.2	    0.0	  200.0	    0.0	    0.0	    0.0	    0.0	  100.0	   39.2	    0.0	    0.0	    0.0	    0.0	    7.7	  1	  350.0	 1450.0	   39.2	    0.0	    0.0	1	  294.9	 21	 1361.8	   16.2	
  203	  23.34	    0.0	 1500.0	    0.0	 1172.0	 1357.4	    0.0	  200.0	    0.0	    0.0	    0.0	    0.0	  100.0	   38.8	    0.0	    0.0	    0.0	    0.0	    7.7	  1	  350.0	 1450.0	   38.8	    0.0	    0.0	1	  294.9	 21	 1361.4	   16.1	
  204	  23.43	    0.0	 1500.0	    0.0	 1178.9	 1345.2	    0.0	  200.0	    0.0	    0.0	    0.0	    0.0	  100.0	   38.5	    0.0	    0.0	    0.0	    0.0	    7.8	  1	  350.0	 1450.0	   38.5	    0.0	    0.0	1	  294.9	 21	 1359.8	   16.0	
  205	  23.54	    0.0	 1500.0	    0.0	 1178.9	 1345.2	    0.0	  200.0	    0.0	    0.0	    0.0	    0.0	  100.0	   38.1	    0.0	    0.0	    0.0	    0.0	    7.8	  1	  350.0	 1450.0	   38.1	    0.0	    0.0	1	  294.9	 21	 1358.9	   15.9	
  206	  23.64	    0.0	 1500.0	    0.0	 1178.9	 1345.2	    0.0	  200.0	    0.0	    0.0	    0.0	    0.0	  100.0	   37.8	    0.0	    0.0	    0.0	    0.0	    7.8	  1	  350.0	 1450.0	   37.8	    0.0	    0.0	1	  294.9	 21	 1357.9	   15.8	
  207	  23.73	    0.0	 1500.0	    0.0	 1178.9	 1345.2	    0.0	  200.0	    0.0	    0.0	    0.0	    0.0	  100.0	   37.5	    0.0	    0.0	    0.0	    0.0	    7.9	  1	  350.0	 1450.0	   37.5	    0.0	    0.0	1	  294.9	 21	 1356.9	   15.7	
  208	  23.84	    0.0	 1500.0	    0.0	 1175.3	 1341.9	    0.0	  200.0	    0.0	    0.0	    0.0	    0.0	  100.0	   37.1	    0.0	    0.0	    0.0	    0.0	    7.9	  1	  350.0	 1450.0	   37.1	    0.0	    0.0	1	  294.9	 21	 1356.1	   15.6	
  209	  23.94	    0.0	 1500.0	    0.0	 1175.3	 1341.9	    0.0	  200.0	    0.0	    0.0	    0.0	    0.0	  100.0	   36.8	    0.0	    0.0	    0.0	    0.0	    7.9	  1	  350.0	 1450.0	   36.8	    0.0	    0.0	1	  294.9	 21	 1355.1	   15.5	
  210	  24.04	    0.0	 1500.0	    0.0	 1175.3	 1341.9	    0.0	  200.0	    0.0	    0.0	    0.0	    0.0	  100.0	   36.5	    0.0	    0.0	    0.0	    0.0	    8.0	  1	  350.0	 1450.0	   36.5	    0.0	    0.0	1	  294.9	 21	 1354.1	   15.4	
  211	  24.14	    0.0	 1500.0	    0.0	 1175.3	 1341.9	    0.0	  200.0	    0.0	    0.0	    0.0	    0.0	  100.0	   36.1	    0.0	    0.0	    0.0	    0.0	    8.0	  1	  350.0	 1450.0	   36.1	    0.0	    0.0	1	  294.9	 21	 1353.1	   15.3	
  212	  24.23	    0.0	 1500.0	    0.0	 1175.3	 1341.9	    0.0	  200.0	    0.0	    0.0	    0.0	    0.0	  100.0	   35.8	    0.0	    0.0	    0.0	    0.0	    8.1	  1	  350.0	 1450.0	   35.8	    0.0	    0.0	1	  294.9	 21	 1352.1	   15.2	
  213	  24.34	    0.0	 1500.0	    0.0	 1175.3	 1341.9	    0.0	  200.0	    0.0	    0.0	    0.0	    0.0	  100.0	   35.4	    0.0	    0.0	    0.0	    0.0	    8.1	  1	  350.0	 1450.0	   35.4	    0.0	    0.0	1	  294.9	 21	 1351.2	   15.1	
  214	  24.43	    0.0	 1500.0	    0.0	 1176.7	 1344.3	    0.0	  200.0	    0.0	    0.0	    0.0	    0.0	  100.0	   35.1	    0.0	    0.0	    0.0	    0.0	    8.1	  1	  350.0	 1450.0	   35.1	    0.0	    0.0	1	  294.9	 21	 1350.1	   15.0	
  215	  24.54	    0.0	 1500.0	    0.0	 1176.7	 1344.3	    0.0	  200.0	    0.0	    0.0	    0.0	    0.0	  100.0	   34.8	    0.0	    0.0	    0.0	    0.0	    8.2	  1	  350.0	 1450.0	   34.8	    0.0	    0.0	1	  294.9	 21	 1349.1	   14.9	
  216	  24.64	    0.0	 1500.0	    0.0	 1176.7	 1344.3	    0.0	  200.0	    0.0	    0.0	    0.0	    0.0	  100.0	   34.4	    0.0	    0.0	    0.0	    0.0	    8.2	  1	  350.0	 1450.0	   34.4	    0.0	    0.0	1	  294.9	 21	 1348.1	   14.8	
  217	  24.73	    0.0	 1500.0	    0.0	 1176.7	 1344.3	    0.0	  200.0	    0.0	    0.0	    0.0	    0.0	  100.0	   34.1	    0.0	    0.0	    0.0	    0.0	    8.2	  1	  350.0	 1450.0	   34.1	    0.0	    0.0	1	  294.9	 21	 1347.1	   14.7	
  218	  24.84	    0.0	 1500.0	    0.0	 1176.7	 1344.3	    0.0	  200.0	    0.0	    0.0	    0.0	    0.0	  100.0	   33.7	    0.0	    0.0	    0.0	    0.0	    8.3	  1	  350.0	 1450.0	   33.7	    0.0	    0.0	1	  294.9	 21	 1346.1	   14.6	
  219	  24.94	    0.0	 1500.0	    0.0	 1176.7	 1344.3	    0.0	  200.0	    0.0	    0.0	    0.0	    0.0	  100.0	   33.4	    0.0	    0.0	    0.0	    0.0	    8.3	  1	  350.0	 1450.0	   33.4	    0.0	    0.0	1	  294.9	 21	 1345.1	   14.5	
  220	  25.04	    0.0	 1500.0	    0.0	 1176.7	 1344.3	    0.0	  200.0	    0.0	    0.0	    0.0	    0.0	  100.0	   33.1	    0.0	    0.0	    0.0	    0.0	    8.4	  1	  350.0	 1450.0	   33.1	    0.0	    0.0	1	  294.9	 21	 1344.1	   14.4	
  221	  25.14	    0.0	 1500.0	    0.0	 1176.7	 1344.3	    0.0	  200.0	    0.0	    0.0	    0.0	    0.0	  100.0	   32.7	    0.0	    0.0	    0.0	    0.0	    8.4	  1	  350.0	 1450.0	   32.7	    0.0	    0.0	1	  294.9	 21	 1343.1	   14.3	
  222	  25.23	    0.0	 1500.0	    0.0	 1187.8	 1351.6	    0.0	  200.0	    0.0	    0.0	    0.0	    0.0	  100.0	   32.4	    0.0	    0.0	    0.0	    0.0	    8.4	  1	  350.0	 1450.0	   32.4	    0.0	    0.0	1	  294.9	 21	 1341.5	   14.1	
  223	  25.34	    0.0	 1500.0	    0.0	 1187.8	 1351.6	    0.0	  200.0	    0.0	    0.0	    0.0	    0.0	  100.0	   32.1	    0.0	    0.0	    0.0	    0.0	    8.5	  1	  350.0	 1450.0	   32.1	    0.0	    0.0	1	  294.9	 21	 1340.5	   14.1	
  224	  25.43	    0.0	 1500.0	    0.0	 1187.8	 1351.6	    0.0	  200.0	    0.0	    0.0	    0.0	    0.0	  100.0	   31.7	    0.0	    0.0	    0.0	    0.0	    8.5	  1	  350.0	 1450.0	   31.7	    0.0	    0.0	1	  294.9	 21	 1339.5	   14.0	
  225	  25.54	    0.0	 1500.0	    0.0	 1187.8	 1351.6	    0.0	  200.0	    0.0	    0.0	    0.0	    0.0	  100.0	   31.4	    0.0	    0.0	    0.0	    0.0	    8.5	  1	  350.0	 1450.0	   31.4	    0.0	    0.0	1	  294.9	 21	 1338.6	   13.9	
  226	  25.64	    0.0	 1500.0	    0.0	 1187.8	 1351.6	    0.0	  200.0	    0.0	    0.0	    0.0	    0.0	  100.0	   31.0	    0.0	    0.0	    0.0	    0.0	    8.6	  1	  350.0	 1450.0	   31.0	    0.0	    0.0	1	  294.9	 21	 1337.6	   13.8	
  227	  25.73	    0.0	 1500.0	    0.0	 1187.8	 1351.6	    0.0	  200.0	    0.0	    0.0	    0.0	    0.0	  100.0	   30.7	    0.0	    0.0	    0.0	    0.0	    8.6	  1	  250.0	 1450.0	   30.7	    0.0	    0.0	1	  235.8	 21	 1336.6	   13.7	
  228	  25.84	    0.0	 1500.0	    0.0	 1190.2	 1353.9	    0.0	  200.0	    0.0	    0.0	    0.0	    0.0	  100.0	   30.4	    0.0	    0.0	    0.0	    0.0	    8.7	  1	  250.0	 1450.0	   30.4	    0.0	    0.0	1	  235.8	 21	 1335.5	   13.6	
  229	  25.93	    0.0	 1500.0	    0.0	 1190.2	 1353.9	    0.0	  200.0	    0.0	    0.0	    0.0	    0.0	  100.0	   30.0	    0.0	    0.0	    0.0	    0.0	    8.7	  1	  250.0	 1450.0	   30.0	    0.0	    0.0	1	  235.8	 21	 1334.5	   13.5	
  230	  26.04	    0.0	 1500.0	    0.0	 1190.2	 1353.9	    0.0	  200.0	    0.0	    0.0	    0.0	    0.0	  100.0	   29.7	    0.0	    0.0	    0.0	    0.0	    8.7	  1	  250.0	 1450.0	   29.7	    0.0	    0.0	1	  235.8	 21	 1333.6	   13.4	
  231	  26.14	    0.0	 1500.0	    0.0	 1190.2	 1353.9	    0.0	  200.0	    0.0	    0.0	    0.0	    0.0	  100.0	   29.4	    0.0	    0.0	    0.0	    0.0	    8.8	  1	  250.0	 1450.0	   29.4	    0.0	    0.0	1	  235.8	 21	 1332.6	   13.3	
  232	  26.23	    0.0	 1500.0	    0.0	 1190.2	 1353.9	    0.0	  200.0	    0.0	    0.0	    0.0	    0.0	  100.0	   29.0	    0.0	    0.0	    0.0	    0.0	    8.8	  1	  150.0	 1450.0	   29.0	    0.0	    0.0	1	  143.4	 21	 1331.6	   13.2	
  233	  26.34	    0.0	 1500.0	    0.0	 1188.1	 1354.3	    0.0	  200.0	    0.0	    0.0	    0.0	    0.0	  100.0	   28.7	    0.0	    0.0	    0.0	    0.0	    8.9	  1	  150.0	 1450.0	   28.7	    0.0	    0.0	1	  143.4	 21	 1330.7	   13.1	
  234	  26.43	    0.0	 1500.0	    0.0	 1187.4	 1354.4	    0.0	  200.0	    0.0	    0.0	    0.0	    0.0	  100.0	   28.4	    0.0	    0.0	    0.0	    0.0	    8.9	  1	  150.0	 1450.0	   28.4	    0.0	    0.0	1	  143.4	 21	 1329.8	   13.0	
  235	  26.54	    0.0	 1500.0	    0.0	 1187.4	 1354.4	    0.0	  200.0	    0.0	    0.0	    0.0	    0.0	  100.0	   28.0	    0.0	    0.0	    0.0	    0.0	    8.9	  1	  150.0	 1450.0	   28.0	    0.0	    0.0	1	  143.4	 21	 1328.8	   12.9	
  236	  26.64	    0.0	 1500.0	    0.0	 1187.4	 1354.4	    0.0	  200.0	    0.0	    0.0	    0.0	    0.0	  100.0	   27.7	    0.0	    0.0	    0.0	    0.0	    9.0	  1	  150.0	 1450.0	   27.7	    0.0	    0.0	1	  143.4	 21	 1327.9	   12.8	
  237	  26.73	    0.0	 1500.0	    0.0	 1187.4	 1354.4	    0.0	  200.0	    0.0	    0.0	    0.0	    0.0	  100.0	   27.4	    0.0	    0.0	    0.0	    0.0	    9.0	  1	  150.0	 1450.0	   27.4	    0.0	    0.0	1	  143.4	 21	 1326.9	   12.7	
  238	  26.84	    0.0	 1500.0	    0.0	 1187.4	 1354.4	    0.0	  200.0	    0.0	    0.0	    0.0	    0.0	  100.0	   27.0	    0.0	    0.0	    0.0	    0.0	    9.0	  1	  150.0	 1450.0	   27.0	    0.0	    0.0	1	  143.4	 21	 1325.9	   12.6	
  239	  26.93	    0.0	 1500.0	    0.0	 1187.4	 1354.4	    0.0	  200.0	    0.0	    0.0	    0.0	    0.0	  100.0	   26.7	    0.0	    0.0	    0.0	    0.0	    9.1	  1	  150.0	 1450.0	   26.7	    0.0	    0.0	1	  143.4	 21	 1324.9	   12.5	
  240	  27.04	    0.0	 1500.0	    0.0	 1187.4	 1354.4	    0.0	  200.0	    0.0	    0.0	    0.0	    0.0	  100.0	   26.3	    0.0	    0.0	    0.0	    0.0	    9.1	  1	  150.0	 1450.0	   26.3	    0.0	    0.0	1	  143.4	 21	 1323.9	   12.4	
  241	  27.14	    0.0	 1500.0	    0.0	 1187.4	 1354.4	    0.0	  200.0	    0.0	    0.0	    0.0	    0.0	  100.0	   26.0	    0.0	    0.0	    0.0	    0.0	    9.2	  1	  150.0	 1450.0	   26.0	    0.0	    0.0	1	  143.4	 21	 1323.0	   12.3	
  242	  27.24	    0.0	 1500.0	    0.0	 1187.4	 1354.4	    0.0	  200.0	    0.0	    0.0	    0.0	    0.0	  100.0	   25.7	    0.0	    0.0	    0.0	    0.0	    9.2	  1	   50.0	 1450.0	   25.7	    0.0	    0.0	1	   65.7	 21	 1322.0	   12.2	
  243	  27.34	    0.0	 1500.0	    0.0	 1176.1	 1355.2	    0.0	  200.0	    0.0	    0.0	    0.0	    0.0	  100.0	   25.3	    0.0	    0.0	    0.0	    0.0	    9.2	  1	   50.0	 1450.0	   25.3	    0.0	    0.0	1	   65.7	 21	 1321.6	   12.2	
  244	  27.43	    0.0	 1500.0	    0.0	 1176.1	 1355.2	    0.0	  200.0	    0.0	    0.0	    0.0	    0.0	  100.0	   25.0	    0.0	    0.0	    0.0	    0.0	    9.3	  1	   50.0	 1450.0	   25.0	    0.0	    0.0	1	   65.7	 21	 1320.6	   12.1	
  245	  27.54	    0.0	 1500.0	    0.0	 1176.1	 1355.2	    0.0	  200.0	    0.0	    0.0	    0.0	    0.0	  100.0	   24.7	    0.0	    0.0	    0.0	    0.0	    9.3	  1	   50.0	 1450.0	   24.7	    0.0	    0.0	1	   65.7	 21	 1319.6	   12.0	
  246	  27.64	    0.0	 1500.0	    0.0	 1177.0	 1355.0	    0.0	  200.0	    0.0	    0.0	    0.0	    0.0	  100.0	   24.3	    0.0	    0.0	    0.0	    0.0	    9.3	  1	   50.0	 1450.0	   24.3	    0.0	    0.0	1	   65.7	 21	 1318.5	   11.9	
  247	  27.73	    0.0	 1500.0	    0.0	 1177.0	 1355.0	    0.0	  200.0	    0.0	    0.0	    0.0	    0.0	  100.0	   24.0	    0.0	    0.0	    0.0	    0.0	    9.4	  1	   50.0	 1450.0	   24.0	    0.0	    0.0	1	   65.7	 21	 1317.5	   11.8	
  248	  27.84	    0.0	 1500.0	    0.0	 1177.0	 1355.0	    0.0	  200.0	    0.0	    0.0	    0.0	    0.0	  100.0	   23.6	    0.0	    0.0	    0.0	    0.0	    9.4	  1	   50.0	 1450.0	   23.6	    0.0	    0.0	1	   65.7	 21	 1316.5	   11.7	
  249	  27.93	    0.0	 1500.0	    0.0	 1177.0	 1355.0	    0.0	  200.0	    0.0	    0.0	    0.0	    0.0	  100.0	   23.3	    0.0	    0.0	    0.0	    0.0	    9.5	  1	   50.0	 1450.0	   23.3	    0.0	    0.0	1	   65.7	 21	 1315.6	   11.6	
  250	  28.04	    0.0	 1500.0	    0.0	 1177.0	 1355.0	    0.0	  200.0	    0.0	    0.0	    0.0	    0.0	  100.0	   23.0	    0.0	    0.0	    0.0	    0.0	    9.5	  1	   50.0	 1450.0	   23.0	    0.0	    0.0	1	   65.7	 21	 1314.6	   11.5	
  251	  28.14	    0.0	 1500.0	    0.0	 1181.5	 1354.2	    0.0	  200.0	    0.0	    0.0	    0.0	    0.0	  100.0	   22.6	    0.0	    0.0	    0.0	    0.0	    9.5	  1	   50.0	 1450.0	   22.6	    0.0	    0.0	1	   65.7	 21	 1313.4	   11.3	
  252	  28.23	    0.0	 1500.0	    0.0	 1181.5	 1354.2	    0.0	  200.0	    0.0	    0.0	    0.0	    0.0	  100.0	   22.3	    0.0	    0.0	    0.0	    0.0	    9.6	  1	   50.0	 1450.0	   22.3	    0.0	    0.0	1	   65.7	 21	 1312.4	   11.2	
  253	  28.34	    0.0	 1500.0	    0.0	 1174.6	 1355.5	    0.0	  200.0	    0.0	    0.0	    0.0	    0.0	  100.0	   21.9	    0.0	    0.0	    0.0	    0.0	    9.6	  1	   50.0	 1450.0	   21.9	    0.0	    0.0	1	   65.7	 21	 1311.7	   11.2	
  254	  28.43	    0.0	 1500.0	    0.0	 1181.5	 1354.2	    0.0	  200.0	    0.0	    0.0	    0.0	    0.0	  100.0	   21.6	    0.0	    0.0	    0.0	    0.0	    9.7	  1	   50.0	 1450.0	   21.6	    0.0	    0.0	1	   65.7	 21	 1310.4	   11.0	
  255	  28.54	    0.0	 1500.0	    0.0	 1181.5	 1354.2	    0.0	  200.0	    0.0	    0.0	    0.0	    0.0	  100.0	   21.3	    0.0	    0.0	    0.0	    0.0	    9.7	  1	   50.0	 1450.0	   21.3	    0.0	    0.0	1	   65.7	 21	 1309.4	   10.9	
  256	  28.64	    0.0	 1500.0	    0.0	 1181.5	 1354.2	    0.0	  200.0	    0.0	    0.0	    0.0	    0.0	  100.0	   20.9	    0.0	    0.0	    0.0	    0.0	    9.7	  1	   50.0	 1450.0	   20.9	    0.0	    0.0	1	   65.7	 21	 1308.4	   10.8	
  257	  28.73	    0.0	 1500.0	    0.0	 1181.5	 1354.2	    0.0	  200.0	    0.0	    0.0	    0.0	    0.0	  100.0	   20.6	    0.0	    0.0	    0.0	    0.0	    9.8	  1	   50.0	 1450.0	   20.6	    0.0	    0.0	1	   65.7	 21	 1307.5	   10.7	
  258	  28.84	    0.0	 1500.0	    0.0	 1181.5	 1354.2	    0.0	  200.0	    0.0	    0.0	    0.0	    0.0	  100.0	   20.3	    0.0	    0.0	    0.0	    0.0	    9.8	  1	   50.0	 1450.0	   20.3	    0.0	    0.0	1	   65.7	 21	 1306.5	   10.6	
  259	  28.93	    0.0	 1500.0	    0.0	 1181.5	 1354.2	    0.0	  200.0	    0.0	    0.0	    0.0	    0.0	  100.0	   19.9	    0.0	    0.0	    0.0	    0.0	    9.8	  1	   50.0	 1450.0	   19.9	    0.0	    0.0	1	   65.7	 21	 1305.5	   10.5	
  260	  29.04	    0.0	 1500.0	    0.0	 1181.5	 1354.2	    0.0	  200.0	    0.0	    0.0	    0.0	    0.0	  100.0	   19.6	    0.0	    0.0	    0.0	    0.0	    9.9	  1	   50.0	 1450.0	   19.6	    0.0	    0.0	1	   65.7	 21	 1304.5	   10.4	
  261	  29.14	    0.0	 1500.0	    0.0	 1180.3	 1354.4	    0.0	  200.0	    0.0	    0.0	    0.0	    0.0	  100.0	   19.2	    0.0	    0.0	    0.0	    0.0	    9.9	  1	   50.0	 1450.0	   19.2	    0.0	    0.0	1	   65.7	 21	 1303.6	   10.4	
  262	  29.24	    0.0	 1500.0	    0.0	 1180.0	 1354.5	    0.0	  200.0	    0.0	    0.0	    0.0	    0.0	  100.0	   18.9	    0.0	    0.0	    0.0	    0.0	   10.0	  1	   50.0	 1450.0	   18.9	    0.0	    0.0	1	   65.7	 21	 1302.6	   10.3	
  263	  29.34	    0.0	 1500.0	    0.0	 1180.0	 1354.5	    0.0	  200.0	    0.0	    0.0	    0.0	    0.0	  100.0	   18.6	    0.0	    0.0	    0.0	    0.0	   10.0	  1	   50.0	 1450.0	   18.6	    0.0	    0.0	1	   65.7	 21	 1301.6	   10.2	
  264	  29.43	    0.0	 1500.0	    0.0	 1180.0	 1354.5	    0.0	  200.0	    0.0	    0.0	    0.0	    0.0	  100.0	   18.2	    0.0	    0.0	    0.0	    0.0	   10.0	  1	   50.0	 1450.0	   18.2	    0.0	    0.0	1	   65.7	 21	 1300.6	   10.1	
  265	  29.54	    0.0	 1500.0	    0.0	 1180.0	 1354.5	    0.0	  200.0	    0.0	    0.0	    0.0	    0.0	  100.0	   17.9	    0.0	    0.0	    0.0	    0.0	   10.1	  1	   50.0	 1450.0	   17.9	    0.0	    0.0	1	   65.7	 21	    0.0	   10.0	
  266	  29.64	    0.0	 1500.0	    0.0	 1180.0	 1354.5	    0.0	  200.0	    0.0	    0.0	    0.0	    0.0	  100.0	   17.6	    0.0	    0.0	    0.0	    0.0	   10.1	  1	   50.0	 1450.0	   17.6	    0.0	    0.0	1	   65.7	 21	    0.0	    9.9	
  267	  29.73	    0.0	 1500.0	    0.0	 1180.0	 1354.5	    0.0	  200.0	    0.0	    0.0	    0.0	    0.0	  100.0	   17.2	    0.0	    0.0	    0.0	    0.0	   10.1	  1	   50.0	 1450.0	   17.2	    0.0	    0.0	1	   65.7	 21	    0.0	    9.8	
  268	  29.84	    0.0	 1500.0	    0.0	 1180.0	 1354.5	    0.0	  200.0	    0.0	    0.0	    0.0	    0.0	  100.0	   16.9	    0.0	    0.0	    0.0	    0.0	   10.2	  1	   50.0	 1450.0	   16.9	    0.0	    0.0	1	   65.7	 21	    0.0	    9.7	
  269	  29.93	    0.0	 1500.0	    0.0	 1180.0	 1354.5	    0.0	  200.0	    0.0	    0.0	    0.0	    0.0	  100.0	   16.5	    0.0	    0.0	    0.0	    0.0	   10.2	  1	   50.0	 1450.0	   16.5	    0.0	    0.0	1	   65.7	 21	    0.0	    9.6	
  270	  30.04	    0.0	 1500.0	    0.0	 1180.0	 1354.5	    0.0	  200.0	    0.0	    0.0	    0.0	    0.0	  100.0	   16.2	    0.0	    0.0	    0.0	    0.0	   10.3	  1	   50.0	 1450.0	   16.2	    0.0	    0.0	1	   65.7	 21	    0.0	    9.5	
  271	  30.14	    0.0	 1500.0	    0.0	 1180.0	 1354.5	    0.0	  200.0	    0.0	    0.0	    0.0	    0.0	  100.0	   15.9	    0.0	    0.0	    0.0	    0.0	   10.3	  1	   50.0	 1450.0	   15.9	    0.0	    0.0	1	   65.7	 21	    0.0	    9.4	
  272	  30.23	    0.0	 1500.0	    0.0	 1172.6	 1354.6	    0.0	  200.0	    0.0	    0.0	    0.0	    0.0	  100.0	   15.5	    0.0	    0.0	    0.0	    0.0	   10.3	  1	   50.0	 1450.0	   15.5	    0.0	    0.0	1	   65.7	 21	    0.0	    9.3	
  273	  30.34	    0.0	 1500.0	    0.0	 1172.8	 1354.5	    0.0	  200.0	    0.0	    0.0	    0.0	    0.0	  100.0	   15.2	    0.0	    0.0	    0.0	    0.0	   10.4	  1	   50.0	 1450.0	   15.2	    0.0	    0.0	1	   65.7	 21	    0.0	    9.2	
  274	  30.43	    0.0	 1500.0	    0.0	 1172.6	 1354.6	    0.0	  200.0	    0.0	    0.0	    0.0	    0.0	  100.0	   14.8	    0.0	    0.0	    0.0	    0.0	   10.4	  1	   50.0	 1450.0	   14.8	    0.0	    0.0	1	   65.7	 21	    0.0	    9.1	
  275	  30.54	    0.0	 1500.0	    0.0	 1172.6	 1354.6	    0.0	  200.0	    0.0	    0.0	    0.0	    0.0	  100.0	   14.5	    0.0	    0.0	    0.0	    0.0	   10.4	  1	   50.0	 1450.0	   14.5	    0.0	    0.0	1	   65.7	 21	    0.0	    9.0	
  276	  30.64	    0.0	 1500.0	    0.0	 1172.6	 1354.6	    0.0	  200.0	    0.0	    0.0	    0.0	    0.0	  100.0	   14.2	    0.0	    0.0	    0.0	    0.0	   10.5	  1	   50.0	 1450.0	   14.2	    0.0	    0.0	1	   65.7	 21	    0.0	    8.9	
  277	  30.73	    0.0	 1500.0	    0.0	 1172.0	 1354.7	    0.0	  200.0	    0.0	    0.0	    0.0	    0.0	  100.0	   13.8	    0.0	    0.0	    0.0	    0.0	   10.5	  1	   50.0	 1450.0	   13.8	    0.0	    0.0	1	   65.7	 21	    0.0	    8.8	
  278	  30.84	    0.0	 1500.0	    0.0	 1172.0	 1354.7	    0.0	  200.0	    0.0	    0.0	    0.0	    0.0	  100.0	   13.5	    0.0	    0.0	    0.0	    0.0	   10.6	  1	   50.0	 1450.0	   13.5	    0.0	    0.0	1	   65.7	 21	    0.0	    8.7	
  279	  30.93	    0.0	 1500.0	    0.0	 1172.0	 1354.7	    0.0	  200.0	    0.0	    0.0	    0.0	    0.0	  100.0	   13.1	    0.0	    0.0	    0.0	    0.0	   10.6	  1	   50.0	 1450.0	   13.1	    0.0	    0.0	1	   65.7	 21	    0.0	    8.6	
  280	  31.04	    0.0	 1500.0	    0.0	 1172.0	 1354.7	    0.0	  200.0	    0.0	    0.0	    0.0	    0.0	  100.0	   12.8	    0.0	    0.0	    0.0	    0.0	   10.6	  1	   50.0	 1450.0	   12.8	    0.0	    0.0	1	   65.7	 21	    0.0	    8.5	
  281	  31.14	    0.0	 1500.0	    0.0	 1172.0	 1354.7	    0.0	  200.0	    0.0	    0.0	    0.0	    0.0	  100.0	   12.5	    0.0	    0.0	    0.0	    0.0	   10.7	  1	   50.0	 1450.0	   12.5	    0.0	    0.0	1	   65.7	 21	    0.0	    8.4	
  282	  31.23	    0.0	 1500.0	    0.0	 1172.0	 1354.7	    0.0	  200.0	    0.0	    0.0	    0.0	    0.0	  100.0	   12.1	    0.0	    0.0	    0.0	    0.0	   10.7	  1	   50.0	 1450.0	   12.1	    0.0	    0.0	1	   65.7	 21	    0.0	    8.3	
  283	  31.34	    0.0	 1500.0	    0.0	 1172.0	 1354.7	    0.0	  200.0	    0.0	    0.0	    0.0	    0.0	  100.0	   11.8	    0.0	    0.0	    0.0	    0.0	   10.8	  1	   50.0	 1450.0	   11.8	    0.0	    0.0	1	   65.7	 21	    0.0	    8.2	
  284	  31.43	    0.0	 1500.0	    0.0	 1172.0	 1354.7	    0.0	  200.0	    0.0	    0.0	    0.0	    0.0	  100.0	   11.4	    0.0	    0.0	    0.0	    0.0	   10.8	  1	   50.0	 1450.0	   11.4	    0.0	    0.0	1	   65.7	 21	    0.0	    8.1	
  285	  31.54	    0.0	 1500.0	    0.0	 1172.0	 1354.7	    0.0	  200.0	    0.0	    0.0	    0.0	    0.0	  100.0	   11.1	    0.0	    0.0	    0.0	    0.0	   10.8	  1	   50.0	 1450.0	   11.1	    0.0	    0.0	1	   65.7	 21	    0.0	    8.0	
  286	  31.64	    0.0	 1500.0	    0.0	 1172.0	 1354.7	    0.0	  200.0	    0.0	    0.0	    0.0	    0.0	  100.0	   10.8	    0.0	    0.0	    0.0	    0.0	   10.9	  1	   50.0	 1450.0	   10.8	    0.0	    0.0	1	   65.7	 21	    0.0	    7.9	
  287	  31.73	    0.0	 1500.0	    0.0	 1172.0	 1354.7	    0.0	  200.0	    0.0	    0.0	    0.0	    0.0	  100.0	   10.4	    0.0	    0.0	    0.0	    0.0	   10.9	  1	   50.0	 1450.0	   10.4	    0.0	    0.0	1	   65.7	 21	    0.0	    7.8	
  288	  31.84	    0.0	 1500.0	    0.0	 1172.0	 1354.7	    0.0	  200.0	    0.0	    0.0	    0.0	    0.0	  100.0	   10.1	    0.0	    0.0	    0.0	    0.0	   10.9	  1	   50.0	 1450.0	   10.1	    0.0	    0.0	1	   65.7	 21	    0.0	    7.7	
  289	  31.93	    0.0	 1500.0	    0.0	 1172.0	 1354.7	    0.0	  200.0	    0.0	    0.0	    0.0	    0.0	  100.0	    9.7	    0.0	    0.0	    0.0	    0.0	   11.0	  1	   50.0	 1450.0	    9.7	    0.0	    0.0	1	   65.7	 21	    0.0	    7.6	
  290	  32.03	    0.0	 1500.0	    0.0	 1172.0	 1354.7	    0.0	  200.0	    0.0	    0.0	    0.0	    0.0	  100.0	    9.4	    0.0	    0.0	    0.0	    0.0	   11.0	  1	   50.0	 1450.0	    9.4	    0.0	    0.0	1	   65.7	 21	    0.0	    7.5	
  291	  32.13	    0.0	 1500.0	    0.0	 1172.0	 1354.7	    0.0	  200.0	    0.0	    0.0	    0.0	    0.0	  100.0	    9.1	    0.0	    0.0	    0.0	    0.0	   11.1	  1	   50.0	 1450.0	    9.1	    0.0	    0.0	1	   65.7	 21	    0.0	    7.4	
  292	  32.23	    0.0	 1500.0	    0.0	 1172.0	 1354.7	    0.0	  200.0	    0.0	    0.0	    0.0	    0.0	  100.0	    8.7	    0.0	    0.0	    0.0	    0.0	   11.1	  1	   50.0	 1450.0	    8.7	    0.0	    0.0	1	   65.7	 21	    0.0	    7.3	
  293	  32.34	    0.0	 1500.0	    0.0	 1172.0	 1354.7	    0.0	  200.0	    0.0	    0.0	    0.0	    0.0	  100.0	    8.4	    0.0	    0.0	    0.0	    0.0	   11.1	  1	   50.0	 1450.0	    8.4	    0.0	    0.0	1	   65.7	 21	    0.0	    7.2	
  294	  32.44	    0.0	 1500.0	    0.0	 1172.0	 1354.7	    0.0	  200.0	    0.0	    0.0	    0.0	    0.0	  100.0	    8.0	    0.0	    0.0	    0.0	    0.0	   11.2	  1	   50.0	 1450.0	    8.0	    0.0	    0.0	1	   65.7	 21	    0.0	    7.1	
  295	  32.54	    0.0	 1500.0	    0.0	 1172.0	 1354.7	    0.0	  200.0	    0.0	    0.0	    0.0	    0.0	  100.0	    7.7	    0.0	    0.0	    0.0	    0.0	   11.2	  1	   50.0	 1450.0	    7.7	    0.0	    0.0	1	   65.7	 21	    0.0	    7.0	
  296	  32.63	    0.0	 1500.0	    0.0	 1178.4	 1357.5	    0.0	  200.0	    0.0	    0.0	    0.0	    0.0	  100.0	    7.4	    0.0	    0.0	    0.0	    0.0	   11.2	  1	   50.0	 1450.0	    7.4	    0.0	    0.0	1	   65.7	 21	    0.0	    6.9	
  297	  32.73	    0.0	 1500.0	    0.0	 1178.4	 1357.5	    0.0	  200.0	    0.0	    0.0	    0.0	    0.0	  100.0	    7.0	    0.0	    0.0	    0.0	    0.0	   11.3	  1	   50.0	 1450.0	    7.0	    0.0	    0.0	1	   65.7	 21	    0.0	    6.8	
  298	  32.84	    0.0	 1500.0	    0.0	 1178.4	 1357.5	    0.0	  200.0	    0.0	    0.0	    0.0	    0.0	  100.0	    6.7	    0.0	    0.0	    0.0	    0.0	   11.3	  1	   50.0	 1450.0	    6.7	    0.0	    0.0	1	   65.7	 21	    0.0	    6.7	
  299	  32.94	    0.0	 1500.0	    0.0	 1178.4	 1357.5	    0.0	  200.0	    0.0	    0.0	    0.0	    0.0	  100.0	    6.4	    0.0	    0.0	    0.0	    0.0	   11.4	  1	   50.0	 1450.0	    6.4	    0.0	    0.0	1	   65.7	 21	    0.0	    6.6	
  300	  33.03	    0.0	 1500.0	    0.0	 1178.4	 1357.5	    0.0	  200.0	    0.0	    0.0	    0.0	    0.0	  100.0	    6.0	    0.0	    0.0	    0.0	    0.0	   11.4	  1	   50.0	 1450.0	    6.0	    0.0	    0.0	1	   65.7	 21	    0.0	    6.5	
  301	  33.13	    0.0	 1500.0	    0.0	 1176.3	 1378.0	    0.0	  200.0	    0.0	    0.0	    0.0	    0.0	  100.0	    5.7	    0.0	    0.0	    0.0	    0.0	   11.4	  1	   50.0	 1450.0	    5.7	    0.0	    0.0	1	   65.7	 21	    0.0	    6.4	
  302	  33.24	    0.0	 1500.0	    0.0	 1176.3	 1378.0	    0.0	  200.0	    0.0	    0.0	    0.0	    0.0	  100.0	    5.3	    0.0	    0.0	    0.0	    0.0	   11.5	  1	   50.0	 1450.0	    5.3	    0.0	    0.0	1	   65.7	 21	    0.0	    6.3	
  303	  33.34	    0.0	 1500.0	    0.0	 1176.3	 1378.0	    0.0	  200.0	    0.0	    0.0	    0.0	    0.0	  100.0	    5.0	    0.0	    0.0	    0.0	    0.0	   11.5	  1	   50.0	 1450.0	    5.0	    0.0	    0.0	1	   65.7	 21	    0.0	    6.2	
  304	  33.44	    0.0	 1500.0	    0.0	 1176.3	 1378.0	    0.0	  200.0	    0.0	    0.0	    0.0	    0.0	  100.0	    4.7	    0.0	    0.0	    0.0	    0.0	   11.6	  1	   50.0	 1450.0	    4.7	    0.0	    0.0	1	   65.7	 21	    0.0	    6.1	
  305	  33.53	    0.0	 1500.0	    0.0	 1176.3	 1378.0	    0.0	  200.0	    0.0	    0.0	    0.0	    0.0	  100.0	    4.3	    0.0	    0.0	    0.0	    0.0	   11.6	  1	   50.0	 1450.0	    4.3	    0.0	    0.0	1	   65.7	 21	    0.0	    6.0	
  306	  33.63	    0.0	 1500.0	    0.0	 1176.3	 1378.0	    0.0	  200.0	    0.0	    0.0	    0.0	    0.0	  100.0	    4.0	    0.0	    0.0	    0.0	    0.0	   11.6	  1	   50.0	 1450.0	    4.0	    0.0	    0.0	1	   65.7	 21	    0.0	    5.9	
  307	  33.74	    0.0	 1500.0	    0.0	 1176.3	 1378.0	    0.0	  200.0	    0.0	    0.0	    0.0	    0.0	  100.0	    3.6	    0.0	    0.0	    0.0	    0.0	   11.7	  1	   50.0	 1450.0	    3.6	    0.0	    0.0	1	   65.7	 21	    0.0	    5.8	
  308	  33.84	    0.0	 1500.0	    0.0	 1183.1	 1523.4	    0.0	  200.0	    0.0	    0.0	    0.0	    0.0	  100.0	    3.3	    0.0	    0.0	    0.0	    0.0	   11.7	  1	   50.0	 1550.0	    3.3	    0.0	    0.0	1	   63.9	 21	    0.0	    0.7	
  309	  33.94	    0.0	 1500.0	    0.0	 1183.1	 1523.4	    0.0	  200.0	    0.0	    0.0	    0.0	    0.0	  100.0	    3.0	    0.0	    0.0	    0.0	    0.0	   11.7	  1	   50.0	 1550.0	    3.0	    0.0	    0.0	1	   63.9	 21	    0.0	    5.6	
  310	  34.03	    0.0	 1500.0	    0.0	 1183.1	 1523.4	    0.0	  200.0	    0.0	    0.0	    0.0	    0.0	  100.0	    2.6	    0.0	    0.0	    0.0	    0.0	   11.8	  1	   50.0	 1550.0	    2.6	    0.0	    0.0	1	   63.9	 21	    0.0	    5.6	
  311	  34.13	    0.0	 1500.0	    0.0	 1183.1	 1523.4	    0.0	  200.0	    0.0	    0.0	    0.0	    0.0	  100.0	    2.3	    0.0	    0.0	    0.0	    0.0	   11.8	  1	   50.0	 1550.0	    2.3	    0.0	    0.0	1	   63.9	 21	    0.0	    5.5	
  312	  34.23	    0.0	 1500.0	    0.0	 1183.1	 1523.4	    0.0	  200.0	    0.0	    0.0	    0.0	    0.0	  100.0	    1.9	    0.0	    0.0	    0.0	    0.0	   11.9	  1	   50.0	 1550.0	    1.9	    0.0	    0.0	1	   63.9	 21	    0.0	    5.4	
  313	  34.34	    0.0	 1500.0	    0.0	 1183.1	 1523.4	    0.0	  200.0	    0.0	    0.0	    0.0	    0.0	  100.0	    1.6	    0.0	    0.0	    0.0	    0.0	   11.9	  1	   50.0	 1550.0	    1.6	    0.0	    0.0	1	   63.9	 21	    0.0	    5.3	
  314	  34.44	    0.0	 1500.0	    0.0	 1141.2	 1513.8	    0.0	  200.0	    0.0	    0.0	    0.0	    0.0	  100.0	    1.3	    0.0	    0.0	    0.0	    0.0	   11.9	  1	   50.0	 1550.0	    1.3	    0.0	    0.0	1	   63.9	 21	    0.0	    5.2	
  315	  34.53	    0.0	 1500.0	    0.0	 1141.2	 1513.8	    0.0	  200.0	    0.0	    0.0	    0.0	    0.0	  100.0	    0.9	    0.0	    0.0	    0.0	    0.0	   12.0	  1	   50.0	 1550.0	    0.9	    0.0	    0.0	1	   63.9	 21	    0.0	    5.1	
  316	  34.63	    0.0	 1500.0	    0.0	 1141.2	 1513.8	    0.0	  200.0	    0.0	    0.0	    0.0	    0.0	  100.0	    0.6	    0.0	    0.0	    0.0	    0.0	   12.0	  1	   50.0	 1550.0	    0.6	    0.0	    0.0	1	   63.9	 21	    0.0	    5.1	
  317	  34.73	    0.0	 1500.0	    0.0	 1141.2	 1513.8	    0.0	  200.0	    0.0	    0.0	    0.0	    0.0	  100.0	    0.2	    0.0	    0.0	    0.0	    0.0	   12.0	  1	   50.0	 1550.0	    0.2	    0.0	    0.0	1	   63.9	 21	    0.0	    5.0	
  318	  34.84	    0.0	 1500.0	    0.0	 1141.2	 1513.8	    0.0	  200.0	    0.0	    0.0	    0.0	    0.0	  100.0	    0.0	    0.0	    0.0	    0.0	    0.0	   12.1	  1	  -50.0	 1550.0	    0.0	    0.0	    0.0	1	   68.8	 21	    0.0	    5.0	
  319	  34.94	    0.0	 1500.0	    0.0	 1141.2	 1513.8	    0.0	  200.0	    0.0	    0.0	    0.0	    0.0	  100.0	    0.0	    0.0	    0.0	    0.0	    0.0	   12.1	  1	  -50.0	 1550.0	    0.0	    0.0	    0.0	1	   68.8	 21	    0.0	    5.0	
  320	  35.03	    0.0	 1500.0	    0.0	 1141.2	 1513.8	    0.0	  200.0	    0.0	    0.0	    0.0	    0.0	  100.0	    0.0	    0.0	    0.0	    0.0	    0.0	   12.2	  1	  -50.0	 1550.0	    0.0	    0.0	    0.0	1	   68.8	 21	    0.0	    5.0	
  321	  35.13	    0.0	 1500.0	    0.0	 1141.2	 1513.8	    0.0	  200.0	    0.0	    0.0	    0.0	    0.0	  100.0	    0.0	    0.0	    0.0	    0.0	    0.0	   12.2	  1	  -50.0	 1550.0	    0.0	    0.0	    0.0	1	   68.8	 21	    0.0	    5.0	
  322	  35.23	    0.0	 1500.0	    0.0	 1141.2	 1513.8	    0.0	  200.0	    0.0	    0.0	    0.0	    0.0	  100.0	    0.0	    0.0	    0.0	    0.0	    0.0	   12.2	  1	  -50.0	 1550.0	    0.0	    0.0	    0.0	1	   68.8	 21	    0.0	    5.0	
  323	  35.34	    0.0	 1500.0	    0.0	 1162.6	 1349.9	    0.0	  200.0	    0.0	    0.0	    0.0	    0.0	  100.0	    0.0	    0.0	    0.0	    0.0	    0.0	   12.3	  1	  -50.0	 1550.0	    0.0	    0.0	    0.0	1	   68.8	 21	    0.0	    5.0	
  324	  35.44	    0.0	 1500.0	    0.0	 1162.6	 1349.9	    0.0	  200.0	    0.0	    0.0	    0.0	    0.0	  100.0	    0.0	    0.0	    0.0	    0.0	    0.0	   12.3	  1	  -50.0	 1550.0	    0.0	    0.0	    0.0	1	   68.8	 21	    0.0	    5.0	
  325	  35.53	    0.0	 1500.0	    0.0	 1141.2	 1513.8	    0.0	  200.0	    0.0	    0.0	    0.0	    0.0	  100.0	    0.0	    0.0	    0.0	    0.0	    0.0	   12.3	  1	  -50.0	 1550.0	    0.0	    0.0	    0.0	1	   68.8	 21	    0.0	    5.0	
  326	  35.63	    0.0	 1500.0	    0.0	 1162.6	 1349.9	    0.0	  200.0	    0.0	    0.0	    0.0	    0.0	  100.0	    0.0	    0.0	    0.0	    0.0	    0.0	   12.4	  1	  -50.0	 1550.0	    0.0	    0.0	    0.0	1	   68.8	 21	    0.0	    5.0	
  327	  35.73	    0.0	 1500.0	    0.0	 1162.6	 1349.9	    0.0	  200.0	    0.0	    0.0	    0.0	    0.0	  100.0	    0.0	    0.0	    0.0	    0.0	    0.0	   12.4	  1	  -50.0	 1550.0	    0.0	    0.0	    0.0	1	   68.8	 21	    0.0	    5.0	
  328	  35.84	    0.0	 1500.0	    0.0	 1162.6	 1349.9	    0.0	  200.0	    0.0	    0.0	    0.0	    0.0	  100.0	    0.0	    0.0	    0.0	    0.0	    0.0	   12.5	  1	  -50.0	 1550.0	    0.0	    0.0	    0.0	1	   68.8	 21	    0.0	    5.0	
  329	  35.94	    0.0	 1500.0	    0.0	 1162.6	 1349.9	    0.0	  200.0	    0.0	    0.0	    0.0	    0.0	  100.0	    0.0	    0.0	    0.0	    0.0	    0.0	   12.5	  1	  -50.0	 1550.0	    0.0	    0.0	    0.0	1	   68.8	 21	    0.0	    5.0	
  330	  36.04	    0.0	 1500.0	    0.0	 1162.6	 1349.9	    0.0	  200.0	    0.0	    0.0	    0.0	    0.0	  100.0	    0.0	    0.0	    0.0	    0.0	    0.0	   12.5	  1	  -50.0	 1550.0	    0.0	    0.0	    0.0	1	   68.8	 21	    0.0	    5.0	
  331	  36.13	    0.0	 1500.0	    0.0	 1155.9	 1339.4	    0.0	  200.0	    0.0	    0.0	    0.0	    0.0	  100.0	    0.0	    0.0	    0.0	    0.0	    0.0	   12.6	  1	  -50.0	 1550.0	    0.0	    0.0	    0.0	1	   68.8	 21	    0.0	    5.0	
  332	  36.23	    0.0	 1500.0	    0.0	 1155.9	 1339.4	    0.0	  200.0	    0.0	    0.0	    0.0	    0.0	  100.0	    0.0	    0.0	    0.0	    0.0	    0.0	   12.6	  1	  -50.0	 1550.0	    0.0	    0.0	    0.0	1	   68.8	 21	    0.0	    5.0	
  333	  36.34	    0.0	 1500.0	    0.0	 1155.9	 1339.4	    0.0	  200.0	    0.0	    0.0	    0.0	    0.0	  100.0	    0.0	    0.0	    0.0	    0.0	    0.0	   12.7	  1	  -50.0	 1550.0	    0.0	    0.0	    0.0	1	   68.8	 21	    0.0	    5.0	
  334	  36.44	    0.0	 1500.0	    0.0	 1155.9	 1339.4	    0.0	  200.0	    0.0	    0.0	    0.0	    0.0	  100.0	    0.0	    0.0	    0.0	    0.0	    0.0	   12.7	  1	  -50.0	 1550.0	    0.0	    0.0	    0.0	1	   68.8	 21	    0.0	    5.0	
  335	  36.53	    0.0	 1500.0	    0.0	 1156.1	 1352.6	    0.0	  200.0	    0.0	    0.0	    0.0	    0.0	  100.0	    0.0	    0.0	    0.0	    0.0	    0.0	   12.7	  1	  -50.0	 1550.0	    0.0	    0.0	    0.0	1	   68.8	 21	    0.0	    5.0	
  336	  36.63	    0.0	 1500.0	    0.0	 1156.1	 1352.6	    0.0	  200.0	    0.0	    0.0	    0.0	    0.0	  100.0	    0.0	    0.0	    0.0	    0.0	    0.0	   12.8	  1	  -50.0	 1550.0	    0.0	    0.0	    0.0	1	   68.8	 21	    0.0	    5.0	
  337	  36.73	    0.0	 1500.0	    0.0	 1156.1	 1352.6	    0.0	  200.0	    0.0	    0.0	    0.0	    0.0	  100.0	    0.0	    0.0	    0.0	    0.0	    0.0	   12.8	  1	  -50.0	 1550.0	    0.0	    0.0	    0.0	1	   68.8	 21	    0.0	    5.0	
  338	  36.84	    0.0	 1500.0	    0.0	 1156.1	 1352.6	    0.0	  200.0	    0.0	    0.0	    0.0	    0.0	  100.0	    0.0	    0.0	    0.0	    0.0	    0.0	   12.8	  1	  -50.0	 1550.0	    0.0	    0.0	    0.0	1	   68.8	 21	    0.0	    5.0	
  339	  36.94	    0.0	 1500.0	    0.0	 1156.1	 1352.6	    0.0	  200.0	    0.0	    0.0	    0.0	    0.0	  100.0	    0.0	    0.0	    0.0	    0.0	    0.0	   12.9	  1	  -50.0	 1550.0	    0.0	    0.0	    0.0	1	   68.8	 21	    0.0	    5.0	
  340	  37.03	    0.0	 1500.0	    0.0	 1158.7	 1346.8	    0.0	  200.0	    0.0	    0.0	    0.0	    0.0	  100.0	    0.0	    0.0	    0.0	    0.0	    0.0	   12.9	  1	  -50.0	 1550.0	    0.0	    0.0	    0.0	1	   68.8	 21	    0.0	    5.0	
  341	  37.13	    0.0	 1500.0	    0.0	 1158.1	 1346.9	    0.0	  200.0	    0.0	    0.0	    0.0	    0.0	  100.0	    0.0	    0.0	    0.0	    0.0	    0.0	   13.0	  1	  -50.0	 1550.0	    0.0	    0.0	    0.0	1	   68.8	 21	    0.0	    5.0	
  342	  37.24	    0.0	 1500.0	    0.0	 1158.7	 1346.8	    0.0	  200.0	    0.0	    0.0	    0.0	    0.0	  100.0	    0.0	    0.0	    0.0	    0.0	    0.0	   13.0	  1	  -50.0	 1550.0	    0.0	    0.0	    0.0	1	   68.8	 21	    0.0	    5.0	
  343	  37.34	    0.0	 1500.0	    0.0	 1159.0	 1346.7	    0.0	  200.0	    0.0	    0.0	    0.0	    0.0	  100.0	    0.0	    0.0	    0.0	    0.0	    0.0	   13.0	  1	  -50.0	 1550.0	    0.0	    0.0	    0.0	1	   68.8	 21	    0.0	    5.0	
  344	  37.44	    0.0	 1500.0	    0.0	 1159.0	 1346.7	    0.0	  200.0	    0.0	    0.0	    0.0	    0.0	  100.0	    0.0	    0.0	    0.0	    0.0	    0.0	   13.1	  1	  -50.0	 1550.0	    0.0	    0.0	    0.0	1	   68.8	 21	    0.0	    5.0	
  345	  37.53	    0.0	 1500.0	    0.0	 1159.0	 1346.7	    0.0	  200.0	    0.0	    0.0	    0.0	    0.0	  100.0	    0.0	    0.0	    0.0	    0.0	    0.0	   13.1	  1	  -50.0	 1550.0	    0.0	    0.0	    0.0	1	   68.8	 21	    0.0	    5.0	
  346	  37.63	    0.0	 1500.0	    0.0	 1159.0	 1346.7	    0.0	  200.0	    0.0	    0.0	    0.0	    0.0	  100.0	    0.0	    0.0	    0.0	    0.0	    0.0	   13.1	  1	  -50.0	 1550.0	    0.0	    0.0	    0.0	1	   68.8	 21	    0.0	    5.0	
  347	  37.73	    0.0	 1500.0	    0.0	 1159.0	 1346.7	    0.0	  200.0	    0.0	    0.0	    0.0	    0.0	  100.0	    0.0	    0.0	    0.0	    0.0	    0.0	   13.2	  1	  -50.0	 1550.0	    0.0	    0.0	    0.0	1	   68.8	 21	    0.0	    5.0	
  348	  37.84	    0.0	 1500.0	    0.0	 1159.0	 1346.7	    0.0	  200.0	    0.0	    0.0	    0.0	    0.0	  100.0	    0.0	    0.0	    0.0	    0.0	    0.0	   13.2	  1	  -50.0	 1550.0	    0.0	    0.0	    0.0	1	   68.8	 21	    0.0	    5.0	
  349	  37.94	    0.0	 1500.0	    0.0	 1149.5	 1347.4	    0.0	  200.0	    0.0	    0.0	    0.0	    0.0	  100.0	    0.0	    0.0	    0.0	    0.0	    0.0	   13.3	  1	  -50.0	 1550.0	    0.0	    0.0	    0.0	1	   68.8	 21	    0.0	    5.0	
  350	  38.03	    0.0	 1500.0	    0.0	 -336.2	  908.8	    0.0	  200.0	    0.0	    0.0	    0.0	    0.0	  100.0	    0.0	    0.0	    0.0	    0.0	    0.0	   13.3	  1	  -50.0	 1650.0	    0.0	    0.0	    0.0	1	  146.2	 21	    0.0	    5.0	
  351	  38.13	    0.0	 1500.0	    0.0	 -336.2	  908.8	    0.0	  200.0	    0.0	    0.0	    0.0	    0.0	  100.0	    0.0	    0.0	    0.0	    0.0	    0.0	   13.3	  1	  -50.0	 1650.0	    0.0	    0.0	    0.0	1	  146.2	 21	    0.0	    5.0	
  352	  38.23	    0.0	 1500.0	    0.0	 -336.2	  908.8	    0.0	  200.0	    0.0	    0.0	    0.0	    0.0	  100.0	    0.0	    0.0	    0.0	    0.0	    0.0	   13.4	  1	  -50.0	 1650.0	    0.0	    0.0	    0.0	1	  146.2	 21	    0.0	    5.0	
  353	  38.34	    0.0	 1500.0	    0.0	 -336.2	  908.8	    0.0	  200.0	    0.0	    0.0	    0.0	    0.0	  100.0	    0.0	    0.0	    0.0	    0.0	    0.0	   13.4	  1	  -50.0	 1650.0	    0.0	    0.0	    0.0	1	  146.2	 21	    0.0	    5.0	
  354	  38.44	    0.0	 1500.0	    0.0	 -336.2	  908.8	    0.0	  200.0	    0.0	    0.0	    0.0	    0.0	  100.0	    0.0	    0.0	    0.0	    0.0	    0.0	   13.5	  1	  -50.0	 1650.0	    0.0	    0.0	    0.0	1	  146.2	 21	    0.0	    5.0	
  355	  38.54	    0.0	 1500.0	    0.0	 -336.2	  908.8	    0.0	  200.0	    0.0	    0.0	    0.0	    0.0	  100.0	    0.0	    0.0	    0.0	    0.0	    0.0	   13.5	  1	  -50.0	 1650.0	    0.0	    0.0	    0.0	1	  146.2	 21	    0.0	    5.0	
  356	  38.63	    0.0	 1500.0	    0.0	 -334.0	  905.8	    0.0	  200.0	    0.0	    0.0	    0.0	    0.0	  100.0	    0.0	    0.0	    0.0	    0.0	    0.0	   13.5	  1	  -50.0	 1650.0	    0.0	    0.0	    0.0	1	  146.2	 21	    0.0	    5.0	
  357	  38.73	    0.0	 1500.0	    0.0	 -333.9	  906.7	    0.0	  200.0	    0.0	    0.0	    0.0	    0.0	  100.0	    0.0	    0.0	    0.0	    0.0	    0.0	   13.6	  1	  -50.0	 1650.0	    0.0	    0.0	    0.0	1	  146.2	 21	    0.0	    5.0	
  358	  38.84	    0.0	 1500.0	    0.0	 -333.9	  906.7	    0.0	  200.0	    0.0	    0.0	    0.0	    0.0	  100.0	    0.0	    0.0	    0.0	    0.0	    0.0	   13.6	  1	  -50.0	 1650.0	    0.0	    0.0	    0.0	1	  146.2	 21	    0.0	    5.0	
  359	  38.94	    0.0	 1500.0	    0.0	 -333.9	  906.7	    0.0	  200.0	    0.0	    0.0	    0.0	    0.0	  100.0	    0.0	    0.0	    0.0	    0.0	    0.0	   13.6	  1	  -50.0	 1650.0	    0.0	    0.0	    0.0	1	  146.2	 21	    0.0	    5.0	
  360	  39.03	    0.0	 1500.0	    0.0	 -333.9	  906.7	    0.0	  200.0	    0.0	    0.0	    0.0	    0.0	  100.0	    0.0	    0.0	    0.0	    0.0	    0.0	   13.7	  1	  -50.0	 1650.0	    0.0	    0.0	    0.0	1	  146.2	 21	    0.0	    5.0	
  361	  39.13	    0.0	 1500.0	    0.0	 -333.9	  906.7	    0.0	  200.0	    0.0	    0.0	    0.0	    0.0	  100.0	    0.0	    0.0	    0.0	    0.0	    0.0	   13.7	  1	  -50.0	 1650.0	    0.0	    0.0	    0.0	1	  146.2	 21	    0.0	    5.0	
  362	  39.24	    0.0	 1500.0	    0.0	 -348.8	  919.9	    0.0	  200.0	    0.0	    0.0	    0.0	    0.0	  100.0	    0.0	    0.0	    0.0	    0.0	    0.0	   13.8	  1	  -50.0	 1650.0	    0.0	    0.0	    0.0	1	  146.2	 21	    0.0	    5.0	
  363	  39.34	    0.0	 1500.0	    0.0	 -348.8	  919.9	    0.0	  200.0	    0.0	    0.0	    0.0	    0.0	  100.0	    0.0	    0.0	    0.0	    0.0	    0.0	   13.8	  1	  -50.0	 1650.0	    0.0	    0.0	    0.0	1	  146.2	 21	    0.0	    5.0	
  364	  39.44	    0.0	 1500.0	    0.0	 -348.8	  919.9	    0.0	  200.0	    0.0	    0.0	    0.0	    0.0	  100.0	    0.0	    0.0	    0.0	    0.0	    0.0	   13.8	  1	  -50.0	 1650.0	    0.0	    0.0	    0.0	1	  146.2	 21	    0.0	    5.0	
  365	  39.53	    0.0	 1500.0	    0.0	 -348.8	  919.9	    0.0	  200.0	    0.0	    0.0	    0.0	    0.0	  100.0	    0.0	    0.0	    0.0	    0.0	    0.0	   13.9	  1	  -50.0	 1650.0	    0.0	    0.0	    0.0	1	  146.2	 21	    0.0	    5.0	
  366	  39.63	    0.0	 1500.0	    0.0	 -348.8	  919.9	    0.0	  200.0	    0.0	    0.0	    0.0	    0.0	  100.0	    0.0	    0.0	    0.0	    0.0	    0.0	   13.9	  1	  -50.0	 1650.0	    0.0	    0.0	    0.0	1	  146.2	 21	    0.0	    5.0	
  367	  39.74	    0.0	 1500.0	    0.0	 -348.8	  919.9	    0.0	  200.0	    0.0	    0.0	    0.0	    0.0	  100.0	    0.0	    0.0	    0.0	    0.0	    0.0	   13.9	  1	  -50.0	 1650.0	    0.0	    0.0	    0.0	1	  146.2	 21	    0.0	    5.0	
  368	  39.84	    0.0	 1500.0	    0.0	 -352.2	  913.7	    0.0	  200.0	    0.0	    0.0	    0.0	    0.0	  100.0	    0.0	    0.0	    0.0	    0.0	    0.0	   14.0	  1	   50.0	 1550.0	    0.0	    0.0	    0.0	1	   63.9	 21	    0.0	    5.0	
  369	  39.94	    0.0	 1500.0	    0.0	 -352.2	  913.7	    0.0	  200.0	    0.0	    0.0	    0.0	    0.0	  100.0	    0.0	    0.0	    0.0	    0.0	    0.0	   14.0	  1	   50.0	 1550.0	    0.0	    0.0	    0.0	1	   63.9	 21	    0.0	    5.0	
  370	  40.03	    0.0	 1500.0	    0.0	 -352.1	  914.6	    0.0	  200.0	    0.0	    0.0	    0.0	    0.0	  100.0	    0.0	    0.0	    0.0	    0.0	    0.0	   14.1	  1	   50.0	 1550.0	    0.0	    0.0	    0.0	1	   63.9	 21	    0.0	    5.0	
  371	  40.13	    0.0	 1500.0	    0.0	 -352.1	  914.6	    0.0	  200.0	    0.0	    0.0	    0.0	    0.0	  100.0	    0.0	    0.0	    0.0	    0.0	    0.0	   14.1	  1	   50.0	 1550.0	    0.0	    0.0	    0.0	1	   63.9	 21	    0.0	    5.0	
  372	  40.23	    0.0	 1500.0	    0.0	 -352.1	  914.6	    0.0	  200.0	    0.0	    0.0	    0.0	    0.0	  100.0	    0.0	    0.0	    0.0	    0.0	    0.0	   14.1	  1	   50.0	 1550.0	    0.0	    0.0	    0.0	1	   63.9	 21	    0.0	    5.0	
  373	  40.34	    0.0	 1500.0	    0.0	 -352.1	  914.6	    0.0	  200.0	    0.0	    0.0	    0.0	    0.0	  100.0	    0.0	    0.0	    0.0	    0.0	    0.0	   14.2	  1	   50.0	 1550.0	    0.0	    0.0	    0.0	1	   63.9	 21	    0.0	    5.0	
  374	  40.44	    0.0	 1500.0	    0.0	 -352.1	  914.6	    0.0	  200.0	    0.0	    0.0	    0.0	    0.0	  100.0	    0.0	    0.0	    0.0	    0.0	    0.0	   14.2	  1	   50.0	 1550.0	    0.0	    0.0	    0.0	1	   63.9	 21	    0.0	    5.0	
  375	  40.53	    0.0	 1500.0	    0.0	 -304.1	  892.8	    0.0	  200.0	    0.0	    0.0	    0.0	    0.0	  100.0	    0.0	    0.0	    0.0	    0.0	    0.0	   14.2	  1	  -50.0	 1650.0	    0.0	    0.0	    0.0	1	  146.2	 21	    0.0	    5.0	
  376	  40.64	    0.0	 1500.0	    0.0	 -304.1	  892.8	    0.0	  200.0	    0.0	    0.0	    0.0	    0.0	  100.0	    0.0	    0.0	    0.0	    0.0	    0.0	   14.3	  1	  -50.0	 1650.0	    0.0	    0.0	    0.0	1	  146.2	 21	    0.0	    5.0	
  377	  40.73	    0.0	 1500.0	    0.0	 -304.1	  892.8	    0.0	  200.0	    0.0	    0.0	    0.0	    0.0	  100.0	    0.0	    0.0	    0.0	    0.0	    0.0	   14.3	  1	  -50.0	 1650.0	    0.0	    0.0	    0.0	1	  146.2	 21	    0.0	    5.0	
  378	  40.84	    0.0	 1500.0	    0.0	 -304.1	  892.8	    0.0	  200.0	    0.0	    0.0	    0.0	    0.0	  100.0	    0.0	    0.0	    0.0	    0.0	    0.0	   14.4	  1	  -50.0	 1650.0	    0.0	    0.0	    0.0	1	  146.2	 21	    0.0	    5.0	
  379	  40.94	    0.0	 1500.0	    0.0	 -304.1	  892.8	    0.0	  200.0	    0.0	    0.0	    0.0	    0.0	  100.0	    0.0	    0.0	    0.0	    0.0	    0.0	   14.4	  1	  -50.0	 1650.0	    0.0	    0.0	    0.0	1	  146.2	 21	    0.0	    5.0	
  380	  41.03	    0.0	 1500.0	    0.0	 -227.6	  893.1	    0.0	  200.0	    0.0	    0.0	    0.0	    0.0	  100.0	    0.0	    0.0	    0.0	    0.0	    0.0	   14.4	  1	  -50.0	 1650.0	    0.0	    0.0	    0.0	1	  146.3	 21	    0.0	    5.0	
  381	  41.13	    0.0	 1500.0	    0.0	 -227.6	  893.1	    0.0	  200.0	    0.0	    0.0	    0.0	    0.0	  100.0	    0.0	    0.0	    0.0	    0.0	    0.0	   14.5	  1	  -50.0	 1650.0	    0.0	    0.0	    0.0	1	  146.3	 21	    0.0	    5.0	
  382	  41.23	    0.0	 1500.0	    0.0	 -227.6	  893.1	    0.0	  200.0	    0.0	    0.0	    0.0	    0.0	  100.0	    0.0	    0.0	    0.0	    0.0	    0.0	   14.5	  1	  -50.0	 1650.0	    0.0	    0.0	    0.0	1	  146.3	 21	    0.0	    5.0	
  383	  41.34	    0.0	 1500.0	    0.0	 -227.6	  893.1	    0.0	  200.0	    0.0	    0.0	    0.0	    0.0	  100.0	    0.0	    0.0	    0.0	    0.0	    0.0	   14.6	  1	  -50.0	 1650.0	    0.0	    0.0	    0.0	1	  146.3	 21	    0.0	    5.0	
  384	  41.44	    0.0	 1500.0	    0.0	 -227.6	  893.1	    0.0	  200.0	    0.0	    0.0	    0.0	    0.0	  100.0	    0.0	    0.0	    0.0	    0.0	    0.0	   14.6	  1	  -50.0	 1650.0	    0.0	    0.0	    0.0	1	  146.3	 21	    0.0	    5.0	
  385	  41.54	    0.0	 1500.0	    0.0	 -204.8	  942.1	    0.0	  200.0	    0.0	    0.0	    0.0	    0.0	  100.0	    0.0	    0.0	    0.0	    0.0	    0.0	   14.6	  1	   50.0	 1650.0	    0.0	    0.0	    0.0	1	  145.8	 21	    0.0	    5.0	
  386	  41.63	    0.0	 1500.0	    0.0	 -204.8	  942.1	    0.0	  200.0	    0.0	    0.0	    0.0	    0.0	  100.0	    0.0	    0.0	    0.0	    0.0	    0.0	   14.7	  1	   50.0	 1650.0	    0.0	    0.0	    0.0	1	  145.8	 21	    0.0	    5.0	
  387	  41.73	    0.0	 1500.0	    0.0	 -204.8	  942.1	    0.0	  200.0	    0.0	    0.0	    0.0	    0.0	  100.0	    0.0	    0.0	    0.0	    0.0	    0.0	   14.7	  1	   50.0	 1650.0	    0.0	    0.0	    0.0	1	  145.8	 21	    0.0	    5.0	
  388	  41.84	    0.0	 1500.0	    0.0	 -204.8	  942.1	    0.0	  200.0	    0.0	    0.0	    0.0	    0.0	  100.0	    0.0	    0.0	    0.0	    0.0	    0.0	   14.7	  1	   50.0	 1650.0	    0.0	    0.0	    0.0	1	  145.8	 21	    0.0	    5.0	
  389	  41.94	    0.0	 1500.0	    0.0	 -204.8	  942.1	    0.0	  200.0	    0.0	    0.0	    0.0	    0.0	  100.0	    0.0	    0.0	    0.0	    0.0	    0.0	   14.8	  1	   50.0	 1650.0	    0.0	    0.0	    0.0	1	  145.8	 21	    0.0	    5.0	
  390	  42.04	    0.0	 1500.0	    0.0	 -241.4	  917.3	    0.0	  200.0	    0.0	    0.0	    0.0	    0.0	  100.0	    0.0	    0.0	    0.0	    0.0	    0.0	   14.8	  1	  -50.0	 1650.0	    0.0	    0.0	    0.0	1	  146.2	 21	    0.0	    5.0	
  391	  42.13	    0.0	 1500.0	    0.0	 -241.4	  917.3	    0.0	  200.0	    0.0	    0.0	    0.0	    0.0	  100.0	    0.0	    0.0	    0.0	    0.0	    0.0	   14.9	  1	  -50.0	 1650.0	    0.0	    0.0	    0.0	1	  146.2	 21	    0.0	    5.0	
  392	  42.23	    0.0	 1500.0	    0.0	 -241.4	  917.3	    0.0	  200.0	    0.0	    0.0	    0.0	    0.0	  100.0	    0.0	    0.0	    0.0	    0.0	    0.0	   14.9	  1	  -50.0	 1650.0	    0.0	    0.0	    0.0	1	  146.2	 21	    0.0	    5.0	
  393	  42.34	    0.0	 1500.0	    0.0	 -241.4	  917.3	    0.0	  200.0	    0.0	    0.0	    0.0	    0.0	  100.0	    0.0	    0.0	    0.0	    0.0	    0.0	   14.9	  1	  -50.0	 1650.0	    0.0	    0.0	    0.0	1	  146.2	 21	    0.0	    5.0	
  394	  42.44	    0.0	 1500.0	    0.0	 -241.4	  917.3	    0.0	  200.0	    0.0	    0.0	    0.0	    0.0	  100.0	    0.0	    0.0	    0.0	    0.0	    0.0	   15.0	  1	  -50.0	 1650.0	    0.0	    0.0	    0.0	1	  146.2	 21	    0.0	    5.0	
  395	  42.53	    0.0	 1500.0	    0.0	 -284.0	  910.7	    0.0	  200.0	    0.0	    0.0	    0.0	    0.0	  100.0	    0.0	    0.0	    0.0	    0.0	    0.0	   15.0	  1	  -50.0	 1650.0	    0.0	    0.0	    0.0	1	  146.2	 21	    0.0	    5.0	
  396	  42.63	    0.0	 1500.0	    0.0	 -284.0	  910.7	    0.0	  200.0	    0.0	    0.0	    0.0	    0.0	  100.0	    0.0	    0.0	    0.0	    0.0	    0.0	   15.0	  1	  -50.0	 1650.0	    0.0	    0.0	    0.0	1	  146.2	 21	    0.0	    5.0	
  397	  42.74	    0.0	 1500.0	    0.0	 -284.0	  910.7	    0.0	  200.0	    0.0	    0.0	    0.0	    0.0	  100.0	    0.0	    0.0	    0.0	    0.0	    0.0	   15.1	  1	  -50.0	 1650.0	    0.0	    0.0	    0.0	1	  146.2	 21	    0.0	    5.0	
  398	  42.84	    0.0	 1500.0	    0.0	 -284.0	  910.7	    0.0	  200.0	    0.0	    0.0	    0.0	    0.0	  100.0	    0.0	    0.0	    0.0	    0.0	    0.0	   15.1	  1	  -50.0	 1650.0	    0.0	    0.0	    0.0	1	  146.2	 21	    0.0	    5.0	
  399	  42.94	    0.0	 1500.0	    0.0	 -284.0	  910.7	    0.0	  200.0	    0.0	    0.0	    0.0	    0.0	  100.0	    0.0	    0.0	    0.0	    0.0	    0.0	   15.2	  1	  -50.0	 1650.0	    0.0	    0.0	    0.0	1	  146.2	 21	    0.0	    5.0	
  400	  43.03	    0.0	 1500.0	    0.0	 -330.6	  901.0	    0.0	  200.0	    0.0	    0.0	    0.0	    0.0	  100.0	    0.0	    0.0	    0.0	    0.0	    0.0	   15.2	  1	   50.0	 1550.0	    0.0	    0.0	    0.0	1	   63.9	 21	    0.0	    5.0	
  401	  43.13	    0.0	 1500.0	    0.0	 -330.4	  915.8	    0.0	  200.0	    0.0	    0.0	    0.0	    0.0	  100.0	    0.0	    0.0	    0.0	    0.0	    0.0	   15.2	  1	  -50.0	 1650.0	    0.0	    0.0	    0.0	1	  146.2	 21	    0.0	    5.0	
  402	  43.23	    0.0	 1500.0	    0.0	 -330.4	  915.8	    0.0	  200.0	    0.0	    0.0	    0.0	    0.0	  100.0	    0.0	    0.0	    0.0	    0.0	    0.0	   15.3	  1	  -50.0	 1650.0	    0.0	    0.0	    0.0	1	  146.2	 21	    0.0	    5.0	
  403	  43.34	    0.0	 1500.0	    0.0	 -330.4	  915.8	    0.0	  200.0	    0.0	    0.0	    0.0	    0.0	  100.0	    0.0	    0.0	    0.0	    0.0	    0.0	   15.3	  1	  -50.0	 1650.0	    0.0	    0.0	    0.0	1	  146.2	 21	    0.0	    5.0	
  404	  43.44	    0.0	 1500.0	    0.0	 -330.4	  915.8	    0.0	  200.0	    0.0	    0.0	    0.0	    0.0	  100.0	    0.0	    0.0	    0.0	    0.0	    0.0	   15.4	  1	  -50.0	 1650.0	    0.0	    0.0	    0.0	1	  146.2	 21	    0.0	    5.0	
  405	  43.53	    0.0	 1500.0	    0.0	 -354.8	  939.7	    0.0	  200.0	    0.0	    0.0	    0.0	    0.0	  100.0	    0.0	    0.0	    0.0	    0.0	    0.0	   15.4	  1	  -50.0	 1650.0	    0.0	    0.0	    0.0	1	  146.2	 21	    0.0	    5.0	
  406	  43.63	    0.0	 1500.0	    0.0	 -354.8	  939.7	    0.0	  200.0	    0.0	    0.0	    0.0	    0.0	  100.0	    0.0	    0.0	    0.0	    0.0	    0.0	   15.4	  1	  -50.0	 1650.0	    0.0	    0.0	    0.0	1	  146.2	 21	    0.0	    5.0	
  407	  43.73	    0.0	 1500.0	    0.0	 -354.8	  939.7	    0.0	  200.0	    0.0	    0.0	    0.0	    0.0	  100.0	    0.0	    0.0	    0.0	    0.0	    0.0	   15.5	  1	  -50.0	 1650.0	    0.0	    0.0	    0.0	1	  146.2	 21	    0.0	    5.0	
  408	  43.84	    0.0	 1500.0	    0.0	 -354.8	  939.7	    0.0	  200.0	    0.0	    0.0	    0.0	    0.0	  100.0	    0.0	    0.0	    0.0	    0.0	    0.0	   15.5	  1	  -50.0	 1650.0	    0.0	    0.0	    0.0	1	  146.2	 21	    0.0	    5.0	
  409	  43.94	    0.0	 1500.0	    0.0	 -354.8	  939.7	    0.0	  200.0	    0.0	    0.0	    0.0	    0.0	  100.0	    0.0	    0.0	    0.0	    0.0	    0.0	   15.5	  1	  -50.0	 1650.0	    0.0	    0.0	    0.0	1	  146.2	 21	    0.0	    5.0	
  410	  44.03	    0.0	 1500.0	    0.0	 -385.1	  949.7	    0.0	  200.0	    0.0	    0.0	    0.0	    0.0	  100.0	    0.0	    0.0	    0.0	    0.0	    0.0	   15.6	  1	  -50.0	 1650.0	    0.0	    0.0	    0.0	1	  146.2	 21	    0.0	    5.0	
  411	  44.13	    0.0	 1500.0	    0.0	 -385.1	  949.7	    0.0	  200.0	    0.0	    0.0	    0.0	    0.0	  100.0	    0.0	    0.0	    0.0	    0.0	    0.0	   15.6	  1	  -50.0	 1650.0	    0.0	    0.0	    0.0	1	  146.2	 21	    0.0	    5.0	
  412	  44.23	    0.0	 1500.0	    0.0	 -385.1	  949.7	    0.0	  200.0	    0.0	    0.0	    0.0	    0.0	  100.0	    0.0	    0.0	    0.0	    0.0	    0.0	   15.7	  1	  -50.0	 1650.0	    0.0	    0.0	    0.0	1	  146.2	 21	    0.0	    5.0	
  413	  44.34	    0.0	 1500.0	    0.0	 -385.1	  949.7	    0.0	  200.0	    0.0	    0.0	    0.0	    0.0	  100.0	    0.0	    0.0	    0.0	    0.0	    0.0	   15.7	  1	  -50.0	 1650.0	    0.0	    0.0	    0.0	1	  146.2	 21	    0.0	    5.0	
  414	  44.44	    0.0	 1500.0	    0.0	 -421.1	  987.4	    0.0	  200.0	    0.0	    0.0	    0.0	    0.0	  100.0	    0.0	    0.0	    0.0	    0.0	    0.0	   15.7	  1	  -50.0	 1650.0	    0.0	    0.0	    0.0	1	  146.1	 21	    0.0	    5.0	
  415	  44.54	    0.0	 1500.0	    0.0	 -385.1	  949.7	    0.0	  200.0	    0.0	    0.0	    0.0	    0.0	  100.0	    0.0	    0.0	    0.0	    0.0	    0.0	   15.8	  1	  -50.0	 1650.0	    0.0	    0.0	    0.0	1	  146.2	 21	    0.0	    5.0	
  416	  44.64	    0.0	 1500.0	    0.0	 -421.1	  987.4	    0.0	  200.0	    0.0	    0.0	    0.0	    0.0	  100.0	    0.0	    0.0	    0.0	    0.0	    0.0	   15.8	  1	  -50.0	 1650.0	    0.0	    0.0	    0.0	1	  146.1	 21	    0.0	    5.0	
  417	  44.73	    0.0	 1500.0	    0.0	 -421.1	  987.4	    0.0	  200.0	    0.0	    0.0	    0.0	    0.0	  100.0	    0.0	    0.0	    0.0	    0.0	    0.0	   15.8	  1	  -50.0	 1650.0	    0.0	    0.0	    0.0	1	  146.1	 21	    0.0	    5.0	
  418	  44.84	    0.0	 1500.0	    0.0	 -421.1	  987.4	    0.0	  200.0	    0.0	    0.0	    0.0	    0.0	  100.0	    0.0	    0.0	    0.0	    0.0	    0.0	   15.9	  1	  -50.0	 1650.0	    0.0	    0.0	    0.0	1	  146.1	 21	    0.0	    5.0	
  419	  44.94	    0.0	 1500.0	    0.0	 -421.1	  987.4	    0.0	  200.0	    0.0	    0.0	    0.0	    0.0	  100.0	    0.0	    0.0	    0.0	    0.0	    0.0	   15.9	  1	  -50.0	 1650.0	    0.0	    0.0	    0.0	1	  146.1	 21	    0.0	    5.0	
  420	  45.04	    0.0	 1500.0	    0.0	 -421.1	  987.4	    0.0	  200.0	    0.0	    0.0	    0.0	    0.0	  100.0	    0.0	    0.0	    0.0	    0.0	    0.0	   16.0	  1	  -50.0	 1650.0	    0.0	    0.0	    0.0	1	  146.1	 21	    0.0	    5.0	
  421	  45.13	    0.0	 1500.0	    0.0	 -421.1	  987.4	    0.0	  200.0	    0.0	    0.0	    0.0	    0.0	  100.0	    0.0	    0.0	    0.0	    0.0	    0.0	   16.0	  1	  -50.0	 1650.0	    0.0	    0.0	    0.0	1	  146.1	 21	    0.0	    5.0	
  422	  45.23	    0.0	 1500.0	    0.0	 -421.1	  987.4	    0.0	  200.0	    0.0	    0.0	    0.0	    0.0	  100.0	    0.0	    0.0	    0.0	    0.0	    0.0	   16.0	  1	  -50.0	 1650.0	    0.0	    0.0	    0.0	1	  146.1	 21	    0.0	    5.0	
  423	  45.34	    0.0	 1500.0	    0.0	 -421.1	  987.4	    0.0	  200.0	    0.0	    0.0	    0.0	    0.0	  100.0	    0.0	    0.0	    0.0	    0.0	    0.0	   16.1	  1	  -50.0	 1650.0	    0.0	    0.0	    0.0	1	  146.1	 21	    0.0	    5.0	
  424	  45.44	    0.0	 1500.0	    0.0	 -421.1	  987.4	    0.0	  200.0	    0.0	    0.0	    0.0	    0.0	  100.0	    0.0	    0.0	    0.0	    0.0	    0.0	   16.1	  1	  -50.0	 1650.0	    0.0	    0.0	    0.0	1	  146.1	 21	    0.0	    5.0	
  425	  45.54	    0.0	 1500.0	    0.0	 -421.1	  987.4	    0.0	  200.0	    0.0	    0.0	    0.0	    0.0	  100.0	    0.0	    0.0	    0.0	    0.0	    0.0	   16.1	  1	  -50.0	 1650.0	    0.0	    0.0	    0.0	1	  146.1	 21	    0.0	    5.0	
  426	  45.63	    0.0	 1500.0	    0.0	 -421.1	  987.4	    0.0	  200.0	    0.0	    0.0	    0.0	    0.0	  100.0	    0.0	    0.0	    0.0	    0.0	    0.0	   16.2	  1	  -50.0	 1650.0	    0.0	    0.0	    0.0	1	  146.1	 21	    0.0	    5.0	
  427	  45.73	    0.0	 1500.0	    0.0	 -421.1	  987.4	    0.0	  200.0	    0.0	    0.0	    0.0	    0.0	  100.0	    0.0	    0.0	    0.0	    0.0	    0.0	   16.2	  1	  -50.0	 1650.0	    0.0	    0.0	    0.0	1	  146.1	 21	    0.0	    5.0	
  428	  45.84	    0.0	 1500.0	    0.0	 -421.1	  987.4	    0.0	  200.0	    0.0	    0.0	    0.0	    0.0	  100.0	    0.0	    0.0	    0.0	    0.0	    0.0	   16.3	  1	  -50.0	 1650.0	    0.0	    0.0	    0.0	1	  146.1	 21	    0.0	    5.0	
  429	  45.94	    0.0	 1500.0	    0.0	 -452.4	 1049.4	    0.0	  200.0	    0.0	    0.0	    0.0	    0.0	  100.0	    0.0	    0.0	    0.0	    0.0	    0.0	   16.3	  1	   50.0	 1650.0	    0.0	    0.0	    0.0	1	  145.8	 21	    0.0	    5.0	
  430	  46.04	    0.0	 1500.0	    0.0	 -421.1	  987.4	    0.0	  200.0	    0.0	    0.0	    0.0	    0.0	  100.0	    0.0	    0.0	    0.0	    0.0	    0.0	   16.3	  1	  -50.0	 1650.0	    0.0	    0.0	    0.0	1	  146.1	 21	    0.0	    5.0	
  431	  46.14	    0.0	 1500.0	    0.0	 -452.4	 1049.4	    0.0	  200.0	    0.0	    0.0	    0.0	    0.0	  100.0	    0.0	    0.0	    0.0	    0.0	    0.0	   16.4	  1	   50.0	 1650.0	    0.0	    0.0	    0.0	1	  145.8	 21	    0.0	    5.0	
  432	  46.23	    0.0	 1500.0	    0.0	 -452.4	 1049.4	    0.0	  200.0	    0.0	    0.0	    0.0	    0.0	  100.0	    0.0	    0.0	    0.0	    0.0	    0.0	   16.4	  1	   50.0	 1650.0	    0.0	    0.0	    0.0	1	  145.8	 21	    0.0	    5.0	
  433	  46.34	    0.0	 1500.0	    0.0	 -452.4	 1049.4	    0.0	  200.0	    0.0	    0.0	    0.0	    0.0	  100.0	    0.0	    0.0	    0.0	    0.0	    0.0	   16.5	  1	   50.0	 1650.0	    0.0	    0.0	    0.0	1	  145.8	 21	    0.0	    5.0	
  434	  46.44	    0.0	 1500.0	    0.0	 -452.4	 1049.4	    0.0	  200.0	    0.0	    0.0	    0.0	    0.0	  100.0	    0.0	    0.0	    0.0	    0.0	    0.0	   16.5	  1	   50.0	 1650.0	    0.0	    0.0	    0.0	1	  145.8	 21	    0.0	    5.0	
  435	  46.54	    0.0	 1500.0	    0.0	 -452.4	 1049.4	    0.0	  200.0	    0.0	    0.0	    0.0	    0.0	  100.0	    0.0	    0.0	    0.0	    0.0	    0.0	   16.5	  1	   50.0	 1650.0	    0.0	    0.0	    0.0	1	  145.8	 21	    0.0	    5.0	
  436	  46.63	    0.0	 1500.0	    0.0	 -452.4	 1049.4	    0.0	  200.0	    0.0	    0.0	    0.0	    0.0	  100.0	    0.0	    0.0	    0.0	    0.0	    0.0	   16.6	  1	   50.0	 1650.0	    0.0	    0.0	    0.0	1	  145.8	 21	    0.0	    5.0	
  437	  46.73	    0.0	 1500.0	    0.0	 -452.4	 1049.4	    0.0	  200.0	    0.0	    0.0	    0.0	    0.0	  100.0	    0.0	    0.0	    0.0	    0.0	    0.0	   16.6	  1	   50.0	 1650.0	    0.0	    0.0	    0.0	1	  145.8	 21	    0.0	    5.0	
  438	  46.84	    0.0	 1500.0	    0.0	 -452.4	 1049.4	    0.0	  200.0	    0.0	    0.0	    0.0	    0.0	  100.0	    0.0	    0.0	    0.0	    0.0	    0.0	   16.6	  1	   50.0	 1650.0	    0.0	    0.0	    0.0	1	  145.8	 21	    0.0	    5.0	
  439	  46.94	    0.0	 1500.0	    0.0	 -452.4	 1049.4	    0.0	  200.0	    0.0	    0.0	    0.0	    0.0	  100.0	    0.0	    0.0	    0.0	    0.0	    0.0	   16.7	  1	   50.0	 1650.0	    0.0	    0.0	    0.0	1	  145.8	 21	    0.0	    5.0	
  440	  47.03	    0.0	 1500.0	    0.0	 -452.4	 1049.4	    0.0	  200.0	    0.0	    0.0	    0.0	    0.0	  100.0	    0.0	    0.0	    0.0	    0.0	    0.0	   16.7	  1	   50.0	 1650.0	    0.0	    0.0	    0.0	1	  145.8	 21	    0.0	    5.0	
  441	  47.13	    0.0	 1500.0	    0.0	 -452.4	 1049.4	    0.0	  200.0	    0.0	    0.0	    0.0	    0.0	  100.0	    0.0	    0.0	    0.0	    0.0	    0.0	   16.8	  1	   50.0	 1650.0	    0.0	    0.0	    0.0	1	  145.8	 21	    0.0	    5.0	
  442	  47.23	    0.0	 1500.0	    0.0	 -452.4	 1049.4	    0.0	  200.0	    0.0	    0.0	    0.0	    0.0	  100.0	    0.0	    0.0	    0.0	    0.0	    0.0	   16.8	  1	   50.0	 1650.0	    0.0	    0.0	    0.0	1	  145.8	 21	    0.0	    5.0	
  443	  47.34	    0.0	 1500.0	    0.0	 -452.4	 1049.4	    0.0	  200.0	    0.0	    0.0	    0.0	    0.0	  100.0	    0.0	    0.0	    0.0	    0.0	    0.0	   16.8	  1	   50.0	 1650.0	    0.0	    0.0	    0.0	1	  145.8	 21	    0.0	    5.0	
  444	  47.44	    0.0	 1500.0	    0.0	 -452.4	 1049.4	    0.0	  200.0	    0.0	    0.0	    0.0	    0.0	  100.0	    0.0	    0.0	    0.0	    0.0	    0.0	   16.9	  1	   50.0	 1650.0	    0.0	    0.0	    0.0	1	  145.8	 21	    0.0	    5.0	
  445	  47.53	    0.0	 1500.0	    0.0	 -452.4	 1049.4	    0.0	  200.0	    0.0	    0.0	    0.0	    0.0	  100.0	    0.0	    0.0	    0.0	    0.0	    0.0	   16.9	  1	   50.0	 1650.0	    0.0	    0.0	    0.0	1	  145.8	 21	    0.0	    5.0	
  446	  47.63	    0.0	 1500.0	    0.0	 -452.4	 1049.4	    0.0	  200.0	    0.0	    0.0	    0.0	    0.0	  100.0	    0.0	    0.0	    0.0	    0.0	    0.0	   16.9	  1	   50.0	 1650.0	    0.0	    0.0	    0.0	1	  145.8	 21	    0.0	    5.0	
  447	  47.73	    0.0	 1500.0	    0.0	 -452.4	 1049.4	    0.0	  200.0	    0.0	    0.0	    0.0	    0.0	  100.0	    0.0	    0.0	    0.0	    0.0	    0.0	   17.0	  1	   50.0	 1650.0	    0.0	    0.0	    0.0	1	  145.8	 21	    0.0	    5.0	
  448	  47.84	    0.0	 1500.0	    0.0	 -452.4	 1049.4	    0.0	  200.0	    0.0	    0.0	    0.0	    0.0	  100.0	    0.0	    0.0	    0.0	    0.0	    0.0	   17.0	  1	   50.0	 1650.0	    0.0	    0.0	    0.0	1	  145.8	 21	    0.0	    5.0	
  449	  47.94	    0.0	 1500.0	    0.0	 -452.4	 1049.4	    0.0	  200.0	    0.0	    0.0	    0.0	    0.0	  100.0	    0.0	    0.0	    0.0	    0.0	    0.0	   17.1	  1	   50.0	 1650.0	    0.0	    0.0	    0.0	1	  145.8	 21	    0.0	    5.0	
  450	  48.04	    0.0	 1500.0	    0.0	 -452.4	 1049.4	    0.0	  200.0	    0.0	    0.0	    0.0	    0.0	  100.0	    0.0	    0.0	    0.0	    0.0	    0.0	   17.1	  1	   50.0	 1650.0	    0.0	    0.0	    0.0	1	  145.8	 21	    0.0	    5.0	
  451	  48.13	    0.0	 1500.0	    0.0	 -452.4	 1049.4	    0.0	  200.0	    0.0	    0.0	    0.0	    0.0	  100.0	    0.0	    0.0	    0.0	    0.0	    0.0	   17.1	  1	   50.0	 1650.0	    0.0	    0.0	    0.0	1	  145.8	 21	    0.0	    5.0	
  452	  48.23	    0.0	 1500.0	    0.0	 -452.4	 1049.4	    0.0	  200.0	    0.0	    0.0	    0.0	    0.0	  100.0	    0.0	    0.0	    0.0	    0.0	    0.0	   17.2	  1	   50.0	 1650.0	    0.0	    0.0	    0.0	1	  145.8	 21	    0.0	    5.0	
  453	  48.34	    0.0	 1500.0	    0.0	 -452.4	 1049.4	    0.0	  200.0	    0.0	    0.0	    0.0	    0.0	  100.0	    0.0	    0.0	    0.0	    0.0	    0.0	   17.2	  1	   50.0	 1650.0	    0.0	    0.0	    0.0	1	  145.8	 21	    0.0	    5.0	
  454	  48.44	    0.0	 1500.0	    0.0	 -452.4	 1049.4	    0.0	  200.0	    0.0	    0.0	    0.0	    0.0	  100.0	    0.0	    0.0	    0.0	    0.0	    0.0	   17.3	  1	   50.0	 1650.0	    0.0	    0.0	    0.0	1	  145.8	 21	    0.0	    5.0	
  455	  48.53	    0.0	 1500.0	    0.0	 -452.4	 1049.4	    0.0	  200.0	    0.0	    0.0	    0.0	    0.0	  100.0	    0.0	    0.0	    0.0	    0.0	    0.0	   17.3	  1	   50.0	 1650.0	    0.0	    0.0	    0.0	1	  145.8	 21	    0.0	    5.0	
  456	  48.63	    0.0	 1500.0	    0.0	 -452.4	 1049.4	    0.0	  200.0	    0.0	    0.0	    0.0	    0.0	  100.0	    0.0	    0.0	    0.0	    0.0	    0.0	   17.3	  1	   50.0	 1650.0	    0.0	    0.0	    0.0	1	  145.8	 21	    0.0	    5.0	
  457	  48.73	    0.0	 1500.0	    0.0	 -452.4	 1049.4	    0.0	  200.0	    0.0	    0.0	    0.0	    0.0	  100.0	    0.0	    0.0	    0.0	    0.0	    0.0	   17.4	  1	   50.0	 1650.0	    0.0	    0.0	    0.0	1	  145.8	 21	    0.0	    5.0	
  458	  48.84	    0.0	 1500.0	    0.0	 -452.4	 1049.4	    0.0	  200.0	    0.0	    0.0	    0.0	    0.0	  100.0	    0.0	    0.0	    0.0	    0.0	    0.0	   17.4	  1	   50.0	 1650.0	    0.0	    0.0	    0.0	1	  145.8	 21	    0.0	    5.0	
  459	  48.94	    0.0	 1500.0	    0.0	 -452.4	 1049.4	    0.0	  200.0	    0.0	    0.0	    0.0	    0.0	  100.0	    0.0	    0.0	    0.0	    0.0	    0.0	   17.4	  1	   50.0	 1650.0	    0.0	    0.0	    0.0	1	  145.8	 21	    0.0	    5.0	
  460	  49.03	    0.0	 1500.0	    0.0	 -452.4	 1049.4	    0.0	  200.0	    0.0	    0.0	    0.0	    0.0	  100.0	    0.0	    0.0	    0.0	    0.0	    0.0	   17.5	  1	   50.0	 1650.0	    0.0	    0.0	    0.0	1	  145.8	 21	    0.0	    5.0	
  461	  49.13	    0.0	 1500.0	    0.0	 -452.4	 1049.4	    0.0	  200.0	    0.0	    0.0	    0.0	    0.0	  100.0	    0.0	    0.0	    0.0	    0.0	    0.0	   17.5	  1	   50.0	 1650.0	    0.0	    0.0	    0.0	1	  145.8	 21	    0.0	    5.0	
  462	  49.23	    0.0	 1500.0	    0.0	 -452.4	 1049.4	    0.0	  200.0	    0.0	    0.0	    0.0	    0.0	  100.0	    0.0	    0.0	    0.0	    0.0	    0.0	   17.6	  1	   50.0	 1650.0	    0.0	    0.0	    0.0	1	  145.8	 21	    0.0	    5.0	
  463	  49.34	    0.0	 1500.0	    0.0	 -452.4	 1049.4	    0.0	  200.0	    0.0	    0.0	    0.0	    0.0	  100.0	    0.0	    0.0	    0.0	    0.0	    0.0	   17.6	  1	   50.0	 1650.0	    0.0	    0.0	    0.0	1	  145.8	 21	    0.0	    5.0	
  464	  49.44	    0.0	 1500.0	    0.0	 -452.4	 1049.4	    0.0	  200.0	    0.0	    0.0	    0.0	    0.0	  100.0	    0.0	    0.0	    0.0	    0.0	    0.0	   17.6	  1	   50.0	 1650.0	    0.0	    0.0	    0.0	1	  145.8	 21	    0.0	    5.0	
  465	  49.53	    0.0	 1500.0	    0.0	 -452.4	 1049.4	    0.0	  200.0	    0.0	    0.0	    0.0	    0.0	  100.0	    0.0	    0.0	    0.0	    0.0	    0.0	   17.7	  1	   50.0	 1650.0	    0.0	    0.0	    0.0	1	  145.8	 21	    0.0	    5.0	
  466	  49.63	    0.0	 1500.0	    0.0	 -452.4	 1049.4	    0.0	  200.0	    0.0	    0.0	    0.0	    0.0	  100.0	    0.0	    0.0	    0.0	    0.0	    0.0	   17.7	  1	   50.0	 1650.0	    0.0	    0.0	    0.0	1	  145.8	 21	    0.0	    5.0	
  467	  49.73	    0.0	 1500.0	    0.0	 -452.4	 1049.4	    0.0	  200.0	    0.0	    0.0	    0.0	    0.0	  100.0	    0.0	    0.0	    0.0	    0.0	    0.0	   17.7	  1	   50.0	 1650.0	    0.0	    0.0	    0.0	1	  145.8	 21	    0.0	    5.0	
  468	  49.84	    0.0	 1500.0	    0.0	 -452.4	 1049.4	    0.0	  200.0	    0.0	    0.0	    0.0	    0.0	  100.0	    0.0	    0.0	    0.0	    0.0	    0.0	   17.8	  1	   50.0	 1650.0	    0.0	    0.0	    0.0	1	  145.8	 21	    0.0	    5.0	
  469	  49.94	    0.0	 1500.0	    0.0	 -452.4	 1049.4	    0.0	  200.0	    0.0	    0.0	    0.0	    0.0	  100.0	    0.0	    0.0	    0.0	    0.0	    0.0	   17.8	  1	   50.0	 1650.0	    0.0	    0.0	    0.0	1	  145.8	 21	    0.0	    5.0	
  470	  50.03	    0.0	 1500.0	    0.0	 -452.4	 1049.4	    0.0	  200.0	    0.0	    0.0	    0.0	    0.0	  100.0	    0.0	    0.0	    0.0	    0.0	    0.0	   17.9	  1	   50.0	 1650.0	    0.0	    0.0	    0.0	1	  145.8	 21	    0.0	    5.0	
  471	  50.13	    0.0	 1500.0	    0.0	 -452.4	 1049.4	    0.0	  200.0	    0.0	    0.0	    0.0	    0.0	  100.0	    0.0	    0.0	    0.0	    0.0	    0.0	   17.9	  1	   50.0	 1650.0	    0.0	    0.0	    0.0	1	  145.8	 21	    0.0	    5.0	
  472	  50.23	    0.0	 1500.0	    0.0	 -452.7	 1051.5	    0.0	  200.0	    0.0	    0.0	    0.0	    0.0	  100.0	    0.0	    0.0	    0.0	    0.0	    0.0	   17.9	  1	   50.0	 1650.0	    0.0	    0.0	    0.0	1	  145.8	 21	    0.0	    5.0	
  473	  50.34	    0.0	 1500.0	    0.0	 -452.7	 1051.5	    0.0	  200.0	    0.0	    0.0	    0.0	    0.0	  100.0	    0.0	    0.0	    0.0	    0.0	    0.0	   18.0	  1	   50.0	 1650.0	    0.0	    0.0	    0.0	1	  145.8	 21	    0.0	    5.0	
  474	  50.44	    0.0	 1500.0	    0.0	 -452.7	 1051.5	    0.0	  200.0	    0.0	    0.0	    0.0	    0.0	  100.0	    0.0	    0.0	    0.0	    0.0	    0.0	   18.0	  1	   50.0	 1650.0	    0.0	    0.0	    0.0	1	  145.8	 21	    0.0	    5.0	
  475	  50.54	    0.0	 1500.0	    0.0	 -452.7	 1051.5	    0.0	  200.0	    0.0	    0.0	    0.0	    0.0	  100.0	    0.0	    0.0	    0.0	    0.0	    0.0	   18.0	  1	   50.0	 1650.0	    0.0	    0.0	    0.0	1	  145.8	 21	    0.0	    5.0	
  476	  50.63	    0.0	 1500.0	    0.0	 -452.7	 1051.5	    0.0	  200.0	    0.0	    0.0	    0.0	    0.0	  100.0	    0.0	    0.0	    0.0	    0.0	    0.0	   18.1	  1	   50.0	 1650.0	    0.0	    0.0	    0.0	1	  145.8	 21	    0.0	    5.0	
  477	  50.73	    0.0	 1500.0	    0.0	 -452.7	 1051.5	    0.0	  200.0	    0.0	    0.0	    0.0	    0.0	  100.0	    0.0	    0.0	    0.0	    0.0	    0.0	   18.1	  1	   50.0	 1650.0	    0.0	    0.0	    0.0	1	  145.8	 21	    0.0	    5.0	
  478	  50.84	    0.0	 1500.0	    0.0	 -452.7	 1051.5	    0.0	  200.0	    0.0	    0.0	    0.0	    0.0	  100.0	    0.0	    0.0	    0.0	    0.0	    0.0	   18.2	  1	   50.0	 1650.0	    0.0	    0.0	    0.0	1	  145.8	 21	    0.0	    5.0	
  479	  50.94	    0.0	 1500.0	    0.0	 -453.0	 1050.6	    0.0	  200.0	    0.0	    0.0	    0.0	    0.0	  100.0	    0.0	    0.0	    0.0	    0.0	    0.0	   18.2	  1	   50.0	 1650.0	    0.0	    0.0	    0.0	1	  145.8	 21	    0.0	    5.0	
  480	  51.03	    0.0	 1500.0	    0.0	 -452.7	 1051.5	    0.0	  200.0	    0.0	    0.0	    0.0	    0.0	  100.0	    0.0	    0.0	    0.0	    0.0	    0.0	   18.2	  1	   50.0	 1650.0	    0.0	    0.0	    0.0	1	  145.8	 21	    0.0	    5.0	
  481	  51.13	    0.0	 1500.0	    0.0	 -452.7	 1051.5	    0.0	  200.0	    0.0	    0.0	    0.0	    0.0	  100.0	    0.0	    0.0	    0.0	    0.0	    0.0	   18.3	  1	   50.0	 1650.0	    0.0	    0.0	    0.0	1	  145.8	 21	    0.0	    5.0	
  482	  51.23	    0.0	 1500.0	    0.0	 -452.7	 1051.5	    0.0	  200.0	    0.0	    0.0	    0.0	    0.0	  100.0	    0.0	    0.0	    0.0	    0.0	    0.0	   18.3	  1	   50.0	 1650.0	    0.0	    0.0	    0.0	1	  145.8	 21	    0.0	    5.0	
  483	  51.34	    0.0	 1500.0	    0.0	 -452.7	 1051.5	    0.0	  200.0	    0.0	    0.0	    0.0	    0.0	  100.0	    0.0	    0.0	    0.0	    0.0	    0.0	   18.4	  1	   50.0	 1650.0	    0.0	    0.0	    0.0	1	  145.8	 21	    0.0	    5.0	
  484	  51.44	    0.0	 1500.0	    0.0	 -452.7	 1051.5	    0.0	  200.0	    0.0	    0.0	    0.0	    0.0	  100.0	    0.0	    0.0	    0.0	    0.0	    0.0	   18.4	  1	   50.0	 1650.0	    0.0	    0.0	    0.0	1	  145.8	 21	    0.0	    5.0	
  485	  51.53	    0.0	 1500.0	    0.0	 -452.7	 1051.5	    0.0	  200.0	    0.0	    0.0	    0.0	    0.0	  100.0	    0.0	    0.0	    0.0	    0.0	    0.0	   18.4	  1	   50.0	 1650.0	    0.0	    0.0	    0.0	1	  145.8	 21	    0.0	    5.0	
  486	  51.63	    0.0	 1500.0	    0.0	 -452.7	 1051.5	    0.0	  200.0	    0.0	    0.0	    0.0	    0.0	  100.0	    0.0	    0.0	    0.0	    0.0	    0.0	   18.5	  1	   50.0	 1650.0	    0.0	    0.0	    0.0	1	  145.8	 21	    0.0	    5.0	
  487	  51.73	    0.0	 1500.0	    0.0	 -452.7	 1051.5	    0.0	  200.0	    0.0	    0.0	    0.0	    0.0	  100.0	    0.0	    0.0	    0.0	    0.0	    0.0	   18.5	  1	   50.0	 1650.0	    0.0	    0.0	    0.0	1	  145.8	 21	    0.0	    5.0	
  488	  51.84	    0.0	 1500.0	    0.0	 -452.7	 1051.5	    0.0	  200.0	    0.0	    0.0	    0.0	    0.0	  100.0	    0.0	    0.0	    0.0	    0.0	    0.0	   18.5	  1	   50.0	 1650.0	    0.0	    0.0	    0.0	1	  145.8	 21	    0.0	    5.0	
  489	  51.94	    0.0	 1500.0	    0.0	 -452.7	 1051.5	    0.0	  200.0	    0.0	    0.0	    0.0	    0.0	  100.0	    0.0	    0.0	    0.0	    0.0	    0.0	   18.6	  1	   50.0	 1650.0	    0.0	    0.0	    0.0	1	  145.8	 21	    0.0	    5.0	
  490	  52.04	    0.0	 1500.0	    0.0	 -452.7	 1051.5	    0.0	  200.0	    0.0	    0.0	    0.0	    0.0	  100.0	    0.0	    0.0	    0.0	    0.0	    0.0	   18.6	  1	   50.0	 1650.0	    0.0	    0.0	    0.0	1	  145.8	 21	    0.0	    5.0	
  491	  52.13	    0.0	 1500.0	    0.0	 -452.7	 1051.5	    0.0	  200.0	    0.0	    0.0	    0.0	    0.0	  100.0	    0.0	    0.0	    0.0	    0.0	    0.0	   18.7	  1	   50.0	 1650.0	    0.0	    0.0	    0.0	1	  145.8	 21	    0.0	    5.0	
  492	  52.23	    0.0	 1500.0	    0.0	 -452.7	 1051.5	    0.0	  200.0	    0.0	    0.0	    0.0	    0.0	  100.0	    0.0	    0.0	    0.0	    0.0	    0.0	   18.7	  1	   50.0	 1650.0	    0.0	    0.0	    0.0	1	  145.8	 21	    0.0	    5.0	
  493	  52.34	    0.0	 1500.0	    0.0	 -452.7	 1051.5	    0.0	  200.0	    0.0	    0.0	    0.0	    0.0	  100.0	    0.0	    0.0	    0.0	    0.0	    0.0	   18.7	  1	   50.0	 1650.0	    0.0	    0.0	    0.0	1	  145.8	 21	    0.0	    5.0	
  494	  52.44	    0.0	 1500.0	    0.0	 -452.7	 1051.5	    0.0	  200.0	    0.0	    0.0	    0.0	    0.0	  100.0	    0.0	    0.0	    0.0	    0.0	    0.0	   18.8	  1	   50.0	 1650.0	    0.0	    0.0	    0.0	1	  145.8	 21	    0.0	    5.0	
  495	  52.53	    0.0	 1500.0	    0.0	 -452.7	 1051.5	    0.0	  200.0	    0.0	    0.0	    0.0	    0.0	  100.0	    0.0	    0.0	    0.0	    0.0	    0.0	   18.8	  1	   50.0	 1650.0	    0.0	    0.0	    0.0	1	  145.8	 21	    0.0	    5.0	
  496	  52.63	    0.0	 1500.0	    0.0	 -452.7	 1051.5	    0.0	  200.0	    0.0	    0.0	    0.0	    0.0	  100.0	    0.0	    0.0	    0.0	    0.0	    0.0	   18.8	  1	   50.0	 1650.0	    0.0	    0.0	    0.0	1	  145.8	 21	    0.0	    5.0	
  497	  52.73	    0.0	 1500.0	    0.0	 -452.7	 1051.5	    0.0	  200.0	    0.0	    0.0	    0.0	    0.0	  100.0	    0.0	    0.0	    0.0	    0.0	    0.0	   18.9	  1	   50.0	 1650.0	    0.0	    0.0	    0.0	1	  145.8	 21	    0.0	    5.0	
  498	  52.84	    0.0	 1500.0	    0.0	 -452.7	 1051.5	    0.0	  200.0	    0.0	    0.0	    0.0	    0.0	  100.0	    0.0	    0.0	    0.0	    0.0	    0.0	   18.9	  1	   50.0	 1650.0	    0.0	    0.0	    0.0	1	  145.8	 21	    0.0	    5.0	
  499	  52.94	    0.0	 1500.0	    0.0	 -452.7	 1051.5	    0.0	  200.0	    0.0	    0.0	    0.0	    0.0	  100.0	    0.0	    0.0	    0.0	    0.0	    0.0	   19.0	  1	   50.0	 1650.0	    0.0	    0.0	    0.0	1	  145.8	 21	    0.0	    5.0	
  500	  53.03	    0.0	 1500.0	    0.0	 -452.7	 1051.5	    0.0	  200.0	    0.0	    0.0	    0.0	    0.0	  100.0	    0.0	    0.0	    0.0	    0.0	    0.0	   19.0	  1	   50.0	 1650.0	    0.0	    0.0	    0.0	1	  145.8	 21	    0.0	    5.0	
  501	  53.13	    0.0	 1500.0	    0.0	 -452.7	 1051.5	    0.0	  200.0	    0.0	    0.0	    0.0	    0.0	  100.0	    0.0	    0.0	    0.0	    0.0	    0.0	   19.0	  1	   50.0	 1650.0	    0.0	    0.0	    0.0	1	  145.8	 21	    0.0	    5.0	
  502	  53.23	    0.0	 1500.0	    0.0	 -451.0	 1049.9	    0.0	  200.0	    0.0	    0.0	    0.0	    0.0	  100.0	    0.0	    0.0	    0.0	    0.0	    0.0	   19.1	  1	   50.0	 1650.0	    0.0	    0.0	    0.0	1	  145.8	 21	    0.0	    5.0	
  503	  53.34	    0.0	 1500.0	    0.0	 -451.0	 1049.9	    0.0	  200.0	    0.0	    0.0	    0.0	    0.0	  100.0	    0.0	    0.0	    0.0	    0.0	    0.0	   19.1	  1	   50.0	 1650.0	    0.0	    0.0	    0.0	1	  145.8	 21	    0.0	    5.0	
  504	  53.44	    0.0	 1500.0	    0.0	 -451.0	 1049.9	    0.0	  200.0	    0.0	    0.0	    0.0	    0.0	  100.0	    0.0	    0.0	    0.0	    0.0	    0.0	   19.2	  1	   50.0	 1650.0	    0.0	    0.0	    0.0	1	  145.8	 21	    0.0	    5.0	
  505	  53.53	    0.0	 1500.0	    0.0	 -451.0	 1049.9	    0.0	  200.0	    0.0	    0.0	    0.0	    0.0	  100.0	    0.0	    0.0	    0.0	    0.0	    0.0	   19.2	  1	   50.0	 1650.0	    0.0	    0.0	    0.0	1	  145.8	 21	    0.0	    5.0	
  506	  53.63	    0.0	 1500.0	    0.0	 -451.0	 1049.9	    0.0	  200.0	    0.0	    0.0	    0.0	    0.0	  100.0	    0.0	    0.0	    0.0	    0.0	    0.0	   19.2	  1	   50.0	 1650.0	    0.0	    0.0	    0.0	1	  145.8	 21	    0.0	    5.0	
  507	  53.74	    0.0	 1500.0	    0.0	 -451.0	 1049.9	    0.0	  200.0	    0.0	    0.0	    0.0	    0.0	  100.0	    0.0	    0.0	    0.0	    0.0	    0.0	   19.3	  1	   50.0	 1650.0	    0.0	    0.0	    0.0	1	  145.8	 21	    0.0	    5.0	
  508	  53.84	    0.0	 1500.0	    0.0	 -450.7	 1050.8	    0.0	  200.0	    0.0	    0.0	    0.0	    0.0	  100.0	    0.0	    0.0	    0.0	    0.0	    0.0	   19.3	  1	   50.0	 1650.0	    0.0	    0.0	    0.0	1	  145.8	 21	    0.0	    5.0	
  509	  53.94	    0.0	 1500.0	    0.0	 -450.7	 1050.8	    0.0	  200.0	    0.0	    0.0	    0.0	    0.0	  100.0	    0.0	    0.0	    0.0	    0.0	    0.0	   19.3	  1	   50.0	 1650.0	    0.0	    0.0	    0.0	1	  145.8	 21	    0.0	    5.0	
  510	  54.03	    0.0	 1500.0	    0.0	 -450.7	 1050.8	    0.0	  200.0	    0.0	    0.0	    0.0	    0.0	  100.0	    0.0	    0.0	    0.0	    0.0	    0.0	   19.4	  1	   50.0	 1650.0	    0.0	    0.0	    0.0	1	  145.8	 21	    0.0	    5.0	
  511	  54.13	    0.0	 1500.0	    0.0	 -451.0	 1049.9	    0.0	  200.0	    0.0	    0.0	    0.0	    0.0	  100.0	    0.0	    0.0	    0.0	    0.0	    0.0	   19.4	  1	   50.0	 1650.0	    0.0	    0.0	    0.0	1	  145.8	 21	    0.0	    5.0	
  512	  54.23	    0.0	 1500.0	    0.0	 -451.0	 1049.9	    0.0	  200.0	    0.0	    0.0	    0.0	    0.0	  100.0	    0.0	    0.0	    0.0	    0.0	    0.0	   19.5	  1	   50.0	 1650.0	    0.0	    0.0	    0.0	1	  145.8	 21	    0.0	    5.0	
  513	  54.34	    0.0	 1500.0	    0.0	 -451.0	 1049.9	    0.0	  200.0	    0.0	    0.0	    0.0	    0.0	  100.0	    0.0	    0.0	    0.0	    0.0	    0.0	   19.5	  1	   50.0	 1650.0	    0.0	    0.0	    0.0	1	  145.8	 21	    0.0	    5.0	
  514	  54.44	    0.0	 1500.0	    0.0	 -451.0	 1049.9	    0.0	  200.0	    0.0	    0.0	    0.0	    0.0	  100.0	    0.0	    0.0	    0.0	    0.0	    0.0	   19.5	  1	   50.0	 1650.0	    0.0	    0.0	    0.0	1	  145.8	 21	    0.0	    5.0	
  515	  54.54	    0.0	 1500.0	    0.0	 -451.0	 1049.9	    0.0	  200.0	    0.0	    0.0	    0.0	    0.0	  100.0	    0.0	    0.0	    0.0	    0.0	    0.0	   19.6	  1	   50.0	 1650.0	    0.0	    0.0	    0.0	1	  145.8	 21	    0.0	    5.0	
  516	  54.64	    0.0	 1500.0	    0.0	 -451.0	 1049.9	    0.0	  200.0	    0.0	    0.0	    0.0	    0.0	  100.0	    0.0	    0.0	    0.0	    0.0	    0.0	   19.6	  1	   50.0	 1650.0	    0.0	    0.0	    0.0	1	  145.8	 21	    0.0	    5.0	
  517	  54.73	    0.0	 1500.0	    0.0	 -451.0	 1049.9	    0.0	  200.0	    0.0	    0.0	    0.0	    0.0	  100.0	    0.0	    0.0	    0.0	    0.0	    0.0	   19.6	  1	   50.0	 1650.0	    0.0	    0.0	    0.0	1	  145.8	 21	    0.0	    5.0	
  518	  54.84	    0.0	 1500.0	    0.0	 -417.7	 1028.1	    0.0	  200.0	    0.0	    0.0	    0.0	    0.0	  100.0	    0.0	    0.0	    0.0	    0.0	    0.0	   19.7	  1	   50.0	 1650.0	    0.0	    0.0	    0.0	1	  145.8	 21	    0.0	    5.0	
  519	  54.94	    0.0	 1500.0	    0.0	 -417.7	 1028.1	    0.0	  200.0	    0.0	    0.0	    0.0	    0.0	  100.0	    0.0	    0.0	    0.0	    0.0	    0.0	   19.7	  1	   50.0	 1650.0	    0.0	    0.0	    0.0	1	  145.8	 21	    0.0	    5.0	
  520	  55.03	    0.0	 1500.0	    0.0	 -417.7	 1028.1	    0.0	  200.0	    0.0	    0.0	    0.0	    0.0	  100.0	    0.0	    0.0	    0.0	    0.0	    0.0	   19.8	  1	   50.0	 1650.0	    0.0	    0.0	    0.0	1	  145.8	 21	    0.0	    5.0	
  521	  55.14	    0.0	 1500.0	    0.0	 -417.7	 1028.1	    0.0	  200.0	    0.0	    0.0	    0.0	    0.0	  100.0	    0.0	    0.0	    0.0	    0.0	    0.0	   19.8	  1	   50.0	 1650.0	    0.0	    0.0	    0.0	1	  145.8	 21	    0.0	    5.0	
  522	  55.23	    0.0	 1500.0	    0.0	 -417.7	 1028.1	    0.0	  200.0	    0.0	    0.0	    0.0	    0.0	  100.0	    0.0	    0.0	    0.0	    0.0	    0.0	   19.8	  1	   50.0	 1650.0	    0.0	    0.0	    0.0	1	  145.8	 21	    0.0	    5.0	
  523	  55.34	    0.0	 1500.0	    0.0	 -417.7	 1028.1	    0.0	  200.0	    0.0	    0.0	    0.0	    0.0	  100.0	    0.0	    0.0	    0.0	    0.0	    0.0	   19.9	  1	   50.0	 1650.0	    0.0	    0.0	    0.0	1	  145.8	 21	    0.0	    5.0	
  524	  55.44	    0.0	 1500.0	    0.0	 -398.4	 1007.5	    0.0	  200.0	    0.0	    0.0	    0.0	    0.0	  100.0	    0.0	    0.0	    0.0	    0.0	    0.0	   19.9	  1	   50.0	 1650.0	    0.0	    0.0	    0.0	1	  145.8	 21	    0.0	    5.0	
  525	  55.53	    0.0	 1500.0	    0.0	 -398.4	 1007.5	    0.0	  200.0	    0.0	    0.0	    0.0	    0.0	  100.0	    0.0	    0.0	    0.0	    0.0	    0.0	   20.0	  1	   50.0	 1650.0	    0.0	    0.0	    0.0	1	  145.8	 21	    0.0	    5.0	
  526	  55.64	    0.0	 1500.0	    0.0	 -398.4	 1007.5	    0.0	  200.0	    0.0	    0.0	    0.0	    0.0	  100.0	    0.0	    0.0	    0.0	    0.0	    0.0	   20.0	  1	   50.0	 1650.0	    0.0	    0.0	    0.0	1	  145.8	 21	    0.0	    5.0	
  527	  55.73	    0.0	 1500.0	    0.0	 -398.4	 1007.5	    0.0	  200.0	    0.0	    0.0	    0.0	    0.0	  100.0	    0.0	    0.0	    0.0	    0.0	    0.0	   20.0	  1	   50.0	 1650.0	    0.0	    0.0	    0.0	1	  145.8	 21	    0.0	    5.0	
  528	  55.84	    0.0	 1500.0	    0.0	 -398.4	 1007.5	    0.0	  200.0	    0.0	    0.0	    0.0	    0.0	  100.0	    0.0	    0.0	    0.0	    0.0	    0.0	   20.1	  1	   50.0	 1650.0	    0.0	    0.0	    0.0	1	  145.8	 21	    0.0	    5.0	
  529	  55.94	    0.0	 1500.0	    0.0	 -398.4	 1007.5	    0.0	  200.0	    0.0	    0.0	    0.0	    0.0	  100.0	    0.0	    0.0	    0.0	    0.0	    0.0	   20.1	  1	   50.0	 1650.0	    0.0	    0.0	    0.0	1	  145.8	 21	    0.0	    5.0	
  530	  56.03	    0.0	 1500.0	    0.0	 -391.2	 1004.3	    0.0	  200.0	    0.0	    0.0	    0.0	    0.0	  100.0	    0.0	    0.0	    0.0	    0.0	    0.0	   20.1	  1	   50.0	 1650.0	    0.0	    0.0	    0.0	1	  145.8	 21	    0.0	    5.0	
  531	  56.13	    0.0	 1500.0	    0.0	 -391.2	 1004.3	    0.0	  200.0	    0.0	    0.0	    0.0	    0.0	  100.0	    0.0	    0.0	    0.0	    0.0	    0.0	   20.2	  1	   50.0	 1650.0	    0.0	    0.0	    0.0	1	  145.8	 21	    0.0	    5.0	
  532	  56.23	    0.0	 1500.0	    0.0	 -391.2	 1004.3	    0.0	  200.0	    0.0	    0.0	    0.0	    0.0	  100.0	    0.0	    0.0	    0.0	    0.0	    0.0	   20.2	  1	   50.0	 1650.0	    0.0	    0.0	    0.0	1	  145.8	 21	    0.0	    5.0	
  533	  56.34	    0.0	 1500.0	    0.0	 -391.2	 1004.3	    0.0	  200.0	    0.0	    0.0	    0.0	    0.0	  100.0	    0.0	    0.0	    0.0	    0.0	    0.0	   20.3	  1	   50.0	 1650.0	    0.0	    0.0	    0.0	1	  145.8	 21	    0.0	    5.0	
  534	  56.44	    0.0	 1500.0	    0.0	 -391.2	 1004.3	    0.0	  200.0	    0.0	    0.0	    0.0	    0.0	  100.0	    0.0	    0.0	    0.0	    0.0	    0.0	   20.3	  1	   50.0	 1650.0	    0.0	    0.0	    0.0	1	  145.8	 21	    0.0	    5.0	
  535	  56.53	    0.0	 1500.0	    0.0	 -391.2	 1004.3	    0.0	  200.0	    0.0	    0.0	    0.0	    0.0	  100.0	    0.0	    0.0	    0.0	    0.0	    0.0	   20.3	  1	   50.0	 1650.0	    0.0	    0.0	    0.0	1	  145.8	 21	    0.0	    5.0	
  536	  56.63	    0.0	 1500.0	    0.0	 -388.9	 1009.3	    0.0	  200.0	    0.0	    0.0	    0.0	    0.0	  100.0	    0.0	    0.0	    0.0	    0.0	    0.0	   20.4	  1	   50.0	 1650.0	    0.0	    0.0	    0.0	1	  145.8	 21	    0.0	    5.0	
  537	  56.73	    0.0	 1500.0	    0.0	 -388.9	 1009.3	    0.0	  200.0	    0.0	    0.0	    0.0	    0.0	  100.0	    0.0	    0.0	    0.0	    0.0	    0.0	   20.4	  1	   50.0	 1650.0	    0.0	    0.0	    0.0	1	  145.8	 21	    0.0	    5.0	
  538	  56.84	    0.0	 1500.0	    0.0	 -388.9	 1009.3	    0.0	  200.0	    0.0	    0.0	    0.0	    0.0	  100.0	    0.0	    0.0	    0.0	    0.0	    0.0	   20.4	  1	   50.0	 1650.0	    0.0	    0.0	    0.0	1	  145.8	 21	    0.0	    5.0	
  539	  56.94	    0.0	 1500.0	    0.0	 -388.9	 1009.3	    0.0	  200.0	    0.0	    0.0	    0.0	    0.0	  100.0	    0.0	    0.0	    0.0	    0.0	    0.0	   20.5	  1	   50.0	 1650.0	    0.0	    0.0	    0.0	1	  145.8	 21	    0.0	    5.0	
  540	  57.03	    0.0	 1500.0	    0.0	 -388.9	 1009.3	    0.0	  200.0	    0.0	    0.0	    0.0	    0.0	  100.0	    0.0	    0.0	    0.0	    0.0	    0.0	   20.5	  1	   50.0	 1650.0	    0.0	    0.0	    0.0	1	  145.8	 21	    0.0	    5.0	
  541	  57.13	    0.0	 1500.0	    0.0	 -388.9	 1009.3	    0.0	  200.0	    0.0	    0.0	    0.0	    0.0	  100.0	    0.0	    0.0	    0.0	    0.0	    0.0	   20.6	  1	   50.0	 1650.0	    0.0	    0.0	    0.0	1	  145.8	 21	    0.0	    5.0	
  542	  57.23	    0.0	 1500.0	    0.0	 -386.3	 1010.9	    0.0	  200.0	    0.0	    0.0	    0.0	    0.0	  100.0	    0.0	    0.0	    0.0	    0.0	    0.0	   20.6	  1	   50.0	 1650.0	    0.0	    0.0	    0.0	1	  145.8	 21	    0.0	    5.0	
  543	  57.34	    0.0	 1500.0	    0.0	 -386.3	 1010.9	    0.0	  200.0	    0.0	    0.0	    0.0	    0.0	  100.0	    0.0	    0.0	    0.0	    0.0	    0.0	   20.6	  1	   50.0	 1650.0	    0.0	    0.0	    0.0	1	  145.8	 21	    0.0	    5.0	
  544	  57.44	    0.0	 1500.0	    0.0	 -386.3	 1010.9	    0.0	  200.0	    0.0	    0.0	    0.0	    0.0	  100.0	    0.0	    0.0	    0.0	    0.0	    0.0	   20.7	  1	   50.0	 1650.0	    0.0	    0.0	    0.0	1	  145.8	 21	    0.0	    5.0	
  545	  57.53	    0.0	 1500.0	    0.0	 -386.3	 1010.9	    0.0	  200.0	    0.0	    0.0	    0.0	    0.0	  100.0	    0.0	    0.0	    0.0	    0.0	    0.0	   20.7	  1	   50.0	 1650.0	    0.0	    0.0	    0.0	1	  145.8	 21	    0.0	    5.0	
  546	  57.63	    0.0	 1500.0	    0.0	 -386.3	 1010.9	    0.0	  200.0	    0.0	    0.0	    0.0	    0.0	  100.0	    0.0	    0.0	    0.0	    0.0	    0.0	   20.7	  1	   50.0	 1650.0	    0.0	    0.0	    0.0	1	  145.8	 21	    0.0	    5.0	
  547	  57.73	    0.0	 1500.0	    0.0	 -383.4	 1003.7	    0.0	  200.0	    0.0	    0.0	    0.0	    0.0	  100.0	    0.0	    0.0	    0.0	    0.0	    0.0	   20.8	  1	   50.0	 1650.0	    0.0	    0.0	    0.0	1	  145.8	 21	    0.0	    5.0	
  548	  57.84	    0.0	 1500.0	    0.0	 -383.4	 1003.7	    0.0	  200.0	    0.0	    0.0	    0.0	    0.0	  100.0	    0.0	    0.0	    0.0	    0.0	    0.0	   20.8	  1	   50.0	 1650.0	    0.0	    0.0	    0.0	1	  145.8	 21	    0.0	    5.0	
  549	  57.94	    0.0	 1500.0	    0.0	 -383.4	 1003.7	    0.0	  200.0	    0.0	    0.0	    0.0	    0.0	  100.0	    0.0	    0.0	    0.0	    0.0	    0.0	   20.9	  1	   50.0	 1650.0	    0.0	    0.0	    0.0	1	  145.8	 21	    0.0	    5.0	
  550	  58.03	    0.0	 1500.0	    0.0	 -383.4	 1003.7	    0.0	  200.0	    0.0	    0.0	    0.0	    0.0	  100.0	    0.0	    0.0	    0.0	    0.0	    0.0	   20.9	  1	   50.0	 1650.0	    0.0	    0.0	    0.0	1	  145.8	 21	    0.0	    5.0	
  551	  58.13	    0.0	 1500.0	    0.0	 -383.4	 1003.7	    0.0	  200.0	    0.0	    0.0	    0.0	    0.0	  100.0	    0.0	    0.0	    0.0	    0.0	    0.0	   20.9	  1	   50.0	 1650.0	    0.0	    0.0	    0.0	1	  145.8	 21	    0.0	    5.0	
  552	  58.23	    0.0	 1500.0	    0.0	 -383.4	 1003.7	    0.0	  200.0	    0.0	    0.0	    0.0	    0.0	  100.0	    0.0	    0.0	    0.0	    0.0	    0.0	   21.0	  1	   50.0	 1650.0	    0.0	    0.0	    0.0	1	  145.8	 21	    0.0	    5.0	
  553	  58.34	    0.0	 1500.0	    0.0	 -375.3	  987.0	    0.0	  200.0	    0.0	    0.0	    0.0	    0.0	  100.0	    0.0	    0.0	    0.0	    0.0	    0.0	   21.0	  1	   50.0	 1650.0	    0.0	    0.0	    0.0	1	  145.8	 21	    0.0	    5.0	
  554	  58.44	    0.0	 1500.0	    0.0	 -375.3	  987.0	    0.0	  200.0	    0.0	    0.0	    0.0	    0.0	  100.0	    0.0	    0.0	    0.0	    0.0	    0.0	   21.1	  1	   50.0	 1650.0	    0.0	    0.0	    0.0	1	  145.8	 21	    0.0	    5.0	
  555	  58.53	    0.0	 1500.0	    0.0	 -375.3	  987.0	    0.0	  200.0	    0.0	    0.0	    0.0	    0.0	  100.0	    0.0	    0.0	    0.0	    0.0	    0.0	   21.1	  1	   50.0	 1650.0	    0.0	    0.0	    0.0	1	  145.8	 21	    0.0	    5.0	
  556	  58.64	    0.0	 1500.0	    0.0	 -375.3	  987.0	    0.0	  200.0	    0.0	    0.0	    0.0	    0.0	  100.0	    0.0	    0.0	    0.0	    0.0	    0.0	   21.1	  1	   50.0	 1650.0	    0.0	    0.0	    0.0	1	  145.8	 21	    0.0	    5.0	
  557	  58.73	    0.0	 1500.0	    0.0	 -375.3	  987.0	    0.0	  200.0	    0.0	    0.0	    0.0	    0.0	  100.0	    0.0	    0.0	    0.0	    0.0	    0.0	   21.2	  1	   50.0	 1650.0	    0.0	    0.0	    0.0	1	  145.8	 21	    0.0	    5.0	
  558	  58.84	    0.0	 1500.0	    0.0	 -317.2	  988.1	    0.0	  200.0	    0.0	    0.0	    0.0	    0.0	  100.0	    0.0	    0.0	    0.0	    0.0	    0.0	   21.2	  1	   50.0	 1650.0	    0.0	    0.0	    0.0	1	  145.8	 21	    0.0	    5.0	
  559	  58.94	    0.0	 1500.0	    0.0	 -317.2	  988.1	    0.0	  200.0	    0.0	    0.0	    0.0	    0.0	  100.0	    0.0	    0.0	    0.0	    0.0	    0.0	   21.2	  1	   50.0	 1650.0	    0.0	    0.0	    0.0	1	  145.8	 21	    0.0	    5.0	
  560	  59.03	    0.0	 1500.0	    0.0	 -317.2	  988.1	    0.0	  200.0	    0.0	    0.0	    0.0	    0.0	  100.0	    0.0	    0.0	    0.0	    0.0	    0.0	   21.3	  1	   50.0	 1650.0	    0.0	    0.0	    0.0	1	  145.8	 21	    0.0	    5.0	
  561	  59.13	    0.0	 1500.0	    0.0	 -317.2	  988.1	    0.0	  200.0	    0.0	    0.0	    0.0	    0.0	  100.0	    0.0	    0.0	    0.0	    0.0	    0.0	   21.3	  1	   50.0	 1650.0	    0.0	    0.0	    0.0	1	  145.8	 21	    0.0	    5.0	
  562	  59.23	    0.0	 1500.0	    0.0	 -317.2	  988.1	    0.0	  200.0	    0.0	    0.0	    0.0	    0.0	  100.0	    0.0	    0.0	    0.0	    0.0	    0.0	   21.4	  1	   50.0	 1650.0	    0.0	    0.0	    0.0	1	  145.8	 21	    0.0	    5.0	
  563	  59.34	    0.0	 1500.0	    0.0	 -311.9	 1043.9	    0.0	  200.0	    0.0	    0.0	    0.0	    0.0	  100.0	    0.0	    0.0	    0.0	    0.0	    0.0	   21.4	  1	  150.0	 1650.0	    0.0	    0.0	    0.0	1	  191.6	 21	    0.0	    5.0	
  564	  59.44	    0.0	 1500.0	    0.0	 -311.9	 1043.9	    0.0	  200.0	    0.0	    0.0	    0.0	    0.0	  100.0	    0.0	    0.0	    0.0	    0.0	    0.0	   21.4	  1	  150.0	 1650.0	    0.0	    0.0	    0.0	1	  191.6	 21	    0.0	    5.0	
  565	  59.53	    0.0	 1500.0	    0.0	 -311.9	 1043.9	    0.0	  200.0	    0.0	    0.0	    0.0	    0.0	  100.0	    0.0	    0.0	    0.0	    0.0	    0.0	   21.5	  1	  150.0	 1650.0	    0.0	    0.0	    0.0	1	  191.6	 21	    0.0	    5.0	
  566	  59.64	    0.0	 1500.0	    0.0	 -311.9	 1043.9	    0.0	  200.0	    0.0	    0.0	    0.0	    0.0	  100.0	    0.0	    0.0	    0.0	    0.0	    0.0	   21.5	  1	  150.0	 1650.0	    0.0	    0.0	    0.0	1	  191.6	 21	    0.0	    5.0	
  567	  59.73	    0.0	 1500.0	    0.0	 -311.9	 1043.9	    0.0	  200.0	    0.0	    0.0	    0.0	    0.0	  100.0	    0.0	    0.0	    0.0	    0.0	    0.0	   21.5	  1	  150.0	 1650.0	    0.0	    0.0	    0.0	1	  191.6	 21	    0.0	    5.0	
  568	  59.84	    0.0	 1500.0	    0.0	 -311.9	 1043.9	    0.0	  200.0	    0.0	    0.0	    0.0	    0.0	  100.0	    0.0	    0.0	    0.0	    0.0	    0.0	   21.6	  1	  150.0	 1650.0	    0.0	    0.0	    0.0	1	  191.6	 21	    0.0	    5.0	
  569	  59.94	    0.0	 1500.0	    0.0	 -319.2	 1085.7	    0.0	  200.0	    0.0	    0.0	    0.0	    0.0	  100.0	    0.0	    0.0	    0.0	    0.0	    0.0	   21.6	  1	   50.0	 1750.0	    0.0	    0.0	    0.0	1	  236.7	 21	    0.0	    5.0	
  570	  60.03	    0.0	 1500.0	    0.0	 -319.2	 1085.7	    0.0	  200.0	    0.0	    0.0	    0.0	    0.0	  100.0	    0.0	    0.0	    0.0	    0.0	    0.0	   21.7	  1	   50.0	 1750.0	    0.0	    0.0	    0.0	1	  236.7	 21	    0.0	    5.0	
  571	  60.13	    0.0	 1500.0	    0.0	 -319.2	 1085.7	    0.0	  200.0	    0.0	    0.0	    0.0	    0.0	  100.0	    0.0	    0.0	    0.0	    0.0	    0.0	   21.7	  1	   50.0	 1750.0	    0.0	    0.0	    0.0	1	  236.7	 21	    0.0	    5.0	
  572	  60.23	    0.0	 1500.0	    0.0	 -319.2	 1085.7	    0.0	  200.0	    0.0	    0.0	    0.0	    0.0	  100.0	    0.0	    0.0	    0.0	    0.0	    0.0	   21.7	  1	   50.0	 1750.0	    0.0	    0.0	    0.0	1	  236.7	 21	    0.0	    5.0	
  573	  60.34	    0.0	 1500.0	    0.0	 -319.2	 1085.7	    0.0	  200.0	    0.0	    0.0	    0.0	    0.0	  100.0	    0.0	    0.0	    0.0	    0.0	    0.0	   21.8	  1	   50.0	 1750.0	    0.0	    0.0	    0.0	1	  236.7	 21	    0.0	    5.0	
  574	  60.44	    0.0	 1500.0	    0.0	 -317.5	 1092.1	    0.0	  200.0	    0.0	    0.0	    0.0	    0.0	  100.0	    0.0	    0.0	    0.0	    0.0	    0.0	   21.8	  1	   50.0	 1750.0	    0.0	    0.0	    0.0	1	  236.7	 21	    0.0	    5.0	
  575	  60.53	    0.0	 1500.0	    0.0	 -317.5	 1092.1	    0.0	  200.0	    0.0	    0.0	    0.0	    0.0	  100.0	    0.0	    0.0	    0.0	    0.0	    0.0	   21.9	  1	   50.0	 1750.0	    0.0	    0.0	    0.0	1	  236.7	 21	    0.0	    5.0	
  576	  60.63	    0.0	 1500.0	    0.0	 -317.5	 1092.1	    0.0	  200.0	    0.0	    0.0	    0.0	    0.0	  100.0	    0.0	    0.0	    0.0	    0.0	    0.0	   21.9	  1	   50.0	 1750.0	    0.0	    0.0	    0.0	1	  236.7	 21	    0.0	    5.0	
  577	  60.73	    0.0	 1500.0	    0.0	 -317.5	 1092.1	    0.0	  200.0	    0.0	    0.0	    0.0	    0.0	  100.0	    0.0	    0.0	    0.0	    0.0	    0.0	   21.9	  1	   50.0	 1750.0	    0.0	    0.0	    0.0	1	  236.7	 21	    0.0	    5.0	
  578	  60.84	    0.0	 1500.0	    0.0	 -317.5	 1092.1	    0.0	  200.0	    0.0	    0.0	    0.0	    0.0	  100.0	    0.0	    0.0	    0.0	    0.0	    0.0	   22.0	  1	   50.0	 1750.0	    0.0	    0.0	    0.0	1	  236.7	 21	    0.0	    5.0	
  579	  60.94	    0.0	 1500.0	    0.0	 -322.1	 1099.3	    0.0	  200.0	    0.0	    0.0	    0.0	    0.0	  100.0	    0.0	    0.0	    0.0	    0.0	    0.0	   22.0	  1	  150.0	 1750.0	    0.0	    0.0	    0.0	1	  265.3	 21	    0.0	    5.0	
  580	  61.04	    0.0	 1500.0	    0.0	 -322.1	 1099.3	    0.0	  200.0	    0.0	    0.0	    0.0	    0.0	  100.0	    0.0	    0.0	    0.0	    0.0	    0.0	   22.0	  1	  150.0	 1750.0	    0.0	    0.0	    0.0	1	  265.3	 21	    0.0	    5.0	
  581	  61.13	    0.0	 1500.0	    0.0	 -322.1	 1099.3	    0.0	  200.0	    0.0	    0.0	    0.0	    0.0	  100.0	    0.0	    0.0	    0.0	    0.0	    0.0	   22.1	  1	  150.0	 1750.0	    0.0	    0.0	    0.0	1	  265.3	 21	    0.0	    5.0	
  582	  61.23	    0.0	 1500.0	    0.0	 -322.1	 1099.3	    0.0	  200.0	    0.0	    0.0	    0.0	    0.0	  100.0	    0.0	    0.0	    0.0	    0.0	    0.0	   22.1	  1	  150.0	 1750.0	    0.0	    0.0	    0.0	1	  265.3	 21	    0.0	    5.0	
  583	  61.34	    0.0	 1500.0	    0.0	 -322.1	 1099.3	    0.0	  200.0	    0.0	    0.0	    0.0	    0.0	  100.0	    0.0	    0.0	    0.0	    0.0	    0.0	   22.2	  1	  150.0	 1750.0	    0.0	    0.0	    0.0	1	  265.3	 21	    0.0	    5.0	
  584	  61.44	    0.0	 1500.0	    0.0	 -331.8	 1095.4	    0.0	  200.0	    0.0	    0.0	    0.0	    0.0	  100.0	    0.0	    0.0	    0.0	    0.0	    0.0	   22.2	  1	   50.0	 1750.0	    0.0	    0.0	    0.0	1	  236.7	 21	    0.0	    5.0	
  585	  61.53	    0.0	 1500.0	    0.0	 -331.8	 1095.4	    0.0	  200.0	    0.0	    0.0	    0.0	    0.0	  100.0	    0.0	    0.0	    0.0	    0.0	    0.0	   22.2	  1	   50.0	 1750.0	    0.0	    0.0	    0.0	1	  236.7	 21	    0.0	    5.0	
  586	  61.63	    0.0	 1500.0	    0.0	 -331.8	 1095.4	    0.0	  200.0	    0.0	    0.0	    0.0	    0.0	  100.0	    0.0	    0.0	    0.0	    0.0	    0.0	   22.3	  1	   50.0	 1750.0	    0.0	    0.0	    0.0	1	  236.7	 21	    0.0	    5.0	
  587	  61.73	    0.0	 1500.0	    0.0	 -331.8	 1095.4	    0.0	  200.0	    0.0	    0.0	    0.0	    0.0	  100.0	    0.0	    0.0	    0.0	    0.0	    0.0	   22.3	  1	   50.0	 1750.0	    0.0	    0.0	    0.0	1	  236.7	 21	    0.0	    5.0	
  588	  61.84	    0.0	 1500.0	    0.0	 -331.8	 1095.4	    0.0	  200.0	    0.0	    0.0	    0.0	    0.0	  100.0	    0.0	    0.0	    0.0	    0.0	    0.0	   22.3	  1	   50.0	 1750.0	    0.0	    0.0	    0.0	1	  236.7	 21	    0.0	    5.0	
  589	  61.94	    0.0	 1500.0	    0.0	 -331.8	 1095.4	    0.0	  200.0	    0.0	    0.0	    0.0	    0.0	  100.0	    0.0	    0.0	    0.0	    0.0	    0.0	   22.4	  1	   50.0	 1750.0	    0.0	    0.0	    0.0	1	  236.7	 21	    0.0	    5.0	
  590	  62.04	    0.0	 1500.0	    0.0	 -336.2	 1085.1	    0.0	  200.0	    0.0	    0.0	    0.0	    0.0	  100.0	    0.0	    0.0	    0.0	    0.0	    0.0	   22.4	  1	   50.0	 1750.0	    0.0	    0.0	    0.0	1	  236.7	 21	    0.0	    5.0	
  591	  62.13	    0.0	 1500.0	    0.0	 -336.2	 1085.1	    0.0	  200.0	    0.0	    0.0	    0.0	    0.0	  100.0	    0.0	    0.0	    0.0	    0.0	    0.0	   22.5	  1	   50.0	 1750.0	    0.0	    0.0	    0.0	1	  236.7	 21	    0.0	    5.0	
  592	  62.23	    0.0	 1500.0	    0.0	 -336.2	 1085.1	    0.0	  200.0	    0.0	    0.0	    0.0	    0.0	  100.0	    0.0	    0.0	    0.0	    0.0	    0.0	   22.5	  1	   50.0	 1750.0	    0.0	    0.0	    0.0	1	  236.7	 21	    0.0	    5.0	
  593	  62.34	    0.0	 1500.0	    0.0	 -336.2	 1085.1	    0.0	  200.0	    0.0	    0.0	    0.0	    0.0	  100.0	    0.0	    0.0	    0.0	    0.0	    0.0	   22.5	  1	   50.0	 1750.0	    0.0	    0.0	    0.0	1	  236.7	 21	    0.0	    5.0	
  594	  62.44	    0.0	 1500.0	    0.0	 -336.2	 1085.1	    0.0	  200.0	    0.0	    0.0	    0.0	    0.0	  100.0	    0.0	    0.0	    0.0	    0.0	    0.0	   22.6	  1	   50.0	 1750.0	    0.0	    0.0	    0.0	1	  236.7	 21	    0.0	    5.0	
  595	  62.53	    0.0	 1500.0	    0.0	 -336.2	 1085.1	    0.0	  200.0	    0.0	    0.0	    0.0	    0.0	  100.0	    0.0	    0.0	    0.0	    0.0	    0.0	   22.6	  1	   50.0	 1750.0	    0.0	    0.0	    0.0	1	  236.7	 21	    0.0	    5.0	
  596	  62.63	    0.0	 1500.0	    0.0	 -332.0	 1088.3	    0.0	  200.0	    0.0	    0.0	    0.0	    0.0	  100.0	    0.0	    0.0	    0.0	    0.0	    0.0	   22.6	  1	   50.0	 1750.0	    0.0	    0.0	    0.0	1	  236.7	 21	    0.0	    5.0	
  597	  62.73	    0.0	 1500.0	    0.0	 -332.0	 1088.3	    0.0	  200.0	    0.0	    0.0	    0.0	    0.0	  100.0	    0.0	    0.0	    0.0	    0.0	    0.0	   22.7	  1	   50.0	 1750.0	    0.0	    0.0	    0.0	1	  236.7	 21	    0.0	    5.0	
  598	  62.84	    0.0	 1500.0	    0.0	 -332.0	 1088.3	    0.0	  200.0	    0.0	    0.0	    0.0	    0.0	  100.0	    0.0	    0.0	    0.0	    0.0	    0.0	   22.7	  1	   50.0	 1750.0	    0.0	    0.0	    0.0	1	  236.7	 21	    0.0	    5.0	
  599	  62.94	    0.0	 1500.0	    0.0	 -332.0	 1088.3	    0.0	  200.0	    0.0	    0.0	    0.0	    0.0	  100.0	    0.0	    0.0	    0.0	    0.0	    0.0	   22.8	  1	   50.0	 1750.0	    0.0	    0.0	    0.0	1	  236.7	 21	    0.0	    5.0	
  600	  63.04	    0.0	 1500.0	    0.0	 -332.0	 1088.3	    0.0	  200.0	    0.0	    0.0	    0.0	    0.0	  100.0	    0.0	    0.0	    0.0	    0.0	    0.0	   22.8	  1	   50.0	 1750.0	    0.0	    0.0	    0.0	1	  236.7	 21	    0.0	    5.0	
  601	  63.13	    0.0	 1500.0	    0.0	 -332.0	 1088.3	    0.0	  200.0	    0.0	    0.0	    0.0	    0.0	  100.0	    0.0	    0.0	    0.0	    0.0	    0.0	   22.8	  1	   50.0	 1750.0	    0.0	    0.0	    0.0	1	  236.7	 21	    0.0	    5.0	
  602	  63.23	    0.0	 1500.0	    0.0	 -337.0	 1097.8	    0.0	  200.0	    0.0	    0.0	    0.0	    0.0	  100.0	    0.0	    0.0	    0.0	    0.0	    0.0	   22.9	  1	   50.0	 1750.0	    0.0	    0.0	    0.0	1	  236.7	 21	    0.0	    5.0	
  603	  63.34	    0.0	 1500.0	    0.0	 -337.0	 1097.8	    0.0	  200.0	    0.0	    0.0	    0.0	    0.0	  100.0	    0.0	    0.0	    0.0	    0.0	    0.0	   22.9	  1	   50.0	 1750.0	    0.0	    0.0	    0.0	1	  236.7	 21	    0.0	    5.0	
  604	  63.44	    0.0	 1500.0	    0.0	 -337.0	 1097.8	    0.0	  200.0	    0.0	    0.0	    0.0	    0.0	  100.0	    0.0	    0.0	    0.0	    0.0	    0.0	   23.0	  1	   50.0	 1750.0	    0.0	    0.0	    0.0	1	  236.7	 21	    0.0	    5.0	
  605	  63.54	    0.0	 1500.0	    0.0	 -337.0	 1097.8	    0.0	  200.0	    0.0	    0.0	    0.0	    0.0	  100.0	    0.0	    0.0	    0.0	    0.0	    0.0	   23.0	  1	   50.0	 1750.0	    0.0	    0.0	    0.0	1	  236.7	 21	    0.0	    5.0	
  606	  63.63	    0.0	 1500.0	    0.0	 -337.0	 1097.8	    0.0	  200.0	    0.0	    0.0	    0.0	    0.0	  100.0	    0.0	    0.0	    0.0	    0.0	    0.0	   23.0	  1	   50.0	 1750.0	    0.0	    0.0	    0.0	1	  236.7	 21	    0.0	    5.0	
  607	  63.73	    0.0	 1500.0	    0.0	 -337.0	 1097.8	    0.0	  200.0	    0.0	    0.0	    0.0	    0.0	  100.0	    0.0	    0.0	    0.0	    0.0	    0.0	   23.1	  1	   50.0	 1750.0	    0.0	    0.0	    0.0	1	  236.7	 21	    0.0	    5.0	
  608	  63.84	    0.0	 1500.0	    0.0	 -337.2	 1108.1	    0.0	  200.0	    0.0	    0.0	    0.0	    0.0	  100.0	    0.0	    0.0	    0.0	    0.0	    0.0	   23.1	  1	  150.0	 1750.0	    0.0	    0.0	    0.0	1	  265.3	 21	    0.0	    5.0	
  609	  63.94	    0.0	 1500.0	    0.0	 -337.2	 1108.1	    0.0	  200.0	    0.0	    0.0	    0.0	    0.0	  100.0	    0.0	    0.0	    0.0	    0.0	    0.0	   23.1	  1	  150.0	 1750.0	    0.0	    0.0	    0.0	1	  265.3	 21	    0.0	    5.0	
  610	  64.03	    0.0	 1500.0	    0.0	 -337.2	 1108.1	    0.0	  200.0	    0.0	    0.0	    0.0	    0.0	  100.0	    0.0	    0.0	    0.0	    0.0	    0.0	   23.2	  1	  150.0	 1750.0	    0.0	    0.0	    0.0	1	  265.3	 21	    0.0	    5.0	
  611	  64.14	    0.0	 1500.0	    0.0	 -337.2	 1108.1	    0.0	  200.0	    0.0	    0.0	    0.0	    0.0	  100.0	    0.0	    0.0	    0.0	    0.0	    0.0	   23.2	  1	  150.0	 1750.0	    0.0	    0.0	    0.0	1	  265.3	 21	    0.0	    5.0	
  612	  64.23	    0.0	 1500.0	    0.0	 -337.2	 1108.1	    0.0	  200.0	    0.0	    0.0	    0.0	    0.0	  100.0	    0.0	    0.0	    0.0	    0.0	    0.0	   23.3	  1	  150.0	 1750.0	    0.0	    0.0	    0.0	1	  265.3	 21	    0.0	    5.0	
  613	  64.33	    0.0	 1500.0	    0.0	 -344.6	 1097.0	    0.0	  200.0	    0.0	    0.0	    0.0	    0.0	  100.0	    0.0	    0.0	    0.0	    0.0	    0.0	   23.3	  1	   50.0	 1750.0	    0.0	    0.0	    0.0	1	  236.7	 21	    0.0	    5.0	
  614	  64.44	    0.0	 1500.0	    0.0	 -344.6	 1097.0	    0.0	  200.0	    0.0	    0.0	    0.0	    0.0	  100.0	    0.0	    0.0	    0.0	    0.0	    0.0	   23.3	  1	   50.0	 1750.0	    0.0	    0.0	    0.0	1	  236.7	 21	    0.0	    5.0	
  615	  64.53	    0.0	 1500.0	    0.0	 -344.6	 1097.0	    0.0	  200.0	    0.0	    0.0	    0.0	    0.0	  100.0	    0.0	    0.0	    0.0	    0.0	    0.0	   23.4	  1	   50.0	 1750.0	    0.0	    0.0	    0.0	1	  236.7	 21	    0.0	    5.0	
  616	  64.64	    0.0	 1500.0	    0.0	 -344.6	 1097.0	    0.0	  200.0	    0.0	    0.0	    0.0	    0.0	  100.0	    0.0	    0.0	    0.0	    0.0	    0.0	   23.4	  1	   50.0	 1750.0	    0.0	    0.0	    0.0	1	  236.7	 21	    0.0	    5.0	
  617	  64.73	    0.0	 1500.0	    0.0	 -344.6	 1097.0	    0.0	  200.0	    0.0	    0.0	    0.0	    0.0	  100.0	    0.0	    0.0	    0.0	    0.0	    0.0	   23.4	  1	   50.0	 1750.0	    0.0	    0.0	    0.0	1	  236.7	 21	    0.0	    5.0	
  618	  64.83	    0.0	 1500.0	    0.0	 -344.2	 1104.5	    0.0	  200.0	    0.0	    0.0	    0.0	    0.0	  100.0	    0.0	    0.0	    0.0	    0.0	    0.0	   23.5	  1	   50.0	 1750.0	    0.0	    0.0	    0.0	1	  236.7	 21	    0.0	    5.0	
  619	  64.94	    0.0	 1500.0	    0.0	 -344.2	 1104.5	    0.0	  200.0	    0.0	    0.0	    0.0	    0.0	  100.0	    0.0	    0.0	    0.0	    0.0	    0.0	   23.5	  1	   50.0	 1750.0	    0.0	    0.0	    0.0	1	  236.7	 21	    0.0	    5.0	
  620	  65.03	    0.0	 1500.0	    0.0	 -344.2	 1104.5	    0.0	  200.0	    0.0	    0.0	    0.0	    0.0	  100.0	    0.0	    0.0	    0.0	    0.0	    0.0	   23.6	  1	   50.0	 1750.0	    0.0	    0.0	    0.0	1	  236.7	 21	    0.0	    5.0	
  621	  65.14	    0.0	 1500.0	    0.0	 -344.2	 1104.5	    0.0	  200.0	    0.0	    0.0	    0.0	    0.0	  100.0	    0.0	    0.0	    0.0	    0.0	    0.0	   23.6	  1	   50.0	 1750.0	    0.0	    0.0	    0.0	1	  236.7	 21	    0.0	    5.0	
  622	  65.23	    0.0	 1500.0	    0.0	 -344.2	 1104.5	    0.0	  200.0	    0.0	    0.0	    0.0	    0.0	  100.0	    0.0	    0.0	    0.0	    0.0	    0.0	   23.6	  1	   50.0	 1750.0	    0.0	    0.0	    0.0	1	  236.7	 21	    0.0	    5.0	
  623	  65.33	    0.0	 1500.0	    0.0	 -345.8	 1105.8	    0.0	  200.0	    0.0	    0.0	    0.0	    0.0	  100.0	    0.0	    0.0	    0.0	    0.0	    0.0	   23.7	  1	   50.0	 1750.0	    0.0	    0.0	    0.0	1	  236.7	 21	    0.0	    5.0	
  624	  65.44	    0.0	 1500.0	    0.0	 -345.8	 1105.8	    0.0	  200.0	    0.0	    0.0	    0.0	    0.0	  100.0	    0.0	    0.0	    0.0	    0.0	    0.0	   23.7	  1	   50.0	 1750.0	    0.0	    0.0	    0.0	1	  236.7	 21	    0.0	    5.0	
  625	  65.53	    0.0	 1500.0	    0.0	 -345.9	 1104.8	    0.0	  200.0	    0.0	    0.0	    0.0	    0.0	  100.0	    0.0	    0.0	    0.0	    0.0	    0.0	   23.8	  1	   50.0	 1750.0	    0.0	    0.0	    0.0	1	  236.7	 21	    0.0	    5.0	
  626	  65.64	    0.0	 1500.0	    0.0	 -345.9	 1104.8	    0.0	  200.0	    0.0	    0.0	    0.0	    0.0	  100.0	    0.0	    0.0	    0.0	    0.0	    0.0	   23.8	  1	   50.0	 1750.0	    0.0	    0.0	    0.0	1	  236.7	 21	    0.0	    5.0	
  627	  65.73	    0.0	 1500.0	    0.0	 -345.9	 1104.8	    0.0	  200.0	    0.0	    0.0	    0.0	    0.0	  100.0	    0.0	    0.0	    0.0	    0.0	    0.0	   23.8	  1	   50.0	 1750.0	    0.0	    0.0	    0.0	1	  236.7	 21	    0.0	    5.0	
  628	  65.83	    0.0	 1500.0	    0.0	 -345.9	 1104.8	    0.0	  200.0	    0.0	    0.0	    0.0	    0.0	  100.0	    0.0	    0.0	    0.0	    0.0	    0.0	   23.9	  1	   50.0	 1750.0	    0.0	    0.0	    0.0	1	  236.7	 21	    0.0	    5.0	
  629	  65.94	    0.0	 1500.0	    0.0	 -345.9	 1104.8	    0.0	  200.0	    0.0	    0.0	    0.0	    0.0	  100.0	    0.0	    0.0	    0.0	    0.0	    0.0	   23.9	  1	   50.0	 1750.0	    0.0	    0.0	    0.0	1	  236.7	 21	    0.0	    5.0	
  630	  66.04	    0.0	 1500.0	    0.0	 -345.9	 1104.8	    0.0	  200.0	    0.0	    0.0	    0.0	    0.0	  100.0	    0.0	    0.0	    0.0	    0.0	    0.0	   23.9	  1	   50.0	 1750.0	    0.0	    0.0	    0.0	1	  236.7	 21	    0.0	    5.0	
  631	  66.14	    0.0	 1500.0	    0.0	 -346.8	 1105.0	    0.0	  200.0	    0.0	    0.0	    0.0	    0.0	  100.0	    0.0	    0.0	    0.0	    0.0	    0.0	   24.0	  1	   50.0	 1750.0	    0.0	    0.0	    0.0	1	  236.7	 21	    0.0	    5.0	
  632	  66.23	    0.0	 1500.0	    0.0	 -346.8	 1105.0	    0.0	  200.0	    0.0	    0.0	    0.0	    0.0	  100.0	    0.0	    0.0	    0.0	    0.0	    0.0	   24.0	  1	   50.0	 1750.0	    0.0	    0.0	    0.0	1	  236.7	 21	    0.0	    5.0	
  633	  66.33	    0.0	 1500.0	    0.0	 -346.8	 1105.0	    0.0	  200.0	    0.0	    0.0	    0.0	    0.0	  100.0	    0.0	    0.0	    0.0	    0.0	    0.0	   24.1	  1	   50.0	 1750.0	    0.0	    0.0	    0.0	1	  236.7	 21	    0.0	    5.0	
  634	  66.44	    0.0	 1500.0	    0.0	 -346.8	 1105.0	    0.0	  200.0	    0.0	    0.0	    0.0	    0.0	  100.0	    0.0	    0.0	    0.0	    0.0	    0.0	   24.1	  1	   50.0	 1750.0	    0.0	    0.0	    0.0	1	  236.7	 21	    0.0	    5.0	
  635	  66.53	    0.0	 1500.0	    0.0	 -346.8	 1105.0	    0.0	  200.0	    0.0	    0.0	    0.0	    0.0	  100.0	    0.0	    0.0	    0.0	    0.0	    0.0	   24.1	  1	   50.0	 1750.0	    0.0	    0.0	    0.0	1	  236.7	 21	    0.0	    5.0	
  636	  66.64	    0.0	 1500.0	    0.0	 -346.8	 1105.0	    0.0	  200.0	    0.0	    0.0	    0.0	    0.0	  100.0	    0.0	    0.0	    0.0	    0.0	    0.0	   24.2	  1	   50.0	 1750.0	    0.0	    0.0	    0.0	1	  236.7	 21	    0.0	    5.0	
  637	  66.73	    0.0	 1500.0	    0.0	 -346.8	 1105.0	    0.0	  200.0	    0.0	    0.0	    0.0	    0.0	  100.0	    0.0	    0.0	    0.0	    0.0	    0.0	   24.2	  1	   50.0	 1750.0	    0.0	    0.0	    0.0	1	  236.7	 21	    0.0	    5.0	
  638	  66.84	    0.0	 1500.0	    0.0	 -346.8	 1105.0	    0.0	  200.0	    0.0	    0.0	    0.0	    0.0	  100.0	    0.0	    0.0	    0.0	    0.0	    0.0	   24.2	  1	   50.0	 1750.0	    0.0	    0.0	    0.0	1	  236.7	 21	    0.0	    5.0	
  639	  66.94	    0.0	 1500.0	    0.0	 -346.8	 1105.0	    0.0	  200.0	    0.0	    0.0	    0.0	    0.0	  100.0	    0.0	    0.0	    0.0	    0.0	    0.0	   24.3	  1	   50.0	 1750.0	    0.0	    0.0	    0.0	1	  236.7	 21	    0.0	    5.0	
  640	  67.03	    0.0	 1500.0	    0.0	 -346.8	 1105.0	    0.0	  200.0	    0.0	    0.0	    0.0	    0.0	  100.0	    0.0	    0.0	    0.0	    0.0	    0.0	   24.3	  1	   50.0	 1750.0	    0.0	    0.0	    0.0	1	  236.7	 21	    0.0	    5.0	
  641	  67.14	    0.0	 1500.0	    0.0	 -346.8	 1105.0	    0.0	  200.0	    0.0	    0.0	    0.0	    0.0	  100.0	    0.0	    0.0	    0.0	    0.0	    0.0	   24.4	  1	   50.0	 1750.0	    0.0	    0.0	    0.0	1	  236.7	 21	    0.0	    5.0	
  642	  67.23	    0.0	 1500.0	    0.0	 -346.8	 1105.0	    0.0	  200.0	    0.0	    0.0	    0.0	    0.0	  100.0	    0.0	    0.0	    0.0	    0.0	    0.0	   24.4	  1	   50.0	 1750.0	    0.0	    0.0	    0.0	1	  236.7	 21	    0.0	    5.0	
  643	  67.33	    0.0	 1500.0	    0.0	 -346.8	 1105.0	    0.0	  200.0	    0.0	    0.0	    0.0	    0.0	  100.0	    0.0	    0.0	    0.0	    0.0	    0.0	   24.4	  1	   50.0	 1750.0	    0.0	    0.0	    0.0	1	  236.7	 21	    0.0	    5.0	
  644	  67.44	    0.0	 1500.0	    0.0	 -346.8	 1105.0	    0.0	  200.0	    0.0	    0.0	    0.0	    0.0	  100.0	    0.0	    0.0	    0.0	    0.0	    0.0	   24.5	  1	   50.0	 1750.0	    0.0	    0.0	    0.0	1	  236.7	 21	    0.0	    5.0	
  645	  67.53	    0.0	 1500.0	    0.0	 -346.8	 1105.0	    0.0	  200.0	    0.0	    0.0	    0.0	    0.0	  100.0	    0.0	    0.0	    0.0	    0.0	    0.0	   24.5	  1	   50.0	 1750.0	    0.0	    0.0	    0.0	1	  236.7	 21	    0.0	    5.0	
  646	  67.64	    0.0	 1500.0	    0.0	 -348.2	 1102.4	    0.0	  200.0	    0.0	    0.0	    0.0	    0.0	  100.0	    0.0	    0.0	    0.0	    0.0	    0.0	   24.5	  1	   50.0	 1750.0	    0.0	    0.0	    0.0	1	  236.7	 21	    0.0	    5.0	
  647	  67.74	    0.0	 1500.0	    0.0	 -348.2	 1102.4	    0.0	  200.0	    0.0	    0.0	    0.0	    0.0	  100.0	    0.0	    0.0	    0.0	    0.0	    0.0	   24.6	  1	   50.0	 1750.0	    0.0	    0.0	    0.0	1	  236.7	 21	    0.0	    5.0	
  648	  67.83	    0.0	 1500.0	    0.0	 -348.2	 1102.4	    0.0	  200.0	    0.0	    0.0	    0.0	    0.0	  100.0	    0.0	    0.0	    0.0	    0.0	    0.0	   24.6	  1	   50.0	 1750.0	    0.0	    0.0	    0.0	1	  236.7	 21	    0.0	    5.0	
  649	  67.94	    0.0	 1500.0	    0.0	 -348.2	 1102.4	    0.0	  200.0	    0.0	    0.0	    0.0	    0.0	  100.0	    0.0	    0.0	    0.0	    0.0	    0.0	   24.7	  1	   50.0	 1750.0	    0.0	    0.0	    0.0	1	  236.7	 21	    0.0	    5.0	
  650	  68.03	    0.0	 1500.0	    0.0	 -348.2	 1102.4	    0.0	  200.0	    0.0	    0.0	    0.0	    0.0	  100.0	    0.0	    0.0	    0.0	    0.0	    0.0	   24.7	  1	   50.0	 1750.0	    0.0	    0.0	    0.0	1	  236.7	 21	    0.0	    5.0	
  651	  68.14	    0.0	 1500.0	    0.0	 -348.2	 1102.4	    0.0	  200.0	    0.0	    0.0	    0.0	    0.0	  100.0	    0.0	    0.0	    0.0	    0.0	    0.0	   24.7	  1	   50.0	 1750.0	    0.0	    0.0	    0.0	1	  236.7	 21	    0.0	    5.0	
  652	  68.23	    0.0	 1500.0	    0.0	 -347.9	 1104.2	    0.0	  200.0	    0.0	    0.0	    0.0	    0.0	  100.0	    0.0	    0.0	    0.0	    0.0	    0.0	   24.8	  1	   50.0	 1750.0	    0.0	    0.0	    0.0	1	  236.7	 21	    0.0	    5.0	
  653	  68.33	    0.0	 1500.0	    0.0	 -347.9	 1104.2	    0.0	  200.0	    0.0	    0.0	    0.0	    0.0	  100.0	    0.0	    0.0	    0.0	    0.0	    0.0	   24.8	  1	   50.0	 1750.0	    0.0	    0.0	    0.0	1	  236.7	 21	    0.0	    5.0	
  654	  68.44	    0.0	 1500.0	    0.0	 -347.9	 1104.2	    0.0	  200.0	    0.0	    0.0	    0.0	    0.0	  100.0	    0.0	    0.0	    0.0	    0.0	    0.0	   24.9	  1	   50.0	 1750.0	    0.0	    0.0	    0.0	1	  236.7	 21	    0.0	    5.0	
  655	  68.54	    0.0	 1500.0	    0.0	 -347.9	 1104.2	    0.0	  200.0	    0.0	    0.0	    0.0	    0.0	  100.0	    0.0	    0.0	    0.0	    0.0	    0.0	   24.9	  1	   50.0	 1750.0	    0.0	    0.0	    0.0	1	  236.7	 21	    0.0	    5.0	
  656	  68.64	    0.0	 1500.0	    0.0	 -347.9	 1104.2	    0.0	  200.0	    0.0	    0.0	    0.0	    0.0	  100.0	    0.0	    0.0	    0.0	    0.0	    0.0	   24.9	  1	   50.0	 1750.0	    0.0	    0.0	    0.0	1	  236.7	 21	    0.0	    5.0	
  657	  68.73	    0.0	 1500.0	    0.0	 -347.9	 1104.2	    0.0	  200.0	    0.0	    0.0	    0.0	    0.0	  100.0	    0.0	    0.0	    0.0	    0.0	    0.0	   25.0	  1	   50.0	 1750.0	    0.0	    0.0	    0.0	1	  236.7	 21	    0.0	    5.0	
  658	  68.83	    0.0	 1500.0	    0.0	 -347.9	 1104.2	    0.0	  200.0	    0.0	    0.0	    0.0	    0.0	  100.0	    0.0	    0.0	    0.0	    0.0	    0.0	   25.0	  1	   50.0	 1750.0	    0.0	    0.0	    0.0	1	  236.7	 21	    0.0	    5.0	
  659	  68.94	    0.0	 1500.0	    0.0	 -347.9	 1104.2	    0.0	  200.0	    0.0	    0.0	    0.0	    0.0	  100.0	    0.0	    0.0	    0.0	    0.0	    0.0	   25.0	  1	   50.0	 1750.0	    0.0	    0.0	    0.0	1	  236.7	 21	    0.0	    5.0	
  660	  69.03	    0.0	 1500.0	    0.0	 -347.9	 1104.2	    0.0	  200.0	    0.0	    0.0	    0.0	    0.0	  100.0	    0.0	    0.0	    0.0	    0.0	    0.0	   25.1	  1	   50.0	 1750.0	    0.0	    0.0	    0.0	1	  236.7	 21	    0.0	    5.0	
  661	  69.14	    0.0	 1500.0	    0.0	 -347.9	 1104.2	    0.0	  200.0	    0.0	    0.0	    0.0	    0.0	  100.0	    0.0	    0.0	    0.0	    0.0	    0.0	   25.1	  1	   50.0	 1750.0	    0.0	    0.0	    0.0	1	  236.7	 21	    0.0	    5.0	
  662	  69.23	    0.0	 1500.0	    0.0	 -347.9	 1104.2	    0.0	  200.0	    0.0	    0.0	    0.0	    0.0	  100.0	    0.0	    0.0	    0.0	    0.0	    0.0	   25.2	  1	   50.0	 1750.0	    0.0	    0.0	    0.0	1	  236.7	 21	    0.0	    5.0	
  663	  69.33	    0.0	 1500.0	    0.0	 -347.9	 1104.2	    0.0	  200.0	    0.0	    0.0	    0.0	    0.0	  100.0	    0.0	    0.0	    0.0	    0.0	    0.0	   25.2	  1	   50.0	 1750.0	    0.0	    0.0	    0.0	1	  236.7	 21	    0.0	    5.0	
  664	  69.44	    0.0	 1500.0	    0.0	 -347.9	 1104.2	    0.0	  200.0	    0.0	    0.0	    0.0	    0.0	  100.0	    0.0	    0.0	    0.0	    0.0	    0.0	   25.2	  1	   50.0	 1750.0	    0.0	    0.0	    0.0	1	  236.7	 21	    0.0	    5.0	
  665	  69.53	    0.0	 1500.0	    0.0	 -347.9	 1104.2	    0.0	  200.0	    0.0	    0.0	    0.0	    0.0	  100.0	    0.0	    0.0	    0.0	    0.0	    0.0	   25.3	  1	   50.0	 1750.0	    0.0	    0.0	    0.0	1	  236.7	 21	    0.0	    5.0	
  666	  69.64	    0.0	 1500.0	    0.0	 -347.9	 1104.2	    0.0	  200.0	    0.0	    0.0	    0.0	    0.0	  100.0	    0.0	    0.0	    0.0	    0.0	    0.0	   25.3	  1	   50.0	 1750.0	    0.0	    0.0	    0.0	1	  236.7	 21	    0.0	    5.0	
  667	  69.73	    0.0	 1500.0	    0.0	 -347.9	 1104.2	    0.0	  200.0	    0.0	    0.0	    0.0	    0.0	  100.0	    0.0	    0.0	    0.0	    0.0	    0.0	   25.3	  1	   50.0	 1750.0	    0.0	    0.0	    0.0	1	  236.7	 21	    0.0	    5.0	
  668	  69.83	    0.0	 1500.0	    0.0	 -347.9	 1104.2	    0.0	  200.0	    0.0	    0.0	    0.0	    0.0	  100.0	    0.0	    0.0	    0.0	    0.0	    0.0	   25.4	  1	   50.0	 1750.0	    0.0	    0.0	    0.0	1	  236.7	 21	    0.0	    5.0	
  669	  69.94	    0.0	 1500.0	    0.0	 -347.9	 1104.2	    0.0	  200.0	    0.0	    0.0	    0.0	    0.0	  100.0	    0.0	    0.0	    0.0	    0.0	    0.0	   25.4	  1	   50.0	 1750.0	    0.0	    0.0	    0.0	1	  236.7	 21	    0.0	    5.0	
  670	  70.03	    0.0	 1500.0	    0.0	 -347.9	 1104.2	    0.0	  200.0	    0.0	    0.0	    0.0	    0.0	  100.0	    0.0	    0.0	    0.0	    0.0	    0.0	   25.5	  1	   50.0	 1750.0	    0.0	    0.0	    0.0	1	  236.7	 21	    0.0	    5.0	
  671	  70.14	    0.0	 1500.0	    0.0	 -347.9	 1104.2	    0.0	  200.0	    0.0	    0.0	    0.0	    0.0	  100.0	    0.0	    0.0	    0.0	    0.0	    0.0	   25.5	  1	   50.0	 1750.0	    0.0	    0.0	    0.0	1	  236.7	 21	    0.0	    5.0	
  672	  70.23	    0.0	 1500.0	    0.0	 -347.9	 1104.2	    0.0	  200.0	    0.0	    0.0	    0.0	    0.0	  100.0	    0.0	    0.0	    0.0	    0.0	    0.0	   25.5	  1	   50.0	 1750.0	    0.0	    0.0	    0.0	1	  236.7	 21	    0.0	    5.0	
  673	  70.33	    0.0	 1500.0	    0.0	 -347.9	 1104.2	    0.0	  200.0	    0.0	    0.0	    0.0	    0.0	  100.0	    0.0	    0.0	    0.0	    0.0	    0.0	   25.6	  1	   50.0	 1750.0	    0.0	    0.0	    0.0	1	  236.7	 21	    0.0	    5.0	
  674	  70.44	    0.0	 1500.0	    0.0	 -347.9	 1104.2	    0.0	  200.0	    0.0	    0.0	    0.0	    0.0	  100.0	    0.0	    0.0	    0.0	    0.0	    0.0	   25.6	  1	   50.0	 1750.0	    0.0	    0.0	    0.0	1	  236.7	 21	    0.0	    5.0	
  675	  70.53	    0.0	 1500.0	    0.0	 -349.5	 1105.5	    0.0	  200.0	    0.0	    0.0	    0.0	    0.0	  100.0	    0.0	    0.0	    0.0	    0.0	    0.0	   25.7	  1	   50.0	 1750.0	    0.0	    0.0	    0.0	1	  236.7	 21	    0.0	    5.0	
  676	  70.64	    0.0	 1500.0	    0.0	 -349.5	 1105.5	    0.0	  200.0	    0.0	    0.0	    0.0	    0.0	  100.0	    0.0	    0.0	    0.0	    0.0	    0.0	   25.7	  1	   50.0	 1750.0	    0.0	    0.0	    0.0	1	  236.7	 21	    0.0	    5.0	
  677	  70.73	    0.0	 1500.0	    0.0	 -349.5	 1105.5	    0.0	  200.0	    0.0	    0.0	    0.0	    0.0	  100.0	    0.0	    0.0	    0.0	    0.0	    0.0	   25.7	  1	   50.0	 1750.0	    0.0	    0.0	    0.0	1	  236.7	 21	    0.0	    5.0	
  678	  70.83	    0.0	 1500.0	    0.0	 -349.5	 1105.5	    0.0	  200.0	    0.0	    0.0	    0.0	    0.0	  100.0	    0.0	    0.0	    0.0	    0.0	    0.0	   25.8	  1	   50.0	 1750.0	    0.0	    0.0	    0.0	1	  236.7	 21	    0.0	    5.0	
  679	  70.94	    0.0	 1500.0	    0.0	 -349.5	 1105.5	    0.0	  200.0	    0.0	    0.0	    0.0	    0.0	  100.0	    0.0	    0.0	    0.0	    0.0	    0.0	   25.8	  1	   50.0	 1750.0	    0.0	    0.0	    0.0	1	  236.7	 21	    0.0	    5.0	
  680	  71.03	    0.0	 1500.0	    0.0	 -349.3	 1106.4	    0.0	  200.0	    0.0	    0.0	    0.0	    0.0	  100.0	    0.0	    0.0	    0.0	    0.0	    0.0	   25.8	  1	   50.0	 1750.0	    0.0	    0.0	    0.0	1	  236.7	 21	    0.0	    5.0	
  681	  71.14	    0.0	 1500.0	    0.0	 -419.2	 1090.4	    0.0	  200.0	    0.0	    0.0	    0.0	    0.0	  100.0	    0.0	    0.0	    0.0	    0.0	    0.0	   25.9	  1	  150.0	 1650.0	    0.0	    0.0	    0.0	1	  191.7	 21	    0.0	    5.0	
  682	  71.24	    0.0	 1500.0	    0.0	 -479.6	 1078.1	    0.0	  200.0	    0.0	    0.0	    0.0	    0.0	  100.0	    0.0	    0.0	    0.0	    0.0	    0.0	   25.9	  1	   50.0	 1650.0	    0.0	    0.0	    0.0	1	  145.8	 21	    0.0	    5.0	
  683	  71.33	    0.0	 1500.0	    0.0	 -479.6	 1078.1	    0.0	  200.0	    0.0	    0.0	    0.0	    0.0	  100.0	    0.0	    0.0	    0.0	    0.0	    0.0	   26.0	  1	   50.0	 1650.0	    0.0	    0.0	    0.0	1	  145.8	 21	    0.0	    5.0	
  684	  71.44	    0.0	 1500.0	    0.0	 -479.6	 1078.1	    0.0	  200.0	    0.0	    0.0	    0.0	    0.0	  100.0	    0.0	    0.0	    0.0	    0.0	    0.0	   26.0	  1	   50.0	 1650.0	    0.0	    0.0	    0.0	1	  145.8	 21	    0.0	    5.0	
  685	  71.53	    0.0	 1500.0	    0.0	 -479.6	 1078.1	    0.0	  200.0	    0.0	    0.0	    0.0	    0.0	  100.0	    0.0	    0.0	    0.0	    0.0	    0.0	   26.0	  1	   50.0	 1650.0	    0.0	    0.0	    0.0	1	  145.8	 21	    0.0	    5.0	
  686	  71.64	    0.0	 1500.0	    0.0	 -479.6	 1078.1	    0.0	  200.0	    0.0	    0.0	    0.0	    0.0	  100.0	    0.0	    0.0	    0.0	    0.0	    0.0	   26.1	  1	   50.0	 1650.0	    0.0	    0.0	    0.0	1	  145.8	 21	    0.0	    5.0	
  687	  71.73	    0.0	 1500.0	    0.0	 -479.6	 1078.1	    0.0	  200.0	    0.0	    0.0	    0.0	    0.0	  100.0	    0.0	    0.0	    0.0	    0.0	    0.0	   26.1	  1	   50.0	 1650.0	    0.0	    0.0	    0.0	1	  145.8	 21	    0.0	    5.0	
  688	  71.83	    0.0	 1500.0	    0.0	 -479.6	 1078.1	    0.0	  200.0	    0.0	    0.0	    0.0	    0.0	  100.0	    0.0	    0.0	    0.0	    0.0	    0.0	   26.1	  1	   50.0	 1650.0	    0.0	    0.0	    0.0	1	  145.8	 21	    0.0	    5.0	
  689	  71.94	    0.0	 1500.0	    0.0	 -479.6	 1078.1	    0.0	  200.0	    0.0	    0.0	    0.0	    0.0	  100.0	    0.0	    0.0	    0.0	    0.0	    0.0	   26.2	  1	   50.0	 1650.0	    0.0	    0.0	    0.0	1	  145.8	 21	    0.0	    5.0	
  690	  72.03	    0.0	 1500.0	    0.0	 -479.6	 1078.1	    0.0	  200.0	    0.0	    0.0	    0.0	    0.0	  100.0	    0.0	    0.0	    0.0	    0.0	    0.0	   26.2	  1	   50.0	 1650.0	    0.0	    0.0	    0.0	1	  145.8	 21	    0.0	    5.0	
  691	  72.14	    0.0	 1500.0	    0.0	 -479.6	 1078.1	    0.0	  200.0	    0.0	    0.0	    0.0	    0.0	  100.0	    0.0	    0.0	    0.0	    0.0	    0.0	   26.3	  1	   50.0	 1650.0	    0.0	    0.0	    0.0	1	  145.8	 21	    0.0	    5.0	
  692	  72.24	    0.0	 1500.0	    0.0	 -479.6	 1078.1	    0.0	  200.0	    0.0	    0.0	    0.0	    0.0	  100.0	    0.0	    0.0	    0.0	    0.0	    0.0	   26.3	  1	   50.0	 1650.0	    0.0	    0.0	    0.0	1	  145.8	 21	    0.0	    5.0	
  693	  72.33	    0.0	 1500.0	    0.0	 -479.3	 1076.0	    0.0	  200.0	    0.0	    0.0	    0.0	    0.0	  100.0	    0.0	    0.0	    0.0	    0.0	    0.0	   26.3	  1	   50.0	 1650.0	    0.0	    0.0	    0.0	1	  145.8	 21	    0.0	    5.0	
  694	  72.44	    0.0	 1500.0	    0.0	 -479.3	 1076.0	    0.0	  200.0	    0.0	    0.0	    0.0	    0.0	  100.0	    0.0	    0.0	    0.0	    0.0	    0.0	   26.4	  1	   50.0	 1650.0	    0.0	    0.0	    0.0	1	  145.8	 21	    0.0	    5.0	
  695	  72.53	    0.0	 1500.0	    0.0	 -479.3	 1076.0	    0.0	  200.0	    0.0	    0.0	    0.0	    0.0	  100.0	    0.0	    0.0	    0.0	    0.0	    0.0	   26.4	  1	   50.0	 1650.0	    0.0	    0.0	    0.0	1	  145.8	 21	    0.0	    5.0	
  696	  72.64	    0.0	 1500.0	    0.0	 -479.3	 1076.0	    0.0	  200.0	    0.0	    0.0	    0.0	    0.0	  100.0	    0.0	    0.0	    0.0	    0.0	    0.0	   26.4	  1	   50.0	 1650.0	    0.0	    0.0	    0.0	1	  145.8	 21	    0.0	    5.0	
  697	  72.73	    0.0	 1500.0	    0.0	 -479.3	 1076.0	    0.0	  200.0	    0.0	    0.0	    0.0	    0.0	  100.0	    0.0	    0.0	    0.0	    0.0	    0.0	   26.5	  1	   50.0	 1650.0	    0.0	    0.0	    0.0	1	  145.8	 21	    0.0	    5.0	
  698	  72.83	    0.0	 1500.0	    0.0	 -481.2	 1081.8	    0.0	  200.0	    0.0	    0.0	    0.0	    0.0	  100.0	    0.0	    0.0	    0.0	    0.0	    0.0	   26.5	  1	   50.0	 1650.0	    0.0	    0.0	    0.0	1	  145.8	 21	    0.0	    5.0	
  699	  72.94	    0.0	 1500.0	    0.0	 -481.2	 1081.8	    0.0	  200.0	    0.0	    0.0	    0.0	    0.0	  100.0	    0.0	    0.0	    0.0	    0.0	    0.0	   26.6	  1	   50.0	 1650.0	    0.0	    0.0	    0.0	1	  145.8	 21	    0.0	    5.0	
  700	  73.03	    0.0	 1500.0	    0.0	 -481.2	 1081.8	    0.0	  200.0	    0.0	    0.0	    0.0	    0.0	  100.0	    0.0	    0.0	    0.0	    0.0	    0.0	   26.6	  1	   50.0	 1650.0	    0.0	    0.0	    0.0	1	  145.8	 21	    0.0	    5.0	
  701	  73.14	    0.0	 1500.0	    0.0	 -481.2	 1081.8	    0.0	  200.0	    0.0	    0.0	    0.0	    0.0	  100.0	    0.0	    0.0	    0.0	    0.0	    0.0	   26.6	  1	   50.0	 1650.0	    0.0	    0.0	    0.0	1	  145.8	 21	    0.0	    5.0	
  702	  73.23	    0.0	 1500.0	    0.0	 -481.2	 1081.8	    0.0	  200.0	    0.0	    0.0	    0.0	    0.0	  100.0	    0.0	    0.0	    0.0	    0.0	    0.0	   26.7	  1	   50.0	 1650.0	    0.0	    0.0	    0.0	1	  145.8	 21	    0.0	    5.0	
  703	  73.34	    0.0	 1500.0	    0.0	 -481.2	 1081.8	    0.0	  200.0	    0.0	    0.0	    0.0	    0.0	  100.0	    0.0	    0.0	    0.0	    0.0	    0.0	   26.7	  1	   50.0	 1650.0	    0.0	    0.0	    0.0	1	  145.8	 21	    0.0	    5.0	
  704	  73.44	    0.0	 1500.0	    0.0	 -482.4	 1083.9	    0.0	  200.0	    0.0	    0.0	    0.0	    0.0	  100.0	    0.0	    0.0	    0.0	    0.0	    0.0	   26.8	  1	   50.0	 1650.0	    0.0	    0.0	    0.0	1	  145.8	 21	    0.0	    5.0	
  705	  73.53	    0.0	 1500.0	    0.0	 -482.1	 1084.8	    0.0	  200.0	    0.0	    0.0	    0.0	    0.0	  100.0	    0.0	    0.0	    0.0	    0.0	    0.0	   26.8	  1	   50.0	 1650.0	    0.0	    0.0	    0.0	1	  145.8	 21	    0.0	    5.0	
  706	  73.64	    0.0	 1500.0	    0.0	 -482.1	 1084.8	    0.0	  200.0	    0.0	    0.0	    0.0	    0.0	  100.0	    0.0	    0.0	    0.0	    0.0	    0.0	   26.8	  1	   50.0	 1650.0	    0.0	    0.0	    0.0	1	  145.8	 21	    0.0	    5.0	
  707	  73.73	    0.0	 1500.0	    0.0	 -482.1	 1084.8	    0.0	  200.0	    0.0	    0.0	    0.0	    0.0	  100.0	    0.0	    0.0	    0.0	    0.0	    0.0	   26.9	  1	   50.0	 1650.0	    0.0	    0.0	    0.0	1	  145.8	 21	    0.0	    5.0	
  708	  73.83	    0.0	 1500.0	    0.0	 -482.1	 1084.8	    0.0	  200.0	    0.0	    0.0	    0.0	    0.0	  100.0	    0.0	    0.0	    0.0	    0.0	    0.0	   26.9	  1	   50.0	 1650.0	    0.0	    0.0	    0.0	1	  145.8	 21	    0.0	    5.0	
  709	  73.94	    0.0	 1500.0	    0.0	 -482.1	 1084.8	    0.0	  200.0	    0.0	    0.0	    0.0	    0.0	  100.0	    0.0	    0.0	    0.0	    0.0	    0.0	   26.9	  1	   50.0	 1650.0	    0.0	    0.0	    0.0	1	  145.8	 21	    0.0	    5.0	
  710	  74.03	    0.0	 1500.0	    0.0	 -482.1	 1084.8	    0.0	  200.0	    0.0	    0.0	    0.0	    0.0	  100.0	    0.0	    0.0	    0.0	    0.0	    0.0	   27.0	  1	   50.0	 1650.0	    0.0	    0.0	    0.0	1	  145.8	 21	    0.0	    5.0	
  711	  74.14	    0.0	 1500.0	    0.0	 -482.1	 1084.8	    0.0	  200.0	    0.0	    0.0	    0.0	    0.0	  100.0	    0.0	    0.0	    0.0	    0.0	    0.0	   27.0	  1	   50.0	 1650.0	    0.0	    0.0	    0.0	1	  145.8	 21	    0.0	    5.0	
  712	  74.23	    0.0	 1500.0	    0.0	 -482.1	 1084.8	    0.0	  200.0	    0.0	    0.0	    0.0	    0.0	  100.0	    0.0	    0.0	    0.0	    0.0	    0.0	   27.1	  1	   50.0	 1650.0	    0.0	    0.0	    0.0	1	  145.8	 21	    0.0	    5.0	
  713	  74.33	    0.0	 1500.0	    0.0	 -482.1	 1084.8	    0.0	  200.0	    0.0	    0.0	    0.0	    0.0	  100.0	    0.0	    0.0	    0.0	    0.0	    0.0	   27.1	  1	   50.0	 1650.0	    0.0	    0.0	    0.0	1	  145.8	 21	    0.0	    5.0	
  714	  74.44	    0.0	 1500.0	    0.0	 -482.1	 1084.8	    0.0	  200.0	    0.0	    0.0	    0.0	    0.0	  100.0	    0.0	    0.0	    0.0	    0.0	    0.0	   27.1	  1	   50.0	 1650.0	    0.0	    0.0	    0.0	1	  145.8	 21	    0.0	    5.0	
  715	  74.53	    0.0	 1500.0	    0.0	 -482.1	 1084.8	    0.0	  200.0	    0.0	    0.0	    0.0	    0.0	  100.0	    0.0	    0.0	    0.0	    0.0	    0.0	   27.2	  1	   50.0	 1650.0	    0.0	    0.0	    0.0	1	  145.8	 21	    0.0	    5.0	
  716	  74.64	    0.0	 1500.0	    0.0	 -482.1	 1084.8	    0.0	  200.0	    0.0	    0.0	    0.0	    0.0	  100.0	    0.0	    0.0	    0.0	    0.0	    0.0	   27.2	  1	   50.0	 1650.0	    0.0	    0.0	    0.0	1	  145.8	 21	    0.0	    5.0	
  717	  74.73	    0.0	 1500.0	    0.0	 -482.9	 1085.1	    0.0	  200.0	    0.0	    0.0	    0.0	    0.0	  100.0	    0.0	    0.0	    0.0	    0.0	    0.0	   27.2	  1	   50.0	 1650.0	    0.0	    0.0	    0.0	1	  145.8	 21	    0.0	    5.0	
  718	  74.84	    0.0	 1500.0	    0.0	 -482.9	 1085.1	    0.0	  200.0	    0.0	    0.0	    0.0	    0.0	  100.0	    0.0	    0.0	    0.0	    0.0	    0.0	   27.3	  1	   50.0	 1650.0	    0.0	    0.0	    0.0	1	  145.8	 21	    0.0	    5.0	
  719	  74.94	    0.0	 1500.0	    0.0	 -482.9	 1085.1	    0.0	  200.0	    0.0	    0.0	    0.0	    0.0	  100.0	    0.0	    0.0	    0.0	    0.0	    0.0	   27.3	  1	   50.0	 1650.0	    0.0	    0.0	    0.0	1	  145.8	 21	    0.0	    5.0	
  720	  75.03	    0.0	 1500.0	    0.0	 -482.9	 1085.1	    0.0	  200.0	    0.0	    0.0	    0.0	    0.0	  100.0	    0.0	    0.0	    0.0	    0.0	    0.0	   27.4	  1	   50.0	 1650.0	    0.0	    0.0	    0.0	1	  145.8	 21	    0.0	    5.0	
  721	  75.14	    0.0	 1500.0	    0.0	 -482.9	 1085.1	    0.0	  200.0	    0.0	    0.0	    0.0	    0.0	  100.0	    0.0	    0.0	    0.0	    0.0	    0.0	   27.4	  1	   50.0	 1650.0	    0.0	    0.0	    0.0	1	  145.8	 21	    0.0	    5.0	
  722	  75.23	    0.0	 1500.0	    0.0	 -482.9	 1085.1	    0.0	  200.0	    0.0	    0.0	    0.0	    0.0	  100.0	    0.0	    0.0	    0.0	    0.0	    0.0	   27.4	  1	   50.0	 1650.0	    0.0	    0.0	    0.0	1	  145.8	 21	    0.0	    5.0	
  723	  75.33	    0.0	 1500.0	    0.0	 -482.9	 1085.1	    0.0	  200.0	    0.0	    0.0	    0.0	    0.0	  100.0	    0.0	    0.0	    0.0	    0.0	    0.0	   27.5	  1	   50.0	 1650.0	    0.0	    0.0	    0.0	1	  145.8	 21	    0.0	    5.0	
  724	  75.44	    0.0	 1500.0	    0.0	 -482.9	 1085.1	    0.0	  200.0	    0.0	    0.0	    0.0	    0.0	  100.0	    0.0	    0.0	    0.0	    0.0	    0.0	   27.5	  1	   50.0	 1650.0	    0.0	    0.0	    0.0	1	  145.8	 21	    0.0	    5.0	
  725	  75.53	    0.0	 1500.0	    0.0	 -482.9	 1085.1	    0.0	  200.0	    0.0	    0.0	    0.0	    0.0	  100.0	    0.0	    0.0	    0.0	    0.0	    0.0	   27.6	  1	   50.0	 1650.0	    0.0	    0.0	    0.0	1	  145.8	 21	    0.0	    5.0	
  726	  75.64	    0.0	 1500.0	    0.0	 -481.3	 1075.7	    0.0	  200.0	    0.0	    0.0	    0.0	    0.0	  100.0	    0.0	    0.0	    0.0	    0.0	    0.0	   27.6	  1	   50.0	 1650.0	    0.0	    0.0	    0.0	1	  145.8	 21	    0.0	    5.0	
  727	  75.73	    0.0	 1500.0	    0.0	 -481.3	 1075.7	    0.0	  200.0	    0.0	    0.0	    0.0	    0.0	  100.0	    0.0	    0.0	    0.0	    0.0	    0.0	   27.6	  1	   50.0	 1650.0	    0.0	    0.0	    0.0	1	  145.8	 21	    0.0	    5.0	
  728	  75.84	    0.0	 1500.0	    0.0	 -481.3	 1075.7	    0.0	  200.0	    0.0	    0.0	    0.0	    0.0	  100.0	    0.0	    0.0	    0.0	    0.0	    0.0	   27.7	  1	   50.0	 1650.0	    0.0	    0.0	    0.0	1	  145.8	 21	    0.0	    5.0	
  729	  75.94	    0.0	 1500.0	    0.0	 -481.3	 1075.7	    0.0	  200.0	    0.0	    0.0	    0.0	    0.0	  100.0	    0.0	    0.0	    0.0	    0.0	    0.0	   27.7	  1	   50.0	 1650.0	    0.0	    0.0	    0.0	1	  145.8	 21	    0.0	    5.0	
  730	  76.03	    0.0	 1500.0	    0.0	 -481.3	 1075.7	    0.0	  200.0	    0.0	    0.0	    0.0	    0.0	  100.0	    0.0	    0.0	    0.0	    0.0	    0.0	   27.7	  1	   50.0	 1650.0	    0.0	    0.0	    0.0	1	  145.8	 21	    0.0	    5.0	
  731	  76.14	    0.0	 1500.0	    0.0	 -481.3	 1075.7	    0.0	  200.0	    0.0	    0.0	    0.0	    0.0	  100.0	    0.0	    0.0	    0.0	    0.0	    0.0	   27.8	  1	   50.0	 1650.0	    0.0	    0.0	    0.0	1	  145.8	 21	    0.0	    5.0	
  732	  76.23	    0.0	 1500.0	    0.0	 -481.3	 1075.7	    0.0	  200.0	    0.0	    0.0	    0.0	    0.0	  100.0	    0.0	    0.0	    0.0	    0.0	    0.0	   27.8	  1	   50.0	 1650.0	    0.0	    0.0	    0.0	1	  145.8	 21	    0.0	    5.0	
  733	  76.34	    0.0	 1500.0	    0.0	 -480.7	 1074.5	    0.0	  200.0	    0.0	    0.0	    0.0	    0.0	  100.0	    0.0	    0.0	    0.0	    0.0	    0.0	   27.9	  1	   50.0	 1650.0	    0.0	    0.0	    0.0	1	  145.8	 21	    0.0	    5.0	
  734	  76.44	    0.0	 1500.0	    0.0	 -480.7	 1074.5	    0.0	  200.0	    0.0	    0.0	    0.0	    0.0	  100.0	    0.0	    0.0	    0.0	    0.0	    0.0	   27.9	  1	   50.0	 1650.0	    0.0	    0.0	    0.0	1	  145.8	 21	    0.0	    5.0	
  735	  76.53	    0.0	 1500.0	    0.0	 -480.7	 1074.5	    0.0	  200.0	    0.0	    0.0	    0.0	    0.0	  100.0	    0.0	    0.0	    0.0	    0.0	    0.0	   27.9	  1	   50.0	 1650.0	    0.0	    0.0	    0.0	1	  145.8	 21	    0.0	    5.0	
  736	  76.64	    0.0	 1500.0	    0.0	 -480.7	 1074.5	    0.0	  200.0	    0.0	    0.0	    0.0	    0.0	  100.0	    0.0	    0.0	    0.0	    0.0	    0.0	   28.0	  1	   50.0	 1650.0	    0.0	    0.0	    0.0	1	  145.8	 21	    0.0	    5.0	
  737	  76.73	    0.0	 1500.0	    0.0	 -480.7	 1074.5	    0.0	  200.0	    0.0	    0.0	    0.0	    0.0	  100.0	    0.0	    0.0	    0.0	    0.0	    0.0	   28.0	  1	   50.0	 1650.0	    0.0	    0.0	    0.0	1	  145.8	 21	    0.0	    5.0	
  738	  76.83	    0.0	 1500.0	    0.0	 -480.7	 1074.5	    0.0	  200.0	    0.0	    0.0	    0.0	    0.0	  100.0	    0.0	    0.0	    0.0	    0.0	    0.0	   28.0	  1	   50.0	 1650.0	    0.0	    0.0	    0.0	1	  145.8	 21	    0.0	    5.0	
  739	  76.94	    0.0	 1500.0	    0.0	 -480.7	 1074.5	    0.0	  200.0	    0.0	    0.0	    0.0	    0.0	  100.0	    0.0	    0.0	    0.0	    0.0	    0.0	   28.1	  1	   50.0	 1650.0	    0.0	    0.0	    0.0	1	  145.8	 21	    0.0	    5.0	
  740	  77.03	    0.0	 1500.0	    0.0	 -480.7	 1074.5	    0.0	  200.0	    0.0	    0.0	    0.0	    0.0	  100.0	    0.0	    0.0	    0.0	    0.0	    0.0	   28.1	  1	   50.0	 1650.0	    0.0	    0.0	    0.0	1	  145.8	 21	    0.0	    5.0	
  741	  77.14	    0.0	 1500.0	    0.0	 -480.7	 1074.5	    0.0	  200.0	    0.0	    0.0	    0.0	    0.0	  100.0	    0.0	    0.0	    0.0	    0.0	    0.0	   28.2	  1	   50.0	 1650.0	    0.0	    0.0	    0.0	1	  145.8	 21	    0.0	    5.0	
  742	  77.23	    0.0	 1500.0	    0.0	 -480.7	 1074.5	    0.0	  200.0	    0.0	    0.0	    0.0	    0.0	  100.0	    0.0	    0.0	    0.0	    0.0	    0.0	   28.2	  1	   50.0	 1650.0	    0.0	    0.0	    0.0	1	  145.8	 21	    0.0	    5.0	
  743	  77.33	    0.0	 1500.0	    0.0	 -480.7	 1074.5	    0.0	  200.0	    0.0	    0.0	    0.0	    0.0	  100.0	    0.0	    0.0	    0.0	    0.0	    0.0	   28.2	  1	   50.0	 1650.0	    0.0	    0.0	    0.0	1	  145.8	 21	    0.0	    5.0	
  744	  77.44	    0.0	 1500.0	    0.0	 -480.7	 1074.5	    0.0	  200.0	    0.0	    0.0	    0.0	    0.0	  100.0	    0.0	    0.0	    0.0	    0.0	    0.0	   28.3	  1	   50.0	 1650.0	    0.0	    0.0	    0.0	1	  145.8	 21	    0.0	    5.0	
  745	  77.53	    0.0	 1500.0	    0.0	 -478.0	 1064.8	    0.0	  200.0	    0.0	    0.0	    0.0	    0.0	  100.0	    0.0	    0.0	    0.0	    0.0	    0.0	   28.3	  1	   50.0	 1650.0	    0.0	    0.0	    0.0	1	  145.8	 21	    0.0	    5.0	
  746	  77.64	    0.0	 1500.0	    0.0	 -478.0	 1064.8	    0.0	  200.0	    0.0	    0.0	    0.0	    0.0	  100.0	    0.0	    0.0	    0.0	    0.0	    0.0	   28.3	  1	   50.0	 1650.0	    0.0	    0.0	    0.0	1	  145.8	 21	    0.0	    5.0	
  747	  77.73	    0.0	 1500.0	    0.0	 -478.0	 1064.8	    0.0	  200.0	    0.0	    0.0	    0.0	    0.0	  100.0	    0.0	    0.0	    0.0	    0.0	    0.0	   28.4	  1	   50.0	 1650.0	    0.0	    0.0	    0.0	1	  145.8	 21	    0.0	    5.0	
  748	  77.83	    0.0	 1500.0	    0.0	 -478.0	 1064.8	    0.0	  200.0	    0.0	    0.0	    0.0	    0.0	  100.0	    0.0	    0.0	    0.0	    0.0	    0.0	   28.4	  1	   50.0	 1650.0	    0.0	    0.0	    0.0	1	  145.8	 21	    0.0	    5.0	
  749	  77.94	    0.0	 1500.0	    0.0	 -478.0	 1064.8	    0.0	  200.0	    0.0	    0.0	    0.0	    0.0	  100.0	    0.0	    0.0	    0.0	    0.0	    0.0	   28.5	  1	   50.0	 1650.0	    0.0	    0.0	    0.0	1	  145.8	 21	    0.0	    5.0	
  750	  78.03	    0.0	 1500.0	    0.0	 -469.9	 1059.4	    0.0	  200.0	    0.0	    0.0	    0.0	    0.0	  100.0	    0.0	    0.0	    0.0	    0.0	    0.0	   28.5	  1	   50.0	 1650.0	    0.0	    0.0	    0.0	1	  145.8	 21	    0.0	    5.0	
  751	  78.14	    0.0	 1500.0	    0.0	 -469.9	 1059.4	    0.0	  200.0	    0.0	    0.0	    0.0	    0.0	  100.0	    0.0	    0.0	    0.0	    0.0	    0.0	   28.5	  1	   50.0	 1650.0	    0.0	    0.0	    0.0	1	  145.8	 21	    0.0	    5.0	
  752	  78.23	    0.0	 1500.0	    0.0	 -469.9	 1059.4	    0.0	  200.0	    0.0	    0.0	    0.0	    0.0	  100.0	    0.0	    0.0	    0.0	    0.0	    0.0	   28.6	  1	   50.0	 1650.0	    0.0	    0.0	    0.0	1	  145.8	 21	    0.0	    5.0	
  753	  78.33	    0.0	 1500.0	    0.0	 -469.9	 1059.4	    0.0	  200.0	    0.0	    0.0	    0.0	    0.0	  100.0	    0.0	    0.0	    0.0	    0.0	    0.0	   28.6	  1	   50.0	 1650.0	    0.0	    0.0	    0.0	1	  145.8	 21	    0.0	    5.0	
  754	  78.44	    0.0	 1500.0	    0.0	 -469.9	 1059.4	    0.0	  200.0	    0.0	    0.0	    0.0	    0.0	  100.0	    0.0	    0.0	    0.0	    0.0	    0.0	   28.7	  1	   50.0	 1650.0	    0.0	    0.0	    0.0	1	  145.8	 21	    0.0	    5.0	
  755	  78.53	    0.0	 1500.0	    0.0	 -469.9	 1059.4	    0.0	  200.0	    0.0	    0.0	    0.0	    0.0	  100.0	    0.0	    0.0	    0.0	    0.0	    0.0	   28.7	  1	   50.0	 1650.0	    0.0	    0.0	    0.0	1	  145.8	 21	    0.0	    5.0	
  756	  78.64	    0.0	 1500.0	    0.0	 -468.1	 1065.7	    0.0	  200.0	    0.0	    0.0	    0.0	    0.0	  100.0	    0.0	    0.0	    0.0	    0.0	    0.0	   28.7	  1	   50.0	 1650.0	    0.0	    0.0	    0.0	1	  145.8	 21	    0.0	    5.0	
  757	  78.73	    0.0	 1500.0	    0.0	 -468.1	 1065.7	    0.0	  200.0	    0.0	    0.0	    0.0	    0.0	  100.0	    0.0	    0.0	    0.0	    0.0	    0.0	   28.8	  1	   50.0	 1650.0	    0.0	    0.0	    0.0	1	  145.8	 21	    0.0	    5.0	
  758	  78.83	    0.0	 1500.0	    0.0	 -468.1	 1065.7	    0.0	  200.0	    0.0	    0.0	    0.0	    0.0	  100.0	    0.0	    0.0	    0.0	    0.0	    0.0	   28.8	  1	   50.0	 1650.0	    0.0	    0.0	    0.0	1	  145.8	 21	    0.0	    5.0	
  759	  78.94	    0.0	 1500.0	    0.0	 -468.1	 1065.7	    0.0	  200.0	    0.0	    0.0	    0.0	    0.0	  100.0	    0.0	    0.0	    0.0	    0.0	    0.0	   28.8	  1	   50.0	 1650.0	    0.0	    0.0	    0.0	1	  145.8	 21	    0.0	    5.0	
  760	  79.03	    0.0	 1500.0	    0.0	 -468.1	 1065.7	    0.0	  200.0	    0.0	    0.0	    0.0	    0.0	  100.0	    0.0	    0.0	    0.0	    0.0	    0.0	   28.9	  1	   50.0	 1650.0	    0.0	    0.0	    0.0	1	  145.8	 21	    0.0	    5.0	
  761	  79.14	    0.0	 1500.0	    0.0	 -467.6	 1077.3	    0.0	  200.0	    0.0	    0.0	    0.0	    0.0	  100.0	    0.0	    0.0	    0.0	    0.0	    0.0	   28.9	  1	   50.0	 1650.0	    0.0	    0.0	    0.0	1	  145.8	 21	    0.0	    5.0	
  762	  79.23	    0.0	 1500.0	    0.0	 -467.6	 1077.3	    0.0	  200.0	    0.0	    0.0	    0.0	    0.0	  100.0	    0.0	    0.0	    0.0	    0.0	    0.0	   29.0	  1	   50.0	 1650.0	    0.0	    0.0	    0.0	1	  145.8	 21	    0.0	    5.0	
  763	  79.33	    0.0	 1500.0	    0.0	 -467.6	 1077.3	    0.0	  200.0	    0.0	    0.0	    0.0	    0.0	  100.0	    0.0	    0.0	    0.0	    0.0	    0.0	   29.0	  1	   50.0	 1650.0	    0.0	    0.0	    0.0	1	  145.8	 21	    0.0	    5.0	
  764	  79.44	    0.0	 1500.0	    0.0	 -467.6	 1077.3	    0.0	  200.0	    0.0	    0.0	    0.0	    0.0	  100.0	    0.0	    0.0	    0.0	    0.0	    0.0	   29.0	  1	   50.0	 1650.0	    0.0	    0.0	    0.0	1	  145.8	 21	    0.0	    5.0	
  765	  79.53	    0.0	 1500.0	    0.0	 -467.6	 1077.3	    0.0	  200.0	    0.0	    0.0	    0.0	    0.0	  100.0	    0.0	    0.0	    0.0	    0.0	    0.0	   29.1	  1	   50.0	 1650.0	    0.0	    0.0	    0.0	1	  145.8	 21	    0.0	    5.0	
  766	  79.64	    0.0	 1500.0	    0.0	 -467.6	 1077.3	    0.0	  200.0	    0.0	    0.0	    0.0	    0.0	  100.0	    0.0	    0.0	    0.0	    0.0	    0.0	   29.1	  1	   50.0	 1650.0	    0.0	    0.0	    0.0	1	  145.8	 21	    0.0	    5.0	
  767	  79.73	    0.0	 1500.0	    0.0	 -470.4	 1077.2	    0.0	  200.0	    0.0	    0.0	    0.0	    0.0	  100.0	    0.0	    0.0	    0.0	    0.0	    0.0	   29.1	  1	   50.0	 1650.0	    0.0	    0.0	    0.0	1	  145.8	 21	    0.0	    5.0	
  768	  79.83	    0.0	 1500.0	    0.0	 -470.4	 1077.2	    0.0	  200.0	    0.0	    0.0	    0.0	    0.0	  100.0	    0.0	    0.0	    0.0	    0.0	    0.0	   29.2	  1	   50.0	 1650.0	    0.0	    0.0	    0.0	1	  145.8	 21	    0.0	    5.0	
  769	  79.94	    0.0	 1500.0	    0.0	 -470.4	 1077.2	    0.0	  200.0	    0.0	    0.0	    0.0	    0.0	  100.0	    0.0	    0.0	    0.0	    0.0	    0.0	   29.2	  1	   50.0	 1650.0	    0.0	    0.0	    0.0	1	  145.8	 21	    0.0	    5.0	
  770	  80.03	    0.0	 1500.0	    0.0	 -470.4	 1077.2	    0.0	  200.0	    0.0	    0.0	    0.0	    0.0	  100.0	    0.0	    0.0	    0.0	    0.0	    0.0	   29.3	  1	   50.0	 1650.0	    0.0	    0.0	    0.0	1	  145.8	 21	    0.0	    5.0	
  771	  80.14	    0.0	 1500.0	    0.0	 -470.4	 1077.2	    0.0	  200.0	    0.0	    0.0	    0.0	    0.0	  100.0	    0.0	    0.0	    0.0	    0.0	    0.0	   29.3	  1	   50.0	 1650.0	    0.0	    0.0	    0.0	1	  145.8	 21	    0.0	    5.0	
  772	  80.23	    0.0	 1500.0	    0.0	 -470.4	 1077.2	    0.0	  200.0	    0.0	    0.0	    0.0	    0.0	  100.0	    0.0	    0.0	    0.0	    0.0	    0.0	   29.3	  1	   50.0	 1650.0	    0.0	    0.0	    0.0	1	  145.8	 21	    0.0	    5.0	
  773	  80.33	    0.0	 1500.0	    0.0	 -470.4	 1077.2	    0.0	  200.0	    0.0	    0.0	    0.0	    0.0	  100.0	    0.0	    0.0	    0.0	    0.0	    0.0	   29.4	  1	   50.0	 1650.0	    0.0	    0.0	    0.0	1	  145.8	 21	    0.0	    5.0	
  774	  80.44	    0.0	 1500.0	    0.0	 -473.0	 1075.0	    0.0	  200.0	    0.0	    0.0	    0.0	    0.0	  100.0	    0.0	    0.0	    0.0	    0.0	    0.0	   29.4	  1	   50.0	 1650.0	    0.0	    0.0	    0.0	1	  145.8	 21	    0.0	    5.0	
  775	  80.53	    0.0	 1500.0	    0.0	 -473.0	 1075.0	    0.0	  200.0	    0.0	    0.0	    0.0	    0.0	  100.0	    0.0	    0.0	    0.0	    0.0	    0.0	   29.5	  1	   50.0	 1650.0	    0.0	    0.0	    0.0	1	  145.8	 21	    0.0	    5.0	
  776	  80.64	    0.0	 1500.0	    0.0	 -562.7	 1110.7	    0.0	  200.0	    0.0	    0.0	    0.0	    0.0	  100.0	    0.0	    0.0	    0.0	    0.0	    0.0	   29.5	  1	   50.0	 1550.0	    0.0	    0.0	    0.0	1	   63.9	 21	    0.0	    5.0	
  777	  80.73	    0.0	 1500.0	    0.0	 -473.0	 1075.0	    0.0	  200.0	    0.0	    0.0	    0.0	    0.0	  100.0	    0.0	    0.0	    0.0	    0.0	    0.0	   29.5	  1	   50.0	 1650.0	    0.0	    0.0	    0.0	1	  145.8	 21	    0.0	    5.0	
  778	  80.83	    0.0	 1500.0	    0.0	 -473.0	 1075.0	    0.0	  200.0	    0.0	    0.0	    0.0	    0.0	  100.0	    0.0	    0.0	    0.0	    0.0	    0.0	   29.6	  1	   50.0	 1650.0	    0.0	    0.0	    0.0	1	  145.8	 21	    0.0	    5.0	
  779	  80.94	    0.0	 1500.0	    0.0	 -470.9	 1072.4	    0.0	  200.0	    0.0	    0.0	    0.0	    0.0	  100.0	    0.0	    0.0	    0.0	    0.0	    0.0	   29.6	  1	   50.0	 1650.0	    0.0	    0.0	    0.0	1	  145.8	 21	    0.0	    5.0	
  780	  81.03	    0.0	 1500.0	    0.0	 -470.9	 1072.4	    0.0	  200.0	    0.0	    0.0	    0.0	    0.0	  100.0	    0.0	    0.0	    0.0	    0.0	    0.0	   29.6	  1	   50.0	 1650.0	    0.0	    0.0	    0.0	1	  145.8	 21	    0.0	    5.0	
  781	  81.14	    0.0	 1500.0	    0.0	 -470.9	 1072.4	    0.0	  200.0	    0.0	    0.0	    0.0	    0.0	  100.0	    0.0	    0.0	    0.0	    0.0	    0.0	   29.7	  1	   50.0	 1650.0	    0.0	    0.0	    0.0	1	  145.8	 21	    0.0	    5.0	
  782	  81.23	    0.0	 1500.0	    0.0	 -470.9	 1072.4	    0.0	  200.0	    0.0	    0.0	    0.0	    0.0	  100.0	    0.0	    0.0	    0.0	    0.0	    0.0	   29.7	  1	   50.0	 1650.0	    0.0	    0.0	    0.0	1	  145.8	 21	    0.0	    5.0	
  783	  81.33	    0.0	 1500.0	    0.0	 -470.9	 1072.4	    0.0	  200.0	    0.0	    0.0	    0.0	    0.0	  100.0	    0.0	    0.0	    0.0	    0.0	    0.0	   29.8	  1	   50.0	 1650.0	    0.0	    0.0	    0.0	1	  145.8	 21	    0.0	    5.0	
  784	  81.44	    0.0	 1500.0	    0.0	 -467.9	 1076.4	    0.0	  200.0	    0.0	    0.0	    0.0	    0.0	  100.0	    0.0	    0.0	    0.0	    0.0	    0.0	   29.8	  1	   50.0	 1650.0	    0.0	    0.0	    0.0	1	  145.8	 21	    0.0	    5.0	
  785	  81.53	    0.0	 1500.0	    0.0	 -467.9	 1076.4	    0.0	  200.0	    0.0	    0.0	    0.0	    0.0	  100.0	    0.0	    0.0	    0.0	    0.0	    0.0	   29.8	  1	   50.0	 1650.0	    0.0	    0.0	    0.0	1	  145.8	 21	    0.0	    5.0	
  786	  81.64	    0.0	 1500.0	    0.0	 -467.9	 1076.4	    0.0	  200.0	    0.0	    0.0	    0.0	    0.0	  100.0	    0.0	    0.0	    0.0	    0.0	    0.0	   29.9	  1	   50.0	 1650.0	    0.0	    0.0	    0.0	1	  145.8	 21	    0.0	    5.0	
  787	  81.73	    0.0	 1500.0	    0.0	 -467.6	 1077.3	    0.0	  200.0	    0.0	    0.0	    0.0	    0.0	  100.0	    0.0	    0.0	    0.0	    0.0	    0.0	   29.9	  1	   50.0	 1650.0	    0.0	    0.0	    0.0	1	  145.8	 21	    0.0	    5.0	
  788	  81.83	    0.0	 1500.0	    0.0	 -467.6	 1077.3	    0.0	  200.0	    0.0	    0.0	    0.0	    0.0	  100.0	    0.0	    0.0	    0.0	    0.0	    0.0	   29.9	  1	   50.0	 1650.0	    0.0	    0.0	    0.0	1	  145.8	 21	    0.0	    5.0	
  789	  81.94	    0.0	 1500.0	    0.0	 -467.6	 1077.3	    0.0	  200.0	    0.0	    0.0	    0.0	    0.0	  100.0	    0.0	    0.0	    0.0	    0.0	    0.0	   30.0	  1	   50.0	 1650.0	    0.0	    0.0	    0.0	1	  145.8	 21	    0.0	    5.0	
  790	  82.03	    0.0	 1500.0	    0.0	 -467.6	 1077.3	    0.0	  200.0	    0.0	    0.0	    0.0	    0.0	  100.0	    0.0	    0.0	    0.0	    0.0	    0.0	   30.0	  1	   50.0	 1650.0	    0.0	    0.0	    0.0	1	  145.8	 21	    0.0	    5.0	
  791	  82.14	    0.0	 1500.0	    0.0	 -467.6	 1077.3	    0.0	  200.0	    0.0	    0.0	    0.0	    0.0	  100.0	    0.0	    0.0	    0.0	    0.0	    0.0	   30.1	  1	   50.0	 1650.0	    0.0	    0.0	    0.0	1	  145.8	 21	    0.0	    5.0	
  792	  82.23	    0.0	 1500.0	    0.0	 -467.6	 1077.3	    0.0	  200.0	    0.0	    0.0	    0.0	    0.0	  100.0	    0.0	    0.0	    0.0	    0.0	    0.0	   30.1	  1	   50.0	 1650.0	    0.0	    0.0	    0.0	1	  145.8	 21	    0.0	    5.0	
  793	  82.34	    0.0	 1500.0	    0.0	 -467.6	 1077.3	    0.0	  200.0	    0.0	    0.0	    0.0	    0.0	  100.0	    0.0	    0.0	    0.0	    0.0	    0.0	   30.1	  1	   50.0	 1650.0	    0.0	    0.0	    0.0	1	  145.8	 21	    0.0	    5.0	
  794	  82.44	    0.0	 1500.0	    0.0	 -469.3	 1077.8	    0.0	  200.0	    0.0	    0.0	    0.0	    0.0	  100.0	    0.0	    0.0	    0.0	    0.0	    0.0	   30.2	  1	   50.0	 1650.0	    0.0	    0.0	    0.0	1	  145.8	 21	    0.0	    5.0	
  795	  82.53	    0.0	 1500.0	    0.0	 -469.3	 1077.8	    0.0	  200.0	    0.0	    0.0	    0.0	    0.0	  100.0	    0.0	    0.0	    0.0	    0.0	    0.0	   30.2	  1	   50.0	 1650.0	    0.0	    0.0	    0.0	1	  145.8	 21	    0.0	    5.0	
  796	  82.64	    0.0	 1500.0	    0.0	 -469.3	 1077.8	    0.0	  200.0	    0.0	    0.0	    0.0	    0.0	  100.0	    0.0	    0.0	    0.0	    0.0	    0.0	   30.2	  1	   50.0	 1650.0	    0.0	    0.0	    0.0	1	  145.8	 21	    0.0	    5.0	
  797	  82.73	    0.0	 1500.0	    0.0	 -469.3	 1077.8	    0.0	  200.0	    0.0	    0.0	    0.0	    0.0	  100.0	    0.0	    0.0	    0.0	    0.0	    0.0	   30.3	  1	   50.0	 1650.0	    0.0	    0.0	    0.0	1	  145.8	 21	    0.0	    5.0	
  798	  82.83	    0.0	 1500.0	    0.0	 -469.3	 1077.8	    0.0	  200.0	    0.0	    0.0	    0.0	    0.0	  100.0	    0.0	    0.0	    0.0	    0.0	    0.0	   30.3	  1	   50.0	 1650.0	    0.0	    0.0	    0.0	1	  145.8	 21	    0.0	    5.0	
  799	  82.94	    0.0	 1500.0	    0.0	 -468.7	 1076.7	    0.0	  200.0	    0.0	    0.0	    0.0	    0.0	  100.0	    0.0	    0.0	    0.0	    0.0	    0.0	   30.4	  1	   50.0	 1650.0	    0.0	    0.0	    0.0	1	  145.8	 21	    0.0	    5.0	
  800	  83.03	    0.0	 1500.0	    0.0	 -468.7	 1076.7	    0.0	  200.0	    0.0	    0.0	    0.0	    0.0	  100.0	    0.0	    0.0	    0.0	    0.0	    0.0	   30.4	  1	   50.0	 1650.0	    0.0	    0.0	    0.0	1	  145.8	 21	    0.0	    5.0	
  801	  83.14	    0.0	 1500.0	    0.0	 -468.4	 1077.6	    0.0	  200.0	    0.0	    0.0	    0.0	    0.0	  100.0	    0.0	    0.0	    0.0	    0.0	    0.0	   30.4	  1	   50.0	 1650.0	    0.0	    0.0	    0.0	1	  145.8	 21	    0.0	    5.0	
  802	  83.23	    0.0	 1500.0	    0.0	 -468.7	 1076.7	    0.0	  200.0	    0.0	    0.0	    0.0	    0.0	  100.0	    0.0	    0.0	    0.0	    0.0	    0.0	   30.5	  1	   50.0	 1650.0	    0.0	    0.0	    0.0	1	  145.8	 21	    0.0	    5.0	
  803	  83.33	    0.0	 1500.0	    0.0	 -468.7	 1076.7	    0.0	  200.0	    0.0	    0.0	    0.0	    0.0	  100.0	    0.0	    0.0	    0.0	    0.0	    0.0	   30.5	  1	   50.0	 1650.0	    0.0	    0.0	    0.0	1	  145.8	 21	    0.0	    5.0	
  804	  83.44	    0.0	 1500.0	    0.0	 -468.7	 1076.7	    0.0	  200.0	    0.0	    0.0	    0.0	    0.0	  100.0	    0.0	    0.0	    0.0	    0.0	    0.0	   30.6	  1	   50.0	 1650.0	    0.0	    0.0	    0.0	1	  145.8	 21	    0.0	    5.0	
  805	  83.53	    0.0	 1500.0	    0.0	 -468.7	 1076.7	    0.0	  200.0	    0.0	    0.0	    0.0	    0.0	  100.0	    0.0	    0.0	    0.0	    0.0	    0.0	   30.6	  1	   50.0	 1650.0	    0.0	    0.0	    0.0	1	  145.8	 21	    0.0	    5.0	
  806	  83.64	    0.0	 1500.0	    0.0	 -468.7	 1076.7	    0.0	  200.0	    0.0	    0.0	    0.0	    0.0	  100.0	    0.0	    0.0	    0.0	    0.0	    0.0	   30.6	  1	   50.0	 1650.0	    0.0	    0.0	    0.0	1	  145.8	 21	    0.0	    5.0	
  807	  83.73	    0.0	 1500.0	    0.0	 -468.7	 1076.7	    0.0	  200.0	    0.0	    0.0	    0.0	    0.0	  100.0	    0.0	    0.0	    0.0	    0.0	    0.0	   30.7	  1	   50.0	 1650.0	    0.0	    0.0	    0.0	1	  145.8	 21	    0.0	    5.0	
  808	  83.84	    0.0	 1500.0	    0.0	 -468.7	 1076.7	    0.0	  200.0	    0.0	    0.0	    0.0	    0.0	  100.0	    0.0	    0.0	    0.0	    0.0	    0.0	   30.7	  1	   50.0	 1650.0	    0.0	    0.0	    0.0	1	  145.8	 21	    0.0	    5.0	
  809	  83.94	    0.0	 1500.0	    0.0	 -468.7	 1076.7	    0.0	  200.0	    0.0	    0.0	    0.0	    0.0	  100.0	    0.0	    0.0	    0.0	    0.0	    0.0	   30.7	  1	   50.0	 1650.0	    0.0	    0.0	    0.0	1	  145.8	 21	    0.0	    5.0	
  810	  84.03	    0.0	 1500.0	    0.0	 -468.7	 1076.7	    0.0	  200.0	    0.0	    0.0	    0.0	    0.0	  100.0	    0.0	    0.0	    0.0	    0.0	    0.0	   30.8	  1	   50.0	 1650.0	    0.0	    0.0	    0.0	1	  145.8	 21	    0.0	    5.0	
  811	  84.14	    0.0	 1500.0	    0.0	 -468.7	 1076.7	    0.0	  200.0	    0.0	    0.0	    0.0	    0.0	  100.0	    0.0	    0.0	    0.0	    0.0	    0.0	   30.8	  1	   50.0	 1650.0	    0.0	    0.0	    0.0	1	  145.8	 21	    0.0	    5.0	
  812	  84.24	    0.0	 1500.0	    0.0	 -482.4	 1063.2	    0.0	  200.0	    0.0	    0.0	    0.0	    0.0	  100.0	    0.0	    0.0	    0.0	    0.0	    0.0	   30.9	  1	   50.0	 1650.0	    0.0	    0.0	    0.0	1	  145.8	 21	    0.0	    5.0	
  813	  84.33	    0.0	 1500.0	    0.0	 -482.4	 1063.2	    0.0	  200.0	    0.0	    0.0	    0.0	    0.0	  100.0	    0.0	    0.0	    0.0	    0.0	    0.0	   30.9	  1	   50.0	 1650.0	    0.0	    0.0	    0.0	1	  145.8	 21	    0.0	    5.0	
  814	  84.44	    0.0	 1500.0	    0.0	 -482.4	 1063.2	    0.0	  200.0	    0.0	    0.0	    0.0	    0.0	  100.0	    0.0	    0.0	    0.0	    0.0	    0.0	   30.9	  1	   50.0	 1650.0	    0.0	    0.0	    0.0	1	  145.8	 21	    0.0	    5.0	
  815	  84.53	    0.0	 1500.0	    0.0	 -482.4	 1063.2	    0.0	  200.0	    0.0	    0.0	    0.0	    0.0	  100.0	    0.0	    0.0	    0.0	    0.0	    0.0	   31.0	  1	   50.0	 1650.0	    0.0	    0.0	    0.0	1	  145.8	 21	    0.0	    5.0	
  816	  84.64	    0.0	 1500.0	    0.0	 -482.4	 1063.2	    0.0	  200.0	    0.0	    0.0	    0.0	    0.0	  100.0	    0.0	    0.0	    0.0	    0.0	    0.0	   31.0	  1	   50.0	 1650.0	    0.0	    0.0	    0.0	1	  145.8	 21	    0.0	    5.0	
  817	  84.73	    0.0	 1500.0	    0.0	 -481.8	 1062.0	    0.0	  200.0	    0.0	    0.0	    0.0	    0.0	  100.0	    0.0	    0.0	    0.0	    0.0	    0.0	   31.0	  1	   50.0	 1650.0	    0.0	    0.0	    0.0	1	  145.8	 21	    0.0	    5.0	
  818	  84.83	    0.0	 1500.0	    0.0	 -481.8	 1062.0	    0.0	  200.0	    0.0	    0.0	    0.0	    0.0	  100.0	    0.0	    0.0	    0.0	    0.0	    0.0	   31.1	  1	   50.0	 1650.0	    0.0	    0.0	    0.0	1	  145.8	 21	    0.0	    5.0	
  819	  84.94	    0.0	 1500.0	    0.0	 -481.8	 1062.0	    0.0	  200.0	    0.0	    0.0	    0.0	    0.0	  100.0	    0.0	    0.0	    0.0	    0.0	    0.0	   31.1	  1	   50.0	 1650.0	    0.0	    0.0	    0.0	1	  145.8	 21	    0.0	    5.0	
  820	  85.03	    0.0	 1500.0	    0.0	 -481.8	 1062.0	    0.0	  200.0	    0.0	    0.0	    0.0	    0.0	  100.0	    0.0	    0.0	    0.0	    0.0	    0.0	   31.2	  1	   50.0	 1650.0	    0.0	    0.0	    0.0	1	  145.8	 21	    0.0	    5.0	
  821	  85.14	    0.0	 1500.0	    0.0	 -481.8	 1062.0	    0.0	  200.0	    0.0	    0.0	    0.0	    0.0	  100.0	    0.0	    0.0	    0.0	    0.0	    0.0	   31.2	  1	   50.0	 1650.0	    0.0	    0.0	    0.0	1	  145.8	 21	    0.0	    5.0	
  822	  85.23	    0.0	 1500.0	    0.0	 -481.8	 1062.0	    0.0	  200.0	    0.0	    0.0	    0.0	    0.0	  100.0	    0.0	    0.0	    0.0	    0.0	    0.0	   31.2	  1	   50.0	 1650.0	    0.0	    0.0	    0.0	1	  145.8	 21	    0.0	    5.0	
  823	  85.33	    0.0	 1500.0	    0.0	 -481.8	 1062.0	    0.0	  200.0	    0.0	    0.0	    0.0	    0.0	  100.0	    0.0	    0.0	    0.0	    0.0	    0.0	   31.3	  1	   50.0	 1650.0	    0.0	    0.0	    0.0	1	  145.8	 21	    0.0	    5.0	
  824	  85.44	    0.0	 1500.0	    0.0	 -481.8	 1062.0	    0.0	  200.0	    0.0	    0.0	    0.0	    0.0	  100.0	    0.0	    0.0	    0.0	    0.0	    0.0	   31.3	  1	   50.0	 1650.0	    0.0	    0.0	    0.0	1	  145.8	 21	    0.0	    5.0	
  825	  85.53	    0.0	 1500.0	    0.0	 -481.8	 1062.0	    0.0	  200.0	    0.0	    0.0	    0.0	    0.0	  100.0	    0.0	    0.0	    0.0	    0.0	    0.0	   31.4	  1	   50.0	 1650.0	    0.0	    0.0	    0.0	1	  145.8	 21	    0.0	    5.0	
  826	  85.64	    0.0	 1500.0	    0.0	 -481.8	 1062.0	    0.0	  200.0	    0.0	    0.0	    0.0	    0.0	  100.0	    0.0	    0.0	    0.0	    0.0	    0.0	   31.4	  1	   50.0	 1650.0	    0.0	    0.0	    0.0	1	  145.8	 21	    0.0	    5.0	
  827	  85.74	    0.0	 1500.0	    0.0	 -481.8	 1062.0	    0.0	  200.0	    0.0	    0.0	    0.0	    0.0	  100.0	    0.0	    0.0	    0.0	    0.0	    0.0	   31.4	  1	   50.0	 1650.0	    0.0	    0.0	    0.0	1	  145.8	 21	    0.0	    5.0	
  828	  85.83	    0.0	 1500.0	    0.0	 -481.8	 1062.0	    0.0	  200.0	    0.0	    0.0	    0.0	    0.0	  100.0	    0.0	    0.0	    0.0	    0.0	    0.0	   31.5	  1	   50.0	 1650.0	    0.0	    0.0	    0.0	1	  145.8	 21	    0.0	    5.0	
  829	  85.94	    0.0	 1500.0	    0.0	 -481.8	 1062.0	    0.0	  200.0	    0.0	    0.0	    0.0	    0.0	  100.0	    0.0	    0.0	    0.0	    0.0	    0.0	   31.5	  1	   50.0	 1650.0	    0.0	    0.0	    0.0	1	  145.8	 21	    0.0	    5.0	
  830	  86.03	    0.0	 1500.0	    0.0	 -481.8	 1062.0	    0.0	  200.0	    0.0	    0.0	    0.0	    0.0	  100.0	    0.0	    0.0	    0.0	    0.0	    0.0	   31.5	  1	   50.0	 1650.0	    0.0	    0.0	    0.0	1	  145.8	 21	    0.0	    5.0	
  831	  86.14	    0.0	 1500.0	    0.0	 -481.8	 1062.0	    0.0	  200.0	    0.0	    0.0	    0.0	    0.0	  100.0	    0.0	    0.0	    0.0	    0.0	    0.0	   31.6	  1	   50.0	 1650.0	    0.0	    0.0	    0.0	1	  145.8	 21	    0.0	    5.0	
  832	  86.23	    0.0	 1500.0	    0.0	 -481.8	 1062.0	    0.0	  200.0	    0.0	    0.0	    0.0	    0.0	  100.0	    0.0	    0.0	    0.0	    0.0	    0.0	   31.6	  1	   50.0	 1650.0	    0.0	    0.0	    0.0	1	  145.8	 21	    0.0	    5.0	
  833	  86.34	    0.0	 1500.0	    0.0	 -481.8	 1062.0	    0.0	  200.0	    0.0	    0.0	    0.0	    0.0	  100.0	    0.0	    0.0	    0.0	    0.0	    0.0	   31.7	  1	   50.0	 1650.0	    0.0	    0.0	    0.0	1	  145.8	 21	    0.0	    5.0	
  834	  86.44	    0.0	 1500.0	    0.0	 -481.8	 1062.0	    0.0	  200.0	    0.0	    0.0	    0.0	    0.0	  100.0	    0.0	    0.0	    0.0	    0.0	    0.0	   31.7	  1	   50.0	 1650.0	    0.0	    0.0	    0.0	1	  145.8	 21	    0.0	    5.0	
  835	  86.53	    0.0	 1500.0	    0.0	 -481.8	 1062.0	    0.0	  200.0	    0.0	    0.0	    0.0	    0.0	  100.0	    0.0	    0.0	    0.0	    0.0	    0.0	   31.7	  1	   50.0	 1650.0	    0.0	    0.0	    0.0	1	  145.8	 21	    0.0	    5.0	
  836	  86.64	    0.0	 1500.0	    0.0	 -481.8	 1062.0	    0.0	  200.0	    0.0	    0.0	    0.0	    0.0	  100.0	    0.0	    0.0	    0.0	    0.0	    0.0	   31.8	  1	   50.0	 1650.0	    0.0	    0.0	    0.0	1	  145.8	 21	    0.0	    5.0	
  837	  86.73	    0.0	 1500.0	    0.0	 -481.8	 1062.0	    0.0	  200.0	    0.0	    0.0	    0.0	    0.0	  100.0	    0.0	    0.0	    0.0	    0.0	    0.0	   31.8	  1	   50.0	 1650.0	    0.0	    0.0	    0.0	1	  145.8	 21	    0.0	    5.0	
  838	  86.83	    0.0	 1500.0	    0.0	 -481.8	 1062.0	    0.0	  200.0	    0.0	    0.0	    0.0	    0.0	  100.0	    0.0	    0.0	    0.0	    0.0	    0.0	   31.8	  1	   50.0	 1650.0	    0.0	    0.0	    0.0	1	  145.8	 21	    0.0	    5.0	
  839	  86.94	    0.0	 1500.0	    0.0	 -481.8	 1062.0	    0.0	  200.0	    0.0	    0.0	    0.0	    0.0	  100.0	    0.0	    0.0	    0.0	    0.0	    0.0	   31.9	  1	   50.0	 1650.0	    0.0	    0.0	    0.0	1	  145.8	 21	    0.0	    5.0	
  840	  87.03	    0.0	 1500.0	    0.0	 -481.8	 1062.0	    0.0	  200.0	    0.0	    0.0	    0.0	    0.0	  100.0	    0.0	    0.0	    0.0	    0.0	    0.0	   31.9	  1	   50.0	 1650.0	    0.0	    0.0	    0.0	1	  145.8	 21	    0.0	    5.0	
  841	  87.14	    0.0	 1500.0	    0.0	  133.4	 1082.7	    0.0	  200.0	    0.0	    0.0	    0.0	    0.0	  100.0	    0.0	    0.0	    0.0	    0.0	    0.0	   32.0	  1	 -250.0	 1750.0	    0.0	    0.0	    0.0	1	  293.4	 21	    0.0	    5.0	
  842	  87.24	    0.0	 1500.0	    0.0	  498.7	 1326.9	    0.0	  200.0	    0.0	    0.0	    0.0	    0.0	  100.0	    0.0	    0.0	    0.0	    0.0	    0.0	   32.0	  1	 -250.0	 1550.0	    0.0	    0.0	    0.0	1	  233.6	 21	    0.0	    5.0	
  843	  87.33	    0.0	 1500.0	    0.0	  486.7	 1329.4	    0.0	  200.0	    0.0	    0.0	    0.0	    0.0	  100.0	    0.0	    0.0	    0.0	    0.0	    0.0	   32.0	  1	 -250.0	 1550.0	    0.0	    0.0	    0.0	1	  233.6	 21	    0.0	    5.0	
  844	  87.44	    0.0	 1500.0	    0.0	  486.7	 1329.4	    0.0	  200.0	    0.0	    0.0	    0.0	    0.0	  100.0	    0.0	    0.0	    0.0	    0.0	    0.0	   32.1	  1	 -250.0	 1550.0	    0.0	    0.0	    0.0	1	  233.6	 21	    0.0	    5.0	
  845	  87.53	    0.0	 1500.0	    0.0	  486.7	 1329.4	    0.0	  200.0	    0.0	    0.0	    0.0	    0.0	  100.0	    0.0	    0.0	    0.0	    0.0	    0.0	   32.1	  1	 -250.0	 1550.0	    0.0	    0.0	    0.0	1	  233.6	 21	    0.0	    5.0	
  846	  87.64	    0.0	 1500.0	    0.0	  486.7	 1329.4	    0.0	  200.0	    0.0	    0.0	    0.0	    0.0	  100.0	    0.0	    0.0	    0.0	    0.0	    0.0	   32.1	  1	 -250.0	 1550.0	    0.0	    0.0	    0.0	1	  233.6	 21	    0.0	    5.0	
  847	  87.73	    0.0	 1500.0	    0.0	  486.7	 1329.4	    0.0	  200.0	    0.0	    0.0	    0.0	    0.0	  100.0	    0.0	    0.0	    0.0	    0.0	    0.0	   32.2	  1	 -250.0	 1550.0	    0.0	    0.0	    0.0	1	  233.6	 21	    0.0	    5.0	
  848	  87.83	    0.0	 1500.0	    0.0	  486.7	 1329.4	    0.0	  200.0	    0.0	    0.0	    0.0	    0.0	  100.0	    0.0	    0.0	    0.0	    0.0	    0.0	   32.2	  1	 -250.0	 1550.0	    0.0	    0.0	    0.0	1	  233.6	 21	    0.0	    5.0	
  849	  87.94	    0.0	 1500.0	    0.0	  486.7	 1329.4	    0.0	  200.0	    0.0	    0.0	    0.0	    0.0	  100.0	    0.0	    0.0	    0.0	    0.0	    0.0	   32.3	  1	 -250.0	 1550.0	    0.0	    0.0	    0.0	1	  233.6	 21	    0.0	    5.0	
  850	  88.04	    0.0	 1500.0	    0.0	  486.7	 1329.4	    0.0	  200.0	    0.0	    0.0	    0.0	    0.0	  100.0	    0.0	    0.0	    0.0	    0.0	    0.0	   32.3	  1	 -250.0	 1550.0	    0.0	    0.0	    0.0	1	  233.6	 21	    0.0	    5.0	
  851	  88.14	    0.0	 1500.0	    0.0	  486.7	 1329.4	    0.0	  200.0	    0.0	    0.0	    0.0	    0.0	  100.0	    0.0	    0.0	    0.0	    0.0	    0.0	   32.3	  1	 -250.0	 1550.0	    0.0	    0.0	    0.0	1	  233.6	 21	    0.0	    5.0	
  852	  88.23	    0.0	 1500.0	    0.0	  486.7	 1329.4	    0.0	  200.0	    0.0	    0.0	    0.0	    0.0	  100.0	    0.0	    0.0	    0.0	    0.0	    0.0	   32.4	  1	 -250.0	 1550.0	    0.0	    0.0	    0.0	1	  233.6	 21	    0.0	    5.0	
  853	  88.33	    0.0	 1500.0	    0.0	  492.0	 1330.7	    0.0	  200.0	    0.0	    0.0	    0.0	    0.0	  100.0	    0.0	    0.0	    0.0	    0.0	    0.0	   32.4	  1	 -250.0	 1550.0	    0.0	    0.0	    0.0	1	  233.6	 21	    0.0	    5.0	
  854	  88.44	    0.0	 1500.0	    0.0	  492.0	 1330.7	    0.0	  200.0	    0.0	    0.0	    0.0	    0.0	  100.0	    0.0	    0.0	    0.0	    0.0	    0.0	   32.5	  1	 -250.0	 1550.0	    0.0	    0.0	    0.0	1	  233.6	 21	    0.0	    5.0	
  855	  88.53	    0.0	 1500.0	    0.0	  492.0	 1330.7	    0.0	  200.0	    0.0	    0.0	    0.0	    0.0	  100.0	    0.0	    0.0	    0.0	    0.0	    0.0	   32.5	  1	 -250.0	 1550.0	    0.0	    0.0	    0.0	1	  233.6	 21	    0.0	    5.0	
  856	  88.64	    0.0	 1500.0	    0.0	  492.0	 1330.7	    0.0	  200.0	    0.0	    0.0	    0.0	    0.0	  100.0	    0.0	    0.0	    0.0	    0.0	    0.0	   32.5	  1	 -250.0	 1550.0	    0.0	    0.0	    0.0	1	  233.6	 21	    0.0	    5.0	
  857	  88.73	    0.0	 1500.0	    0.0	  492.0	 1330.7	    0.0	  200.0	    0.0	    0.0	    0.0	    0.0	  100.0	    0.0	    0.0	    0.0	    0.0	    0.0	   32.6	  1	 -250.0	 1550.0	    0.0	    0.0	    0.0	1	  233.6	 21	    0.0	    5.0	
  858	  88.83	    0.0	 1500.0	    0.0	  492.0	 1330.7	    0.0	  200.0	    0.0	    0.0	    0.0	    0.0	  100.0	    0.0	    0.0	    0.0	    0.0	    0.0	   32.6	  1	 -250.0	 1550.0	    0.0	    0.0	    0.0	1	  233.6	 21	    0.0	    5.0	
  859	  88.94	    0.0	 1500.0	    0.0	  492.0	 1330.7	    0.0	  200.0	    0.0	    0.0	    0.0	    0.0	  100.0	    0.0	    0.0	    0.0	    0.0	    0.0	   32.6	  1	 -250.0	 1550.0	    0.0	    0.0	    0.0	1	  233.6	 21	    0.0	    5.0	
  860	  89.03	    0.0	 1500.0	    0.0	  492.0	 1330.7	    0.0	  200.0	    0.0	    0.0	    0.0	    0.0	  100.0	    0.0	    0.0	    0.0	    0.0	    0.0	   32.7	  1	 -250.0	 1550.0	    0.0	    0.0	    0.0	1	  233.6	 21	    0.0	    5.0	
  861	  89.14	    0.0	 1500.0	    0.0	  492.0	 1330.7	    0.0	  200.0	    0.0	    0.0	    0.0	    0.0	  100.0	    0.0	    0.0	    0.0	    0.0	    0.0	   32.7	  1	 -250.0	 1550.0	    0.0	    0.0	    0.0	1	  233.6	 21	    0.0	    5.0	
  862	  89.23	    0.0	 1500.0	    0.0	  492.0	 1330.7	    0.0	  200.0	    0.0	    0.0	    0.0	    0.0	  100.0	    0.0	    0.0	    0.0	    0.0	    0.0	   32.8	  1	 -250.0	 1550.0	    0.0	    0.0	    0.0	1	  233.6	 21	    0.0	    5.0	
  863	  89.33	    0.0	 1500.0	    0.0	  492.0	 1330.7	    0.0	  200.0	    0.0	    0.0	    0.0	    0.0	  100.0	    0.0	    0.0	    0.0	    0.0	    0.0	   32.8	  1	 -250.0	 1550.0	    0.0	    0.0	    0.0	1	  233.6	 21	    0.0	    5.0	
  864	  89.44	    0.0	 1500.0	    0.0	  492.0	 1330.7	    0.0	  200.0	    0.0	    0.0	    0.0	    0.0	  100.0	    0.0	    0.0	    0.0	    0.0	    0.0	   32.8	  1	 -250.0	 1550.0	    0.0	    0.0	    0.0	1	  233.6	 21	    0.0	    5.0	
  865	  89.54	    0.0	 1500.0	    0.0	  492.0	 1330.7	    0.0	  200.0	    0.0	    0.0	    0.0	    0.0	  100.0	    0.0	    0.0	    0.0	    0.0	    0.0	   32.9	  1	 -250.0	 1550.0	    0.0	    0.0	    0.0	1	  233.6	 21	    0.0	    5.0	
  866	  89.64	    0.0	 1500.0	    0.0	  492.0	 1330.7	    0.0	  200.0	    0.0	    0.0	    0.0	    0.0	  100.0	    0.0	    0.0	    0.0	    0.0	    0.0	   32.9	  1	 -250.0	 1550.0	    0.0	    0.0	    0.0	1	  233.6	 21	    0.0	    5.0	
  867	  89.73	    0.0	 1500.0	    0.0	  492.0	 1330.7	    0.0	  200.0	    0.0	    0.0	    0.0	    0.0	  100.0	    0.0	    0.0	    0.0	    0.0	    0.0	   32.9	  1	 -250.0	 1550.0	    0.0	    0.0	    0.0	1	  233.6	 21	    0.0	    5.0	
  868	  89.83	    0.0	 1500.0	    0.0	  492.0	 1330.7	    0.0	  200.0	    0.0	    0.0	    0.0	    0.0	  100.0	    0.0	    0.0	    0.0	    0.0	    0.0	   33.0	  1	 -250.0	 1550.0	    0.0	    0.0	    0.0	1	  233.6	 21	    0.0	    5.0	
  869	  89.94	    0.0	 1500.0	    0.0	  492.0	 1330.7	    0.0	  200.0	    0.0	    0.0	    0.0	    0.0	  100.0	    0.0	    0.0	    0.0	    0.0	    0.0	   33.0	  1	 -250.0	 1550.0	    0.0	    0.0	    0.0	1	  233.6	 21	    0.0	    5.0	
  870	  90.03	    0.0	 1500.0	    0.0	  492.0	 1330.7	    0.0	  200.0	    0.0	    0.0	    0.0	    0.0	  100.0	    0.0	    0.0	    0.0	    0.0	    0.0	   33.1	  1	 -250.0	 1550.0	    0.0	    0.0	    0.0	1	  233.6	 21	    0.0	    5.0	
  871	  90.14	    0.0	 1500.0	    0.0	  492.0	 1330.7	    0.0	  200.0	    0.0	    0.0	    0.0	    0.0	  100.0	    0.0	    0.0	    0.0	    0.0	    0.0	   33.1	  1	 -250.0	 1550.0	    0.0	    0.0	    0.0	1	  233.6	 21	    0.0	    5.0	
  872	  90.23	    0.0	 1500.0	    0.0	  492.0	 1330.7	    0.0	  200.0	    0.0	    0.0	    0.0	    0.0	  100.0	    0.0	    0.0	    0.0	    0.0	    0.0	   33.1	  1	 -250.0	 1550.0	    0.0	    0.0	    0.0	1	  233.6	 21	    0.0	    5.0	
  873	  90.33	    0.0	 1500.0	    0.0	  492.0	 1330.7	    0.0	  200.0	    0.0	    0.0	    0.0	    0.0	  100.0	    0.0	    0.0	    0.0	    0.0	    0.0	   33.2	  1	 -250.0	 1550.0	    0.0	    0.0	    0.0	1	  233.6	 21	    0.0	    5.0	
  874	  90.44	    0.0	 1500.0	    0.0	  492.0	 1330.7	    0.0	  200.0	    0.0	    0.0	    0.0	    0.0	  100.0	    0.0	    0.0	    0.0	    0.0	    0.0	   33.2	  1	 -250.0	 1550.0	    0.0	    0.0	    0.0	1	  233.6	 21	    0.0	    5.0	
  875	  90.53	    0.0	 1500.0	    0.0	  492.0	 1330.7	    0.0	  200.0	    0.0	    0.0	    0.0	    0.0	  100.0	    0.0	    0.0	    0.0	    0.0	    0.0	   33.3	  1	 -250.0	 1550.0	    0.0	    0.0	    0.0	1	  233.6	 21	    0.0	    5.0	
  876	  90.64	    0.0	 1500.0	    0.0	  492.0	 1330.7	    0.0	  200.0	    0.0	    0.0	    0.0	    0.0	  100.0	    0.0	    0.0	    0.0	    0.0	    0.0	   33.3	  1	 -250.0	 1550.0	    0.0	    0.0	    0.0	1	  233.6	 21	    0.0	    5.0	
  877	  90.73	    0.0	 1500.0	    0.0	  492.0	 1330.7	    0.0	  200.0	    0.0	    0.0	    0.0	    0.0	  100.0	    0.0	    0.0	    0.0	    0.0	    0.0	   33.3	  1	 -250.0	 1550.0	    0.0	    0.0	    0.0	1	  233.6	 21	    0.0	    5.0	
  878	  90.83	    0.0	 1500.0	    0.0	  492.0	 1330.7	    0.0	  200.0	    0.0	    0.0	    0.0	    0.0	  100.0	    0.0	    0.0	    0.0	    0.0	    0.0	   33.4	  1	 -250.0	 1550.0	    0.0	    0.0	    0.0	1	  233.6	 21	    0.0	    5.0	
  879	  90.94	    0.0	 1500.0	    0.0	  492.0	 1330.7	    0.0	  200.0	    0.0	    0.0	    0.0	    0.0	  100.0	    0.0	    0.0	    0.0	    0.0	    0.0	   33.4	  1	 -250.0	 1550.0	    0.0	    0.0	    0.0	1	  233.6	 21	    0.0	    5.0	
  880	  91.03	    0.0	 1500.0	    0.0	  492.0	 1330.7	    0.0	  200.0	    0.0	    0.0	    0.0	    0.0	  100.0	    0.0	    0.0	    0.0	    0.0	    0.0	   33.4	  1	 -250.0	 1550.0	    0.0	    0.0	    0.0	1	  233.6	 21	    0.0	    5.0	
  881	  91.14	    0.0	 1500.0	    0.0	  492.0	 1330.7	    0.0	  200.0	    0.0	    0.0	    0.0	    0.0	  100.0	    0.0	    0.0	    0.0	    0.0	    0.0	   33.5	  1	 -250.0	 1550.0	    0.0	    0.0	    0.0	1	  233.6	 21	    0.0	    5.0	
  882	  91.23	    0.0	 1500.0	    0.0	  492.0	 1330.7	    0.0	  200.0	    0.0	    0.0	    0.0	    0.0	  100.0	    0.0	    0.0	    0.0	    0.0	    0.0	   33.5	  1	 -250.0	 1550.0	    0.0	    0.0	    0.0	1	  233.6	 21	    0.0	    5.0	
  883	  91.33	    0.0	 1500.0	    0.0	  492.0	 1330.7	    0.0	  200.0	    0.0	    0.0	    0.0	    0.0	  100.0	    0.0	    0.0	    0.0	    0.0	    0.0	   33.6	  1	 -250.0	 1550.0	    0.0	    0.0	    0.0	1	  233.6	 21	    0.0	    5.0	
  884	  91.44	    0.0	 1500.0	    0.0	  492.0	 1330.7	    0.0	  200.0	    0.0	    0.0	    0.0	    0.0	  100.0	    0.0	    0.0	    0.0	    0.0	    0.0	   33.6	  1	 -250.0	 1550.0	    0.0	    0.0	    0.0	1	  233.6	 21	    0.0	    5.0	
  885	  91.53	    0.0	 1500.0	    0.0	  492.0	 1330.7	    0.0	  200.0	    0.0	    0.0	    0.0	    0.0	  100.0	    0.0	    0.0	    0.0	    0.0	    0.0	   33.6	  1	 -250.0	 1550.0	    0.0	    0.0	    0.0	1	  233.6	 21	    0.0	    5.0	
  886	  91.64	    0.0	 1500.0	    0.0	  492.0	 1330.7	    0.0	  200.0	    0.0	    0.0	    0.0	    0.0	  100.0	    0.0	    0.0	    0.0	    0.0	    0.0	   33.7	  1	 -250.0	 1550.0	    0.0	    0.0	    0.0	1	  233.6	 21	    0.0	    5.0	
  887	  91.73	    0.0	 1500.0	    0.0	  492.0	 1330.7	    0.0	  200.0	    0.0	    0.0	    0.0	    0.0	  100.0	    0.0	    0.0	    0.0	    0.0	    0.0	   33.7	  1	 -250.0	 1550.0	    0.0	    0.0	    0.0	1	  233.6	 21	    0.0	    5.0	
  888	  91.83	    0.0	 1500.0	    0.0	  492.0	 1330.7	    0.0	  200.0	    0.0	    0.0	    0.0	    0.0	  100.0	    0.0	    0.0	    0.0	    0.0	    0.0	   33.7	  1	 -250.0	 1550.0	    0.0	    0.0	    0.0	1	  233.6	 21	    0.0	    5.0	
  889	  91.94	    0.0	 1500.0	    0.0	  492.0	 1330.7	    0.0	  200.0	    0.0	    0.0	    0.0	    0.0	  100.0	    0.0	    0.0	    0.0	    0.0	    0.0	   33.8	  1	 -250.0	 1550.0	    0.0	    0.0	    0.0	1	  233.6	 21	    0.0	    5.0	
  890	  92.03	    0.0	 1500.0	    0.0	  492.0	 1330.7	    0.0	  200.0	    0.0	    0.0	    0.0	    0.0	  100.0	    0.0	    0.0	    0.0	    0.0	    0.0	   33.8	  1	 -250.0	 1550.0	    0.0	    0.0	    0.0	1	  233.6	 21	    0.0	    5.0	
  891	  92.14	    0.0	 1500.0	    0.0	 -390.1	  987.2	    0.0	  200.0	    0.0	    0.0	    0.0	    0.0	  100.0	    0.0	    0.0	    0.0	    0.0	    0.0	   33.9	  1	   50.0	 1650.0	    0.0	    0.0	    0.0	1	  145.8	 21	    0.0	    5.0	
  892	  92.23	    0.0	 1500.0	    0.0	 -390.1	  987.2	    0.0	  200.0	    0.0	    0.0	    0.0	    0.0	  100.0	    0.0	    0.0	    0.0	    0.0	    0.0	   33.9	  1	   50.0	 1650.0	    0.0	    0.0	    0.0	1	  145.8	 21	    0.0	    5.0	
  893	  92.33	    0.0	 1500.0	    0.0	 -390.1	  987.2	    0.0	  200.0	    0.0	    0.0	    0.0	    0.0	  100.0	    0.0	    0.0	    0.0	    0.0	    0.0	   33.9	  1	   50.0	 1650.0	    0.0	    0.0	    0.0	1	  145.8	 21	    0.0	    5.0	
  894	  92.44	    0.0	 1500.0	    0.0	 -390.1	  987.2	    0.0	  200.0	    0.0	    0.0	    0.0	    0.0	  100.0	    0.0	    0.0	    0.0	    0.0	    0.0	   34.0	  1	   50.0	 1650.0	    0.0	    0.0	    0.0	1	  145.8	 21	    0.0	    5.0	
  895	  92.53	    0.0	 1500.0	    0.0	 -390.1	  987.2	    0.0	  200.0	    0.0	    0.0	    0.0	    0.0	  100.0	    0.0	    0.0	    0.0	    0.0	    0.0	   34.0	  1	   50.0	 1650.0	    0.0	    0.0	    0.0	1	  145.8	 21	    0.0	    5.0	
  896	  92.64	    0.0	 1500.0	    0.0	 -390.1	  987.2	    0.0	  200.0	    0.0	    0.0	    0.0	    0.0	  100.0	    0.0	    0.0	    0.0	    0.0	    0.0	   34.0	  1	   50.0	 1650.0	    0.0	    0.0	    0.0	1	  145.8	 21	    0.0	    5.0	
  897	  92.73	    0.0	 1500.0	    0.0	 -388.3	  991.6	    0.0	  200.0	    0.0	    0.0	    0.0	    0.0	  100.0	    0.0	    0.0	    0.0	    0.0	    0.0	   34.1	  1	   50.0	 1650.0	    0.0	    0.0	    0.0	1	  145.8	 21	    0.0	    5.0	
  898	  92.83	    0.0	 1500.0	    0.0	 -388.3	  991.6	    0.0	  200.0	    0.0	    0.0	    0.0	    0.0	  100.0	    0.0	    0.0	    0.0	    0.0	    0.0	   34.1	  1	   50.0	 1650.0	    0.0	    0.0	    0.0	1	  145.8	 21	    0.0	    5.0	
  899	  92.94	    0.0	 1500.0	    0.0	 -388.3	  991.6	    0.0	  200.0	    0.0	    0.0	    0.0	    0.0	  100.0	    0.0	    0.0	    0.0	    0.0	    0.0	   34.2	  1	   50.0	 1650.0	    0.0	    0.0	    0.0	1	  145.8	 21	    0.0	    5.0	
  900	  93.03	    0.0	 1500.0	    0.0	 -388.3	  991.6	    0.0	  200.0	    0.0	    0.0	    0.0	    0.0	  100.0	    0.0	    0.0	    0.0	    0.0	    0.0	   34.2	  1	   50.0	 1650.0	    0.0	    0.0	    0.0	1	  145.8	 21	    0.0	    5.0	
  901	  93.14	    0.0	 1500.0	    0.0	 -388.3	  991.6	    0.0	  200.0	    0.0	    0.0	    0.0	    0.0	  100.0	    0.0	    0.0	    0.0	    0.0	    0.0	   34.2	  1	   50.0	 1650.0	    0.0	    0.0	    0.0	1	  145.8	 21	    0.0	    5.0	
  902	  93.23	    0.0	 1500.0	    0.0	 -388.3	  991.6	    0.0	  200.0	    0.0	    0.0	    0.0	    0.0	  100.0	    0.0	    0.0	    0.0	    0.0	    0.0	   34.3	  1	   50.0	 1650.0	    0.0	    0.0	    0.0	1	  145.8	 21	    0.0	    5.0	
  903	  93.33	    0.0	 1500.0	    0.0	 -389.5	  991.1	    0.0	  200.0	    0.0	    0.0	    0.0	    0.0	  100.0	    0.0	    0.0	    0.0	    0.0	    0.0	   34.3	  1	   50.0	 1650.0	    0.0	    0.0	    0.0	1	  145.8	 21	    0.0	    5.0	
  904	  93.44	    0.0	 1500.0	    0.0	 -389.5	  991.1	    0.0	  200.0	    0.0	    0.0	    0.0	    0.0	  100.0	    0.0	    0.0	    0.0	    0.0	    0.0	   34.4	  1	   50.0	 1650.0	    0.0	    0.0	    0.0	1	  145.8	 21	    0.0	    5.0	
  905	  93.53	    0.0	 1500.0	    0.0	 -389.5	  991.1	    0.0	  200.0	    0.0	    0.0	    0.0	    0.0	  100.0	    0.0	    0.0	    0.0	    0.0	    0.0	   34.4	  1	   50.0	 1650.0	    0.0	    0.0	    0.0	1	  145.8	 21	    0.0	    5.0	
  906	  93.64	    0.0	 1500.0	    0.0	 -389.5	  991.1	    0.0	  200.0	    0.0	    0.0	    0.0	    0.0	  100.0	    0.0	    0.0	    0.0	    0.0	    0.0	   34.4	  1	   50.0	 1650.0	    0.0	    0.0	    0.0	1	  145.8	 21	    0.0	    5.0	
  907	  93.73	    0.0	 1500.0	    0.0	 -389.5	  991.1	    0.0	  200.0	    0.0	    0.0	    0.0	    0.0	  100.0	    0.0	    0.0	    0.0	    0.0	    0.0	   34.5	  1	   50.0	 1650.0	    0.0	    0.0	    0.0	1	  145.8	 21	    0.0	    5.0	
  908	  93.83	    0.0	 1500.0	    0.0	 -389.5	  991.1	    0.0	  200.0	    0.0	    0.0	    0.0	    0.0	  100.0	    0.0	    0.0	    0.0	    0.0	    0.0	   34.5	  1	   50.0	 1650.0	    0.0	    0.0	    0.0	1	  145.8	 21	    0.0	    5.0	
  909	  93.94	    0.0	 1500.0	    0.0	 -388.3	  991.6	    0.0	  200.0	    0.0	    0.0	    0.0	    0.0	  100.0	    0.0	    0.0	    0.0	    0.0	    0.0	   34.5	  1	   50.0	 1650.0	    0.0	    0.0	    0.0	1	  145.8	 21	    0.0	    5.0	
  910	  94.03	    0.0	 1500.0	    0.0	 -388.3	  991.6	    0.0	  200.0	    0.0	    0.0	    0.0	    0.0	  100.0	    0.0	    0.0	    0.0	    0.0	    0.0	   34.6	  1	   50.0	 1650.0	    0.0	    0.0	    0.0	1	  145.8	 21	    0.0	    5.0	
  911	  94.14	    0.0	 1500.0	    0.0	 -388.3	  991.6	    0.0	  200.0	    0.0	    0.0	    0.0	    0.0	  100.0	    0.0	    0.0	    0.0	    0.0	    0.0	   34.6	  1	   50.0	 1650.0	    0.0	    0.0	    0.0	1	  145.8	 21	    0.0	    5.0	
  912	  94.23	    0.0	 1500.0	    0.0	 -387.5	  993.3	    0.0	  200.0	    0.0	    0.0	    0.0	    0.0	  100.0	    0.0	    0.0	    0.0	    0.0	    0.0	   34.7	  1	   50.0	 1650.0	    0.0	    0.0	    0.0	1	  145.8	 21	    0.0	    5.0	
  913	  94.33	    0.0	 1500.0	    0.0	 -387.5	  993.3	    0.0	  200.0	    0.0	    0.0	    0.0	    0.0	  100.0	    0.0	    0.0	    0.0	    0.0	    0.0	   34.7	  1	   50.0	 1650.0	    0.0	    0.0	    0.0	1	  145.8	 21	    0.0	    5.0	
  914	  94.44	    0.0	 1500.0	    0.0	 -387.5	  993.3	    0.0	  200.0	    0.0	    0.0	    0.0	    0.0	  100.0	    0.0	    0.0	    0.0	    0.0	    0.0	   34.7	  1	   50.0	 1650.0	    0.0	    0.0	    0.0	1	  145.8	 21	    0.0	    5.0	
  915	  94.53	    0.0	 1500.0	    0.0	 -387.5	  993.3	    0.0	  200.0	    0.0	    0.0	    0.0	    0.0	  100.0	    0.0	    0.0	    0.0	    0.0	    0.0	   34.8	  1	   50.0	 1650.0	    0.0	    0.0	    0.0	1	  145.8	 21	    0.0	    5.0	
  916	  94.64	    0.0	 1500.0	    0.0	 -387.5	  993.3	    0.0	  200.0	    0.0	    0.0	    0.0	    0.0	  100.0	    0.0	    0.0	    0.0	    0.0	    0.0	   34.8	  1	   50.0	 1650.0	    0.0	    0.0	    0.0	1	  145.8	 21	    0.0	    5.0	
  917	  94.73	    0.0	 1500.0	    0.0	 -387.5	  993.3	    0.0	  200.0	    0.0	    0.0	    0.0	    0.0	  100.0	    0.0	    0.0	    0.0	    0.0	    0.0	   34.8	  1	   50.0	 1650.0	    0.0	    0.0	    0.0	1	  145.8	 21	    0.0	    5.0	
  918	  94.83	    0.0	 1500.0	    0.0	 -387.5	  993.3	    0.0	  200.0	    0.0	    0.0	    0.0	    0.0	  100.0	    0.0	    0.0	    0.0	    0.0	    0.0	   34.9	  1	   50.0	 1650.0	    0.0	    0.0	    0.0	1	  145.8	 21	    0.0	    5.0	
  919	  94.94	    0.0	 1500.0	    0.0	 -387.5	  993.3	    0.0	  200.0	    0.0	    0.0	    0.0	    0.0	  100.0	    0.0	    0.0	    0.0	    0.0	    0.0	   34.9	  1	   50.0	 1650.0	    0.0	    0.0	    0.0	1	  145.8	 21	    0.0	    5.0	
  920	  95.03	    0.0	 1500.0	    0.0	 -380.2	  987.3	    0.0	  200.0	    0.0	    0.0	    0.0	    0.0	  100.0	    0.0	    0.0	    0.0	    0.0	    0.0	   35.0	  1	   50.0	 1650.0	    0.0	    0.0	    0.0	1	  145.8	 21	    0.0	    5.0	
  921	  95.14	    0.0	 1500.0	    0.0	 -380.2	  987.3	    0.0	  200.0	    0.0	    0.0	    0.0	    0.0	  100.0	    0.0	    0.0	    0.0	    0.0	    0.0	   35.0	  1	   50.0	 1650.0	    0.0	    0.0	    0.0	1	  145.8	 21	    0.0	    5.0	
  922	  95.23	    0.0	 1500.0	    0.0	 -380.2	  987.3	    0.0	  200.0	    0.0	    0.0	    0.0	    0.0	  100.0	    0.0	    0.0	    0.0	    0.0	    0.0	   35.0	  1	   50.0	 1650.0	    0.0	    0.0	    0.0	1	  145.8	 21	    0.0	    5.0	
  923	  95.33	    0.0	 1500.0	    0.0	 -380.2	  987.3	    0.0	  200.0	    0.0	    0.0	    0.0	    0.0	  100.0	    0.0	    0.0	    0.0	    0.0	    0.0	   35.1	  1	   50.0	 1650.0	    0.0	    0.0	    0.0	1	  145.8	 21	    0.0	    5.0	
  924	  95.44	    0.0	 1500.0	    0.0	 -380.2	  987.3	    0.0	  200.0	    0.0	    0.0	    0.0	    0.0	  100.0	    0.0	    0.0	    0.0	    0.0	    0.0	   35.1	  1	   50.0	 1650.0	    0.0	    0.0	    0.0	1	  145.8	 21	    0.0	    5.0	
  925	  95.53	    0.0	 1500.0	    0.0	 -380.2	  987.3	    0.0	  200.0	    0.0	    0.0	    0.0	    0.0	  100.0	    0.0	    0.0	    0.0	    0.0	    0.0	   35.2	  1	   50.0	 1650.0	    0.0	    0.0	    0.0	1	  145.8	 21	    0.0	    5.0	
  926	  95.64	    0.0	 1500.0	    0.0	 -374.5	  992.1	    0.0	  200.0	    0.0	    0.0	    0.0	    0.0	  100.0	    0.0	    0.0	    0.0	    0.0	    0.0	   35.2	  1	   50.0	 1650.0	    0.0	    0.0	    0.0	1	  145.8	 21	    0.0	    5.0	
  927	  95.73	    0.0	 1500.0	    0.0	 -374.5	  992.1	    0.0	  200.0	    0.0	    0.0	    0.0	    0.0	  100.0	    0.0	    0.0	    0.0	    0.0	    0.0	   35.2	  1	   50.0	 1650.0	    0.0	    0.0	    0.0	1	  145.8	 21	    0.0	    5.0	
  928	  95.83	    0.0	 1500.0	    0.0	 -374.5	  992.1	    0.0	  200.0	    0.0	    0.0	    0.0	    0.0	  100.0	    0.0	    0.0	    0.0	    0.0	    0.0	   35.3	  1	   50.0	 1650.0	    0.0	    0.0	    0.0	1	  145.8	 21	    0.0	    5.0	
  929	  95.94	    0.0	 1500.0	    0.0	 -374.5	  992.1	    0.0	  200.0	    0.0	    0.0	    0.0	    0.0	  100.0	    0.0	    0.0	    0.0	    0.0	    0.0	   35.3	  1	   50.0	 1650.0	    0.0	    0.0	    0.0	1	  145.8	 21	    0.0	    5.0	
  930	  96.03	    0.0	 1500.0	    0.0	 -374.5	  992.1	    0.0	  200.0	    0.0	    0.0	    0.0	    0.0	  100.0	    0.0	    0.0	    0.0	    0.0	    0.0	   35.3	  1	   50.0	 1650.0	    0.0	    0.0	    0.0	1	  145.8	 21	    0.0	    5.0	
  931	  96.14	    0.0	 1500.0	    0.0	 -368.8	  987.0	    0.0	  200.0	    0.0	    0.0	    0.0	    0.0	  100.0	    0.0	    0.0	    0.0	    0.0	    0.0	   35.4	  1	   50.0	 1650.0	    0.0	    0.0	    0.0	1	  145.8	 21	    0.0	    5.0	
  932	  96.23	    0.0	 1500.0	    0.0	 -368.8	  987.0	    0.0	  200.0	    0.0	    0.0	    0.0	    0.0	  100.0	    0.0	    0.0	    0.0	    0.0	    0.0	   35.4	  1	   50.0	 1650.0	    0.0	    0.0	    0.0	1	  145.8	 21	    0.0	    5.0	
  933	  96.33	    0.0	 1500.0	    0.0	 -368.8	  987.0	    0.0	  200.0	    0.0	    0.0	    0.0	    0.0	  100.0	    0.0	    0.0	    0.0	    0.0	    0.0	   35.5	  1	   50.0	 1650.0	    0.0	    0.0	    0.0	1	  145.8	 21	    0.0	    5.0	
  934	  96.44	    0.0	 1500.0	    0.0	 -368.8	  987.0	    0.0	  200.0	    0.0	    0.0	    0.0	    0.0	  100.0	    0.0	    0.0	    0.0	    0.0	    0.0	   35.5	  1	   50.0	 1650.0	    0.0	    0.0	    0.0	1	  145.8	 21	    0.0	    5.0	
  935	  96.53	    0.0	 1500.0	    0.0	 -368.8	  987.0	    0.0	  200.0	    0.0	    0.0	    0.0	    0.0	  100.0	    0.0	    0.0	    0.0	    0.0	    0.0	   35.5	  1	   50.0	 1650.0	    0.0	    0.0	    0.0	1	  145.8	 21	    0.0	    5.0	
  936	  96.64	    0.0	 1500.0	    0.0	 -368.8	  987.0	    0.0	  200.0	    0.0	    0.0	    0.0	    0.0	  100.0	    0.0	    0.0	    0.0	    0.0	    0.0	   35.6	  1	   50.0	 1650.0	    0.0	    0.0	    0.0	1	  145.8	 21	    0.0	    5.0	
  937	  96.73	    0.0	 1500.0	    0.0	 -366.5	  980.1	    0.0	  200.0	    0.0	    0.0	    0.0	    0.0	  100.0	    0.0	    0.0	    0.0	    0.0	    0.0	   35.6	  1	   50.0	 1650.0	    0.0	    0.0	    0.0	1	  145.8	 21	    0.0	    5.0	
  938	  96.83	    0.0	 1500.0	    0.0	 -366.5	  980.1	    0.0	  200.0	    0.0	    0.0	    0.0	    0.0	  100.0	    0.0	    0.0	    0.0	    0.0	    0.0	   35.6	  1	   50.0	 1650.0	    0.0	    0.0	    0.0	1	  145.8	 21	    0.0	    5.0	
  939	  96.94	    0.0	 1500.0	    0.0	 -366.5	  980.1	    0.0	  200.0	    0.0	    0.0	    0.0	    0.0	  100.0	    0.0	    0.0	    0.0	    0.0	    0.0	   35.7	  1	   50.0	 1650.0	    0.0	    0.0	    0.0	1	  145.8	 21	    0.0	    5.0	
  940	  97.03	    0.0	 1500.0	    0.0	 -366.5	  980.1	    0.0	  200.0	    0.0	    0.0	    0.0	    0.0	  100.0	    0.0	    0.0	    0.0	    0.0	    0.0	   35.7	  1	   50.0	 1650.0	    0.0	    0.0	    0.0	1	  145.8	 21	    0.0	    5.0	
  941	  97.14	    0.0	 1500.0	    0.0	 -366.5	  980.1	    0.0	  200.0	    0.0	    0.0	    0.0	    0.0	  100.0	    0.0	    0.0	    0.0	    0.0	    0.0	   35.8	  1	   50.0	 1650.0	    0.0	    0.0	    0.0	1	  145.8	 21	    0.0	    5.0	
  942	  97.23	    0.0	 1500.0	    0.0	 -366.5	  980.1	    0.0	  200.0	    0.0	    0.0	    0.0	    0.0	  100.0	    0.0	    0.0	    0.0	    0.0	    0.0	   35.8	  1	   50.0	 1650.0	    0.0	    0.0	    0.0	1	  145.8	 21	    0.0	    5.0	
  943	  97.33	    0.0	 1500.0	    0.0	 -360.5	  989.0	    0.0	  200.0	    0.0	    0.0	    0.0	    0.0	  100.0	    0.0	    0.0	    0.0	    0.0	    0.0	   35.8	  1	   50.0	 1650.0	    0.0	    0.0	    0.0	1	  145.8	 21	    0.0	    5.0	
  944	  97.44	    0.0	 1500.0	    0.0	 -360.5	  989.0	    0.0	  200.0	    0.0	    0.0	    0.0	    0.0	  100.0	    0.0	    0.0	    0.0	    0.0	    0.0	   35.9	  1	   50.0	 1650.0	    0.0	    0.0	    0.0	1	  145.8	 21	    0.0	    5.0	
  945	  97.53	    0.0	 1500.0	    0.0	 -360.5	  989.0	    0.0	  200.0	    0.0	    0.0	    0.0	    0.0	  100.0	    0.0	    0.0	    0.0	    0.0	    0.0	   35.9	  1	   50.0	 1650.0	    0.0	    0.0	    0.0	1	  145.8	 21	    0.0	    5.0	
  946	  97.64	    0.0	 1500.0	    0.0	 -360.5	  989.0	    0.0	  200.0	    0.0	    0.0	    0.0	    0.0	  100.0	    0.0	    0.0	    0.0	    0.0	    0.0	   35.9	  1	   50.0	 1650.0	    0.0	    0.0	    0.0	1	  145.8	 21	    0.0	    5.0	
  947	  97.73	    0.0	 1500.0	    0.0	 -360.5	  989.0	    0.0	  200.0	    0.0	    0.0	    0.0	    0.0	  100.0	    0.0	    0.0	    0.0	    0.0	    0.0	   36.0	  1	   50.0	 1650.0	    0.0	    0.0	    0.0	1	  145.8	 21	    0.0	    5.0	
  948	  97.84	    0.0	 1500.0	    0.0	 -360.5	  989.0	    0.0	  200.0	    0.0	    0.0	    0.0	    0.0	  100.0	    0.0	    0.0	    0.0	    0.0	    0.0	   36.0	  1	   50.0	 1650.0	    0.0	    0.0	    0.0	1	  145.8	 21	    0.0	    5.0	
  949	  97.94	    0.0	 1500.0	    0.0	 -360.5	  989.0	    0.0	  200.0	    0.0	    0.0	    0.0	    0.0	  100.0	    0.0	    0.0	    0.0	    0.0	    0.0	   36.1	  1	   50.0	 1650.0	    0.0	    0.0	    0.0	1	  145.8	 21	    0.0	    5.0	
  950	  98.03	    0.0	 1500.0	    0.0	 -360.5	  989.0	    0.0	  200.0	    0.0	    0.0	    0.0	    0.0	  100.0	    0.0	    0.0	    0.0	    0.0	    0.0	   36.1	  1	   50.0	 1650.0	    0.0	    0.0	    0.0	1	  145.8	 21	    0.0	    5.0	
  951	  98.14	    0.0	 1500.0	    0.0	 -360.5	  989.0	    0.0	  200.0	    0.0	    0.0	    0.0	    0.0	  100.0	    0.0	    0.0	    0.0	    0.0	    0.0	   36.1	  1	   50.0	 1650.0	    0.0	    0.0	    0.0	1	  145.8	 21	    0.0	    5.0	
  952	  98.23	    0.0	 1500.0	    0.0	 -360.5	  989.0	    0.0	  200.0	    0.0	    0.0	    0.0	    0.0	  100.0	    0.0	    0.0	    0.0	    0.0	    0.0	   36.2	  1	   50.0	 1650.0	    0.0	    0.0	    0.0	1	  145.8	 21	    0.0	    5.0	
  953	  98.33	    0.0	 1500.0	    0.0	 -360.5	  989.0	    0.0	  200.0	    0.0	    0.0	    0.0	    0.0	  100.0	    0.0	    0.0	    0.0	    0.0	    0.0	   36.2	  1	   50.0	 1650.0	    0.0	    0.0	    0.0	1	  145.8	 21	    0.0	    5.0	
  954	  98.44	    0.0	 1500.0	    0.0	 -348.2	  980.9	    0.0	  200.0	    0.0	    0.0	    0.0	    0.0	  100.0	    0.0	    0.0	    0.0	    0.0	    0.0	   36.3	  1	   50.0	 1650.0	    0.0	    0.0	    0.0	1	  145.8	 21	    0.0	    5.0	
  955	  98.53	    0.0	 1500.0	    0.0	 -348.2	  980.9	    0.0	  200.0	    0.0	    0.0	    0.0	    0.0	  100.0	    0.0	    0.0	    0.0	    0.0	    0.0	   36.3	  1	   50.0	 1650.0	    0.0	    0.0	    0.0	1	  145.8	 21	    0.0	    5.0	
  956	  98.64	    0.0	 1500.0	    0.0	 -348.2	  980.9	    0.0	  200.0	    0.0	    0.0	    0.0	    0.0	  100.0	    0.0	    0.0	    0.0	    0.0	    0.0	   36.3	  1	   50.0	 1650.0	    0.0	    0.0	    0.0	1	  145.8	 21	    0.0	    5.0	
  957	  98.73	    0.0	 1500.0	    0.0	 -348.2	  980.9	    0.0	  200.0	    0.0	    0.0	    0.0	    0.0	  100.0	    0.0	    0.0	    0.0	    0.0	    0.0	   36.4	  1	   50.0	 1650.0	    0.0	    0.0	    0.0	1	  145.8	 21	    0.0	    5.0	
  958	  98.84	    0.0	 1500.0	    0.0	 -348.2	  980.9	    0.0	  200.0	    0.0	    0.0	    0.0	    0.0	  100.0	    0.0	    0.0	    0.0	    0.0	    0.0	   36.4	  1	   50.0	 1650.0	    0.0	    0.0	    0.0	1	  145.8	 21	    0.0	    5.0	
  959	  98.94	    0.0	 1500.0	    0.0	 -386.5	  927.4	    0.0	  200.0	    0.0	    0.0	    0.0	    0.0	  100.0	    0.0	    0.0	    0.0	    0.0	    0.0	   36.4	  1	   50.0	 1550.0	    0.0	    0.0	    0.0	1	   63.9	 21	    0.0	    5.0	
  960	  99.03	    0.0	 1500.0	    0.0	 -386.5	  927.4	    0.0	  200.0	    0.0	    0.0	    0.0	    0.0	  100.0	    0.0	    0.0	    0.0	    0.0	    0.0	   36.5	  1	   50.0	 1550.0	    0.0	    0.0	    0.0	1	   63.9	 21	    0.0	    5.0	
  961	  99.14	    0.0	 1500.0	    0.0	 -386.5	  927.4	    0.0	  200.0	    0.0	    0.0	    0.0	    0.0	  100.0	    0.0	    0.0	    0.0	    0.0	    0.0	   36.5	  1	   50.0	 1550.0	    0.0	    0.0	    0.0	1	   63.9	 21	    0.0	    5.0	
  962	  99.23	    0.0	 1500.0	    0.0	 -386.5	  927.4	    0.0	  200.0	    0.0	    0.0	    0.0	    0.0	  100.0	    0.0	    0.0	    0.0	    0.0	    0.0	   36.6	  1	   50.0	 1550.0	    0.0	    0.0	    0.0	1	   63.9	 21	    0.0	    5.0	
  963	  99.33	    0.0	 1500.0	    0.0	 -386.5	  927.4	    0.0	  200.0	    0.0	    0.0	    0.0	    0.0	  100.0	    0.0	    0.0	    0.0	    0.0	    0.0	   36.6	  1	   50.0	 1550.0	    0.0	    0.0	    0.0	1	   63.9	 21	    0.0	    5.0	
  964	  99.44	    0.0	 1500.0	    0.0	 -419.1	  903.8	    0.0	  200.0	    0.0	    0.0	    0.0	    0.0	  100.0	    0.0	    0.0	    0.0	    0.0	    0.0	   36.6	  1	   50.0	 1550.0	    0.0	    0.0	    0.0	1	   63.9	 21	    0.0	    5.0	
  965	  99.53	    0.0	 1500.0	    0.0	 -419.1	  903.8	    0.0	  200.0	    0.0	    0.0	    0.0	    0.0	  100.0	    0.0	    0.0	    0.0	    0.0	    0.0	   36.7	  1	   50.0	 1550.0	    0.0	    0.0	    0.0	1	   63.9	 21	    0.0	    5.0	
  966	  99.64	    0.0	 1500.0	    0.0	 -419.1	  903.8	    0.0	  200.0	    0.0	    0.0	    0.0	    0.0	  100.0	    0.0	    0.0	    0.0	    0.0	    0.0	   36.7	  1	   50.0	 1550.0	    0.0	    0.0	    0.0	1	   63.9	 21	    0.0	    5.0	
  967	  99.73	    0.0	 1500.0	    0.0	 -419.1	  903.8	    0.0	  200.0	    0.0	    0.0	    0.0	    0.0	  100.0	    0.0	    0.0	    0.0	    0.0	    0.0	   36.7	  1	   50.0	 1550.0	    0.0	    0.0	    0.0	1	   63.9	 21	    0.0	    5.0	
  968	  99.83	    0.0	 1500.0	    0.0	 -419.1	  903.8	    0.0	  200.0	    0.0	    0.0	    0.0	    0.0	  100.0	    0.0	    0.0	    0.0	    0.0	    0.0	   36.8	  1	   50.0	 1550.0	    0.0	    0.0	    0.0	1	   63.9	 21	    0.0	    5.0	
  969	  99.94	    0.0	 1500.0	    0.0	 -414.7	  906.0	    0.0	  200.0	    0.0	    0.0	    0.0	    0.0	  100.0	    0.0	    0.0	    0.0	    0.0	    0.0	   36.8	  1	   50.0	 1550.0	    0.0	    0.0	    0.0	1	   63.9	 21	    0.0	    5.0	
  970	 100.04	    0.0	 1500.0	    0.0	 -414.7	  906.0	    0.0	  200.0	    0.0	    0.0	    0.0	    0.0	  100.0	    0.0	    0.0	    0.0	    0.0	    0.0	   36.9	  1	   50.0	 1550.0	    0.0	    0.0	    0.0	1	   63.9	 21	    0.0	    5.0	
  971	 100.14	    0.0	 1500.0	    0.0	 -414.7	  906.0	    0.0	  200.0	    0.0	    0.0	    0.0	    0.0	  100.0	    0.0	    0.0	    0.0	    0.0	    0.0	   36.9	  1	   50.0	 1550.0	    0.0	    0.0	    0.0	1	   63.9	 21	    0.0	    5.0	
  972	 100.23	    0.0	 1500.0	    0.0	 -414.7	  906.0	    0.0	  200.0	    0.0	    0.0	    0.0	    0.0	  100.0	    0.0	    0.0	    0.0	    0.0	    0.0	   36.9	  1	   50.0	 1550.0	    0.0	    0.0	    0.0	1	   63.9	 21	    0.0	    5.0	
  973	 100.33	    0.0	 1500.0	    0.0	 -414.7	  906.0	    0.0	  200.0	    0.0	    0.0	    0.0	    0.0	  100.0	    0.0	    0.0	    0.0	    0.0	    0.0	   37.0	  1	   50.0	 1550.0	    0.0	    0.0	    0.0	1	   63.9	 21	    0.0	    5.0	
  974	 100.44	    0.0	 1500.0	    0.0	 -414.7	  906.0	    0.0	  200.0	    0.0	    0.0	    0.0	    0.0	  100.0	    0.0	    0.0	    0.0	    0.0	    0.0	   37.0	  1	   50.0	 1550.0	    0.0	    0.0	    0.0	1	   63.9	 21	    0.0	    5.0	
  975	 100.54	    0.0	 1500.0	    0.0	 -414.7	  906.0	    0.0	  200.0	    0.0	    0.0	    0.0	    0.0	  100.0	    0.0	    0.0	    0.0	    0.0	    0.0	   37.1	  1	   50.0	 1550.0	    0.0	    0.0	    0.0	1	   63.9	 21	    0.0	    5.0	
  976	 100.64	    0.0	 1500.0	    0.0	 -414.7	  906.0	    0.0	  200.0	    0.0	    0.0	    0.0	    0.0	  100.0	    0.0	    0.0	    0.0	    0.0	    0.0	   37.1	  1	   50.0	 1550.0	    0.0	    0.0	    0.0	1	   63.9	 21	    0.0	    5.0	
  977	 100.74	    0.0	 1500.0	    0.0	 -414.7	  906.0	    0.0	  200.0	    0.0	    0.0	    0.0	    0.0	  100.0	    0.0	    0.0	    0.0	    0.0	    0.0	   37.1	  1	   50.0	 1550.0	    0.0	    0.0	    0.0	1	   63.9	 21	    0.0	    5.0	
  978	 100.83	    0.0	 1500.0	    0.0	 -414.7	  906.0	    0.0	  200.0	    0.0	    0.0	    0.0	    0.0	  100.0	    0.0	    0.0	    0.0	    0.0	    0.0	   37.2	  1	   50.0	 1550.0	    0.0	    0.0	    0.0	1	   63.9	 21	    0.0	    5.0	
  979	 100.94	    0.0	 1500.0	    0.0	 -447.9	  962.8	    0.0	  200.0	    0.0	    0.0	    0.0	    0.0	  100.0	    0.0	    0.0	    0.0	    0.0	    0.0	   37.2	  1	   50.0	 1550.0	    0.0	    0.0	    0.0	1	   63.9	 21	    0.0	    5.0	
  980	 101.03	    0.0	 1500.0	    0.0	 -447.9	  962.8	    0.0	  200.0	    0.0	    0.0	    0.0	    0.0	  100.0	    0.0	    0.0	    0.0	    0.0	    0.0	   37.2	  1	   50.0	 1550.0	    0.0	    0.0	    0.0	1	   63.9	 21	    0.0	    5.0	
  981	 101.14	    0.0	 1500.0	    0.0	 -447.9	  962.8	    0.0	  200.0	    0.0	    0.0	    0.0	    0.0	  100.0	    0.0	    0.0	    0.0	    0.0	    0.0	   37.3	  1	   50.0	 1550.0	    0.0	    0.0	    0.0	1	   63.9	 21	    0.0	    5.0	
  982	 101.23	    0.0	 1500.0	    0.0	 -447.9	  962.8	    0.0	  200.0	    0.0	    0.0	    0.0	    0.0	  100.0	    0.0	    0.0	    0.0	    0.0	    0.0	   37.3	  1	   50.0	 1550.0	    0.0	    0.0	    0.0	1	   63.9	 21	    0.0	    5.0	
  983	 101.33	    0.0	 1500.0	    0.0	 -447.9	  962.8	    0.0	  200.0	    0.0	    0.0	    0.0	    0.0	  100.0	    0.0	    0.0	    0.0	    0.0	    0.0	   37.4	  1	   50.0	 1550.0	    0.0	    0.0	    0.0	1	   63.9	 21	    0.0	    5.0	
  984	 101.44	    0.0	 1500.0	    0.0	 -447.9	  962.8	    0.0	  200.0	    0.0	    0.0	    0.0	    0.0	  100.0	    0.0	    0.0	    0.0	    0.0	    0.0	   37.4	  1	   50.0	 1550.0	    0.0	    0.0	    0.0	1	   63.9	 21	    0.0	    5.0	
  985	 101.53	    0.0	 1500.0	    0.0	 -450.7	  970.3	    0.0	  200.0	    0.0	    0.0	    0.0	    0.0	  100.0	    0.0	    0.0	    0.0	    0.0	    0.0	   37.4	  1	   50.0	 1550.0	    0.0	    0.0	    0.0	1	   63.9	 21	    0.0	    5.0	
  986	 101.64	    0.0	 1500.0	    0.0	 -450.7	  970.3	    0.0	  200.0	    0.0	    0.0	    0.0	    0.0	  100.0	    0.0	    0.0	    0.0	    0.0	    0.0	   37.5	  1	   50.0	 1550.0	    0.0	    0.0	    0.0	1	   63.9	 21	    0.0	    5.0	
  987	 101.74	    0.0	 1500.0	    0.0	 -450.7	  970.3	    0.0	  200.0	    0.0	    0.0	    0.0	    0.0	  100.0	    0.0	    0.0	    0.0	    0.0	    0.0	   37.5	  1	   50.0	 1550.0	    0.0	    0.0	    0.0	1	   63.9	 21	    0.0	    5.0	
  988	 101.83	    0.0	 1500.0	    0.0	 -450.7	  970.3	    0.0	  200.0	    0.0	    0.0	    0.0	    0.0	  100.0	    0.0	    0.0	    0.0	    0.0	    0.0	   37.5	  1	   50.0	 1550.0	    0.0	    0.0	    0.0	1	   63.9	 21	    0.0	    5.0	
  989	 101.94	    0.0	 1500.0	    0.0	 -450.7	  970.3	    0.0	  200.0	    0.0	    0.0	    0.0	    0.0	  100.0	    0.0	    0.0	    0.0	    0.0	    0.0	   37.6	  1	   50.0	 1550.0	    0.0	    0.0	    0.0	1	   63.9	 21	    0.0	    5.0	
  990	 102.03	    0.0	 1500.0	    0.0	 -447.6	  965.5	    0.0	  200.0	    0.0	    0.0	    0.0	    0.0	  100.0	    0.0	    0.0	    0.0	    0.0	    0.0	   37.6	  1	   50.0	 1550.0	    0.0	    0.0	    0.0	1	   63.9	 21	    0.0	    5.0	
  991	 102.14	    0.0	 1500.0	    0.0	 -447.6	  965.5	    0.0	  200.0	    0.0	    0.0	    0.0	    0.0	  100.0	    0.0	    0.0	    0.0	    0.0	    0.0	   37.7	  1	   50.0	 1550.0	    0.0	    0.0	    0.0	1	   63.9	 21	    0.0	    5.0	
  992	 102.23	    0.0	 1500.0	    0.0	 -447.6	  965.5	    0.0	  200.0	    0.0	    0.0	    0.0	    0.0	  100.0	    0.0	    0.0	    0.0	    0.0	    0.0	   37.7	  1	   50.0	 1550.0	    0.0	    0.0	    0.0	1	   63.9	 21	    0.0	    5.0	
  993	 102.34	    0.0	 1500.0	    0.0	 -447.6	  965.5	    0.0	  200.0	    0.0	    0.0	    0.0	    0.0	  100.0	    0.0	    0.0	    0.0	    0.0	    0.0	   37.7	  1	   50.0	 1550.0	    0.0	    0.0	    0.0	1	   63.9	 21	    0.0	    5.0	
  994	 102.44	    0.0	 1500.0	    0.0	 -447.6	  965.5	    0.0	  200.0	    0.0	    0.0	    0.0	    0.0	  100.0	    0.0	    0.0	    0.0	    0.0	    0.0	   37.8	  1	   50.0	 1550.0	    0.0	    0.0	    0.0	1	   63.9	 21	    0.0	    5.0	
  995	 102.54	    0.0	 1500.0	    0.0	 -447.6	  965.5	    0.0	  200.0	    0.0	    0.0	    0.0	    0.0	  100.0	    0.0	    0.0	    0.0	    0.0	    0.0	   37.8	  1	   50.0	 1550.0	    0.0	    0.0	    0.0	1	   63.9	 21	    0.0	    5.0	
  996	 102.64	    0.0	 1500.0	    0.0	 -447.6	  965.5	    0.0	  200.0	    0.0	    0.0	    0.0	    0.0	  100.0	    0.0	    0.0	    0.0	    0.0	    0.0	   37.8	  1	   50.0	 1550.0	    0.0	    0.0	    0.0	1	   63.9	 21	    0.0	    5.0	
  997	 102.73	    0.0	 1500.0	    0.0	 -447.6	  965.5	    0.0	  200.0	    0.0	    0.0	    0.0	    0.0	  100.0	    0.0	    0.0	    0.0	    0.0	    0.0	   37.9	  1	   50.0	 1550.0	    0.0	    0.0	    0.0	1	   63.9	 21	    0.0	    5.0	
  998	 102.83	    0.0	 1500.0	    0.0	 -447.6	  965.5	    0.0	  200.0	    0.0	    0.0	    0.0	    0.0	  100.0	    0.0	    0.0	    0.0	    0.0	    0.0	   37.9	  1	   50.0	 1550.0	    0.0	    0.0	    0.0	1	   63.9	 21	    0.0	    5.0	
  999	 102.94	    0.0	 1500.0	    0.0	 -411.2	  925.9	    0.0	  200.0	    0.0	    0.0	    0.0	    0.0	  100.0	    0.0	    0.0	    0.0	    0.0	    0.0	   38.0	  1	   50.0	 1550.0	    0.0	    0.0	    0.0	1	   63.9	 21	    0.0	    5.0	
 1000	 103.03	    0.0	 1500.0	    0.0	 -411.2	  925.9	    0.0	  200.0	    0.0	    0.0	    0.0	    0.0	  100.0	    0.0	    0.0	    0.0	    0.0	    0.0	   38.0	  1	   50.0	 1550.0	    0.0	    0.0	    0.0	1	   63.9	 21	    0.0	    5.0	
 1001	 103.14	    0.0	 1500.0	    0.0	 -412.8	  922.0	    0.0	  200.0	    0.0	    0.0	    0.0	    0.0	  100.0	    0.0	    0.0	    0.0	    0.0	    0.0	   38.0	  1	   50.0	 1550.0	    0.0	    0.0	    0.0	1	   63.9	 21	    0.0	    5.0	
 1002	 103.23	    0.0	 1500.0	    0.0	 -412.8	  922.0	    0.0	  200.0	    0.0	    0.0	    0.0	    0.0	  100.0	    0.0	    0.0	    0.0	    0.0	    0.0	   38.1	  1	   50.0	 1550.0	    0.0	    0.0	    0.0	1	   63.9	 21	    0.0	    5.0	
 1003	 103.34	    0.0	 1500.0	    0.0	 -412.8	  922.0	    0.0	  200.0	    0.0	    0.0	    0.0	    0.0	  100.0	    0.0	    0.0	    0.0	    0.0	    0.0	   38.1	  1	   50.0	 1550.0	    0.0	    0.0	    0.0	1	   63.9	 21	    0.0	    5.0	
 1004	 103.44	    0.0	 1500.0	    0.0	 -412.8	  922.0	    0.0	  200.0	    0.0	    0.0	    0.0	    0.0	  100.0	    0.0	    0.0	    0.0	    0.0	    0.0	   38.2	  1	   50.0	 1550.0	    0.0	    0.0	    0.0	1	   63.9	 21	    0.0	    5.0	
 1005	 103.53	    0.0	 1500.0	    0.0	 -412.8	  922.0	    0.0	  200.0	    0.0	    0.0	    0.0	    0.0	  100.0	    0.0	    0.0	    0.0	    0.0	    0.0	   38.2	  1	   50.0	 1550.0	    0.0	    0.0	    0.0	1	   63.9	 21	    0.0	    5.0	
 1006	 103.64	    0.0	 1500.0	    0.0	 -415.8	  917.5	    0.0	  200.0	    0.0	    0.0	    0.0	    0.0	  100.0	    0.0	    0.0	    0.0	    0.0	    0.0	   38.2	  1	   50.0	 1550.0	    0.0	    0.0	    0.0	1	   63.9	 21	    0.0	    5.0	
 1007	 103.73	    0.0	 1500.0	    0.0	 -415.8	  917.5	    0.0	  200.0	    0.0	    0.0	    0.0	    0.0	  100.0	    0.0	    0.0	    0.0	    0.0	    0.0	   38.3	  1	   50.0	 1550.0	    0.0	    0.0	    0.0	1	   63.9	 21	    0.0	    5.0	
 1008	 103.83	    0.0	 1500.0	    0.0	 -415.8	  917.5	    0.0	  200.0	    0.0	    0.0	    0.0	    0.0	  100.0	    0.0	    0.0	    0.0	    0.0	    0.0	   38.3	  1	   50.0	 1550.0	    0.0	    0.0	    0.0	1	   63.9	 21	    0.0	    5.0	
 1009	 103.94	    0.0	 1500.0	    0.0	 -415.8	  917.5	    0.0	  200.0	    0.0	    0.0	    0.0	    0.0	  100.0	    0.0	    0.0	    0.0	    0.0	    0.0	   38.3	  1	   50.0	 1550.0	    0.0	    0.0	    0.0	1	   63.9	 21	    0.0	    5.0	
 1010	 104.03	    0.0	 1500.0	    0.0	 -415.8	  917.5	    0.0	  200.0	    0.0	    0.0	    0.0	    0.0	  100.0	    0.0	    0.0	    0.0	    0.0	    0.0	   38.4	  1	   50.0	 1550.0	    0.0	    0.0	    0.0	1	   63.9	 21	    0.0	    5.0	
 1011	 104.14	    0.0	 1500.0	    0.0	 -415.8	  917.5	    0.0	  200.0	    0.0	    0.0	    0.0	    0.0	  100.0	    0.0	    0.0	    0.0	    0.0	    0.0	   38.4	  1	   50.0	 1550.0	    0.0	    0.0	    0.0	1	   63.9	 21	    0.0	    5.0	
 1012	 104.23	    0.0	 1500.0	    0.0	 -425.1	  922.5	    0.0	  200.0	    0.0	    0.0	    0.0	    0.0	  100.0	    0.0	    0.0	    0.0	    0.0	    0.0	   38.5	  1	   50.0	 1550.0	    0.0	    0.0	    0.0	1	   63.9	 21	    0.0	    5.0	
 1013	 104.33	    0.0	 1500.0	    0.0	 -425.1	  922.5	    0.0	  200.0	    0.0	    0.0	    0.0	    0.0	  100.0	    0.0	    0.0	    0.0	    0.0	    0.0	   38.5	  1	   50.0	 1550.0	    0.0	    0.0	    0.0	1	   63.9	 21	    0.0	    5.0	
 1014	 104.44	    0.0	 1500.0	    0.0	 -425.1	  922.5	    0.0	  200.0	    0.0	    0.0	    0.0	    0.0	  100.0	    0.0	    0.0	    0.0	    0.0	    0.0	   38.5	  1	   50.0	 1550.0	    0.0	    0.0	    0.0	1	   63.9	 21	    0.0	    5.0	
 1015	 104.53	    0.0	 1500.0	    0.0	 -425.1	  922.5	    0.0	  200.0	    0.0	    0.0	    0.0	    0.0	  100.0	    0.0	    0.0	    0.0	    0.0	    0.0	   38.6	  1	   50.0	 1550.0	    0.0	    0.0	    0.0	1	   63.9	 21	    0.0	    5.0	
 1016	 104.64	    0.0	 1500.0	    0.0	 -425.1	  922.5	    0.0	  200.0	    0.0	    0.0	    0.0	    0.0	  100.0	    0.0	    0.0	    0.0	    0.0	    0.0	   38.6	  1	   50.0	 1550.0	    0.0	    0.0	    0.0	1	   63.9	 21	    0.0	    5.0	
 1017	 104.73	    0.0	 1500.0	    0.0	 -446.1	  932.1	    0.0	  200.0	    0.0	    0.0	    0.0	    0.0	  100.0	    0.0	    0.0	    0.0	    0.0	    0.0	   38.6	  1	   50.0	 1550.0	    0.0	    0.0	    0.0	1	   63.9	 21	    0.0	    5.0	
 1018	 104.84	    0.0	 1500.0	    0.0	 -446.1	  932.1	    0.0	  200.0	    0.0	    0.0	    0.0	    0.0	  100.0	    0.0	    0.0	    0.0	    0.0	    0.0	   38.7	  1	   50.0	 1550.0	    0.0	    0.0	    0.0	1	   63.9	 21	    0.0	    5.0	
 1019	 104.94	    0.0	 1500.0	    0.0	 -446.1	  932.1	    0.0	  200.0	    0.0	    0.0	    0.0	    0.0	  100.0	    0.0	    0.0	    0.0	    0.0	    0.0	   38.7	  1	   50.0	 1550.0	    0.0	    0.0	    0.0	1	   63.9	 21	    0.0	    5.0	
 1020	 105.04	    0.0	 1500.0	    0.0	 -446.1	  932.1	    0.0	  200.0	    0.0	    0.0	    0.0	    0.0	  100.0	    0.0	    0.0	    0.0	    0.0	    0.0	   38.8	  1	   50.0	 1550.0	    0.0	    0.0	    0.0	1	   63.9	 21	    0.0	    5.0	
 1021	 105.14	    0.0	 1500.0	    0.0	 -446.1	  932.1	    0.0	  200.0	    0.0	    0.0	    0.0	    0.0	  100.0	    0.0	    0.0	    0.0	    0.0	    0.0	   38.8	  1	   50.0	 1550.0	    0.0	    0.0	    0.0	1	   63.9	 21	    0.0	    5.0	
 1022	 105.24	    0.0	 1500.0	    0.0	 -446.1	  932.1	    0.0	  200.0	    0.0	    0.0	    0.0	    0.0	  100.0	    0.0	    0.0	    0.0	    0.0	    0.0	   38.8	  1	   50.0	 1550.0	    0.0	    0.0	    0.0	1	   63.9	 21	    0.0	    5.0	
 1023	 105.34	    0.0	 1500.0	    0.0	 -452.0	  957.2	    0.0	  200.0	    0.0	    0.0	    0.0	    0.0	  100.0	    0.0	    0.0	    0.0	    0.0	    0.0	   38.9	  1	   50.0	 1550.0	    0.0	    0.0	    0.0	1	   63.9	 21	    0.0	    5.0	
 1024	 105.44	    0.0	 1500.0	    0.0	 -452.0	  957.2	    0.0	  200.0	    0.0	    0.0	    0.0	    0.0	  100.0	    0.0	    0.0	    0.0	    0.0	    0.0	   38.9	  1	   50.0	 1550.0	    0.0	    0.0	    0.0	1	   63.9	 21	    0.0	    5.0	
 1025	 105.54	    0.0	 1500.0	    0.0	 -452.0	  957.2	    0.0	  200.0	    0.0	    0.0	    0.0	    0.0	  100.0	    0.0	    0.0	    0.0	    0.0	    0.0	   39.0	  1	   50.0	 1550.0	    0.0	    0.0	    0.0	1	   63.9	 21	    0.0	    5.0	
 1026	 105.64	    0.0	 1500.0	    0.0	 -452.0	  957.2	    0.0	  200.0	    0.0	    0.0	    0.0	    0.0	  100.0	    0.0	    0.0	    0.0	    0.0	    0.0	   39.0	  1	   50.0	 1550.0	    0.0	    0.0	    0.0	1	   63.9	 21	    0.0	    5.0	
 1027	 105.73	    0.0	 1500.0	    0.0	 -452.7	  953.6	    0.0	  200.0	    0.0	    0.0	    0.0	    0.0	  100.0	    0.0	    0.0	    0.0	    0.0	    0.0	   39.0	  1	   50.0	 1550.0	    0.0	    0.0	    0.0	1	   63.9	 21	    0.0	    5.0	
 1028	 105.83	    0.0	 1500.0	    0.0	 -452.7	  953.6	    0.0	  200.0	    0.0	    0.0	    0.0	    0.0	  100.0	    0.0	    0.0	    0.0	    0.0	    0.0	   39.1	  1	   50.0	 1550.0	    0.0	    0.0	    0.0	1	   63.9	 21	    0.0	    5.0	
 1029	 105.94	    0.0	 1500.0	    0.0	 -452.7	  953.6	    0.0	  200.0	    0.0	    0.0	    0.0	    0.0	  100.0	    0.0	    0.0	    0.0	    0.0	    0.0	   39.1	  1	   50.0	 1550.0	    0.0	    0.0	    0.0	1	   63.9	 21	    0.0	    5.0	
 1030	 106.03	    0.0	 1500.0	    0.0	 -452.7	  953.6	    0.0	  200.0	    0.0	    0.0	    0.0	    0.0	  100.0	    0.0	    0.0	    0.0	    0.0	    0.0	   39.1	  1	   50.0	 1550.0	    0.0	    0.0	    0.0	1	   63.9	 21	    0.0	    5.0	
 1031	 106.14	    0.0	 1500.0	    0.0	 -452.7	  953.6	    0.0	  200.0	    0.0	    0.0	    0.0	    0.0	  100.0	    0.0	    0.0	    0.0	    0.0	    0.0	   39.2	  1	   50.0	 1550.0	    0.0	    0.0	    0.0	1	   63.9	 21	    0.0	    5.0	
 1032	 106.23	    0.0	 1500.0	    0.0	 -643.3	  924.3	    0.0	  200.0	    0.0	    0.0	    0.0	    0.0	  100.0	    0.0	    0.0	    0.0	    0.0	    0.0	   39.2	  1	  -50.0	 1550.0	    0.0	    0.0	    0.0	1	   68.6	 21	    0.0	    5.0	
 1033	 106.34	    0.0	 1500.0	    0.0	 -643.3	  924.3	    0.0	  200.0	    0.0	    0.0	    0.0	    0.0	  100.0	    0.0	    0.0	    0.0	    0.0	    0.0	   39.3	  1	  -50.0	 1550.0	    0.0	    0.0	    0.0	1	   68.6	 21	    0.0	    5.0	
 1034	 106.44	    0.0	 1500.0	    0.0	 -643.3	  924.3	    0.0	  200.0	    0.0	    0.0	    0.0	    0.0	  100.0	    0.0	    0.0	    0.0	    0.0	    0.0	   39.3	  1	  -50.0	 1550.0	    0.0	    0.0	    0.0	1	   68.6	 21	    0.0	    5.0	
 1035	 106.54	    0.0	 1500.0	    0.0	 -643.3	  924.3	    0.0	  200.0	    0.0	    0.0	    0.0	    0.0	  100.0	    0.0	    0.0	    0.0	    0.0	    0.0	   39.3	  1	  -50.0	 1550.0	    0.0	    0.0	    0.0	1	   68.6	 21	    0.0	    5.0	
 1036	 106.64	    0.0	 1500.0	    0.0	 -643.3	  924.3	    0.0	  200.0	    0.0	    0.0	    0.0	    0.0	  100.0	    0.0	    0.0	    0.0	    0.0	    0.0	   39.4	  1	  -50.0	 1550.0	    0.0	    0.0	    0.0	1	   68.6	 21	    0.0	    5.0	
 1037	 106.74	    0.0	 1500.0	    0.0	 -643.3	  924.3	    0.0	  200.0	    0.0	    0.0	    0.0	    0.0	  100.0	    0.0	    0.0	    0.0	    0.0	    0.0	   39.4	  1	  -50.0	 1550.0	    0.0	    0.0	    0.0	1	   68.6	 21	    0.0	    5.0	
 1038	 106.83	    0.0	 1500.0	    0.0	 -604.0	  887.5	    0.0	  200.0	    0.0	    0.0	    0.0	    0.0	  100.0	    0.0	    0.0	    0.0	    0.0	    0.0	   39.4	  1	  -50.0	 1550.0	    0.0	    0.0	    0.0	1	   68.6	 21	    0.0	    5.0	
 1039	 106.94	    0.0	 1500.0	    0.0	 -604.0	  887.5	    0.0	  200.0	    0.0	    0.0	    0.0	    0.0	  100.0	    0.0	    0.0	    0.0	    0.0	    0.0	   39.5	  1	  -50.0	 1550.0	    0.0	    0.0	    0.0	1	   68.6	 21	    0.0	    5.0	
 1040	 107.03	    0.0	 1500.0	    0.0	 -604.0	  887.5	    0.0	  200.0	    0.0	    0.0	    0.0	    0.0	  100.0	    0.0	    0.0	    0.0	    0.0	    0.0	   39.5	  1	  -50.0	 1550.0	    0.0	    0.0	    0.0	1	   68.6	 21	    0.0	    5.0	
 1041	 107.14	    0.0	 1500.0	    0.0	 -604.0	  887.5	    0.0	  200.0	    0.0	    0.0	    0.0	    0.0	  100.0	    0.0	    0.0	    0.0	    0.0	    0.0	   39.6	  1	  -50.0	 1550.0	    0.0	    0.0	    0.0	1	   68.6	 21	    0.0	    5.0	
 1042	 107.23	    0.0	 1500.0	    0.0	 -604.0	  887.5	    0.0	  200.0	    0.0	    0.0	    0.0	    0.0	  100.0	    0.0	    0.0	    0.0	    0.0	    0.0	   39.6	  1	  -50.0	 1550.0	    0.0	    0.0	    0.0	1	   68.6	 21	    0.0	    5.0	
 1043	 107.33	    0.0	 1500.0	    0.0	 -586.1	  874.7	    0.0	  200.0	    0.0	    0.0	    0.0	    0.0	  100.0	    0.0	    0.0	    0.0	    0.0	    0.0	   39.6	  1	  -50.0	 1550.0	    0.0	    0.0	    0.0	1	   68.6	 21	    0.0	    5.0	
 1044	 107.44	    0.0	 1500.0	    0.0	 -586.1	  874.7	    0.0	  200.0	    0.0	    0.0	    0.0	    0.0	  100.0	    0.0	    0.0	    0.0	    0.0	    0.0	   39.7	  1	  -50.0	 1550.0	    0.0	    0.0	    0.0	1	   68.6	 21	    0.0	    5.0	
 1045	 107.53	    0.0	 1500.0	    0.0	 -586.1	  874.7	    0.0	  200.0	    0.0	    0.0	    0.0	    0.0	  100.0	    0.0	    0.0	    0.0	    0.0	    0.0	   39.7	  1	  -50.0	 1550.0	    0.0	    0.0	    0.0	1	   68.6	 21	    0.0	    5.0	
 1046	 107.64	    0.0	 1500.0	    0.0	 -586.1	  874.7	    0.0	  200.0	    0.0	    0.0	    0.0	    0.0	  100.0	    0.0	    0.0	    0.0	    0.0	    0.0	   39.7	  1	  -50.0	 1550.0	    0.0	    0.0	    0.0	1	   68.6	 21	    0.0	    5.0	
 1047	 107.73	    0.0	 1500.0	    0.0	 -586.1	  874.7	    0.0	  200.0	    0.0	    0.0	    0.0	    0.0	  100.0	    0.0	    0.0	    0.0	    0.0	    0.0	   39.8	  1	  -50.0	 1550.0	    0.0	    0.0	    0.0	1	   68.6	 21	    0.0	    5.0	
 1048	 107.83	    0.0	 1500.0	    0.0	 -586.1	  874.7	    0.0	  200.0	    0.0	    0.0	    0.0	    0.0	  100.0	    0.0	    0.0	    0.0	    0.0	    0.0	   39.8	  1	  -50.0	 1550.0	    0.0	    0.0	    0.0	1	   68.6	 21	    0.0	    5.0	
 1049	 107.94	    0.0	 1500.0	    0.0	 -586.1	  874.7	    0.0	  200.0	    0.0	    0.0	    0.0	    0.0	  100.0	    0.0	    0.0	    0.0	    0.0	    0.0	   39.9	  1	  -50.0	 1550.0	    0.0	    0.0	    0.0	1	   68.6	 21	    0.0	    5.0	
 1050	 108.03	    0.0	 1500.0	    0.0	 -589.5	  899.5	    0.0	  200.0	    0.0	    0.0	    0.0	    0.0	  100.0	    0.0	    0.0	    0.0	    0.0	    0.0	   39.9	  1	  -50.0	 1550.0	    0.0	    0.0	    0.0	1	   68.6	 21	    0.0	    5.0	
 1051	 108.14	    0.0	 1500.0	    0.0	 -589.5	  899.5	    0.0	  200.0	    0.0	    0.0	    0.0	    0.0	  100.0	    0.0	    0.0	    0.0	    0.0	    0.0	   39.9	  1	  -50.0	 1550.0	    0.0	    0.0	    0.0	1	   68.6	 21	    0.0	    5.0	
 1052	 108.23	    0.0	 1500.0	    0.0	 -589.5	  899.5	    0.0	  200.0	    0.0	    0.0	    0.0	    0.0	  100.0	    0.0	    0.0	    0.0	    0.0	    0.0	   40.0	  1	  -50.0	 1550.0	    0.0	    0.0	    0.0	1	   68.6	 21	    0.0	    5.0	
 1053	 108.33	    0.0	 1500.0	    0.0	 -589.5	  899.5	    0.0	  200.0	    0.0	    0.0	    0.0	    0.0	  100.0	    0.0	    0.0	    0.0	    0.0	    0.0	   40.0	  1	  -50.0	 1550.0	    0.0	    0.0	    0.0	1	   68.6	 21	    0.0	    5.0	
 1054	 108.44	    0.0	 1500.0	    0.0	 -589.5	  899.5	    0.0	  200.0	    0.0	    0.0	    0.0	    0.0	  100.0	    0.0	    0.0	    0.0	    0.0	    0.0	   40.1	  1	  -50.0	 1550.0	    0.0	    0.0	    0.0	1	   68.6	 21	    0.0	    5.0	
 1055	 108.53	    0.0	 1500.0	    0.0	 -589.5	  899.5	    0.0	  200.0	    0.0	    0.0	    0.0	    0.0	  100.0	    0.0	    0.0	    0.0	    0.0	    0.0	   40.1	  1	  -50.0	 1550.0	    0.0	    0.0	    0.0	1	   68.6	 21	    0.0	    5.0	
 1056	 108.64	    0.0	 1500.0	    0.0	 -589.5	  899.5	    0.0	  200.0	    0.0	    0.0	    0.0	    0.0	  100.0	    0.0	    0.0	    0.0	    0.0	    0.0	   40.1	  1	  -50.0	 1550.0	    0.0	    0.0	    0.0	1	   68.6	 21	    0.0	    5.0	
 1057	 108.74	    0.0	 1500.0	    0.0	 -589.5	  899.5	    0.0	  200.0	    0.0	    0.0	    0.0	    0.0	  100.0	    0.0	    0.0	    0.0	    0.0	    0.0	   40.2	  1	  -50.0	 1550.0	    0.0	    0.0	    0.0	1	   68.6	 21	    0.0	    5.0	
 1058	 108.83	    0.0	 1500.0	    0.0	 -615.1	  898.9	    0.0	  200.0	    0.0	    0.0	    0.0	    0.0	  100.0	    0.0	    0.0	    0.0	    0.0	    0.0	   40.2	  1	  -50.0	 1550.0	    0.0	    0.0	    0.0	1	   68.6	 21	    0.0	    5.0	
 1059	 108.94	    0.0	 1500.0	    0.0	 -615.1	  898.9	    0.0	  200.0	    0.0	    0.0	    0.0	    0.0	  100.0	    0.0	    0.0	    0.0	    0.0	    0.0	   40.2	  1	  -50.0	 1550.0	    0.0	    0.0	    0.0	1	   68.6	 21	    0.0	    5.0	
 1060	 109.03	    0.0	 1500.0	    0.0	 -615.1	  898.9	    0.0	  200.0	    0.0	    0.0	    0.0	    0.0	  100.0	    0.0	    0.0	    0.0	    0.0	    0.0	   40.3	  1	  -50.0	 1550.0	    0.0	    0.0	    0.0	1	   68.6	 21	    0.0	    5.0	
 1061	 109.14	    0.0	 1500.0	    0.0	 -615.1	  898.9	    0.0	  200.0	    0.0	    0.0	    0.0	    0.0	  100.0	    0.0	    0.0	    0.0	    0.0	    0.0	   40.3	  1	  -50.0	 1550.0	    0.0	    0.0	    0.0	1	   68.6	 21	    0.0	    5.0	
 1062	 109.23	    0.0	 1500.0	    0.0	 -615.1	  898.9	    0.0	  200.0	    0.0	    0.0	    0.0	    0.0	  100.0	    0.0	    0.0	    0.0	    0.0	    0.0	   40.4	  1	  -50.0	 1550.0	    0.0	    0.0	    0.0	1	   68.6	 21	    0.0	    5.0	
 1063	 109.34	    0.0	 1500.0	    0.0	 -616.3	  910.8	    0.0	  200.0	    0.0	    0.0	    0.0	    0.0	  100.0	    0.0	    0.0	    0.0	    0.0	    0.0	   40.4	  1	  -50.0	 1550.0	    0.0	    0.0	    0.0	1	   68.6	 21	    0.0	    5.0	
 1064	 109.44	    0.0	 1500.0	    0.0	 -616.3	  910.8	    0.0	  200.0	    0.0	    0.0	    0.0	    0.0	  100.0	    0.0	    0.0	    0.0	    0.0	    0.0	   40.4	  1	  -50.0	 1550.0	    0.0	    0.0	    0.0	1	   68.6	 21	    0.0	    5.0	
 1065	 109.53	    0.0	 1500.0	    0.0	 -616.3	  910.8	    0.0	  200.0	    0.0	    0.0	    0.0	    0.0	  100.0	    0.0	    0.0	    0.0	    0.0	    0.0	   40.5	  1	  -50.0	 1550.0	    0.0	    0.0	    0.0	1	   68.6	 21	    0.0	    5.0	
 1066	 109.64	    0.0	 1500.0	    0.0	 -616.3	  910.8	    0.0	  200.0	    0.0	    0.0	    0.0	    0.0	  100.0	    0.0	    0.0	    0.0	    0.0	    0.0	   40.5	  1	  -50.0	 1550.0	    0.0	    0.0	    0.0	1	   68.6	 21	    0.0	    5.0	
 1067	 109.73	    0.0	 1500.0	    0.0	 -616.3	  910.8	    0.0	  200.0	    0.0	    0.0	    0.0	    0.0	  100.0	    0.0	    0.0	    0.0	    0.0	    0.0	   40.5	  1	  -50.0	 1550.0	    0.0	    0.0	    0.0	1	   68.6	 21	    0.0	    5.0	
 1068	 109.83	    0.0	 1500.0	    0.0	 -616.3	  910.8	    0.0	  200.0	    0.0	    0.0	    0.0	    0.0	  100.0	    0.0	    0.0	    0.0	    0.0	    0.0	   40.6	  1	  -50.0	 1550.0	    0.0	    0.0	    0.0	1	   68.6	 21	    0.0	    5.0	
 1069	 109.94	    0.0	 1500.0	    0.0	 -614.2	  910.3	    0.0	  200.0	    0.0	    0.0	    0.0	    0.0	  100.0	    0.0	    0.0	    0.0	    0.0	    0.0	   40.6	  1	  -50.0	 1550.0	    0.0	    0.0	    0.0	1	   68.6	 21	    0.0	    5.0	
 1070	 110.03	    0.0	 1500.0	    0.0	 -614.2	  910.3	    0.0	  200.0	    0.0	    0.0	    0.0	    0.0	  100.0	    0.0	    0.0	    0.0	    0.0	    0.0	   40.7	  1	  -50.0	 1550.0	    0.0	    0.0	    0.0	1	   68.6	 21	    0.0	    5.0	
 1071	 110.14	    0.0	 1500.0	    0.0	 -614.2	  910.3	    0.0	  200.0	    0.0	    0.0	    0.0	    0.0	  100.0	    0.0	    0.0	    0.0	    0.0	    0.0	   40.7	  1	  -50.0	 1550.0	    0.0	    0.0	    0.0	1	   68.6	 21	    0.0	    5.0	
 1072	 110.23	    0.0	 1500.0	    0.0	 -614.2	  910.3	    0.0	  200.0	    0.0	    0.0	    0.0	    0.0	  100.0	    0.0	    0.0	    0.0	    0.0	    0.0	   40.7	  1	  -50.0	 1550.0	    0.0	    0.0	    0.0	1	   68.6	 21	    0.0	    5.0	
 1073	 110.34	    0.0	 1500.0	    0.0	 -614.2	  910.3	    0.0	  200.0	    0.0	    0.0	    0.0	    0.0	  100.0	    0.0	    0.0	    0.0	    0.0	    0.0	   40.8	  1	  -50.0	 1550.0	    0.0	    0.0	    0.0	1	   68.6	 21	    0.0	    5.0	
 1074	 110.44	    0.0	 1500.0	    0.0	 -614.2	  910.3	    0.0	  200.0	    0.0	    0.0	    0.0	    0.0	  100.0	    0.0	    0.0	    0.0	    0.0	    0.0	   40.8	  1	  -50.0	 1550.0	    0.0	    0.0	    0.0	1	   68.6	 21	    0.0	    5.0	
 1075	 110.53	    0.0	 1500.0	    0.0	 -614.2	  910.3	    0.0	  200.0	    0.0	    0.0	    0.0	    0.0	  100.0	    0.0	    0.0	    0.0	    0.0	    0.0	   40.9	  1	  -50.0	 1550.0	    0.0	    0.0	    0.0	1	   68.6	 21	    0.0	    5.0	
 1076	 110.64	    0.0	 1500.0	    0.0	 -616.0	  911.4	    0.0	  200.0	    0.0	    0.0	    0.0	    0.0	  100.0	    0.0	    0.0	    0.0	    0.0	    0.0	   40.9	  1	  -50.0	 1550.0	    0.0	    0.0	    0.0	1	   68.6	 21	    0.0	    5.0	
 1077	 110.73	    0.0	 1500.0	    0.0	 -616.0	  911.4	    0.0	  200.0	    0.0	    0.0	    0.0	    0.0	  100.0	    0.0	    0.0	    0.0	    0.0	    0.0	   40.9	  1	  -50.0	 1550.0	    0.0	    0.0	    0.0	1	   68.6	 21	    0.0	    5.0	
 1078	 110.83	    0.0	 1500.0	    0.0	 -616.0	  911.4	    0.0	  200.0	    0.0	    0.0	    0.0	    0.0	  100.0	    0.0	    0.0	    0.0	    0.0	    0.0	   41.0	  1	  -50.0	 1550.0	    0.0	    0.0	    0.0	1	   68.6	 21	    0.0	    5.0	
 1079	 110.94	    0.0	 1500.0	    0.0	 -616.0	  911.4	    0.0	  200.0	    0.0	    0.0	    0.0	    0.0	  100.0	    0.0	    0.0	    0.0	    0.0	    0.0	   41.0	  1	  -50.0	 1550.0	    0.0	    0.0	    0.0	1	   68.6	 21	    0.0	    5.0	
 1080	 111.03	    0.0	 1500.0	    0.0	 -616.0	  911.4	    0.0	  200.0	    0.0	    0.0	    0.0	    0.0	  100.0	    0.0	    0.0	    0.0	    0.0	    0.0	   41.0	  1	  -50.0	 1550.0	    0.0	    0.0	    0.0	1	   68.6	 21	    0.0	    5.0	
 1081	 111.14	    0.0	 1500.0	    0.0	 -613.5	  902.3	    0.0	  200.0	    0.0	    0.0	    0.0	    0.0	  100.0	    0.0	    0.0	    0.0	    0.0	    0.0	   41.1	  1	  -50.0	 1550.0	    0.0	    0.0	    0.0	1	   68.6	 21	    0.0	    5.0	
 1082	 111.23	    0.0	 1500.0	    0.0	 -613.5	  902.3	    0.0	  200.0	    0.0	    0.0	    0.0	    0.0	  100.0	    0.0	    0.0	    0.0	    0.0	    0.0	   41.1	  1	  -50.0	 1550.0	    0.0	    0.0	    0.0	1	   68.6	 21	    0.0	    5.0	
 1083	 111.34	    0.0	 1500.0	    0.0	 -613.5	  902.3	    0.0	  200.0	    0.0	    0.0	    0.0	    0.0	  100.0	    0.0	    0.0	    0.0	    0.0	    0.0	   41.2	  1	  -50.0	 1550.0	    0.0	    0.0	    0.0	1	   68.6	 21	    0.0	    5.0	
 1084	 111.44	    0.0	 1500.0	    0.0	 -613.5	  902.3	    0.0	  200.0	    0.0	    0.0	    0.0	    0.0	  100.0	    0.0	    0.0	    0.0	    0.0	    0.0	   41.2	  1	  -50.0	 1550.0	    0.0	    0.0	    0.0	1	   68.6	 21	    0.0	    5.0	
 1085	 111.53	    0.0	 1500.0	    0.0	 -613.5	  902.3	    0.0	  200.0	    0.0	    0.0	    0.0	    0.0	  100.0	    0.0	    0.0	    0.0	    0.0	    0.0	   41.2	  1	  -50.0	 1550.0	    0.0	    0.0	    0.0	1	   68.6	 21	    0.0	    5.0	
 1086	 111.64	    0.0	 1500.0	    0.0	 -607.4	  900.4	    0.0	  200.0	    0.0	    0.0	    0.0	    0.0	  100.0	    0.0	    0.0	    0.0	    0.0	    0.0	   41.3	  1	  -50.0	 1550.0	    0.0	    0.0	    0.0	1	   68.6	 21	    0.0	    5.0	
 1087	 111.73	    0.0	 1500.0	    0.0	 -607.4	  900.4	    0.0	  200.0	    0.0	    0.0	    0.0	    0.0	  100.0	    0.0	    0.0	    0.0	    0.0	    0.0	   41.3	  1	  -50.0	 1550.0	    0.0	    0.0	    0.0	1	   68.6	 21	    0.0	    5.0	
 1088	 111.83	    0.0	 1500.0	    0.0	 -607.4	  900.4	    0.0	  200.0	    0.0	    0.0	    0.0	    0.0	  100.0	    0.0	    0.0	    0.0	    0.0	    0.0	   41.3	  1	  -50.0	 1550.0	    0.0	    0.0	    0.0	1	   68.6	 21	    0.0	    5.0	
 1089	 111.94	    0.0	 1500.0	    0.0	 -607.4	  900.4	    0.0	  200.0	    0.0	    0.0	    0.0	    0.0	  100.0	    0.0	    0.0	    0.0	    0.0	    0.0	   41.4	  1	  -50.0	 1550.0	    0.0	    0.0	    0.0	1	   68.6	 21	    0.0	    5.0	
 1090	 112.04	    0.0	 1500.0	    0.0	 -607.4	  900.4	    0.0	  200.0	    0.0	    0.0	    0.0	    0.0	  100.0	    0.0	    0.0	    0.0	    0.0	    0.0	   41.4	  1	  -50.0	 1550.0	    0.0	    0.0	    0.0	1	   68.6	 21	    0.0	    5.0	
 1091	 112.14	    0.0	 1500.0	    0.0	 -605.6	  901.6	    0.0	  200.0	    0.0	    0.0	    0.0	    0.0	  100.0	    0.0	    0.0	    0.0	    0.0	    0.0	   41.5	  1	  -50.0	 1550.0	    0.0	    0.0	    0.0	1	   68.6	 21	    0.0	    5.0	
 1092	 112.24	    0.0	 1500.0	    0.0	 -605.6	  901.6	    0.0	  200.0	    0.0	    0.0	    0.0	    0.0	  100.0	    0.0	    0.0	    0.0	    0.0	    0.0	   41.5	  1	  -50.0	 1550.0	    0.0	    0.0	    0.0	1	   68.6	 21	    0.0	    5.0	
 1093	 112.33	    0.0	 1500.0	    0.0	 -605.6	  901.6	    0.0	  200.0	    0.0	    0.0	    0.0	    0.0	  100.0	    0.0	    0.0	    0.0	    0.0	    0.0	   41.5	  1	  -50.0	 1550.0	    0.0	    0.0	    0.0	1	   68.6	 21	    0.0	    5.0	
 1094	 112.44	    0.0	 1500.0	    0.0	 -605.6	  901.6	    0.0	  200.0	    0.0	    0.0	    0.0	    0.0	  100.0	    0.0	    0.0	    0.0	    0.0	    0.0	   41.6	  1	  -50.0	 1550.0	    0.0	    0.0	    0.0	1	   68.6	 21	    0.0	    5.0	
 1095	 112.53	    0.0	 1500.0	    0.0	 -605.6	  901.6	    0.0	  200.0	    0.0	    0.0	    0.0	    0.0	  100.0	    0.0	    0.0	    0.0	    0.0	    0.0	   41.6	  1	  -50.0	 1550.0	    0.0	    0.0	    0.0	1	   68.6	 21	    0.0	    5.0	
 1096	 112.64	    0.0	 1500.0	    0.0	 -605.6	  901.6	    0.0	  200.0	    0.0	    0.0	    0.0	    0.0	  100.0	    0.0	    0.0	    0.0	    0.0	    0.0	   41.6	  1	  -50.0	 1550.0	    0.0	    0.0	    0.0	1	   68.6	 21	    0.0	    5.0	
 1097	 112.73	    0.0	 1500.0	    0.0	 -605.6	  901.6	    0.0	  200.0	    0.0	    0.0	    0.0	    0.0	  100.0	    0.0	    0.0	    0.0	    0.0	    0.0	   41.7	  1	  -50.0	 1550.0	    0.0	    0.0	    0.0	1	   68.6	 21	    0.0	    5.0	
 1098	 112.83	    0.0	 1500.0	    0.0	 -605.6	  901.6	    0.0	  200.0	    0.0	    0.0	    0.0	    0.0	  100.0	    0.0	    0.0	    0.0	    0.0	    0.0	   41.7	  1	  -50.0	 1550.0	    0.0	    0.0	    0.0	1	   68.6	 21	    0.0	    5.0	
 1099	 112.94	    0.0	 1500.0	    0.0	 -610.2	  993.1	    0.0	  200.0	    0.0	    0.0	    0.0	    0.0	  100.0	    0.0	    0.0	    0.0	    0.0	    0.0	   41.8	  1	  -50.0	 1550.0	    0.0	    0.0	    0.0	1	   68.6	 21	    0.0	    5.0	
 1100	 113.03	    0.0	 1500.0	    0.0	 -604.9	  910.6	    0.0	  200.0	    0.0	    0.0	    0.0	    0.0	  100.0	    0.0	    0.0	    0.0	    0.0	    0.0	   41.8	  1	  -50.0	 1550.0	    0.0	    0.0	    0.0	1	   68.6	 21	    0.0	    5.0	
 1101	 113.14	    0.0	 1500.0	    0.0	 -604.9	  910.6	    0.0	  200.0	    0.0	    0.0	    0.0	    0.0	  100.0	    0.0	    0.0	    0.0	    0.0	    0.0	   41.8	  1	  -50.0	 1550.0	    0.0	    0.0	    0.0	1	   68.6	 21	    0.0	    5.0	
 1102	 113.23	    0.0	 1500.0	    0.0	 -604.9	  910.6	    0.0	  200.0	    0.0	    0.0	    0.0	    0.0	  100.0	    0.0	    0.0	    0.0	    0.0	    0.0	   41.9	  1	  -50.0	 1550.0	    0.0	    0.0	    0.0	1	   68.6	 21	    0.0	    5.0	
 1103	 113.33	    0.0	 1500.0	    0.0	 -604.9	  910.6	    0.0	  200.0	    0.0	    0.0	    0.0	    0.0	  100.0	    0.0	    0.0	    0.0	    0.0	    0.0	   41.9	  1	  -50.0	 1550.0	    0.0	    0.0	    0.0	1	   68.6	 21	    0.0	    5.0	
 1104	 113.44	    0.0	 1500.0	    0.0	 -604.9	  910.6	    0.0	  200.0	    0.0	    0.0	    0.0	    0.0	  100.0	    0.0	    0.0	    0.0	    0.0	    0.0	   42.0	  1	  -50.0	 1550.0	    0.0	    0.0	    0.0	1	   68.6	 21	    0.0	    5.0	
 1105	 113.53	    0.0	 1500.0	    0.0	 -601.9	  889.6	    0.0	  200.0	    0.0	    0.0	    0.0	    0.0	  100.0	    0.0	    0.0	    0.0	    0.0	    0.0	   42.0	  1	  -50.0	 1550.0	    0.0	    0.0	    0.0	1	   68.6	 21	    0.0	    5.0	
 1106	 113.64	    0.0	 1500.0	    0.0	 -601.9	  889.6	    0.0	  200.0	    0.0	    0.0	    0.0	    0.0	  100.0	    0.0	    0.0	    0.0	    0.0	    0.0	   42.0	  1	  -50.0	 1550.0	    0.0	    0.0	    0.0	1	   68.6	 21	    0.0	    5.0	
 1107	 113.73	    0.0	 1500.0	    0.0	 -601.9	  889.6	    0.0	  200.0	    0.0	    0.0	    0.0	    0.0	  100.0	    0.0	    0.0	    0.0	    0.0	    0.0	   42.1	  1	  -50.0	 1550.0	    0.0	    0.0	    0.0	1	   68.6	 21	    0.0	    5.0	
 1108	 113.83	    0.0	 1500.0	    0.0	 -601.9	  889.6	    0.0	  200.0	    0.0	    0.0	    0.0	    0.0	  100.0	    0.0	    0.0	    0.0	    0.0	    0.0	   42.1	  1	  -50.0	 1550.0	    0.0	    0.0	    0.0	1	   68.6	 21	    0.0	    5.0	
 1109	 113.94	    0.0	 1500.0	    0.0	 -601.9	  889.6	    0.0	  200.0	    0.0	    0.0	    0.0	    0.0	  100.0	    0.0	    0.0	    0.0	    0.0	    0.0	   42.1	  1	  -50.0	 1550.0	    0.0	    0.0	    0.0	1	   68.6	 21	    0.0	    5.0	
 1110	 114.03	    0.0	 1500.0	    0.0	 -620.3	  974.0	    0.0	  200.0	    0.0	    0.0	    0.0	    0.0	  100.0	    0.0	    0.0	    0.0	    0.0	    0.0	   42.2	  1	  -50.0	 1550.0	    0.0	    0.0	    0.0	1	   68.6	 21	    0.0	    5.0	
 1111	 114.14	    0.0	 1500.0	    0.0	 -589.0	  878.9	    0.0	  200.0	    0.0	    0.0	    0.0	    0.0	  100.0	    0.0	    0.0	    0.0	    0.0	    0.0	   42.2	  1	  -50.0	 1550.0	    0.0	    0.0	    0.0	1	   68.6	 21	    0.0	    5.0	
 1112	 114.24	    0.0	 1500.0	    0.0	 -589.0	  878.9	    0.0	  200.0	    0.0	    0.0	    0.0	    0.0	  100.0	    0.0	    0.0	    0.0	    0.0	    0.0	   42.3	  1	  -50.0	 1550.0	    0.0	    0.0	    0.0	1	   68.6	 21	    0.0	    5.0	
 1113	 114.33	    0.0	 1500.0	    0.0	 -589.0	  878.9	    0.0	  200.0	    0.0	    0.0	    0.0	    0.0	  100.0	    0.0	    0.0	    0.0	    0.0	    0.0	   42.3	  1	  -50.0	 1550.0	    0.0	    0.0	    0.0	1	   68.6	 21	    0.0	    5.0	
 1114	 114.44	    0.0	 1500.0	    0.0	 -589.0	  878.9	    0.0	  200.0	    0.0	    0.0	    0.0	    0.0	  100.0	    0.0	    0.0	    0.0	    0.0	    0.0	   42.3	  1	  -50.0	 1550.0	    0.0	    0.0	    0.0	1	   68.6	 21	    0.0	    5.0	
 1115	 114.53	    0.0	 1500.0	    0.0	 -582.2	  884.2	    0.0	  200.0	    0.0	    0.0	    0.0	    0.0	  100.0	    0.0	    0.0	    0.0	    0.0	    0.0	   42.4	  1	  -50.0	 1550.0	    0.0	    0.0	    0.0	1	   68.6	 21	    0.0	    5.0	
 1116	 114.64	    0.0	 1500.0	    0.0	 -582.2	  884.2	    0.0	  200.0	    0.0	    0.0	    0.0	    0.0	  100.0	    0.0	    0.0	    0.0	    0.0	    0.0	   42.4	  1	  -50.0	 1550.0	    0.0	    0.0	    0.0	1	   68.6	 21	    0.0	    5.0	
 1117	 114.73	    0.0	 1500.0	    0.0	 -582.2	  884.2	    0.0	  200.0	    0.0	    0.0	    0.0	    0.0	  100.0	    0.0	    0.0	    0.0	    0.0	    0.0	   42.4	  1	  -50.0	 1550.0	    0.0	    0.0	    0.0	1	   68.6	 21	    0.0	    5.0	
 1118	 114.83	    0.0	 1500.0	    0.0	 -582.2	  884.2	    0.0	  200.0	    0.0	    0.0	    0.0	    0.0	  100.0	    0.0	    0.0	    0.0	    0.0	    0.0	   42.5	  1	  -50.0	 1550.0	    0.0	    0.0	    0.0	1	   68.6	 21	    0.0	    5.0	
 1119	 114.94	    0.0	 1500.0	    0.0	 -582.2	  884.2	    0.0	  200.0	    0.0	    0.0	    0.0	    0.0	  100.0	    0.0	    0.0	    0.0	    0.0	    0.0	   42.5	  1	  -50.0	 1550.0	    0.0	    0.0	    0.0	1	   68.6	 21	    0.0	    5.0	
 1120	 115.03	    0.0	 1500.0	    0.0	 -576.1	  893.9	    0.0	  200.0	    0.0	    0.0	    0.0	    0.0	  100.0	    0.0	    0.0	    0.0	    0.0	    0.0	   42.6	  1	  -50.0	 1550.0	    0.0	    0.0	    0.0	1	   68.6	 21	    0.0	    5.0	
 1121	 115.14	    0.0	 1500.0	    0.0	 -575.7	  894.8	    0.0	  200.0	    0.0	    0.0	    0.0	    0.0	  100.0	    0.0	    0.0	    0.0	    0.0	    0.0	   42.6	  1	  -50.0	 1550.0	    0.0	    0.0	    0.0	1	   68.6	 21	    0.0	    5.0	
 1122	 115.23	    0.0	 1500.0	    0.0	 -575.7	  894.8	    0.0	  200.0	    0.0	    0.0	    0.0	    0.0	  100.0	    0.0	    0.0	    0.0	    0.0	    0.0	   42.6	  1	  -50.0	 1550.0	    0.0	    0.0	    0.0	1	   68.6	 21	    0.0	    5.0	
 1123	 115.34	    0.0	 1500.0	    0.0	 -575.7	  894.8	    0.0	  200.0	    0.0	    0.0	    0.0	    0.0	  100.0	    0.0	    0.0	    0.0	    0.0	    0.0	   42.7	  1	  -50.0	 1550.0	    0.0	    0.0	    0.0	1	   68.6	 21	    0.0	    5.0	
 1124	 115.44	    0.0	 1500.0	    0.0	 -575.7	  894.8	    0.0	  200.0	    0.0	    0.0	    0.0	    0.0	  100.0	    0.0	    0.0	    0.0	    0.0	    0.0	   42.7	  1	  -50.0	 1550.0	    0.0	    0.0	    0.0	1	   68.6	 21	    0.0	    5.0	
 1125	 115.53	    0.0	 1500.0	    0.0	 -575.7	  894.8	    0.0	  200.0	    0.0	    0.0	    0.0	    0.0	  100.0	    0.0	    0.0	    0.0	    0.0	    0.0	   42.8	  1	  -50.0	 1550.0	    0.0	    0.0	    0.0	1	   68.6	 21	    0.0	    5.0	
 1126	 115.64	    0.0	 1500.0	    0.0	 -576.7	  895.2	    0.0	  200.0	    0.0	    0.0	    0.0	    0.0	  100.0	    0.0	    0.0	    0.0	    0.0	    0.0	   42.8	  1	  -50.0	 1550.0	    0.0	    0.0	    0.0	1	   68.6	 21	    0.0	    5.0	
 1127	 115.73	    0.0	 1500.0	    0.0	 -576.7	  895.2	    0.0	  200.0	    0.0	    0.0	    0.0	    0.0	  100.0	    0.0	    0.0	    0.0	    0.0	    0.0	   42.8	  1	  -50.0	 1550.0	    0.0	    0.0	    0.0	1	   68.6	 21	    0.0	    5.0	
 1128	 115.83	    0.0	 1500.0	    0.0	 -576.7	  895.2	    0.0	  200.0	    0.0	    0.0	    0.0	    0.0	  100.0	    0.0	    0.0	    0.0	    0.0	    0.0	   42.9	  1	  -50.0	 1550.0	    0.0	    0.0	    0.0	1	   68.6	 21	    0.0	    5.0	
 1129	 115.94	    0.0	 1500.0	    0.0	 -576.7	  895.2	    0.0	  200.0	    0.0	    0.0	    0.0	    0.0	  100.0	    0.0	    0.0	    0.0	    0.0	    0.0	   42.9	  1	  -50.0	 1550.0	    0.0	    0.0	    0.0	1	   68.6	 21	    0.0	    5.0	
 1130	 116.03	    0.0	 1500.0	    0.0	 -576.7	  895.2	    0.0	  200.0	    0.0	    0.0	    0.0	    0.0	  100.0	    0.0	    0.0	    0.0	    0.0	    0.0	   42.9	  1	  -50.0	 1550.0	    0.0	    0.0	    0.0	1	   68.6	 21	    0.0	    5.0	
 1131	 116.14	    0.0	 1500.0	    0.0	 -578.3	  893.8	    0.0	  200.0	    0.0	    0.0	    0.0	    0.0	  100.0	    0.0	    0.0	    0.0	    0.0	    0.0	   43.0	  1	  -50.0	 1550.0	    0.0	    0.0	    0.0	1	   68.6	 21	    0.0	    5.0	
 1132	 116.23	    0.0	 1500.0	    0.0	 -578.3	  893.8	    0.0	  200.0	    0.0	    0.0	    0.0	    0.0	  100.0	    0.0	    0.0	    0.0	    0.0	    0.0	   43.0	  1	  -50.0	 1550.0	    0.0	    0.0	    0.0	1	   68.6	 21	    0.0	    5.0	
 1133	 116.33	    0.0	 1500.0	    0.0	 -578.3	  893.8	    0.0	  200.0	    0.0	    0.0	    0.0	    0.0	  100.0	    0.0	    0.0	    0.0	    0.0	    0.0	   43.1	  1	  -50.0	 1550.0	    0.0	    0.0	    0.0	1	   68.6	 21	    0.0	    5.0	
 1134	 116.44	    0.0	 1500.0	    0.0	 -578.3	  893.8	    0.0	  200.0	    0.0	    0.0	    0.0	    0.0	  100.0	    0.0	    0.0	    0.0	    0.0	    0.0	   43.1	  1	  -50.0	 1550.0	    0.0	    0.0	    0.0	1	   68.6	 21	    0.0	    5.0	
 1135	 116.53	    0.0	 1500.0	    0.0	 -578.3	  893.8	    0.0	  200.0	    0.0	    0.0	    0.0	    0.0	  100.0	    0.0	    0.0	    0.0	    0.0	    0.0	   43.1	  1	  -50.0	 1550.0	    0.0	    0.0	    0.0	1	   68.6	 21	    0.0	    5.0	
 1136	 116.64	    0.0	 1500.0	    0.0	 -620.3	  974.0	    0.0	  200.0	    0.0	    0.0	    0.0	    0.0	  100.0	    0.0	    0.0	    0.0	    0.0	    0.0	   43.2	  1	  -50.0	 1550.0	    0.0	    0.0	    0.0	1	   68.6	 21	    0.0	    5.0	
 1137	 116.73	    0.0	 1500.0	    0.0	 -578.3	  893.8	    0.0	  200.0	    0.0	    0.0	    0.0	    0.0	  100.0	    0.0	    0.0	    0.0	    0.0	    0.0	   43.2	  1	  -50.0	 1550.0	    0.0	    0.0	    0.0	1	   68.6	 21	    0.0	    5.0	
 1138	 116.83	    0.0	 1500.0	    0.0	 -578.7	  892.9	    0.0	  200.0	    0.0	    0.0	    0.0	    0.0	  100.0	    0.0	    0.0	    0.0	    0.0	    0.0	   43.2	  1	  -50.0	 1550.0	    0.0	    0.0	    0.0	1	   68.6	 21	    0.0	    5.0	
 1139	 116.94	    0.0	 1500.0	    0.0	 -578.7	  892.9	    0.0	  200.0	    0.0	    0.0	    0.0	    0.0	  100.0	    0.0	    0.0	    0.0	    0.0	    0.0	   43.3	  1	  -50.0	 1550.0	    0.0	    0.0	    0.0	1	   68.6	 21	    0.0	    5.0	
 1140	 117.03	    0.0	 1500.0	    0.0	 -578.7	  892.9	    0.0	  200.0	    0.0	    0.0	    0.0	    0.0	  100.0	    0.0	    0.0	    0.0	    0.0	    0.0	   43.3	  1	  -50.0	 1550.0	    0.0	    0.0	    0.0	1	   68.6	 21	    0.0	    5.0	
 1141	 117.14	    0.0	 1500.0	    0.0	 -578.7	  892.9	    0.0	  200.0	    0.0	    0.0	    0.0	    0.0	  100.0	    0.0	    0.0	    0.0	    0.0	    0.0	   43.4	  1	  -50.0	 1550.0	    0.0	    0.0	    0.0	1	   68.6	 21	    0.0	    5.0	
 1142	 117.23	    0.0	 1500.0	    0.0	 -578.7	  892.9	    0.0	  200.0	    0.0	    0.0	    0.0	    0.0	  100.0	    0.0	    0.0	    0.0	    0.0	    0.0	   43.4	  1	  -50.0	 1550.0	    0.0	    0.0	    0.0	1	   68.6	 21	    0.0	    5.0	
 1143	 117.33	    0.0	 1500.0	    0.0	 -578.3	  893.8	    0.0	  200.0	    0.0	    0.0	    0.0	    0.0	  100.0	    0.0	    0.0	    0.0	    0.0	    0.0	   43.4	  1	  -50.0	 1550.0	    0.0	    0.0	    0.0	1	   68.6	 21	    0.0	    5.0	
 1144	 117.44	    0.0	 1500.0	    0.0	 -578.3	  893.8	    0.0	  200.0	    0.0	    0.0	    0.0	    0.0	  100.0	    0.0	    0.0	    0.0	    0.0	    0.0	   43.5	  1	  -50.0	 1550.0	    0.0	    0.0	    0.0	1	   68.6	 21	    0.0	    5.0	
 1145	 117.53	    0.0	 1500.0	    0.0	 -578.7	  892.9	    0.0	  200.0	    0.0	    0.0	    0.0	    0.0	  100.0	    0.0	    0.0	    0.0	    0.0	    0.0	   43.5	  1	  -50.0	 1550.0	    0.0	    0.0	    0.0	1	   68.6	 21	    0.0	    5.0	
 1146	 117.64	    0.0	 1500.0	    0.0	 -578.7	  892.9	    0.0	  200.0	    0.0	    0.0	    0.0	    0.0	  100.0	    0.0	    0.0	    0.0	    0.0	    0.0	   43.5	  1	  -50.0	 1550.0	    0.0	    0.0	    0.0	1	   68.6	 21	    0.0	    5.0	
 1147	 117.73	    0.0	 1500.0	    0.0	 -556.2	  726.0	    0.0	  200.0	    0.0	    0.0	    0.0	    0.0	  100.0	    0.0	    0.0	    0.0	    0.0	    0.0	   43.6	  1	  -50.0	 1550.0	    0.0	    0.0	    0.0	1	   68.7	 21	    0.0	    5.0	
 1148	 117.83	    0.0	 1500.0	    0.0	 -578.7	  892.9	    0.0	  200.0	    0.0	    0.0	    0.0	    0.0	  100.0	    0.0	    0.0	    0.0	    0.0	    0.0	   43.6	  1	  -50.0	 1550.0	    0.0	    0.0	    0.0	1	   68.6	 21	    0.0	    5.0	
 1149	 117.94	    0.0	 1500.0	    0.0	 -578.7	  892.9	    0.0	  200.0	    0.0	    0.0	    0.0	    0.0	  100.0	    0.0	    0.0	    0.0	    0.0	    0.0	   43.7	  1	  -50.0	 1550.0	    0.0	    0.0	    0.0	1	   68.6	 21	    0.0	    5.0	
 1150	 118.03	    0.0	 1500.0	    0.0	 -578.7	  892.9	    0.0	  200.0	    0.0	    0.0	    0.0	    0.0	  100.0	    0.0	    0.0	    0.0	    0.0	    0.0	   43.7	  1	  -50.0	 1550.0	    0.0	    0.0	    0.0	1	   68.6	 21	    0.0	    5.0	
 1151	 118.14	    0.0	 1500.0	    0.0	 -578.7	  892.9	    0.0	  200.0	    0.0	    0.0	    0.0	    0.0	  100.0	    0.0	    0.0	    0.0	    0.0	    0.0	   43.7	  1	  -50.0	 1550.0	    0.0	    0.0	    0.0	1	   68.6	 21	    0.0	    5.0	
 1152	 118.23	    0.0	 1500.0	    0.0	 -578.7	  892.9	    0.0	  200.0	    0.0	    0.0	    0.0	    0.0	  100.0	    0.0	    0.0	    0.0	    0.0	    0.0	   43.8	  1	  -50.0	 1550.0	    0.0	    0.0	    0.0	1	   68.6	 21	    0.0	    5.0	
 1153	 118.33	    0.0	 1500.0	    0.0	 -578.7	  892.9	    0.0	  200.0	    0.0	    0.0	    0.0	    0.0	  100.0	    0.0	    0.0	    0.0	    0.0	    0.0	   43.8	  1	  -50.0	 1550.0	    0.0	    0.0	    0.0	1	   68.6	 21	    0.0	    5.0	
 1154	 118.44	    0.0	 1500.0	    0.0	 -578.7	  892.9	    0.0	  200.0	    0.0	    0.0	    0.0	    0.0	  100.0	    0.0	    0.0	    0.0	    0.0	    0.0	   43.9	  1	  -50.0	 1550.0	    0.0	    0.0	    0.0	1	   68.6	 21	    0.0	    5.0	
 1155	 118.53	    0.0	 1500.0	    0.0	 -578.7	  892.9	    0.0	  200.0	    0.0	    0.0	    0.0	    0.0	  100.0	    0.0	    0.0	    0.0	    0.0	    0.0	   43.9	  1	  -50.0	 1550.0	    0.0	    0.0	    0.0	1	   68.6	 21	    0.0	    5.0	
 1156	 118.64	    0.0	 1500.0	    0.0	 -578.7	  892.9	    0.0	  200.0	    0.0	    0.0	    0.0	    0.0	  100.0	    0.0	    0.0	    0.0	    0.0	    0.0	   43.9	  1	  -50.0	 1550.0	    0.0	    0.0	    0.0	1	   68.6	 21	    0.0	    5.0	
 1157	 118.73	    0.0	 1500.0	    0.0	 -577.4	  893.4	    0.0	  200.0	    0.0	    0.0	    0.0	    0.0	  100.0	    0.0	    0.0	    0.0	    0.0	    0.0	   44.0	  1	  -50.0	 1550.0	    0.0	    0.0	    0.0	1	   68.6	 21	    0.0	    5.0	
 1158	 118.83	    0.0	 1500.0	    0.0	 -577.4	  893.4	    0.0	  200.0	    0.0	    0.0	    0.0	    0.0	  100.0	    0.0	    0.0	    0.0	    0.0	    0.0	   44.0	  1	  -50.0	 1550.0	    0.0	    0.0	    0.0	1	   68.6	 21	    0.0	    5.0	
 1159	 118.94	    0.0	 1500.0	    0.0	 -577.4	  893.4	    0.0	  200.0	    0.0	    0.0	    0.0	    0.0	  100.0	    0.0	    0.0	    0.0	    0.0	    0.0	   44.0	  1	  -50.0	 1550.0	    0.0	    0.0	    0.0	1	   68.6	 21	    0.0	    5.0	
 1160	 119.03	    0.0	 1500.0	    0.0	 -577.4	  893.4	    0.0	  200.0	    0.0	    0.0	    0.0	    0.0	  100.0	    0.0	    0.0	    0.0	    0.0	    0.0	   44.1	  1	  -50.0	 1550.0	    0.0	    0.0	    0.0	1	   68.6	 21	    0.0	    5.0	
 1161	 119.14	    0.0	 1500.0	    0.0	 -577.4	  893.4	    0.0	  200.0	    0.0	    0.0	    0.0	    0.0	  100.0	    0.0	    0.0	    0.0	    0.0	    0.0	   44.1	  1	  -50.0	 1550.0	    0.0	    0.0	    0.0	1	   68.6	 21	    0.0	    5.0	
 1162	 119.23	    0.0	 1500.0	    0.0	 -577.4	  893.4	    0.0	  200.0	    0.0	    0.0	    0.0	    0.0	  100.0	    0.0	    0.0	    0.0	    0.0	    0.0	   44.2	  1	  -50.0	 1550.0	    0.0	    0.0	    0.0	1	   68.6	 21	    0.0	    5.0	
 1163	 119.33	    0.0	 1500.0	    0.0	 -577.4	  893.4	    0.0	  200.0	    0.0	    0.0	    0.0	    0.0	  100.0	    0.0	    0.0	    0.0	    0.0	    0.0	   44.2	  1	  -50.0	 1550.0	    0.0	    0.0	    0.0	1	   68.6	 21	    0.0	    5.0	
 1164	 119.44	    0.0	 1500.0	    0.0	 -577.4	  893.4	    0.0	  200.0	    0.0	    0.0	    0.0	    0.0	  100.0	    0.0	    0.0	    0.0	    0.0	    0.0	   44.2	  1	  -50.0	 1550.0	    0.0	    0.0	    0.0	1	   68.6	 21	    0.0	    5.0	
 1165	 119.53	    0.0	 1500.0	    0.0	 -577.0	  894.3	    0.0	  200.0	    0.0	    0.0	    0.0	    0.0	  100.0	    0.0	    0.0	    0.0	    0.0	    0.0	   44.3	  1	  -50.0	 1550.0	    0.0	    0.0	    0.0	1	   68.6	 21	    0.0	    5.0	
 1166	 119.64	    0.0	 1500.0	    0.0	 -577.0	  894.3	    0.0	  200.0	    0.0	    0.0	    0.0	    0.0	  100.0	    0.0	    0.0	    0.0	    0.0	    0.0	   44.3	  1	  -50.0	 1550.0	    0.0	    0.0	    0.0	1	   68.6	 21	    0.0	    5.0	
 1167	 119.73	    0.0	 1500.0	    0.0	 -577.0	  894.3	    0.0	  200.0	    0.0	    0.0	    0.0	    0.0	  100.0	    0.0	    0.0	    0.0	    0.0	    0.0	   44.3	  1	  -50.0	 1550.0	    0.0	    0.0	    0.0	1	   68.6	 21	    0.0	    5.0	
 1168	 119.84	    0.0	 1500.0	    0.0	 -577.0	  894.3	    0.0	  200.0	    0.0	    0.0	    0.0	    0.0	  100.0	    0.0	    0.0	    0.0	    0.0	    0.0	   44.4	  1	  -50.0	 1550.0	    0.0	    0.0	    0.0	1	   68.6	 21	    0.0	    5.0	
 1169	 119.94	    0.0	 1500.0	    0.0	 -577.0	  894.3	    0.0	  200.0	    0.0	    0.0	    0.0	    0.0	  100.0	    0.0	    0.0	    0.0	    0.0	    0.0	   44.4	  1	  -50.0	 1550.0	    0.0	    0.0	    0.0	1	   68.6	 21	    0.0	    5.0	
 1170	 120.03	    0.0	 1500.0	    0.0	 -577.0	  894.3	    0.0	  200.0	    0.0	    0.0	    0.0	    0.0	  100.0	    0.0	    0.0	    0.0	    0.0	    0.0	   44.5	  1	  -50.0	 1550.0	    0.0	    0.0	    0.0	1	   68.6	 21	    0.0	    5.0	
 1171	 120.14	    0.0	 1500.0	    0.0	 -576.4	  893.0	    0.0	  200.0	    0.0	    0.0	    0.0	    0.0	  100.0	    0.0	    0.0	    0.0	    0.0	    0.0	   44.5	  1	  -50.0	 1550.0	    0.0	    0.0	    0.0	1	   68.6	 21	    0.0	    5.0	
 1172	 120.23	    0.0	 1500.0	    0.0	 -576.4	  893.0	    0.0	  200.0	    0.0	    0.0	    0.0	    0.0	  100.0	    0.0	    0.0	    0.0	    0.0	    0.0	   44.5	  1	  -50.0	 1550.0	    0.0	    0.0	    0.0	1	   68.6	 21	    0.0	    5.0	
 1173	 120.33	    0.0	 1500.0	    0.0	 -576.4	  893.0	    0.0	  200.0	    0.0	    0.0	    0.0	    0.0	  100.0	    0.0	    0.0	    0.0	    0.0	    0.0	   44.6	  1	  -50.0	 1550.0	    0.0	    0.0	    0.0	1	   68.6	 21	    0.0	    5.0	
 1174	 120.44	    0.0	 1500.0	    0.0	 -576.4	  893.0	    0.0	  200.0	    0.0	    0.0	    0.0	    0.0	  100.0	    0.0	    0.0	    0.0	    0.0	    0.0	   44.6	  1	  -50.0	 1550.0	    0.0	    0.0	    0.0	1	   68.6	 21	    0.0	    5.0	
 1175	 120.53	    0.0	 1500.0	    0.0	 -576.4	  893.0	    0.0	  200.0	    0.0	    0.0	    0.0	    0.0	  100.0	    0.0	    0.0	    0.0	    0.0	    0.0	   44.7	  1	  -50.0	 1550.0	    0.0	    0.0	    0.0	1	   68.6	 21	    0.0	    5.0	
 1176	 120.64	    0.0	 1500.0	    0.0	 -576.4	  893.0	    0.0	  200.0	    0.0	    0.0	    0.0	    0.0	  100.0	    0.0	    0.0	    0.0	    0.0	    0.0	   44.7	  1	  -50.0	 1550.0	    0.0	    0.0	    0.0	1	   68.6	 21	    0.0	    5.0	
 1177	 120.73	    0.0	 1500.0	    0.0	 -576.4	  893.0	    0.0	  200.0	    0.0	    0.0	    0.0	    0.0	  100.0	    0.0	    0.0	    0.0	    0.0	    0.0	   44.7	  1	  -50.0	 1550.0	    0.0	    0.0	    0.0	1	   68.6	 21	    0.0	    5.0	
 1178	 120.83	    0.0	 1500.0	    0.0	 -574.4	  895.3	    0.0	  200.0	    0.0	    0.0	    0.0	    0.0	  100.0	    0.0	    0.0	    0.0	    0.0	    0.0	   44.8	  1	  -50.0	 1550.0	    0.0	    0.0	    0.0	1	   68.6	 21	    0.0	    5.0	
 1179	 120.94	    0.0	 1500.0	    0.0	 -574.4	  895.3	    0.0	  200.0	    0.0	    0.0	    0.0	    0.0	  100.0	    0.0	    0.0	    0.0	    0.0	    0.0	   44.8	  1	  -50.0	 1550.0	    0.0	    0.0	    0.0	1	   68.6	 21	    0.0	    5.0	
 1180	 121.03	    0.0	 1500.0	    0.0	 -574.4	  895.3	    0.0	  200.0	    0.0	    0.0	    0.0	    0.0	  100.0	    0.0	    0.0	    0.0	    0.0	    0.0	   44.8	  1	  550.0	 2050.0	    0.0	    0.0	    0.0	1	  299.8	 21	    0.0	    5.0	
 1181	 121.14	    0.0	 1500.0	    0.0	 -574.4	  895.3	    0.0	  200.0	    0.0	    0.0	    0.0	    0.0	  100.0	    0.0	    0.0	    0.0	    0.0	    0.0	   44.9	  1	  550.0	 2050.0	    0.0	    0.0	    0.0	1	  299.8	 21	    0.0	    5.0	
 1182	 121.23	    0.0	 1500.0	    0.0	 -574.4	  895.3	    0.0	  200.0	    0.0	    0.0	    0.0	    0.0	  100.0	    0.0	    0.0	    0.0	    0.0	    0.0	   44.9	  1	  550.0	 2050.0	    0.0	    0.0	    0.0	1	  299.8	 21	    0.0	    5.0	
 1183	 121.33	    0.0	 1500.0	    0.0	 -574.4	  895.3	    0.0	  200.0	    0.0	    0.0	    0.0	    0.0	  100.0	    0.0	    0.0	    0.0	    0.0	    0.0	   45.0	  1	  550.0	 2050.0	    0.0	    0.0	    0.0	1	  299.8	 21	    0.0	    5.0	
 1184	 121.44	    0.0	 1500.0	    0.0	 -574.4	  895.3	    0.0	  200.0	    0.0	    0.0	    0.0	    0.0	  100.0	    0.0	    0.0	    0.0	    0.0	    0.0	   45.0	  1	  550.0	 2050.0	    0.0	    0.0	    0.0	1	  299.8	 21	    0.0	    5.0	
 1185	 121.53	    0.0	 1500.0	    0.0	 -575.0	  896.5	    0.0	  200.0	    0.0	    0.0	    0.0	    0.0	  100.0	    0.0	    0.0	    0.0	    0.0	    0.0	   45.0	  1	  550.0	 2050.0	    0.0	    0.0	    0.0	1	  299.8	 21	    0.0	    5.0	
 1186	 121.64	    0.0	 1500.0	    0.0	 -575.0	  896.5	    0.0	  200.0	    0.0	    0.0	    0.0	    0.0	  100.0	    0.0	    0.0	    0.0	    0.0	    0.0	   45.1	  1	  550.0	 2050.0	    0.0	    0.0	    0.0	1	  299.8	 21	    0.0	    5.0	
 1187	 121.73	    0.0	 1500.0	    0.0	 -575.0	  896.5	    0.0	  200.0	    0.0	    0.0	    0.0	    0.0	  100.0	    0.0	    0.0	    0.0	    0.0	    0.0	   45.1	  1	  550.0	 2050.0	    0.0	    0.0	    0.0	1	  299.8	 21	    0.0	    5.0	
 1188	 121.83	    0.0	 1500.0	    0.0	 -575.0	  896.5	    0.0	  200.0	    0.0	    0.0	    0.0	    0.0	  100.0	    0.0	    0.0	    0.0	    0.0	    0.0	   45.1	  1	  550.0	 2050.0	    0.0	    0.0	    0.0	1	  299.8	 21	    0.0	    5.0	
 1189	 121.94	    0.0	 1500.0	    0.0	 -575.0	  896.5	    0.0	  200.0	    0.0	    0.0	    0.0	    0.0	  100.0	    0.0	    0.0	    0.0	    0.0	    0.0	   45.2	  1	  550.0	 2050.0	    0.0	    0.0	    0.0	1	  299.8	 21	    0.0	    5.0	
 1190	 122.03	    0.0	 1500.0	    0.0	 -575.0	  896.5	    0.0	  200.0	    0.0	    0.0	    0.0	    0.0	  100.0	    0.0	    0.0	    0.0	    0.0	    0.0	   45.2	  1	  550.0	 2050.0	    0.0	    0.0	    0.0	1	  299.8	 21	    0.0	    5.0	
 1191	 122.14	    0.0	 1500.0	    0.0	 -575.0	  896.5	    0.0	  200.0	    0.0	    0.0	    0.0	    0.0	  100.0	    0.0	    0.0	    0.0	    0.0	    0.0	   45.3	  1	  550.0	 2050.0	    0.0	    0.0	    0.0	1	  299.8	 21	    0.0	    5.0	
 1192	 122.23	    0.0	 1500.0	    0.0	 -575.0	  896.5	    0.0	  200.0	    0.0	    0.0	    0.0	    0.0	  100.0	    0.0	    0.0	    0.0	    0.0	    0.0	   45.3	  1	  550.0	 2050.0	    0.0	    0.0	    0.0	1	  299.8	 21	    0.0	    5.0	
 1193	 122.33	    0.0	 1500.0	    0.0	 -575.0	  896.5	    0.0	  200.0	    0.0	    0.0	    0.0	    0.0	  100.0	    0.0	    0.0	    0.0	    0.0	    0.0	   45.3	  1	  550.0	 2050.0	    0.0	    0.0	    0.0	1	  299.8	 21	    0.0	    5.0	
 1194	 122.44	    0.0	 1500.0	    0.0	 -574.4	  895.3	    0.0	  200.0	    0.0	    0.0	    0.0	    0.0	  100.0	    0.0	    0.0	    0.0	    0.0	    0.0	   45.4	  1	  550.0	 2050.0	    0.0	    0.0	    0.0	1	  299.8	 21	    0.0	    5.0	
 1195	 122.53	    0.0	 1500.0	    0.0	 -574.4	  895.3	    0.0	  200.0	    0.0	    0.0	    0.0	    0.0	  100.0	    0.0	    0.0	    0.0	    0.0	    0.0	   45.4	  1	  550.0	 2050.0	    0.0	    0.0	    0.0	1	  299.8	 21	    0.0	    5.0	
 1196	 122.64	    0.0	 1500.0	    0.0	 -574.4	  895.3	    0.0	  200.0	    0.0	    0.0	    0.0	    0.0	  100.0	    0.0	    0.0	    0.0	    0.0	    0.0	   45.4	  1	  550.0	 2050.0	    0.0	    0.0	    0.0	1	  299.8	 21	    0.0	    5.0	
 1197	 122.73	    0.0	 1500.0	    0.0	 -574.4	  895.3	    0.0	  200.0	    0.0	    0.0	    0.0	    0.0	  100.0	    0.0	    0.0	    0.0	    0.0	    0.0	   45.5	  1	  550.0	 2050.0	    0.0	    0.0	    0.0	1	  299.8	 21	    0.0	    5.0	
 1198	 122.83	    0.0	 1500.0	    0.0	 -574.4	  895.3	    0.0	  200.0	    0.0	    0.0	    0.0	    0.0	  100.0	    0.0	    0.0	    0.0	    0.0	    0.0	   45.5	  1	  550.0	 2050.0	    0.0	    0.0	    0.0	1	  299.8	 21	    0.0	    5.0	
 1199	 122.94	    0.0	 1500.0	    0.0	 -574.4	  895.3	    0.0	  200.0	    0.0	    0.0	    0.0	    0.0	  100.0	    0.0	    0.0	    0.0	    0.0	    0.0	   45.6	  1	  550.0	 2050.0	    0.0	    0.0	    0.0	1	  299.8	 21	    0.0	    5.0	
 1200	 123.03	    0.0	 1500.0	    0.0	 -575.7	  894.8	    0.0	  200.0	    0.0	    0.0	    0.0	    0.0	  100.0	    0.0	    0.0	    0.0	    0.0	    0.0	   45.6	  1	  550.0	 2050.0	    0.0	    0.0	    0.0	1	  299.8	 21	    0.0	    5.0	
 1201	 123.14	    0.0	 1500.0	    0.0	 -575.7	  894.8	    0.0	  200.0	    0.0	    0.0	    0.0	    0.0	  100.0	    0.0	    0.0	    0.0	    0.0	    0.0	   45.6	  1	  550.0	 2050.0	    0.0	    0.0	    0.0	1	  299.8	 21	    0.0	    5.0	
 1202	 123.23	    0.0	 1500.0	    0.0	 -575.0	  896.5	    0.0	  200.0	    0.0	    0.0	    0.0	    0.0	  100.0	    0.0	    0.0	    0.0	    0.0	    0.0	   45.7	  1	  550.0	 2050.0	    0.0	    0.0	    0.0	1	  299.8	 21	    0.0	    5.0	
 1203	 123.33	    0.0	 1500.0	    0.0	 -575.0	  896.5	    0.0	  200.0	    0.0	    0.0	    0.0	    0.0	  100.0	    0.0	    0.0	    0.0	    0.0	    0.0	   45.7	  1	  550.0	 2050.0	    0.0	    0.0	    0.0	1	  299.8	 21	    0.0	    5.0	
 1204	 123.44	    0.0	 1500.0	    0.0	 -575.0	  896.5	    0.0	  200.0	    0.0	    0.0	    0.0	    0.0	  100.0	    0.0	    0.0	    0.0	    0.0	    0.0	   45.8	  1	  550.0	 2050.0	    0.0	    0.0	    0.0	1	  299.8	 21	    0.0	    5.0	
 1205	 123.53	    0.0	 1500.0	    0.0	 -575.0	  896.5	    0.0	  200.0	    0.0	    0.0	    0.0	    0.0	  100.0	    0.0	    0.0	    0.0	    0.0	    0.0	   45.8	  1	  550.0	 2050.0	    0.0	    0.0	    0.0	1	  299.8	 21	    0.0	    5.0	
 1206	 123.64	    0.0	 1500.0	    0.0	 -575.0	  896.5	    0.0	  200.0	    0.0	    0.0	    0.0	    0.0	  100.0	    0.0	    0.0	    0.0	    0.0	    0.0	   45.8	  1	  550.0	 2050.0	    0.0	    0.0	    0.0	1	  299.8	 21	    0.0	    5.0	
 1207	 123.74	    0.0	 1500.0	    0.0	 -575.0	  896.5	    0.0	  200.0	    0.0	    0.0	    0.0	    0.0	  100.0	    0.0	    0.0	    0.0	    0.0	    0.0	   45.9	  1	  550.0	 2050.0	    0.0	    0.0	    0.0	1	  299.8	 21	    0.0	    5.0	
 1208	 123.83	    0.0	 1500.0	    0.0	 -575.4	  895.7	    0.0	  200.0	    0.0	    0.0	    0.0	    0.0	  100.0	    0.0	    0.0	    0.0	    0.0	    0.0	   45.9	  1	  550.0	 2050.0	    0.0	    0.0	    0.0	1	  299.8	 21	    0.0	    5.0	
 1209	 123.94	    0.0	 1500.0	    0.0	 -575.4	  895.7	    0.0	  200.0	    0.0	    0.0	    0.0	    0.0	  100.0	    0.0	    0.0	    0.0	    0.0	    0.0	   45.9	  1	  550.0	 2050.0	    0.0	    0.0	    0.0	1	  299.8	 21	    0.0	    5.0	
 1210	 124.03	    0.0	 1500.0	    0.0	 -575.4	  895.7	    0.0	  200.0	    0.0	    0.0	    0.0	    0.0	  100.0	    0.0	    0.0	    0.0	    0.0	    0.0	   46.0	  1	  550.0	 2050.0	    0.0	    0.0	    0.0	1	  299.8	 21	    0.0	    5.0	
 1211	 124.14	    0.0	 1500.0	    0.0	 -575.4	  895.7	    0.0	  200.0	    0.0	    0.0	    0.0	    0.0	  100.0	    0.0	    0.0	    0.0	    0.0	    0.0	   46.0	  1	  550.0	 2050.0	    0.0	    0.0	    0.0	1	  299.8	 21	    0.0	    5.0	
 1212	 124.24	    0.0	 1500.0	    0.0	 -575.4	  895.7	    0.0	  200.0	    0.0	    0.0	    0.0	    0.0	  100.0	    0.0	    0.0	    0.0	    0.0	    0.0	   46.1	  1	  550.0	 2050.0	    0.0	    0.0	    0.0	1	  299.8	 21	    0.0	    5.0	
 1213	 124.33	    0.0	 1500.0	    0.0	 -575.4	  895.7	    0.0	  200.0	    0.0	    0.0	    0.0	    0.0	  100.0	    0.0	    0.0	    0.0	    0.0	    0.0	   46.1	  1	  550.0	 2050.0	    0.0	    0.0	    0.0	1	  299.8	 21	    0.0	    5.0	
 1214	 124.44	    0.0	 1500.0	    0.0	 -575.4	  895.7	    0.0	  200.0	    0.0	    0.0	    0.0	    0.0	  100.0	    0.0	    0.0	    0.0	    0.0	    0.0	   46.1	  1	  550.0	 2050.0	    0.0	    0.0	    0.0	1	  299.8	 21	    0.0	    5.0	
 1215	 124.53	    0.0	 1500.0	    0.0	 -575.4	  895.7	    0.0	  200.0	    0.0	    0.0	    0.0	    0.0	  100.0	    0.0	    0.0	    0.0	    0.0	    0.0	   46.2	  1	  550.0	 2050.0	    0.0	    0.0	    0.0	1	  299.8	 21	    0.0	    5.0	
 1216	 124.64	    0.0	 1500.0	    0.0	 -575.4	  895.7	    0.0	  200.0	    0.0	    0.0	    0.0	    0.0	  100.0	    0.0	    0.0	    0.0	    0.0	    0.0	   46.2	  1	  550.0	 2050.0	    0.0	    0.0	    0.0	1	  299.8	 21	    0.0	    5.0	
 1217	 124.73	    0.0	 1500.0	    0.0	 -575.4	  895.7	    0.0	  200.0	    0.0	    0.0	    0.0	    0.0	  100.0	    0.0	    0.0	    0.0	    0.0	    0.0	   46.2	  1	  550.0	 2050.0	    0.0	    0.0	    0.0	1	  299.8	 21	    0.0	    5.0	
 1218	 124.83	    0.0	 1500.0	    0.0	 -575.4	  895.7	    0.0	  200.0	    0.0	    0.0	    0.0	    0.0	  100.0	    0.0	    0.0	    0.0	    0.0	    0.0	   46.3	  1	  550.0	 2050.0	    0.0	    0.0	    0.0	1	  299.8	 21	    0.0	    5.0	
 1219	 124.94	    0.0	 1500.0	    0.0	 -575.4	  895.7	    0.0	  200.0	    0.0	    0.0	    0.0	    0.0	  100.0	    0.0	    0.0	    0.0	    0.0	    0.0	   46.3	  1	  550.0	 2050.0	    0.0	    0.0	    0.0	1	  299.8	 21	    0.0	    5.0	
 1220	 125.03	    0.0	 1500.0	    0.0	 -575.4	  895.7	    0.0	  200.0	    0.0	    0.0	    0.0	    0.0	  100.0	    0.0	    0.0	    0.0	    0.0	    0.0	   46.4	  1	  550.0	 2050.0	    0.0	    0.0	    0.0	1	  299.8	 21	    0.0	    5.0	
 1221	 125.14	    0.0	 1500.0	    0.0	 -575.4	  895.7	    0.0	  200.0	    0.0	    0.0	    0.0	    0.0	  100.0	    0.0	    0.0	    0.0	    0.0	    0.0	   46.4	  1	  550.0	 2050.0	    0.0	    0.0	    0.0	1	  299.8	 21	    0.0	    5.0	
 1222	 125.23	    0.0	 1500.0	    0.0	 -575.4	  895.7	    0.0	  200.0	    0.0	    0.0	    0.0	    0.0	  100.0	    0.0	    0.0	    0.0	    0.0	    0.0	   46.4	  1	  550.0	 2050.0	    0.0	    0.0	    0.0	1	  299.8	 21	    0.0	    5.0	
 1223	 125.33	    0.0	 1500.0	    0.0	 -575.4	  895.7	    0.0	  200.0	    0.0	    0.0	    0.0	    0.0	  100.0	    0.0	    0.0	    0.0	    0.0	    0.0	   46.5	  1	  550.0	 2050.0	    0.0	    0.0	    0.0	1	  299.8	 21	    0.0	    5.0	
 1224	 125.44	    0.0	 1500.0	    0.0	 -575.4	  895.7	    0.0	  200.0	    0.0	    0.0	    0.0	    0.0	  100.0	    0.0	    0.0	    0.0	    0.0	    0.0	   46.5	  1	  550.0	 2050.0	    0.0	    0.0	    0.0	1	  299.8	 21	    0.0	    5.0	
 1225	 125.53	    0.0	 1500.0	    0.0	 -575.4	  895.7	    0.0	  200.0	    0.0	    0.0	    0.0	    0.0	  100.0	    0.0	    0.0	    0.0	    0.0	    0.0	   46.6	  1	  550.0	 2050.0	    0.0	    0.0	    0.0	1	  299.8	 21	    0.0	    5.0	
 1226	 125.64	    0.0	 1500.0	    0.0	 -575.4	  895.7	    0.0	  200.0	    0.0	    0.0	    0.0	    0.0	  100.0	    0.0	    0.0	    0.0	    0.0	    0.0	   46.6	  1	  550.0	 2050.0	    0.0	    0.0	    0.0	1	  299.8	 21	    0.0	    5.0	
 1227	 125.73	    0.0	 1500.0	    0.0	 -575.4	  895.7	    0.0	  200.0	    0.0	    0.0	    0.0	    0.0	  100.0	    0.0	    0.0	    0.0	    0.0	    0.0	   46.6	  1	  550.0	 2050.0	    0.0	    0.0	    0.0	1	  299.8	 21	    0.0	    5.0	
 1228	 125.83	    0.0	 1500.0	    0.0	 -575.4	  895.7	    0.0	  200.0	    0.0	    0.0	    0.0	    0.0	  100.0	    0.0	    0.0	    0.0	    0.0	    0.0	   46.7	  1	  550.0	 2050.0	    0.0	    0.0	    0.0	1	  299.8	 21	    0.0	    5.0	
 1229	 125.94	    0.0	 1500.0	    0.0	 -575.4	  895.7	    0.0	  200.0	    0.0	    0.0	    0.0	    0.0	  100.0	    0.0	    0.0	    0.0	    0.0	    0.0	   46.7	  1	  550.0	 2050.0	    0.0	    0.0	    0.0	1	  299.8	 21	    0.0	    5.0	
 1230	 126.03	    0.0	 1500.0	    0.0	 -575.4	  895.7	    0.0	  200.0	    0.0	    0.0	    0.0	    0.0	  100.0	    0.0	    0.0	    0.0	    0.0	    0.0	   46.7	  1	  550.0	 2050.0	    0.0	    0.0	    0.0	1	  299.8	 21	    0.0	    5.0	
 1231	 126.14	    0.0	 1500.0	    0.0	 -575.4	  895.7	    0.0	  200.0	    0.0	    0.0	    0.0	    0.0	  100.0	    0.0	    0.0	    0.0	    0.0	    0.0	   46.8	  1	  550.0	 2050.0	    0.0	    0.0	    0.0	1	  299.8	 21	    0.0	    5.0	
 1232	 126.23	    0.0	 1500.0	    0.0	 -575.4	  895.7	    0.0	  200.0	    0.0	    0.0	    0.0	    0.0	  100.0	    0.0	    0.0	    0.0	    0.0	    0.0	   46.8	  1	  550.0	 2050.0	    0.0	    0.0	    0.0	1	  299.8	 21	    0.0	    5.0	
 1233	 126.33	    0.0	 1500.0	    0.0	 -575.4	  895.7	    0.0	  200.0	    0.0	    0.0	    0.0	    0.0	  100.0	    0.0	    0.0	    0.0	    0.0	    0.0	   46.9	  1	  550.0	 2050.0	    0.0	    0.0	    0.0	1	  299.8	 21	    0.0	    5.0	
 1234	 126.44	    0.0	 1500.0	    0.0	 -575.4	  895.7	    0.0	  200.0	    0.0	    0.0	    0.0	    0.0	  100.0	    0.0	    0.0	    0.0	    0.0	    0.0	   46.9	  1	  550.0	 2050.0	    0.0	    0.0	    0.0	1	  299.8	 21	    0.0	    5.0	
 1235	 126.53	    0.0	 1500.0	    0.0	 -573.2	  892.8	    0.0	  200.0	    0.0	    0.0	    0.0	    0.0	  100.0	    0.0	    0.0	    0.0	    0.0	    0.0	   46.9	  1	  550.0	 2050.0	    0.0	    0.0	    0.0	1	  299.8	 21	    0.0	    5.0	
 1236	 126.64	    0.0	 1500.0	    0.0	 -573.2	  892.8	    0.0	  200.0	    0.0	    0.0	    0.0	    0.0	  100.0	    0.0	    0.0	    0.0	    0.0	    0.0	   47.0	  1	  550.0	 2050.0	    0.0	    0.0	    0.0	1	  299.8	 21	    0.0	    5.0	
 1237	 126.74	    0.0	 1500.0	    0.0	 -573.2	  892.8	    0.0	  200.0	    0.0	    0.0	    0.0	    0.0	  100.0	    0.0	    0.0	    0.0	    0.0	    0.0	   47.0	  1	  550.0	 2050.0	    0.0	    0.0	    0.0	1	  299.8	 21	    0.0	    5.0	
 1238	 126.83	    0.0	 1500.0	    0.0	 -573.2	  892.8	    0.0	  200.0	    0.0	    0.0	    0.0	    0.0	  100.0	    0.0	    0.0	    0.0	    0.0	    0.0	   47.0	  1	  550.0	 2050.0	    0.0	    0.0	    0.0	1	  299.8	 21	    0.0	    5.0	
 1239	 126.94	    0.0	 1500.0	    0.0	 -573.2	  892.8	    0.0	  200.0	    0.0	    0.0	    0.0	    0.0	  100.0	    0.0	    0.0	    0.0	    0.0	    0.0	   47.1	  1	  550.0	 2050.0	    0.0	    0.0	    0.0	1	  299.8	 21	    0.0	    5.0	
 1240	 127.03	    0.0	 1500.0	    0.0	 -573.2	  892.8	    0.0	  200.0	    0.0	    0.0	    0.0	    0.0	  100.0	    0.0	    0.0	    0.0	    0.0	    0.0	   47.1	  1	  550.0	 2050.0	    0.0	    0.0	    0.0	1	  299.8	 21	    0.0	    5.0	
 1241	 127.14	    0.0	 1500.0	    0.0	 -573.2	  892.8	    0.0	  200.0	    0.0	    0.0	    0.0	    0.0	  100.0	    0.0	    0.0	    0.0	    0.0	    0.0	   47.2	  1	  550.0	 2050.0	    0.0	    0.0	    0.0	1	  299.8	 21	    0.0	    5.0	
 1242	 127.24	    0.0	 1500.0	    0.0	 -573.2	  892.8	    0.0	  200.0	    0.0	    0.0	    0.0	    0.0	  100.0	    0.0	    0.0	    0.0	    0.0	    0.0	   47.2	  1	  550.0	 2050.0	    0.0	    0.0	    0.0	1	  299.8	 21	    0.0	    5.0	
 1243	 127.33	    0.0	 1500.0	    0.0	 -573.2	  892.8	    0.0	  200.0	    0.0	    0.0	    0.0	    0.0	  100.0	    0.0	    0.0	    0.0	    0.0	    0.0	   47.2	  1	  550.0	 2050.0	    0.0	    0.0	    0.0	1	  299.8	 21	    0.0	    5.0	
 1244	 127.44	    0.0	 1500.0	    0.0	 -573.2	  892.8	    0.0	  200.0	    0.0	    0.0	    0.0	    0.0	  100.0	    0.0	    0.0	    0.0	    0.0	    0.0	   47.3	  1	  550.0	 2050.0	    0.0	    0.0	    0.0	1	  299.8	 21	    0.0	    5.0	
 1245	 127.54	    0.0	 1500.0	    0.0	 -573.2	  892.8	    0.0	  200.0	    0.0	    0.0	    0.0	    0.0	  100.0	    0.0	    0.0	    0.0	    0.0	    0.0	   47.3	  1	  550.0	 2050.0	    0.0	    0.0	    0.0	1	  299.8	 21	    0.0	    5.0	
 1246	 127.64	    0.0	 1500.0	    0.0	 -573.2	  892.8	    0.0	  200.0	    0.0	    0.0	    0.0	    0.0	  100.0	    0.0	    0.0	    0.0	    0.0	    0.0	   47.3	  1	  550.0	 2050.0	    0.0	    0.0	    0.0	1	  299.8	 21	    0.0	    5.0	
 1247	 127.73	    0.0	 1500.0	    0.0	 -573.2	  892.8	    0.0	  200.0	    0.0	    0.0	    0.0	    0.0	  100.0	    0.0	    0.0	    0.0	    0.0	    0.0	   47.4	  1	  550.0	 2050.0	    0.0	    0.0	    0.0	1	  299.8	 21	    0.0	    5.0	
 1248	 127.84	    0.0	 1500.0	    0.0	 -574.5	  892.3	    0.0	  200.0	    0.0	    0.0	    0.0	    0.0	  100.0	    0.0	    0.0	    0.0	    0.0	    0.0	   47.4	  1	  550.0	 2050.0	    0.0	    0.0	    0.0	1	  299.8	 21	    0.0	    5.0	
 1249	 127.94	    0.0	 1500.0	    0.0	 -574.1	  893.1	    0.0	  200.0	    0.0	    0.0	    0.0	    0.0	  100.0	    0.0	    0.0	    0.0	    0.0	    0.0	   47.5	  1	  550.0	 2050.0	    0.0	    0.0	    0.0	1	  299.8	 21	    0.0	    5.0	
 1250	 128.03	    0.0	 1500.0	    0.0	 -574.1	  893.1	    0.0	  200.0	    0.0	    0.0	    0.0	    0.0	  100.0	    0.0	    0.0	    0.0	    0.0	    0.0	   47.5	  1	  550.0	 2050.0	    0.0	    0.0	    0.0	1	  299.8	 21	    0.0	    5.0	
 1251	 128.13	    0.0	 1500.0	    0.0	 -574.1	  893.1	    0.0	  200.0	    0.0	    0.0	    0.0	    0.0	  100.0	    0.0	    0.0	    0.0	    0.0	    0.0	   47.5	  1	  550.0	 2050.0	    0.0	    0.0	    0.0	1	  299.8	 21	    0.0	    5.0	
 1252	 128.24	    0.0	 1500.0	    0.0	 -574.1	  893.1	    0.0	  200.0	    0.0	    0.0	    0.0	    0.0	  100.0	    0.0	    0.0	    0.0	    0.0	    0.0	   47.6	  1	  550.0	 2050.0	    0.0	    0.0	    0.0	1	  299.8	 21	    0.0	    5.0	
 1253	 128.34	    0.0	 1500.0	    0.0	 -574.1	  893.1	    0.0	  200.0	    0.0	    0.0	    0.0	    0.0	  100.0	    0.0	    0.0	    0.0	    0.0	    0.0	   47.6	  1	  550.0	 2050.0	    0.0	    0.0	    0.0	1	  299.8	 21	    0.0	    5.0	
 1254	 128.44	    0.0	 1500.0	    0.0	 -573.5	  891.9	    0.0	  200.0	    0.0	    0.0	    0.0	    0.0	  100.0	    0.0	    0.0	    0.0	    0.0	    0.0	   47.7	  1	  550.0	 2050.0	    0.0	    0.0	    0.0	1	  299.8	 21	    0.0	    5.0	
 1255	 128.53	    0.0	 1500.0	    0.0	 -573.5	  891.9	    0.0	  200.0	    0.0	    0.0	    0.0	    0.0	  100.0	    0.0	    0.0	    0.0	    0.0	    0.0	   47.7	  1	  550.0	 2050.0	    0.0	    0.0	    0.0	1	  299.8	 21	    0.0	    5.0	
 1256	 128.63	    0.0	 1500.0	    0.0	 -573.5	  891.9	    0.0	  200.0	    0.0	    0.0	    0.0	    0.0	  100.0	    0.0	    0.0	    0.0	    0.0	    0.0	   47.7	  1	  550.0	 2050.0	    0.0	    0.0	    0.0	1	  299.8	 21	    0.0	    5.0	
 1257	 128.74	    0.0	 1500.0	    0.0	 -573.5	  891.9	    0.0	  200.0	    0.0	    0.0	    0.0	    0.0	  100.0	    0.0	    0.0	    0.0	    0.0	    0.0	   47.8	  1	  550.0	 2050.0	    0.0	    0.0	    0.0	1	  299.8	 21	    0.0	    5.0	
 1258	 128.84	    0.0	 1500.0	    0.0	 -573.5	  891.9	    0.0	  200.0	    0.0	    0.0	    0.0	    0.0	  100.0	    0.0	    0.0	    0.0	    0.0	    0.0	   47.8	  1	  550.0	 2050.0	    0.0	    0.0	    0.0	1	  299.8	 21	    0.0	    5.0	
 1259	 128.94	    0.0	 1500.0	    0.0	 -573.5	  891.9	    0.0	  200.0	    0.0	    0.0	    0.0	    0.0	  100.0	    0.0	    0.0	    0.0	    0.0	    0.0	   47.8	  1	  550.0	 2050.0	    0.0	    0.0	    0.0	1	  299.8	 21	    0.0	    5.0	
 1260	 129.03	    0.0	 1500.0	    0.0	 -573.5	  891.9	    0.0	  200.0	    0.0	    0.0	    0.0	    0.0	  100.0	    0.0	    0.0	    0.0	    0.0	    0.0	   47.9	  1	  550.0	 2050.0	    0.0	    0.0	    0.0	1	  299.8	 21	    0.0	    5.0	
 1261	 129.13	    0.0	 1500.0	    0.0	 -585.0	  915.0	    0.0	  200.0	    0.0	    0.0	    0.0	    0.0	  100.0	    0.0	    0.0	    0.0	    0.0	    0.0	   47.9	  1	  550.0	 2050.0	    0.0	    0.0	    0.0	1	  299.8	 21	    0.0	    5.0	
 1262	 129.24	    0.0	 1500.0	    0.0	 -585.0	  915.0	    0.0	  200.0	    0.0	    0.0	    0.0	    0.0	  100.0	    0.0	    0.0	    0.0	    0.0	    0.0	   48.0	  1	  550.0	 2050.0	    0.0	    0.0	    0.0	1	  299.8	 21	    0.0	    5.0	
 1263	 129.34	    0.0	 1500.0	    0.0	 -585.0	  915.0	    0.0	  200.0	    0.0	    0.0	    0.0	    0.0	  100.0	    0.0	    0.0	    0.0	    0.0	    0.0	   48.0	  1	  550.0	 2050.0	    0.0	    0.0	    0.0	1	  299.8	 21	    0.0	    5.0	
 1264	 129.44	    0.0	 1500.0	    0.0	 -585.0	  915.0	    0.0	  200.0	    0.0	    0.0	    0.0	    0.0	  100.0	    0.0	    0.0	    0.0	    0.0	    0.0	   48.0	  1	  550.0	 2050.0	    0.0	    0.0	    0.0	1	  299.8	 21	    0.0	    5.0	
 1265	 129.54	    0.0	 1500.0	    0.0	 -585.0	  915.0	    0.0	  200.0	    0.0	    0.0	    0.0	    0.0	  100.0	    0.0	    0.0	    0.0	    0.0	    0.0	   48.1	  1	  550.0	 2050.0	    0.0	    0.0	    0.0	1	  299.8	 21	    0.0	    5.0	
 1266	 129.63	    0.0	 1500.0	    0.0	 -585.0	  915.0	    0.0	  200.0	    0.0	    0.0	    0.0	    0.0	  100.0	    0.0	    0.0	    0.0	    0.0	    0.0	   48.1	  1	  550.0	 2050.0	    0.0	    0.0	    0.0	1	  299.8	 21	    0.0	    5.0	
 1267	 129.74	    0.0	 1500.0	    0.0	 -585.0	  915.0	    0.0	  200.0	    0.0	    0.0	    0.0	    0.0	  100.0	    0.0	    0.0	    0.0	    0.0	    0.0	   48.1	  1	  550.0	 2050.0	    0.0	    0.0	    0.0	1	  299.8	 21	    0.0	    5.0	
 1268	 129.84	    0.0	 1500.0	    0.0	 -585.0	  915.0	    0.0	  200.0	    0.0	    0.0	    0.0	    0.0	  100.0	    0.0	    0.0	    0.0	    0.0	    0.0	   48.2	  1	  550.0	 2050.0	    0.0	    0.0	    0.0	1	  299.8	 21	    0.0	    5.0	
 1269	 129.94	    0.0	 1500.0	    0.0	 -530.4	  794.0	    0.0	  200.0	    0.0	    0.0	    0.0	    0.0	  100.0	    0.0	    0.0	    0.0	    0.0	    0.0	   48.2	  1	  550.0	 2050.0	    0.0	    0.0	    0.0	1	  299.8	 21	    0.0	    5.0	
 1270	 130.03	    0.0	 1500.0	    0.0	 -530.4	  794.0	    0.0	  200.0	    0.0	    0.0	    0.0	    0.0	  100.0	    0.0	    0.0	    0.0	    0.0	    0.0	   48.3	  1	  550.0	 2050.0	    0.0	    0.0	    0.0	1	  299.8	 21	    0.0	    5.0	
 1271	 130.14	    0.0	 1500.0	    0.0	 -530.4	  794.0	    0.0	  200.0	    0.0	    0.0	    0.0	    0.0	  100.0	    0.0	    0.0	    0.0	    0.0	    0.0	   48.3	  1	  550.0	 2050.0	    0.0	    0.0	    0.0	1	  299.8	 21	    0.0	    5.0	
 1272	 130.24	    0.0	 1500.0	    0.0	 -530.4	  794.0	    0.0	  200.0	    0.0	    0.0	    0.0	    0.0	  100.0	    0.0	    0.0	    0.0	    0.0	    0.0	   48.3	  1	  550.0	 2050.0	    0.0	    0.0	    0.0	1	  299.8	 21	    0.0	    5.0	
 1273	 130.34	    0.0	 1500.0	    0.0	 -530.4	  794.0	    0.0	  200.0	    0.0	    0.0	    0.0	    0.0	  100.0	    0.0	    0.0	    0.0	    0.0	    0.0	   48.4	  1	  550.0	 2050.0	    0.0	    0.0	    0.0	1	  299.8	 21	    0.0	    5.0	
 1274	 130.44	    0.0	 1500.0	    0.0	 -626.7	 1005.5	    0.0	  200.0	    0.0	    0.0	    0.0	    0.0	  100.0	    0.0	    0.0	    0.0	    0.0	    0.0	   48.4	  1	  550.0	 2050.0	    0.0	    0.0	    0.0	1	  299.8	 21	    0.0	    5.0	
 1275	 130.53	    0.0	 1500.0	    0.0	 -488.0	  690.1	    0.0	  200.0	    0.0	    0.0	    0.0	    0.0	  100.0	    0.0	    0.0	    0.0	    0.0	    0.0	   48.5	  1	  550.0	 2050.0	    0.0	    0.0	    0.0	1	  299.8	 21	    0.0	    5.0	
 1276	 130.63	    0.0	 1500.0	    0.0	 -488.0	  690.1	    0.0	  200.0	    0.0	    0.0	    0.0	    0.0	  100.0	    0.0	    0.0	    0.0	    0.0	    0.0	   48.5	  1	  550.0	 2050.0	    0.0	    0.0	    0.0	1	  299.8	 21	    0.0	    5.0	
 1277	 130.74	    0.0	 1500.0	    0.0	 -488.0	  690.1	    0.0	  200.0	    0.0	    0.0	    0.0	    0.0	  100.0	    0.0	    0.0	    0.0	    0.0	    0.0	   48.5	  1	  550.0	 2050.0	    0.0	    0.0	    0.0	1	  299.8	 21	    0.0	    5.0	
 1278	 130.84	    0.0	 1500.0	    0.0	 -488.0	  690.1	    0.0	  200.0	    0.0	    0.0	    0.0	    0.0	  100.0	    0.0	    0.0	    0.0	    0.0	    0.0	   48.6	  1	  550.0	 2050.0	    0.0	    0.0	    0.0	1	  299.8	 21	    0.0	    5.0	
 1279	 130.94	    0.0	 1500.0	    0.0	 -488.0	  690.1	    0.0	  200.0	    0.0	    0.0	    0.0	    0.0	  100.0	    0.0	    0.0	    0.0	    0.0	    0.0	   48.6	  1	  550.0	 2050.0	    0.0	    0.0	    0.0	1	  299.8	 21	    0.0	    5.0	
 1280	 131.03	    0.0	 1500.0	    0.0	 -488.0	  690.1	    0.0	  200.0	    0.0	    0.0	    0.0	    0.0	  100.0	    0.0	    0.0	    0.0	    0.0	    0.0	   48.6	  1	  550.0	 2050.0	    0.0	    0.0	    0.0	1	  299.8	 21	    0.0	    5.0	
 1281	 131.13	    0.0	 1500.0	    0.0	 -479.9	  649.0	    0.0	  200.0	    0.0	    0.0	    0.0	    0.0	  100.0	    0.0	    0.0	    0.0	    0.0	    0.0	   48.7	  1	  550.0	 2050.0	    0.0	    0.0	    0.0	1	  299.8	 21	    0.0	    5.0	
 1282	 131.24	    0.0	 1500.0	    0.0	 -479.9	  649.0	    0.0	  200.0	    0.0	    0.0	    0.0	    0.0	  100.0	    0.0	    0.0	    0.0	    0.0	    0.0	   48.7	  1	  550.0	 2050.0	    0.0	    0.0	    0.0	1	  299.8	 21	    0.0	    5.0	
 1283	 131.34	    0.0	 1500.0	    0.0	 -479.9	  649.0	    0.0	  200.0	    0.0	    0.0	    0.0	    0.0	  100.0	    0.0	    0.0	    0.0	    0.0	    0.0	   48.8	  1	  550.0	 2050.0	    0.0	    0.0	    0.0	1	  299.8	 21	    0.0	    5.0	
 1284	 131.44	    0.0	 1500.0	    0.0	 -479.9	  649.0	    0.0	  200.0	    0.0	    0.0	    0.0	    0.0	  100.0	    0.0	    0.0	    0.0	    0.0	    0.0	   48.8	  1	  550.0	 2050.0	    0.0	    0.0	    0.0	1	  299.8	 21	    0.0	    5.0	
 1285	 131.53	    0.0	 1500.0	    0.0	 -479.9	  649.0	    0.0	  200.0	    0.0	    0.0	    0.0	    0.0	  100.0	    0.0	    0.0	    0.0	    0.0	    0.0	   48.8	  1	  550.0	 2050.0	    0.0	    0.0	    0.0	1	  299.8	 21	    0.0	    5.0	
 1286	 131.64	    0.0	 1500.0	    0.0	 -479.9	  649.0	    0.0	  200.0	    0.0	    0.0	    0.0	    0.0	  100.0	    0.0	    0.0	    0.0	    0.0	    0.0	   48.9	  1	  550.0	 2050.0	    0.0	    0.0	    0.0	1	  299.8	 21	    0.0	    5.0	
 1287	 131.74	    0.0	 1500.0	    0.0	 -487.4	  648.2	    0.0	  200.0	    0.0	    0.0	    0.0	    0.0	  100.0	    0.0	    0.0	    0.0	    0.0	    0.0	   48.9	  1	  550.0	 2050.0	    0.0	    0.0	    0.0	1	  299.8	 21	    0.0	    5.0	
 1288	 131.84	    0.0	 1500.0	    0.0	 -487.4	  648.2	    0.0	  200.0	    0.0	    0.0	    0.0	    0.0	  100.0	    0.0	    0.0	    0.0	    0.0	    0.0	   48.9	  1	  550.0	 2050.0	    0.0	    0.0	    0.0	1	  299.8	 21	    0.0	    5.0	
 1289	 131.94	    0.0	 1500.0	    0.0	 -487.4	  648.2	    0.0	  200.0	    0.0	    0.0	    0.0	    0.0	  100.0	    0.0	    0.0	    0.0	    0.0	    0.0	   49.0	  1	  550.0	 2050.0	    0.0	    0.0	    0.0	1	  299.8	 21	    0.0	    5.0	
 1290	 132.03	    0.0	 1500.0	    0.0	 -487.4	  648.2	    0.0	  200.0	    0.0	    0.0	    0.0	    0.0	  100.0	    0.0	    0.0	    0.0	    0.0	    0.0	   49.0	  1	  550.0	 2050.0	    0.0	    0.0	    0.0	1	  299.8	 21	    0.0	    5.0	
 1291	 132.14	    0.0	 1500.0	    0.0	 -487.4	  648.2	    0.0	  200.0	    0.0	    0.0	    0.0	    0.0	  100.0	    0.0	    0.0	    0.0	    0.0	    0.0	   49.1	  1	  550.0	 2050.0	    0.0	    0.0	    0.0	1	  299.8	 21	    0.0	    5.0	
 1292	 132.24	    0.0	 1500.0	    0.0	 -504.2	  661.4	    0.0	  200.0	    0.0	    0.0	    0.0	    0.0	  100.0	    0.0	    0.0	    0.0	    0.0	    0.0	   49.1	  1	  550.0	 2050.0	    0.0	    0.0	    0.0	1	  299.8	 21	    0.0	    5.0	
 1293	 132.34	    0.0	 1500.0	    0.0	 -504.2	  661.4	    0.0	  200.0	    0.0	    0.0	    0.0	    0.0	  100.0	    0.0	    0.0	    0.0	    0.0	    0.0	   49.1	  1	  550.0	 2050.0	    0.0	    0.0	    0.0	1	  299.8	 21	    0.0	    5.0	
 1294	 132.44	    0.0	 1500.0	    0.0	 -504.2	  661.4	    0.0	  200.0	    0.0	    0.0	    0.0	    0.0	  100.0	    0.0	    0.0	    0.0	    0.0	    0.0	   49.2	  1	  550.0	 2050.0	    0.0	    0.0	    0.0	1	  299.8	 21	    0.0	    5.0	
 1295	 132.53	    0.0	 1500.0	    0.0	 -504.2	  661.4	    0.0	  200.0	    0.0	    0.0	    0.0	    0.0	  100.0	    0.0	    0.0	    0.0	    0.0	    0.0	   49.2	  1	  550.0	 2050.0	    0.0	    0.0	    0.0	1	  299.8	 21	    0.0	    5.0	
 1296	 132.63	    0.0	 1500.0	    0.0	 -506.8	  662.9	    0.0	  200.0	    0.0	    0.0	    0.0	    0.0	  100.0	    0.0	    0.0	    0.0	    0.0	    0.0	   49.2	  1	  550.0	 2050.0	    0.0	    0.0	    0.0	1	  299.8	 21	    0.0	    5.0	
 1297	 132.74	    0.0	 1500.0	    0.0	 -506.8	  662.9	    0.0	  200.0	    0.0	    0.0	    0.0	    0.0	  100.0	    0.0	    0.0	    0.0	    0.0	    0.0	   49.3	  1	  550.0	 2050.0	    0.0	    0.0	    0.0	1	  299.8	 21	    0.0	    5.0	
 1298	 132.84	    0.0	 1500.0	    0.0	 -506.8	  662.9	    0.0	  200.0	    0.0	    0.0	    0.0	    0.0	  100.0	    0.0	    0.0	    0.0	    0.0	    0.0	   49.3	  1	  550.0	 2050.0	    0.0	    0.0	    0.0	1	  299.8	 21	    0.0	    5.0	
 1299	 132.94	    0.0	 1500.0	    0.0	 -506.8	  662.9	    0.0	  200.0	    0.0	    0.0	    0.0	    0.0	  100.0	    0.0	    0.0	    0.0	    0.0	    0.0	   49.4	  1	  550.0	 2050.0	    0.0	    0.0	    0.0	1	  299.8	 21	    0.0	    5.0	
 1300	 133.03	    0.0	 1500.0	    0.0	 -506.8	  662.9	    0.0	  200.0	    0.0	    0.0	    0.0	    0.0	  100.0	    0.0	    0.0	    0.0	    0.0	    0.0	   49.4	  1	  550.0	 2050.0	    0.0	    0.0	    0.0	1	  299.8	 21	    0.0	    5.0	
 1301	 133.13	    0.0	 1500.0	    0.0	 -506.8	  662.9	    0.0	  200.0	    0.0	    0.0	    0.0	    0.0	  100.0	    0.0	    0.0	    0.0	    0.0	    0.0	   49.4	  1	  550.0	 2050.0	    0.0	    0.0	    0.0	1	  299.8	 21	    0.0	    5.0	
 1302	 133.24	    0.0	 1500.0	    0.0	 -503.9	  663.3	    0.0	  200.0	    0.0	    0.0	    0.0	    0.0	  100.0	    0.0	    0.0	    0.0	    0.0	    0.0	   49.5	  1	  550.0	 2050.0	    0.0	    0.0	    0.0	1	  299.8	 21	    0.0	    5.0	
 1303	 133.34	    0.0	 1500.0	    0.0	 -503.9	  663.3	    0.0	  200.0	    0.0	    0.0	    0.0	    0.0	  100.0	    0.0	    0.0	    0.0	    0.0	    0.0	   49.5	  1	  550.0	 2050.0	    0.0	    0.0	    0.0	1	  299.8	 21	    0.0	    5.0	
 1304	 133.44	    0.0	 1500.0	    0.0	 -503.9	  663.3	    0.0	  200.0	    0.0	    0.0	    0.0	    0.0	  100.0	    0.0	    0.0	    0.0	    0.0	    0.0	   49.6	  1	  550.0	 2050.0	    0.0	    0.0	    0.0	1	  299.8	 21	    0.0	    5.0	
 1305	 133.53	    0.0	 1500.0	    0.0	 -503.5	  665.1	    0.0	  200.0	    0.0	    0.0	    0.0	    0.0	  100.0	    0.0	    0.0	    0.0	    0.0	    0.0	   49.6	  1	  550.0	 2050.0	    0.0	    0.0	    0.0	1	  299.8	 21	    0.0	    5.0	
 1306	 133.63	    0.0	 1500.0	    0.0	 -503.5	  665.1	    0.0	  200.0	    0.0	    0.0	    0.0	    0.0	  100.0	    0.0	    0.0	    0.0	    0.0	    0.0	   49.6	  1	  550.0	 2050.0	    0.0	    0.0	    0.0	1	  299.8	 21	    0.0	    5.0	
 1307	 133.74	    0.0	 1500.0	    0.0	 -503.9	  663.3	    0.0	  200.0	    0.0	    0.0	    0.0	    0.0	  100.0	    0.0	    0.0	    0.0	    0.0	    0.0	   49.7	  1	  550.0	 2050.0	    0.0	    0.0	    0.0	1	  299.8	 21	    0.0	    5.0	
 1308	 133.84	    0.0	 1500.0	    0.0	 -503.9	  663.3	    0.0	  200.0	    0.0	    0.0	    0.0	    0.0	  100.0	    0.0	    0.0	    0.0	    0.0	    0.0	   49.7	  1	  550.0	 2050.0	    0.0	    0.0	    0.0	1	  299.8	 21	    0.0	    5.0	
 1309	 133.94	    0.0	 1500.0	    0.0	 -504.0	  662.4	    0.0	  200.0	    0.0	    0.0	    0.0	    0.0	  100.0	    0.0	    0.0	    0.0	    0.0	    0.0	   49.7	  1	  550.0	 2050.0	    0.0	    0.0	    0.0	1	  299.8	 21	    0.0	    5.0	
 1310	 134.03	    0.0	 1500.0	    0.0	 -504.0	  662.4	    0.0	  200.0	    0.0	    0.0	    0.0	    0.0	  100.0	    0.0	    0.0	    0.0	    0.0	    0.0	   49.8	  1	  550.0	 2050.0	    0.0	    0.0	    0.0	1	  299.8	 21	    0.0	    5.0	
 1311	 134.13	    0.0	 1500.0	    0.0	 -504.0	  662.4	    0.0	  200.0	    0.0	    0.0	    0.0	    0.0	  100.0	    0.0	    0.0	    0.0	    0.0	    0.0	   49.8	  1	  550.0	 2050.0	    0.0	    0.0	    0.0	1	  299.8	 21	    0.0	    5.0	
 1312	 134.24	    0.0	 1500.0	    0.0	 -504.0	  662.4	    0.0	  200.0	    0.0	    0.0	    0.0	    0.0	  100.0	    0.0	    0.0	    0.0	    0.0	    0.0	   49.9	  1	  550.0	 2050.0	    0.0	    0.0	    0.0	1	  299.8	 21	    0.0	    5.0	
 1313	 134.34	    0.0	 1500.0	    0.0	 -504.0	  662.4	    0.0	  200.0	    0.0	    0.0	    0.0	    0.0	  100.0	    0.0	    0.0	    0.0	    0.0	    0.0	   49.9	  1	  550.0	 2050.0	    0.0	    0.0	    0.0	1	  299.8	 21	    0.0	    5.0	
 1314	 134.44	    0.0	 1500.0	    0.0	 -504.0	  662.4	    0.0	  200.0	    0.0	    0.0	    0.0	    0.0	  100.0	    0.0	    0.0	    0.0	    0.0	    0.0	   49.9	  1	  550.0	 2050.0	    0.0	    0.0	    0.0	1	  299.8	 21	    0.0	    5.0	
 1315	 134.53	    0.0	 1500.0	    0.0	 -502.8	  661.2	    0.0	  200.0	    0.0	    0.0	    0.0	    0.0	  100.0	    0.0	    0.0	    0.0	    0.0	    0.0	   50.0	  1	  550.0	 2050.0	    0.0	    0.0	    0.0	1	  299.8	 21	    0.0	    5.0	
 1316	 134.64	    0.0	 1500.0	    0.0	 -502.8	  661.2	    0.0	  200.0	    0.0	    0.0	    0.0	    0.0	  100.0	    0.0	    0.0	    0.0	    0.0	    0.0	   50.0	  1	  550.0	 2050.0	    0.0	    0.0	    0.0	1	  299.8	 21	    0.0	    5.0	
 1317	 134.74	    0.0	 1500.0	    0.0	 -502.6	  662.1	    0.0	  200.0	    0.0	    0.0	    0.0	    0.0	  100.0	    0.0	    0.0	    0.0	    0.0	    0.0	   50.0	  1	  550.0	 2050.0	    0.0	    0.0	    0.0	1	  299.8	 21	    0.0	    5.0	
 1318	 134.84	    0.0	 1500.0	    0.0	 -502.6	  662.1	    0.0	  200.0	    0.0	    0.0	    0.0	    0.0	  100.0	    0.0	    0.0	    0.0	    0.0	    0.0	   50.1	  1	  550.0	 2050.0	    0.0	    0.0	    0.0	1	  299.8	 21	    0.0	    5.0	
 1319	 134.94	    0.0	 1500.0	    0.0	 -502.6	  662.1	    0.0	  200.0	    0.0	    0.0	    0.0	    0.0	  100.0	    0.0	    0.0	    0.0	    0.0	    0.0	   50.1	  1	  550.0	 2050.0	    0.0	    0.0	    0.0	1	  299.8	 21	    0.0	    5.0	
 1320	 135.03	    0.0	 1500.0	    0.0	 -502.6	  662.1	    0.0	  200.0	    0.0	    0.0	    0.0	    0.0	  100.0	    0.0	    0.0	    0.0	    0.0	    0.0	   50.2	  1	  550.0	 2050.0	    0.0	    0.0	    0.0	1	  299.8	 21	    0.0	    5.0	
 1321	 135.13	    0.0	 1500.0	    0.0	 -502.6	  662.1	    0.0	  200.0	    0.0	    0.0	    0.0	    0.0	  100.0	    0.0	    0.0	    0.0	    0.0	    0.0	   50.2	  1	  550.0	 2050.0	    0.0	    0.0	    0.0	1	  299.8	 21	    0.0	    5.0	
 1322	 135.24	    0.0	 1500.0	    0.0	 -502.6	  662.1	    0.0	  200.0	    0.0	    0.0	    0.0	    0.0	  100.0	    0.0	    0.0	    0.0	    0.0	    0.0	   50.2	  1	  550.0	 2050.0	    0.0	    0.0	    0.0	1	  299.8	 21	    0.0	    5.0	
 1323	 135.34	    0.0	 1500.0	    0.0	 -502.8	  661.2	    0.0	  200.0	    0.0	    0.0	    0.0	    0.0	  100.0	    0.0	    0.0	    0.0	    0.0	    0.0	   50.3	  1	  550.0	 2050.0	    0.0	    0.0	    0.0	1	  299.8	 21	    0.0	    5.0	
 1324	 135.44	    0.0	 1500.0	    0.0	 -502.4	  663.0	    0.0	  200.0	    0.0	    0.0	    0.0	    0.0	  100.0	    0.0	    0.0	    0.0	    0.0	    0.0	   50.3	  1	  550.0	 2050.0	    0.0	    0.0	    0.0	1	  299.8	 21	    0.0	    5.0	
 1325	 135.53	    0.0	 1500.0	    0.0	 -502.4	  663.0	    0.0	  200.0	    0.0	    0.0	    0.0	    0.0	  100.0	    0.0	    0.0	    0.0	    0.0	    0.0	   50.4	  1	  550.0	 2050.0	    0.0	    0.0	    0.0	1	  299.8	 21	    0.0	    5.0	
 1326	 135.63	    0.0	 1500.0	    0.0	 -502.4	  663.0	    0.0	  200.0	    0.0	    0.0	    0.0	    0.0	  100.0	    0.0	    0.0	    0.0	    0.0	    0.0	   50.4	  1	  550.0	 2050.0	    0.0	    0.0	    0.0	1	  299.8	 21	    0.0	    5.0	
 1327	 135.74	    0.0	 1500.0	    0.0	 -502.4	  663.0	    0.0	  200.0	    0.0	    0.0	    0.0	    0.0	  100.0	    0.0	    0.0	    0.0	    0.0	    0.0	   50.4	  1	  550.0	 2050.0	    0.0	    0.0	    0.0	1	  299.8	 21	    0.0	    5.0	
 1328	 135.84	    0.0	 1500.0	    0.0	 -502.4	  663.0	    0.0	  200.0	    0.0	    0.0	    0.0	    0.0	  100.0	    0.0	    0.0	    0.0	    0.0	    0.0	   50.5	  1	  550.0	 2050.0	    0.0	    0.0	    0.0	1	  299.8	 21	    0.0	    5.0	
 1329	 135.94	    0.0	 1500.0	    0.0	 -502.4	  663.0	    0.0	  200.0	    0.0	    0.0	    0.0	    0.0	  100.0	    0.0	    0.0	    0.0	    0.0	    0.0	   50.5	  1	  550.0	 2050.0	    0.0	    0.0	    0.0	1	  299.8	 21	    0.0	    5.0	
 1330	 136.03	    0.0	 1500.0	    0.0	 -502.4	  663.0	    0.0	  200.0	    0.0	    0.0	    0.0	    0.0	  100.0	    0.0	    0.0	    0.0	    0.0	    0.0	   50.5	  1	  550.0	 2050.0	    0.0	    0.0	    0.0	1	  299.8	 21	    0.0	    5.0	
 1331	 136.13	    0.0	 1500.0	    0.0	 -502.4	  663.0	    0.0	  200.0	    0.0	    0.0	    0.0	    0.0	  100.0	    0.0	    0.0	    0.0	    0.0	    0.0	   50.6	  1	  550.0	 2050.0	    0.0	    0.0	    0.0	1	  299.8	 21	    0.0	    5.0	
 1332	 136.24	    0.0	 1500.0	    0.0	 -502.4	  663.0	    0.0	  200.0	    0.0	    0.0	    0.0	    0.0	  100.0	    0.0	    0.0	    0.0	    0.0	    0.0	   50.6	  1	  550.0	 2050.0	    0.0	    0.0	    0.0	1	  299.8	 21	    0.0	    5.0	
 1333	 136.34	    0.0	 1500.0	    0.0	 -502.4	  663.0	    0.0	  200.0	    0.0	    0.0	    0.0	    0.0	  100.0	    0.0	    0.0	    0.0	    0.0	    0.0	   50.7	  1	  550.0	 2050.0	    0.0	    0.0	    0.0	1	  299.8	 21	    0.0	    5.0	
 1334	 136.44	    0.0	 1500.0	    0.0	 -502.4	  663.0	    0.0	  200.0	    0.0	    0.0	    0.0	    0.0	  100.0	    0.0	    0.0	    0.0	    0.0	    0.0	   50.7	  1	  550.0	 2050.0	    0.0	    0.0	    0.0	1	  299.8	 21	    0.0	    5.0	
 1335	 136.53	    0.0	 1500.0	    0.0	 -508.1	  664.0	    0.0	  200.0	    0.0	    0.0	    0.0	    0.0	  100.0	    0.0	    0.0	    0.0	    0.0	    0.0	   50.7	  1	  550.0	 2050.0	    0.0	    0.0	    0.0	1	  299.8	 21	    0.0	    5.0	
 1336	 136.63	    0.0	 1500.0	    0.0	 -508.1	  664.0	    0.0	  200.0	    0.0	    0.0	    0.0	    0.0	  100.0	    0.0	    0.0	    0.0	    0.0	    0.0	   50.8	  1	  550.0	 2050.0	    0.0	    0.0	    0.0	1	  299.8	 21	    0.0	    5.0	
 1337	 136.74	    0.0	 1500.0	    0.0	 -508.1	  664.0	    0.0	  200.0	    0.0	    0.0	    0.0	    0.0	  100.0	    0.0	    0.0	    0.0	    0.0	    0.0	   50.8	  1	  550.0	 2050.0	    0.0	    0.0	    0.0	1	  299.8	 21	    0.0	    5.0	
 1338	 136.84	    0.0	 1500.0	    0.0	 -508.1	  664.0	    0.0	  200.0	    0.0	    0.0	    0.0	    0.0	  100.0	    0.0	    0.0	    0.0	    0.0	    0.0	   50.8	  1	  550.0	 2050.0	    0.0	    0.0	    0.0	1	  299.8	 21	    0.0	    5.0	
 1339	 136.94	    0.0	 1500.0	    0.0	 -508.1	  664.0	    0.0	  200.0	    0.0	    0.0	    0.0	    0.0	  100.0	    0.0	    0.0	    0.0	    0.0	    0.0	   50.9	  1	  550.0	 2050.0	    0.0	    0.0	    0.0	1	  299.8	 21	    0.0	    5.0	
 1340	 137.03	    0.0	 1500.0	    0.0	 -508.1	  664.0	    0.0	  200.0	    0.0	    0.0	    0.0	    0.0	  100.0	    0.0	    0.0	    0.0	    0.0	    0.0	   50.9	  1	  550.0	 2050.0	    0.0	    0.0	    0.0	1	  299.8	 21	    0.0	    5.0	
 1341	 137.14	    0.0	 1500.0	    0.0	 -505.1	  664.5	    0.0	  200.0	    0.0	    0.0	    0.0	    0.0	  100.0	    0.0	    0.0	    0.0	    0.0	    0.0	   51.0	  1	  550.0	 2050.0	    0.0	    0.0	    0.0	1	  299.8	 21	    0.0	    5.0	
 1342	 137.24	    0.0	 1500.0	    0.0	 -505.1	  664.5	    0.0	  200.0	    0.0	    0.0	    0.0	    0.0	  100.0	    0.0	    0.0	    0.0	    0.0	    0.0	   51.0	  1	  550.0	 2050.0	    0.0	    0.0	    0.0	1	  299.8	 21	    0.0	    5.0	
 1343	 137.34	    0.0	 1500.0	    0.0	 -505.1	  664.5	    0.0	  200.0	    0.0	    0.0	    0.0	    0.0	  100.0	    0.0	    0.0	    0.0	    0.0	    0.0	   51.0	  1	  550.0	 2050.0	    0.0	    0.0	    0.0	1	  299.8	 21	    0.0	    5.0	
 1344	 137.44	    0.0	 1500.0	    0.0	 -505.1	  664.5	    0.0	  200.0	    0.0	    0.0	    0.0	    0.0	  100.0	    0.0	    0.0	    0.0	    0.0	    0.0	   51.1	  1	  550.0	 2050.0	    0.0	    0.0	    0.0	1	  299.8	 21	    0.0	    5.0	
 1345	 137.53	    0.0	 1500.0	    0.0	 -505.1	  664.5	    0.0	  200.0	    0.0	    0.0	    0.0	    0.0	  100.0	    0.0	    0.0	    0.0	    0.0	    0.0	   51.1	  1	  550.0	 2050.0	    0.0	    0.0	    0.0	1	  299.8	 21	    0.0	    5.0	
 1346	 137.63	    0.0	 1500.0	    0.0	 -505.1	  664.5	    0.0	  200.0	    0.0	    0.0	    0.0	    0.0	  100.0	    0.0	    0.0	    0.0	    0.0	    0.0	   51.1	  1	  550.0	 2050.0	    0.0	    0.0	    0.0	1	  299.8	 21	    0.0	    5.0	
 1347	 137.74	    0.0	 1500.0	    0.0	 -505.1	  664.5	    0.0	  200.0	    0.0	    0.0	    0.0	    0.0	  100.0	    0.0	    0.0	    0.0	    0.0	    0.0	   51.2	  1	  550.0	 2050.0	    0.0	    0.0	    0.0	1	  299.8	 21	    0.0	    5.0	
 1348	 137.84	    0.0	 1500.0	    0.0	 -505.1	  664.5	    0.0	  200.0	    0.0	    0.0	    0.0	    0.0	  100.0	    0.0	    0.0	    0.0	    0.0	    0.0	   51.2	  1	  550.0	 2050.0	    0.0	    0.0	    0.0	1	  299.8	 21	    0.0	    5.0	
 1349	 137.94	    0.0	 1500.0	    0.0	 -505.1	  664.5	    0.0	  200.0	    0.0	    0.0	    0.0	    0.0	  100.0	    0.0	    0.0	    0.0	    0.0	    0.0	   51.3	  1	  550.0	 2050.0	    0.0	    0.0	    0.0	1	  299.8	 21	    0.0	    5.0	
 1350	 138.03	    0.0	 1500.0	    0.0	 -505.1	  664.5	    0.0	  200.0	    0.0	    0.0	    0.0	    0.0	  100.0	    0.0	    0.0	    0.0	    0.0	    0.0	   51.3	  1	  550.0	 2050.0	    0.0	    0.0	    0.0	1	  299.8	 21	    0.0	    5.0	
 1351	 138.14	    0.0	 1500.0	    0.0	 -500.6	  665.6	    0.0	  200.0	    0.0	    0.0	    0.0	    0.0	  100.0	    0.0	    0.0	    0.0	    0.0	    0.0	   51.3	  1	  550.0	 2050.0	    0.0	    0.0	    0.0	1	  299.8	 21	    0.0	    5.0	
 1352	 138.24	    0.0	 1500.0	    0.0	 -500.6	  665.6	    0.0	  200.0	    0.0	    0.0	    0.0	    0.0	  100.0	    0.0	    0.0	    0.0	    0.0	    0.0	   51.4	  1	  550.0	 2050.0	    0.0	    0.0	    0.0	1	  299.8	 21	    0.0	    5.0	
 1353	 138.34	    0.0	 1500.0	    0.0	 -500.6	  665.6	    0.0	  200.0	    0.0	    0.0	    0.0	    0.0	  100.0	    0.0	    0.0	    0.0	    0.0	    0.0	   51.4	  1	  550.0	 2050.0	    0.0	    0.0	    0.0	1	  299.8	 21	    0.0	    5.0	
 1354	 138.44	    0.0	 1500.0	    0.0	 -500.6	  665.6	    0.0	  200.0	    0.0	    0.0	    0.0	    0.0	  100.0	    0.0	    0.0	    0.0	    0.0	    0.0	   51.5	  1	  550.0	 2050.0	    0.0	    0.0	    0.0	1	  299.8	 21	    0.0	    5.0	
 1355	 138.53	    0.0	 1500.0	    0.0	 -500.6	  665.6	    0.0	  200.0	    0.0	    0.0	    0.0	    0.0	  100.0	    0.0	    0.0	    0.0	    0.0	    0.0	   51.5	  1	  550.0	 2050.0	    0.0	    0.0	    0.0	1	  299.8	 21	    0.0	    5.0	
 1356	 138.63	    0.0	 1500.0	    0.0	 -500.9	  663.7	    0.0	  200.0	    0.0	    0.0	    0.0	    0.0	  100.0	    0.0	    0.0	    0.0	    0.0	    0.0	   51.5	  1	  550.0	 2050.0	    0.0	    0.0	    0.0	1	  299.8	 21	    0.0	    5.0	
 1357	 138.74	    0.0	 1500.0	    0.0	 -620.3	  974.0	    0.0	  200.0	    0.0	    0.0	    0.0	    0.0	  100.0	    0.0	    0.0	    0.0	    0.0	    0.0	   51.6	  1	  550.0	 2050.0	    0.0	    0.0	    0.0	1	  299.8	 21	    0.0	    5.0	
 1358	 138.84	    0.0	 1500.0	    0.0	 -500.9	  663.7	    0.0	  200.0	    0.0	    0.0	    0.0	    0.0	  100.0	    0.0	    0.0	    0.0	    0.0	    0.0	   51.6	  1	  550.0	 2050.0	    0.0	    0.0	    0.0	1	  299.8	 21	    0.0	    5.0	
 1359	 138.94	    0.0	 1500.0	    0.0	 -500.9	  663.7	    0.0	  200.0	    0.0	    0.0	    0.0	    0.0	  100.0	    0.0	    0.0	    0.0	    0.0	    0.0	   51.6	  1	  550.0	 2050.0	    0.0	    0.0	    0.0	1	  299.8	 21	    0.0	    5.0	
 1360	 139.04	    0.0	 1500.0	    0.0	 -500.9	  663.7	    0.0	  200.0	    0.0	    0.0	    0.0	    0.0	  100.0	    0.0	    0.0	    0.0	    0.0	    0.0	   51.7	  1	  550.0	 2050.0	    0.0	    0.0	    0.0	1	  299.8	 21	    0.0	    5.0	
 1361	 139.13	    0.0	 1500.0	    0.0	 -500.9	  663.7	    0.0	  200.0	    0.0	    0.0	    0.0	    0.0	  100.0	    0.0	    0.0	    0.0	    0.0	    0.0	   51.7	  1	  550.0	 2050.0	    0.0	    0.0	    0.0	1	  299.8	 21	    0.0	    5.0	
 1362	 139.24	    0.0	 1500.0	    0.0	 -498.4	  661.4	    0.0	  200.0	    0.0	    0.0	    0.0	    0.0	  100.0	    0.0	    0.0	    0.0	    0.0	    0.0	   51.8	  1	  550.0	 2050.0	    0.0	    0.0	    0.0	1	  299.8	 21	    0.0	    5.0	
 1363	 139.34	    0.0	 1500.0	    0.0	 -498.4	  661.4	    0.0	  200.0	    0.0	    0.0	    0.0	    0.0	  100.0	    0.0	    0.0	    0.0	    0.0	    0.0	   51.8	  1	  550.0	 2050.0	    0.0	    0.0	    0.0	1	  299.8	 21	    0.0	    5.0	
 1364	 139.44	    0.0	 1500.0	    0.0	 -498.4	  661.4	    0.0	  200.0	    0.0	    0.0	    0.0	    0.0	  100.0	    0.0	    0.0	    0.0	    0.0	    0.0	   51.8	  1	  550.0	 2050.0	    0.0	    0.0	    0.0	1	  299.8	 21	    0.0	    5.0	
 1365	 139.53	    0.0	 1500.0	    0.0	 -498.4	  661.4	    0.0	  200.0	    0.0	    0.0	    0.0	    0.0	  100.0	    0.0	    0.0	    0.0	    0.0	    0.0	   51.9	  1	  550.0	 2050.0	    0.0	    0.0	    0.0	1	  299.8	 21	    0.0	    5.0	
 1366	 139.64	    0.0	 1500.0	    0.0	 -498.2	  662.3	    0.0	  200.0	    0.0	    0.0	    0.0	    0.0	  100.0	    0.0	    0.0	    0.0	    0.0	    0.0	   51.9	  1	  550.0	 2050.0	    0.0	    0.0	    0.0	1	  299.8	 21	    0.0	    5.0	
 1367	 139.74	    0.0	 1500.0	    0.0	 -498.2	  662.3	    0.0	  200.0	    0.0	    0.0	    0.0	    0.0	  100.0	    0.0	    0.0	    0.0	    0.0	    0.0	   51.9	  1	  550.0	 2050.0	    0.0	    0.0	    0.0	1	  299.8	 21	    0.0	    5.0	
 1368	 139.84	    0.0	 1500.0	    0.0	 -498.2	  662.3	    0.0	  200.0	    0.0	    0.0	    0.0	    0.0	  100.0	    0.0	    0.0	    0.0	    0.0	    0.0	   52.0	  1	  550.0	 2050.0	    0.0	    0.0	    0.0	1	  299.8	 21	    0.0	    5.0	
 1369	 139.94	    0.0	 1500.0	    0.0	 -498.2	  662.3	    0.0	  200.0	    0.0	    0.0	    0.0	    0.0	  100.0	    0.0	    0.0	    0.0	    0.0	    0.0	   52.0	  1	  550.0	 2050.0	    0.0	    0.0	    0.0	1	  299.8	 21	    0.0	    5.0	
 1370	 140.03	    0.0	 1500.0	    0.0	 -498.2	  662.3	    0.0	  200.0	    0.0	    0.0	    0.0	    0.0	  100.0	    0.0	    0.0	    0.0	    0.0	    0.0	   52.1	  1	  550.0	 2050.0	    0.0	    0.0	    0.0	1	  299.8	 21	    0.0	    5.0	
 1371	 140.13	    0.0	 1500.0	    0.0	 -498.2	  662.3	    0.0	  200.0	    0.0	    0.0	    0.0	    0.0	  100.0	    0.0	    0.0	    0.0	    0.0	    0.0	   52.1	  1	  550.0	 2050.0	    0.0	    0.0	    0.0	1	  299.8	 21	    0.0	    5.0	
 1372	 140.24	    0.0	 1500.0	    0.0	 -498.1	  663.2	    0.0	  200.0	    0.0	    0.0	    0.0	    0.0	  100.0	    0.0	    0.0	    0.0	    0.0	    0.0	   52.1	  1	  550.0	 2050.0	    0.0	    0.0	    0.0	1	  299.8	 21	    0.0	    5.0	
 1373	 140.34	    0.0	 1500.0	    0.0	 -498.1	  663.2	    0.0	  200.0	    0.0	    0.0	    0.0	    0.0	  100.0	    0.0	    0.0	    0.0	    0.0	    0.0	   52.2	  1	  550.0	 2050.0	    0.0	    0.0	    0.0	1	  299.8	 21	    0.0	    5.0	
 1374	 140.44	    0.0	 1500.0	    0.0	 -498.1	  663.2	    0.0	  200.0	    0.0	    0.0	    0.0	    0.0	  100.0	    0.0	    0.0	    0.0	    0.0	    0.0	   52.2	  1	  550.0	 2050.0	    0.0	    0.0	    0.0	1	  299.8	 21	    0.0	    5.0	
 1375	 140.53	    0.0	 1500.0	    0.0	 -498.1	  663.2	    0.0	  200.0	    0.0	    0.0	    0.0	    0.0	  100.0	    0.0	    0.0	    0.0	    0.0	    0.0	   52.3	  1	  550.0	 2050.0	    0.0	    0.0	    0.0	1	  299.8	 21	    0.0	    5.0	
 1376	 140.64	    0.0	 1500.0	    0.0	 -498.1	  663.2	    0.0	  200.0	    0.0	    0.0	    0.0	    0.0	  100.0	    0.0	    0.0	    0.0	    0.0	    0.0	   52.3	  1	  550.0	 2050.0	    0.0	    0.0	    0.0	1	  299.8	 21	    0.0	    5.0	
 1377	 140.74	    0.0	 1500.0	    0.0	 -498.1	  663.2	    0.0	  200.0	    0.0	    0.0	    0.0	    0.0	  100.0	    0.0	    0.0	    0.0	    0.0	    0.0	   52.3	  1	  550.0	 2050.0	    0.0	    0.0	    0.0	1	  299.8	 21	    0.0	    5.0	
 1378	 140.84	    0.0	 1500.0	    0.0	 -499.6	  662.6	    0.0	  200.0	    0.0	    0.0	    0.0	    0.0	  100.0	    0.0	    0.0	    0.0	    0.0	    0.0	   52.4	  1	  550.0	 2050.0	    0.0	    0.0	    0.0	1	  299.8	 21	    0.0	    5.0	
 1379	 140.94	    0.0	 1500.0	    0.0	 -499.6	  662.6	    0.0	  200.0	    0.0	    0.0	    0.0	    0.0	  100.0	    0.0	    0.0	    0.0	    0.0	    0.0	   52.4	  1	  550.0	 2050.0	    0.0	    0.0	    0.0	1	  299.8	 21	    0.0	    5.0	
 1380	 141.03	    0.0	 1500.0	    0.0	 -499.6	  662.6	    0.0	  200.0	    0.0	    0.0	    0.0	    0.0	  100.0	    0.0	    0.0	    0.0	    0.0	    0.0	   52.4	  1	  550.0	 2050.0	    0.0	    0.0	    0.0	1	  299.8	 21	    0.0	    5.0	
 1381	 141.14	    0.0	 1500.0	    0.0	 -499.6	  662.6	    0.0	  200.0	    0.0	    0.0	    0.0	    0.0	  100.0	    0.0	    0.0	    0.0	    0.0	    0.0	   52.5	  1	  550.0	 2050.0	    0.0	    0.0	    0.0	1	  299.8	 21	    0.0	    5.0	
 1382	 141.24	    0.0	 1500.0	    0.0	 -499.6	  662.6	    0.0	  200.0	    0.0	    0.0	    0.0	    0.0	  100.0	    0.0	    0.0	    0.0	    0.0	    0.0	   52.5	  1	  550.0	 2050.0	    0.0	    0.0	    0.0	1	  299.8	 21	    0.0	    5.0	
 1383	 141.34	    0.0	 1500.0	    0.0	 -495.3	  662.8	    0.0	  200.0	    0.0	    0.0	    0.0	    0.0	  100.0	    0.0	    0.0	    0.0	    0.0	    0.0	   52.6	  1	  550.0	 2050.0	    0.0	    0.0	    0.0	1	  299.8	 21	    0.0	    5.0	
 1384	 141.44	    0.0	 1500.0	    0.0	 -495.3	  662.8	    0.0	  200.0	    0.0	    0.0	    0.0	    0.0	  100.0	    0.0	    0.0	    0.0	    0.0	    0.0	   52.6	  1	  550.0	 2050.0	    0.0	    0.0	    0.0	1	  299.8	 21	    0.0	    5.0	
 1385	 141.53	    0.0	 1500.0	    0.0	 -495.3	  662.8	    0.0	  200.0	    0.0	    0.0	    0.0	    0.0	  100.0	    0.0	    0.0	    0.0	    0.0	    0.0	   52.6	  1	  550.0	 2050.0	    0.0	    0.0	    0.0	1	  299.8	 21	    0.0	    5.0	
 1386	 141.63	    0.0	 1500.0	    0.0	 -495.3	  662.8	    0.0	  200.0	    0.0	    0.0	    0.0	    0.0	  100.0	    0.0	    0.0	    0.0	    0.0	    0.0	   52.7	  1	  550.0	 2050.0	    0.0	    0.0	    0.0	1	  299.8	 21	    0.0	    5.0	
 1387	 141.74	    0.0	 1500.0	    0.0	 -495.3	  662.8	    0.0	  200.0	    0.0	    0.0	    0.0	    0.0	  100.0	    0.0	    0.0	    0.0	    0.0	    0.0	   52.7	  1	  550.0	 2050.0	    0.0	    0.0	    0.0	1	  299.8	 21	    0.0	    5.0	
 1388	 141.84	    0.0	 1500.0	    0.0	 -495.6	  660.9	    0.0	  200.0	    0.0	    0.0	    0.0	    0.0	  100.0	    0.0	    0.0	    0.0	    0.0	    0.0	   52.7	  1	  550.0	 2050.0	    0.0	    0.0	    0.0	1	  299.8	 21	    0.0	    5.0	
 1389	 141.94	    0.0	 1500.0	    0.0	 -495.6	  660.9	    0.0	  200.0	    0.0	    0.0	    0.0	    0.0	  100.0	    0.0	    0.0	    0.0	    0.0	    0.0	   52.8	  1	  550.0	 2050.0	    0.0	    0.0	    0.0	1	  299.8	 21	    0.0	    5.0	
 1390	 142.03	    0.0	 1500.0	    0.0	 -495.6	  660.9	    0.0	  200.0	    0.0	    0.0	    0.0	    0.0	  100.0	    0.0	    0.0	    0.0	    0.0	    0.0	   52.8	  1	  550.0	 2050.0	    0.0	    0.0	    0.0	1	  299.8	 21	    0.0	    5.0	
 1391	 142.13	    0.0	 1500.0	    0.0	 -495.6	  660.9	    0.0	  200.0	    0.0	    0.0	    0.0	    0.0	  100.0	    0.0	    0.0	    0.0	    0.0	    0.0	   52.9	  1	  550.0	 2050.0	    0.0	    0.0	    0.0	1	  299.8	 21	    0.0	    5.0	
 1392	 142.24	    0.0	 1500.0	    0.0	 -495.6	  660.9	    0.0	  200.0	    0.0	    0.0	    0.0	    0.0	  100.0	    0.0	    0.0	    0.0	    0.0	    0.0	   52.9	  1	  550.0	 2050.0	    0.0	    0.0	    0.0	1	  299.8	 21	    0.0	    5.0	
 1393	 142.34	    0.0	 1500.0	    0.0	 -495.6	  660.9	    0.0	  200.0	    0.0	    0.0	    0.0	    0.0	  100.0	    0.0	    0.0	    0.0	    0.0	    0.0	   52.9	  1	  550.0	 2050.0	    0.0	    0.0	    0.0	1	  299.8	 21	    0.0	    5.0	
 1394	 142.44	    0.0	 1500.0	    0.0	 -495.4	  661.8	    0.0	  200.0	    0.0	    0.0	    0.0	    0.0	  100.0	    0.0	    0.0	    0.0	    0.0	    0.0	   53.0	  1	  550.0	 2050.0	    0.0	    0.0	    0.0	1	  299.8	 21	    0.0	    5.0	
 1395	 142.53	    0.0	 1500.0	    0.0	 -495.4	  661.8	    0.0	  200.0	    0.0	    0.0	    0.0	    0.0	  100.0	    0.0	    0.0	    0.0	    0.0	    0.0	   53.0	  1	  550.0	 2050.0	    0.0	    0.0	    0.0	1	  299.8	 21	    0.0	    5.0	
 1396	 142.63	    0.0	 1500.0	    0.0	 -495.4	  661.8	    0.0	  200.0	    0.0	    0.0	    0.0	    0.0	  100.0	    0.0	    0.0	    0.0	    0.0	    0.0	   53.0	  1	  550.0	 2050.0	    0.0	    0.0	    0.0	1	  299.8	 21	    0.0	    5.0	
 1397	 142.74	    0.0	 1500.0	    0.0	 -495.4	  661.8	    0.0	  200.0	    0.0	    0.0	    0.0	    0.0	  100.0	    0.0	    0.0	    0.0	    0.0	    0.0	   53.1	  1	  550.0	 2050.0	    0.0	    0.0	    0.0	1	  299.8	 21	    0.0	    5.0	
 1398	 142.84	    0.0	 1500.0	    0.0	 -495.4	  661.8	    0.0	  200.0	    0.0	    0.0	    0.0	    0.0	  100.0	    0.0	    0.0	    0.0	    0.0	    0.0	   53.1	  1	  550.0	 2050.0	    0.0	    0.0	    0.0	1	  299.8	 21	    0.0	    5.0	
 1399	 142.94	    0.0	 1500.0	    0.0	 -495.6	  660.9	    0.0	  200.0	    0.0	    0.0	    0.0	    0.0	  100.0	    0.0	    0.0	    0.0	    0.0	    0.0	   53.2	  1	  550.0	 2050.0	    0.0	    0.0	    0.0	1	  299.8	 21	    0.0	    5.0	
 1400	 143.03	    0.0	 1500.0	    0.0	 -495.6	  660.9	    0.0	  200.0	    0.0	    0.0	    0.0	    0.0	  100.0	    0.0	    0.0	    0.0	    0.0	    0.0	   53.2	  1	  550.0	 2050.0	    0.0	    0.0	    0.0	1	  299.8	 21	    0.0	    5.0	
 1401	 143.13	    0.0	 1500.0	    0.0	 -495.6	  660.9	    0.0	  200.0	    0.0	    0.0	    0.0	    0.0	  100.0	    0.0	    0.0	    0.0	    0.0	    0.0	   53.2	  1	  550.0	 2050.0	    0.0	    0.0	    0.0	1	  299.8	 21	    0.0	    5.0	
 1402	 143.24	    0.0	 1500.0	    0.0	 -495.6	  660.9	    0.0	  200.0	    0.0	    0.0	    0.0	    0.0	  100.0	    0.0	    0.0	    0.0	    0.0	    0.0	   53.3	  1	  550.0	 2050.0	    0.0	    0.0	    0.0	1	  299.8	 21	    0.0	    5.0	
 1403	 143.34	    0.0	 1500.0	    0.0	 -495.6	  660.9	    0.0	  200.0	    0.0	    0.0	    0.0	    0.0	  100.0	    0.0	    0.0	    0.0	    0.0	    0.0	   53.3	  1	  550.0	 2050.0	    0.0	    0.0	    0.0	1	  299.8	 21	    0.0	    5.0	
 1404	 143.44	    0.0	 1500.0	    0.0	 -495.6	  660.9	    0.0	  200.0	    0.0	    0.0	    0.0	    0.0	  100.0	    0.0	    0.0	    0.0	    0.0	    0.0	   53.4	  1	  550.0	 2050.0	    0.0	    0.0	    0.0	1	  299.8	 21	    0.0	    5.0	
 1405	 143.53	    0.0	 1500.0	    0.0	 -495.6	  660.9	    0.0	  200.0	    0.0	    0.0	    0.0	    0.0	  100.0	    0.0	    0.0	    0.0	    0.0	    0.0	   53.4	  1	  550.0	 2050.0	    0.0	    0.0	    0.0	1	  299.8	 21	    0.0	    5.0	
 1406	 143.64	    0.0	 1500.0	    0.0	 -495.6	  660.9	    0.0	  200.0	    0.0	    0.0	    0.0	    0.0	  100.0	    0.0	    0.0	    0.0	    0.0	    0.0	   53.4	  1	  550.0	 2050.0	    0.0	    0.0	    0.0	1	  299.8	 21	    0.0	    5.0	
 1407	 143.74	    0.0	 1500.0	    0.0	 -495.6	  660.9	    0.0	  200.0	    0.0	    0.0	    0.0	    0.0	  100.0	    0.0	    0.0	    0.0	    0.0	    0.0	   53.5	  1	  550.0	 2050.0	    0.0	    0.0	    0.0	1	  299.8	 21	    0.0	    5.0	
 1408	 143.84	    0.0	 1500.0	    0.0	 -495.6	  660.9	    0.0	  200.0	    0.0	    0.0	    0.0	    0.0	  100.0	    0.0	    0.0	    0.0	    0.0	    0.0	   53.5	  1	  550.0	 2050.0	    0.0	    0.0	    0.0	1	  299.8	 21	    0.0	    5.0	
 1409	 143.94	    0.0	 1500.0	    0.0	 -495.6	  660.9	    0.0	  200.0	    0.0	    0.0	    0.0	    0.0	  100.0	    0.0	    0.0	    0.0	    0.0	    0.0	   53.5	  1	  550.0	 2050.0	    0.0	    0.0	    0.0	1	  299.8	 21	    0.0	    5.0	
 1410	 144.03	    0.0	 1500.0	    0.0	 -495.6	  660.9	    0.0	  200.0	    0.0	    0.0	    0.0	    0.0	  100.0	    0.0	    0.0	    0.0	    0.0	    0.0	   53.6	  1	  550.0	 2050.0	    0.0	    0.0	    0.0	1	  299.8	 21	    0.0	    5.0	
 1411	 144.13	    0.0	 1500.0	    0.0	 -529.7	  672.2	    0.0	  200.0	    0.0	    0.0	    0.0	    0.0	  100.0	    0.0	    0.0	    0.0	    0.0	    0.0	   53.6	  1	  550.0	 2050.0	    0.0	    0.0	    0.0	1	  299.8	 21	    0.0	    5.0	
 1412	 144.24	    0.0	 1500.0	    0.0	 -529.7	  672.2	    0.0	  200.0	    0.0	    0.0	    0.0	    0.0	  100.0	    0.0	    0.0	    0.0	    0.0	    0.0	   53.7	  1	  550.0	 2050.0	    0.0	    0.0	    0.0	1	  299.8	 21	    0.0	    5.0	
 1413	 144.34	    0.0	 1500.0	    0.0	 -529.7	  672.2	    0.0	  200.0	    0.0	    0.0	    0.0	    0.0	  100.0	    0.0	    0.0	    0.0	    0.0	    0.0	   53.7	  1	  550.0	 2050.0	    0.0	    0.0	    0.0	1	  299.8	 21	    0.0	    5.0	
 1414	 144.44	    0.0	 1500.0	    0.0	 -529.7	  672.2	    0.0	  200.0	    0.0	    0.0	    0.0	    0.0	  100.0	    0.0	    0.0	    0.0	    0.0	    0.0	   53.7	  1	  550.0	 2050.0	    0.0	    0.0	    0.0	1	  299.8	 21	    0.0	    5.0	
 1415	 144.53	    0.0	 1500.0	    0.0	 -529.7	  672.2	    0.0	  200.0	    0.0	    0.0	    0.0	    0.0	  100.0	    0.0	    0.0	    0.0	    0.0	    0.0	   53.8	  1	  550.0	 2050.0	    0.0	    0.0	    0.0	1	  299.8	 21	    0.0	    5.0	
 1416	 144.63	    0.0	 1500.0	    0.0	 -529.7	  672.2	    0.0	  200.0	    0.0	    0.0	    0.0	    0.0	  100.0	    0.0	    0.0	    0.0	    0.0	    0.0	   53.8	  1	  550.0	 2050.0	    0.0	    0.0	    0.0	1	  299.8	 21	    0.0	    5.0	
 1417	 144.74	    0.0	 1500.0	    0.0	 -569.6	  708.2	    0.0	  200.0	    0.0	    0.0	    0.0	    0.0	  100.0	    0.0	    0.0	    0.0	    0.0	    0.0	   53.8	  1	  550.0	 2050.0	    0.0	    0.0	    0.0	1	  299.8	 21	    0.0	    5.0	
 1418	 144.84	    0.0	 1500.0	    0.0	 -569.6	  708.2	    0.0	  200.0	    0.0	    0.0	    0.0	    0.0	  100.0	    0.0	    0.0	    0.0	    0.0	    0.0	   53.9	  1	  550.0	 2050.0	    0.0	    0.0	    0.0	1	  299.8	 21	    0.0	    5.0	
 1419	 144.94	    0.0	 1500.0	    0.0	 -569.6	  708.2	    0.0	  200.0	    0.0	    0.0	    0.0	    0.0	  100.0	    0.0	    0.0	    0.0	    0.0	    0.0	   53.9	  1	  550.0	 2050.0	    0.0	    0.0	    0.0	1	  299.8	 21	    0.0	    5.0	
 1420	 145.03	    0.0	 1500.0	    0.0	 -569.6	  708.2	    0.0	  200.0	    0.0	    0.0	    0.0	    0.0	  100.0	    0.0	    0.0	    0.0	    0.0	    0.0	   54.0	  1	  550.0	 2050.0	    0.0	    0.0	    0.0	1	  299.8	 21	    0.0	    5.0	
 1421	 145.14	    0.0	 1500.0	    0.0	 -569.6	  708.2	    0.0	  200.0	    0.0	    0.0	    0.0	    0.0	  100.0	    0.0	    0.0	    0.0	    0.0	    0.0	   54.0	  1	  550.0	 2050.0	    0.0	    0.0	    0.0	1	  299.8	 21	    0.0	    5.0	
 1422	 145.24	    0.0	 1500.0	    0.0	 -569.6	  708.2	    0.0	  200.0	    0.0	    0.0	    0.0	    0.0	  100.0	    0.0	    0.0	    0.0	    0.0	    0.0	   54.0	  1	  550.0	 2050.0	    0.0	    0.0	    0.0	1	  299.8	 21	    0.0	    5.0	
 1423	 145.34	    0.0	 1500.0	    0.0	 -526.6	  736.0	    0.0	  200.0	    0.0	    0.0	    0.0	    0.0	  100.0	    0.0	    0.0	    0.0	    0.0	    0.0	   54.1	  1	  550.0	 2050.0	    0.0	    0.0	    0.0	1	  299.8	 21	    0.0	    5.0	
 1424	 145.44	    0.0	 1500.0	    0.0	 -526.6	  736.0	    0.0	  200.0	    0.0	    0.0	    0.0	    0.0	  100.0	    0.0	    0.0	    0.0	    0.0	    0.0	   54.1	  1	  550.0	 2050.0	    0.0	    0.0	    0.0	1	  299.8	 21	    0.0	    5.0	
 1425	 145.53	    0.0	 1500.0	    0.0	 -526.6	  736.0	    0.0	  200.0	    0.0	    0.0	    0.0	    0.0	  100.0	    0.0	    0.0	    0.0	    0.0	    0.0	   54.2	  1	  550.0	 2050.0	    0.0	    0.0	    0.0	1	  299.8	 21	    0.0	    5.0	
 1426	 145.63	    0.0	 1500.0	    0.0	 -526.6	  736.0	    0.0	  200.0	    0.0	    0.0	    0.0	    0.0	  100.0	    0.0	    0.0	    0.0	    0.0	    0.0	   54.2	  1	  550.0	 2050.0	    0.0	    0.0	    0.0	1	  299.8	 21	    0.0	    5.0	
 1427	 145.74	    0.0	 1500.0	    0.0	 -526.6	  736.0	    0.0	  200.0	    0.0	    0.0	    0.0	    0.0	  100.0	    0.0	    0.0	    0.0	    0.0	    0.0	   54.2	  1	  550.0	 2050.0	    0.0	    0.0	    0.0	1	  299.8	 21	    0.0	    5.0	
 1428	 145.84	    0.0	 1500.0	    0.0	 -491.9	  715.8	    0.0	  200.0	    0.0	    0.0	    0.0	    0.0	  100.0	    0.0	    0.0	    0.0	    0.0	    0.0	   54.3	  1	  550.0	 2050.0	    0.0	    0.0	    0.0	1	  299.8	 21	    0.0	    5.0	
 1429	 145.94	    0.0	 1500.0	    0.0	 -491.9	  715.8	    0.0	  200.0	    0.0	    0.0	    0.0	    0.0	  100.0	    0.0	    0.0	    0.0	    0.0	    0.0	   54.3	  1	  550.0	 2050.0	    0.0	    0.0	    0.0	1	  299.8	 21	    0.0	    5.0	
 1430	 146.03	    0.0	 1500.0	    0.0	 -491.9	  715.8	    0.0	  200.0	    0.0	    0.0	    0.0	    0.0	  100.0	    0.0	    0.0	    0.0	    0.0	    0.0	   54.3	  1	  550.0	 2050.0	    0.0	    0.0	    0.0	1	  299.8	 21	    0.0	    5.0	
 1431	 146.13	    0.0	 1500.0	    0.0	 -491.9	  715.8	    0.0	  200.0	    0.0	    0.0	    0.0	    0.0	  100.0	    0.0	    0.0	    0.0	    0.0	    0.0	   54.4	  1	  550.0	 2050.0	    0.0	    0.0	    0.0	1	  299.8	 21	    0.0	    5.0	
 1432	 146.24	    0.0	 1500.0	    0.0	 -491.9	  715.8	    0.0	  200.0	    0.0	    0.0	    0.0	    0.0	  100.0	    0.0	    0.0	    0.0	    0.0	    0.0	   54.4	  1	  550.0	 2050.0	    0.0	    0.0	    0.0	1	  299.8	 21	    0.0	    5.0	
 1433	 146.34	    0.0	 1500.0	    0.0	 -491.9	  715.8	    0.0	  200.0	    0.0	    0.0	    0.0	    0.0	  100.0	    0.0	    0.0	    0.0	    0.0	    0.0	   54.5	  1	  550.0	 2050.0	    0.0	    0.0	    0.0	1	  299.8	 21	    0.0	    5.0	
 1434	 146.44	    0.0	 1500.0	    0.0	 -491.9	  715.8	    0.0	  200.0	    0.0	    0.0	    0.0	    0.0	  100.0	    0.0	    0.0	    0.0	    0.0	    0.0	   54.5	  1	  550.0	 2050.0	    0.0	    0.0	    0.0	1	  299.8	 21	    0.0	    5.0	
 1435	 146.53	    0.0	 1500.0	    0.0	 -491.9	  715.8	    0.0	  200.0	    0.0	    0.0	    0.0	    0.0	  100.0	    0.0	    0.0	    0.0	    0.0	    0.0	   54.5	  1	  550.0	 2050.0	    0.0	    0.0	    0.0	1	  299.8	 21	    0.0	    5.0	
 1436	 146.63	    0.0	 1500.0	    0.0	 -491.9	  715.8	    0.0	  200.0	    0.0	    0.0	    0.0	    0.0	  100.0	    0.0	    0.0	    0.0	    0.0	    0.0	   54.6	  1	  550.0	 2050.0	    0.0	    0.0	    0.0	1	  299.8	 21	    0.0	    5.0	
 1437	 146.74	    0.0	 1500.0	    0.0	 -491.9	  715.8	    0.0	  200.0	    0.0	    0.0	    0.0	    0.0	  100.0	    0.0	    0.0	    0.0	    0.0	    0.0	   54.6	  1	  550.0	 2050.0	    0.0	    0.0	    0.0	1	  299.8	 21	    0.0	    5.0	
 1438	 146.84	    0.0	 1500.0	    0.0	 -428.8	  708.6	    0.0	  200.0	    0.0	    0.0	    0.0	    0.0	  100.0	    0.0	    0.0	    0.0	    0.0	    0.0	   54.6	  1	  550.0	 2050.0	    0.0	    0.0	    0.0	1	  299.8	 21	    0.0	    5.0	
 1439	 146.94	    0.0	 1500.0	    0.0	 -428.8	  708.6	    0.0	  200.0	    0.0	    0.0	    0.0	    0.0	  100.0	    0.0	    0.0	    0.0	    0.0	    0.0	   54.7	  1	  550.0	 2050.0	    0.0	    0.0	    0.0	1	  299.8	 21	    0.0	    5.0	
 1440	 147.03	    0.0	 1500.0	    0.0	 -428.8	  708.6	    0.0	  200.0	    0.0	    0.0	    0.0	    0.0	  100.0	    0.0	    0.0	    0.0	    0.0	    0.0	   54.7	  1	  550.0	 2050.0	    0.0	    0.0	    0.0	1	  299.8	 21	    0.0	    5.0	
 1441	 147.13	    0.0	 1500.0	    0.0	 -428.8	  708.6	    0.0	  200.0	    0.0	    0.0	    0.0	    0.0	  100.0	    0.0	    0.0	    0.0	    0.0	    0.0	   54.8	  1	  550.0	 2050.0	    0.0	    0.0	    0.0	1	  299.8	 21	    0.0	    5.0	
 1442	 147.24	    0.0	 1500.0	    0.0	 -428.8	  708.6	    0.0	  200.0	    0.0	    0.0	    0.0	    0.0	  100.0	    0.0	    0.0	    0.0	    0.0	    0.0	   54.8	  1	  550.0	 2050.0	    0.0	    0.0	    0.0	1	  299.8	 21	    0.0	    5.0	
 1443	 147.34	    0.0	 1500.0	    0.0	 -428.8	  708.6	    0.0	  200.0	    0.0	    0.0	    0.0	    0.0	  100.0	    0.0	    0.0	    0.0	    0.0	    0.0	   54.8	  1	  550.0	 2050.0	    0.0	    0.0	    0.0	1	  299.8	 21	    0.0	    5.0	
 1444	 147.44	    0.0	 1500.0	    0.0	 -428.8	  708.6	    0.0	  200.0	    0.0	    0.0	    0.0	    0.0	  100.0	    0.0	    0.0	    0.0	    0.0	    0.0	   54.9	  1	  550.0	 2050.0	    0.0	    0.0	    0.0	1	  299.8	 21	    0.0	    5.0	
 1445	 147.53	    0.0	 1500.0	    0.0	 -428.8	  708.6	    0.0	  200.0	    0.0	    0.0	    0.0	    0.0	  100.0	    0.0	    0.0	    0.0	    0.0	    0.0	   54.9	  1	  550.0	 2050.0	    0.0	    0.0	    0.0	1	  299.8	 21	    0.0	    5.0	
 1446	 147.63	    0.0	 1500.0	    0.0	 -428.8	  708.6	    0.0	  200.0	    0.0	    0.0	    0.0	    0.0	  100.0	    0.0	    0.0	    0.0	    0.0	    0.0	   54.9	  1	  550.0	 2050.0	    0.0	    0.0	    0.0	1	  299.8	 21	    0.0	    5.0	
 1447	 147.74	    0.0	 1500.0	    0.0	 -497.1	  677.4	    0.0	  200.0	    0.0	    0.0	    0.0	    0.0	  100.0	    0.0	    0.0	    0.0	    0.0	    0.0	   55.0	  1	  550.0	 2050.0	    0.0	    0.0	    0.0	1	  299.8	 21	    0.0	    5.0	
 1448	 147.84	    0.0	 1500.0	    0.0	 -497.1	  677.4	    0.0	  200.0	    0.0	    0.0	    0.0	    0.0	  100.0	    0.0	    0.0	    0.0	    0.0	    0.0	   55.0	  1	  550.0	 2050.0	    0.0	    0.0	    0.0	1	  299.8	 21	    0.0	    5.0	
 1449	 147.94	    0.0	 1500.0	    0.0	 -497.1	  677.4	    0.0	  200.0	    0.0	    0.0	    0.0	    0.0	  100.0	    0.0	    0.0	    0.0	    0.0	    0.0	   55.1	  1	  550.0	 2050.0	    0.0	    0.0	    0.0	1	  299.8	 21	    0.0	    5.0	
 1450	 148.03	    0.0	 1500.0	    0.0	 -497.1	  677.4	    0.0	  200.0	    0.0	    0.0	    0.0	    0.0	  100.0	    0.0	    0.0	    0.0	    0.0	    0.0	   55.1	  1	  550.0	 2050.0	    0.0	    0.0	    0.0	1	  299.8	 21	    0.0	    5.0	
 1451	 148.13	    0.0	 1500.0	    0.0	 -497.1	  677.4	    0.0	  200.0	    0.0	    0.0	    0.0	    0.0	  100.0	    0.0	    0.0	    0.0	    0.0	    0.0	   55.1	  1	  550.0	 2050.0	    0.0	    0.0	    0.0	1	  299.8	 21	    0.0	    5.0	
 1452	 148.24	    0.0	 1500.0	    0.0	 -497.1	  677.4	    0.0	  200.0	    0.0	    0.0	    0.0	    0.0	  100.0	    0.0	    0.0	    0.0	    0.0	    0.0	   55.2	  1	  550.0	 2050.0	    0.0	    0.0	    0.0	1	  299.8	 21	    0.0	    5.0	
 1453	 148.34	    0.0	 1500.0	    0.0	 -497.1	  677.4	    0.0	  200.0	    0.0	    0.0	    0.0	    0.0	  100.0	    0.0	    0.0	    0.0	    0.0	    0.0	   55.2	  1	  550.0	 2050.0	    0.0	    0.0	    0.0	1	  299.8	 21	    0.0	    5.0	
 1454	 148.44	    0.0	 1500.0	    0.0	 -497.1	  677.4	    0.0	  200.0	    0.0	    0.0	    0.0	    0.0	  100.0	    0.0	    0.0	    0.0	    0.0	    0.0	   55.3	  1	  550.0	 2050.0	    0.0	    0.0	    0.0	1	  299.8	 21	    0.0	    5.0	
 1455	 148.53	    0.0	 1500.0	    0.0	 -497.1	  677.4	    0.0	  200.0	    0.0	    0.0	    0.0	    0.0	  100.0	    0.0	    0.0	    0.0	    0.0	    0.0	   55.3	  1	  550.0	 2050.0	    0.0	    0.0	    0.0	1	  299.8	 21	    0.0	    5.0	
 1456	 148.63	    0.0	 1500.0	    0.0	 -497.1	  677.4	    0.0	  200.0	    0.0	    0.0	    0.0	    0.0	  100.0	    0.0	    0.0	    0.0	    0.0	    0.0	   55.3	  1	  550.0	 2050.0	    0.0	    0.0	    0.0	1	  299.8	 21	    0.0	    5.0	
 1457	 148.74	    0.0	 1500.0	    0.0	 -497.1	  677.4	    0.0	  200.0	    0.0	    0.0	    0.0	    0.0	  100.0	    0.0	    0.0	    0.0	    0.0	    0.0	   55.4	  1	  550.0	 2050.0	    0.0	    0.0	    0.0	1	  299.8	 21	    0.0	    5.0	
 1458	 148.84	    0.0	 1500.0	    0.0	 -497.1	  677.4	    0.0	  200.0	    0.0	    0.0	    0.0	    0.0	  100.0	    0.0	    0.0	    0.0	    0.0	    0.0	   55.4	  1	  550.0	 2050.0	    0.0	    0.0	    0.0	1	  299.8	 21	    0.0	    5.0	
 1459	 148.94	    0.0	 1500.0	    0.0	 -497.1	  677.4	    0.0	  200.0	    0.0	    0.0	    0.0	    0.0	  100.0	    0.0	    0.0	    0.0	    0.0	    0.0	   55.4	  1	  550.0	 2050.0	    0.0	    0.0	    0.0	1	  299.8	 21	    0.0	    5.0	
 1460	 149.03	    0.0	 1500.0	    0.0	 -497.1	  677.4	    0.0	  200.0	    0.0	    0.0	    0.0	    0.0	  100.0	    0.0	    0.0	    0.0	    0.0	    0.0	   55.5	  1	  550.0	 2050.0	    0.0	    0.0	    0.0	1	  299.8	 21	    0.0	    5.0	
 1461	 149.13	    0.0	 1500.0	    0.0	 -497.1	  677.4	    0.0	  200.0	    0.0	    0.0	    0.0	    0.0	  100.0	    0.0	    0.0	    0.0	    0.0	    0.0	   55.5	  1	  550.0	 2050.0	    0.0	    0.0	    0.0	1	  299.8	 21	    0.0	    5.0	
 1462	 149.24	    0.0	 1500.0	    0.0	 -497.1	  677.4	    0.0	  200.0	    0.0	    0.0	    0.0	    0.0	  100.0	    0.0	    0.0	    0.0	    0.0	    0.0	   55.6	  1	  550.0	 2050.0	    0.0	    0.0	    0.0	1	  299.8	 21	    0.0	    5.0	
 1463	 149.34	    0.0	 1500.0	    0.0	 -497.1	  677.4	    0.0	  200.0	    0.0	    0.0	    0.0	    0.0	  100.0	    0.0	    0.0	    0.0	    0.0	    0.0	   55.6	  1	  550.0	 2050.0	    0.0	    0.0	    0.0	1	  299.8	 21	    0.0	    5.0	
 1464	 149.44	    0.0	 1500.0	    0.0	 -497.1	  677.4	    0.0	  200.0	    0.0	    0.0	    0.0	    0.0	  100.0	    0.0	    0.0	    0.0	    0.0	    0.0	   55.6	  1	  550.0	 2050.0	    0.0	    0.0	    0.0	1	  299.8	 21	    0.0	    5.0	
 1465	 149.53	    0.0	 1500.0	    0.0	 -497.1	  677.4	    0.0	  200.0	    0.0	    0.0	    0.0	    0.0	  100.0	    0.0	    0.0	    0.0	    0.0	    0.0	   55.7	  1	  550.0	 2050.0	    0.0	    0.0	    0.0	1	  299.8	 21	    0.0	    5.0	
 1466	 149.63	    0.0	 1500.0	    0.0	 -497.1	  677.4	    0.0	  200.0	    0.0	    0.0	    0.0	    0.0	  100.0	    0.0	    0.0	    0.0	    0.0	    0.0	   55.7	  1	  550.0	 2050.0	    0.0	    0.0	    0.0	1	  299.8	 21	    0.0	    5.0	
 1467	 149.74	    0.0	 1500.0	    0.0	 -497.1	  677.4	    0.0	  200.0	    0.0	    0.0	    0.0	    0.0	  100.0	    0.0	    0.0	    0.0	    0.0	    0.0	   55.7	  1	  550.0	 2050.0	    0.0	    0.0	    0.0	1	  299.8	 21	    0.0	    5.0	
 1468	 149.84	    0.0	 1500.0	    0.0	 -497.1	  677.4	    0.0	  200.0	    0.0	    0.0	    0.0	    0.0	  100.0	    0.0	    0.0	    0.0	    0.0	    0.0	   55.8	  1	  550.0	 2050.0	    0.0	    0.0	    0.0	1	  299.8	 21	    0.0	    5.0	
 1469	 149.94	    0.0	 1500.0	    0.0	 -497.1	  677.4	    0.0	  200.0	    0.0	    0.0	    0.0	    0.0	  100.0	    0.0	    0.0	    0.0	    0.0	    0.0	   55.8	  1	  550.0	 2050.0	    0.0	    0.0	    0.0	1	  299.8	 21	    0.0	    5.0	
 1470	 150.03	    0.0	 1500.0	    0.0	 -497.1	  677.4	    0.0	  200.0	    0.0	    0.0	    0.0	    0.0	  100.0	    0.0	    0.0	    0.0	    0.0	    0.0	   55.9	  1	  550.0	 2050.0	    0.0	    0.0	    0.0	1	  299.8	 21	    0.0	    5.0	
 1471	 150.13	    0.0	 1500.0	    0.0	 -497.1	  677.4	    0.0	  200.0	    0.0	    0.0	    0.0	    0.0	  100.0	    0.0	    0.0	    0.0	    0.0	    0.0	   55.9	  1	  550.0	 2050.0	    0.0	    0.0	    0.0	1	  299.8	 21	    0.0	    5.0	
 1472	 150.24	    0.0	 1500.0	    0.0	 -497.1	  677.4	    0.0	  200.0	    0.0	    0.0	    0.0	    0.0	  100.0	    0.0	    0.0	    0.0	    0.0	    0.0	   55.9	  1	  550.0	 2050.0	    0.0	    0.0	    0.0	1	  299.8	 21	    0.0	    5.0	
 1473	 150.34	    0.0	 1500.0	    0.0	 -238.3	  491.1	    0.0	  200.0	    0.0	    0.0	    0.0	    0.0	  100.0	    0.0	    0.0	    0.0	    0.0	    0.0	   56.0	  1	  550.0	 2050.0	    0.0	    0.0	    0.0	1	  299.8	 21	    0.0	    5.0	
 1474	 150.44	    0.0	 1500.0	    0.0	 -238.3	  491.1	    0.0	  200.0	    0.0	    0.0	    0.0	    0.0	  100.0	    0.0	    0.0	    0.0	    0.0	    0.0	   56.0	  1	  550.0	 2050.0	    0.0	    0.0	    0.0	1	  299.8	 21	    0.0	    5.0	
 1475	 150.53	    0.0	 1500.0	    0.0	 -238.3	  491.1	    0.0	  200.0	    0.0	    0.0	    0.0	    0.0	  100.0	    0.0	    0.0	    0.0	    0.0	    0.0	   56.1	  1	  550.0	 2050.0	    0.0	    0.0	    0.0	1	  299.8	 21	    0.0	    5.0	
 1476	 150.63	    0.0	 1500.0	    0.0	 -238.3	  491.1	    0.0	  200.0	    0.0	    0.0	    0.0	    0.0	  100.0	    0.0	    0.0	    0.0	    0.0	    0.0	   56.1	  1	  550.0	 2050.0	    0.0	    0.0	    0.0	1	  299.8	 21	    0.0	    5.0	
 1477	 150.74	    0.0	 1500.0	    0.0	 -238.3	  491.1	    0.0	  200.0	    0.0	    0.0	    0.0	    0.0	  100.0	    0.0	    0.0	    0.0	    0.0	    0.0	   56.1	  1	  550.0	 2050.0	    0.0	    0.0	    0.0	1	  299.8	 21	    0.0	    5.0	
 1478	 150.84	    0.0	 1500.0	    0.0	 -238.3	  491.1	    0.0	  200.0	    0.0	    0.0	    0.0	    0.0	  100.0	    0.0	    0.0	    0.0	    0.0	    0.0	   56.2	  1	  550.0	 2050.0	    0.0	    0.0	    0.0	1	  299.8	 21	    0.0	    5.0	
 1479	 150.94	    0.0	 1500.0	    0.0	 -238.3	  491.1	    0.0	  200.0	    0.0	    0.0	    0.0	    0.0	  100.0	    0.0	    0.0	    0.0	    0.0	    0.0	   56.2	  1	  550.0	 2050.0	    0.0	    0.0	    0.0	1	  299.8	 21	    0.0	    5.0	
 1480	 151.03	    0.0	 1500.0	    0.0	 -238.3	  491.1	    0.0	  200.0	    0.0	    0.0	    0.0	    0.0	  100.0	    0.0	    0.0	    0.0	    0.0	    0.0	   56.2	  1	  550.0	 2050.0	    0.0	    0.0	    0.0	1	  299.8	 21	    0.0	    5.0	
 1481	 151.13	    0.0	 1500.0	    0.0	 -238.3	  491.1	    0.0	  200.0	    0.0	    0.0	    0.0	    0.0	  100.0	    0.0	    0.0	    0.0	    0.0	    0.0	   56.3	  1	  550.0	 2050.0	    0.0	    0.0	    0.0	1	  299.8	 21	    0.0	    5.0	
 1482	 151.24	    0.0	 1500.0	    0.0	 -401.7	  653.9	    0.0	  200.0	    0.0	    0.0	    0.0	    0.0	  100.0	    0.0	    0.0	    0.0	    0.0	    0.0	   56.3	  1	  550.0	 2050.0	    0.0	    0.0	    0.0	1	  299.8	 21	    0.0	    5.0	
 1483	 151.34	    0.0	 1500.0	    0.0	 -401.7	  653.9	    0.0	  200.0	    0.0	    0.0	    0.0	    0.0	  100.0	    0.0	    0.0	    0.0	    0.0	    0.0	   56.4	  1	  550.0	 2050.0	    0.0	    0.0	    0.0	1	  299.8	 21	    0.0	    5.0	
 1484	 151.44	    0.0	 1500.0	    0.0	 -401.7	  653.9	    0.0	  200.0	    0.0	    0.0	    0.0	    0.0	  100.0	    0.0	    0.0	    0.0	    0.0	    0.0	   56.4	  1	  550.0	 2050.0	    0.0	    0.0	    0.0	1	  299.8	 21	    0.0	    5.0	
 1485	 151.53	    0.0	 1500.0	    0.0	 -401.7	  653.9	    0.0	  200.0	    0.0	    0.0	    0.0	    0.0	  100.0	    0.0	    0.0	    0.0	    0.0	    0.0	   56.4	  1	  550.0	 2050.0	    0.0	    0.0	    0.0	1	  299.8	 21	    0.0	    5.0	
 1486	 151.64	    0.0	 1500.0	    0.0	 -401.7	  653.9	    0.0	  200.0	    0.0	    0.0	    0.0	    0.0	  100.0	    0.0	    0.0	    0.0	    0.0	    0.0	   56.5	  1	  550.0	 2050.0	    0.0	    0.0	    0.0	1	  299.8	 21	    0.0	    5.0	
 1487	 151.74	    0.0	 1500.0	    0.0	 -401.7	  653.9	    0.0	  200.0	    0.0	    0.0	    0.0	    0.0	  100.0	    0.0	    0.0	    0.0	    0.0	    0.0	   56.5	  1	  550.0	 2050.0	    0.0	    0.0	    0.0	1	  299.8	 21	    0.0	    5.0	
 1488	 151.84	    0.0	 1500.0	    0.0	 -401.7	  653.9	    0.0	  200.0	    0.0	    0.0	    0.0	    0.0	  100.0	    0.0	    0.0	    0.0	    0.0	    0.0	   56.5	  1	  550.0	 2050.0	    0.0	    0.0	    0.0	1	  299.8	 21	    0.0	    5.0	
 1489	 151.94	    0.0	 1500.0	    0.0	 -401.7	  653.9	    0.0	  200.0	    0.0	    0.0	    0.0	    0.0	  100.0	    0.0	    0.0	    0.0	    0.0	    0.0	   56.6	  1	  550.0	 2050.0	    0.0	    0.0	    0.0	1	  299.8	 21	    0.0	    5.0	
 1490	 152.03	    0.0	 1500.0	    0.0	 -401.7	  653.9	    0.0	  200.0	    0.0	    0.0	    0.0	    0.0	  100.0	    0.0	    0.0	    0.0	    0.0	    0.0	   56.6	  1	  550.0	 2050.0	    0.0	    0.0	    0.0	1	  299.8	 21	    0.0	    5.0	
 1491	 152.14	    0.0	 1500.0	    0.0	 -401.7	  653.9	    0.0	  200.0	    0.0	    0.0	    0.0	    0.0	  100.0	    0.0	    0.0	    0.0	    0.0	    0.0	   56.7	  1	  550.0	 2050.0	    0.0	    0.0	    0.0	1	  299.8	 21	    0.0	    5.0	
 1492	 152.24	    0.0	 1500.0	    0.0	 -401.7	  653.9	    0.0	  200.0	    0.0	    0.0	    0.0	    0.0	  100.0	    0.0	    0.0	    0.0	    0.0	    0.0	   56.7	  1	  550.0	 2050.0	    0.0	    0.0	    0.0	1	  299.8	 21	    0.0	    5.0	
 1493	 152.34	    0.0	 1500.0	    0.0	 -401.7	  653.9	    0.0	  200.0	    0.0	    0.0	    0.0	    0.0	  100.0	    0.0	    0.0	    0.0	    0.0	    0.0	   56.7	  1	  550.0	 2050.0	    0.0	    0.0	    0.0	1	  299.8	 21	    0.0	    5.0	
 1494	 152.44	    0.0	 1500.0	    0.0	 -401.7	  653.9	    0.0	  200.0	    0.0	    0.0	    0.0	    0.0	  100.0	    0.0	    0.0	    0.0	    0.0	    0.0	   56.8	  1	  550.0	 2050.0	    0.0	    0.0	    0.0	1	  299.8	 21	    0.0	    5.0	
 1495	 152.53	    0.0	 1500.0	    0.0	 -401.7	  653.9	    0.0	  200.0	    0.0	    0.0	    0.0	    0.0	  100.0	    0.0	    0.0	    0.0	    0.0	    0.0	   56.8	  1	  550.0	 2050.0	    0.0	    0.0	    0.0	1	  299.8	 21	    0.0	    5.0	
 1496	 152.63	    0.0	 1500.0	    0.0	 -401.7	  653.9	    0.0	  200.0	    0.0	    0.0	    0.0	    0.0	  100.0	    0.0	    0.0	    0.0	    0.0	    0.0	   56.8	  1	  550.0	 2050.0	    0.0	    0.0	    0.0	1	  299.8	 21	    0.0	    5.0	
 1497	 152.74	    0.0	 1500.0	    0.0	 -474.0	  761.2	    0.0	  200.0	    0.0	    0.0	    0.0	    0.0	  100.0	    0.0	    0.0	    0.0	    0.0	    0.0	   56.9	  1	  550.0	 2050.0	    0.0	    0.0	    0.0	1	  299.8	 21	    0.0	    5.0	
 1498	 152.84	    0.0	 1500.0	    0.0	 -474.0	  761.2	    0.0	  200.0	    0.0	    0.0	    0.0	    0.0	  100.0	    0.0	    0.0	    0.0	    0.0	    0.0	   56.9	  1	  550.0	 2050.0	    0.0	    0.0	    0.0	1	  299.8	 21	    0.0	    5.0	
 1499	 152.94	    0.0	 1500.0	    0.0	 -474.0	  761.2	    0.0	  200.0	    0.0	    0.0	    0.0	    0.0	  100.0	    0.0	    0.0	    0.0	    0.0	    0.0	   57.0	  1	  550.0	 2050.0	    0.0	    0.0	    0.0	1	  299.8	 21	    0.0	    5.0	
 1500	 153.03	    0.0	 1500.0	    0.0	 -474.0	  761.2	    0.0	  200.0	    0.0	    0.0	    0.0	    0.0	  100.0	    0.0	    0.0	    0.0	    0.0	    0.0	   57.0	  1	  550.0	 2050.0	    0.0	    0.0	    0.0	1	  299.8	 21	    0.0	    5.0	
 1501	 153.13	    0.0	 1500.0	    0.0	 -474.0	  761.2	    0.0	  200.0	    0.0	    0.0	    0.0	    0.0	  100.0	    0.0	    0.0	    0.0	    0.0	    0.0	   57.0	  1	  550.0	 2050.0	    0.0	    0.0	    0.0	1	  299.8	 21	    0.0	    5.0	
 1502	 153.24	    0.0	 1500.0	    0.0	 -474.0	  761.2	    0.0	  200.0	    0.0	    0.0	    0.0	    0.0	  100.0	    0.0	    0.0	    0.0	    0.0	    0.0	   57.1	  1	  550.0	 2050.0	    0.0	    0.0	    0.0	1	  299.8	 21	    0.0	    5.0	
 1503	 153.34	    0.0	 1500.0	    0.0	 -474.0	  761.2	    0.0	  200.0	    0.0	    0.0	    0.0	    0.0	  100.0	    0.0	    0.0	    0.0	    0.0	    0.0	   57.1	  1	  550.0	 2050.0	    0.0	    0.0	    0.0	1	  299.8	 21	    0.0	    5.0	
 1504	 153.44	    0.0	 1500.0	    0.0	 -474.0	  761.2	    0.0	  200.0	    0.0	    0.0	    0.0	    0.0	  100.0	    0.0	    0.0	    0.0	    0.0	    0.0	   57.2	  1	  550.0	 2050.0	    0.0	    0.0	    0.0	1	  299.8	 21	    0.0	    5.0	
 1505	 153.53	    0.0	 1500.0	    0.0	 -474.0	  761.2	    0.0	  200.0	    0.0	    0.0	    0.0	    0.0	  100.0	    0.0	    0.0	    0.0	    0.0	    0.0	   57.2	  1	  550.0	 2050.0	    0.0	    0.0	    0.0	1	  299.8	 21	    0.0	    5.0	
 1506	 153.63	    0.0	 1500.0	    0.0	 -474.0	  761.2	    0.0	  200.0	    0.0	    0.0	    0.0	    0.0	  100.0	    0.0	    0.0	    0.0	    0.0	    0.0	   57.2	  1	  550.0	 2050.0	    0.0	    0.0	    0.0	1	  299.8	 21	    0.0	    5.0	
 1507	 153.74	    0.0	 1500.0	    0.0	 -474.0	  761.2	    0.0	  200.0	    0.0	    0.0	    0.0	    0.0	  100.0	    0.0	    0.0	    0.0	    0.0	    0.0	   57.3	  1	  550.0	 2050.0	    0.0	    0.0	    0.0	1	  299.8	 21	    0.0	    5.0	
 1508	 153.84	    0.0	 1500.0	    0.0	 -474.0	  761.2	    0.0	  200.0	    0.0	    0.0	    0.0	    0.0	  100.0	    0.0	    0.0	    0.0	    0.0	    0.0	   57.3	  1	  550.0	 2050.0	    0.0	    0.0	    0.0	1	  299.8	 21	    0.0	    5.0	
 1509	 153.94	    0.0	 1500.0	    0.0	 -474.0	  761.2	    0.0	  200.0	    0.0	    0.0	    0.0	    0.0	  100.0	    0.0	    0.0	    0.0	    0.0	    0.0	   57.3	  1	  550.0	 2050.0	    0.0	    0.0	    0.0	1	  299.8	 21	    0.0	    5.0	
 1510	 154.03	    0.0	 1500.0	    0.0	 -474.0	  761.2	    0.0	  200.0	    0.0	    0.0	    0.0	    0.0	  100.0	    0.0	    0.0	    0.0	    0.0	    0.0	   57.4	  1	  550.0	 2050.0	    0.0	    0.0	    0.0	1	  299.8	 21	    0.0	    5.0	
 1511	 154.13	    0.0	 1500.0	    0.0	 -474.0	  761.2	    0.0	  200.0	    0.0	    0.0	    0.0	    0.0	  100.0	    0.0	    0.0	    0.0	    0.0	    0.0	   57.4	  1	  550.0	 2050.0	    0.0	    0.0	    0.0	1	  299.8	 21	    0.0	    5.0	
 1512	 154.24	    0.0	 1500.0	    0.0	 -474.0	  761.2	    0.0	  200.0	    0.0	    0.0	    0.0	    0.0	  100.0	    0.0	    0.0	    0.0	    0.0	    0.0	   57.5	  1	  550.0	 2050.0	    0.0	    0.0	    0.0	1	  299.8	 21	    0.0	    5.0	
 1513	 154.34	    0.0	 1500.0	    0.0	 -474.0	  761.2	    0.0	  200.0	    0.0	    0.0	    0.0	    0.0	  100.0	    0.0	    0.0	    0.0	    0.0	    0.0	   57.5	  1	  550.0	 2050.0	    0.0	    0.0	    0.0	1	  299.8	 21	    0.0	    5.0	
 1514	 154.44	    0.0	 1500.0	    0.0	 -474.0	  761.2	    0.0	  200.0	    0.0	    0.0	    0.0	    0.0	  100.0	    0.0	    0.0	    0.0	    0.0	    0.0	   57.5	  1	  550.0	 2050.0	    0.0	    0.0	    0.0	1	  299.8	 21	    0.0	    5.0	
 1515	 154.53	    0.0	 1500.0	    0.0	 -474.0	  761.2	    0.0	  200.0	    0.0	    0.0	    0.0	    0.0	  100.0	    0.0	    0.0	    0.0	    0.0	    0.0	   57.6	  1	  550.0	 2050.0	    0.0	    0.0	    0.0	1	  299.8	 21	    0.0	    5.0	
 1516	 154.63	    0.0	 1500.0	    0.0	 -474.0	  761.2	    0.0	  200.0	    0.0	    0.0	    0.0	    0.0	  100.0	    0.0	    0.0	    0.0	    0.0	    0.0	   57.6	  1	  550.0	 2050.0	    0.0	    0.0	    0.0	1	  299.8	 21	    0.0	    5.0	
 1517	 154.74	    0.0	 1500.0	    0.0	 -474.0	  761.2	    0.0	  200.0	    0.0	    0.0	    0.0	    0.0	  100.0	    0.0	    0.0	    0.0	    0.0	    0.0	   57.6	  1	  550.0	 2050.0	    0.0	    0.0	    0.0	1	  299.8	 21	    0.0	    5.0	
 1518	 154.84	    0.0	 1500.0	    0.0	 -474.0	  761.2	    0.0	  200.0	    0.0	    0.0	    0.0	    0.0	  100.0	    0.0	    0.0	    0.0	    0.0	    0.0	   57.7	  1	  550.0	 2050.0	    0.0	    0.0	    0.0	1	  299.8	 21	    0.0	    5.0	
 1519	 154.94	    0.0	 1500.0	    0.0	 -474.0	  761.2	    0.0	  200.0	    0.0	    0.0	    0.0	    0.0	  100.0	    0.0	    0.0	    0.0	    0.0	    0.0	   57.7	  1	  550.0	 2050.0	    0.0	    0.0	    0.0	1	  299.8	 21	    0.0	    5.0	
 1520	 155.03	    0.0	 1500.0	    0.0	 -623.3	  861.2	    0.0	  200.0	    0.0	    0.0	    0.0	    0.0	  100.0	    0.0	    0.0	    0.0	    0.0	    0.0	   57.8	  1	  550.0	 2050.0	    0.0	    0.0	    0.0	1	  299.8	 21	    0.0	    5.0	
 1521	 155.13	    0.0	 1500.0	    0.0	 -623.3	  861.2	    0.0	  200.0	    0.0	    0.0	    0.0	    0.0	  100.0	    0.0	    0.0	    0.0	    0.0	    0.0	   57.8	  1	  550.0	 2050.0	    0.0	    0.0	    0.0	1	  299.8	 21	    0.0	    5.0	
 1522	 155.24	    0.0	 1500.0	    0.0	 -623.3	  861.2	    0.0	  200.0	    0.0	    0.0	    0.0	    0.0	  100.0	    0.0	    0.0	    0.0	    0.0	    0.0	   57.8	  1	  550.0	 2050.0	    0.0	    0.0	    0.0	1	  299.8	 21	    0.0	    5.0	
 1523	 155.34	    0.0	 1500.0	    0.0	 -623.3	  861.2	    0.0	  200.0	    0.0	    0.0	    0.0	    0.0	  100.0	    0.0	    0.0	    0.0	    0.0	    0.0	   57.9	  1	  550.0	 2050.0	    0.0	    0.0	    0.0	1	  299.8	 21	    0.0	    5.0	
 1524	 155.44	    0.0	 1500.0	    0.0	 -623.3	  861.2	    0.0	  200.0	    0.0	    0.0	    0.0	    0.0	  100.0	    0.0	    0.0	    0.0	    0.0	    0.0	   57.9	  1	  550.0	 2050.0	    0.0	    0.0	    0.0	1	  299.8	 21	    0.0	    5.0	
 1525	 155.53	    0.0	 1500.0	    0.0	 -623.3	  861.2	    0.0	  200.0	    0.0	    0.0	    0.0	    0.0	  100.0	    0.0	    0.0	    0.0	    0.0	    0.0	   58.0	  1	  550.0	 2050.0	    0.0	    0.0	    0.0	1	  299.8	 21	    0.0	    5.0	
 1526	 155.63	    0.0	 1500.0	    0.0	 -613.4	  882.5	    0.0	  200.0	    0.0	    0.0	    0.0	    0.0	  100.0	    0.0	    0.0	    0.0	    0.0	    0.0	   58.0	  1	  550.0	 2050.0	    0.0	    0.0	    0.0	1	  299.8	 21	    0.0	    5.0	
 1527	 155.74	    0.0	 1500.0	    0.0	 -613.4	  882.5	    0.0	  200.0	    0.0	    0.0	    0.0	    0.0	  100.0	    0.0	    0.0	    0.0	    0.0	    0.0	   58.0	  1	  550.0	 2050.0	    0.0	    0.0	    0.0	1	  299.8	 21	    0.0	    5.0	
 1528	 155.84	    0.0	 1500.0	    0.0	 -613.8	  881.6	    0.0	  200.0	    0.0	    0.0	    0.0	    0.0	  100.0	    0.0	    0.0	    0.0	    0.0	    0.0	   58.1	  1	  550.0	 2050.0	    0.0	    0.0	    0.0	1	  299.8	 21	    0.0	    5.0	
 1529	 155.94	    0.0	 1500.0	    0.0	 -613.8	  881.6	    0.0	  200.0	    0.0	    0.0	    0.0	    0.0	  100.0	    0.0	    0.0	    0.0	    0.0	    0.0	   58.1	  1	  550.0	 2050.0	    0.0	    0.0	    0.0	1	  299.8	 21	    0.0	    5.0	
 1530	 156.03	    0.0	 1500.0	    0.0	 -613.4	  882.5	    0.0	  200.0	    0.0	    0.0	    0.0	    0.0	  100.0	    0.0	    0.0	    0.0	    0.0	    0.0	   58.1	  1	  550.0	 2050.0	    0.0	    0.0	    0.0	1	  299.8	 21	    0.0	    5.0	
 1531	 156.14	    0.0	 1500.0	    0.0	 -613.4	  882.5	    0.0	  200.0	    0.0	    0.0	    0.0	    0.0	  100.0	    0.0	    0.0	    0.0	    0.0	    0.0	   58.2	  1	  550.0	 2050.0	    0.0	    0.0	    0.0	1	  299.8	 21	    0.0	    5.0	
 1532	 156.24	    0.0	 1500.0	    0.0	 -613.4	  882.5	    0.0	  200.0	    0.0	    0.0	    0.0	    0.0	  100.0	    0.0	    0.0	    0.0	    0.0	    0.0	   58.2	  1	  550.0	 2050.0	    0.0	    0.0	    0.0	1	  299.8	 21	    0.0	    5.0	
 1533	 156.34	    0.0	 1500.0	    0.0	 -613.4	  882.5	    0.0	  200.0	    0.0	    0.0	    0.0	    0.0	  100.0	    0.0	    0.0	    0.0	    0.0	    0.0	   58.3	  1	  550.0	 2050.0	    0.0	    0.0	    0.0	1	  299.8	 21	    0.0	    5.0	
 1534	 156.44	    0.0	 1500.0	    0.0	 -613.4	  882.5	    0.0	  200.0	    0.0	    0.0	    0.0	    0.0	  100.0	    0.0	    0.0	    0.0	    0.0	    0.0	   58.3	  1	  550.0	 2050.0	    0.0	    0.0	    0.0	1	  299.8	 21	    0.0	    5.0	
 1535	 156.53	    0.0	 1500.0	    0.0	 -613.4	  882.5	    0.0	  200.0	    0.0	    0.0	    0.0	    0.0	  100.0	    0.0	    0.0	    0.0	    0.0	    0.0	   58.3	  1	  550.0	 2050.0	    0.0	    0.0	    0.0	1	  299.8	 21	    0.0	    5.0	
 1536	 156.63	    0.0	 1500.0	    0.0	 -613.4	  882.5	    0.0	  200.0	    0.0	    0.0	    0.0	    0.0	  100.0	    0.0	    0.0	    0.0	    0.0	    0.0	   58.4	  1	  550.0	 2050.0	    0.0	    0.0	    0.0	1	  299.8	 21	    0.0	    5.0	
 1537	 156.74	    0.0	 1500.0	    0.0	 -613.4	  882.5	    0.0	  200.0	    0.0	    0.0	    0.0	    0.0	  100.0	    0.0	    0.0	    0.0	    0.0	    0.0	   58.4	  1	  550.0	 2050.0	    0.0	    0.0	    0.0	1	  299.8	 21	    0.0	    5.0	
 1538	 156.84	    0.0	 1500.0	    0.0	 -613.4	  882.5	    0.0	  200.0	    0.0	    0.0	    0.0	    0.0	  100.0	    0.0	    0.0	    0.0	    0.0	    0.0	   58.4	  1	  550.0	 2050.0	    0.0	    0.0	    0.0	1	  299.8	 21	    0.0	    5.0	
 1539	 156.94	    0.0	 1500.0	    0.0	 -613.4	  882.5	    0.0	  200.0	    0.0	    0.0	    0.0	    0.0	  100.0	    0.0	    0.0	    0.0	    0.0	    0.0	   58.5	  1	  550.0	 2050.0	    0.0	    0.0	    0.0	1	  299.8	 21	    0.0	    5.0	
 1540	 157.03	    0.0	 1500.0	    0.0	 -613.4	  882.5	    0.0	  200.0	    0.0	    0.0	    0.0	    0.0	  100.0	    0.0	    0.0	    0.0	    0.0	    0.0	   58.5	  1	  550.0	 2050.0	    0.0	    0.0	    0.0	1	  299.8	 21	    0.0	    5.0	
 1541	 157.13	    0.0	 1500.0	    0.0	 -613.4	  882.5	    0.0	  200.0	    0.0	    0.0	    0.0	    0.0	  100.0	    0.0	    0.0	    0.0	    0.0	    0.0	   58.6	  1	  550.0	 2050.0	    0.0	    0.0	    0.0	1	  299.8	 21	    0.0	    5.0	
 1542	 157.24	    0.0	 1500.0	    0.0	 -614.2	  885.9	    0.0	  200.0	    0.0	    0.0	    0.0	    0.0	  100.0	    0.0	    0.0	    0.0	    0.0	    0.0	   58.6	  1	  550.0	 2050.0	    0.0	    0.0	    0.0	1	  299.8	 21	    0.0	    5.0	
 1543	 157.34	    0.0	 1500.0	    0.0	 -586.1	  874.7	    0.0	  200.0	    0.0	    0.0	    0.0	    0.0	  100.0	    0.0	    0.0	    0.0	    0.0	    0.0	   58.6	  1	  550.0	 2050.0	    0.0	    0.0	    0.0	1	  299.8	 21	    0.0	    5.0	
 1544	 157.44	    0.0	 1500.0	    0.0	 -613.8	  886.8	    0.0	  200.0	    0.0	    0.0	    0.0	    0.0	  100.0	    0.0	    0.0	    0.0	    0.0	    0.0	   58.7	  1	  550.0	 2050.0	    0.0	    0.0	    0.0	1	  299.8	 21	    0.0	    5.0	
 1545	 157.53	    0.0	 1500.0	    0.0	 -613.8	  886.8	    0.0	  200.0	    0.0	    0.0	    0.0	    0.0	  100.0	    0.0	    0.0	    0.0	    0.0	    0.0	   58.7	  1	  550.0	 2050.0	    0.0	    0.0	    0.0	1	  299.8	 21	    0.0	    5.0	
 1546	 157.63	    0.0	 1500.0	    0.0	 -613.8	  886.8	    0.0	  200.0	    0.0	    0.0	    0.0	    0.0	  100.0	    0.0	    0.0	    0.0	    0.0	    0.0	   58.7	  1	  550.0	 2050.0	    0.0	    0.0	    0.0	1	  299.8	 21	    0.0	    5.0	
 1547	 157.74	    0.0	 1500.0	    0.0	 -613.8	  886.8	    0.0	  200.0	    0.0	    0.0	    0.0	    0.0	  100.0	    0.0	    0.0	    0.0	    0.0	    0.0	   58.8	  1	  550.0	 2050.0	    0.0	    0.0	    0.0	1	  299.8	 21	    0.0	    5.0	
 1548	 157.84	    0.0	 1500.0	    0.0	 -613.8	  886.8	    0.0	  200.0	    0.0	    0.0	    0.0	    0.0	  100.0	    0.0	    0.0	    0.0	    0.0	    0.0	   58.8	  1	  550.0	 2050.0	    0.0	    0.0	    0.0	1	  299.8	 21	    0.0	    5.0	
 1549	 157.94	    0.0	 1500.0	    0.0	 -616.0	  887.1	    0.0	  200.0	    0.0	    0.0	    0.0	    0.0	  100.0	    0.0	    0.0	    0.0	    0.0	    0.0	   58.9	  1	  550.0	 2050.0	    0.0	    0.0	    0.0	1	  299.8	 21	    0.0	    5.0	
 1550	 158.04	    0.0	 1500.0	    0.0	 -616.0	  887.1	    0.0	  200.0	    0.0	    0.0	    0.0	    0.0	  100.0	    0.0	    0.0	    0.0	    0.0	    0.0	   58.9	  1	  550.0	 2050.0	    0.0	    0.0	    0.0	1	  299.8	 21	    0.0	    5.0	
 1551	 158.13	    0.0	 1500.0	    0.0	 -616.0	  887.1	    0.0	  200.0	    0.0	    0.0	    0.0	    0.0	  100.0	    0.0	    0.0	    0.0	    0.0	    0.0	   58.9	  1	  550.0	 2050.0	    0.0	    0.0	    0.0	1	  299.8	 21	    0.0	    5.0	
 1552	 158.24	    0.0	 1500.0	    0.0	 -616.0	  887.1	    0.0	  200.0	    0.0	    0.0	    0.0	    0.0	  100.0	    0.0	    0.0	    0.0	    0.0	    0.0	   59.0	  1	  550.0	 2050.0	    0.0	    0.0	    0.0	1	  299.8	 21	    0.0	    5.0	
 1553	 158.34	    0.0	 1500.0	    0.0	 -616.0	  887.1	    0.0	  200.0	    0.0	    0.0	    0.0	    0.0	  100.0	    0.0	    0.0	    0.0	    0.0	    0.0	   59.0	  1	  550.0	 2050.0	    0.0	    0.0	    0.0	1	  299.8	 21	    0.0	    5.0	
 1554	 158.44	    0.0	 1500.0	    0.0	 -616.0	  887.1	    0.0	  200.0	    0.0	    0.0	    0.0	    0.0	  100.0	    0.0	    0.0	    0.0	    0.0	    0.0	   59.1	  1	  550.0	 2050.0	    0.0	    0.0	    0.0	1	  299.8	 21	    0.0	    5.0	
 1555	 158.54	    0.0	 1500.0	    0.0	 -616.0	  887.1	    0.0	  200.0	    0.0	    0.0	    0.0	    0.0	  100.0	    0.0	    0.0	    0.0	    0.0	    0.0	   59.1	  1	  550.0	 2050.0	    0.0	    0.0	    0.0	1	  299.8	 21	    0.0	    5.0	
 1556	 158.63	    0.0	 1500.0	    0.0	 -616.0	  887.1	    0.0	  200.0	    0.0	    0.0	    0.0	    0.0	  100.0	    0.0	    0.0	    0.0	    0.0	    0.0	   59.1	  1	  550.0	 2050.0	    0.0	    0.0	    0.0	1	  299.8	 21	    0.0	    5.0	
 1557	 158.74	    0.0	 1500.0	    0.0	 -616.0	  887.1	    0.0	  200.0	    0.0	    0.0	    0.0	    0.0	  100.0	    0.0	    0.0	    0.0	    0.0	    0.0	   59.2	  1	  550.0	 2050.0	    0.0	    0.0	    0.0	1	  299.8	 21	    0.0	    5.0	
 1558	 158.84	    0.0	 1500.0	    0.0	 -616.0	  887.1	    0.0	  200.0	    0.0	    0.0	    0.0	    0.0	  100.0	    0.0	    0.0	    0.0	    0.0	    0.0	   59.2	  1	  550.0	 2050.0	    0.0	    0.0	    0.0	1	  299.8	 21	    0.0	    5.0	
 1559	 158.94	    0.0	 1500.0	    0.0	 -616.0	  887.1	    0.0	  200.0	    0.0	    0.0	    0.0	    0.0	  100.0	    0.0	    0.0	    0.0	    0.0	    0.0	   59.2	  1	  550.0	 2050.0	    0.0	    0.0	    0.0	1	  299.8	 21	    0.0	    5.0	
 1560	 159.03	    0.0	 1500.0	    0.0	 -616.0	  887.1	    0.0	  200.0	    0.0	    0.0	    0.0	    0.0	  100.0	    0.0	    0.0	    0.0	    0.0	    0.0	   59.3	  1	  550.0	 2050.0	    0.0	    0.0	    0.0	1	  299.8	 21	    0.0	    5.0	
 1561	 159.13	    0.0	 1500.0	    0.0	 -616.0	  887.1	    0.0	  200.0	    0.0	    0.0	    0.0	    0.0	  100.0	    0.0	    0.0	    0.0	    0.0	    0.0	   59.3	  1	  550.0	 2050.0	    0.0	    0.0	    0.0	1	  299.8	 21	    0.0	    5.0	
 1562	 159.24	    0.0	 1500.0	    0.0	 -616.0	  887.1	    0.0	  200.0	    0.0	    0.0	    0.0	    0.0	  100.0	    0.0	    0.0	    0.0	    0.0	    0.0	   59.4	  1	  550.0	 2050.0	    0.0	    0.0	    0.0	1	  299.8	 21	    0.0	    5.0	
 1563	 159.34	    0.0	 1500.0	    0.0	 -616.0	  887.1	    0.0	  200.0	    0.0	    0.0	    0.0	    0.0	  100.0	    0.0	    0.0	    0.0	    0.0	    0.0	   59.4	  1	  550.0	 2050.0	    0.0	    0.0	    0.0	1	  299.8	 21	    0.0	    5.0	
 1564	 159.44	    0.0	 1500.0	    0.0	 -621.2	 1000.9	    0.0	  200.0	    0.0	    0.0	    0.0	    0.0	  100.0	    0.0	    0.0	    0.0	    0.0	    0.0	   59.4	  1	  550.0	 2050.0	    0.0	    0.0	    0.0	1	  299.8	 21	    0.0	    5.0	
 1565	 159.53	    0.0	 1500.0	    0.0	 -616.0	  887.1	    0.0	  200.0	    0.0	    0.0	    0.0	    0.0	  100.0	    0.0	    0.0	    0.0	    0.0	    0.0	   59.5	  1	  550.0	 2050.0	    0.0	    0.0	    0.0	1	  299.8	 21	    0.0	    5.0	
 1566	 159.63	    0.0	 1500.0	    0.0	 -616.0	  887.1	    0.0	  200.0	    0.0	    0.0	    0.0	    0.0	  100.0	    0.0	    0.0	    0.0	    0.0	    0.0	   59.5	  1	  550.0	 2050.0	    0.0	    0.0	    0.0	1	  299.8	 21	    0.0	    5.0	
 1567	 159.74	    0.0	 1500.0	    0.0	 -616.0	  887.1	    0.0	  200.0	    0.0	    0.0	    0.0	    0.0	  100.0	    0.0	    0.0	    0.0	    0.0	    0.0	   59.5	  1	  550.0	 2050.0	    0.0	    0.0	    0.0	1	  299.8	 21	    0.0	    5.0	
 1568	 159.84	    0.0	 1500.0	    0.0	 -616.0	  887.1	    0.0	  200.0	    0.0	    0.0	    0.0	    0.0	  100.0	    0.0	    0.0	    0.0	    0.0	    0.0	   59.6	  1	  550.0	 2050.0	    0.0	    0.0	    0.0	1	  299.8	 21	    0.0	    5.0	
 1569	 159.94	    0.0	 1500.0	    0.0	 -616.0	  887.1	    0.0	  200.0	    0.0	    0.0	    0.0	    0.0	  100.0	    0.0	    0.0	    0.0	    0.0	    0.0	   59.6	  1	  550.0	 2050.0	    0.0	    0.0	    0.0	1	  299.8	 21	    0.0	    5.0	
 1570	 160.04	    0.0	 1500.0	    0.0	 -616.0	  887.1	    0.0	  200.0	    0.0	    0.0	    0.0	    0.0	  100.0	    0.0	    0.0	    0.0	    0.0	    0.0	   59.7	  1	  550.0	 2050.0	    0.0	    0.0	    0.0	1	  299.8	 21	    0.0	    5.0	
 1571	 160.13	    0.0	 1500.0	    0.0	 -502.3	  664.0	    0.0	  200.0	    0.0	    0.0	    0.0	    0.0	  100.0	    0.0	    0.0	    0.0	    0.0	    0.0	   59.7	  1	  550.0	 2050.0	    0.0	    0.0	    0.0	1	  299.8	 21	    0.0	    5.0	
 1572	 160.24	    0.0	 1500.0	    0.0	 -616.0	  887.1	    0.0	  200.0	    0.0	    0.0	    0.0	    0.0	  100.0	    0.0	    0.0	    0.0	    0.0	    0.0	   59.7	  1	  550.0	 2050.0	    0.0	    0.0	    0.0	1	  299.8	 21	    0.0	    5.0	
 1573	 160.34	    0.0	 1500.0	    0.0	 -616.0	  887.1	    0.0	  200.0	    0.0	    0.0	    0.0	    0.0	  100.0	    0.0	    0.0	    0.0	    0.0	    0.0	   59.8	  1	  550.0	 2050.0	    0.0	    0.0	    0.0	1	  299.8	 21	    0.0	    5.0	
 1574	 160.44	    0.0	 1500.0	    0.0	 -616.0	  887.1	    0.0	  200.0	    0.0	    0.0	    0.0	    0.0	  100.0	    0.0	    0.0	    0.0	    0.0	    0.0	   59.8	  1	  550.0	 2050.0	    0.0	    0.0	    0.0	1	  299.8	 21	    0.0	    5.0	
 1575	 160.53	    0.0	 1500.0	    0.0	 -616.0	  887.1	    0.0	  200.0	    0.0	    0.0	    0.0	    0.0	  100.0	    0.0	    0.0	    0.0	    0.0	    0.0	   59.9	  1	  550.0	 2050.0	    0.0	    0.0	    0.0	1	  299.8	 21	    0.0	    5.0	
 1576	 160.63	    0.0	 1500.0	    0.0	 -616.0	  887.1	    0.0	  200.0	    0.0	    0.0	    0.0	    0.0	  100.0	    0.0	    0.0	    0.0	    0.0	    0.0	   59.9	  1	  550.0	 2050.0	    0.0	    0.0	    0.0	1	  299.8	 21	    0.0	    5.0	
 1577	 160.74	    0.0	 1500.0	    0.0	 -616.0	  887.1	    0.0	  200.0	    0.0	    0.0	    0.0	    0.0	  100.0	    0.0	    0.0	    0.0	    0.0	    0.0	   59.9	  1	  550.0	 2050.0	    0.0	    0.0	    0.0	1	  299.8	 21	    0.0	    5.0	
 1578	 160.84	    0.0	 1500.0	    0.0	 -615.9	  892.3	    0.0	  200.0	    0.0	    0.0	    0.0	    0.0	  100.0	    0.0	    0.0	    0.0	    0.0	    0.0	   60.0	  1	  550.0	 2050.0	    0.0	    0.0	    0.0	1	  299.8	 21	    0.0	    5.0	
 1579	 160.94	    0.0	 1500.0	    0.0	 -615.9	  892.3	    0.0	  200.0	    0.0	    0.0	    0.0	    0.0	  100.0	    0.0	    0.0	    0.0	    0.0	    0.0	   60.0	  1	  550.0	 2050.0	    0.0	    0.0	    0.0	1	  299.8	 21	    0.0	    5.0	
 1580	 161.03	    0.0	 1500.0	    0.0	 -615.9	  892.3	    0.0	  200.0	    0.0	    0.0	    0.0	    0.0	  100.0	    0.0	    0.0	    0.0	    0.0	    0.0	   60.0	  1	  550.0	 2050.0	    0.0	    0.0	    0.0	1	  299.8	 21	    0.0	    5.0	
 1581	 161.13	    0.0	 1500.0	    0.0	 -615.9	  892.3	    0.0	  200.0	    0.0	    0.0	    0.0	    0.0	  100.0	    0.0	    0.0	    0.0	    0.0	    0.0	   60.1	  1	  550.0	 2050.0	    0.0	    0.0	    0.0	1	  299.8	 21	    0.0	    5.0	
 1582	 161.24	    0.0	 1500.0	    0.0	 -615.9	  892.3	    0.0	  200.0	    0.0	    0.0	    0.0	    0.0	  100.0	    0.0	    0.0	    0.0	    0.0	    0.0	   60.1	  1	  550.0	 2050.0	    0.0	    0.0	    0.0	1	  299.8	 21	    0.0	    5.0	
 1583	 161.34	    0.0	 1500.0	    0.0	 -615.9	  892.3	    0.0	  200.0	    0.0	    0.0	    0.0	    0.0	  100.0	    0.0	    0.0	    0.0	    0.0	    0.0	   60.2	  1	  550.0	 2050.0	    0.0	    0.0	    0.0	1	  299.8	 21	    0.0	    5.0	
 1584	 161.44	    0.0	 1500.0	    0.0	 -615.9	  892.3	    0.0	  200.0	    0.0	    0.0	    0.0	    0.0	  100.0	    0.0	    0.0	    0.0	    0.0	    0.0	   60.2	  1	  550.0	 2050.0	    0.0	    0.0	    0.0	1	  299.8	 21	    0.0	    5.0	
 1585	 161.53	    0.0	 1500.0	    0.0	 -615.9	  892.3	    0.0	  200.0	    0.0	    0.0	    0.0	    0.0	  100.0	    0.0	    0.0	    0.0	    0.0	    0.0	   60.2	  1	  550.0	 2050.0	    0.0	    0.0	    0.0	1	  299.8	 21	    0.0	    5.0	
 1586	 161.63	    0.0	 1500.0	    0.0	 -616.2	  891.7	    0.0	  200.0	    0.0	    0.0	    0.0	    0.0	  100.0	    0.0	    0.0	    0.0	    0.0	    0.0	   60.3	  1	  550.0	 2050.0	    0.0	    0.0	    0.0	1	  299.8	 21	    0.0	    5.0	
 1587	 161.74	    0.0	 1500.0	    0.0	 -616.2	  891.7	    0.0	  200.0	    0.0	    0.0	    0.0	    0.0	  100.0	    0.0	    0.0	    0.0	    0.0	    0.0	   60.3	  1	  550.0	 2050.0	    0.0	    0.0	    0.0	1	  299.8	 21	    0.0	    5.0	
 1588	 161.84	    0.0	 1500.0	    0.0	 -616.2	  891.7	    0.0	  200.0	    0.0	    0.0	    0.0	    0.0	  100.0	    0.0	    0.0	    0.0	    0.0	    0.0	   60.3	  1	  550.0	 2050.0	    0.0	    0.0	    0.0	1	  299.8	 21	    0.0	    5.0	
 1589	 161.94	    0.0	 1500.0	    0.0	 -616.2	  891.7	    0.0	  200.0	    0.0	    0.0	    0.0	    0.0	  100.0	    0.0	    0.0	    0.0	    0.0	    0.0	   60.4	  1	  550.0	 2050.0	    0.0	    0.0	    0.0	1	  299.8	 21	    0.0	    5.0	
 1590	 162.03	    0.0	 1500.0	    0.0	 -616.2	  891.7	    0.0	  200.0	    0.0	    0.0	    0.0	    0.0	  100.0	    0.0	    0.0	    0.0	    0.0	    0.0	   60.4	  1	  550.0	 2050.0	    0.0	    0.0	    0.0	1	  299.8	 21	    0.0	    5.0	
 1591	 162.13	    0.0	 1500.0	    0.0	 -616.2	  891.7	    0.0	  200.0	    0.0	    0.0	    0.0	    0.0	  100.0	    0.0	    0.0	    0.0	    0.0	    0.0	   60.5	  1	  550.0	 2050.0	    0.0	    0.0	    0.0	1	  299.8	 21	    0.0	    5.0	
 1592	 162.24	    0.0	 1500.0	    0.0	 -616.2	  891.7	    0.0	  200.0	    0.0	    0.0	    0.0	    0.0	  100.0	    0.0	    0.0	    0.0	    0.0	    0.0	   60.5	  1	  550.0	 2050.0	    0.0	    0.0	    0.0	1	  299.8	 21	    0.0	    5.0	
 1593	 162.34	    0.0	 1500.0	    0.0	 -617.9	  898.1	    0.0	  200.0	    0.0	    0.0	    0.0	    0.0	  100.0	    0.0	    0.0	    0.0	    0.0	    0.0	   60.5	  1	  550.0	 2050.0	    0.0	    0.0	    0.0	1	  299.8	 21	    0.0	    5.0	
 1594	 162.44	    0.0	 1500.0	    0.0	 -617.9	  898.1	    0.0	  200.0	    0.0	    0.0	    0.0	    0.0	  100.0	    0.0	    0.0	    0.0	    0.0	    0.0	   60.6	  1	  550.0	 2050.0	    0.0	    0.0	    0.0	1	  299.8	 21	    0.0	    5.0	
 1595	 162.53	    0.0	 1500.0	    0.0	 -617.9	  898.1	    0.0	  200.0	    0.0	    0.0	    0.0	    0.0	  100.0	    0.0	    0.0	    0.0	    0.0	    0.0	   60.6	  1	  550.0	 2050.0	    0.0	    0.0	    0.0	1	  299.8	 21	    0.0	    5.0	
 1596	 162.63	    0.0	 1500.0	    0.0	 -617.9	  898.1	    0.0	  200.0	    0.0	    0.0	    0.0	    0.0	  100.0	    0.0	    0.0	    0.0	    0.0	    0.0	   60.6	  1	  550.0	 2050.0	    0.0	    0.0	    0.0	1	  299.8	 21	    0.0	    5.0	
 1597	 162.74	    0.0	 1500.0	    0.0	 -617.9	  898.1	    0.0	  200.0	    0.0	    0.0	    0.0	    0.0	  100.0	    0.0	    0.0	    0.0	    0.0	    0.0	   60.7	  1	  550.0	 2050.0	    0.0	    0.0	    0.0	1	  299.8	 21	    0.0	    5.0	
 1598	 162.84	    0.0	 1500.0	    0.0	 -617.9	  898.1	    0.0	  200.0	    0.0	    0.0	    0.0	    0.0	  100.0	    0.0	    0.0	    0.0	    0.0	    0.0	   60.7	  1	  550.0	 2050.0	    0.0	    0.0	    0.0	1	  299.8	 21	    0.0	    5.0	
 1599	 162.94	    0.0	 1500.0	    0.0	 -617.9	  898.1	    0.0	  200.0	    0.0	    0.0	    0.0	    0.0	  100.0	    0.0	    0.0	    0.0	    0.0	    0.0	   60.8	  1	  550.0	 2050.0	    0.0	    0.0	    0.0	1	  299.8	 21	    0.0	    5.0	
 1600	 163.03	    0.0	 1500.0	    0.0	 -617.9	  898.1	    0.0	  200.0	    0.0	    0.0	    0.0	    0.0	  100.0	    0.0	    0.0	    0.0	    0.0	    0.0	   60.8	  1	  550.0	 2050.0	    0.0	    0.0	    0.0	1	  299.8	 21	    0.0	    5.0	
 1601	 163.13	    0.0	 1500.0	    0.0	 -617.9	  898.1	    0.0	  200.0	    0.0	    0.0	    0.0	    0.0	  100.0	    0.0	    0.0	    0.0	    0.0	    0.0	   60.8	  1	  550.0	 2050.0	    0.0	    0.0	    0.0	1	  299.8	 21	    0.0	    5.0	
 1602	 163.24	    0.0	 1500.0	    0.0	 -617.9	  898.1	    0.0	  200.0	    0.0	    0.0	    0.0	    0.0	  100.0	    0.0	    0.0	    0.0	    0.0	    0.0	   60.9	  1	  550.0	 2050.0	    0.0	    0.0	    0.0	1	  299.8	 21	    0.0	    5.0	
 1603	 163.34	    0.0	 1500.0	    0.0	 -617.9	  898.1	    0.0	  200.0	    0.0	    0.0	    0.0	    0.0	  100.0	    0.0	    0.0	    0.0	    0.0	    0.0	   60.9	  1	  550.0	 2050.0	    0.0	    0.0	    0.0	1	  299.8	 21	    0.0	    5.0	
 1604	 163.44	    0.0	 1500.0	    0.0	 -617.9	  898.1	    0.0	  200.0	    0.0	    0.0	    0.0	    0.0	  100.0	    0.0	    0.0	    0.0	    0.0	    0.0	   61.0	  1	  550.0	 2050.0	    0.0	    0.0	    0.0	1	  299.8	 21	    0.0	    5.0	
 1605	 163.53	    0.0	 1500.0	    0.0	 -617.9	  898.1	    0.0	  200.0	    0.0	    0.0	    0.0	    0.0	  100.0	    0.0	    0.0	    0.0	    0.0	    0.0	   61.0	  1	  550.0	 2050.0	    0.0	    0.0	    0.0	1	  299.8	 21	    0.0	    5.0	
 1606	 163.63	    0.0	 1500.0	    0.0	 -617.9	  898.1	    0.0	  200.0	    0.0	    0.0	    0.0	    0.0	  100.0	    0.0	    0.0	    0.0	    0.0	    0.0	   61.0	  1	  550.0	 2050.0	    0.0	    0.0	    0.0	1	  299.8	 21	    0.0	    5.0	
 1607	 163.74	    0.0	 1500.0	    0.0	 -617.9	  898.1	    0.0	  200.0	    0.0	    0.0	    0.0	    0.0	  100.0	    0.0	    0.0	    0.0	    0.0	    0.0	   61.1	  1	  550.0	 2050.0	    0.0	    0.0	    0.0	1	  299.8	 21	    0.0	    5.0	
 1608	 163.84	    0.0	 1500.0	    0.0	 -617.9	  898.1	    0.0	  200.0	    0.0	    0.0	    0.0	    0.0	  100.0	    0.0	    0.0	    0.0	    0.0	    0.0	   61.1	  1	  550.0	 2050.0	    0.0	    0.0	    0.0	1	  299.8	 21	    0.0	    5.0	
 1609	 163.94	    0.0	 1500.0	    0.0	 -617.9	  898.1	    0.0	  200.0	    0.0	    0.0	    0.0	    0.0	  100.0	    0.0	    0.0	    0.0	    0.0	    0.0	   61.1	  1	  550.0	 2050.0	    0.0	    0.0	    0.0	1	  299.8	 21	    0.0	    5.0	
 1610	 164.03	    0.0	 1500.0	    0.0	 -617.9	  898.1	    0.0	  200.0	    0.0	    0.0	    0.0	    0.0	  100.0	    0.0	    0.0	    0.0	    0.0	    0.0	   61.2	  1	  550.0	 2050.0	    0.0	    0.0	    0.0	1	  299.8	 21	    0.0	    5.0	
 1611	 164.14	    0.0	 1500.0	    0.0	 -617.9	  898.1	    0.0	  200.0	    0.0	    0.0	    0.0	    0.0	  100.0	    0.0	    0.0	    0.0	    0.0	    0.0	   61.2	  1	  550.0	 2050.0	    0.0	    0.0	    0.0	1	  299.8	 21	    0.0	    5.0	
 1612	 164.24	    0.0	 1500.0	    0.0	 -617.9	  898.1	    0.0	  200.0	    0.0	    0.0	    0.0	    0.0	  100.0	    0.0	    0.0	    0.0	    0.0	    0.0	   61.3	  1	  550.0	 2050.0	    0.0	    0.0	    0.0	1	  299.8	 21	    0.0	    5.0	
 1613	 164.34	    0.0	 1500.0	    0.0	 -617.9	  898.1	    0.0	  200.0	    0.0	    0.0	    0.0	    0.0	  100.0	    0.0	    0.0	    0.0	    0.0	    0.0	   61.3	  1	  550.0	 2050.0	    0.0	    0.0	    0.0	1	  299.8	 21	    0.0	    5.0	
 1614	 164.44	    0.0	 1500.0	    0.0	 -617.5	  886.5	    0.0	  200.0	    0.0	    0.0	    0.0	    0.0	  100.0	    0.0	    0.0	    0.0	    0.0	    0.0	   61.3	  1	  550.0	 2050.0	    0.0	    0.0	    0.0	1	  299.8	 21	    0.0	    5.0	
 1615	 164.53	    0.0	 1500.0	    0.0	 -617.5	  886.5	    0.0	  200.0	    0.0	    0.0	    0.0	    0.0	  100.0	    0.0	    0.0	    0.0	    0.0	    0.0	   61.4	  1	  550.0	 2050.0	    0.0	    0.0	    0.0	1	  299.8	 21	    0.0	    5.0	
 1616	 164.63	    0.0	 1500.0	    0.0	 -617.5	  886.5	    0.0	  200.0	    0.0	    0.0	    0.0	    0.0	  100.0	    0.0	    0.0	    0.0	    0.0	    0.0	   61.4	  1	  550.0	 2050.0	    0.0	    0.0	    0.0	1	  299.8	 21	    0.0	    5.0	
 1617	 164.74	    0.0	 1500.0	    0.0	 -617.5	  886.5	    0.0	  200.0	    0.0	    0.0	    0.0	    0.0	  100.0	    0.0	    0.0	    0.0	    0.0	    0.0	   61.4	  1	  550.0	 2050.0	    0.0	    0.0	    0.0	1	  299.8	 21	    0.0	    5.0	
 1618	 164.84	    0.0	 1500.0	    0.0	 -617.5	  886.5	    0.0	  200.0	    0.0	    0.0	    0.0	    0.0	  100.0	    0.0	    0.0	    0.0	    0.0	    0.0	   61.5	  1	  550.0	 2050.0	    0.0	    0.0	    0.0	1	  299.8	 21	    0.0	    5.0	
 1619	 164.94	    0.0	 1500.0	    0.0	 -617.5	  886.5	    0.0	  200.0	    0.0	    0.0	    0.0	    0.0	  100.0	    0.0	    0.0	    0.0	    0.0	    0.0	   61.5	  1	  550.0	 2050.0	    0.0	    0.0	    0.0	1	  299.8	 21	    0.0	    5.0	
 1620	 165.03	    0.0	 1500.0	    0.0	 -617.5	  886.5	    0.0	  200.0	    0.0	    0.0	    0.0	    0.0	  100.0	    0.0	    0.0	    0.0	    0.0	    0.0	   61.6	  1	  550.0	 2050.0	    0.0	    0.0	    0.0	1	  299.8	 21	    0.0	    5.0	
 1621	 165.13	    0.0	 1500.0	    0.0	 -617.5	  886.5	    0.0	  200.0	    0.0	    0.0	    0.0	    0.0	  100.0	    0.0	    0.0	    0.0	    0.0	    0.0	   61.6	  1	  550.0	 2050.0	    0.0	    0.0	    0.0	1	  299.8	 21	    0.0	    5.0	
 1622	 165.24	    0.0	 1500.0	    0.0	 -616.4	  883.8	    0.0	  200.0	    0.0	    0.0	    0.0	    0.0	  100.0	    0.0	    0.0	    0.0	    0.0	    0.0	   61.6	  1	  550.0	 2050.0	    0.0	    0.0	    0.0	1	  299.8	 21	    0.0	    5.0	
 1623	 165.34	    0.0	 1500.0	    0.0	 -616.4	  883.8	    0.0	  200.0	    0.0	    0.0	    0.0	    0.0	  100.0	    0.0	    0.0	    0.0	    0.0	    0.0	   61.7	  1	  550.0	 2050.0	    0.0	    0.0	    0.0	1	  299.8	 21	    0.0	    5.0	
 1624	 165.44	    0.0	 1500.0	    0.0	 -616.4	  883.8	    0.0	  200.0	    0.0	    0.0	    0.0	    0.0	  100.0	    0.0	    0.0	    0.0	    0.0	    0.0	   61.7	  1	  550.0	 2050.0	    0.0	    0.0	    0.0	1	  299.8	 21	    0.0	    5.0	
 1625	 165.53	    0.0	 1500.0	    0.0	 -616.4	  883.8	    0.0	  200.0	    0.0	    0.0	    0.0	    0.0	  100.0	    0.0	    0.0	    0.0	    0.0	    0.0	   61.8	  1	  550.0	 2050.0	    0.0	    0.0	    0.0	1	  299.8	 21	    0.0	    5.0	
 1626	 165.63	    0.0	 1500.0	    0.0	 -615.2	  886.4	    0.0	  200.0	    0.0	    0.0	    0.0	    0.0	  100.0	    0.0	    0.0	    0.0	    0.0	    0.0	   61.8	  1	  550.0	 2050.0	    0.0	    0.0	    0.0	1	  299.8	 21	    0.0	    5.0	
 1627	 165.74	    0.0	 1500.0	    0.0	 -615.2	  886.4	    0.0	  200.0	    0.0	    0.0	    0.0	    0.0	  100.0	    0.0	    0.0	    0.0	    0.0	    0.0	   61.8	  1	  550.0	 2050.0	    0.0	    0.0	    0.0	1	  299.8	 21	    0.0	    5.0	
 1628	 165.84	    0.0	 1500.0	    0.0	 -615.2	  886.4	    0.0	  200.0	    0.0	    0.0	    0.0	    0.0	  100.0	    0.0	    0.0	    0.0	    0.0	    0.0	   61.9	  1	  550.0	 2050.0	    0.0	    0.0	    0.0	1	  299.8	 21	    0.0	    5.0	
 1629	 165.94	    0.0	 1500.0	    0.0	 -615.2	  886.4	    0.0	  200.0	    0.0	    0.0	    0.0	    0.0	  100.0	    0.0	    0.0	    0.0	    0.0	    0.0	   61.9	  1	  550.0	 2050.0	    0.0	    0.0	    0.0	1	  299.8	 21	    0.0	    5.0	
 1630	 166.03	    0.0	 1500.0	    0.0	 -612.6	  889.3	    0.0	  200.0	    0.0	    0.0	    0.0	    0.0	  100.0	    0.0	    0.0	    0.0	    0.0	    0.0	   61.9	  1	  550.0	 2050.0	    0.0	    0.0	    0.0	1	  299.8	 21	    0.0	    5.0	
 1631	 166.13	    0.0	 1500.0	    0.0	 -612.6	  889.3	    0.0	  200.0	    0.0	    0.0	    0.0	    0.0	  100.0	    0.0	    0.0	    0.0	    0.0	    0.0	   62.0	  1	  550.0	 2050.0	    0.0	    0.0	    0.0	1	  299.8	 21	    0.0	    5.0	
 1632	 166.24	    0.0	 1500.0	    0.0	 -612.6	  889.3	    0.0	  200.0	    0.0	    0.0	    0.0	    0.0	  100.0	    0.0	    0.0	    0.0	    0.0	    0.0	   62.0	  1	  550.0	 2050.0	    0.0	    0.0	    0.0	1	  299.8	 21	    0.0	    5.0	
 1633	 166.34	    0.0	 1500.0	    0.0	 -612.6	  889.3	    0.0	  200.0	    0.0	    0.0	    0.0	    0.0	  100.0	    0.0	    0.0	    0.0	    0.0	    0.0	   62.1	  1	  550.0	 2050.0	    0.0	    0.0	    0.0	1	  299.8	 21	    0.0	    5.0	
 1634	 166.44	    0.0	 1500.0	    0.0	 -612.6	  889.3	    0.0	  200.0	    0.0	    0.0	    0.0	    0.0	  100.0	    0.0	    0.0	    0.0	    0.0	    0.0	   62.1	  1	  550.0	 2050.0	    0.0	    0.0	    0.0	1	  299.8	 21	    0.0	    5.0	
 1635	 166.53	    0.0	 1500.0	    0.0	 -613.1	  888.2	    0.0	  200.0	    0.0	    0.0	    0.0	    0.0	  100.0	    0.0	    0.0	    0.0	    0.0	    0.0	   62.1	  1	  550.0	 2050.0	    0.0	    0.0	    0.0	1	  299.8	 21	    0.0	    5.0	
 1636	 166.63	    0.0	 1500.0	    0.0	 -613.1	  888.2	    0.0	  200.0	    0.0	    0.0	    0.0	    0.0	  100.0	    0.0	    0.0	    0.0	    0.0	    0.0	   62.2	  1	  550.0	 2050.0	    0.0	    0.0	    0.0	1	  299.8	 21	    0.0	    5.0	
 1637	 166.74	    0.0	 1500.0	    0.0	 -613.1	  888.2	    0.0	  200.0	    0.0	    0.0	    0.0	    0.0	  100.0	    0.0	    0.0	    0.0	    0.0	    0.0	   62.2	  1	  550.0	 2050.0	    0.0	    0.0	    0.0	1	  299.8	 21	    0.0	    5.0	
 1638	 166.84	    0.0	 1500.0	    0.0	 -613.1	  888.2	    0.0	  200.0	    0.0	    0.0	    0.0	    0.0	  100.0	    0.0	    0.0	    0.0	    0.0	    0.0	   62.2	  1	  550.0	 2050.0	    0.0	    0.0	    0.0	1	  299.8	 21	    0.0	    5.0	
 1639	 166.94	    0.0	 1500.0	    0.0	 -613.1	  888.2	    0.0	  200.0	    0.0	    0.0	    0.0	    0.0	  100.0	    0.0	    0.0	    0.0	    0.0	    0.0	   62.3	  1	  550.0	 2050.0	    0.0	    0.0	    0.0	1	  299.8	 21	    0.0	    5.0	
 1640	 167.03	    0.0	 1500.0	    0.0	 -613.1	  888.2	    0.0	  200.0	    0.0	    0.0	    0.0	    0.0	  100.0	    0.0	    0.0	    0.0	    0.0	    0.0	   62.3	  1	  550.0	 2050.0	    0.0	    0.0	    0.0	1	  299.8	 21	    0.0	    5.0	
 1641	 167.13	    0.0	 1500.0	    0.0	 -613.1	  888.2	    0.0	  200.0	    0.0	    0.0	    0.0	    0.0	  100.0	    0.0	    0.0	    0.0	    0.0	    0.0	   62.4	  1	  550.0	 2050.0	    0.0	    0.0	    0.0	1	  299.8	 21	    0.0	    5.0	
 1642	 167.24	    0.0	 1500.0	    0.0	 -613.1	  888.2	    0.0	  200.0	    0.0	    0.0	    0.0	    0.0	  100.0	    0.0	    0.0	    0.0	    0.0	    0.0	   62.4	  1	  550.0	 2050.0	    0.0	    0.0	    0.0	1	  299.8	 21	    0.0	    5.0	
 1643	 167.34	    0.0	 1500.0	    0.0	 -613.1	  888.2	    0.0	  200.0	    0.0	    0.0	    0.0	    0.0	  100.0	    0.0	    0.0	    0.0	    0.0	    0.0	   62.4	  1	  550.0	 2050.0	    0.0	    0.0	    0.0	1	  299.8	 21	    0.0	    5.0	
 1644	 167.44	    0.0	 1500.0	    0.0	 -613.1	  888.2	    0.0	  200.0	    0.0	    0.0	    0.0	    0.0	  100.0	    0.0	    0.0	    0.0	    0.0	    0.0	   62.5	  1	  550.0	 2050.0	    0.0	    0.0	    0.0	1	  299.8	 21	    0.0	    5.0	
 1645	 167.53	    0.0	 1500.0	    0.0	 -613.1	  888.2	    0.0	  200.0	    0.0	    0.0	    0.0	    0.0	  100.0	    0.0	    0.0	    0.0	    0.0	    0.0	   62.5	  1	  550.0	 2050.0	    0.0	    0.0	    0.0	1	  299.8	 21	    0.0	    5.0	
 1646	 167.64	    0.0	 1500.0	    0.0	 -613.1	  888.2	    0.0	  200.0	    0.0	    0.0	    0.0	    0.0	  100.0	    0.0	    0.0	    0.0	    0.0	    0.0	   62.5	  1	  550.0	 2050.0	    0.0	    0.0	    0.0	1	  299.8	 21	    0.0	    5.0	
 1647	 167.74	    0.0	 1500.0	    0.0	 -596.9	  871.5	    0.0	  200.0	    0.0	    0.0	    0.0	    0.0	  100.0	    0.0	    0.0	    0.0	    0.0	    0.0	   62.6	  1	  550.0	 2050.0	    0.0	    0.0	    0.0	1	  299.8	 21	    0.0	    5.0	
 1648	 167.84	    0.0	 1500.0	    0.0	 -596.9	  871.5	    0.0	  200.0	    0.0	    0.0	    0.0	    0.0	  100.0	    0.0	    0.0	    0.0	    0.0	    0.0	   62.6	  1	  550.0	 2050.0	    0.0	    0.0	    0.0	1	  299.8	 21	    0.0	    5.0	
 1649	 167.94	    0.0	 1500.0	    0.0	 -596.9	  871.5	    0.0	  200.0	    0.0	    0.0	    0.0	    0.0	  100.0	    0.0	    0.0	    0.0	    0.0	    0.0	   62.7	  1	  550.0	 2050.0	    0.0	    0.0	    0.0	1	  299.8	 21	    0.0	    5.0	
 1650	 168.03	    0.0	 1500.0	    0.0	 -596.9	  871.5	    0.0	  200.0	    0.0	    0.0	    0.0	    0.0	  100.0	    0.0	    0.0	    0.0	    0.0	    0.0	   62.7	  1	  550.0	 2050.0	    0.0	    0.0	    0.0	1	  299.8	 21	    0.0	    5.0	
 1651	 168.13	    0.0	 1500.0	    0.0	 -596.9	  871.5	    0.0	  200.0	    0.0	    0.0	    0.0	    0.0	  100.0	    0.0	    0.0	    0.0	    0.0	    0.0	   62.7	  1	  550.0	 2050.0	    0.0	    0.0	    0.0	1	  299.8	 21	    0.0	    5.0	
 1652	 168.24	    0.0	 1500.0	    0.0	 -572.3	  862.2	    0.0	  200.0	    0.0	    0.0	    0.0	    0.0	  100.0	    0.0	    0.0	    0.0	    0.0	    0.0	   62.8	  1	  550.0	 2050.0	    0.0	    0.0	    0.0	1	  299.8	 21	    0.0	    5.0	
 1653	 168.34	    0.0	 1500.0	    0.0	 -572.3	  862.2	    0.0	  200.0	    0.0	    0.0	    0.0	    0.0	  100.0	    0.0	    0.0	    0.0	    0.0	    0.0	   62.8	  1	  550.0	 2050.0	    0.0	    0.0	    0.0	1	  299.8	 21	    0.0	    5.0	
 1654	 168.44	    0.0	 1500.0	    0.0	 -572.3	  862.2	    0.0	  200.0	    0.0	    0.0	    0.0	    0.0	  100.0	    0.0	    0.0	    0.0	    0.0	    0.0	   62.9	  1	  550.0	 2050.0	    0.0	    0.0	    0.0	1	  299.8	 21	    0.0	    5.0	
 1655	 168.53	    0.0	 1500.0	    0.0	 -572.3	  862.2	    0.0	  200.0	    0.0	    0.0	    0.0	    0.0	  100.0	    0.0	    0.0	    0.0	    0.0	    0.0	   62.9	  1	  550.0	 2050.0	    0.0	    0.0	    0.0	1	  299.8	 21	    0.0	    5.0	
 1656	 168.63	    0.0	 1500.0	    0.0	 -572.3	  862.2	    0.0	  200.0	    0.0	    0.0	    0.0	    0.0	  100.0	    0.0	    0.0	    0.0	    0.0	    0.0	   62.9	  1	  550.0	 2050.0	    0.0	    0.0	    0.0	1	  299.8	 21	    0.0	    5.0	
 1657	 168.74	    0.0	 1500.0	    0.0	 -572.3	  862.2	    0.0	  200.0	    0.0	    0.0	    0.0	    0.0	  100.0	    0.0	    0.0	    0.0	    0.0	    0.0	   63.0	  1	  550.0	 2050.0	    0.0	    0.0	    0.0	1	  299.8	 21	    0.0	    5.0	
 1658	 168.84	    0.0	 1500.0	    0.0	 -572.3	  862.2	    0.0	  200.0	    0.0	    0.0	    0.0	    0.0	  100.0	    0.0	    0.0	    0.0	    0.0	    0.0	   63.0	  1	  550.0	 2050.0	    0.0	    0.0	    0.0	1	  299.8	 21	    0.0	    5.0	
 1659	 168.94	    0.0	 1500.0	    0.0	 -572.3	  862.2	    0.0	  200.0	    0.0	    0.0	    0.0	    0.0	  100.0	    0.0	    0.0	    0.0	    0.0	    0.0	   63.0	  1	  550.0	 2050.0	    0.0	    0.0	    0.0	1	  299.8	 21	    0.0	    5.0	
 1660	 169.03	    0.0	 1500.0	    0.0	 -572.3	  862.2	    0.0	  200.0	    0.0	    0.0	    0.0	    0.0	  100.0	    0.0	    0.0	    0.0	    0.0	    0.0	   63.1	  1	  550.0	 2050.0	    0.0	    0.0	    0.0	1	  299.8	 21	    0.0	    5.0	
 1661	 169.13	    0.0	 1500.0	    0.0	 -565.4	  871.7	    0.0	  200.0	    0.0	    0.0	    0.0	    0.0	  100.0	    0.0	    0.0	    0.0	    0.0	    0.0	   63.1	  1	  550.0	 2050.0	    0.0	    0.0	    0.0	1	  299.8	 21	    0.0	    5.0	
 1662	 169.24	    0.0	 1500.0	    0.0	 -574.6	  734.2	    0.0	  200.0	    0.0	    0.0	    0.0	    0.0	  100.0	    0.0	    0.0	    0.0	    0.0	    0.0	   63.2	  1	  550.0	 2050.0	    0.0	    0.0	    0.0	1	  299.8	 21	    0.0	    5.0	
 1663	 169.34	    0.0	 1500.0	    0.0	 -565.4	  871.7	    0.0	  200.0	    0.0	    0.0	    0.0	    0.0	  100.0	    0.0	    0.0	    0.0	    0.0	    0.0	   63.2	  1	  550.0	 2050.0	    0.0	    0.0	    0.0	1	  299.8	 21	    0.0	    5.0	
 1664	 169.44	    0.0	 1500.0	    0.0	 -565.4	  871.7	    0.0	  200.0	    0.0	    0.0	    0.0	    0.0	  100.0	    0.0	    0.0	    0.0	    0.0	    0.0	   63.2	  1	  550.0	 2050.0	    0.0	    0.0	    0.0	1	  299.8	 21	    0.0	    5.0	
 1665	 169.53	    0.0	 1500.0	    0.0	 -565.4	  871.7	    0.0	  200.0	    0.0	    0.0	    0.0	    0.0	  100.0	    0.0	    0.0	    0.0	    0.0	    0.0	   63.3	  1	  550.0	 2050.0	    0.0	    0.0	    0.0	1	  299.8	 21	    0.0	    5.0	
 1666	 169.63	    0.0	 1500.0	    0.0	 -565.4	  871.7	    0.0	  200.0	    0.0	    0.0	    0.0	    0.0	  100.0	    0.0	    0.0	    0.0	    0.0	    0.0	   63.3	  1	  550.0	 2050.0	    0.0	    0.0	    0.0	1	  299.8	 21	    0.0	    5.0	
 1667	 169.74	    0.0	 1500.0	    0.0	 -566.4	  872.1	    0.0	  200.0	    0.0	    0.0	    0.0	    0.0	  100.0	    0.0	    0.0	    0.0	    0.0	    0.0	   63.3	  1	  550.0	 2050.0	    0.0	    0.0	    0.0	1	  299.8	 21	    0.0	    5.0	
 1668	 169.84	    0.0	 1500.0	    0.0	 -566.4	  872.1	    0.0	  200.0	    0.0	    0.0	    0.0	    0.0	  100.0	    0.0	    0.0	    0.0	    0.0	    0.0	   63.4	  1	  550.0	 2050.0	    0.0	    0.0	    0.0	1	  299.8	 21	    0.0	    5.0	
 1669	 169.94	    0.0	 1500.0	    0.0	 -566.7	  871.2	    0.0	  200.0	    0.0	    0.0	    0.0	    0.0	  100.0	    0.0	    0.0	    0.0	    0.0	    0.0	   63.4	  1	  550.0	 2050.0	    0.0	    0.0	    0.0	1	  299.8	 21	    0.0	    5.0	
 1670	 170.03	    0.0	 1500.0	    0.0	 -566.7	  871.2	    0.0	  200.0	    0.0	    0.0	    0.0	    0.0	  100.0	    0.0	    0.0	    0.0	    0.0	    0.0	   63.5	  1	  550.0	 2050.0	    0.0	    0.0	    0.0	1	  299.8	 21	    0.0	    5.0	
 1671	 170.13	    0.0	 1500.0	    0.0	 -566.7	  871.2	    0.0	  200.0	    0.0	    0.0	    0.0	    0.0	  100.0	    0.0	    0.0	    0.0	    0.0	    0.0	   63.5	  1	  550.0	 2050.0	    0.0	    0.0	    0.0	1	  299.8	 21	    0.0	    5.0	
 1672	 170.24	    0.0	 1500.0	    0.0	 -566.7	  871.2	    0.0	  200.0	    0.0	    0.0	    0.0	    0.0	  100.0	    0.0	    0.0	    0.0	    0.0	    0.0	   63.5	  1	  550.0	 2050.0	    0.0	    0.0	    0.0	1	  299.8	 21	    0.0	    5.0	
 1673	 170.34	    0.0	 1500.0	    0.0	 -567.0	  870.3	    0.0	  200.0	    0.0	    0.0	    0.0	    0.0	  100.0	    0.0	    0.0	    0.0	    0.0	    0.0	   63.6	  1	  550.0	 2050.0	    0.0	    0.0	    0.0	1	  299.8	 21	    0.0	    5.0	
 1674	 170.44	    0.0	 1500.0	    0.0	 -567.0	  870.3	    0.0	  200.0	    0.0	    0.0	    0.0	    0.0	  100.0	    0.0	    0.0	    0.0	    0.0	    0.0	   63.6	  1	  550.0	 2050.0	    0.0	    0.0	    0.0	1	  299.8	 21	    0.0	    5.0	
 1675	 170.53	    0.0	 1500.0	    0.0	 -567.0	  870.3	    0.0	  200.0	    0.0	    0.0	    0.0	    0.0	  100.0	    0.0	    0.0	    0.0	    0.0	    0.0	   63.7	  1	  550.0	 2050.0	    0.0	    0.0	    0.0	1	  299.8	 21	    0.0	    5.0	
 1676	 170.63	    0.0	 1500.0	    0.0	 -567.0	  870.3	    0.0	  200.0	    0.0	    0.0	    0.0	    0.0	  100.0	    0.0	    0.0	    0.0	    0.0	    0.0	   63.7	  1	  550.0	 2050.0	    0.0	    0.0	    0.0	1	  299.8	 21	    0.0	    5.0	
 1677	 170.74	    0.0	 1500.0	    0.0	 -567.0	  870.3	    0.0	  200.0	    0.0	    0.0	    0.0	    0.0	  100.0	    0.0	    0.0	    0.0	    0.0	    0.0	   63.7	  1	  550.0	 2050.0	    0.0	    0.0	    0.0	1	  299.8	 21	    0.0	    5.0	
 1678	 170.84	    0.0	 1500.0	    0.0	 -567.0	  870.3	    0.0	  200.0	    0.0	    0.0	    0.0	    0.0	  100.0	    0.0	    0.0	    0.0	    0.0	    0.0	   63.8	  1	  550.0	 2050.0	    0.0	    0.0	    0.0	1	  299.8	 21	    0.0	    5.0	
 1679	 170.94	    0.0	 1500.0	    0.0	 -567.0	  870.3	    0.0	  200.0	    0.0	    0.0	    0.0	    0.0	  100.0	    0.0	    0.0	    0.0	    0.0	    0.0	   63.8	  1	  550.0	 2050.0	    0.0	    0.0	    0.0	1	  299.8	 21	    0.0	    5.0	
 1680	 171.03	    0.0	 1500.0	    0.0	 -567.0	  870.3	    0.0	  200.0	    0.0	    0.0	    0.0	    0.0	  100.0	    0.0	    0.0	    0.0	    0.0	    0.0	   63.8	  1	  550.0	 2050.0	    0.0	    0.0	    0.0	1	  299.8	 21	    0.0	    5.0	
 1681	 171.14	    0.0	 1500.0	    0.0	 -566.7	  871.2	    0.0	  200.0	    0.0	    0.0	    0.0	    0.0	  100.0	    0.0	    0.0	    0.0	    0.0	    0.0	   63.9	  1	  550.0	 2050.0	    0.0	    0.0	    0.0	1	  299.8	 21	    0.0	    5.0	
 1682	 171.24	    0.0	 1500.0	    0.0	 -566.7	  871.2	    0.0	  200.0	    0.0	    0.0	    0.0	    0.0	  100.0	    0.0	    0.0	    0.0	    0.0	    0.0	   63.9	  1	  550.0	 2050.0	    0.0	    0.0	    0.0	1	  299.8	 21	    0.0	    5.0	
 1683	 171.34	    0.0	 1500.0	    0.0	 -566.7	  871.2	    0.0	  200.0	    0.0	    0.0	    0.0	    0.0	  100.0	    0.0	    0.0	    0.0	    0.0	    0.0	   64.0	  1	  550.0	 2050.0	    0.0	    0.0	    0.0	1	  299.8	 21	    0.0	    5.0	
 1684	 171.44	    0.0	 1500.0	    0.0	 -566.7	  871.2	    0.0	  200.0	    0.0	    0.0	    0.0	    0.0	  100.0	    0.0	    0.0	    0.0	    0.0	    0.0	   64.0	  1	  650.0	 2050.0	    0.0	    0.0	    0.0	1	  299.8	 21	    0.0	    5.0	
 1685	 171.53	    0.0	 1500.0	    0.0	 -566.7	  871.2	    0.0	  200.0	    0.0	    0.0	    0.0	    0.0	  100.0	    0.0	    0.0	    0.0	    0.0	    0.0	   64.0	  1	  650.0	 2050.0	    0.0	    0.0	    0.0	1	  299.8	 21	    0.0	    5.0	
 1686	 171.63	    0.0	 1500.0	    0.0	 -566.7	  871.2	    0.0	  200.0	    0.0	    0.0	    0.0	    0.0	  100.0	    0.0	    0.0	    0.0	    0.0	    0.0	   64.1	  1	  650.0	 2050.0	    0.0	    0.0	    0.0	1	  299.8	 21	    0.0	    5.0	
 1687	 171.74	    0.0	 1500.0	    0.0	 -549.3	  943.0	    0.0	  200.0	    0.0	    0.0	    0.0	    0.0	  100.0	    0.0	    0.0	    0.0	    0.0	    0.0	   64.1	  1	  650.0	 2050.0	    0.0	    0.0	    0.0	1	  299.8	 21	    0.0	    5.0	
 1688	 171.84	    0.0	 1500.0	    0.0	 -566.7	  871.2	    0.0	  200.0	    0.0	    0.0	    0.0	    0.0	  100.0	    0.0	    0.0	    0.0	    0.0	    0.0	   64.1	  1	  650.0	 2050.0	    0.0	    0.0	    0.0	1	  299.8	 21	    0.0	    5.0	
 1689	 171.94	    0.0	 1500.0	    0.0	 -566.7	  871.2	    0.0	  200.0	    0.0	    0.0	    0.0	    0.0	  100.0	    0.0	    0.0	    0.0	    0.0	    0.0	   64.2	  1	  650.0	 2050.0	    0.0	    0.0	    0.0	1	  299.8	 21	    0.0	    5.0	
 1690	 172.03	    0.0	 1500.0	    0.0	 -566.7	  871.2	    0.0	  200.0	    0.0	    0.0	    0.0	    0.0	  100.0	    0.0	    0.0	    0.0	    0.0	    0.0	   64.2	  1	  650.0	 2050.0	    0.0	    0.0	    0.0	1	  299.8	 21	    0.0	    5.0	
 1691	 172.13	    0.0	 1500.0	    0.0	 -566.7	  871.2	    0.0	  200.0	    0.0	    0.0	    0.0	    0.0	  100.0	    0.0	    0.0	    0.0	    0.0	    0.0	   64.3	  1	  650.0	 2050.0	    0.0	    0.0	    0.0	1	  299.8	 21	    0.0	    5.0	
 1692	 172.24	    0.0	 1500.0	    0.0	 -566.7	  871.2	    0.0	  200.0	    0.0	    0.0	    0.0	    0.0	  100.0	    0.0	    0.0	    0.0	    0.0	    0.0	   64.3	  1	  650.0	 2050.0	    0.0	    0.0	    0.0	1	  299.8	 21	    0.0	    5.0	
 1693	 172.34	    0.0	 1500.0	    0.0	 -566.7	  871.2	    0.0	  200.0	    0.0	    0.0	    0.0	    0.0	  100.0	    0.0	    0.0	    0.0	    0.0	    0.0	   64.3	  1	  650.0	 2050.0	    0.0	    0.0	    0.0	1	  299.8	 21	    0.0	    5.0	
 1694	 172.44	    0.0	 1500.0	    0.0	 -566.7	  871.2	    0.0	  200.0	    0.0	    0.0	    0.0	    0.0	  100.0	    0.0	    0.0	    0.0	    0.0	    0.0	   64.4	  1	  650.0	 2050.0	    0.0	    0.0	    0.0	1	  299.8	 21	    0.0	    5.0	
 1695	 172.53	    0.0	 1500.0	    0.0	 -566.7	  871.2	    0.0	  200.0	    0.0	    0.0	    0.0	    0.0	  100.0	    0.0	    0.0	    0.0	    0.0	    0.0	   64.4	  1	  650.0	 2050.0	    0.0	    0.0	    0.0	1	  299.8	 21	    0.0	    5.0	
 1696	 172.63	    0.0	 1500.0	    0.0	 -567.0	  870.3	    0.0	  200.0	    0.0	    0.0	    0.0	    0.0	  100.0	    0.0	    0.0	    0.0	    0.0	    0.0	   64.4	  1	  650.0	 2050.0	    0.0	    0.0	    0.0	1	  299.8	 21	    0.0	    5.0	
 1697	 172.74	    0.0	 1500.0	    0.0	 -566.4	  872.1	    0.0	  200.0	    0.0	    0.0	    0.0	    0.0	  100.0	    0.0	    0.0	    0.0	    0.0	    0.0	   64.5	  1	  650.0	 2050.0	    0.0	    0.0	    0.0	1	  299.8	 21	    0.0	    5.0	
 1698	 172.84	    0.0	 1500.0	    0.0	 -566.4	  872.1	    0.0	  200.0	    0.0	    0.0	    0.0	    0.0	  100.0	    0.0	    0.0	    0.0	    0.0	    0.0	   64.5	  1	  650.0	 2050.0	    0.0	    0.0	    0.0	1	  299.8	 21	    0.0	    5.0	
 1699	 172.94	    0.0	 1500.0	    0.0	 -566.4	  872.1	    0.0	  200.0	    0.0	    0.0	    0.0	    0.0	  100.0	    0.0	    0.0	    0.0	    0.0	    0.0	   64.6	  1	  650.0	 2050.0	    0.0	    0.0	    0.0	1	  299.8	 21	    0.0	    5.0	
 1700	 173.03	    0.0	 1500.0	    0.0	 -566.7	  871.2	    0.0	  200.0	    0.0	    0.0	    0.0	    0.0	  100.0	    0.0	    0.0	    0.0	    0.0	    0.0	   64.6	  1	  650.0	 2050.0	    0.0	    0.0	    0.0	1	  299.8	 21	    0.0	    5.0	
 1701	 173.13	    0.0	 1500.0	    0.0	 -566.7	  871.2	    0.0	  200.0	    0.0	    0.0	    0.0	    0.0	  100.0	    0.0	    0.0	    0.0	    0.0	    0.0	   64.6	  1	  650.0	 2050.0	    0.0	    0.0	    0.0	1	  299.8	 21	    0.0	    5.0	
 1702	 173.24	    0.0	 1500.0	    0.0	 -566.7	  871.2	    0.0	  200.0	    0.0	    0.0	    0.0	    0.0	  100.0	    0.0	    0.0	    0.0	    0.0	    0.0	   64.7	  1	  650.0	 2050.0	    0.0	    0.0	    0.0	1	  299.8	 21	    0.0	    5.0	
 1703	 173.34	    0.0	 1500.0	    0.0	 -566.7	  871.2	    0.0	  200.0	    0.0	    0.0	    0.0	    0.0	  100.0	    0.0	    0.0	    0.0	    0.0	    0.0	   64.7	  1	  650.0	 2050.0	    0.0	    0.0	    0.0	1	  299.8	 21	    0.0	    5.0	
 1704	 173.44	    0.0	 1500.0	    0.0	 -566.7	  871.2	    0.0	  200.0	    0.0	    0.0	    0.0	    0.0	  100.0	    0.0	    0.0	    0.0	    0.0	    0.0	   64.8	  1	  650.0	 2050.0	    0.0	    0.0	    0.0	1	  299.8	 21	    0.0	    5.0	
 1705	 173.53	    0.0	 1500.0	    0.0	 -566.7	  871.2	    0.0	  200.0	    0.0	    0.0	    0.0	    0.0	  100.0	    0.0	    0.0	    0.0	    0.0	    0.0	   64.8	  1	  650.0	 2050.0	    0.0	    0.0	    0.0	1	  299.8	 21	    0.0	    5.0	
 1706	 173.63	    0.0	 1500.0	    0.0	 -566.7	  871.2	    0.0	  200.0	    0.0	    0.0	    0.0	    0.0	  100.0	    0.0	    0.0	    0.0	    0.0	    0.0	   64.8	  1	  650.0	 2050.0	    0.0	    0.0	    0.0	1	  299.8	 21	    0.0	    5.0	
 1707	 173.74	    0.0	 1500.0	    0.0	 -566.7	  871.2	    0.0	  200.0	    0.0	    0.0	    0.0	    0.0	  100.0	    0.0	    0.0	    0.0	    0.0	    0.0	   64.9	  1	  650.0	 2050.0	    0.0	    0.0	    0.0	1	  299.8	 21	    0.0	    5.0	
 1708	 173.84	    0.0	 1500.0	    0.0	 -566.7	  871.2	    0.0	  200.0	    0.0	    0.0	    0.0	    0.0	  100.0	    0.0	    0.0	    0.0	    0.0	    0.0	   64.9	  1	  650.0	 2050.0	    0.0	    0.0	    0.0	1	  299.8	 21	    0.0	    5.0	
 1709	 173.94	    0.0	 1500.0	    0.0	 -566.7	  871.2	    0.0	  200.0	    0.0	    0.0	    0.0	    0.0	  100.0	    0.0	    0.0	    0.0	    0.0	    0.0	   64.9	  1	  650.0	 2050.0	    0.0	    0.0	    0.0	1	  299.8	 21	    0.0	    5.0	
 1710	 174.03	    0.0	 1500.0	    0.0	 -566.7	  871.2	    0.0	  200.0	    0.0	    0.0	    0.0	    0.0	  100.0	    0.0	    0.0	    0.0	    0.0	    0.0	   65.0	  1	  650.0	 2050.0	    0.0	    0.0	    0.0	1	  299.8	 21	    0.0	    5.0	
 1711	 174.13	    0.0	 1500.0	    0.0	 -566.7	  871.2	    0.0	  200.0	    0.0	    0.0	    0.0	    0.0	  100.0	    0.0	    0.0	    0.0	    0.0	    0.0	   65.0	  1	  650.0	 2050.0	    0.0	    0.0	    0.0	1	  299.8	 21	    0.0	    5.0	
 1712	 174.24	    0.0	 1500.0	    0.0	 -566.7	  871.2	    0.0	  200.0	    0.0	    0.0	    0.0	    0.0	  100.0	    0.0	    0.0	    0.0	    0.0	    0.0	   65.1	  1	  650.0	 2050.0	    0.0	    0.0	    0.0	1	  299.8	 21	    0.0	    5.0	
 1713	 174.34	    0.0	 1500.0	    0.0	 -581.7	  876.9	    0.0	  200.0	    0.0	    0.0	    0.0	    0.0	  100.0	    0.0	    0.0	    0.0	    0.0	    0.0	   65.1	  1	  650.0	 2050.0	    0.0	    0.0	    0.0	1	  299.8	 21	    0.0	    5.0	
 1714	 174.44	    0.0	 1500.0	    0.0	 -581.7	  876.9	    0.0	  200.0	    0.0	    0.0	    0.0	    0.0	  100.0	    0.0	    0.0	    0.0	    0.0	    0.0	   65.1	  1	  650.0	 2050.0	    0.0	    0.0	    0.0	1	  299.8	 21	    0.0	    5.0	
 1715	 174.53	    0.0	 1500.0	    0.0	 -581.7	  876.9	    0.0	  200.0	    0.0	    0.0	    0.0	    0.0	  100.0	    0.0	    0.0	    0.0	    0.0	    0.0	   65.2	  1	  650.0	 2050.0	    0.0	    0.0	    0.0	1	  299.8	 21	    0.0	    5.0	
 1716	 174.63	    0.0	 1500.0	    0.0	 -581.7	  876.9	    0.0	  200.0	    0.0	    0.0	    0.0	    0.0	  100.0	    0.0	    0.0	    0.0	    0.0	    0.0	   65.2	  1	  650.0	 2050.0	    0.0	    0.0	    0.0	1	  299.8	 21	    0.0	    5.0	
 1717	 174.74	    0.0	 1500.0	    0.0	 -581.7	  876.9	    0.0	  200.0	    0.0	    0.0	    0.0	    0.0	  100.0	    0.0	    0.0	    0.0	    0.0	    0.0	   65.2	  1	  650.0	 2050.0	    0.0	    0.0	    0.0	1	  299.8	 21	    0.0	    5.0	
 1718	 174.84	    0.0	 1500.0	    0.0	 -581.7	  876.9	    0.0	  200.0	    0.0	    0.0	    0.0	    0.0	  100.0	    0.0	    0.0	    0.0	    0.0	    0.0	   65.3	  1	  650.0	 2050.0	    0.0	    0.0	    0.0	1	  299.8	 21	    0.0	    5.0	
 1719	 174.94	    0.0	 1500.0	    0.0	 -594.5	  885.3	    0.0	  200.0	    0.0	    0.0	    0.0	    0.0	  100.0	    0.0	    0.0	    0.0	    0.0	    0.0	   65.3	  1	  650.0	 2050.0	    0.0	    0.0	    0.0	1	  299.8	 21	    0.0	    5.0	
 1720	 175.03	    0.0	 1500.0	    0.0	 -594.5	  885.3	    0.0	  200.0	    0.0	    0.0	    0.0	    0.0	  100.0	    0.0	    0.0	    0.0	    0.0	    0.0	   65.4	  1	  650.0	 2050.0	    0.0	    0.0	    0.0	1	  299.8	 21	    0.0	    5.0	
 1721	 175.13	    0.0	 1500.0	    0.0	 -592.9	  889.0	    0.0	  200.0	    0.0	    0.0	    0.0	    0.0	  100.0	    0.0	    0.0	    0.0	    0.0	    0.0	   65.4	  1	  650.0	 2050.0	    0.0	    0.0	    0.0	1	  299.8	 21	    0.0	    5.0	
 1722	 175.24	    0.0	 1500.0	    0.0	 -592.9	  889.0	    0.0	  200.0	    0.0	    0.0	    0.0	    0.0	  100.0	    0.0	    0.0	    0.0	    0.0	    0.0	   65.4	  1	  650.0	 2050.0	    0.0	    0.0	    0.0	1	  299.8	 21	    0.0	    5.0	
 1723	 175.34	    0.0	 1500.0	    0.0	 -592.9	  889.0	    0.0	  200.0	    0.0	    0.0	    0.0	    0.0	  100.0	    0.0	    0.0	    0.0	    0.0	    0.0	   65.5	  1	  650.0	 2050.0	    0.0	    0.0	    0.0	1	  299.8	 21	    0.0	    5.0	
 1724	 175.44	    0.0	 1500.0	    0.0	 -592.9	  889.0	    0.0	  200.0	    0.0	    0.0	    0.0	    0.0	  100.0	    0.0	    0.0	    0.0	    0.0	    0.0	   65.5	  1	  650.0	 2050.0	    0.0	    0.0	    0.0	1	  299.8	 21	    0.0	    5.0	
 1725	 175.53	    0.0	 1500.0	    0.0	 -592.9	  889.0	    0.0	  200.0	    0.0	    0.0	    0.0	    0.0	  100.0	    0.0	    0.0	    0.0	    0.0	    0.0	   65.6	  1	  650.0	 2050.0	    0.0	    0.0	    0.0	1	  299.8	 21	    0.0	    5.0	
 1726	 175.64	    0.0	 1500.0	    0.0	 -583.9	  882.9	    0.0	  200.0	    0.0	    0.0	    0.0	    0.0	  100.0	    0.0	    0.0	    0.0	    0.0	    0.0	   65.6	  1	  650.0	 2050.0	    0.0	    0.0	    0.0	1	  299.8	 21	    0.0	    5.0	
 1727	 175.74	    0.0	 1500.0	    0.0	 -583.9	  882.9	    0.0	  200.0	    0.0	    0.0	    0.0	    0.0	  100.0	    0.0	    0.0	    0.0	    0.0	    0.0	   65.6	  1	  650.0	 2050.0	    0.0	    0.0	    0.0	1	  299.8	 21	    0.0	    5.0	
 1728	 175.84	    0.0	 1500.0	    0.0	 -583.9	  882.9	    0.0	  200.0	    0.0	    0.0	    0.0	    0.0	  100.0	    0.0	    0.0	    0.0	    0.0	    0.0	   65.7	  1	  650.0	 2050.0	    0.0	    0.0	    0.0	1	  299.8	 21	    0.0	    5.0	
 1729	 175.94	    0.0	 1500.0	    0.0	 -583.9	  882.9	    0.0	  200.0	    0.0	    0.0	    0.0	    0.0	  100.0	    0.0	    0.0	    0.0	    0.0	    0.0	   65.7	  1	  650.0	 2050.0	    0.0	    0.0	    0.0	1	  299.8	 21	    0.0	    5.0	
 1730	 176.03	    0.0	 1500.0	    0.0	 -583.9	  882.9	    0.0	  200.0	    0.0	    0.0	    0.0	    0.0	  100.0	    0.0	    0.0	    0.0	    0.0	    0.0	   65.7	  1	  650.0	 2050.0	    0.0	    0.0	    0.0	1	  299.8	 21	    0.0	    5.0	
 1731	 176.13	    0.0	 1500.0	    0.0	 -583.9	  882.9	    0.0	  200.0	    0.0	    0.0	    0.0	    0.0	  100.0	    0.0	    0.0	    0.0	    0.0	    0.0	   65.8	  1	  650.0	 2050.0	    0.0	    0.0	    0.0	1	  299.8	 21	    0.0	    5.0	
 1732	 176.24	    0.0	 1500.0	    0.0	 -535.8	  839.3	    0.0	  200.0	    0.0	    0.0	    0.0	    0.0	  100.0	    0.0	    0.0	    0.0	    0.0	    0.0	   65.8	  1	  650.0	 2050.0	    0.0	    0.0	    0.0	1	  299.8	 21	    0.0	    5.0	
 1733	 176.34	    0.0	 1500.0	    0.0	 -535.8	  839.3	    0.0	  200.0	    0.0	    0.0	    0.0	    0.0	  100.0	    0.0	    0.0	    0.0	    0.0	    0.0	   65.9	  1	  650.0	 2050.0	    0.0	    0.0	    0.0	1	  299.8	 21	    0.0	    5.0	
 1734	 176.44	    0.0	 1500.0	    0.0	 -535.8	  839.3	    0.0	  200.0	    0.0	    0.0	    0.0	    0.0	  100.0	    0.0	    0.0	    0.0	    0.0	    0.0	   65.9	  1	  650.0	 2050.0	    0.0	    0.0	    0.0	1	  299.8	 21	    0.0	    5.0	
 1735	 176.53	    0.0	 1500.0	    0.0	 -535.8	  839.3	    0.0	  200.0	    0.0	    0.0	    0.0	    0.0	  100.0	    0.0	    0.0	    0.0	    0.0	    0.0	   65.9	  1	  650.0	 2050.0	    0.0	    0.0	    0.0	1	  299.8	 21	    0.0	    5.0	
 1736	 176.63	    0.0	 1500.0	    0.0	 -535.8	  839.3	    0.0	  200.0	    0.0	    0.0	    0.0	    0.0	  100.0	    0.0	    0.0	    0.0	    0.0	    0.0	   66.0	  1	  650.0	 2050.0	    0.0	    0.0	    0.0	1	  299.8	 21	    0.0	    5.0	
 1737	 176.74	    0.0	 1500.0	    0.0	 -426.5	  753.7	    0.0	  200.0	    0.0	    0.0	    0.0	    0.0	  100.0	    0.0	    0.0	    0.0	    0.0	    0.0	   66.0	  1	  650.0	 2050.0	    0.0	    0.0	    0.0	1	  299.8	 21	    0.0	    5.0	
 1738	 176.84	    0.0	 1500.0	    0.0	 -426.5	  753.7	    0.0	  200.0	    0.0	    0.0	    0.0	    0.0	  100.0	    0.0	    0.0	    0.0	    0.0	    0.0	   66.0	  1	  650.0	 2050.0	    0.0	    0.0	    0.0	1	  299.8	 21	    0.0	    5.0	
 1739	 176.94	    0.0	 1500.0	    0.0	 -426.5	  753.7	    0.0	  200.0	    0.0	    0.0	    0.0	    0.0	  100.0	    0.0	    0.0	    0.0	    0.0	    0.0	   66.1	  1	  650.0	 2050.0	    0.0	    0.0	    0.0	1	  299.8	 21	    0.0	    5.0	
 1740	 177.03	    0.0	 1500.0	    0.0	 -426.5	  753.7	    0.0	  200.0	    0.0	    0.0	    0.0	    0.0	  100.0	    0.0	    0.0	    0.0	    0.0	    0.0	   66.1	  1	  650.0	 2050.0	    0.0	    0.0	    0.0	1	  299.8	 21	    0.0	    5.0	
 1741	 177.13	    0.0	 1500.0	    0.0	 -426.5	  753.7	    0.0	  200.0	    0.0	    0.0	    0.0	    0.0	  100.0	    0.0	    0.0	    0.0	    0.0	    0.0	   66.2	  1	  650.0	 2050.0	    0.0	    0.0	    0.0	1	  299.8	 21	    0.0	    5.0	
 1742	 177.24	    0.0	 1500.0	    0.0	 -426.5	  753.7	    0.0	  200.0	    0.0	    0.0	    0.0	    0.0	  100.0	    0.0	    0.0	    0.0	    0.0	    0.0	   66.2	  1	  650.0	 2050.0	    0.0	    0.0	    0.0	1	  299.8	 21	    0.0	    5.0	
 1743	 177.34	    0.0	 1500.0	    0.0	 -426.5	  753.7	    0.0	  200.0	    0.0	    0.0	    0.0	    0.0	  100.0	    0.0	    0.0	    0.0	    0.0	    0.0	   66.2	  1	  650.0	 2050.0	    0.0	    0.0	    0.0	1	  299.8	 21	    0.0	    5.0	
 1744	 177.44	    0.0	 1500.0	    0.0	 -353.7	  754.7	    0.0	  200.0	    0.0	    0.0	    0.0	    0.0	  100.0	    0.0	    0.0	    0.0	    0.0	    0.0	   66.3	  1	  650.0	 2050.0	    0.0	    0.0	    0.0	1	  299.8	 21	    0.0	    5.0	
 1745	 177.53	    0.0	 1500.0	    0.0	 -353.7	  754.7	    0.0	  200.0	    0.0	    0.0	    0.0	    0.0	  100.0	    0.0	    0.0	    0.0	    0.0	    0.0	   66.3	  1	  650.0	 2050.0	    0.0	    0.0	    0.0	1	  299.8	 21	    0.0	    5.0	
 1746	 177.63	    0.0	 1500.0	    0.0	 -353.7	  754.7	    0.0	  200.0	    0.0	    0.0	    0.0	    0.0	  100.0	    0.0	    0.0	    0.0	    0.0	    0.0	   66.3	  1	  650.0	 2050.0	    0.0	    0.0	    0.0	1	  299.8	 21	    0.0	    5.0	
 1747	 177.74	    0.0	 1500.0	    0.0	 -353.7	  754.7	    0.0	  200.0	    0.0	    0.0	    0.0	    0.0	  100.0	    0.0	    0.0	    0.0	    0.0	    0.0	   66.4	  1	  650.0	 2050.0	    0.0	    0.0	    0.0	1	  299.8	 21	    0.0	    5.0	
 1748	 177.84	    0.0	 1500.0	    0.0	 -353.7	  754.7	    0.0	  200.0	    0.0	    0.0	    0.0	    0.0	  100.0	    0.0	    0.0	    0.0	    0.0	    0.0	   66.4	  1	  650.0	 2050.0	    0.0	    0.0	    0.0	1	  299.8	 21	    0.0	    5.0	
 1749	 177.94	    0.0	 1500.0	    0.0	 -372.0	  718.7	    0.0	  200.0	    0.0	    0.0	    0.0	    0.0	  100.0	    0.0	    0.0	    0.0	    0.0	    0.0	   66.5	  1	  650.0	 2050.0	    0.0	    0.0	    0.0	1	  299.8	 21	    0.0	    5.0	
 1750	 178.03	    0.0	 1500.0	    0.0	 -372.0	  718.7	    0.0	  200.0	    0.0	    0.0	    0.0	    0.0	  100.0	    0.0	    0.0	    0.0	    0.0	    0.0	   66.5	  1	  650.0	 2050.0	    0.0	    0.0	    0.0	1	  299.8	 21	    0.0	    5.0	
 1751	 178.13	    0.0	 1500.0	    0.0	 -372.0	  718.7	    0.0	  200.0	    0.0	    0.0	    0.0	    0.0	  100.0	    0.0	    0.0	    0.0	    0.0	    0.0	   66.5	  1	  650.0	 2050.0	    0.0	    0.0	    0.0	1	  299.8	 21	    0.0	    5.0	
 1752	 178.24	    0.0	 1500.0	    0.0	 -372.0	  718.7	    0.0	  200.0	    0.0	    0.0	    0.0	    0.0	  100.0	    0.0	    0.0	    0.0	    0.0	    0.0	   66.6	  1	  650.0	 2050.0	    0.0	    0.0	    0.0	1	  299.8	 21	    0.0	    5.0	
 1753	 178.34	    0.0	 1500.0	    0.0	 -372.0	  718.7	    0.0	  200.0	    0.0	    0.0	    0.0	    0.0	  100.0	    0.0	    0.0	    0.0	    0.0	    0.0	   66.6	  1	  650.0	 2050.0	    0.0	    0.0	    0.0	1	  299.8	 21	    0.0	    5.0	
 1754	 178.44	    0.0	 1500.0	    0.0	 -372.0	  718.7	    0.0	  200.0	    0.0	    0.0	    0.0	    0.0	  100.0	    0.0	    0.0	    0.0	    0.0	    0.0	   66.7	  1	  650.0	 2050.0	    0.0	    0.0	    0.0	1	  299.8	 21	    0.0	    5.0	
 1755	 178.53	    0.0	 1500.0	    0.0	 -421.9	  693.0	    0.0	  200.0	    0.0	    0.0	    0.0	    0.0	  100.0	    0.0	    0.0	    0.0	    0.0	    0.0	   66.7	  1	  650.0	 2050.0	    0.0	    0.0	    0.0	1	  299.8	 21	    0.0	    5.0	
 1756	 178.63	    0.0	 1500.0	    0.0	 -421.9	  693.0	    0.0	  200.0	    0.0	    0.0	    0.0	    0.0	  100.0	    0.0	    0.0	    0.0	    0.0	    0.0	   66.7	  1	  650.0	 2050.0	    0.0	    0.0	    0.0	1	  299.8	 21	    0.0	    5.0	
 1757	 178.74	    0.0	 1500.0	    0.0	 -421.9	  693.0	    0.0	  200.0	    0.0	    0.0	    0.0	    0.0	  100.0	    0.0	    0.0	    0.0	    0.0	    0.0	   66.8	  1	  650.0	 2050.0	    0.0	    0.0	    0.0	1	  299.8	 21	    0.0	    5.0	
 1758	 178.84	    0.0	 1500.0	    0.0	 -421.9	  693.0	    0.0	  200.0	    0.0	    0.0	    0.0	    0.0	  100.0	    0.0	    0.0	    0.0	    0.0	    0.0	   66.8	  1	  650.0	 2050.0	    0.0	    0.0	    0.0	1	  299.8	 21	    0.0	    5.0	
 1759	 178.94	    0.0	 1500.0	    0.0	 -421.9	  693.0	    0.0	  200.0	    0.0	    0.0	    0.0	    0.0	  100.0	    0.0	    0.0	    0.0	    0.0	    0.0	   66.8	  1	  650.0	 2050.0	    0.0	    0.0	    0.0	1	  299.8	 21	    0.0	    5.0	
 1760	 179.03	    0.0	 1500.0	    0.0	 -430.0	  656.9	    0.0	  200.0	    0.0	    0.0	    0.0	    0.0	  100.0	    0.0	    0.0	    0.0	    0.0	    0.0	   66.9	  1	  650.0	 2050.0	    0.0	    0.0	    0.0	1	  299.8	 21	    0.0	    5.0	
 1761	 179.13	    0.0	 1500.0	    0.0	 -430.0	  656.9	    0.0	  200.0	    0.0	    0.0	    0.0	    0.0	  100.0	    0.0	    0.0	    0.0	    0.0	    0.0	   66.9	  1	  650.0	 2050.0	    0.0	    0.0	    0.0	1	  299.8	 21	    0.0	    5.0	
 1762	 179.24	    0.0	 1500.0	    0.0	 -430.0	  656.9	    0.0	  200.0	    0.0	    0.0	    0.0	    0.0	  100.0	    0.0	    0.0	    0.0	    0.0	    0.0	   67.0	  1	  650.0	 2050.0	    0.0	    0.0	    0.0	1	  299.8	 21	    0.0	    5.0	
 1763	 179.34	    0.0	 1500.0	    0.0	 -430.0	  656.9	    0.0	  200.0	    0.0	    0.0	    0.0	    0.0	  100.0	    0.0	    0.0	    0.0	    0.0	    0.0	   67.0	  1	  650.0	 2050.0	    0.0	    0.0	    0.0	1	  299.8	 21	    0.0	    5.0	
 1764	 179.44	    0.0	 1500.0	    0.0	 -430.0	  656.9	    0.0	  200.0	    0.0	    0.0	    0.0	    0.0	  100.0	    0.0	    0.0	    0.0	    0.0	    0.0	   67.0	  1	  650.0	 2050.0	    0.0	    0.0	    0.0	1	  299.8	 21	    0.0	    5.0	
 1765	 179.53	    0.0	 1500.0	    0.0	 -464.0	  671.6	    0.0	  200.0	    0.0	    0.0	    0.0	    0.0	  100.0	    0.0	    0.0	    0.0	    0.0	    0.0	   67.1	  1	  650.0	 2050.0	    0.0	    0.0	    0.0	1	  299.8	 21	    0.0	    5.0	
 1766	 179.63	    0.0	 1500.0	    0.0	 -464.0	  671.6	    0.0	  200.0	    0.0	    0.0	    0.0	    0.0	  100.0	    0.0	    0.0	    0.0	    0.0	    0.0	   67.1	  1	  650.0	 2050.0	    0.0	    0.0	    0.0	1	  299.8	 21	    0.0	    5.0	
 1767	 179.74	    0.0	 1500.0	    0.0	 -464.0	  671.6	    0.0	  200.0	    0.0	    0.0	    0.0	    0.0	  100.0	    0.0	    0.0	    0.0	    0.0	    0.0	   67.1	  1	  650.0	 2050.0	    0.0	    0.0	    0.0	1	  299.8	 21	    0.0	    5.0	
 1768	 179.84	    0.0	 1500.0	    0.0	 -464.0	  671.6	    0.0	  200.0	    0.0	    0.0	    0.0	    0.0	  100.0	    0.0	    0.0	    0.0	    0.0	    0.0	   67.2	  1	  650.0	 2050.0	    0.0	    0.0	    0.0	1	  299.8	 21	    0.0	    5.0	
 1769	 179.94	    0.0	 1500.0	    0.0	 -464.0	  671.6	    0.0	  200.0	    0.0	    0.0	    0.0	    0.0	  100.0	    0.0	    0.0	    0.0	    0.0	    0.0	   67.2	  1	  650.0	 2050.0	    0.0	    0.0	    0.0	1	  299.8	 21	    0.0	    5.0	
 1770	 180.03	    0.0	 1500.0	    0.0	 -464.0	  671.6	    0.0	  200.0	    0.0	    0.0	    0.0	    0.0	  100.0	    0.0	    0.0	    0.0	    0.0	    0.0	   67.3	  1	  650.0	 2050.0	    0.0	    0.0	    0.0	1	  299.8	 21	    0.0	    5.0	
 1771	 180.13	    0.0	 1500.0	    0.0	 -464.0	  671.6	    0.0	  200.0	    0.0	    0.0	    0.0	    0.0	  100.0	    0.0	    0.0	    0.0	    0.0	    0.0	   67.3	  1	  650.0	 2050.0	    0.0	    0.0	    0.0	1	  299.8	 21	    0.0	    5.0	
 1772	 180.24	    0.0	 1500.0	    0.0	 -492.5	  688.0	    0.0	  200.0	    0.0	    0.0	    0.0	    0.0	  100.0	    0.0	    0.0	    0.0	    0.0	    0.0	   67.3	  1	  650.0	 2050.0	    0.0	    0.0	    0.0	1	  299.8	 21	    0.0	    5.0	
 1773	 180.34	    0.0	 1500.0	    0.0	 -492.5	  688.0	    0.0	  200.0	    0.0	    0.0	    0.0	    0.0	  100.0	    0.0	    0.0	    0.0	    0.0	    0.0	   67.4	  1	  650.0	 2050.0	    0.0	    0.0	    0.0	1	  299.8	 21	    0.0	    5.0	
 1774	 180.44	    0.0	 1500.0	    0.0	 -492.5	  688.0	    0.0	  200.0	    0.0	    0.0	    0.0	    0.0	  100.0	    0.0	    0.0	    0.0	    0.0	    0.0	   67.4	  1	  650.0	 2050.0	    0.0	    0.0	    0.0	1	  299.8	 21	    0.0	    5.0	
 1775	 180.53	    0.0	 1500.0	    0.0	 -492.5	  688.0	    0.0	  200.0	    0.0	    0.0	    0.0	    0.0	  100.0	    0.0	    0.0	    0.0	    0.0	    0.0	   67.5	  1	  650.0	 2050.0	    0.0	    0.0	    0.0	1	  299.8	 21	    0.0	    5.0	
 1776	 180.63	    0.0	 1500.0	    0.0	 -492.5	  688.0	    0.0	  200.0	    0.0	    0.0	    0.0	    0.0	  100.0	    0.0	    0.0	    0.0	    0.0	    0.0	   67.5	  1	  650.0	 2050.0	    0.0	    0.0	    0.0	1	  299.8	 21	    0.0	    5.0	
 1777	 180.74	    0.0	 1500.0	    0.0	 -492.5	  688.0	    0.0	  200.0	    0.0	    0.0	    0.0	    0.0	  100.0	    0.0	    0.0	    0.0	    0.0	    0.0	   67.5	  1	  650.0	 2050.0	    0.0	    0.0	    0.0	1	  299.8	 21	    0.0	    5.0	
 1778	 180.84	    0.0	 1500.0	    0.0	 -488.9	  740.8	    0.0	  200.0	    0.0	    0.0	    0.0	    0.0	  100.0	    0.0	    0.0	    0.0	    0.0	    0.0	   67.6	  1	  650.0	 2050.0	    0.0	    0.0	    0.0	1	  299.8	 21	    0.0	    5.0	
 1779	 180.94	    0.0	 1500.0	    0.0	 -488.9	  740.8	    0.0	  200.0	    0.0	    0.0	    0.0	    0.0	  100.0	    0.0	    0.0	    0.0	    0.0	    0.0	   67.6	  1	  650.0	 2050.0	    0.0	    0.0	    0.0	1	  299.8	 21	    0.0	    5.0	
 1780	 181.03	    0.0	 1500.0	    0.0	 -488.9	  740.8	    0.0	  200.0	    0.0	    0.0	    0.0	    0.0	  100.0	    0.0	    0.0	    0.0	    0.0	    0.0	   67.6	  1	  650.0	 2050.0	    0.0	    0.0	    0.0	1	  299.8	 21	    0.0	    5.0	
 1781	 181.14	    0.0	 1500.0	    0.0	 -488.9	  740.8	    0.0	  200.0	    0.0	    0.0	    0.0	    0.0	  100.0	    0.0	    0.0	    0.0	    0.0	    0.0	   67.7	  1	  650.0	 2050.0	    0.0	    0.0	    0.0	1	  299.8	 21	    0.0	    5.0	
 1782	 181.24	    0.0	 1500.0	    0.0	 -488.9	  740.8	    0.0	  200.0	    0.0	    0.0	    0.0	    0.0	  100.0	    0.0	    0.0	    0.0	    0.0	    0.0	   67.7	  1	  650.0	 2050.0	    0.0	    0.0	    0.0	1	  299.8	 21	    0.0	    5.0	
 1783	 181.34	    0.0	 1500.0	    0.0	 -488.9	  740.8	    0.0	  200.0	    0.0	    0.0	    0.0	    0.0	  100.0	    0.0	    0.0	    0.0	    0.0	    0.0	   67.8	  1	  650.0	 2050.0	    0.0	    0.0	    0.0	1	  299.8	 21	    0.0	    5.0	
 1784	 181.44	    0.0	 1500.0	    0.0	 -488.9	  740.8	    0.0	  200.0	    0.0	    0.0	    0.0	    0.0	  100.0	    0.0	    0.0	    0.0	    0.0	    0.0	   67.8	  1	  650.0	 2050.0	    0.0	    0.0	    0.0	1	  299.8	 21	    0.0	    5.0	
 1785	 181.53	    0.0	 1500.0	    0.0	 -488.9	  740.8	    0.0	  200.0	    0.0	    0.0	    0.0	    0.0	  100.0	    0.0	    0.0	    0.0	    0.0	    0.0	   67.8	  1	  650.0	 2050.0	    0.0	    0.0	    0.0	1	  299.8	 21	    0.0	    5.0	
 1786	 181.63	    0.0	 1500.0	    0.0	 -488.9	  740.8	    0.0	  200.0	    0.0	    0.0	    0.0	    0.0	  100.0	    0.0	    0.0	    0.0	    0.0	    0.0	   67.9	  1	  650.0	 2050.0	    0.0	    0.0	    0.0	1	  299.8	 21	    0.0	    5.0	
 1787	 181.74	    0.0	 1500.0	    0.0	 -502.3	  703.1	    0.0	  200.0	    0.0	    0.0	    0.0	    0.0	  100.0	    0.0	    0.0	    0.0	    0.0	    0.0	   67.9	  1	  650.0	 2050.0	    0.0	    0.0	    0.0	1	  299.8	 21	    0.0	    5.0	
 1788	 181.84	    0.0	 1500.0	    0.0	 -502.3	  703.1	    0.0	  200.0	    0.0	    0.0	    0.0	    0.0	  100.0	    0.0	    0.0	    0.0	    0.0	    0.0	   67.9	  1	  650.0	 2050.0	    0.0	    0.0	    0.0	1	  299.8	 21	    0.0	    5.0	
 1789	 181.94	    0.0	 1500.0	    0.0	 -502.3	  703.1	    0.0	  200.0	    0.0	    0.0	    0.0	    0.0	  100.0	    0.0	    0.0	    0.0	    0.0	    0.0	   68.0	  1	  650.0	 2050.0	    0.0	    0.0	    0.0	1	  299.8	 21	    0.0	    5.0	
 1790	 182.03	    0.0	 1500.0	    0.0	 -502.3	  703.1	    0.0	  200.0	    0.0	    0.0	    0.0	    0.0	  100.0	    0.0	    0.0	    0.0	    0.0	    0.0	   68.0	  1	  650.0	 2050.0	    0.0	    0.0	    0.0	1	  299.8	 21	    0.0	    5.0	
 1791	 182.13	    0.0	 1500.0	    0.0	 -502.3	  703.1	    0.0	  200.0	    0.0	    0.0	    0.0	    0.0	  100.0	    0.0	    0.0	    0.0	    0.0	    0.0	   68.1	  1	  650.0	 2050.0	    0.0	    0.0	    0.0	1	  299.8	 21	    0.0	    5.0	
 1792	 182.24	    0.0	 1500.0	    0.0	 -502.3	  703.1	    0.0	  200.0	    0.0	    0.0	    0.0	    0.0	  100.0	    0.0	    0.0	    0.0	    0.0	    0.0	   68.1	  1	  650.0	 2050.0	    0.0	    0.0	    0.0	1	  299.8	 21	    0.0	    5.0	
 1793	 182.34	    0.0	 1500.0	    0.0	 -502.3	  703.1	    0.0	  200.0	    0.0	    0.0	    0.0	    0.0	  100.0	    0.0	    0.0	    0.0	    0.0	    0.0	   68.1	  1	  650.0	 2050.0	    0.0	    0.0	    0.0	1	  299.8	 21	    0.0	    5.0	
 1794	 182.44	    0.0	 1500.0	    0.0	 -502.3	  703.1	    0.0	  200.0	    0.0	    0.0	    0.0	    0.0	  100.0	    0.0	    0.0	    0.0	    0.0	    0.0	   68.2	  1	  650.0	 2050.0	    0.0	    0.0	    0.0	1	  299.8	 21	    0.0	    5.0	
 1795	 182.54	    0.0	 1500.0	    0.0	 -502.3	  703.1	    0.0	  200.0	    0.0	    0.0	    0.0	    0.0	  100.0	    0.0	    0.0	    0.0	    0.0	    0.0	   68.2	  1	  650.0	 2050.0	    0.0	    0.0	    0.0	1	  299.8	 21	    0.0	    5.0	
 1796	 182.63	    0.0	 1500.0	    0.0	 -502.3	  703.1	    0.0	  200.0	    0.0	    0.0	    0.0	    0.0	  100.0	    0.0	    0.0	    0.0	    0.0	    0.0	   68.2	  1	  650.0	 2050.0	    0.0	    0.0	    0.0	1	  299.8	 21	    0.0	    5.0	
 1797	 182.74	    0.0	 1500.0	    0.0	 -502.3	  703.1	    0.0	  200.0	 -527.1	  690.8	    0.0	  200.0	  100.0	    0.0	    0.0	    0.0	    0.0	   14.1	   68.3	  1	  750.0	  950.0	    0.0	    0.0	   14.1	1	  298.7	 21	    0.0	    0.0	
 1798	 182.84	    0.0	 1500.0	    0.0	 -502.3	  703.1	    0.0	  200.0	 -526.5	  693.6	    0.0	  200.0	  100.0	    0.0	    0.0	    0.0	    0.0	   14.1	   68.3	  1	 -650.0	 1950.0	    0.0	    0.0	   14.1	1	  310.1	 21	  500.0	-2000.0	
 1799	 182.94	    0.0	 1500.0	    0.0	 -502.3	  703.1	    0.0	  200.0	 -526.5	  693.6	    0.0	  200.0	  100.0	    0.0	    0.0	    0.0	    0.0	   14.1	   68.4	  1	 -650.0	 1950.0	    0.0	    0.0	   14.1	1	  310.1	 21	  506.1	-1939.0	
 1800	 183.03	    0.0	 1500.0	    0.0	 -502.3	  703.1	    0.0	  200.0	 -526.5	  693.6	    0.0	  200.0	  100.0	    0.0	    0.0	    0.0	    0.0	   14.1	   68.4	  1	 -650.0	 1950.0	    0.0	    0.0	   14.1	1	  310.1	 21	  525.0	-1749.9	
 1801	 183.13	    0.0	 1500.0	    0.0	 -502.3	  703.1	    0.0	  200.0	 -526.5	  693.6	    0.0	  200.0	  100.0	    0.0	    0.0	    0.0	    0.0	   14.1	   68.4	  1	 -650.0	 1950.0	    0.0	    0.0	   14.1	1	  310.1	 21	  541.3	-1586.7	
 1802	 183.24	    0.0	 1500.0	    0.0	 -502.3	  703.1	    0.0	  200.0	 -526.5	  693.6	    0.0	  200.0	  100.0	    0.0	    0.0	    0.0	    0.0	   14.1	   68.5	  1	 -650.0	 1950.0	    0.0	    0.0	   14.1	1	  310.1	 21	  556.4	-1436.3	
 1803	 183.34	    0.0	 1500.0	    0.0	 -502.3	  703.1	    0.0	  200.0	 -526.5	  693.6	    0.0	  200.0	  100.0	    0.0	    0.0	    0.0	    0.0	   14.1	   68.5	  1	 -650.0	 1950.0	    0.0	    0.0	   14.1	1	  310.1	 21	  570.0	-1299.6	
 1804	 183.44	    0.0	 1500.0	    0.0	 -502.3	  703.1	    0.0	  200.0	 -526.5	  693.6	    0.0	  200.0	  100.0	    0.0	    0.0	    0.0	    0.0	   14.1	   68.6	  1	 -650.0	 1950.0	    0.0	    0.0	   14.1	1	  310.1	 21	  583.1	-1168.5	
 1805	 183.53	    0.0	 1500.0	    0.0	 -502.3	  703.1	    0.0	  200.0	 -526.5	  693.6	    0.0	  200.0	  100.0	    0.0	    0.0	    0.0	    0.0	   14.1	   68.6	  1	 -650.0	 1950.0	    0.0	    0.0	   14.1	1	  310.1	 21	  593.7	-1063.4	
 1806	 183.63	    0.0	 1500.0	    0.0	 -502.3	  703.1	    0.0	  200.0	 -526.5	  693.6	    0.0	  200.0	  100.0	    0.0	    0.0	    0.0	    0.0	   14.1	   68.6	  1	 -650.0	 1950.0	    0.0	    0.0	   14.1	1	  310.1	 21	  603.8	 -961.6	
 1807	 183.74	    0.0	 1500.0	    0.0	 -502.3	  703.1	    0.0	  200.0	 -526.5	  693.6	    0.0	  200.0	  100.0	    0.0	    0.0	    0.0	    0.0	   14.1	   68.7	  1	 -650.0	 1950.0	    0.0	    0.0	   14.1	1	  310.0	 21	  612.9	 -870.9	
 1808	 183.84	    0.0	 1500.0	    0.0	 -502.3	  703.1	    0.0	  200.0	 -526.5	  693.6	    0.0	  200.0	  100.0	    0.0	    0.0	    0.0	    0.0	   14.0	   68.7	  1	 -650.0	 1950.0	    0.0	    0.0	   14.0	1	  310.0	 21	  621.2	 -788.1	
 1809	 183.94	    0.0	 1500.0	    0.0	 -502.3	  703.1	    0.0	  200.0	 -526.5	  693.6	    0.0	  200.0	  100.0	    0.0	    0.0	    0.0	    0.0	   14.0	   68.7	  1	 -650.0	 1950.0	    0.0	    0.0	   14.0	1	  310.0	 21	  628.7	 -713.1	
 1810	 184.03	    0.0	 1500.0	    0.0	 -502.3	  703.1	    0.0	  200.0	 -526.5	  693.6	    0.0	  200.0	  100.0	    0.0	    0.0	    0.0	    0.0	   14.0	   68.8	  1	 -650.0	 1950.0	    0.0	    0.0	   14.0	1	  310.0	 21	  635.6	 -644.1	
 1811	 184.14	    0.0	 1500.0	    0.0	 -502.3	  703.1	    0.0	  200.0	 -526.5	  693.6	    0.0	  200.0	  100.0	    0.0	    0.0	    0.0	    0.0	   14.0	   68.8	  1	 -650.0	 1950.0	    0.0	    0.0	   14.0	1	  310.0	 21	  641.9	 -580.5	
 1812	 184.24	    0.0	 1500.0	    0.0	 -502.3	  703.1	    0.0	  200.0	 -526.5	  693.6	    0.0	  200.0	  100.0	    0.0	    0.0	    0.0	    0.0	   14.0	   68.9	  1	 -650.0	 1950.0	    0.0	    0.0	   14.0	1	  310.0	 21	  647.2	 -528.0	
 1813	 184.34	    0.0	 1500.0	    0.0	 -502.3	  703.1	    0.0	  200.0	 -526.5	  693.6	    0.0	  200.0	  100.0	    0.0	    0.0	    0.0	    0.0	   14.0	   68.9	  1	 -650.0	 1950.0	    0.0	    0.0	   14.0	1	  310.0	 21	  652.2	 -477.8	
 1814	 184.44	    0.0	 1500.0	    0.0	 -502.3	  703.1	    0.0	  200.0	 -526.5	  693.6	    0.0	  200.0	  100.0	    0.0	    0.0	    0.0	    0.0	   14.0	   68.9	  1	 -650.0	 1950.0	    0.0	    0.0	   14.0	1	  310.0	 21	  656.8	 -432.1	
 1815	 184.53	    0.0	 1500.0	    0.0	 -502.3	  703.1	    0.0	  200.0	 -526.5	  693.6	    0.0	  200.0	  100.0	    0.0	    0.0	    0.0	    0.0	   14.0	   69.0	  1	 -650.0	 1950.0	    0.0	    0.0	   14.0	1	  310.0	 21	  660.9	 -391.3	
 1816	 184.63	    0.0	 1500.0	    0.0	 -502.3	  703.1	    0.0	  200.0	 -526.5	  693.6	    0.0	  200.0	  100.0	    0.0	    0.0	    0.0	    0.0	   14.0	   69.0	  1	 -650.0	 1950.0	    0.0	    0.0	   14.0	1	  310.0	 21	  664.6	 -354.0	
 1817	 184.74	    0.0	 1500.0	    0.0	 -502.3	  703.1	    0.0	  200.0	 -526.5	  693.6	    0.0	  200.0	  100.0	    0.0	    0.0	    0.0	    0.0	   14.0	   69.0	  1	 -650.0	 1950.0	    0.0	    0.0	   14.0	1	  310.0	 21	  668.1	 -318.8	
 1818	 184.84	    0.0	 1500.0	    0.0	 -517.8	  694.6	    0.0	  200.0	 -526.5	  693.6	    0.0	  200.0	  100.0	    0.0	    0.0	    0.0	    0.0	   14.0	   69.1	  1	 -650.0	 1950.0	    0.0	    0.0	   14.0	1	  309.3	 21	  671.1	 -289.0	
 1819	 184.94	    0.0	 1500.0	    0.0	 -517.8	  694.6	    0.0	  200.0	 -526.5	  693.6	    0.0	  200.0	  100.0	    0.0	    0.0	    0.0	    0.0	   14.0	   69.1	  1	 -650.0	 1950.0	    0.0	    0.0	   14.0	1	  309.3	 21	  673.8	 -262.2	
 1820	 185.03	    0.0	 1500.0	    0.0	 -517.8	  694.6	    0.0	  200.0	 -526.5	  693.6	    0.0	  200.0	  100.0	    0.0	    0.0	    0.0	    0.0	   14.0	   69.2	  1	 -650.0	 1950.0	    0.0	    0.0	   14.0	1	  309.3	 21	  676.3	 -237.3	
 1821	 185.13	    0.0	 1500.0	    0.0	 -517.8	  694.6	    0.0	  200.0	 -526.5	  693.6	    0.0	  200.0	  100.0	    0.0	    0.0	    0.0	    0.0	   14.0	   69.2	  1	 -650.0	 1950.0	    0.0	    0.0	   14.0	1	  309.3	 21	    0.0	    0.0	
 1822	 185.24	    0.0	 1500.0	    0.0	 -517.8	  694.6	    0.0	  200.0	 -526.5	  693.6	    0.0	  200.0	  100.0	    0.0	    0.0	    0.0	    0.0	   14.0	   69.2	  1	 -650.0	 1950.0	    0.0	    0.0	   14.0	1	  309.3	 21	    0.0	    0.0	
 1823	 185.34	    0.0	 1500.0	    0.0	 -542.5	  741.8	    0.0	  200.0	 -526.5	  693.6	    0.0	  200.0	  100.0	    0.0	    0.0	    0.0	    0.0	   13.9	   69.3	  1	 -650.0	 1950.0	    0.0	    0.0	   13.9	1	  306.8	 21	    0.0	    0.0	
 1824	 185.44	    0.0	 1500.0	    0.0	 -542.5	  741.8	    0.0	  200.0	 -526.5	  693.6	    0.0	  200.0	  100.0	    0.0	    0.0	    0.0	    0.0	   13.9	   69.3	  1	 -650.0	 1950.0	    0.0	    0.0	   13.9	1	  306.8	 21	    0.0	    0.0	
 1825	 185.53	    0.0	 1500.0	    0.0	 -542.5	  741.8	    0.0	  200.0	 -526.5	  693.6	    0.0	  200.0	  100.0	    0.0	    0.0	    0.0	    0.0	   13.9	   69.4	  1	 -650.0	 1950.0	    0.0	    0.0	   13.9	1	  306.8	 21	    0.0	    0.0	
 1826	 185.63	    0.0	 1500.0	    0.0	 -542.5	  741.8	    0.0	  200.0	 -526.5	  693.6	    0.0	  200.0	  100.0	    0.0	    0.0	    0.0	    0.0	   13.9	   69.4	  1	 -650.0	 1950.0	    0.0	    0.0	   13.9	1	  306.8	 21	    0.0	    0.0	
 1827	 185.74	    0.0	 1500.0	    0.0	 -542.5	  741.8	    0.0	  200.0	 -526.5	  693.6	    0.0	  200.0	  100.0	    0.0	    0.0	    0.0	    0.0	   13.9	   69.4	  1	 -650.0	 1950.0	    0.0	    0.0	   13.9	1	  306.8	 21	    0.0	    0.0	
 1828	 185.84	    0.0	 1500.0	    0.0	 -542.5	  741.8	    0.0	  200.0	 -526.5	  693.6	    0.0	  200.0	  100.0	    0.0	    0.0	    0.0	    0.0	   13.9	   69.5	  1	 -650.0	 1950.0	    0.0	    0.0	   13.9	1	  306.7	 21	    0.0	    0.0	
 1829	 185.94	    0.0	 1500.0	    0.0	 -542.5	  741.8	    0.0	  200.0	 -526.5	  693.6	    0.0	  200.0	  100.0	    0.0	    0.0	    0.0	    0.0	   13.9	   69.5	  1	 -650.0	 1950.0	    0.0	    0.0	   13.9	1	  306.7	 21	    0.0	    0.0	
 1830	 186.03	    0.0	 1500.0	    0.0	 -499.8	  764.5	    0.0	  200.0	 -526.5	  693.6	    0.0	  200.0	  100.0	    0.0	    0.0	    0.0	    0.0	   13.8	   69.5	  1	 -650.0	 1950.0	    0.0	    0.0	   13.8	1	  308.5	 21	    0.0	    0.0	
 1831	 186.13	    0.0	 1500.0	    0.0	 -499.8	  764.5	    0.0	  200.0	 -526.5	  693.6	    0.0	  200.0	  100.0	    0.0	    0.0	    0.0	    0.0	   13.8	   69.6	  1	 -650.0	 1950.0	    0.0	    0.0	   13.8	1	  308.5	 21	    0.0	    0.0	
 1832	 186.24	    0.0	 1500.0	    0.0	 -499.8	  764.5	    0.0	  200.0	 -526.5	  693.6	    0.0	  200.0	  100.0	    0.0	    0.0	    0.0	    0.0	   13.8	   69.6	  1	 -650.0	 1950.0	    0.0	    0.0	   13.8	1	  308.5	 21	    0.0	    0.0	
 1833	 186.34	    0.0	 1500.0	    0.0	 -499.8	  764.5	    0.0	  200.0	 -526.5	  693.6	    0.0	  200.0	  100.0	    0.0	    0.0	    0.0	    0.0	   13.7	   69.7	  1	 -650.0	 1950.0	    0.0	    0.0	   13.7	1	  308.4	 21	    0.0	    0.0	
 1834	 186.44	    0.0	 1500.0	    0.0	 -499.8	  764.5	    0.0	  200.0	 -526.5	  693.6	    0.0	  200.0	  100.0	    0.0	    0.0	    0.0	    0.0	   13.7	   69.7	  1	 -650.0	 1950.0	    0.0	    0.0	   13.7	1	  308.4	 21	    0.0	    0.0	
 1835	 186.53	    0.0	 1500.0	    0.0	 -499.8	  764.5	    0.0	  200.0	 -526.5	  693.6	    0.0	  200.0	  100.0	    0.0	    0.0	    0.0	    0.0	   13.7	   69.7	  1	 -650.0	 1950.0	    0.0	    0.0	   13.7	1	  308.4	 21	    0.0	    0.0	
 1836	 186.63	    0.0	 1500.0	    0.0	 -505.7	  635.9	    0.0	  200.0	 -526.5	  693.6	    0.0	  200.0	  100.0	    0.0	    0.0	    0.0	    0.0	   13.7	   69.8	  1	  750.0	  950.0	    0.0	    0.0	   13.7	1	  307.3	 21	    0.0	    0.0	
 1837	 186.74	    0.0	 1500.0	    0.0	 -505.7	  635.9	    0.0	  200.0	 -526.5	  693.6	    0.0	  200.0	  100.0	    0.0	    0.0	    0.0	    0.0	   13.7	   69.8	  1	  750.0	  950.0	    0.0	    0.0	   13.7	1	  307.3	 21	    0.0	    0.0	
 1838	 186.84	    0.0	 1500.0	    0.0	 -505.7	  635.9	    0.0	  200.0	 -526.5	  693.6	    0.0	  200.0	  100.0	    0.0	    0.0	    0.0	    0.0	   13.7	   69.8	  1	  750.0	  950.0	    0.0	    0.0	   13.7	1	  307.3	 21	    0.0	    0.0	
 1839	 186.94	    0.0	 1500.0	    0.0	 -505.7	  635.9	    0.0	  200.0	 -526.5	  693.6	    0.0	  200.0	  100.0	    0.0	    0.0	    0.0	    0.0	   13.8	   69.9	  1	  750.0	  950.0	    0.0	    0.0	   13.8	1	  307.3	 21	    0.0	    0.0	
 1840	 187.03	    0.0	 1500.0	    0.0	 -505.7	  635.9	    0.0	  200.0	 -526.5	  693.6	    0.0	  200.0	  100.0	    0.0	    0.0	    0.0	    0.0	   13.8	   69.9	  1	  750.0	  950.0	    0.0	    0.0	   13.8	1	  307.3	 21	    0.0	    0.0	
 1841	 187.13	    0.0	 1500.0	    0.0	 -505.7	  635.9	    0.0	  200.0	 -526.5	  693.6	    0.0	  200.0	  100.0	    0.0	    0.0	    0.0	    0.0	   13.8	   70.0	  1	  750.0	  950.0	    0.0	    0.0	   13.8	1	  307.3	 21	    0.0	    0.0	
 1842	 187.24	    0.0	 1500.0	    0.0	 -547.7	  531.9	    0.0	  200.0	 -526.5	  693.6	    0.0	  200.0	  100.0	    0.0	    0.0	    0.0	    0.0	   13.8	   70.0	  1	  750.0	  950.0	    0.0	    0.0	   13.8	1	  304.4	 21	    0.0	    0.0	
 1843	 187.34	    0.0	 1500.0	    0.0	 -547.7	  531.9	    0.0	  200.0	 -526.5	  693.6	    0.0	  200.0	  100.0	    0.0	    0.0	    0.0	    0.0	   13.9	   70.0	  1	  750.0	  950.0	    0.0	    0.0	   13.9	1	  304.4	 21	    0.0	    0.0	
 1844	 187.44	    0.0	 1500.0	    0.0	 -547.7	  531.9	    0.0	  200.0	 -526.5	  693.6	    0.0	  200.0	  100.0	    0.0	    0.0	    0.0	    0.0	   14.0	   70.1	  1	  750.0	  950.0	    0.0	    0.0	   14.0	1	  304.5	 21	    0.0	    0.0	
 1845	 187.53	    0.0	 1500.0	    0.0	 -547.7	  531.9	    0.0	  200.0	 -526.5	  693.6	    0.0	  200.0	  100.0	    0.0	    0.0	    0.0	    0.0	   14.0	   70.1	  1	  750.0	  950.0	    0.0	    0.0	   14.0	1	  304.5	 21	    0.0	    0.0	
 1846	 187.64	    0.0	 1500.0	    0.0	 -547.7	  531.9	    0.0	  200.0	 -526.5	  693.6	    0.0	  200.0	  100.0	    0.0	    0.0	    0.0	    0.0	   14.1	   70.1	  1	  750.0	  950.0	    0.0	    0.0	   14.1	1	  304.6	 21	    0.0	    0.0	
 1847	 187.74	    0.0	 1500.0	    0.0	 -547.7	  531.9	    0.0	  200.0	 -526.5	  693.6	    0.0	  200.0	  100.0	    0.0	    0.0	    0.0	    0.0	   14.2	   70.2	  1	  750.0	  950.0	    0.0	    0.0	   14.2	1	  304.6	 21	    0.0	    0.0	
 1848	 187.84	    0.0	 1500.0	    0.0	 -547.7	  531.9	    0.0	  200.0	 -526.5	  693.6	    0.0	  200.0	  100.0	    0.0	    0.0	    0.0	    0.0	   14.2	   70.2	  1	  750.0	  950.0	    0.0	    0.0	   14.2	1	  304.6	 21	    0.0	    0.0	
 1849	 187.94	    0.0	 1500.0	    0.0	 -547.7	  531.9	    0.0	  200.0	 -526.5	  693.6	    0.0	  200.0	  100.0	    0.0	    0.0	    0.0	    0.0	   14.3	   70.3	  1	  750.0	  950.0	    0.0	    0.0	   14.3	1	  304.7	 21	    0.0	    0.0	
 1850	 188.03	    0.0	 1500.0	    0.0	 -605.1	  532.8	    0.0	  200.0	 -526.5	  693.6	    0.0	  200.0	  100.0	    0.0	    0.0	    0.0	    0.0	   14.4	   70.3	  1	 -650.0	 1950.0	    0.0	    0.0	   14.4	1	  308.2	 21	    0.0	    0.0	
 1851	 188.13	    0.0	 1500.0	    0.0	 -605.1	  532.8	    0.0	  200.0	 -526.5	  693.6	    0.0	  200.0	  100.0	    0.0	    0.0	    0.0	    0.0	   14.5	   70.3	  1	 -650.0	 1950.0	    0.0	    0.0	   14.5	1	  308.3	 21	    0.0	    0.0	
 1852	 188.24	    0.0	 1500.0	    0.0	 -605.1	  532.8	    0.0	  200.0	 -526.5	  693.6	    0.0	  200.0	  100.0	    0.0	    0.0	    0.0	    0.0	   14.5	   70.4	  1	 -650.0	 1950.0	    0.0	    0.0	   14.5	1	  308.3	 21	    0.0	    0.0	
 1853	 188.34	    0.0	 1500.0	    0.0	 -605.1	  532.8	    0.0	  200.0	 -526.5	  693.6	    0.0	  200.0	  100.0	    0.0	    0.0	    0.0	    0.0	   14.6	   70.4	  1	 -650.0	 1950.0	    0.0	    0.0	   14.6	1	  308.4	 21	    0.0	    0.0	
 1854	 188.44	    0.0	 1500.0	    0.0	 -605.1	  532.8	    0.0	  200.0	 -526.5	  693.6	    0.0	  200.0	  100.0	    0.0	    0.0	    0.0	    0.0	   14.7	   70.5	  1	 -650.0	 1950.0	    0.0	    0.0	   14.7	1	  308.5	 21	    0.0	    0.0	
 1855	 188.53	    0.0	 1500.0	    0.0	 -562.7	  707.3	    0.0	  200.0	 -526.5	  693.6	    0.0	  200.0	  100.0	    0.0	    0.0	    0.0	    0.0	   14.7	   70.5	  1	 -650.0	 1950.0	    0.0	    0.0	   14.7	1	  307.1	 21	    0.0	    0.0	
 1856	 188.63	    0.0	 1500.0	    0.0	 -562.7	  707.3	    0.0	  200.0	 -526.5	  693.6	    0.0	  200.0	  100.0	    0.0	    0.0	    0.0	    0.0	   14.7	   70.5	  1	 -650.0	 1950.0	    0.0	    0.0	   14.7	1	  307.1	 21	    0.0	    0.0	
 1857	 188.74	    0.0	 1500.0	    0.0	 -562.7	  707.3	    0.0	  200.0	 -526.5	  693.6	    0.0	  200.0	  100.0	    0.0	    0.0	    0.0	    0.0	   14.7	   70.6	  1	 -650.0	 1950.0	    0.0	    0.0	   14.7	1	  307.1	 21	    0.0	    0.0	
 1858	 188.84	    0.0	 1500.0	    0.0	 -562.7	  707.3	    0.0	  200.0	 -526.5	  693.6	    0.0	  200.0	  100.0	    0.0	    0.0	    0.0	    0.0	   14.7	   70.6	  1	 -650.0	 1950.0	    0.0	    0.0	   14.7	1	  307.1	 21	    0.0	    0.0	
 1859	 188.94	    0.0	 1500.0	    0.0	 -562.7	  707.3	    0.0	  200.0	 -526.5	  693.6	    0.0	  200.0	  100.0	    0.0	    0.0	    0.0	    0.0	   14.7	   70.6	  1	 -650.0	 1950.0	    0.0	    0.0	   14.7	1	  307.1	 21	    0.0	    0.0	
 1860	 189.03	    0.0	 1500.0	    0.0	 -562.7	  707.3	    0.0	  200.0	 -526.5	  693.6	    0.0	  200.0	  100.0	    0.0	    0.0	    0.0	    0.0	   14.7	   70.7	  1	 -650.0	 1950.0	    0.0	    0.0	   14.7	1	  307.1	 21	    0.0	    0.0	
 1861	 189.13	    0.0	 1500.0	    0.0	 -562.7	  707.3	    0.0	  200.0	 -526.5	  693.6	    0.0	  200.0	  100.0	    0.0	    0.0	    0.0	    0.0	   14.7	   70.7	  1	 -650.0	 1950.0	    0.0	    0.0	   14.7	1	  307.1	 21	    0.0	    0.0	
 1862	 189.24	    0.0	 1500.0	    0.0	 -522.0	  732.8	    0.0	  200.0	 -526.5	  693.6	    0.0	  200.0	  100.0	    0.0	    0.0	    0.0	    0.0	   14.7	   70.8	  1	 -650.0	 1950.0	    0.0	    0.0	   14.7	1	  308.8	 21	    0.0	    0.0	
 1863	 189.34	    0.0	 1500.0	    0.0	 -522.0	  732.8	    0.0	  200.0	 -526.5	  693.6	    0.0	  200.0	  100.0	    0.0	    0.0	    0.0	    0.0	   14.7	   70.8	  1	 -650.0	 1950.0	    0.0	    0.0	   14.7	1	  308.8	 21	    0.0	    0.0	
 1864	 189.44	    0.0	 1500.0	    0.0	 -522.0	  732.8	    0.0	  200.0	 -526.5	  693.6	    0.0	  200.0	  100.0	    0.0	    0.0	    0.0	    0.0	   14.7	   70.8	  1	 -650.0	 1950.0	    0.0	    0.0	   14.7	1	  308.8	 21	    0.0	    0.0	
 1865	 189.54	    0.0	 1500.0	    0.0	 -522.0	  732.8	    0.0	  200.0	 -526.5	  693.6	    0.0	  200.0	  100.0	    0.0	    0.0	    0.0	    0.0	   14.7	   70.9	  1	 -650.0	 1950.0	    0.0	    0.0	   14.7	1	  308.8	 21	    0.0	    0.0	
 1866	 189.63	    0.0	 1500.0	    0.0	 -522.0	  732.8	    0.0	  200.0	 -526.5	  693.6	    0.0	  200.0	  100.0	    0.0	    0.0	    0.0	    0.0	   14.6	   70.9	  1	 -650.0	 1950.0	    0.0	    0.0	   14.6	1	  308.8	 21	    0.0	    0.0	
 1867	 189.74	    0.0	 1500.0	    0.0	 -522.0	  732.8	    0.0	  200.0	 -526.5	  693.6	    0.0	  200.0	  100.0	    0.0	    0.0	    0.0	    0.0	   14.6	   70.9	  1	 -650.0	 1950.0	    0.0	    0.0	   14.6	1	  308.7	 21	    0.0	    0.0	
 1868	 189.84	    0.0	 1500.0	    0.0	 -522.0	  732.8	    0.0	  200.0	 -526.5	  693.6	    0.0	  200.0	  100.0	    0.0	    0.0	    0.0	    0.0	   14.6	   71.0	  1	 -650.0	 1950.0	    0.0	    0.0	   14.6	1	  308.7	 21	    0.0	    0.0	
 1869	 189.94	    0.0	 1500.0	    0.0	 -527.9	  736.3	    0.0	  200.0	 -526.5	  693.6	    0.0	  200.0	  100.0	    0.0	    0.0	    0.0	    0.0	   14.6	   71.0	  1	 -650.0	 1950.0	    0.0	    0.0	   14.6	1	  308.3	 21	    0.0	    0.0	
 1870	 190.04	    0.0	 1500.0	    0.0	 -527.9	  736.3	    0.0	  200.0	 -526.5	  693.6	    0.0	  200.0	  100.0	    0.0	    0.0	    0.0	    0.0	   14.6	   71.1	  1	 -650.0	 1950.0	    0.0	    0.0	   14.6	1	  308.3	 21	    0.0	    0.0	
 1871	 190.13	    0.0	 1500.0	    0.0	 -527.9	  736.3	    0.0	  200.0	 -526.5	  693.6	    0.0	  200.0	  100.0	    0.0	    0.0	    0.0	    0.0	   14.6	   71.1	  1	 -650.0	 1950.0	    0.0	    0.0	   14.6	1	  308.3	 21	    0.0	    0.0	
 1872	 190.24	    0.0	 1500.0	    0.0	 -527.9	  736.3	    0.0	  200.0	 -526.5	  693.6	    0.0	  200.0	  100.0	    0.0	    0.0	    0.0	    0.0	   14.6	   71.1	  1	 -650.0	 1950.0	    0.0	    0.0	   14.6	1	  308.2	 21	    0.0	    0.0	
 1873	 190.34	    0.0	 1500.0	    0.0	 -527.9	  736.3	    0.0	  200.0	 -526.5	  693.6	    0.0	  200.0	  100.0	    0.0	    0.0	    0.0	    0.0	   14.5	   71.2	  1	 -650.0	 1950.0	    0.0	    0.0	   14.5	1	  308.2	 21	    0.0	    0.0	
 1874	 190.44	    0.0	 1500.0	    0.0	 -527.9	  736.3	    0.0	  200.0	 -526.5	  693.6	    0.0	  200.0	  100.0	    0.0	    0.0	    0.0	    0.0	   14.5	   71.2	  1	 -650.0	 1950.0	    0.0	    0.0	   14.5	1	  308.2	 21	    0.0	    0.0	
 1875	 190.53	    0.0	 1500.0	    0.0	 -521.4	  741.5	    0.0	  200.0	 -526.5	  693.6	    0.0	  200.0	  100.0	    0.0	    0.0	    0.0	    0.0	   14.5	   71.3	  1	 -650.0	 1950.0	    0.0	    0.0	   14.5	1	  308.5	 21	    0.0	    0.0	
 1876	 190.63	    0.0	 1500.0	    0.0	 -521.4	  741.5	    0.0	  200.0	 -526.5	  693.6	    0.0	  200.0	  100.0	    0.0	    0.0	    0.0	    0.0	   14.5	   71.3	  1	 -650.0	 1950.0	    0.0	    0.0	   14.5	1	  308.4	 21	    0.0	    0.0	
 1877	 190.74	    0.0	 1500.0	    0.0	 -521.4	  741.5	    0.0	  200.0	 -526.5	  693.6	    0.0	  200.0	  100.0	    0.0	    0.0	    0.0	    0.0	   14.5	   71.3	  1	 -650.0	 1950.0	    0.0	    0.0	   14.5	1	  308.4	 21	    0.0	    0.0	
 1878	 190.84	    0.0	 1500.0	    0.0	 -521.4	  741.5	    0.0	  200.0	 -526.5	  693.6	    0.0	  200.0	  100.0	    0.0	    0.0	    0.0	    0.0	   14.5	   71.4	  1	 -650.0	 1950.0	    0.0	    0.0	   14.5	1	  308.4	 21	    0.0	    0.0	
 1879	 190.94	    0.0	 1500.0	    0.0	 -521.4	  741.5	    0.0	  200.0	 -526.5	  693.6	    0.0	  200.0	  100.0	    0.0	    0.0	    0.0	    0.0	   14.4	   71.4	  1	 -650.0	 1950.0	    0.0	    0.0	   14.4	1	  308.4	 21	    0.0	    0.0	
 1880	 191.03	    0.0	 1500.0	    0.0	 -521.0	  743.4	    0.0	  200.0	 -526.5	  693.6	    0.0	  200.0	  100.0	    0.0	    0.0	    0.0	    0.0	   14.4	   71.4	  1	 -650.0	 1950.0	    0.0	    0.0	   14.4	1	  308.4	 21	    0.0	    0.0	
 1881	 191.13	    0.0	 1500.0	    0.0	 -521.0	  743.4	    0.0	  200.0	 -526.5	  693.6	    0.0	  200.0	  100.0	    0.0	    0.0	    0.0	    0.0	   14.4	   71.5	  1	 -650.0	 1950.0	    0.0	    0.0	   14.4	1	  308.3	 21	    0.0	    0.0	
 1882	 191.24	    0.0	 1500.0	    0.0	 -521.0	  743.4	    0.0	  200.0	 -526.5	  693.6	    0.0	  200.0	  100.0	    0.0	    0.0	    0.0	    0.0	   14.4	   71.5	  1	 -650.0	 1950.0	    0.0	    0.0	   14.4	1	  308.3	 21	    0.0	    0.0	
 1883	 191.34	    0.0	 1500.0	    0.0	 -521.0	  743.4	    0.0	  200.0	 -526.5	  693.6	    0.0	  200.0	  100.0	    0.0	    0.0	    0.0	    0.0	   14.4	   71.6	  1	 -650.0	 1950.0	    0.0	    0.0	   14.4	1	  308.3	 21	    0.0	    0.0	
 1884	 191.44	    0.0	 1500.0	    0.0	 -521.0	  743.4	    0.0	  200.0	 -526.5	  693.6	    0.0	  200.0	  100.0	    0.0	    0.0	    0.0	    0.0	   14.3	   71.6	  1	 -650.0	 1950.0	    0.0	    0.0	   14.3	1	  308.3	 21	    0.0	    0.0	
 1885	 191.54	    0.0	 1500.0	    0.0	 -521.0	  743.4	    0.0	  200.0	 -526.5	  693.6	    0.0	  200.0	  100.0	    0.0	    0.0	    0.0	    0.0	   14.3	   71.6	  1	 -650.0	 1950.0	    0.0	    0.0	   14.3	1	  308.3	 21	    0.0	    0.0	
 1886	 191.63	    0.0	 1500.0	    0.0	 -521.0	  743.4	    0.0	  200.0	 -526.5	  693.6	    0.0	  200.0	  100.0	    0.0	    0.0	    0.0	    0.0	   14.3	   71.7	  1	 -650.0	 1950.0	    0.0	    0.0	   14.3	1	  308.3	 21	    0.0	    0.0	
 1887	 191.74	    0.0	 1500.0	    0.0	 -521.0	  743.4	    0.0	  200.0	 -526.5	  693.6	    0.0	  200.0	  100.0	    0.0	    0.0	    0.0	    0.0	   14.3	   71.7	  1	 -650.0	 1950.0	    0.0	    0.0	   14.3	1	  308.2	 21	    0.0	    0.0	
 1888	 191.84	    0.0	 1500.0	    0.0	 -521.0	  743.4	    0.0	  200.0	 -526.5	  693.6	    0.0	  200.0	  100.0	    0.0	    0.0	    0.0	    0.0	   14.3	   71.7	  1	 -650.0	 1950.0	    0.0	    0.0	   14.3	1	  308.2	 21	    0.0	    0.0	
 1889	 191.94	    0.0	 1500.0	    0.0	 -521.0	  743.4	    0.0	  200.0	 -526.5	  693.6	    0.0	  200.0	  100.0	    0.0	    0.0	    0.0	    0.0	   14.3	   71.8	  1	 -650.0	 1950.0	    0.0	    0.0	   14.3	1	  308.2	 21	    0.0	    0.0	
 1890	 192.03	    0.0	 1500.0	    0.0	 -521.0	  743.4	    0.0	  200.0	 -526.5	  693.6	    0.0	  200.0	  100.0	    0.0	    0.0	    0.0	    0.0	   14.2	   71.8	  1	 -650.0	 1950.0	    0.0	    0.0	   14.2	1	  308.2	 21	    0.0	    0.0	
 1891	 192.13	    0.0	 1500.0	    0.0	 -521.0	  743.4	    0.0	  200.0	 -526.5	  693.6	    0.0	  200.0	  100.0	    0.0	    0.0	    0.0	    0.0	   14.2	   71.9	  1	 -650.0	 1950.0	    0.0	    0.0	   14.2	1	  308.2	 21	    0.0	    0.0	
 1892	 192.24	    0.0	 1500.0	    0.0	 -521.0	  743.4	    0.0	  200.0	 -526.5	  693.6	    0.0	  200.0	  100.0	    0.0	    0.0	    0.0	    0.0	   14.2	   71.9	  1	 -650.0	 1950.0	    0.0	    0.0	   14.2	1	  308.2	 21	    0.0	    0.0	
 1893	 192.34	    0.0	 1500.0	    0.0	 -521.0	  743.4	    0.0	  200.0	 -526.5	  693.6	    0.0	  200.0	  100.0	    0.0	    0.0	    0.0	    0.0	   14.2	   71.9	  1	 -650.0	 1950.0	    0.0	    0.0	   14.2	1	  308.1	 21	    0.0	    0.0	
 1894	 192.44	    0.0	 1500.0	    0.0	 -521.0	  743.4	    0.0	  200.0	 -526.5	  693.6	    0.0	  200.0	  100.0	    0.0	    0.0	    0.0	    0.0	   14.2	   72.0	  1	 -650.0	 1950.0	    0.0	    0.0	   14.2	1	  308.1	 21	    0.0	    0.0	
 1895	 192.53	    0.0	 1500.0	    0.0	 -521.0	  743.4	    0.0	  200.0	 -526.5	  693.6	    0.0	  200.0	  100.0	    0.0	    0.0	    0.0	    0.0	   14.1	   72.0	  1	 -650.0	 1950.0	    0.0	    0.0	   14.1	1	  308.1	 21	    0.0	    0.0	
 1896	 192.63	    0.0	 1500.0	    0.0	 -521.0	  743.4	    0.0	  200.0	 -526.5	  693.6	    0.0	  200.0	  100.0	    0.0	    0.0	    0.0	    0.0	   14.1	   72.0	  1	 -650.0	 1950.0	    0.0	    0.0	   14.1	1	  308.1	 21	    0.0	    0.0	
 1897	 192.74	    0.0	 1500.0	    0.0	 -521.0	  743.4	    0.0	  200.0	 -526.5	  693.6	    0.0	  200.0	  100.0	    0.0	    0.0	    0.0	    0.0	   14.1	   72.1	  1	 -650.0	 1950.0	    0.0	    0.0	   14.1	1	  308.1	 21	    0.0	    0.0	
 1898	 192.84	    0.0	 1500.0	    0.0	 -521.5	  735.2	    0.0	  200.0	 -526.5	  693.6	    0.0	  200.0	  100.0	    0.0	    0.0	    0.0	    0.0	   14.1	   72.1	  1	 -650.0	 1950.0	    0.0	    0.0	   14.1	1	  308.2	 21	    0.0	    0.0	
 1899	 192.94	    0.0	 1500.0	    0.0	 -521.4	  735.6	    0.0	  200.0	 -526.5	  693.6	    0.0	  200.0	  100.0	    0.0	    0.0	    0.0	    0.0	   14.1	   72.2	  1	 -650.0	 1950.0	    0.0	    0.0	   14.1	1	  308.2	 21	    0.0	    0.0	
 1900	 193.03	    0.0	 1500.0	    0.0	 -521.4	  735.6	    0.0	  200.0	 -526.5	  693.6	    0.0	  200.0	  100.0	    0.0	    0.0	    0.0	    0.0	   14.1	   72.2	  1	 -650.0	 1950.0	    0.0	    0.0	   14.1	1	  308.2	 21	    0.0	    0.0	
 1901	 193.14	    0.0	 1500.0	    0.0	 -521.4	  735.6	    0.0	  200.0	 -526.5	  693.6	    0.0	  200.0	  100.0	    0.0	    0.0	    0.0	    0.0	   14.0	   72.2	  1	 -650.0	 1950.0	    0.0	    0.0	   14.0	1	  308.2	 21	    0.0	    0.0	
 1902	 193.24	    0.0	 1500.0	    0.0	 -521.4	  735.6	    0.0	  200.0	 -526.5	  693.6	    0.0	  200.0	  100.0	    0.0	    0.0	    0.0	    0.0	   14.0	   72.3	  1	 -650.0	 1950.0	    0.0	    0.0	   14.0	1	  308.2	 21	    0.0	    0.0	
 1903	 193.34	    0.0	 1500.0	    0.0	 -521.4	  735.6	    0.0	  200.0	 -526.5	  693.6	    0.0	  200.0	  100.0	    0.0	    0.0	    0.0	    0.0	   14.0	   72.3	  1	 -650.0	 1950.0	    0.0	    0.0	   14.0	1	  308.2	 21	    0.0	    0.0	
 1904	 193.44	    0.0	 1500.0	    0.0	 -521.4	  735.6	    0.0	  200.0	 -526.5	  693.6	    0.0	  200.0	  100.0	    0.0	    0.0	    0.0	    0.0	   14.0	   72.4	  1	 -650.0	 1950.0	    0.0	    0.0	   14.0	1	  308.2	 21	    0.0	    0.0	
 1905	 193.53	    0.0	 1500.0	    0.0	 -521.4	  735.6	    0.0	  200.0	 -526.5	  693.6	    0.0	  200.0	  100.0	    0.0	    0.0	    0.0	    0.0	   14.0	   72.4	  1	 -650.0	 1950.0	    0.0	    0.0	   14.0	1	  308.2	 21	    0.0	    0.0	
 1906	 193.63	    0.0	 1500.0	    0.0	 -520.5	  733.6	    0.0	  200.0	 -526.5	  693.6	    0.0	  200.0	  100.0	    0.0	    0.0	    0.0	    0.0	   14.0	   72.4	  1	 -650.0	 1950.0	    0.0	    0.0	   14.0	1	  308.2	 21	    0.0	    0.0	
 1907	 193.74	    0.0	 1500.0	    0.0	 -520.5	  733.6	    0.0	  200.0	 -526.5	  693.6	    0.0	  200.0	  100.0	    0.0	    0.0	    0.0	    0.0	   13.9	   72.5	  1	 -650.0	 1950.0	    0.0	    0.0	   13.9	1	  308.2	 21	    0.0	    0.0	
 1908	 193.84	    0.0	 1500.0	    0.0	 -520.5	  733.6	    0.0	  200.0	 -526.5	  693.6	    0.0	  200.0	  100.0	    0.0	    0.0	    0.0	    0.0	   13.9	   72.5	  1	 -650.0	 1950.0	    0.0	    0.0	   13.9	1	  308.2	 21	    0.0	    0.0	
 1909	 193.94	    0.0	 1500.0	    0.0	 -520.5	  733.6	    0.0	  200.0	 -526.5	  693.6	    0.0	  200.0	  100.0	    0.0	    0.0	    0.0	    0.0	   13.9	   72.5	  1	 -650.0	 1950.0	    0.0	    0.0	   13.9	1	  308.2	 21	    0.0	    0.0	
 1910	 194.03	    0.0	 1500.0	    0.0	 -520.5	  733.6	    0.0	  200.0	 -526.5	  693.6	    0.0	  200.0	  100.0	    0.0	    0.0	    0.0	    0.0	   13.9	   72.6	  1	 -650.0	 1950.0	    0.0	    0.0	   13.9	1	  308.2	 21	    0.0	    0.0	
 1911	 194.14	    0.0	 1500.0	    0.0	 -520.5	  733.6	    0.0	  200.0	 -526.5	  693.6	    0.0	  200.0	  100.0	    0.0	    0.0	    0.0	    0.0	   13.9	   72.6	  1	 -650.0	 1950.0	    0.0	    0.0	   13.9	1	  308.2	 21	    0.0	    0.0	
 1912	 194.24	    0.0	 1500.0	    0.0	 -520.5	  733.6	    0.0	  200.0	 -526.5	  693.6	    0.0	  200.0	  100.0	    0.0	    0.0	    0.0	    0.0	   13.9	   72.7	  1	 -650.0	 1950.0	    0.0	    0.0	   13.9	1	  308.2	 21	    0.0	    0.0	
 1913	 194.34	    0.0	 1500.0	    0.0	 -518.0	  738.9	    0.0	  200.0	 -526.5	  693.6	    0.0	  200.0	  100.0	    0.0	    0.0	    0.0	    0.0	   13.9	   72.7	  1	 -650.0	 1950.0	    0.0	    0.0	   13.9	1	  308.2	 21	    0.0	    0.0	
 1914	 194.44	    0.0	 1500.0	    0.0	 -518.0	  738.9	    0.0	  200.0	 -526.5	  693.6	    0.0	  200.0	  100.0	    0.0	    0.0	    0.0	    0.0	   13.8	   72.7	  1	 -650.0	 1950.0	    0.0	    0.0	   13.8	1	  308.1	 21	    0.0	    0.0	
 1915	 194.54	    0.0	 1500.0	    0.0	 -518.0	  738.9	    0.0	  200.0	 -526.5	  693.6	    0.0	  200.0	  100.0	    0.0	    0.0	    0.0	    0.0	   13.8	   72.8	  1	 -650.0	 1950.0	    0.0	    0.0	   13.8	1	  308.1	 21	    0.0	    0.0	
 1916	 194.63	    0.0	 1500.0	    0.0	 -518.0	  738.9	    0.0	  200.0	 -526.5	  693.6	    0.0	  200.0	  100.0	    0.0	    0.0	    0.0	    0.0	   13.8	   72.8	  1	 -650.0	 1950.0	    0.0	    0.0	   13.8	1	  308.1	 21	    0.0	    0.0	
 1917	 194.74	    0.0	 1500.0	    0.0	 -518.0	  738.9	    0.0	  200.0	 -526.5	  693.6	    0.0	  200.0	  100.0	    0.0	    0.0	    0.0	    0.0	   13.8	   72.8	  1	 -650.0	 1950.0	    0.0	    0.0	   13.8	1	  308.1	 21	    0.0	    0.0	
 1918	 194.84	    0.0	 1500.0	    0.0	 -518.0	  738.9	    0.0	  200.0	 -526.5	  693.6	    0.0	  200.0	  100.0	    0.0	    0.0	    0.0	    0.0	   13.8	   72.9	  1	 -650.0	 1950.0	    0.0	    0.0	   13.8	1	  308.1	 21	    0.0	    0.0	
 1919	 194.94	    0.0	 1500.0	    0.0	 -519.4	  732.4	    0.0	  200.0	 -526.5	  693.6	    0.0	  200.0	  100.0	    0.0	    0.0	    0.0	    0.0	   13.8	   72.9	  1	 -650.0	 1950.0	    0.0	    0.0	   13.8	1	  308.1	 21	    0.0	    0.0	
 1920	 195.03	    0.0	 1500.0	    0.0	 -519.4	  732.4	    0.0	  200.0	 -526.5	  693.6	    0.0	  200.0	  100.0	    0.0	    0.0	    0.0	    0.0	   13.7	   73.0	  1	 -650.0	 1950.0	    0.0	    0.0	   13.7	1	  308.1	 21	    0.0	    0.0	
 1921	 195.13	    0.0	 1500.0	    0.0	 -519.4	  732.4	    0.0	  200.0	 -526.5	  693.6	    0.0	  200.0	  100.0	    0.0	    0.0	    0.0	    0.0	   13.7	   73.0	  1	 -650.0	 1950.0	    0.0	    0.0	   13.7	1	  308.1	 21	    0.0	    0.0	
 1922	 195.24	    0.0	 1500.0	    0.0	 -519.4	  732.4	    0.0	  200.0	 -526.5	  693.6	    0.0	  200.0	  100.0	    0.0	    0.0	    0.0	    0.0	   13.7	   73.0	  1	 -650.0	 1950.0	    0.0	    0.0	   13.7	1	  308.1	 21	    0.0	    0.0	
 1923	 195.34	    0.0	 1500.0	    0.0	 -519.4	  732.4	    0.0	  200.0	 -526.5	  693.6	    0.0	  200.0	  100.0	    0.0	    0.0	    0.0	    0.0	   13.7	   73.1	  1	 -650.0	 1950.0	    0.0	    0.0	   13.7	1	  308.1	 21	    0.0	    0.0	
 1924	 195.44	    0.0	 1500.0	    0.0	 -519.8	  730.6	    0.0	  200.0	 -526.5	  693.6	    0.0	  200.0	  100.0	    0.0	    0.0	    0.0	    0.0	   13.7	   73.1	  1	 -650.0	 1950.0	    0.0	    0.0	   13.7	1	  308.1	 21	    0.0	    0.0	
 1925	 195.53	    0.0	 1500.0	    0.0	 -519.8	  730.6	    0.0	  200.0	 -526.5	  693.6	    0.0	  200.0	  100.0	    0.0	    0.0	    0.0	    0.0	   13.7	   73.2	  1	 -650.0	 1950.0	    0.0	    0.0	   13.7	1	  308.1	 21	    0.0	    0.0	
 1926	 195.63	    0.0	 1500.0	    0.0	 -519.8	  730.6	    0.0	  200.0	 -526.5	  693.6	    0.0	  200.0	  100.0	    0.0	    0.0	    0.0	    0.0	   13.7	   73.2	  1	 -650.0	 1950.0	    0.0	    0.0	   13.7	1	  308.1	 21	    0.0	    0.0	
 1927	 195.74	    0.0	 1500.0	    0.0	 -519.8	  730.6	    0.0	  200.0	 -526.5	  693.6	    0.0	  200.0	  100.0	    0.0	    0.0	    0.0	    0.0	   13.6	   73.2	  1	 -650.0	 1950.0	    0.0	    0.0	   13.6	1	  308.1	 21	    0.0	    0.0	
 1928	 195.84	    0.0	 1500.0	    0.0	 -519.8	  730.6	    0.0	  200.0	 -526.5	  693.6	    0.0	  200.0	  100.0	    0.0	    0.0	    0.0	    0.0	   13.6	   73.3	  1	 -650.0	 1950.0	    0.0	    0.0	   13.6	1	  308.1	 21	    0.0	    0.0	
 1929	 195.94	    0.0	 1500.0	    0.0	 -519.8	  730.6	    0.0	  200.0	 -526.5	  693.6	    0.0	  200.0	  100.0	    0.0	    0.0	    0.0	    0.0	   13.6	   73.3	  1	 -650.0	 1950.0	    0.0	    0.0	   13.6	1	  308.0	 21	    0.0	    0.0	
 1930	 196.03	    0.0	 1500.0	    0.0	 -519.8	  730.6	    0.0	  200.0	 -526.5	  693.6	    0.0	  200.0	  100.0	    0.0	    0.0	    0.0	    0.0	   13.6	   73.3	  1	 -650.0	 1950.0	    0.0	    0.0	   13.6	1	  308.0	 21	    0.0	    0.0	
 1931	 196.13	    0.0	 1500.0	    0.0	 -519.8	  730.6	    0.0	  200.0	 -526.5	  693.6	    0.0	  200.0	  100.0	    0.0	    0.0	    0.0	    0.0	   13.6	   73.4	  1	 -650.0	 1950.0	    0.0	    0.0	   13.6	1	  308.0	 21	    0.0	    0.0	
 1932	 196.24	    0.0	 1500.0	    0.0	 -519.8	  730.6	    0.0	  200.0	 -526.5	  693.6	    0.0	  200.0	  100.0	    0.0	    0.0	    0.0	    0.0	   13.6	   73.4	  1	 -650.0	 1950.0	    0.0	    0.0	   13.6	1	  308.0	 21	    0.0	    0.0	
 1933	 196.34	    0.0	 1500.0	    0.0	 -516.9	  744.1	    0.0	  200.0	 -526.5	  693.6	    0.0	  200.0	  100.0	    0.0	    0.0	    0.0	    0.0	   13.5	   73.5	  1	 -650.0	 1950.0	    0.0	    0.0	   13.5	1	  307.8	 21	    0.0	    0.0	
 1934	 196.44	    0.0	 1500.0	    0.0	 -516.9	  744.1	    0.0	  200.0	 -526.5	  693.6	    0.0	  200.0	  100.0	    0.0	    0.0	    0.0	    0.0	   13.5	   73.5	  1	 -650.0	 1950.0	    0.0	    0.0	   13.5	1	  307.8	 21	    0.0	    0.0	
 1935	 196.53	    0.0	 1500.0	    0.0	 -516.7	  744.8	    0.0	  200.0	 -526.5	  693.6	    0.0	  200.0	  100.0	    0.0	    0.0	    0.0	    0.0	   13.5	   73.5	  1	 -650.0	 1950.0	    0.0	    0.0	   13.5	1	  307.8	 21	    0.0	    0.0	
 1936	 196.63	    0.0	 1500.0	    0.0	 -516.7	  744.8	    0.0	  200.0	 -526.5	  693.6	    0.0	  200.0	  100.0	    0.0	    0.0	    0.0	    0.0	   13.5	   73.6	  1	 -650.0	 1950.0	    0.0	    0.0	   13.5	1	  307.8	 21	    0.0	    0.0	
 1937	 196.74	    0.0	 1500.0	    0.0	 -516.5	  745.7	    0.0	  200.0	 -526.5	  693.6	    0.0	  200.0	  100.0	    0.0	    0.0	    0.0	    0.0	   13.5	   73.6	  1	 -650.0	 1950.0	    0.0	    0.0	   13.5	1	  307.7	 21	    0.0	    0.0	
 1938	 196.84	    0.0	 1500.0	    0.0	 -516.5	  745.7	    0.0	  200.0	 -526.5	  693.6	    0.0	  200.0	  100.0	    0.0	    0.0	    0.0	    0.0	   13.4	   73.6	  1	 -650.0	 1950.0	    0.0	    0.0	   13.4	1	  307.7	 21	    0.0	    0.0	
 1939	 196.94	    0.0	 1500.0	    0.0	 -516.3	  746.7	    0.0	  200.0	 -526.5	  693.6	    0.0	  200.0	  100.0	    0.0	    0.0	    0.0	    0.0	   13.4	   73.7	  1	 -650.0	 1950.0	    0.0	    0.0	   13.4	1	  307.7	 21	    0.0	    0.0	
 1940	 197.03	    0.0	 1500.0	    0.0	 -516.3	  746.7	    0.0	  200.0	 -526.5	  693.6	    0.0	  200.0	  100.0	    0.0	    0.0	    0.0	    0.0	   13.4	   73.7	  1	 -650.0	 1950.0	    0.0	    0.0	   13.4	1	  307.7	 21	    0.0	    0.0	
 1941	 197.13	    0.0	 1500.0	    0.0	 -516.3	  746.7	    0.0	  200.0	 -526.5	  693.6	    0.0	  200.0	  100.0	    0.0	    0.0	    0.0	    0.0	   13.4	   73.8	  1	 -650.0	 1950.0	    0.0	    0.0	   13.4	1	  307.7	 21	    0.0	    0.0	
 1942	 197.24	    0.0	 1500.0	    0.0	 -516.3	  746.7	    0.0	  200.0	 -526.5	  693.6	    0.0	  200.0	  100.0	    0.0	    0.0	    0.0	    0.0	   13.4	   73.8	  1	 -650.0	 1950.0	    0.0	    0.0	   13.4	1	  307.6	 21	    0.0	    0.0	
 1943	 197.34	    0.0	 1500.0	    0.0	 -516.3	  746.7	    0.0	  200.0	 -526.5	  693.6	    0.0	  200.0	  100.0	    0.0	    0.0	    0.0	    0.0	   13.3	   73.8	  1	 -650.0	 1950.0	    0.0	    0.0	   13.3	1	  307.6	 21	    0.0	    0.0	
 1944	 197.44	    0.0	 1500.0	    0.0	 -516.3	  746.7	    0.0	  200.0	 -526.5	  693.6	    0.0	  200.0	  100.0	    0.0	    0.0	    0.0	    0.0	   13.3	   73.9	  1	 -650.0	 1950.0	    0.0	    0.0	   13.3	1	  307.6	 21	    0.0	    0.0	
 1945	 197.53	    0.0	 1500.0	    0.0	 -516.3	  746.7	    0.0	  200.0	 -526.5	  693.6	    0.0	  200.0	  100.0	    0.0	    0.0	    0.0	    0.0	   13.3	   73.9	  1	 -650.0	 1950.0	    0.0	    0.0	   13.3	1	  307.6	 21	    0.0	    0.0	
 1946	 197.63	    0.0	 1500.0	    0.0	 -516.3	  746.7	    0.0	  200.0	 -526.5	  693.6	    0.0	  200.0	  100.0	    0.0	    0.0	    0.0	    0.0	   13.3	   73.9	  1	 -650.0	 1950.0	    0.0	    0.0	   13.3	1	  307.6	 21	    0.0	    0.0	
 1947	 197.74	    0.0	 1500.0	    0.0	 -516.3	  746.7	    0.0	  200.0	 -526.5	  693.6	    0.0	  200.0	  100.0	    0.0	    0.0	    0.0	    0.0	   13.3	   74.0	  1	 -650.0	 1950.0	    0.0	    0.0	   13.3	1	  307.5	 21	    0.0	    0.0	
 1948	 197.84	    0.0	 1500.0	    0.0	 -516.3	  746.7	    0.0	  200.0	 -526.5	  693.6	    0.0	  200.0	  100.0	    0.0	    0.0	    0.0	    0.0	   13.2	   74.0	  1	 -650.0	 1950.0	    0.0	    0.0	   13.2	1	  307.5	 21	    0.0	    0.0	
 1949	 197.94	    0.0	 1500.0	    0.0	 -516.3	  746.7	    0.0	  200.0	 -526.5	  693.6	    0.0	  200.0	  100.0	    0.0	    0.0	    0.0	    0.0	   13.2	   74.1	  1	 -650.0	 1950.0	    0.0	    0.0	   13.2	1	  307.5	 21	    0.0	    0.0	
 1950	 198.03	    0.0	 1500.0	    0.0	 -605.3	  784.3	    0.0	  200.0	 -526.5	  693.6	    0.0	  200.0	  100.0	    0.0	    0.0	    0.0	    0.0	   13.2	   74.1	  1	 -650.0	 1950.0	    0.0	    0.0	   13.2	1	  301.8	 21	    0.0	    0.0	
 1951	 198.13	    0.0	 1500.0	    0.0	 -605.3	  784.3	    0.0	  200.0	 -526.5	  693.6	    0.0	  200.0	  100.0	    0.0	    0.0	    0.0	    0.0	   13.2	   74.1	  1	 -650.0	 1950.0	    0.0	    0.0	   13.2	1	  301.8	 21	    0.0	    0.0	
 1952	 198.24	    0.0	 1500.0	    0.0	 -605.3	  784.3	    0.0	  200.0	 -526.5	  693.6	    0.0	  200.0	  100.0	    0.0	    0.0	    0.0	    0.0	   13.2	   74.2	  1	 -650.0	 1950.0	    0.0	    0.0	   13.2	1	  301.8	 21	    0.0	    0.0	
 1953	 198.34	    0.0	 1500.0	    0.0	 -605.3	  784.3	    0.0	  200.0	 -526.5	  693.6	    0.0	  200.0	  100.0	    0.0	    0.0	    0.0	    0.0	   13.2	   74.2	  1	 -650.0	 1950.0	    0.0	    0.0	   13.2	1	  301.8	 21	    0.0	    0.0	
 1954	 198.44	    0.0	 1500.0	    0.0	 -605.3	  784.3	    0.0	  200.0	 -526.5	  693.6	    0.0	  200.0	  100.0	    0.0	    0.0	    0.0	    0.0	   13.2	   74.3	  1	 -650.0	 1950.0	    0.0	    0.0	   13.2	1	  301.8	 21	    0.0	    0.0	
 1955	 198.53	    0.0	 1500.0	    0.0	 -605.3	  784.3	    0.0	  200.0	 -526.5	  693.6	    0.0	  200.0	  100.0	    0.0	    0.0	    0.0	    0.0	   13.2	   74.3	  1	 -650.0	 1950.0	    0.0	    0.0	   13.2	1	  301.8	 21	    0.0	    0.0	
 1956	 198.63	    0.0	 1500.0	    0.0	 -605.3	  784.3	    0.0	  200.0	 -526.5	  693.6	    0.0	  200.0	  100.0	    0.0	    0.0	    0.0	    0.0	   13.1	   74.3	  1	 -650.0	 1950.0	    0.0	    0.0	   13.1	1	  301.7	 21	    0.0	    0.0	
 1957	 198.74	    0.0	 1500.0	    0.0	 -610.2	  857.3	    0.0	  200.0	 -526.5	  693.6	    0.0	  200.0	  100.0	    0.0	    0.0	    0.0	    0.0	   13.1	   74.4	  1	 -650.0	 1950.0	    0.0	    0.0	   13.1	1	  299.4	 21	    0.0	    0.0	
 1958	 198.84	    0.0	 1500.0	    0.0	 -610.2	  857.3	    0.0	  200.0	 -526.5	  693.6	    0.0	  200.0	  100.0	    0.0	    0.0	    0.0	    0.0	   13.1	   74.4	  1	 -650.0	 1950.0	    0.0	    0.0	   13.1	1	  299.4	 21	    0.0	    0.0	
 1959	 198.94	    0.0	 1500.0	    0.0	 -610.2	  857.3	    0.0	  200.0	 -526.5	  693.6	    0.0	  200.0	  100.0	    0.0	    0.0	    0.0	    0.0	   13.1	   74.4	  1	 -650.0	 1950.0	    0.0	    0.0	   13.1	1	  299.4	 21	    0.0	    0.0	
 1960	 199.03	    0.0	 1500.0	    0.0	 -610.2	  857.3	    0.0	  200.0	 -526.5	  693.6	    0.0	  200.0	  100.0	    0.0	    0.0	    0.0	    0.0	   13.0	   74.5	  1	 -650.0	 1950.0	    0.0	    0.0	   13.0	1	  299.4	 21	    0.0	    0.0	
 1961	 199.13	    0.0	 1500.0	    0.0	 -610.2	  857.3	    0.0	  200.0	 -526.5	  693.6	    0.0	  200.0	  100.0	    0.0	    0.0	    0.0	    0.0	   13.0	   74.5	  1	 -650.0	 1950.0	    0.0	    0.0	   13.0	1	  299.4	 21	    0.0	    0.0	
 1962	 199.24	    0.0	 1500.0	    0.0	 -639.7	  881.2	    0.0	  200.0	 -526.5	  693.6	    0.0	  200.0	  100.0	    0.0	    0.0	    0.0	    0.0	   13.0	   74.6	  1	 -650.0	 2050.0	    0.0	    0.0	   13.0	1	  301.1	 21	    0.0	    0.0	
 1963	 199.34	    0.0	 1500.0	    0.0	 -639.7	  881.2	    0.0	  200.0	 -526.5	  693.6	    0.0	  200.0	  100.0	    0.0	    0.0	    0.0	    0.0	   12.9	   74.6	  1	 -650.0	 2050.0	    0.0	    0.0	   12.9	1	  301.1	 21	    0.0	    0.0	
 1964	 199.44	    0.0	 1500.0	    0.0	 -639.7	  881.2	    0.0	  200.0	 -526.5	  693.6	    0.0	  200.0	  100.0	    0.0	    0.0	    0.0	    0.0	   12.9	   74.6	  1	 -650.0	 2050.0	    0.0	    0.0	   12.9	1	  301.1	 21	    0.0	    0.0	
 1965	 199.53	    0.0	 1500.0	    0.0	 -639.7	  881.2	    0.0	  200.0	 -526.5	  693.6	    0.0	  200.0	  100.0	    0.0	    0.0	    0.0	    0.0	   12.9	   74.7	  1	 -650.0	 2050.0	    0.0	    0.0	   12.9	1	  301.1	 21	    0.0	    0.0	
 1966	 199.63	    0.0	 1500.0	    0.0	 -584.1	  748.0	    0.0	  200.0	 -526.5	  693.6	    0.0	  200.0	  100.0	    0.0	    0.0	    0.0	    0.0	   12.9	   74.7	  1	 -650.0	 1950.0	    0.0	    0.0	   12.9	1	  303.7	 21	    0.0	    0.0	
 1967	 199.74	    0.0	 1500.0	    0.0	 -639.7	  881.2	    0.0	  200.0	 -526.5	  693.6	    0.0	  200.0	  100.0	    0.0	    0.0	    0.0	    0.0	   12.8	   74.7	  1	 -650.0	 2050.0	    0.0	    0.0	   12.8	1	  301.1	 21	    0.0	    0.0	
 1968	 199.84	    0.0	 1500.0	    0.0	 -639.7	  881.2	    0.0	  200.0	 -526.5	  693.6	    0.0	  200.0	  100.0	    0.0	    0.0	    0.0	    0.0	   12.8	   74.8	  1	 -650.0	 2050.0	    0.0	    0.0	   12.8	1	  301.1	 21	    0.0	    0.0	
 1969	 199.94	    0.0	 1500.0	    0.0	 -639.7	  881.2	    0.0	  200.0	 -526.5	  693.6	    0.0	  200.0	  100.0	    0.0	    0.0	    0.0	    0.0	   12.8	   74.8	  1	 -650.0	 2050.0	    0.0	    0.0	   12.8	1	  301.1	 21	    0.0	    0.0	
 1970	 200.03	    0.0	 1500.0	    0.0	 -647.7	  896.7	    0.0	  200.0	 -526.5	  693.6	    0.0	  200.0	  100.0	    0.0	    0.0	    0.0	    0.0	   12.7	   74.9	  1	 -650.0	 2050.0	    0.0	    0.0	   12.7	1	  300.2	 21	    0.0	    0.0	
 1971	 200.13	    0.0	 1500.0	    0.0	 -647.7	  896.7	    0.0	  200.0	 -526.5	  693.6	    0.0	  200.0	  100.0	    0.0	    0.0	    0.0	    0.0	   12.7	   74.9	  1	 -650.0	 2050.0	    0.0	    0.0	   12.7	1	  300.2	 21	    0.0	    0.0	
 1972	 200.24	    0.0	 1500.0	    0.0	 -647.7	  896.7	    0.0	  200.0	 -526.5	  693.6	    0.0	  200.0	  100.0	    0.0	    0.0	    0.0	    0.0	   12.7	   74.9	  1	 -650.0	 2050.0	    0.0	    0.0	   12.7	1	  300.2	 21	    0.0	    0.0	
 1973	 200.34	    0.0	 1500.0	    0.0	 -647.7	  896.7	    0.0	  200.0	 -526.5	  693.6	    0.0	  200.0	  100.0	    0.0	    0.0	    0.0	    0.0	   12.6	   75.0	  1	 -650.0	 2050.0	    0.0	    0.0	   12.6	1	  300.1	 21	    0.0	    0.0	
 1974	 200.44	    0.0	 1500.0	    0.0	 -647.7	  896.7	    0.0	  200.0	 -526.5	  693.6	    0.0	  200.0	  100.0	    0.0	    0.0	    0.0	    0.0	   12.6	   75.0	  1	 -650.0	 2050.0	    0.0	    0.0	   12.6	1	  300.1	 21	    0.0	    0.0	
 1975	 200.54	    0.0	 1500.0	    0.0	 -647.7	  896.7	    0.0	  200.0	 -526.5	  693.6	    0.0	  200.0	  100.0	    0.0	    0.0	    0.0	    0.0	   12.6	   75.1	  1	 -650.0	 2050.0	    0.0	    0.0	   12.6	1	  300.1	 21	    0.0	    0.0	
 1976	 200.63	    0.0	 1500.0	    0.0	 -653.0	  909.3	    0.0	  200.0	 -526.5	  693.6	    0.0	  200.0	  100.0	    0.0	    0.0	    0.0	    0.0	   12.6	   75.1	  1	 -650.0	 2050.0	    0.0	    0.0	   12.6	1	  299.5	 21	    0.0	    0.0	
 1977	 200.74	    0.0	 1500.0	    0.0	 -653.0	  909.3	    0.0	  200.0	 -526.5	  693.6	    0.0	  200.0	  100.0	    0.0	    0.0	    0.0	    0.0	   12.5	   75.1	  1	 -650.0	 2050.0	    0.0	    0.0	   12.5	1	  299.5	 21	    0.0	    0.0	
 1978	 200.84	    0.0	 1500.0	    0.0	 -653.0	  909.3	    0.0	  200.0	 -526.5	  693.6	    0.0	  200.0	  100.0	    0.0	    0.0	    0.0	    0.0	   12.5	   75.2	  1	 -650.0	 2050.0	    0.0	    0.0	   12.5	1	  299.4	 21	    0.0	    0.0	
 1979	 200.94	    0.0	 1500.0	    0.0	 -653.0	  909.3	    0.0	  200.0	 -526.5	  693.6	    0.0	  200.0	  100.0	    0.0	    0.0	    0.0	    0.0	   12.4	   75.2	  1	 -650.0	 2050.0	    0.0	    0.0	   12.4	1	  299.4	 21	    0.0	    0.0	
 1980	 201.03	    0.0	 1500.0	    0.0	 -653.0	  909.3	    0.0	  200.0	 -526.5	  693.6	    0.0	  200.0	  100.0	    0.0	    0.0	    0.0	    0.0	   12.4	   75.2	  1	 -650.0	 2050.0	    0.0	    0.0	   12.4	1	  299.4	 21	    0.0	    0.0	
 1981	 201.14	    0.0	 1500.0	    0.0	 -653.0	  909.3	    0.0	  200.0	 -526.5	  693.6	    0.0	  200.0	  100.0	    0.0	    0.0	    0.0	    0.0	   12.4	   75.3	  1	 -650.0	 2050.0	    0.0	    0.0	   12.4	1	  299.4	 21	    0.0	    0.0	
 1982	 201.24	    0.0	 1500.0	    0.0	 -653.0	  909.3	    0.0	  200.0	 -526.5	  693.6	    0.0	  200.0	  100.0	    0.0	    0.0	    0.0	    0.0	   12.3	   75.3	  1	 -650.0	 2050.0	    0.0	    0.0	   12.3	1	  299.4	 21	    0.0	    0.0	
 1983	 201.34	    0.0	 1500.0	    0.0	 -651.1	  914.9	    0.0	  200.0	 -526.5	  693.6	    0.0	  200.0	  100.0	    0.0	    0.0	    0.0	    0.0	   12.3	   75.4	  1	 -650.0	 2050.0	    0.0	    0.0	   12.3	1	  299.3	 21	    0.0	    0.0	
 1984	 201.44	    0.0	 1500.0	    0.0	 -651.1	  914.9	    0.0	  200.0	 -526.5	  693.6	    0.0	  200.0	  100.0	    0.0	    0.0	    0.0	    0.0	   12.3	   75.4	  1	 -650.0	 2050.0	    0.0	    0.0	   12.3	1	  299.3	 21	    0.0	    0.0	
 1985	 201.53	    0.0	 1500.0	    0.0	 -651.1	  914.9	    0.0	  200.0	 -526.5	  693.6	    0.0	  200.0	  100.0	    0.0	    0.0	    0.0	    0.0	   12.2	   75.4	  1	 -650.0	 2050.0	    0.0	    0.0	   12.2	1	  299.3	 21	    0.0	    0.0	
 1986	 201.63	    0.0	 1500.0	    0.0	 -651.1	  914.9	    0.0	  200.0	 -526.5	  693.6	    0.0	  200.0	  100.0	    0.0	    0.0	    0.0	    0.0	   12.2	   75.5	  1	 -650.0	 2050.0	    0.0	    0.0	   12.2	1	  299.3	 21	    0.0	    0.0	
 1987	 201.74	    0.0	 1500.0	    0.0	 -651.1	  914.9	    0.0	  200.0	 -526.5	  693.6	    0.0	  200.0	  100.0	    0.0	    0.0	    0.0	    0.0	   12.2	   75.5	  1	 -650.0	 2050.0	    0.0	    0.0	   12.2	1	  299.3	 21	    0.0	    0.0	
 1988	 201.84	    0.0	 1500.0	    0.0	 -651.1	  914.9	    0.0	  200.0	 -526.5	  693.6	    0.0	  200.0	  100.0	    0.0	    0.0	    0.0	    0.0	   12.1	   75.5	  1	 -650.0	 2050.0	    0.0	    0.0	   12.1	1	  299.3	 21	    0.0	    0.0	
 1989	 201.94	    0.0	 1500.0	    0.0	 -650.2	  916.4	    0.0	  200.0	 -526.5	  693.6	    0.0	  200.0	  100.0	    0.0	    0.0	    0.0	    0.0	   12.1	   75.6	  1	 -650.0	 2050.0	    0.0	    0.0	   12.1	1	  299.3	 21	    0.0	    0.0	
 1990	 202.03	    0.0	 1500.0	    0.0	 -650.2	  916.4	    0.0	  200.0	 -526.5	  693.6	    0.0	  200.0	  100.0	    0.0	    0.0	    0.0	    0.0	   12.1	   75.6	  1	 -650.0	 2050.0	    0.0	    0.0	   12.1	1	  299.3	 21	    0.0	    0.0	
 1991	 202.13	    0.0	 1500.0	    0.0	 -650.2	  916.4	    0.0	  200.0	 -526.5	  693.6	    0.0	  200.0	  100.0	    0.0	    0.0	    0.0	    0.0	   12.0	   75.7	  1	 -650.0	 2050.0	    0.0	    0.0	   12.0	1	  299.3	 21	    0.0	    0.0	
 1992	 202.24	    0.0	 1500.0	    0.0	 -650.2	  916.4	    0.0	  200.0	 -526.5	  693.6	    0.0	  200.0	  100.0	    0.0	    0.0	    0.0	    0.0	   12.0	   75.7	  1	 -650.0	 2050.0	    0.0	    0.0	   12.0	1	  299.3	 21	    0.0	    0.0	
 1993	 202.34	    0.0	 1500.0	    0.0	 -650.2	  916.4	    0.0	  200.0	 -526.5	  693.6	    0.0	  200.0	  100.0	    0.0	    0.0	    0.0	    0.0	   12.0	   75.7	  1	 -650.0	 2050.0	    0.0	    0.0	   12.0	1	  299.2	 21	    0.0	    0.0	
 1994	 202.44	    0.0	 1500.0	    0.0	 -650.2	  916.4	    0.0	  200.0	 -526.5	  693.6	    0.0	  200.0	  100.0	    0.0	    0.0	    0.0	    0.0	   11.9	   75.8	  1	 -650.0	 2050.0	    0.0	    0.0	   11.9	1	  299.2	 21	    0.0	    0.0	
 1995	 202.53	    0.0	 1500.0	    0.0	 -650.2	  916.4	    0.0	  200.0	 -526.5	  693.6	    0.0	  200.0	  100.0	    0.0	    0.0	    0.0	    0.0	   11.9	   75.8	  1	 -650.0	 2050.0	    0.0	    0.0	   11.9	1	  299.2	 21	    0.0	    0.0	
 1996	 202.64	    0.0	 1500.0	    0.0	 -650.2	  916.4	    0.0	  200.0	 -526.5	  693.6	    0.0	  200.0	  100.0	    0.0	    0.0	    0.0	    0.0	   11.8	   75.8	  1	 -650.0	 2050.0	    0.0	    0.0	   11.8	1	  299.2	 21	    0.0	    0.0	
 1997	 202.74	    0.0	 1500.0	    0.0	 -650.2	  916.4	    0.0	  200.0	 -526.5	  693.6	    0.0	  200.0	  100.0	    0.0	    0.0	    0.0	    0.0	   11.8	   75.9	  1	 -650.0	 2050.0	    0.0	    0.0	   11.8	1	  299.2	 21	    0.0	    0.0	
 1998	 202.84	    0.0	 1500.0	    0.0	 -651.0	  925.5	    0.0	  200.0	 -526.5	  693.6	    0.0	  200.0	  100.0	    0.0	    0.0	    0.0	    0.0	   11.8	   75.9	  1	 -650.0	 2050.0	    0.0	    0.0	   11.8	1	  298.9	 21	    0.0	    0.0	
 1999	 202.94	    0.0	 1500.0	    0.0	 -651.0	  925.5	    0.0	  200.0	 -526.5	  693.6	    0.0	  200.0	  100.0	    0.0	    0.0	    0.0	    0.0	   11.7	   76.0	  1	 -650.0	 2050.0	    0.0	    0.0	   11.7	1	  298.9	 21	    0.0	    0.0	
 2000	 203.03	    0.0	 1500.0	    0.0	 -651.0	  925.5	    0.0	  200.0	 -526.5	  693.6	    0.0	  200.0	  100.0	    0.0	    0.0	    0.0	    0.0	   11.7	   76.0	  1	 -650.0	 2050.0	    0.0	    0.0	   11.7	1	  298.9	 21	    0.0	    0.0	
 2001	 203.13	    0.0	 1500.0	    0.0	 -651.0	  925.5	    0.0	  200.0	 -526.5	  693.6	    0.0	  200.0	  100.0	    0.0	    0.0	    0.0	    0.0	   11.7	   76.0	  1	 -650.0	 2050.0	    0.0	    0.0	   11.7	1	  298.9	 21	    0.0	    0.0	
 2002	 203.24	    0.0	 1500.0	    0.0	 -651.0	  925.5	    0.0	  200.0	 -526.5	  693.6	    0.0	  200.0	  100.0	    0.0	    0.0	    0.0	    0.0	   11.6	   76.1	  1	 -650.0	 2050.0	    0.0	    0.0	   11.6	1	  298.9	 21	    0.0	    0.0	
 2003	 203.34	    0.0	 1500.0	    0.0	 -651.0	  925.5	    0.0	  200.0	 -526.5	  693.6	    0.0	  200.0	  100.0	    0.0	    0.0	    0.0	    0.0	   11.6	   76.1	  1	 -650.0	 2050.0	    0.0	    0.0	   11.6	1	  298.9	 21	    0.0	    0.0	
 2004	 203.44	    0.0	 1500.0	    0.0	 -651.0	  925.5	    0.0	  200.0	 -526.5	  693.6	    0.0	  200.0	  100.0	    0.0	    0.0	    0.0	    0.0	   11.5	   76.2	  1	 -650.0	 2050.0	    0.0	    0.0	   11.5	1	  298.9	 21	    0.0	    0.0	
 2005	 203.53	    0.0	 1500.0	    0.0	 -651.0	  925.5	    0.0	  200.0	 -526.5	  693.6	    0.0	  200.0	  100.0	    0.0	    0.0	    0.0	    0.0	   11.5	   76.2	  1	 -650.0	 2050.0	    0.0	    0.0	   11.5	1	  298.9	 21	    0.0	    0.0	
 2006	 203.63	    0.0	 1500.0	    0.0	 -651.0	  925.5	    0.0	  200.0	 -526.5	  693.6	    0.0	  200.0	  100.0	    0.0	    0.0	    0.0	    0.0	   11.5	   76.2	  1	 -650.0	 2050.0	    0.0	    0.0	   11.5	1	  298.8	 21	    0.0	    0.0	
 2007	 203.74	    0.0	 1500.0	    0.0	 -651.0	  925.5	    0.0	  200.0	 -526.5	  693.6	    0.0	  200.0	  100.0	    0.0	    0.0	    0.0	    0.0	   11.4	   76.3	  1	 -650.0	 2050.0	    0.0	    0.0	   11.4	1	  298.8	 21	    0.0	    0.0	
 2008	 203.84	    0.0	 1500.0	    0.0	 -651.0	  925.5	    0.0	  200.0	 -526.5	  693.6	    0.0	  200.0	  100.0	    0.0	    0.0	    0.0	    0.0	   11.4	   76.3	  1	 -650.0	 2050.0	    0.0	    0.0	   11.4	1	  298.8	 21	    0.0	    0.0	
 2009	 203.94	    0.0	 1500.0	    0.0	 -651.0	  925.5	    0.0	  200.0	 -526.5	  693.6	    0.0	  200.0	  100.0	    0.0	    0.0	    0.0	    0.0	   11.3	   76.3	  1	 -650.0	 2050.0	    0.0	    0.0	   11.3	1	  298.8	 21	    0.0	    0.0	
 2010	 204.03	    0.0	 1500.0	    0.0	 -651.0	  925.5	    0.0	  200.0	 -526.5	  693.6	    0.0	  200.0	  100.0	    0.0	    0.0	    0.0	    0.0	   11.3	   76.4	  1	 -650.0	 2050.0	    0.0	    0.0	   11.3	1	  298.8	 21	    0.0	    0.0	
 2011	 204.13	    0.0	 1500.0	    0.0	 -651.0	  925.5	    0.0	  200.0	 -526.5	  693.6	    0.0	  200.0	  100.0	    0.0	    0.0	    0.0	    0.0	   11.3	   76.4	  1	 -650.0	 2050.0	    0.0	    0.0	   11.3	1	  298.8	 21	    0.0	    0.0	
 2012	 204.24	    0.0	 1500.0	    0.0	 -651.0	  925.5	    0.0	  200.0	 -526.5	  693.6	    0.0	  200.0	  100.0	    0.0	    0.0	    0.0	    0.0	   11.2	   76.5	  1	 -650.0	 2050.0	    0.0	    0.0	   11.2	1	  298.8	 21	    0.0	    0.0	
 2013	 204.34	    0.0	 1500.0	    0.0	 -651.0	  925.5	    0.0	  200.0	 -526.5	  693.6	    0.0	  200.0	  100.0	    0.0	    0.0	    0.0	    0.0	   11.2	   76.5	  1	 -650.0	 2050.0	    0.0	    0.0	   11.2	1	  298.8	 21	    0.0	    0.0	
 2014	 204.44	    0.0	 1500.0	    0.0	 -651.0	  925.5	    0.0	  200.0	 -526.5	  693.6	    0.0	  200.0	  100.0	    0.0	    0.0	    0.0	    0.0	   11.2	   76.5	  1	 -650.0	 2050.0	    0.0	    0.0	   11.2	1	  298.8	 21	    0.0	    0.0	
 2015	 204.53	    0.0	 1500.0	    0.0	 -651.0	  925.5	    0.0	  200.0	 -526.5	  693.6	    0.0	  200.0	  100.0	    0.0	    0.0	    0.0	    0.0	   11.1	   76.6	  1	 -650.0	 2050.0	    0.0	    0.0	   11.1	1	  298.8	 21	    0.0	    0.0	
 2016	 204.63	    0.0	 1500.0	    0.0	 -651.0	  925.5	    0.0	  200.0	 -526.5	  693.6	    0.0	  200.0	  100.0	    0.0	    0.0	    0.0	    0.0	   11.1	   76.6	  1	 -650.0	 2050.0	    0.0	    0.0	   11.1	1	  298.8	 21	    0.0	    0.0	
 2017	 204.74	    0.0	 1500.0	    0.0	 -651.0	  925.5	    0.0	  200.0	 -526.5	  693.6	    0.0	  200.0	  100.0	    0.0	    0.0	    0.0	    0.0	   11.0	   76.6	  1	 -650.0	 2050.0	    0.0	    0.0	   11.0	1	  298.8	 21	    0.0	    0.0	
 2018	 204.84	    0.0	 1500.0	    0.0	 -651.0	  925.5	    0.0	  200.0	 -526.5	  693.6	    0.0	  200.0	  100.0	    0.0	    0.0	    0.0	    0.0	   11.0	   76.7	  1	 -650.0	 2050.0	    0.0	    0.0	   11.0	1	  298.8	 21	    0.0	    0.0	
 2019	 204.94	    0.0	 1500.0	    0.0	 -650.8	  919.7	    0.0	  200.0	 -526.5	  693.6	    0.0	  200.0	  100.0	    0.0	    0.0	    0.0	    0.0	   11.0	   76.7	  1	 -650.0	 2050.0	    0.0	    0.0	   11.0	1	  298.9	 21	    0.0	    0.0	
 2020	 205.03	    0.0	 1500.0	    0.0	 -651.4	  918.7	    0.0	  200.0	 -526.5	  693.6	    0.0	  200.0	  100.0	    0.0	    0.0	    0.0	    0.0	   10.9	   76.8	  1	 -650.0	 2050.0	    0.0	    0.0	   10.9	1	  298.9	 21	    0.0	    0.0	
 2021	 205.13	    0.0	 1500.0	    0.0	 -651.4	  918.7	    0.0	  200.0	 -526.5	  693.6	    0.0	  200.0	  100.0	    0.0	    0.0	    0.0	    0.0	   10.9	   76.8	  1	 -650.0	 2050.0	    0.0	    0.0	   10.9	1	  298.9	 21	    0.0	    0.0	
 2022	 205.24	    0.0	 1500.0	    0.0	 -651.4	  918.7	    0.0	  200.0	 -526.5	  693.6	    0.0	  200.0	  100.0	    0.0	    0.0	    0.0	    0.0	   10.8	   76.8	  1	 -650.0	 2050.0	    0.0	    0.0	   10.8	1	  298.9	 21	    0.0	    0.0	
 2023	 205.34	    0.0	 1500.0	    0.0	 -651.4	  918.7	    0.0	  200.0	 -526.5	  693.6	    0.0	  200.0	  100.0	    0.0	    0.0	    0.0	    0.0	   10.8	   76.9	  1	 -650.0	 2050.0	    0.0	    0.0	   10.8	1	  298.9	 21	    0.0	    0.0	
 2024	 205.44	    0.0	 1500.0	    0.0	 -651.4	  918.7	    0.0	  200.0	 -526.5	  693.6	    0.0	  200.0	  100.0	    0.0	    0.0	    0.0	    0.0	   10.8	   76.9	  1	 -650.0	 2050.0	    0.0	    0.0	   10.8	1	  298.9	 21	    0.0	    0.0	
 2025	 205.53	    0.0	 1500.0	    0.0	 -651.4	  918.7	    0.0	  200.0	 -526.5	  693.6	    0.0	  200.0	  100.0	    0.0	    0.0	    0.0	    0.0	   10.7	   76.9	  1	 -650.0	 2050.0	    0.0	    0.0	   10.7	1	  298.9	 21	    0.0	    0.0	
 2026	 205.63	    0.0	 1500.0	    0.0	 -651.4	  918.7	    0.0	  200.0	 -526.5	  693.6	    0.0	  200.0	  100.0	    0.0	    0.0	    0.0	    0.0	   10.7	   77.0	  1	 -650.0	 2050.0	    0.0	    0.0	   10.7	1	  298.9	 21	    0.0	    0.0	
 2027	 205.74	    0.0	 1500.0	    0.0	 -651.4	  918.7	    0.0	  200.0	 -526.5	  693.6	    0.0	  200.0	  100.0	    0.0	    0.0	    0.0	    0.0	   10.7	   77.0	  1	 -650.0	 2050.0	    0.0	    0.0	   10.7	1	  298.9	 21	    0.0	    0.0	
 2028	 205.84	    0.0	 1500.0	    0.0	 -651.4	  918.7	    0.0	  200.0	 -526.5	  693.6	    0.0	  200.0	  100.0	    0.0	    0.0	    0.0	    0.0	   10.6	   77.1	  1	 -650.0	 2050.0	    0.0	    0.0	   10.6	1	  298.9	 21	    0.0	    0.0	
 2029	 205.94	    0.0	 1500.0	    0.0	 -651.4	  918.7	    0.0	  200.0	 -526.5	  693.6	    0.0	  200.0	  100.0	    0.0	    0.0	    0.0	    0.0	   10.6	   77.1	  1	 -650.0	 2050.0	    0.0	    0.0	   10.6	1	  298.9	 21	    0.0	    0.0	
 2030	 206.03	    0.0	 1500.0	    0.0	 -651.4	  918.7	    0.0	  200.0	 -526.5	  693.6	    0.0	  200.0	  100.0	    0.0	    0.0	    0.0	    0.0	   10.6	   77.1	  1	 -650.0	 2050.0	    0.0	    0.0	   10.6	1	  298.8	 21	    0.0	    0.0	
 2031	 206.13	    0.0	 1500.0	    0.0	 -651.4	  918.7	    0.0	  200.0	 -526.5	  693.6	    0.0	  200.0	  100.0	    0.0	    0.0	    0.0	    0.0	   10.5	   77.2	  1	 -650.0	 2050.0	    0.0	    0.0	   10.5	1	  298.8	 21	    0.0	    0.0	
 2032	 206.24	    0.0	 1500.0	    0.0	 -651.4	  918.7	    0.0	  200.0	 -526.5	  693.6	    0.0	  200.0	  100.0	    0.0	    0.0	    0.0	    0.0	   10.5	   77.2	  1	 -650.0	 2050.0	    0.0	    0.0	   10.5	1	  298.8	 21	    0.0	    0.0	
 2033	 206.34	    0.0	 1500.0	    0.0	 -651.4	  918.7	    0.0	  200.0	 -526.5	  693.6	    0.0	  200.0	  100.0	    0.0	    0.0	    0.0	    0.0	   10.4	   77.3	  1	 -650.0	 2050.0	    0.0	    0.0	   10.4	1	  298.8	 21	    0.0	    0.0	
 2034	 206.44	    0.0	 1500.0	    0.0	 -650.8	  919.7	    0.0	  200.0	 -526.5	  693.6	    0.0	  200.0	  100.0	    0.0	    0.0	    0.0	    0.0	   10.4	   77.3	  1	 -650.0	 2050.0	    0.0	    0.0	   10.4	1	  298.8	 21	    0.0	    0.0	
 2035	 206.53	    0.0	 1500.0	    0.0	 -650.8	  919.7	    0.0	  200.0	 -526.5	  693.6	    0.0	  200.0	  100.0	    0.0	    0.0	    0.0	    0.0	   10.4	   77.3	  1	 -650.0	 2050.0	    0.0	    0.0	   10.4	1	  298.8	 21	    0.0	    0.0	
 2036	 206.63	    0.0	 1500.0	    0.0	 -650.8	  919.7	    0.0	  200.0	 -526.5	  693.6	    0.0	  200.0	  100.0	    0.0	    0.0	    0.0	    0.0	   10.3	   77.4	  1	 -650.0	 2050.0	    0.0	    0.0	   10.3	1	  298.8	 21	    0.0	    0.0	
 2037	 206.74	    0.0	 1500.0	    0.0	 -650.6	  919.9	    0.0	  200.0	 -526.5	  693.6	    0.0	  200.0	  100.0	    0.0	    0.0	    0.0	    0.0	   10.3	   77.4	  1	 -650.0	 2050.0	    0.0	    0.0	   10.3	1	  298.8	 21	    0.0	    0.0	
 2038	 206.84	    0.0	 1500.0	    0.0	 -650.6	  919.9	    0.0	  200.0	 -526.5	  693.6	    0.0	  200.0	  100.0	    0.0	    0.0	    0.0	    0.0	   10.3	   77.4	  1	 -650.0	 2050.0	    0.0	    0.0	   10.3	1	  298.8	 21	    0.0	    0.0	
 2039	 206.94	    0.0	 1500.0	    0.0	 -650.6	  919.9	    0.0	  200.0	 -526.5	  693.6	    0.0	  200.0	  100.0	    0.0	    0.0	    0.0	    0.0	   10.2	   77.5	  1	 -650.0	 2050.0	    0.0	    0.0	   10.2	1	  298.8	 21	    0.0	    0.0	
 2040	 207.03	    0.0	 1500.0	    0.0	 -650.6	  919.9	    0.0	  200.0	 -526.5	  693.6	    0.0	  200.0	  100.0	    0.0	    0.0	    0.0	    0.0	   10.2	   77.5	  1	 -650.0	 2050.0	    0.0	    0.0	   10.2	1	  298.8	 21	    0.0	    0.0	
 2041	 207.13	    0.0	 1500.0	    0.0	 -650.6	  919.9	    0.0	  200.0	 -526.5	  693.6	    0.0	  200.0	  100.0	    0.0	    0.0	    0.0	    0.0	   10.1	   77.6	  1	 -650.0	 2050.0	    0.0	    0.0	   10.1	1	  298.8	 21	    0.0	    0.0	
 2042	 207.24	    0.0	 1500.0	    0.0	 -650.6	  919.9	    0.0	  200.0	 -526.5	  693.6	    0.0	  200.0	  100.0	    0.0	    0.0	    0.0	    0.0	   10.1	   77.6	  1	 -650.0	 2050.0	    0.0	    0.0	   10.1	1	  298.8	 21	    0.0	    0.0	
 2043	 207.34	    0.0	 1500.0	    0.0	 -650.6	  919.9	    0.0	  200.0	 -526.5	  693.6	    0.0	  200.0	  100.0	    0.0	    0.0	    0.0	    0.0	   10.1	   77.6	  1	 -650.0	 2050.0	    0.0	    0.0	   10.1	1	  298.8	 21	    0.0	    0.0	
 2044	 207.44	    0.0	 1500.0	    0.0	 -651.6	  920.4	    0.0	  200.0	 -526.5	  693.6	    0.0	  200.0	  100.0	    0.0	    0.0	    0.0	    0.0	   10.0	   77.7	  1	 -650.0	 2050.0	    0.0	    0.0	   10.0	1	  298.7	 21	    0.0	    0.0	
 2045	 207.53	    0.0	 1500.0	    0.0	 -651.6	  920.4	    0.0	  200.0	 -526.5	  693.6	    0.0	  200.0	  100.0	    0.0	    0.0	    0.0	    0.0	   10.0	   77.7	  1	 -650.0	 2050.0	    0.0	    0.0	   10.0	1	  298.7	 21	    0.0	    0.0	
 2046	 207.63	    0.0	 1500.0	    0.0	 -651.6	  920.4	    0.0	  200.0	 -526.5	  693.6	    0.0	  200.0	  100.0	    0.0	    0.0	    0.0	    0.0	   10.0	   77.7	  1	 -650.0	 2050.0	    0.0	    0.0	   10.0	1	  298.7	 21	    0.0	    0.0	
 2047	 207.74	    0.0	 1500.0	    0.0	 -651.6	  920.4	    0.0	  200.0	 -526.5	  693.6	    0.0	  200.0	  100.0	    0.0	    0.0	    0.0	    0.0	    9.9	   77.8	  1	 -650.0	 2050.0	    0.0	    0.0	    9.9	1	  298.7	 21	    0.0	    0.0	
 2048	 207.84	    0.0	 1500.0	    0.0	 -651.6	  920.4	    0.0	  200.0	 -526.5	  693.6	    0.0	  200.0	  100.0	    0.0	    0.0	    0.0	    0.0	    9.9	   77.8	  1	 -650.0	 2050.0	    0.0	    0.0	    9.9	1	  298.7	 21	    0.0	    0.0	
 2049	 207.94	    0.0	 1500.0	    0.0	 -651.6	  920.4	    0.0	  200.0	 -526.5	  693.6	    0.0	  200.0	  100.0	    0.0	    0.0	    0.0	    0.0	    9.9	   77.9	  1	 -650.0	 2050.0	    0.0	    0.0	    9.9	1	  298.7	 21	    0.0	    0.0	
 2050	 208.03	    0.0	 1500.0	    0.0	 -651.6	  920.4	    0.0	  200.0	 -526.5	  693.6	    0.0	  200.0	  100.0	    0.0	    0.0	    0.0	    0.0	    9.8	   77.9	  1	 -650.0	 2050.0	    0.0	    0.0	    9.8	1	  298.7	 21	    0.0	    0.0	
 2051	 208.13	    0.0	 1500.0	    0.0	 -651.6	  920.4	    0.0	  200.0	 -526.5	  693.6	    0.0	  200.0	  100.0	    0.0	    0.0	    0.0	    0.0	    9.8	   77.9	  1	 -650.0	 2050.0	    0.0	    0.0	    9.8	1	  298.6	 21	    0.0	    0.0	
 2052	 208.24	    0.0	 1500.0	    0.0	 -652.6	  908.0	    0.0	  200.0	 -526.5	  693.6	    0.0	  200.0	  100.0	    0.0	    0.0	    0.0	    0.0	    9.7	   78.0	  1	 -650.0	 2050.0	    0.0	    0.0	    9.7	1	  298.9	 21	    0.0	    0.0	
 2053	 208.34	    0.0	 1500.0	    0.0	 -652.6	  908.0	    0.0	  200.0	 -526.5	  693.6	    0.0	  200.0	  100.0	    0.0	    0.0	    0.0	    0.0	    9.7	   78.0	  1	 -650.0	 2050.0	    0.0	    0.0	    9.7	1	  298.9	 21	    0.0	    0.0	
 2054	 208.44	    0.0	 1500.0	    0.0	 -652.6	  908.0	    0.0	  200.0	 -526.5	  693.6	    0.0	  200.0	  100.0	    0.0	    0.0	    0.0	    0.0	    9.7	   78.1	  1	 -650.0	 2050.0	    0.0	    0.0	    9.7	1	  298.9	 21	    0.0	    0.0	
 2055	 208.53	    0.0	 1500.0	    0.0	 -652.6	  908.0	    0.0	  200.0	 -526.5	  693.6	    0.0	  200.0	  100.0	    0.0	    0.0	    0.0	    0.0	    9.6	   78.1	  1	 -650.0	 2050.0	    0.0	    0.0	    9.6	1	  298.9	 21	    0.0	    0.0	
 2056	 208.63	    0.0	 1500.0	    0.0	 -652.6	  908.0	    0.0	  200.0	 -526.5	  693.6	    0.0	  200.0	  100.0	    0.0	    0.0	    0.0	    0.0	    9.6	   78.1	  1	 -650.0	 2050.0	    0.0	    0.0	    9.6	1	  298.9	 21	    0.0	    0.0	
 2057	 208.74	    0.0	 1500.0	    0.0	 -652.6	  908.0	    0.0	  200.0	 -526.5	  693.6	    0.0	  200.0	  100.0	    0.0	    0.0	    0.0	    0.0	    9.6	   78.2	  1	 -650.0	 2050.0	    0.0	    0.0	    9.6	1	  298.9	 21	    0.0	    0.0	
 2058	 208.84	    0.0	 1500.0	    0.0	 -652.6	  908.0	    0.0	  200.0	 -526.5	  693.6	    0.0	  200.0	  100.0	    0.0	    0.0	    0.0	    0.0	    9.5	   78.2	  1	 -650.0	 2050.0	    0.0	    0.0	    9.5	1	  298.9	 21	    0.0	    0.0	
 2059	 208.94	    0.0	 1500.0	    0.0	 -651.6	  909.6	    0.0	  200.0	 -526.5	  693.6	    0.0	  200.0	  100.0	    0.0	    0.0	    0.0	    0.0	    9.5	   78.2	  1	 -650.0	 2050.0	    0.0	    0.0	    9.5	1	  298.9	 21	    0.0	    0.0	
 2060	 209.03	    0.0	 1500.0	    0.0	 -651.6	  909.6	    0.0	  200.0	 -526.5	  693.6	    0.0	  200.0	  100.0	    0.0	    0.0	    0.0	    0.0	    9.5	   78.3	  1	 -650.0	 2050.0	    0.0	    0.0	    9.5	1	  298.8	 21	    0.0	    0.0	
 2061	 209.14	    0.0	 1500.0	    0.0	 -651.6	  909.6	    0.0	  200.0	 -526.5	  693.6	    0.0	  200.0	  100.0	    0.0	    0.0	    0.0	    0.0	    9.4	   78.3	  1	 -650.0	 2050.0	    0.0	    0.0	    9.4	1	  298.8	 21	    0.0	    0.0	
 2062	 209.24	    0.0	 1500.0	    0.0	 -651.6	  909.6	    0.0	  200.0	 -526.5	  693.6	    0.0	  200.0	  100.0	    0.0	    0.0	    0.0	    0.0	    9.4	   78.4	  1	 -650.0	 2050.0	    0.0	    0.0	    9.4	1	  298.8	 21	    0.0	    0.0	
 2063	 209.34	    0.0	 1500.0	    0.0	 -650.7	  909.1	    0.0	  200.0	 -526.5	  693.6	    0.0	  200.0	  100.0	    0.0	    0.0	    0.0	    0.0	    9.4	   78.4	  1	 -650.0	 2050.0	    0.0	    0.0	    9.4	1	  298.9	 21	    0.0	    0.0	
 2064	 209.44	    0.0	 1500.0	    0.0	 -650.7	  909.1	    0.0	  200.0	 -526.5	  693.6	    0.0	  200.0	  100.0	    0.0	    0.0	    0.0	    0.0	    9.3	   78.4	  1	 -650.0	 2050.0	    0.0	    0.0	    9.3	1	  298.9	 21	    0.0	    0.0	
 2065	 209.53	    0.0	 1500.0	    0.0	 -650.7	  909.1	    0.0	  200.0	 -526.5	  693.6	    0.0	  200.0	  100.0	    0.0	    0.0	    0.0	    0.0	    9.3	   78.5	  1	 -650.0	 2050.0	    0.0	    0.0	    9.3	1	  298.9	 21	    0.0	    0.0	
 2066	 209.63	    0.0	 1500.0	    0.0	 -650.7	  909.1	    0.0	  200.0	 -526.5	  693.6	    0.0	  200.0	  100.0	    0.0	    0.0	    0.0	    0.0	    9.3	   78.5	  1	 -650.0	 2050.0	    0.0	    0.0	    9.3	1	  298.8	 21	    0.0	    0.0	
 2067	 209.74	    0.0	 1500.0	    0.0	 -650.7	  909.1	    0.0	  200.0	 -526.5	  693.6	    0.0	  200.0	  100.0	    0.0	    0.0	    0.0	    0.0	    9.2	   78.5	  1	 -650.0	 2050.0	    0.0	    0.0	    9.2	1	  298.8	 21	    0.0	    0.0	
 2068	 209.84	    0.0	 1500.0	    0.0	 -650.7	  909.1	    0.0	  200.0	 -526.5	  693.6	    0.0	  200.0	  100.0	    0.0	    0.0	    0.0	    0.0	    9.2	   78.6	  1	 -650.0	 2050.0	    0.0	    0.0	    9.2	1	  298.8	 21	    0.0	    0.0	
 2069	 209.94	    0.0	 1500.0	    0.0	 -650.7	  909.1	    0.0	  200.0	 -526.5	  693.6	    0.0	  200.0	  100.0	    0.0	    0.0	    0.0	    0.0	    9.2	   78.6	  1	 -650.0	 2050.0	    0.0	    0.0	    9.2	1	  298.8	 21	    0.0	    0.0	
 2070	 210.03	    0.0	 1500.0	    0.0	 -650.7	  909.1	    0.0	  200.0	 -526.5	  693.6	    0.0	  200.0	  100.0	    0.0	    0.0	    0.0	    0.0	    9.1	   78.7	  1	 -650.0	 2050.0	    0.0	    0.0	    9.1	1	  298.8	 21	    0.0	    0.0	
 2071	 210.14	    0.0	 1500.0	    0.0	 -650.7	  909.1	    0.0	  200.0	 -526.5	  693.6	    0.0	  200.0	  100.0	    0.0	    0.0	    0.0	    0.0	    9.1	   78.7	  1	 -650.0	 2050.0	    0.0	    0.0	    9.1	1	  298.8	 21	    0.0	    0.0	
 2072	 210.24	    0.0	 1500.0	    0.0	 -650.7	  909.1	    0.0	  200.0	 -526.5	  693.6	    0.0	  200.0	  100.0	    0.0	    0.0	    0.0	    0.0	    9.1	   78.7	  1	 -650.0	 2050.0	    0.0	    0.0	    9.1	1	  298.8	 21	    0.0	    0.0	
 2073	 210.34	    0.0	 1500.0	    0.0	 -650.7	  909.1	    0.0	  200.0	 -526.5	  693.6	    0.0	  200.0	  100.0	    0.0	    0.0	    0.0	    0.0	    9.0	   78.8	  1	 -650.0	 2050.0	    0.0	    0.0	    9.0	1	  298.8	 21	    0.0	    0.0	
 2074	 210.44	    0.0	 1500.0	    0.0	 -647.9	  907.5	    0.0	  200.0	 -526.5	  693.6	    0.0	  200.0	  100.0	    0.0	    0.0	    0.0	    0.0	    9.0	   78.8	  1	 -650.0	 2050.0	    0.0	    0.0	    9.0	1	  298.9	 21	    0.0	    0.0	
 2075	 210.53	    0.0	 1500.0	    0.0	 -647.9	  907.5	    0.0	  200.0	 -526.5	  693.6	    0.0	  200.0	  100.0	    0.0	    0.0	    0.0	    0.0	    9.0	   78.8	  1	 -650.0	 2050.0	    0.0	    0.0	    9.0	1	  298.9	 21	    0.0	    0.0	
 2076	 210.63	    0.0	 1500.0	    0.0	 -647.9	  907.5	    0.0	  200.0	 -526.5	  693.6	    0.0	  200.0	  100.0	    0.0	    0.0	    0.0	    0.0	    8.9	   78.9	  1	 -650.0	 2050.0	    0.0	    0.0	    8.9	1	  298.9	 21	    0.0	    0.0	
 2077	 210.74	    0.0	 1500.0	    0.0	 -647.9	  907.5	    0.0	  200.0	 -526.5	  693.6	    0.0	  200.0	  100.0	    0.0	    0.0	    0.0	    0.0	    8.9	   78.9	  1	 -650.0	 2050.0	    0.0	    0.0	    8.9	1	  298.9	 21	    0.0	    0.0	
 2078	 210.84	    0.0	 1500.0	    0.0	 -647.9	  907.5	    0.0	  200.0	 -526.5	  693.6	    0.0	  200.0	  100.0	    0.0	    0.0	    0.0	    0.0	    8.9	   79.0	  1	 -650.0	 2050.0	    0.0	    0.0	    8.9	1	  298.9	 21	    0.0	    0.0	
 2079	 210.94	    0.0	 1500.0	    0.0	 -647.9	  907.5	    0.0	  200.0	 -526.5	  693.6	    0.0	  200.0	  100.0	    0.0	    0.0	    0.0	    0.0	    8.8	   79.0	  1	 -650.0	 2050.0	    0.0	    0.0	    8.8	1	  298.9	 21	    0.0	    0.0	
 2080	 211.03	    0.0	 1500.0	    0.0	 -647.9	  907.5	    0.0	  200.0	 -526.5	  693.6	    0.0	  200.0	  100.0	    0.0	    0.0	    0.0	    0.0	    8.8	   79.0	  1	 -650.0	 2050.0	    0.0	    0.0	    8.8	1	  298.9	 21	    0.0	    0.0	
 2081	 211.13	    0.0	 1500.0	    0.0	 -646.5	  907.8	    0.0	  200.0	 -526.5	  693.6	    0.0	  200.0	  100.0	    0.0	    0.0	    0.0	    0.0	    8.8	   79.1	  1	 -650.0	 2050.0	    0.0	    0.0	    8.8	1	  298.9	 21	    0.0	    0.0	
 2082	 211.24	    0.0	 1500.0	    0.0	 -646.5	  907.8	    0.0	  200.0	 -526.5	  693.6	    0.0	  200.0	  100.0	    0.0	    0.0	    0.0	    0.0	    8.7	   79.1	  1	 -650.0	 2050.0	    0.0	    0.0	    8.7	1	  298.9	 21	    0.0	    0.0	
 2083	 211.34	    0.0	 1500.0	    0.0	 -646.5	  907.8	    0.0	  200.0	 -526.5	  693.6	    0.0	  200.0	  100.0	    0.0	    0.0	    0.0	    0.0	    8.7	   79.2	  1	 -650.0	 2050.0	    0.0	    0.0	    8.7	1	  298.9	 21	    0.0	    0.0	
 2084	 211.44	    0.0	 1500.0	    0.0	 -646.5	  907.8	    0.0	  200.0	 -526.5	  693.6	    0.0	  200.0	  100.0	    0.0	    0.0	    0.0	    0.0	    8.6	   79.2	  1	 -650.0	 2050.0	    0.0	    0.0	    8.6	1	  298.9	 21	    0.0	    0.0	
 2085	 211.53	    0.0	 1500.0	    0.0	 -646.5	  907.8	    0.0	  200.0	 -526.5	  693.6	    0.0	  200.0	  100.0	    0.0	    0.0	    0.0	    0.0	    8.6	   79.2	  1	 -650.0	 2050.0	    0.0	    0.0	    8.6	1	  298.9	 21	    0.0	    0.0	
 2086	 211.63	    0.0	 1500.0	    0.0	 -646.5	  907.8	    0.0	  200.0	 -526.5	  693.6	    0.0	  200.0	  100.0	    0.0	    0.0	    0.0	    0.0	    8.6	   79.3	  1	 -650.0	 2050.0	    0.0	    0.0	    8.6	1	  298.9	 21	    0.0	    0.0	
 2087	 211.74	    0.0	 1500.0	    0.0	 -646.5	  907.8	    0.0	  200.0	 -526.5	  693.6	    0.0	  200.0	  100.0	    0.0	    0.0	    0.0	    0.0	    8.5	   79.3	  1	 -650.0	 2050.0	    0.0	    0.0	    8.5	1	  298.9	 21	    0.0	    0.0	
 2088	 211.84	    0.0	 1500.0	    0.0	 -646.5	  907.8	    0.0	  200.0	 -526.5	  693.6	    0.0	  200.0	  100.0	    0.0	    0.0	    0.0	    0.0	    8.5	   79.3	  1	 -650.0	 2050.0	    0.0	    0.0	    8.5	1	  298.8	 21	    0.0	    0.0	
 2089	 211.94	    0.0	 1500.0	    0.0	 -646.5	  907.8	    0.0	  200.0	 -526.5	  693.6	    0.0	  200.0	  100.0	    0.0	    0.0	    0.0	    0.0	    8.5	   79.4	  1	 -650.0	 2050.0	    0.0	    0.0	    8.5	1	  298.8	 21	    0.0	    0.0	
 2090	 212.03	    0.0	 1500.0	    0.0	 -646.5	  907.8	    0.0	  200.0	 -526.5	  693.6	    0.0	  200.0	  100.0	    0.0	    0.0	    0.0	    0.0	    8.4	   79.4	  1	 -650.0	 2050.0	    0.0	    0.0	    8.4	1	  298.8	 21	    0.0	    0.0	
 2091	 212.14	    0.0	 1500.0	    0.0	 -646.5	  907.8	    0.0	  200.0	 -526.5	  693.6	    0.0	  200.0	  100.0	    0.0	    0.0	    0.0	    0.0	    8.4	   79.5	  1	 -650.0	 2050.0	    0.0	    0.0	    8.4	1	  298.8	 21	    0.0	    0.0	
 2092	 212.84	    0.0	 1500.0	    0.0	 -646.5	  907.8	    0.0	  200.0	 -526.5	  693.6	    0.0	  200.0	  100.0	    0.0	    0.0	    0.0	    0.0	    8.4	   79.5	  1	 -650.0	 2050.0	    0.0	    0.0	    8.4	1	  298.8	 21	    0.0	    0.0	
 2093	 212.86	    0.0	 1500.0	    0.0	 -646.5	  907.8	    0.0	  200.0	 -526.5	  693.6	    0.0	  200.0	  100.0	    0.0	    0.0	    0.0	    0.0	    8.3	   79.5	  1	 -650.0	 2050.0	    0.0	    0.0	    8.3	1	  298.8	 21	    0.0	    0.0	
 2094	 212.87	    0.0	 1500.0	    0.0	 -646.5	  907.8	    0.0	  200.0	 -526.5	  693.6	    0.0	  200.0	  100.0	    0.0	    0.0	    0.0	    0.0	    8.3	   79.6	  1	 -650.0	 2050.0	    0.0	    0.0	    8.3	1	  298.8	 21	    0.0	    0.0	
 2095	 212.88	    0.0	 1500.0	    0.0	 -646.5	  907.8	    0.0	  200.0	 -526.5	  693.6	    0.0	  200.0	  100.0	    0.0	    0.0	    0.0	    0.0	    8.3	   79.6	  1	 -650.0	 2050.0	    0.0	    0.0	    8.3	1	  298.8	 21	    0.0	    0.0	
 2096	 212.90	    0.0	 1500.0	    0.0	 -646.5	  907.8	    0.0	  200.0	 -526.5	  693.6	    0.0	  200.0	  100.0	    0.0	    0.0	    0.0	    0.0	    8.2	   79.6	  1	 -650.0	 2050.0	    0.0	    0.0	    8.2	1	  298.8	 21	    0.0	    0.0	
 2097	 212.91	    0.0	 1500.0	    0.0	 -646.5	  907.8	    0.0	  200.0	 -526.5	  693.6	    0.0	  200.0	  100.0	    0.0	    0.0	    0.0	    0.0	    8.2	   79.7	  1	 -650.0	 2050.0	    0.0	    0.0	    8.2	1	  298.8	 21	    0.0	    0.0	
 2098	 212.93	    0.0	 1500.0	    0.0	 -646.5	  907.8	    0.0	  200.0	 -526.5	  693.6	    0.0	  200.0	  100.0	    0.0	    0.0	    0.0	    0.0	    8.2	   79.7	  1	 -650.0	 2050.0	    0.0	    0.0	    8.2	1	  298.8	 21	    0.0	    0.0	
 2099	 212.94	    0.0	 1500.0	    0.0	 -646.5	  907.8	    0.0	  200.0	 -526.5	  693.6	    0.0	  200.0	  100.0	    0.0	    0.0	    0.0	    0.0	    8.1	   79.8	  1	 -650.0	 2050.0	    0.0	    0.0	    8.1	1	  298.8	 21	    0.0	    0.0	
 2100	 212.96	    0.0	 1500.0	    0.0	 -646.5	  907.8	    0.0	  200.0	 -526.5	  693.6	    0.0	  200.0	  100.0	    0.0	    0.0	    0.0	    0.0	    8.1	   79.8	  1	 -650.0	 2050.0	    0.0	    0.0	    8.1	1	  298.7	 21	    0.0	    0.0	
 2101	 212.97	    0.0	 1500.0	    0.0	 -646.5	  907.8	    0.0	  200.0	 -526.5	  693.6	    0.0	  200.0	  100.0	    0.0	    0.0	    0.0	    0.0	    8.0	   79.8	  1	 -650.0	 2050.0	    0.0	    0.0	    8.0	1	  298.7	 21	    0.0	    0.0	
 2102	 212.98	    0.0	 1500.0	    0.0	 -646.5	  907.8	    0.0	  200.0	 -526.5	  693.6	    0.0	  200.0	  100.0	    0.0	    0.0	    0.0	    0.0	    8.0	   79.9	  1	 -650.0	 2050.0	    0.0	    0.0	    8.0	1	  298.7	 21	    0.0	    0.0	
 2103	 212.99	    0.0	 1500.0	    0.0	 -646.5	  907.8	    0.0	  200.0	 -526.5	  693.6	    0.0	  200.0	  100.0	    0.0	    0.0	    0.0	    0.0	    8.0	   79.9	  1	 -650.0	 2050.0	    0.0	    0.0	    8.0	1	  298.7	 21	    0.0	    0.0	
 2104	 213.01	    0.0	 1500.0	    0.0	 -646.5	  907.8	    0.0	  200.0	 -526.5	  693.6	    0.0	  200.0	  100.0	    0.0	    0.0	    0.0	    0.0	    7.9	   80.0	  1	 -650.0	 2050.0	    0.0	    0.0	    7.9	1	  298.7	 21	    0.0	    0.0	
 2105	 213.02	    0.0	 1500.0	    0.0	 -646.5	  907.8	    0.0	  200.0	 -526.5	  693.6	    0.0	  200.0	  100.0	    0.0	    0.0	    0.0	    0.0	    7.9	   80.0	  1	 -650.0	 2050.0	    0.0	    0.0	    7.9	1	  298.7	 21	    0.0	    0.0	
 2106	 213.03	    0.0	 1500.0	    0.0	 -646.5	  907.8	    0.0	  200.0	 -526.5	  693.6	    0.0	  200.0	  100.0	    0.0	    0.0	    0.0	    0.0	    7.9	   80.0	  1	 -650.0	 2050.0	    0.0	    0.0	    7.9	1	  298.7	 21	    0.0	    0.0	
 2107	 213.05	    0.0	 1500.0	    0.0	 -646.5	  907.8	    0.0	  200.0	 -526.5	  693.6	    0.0	  200.0	  100.0	    0.0	    0.0	    0.0	    0.0	    7.8	   80.1	  1	 -650.0	 2050.0	    0.0	    0.0	    7.8	1	  298.7	 21	    0.0	    0.0	
 2108	 213.06	    0.0	 1500.0	    0.0	 -646.5	  907.8	    0.0	  200.0	 -526.5	  693.6	    0.0	  200.0	  100.0	    0.0	    0.0	    0.0	    0.0	    7.8	   80.1	  1	 -650.0	 2050.0	    0.0	    0.0	    7.8	1	  298.7	 21	    0.0	    0.0	
 2109	 213.07	    0.0	 1500.0	    0.0	 -646.5	  907.8	    0.0	  200.0	 -526.5	  693.6	    0.0	  200.0	  100.0	    0.0	    0.0	    0.0	    0.0	    7.8	   80.1	  1	 -650.0	 2050.0	    0.0	    0.0	    7.8	1	  298.7	 21	    0.0	    0.0	
 2110	 213.09	    0.0	 1500.0	    0.0	 -646.5	  907.8	    0.0	  200.0	 -526.5	  693.6	    0.0	  200.0	  100.0	    0.0	    0.0	    0.0	    0.0	    7.7	   80.2	  1	 -650.0	 2050.0	    0.0	    0.0	    7.7	1	  298.7	 21	    0.0	    0.0	
 2111	 213.10	    0.0	 1500.0	    0.0	 -646.5	  907.8	    0.0	  200.0	 -526.5	  693.6	    0.0	  200.0	  100.0	    0.0	    0.0	    0.0	    0.0	    7.7	   80.2	  1	 -650.0	 2050.0	    0.0	    0.0	    7.7	1	  298.6	 21	    0.0	    0.0	
 2112	 213.12	    0.0	 1500.0	    0.0	 -646.5	  907.8	    0.0	  200.0	 -526.5	  693.6	    0.0	  200.0	  100.0	    0.0	    0.0	    0.0	    0.0	    7.7	   80.3	  1	 -650.0	 2050.0	    0.0	    0.0	    7.7	1	  298.6	 21	    0.0	    0.0	
 2113	 213.13	    0.0	 1500.0	    0.0	 -646.5	  907.8	    0.0	  200.0	 -526.5	  693.6	    0.0	  200.0	  100.0	    0.0	    0.0	    0.0	    0.0	    7.6	   80.3	  1	 -650.0	 2050.0	    0.0	    0.0	    7.6	1	  298.6	 21	    0.0	    0.0	
 2114	 213.14	    0.0	 1500.0	    0.0	 -646.5	  907.8	    0.0	  200.0	 -526.5	  693.6	    0.0	  200.0	  100.0	    0.0	    0.0	    0.0	    0.0	    7.6	   80.3	  1	 -650.0	 2050.0	    0.0	    0.0	    7.6	1	  298.6	 21	    0.0	    0.0	
 2115	 213.16	    0.0	 1500.0	    0.0	 -646.5	  907.8	    0.0	  200.0	 -526.5	  693.6	    0.0	  200.0	  100.0	    0.0	    0.0	    0.0	    0.0	    7.6	   80.4	  1	 -650.0	 2050.0	    0.0	    0.0	    7.6	1	  298.6	 21	    0.0	    0.0	
 2116	 213.17	    0.0	 1500.0	    0.0	 -646.5	  907.8	    0.0	  200.0	 -526.5	  693.6	    0.0	  200.0	  100.0	    0.0	    0.0	    0.0	    0.0	    7.5	   80.4	  1	 -650.0	 2050.0	    0.0	    0.0	    7.5	1	  298.6	 21	    0.0	    0.0	
 2117	 213.18	    0.0	 1500.0	    0.0	 -646.5	  907.8	    0.0	  200.0	 -526.5	  693.6	    0.0	  200.0	  100.0	    0.0	    0.0	    0.0	    0.0	    7.5	   80.4	  1	 -650.0	 2050.0	    0.0	    0.0	    7.5	1	  298.6	 21	    0.0	    0.0	
 2118	 213.20	    0.0	 1500.0	    0.0	 -646.5	  907.8	    0.0	  200.0	 -526.5	  693.6	    0.0	  200.0	  100.0	    0.0	    0.0	    0.0	    0.0	    7.5	   80.5	  1	 -650.0	 2050.0	    0.0	    0.0	    7.5	1	  298.6	 21	    0.0	    0.0	
 2119	 213.21	    0.0	 1500.0	    0.0	 -646.5	  907.8	    0.0	  200.0	 -526.5	  693.6	    0.0	  200.0	  100.0	    0.0	    0.0	    0.0	    0.0	    7.4	   80.5	  1	 -650.0	 2050.0	    0.0	    0.0	    7.4	1	  298.6	 21	    0.0	    0.0	
 2120	 213.22	    0.0	 1500.0	    0.0	 -646.5	  907.8	    0.0	  200.0	 -526.5	  693.6	    0.0	  200.0	  100.0	    0.0	    0.0	    0.0	    0.0	    7.4	   80.6	  1	 -650.0	 2050.0	    0.0	    0.0	    7.4	1	  298.6	 21	    0.0	    0.0	
 2121	 213.24	    0.0	 1500.0	    0.0	 -646.5	  907.8	    0.0	  200.0	 -526.5	  693.6	    0.0	  200.0	  100.0	    0.0	    0.0	    0.0	    0.0	    7.3	   80.6	  1	 -650.0	 2050.0	    0.0	    0.0	    7.3	1	  298.6	 21	    0.0	    0.0	
 2122	 213.25	    0.0	 1500.0	    0.0	 -646.5	  907.8	    0.0	  200.0	 -526.5	  693.6	    0.0	  200.0	  100.0	    0.0	    0.0	    0.0	    0.0	    7.3	   80.6	  1	 -650.0	 2050.0	    0.0	    0.0	    7.3	1	  298.6	 21	    0.0	    0.0	
 2123	 213.26	    0.0	 1500.0	    0.0	 -646.5	  907.8	    0.0	  200.0	 -526.5	  693.6	    0.0	  200.0	  100.0	    0.0	    0.0	    0.0	    0.0	    7.3	   80.7	  1	 -650.0	 2050.0	    0.0	    0.0	    7.3	1	  298.5	 21	    0.0	    0.0	
 2124	 213.28	    0.0	 1500.0	    0.0	 -646.5	  907.8	    0.0	  200.0	 -526.5	  693.6	    0.0	  200.0	  100.0	    0.0	    0.0	    0.0	    0.0	    7.2	   80.7	  1	 -650.0	 2050.0	    0.0	    0.0	    7.2	1	  298.5	 21	    0.0	    0.0	
 2125	 213.29	    0.0	 1500.0	    0.0	 -646.5	  907.8	    0.0	  200.0	 -526.5	  693.6	    0.0	  200.0	  100.0	    0.0	    0.0	    0.0	    0.0	    7.2	   80.7	  1	 -650.0	 2050.0	    0.0	    0.0	    7.2	1	  298.5	 21	    0.0	    0.0	
 2126	 213.30	    0.0	 1500.0	    0.0	 -646.5	  907.8	    0.0	  200.0	 -526.5	  693.6	    0.0	  200.0	  100.0	    0.0	    0.0	    0.0	    0.0	    7.2	   80.8	  1	 -650.0	 2050.0	    0.0	    0.0	    7.2	1	  298.5	 21	    0.0	    0.0	
 2127	 213.32	    0.0	 1500.0	    0.0	 -646.5	  907.8	    0.0	  200.0	 -526.5	  693.6	    0.0	  200.0	  100.0	    0.0	    0.0	    0.0	    0.0	    7.1	   80.8	  1	 -650.0	 2050.0	    0.0	    0.0	    7.1	1	  298.5	 21	    0.0	    0.0	
 2128	 213.33	    0.0	 1500.0	    0.0	 -646.5	  907.8	    0.0	  200.0	 -526.5	  693.6	    0.0	  200.0	  100.0	    0.0	    0.0	    0.0	    0.0	    7.1	   80.9	  1	 -650.0	 2050.0	    0.0	    0.0	    7.1	1	  298.5	 21	    0.0	    0.0	
 2129	 213.34	    0.0	 1500.0	    0.0	 -646.5	  907.8	    0.0	  200.0	 -526.5	  693.6	    0.0	  200.0	  100.0	    0.0	    0.0	    0.0	    0.0	    7.1	   80.9	  1	 -650.0	 2050.0	    0.0	    0.0	    7.1	1	  298.5	 21	    0.0	    0.0	
 2130	 213.36	    0.0	 1500.0	    0.0	 -646.5	  907.8	    0.0	  200.0	 -526.5	  693.6	    0.0	  200.0	  100.0	    0.0	    0.0	    0.0	    0.0	    7.0	   80.9	  1	 -650.0	 2050.0	    0.0	    0.0	    7.0	1	  298.5	 21	    0.0	    0.0	
 2131	 213.37	    0.0	 1500.0	    0.0	 -646.5	  907.8	    0.0	  200.0	 -526.5	  693.6	    0.0	  200.0	  100.0	    0.0	    0.0	    0.0	    0.0	    7.0	   81.0	  1	 -650.0	 2050.0	    0.0	    0.0	    7.0	1	  298.5	 21	    0.0	    0.0	
 2132	 213.38	    0.0	 1500.0	    0.0	 -646.5	  907.8	    0.0	  200.0	 -526.5	  693.6	    0.0	  200.0	  100.0	    0.0	    0.0	    0.0	    0.0	    7.0	   81.0	  1	 -650.0	 2050.0	    0.0	    0.0	    7.0	1	  298.5	 21	    0.0	    0.0	
 2133	 213.40	    0.0	 1500.0	    0.0	 -646.5	  907.8	    0.0	  200.0	 -526.5	  693.6	    0.0	  200.0	  100.0	    0.0	    0.0	    0.0	    0.0	    6.9	   81.1	  1	 -650.0	 2050.0	    0.0	    0.0	    6.9	1	  298.5	 21	    0.0	    0.0	
 2134	 213.41	    0.0	 1500.0	    0.0	 -646.5	  907.8	    0.0	  200.0	 -526.5	  693.6	    0.0	  200.0	  100.0	    0.0	    0.0	    0.0	    0.0	    6.9	   81.1	  1	 -650.0	 2050.0	    0.0	    0.0	    6.9	1	  298.5	 21	    0.0	    0.0	
 2135	 213.42	    0.0	 1500.0	    0.0	 -646.5	  907.8	    0.0	  200.0	 -526.5	  693.6	    0.0	  200.0	  100.0	    0.0	    0.0	    0.0	    0.0	    6.9	   81.1	  1	 -650.0	 2050.0	    0.0	    0.0	    6.9	1	  298.4	 21	    0.0	    0.0	
 2136	 213.44	    0.0	 1500.0	    0.0	 -646.5	  907.8	    0.0	  200.0	 -526.5	  693.6	    0.0	  200.0	  100.0	    0.0	    0.0	    0.0	    0.0	    6.8	   81.2	  1	 -650.0	 2050.0	    0.0	    0.0	    6.8	1	  298.4	 21	    0.0	    0.0	
 2137	 213.45	    0.0	 1500.0	    0.0	 -646.5	  907.8	    0.0	  200.0	 -526.5	  693.6	    0.0	  200.0	  100.0	    0.0	    0.0	    0.0	    0.0	    6.8	   81.2	  1	 -650.0	 2050.0	    0.0	    0.0	    6.8	1	  298.4	 21	    0.0	    0.0	
 2138	 213.46	    0.0	 1500.0	    0.0	 -646.5	  907.8	    0.0	  200.0	 -526.5	  693.6	    0.0	  200.0	  100.0	    0.0	    0.0	    0.0	    0.0	    6.7	   81.2	  1	 -650.0	 2050.0	    0.0	    0.0	    6.7	1	  298.4	 21	    0.0	    0.0	
 2139	 213.47	    0.0	 1500.0	    0.0	 -646.5	  907.8	    0.0	  200.0	 -526.5	  693.6	    0.0	  200.0	  100.0	    0.0	    0.0	    0.0	    0.0	    6.7	   81.3	  1	 -650.0	 2050.0	    0.0	    0.0	    6.7	1	  298.4	 21	    0.0	    0.0	
 2140	 213.49	    0.0	 1500.0	    0.0	 -646.5	  907.8	    0.0	  200.0	 -526.5	  693.6	    0.0	  200.0	  100.0	    0.0	    0.0	    0.0	    0.0	    6.7	   81.3	  1	 -650.0	 2050.0	    0.0	    0.0	    6.7	1	  298.4	 21	    0.0	    0.0	
 2141	 213.50	    0.0	 1500.0	    0.0	 -646.5	  907.8	    0.0	  200.0	 -526.5	  693.6	    0.0	  200.0	  100.0	    0.0	    0.0	    0.0	    0.0	    6.6	   81.4	  1	 -650.0	 2050.0	    0.0	    0.0	    6.6	1	  298.4	 21	    0.0	    0.0	
 2142	 213.51	    0.0	 1500.0	    0.0	 -646.5	  907.8	    0.0	  200.0	 -526.5	  693.6	    0.0	  200.0	  100.0	    0.0	    0.0	    0.0	    0.0	    6.6	   81.4	  1	 -650.0	 2050.0	    0.0	    0.0	    6.6	1	  298.4	 21	    0.0	    0.0	
 2143	 213.53	    0.0	 1500.0	    0.0	 -646.5	  907.8	    0.0	  200.0	 -526.5	  693.6	    0.0	  200.0	  100.0	    0.0	    0.0	    0.0	    0.0	    6.6	   81.4	  1	 -650.0	 2050.0	    0.0	    0.0	    6.6	1	  298.4	 21	    0.0	    0.0	
 2144	 213.54	    0.0	 1500.0	    0.0	 -646.5	  907.8	    0.0	  200.0	 -526.5	  693.6	    0.0	  200.0	  100.0	    0.0	    0.0	    0.0	    0.0	    6.5	   81.5	  1	 -650.0	 2050.0	    0.0	    0.0	    6.5	1	  298.4	 21	    0.0	    0.0	
 2145	 213.55	    0.0	 1500.0	    0.0	 -646.5	  907.8	    0.0	  200.0	 -526.5	  693.6	    0.0	  200.0	  100.0	    0.0	    0.0	    0.0	    0.0	    6.5	   81.5	  1	 -650.0	 2050.0	    0.0	    0.0	    6.5	1	  298.4	 21	    0.0	    0.0	
 2146	 213.57	    0.0	 1500.0	    0.0	 -646.5	  907.8	    0.0	  200.0	 -526.5	  693.6	    0.0	  200.0	  100.0	    0.0	    0.0	    0.0	    0.0	    6.5	   81.5	  1	 -650.0	 2050.0	    0.0	    0.0	    6.5	1	  298.3	 21	    0.0	    0.0	
 2147	 213.58	    0.0	 1500.0	    0.0	 -646.5	  907.8	    0.0	  200.0	 -526.5	  693.6	    0.0	  200.0	  100.0	    0.0	    0.0	    0.0	    0.0	    6.4	   81.6	  1	 -650.0	 2050.0	    0.0	    0.0	    6.4	1	  298.3	 21	    0.0	    0.0	
 2148	 213.59	    0.0	 1500.0	    0.0	 -646.5	  907.8	    0.0	  200.0	 -526.5	  693.6	    0.0	  200.0	  100.0	    0.0	    0.0	    0.0	    0.0	    6.4	   81.6	  1	 -650.0	 2050.0	    0.0	    0.0	    6.4	1	  298.3	 21	    0.0	    0.0	
 2149	 213.60	    0.0	 1500.0	    0.0	 -646.5	  907.8	    0.0	  200.0	 -526.5	  693.6	    0.0	  200.0	  100.0	    0.0	    0.0	    0.0	    0.0	    6.4	   81.7	  1	 -650.0	 2050.0	    0.0	    0.0	    6.4	1	  298.3	 21	    0.0	    0.0	
 2150	 213.62	    0.0	 1500.0	    0.0	 -646.5	  907.8	    0.0	  200.0	 -526.5	  693.6	    0.0	  200.0	  100.0	    0.0	    0.0	    0.0	    0.0	    6.3	   81.7	  1	 -650.0	 2050.0	    0.0	    0.0	    6.3	1	  298.3	 21	    0.0	    0.0	
 2151	 213.63	    0.0	 1500.0	    0.0	 -646.5	  907.8	    0.0	  200.0	 -526.5	  693.6	    0.0	  200.0	  100.0	    0.0	    0.0	    0.0	    0.0	    6.3	   81.7	  1	 -650.0	 2050.0	    0.0	    0.0	    6.3	1	  298.3	 21	    0.0	    0.0	
 2152	 213.64	    0.0	 1500.0	    0.0	 -646.5	  907.8	    0.0	  200.0	 -526.5	  693.6	    0.0	  200.0	  100.0	    0.0	    0.0	    0.0	    0.0	    6.3	   81.8	  1	 -650.0	 2050.0	    0.0	    0.0	    6.3	1	  298.3	 21	    0.0	    0.0	
 2153	 213.66	    0.0	 1500.0	    0.0	 -646.5	  907.8	    0.0	  200.0	 -526.5	  693.6	    0.0	  200.0	  100.0	    0.0	    0.0	    0.0	    0.0	    6.2	   81.8	  1	 -650.0	 2050.0	    0.0	    0.0	    6.2	1	  298.3	 21	    0.0	    0.0	
 2154	 213.67	    0.0	 1500.0	    0.0	 -646.5	  907.8	    0.0	  200.0	 -526.5	  693.6	    0.0	  200.0	  100.0	    0.0	    0.0	    0.0	    0.0	    6.2	   81.9	  1	 -650.0	 2050.0	    0.0	    0.0	    6.2	1	  298.3	 21	    0.0	    0.0	
 2155	 213.68	    0.0	 1500.0	    0.0	 -646.5	  907.8	    0.0	  200.0	 -526.5	  693.6	    0.0	  200.0	  100.0	    0.0	    0.0	    0.0	    0.0	    6.1	   81.9	  1	 -650.0	 2050.0	    0.0	    0.0	    6.1	1	  298.3	 21	    0.0	    0.0	
 2156	 213.69	    0.0	 1500.0	    0.0	 -646.5	  907.8	    0.0	  200.0	 -526.5	  693.6	    0.0	  200.0	  100.0	    0.0	    0.0	    0.0	    0.0	    6.1	   81.9	  1	 -650.0	 2050.0	    0.0	    0.0	    6.1	1	  298.3	 21	    0.0	    0.0	
 2157	 213.71	    0.0	 1500.0	    0.0	 -646.5	  907.8	    0.0	  200.0	 -526.5	  693.6	    0.0	  200.0	  100.0	    0.0	    0.0	    0.0	    0.0	    6.1	   82.0	  1	 -650.0	 2050.0	    0.0	    0.0	    6.1	1	  298.3	 21	    0.0	    0.0	
 2158	 213.72	    0.0	 1500.0	    0.0	 -646.5	  907.8	    0.0	  200.0	 -526.5	  693.6	    0.0	  200.0	  100.0	    0.0	    0.0	    0.0	    0.0	    6.0	   82.0	  1	 -650.0	 2050.0	    0.0	    0.0	    6.0	1	  298.2	 21	    0.0	    0.0	
 2159	 213.73	    0.0	 1500.0	    0.0	 -646.5	  907.8	    0.0	  200.0	 -526.5	  693.6	    0.0	  200.0	  100.0	    0.0	    0.0	    0.0	    0.0	    6.0	   82.0	  1	 -650.0	 2050.0	    0.0	    0.0	    6.0	1	  298.2	 21	    0.0	    0.0	
 2160	 213.75	    0.0	 1500.0	    0.0	 -646.5	  907.8	    0.0	  200.0	 -526.5	  693.6	    0.0	  200.0	  100.0	    0.0	    0.0	    0.0	    0.0	    6.0	   82.1	  1	 -650.0	 2050.0	    0.0	    0.0	    6.0	1	  298.2	 21	    0.0	    0.0	
 2161	 213.76	    0.0	 1500.0	    0.0	 -646.5	  907.8	    0.0	  200.0	 -526.5	  693.6	    0.0	  200.0	  100.0	    0.0	    0.0	    0.0	    0.0	    5.9	   82.1	  1	 -650.0	 2050.0	    0.0	    0.0	    5.9	1	  298.2	 21	    0.0	    0.0	
 2162	 213.77	    0.0	 1500.0	    0.0	 -646.5	  907.8	    0.0	  200.0	 -526.5	  693.6	    0.0	  200.0	  100.0	    0.0	    0.0	    0.0	    0.0	    5.9	   82.2	  1	 -650.0	 2050.0	    0.0	    0.0	    5.9	1	  298.2	 21	    0.0	    0.0	
 2163	 213.78	    0.0	 1500.0	    0.0	 -646.5	  907.8	    0.0	  200.0	 -526.5	  693.6	    0.0	  200.0	  100.0	    0.0	    0.0	    0.0	    0.0	    5.9	   82.2	  1	 -650.0	 2050.0	    0.0	    0.0	    5.9	1	  298.2	 21	    0.0	    0.0	
 2164	 213.80	    0.0	 1500.0	    0.0	 -646.5	  907.8	    0.0	  200.0	 -526.5	  693.6	    0.0	  200.0	  100.0	    0.0	    0.0	    0.0	    0.0	    5.8	   82.2	  1	 -650.0	 2050.0	    0.0	    0.0	    5.8	1	  298.2	 21	    0.0	    0.0	
 2165	 213.81	    0.0	 1500.0	    0.0	 -646.5	  907.8	    0.0	  200.0	 -526.5	  693.6	    0.0	  200.0	  100.0	    0.0	    0.0	    0.0	    0.0	    5.8	   82.3	  1	 -650.0	 2050.0	    0.0	    0.0	    5.8	1	  298.2	 21	    0.0	    0.0	
 2166	 213.82	    0.0	 1500.0	    0.0	 -646.5	  907.8	    0.0	  200.0	 -526.5	  693.6	    0.0	  200.0	  100.0	    0.0	    0.0	    0.0	    0.0	    5.8	   82.3	  1	 -650.0	 2050.0	    0.0	    0.0	    5.8	1	  298.2	 21	    0.0	    0.0	
 2167	 213.84	    0.0	 1500.0	    0.0	 -646.5	  907.8	    0.0	  200.0	 -526.5	  693.6	    0.0	  200.0	  100.0	    0.0	    0.0	    0.0	    0.0	    5.7	   82.3	  1	 -650.0	 2050.0	    0.0	    0.0	    5.7	1	  298.2	 21	    0.0	    0.0	
 2168	 213.85	    0.0	 1500.0	    0.0	 -646.5	  907.8	    0.0	  200.0	 -526.5	  693.6	    0.0	  200.0	  100.0	    0.0	    0.0	    0.0	    0.0	    5.7	   82.4	  1	 -650.0	 2050.0	    0.0	    0.0	    5.7	1	  298.2	 21	    0.0	    0.0	
 2169	 213.86	    0.0	 1500.0	    0.0	 -646.5	  907.8	    0.0	  200.0	 -526.5	  693.6	    0.0	  200.0	  100.0	    0.0	    0.0	    0.0	    0.0	    5.7	   82.4	  1	 -650.0	 2050.0	    0.0	    0.0	    5.7	1	  298.1	 21	    0.0	    0.0	
 2170	 213.87	    0.0	 1500.0	    0.0	 -646.5	  907.8	    0.0	  200.0	 -526.5	  693.6	    0.0	  200.0	  100.0	    0.0	    0.0	    0.0	    0.0	    5.6	   82.5	  1	 -650.0	 2050.0	    0.0	    0.0	    5.6	1	  298.1	 21	    0.0	    0.0	
 2171	 213.89	    0.0	 1500.0	    0.0	 -646.5	  907.8	    0.0	  200.0	 -526.5	  693.6	    0.0	  200.0	  100.0	    0.0	    0.0	    0.0	    0.0	    5.6	   82.5	  1	 -650.0	 2050.0	    0.0	    0.0	    5.6	1	  298.1	 21	    0.0	    0.0	
 2172	 213.90	    0.0	 1500.0	    0.0	 -646.5	  907.8	    0.0	  200.0	 -526.5	  693.6	    0.0	  200.0	  100.0	    0.0	    0.0	    0.0	    0.0	    5.5	   82.5	  1	 -650.0	 2050.0	    0.0	    0.0	    5.5	1	  298.1	 21	    0.0	    0.0	
 2173	 213.91	    0.0	 1500.0	    0.0	 -646.5	  907.8	    0.0	  200.0	 -526.5	  693.6	    0.0	  200.0	  100.0	    0.0	    0.0	    0.0	    0.0	    5.5	   82.6	  1	 -650.0	 2050.0	    0.0	    0.0	    5.5	1	  298.1	 21	    0.0	    0.0	
 2174	 213.93	    0.0	 1500.0	    0.0	 -646.5	  907.8	    0.0	  200.0	 -526.5	  693.6	    0.0	  200.0	  100.0	    0.0	    0.0	    0.0	    0.0	    5.5	   82.6	  1	 -650.0	 2050.0	    0.0	    0.0	    5.5	1	  298.1	 21	    0.0	    0.0	
 2175	 213.94	    0.0	 1500.0	    0.0	 -646.5	  907.8	    0.0	  200.0	 -526.5	  693.6	    0.0	  200.0	  100.0	    0.0	    0.0	    0.0	    0.0	    5.4	   82.6	  1	 -650.0	 2050.0	    0.0	    0.0	    5.4	1	  298.1	 21	    0.0	    0.0	
 2176	 213.95	    0.0	 1500.0	    0.0	 -646.5	  907.8	    0.0	  200.0	 -526.5	  693.6	    0.0	  200.0	  100.0	    0.0	    0.0	    0.0	    0.0	    5.4	   82.7	  1	 -650.0	 2050.0	    0.0	    0.0	    5.4	1	  298.1	 21	    0.0	    0.0	
 2177	 213.97	    0.0	 1500.0	    0.0	 -646.5	  907.8	    0.0	  200.0	 -526.5	  693.6	    0.0	  200.0	  100.0	    0.0	    0.0	    0.0	    0.0	    5.4	   82.7	  1	 -650.0	 2050.0	    0.0	    0.0	    5.4	1	  298.1	 21	    0.0	    0.0	
 2178	 213.98	    0.0	 1500.0	    0.0	 -646.5	  907.8	    0.0	  200.0	 -526.5	  693.6	    0.0	  200.0	  100.0	    0.0	    0.0	    0.0	    0.0	    5.3	   82.8	  1	 -650.0	 2050.0	    0.0	    0.0	    5.3	1	  298.1	 21	    0.0	    0.0	
 2179	 213.99	    0.0	 1500.0	    0.0	 -646.5	  907.8	    0.0	  200.0	 -526.5	  693.6	    0.0	  200.0	  100.0	    0.0	    0.0	    0.0	    0.0	    5.3	   82.8	  1	 -650.0	 2050.0	    0.0	    0.0	    5.3	1	  298.1	 21	    0.0	    0.0	
 2180	 214.00	    0.0	 1500.0	    0.0	 -646.5	  907.8	    0.0	  200.0	 -526.5	  693.6	    0.0	  200.0	  100.0	    0.0	    0.0	    0.0	    0.0	    5.3	   82.8	  1	 -650.0	 2050.0	    0.0	    0.0	    5.3	1	  298.1	 21	    0.0	    0.0	
 2181	 214.02	    0.0	 1500.0	    0.0	 -646.5	  907.8	    0.0	  200.0	 -526.5	  693.6	    0.0	  200.0	  100.0	    0.0	    0.0	    0.0	    0.0	    5.2	   82.9	  1	 -650.0	 2050.0	    0.0	    0.0	    5.2	1	  298.0	 21	    0.0	    0.0	
 2182	 214.03	    0.0	 1500.0	    0.0	 -646.5	  907.8	    0.0	  200.0	 -526.5	  693.6	    0.0	  200.0	  100.0	    0.0	    0.0	    0.0	    0.0	    5.2	   82.9	  1	 -650.0	 2050.0	    0.0	    0.0	    5.2	1	  298.0	 21	    0.0	    0.0	
 2183	 214.04	    0.0	 1500.0	    0.0	 -646.5	  907.8	    0.0	  200.0	 -526.5	  693.6	    0.0	  200.0	  100.0	    0.0	    0.0	    0.0	    0.0	    5.2	   83.0	  1	 -650.0	 2050.0	    0.0	    0.0	    5.2	1	  298.0	 21	    0.0	    0.0	
 2184	 214.05	    0.0	 1500.0	    0.0	 -646.5	  907.8	    0.0	  200.0	 -526.5	  693.6	    0.0	  200.0	  100.0	    0.0	    0.0	    0.0	    0.0	    5.1	   83.0	  1	 -650.0	 2050.0	    0.0	    0.0	    5.1	1	  298.0	 21	    0.0	    0.0	
 2185	 214.07	    0.0	 1500.0	    0.0	 -646.5	  907.8	    0.0	  200.0	 -526.5	  693.6	    0.0	  200.0	  100.0	    0.0	    0.0	    0.0	    0.0	    5.1	   83.0	  1	 -650.0	 2050.0	    0.0	    0.0	    5.1	1	  298.0	 21	    0.0	    0.0	
 2186	 214.08	    0.0	 1500.0	    0.0	 -646.5	  907.8	    0.0	  200.0	 -526.5	  693.6	    0.0	  200.0	  100.0	    0.0	    0.0	    0.0	    0.0	    5.1	   83.1	  1	 -650.0	 2050.0	    0.0	    0.0	    5.1	1	  298.0	 21	    0.0	    0.0	
 2187	 214.09	    0.0	 1500.0	    0.0	 -646.5	  907.8	    0.0	  200.0	 -526.5	  693.6	    0.0	  200.0	  100.0	    0.0	    0.0	    0.0	    0.0	    5.0	   83.1	  1	 -650.0	 2050.0	    0.0	    0.0	    5.0	1	  298.0	 21	    0.0	    0.0	
 2188	 214.10	    0.0	 1500.0	    0.0	 -646.5	  907.8	    0.0	  200.0	 -526.5	  693.6	    0.0	  200.0	  100.0	    0.0	    0.0	    0.0	    0.0	    5.0	   83.1	  1	 -650.0	 2050.0	    0.0	    0.0	    5.0	1	  298.0	 21	    0.0	    0.0	
 2189	 214.12	    0.0	 1500.0	    0.0	 -646.5	  907.8	    0.0	  200.0	 -526.5	  693.6	    0.0	  200.0	  100.0	    0.0	    0.0	    0.0	    0.0	    5.0	   83.2	  1	 -650.0	 2050.0	    0.0	    0.0	    5.0	1	  298.0	 21	    0.0	    0.0	
 2190	 214.13	    0.0	 1500.0	    0.0	 -646.5	  907.8	    0.0	  200.0	 -526.5	  693.6	    0.0	  200.0	  100.0	    0.0	    0.0	    0.0	    0.0	    4.9	   83.2	  1	 -650.0	 2050.0	    0.0	    0.0	    4.9	1	  298.0	 21	    0.0	    0.0	
 2191	 214.14	    0.0	 1500.0	    0.0	 -646.5	  907.8	    0.0	  200.0	 -526.5	  693.6	    0.0	  200.0	  100.0	    0.0	    0.0	    0.0	    0.0	    4.9	   83.3	  1	 -650.0	 2050.0	    0.0	    0.0	    4.9	1	  298.0	 21	    0.0	    0.0	
 2192	 214.15	    0.0	 1500.0	    0.0	 -646.5	  907.8	    0.0	  200.0	 -526.5	  693.6	    0.0	  200.0	  100.0	    0.0	    0.0	    0.0	    0.0	    4.8	   83.3	  1	 -650.0	 2050.0	    0.0	    0.0	    4.8	1	  298.0	 21	    0.0	    0.0	
 2193	 214.17	    0.0	 1500.0	    0.0	 -646.5	  907.8	    0.0	  200.0	 -526.5	  693.6	    0.0	  200.0	  100.0	    0.0	    0.0	    0.0	    0.0	    4.8	   83.3	  1	 -650.0	 2050.0	    0.0	    0.0	    4.8	1	  297.9	 21	    0.0	    0.0	
 2194	 214.18	    0.0	 1500.0	    0.0	 -646.5	  907.8	    0.0	  200.0	 -526.5	  693.6	    0.0	  200.0	  100.0	    0.0	    0.0	    0.0	    0.0	    4.8	   83.4	  1	 -650.0	 2050.0	    0.0	    0.0	    4.8	1	  297.9	 21	    0.0	    0.0	
 2195	 214.19	    0.0	 1500.0	    0.0	 -646.5	  907.8	    0.0	  200.0	 -526.5	  693.6	    0.0	  200.0	  100.0	    0.0	    0.0	    0.0	    0.0	    4.7	   83.4	  1	 -650.0	 2050.0	    0.0	    0.0	    4.7	1	  297.9	 21	    0.0	    0.0	
 2196	 214.21	    0.0	 1500.0	    0.0	 -646.5	  907.8	    0.0	  200.0	 -526.5	  693.6	    0.0	  200.0	  100.0	    0.0	    0.0	    0.0	    0.0	    4.7	   83.4	  1	 -650.0	 2050.0	    0.0	    0.0	    4.7	1	  297.9	 21	    0.0	    0.0	
 2197	 214.22	    0.0	 1500.0	    0.0	 -646.5	  907.8	    0.0	  200.0	 -526.5	  693.6	    0.0	  200.0	  100.0	    0.0	    0.0	    0.0	    0.0	    4.7	   83.5	  1	 -650.0	 2050.0	    0.0	    0.0	    4.7	1	  297.9	 21	    0.0	    0.0	
 2198	 214.23	    0.0	 1500.0	    0.0	 -646.5	  907.8	    0.0	  200.0	 -526.5	  693.6	    0.0	  200.0	  100.0	    0.0	    0.0	    0.0	    0.0	    4.6	   83.5	  1	 -650.0	 2050.0	    0.0	    0.0	    4.6	1	  297.9	 21	    0.0	    0.0	
 2199	 214.24	    0.0	 1500.0	    0.0	 -646.5	  907.8	    0.0	  200.0	 -526.5	  693.6	    0.0	  200.0	  100.0	    0.0	    0.0	    0.0	    0.0	    4.6	   83.6	  1	 -650.0	 2050.0	    0.0	    0.0	    4.6	1	  297.9	 21	    0.0	    0.0	
 2200	 214.26	    0.0	 1500.0	    0.0	 -646.5	  907.8	    0.0	  200.0	 -526.5	  693.6	    0.0	  200.0	  100.0	    0.0	    0.0	    0.0	    0.0	    4.6	   83.6	  1	 -650.0	 2050.0	    0.0	    0.0	    4.6	1	  297.9	 21	    0.0	    0.0	
 2201	 214.27	    0.0	 1500.0	    0.0	 -646.5	  907.8	    0.0	  200.0	 -526.5	  693.6	    0.0	  200.0	  100.0	    0.0	    0.0	    0.0	    0.0	    4.5	   83.6	  1	 -650.0	 2050.0	    0.0	    0.0	    4.5	1	  297.9	 21	    0.0	    0.0	
 2202	 214.28	    0.0	 1500.0	    0.0	 -646.5	  907.8	    0.0	  200.0	 -526.5	  693.6	    0.0	  200.0	  100.0	    0.0	    0.0	    0.0	    0.0	    4.5	   83.7	  1	 -650.0	 2050.0	    0.0	    0.0	    4.5	1	  297.9	 21	    0.0	    0.0	
 2203	 214.29	    0.0	 1500.0	    0.0	 -646.5	  907.8	    0.0	  200.0	 -526.5	  693.6	    0.0	  200.0	  100.0	    0.0	    0.0	    0.0	    0.0	    4.5	   83.7	  1	 -650.0	 2050.0	    0.0	    0.0	    4.5	1	  297.9	 21	    0.0	    0.0	
 2204	 214.31	    0.0	 1500.0	    0.0	 -646.5	  907.8	    0.0	  200.0	 -526.5	  693.6	    0.0	  200.0	  100.0	    0.0	    0.0	    0.0	    0.0	    4.4	   83.8	  1	 -650.0	 2050.0	    0.0	    0.0	    4.4	1	  297.8	 21	    0.0	    0.0	
 2205	 214.32	    0.0	 1500.0	    0.0	 -646.5	  907.8	    0.0	  200.0	 -526.5	  693.6	    0.0	  200.0	  100.0	    0.0	    0.0	    0.0	    0.0	    4.4	   83.8	  1	 -650.0	 2050.0	    0.0	    0.0	    4.4	1	  297.8	 21	    0.0	    0.0	
 2206	 214.33	    0.0	 1500.0	    0.0	 -646.5	  907.8	    0.0	  200.0	 -526.5	  693.6	    0.0	  200.0	  100.0	    0.0	    0.0	    0.0	    0.0	    4.4	   83.8	  1	 -650.0	 2050.0	    0.0	    0.0	    4.4	1	  297.8	 21	    0.0	    0.0	
 2207	 214.34	    0.0	 1500.0	    0.0	 -646.5	  907.8	    0.0	  200.0	 -526.5	  693.6	    0.0	  200.0	  100.0	    0.0	    0.0	    0.0	    0.0	    4.3	   83.9	  1	 -650.0	 2050.0	    0.0	    0.0	    4.3	1	  297.8	 21	    0.0	    0.0	
 2208	 214.36	    0.0	 1500.0	    0.0	 -646.5	  907.8	    0.0	  200.0	 -526.5	  693.6	    0.0	  200.0	  100.0	    0.0	    0.0	    0.0	    0.0	    4.3	   83.9	  1	 -650.0	 2050.0	    0.0	    0.0	    4.3	1	  297.8	 21	    0.0	    0.0	
 2209	 214.37	    0.0	 1500.0	    0.0	 -646.5	  907.8	    0.0	  200.0	 -526.5	  693.6	    0.0	  200.0	  100.0	    0.0	    0.0	    0.0	    0.0	    4.2	   83.9	  1	 -650.0	 2050.0	    0.0	    0.0	    4.2	1	  297.8	 21	    0.0	    0.0	
 2210	 214.38	    0.0	 1500.0	    0.0	 -646.5	  907.8	    0.0	  200.0	 -526.5	  693.6	    0.0	  200.0	  100.0	    0.0	    0.0	    0.0	    0.0	    4.2	   84.0	  1	 -650.0	 2050.0	    0.0	    0.0	    4.2	1	  297.8	 21	    0.0	    0.0	
 2211	 214.40	    0.0	 1500.0	    0.0	 -646.5	  907.8	    0.0	  200.0	 -526.5	  693.6	    0.0	  200.0	  100.0	    0.0	    0.0	    0.0	    0.0	    4.2	   84.0	  1	 -650.0	 2050.0	    0.0	    0.0	    4.2	1	  297.8	 21	    0.0	    0.0	
 2212	 214.41	    0.0	 1500.0	    0.0	 -646.5	  907.8	    0.0	  200.0	 -526.5	  693.6	    0.0	  200.0	  100.0	    0.0	    0.0	    0.0	    0.0	    4.1	   84.1	  1	 -650.0	 2050.0	    0.0	    0.0	    4.1	1	  297.8	 21	    0.0	    0.0	
 2213	 214.42	    0.0	 1500.0	    0.0	 -646.5	  907.8	    0.0	  200.0	 -526.5	  693.6	    0.0	  200.0	  100.0	    0.0	    0.0	    0.0	    0.0	    4.1	   84.1	  1	 -650.0	 2050.0	    0.0	    0.0	    4.1	1	  297.8	 21	    0.0	    0.0	
 2214	 214.43	    0.0	 1500.0	    0.0	 -646.5	  907.8	    0.0	  200.0	 -526.5	  693.6	    0.0	  200.0	  100.0	    0.0	    0.0	    0.0	    0.0	    4.1	   84.1	  1	 -650.0	 2050.0	    0.0	    0.0	    4.1	1	  297.8	 21	    0.0	    0.0	
 2215	 214.45	    0.0	 1500.0	    0.0	 -646.5	  907.8	    0.0	  200.0	 -526.5	  693.6	    0.0	  200.0	  100.0	    0.0	    0.0	    0.0	    0.0	    4.0	   84.2	  1	 -650.0	 2050.0	    0.0	    0.0	    4.0	1	  297.8	 21	    0.0	    0.0	
 2216	 214.46	    0.0	 1500.0	    0.0	 -646.5	  907.8	    0.0	  200.0	 -526.5	  693.6	    0.0	  200.0	  100.0	    0.0	    0.0	    0.0	    0.0	    4.0	   84.2	  1	 -650.0	 2050.0	    0.0	    0.0	    4.0	1	  297.7	 21	    0.0	    0.0	
 2217	 214.47	    0.0	 1500.0	    0.0	 -646.5	  907.8	    0.0	  200.0	 -526.5	  693.6	    0.0	  200.0	  100.0	    0.0	    0.0	    0.0	    0.0	    4.0	   84.2	  1	 -650.0	 2050.0	    0.0	    0.0	    4.0	1	  297.7	 21	    0.0	    0.0	
 2218	 214.49	    0.0	 1500.0	    0.0	 -646.5	  907.8	    0.0	  200.0	 -526.5	  693.6	    0.0	  200.0	  100.0	    0.0	    0.0	    0.0	    0.0	    3.9	   84.3	  1	 -650.0	 2050.0	    0.0	    0.0	    3.9	1	  297.7	 21	    0.0	    0.0	
 2219	 214.50	    0.0	 1500.0	    0.0	 -646.5	  907.8	    0.0	  200.0	 -526.5	  693.6	    0.0	  200.0	  100.0	    0.0	    0.0	    0.0	    0.0	    3.9	   84.3	  1	 -650.0	 2050.0	    0.0	    0.0	    3.9	1	  297.7	 21	    0.0	    0.0	
 2220	 214.52	    0.0	 1500.0	    0.0	 -646.5	  907.8	    0.0	  200.0	 -526.5	  693.6	    0.0	  200.0	  100.0	    0.0	    0.0	    0.0	    0.0	    3.9	   84.4	  1	 -650.0	 2050.0	    0.0	    0.0	    3.9	1	  297.7	 21	    0.0	    0.0	
 2221	 214.53	    0.0	 1500.0	    0.0	 -646.5	  907.8	    0.0	  200.0	 -526.5	  693.6	    0.0	  200.0	  100.0	    0.0	    0.0	    0.0	    0.0	    3.8	   84.4	  1	 -650.0	 2050.0	    0.0	    0.0	    3.8	1	  297.7	 21	    0.0	    0.0	
 2222	 214.54	    0.0	 1500.0	    0.0	 -646.5	  907.8	    0.0	  200.0	 -526.5	  693.6	    0.0	  200.0	  100.0	    0.0	    0.0	    0.0	    0.0	    3.8	   84.4	  1	 -650.0	 2050.0	    0.0	    0.0	    3.8	1	  297.7	 21	    0.0	    0.0	
 2223	 214.56	    0.0	 1500.0	    0.0	 -646.5	  907.8	    0.0	  200.0	 -526.5	  693.6	    0.0	  200.0	  100.0	    0.0	    0.0	    0.0	    0.0	    3.8	   84.5	  1	 -650.0	 2050.0	    0.0	    0.0	    3.8	1	  297.7	 21	    0.0	    0.0	
 2224	 214.57	    0.0	 1500.0	    0.0	 -646.5	  907.8	    0.0	  200.0	 -526.5	  693.6	    0.0	  200.0	  100.0	    0.0	    0.0	    0.0	    0.0	    3.7	   84.5	  1	 -650.0	 2050.0	    0.0	    0.0	    3.7	1	  297.7	 21	    0.0	    0.0	
 2225	 214.59	    0.0	 1500.0	    0.0	 -646.5	  907.8	    0.0	  200.0	 -526.5	  693.6	    0.0	  200.0	  100.0	    0.0	    0.0	    0.0	    0.0	    3.7	   84.5	  1	 -650.0	 2050.0	    0.0	    0.0	    3.7	1	  297.7	 21	    0.0	    0.0	
 2226	 214.60	    0.0	 1500.0	    0.0	 -646.5	  907.8	    0.0	  200.0	 -526.5	  693.6	    0.0	  200.0	  100.0	    0.0	    0.0	    0.0	    0.0	    3.6	   84.6	  1	 -650.0	 2050.0	    0.0	    0.0	    3.6	1	  297.7	 21	    0.0	    0.0	
 2227	 214.62	    0.0	 1500.0	    0.0	 -646.5	  907.8	    0.0	  200.0	 -526.5	  693.6	    0.0	  200.0	  100.0	    0.0	    0.0	    0.0	    0.0	    3.6	   84.6	  1	 -650.0	 2050.0	    0.0	    0.0	    3.6	1	  297.7	 21	    0.0	    0.0	
 2228	 214.63	    0.0	 1500.0	    0.0	 -646.5	  907.8	    0.0	  200.0	 -526.5	  693.6	    0.0	  200.0	  100.0	    0.0	    0.0	    0.0	    0.0	    3.6	   84.7	  1	 -650.0	 2050.0	    0.0	    0.0	    3.6	1	  297.6	 21	    0.0	    0.0	
 2229	 214.64	    0.0	 1500.0	    0.0	 -646.5	  907.8	    0.0	  200.0	 -526.5	  693.6	    0.0	  200.0	  100.0	    0.0	    0.0	    0.0	    0.0	    3.5	   84.7	  1	 -650.0	 2050.0	    0.0	    0.0	    3.5	1	  297.6	 21	    0.0	    0.0	
