    1	   0.03	    0.0	    0.0	    0.0	    0.0	    0.0	    0.0	    0.0	    0.0	    0.0	    0.0	    0.0	  100.0	   99.9	    0.0	    0.0	    0.0	    0.0	    0.1	  1	-1000.0	  500.0	   99.9	    0.0	    0.0	1	  838.9	 21	    0.0	    5.0	
    2	   0.06	    0.0	    0.0	    0.0	    0.0	    0.0	    0.0	    0.0	    0.0	    0.0	    0.0	    0.0	  100.0	   99.4	    0.0	    0.0	    0.0	    0.0	    0.1	  1	  -50.0	 1250.0	   99.4	    0.0	    0.0	1	  974.6	 21	    0.0	    5.0	
    3	   0.09	    0.0	    0.0	    0.0	    0.0	    0.0	    0.0	    0.0	    0.0	    0.0	    0.0	    0.0	  100.0	   98.9	    0.0	    0.0	    0.0	    0.0	    0.2	  1	  -50.0	 1250.0	   98.9	    0.0	    0.0	1	  974.0	 21	    0.0	    5.0	
    4	   0.12	    0.0	    0.0	    0.0	    0.0	    0.0	    0.0	    0.0	    0.0	    0.0	    0.0	    0.0	  100.0	   98.4	    0.0	    0.0	    0.0	    0.0	    0.3	  1	  -50.0	 1250.0	   98.4	    0.0	    0.0	1	  973.3	 21	    0.0	    5.0	
    5	   0.14	    0.0	    0.0	    0.0	    0.0	    0.0	    0.0	    0.0	    0.0	    0.0	    0.0	    0.0	  100.0	   97.9	    0.0	    0.0	    0.0	    0.0	    0.3	  1	  -50.0	 1250.0	   97.9	    0.0	    0.0	1	  972.7	 21	    0.0	    5.0	
    6	   0.17	    0.0	    0.0	    0.0	    0.0	    0.0	    0.0	    0.0	    0.0	    0.0	    0.0	    0.0	  100.0	   97.4	    0.0	    0.0	    0.0	    0.0	    0.4	  1	  -50.0	 1250.0	   97.4	    0.0	    0.0	1	  972.0	 21	    0.0	    5.0	
    7	   0.20	    0.0	    0.0	    0.0	    0.0	    0.0	    0.0	    0.0	    0.0	    0.0	    0.0	    0.0	  100.0	   96.9	    0.0	    0.0	    0.0	    0.0	    0.4	  1	  -50.0	 1250.0	   96.9	    0.0	    0.0	1	  971.4	 21	    0.0	    5.0	
    8	   0.23	    0.0	    0.0	    0.0	    0.0	    0.0	    0.0	    0.0	    0.0	    0.0	    0.0	    0.0	  100.0	   96.4	    0.0	    0.0	    0.0	    0.0	    0.5	  1	  -50.0	 1250.0	   96.4	    0.0	    0.0	1	  970.7	 21	    0.0	    5.0	
    9	   0.26	    0.0	    0.0	    0.0	    0.0	    0.0	    0.0	    0.0	    0.0	    0.0	    0.0	    0.0	  100.0	   95.9	    0.0	    0.0	    0.0	    0.0	    0.6	  1	  -50.0	 1250.0	   95.9	    0.0	    0.0	1	  970.0	 21	    0.0	    5.0	
   10	   0.29	    0.0	    0.0	    0.0	    0.0	    0.0	    0.0	    0.0	    0.0	    0.0	    0.0	    0.0	  100.0	   95.4	    0.0	    0.0	    0.0	    0.0	    0.6	  1	  -50.0	 1250.0	   95.4	    0.0	    0.0	1	  969.4	 21	    0.0	    5.0	
   11	   0.32	    0.0	    0.0	    0.0	    0.0	    0.0	    0.0	    0.0	    0.0	    0.0	    0.0	    0.0	  100.0	   94.9	    0.0	    0.0	    0.0	    0.0	    0.7	  1	  -50.0	 1250.0	   94.9	    0.0	    0.0	1	  968.7	 21	    0.0	    5.0	
   12	   0.34	    0.0	    0.0	    0.0	    0.0	    0.0	    0.0	    0.0	    0.0	    0.0	    0.0	    0.0	  100.0	   94.4	    0.0	    0.0	    0.0	    0.0	    0.8	  1	  -50.0	 1250.0	   94.4	    0.0	    0.0	1	  968.0	 21	    0.0	    5.0	
   13	   0.37	    0.0	    0.0	    0.0	    0.0	    0.0	    0.0	    0.0	    0.0	    0.0	    0.0	    0.0	  100.0	   93.9	    0.0	    0.0	    0.0	    0.0	    0.8	  1	  -50.0	 1250.0	   93.9	    0.0	    0.0	1	  967.3	 21	    0.0	    5.0	
   14	   0.40	    0.0	    0.0	    0.0	    0.0	    0.0	    0.0	    0.0	    0.0	    0.0	    0.0	    0.0	  100.0	   93.4	    0.0	    0.0	    0.0	    0.0	    0.9	  1	  -50.0	 1250.0	   93.4	    0.0	    0.0	1	  966.6	 21	    0.0	    5.0	
   15	   0.43	    0.0	    0.0	    0.0	    0.0	    0.0	    0.0	    0.0	    0.0	    0.0	    0.0	    0.0	  100.0	   92.9	    0.0	    0.0	    0.0	    0.0	    1.0	  1	  -50.0	 1250.0	   92.9	    0.0	    0.0	1	  965.9	 21	    0.0	    5.0	
   16	   0.46	    0.0	    0.0	    0.0	    0.0	    0.0	    0.0	    0.0	    0.0	    0.0	    0.0	    0.0	  100.0	   92.4	    0.0	    0.0	    0.0	    0.0	    1.0	  1	  -50.0	 1250.0	   92.4	    0.0	    0.0	1	  965.2	 21	    0.0	    5.0	
   17	   0.49	    0.0	    0.0	    0.0	    0.0	    0.0	    0.0	    0.0	    0.0	    0.0	    0.0	    0.0	  100.0	   91.9	    0.0	    0.0	    0.0	    0.0	    1.1	  1	  -50.0	 1250.0	   91.9	    0.0	    0.0	1	  964.5	 21	    0.0	    5.0	
   18	   0.52	    0.0	    0.0	    0.0	    0.0	    0.0	    0.0	    0.0	    0.0	    0.0	    0.0	    0.0	  100.0	   91.4	    0.0	    0.0	    0.0	    0.0	    1.1	  1	  -50.0	 1250.0	   91.4	    0.0	    0.0	1	  963.8	 21	    0.0	    5.0	
   19	   0.54	    0.0	    0.0	    0.0	    0.0	    0.0	    0.0	    0.0	    0.0	    0.0	    0.0	    0.0	  100.0	   90.9	    0.0	    0.0	    0.0	    0.0	    1.2	  1	  -50.0	 1250.0	   90.9	    0.0	    0.0	1	  963.1	 21	    0.0	    5.0	
   20	   0.57	    0.0	    0.0	    0.0	    0.0	    0.0	    0.0	    0.0	    0.0	    0.0	    0.0	    0.0	  100.0	   90.4	    0.0	    0.0	    0.0	    0.0	    1.3	  1	  -50.0	 1250.0	   90.4	    0.0	    0.0	1	  962.3	 21	    0.0	    5.0	
   21	   0.60	    0.0	    0.0	    0.0	    0.0	    0.0	    0.0	    0.0	    0.0	    0.0	    0.0	    0.0	  100.0	   89.9	    0.0	    0.0	    0.0	    0.0	    1.3	  1	  -50.0	 1250.0	   89.9	    0.0	    0.0	1	  961.6	 21	    0.0	    5.0	
   22	   0.63	    0.0	    0.0	    0.0	    0.0	    0.0	    0.0	    0.0	    0.0	    0.0	    0.0	    0.0	  100.0	   89.4	    0.0	    0.0	    0.0	    0.0	    1.4	  1	  -50.0	 1250.0	   89.4	    0.0	    0.0	1	  960.9	 21	    0.0	    5.0	
   23	   0.66	    0.0	    0.0	    0.0	    0.0	    0.0	    0.0	    0.0	    0.0	    0.0	    0.0	    0.0	  100.0	   88.9	    0.0	    0.0	    0.0	    0.0	    1.5	  1	  -50.0	 1250.0	   88.9	    0.0	    0.0	1	  960.1	 21	    0.0	    5.0	
   24	   0.69	    0.0	    0.0	    0.0	    0.0	    0.0	    0.0	    0.0	    0.0	    0.0	    0.0	    0.0	  100.0	   88.4	    0.0	    0.0	    0.0	    0.0	    1.5	  1	  -50.0	 1250.0	   88.4	    0.0	    0.0	1	  959.4	 21	    0.0	    5.0	
   25	   0.71	    0.0	    0.0	    0.0	    0.0	    0.0	    0.0	    0.0	    0.0	    0.0	    0.0	    0.0	  100.0	   87.9	    0.0	    0.0	    0.0	    0.0	    1.6	  1	  -50.0	 1250.0	   87.9	    0.0	    0.0	1	  958.6	 21	    0.0	    5.0	
   26	   0.74	    0.0	    0.0	    0.0	    0.0	    0.0	    0.0	    0.0	    0.0	    0.0	    0.0	    0.0	  100.0	   87.4	    0.0	    0.0	    0.0	    0.0	    1.7	  1	  -50.0	 1250.0	   87.4	    0.0	    0.0	1	  957.9	 21	    0.0	    5.0	
   27	   0.77	    0.0	    0.0	    0.0	    0.0	    0.0	    0.0	    0.0	    0.0	    0.0	    0.0	    0.0	  100.0	   86.9	    0.0	    0.0	    0.0	    0.0	    1.7	  1	  -50.0	 1250.0	   86.9	    0.0	    0.0	1	  957.1	 21	    0.0	    5.0	
   28	   0.80	    0.0	    0.0	    0.0	    0.0	    0.0	    0.0	    0.0	    0.0	    0.0	    0.0	    0.0	  100.0	   86.4	    0.0	    0.0	    0.0	    0.0	    1.8	  1	  -50.0	 1250.0	   86.4	    0.0	    0.0	1	  956.3	 21	    0.0	    5.0	
   29	   0.83	    0.0	    0.0	    0.0	    0.0	    0.0	    0.0	    0.0	    0.0	    0.0	    0.0	    0.0	  100.0	   85.9	    0.0	    0.0	    0.0	    0.0	    1.8	  1	  -50.0	 1250.0	   85.9	    0.0	    0.0	1	  955.6	 21	    0.0	    5.0	
   30	   0.86	    0.0	    0.0	    0.0	    0.0	    0.0	    0.0	    0.0	    0.0	    0.0	    0.0	    0.0	  100.0	   85.4	    0.0	    0.0	    0.0	    0.0	    1.9	  1	  -50.0	 1250.0	   85.4	    0.0	    0.0	1	  954.8	 21	    0.0	    5.0	
   31	   0.89	    0.0	    0.0	    0.0	    0.0	    0.0	    0.0	    0.0	    0.0	    0.0	    0.0	    0.0	  100.0	   84.9	    0.0	    0.0	    0.0	    0.0	    2.0	  1	  -50.0	 1250.0	   84.9	    0.0	    0.0	1	  954.0	 21	    0.0	    5.0	
   32	   0.92	    0.0	    0.0	    0.0	    0.0	    0.0	    0.0	    0.0	    0.0	    0.0	    0.0	    0.0	  100.0	   84.4	    0.0	    0.0	    0.0	    0.0	    2.0	  1	  -50.0	 1250.0	   84.4	    0.0	    0.0	1	  953.2	 21	    0.0	    5.0	
   33	   0.94	    0.0	    0.0	    0.0	    0.0	    0.0	    0.0	    0.0	    0.0	    0.0	    0.0	    0.0	  100.0	   83.9	    0.0	    0.0	    0.0	    0.0	    2.1	  1	  -50.0	 1250.0	   83.9	    0.0	    0.0	1	  952.4	 21	    0.0	    5.0	
   34	   0.97	    0.0	    0.0	    0.0	    0.0	    0.0	    0.0	    0.0	    0.0	    0.0	    0.0	    0.0	  100.0	   83.4	    0.0	    0.0	    0.0	    0.0	    2.2	  1	  -50.0	 1250.0	   83.4	    0.0	    0.0	1	  951.6	 21	    0.0	    5.0	
   35	   1.00	    0.0	    0.0	    0.0	    0.0	    0.0	    0.0	    0.0	    0.0	    0.0	    0.0	    0.0	  100.0	   82.9	    0.0	    0.0	    0.0	    0.0	    2.2	  1	  -50.0	 1250.0	   82.9	    0.0	    0.0	1	  950.8	 21	    0.0	    5.0	
   36	   1.03	    0.0	    0.0	    0.0	    0.0	    0.0	    0.0	    0.0	    0.0	    0.0	    0.0	    0.0	  100.0	   82.4	    0.0	    0.0	    0.0	    0.0	    2.3	  1	  -50.0	 1250.0	   82.4	    0.0	    0.0	1	  950.0	 21	    0.0	    5.0	
   37	   1.06	    0.0	    0.0	    0.0	    0.0	    0.0	    0.0	    0.0	    0.0	    0.0	    0.0	    0.0	  100.0	   81.9	    0.0	    0.0	    0.0	    0.0	    2.4	  1	  -50.0	 1250.0	   81.9	    0.0	    0.0	1	  949.2	 21	    0.0	    5.0	
   38	   1.09	    0.0	    0.0	    0.0	    0.0	    0.0	    0.0	    0.0	    0.0	    0.0	    0.0	    0.0	  100.0	   81.4	    0.0	    0.0	    0.0	    0.0	    2.4	  1	  -50.0	 1250.0	   81.4	    0.0	    0.0	1	  948.4	 21	    0.0	    5.0	
   39	   1.11	    0.0	    0.0	    0.0	    0.0	    0.0	    0.0	    0.0	    0.0	    0.0	    0.0	    0.0	  100.0	   80.9	    0.0	    0.0	    0.0	    0.0	    2.5	  1	  -50.0	 1250.0	   80.9	    0.0	    0.0	1	  947.6	 21	    0.0	    5.0	
   40	   1.14	    0.0	    0.0	    0.0	    0.0	    0.0	    0.0	    0.0	    0.0	    0.0	    0.0	    0.0	  100.0	   80.4	    0.0	    0.0	    0.0	    0.0	    2.5	  1	  -50.0	 1250.0	   80.4	    0.0	    0.0	1	  946.7	 21	    0.0	    5.0	
   41	   1.17	    0.0	    0.0	    0.0	    0.0	    0.0	    0.0	    0.0	    0.0	    0.0	    0.0	    0.0	  100.0	   79.9	    0.0	    0.0	    0.0	    0.0	    2.6	  1	  -50.0	 1250.0	   79.9	    0.0	    0.0	1	  945.9	 21	    0.0	    5.0	
   42	   1.20	    0.0	    0.0	    0.0	    0.0	    0.0	    0.0	    0.0	    0.0	    0.0	    0.0	    0.0	  100.0	   79.4	    0.0	    0.0	    0.0	    0.0	    2.7	  1	  -50.0	 1250.0	   79.4	    0.0	    0.0	1	  945.0	 21	    0.0	    5.0	
   43	   1.23	    0.0	    0.0	    0.0	    0.0	    0.0	    0.0	    0.0	    0.0	    0.0	    0.0	    0.0	  100.0	   78.9	    0.0	    0.0	    0.0	    0.0	    2.7	  1	  -50.0	 1250.0	   78.9	    0.0	    0.0	1	  944.2	 21	    0.0	    5.0	
   44	   1.26	    0.0	    0.0	    0.0	    0.0	    0.0	    0.0	    0.0	    0.0	    0.0	    0.0	    0.0	  100.0	   78.4	    0.0	    0.0	    0.0	    0.0	    2.8	  1	  -50.0	 1250.0	   78.4	    0.0	    0.0	1	  943.3	 21	    0.0	    5.0	
   45	   1.29	    0.0	    0.0	    0.0	    0.0	    0.0	    0.0	    0.0	    0.0	    0.0	    0.0	    0.0	  100.0	   77.9	    0.0	    0.0	    0.0	    0.0	    2.9	  1	  -50.0	 1250.0	   77.9	    0.0	    0.0	1	  942.5	 21	    0.0	    5.0	
   46	   1.31	    0.0	    0.0	    0.0	    0.0	    0.0	    0.0	    0.0	    0.0	    0.0	    0.0	    0.0	  100.0	   77.4	    0.0	    0.0	    0.0	    0.0	    2.9	  1	  -50.0	 1250.0	   77.4	    0.0	    0.0	1	  941.6	 21	    0.0	    5.0	
   47	   1.34	    0.0	    0.0	    0.0	    0.0	    0.0	    0.0	    0.0	    0.0	    0.0	    0.0	    0.0	  100.0	   76.9	    0.0	    0.0	    0.0	    0.0	    3.0	  1	  -50.0	 1250.0	   76.9	    0.0	    0.0	1	  940.8	 21	    0.0	    5.0	
   48	   1.37	    0.0	    0.0	    0.0	    0.0	    0.0	    0.0	    0.0	    0.0	    0.0	    0.0	    0.0	  100.0	   76.4	    0.0	    0.0	    0.0	    0.0	    3.1	  1	  -50.0	 1250.0	   76.4	    0.0	    0.0	1	  939.9	 21	    0.0	    5.0	
   49	   1.40	    0.0	    0.0	    0.0	    0.0	    0.0	    0.0	    0.0	    0.0	    0.0	    0.0	    0.0	  100.0	   75.9	    0.0	    0.0	    0.0	    0.0	    3.1	  1	  -50.0	 1250.0	   75.9	    0.0	    0.0	1	  939.0	 21	    0.0	    5.0	
   50	   1.43	    0.0	    0.0	    0.0	    0.0	    0.0	    0.0	    0.0	    0.0	    0.0	    0.0	    0.0	  100.0	   75.4	    0.0	    0.0	    0.0	    0.0	    3.2	  1	  -50.0	 1250.0	   75.4	    0.0	    0.0	1	  938.1	 21	    0.0	    5.0	
   51	   1.46	    0.0	    0.0	    0.0	    0.0	    0.0	    0.0	    0.0	    0.0	    0.0	    0.0	    0.0	  100.0	   74.9	    0.0	    0.0	    0.0	    0.0	    3.2	  1	  -50.0	 1250.0	   74.9	    0.0	    0.0	1	  937.2	 21	    0.0	    5.0	
   52	   1.49	    0.0	    0.0	    0.0	    0.0	    0.0	    0.0	    0.0	    0.0	    0.0	    0.0	    0.0	  100.0	   74.4	    0.0	    0.0	    0.0	    0.0	    3.3	  1	  -50.0	 1250.0	   74.4	    0.0	    0.0	1	  936.3	 21	    0.0	    5.0	
   53	   1.51	    0.0	    0.0	    0.0	    0.0	    0.0	    0.0	    0.0	    0.0	    0.0	    0.0	    0.0	  100.0	   73.9	    0.0	    0.0	    0.0	    0.0	    3.4	  1	  -50.0	 1250.0	   73.9	    0.0	    0.0	1	  935.4	 21	    0.0	    5.0	
   54	   1.54	    0.0	    0.0	    0.0	    0.0	    0.0	    0.0	    0.0	    0.0	    0.0	    0.0	    0.0	  100.0	   73.4	    0.0	    0.0	    0.0	    0.0	    3.4	  1	  -50.0	 1250.0	   73.4	    0.0	    0.0	1	  934.5	 21	    0.0	    5.0	
   55	   1.57	    0.0	    0.0	    0.0	    0.0	    0.0	    0.0	    0.0	    0.0	    0.0	    0.0	    0.0	  100.0	   72.9	    0.0	    0.0	    0.0	    0.0	    3.5	  1	  -50.0	 1250.0	   72.9	    0.0	    0.0	1	  933.6	 21	    0.0	    5.0	
   56	   1.60	    0.0	    0.0	    0.0	    0.0	    0.0	    0.0	    0.0	    0.0	    0.0	    0.0	    0.0	  100.0	   72.4	    0.0	    0.0	    0.0	    0.0	    3.6	  1	  -50.0	 1250.0	   72.4	    0.0	    0.0	1	  932.7	 21	    0.0	    5.0	
   57	   1.63	    0.0	    0.0	    0.0	    0.0	    0.0	    0.0	    0.0	    0.0	    0.0	    0.0	    0.0	  100.0	   71.9	    0.0	    0.0	    0.0	    0.0	    3.6	  1	  -50.0	 1250.0	   71.9	    0.0	    0.0	1	  931.8	 21	    0.0	    5.0	
   58	   1.66	    0.0	    0.0	    0.0	    0.0	    0.0	    0.0	    0.0	    0.0	    0.0	    0.0	    0.0	  100.0	   71.4	    0.0	    0.0	    0.0	    0.0	    3.7	  1	  -50.0	 1250.0	   71.4	    0.0	    0.0	1	  930.8	 21	    0.0	    5.0	
   59	   1.69	    0.0	    0.0	    0.0	    0.0	    0.0	    0.0	    0.0	    0.0	    0.0	    0.0	    0.0	  100.0	   70.9	    0.0	    0.0	    0.0	    0.0	    3.8	  1	  -50.0	 1250.0	   70.9	    0.0	    0.0	1	  929.9	 21	    0.0	    5.0	
   60	   1.72	    0.0	    0.0	    0.0	    0.0	    0.0	    0.0	    0.0	    0.0	    0.0	    0.0	    0.0	  100.0	   70.4	    0.0	    0.0	    0.0	    0.0	    3.8	  1	  -50.0	 1250.0	   70.4	    0.0	    0.0	1	  928.9	 21	    0.0	    5.0	
   61	   1.74	    0.0	    0.0	    0.0	    0.0	    0.0	    0.0	    0.0	    0.0	    0.0	    0.0	    0.0	  100.0	   69.9	    0.0	    0.0	    0.0	    0.0	    3.9	  1	  -50.0	 1250.0	   69.9	    0.0	    0.0	1	  928.0	 21	    0.0	    5.0	
   62	   1.77	    0.0	    0.0	    0.0	    0.0	    0.0	    0.0	    0.0	    0.0	    0.0	    0.0	    0.0	  100.0	   69.4	    0.0	    0.0	    0.0	    0.0	    3.9	  1	  -50.0	 1250.0	   69.4	    0.0	    0.0	1	  927.0	 21	    0.0	    5.0	
   63	   1.80	    0.0	    0.0	    0.0	    0.0	    0.0	    0.0	    0.0	    0.0	    0.0	    0.0	    0.0	  100.0	   68.9	    0.0	    0.0	    0.0	    0.0	    4.0	  1	  -50.0	 1250.0	   68.9	    0.0	    0.0	1	  926.1	 21	    0.0	    5.0	
   64	   1.83	    0.0	    0.0	    0.0	    0.0	    0.0	    0.0	    0.0	    0.0	    0.0	    0.0	    0.0	  100.0	   68.4	    0.0	    0.0	    0.0	    0.0	    4.1	  1	  -50.0	 1250.0	   68.4	    0.0	    0.0	1	  925.1	 21	    0.0	    5.0	
   65	   1.86	    0.0	    0.0	    0.0	    0.0	    0.0	    0.0	    0.0	    0.0	    0.0	    0.0	    0.0	  100.0	   67.9	    0.0	    0.0	    0.0	    0.0	    4.1	  1	  -50.0	 1250.0	   67.9	    0.0	    0.0	1	  924.2	 21	    0.0	    5.0	
   66	   1.89	    0.0	    0.0	    0.0	    0.0	    0.0	    0.0	    0.0	    0.0	    0.0	    0.0	    0.0	  100.0	   67.4	    0.0	    0.0	    0.0	    0.0	    4.2	  1	  -50.0	 1250.0	   67.4	    0.0	    0.0	1	  923.2	 21	    0.0	    5.0	
   67	   1.92	    0.0	    0.0	    0.0	    0.0	    0.0	    0.0	    0.0	    0.0	    0.0	    0.0	    0.0	  100.0	   66.9	    0.0	    0.0	    0.0	    0.0	    4.3	  1	  -50.0	 1250.0	   66.9	    0.0	    0.0	1	  922.2	 21	    0.0	    5.0	
   68	   1.94	    0.0	    0.0	    0.0	    0.0	    0.0	    0.0	    0.0	    0.0	    0.0	    0.0	    0.0	  100.0	   66.4	    0.0	    0.0	    0.0	    0.0	    4.3	  1	  -50.0	 1250.0	   66.4	    0.0	    0.0	1	  921.2	 21	    0.0	    5.0	
   69	   1.97	    0.0	    0.0	    0.0	    0.0	    0.0	    0.0	    0.0	    0.0	    0.0	    0.0	    0.0	  100.0	   65.9	    0.0	    0.0	    0.0	    0.0	    4.4	  1	  -50.0	 1250.0	   65.9	    0.0	    0.0	1	  920.2	 21	    0.0	    5.0	
   70	   2.00	    0.0	    0.0	    0.0	    0.0	    0.0	    0.0	    0.0	    0.0	    0.0	    0.0	    0.0	  100.0	   65.4	    0.0	    0.0	    0.0	    0.0	    4.5	  1	  -50.0	 1250.0	   65.4	    0.0	    0.0	1	  919.2	 21	    0.0	    5.0	
   71	   2.03	    0.0	    0.0	    0.0	    0.0	    0.0	    0.0	    0.0	    0.0	    0.0	    0.0	    0.0	  100.0	   64.9	    0.0	    0.0	    0.0	    0.0	    4.5	  1	  -50.0	 1250.0	   64.9	    0.0	    0.0	1	  918.2	 21	    0.0	    5.0	
   72	   2.06	    0.0	    0.0	    0.0	    0.0	    0.0	    0.0	    0.0	    0.0	    0.0	    0.0	    0.0	  100.0	   64.4	    0.0	    0.0	    0.0	    0.0	    4.6	  1	  -50.0	 1250.0	   64.4	    0.0	    0.0	1	  917.2	 21	    0.0	    5.0	
   73	   2.09	    0.0	    0.0	    0.0	    0.0	    0.0	    0.0	    0.0	    0.0	    0.0	    0.0	    0.0	  100.0	   63.9	    0.0	    0.0	    0.0	    0.0	    4.6	  1	  -50.0	 1250.0	   63.9	    0.0	    0.0	1	  916.2	 21	    0.0	    5.0	
   74	   2.12	    0.0	    0.0	    0.0	    0.0	    0.0	    0.0	    0.0	    0.0	    0.0	    0.0	    0.0	  100.0	   63.4	    0.0	    0.0	    0.0	    0.0	    4.7	  1	  -50.0	 1250.0	   63.4	    0.0	    0.0	1	  915.2	 21	    0.0	    5.0	
   75	   2.14	    0.0	    0.0	    0.0	    0.0	    0.0	    0.0	    0.0	    0.0	    0.0	    0.0	    0.0	  100.0	   62.9	    0.0	    0.0	    0.0	    0.0	    4.8	  1	  -50.0	 1250.0	   62.9	    0.0	    0.0	1	  914.1	 21	    0.0	    5.0	
   76	   2.17	    0.0	    0.0	    0.0	    0.0	    0.0	    0.0	    0.0	    0.0	    0.0	    0.0	    0.0	  100.0	   62.4	    0.0	    0.0	    0.0	    0.0	    4.8	  1	  -50.0	 1250.0	   62.4	    0.0	    0.0	1	  913.1	 21	    0.0	    5.0	
   77	   2.20	    0.0	    0.0	    0.0	    0.0	    0.0	    0.0	    0.0	    0.0	    0.0	    0.0	    0.0	  100.0	   61.9	    0.0	    0.0	    0.0	    0.0	    4.9	  1	  -50.0	 1250.0	   61.9	    0.0	    0.0	1	  912.1	 21	    0.0	    5.0	
   78	   2.23	    0.0	    0.0	    0.0	    0.0	    0.0	    0.0	    0.0	    0.0	    0.0	    0.0	    0.0	  100.0	   61.4	    0.0	    0.0	    0.0	    0.0	    5.0	  1	  -50.0	 1250.0	   61.4	    0.0	    0.0	1	  911.0	 21	    0.0	    5.0	
   79	   2.26	    0.0	    0.0	    0.0	    0.0	    0.0	    0.0	    0.0	    0.0	    0.0	    0.0	    0.0	  100.0	   60.9	    0.0	    0.0	    0.0	    0.0	    5.0	  1	  -50.0	 1250.0	   60.9	    0.0	    0.0	1	  910.0	 21	    0.0	    5.0	
   80	   2.29	    0.0	    0.0	    0.0	    0.0	    0.0	    0.0	    0.0	    0.0	    0.0	    0.0	    0.0	  100.0	   60.4	    0.0	    0.0	    0.0	    0.0	    5.1	  1	  -50.0	 1250.0	   60.4	    0.0	    0.0	1	  908.9	 21	    0.0	    5.0	
   81	   2.31	    0.0	    0.0	    0.0	    0.0	    0.0	    0.0	    0.0	    0.0	    0.0	    0.0	    0.0	  100.0	   59.9	    0.0	    0.0	    0.0	    0.0	    5.2	  1	  -50.0	 1250.0	   59.9	    0.0	    0.0	1	  907.9	 21	    0.0	    5.0	
   82	   2.34	    0.0	    0.0	    0.0	    0.0	    0.0	    0.0	    0.0	    0.0	    0.0	    0.0	    0.0	  100.0	   59.4	    0.0	    0.0	    0.0	    0.0	    5.2	  1	  -50.0	 1250.0	   59.4	    0.0	    0.0	1	  906.8	 21	    0.0	    5.0	
   83	   2.37	    0.0	    0.0	    0.0	    0.0	    0.0	    0.0	    0.0	    0.0	    0.0	    0.0	    0.0	  100.0	   58.9	    0.0	    0.0	    0.0	    0.0	    5.3	  1	  -50.0	 1250.0	   58.9	    0.0	    0.0	1	  905.7	 21	    0.0	    5.0	
   84	   2.40	    0.0	    0.0	    0.0	    0.0	    0.0	    0.0	    0.0	    0.0	    0.0	    0.0	    0.0	  100.0	   58.4	    0.0	    0.0	    0.0	    0.0	    5.3	  1	  -50.0	 1250.0	   58.4	    0.0	    0.0	1	  904.6	 21	    0.0	    5.0	
   85	   2.43	    0.0	    0.0	    0.0	    0.0	    0.0	    0.0	    0.0	    0.0	    0.0	    0.0	    0.0	  100.0	   57.9	    0.0	    0.0	    0.0	    0.0	    5.4	  1	  -50.0	 1250.0	   57.9	    0.0	    0.0	1	  903.6	 21	    0.0	    5.0	
   86	   2.46	    0.0	    0.0	    0.0	    0.0	    0.0	    0.0	    0.0	    0.0	    0.0	    0.0	    0.0	  100.0	   57.4	    0.0	    0.0	    0.0	    0.0	    5.5	  1	  -50.0	 1250.0	   57.4	    0.0	    0.0	1	  902.5	 21	    0.0	    5.0	
   87	   2.49	    0.0	    0.0	    0.0	    0.0	    0.0	    0.0	    0.0	    0.0	    0.0	    0.0	    0.0	  100.0	   56.9	    0.0	    0.0	    0.0	    0.0	    5.5	  1	  -50.0	 1250.0	   56.9	    0.0	    0.0	1	  901.4	 21	    0.0	    5.0	
   88	   2.52	    0.0	    0.0	    0.0	    0.0	    0.0	    0.0	    0.0	    0.0	    0.0	    0.0	    0.0	  100.0	   56.4	    0.0	    0.0	    0.0	    0.0	    5.6	  1	  -50.0	 1250.0	   56.4	    0.0	    0.0	1	  900.3	 21	    0.0	    5.0	
   89	   2.54	    0.0	    0.0	    0.0	    0.0	    0.0	    0.0	    0.0	    0.0	    0.0	    0.0	    0.0	  100.0	   55.9	    0.0	    0.0	    0.0	    0.0	    5.7	  1	  -50.0	 1250.0	   55.9	    0.0	    0.0	1	  899.2	 21	    0.0	    5.0	
   90	   2.57	    0.0	    0.0	    0.0	    0.0	    0.0	    0.0	    0.0	    0.0	    0.0	    0.0	    0.0	  100.0	   55.4	    0.0	    0.0	    0.0	    0.0	    5.7	  1	  -50.0	 1250.0	   55.4	    0.0	    0.0	1	  898.1	 21	    0.0	    5.0	
   91	   2.60	    0.0	    0.0	    0.0	    0.0	    0.0	    0.0	    0.0	    0.0	    0.0	    0.0	    0.0	  100.0	   54.9	    0.0	    0.0	    0.0	    0.0	    5.8	  1	  -50.0	 1250.0	   54.9	    0.0	    0.0	1	  896.9	 21	    0.0	    5.0	
   92	   2.63	    0.0	    0.0	    0.0	    0.0	    0.0	    0.0	    0.0	    0.0	    0.0	    0.0	    0.0	  100.0	   54.4	    0.0	    0.0	    0.0	    0.0	    5.9	  1	  -50.0	 1250.0	   54.4	    0.0	    0.0	1	  895.8	 21	    0.0	    5.0	
   93	   2.66	    0.0	    0.0	    0.0	    0.0	    0.0	    0.0	    0.0	    0.0	    0.0	    0.0	    0.0	  100.0	   53.9	    0.0	    0.0	    0.0	    0.0	    5.9	  1	  -50.0	 1250.0	   53.9	    0.0	    0.0	1	  894.7	 21	    0.0	    5.0	
   94	   2.69	    0.0	    0.0	    0.0	    0.0	    0.0	    0.0	    0.0	    0.0	    0.0	    0.0	    0.0	  100.0	   53.4	    0.0	    0.0	    0.0	    0.0	    6.0	  1	  -50.0	 1250.0	   53.4	    0.0	    0.0	1	  893.6	 21	    0.0	    5.0	
   95	   2.71	    0.0	    0.0	    0.0	    0.0	    0.0	    0.0	    0.0	    0.0	    0.0	    0.0	    0.0	  100.0	   52.9	    0.0	    0.0	    0.0	    0.0	    6.0	  1	  -50.0	 1250.0	   52.9	    0.0	    0.0	1	  892.4	 21	    0.0	    5.0	
   96	   2.74	    0.0	    0.0	    0.0	    0.0	    0.0	    0.0	    0.0	    0.0	    0.0	    0.0	    0.0	  100.0	   52.4	    0.0	    0.0	    0.0	    0.0	    6.1	  1	  -50.0	 1250.0	   52.4	    0.0	    0.0	1	  891.3	 21	    0.0	    5.0	
   97	   2.77	    0.0	    0.0	    0.0	    0.0	    0.0	    0.0	    0.0	    0.0	    0.0	    0.0	    0.0	  100.0	   51.9	    0.0	    0.0	    0.0	    0.0	    6.2	  1	  -50.0	 1250.0	   51.9	    0.0	    0.0	1	  890.1	 21	    0.0	    5.0	
   98	   2.80	    0.0	    0.0	    0.0	    0.0	    0.0	    0.0	    0.0	    0.0	    0.0	    0.0	    0.0	  100.0	   51.4	    0.0	    0.0	    0.0	    0.0	    6.2	  1	  -50.0	 1250.0	   51.4	    0.0	    0.0	1	  889.0	 21	    0.0	    5.0	
   99	   2.83	    0.0	    0.0	    0.0	    0.0	    0.0	    0.0	    0.0	    0.0	    0.0	    0.0	    0.0	  100.0	   50.9	    0.0	    0.0	    0.0	    0.0	    6.3	  1	  -50.0	 1250.0	   50.9	    0.0	    0.0	1	  887.8	 21	    0.0	    5.0	
  100	   2.86	    0.0	    0.0	    0.0	    0.0	    0.0	    0.0	    0.0	    0.0	    0.0	    0.0	    0.0	  100.0	   50.4	    0.0	    0.0	    0.0	    0.0	    6.4	  1	  -50.0	 1250.0	   50.4	    0.0	    0.0	1	  886.7	 21	    0.0	    5.0	
  101	   2.89	    0.0	 1500.0	    0.0	    0.0	    0.0	    0.0	    0.0	    0.0	    0.0	    0.0	    0.0	  100.0	   50.2	    0.0	    0.0	    0.0	    0.0	    6.0	  1	  -50.0	 1250.0	   50.2	    0.0	    0.0	1	  227.0	 21	 1327.8	   12.8	
  102	   2.92	    0.0	 1500.0	    0.0	    0.0	    0.0	    0.0	    0.0	    0.0	    0.0	    0.0	    0.0	  100.0	   49.9	    0.0	    0.0	    0.0	    0.0	    5.5	  1	  -50.0	 1250.0	   49.9	    0.0	    0.0	1	  227.0	 21	 1327.4	   12.7	
  103	   2.94	    0.0	 1500.0	    0.0	    0.0	    0.0	    0.0	    0.0	    0.0	    0.0	    0.0	    0.0	  100.0	   49.7	    0.0	    0.0	    0.0	    0.0	    5.2	  1	  -50.0	 1250.0	   49.7	    0.0	    0.0	1	  227.0	 21	 1327.0	   12.7	
  104	   2.97	    0.0	 1500.0	    0.0	    0.0	    0.0	    0.0	    0.0	    0.0	    0.0	    0.0	    0.0	  100.0	   49.4	    0.0	    0.0	    0.0	    0.0	    5.0	  1	  -50.0	 1250.0	   49.4	    0.0	    0.0	1	  227.0	 21	 1326.6	   12.7	
  105	   3.00	    0.0	 1500.0	    0.0	    0.0	    0.0	    0.0	    0.0	    0.0	    0.0	    0.0	    0.0	  100.0	   49.2	    0.0	    0.0	    0.0	    0.0	    4.9	  1	  -50.0	 1250.0	   49.2	    0.0	    0.0	1	  227.0	 21	 1326.2	   12.6	
  106	   3.03	    0.0	 1500.0	    0.0	    0.0	    0.0	    0.0	    0.0	    0.0	    0.0	    0.0	    0.0	  100.0	   48.9	    0.0	    0.0	    0.0	    0.0	    4.8	  1	  -50.0	 1250.0	   48.9	    0.0	    0.0	1	  227.0	 21	 1325.8	   12.6	
  107	   3.06	    0.0	 1500.0	    0.0	    0.0	    0.0	    0.0	    0.0	    0.0	    0.0	    0.0	    0.0	  100.0	   48.6	    0.0	    0.0	    0.0	    0.0	    4.7	  1	  -50.0	 1250.0	   48.6	    0.0	    0.0	1	  227.0	 21	 1325.4	   12.5	
  108	   3.09	    0.0	 1500.0	    0.0	    0.0	    0.0	    0.0	    0.0	    0.0	    0.0	    0.0	    0.0	  100.0	   48.4	    0.0	    0.0	    0.0	    0.0	    4.7	  1	  -50.0	 1250.0	   48.4	    0.0	    0.0	1	  227.0	 21	 1325.0	   12.5	
  109	   3.12	    0.0	 1500.0	    0.0	    0.0	    0.0	    0.0	    0.0	    0.0	    0.0	    0.0	    0.0	  100.0	   48.1	    0.0	    0.0	    0.0	    0.0	    4.6	  1	  -50.0	 1250.0	   48.1	    0.0	    0.0	1	  227.0	 21	 1324.5	   12.5	
  110	   3.14	    0.0	 1500.0	    0.0	    0.0	    0.0	    0.0	    0.0	    0.0	    0.0	    0.0	    0.0	  100.0	   47.9	    0.0	    0.0	    0.0	    0.0	    4.6	  1	  -50.0	 1250.0	   47.9	    0.0	    0.0	1	  227.0	 21	 1324.1	   12.4	
  111	   3.17	    0.0	 1500.0	    0.0	    0.0	    0.0	    0.0	    0.0	    0.0	    0.0	    0.0	    0.0	  100.0	   47.6	    0.0	    0.0	    0.0	    0.0	    4.6	  1	  -50.0	 1250.0	   47.6	    0.0	    0.0	1	  227.0	 21	 1323.7	   12.4	
  112	   3.20	    0.0	 1500.0	    0.0	    0.0	    0.0	    0.0	    0.0	    0.0	    0.0	    0.0	    0.0	  100.0	   47.4	    0.0	    0.0	    0.0	    0.0	    4.6	  1	  -50.0	 1250.0	   47.4	    0.0	    0.0	1	  227.0	 21	 1323.3	   12.3	
  113	   3.23	    0.0	 1500.0	    0.0	    0.0	    0.0	    0.0	    0.0	    0.0	    0.0	    0.0	    0.0	  100.0	   47.1	    0.0	    0.0	    0.0	    0.0	    4.5	  1	   50.0	 1250.0	   47.1	    0.0	    0.0	1	  227.0	 21	 1322.9	   12.3	
  114	   3.26	    0.0	 1500.0	    0.0	    0.0	    0.0	    0.0	    0.0	    0.0	    0.0	    0.0	    0.0	  100.0	   46.9	    0.0	    0.0	    0.0	    0.0	    4.5	  1	   50.0	 1250.0	   46.9	    0.0	    0.0	1	  227.0	 21	 1322.5	   12.3	
  115	   3.29	    0.0	 1500.0	    0.0	    0.0	    0.0	    0.0	    0.0	    0.0	    0.0	    0.0	    0.0	  100.0	   46.6	    0.0	    0.0	    0.0	    0.0	    4.5	  1	  -50.0	 1250.0	   46.6	    0.0	    0.0	1	  227.0	 21	 1322.1	   12.2	
  116	   3.31	    0.0	 1500.0	    0.0	    0.0	    0.0	    0.0	    0.0	    0.0	    0.0	    0.0	    0.0	  100.0	   46.4	    0.0	    0.0	    0.0	    0.0	    4.6	  1	  -50.0	 1250.0	   46.4	    0.0	    0.0	1	  227.0	 21	 1321.7	   12.2	
  117	   3.34	    0.0	 1500.0	    0.0	    0.0	    0.0	    0.0	    0.0	    0.0	    0.0	    0.0	    0.0	  100.0	   46.1	    0.0	    0.0	    0.0	    0.0	    4.6	  1	  -50.0	 1250.0	   46.1	    0.0	    0.0	1	  227.0	 21	 1321.3	   12.1	
  118	   3.37	    0.0	 1500.0	    0.0	    0.0	    0.0	    0.0	    0.0	    0.0	    0.0	    0.0	    0.0	  100.0	   45.8	    0.0	    0.0	    0.0	    0.0	    4.6	  1	  -50.0	 1250.0	   45.8	    0.0	    0.0	1	  227.0	 21	 1320.9	   12.1	
  119	   3.40	    0.0	 1500.0	    0.0	    0.0	    0.0	    0.0	    0.0	    0.0	    0.0	    0.0	    0.0	  100.0	   45.6	    0.0	    0.0	    0.0	    0.0	    4.6	  1	  -50.0	 1250.0	   45.6	    0.0	    0.0	1	  227.0	 21	 1320.5	   12.1	
  120	   3.43	    0.0	 1500.0	    0.0	    0.0	    0.0	    0.0	    0.0	    0.0	    0.0	    0.0	    0.0	  100.0	   45.3	    0.0	    0.0	    0.0	    0.0	    4.6	  1	  -50.0	 1250.0	   45.3	    0.0	    0.0	1	  227.0	 21	 1320.1	   12.0	
  121	   3.46	    0.0	 1500.0	    0.0	    0.0	    0.0	    0.0	    0.0	    0.0	    0.0	    0.0	    0.0	  100.0	   45.1	    0.0	    0.0	    0.0	    0.0	    4.6	  1	  -50.0	 1250.0	   45.1	    0.0	    0.0	1	  227.0	 21	 1319.7	   12.0	
  122	   3.49	    0.0	 1500.0	    0.0	    0.0	    0.0	    0.0	    0.0	    0.0	    0.0	    0.0	    0.0	  100.0	   44.8	    0.0	    0.0	    0.0	    0.0	    4.6	  1	  -50.0	 1250.0	   44.8	    0.0	    0.0	1	  227.0	 21	 1319.3	   11.9	
  123	   3.52	    0.0	 1500.0	    0.0	    0.0	    0.0	    0.0	    0.0	    0.0	    0.0	    0.0	    0.0	  100.0	   44.6	    0.0	    0.0	    0.0	    0.0	    4.6	  1	  -50.0	 1250.0	   44.6	    0.0	    0.0	1	  227.0	 21	 1318.9	   11.9	
  124	   3.54	    0.0	 1500.0	    0.0	    0.0	    0.0	    0.0	    0.0	    0.0	    0.0	    0.0	    0.0	  100.0	   44.3	    0.0	    0.0	    0.0	    0.0	    4.6	  1	  -50.0	 1250.0	   44.3	    0.0	    0.0	1	  227.0	 21	 1318.5	   11.9	
  125	   3.57	    0.0	 1500.0	    0.0	    0.0	    0.0	    0.0	    0.0	    0.0	    0.0	    0.0	    0.0	  100.0	   44.1	    0.0	    0.0	    0.0	    0.0	    4.7	  1	  -50.0	 1250.0	   44.1	    0.0	    0.0	1	  227.0	 21	 1318.1	   11.8	
  126	   3.60	    0.0	 1500.0	    0.0	    0.0	    0.0	    0.0	    0.0	    0.0	    0.0	    0.0	    0.0	  100.0	   43.8	    0.0	    0.0	    0.0	    0.0	    4.7	  1	  -50.0	 1250.0	   43.8	    0.0	    0.0	1	  227.0	 21	 1317.7	   11.8	
  127	   3.63	    0.0	 1500.0	    0.0	    0.0	    0.0	    0.0	    0.0	    0.0	    0.0	    0.0	    0.0	  100.0	   43.5	    0.0	    0.0	    0.0	    0.0	    4.7	  1	  -50.0	 1250.0	   43.5	    0.0	    0.0	1	  227.0	 21	 1317.3	   11.7	
  128	   3.66	    0.0	 1500.0	    0.0	    0.0	    0.0	    0.0	    0.0	    0.0	    0.0	    0.0	    0.0	  100.0	   43.3	    0.0	    0.0	    0.0	    0.0	    4.7	  1	  -50.0	 1250.0	   43.3	    0.0	    0.0	1	  227.0	 21	 1316.9	   11.7	
  129	   3.69	    0.0	 1500.0	    0.0	    0.0	    0.0	    0.0	    0.0	    0.0	    0.0	    0.0	    0.0	  100.0	   43.0	    0.0	    0.0	    0.0	    0.0	    4.8	  1	  -50.0	 1250.0	   43.0	    0.0	    0.0	1	  227.0	 21	 1316.5	   11.6	
  130	   3.71	    0.0	 1500.0	    0.0	    0.0	    0.0	    0.0	    0.0	    0.0	    0.0	    0.0	    0.0	  100.0	   42.8	    0.0	    0.0	    0.0	    0.0	    4.8	  1	  -50.0	 1250.0	   42.8	    0.0	    0.0	1	  227.0	 21	 1316.1	   11.6	
  131	   3.74	    0.0	 1500.0	    0.0	    0.0	    0.0	    0.0	    0.0	    0.0	    0.0	    0.0	    0.0	  100.0	   42.5	    0.0	    0.0	    0.0	    0.0	    4.8	  1	  -50.0	 1250.0	   42.5	    0.0	    0.0	1	  227.0	 21	 1315.7	   11.6	
  132	   3.77	    0.0	 1500.0	    0.0	    0.0	    0.0	    0.0	    0.0	    0.0	    0.0	    0.0	    0.0	  100.0	   42.3	    0.0	    0.0	    0.0	    0.0	    4.8	  1	  -50.0	 1250.0	   42.3	    0.0	    0.0	1	  227.0	 21	 1315.3	   11.5	
  133	   3.80	    0.0	 1500.0	    0.0	    0.0	    0.0	    0.0	    0.0	    0.0	    0.0	    0.0	    0.0	  100.0	   42.0	    0.0	    0.0	    0.0	    0.0	    4.9	  1	  -50.0	 1250.0	   42.0	    0.0	    0.0	1	  227.0	 21	 1314.9	   11.5	
  134	   3.83	    0.0	 1500.0	    0.0	    0.0	    0.0	    0.0	    0.0	    0.0	    0.0	    0.0	    0.0	  100.0	   41.8	    0.0	    0.0	    0.0	    0.0	    4.9	  1	  -50.0	 1250.0	   41.8	    0.0	    0.0	1	  227.0	 21	 1314.5	   11.4	
  135	   3.86	    0.0	 1500.0	    0.0	    0.0	    0.0	    0.0	    0.0	    0.0	    0.0	    0.0	    0.0	  100.0	   41.5	    0.0	    0.0	    0.0	    0.0	    4.9	  1	  -50.0	 1250.0	   41.5	    0.0	    0.0	1	  227.0	 21	 1314.1	   11.4	
  136	   3.89	    0.0	 1500.0	    0.0	    0.0	    0.0	    0.0	    0.0	    0.0	    0.0	    0.0	    0.0	  100.0	   41.3	    0.0	    0.0	    0.0	    0.0	    5.0	  1	  -50.0	 1250.0	   41.3	    0.0	    0.0	1	  227.0	 21	 1313.7	   11.4	
  137	   3.92	    0.0	 1500.0	    0.0	    0.0	    0.0	    0.0	    0.0	    0.0	    0.0	    0.0	    0.0	  100.0	   41.0	    0.0	    0.0	    0.0	    0.0	    5.0	  1	  -50.0	 1250.0	   41.0	    0.0	    0.0	1	  227.0	 21	 1313.3	   11.3	
  138	   3.94	    0.0	 1500.0	    0.0	    0.0	    0.0	    0.0	    0.0	    0.0	    0.0	    0.0	    0.0	  100.0	   40.7	    0.0	    0.0	    0.0	    0.0	    5.0	  1	  -50.0	 1250.0	   40.7	    0.0	    0.0	1	  227.0	 21	 1312.9	   11.3	
  139	   3.97	    0.0	 1500.0	    0.0	    0.0	    0.0	    0.0	    0.0	    0.0	    0.0	    0.0	    0.0	  100.0	   40.5	    0.0	    0.0	    0.0	    0.0	    5.1	  1	  -50.0	 1250.0	   40.5	    0.0	    0.0	1	  227.0	 21	 1312.5	   11.2	
  140	   4.00	    0.0	 1500.0	    0.0	    0.0	    0.0	    0.0	    0.0	    0.0	    0.0	    0.0	    0.0	  100.0	   40.2	    0.0	    0.0	    0.0	    0.0	    5.1	  1	  -50.0	 1250.0	   40.2	    0.0	    0.0	1	  227.0	 21	 1312.1	   11.2	
  141	   4.03	    0.0	 1500.0	    0.0	    0.0	    0.0	    0.0	    0.0	    0.0	    0.0	    0.0	    0.0	  100.0	   40.0	    0.0	    0.0	    0.0	    0.0	    5.1	  1	  -50.0	 1250.0	   40.0	    0.0	    0.0	1	  227.0	 21	 1311.7	   11.2	
  142	   4.06	    0.0	 1500.0	    0.0	    0.0	    0.0	    0.0	    0.0	    0.0	    0.0	    0.0	    0.0	  100.0	   39.7	    0.0	    0.0	    0.0	    0.0	    5.2	  1	  -50.0	 1250.0	   39.7	    0.0	    0.0	1	  227.0	 21	 1311.3	   11.1	
  143	   4.09	    0.0	 1500.0	    0.0	    0.0	    0.0	    0.0	    0.0	    0.0	    0.0	    0.0	    0.0	  100.0	   39.5	    0.0	    0.0	    0.0	    0.0	    5.2	  1	  -50.0	 1250.0	   39.5	    0.0	    0.0	1	  227.0	 21	 1310.9	   11.1	
  144	   4.12	    0.0	 1500.0	    0.0	    0.0	    0.0	    0.0	    0.0	    0.0	    0.0	    0.0	    0.0	  100.0	   39.2	    0.0	    0.0	    0.0	    0.0	    5.2	  1	  -50.0	 1250.0	   39.2	    0.0	    0.0	1	  227.0	 21	 1310.5	   11.0	
  145	   4.14	    0.0	 1500.0	    0.0	    0.0	    0.0	    0.0	    0.0	    0.0	    0.0	    0.0	    0.0	  100.0	   39.0	    0.0	    0.0	    0.0	    0.0	    5.3	  1	  -50.0	 1250.0	   39.0	    0.0	    0.0	1	  227.0	 21	 1310.1	   11.0	
  146	   4.17	    0.0	 1500.0	    0.0	    0.0	    0.0	    0.0	    0.0	    0.0	    0.0	    0.0	    0.0	  100.0	   38.7	    0.0	    0.0	    0.0	    0.0	    5.3	  1	  -50.0	 1250.0	   38.7	    0.0	    0.0	1	  227.0	 21	 1309.7	   11.0	
  147	   4.20	    0.0	 1500.0	    0.0	    0.0	    0.0	    0.0	    0.0	    0.0	    0.0	    0.0	    0.0	  100.0	   38.5	    0.0	    0.0	    0.0	    0.0	    5.3	  1	  -50.0	 1250.0	   38.5	    0.0	    0.0	1	  227.0	 21	 1309.2	   10.9	
  148	   4.23	    0.0	 1500.0	    0.0	    0.0	    0.0	    0.0	    0.0	    0.0	    0.0	    0.0	    0.0	  100.0	   38.2	    0.0	    0.0	    0.0	    0.0	    5.4	  1	  -50.0	 1250.0	   38.2	    0.0	    0.0	1	  227.0	 21	 1308.8	   10.9	
  149	   4.26	    0.0	 1500.0	    0.0	    0.0	    0.0	    0.0	    0.0	    0.0	    0.0	    0.0	    0.0	  100.0	   37.9	    0.0	    0.0	    0.0	    0.0	    5.4	  1	  -50.0	 1250.0	   37.9	    0.0	    0.0	1	  227.0	 21	 1308.4	   10.8	
  150	   4.29	    0.0	 1500.0	    0.0	    0.0	    0.0	    0.0	    0.0	    0.0	    0.0	    0.0	    0.0	  100.0	   37.7	    0.0	    0.0	    0.0	    0.0	    5.4	  1	  -50.0	 1250.0	   37.7	    0.0	    0.0	1	  227.0	 21	 1308.0	   10.8	
  151	   4.32	    0.0	 1500.0	    0.0	    0.0	    0.0	    0.0	    0.0	    0.0	    0.0	    0.0	    0.0	  100.0	   37.4	    0.0	    0.0	    0.0	    0.0	    5.5	  1	  -50.0	 1250.0	   37.4	    0.0	    0.0	1	  227.0	 21	 1307.6	   10.8	
  152	   4.34	    0.0	 1500.0	    0.0	    0.0	    0.0	    0.0	    0.0	    0.0	    0.0	    0.0	    0.0	  100.0	   37.2	    0.0	    0.0	    0.0	    0.0	    5.5	  1	  -50.0	 1250.0	   37.2	    0.0	    0.0	1	  227.0	 21	 1307.2	   10.7	
  153	   4.37	    0.0	 1500.0	    0.0	    0.0	    0.0	    0.0	    0.0	    0.0	    0.0	    0.0	    0.0	  100.0	   36.9	    0.0	    0.0	    0.0	    0.0	    5.5	  1	  -50.0	 1250.0	   36.9	    0.0	    0.0	1	  227.0	 21	 1306.8	   10.7	
  154	   4.40	    0.0	 1500.0	    0.0	    0.0	    0.0	    0.0	    0.0	    0.0	    0.0	    0.0	    0.0	  100.0	   36.7	    0.0	    0.0	    0.0	    0.0	    5.6	  1	  -50.0	 1250.0	   36.7	    0.0	    0.0	1	  227.0	 21	 1306.4	   10.6	
  155	   4.43	    0.0	 1500.0	    0.0	    0.0	    0.0	    0.0	    0.0	    0.0	    0.0	    0.0	    0.0	  100.0	   36.4	    0.0	    0.0	    0.0	    0.0	    5.6	  1	  -50.0	 1250.0	   36.4	    0.0	    0.0	1	  227.0	 21	 1306.0	   10.6	
  156	   4.46	    0.0	 1500.0	    0.0	    0.0	    0.0	    0.0	    0.0	    0.0	    0.0	    0.0	    0.0	  100.0	   36.2	    0.0	    0.0	    0.0	    0.0	    5.6	  1	  -50.0	 1250.0	   36.2	    0.0	    0.0	1	  227.0	 21	 1305.6	   10.6	
  157	   4.49	    0.0	 1500.0	    0.0	    0.0	    0.0	    0.0	    0.0	    0.0	    0.0	    0.0	    0.0	  100.0	   35.9	    0.0	    0.0	    0.0	    0.0	    5.7	  1	  -50.0	 1250.0	   35.9	    0.0	    0.0	1	  227.0	 21	 1305.2	   10.5	
  158	   4.51	    0.0	 1500.0	    0.0	    0.0	    0.0	    0.0	    0.0	    0.0	    0.0	    0.0	    0.0	  100.0	   35.6	    0.0	    0.0	    0.0	    0.0	    5.7	  1	  -50.0	 1250.0	   35.6	    0.0	    0.0	1	  227.0	 21	 1304.8	   10.5	
  159	   4.54	    0.0	 1500.0	    0.0	    0.0	    0.0	    0.0	    0.0	    0.0	    0.0	    0.0	    0.0	  100.0	   35.4	    0.0	    0.0	    0.0	    0.0	    5.8	  1	  -50.0	 1250.0	   35.4	    0.0	    0.0	1	  227.0	 21	 1304.4	   10.4	
  160	   4.57	    0.0	 1500.0	    0.0	    0.0	    0.0	    0.0	    0.0	    0.0	    0.0	    0.0	    0.0	  100.0	   35.1	    0.0	    0.0	    0.0	    0.0	    5.8	  1	  -50.0	 1250.0	   35.1	    0.0	    0.0	1	  227.0	 21	 1304.0	   10.4	
  161	   4.60	    0.0	 1500.0	    0.0	    0.0	    0.0	    0.0	    0.0	    0.0	    0.0	    0.0	    0.0	  100.0	   34.9	    0.0	    0.0	    0.0	    0.0	    5.8	  1	  -50.0	 1250.0	   34.9	    0.0	    0.0	1	  227.0	 21	 1303.6	   10.4	
  162	   4.63	    0.0	 1500.0	    0.0	    0.0	    0.0	    0.0	    0.0	    0.0	    0.0	    0.0	    0.0	  100.0	   34.6	    0.0	    0.0	    0.0	    0.0	    5.9	  1	  -50.0	 1250.0	   34.6	    0.0	    0.0	1	  227.0	 21	 1303.2	   10.3	
  163	   4.66	    0.0	 1500.0	    0.0	    0.0	    0.0	    0.0	    0.0	    0.0	    0.0	    0.0	    0.0	  100.0	   34.4	    0.0	    0.0	    0.0	    0.0	    5.9	  1	  -50.0	 1250.0	   34.4	    0.0	    0.0	1	  227.0	 21	 1302.8	   10.3	
  164	   4.69	    0.0	 1500.0	    0.0	    0.0	    0.0	    0.0	    0.0	    0.0	    0.0	    0.0	    0.0	  100.0	   34.1	    0.0	    0.0	    0.0	    0.0	    5.9	  1	  -50.0	 1250.0	   34.1	    0.0	    0.0	1	  227.0	 21	 1302.4	   10.2	
  165	   4.71	    0.0	 1500.0	    0.0	    0.0	    0.0	    0.0	    0.0	    0.0	    0.0	    0.0	    0.0	  100.0	   33.9	    0.0	    0.0	    0.0	    0.0	    6.0	  1	  -50.0	 1250.0	   33.9	    0.0	    0.0	1	  227.0	 21	 1302.0	   10.2	
  166	   4.74	    0.0	 1500.0	    0.0	    0.0	    0.0	    0.0	    0.0	    0.0	    0.0	    0.0	    0.0	  100.0	   33.6	    0.0	    0.0	    0.0	    0.0	    6.0	  1	  -50.0	 1250.0	   33.6	    0.0	    0.0	1	  227.0	 21	 1301.6	   10.2	
  167	   4.77	    0.0	 1500.0	    0.0	    0.0	    0.0	    0.0	    0.0	    0.0	    0.0	    0.0	    0.0	  100.0	   33.4	    0.0	    0.0	    0.0	    0.0	    6.0	  1	  -50.0	 1250.0	   33.4	    0.0	    0.0	1	  227.0	 21	 1301.2	   10.1	
  168	   4.80	    0.0	 1500.0	    0.0	    0.0	    0.0	    0.0	    0.0	    0.0	    0.0	    0.0	    0.0	  100.0	   33.1	    0.0	    0.0	    0.0	    0.0	    6.1	  1	  -50.0	 1250.0	   33.1	    0.0	    0.0	1	  227.0	 21	 1300.8	   10.1	
  169	   4.83	    0.0	 1500.0	    0.0	    0.0	    0.0	    0.0	    0.0	    0.0	    0.0	    0.0	    0.0	  100.0	   32.8	    0.0	    0.0	    0.0	    0.0	    6.1	  1	  -50.0	 1250.0	   32.8	    0.0	    0.0	1	  227.0	 21	 1300.4	   10.0	
  170	   4.86	    0.0	 1500.0	    0.0	    0.0	    0.0	    0.0	    0.0	    0.0	    0.0	    0.0	    0.0	  100.0	   32.6	    0.0	    0.0	    0.0	    0.0	    6.2	  1	  -50.0	 1250.0	   32.6	    0.0	    0.0	1	  227.0	 21	    0.0	   10.0	
  171	   4.89	    0.0	 1500.0	    0.0	    0.0	    0.0	    0.0	    0.0	    0.0	    0.0	    0.0	    0.0	  100.0	   32.3	    0.0	    0.0	    0.0	    0.0	    6.2	  1	  -50.0	 1250.0	   32.3	    0.0	    0.0	1	  227.0	 21	    0.0	   10.0	
  172	   4.92	    0.0	 1500.0	    0.0	    0.0	    0.0	    0.0	    0.0	    0.0	    0.0	    0.0	    0.0	  100.0	   32.1	    0.0	    0.0	    0.0	    0.0	    6.2	  1	  -50.0	 1250.0	   32.1	    0.0	    0.0	1	  227.0	 21	    0.0	    9.9	
  173	   4.94	    0.0	 1500.0	    0.0	    0.0	    0.0	    0.0	    0.0	    0.0	    0.0	    0.0	    0.0	  100.0	   31.8	    0.0	    0.0	    0.0	    0.0	    6.3	  1	  -50.0	 1250.0	   31.8	    0.0	    0.0	1	  227.0	 21	    0.0	    9.9	
  174	   4.97	    0.0	 1500.0	    0.0	    0.0	    0.0	    0.0	    0.0	    0.0	    0.0	    0.0	    0.0	  100.0	   31.6	    0.0	    0.0	    0.0	    0.0	    6.3	  1	  -50.0	 1250.0	   31.6	    0.0	    0.0	1	  227.0	 21	    0.0	    9.8	
  175	   5.00	    0.0	 1500.0	    0.0	    0.0	    0.0	    0.0	    0.0	    0.0	    0.0	    0.0	    0.0	  100.0	   31.3	    0.0	    0.0	    0.0	    0.0	    6.3	  1	  -50.0	 1250.0	   31.3	    0.0	    0.0	1	  227.0	 21	    0.0	    9.8	
  176	   5.03	    0.0	 1500.0	    0.0	    0.0	    0.0	    0.0	    0.0	    0.0	    0.0	    0.0	    0.0	  100.0	   31.1	    0.0	    0.0	    0.0	    0.0	    6.4	  1	  -50.0	 1250.0	   31.1	    0.0	    0.0	1	  227.0	 21	    0.0	    9.8	
  177	   5.06	    0.0	 1500.0	    0.0	    0.0	    0.0	    0.0	    0.0	    0.0	    0.0	    0.0	    0.0	  100.0	   30.8	    0.0	    0.0	    0.0	    0.0	    6.4	  1	  -50.0	 1250.0	   30.8	    0.0	    0.0	1	  227.0	 21	    0.0	    9.7	
  178	   5.09	    0.0	 1500.0	    0.0	    0.0	    0.0	    0.0	    0.0	    0.0	    0.0	    0.0	    0.0	  100.0	   30.6	    0.0	    0.0	    0.0	    0.0	    6.5	  1	  -50.0	 1250.0	   30.6	    0.0	    0.0	1	  227.0	 21	    0.0	    9.7	
  179	   5.12	    0.0	 1500.0	    0.0	    0.0	    0.0	    0.0	    0.0	    0.0	    0.0	    0.0	    0.0	  100.0	   30.3	    0.0	    0.0	    0.0	    0.0	    6.5	  1	  -50.0	 1250.0	   30.3	    0.0	    0.0	1	  227.0	 21	    0.0	    9.6	
  180	   5.14	    0.0	 1500.0	    0.0	    0.0	    0.0	    0.0	    0.0	    0.0	    0.0	    0.0	    0.0	  100.0	   30.0	    0.0	    0.0	    0.0	    0.0	    6.5	  1	  -50.0	 1250.0	   30.0	    0.0	    0.0	1	  227.0	 21	    0.0	    9.6	
  181	   5.17	    0.0	 1500.0	    0.0	    0.0	    0.0	    0.0	    0.0	    0.0	    0.0	    0.0	    0.0	  100.0	   29.8	    0.0	    0.0	    0.0	    0.0	    6.6	  1	  -50.0	 1250.0	   29.8	    0.0	    0.0	1	  227.0	 21	    0.0	    9.6	
  182	   5.20	    0.0	 1500.0	    0.0	    0.0	    0.0	    0.0	    0.0	    0.0	    0.0	    0.0	    0.0	  100.0	   29.5	    0.0	    0.0	    0.0	    0.0	    6.6	  1	  -50.0	 1250.0	   29.5	    0.0	    0.0	1	  227.0	 21	    0.0	    9.5	
  183	   5.23	    0.0	 1500.0	    0.0	    0.0	    0.0	    0.0	    0.0	    0.0	    0.0	    0.0	    0.0	  100.0	   29.3	    0.0	    0.0	    0.0	    0.0	    6.7	  1	  -50.0	 1250.0	   29.3	    0.0	    0.0	1	  227.0	 21	    0.0	    9.5	
  184	   5.26	    0.0	 1500.0	    0.0	    0.0	    0.0	    0.0	    0.0	    0.0	    0.0	    0.0	    0.0	  100.0	   29.0	    0.0	    0.0	    0.0	    0.0	    6.7	  1	  -50.0	 1250.0	   29.0	    0.0	    0.0	1	  227.0	 21	    0.0	    9.4	
  185	   5.29	    0.0	 1500.0	    0.0	    0.0	    0.0	    0.0	    0.0	    0.0	    0.0	    0.0	    0.0	  100.0	   28.8	    0.0	    0.0	    0.0	    0.0	    6.7	  1	  -50.0	 1250.0	   28.8	    0.0	    0.0	1	  227.0	 21	    0.0	    9.4	
  186	   5.32	    0.0	 1500.0	    0.0	    0.0	    0.0	    0.0	    0.0	    0.0	    0.0	    0.0	    0.0	  100.0	   28.5	    0.0	    0.0	    0.0	    0.0	    6.8	  1	  -50.0	 1250.0	   28.5	    0.0	    0.0	1	  227.0	 21	    0.0	    9.4	
  187	   5.34	    0.0	 1500.0	    0.0	    0.0	    0.0	    0.0	    0.0	    0.0	    0.0	    0.0	    0.0	  100.0	   28.3	    0.0	    0.0	    0.0	    0.0	    6.8	  1	  -50.0	 1250.0	   28.3	    0.0	    0.0	1	  227.0	 21	    0.0	    9.3	
  188	   5.37	    0.0	 1500.0	    0.0	    0.0	    0.0	    0.0	    0.0	    0.0	    0.0	    0.0	    0.0	  100.0	   28.0	    0.0	    0.0	    0.0	    0.0	    6.8	  1	  -50.0	 1250.0	   28.0	    0.0	    0.0	1	  227.0	 21	    0.0	    9.3	
  189	   5.40	    0.0	 1500.0	    0.0	    0.0	    0.0	    0.0	    0.0	    0.0	    0.0	    0.0	    0.0	  100.0	   27.7	    0.0	    0.0	    0.0	    0.0	    6.9	  1	  -50.0	 1250.0	   27.7	    0.0	    0.0	1	  227.0	 21	    0.0	    9.2	
  190	   5.43	    0.0	 1500.0	    0.0	    0.0	    0.0	    0.0	    0.0	    0.0	    0.0	    0.0	    0.0	  100.0	   27.5	    0.0	    0.0	    0.0	    0.0	    6.9	  1	  -50.0	 1250.0	   27.5	    0.0	    0.0	1	  227.0	 21	    0.0	    9.2	
  191	   5.46	    0.0	 1500.0	    0.0	    0.0	    0.0	    0.0	    0.0	    0.0	    0.0	    0.0	    0.0	  100.0	   27.2	    0.0	    0.0	    0.0	    0.0	    7.0	  1	  -50.0	 1250.0	   27.2	    0.0	    0.0	1	  227.0	 21	    0.0	    9.2	
  192	   5.49	    0.0	 1500.0	    0.0	    0.0	    0.0	    0.0	    0.0	    0.0	    0.0	    0.0	    0.0	  100.0	   27.0	    0.0	    0.0	    0.0	    0.0	    7.0	  1	  -50.0	 1250.0	   27.0	    0.0	    0.0	1	  227.0	 21	    0.0	    9.1	
  193	   5.51	    0.0	 1500.0	    0.0	    0.0	    0.0	    0.0	    0.0	    0.0	    0.0	    0.0	    0.0	  100.0	   26.7	    0.0	    0.0	    0.0	    0.0	    7.0	  1	  -50.0	 1250.0	   26.7	    0.0	    0.0	1	  227.0	 21	    0.0	    9.1	
  194	   5.54	    0.0	 1500.0	    0.0	    0.0	    0.0	    0.0	    0.0	    0.0	    0.0	    0.0	    0.0	  100.0	   26.5	    0.0	    0.0	    0.0	    0.0	    7.1	  1	  -50.0	 1250.0	   26.5	    0.0	    0.0	1	  227.0	 21	    0.0	    9.0	
  195	   5.57	    0.0	 1500.0	    0.0	    0.0	    0.0	    0.0	    0.0	    0.0	    0.0	    0.0	    0.0	  100.0	   26.2	    0.0	    0.0	    0.0	    0.0	    7.1	  1	  -50.0	 1250.0	   26.2	    0.0	    0.0	1	  227.0	 21	    0.0	    9.0	
  196	   5.60	    0.0	 1500.0	    0.0	    0.0	    0.0	    0.0	    0.0	    0.0	    0.0	    0.0	    0.0	  100.0	   26.0	    0.0	    0.0	    0.0	    0.0	    7.1	  1	  -50.0	 1250.0	   26.0	    0.0	    0.0	1	  227.0	 21	    0.0	    9.0	
  197	   5.63	    0.0	 1500.0	    0.0	    0.0	    0.0	    0.0	    0.0	    0.0	    0.0	    0.0	    0.0	  100.0	   25.7	    0.0	    0.0	    0.0	    0.0	    7.2	  1	  -50.0	 1250.0	   25.7	    0.0	    0.0	1	  227.0	 21	    0.0	    8.9	
  198	   5.66	    0.0	 1500.0	    0.0	    0.0	    0.0	    0.0	    0.0	    0.0	    0.0	    0.0	    0.0	  100.0	   25.5	    0.0	    0.0	    0.0	    0.0	    7.2	  1	  -50.0	 1250.0	   25.5	    0.0	    0.0	1	  227.0	 21	    0.0	    8.9	
  199	   5.69	    0.0	 1500.0	    0.0	    0.0	    0.0	    0.0	    0.0	    0.0	    0.0	    0.0	    0.0	  100.0	   25.2	    0.0	    0.0	    0.0	    0.0	    7.3	  1	  -50.0	 1250.0	   25.2	    0.0	    0.0	1	  227.0	 21	    0.0	    8.8	
  200	   5.71	    0.0	 1500.0	    0.0	    0.0	    0.0	    0.0	    0.0	    0.0	    0.0	    0.0	    0.0	  100.0	   24.9	    0.0	    0.0	    0.0	    0.0	    7.3	  1	  -50.0	 1250.0	   24.9	    0.0	    0.0	1	  227.0	 21	    0.0	    8.8	
  201	   5.74	    0.0	 1500.0	    0.0	    0.0	    0.0	    0.0	    0.0	    0.0	    0.0	    0.0	    0.0	  100.0	   24.7	    0.0	    0.0	    0.0	    0.0	    7.3	  1	  -50.0	 1350.0	   24.7	    0.0	    0.0	1	  144.7	 21	    0.0	    8.8	
  202	   5.77	    0.0	 1500.0	    0.0	    0.0	    0.0	    0.0	    0.0	    0.0	    0.0	    0.0	    0.0	  100.0	   24.4	    0.0	    0.0	    0.0	    0.0	    7.4	  1	  -50.0	 1350.0	   24.4	    0.0	    0.0	1	  144.7	 21	    0.0	    8.7	
  203	   5.80	    0.0	 1500.0	    0.0	    0.0	    0.0	    0.0	    0.0	    0.0	    0.0	    0.0	    0.0	  100.0	   24.2	    0.0	    0.0	    0.0	    0.0	    7.4	  1	  -50.0	 1350.0	   24.2	    0.0	    0.0	1	  144.7	 21	    0.0	    8.7	
  204	   5.83	    0.0	 1500.0	    0.0	    0.0	    0.0	    0.0	    0.0	    0.0	    0.0	    0.0	    0.0	  100.0	   23.9	    0.0	    0.0	    0.0	    0.0	    7.5	  1	  -50.0	 1350.0	   23.9	    0.0	    0.0	1	  144.7	 21	    0.0	    8.6	
  205	   5.86	    0.0	 1500.0	    0.0	    0.0	    0.0	    0.0	    0.0	    0.0	    0.0	    0.0	    0.0	  100.0	   23.7	    0.0	    0.0	    0.0	    0.0	    7.5	  1	  -50.0	 1350.0	   23.7	    0.0	    0.0	1	  144.7	 21	    0.0	    8.6	
  206	   5.89	    0.0	 1500.0	    0.0	    0.0	    0.0	    0.0	    0.0	    0.0	    0.0	    0.0	    0.0	  100.0	   23.4	    0.0	    0.0	    0.0	    0.0	    7.5	  1	  -50.0	 1350.0	   23.4	    0.0	    0.0	1	  144.7	 21	    0.0	    8.6	
  207	   5.92	    0.0	 1500.0	    0.0	    0.0	    0.0	    0.0	    0.0	    0.0	    0.0	    0.0	    0.0	  100.0	   23.2	    0.0	    0.0	    0.0	    0.0	    7.6	  1	  -50.0	 1350.0	   23.2	    0.0	    0.0	1	  144.7	 21	    0.0	    8.5	
  208	   5.94	    0.0	 1500.0	    0.0	    0.0	    0.0	    0.0	    0.0	    0.0	    0.0	    0.0	    0.0	  100.0	   22.9	    0.0	    0.0	    0.0	    0.0	    7.6	  1	  -50.0	 1350.0	   22.9	    0.0	    0.0	1	  144.7	 21	    0.0	    8.5	
  209	   5.97	    0.0	 1500.0	    0.0	    0.0	    0.0	    0.0	    0.0	    0.0	    0.0	    0.0	    0.0	  100.0	   22.7	    0.0	    0.0	    0.0	    0.0	    7.6	  1	  -50.0	 1350.0	   22.7	    0.0	    0.0	1	  144.7	 21	    0.0	    8.4	
  210	   6.00	    0.0	 1500.0	    0.0	    0.0	    0.0	    0.0	    0.0	    0.0	    0.0	    0.0	    0.0	  100.0	   22.4	    0.0	    0.0	    0.0	    0.0	    7.7	  1	  -50.0	 1450.0	   22.4	    0.0	    0.0	1	   60.8	 21	    0.0	    8.4	
  211	   6.03	    0.0	 1500.0	    0.0	    0.0	    0.0	    0.0	    0.0	    0.0	    0.0	    0.0	    0.0	  100.0	   22.1	    0.0	    0.0	    0.0	    0.0	    7.7	  1	  -50.0	 1450.0	   22.1	    0.0	    0.0	1	   60.8	 21	    0.0	    8.3	
  212	   6.06	    0.0	 1500.0	    0.0	    0.0	    0.0	    0.0	    0.0	    0.0	    0.0	    0.0	    0.0	  100.0	   21.9	    0.0	    0.0	    0.0	    0.0	    7.8	  1	  -50.0	 1450.0	   21.9	    0.0	    0.0	1	   60.8	 21	    0.0	    8.3	
  213	   6.09	    0.0	 1500.0	    0.0	    0.0	    0.0	    0.0	    0.0	    0.0	    0.0	    0.0	    0.0	  100.0	   21.6	    0.0	    0.0	    0.0	    0.0	    7.8	  1	  -50.0	 1450.0	   21.6	    0.0	    0.0	1	   60.8	 21	    0.0	    8.3	
  214	   6.12	    0.0	 1500.0	    0.0	    0.0	    0.0	    0.0	    0.0	    0.0	    0.0	    0.0	    0.0	  100.0	   21.4	    0.0	    0.0	    0.0	    0.0	    7.8	  1	  -50.0	 1450.0	   21.4	    0.0	    0.0	1	   60.8	 21	    0.0	    8.2	
  215	   6.14	    0.0	 1500.0	    0.0	    0.0	    0.0	    0.0	    0.0	    0.0	    0.0	    0.0	    0.0	  100.0	   21.1	    0.0	    0.0	    0.0	    0.0	    7.9	  1	  -50.0	 1450.0	   21.1	    0.0	    0.0	1	   60.8	 21	    0.0	    8.2	
  216	   6.17	    0.0	 1500.0	    0.0	    0.0	    0.0	    0.0	    0.0	    0.0	    0.0	    0.0	    0.0	  100.0	   20.9	    0.0	    0.0	    0.0	    0.0	    7.9	  1	  -50.0	 1450.0	   20.9	    0.0	    0.0	1	   60.8	 21	    0.0	    8.1	
  217	   6.20	    0.0	 1500.0	    0.0	    0.0	    0.0	    0.0	    0.0	    0.0	    0.0	    0.0	    0.0	  100.0	   20.6	    0.0	    0.0	    0.0	    0.0	    7.9	  1	  -50.0	 1450.0	   20.6	    0.0	    0.0	1	   60.8	 21	    0.0	    8.1	
  218	   6.23	    0.0	 1500.0	    0.0	    0.0	    0.0	    0.0	    0.0	    0.0	    0.0	    0.0	    0.0	  100.0	   20.4	    0.0	    0.0	    0.0	    0.0	    8.0	  1	  -50.0	 1450.0	   20.4	    0.0	    0.0	1	   60.8	 21	    0.0	    8.1	
  219	   6.26	    0.0	 1500.0	    0.0	    0.0	    0.0	    0.0	    0.0	    0.0	    0.0	    0.0	    0.0	  100.0	   20.1	    0.0	    0.0	    0.0	    0.0	    8.0	  1	  -50.0	 1450.0	   20.1	    0.0	    0.0	1	   60.8	 21	    0.0	    8.0	
  220	   6.29	    0.0	 1500.0	    0.0	    0.0	    0.0	    0.0	    0.0	    0.0	    0.0	    0.0	    0.0	  100.0	   19.8	    0.0	    0.0	    0.0	    0.0	    8.1	  1	  -50.0	 1450.0	   19.8	    0.0	    0.0	1	   60.8	 21	    0.0	    8.0	
  221	   6.32	    0.0	 1500.0	    0.0	    0.0	    0.0	    0.0	    0.0	    0.0	    0.0	    0.0	    0.0	  100.0	   19.6	    0.0	    0.0	    0.0	    0.0	    8.1	  1	  -50.0	 1450.0	   19.6	    0.0	    0.0	1	   60.8	 21	    0.0	    7.9	
  222	   6.34	    0.0	 1500.0	    0.0	    0.0	    0.0	    0.0	    0.0	    0.0	    0.0	    0.0	    0.0	  100.0	   19.3	    0.0	    0.0	    0.0	    0.0	    8.1	  1	  -50.0	 1450.0	   19.3	    0.0	    0.0	1	   60.8	 21	    0.0	    7.9	
  223	   6.37	    0.0	 1500.0	    0.0	    0.0	    0.0	    0.0	    0.0	    0.0	    0.0	    0.0	    0.0	  100.0	   19.1	    0.0	    0.0	    0.0	    0.0	    8.2	  1	  -50.0	 1450.0	   19.1	    0.0	    0.0	1	   60.8	 21	    0.0	    7.9	
  224	   6.40	    0.0	 1500.0	    0.0	    0.0	    0.0	    0.0	    0.0	    0.0	    0.0	    0.0	    0.0	  100.0	   18.8	    0.0	    0.0	    0.0	    0.0	    8.2	  1	  -50.0	 1450.0	   18.8	    0.0	    0.0	1	   60.8	 21	    0.0	    7.8	
  225	   6.43	    0.0	 1500.0	    0.0	    0.0	    0.0	    0.0	    0.0	    0.0	    0.0	    0.0	    0.0	  100.0	   18.6	    0.0	    0.0	    0.0	    0.0	    8.2	  1	  -50.0	 1450.0	   18.6	    0.0	    0.0	1	   60.8	 21	    0.0	    7.8	
  226	   6.46	    0.0	 1500.0	    0.0	    0.0	    0.0	    0.0	    0.0	    0.0	    0.0	    0.0	    0.0	  100.0	   18.3	    0.0	    0.0	    0.0	    0.0	    8.3	  1	  -50.0	 1450.0	   18.3	    0.0	    0.0	1	   60.8	 21	    0.0	    7.7	
  227	   6.49	    0.0	 1500.0	    0.0	    0.0	    0.0	    0.0	    0.0	    0.0	    0.0	    0.0	    0.0	  100.0	   18.1	    0.0	    0.0	    0.0	    0.0	    8.3	  1	  -50.0	 1450.0	   18.1	    0.0	    0.0	1	   60.8	 21	    0.0	    7.7	
  228	   6.51	    0.0	 1500.0	    0.0	    0.0	    0.0	    0.0	    0.0	    0.0	    0.0	    0.0	    0.0	  100.0	   17.8	    0.0	    0.0	    0.0	    0.0	    8.4	  1	  -50.0	 1450.0	   17.8	    0.0	    0.0	1	   60.8	 21	    0.0	    7.7	
  229	   6.54	    0.0	 1500.0	    0.0	    0.0	    0.0	    0.0	    0.0	    0.0	    0.0	    0.0	    0.0	  100.0	   17.6	    0.0	    0.0	    0.0	    0.0	    8.4	  1	  -50.0	 1450.0	   17.6	    0.0	    0.0	1	   60.8	 21	    0.0	    7.6	
  230	   6.57	    0.0	 1500.0	    0.0	    0.0	    0.0	    0.0	    0.0	    0.0	    0.0	    0.0	    0.0	  100.0	   17.3	    0.0	    0.0	    0.0	    0.0	    8.4	  1	  -50.0	 1450.0	   17.3	    0.0	    0.0	1	   60.8	 21	    0.0	    7.6	
  231	   6.60	    0.0	 1500.0	    0.0	    0.0	    0.0	    0.0	    0.0	    0.0	    0.0	    0.0	    0.0	  100.0	   17.0	    0.0	    0.0	    0.0	    0.0	    8.5	  1	  -50.0	 1450.0	   17.0	    0.0	    0.0	1	   60.8	 21	    0.0	    7.5	
  232	   6.63	    0.0	 1500.0	    0.0	    0.0	    0.0	    0.0	    0.0	    0.0	    0.0	    0.0	    0.0	  100.0	   16.8	    0.0	    0.0	    0.0	    0.0	    8.5	  1	  -50.0	 1450.0	   16.8	    0.0	    0.0	1	   60.8	 21	    0.0	    7.5	
  233	   6.66	    0.0	 1500.0	    0.0	    0.0	    0.0	    0.0	    0.0	    0.0	    0.0	    0.0	    0.0	  100.0	   16.5	    0.0	    0.0	    0.0	    0.0	    8.6	  1	  -50.0	 1450.0	   16.5	    0.0	    0.0	1	   60.8	 21	    0.0	    7.5	
  234	   6.69	    0.0	 1500.0	    0.0	    0.0	    0.0	    0.0	    0.0	    0.0	    0.0	    0.0	    0.0	  100.0	   16.3	    0.0	    0.0	    0.0	    0.0	    8.6	  1	  -50.0	 1450.0	   16.3	    0.0	    0.0	1	   60.8	 21	    0.0	    7.4	
  235	   6.71	    0.0	 1500.0	    0.0	    0.0	    0.0	    0.0	    0.0	    0.0	    0.0	    0.0	    0.0	  100.0	   16.0	    0.0	    0.0	    0.0	    0.0	    8.6	  1	  -50.0	 1450.0	   16.0	    0.0	    0.0	1	   60.8	 21	    0.0	    7.4	
  236	   6.74	    0.0	 1500.0	    0.0	    0.0	    0.0	    0.0	    0.0	    0.0	    0.0	    0.0	    0.0	  100.0	   15.8	    0.0	    0.0	    0.0	    0.0	    8.7	  1	  -50.0	 1450.0	   15.8	    0.0	    0.0	1	   60.8	 21	    0.0	    7.3	
  237	   6.77	    0.0	 1500.0	    0.0	    0.0	    0.0	    0.0	    0.0	    0.0	    0.0	    0.0	    0.0	  100.0	   15.5	    0.0	    0.0	    0.0	    0.0	    8.7	  1	  -50.0	 1450.0	   15.5	    0.0	    0.0	1	   60.8	 21	    0.0	    7.3	
  238	   6.80	    0.0	 1500.0	    0.0	    0.0	    0.0	    0.0	    0.0	    0.0	    0.0	    0.0	    0.0	  100.0	   15.3	    0.0	    0.0	    0.0	    0.0	    8.7	  1	  -50.0	 1450.0	   15.3	    0.0	    0.0	1	   60.8	 21	    0.0	    7.3	
  239	   6.83	    0.0	 1500.0	    0.0	    0.0	    0.0	    0.0	    0.0	    0.0	    0.0	    0.0	    0.0	  100.0	   15.0	    0.0	    0.0	    0.0	    0.0	    8.8	  1	  -50.0	 1450.0	   15.0	    0.0	    0.0	1	   60.8	 21	    0.0	    7.2	
  240	   6.86	    0.0	 1500.0	    0.0	    0.0	    0.0	    0.0	    0.0	    0.0	    0.0	    0.0	    0.0	  100.0	   14.8	    0.0	    0.0	    0.0	    0.0	    8.8	  1	  -50.0	 1450.0	   14.8	    0.0	    0.0	1	   60.8	 21	    0.0	    7.2	
  241	   6.89	    0.0	 1500.0	    0.0	    0.0	    0.0	    0.0	    0.0	    0.0	    0.0	    0.0	    0.0	  100.0	   14.5	    0.0	    0.0	    0.0	    0.0	    8.9	  1	  -50.0	 1450.0	   14.5	    0.0	    0.0	1	   60.8	 21	    0.0	    7.1	
  242	   6.92	    0.0	 1500.0	    0.0	    0.0	    0.0	    0.0	    0.0	    0.0	    0.0	    0.0	    0.0	  100.0	   14.2	    0.0	    0.0	    0.0	    0.0	    8.9	  1	  -50.0	 1450.0	   14.2	    0.0	    0.0	1	   60.8	 21	    0.0	    7.1	
  243	   6.94	    0.0	 1500.0	    0.0	    0.0	    0.0	    0.0	    0.0	    0.0	    0.0	    0.0	    0.0	  100.0	   14.0	    0.0	    0.0	    0.0	    0.0	    8.9	  1	  -50.0	 1450.0	   14.0	    0.0	    0.0	1	   60.8	 21	    0.0	    7.1	
  244	   6.97	    0.0	 1500.0	    0.0	    0.0	    0.0	    0.0	    0.0	    0.0	    0.0	    0.0	    0.0	  100.0	   13.7	    0.0	    0.0	    0.0	    0.0	    9.0	  1	  -50.0	 1450.0	   13.7	    0.0	    0.0	1	   60.8	 21	    0.0	    7.0	
  245	   7.00	    0.0	 1500.0	    0.0	    0.0	    0.0	    0.0	    0.0	    0.0	    0.0	    0.0	    0.0	  100.0	   13.5	    0.0	    0.0	    0.0	    0.0	    9.0	  1	  -50.0	 1450.0	   13.5	    0.0	    0.0	1	   60.8	 21	    0.0	    7.0	
  246	   7.03	    0.0	 1500.0	    0.0	    0.0	    0.0	    0.0	    0.0	    0.0	    0.0	    0.0	    0.0	  100.0	   13.2	    0.0	    0.0	    0.0	    0.0	    9.0	  1	  -50.0	 1450.0	   13.2	    0.0	    0.0	1	   60.8	 21	    0.0	    6.9	
  247	   7.06	    0.0	 1500.0	    0.0	    0.0	    0.0	    0.0	    0.0	    0.0	    0.0	    0.0	    0.0	  100.0	   13.0	    0.0	    0.0	    0.0	    0.0	    9.1	  1	  -50.0	 1450.0	   13.0	    0.0	    0.0	1	   60.8	 21	    0.0	    6.9	
  248	   7.09	    0.0	 1500.0	    0.0	    0.0	    0.0	    0.0	    0.0	    0.0	    0.0	    0.0	    0.0	  100.0	   12.7	    0.0	    0.0	    0.0	    0.0	    9.1	  1	  -50.0	 1450.0	   12.7	    0.0	    0.0	1	   60.8	 21	    0.0	    6.9	
  249	   7.12	    0.0	 1500.0	    0.0	    0.0	    0.0	    0.0	    0.0	    0.0	    0.0	    0.0	    0.0	  100.0	   12.5	    0.0	    0.0	    0.0	    0.0	    9.2	  1	  -50.0	 1450.0	   12.5	    0.0	    0.0	1	   60.8	 21	    0.0	    6.8	
  250	   7.14	    0.0	 1500.0	    0.0	    0.0	    0.0	    0.0	    0.0	    0.0	    0.0	    0.0	    0.0	  100.0	   12.2	    0.0	    0.0	    0.0	    0.0	    9.2	  1	  -50.0	 1450.0	   12.2	    0.0	    0.0	1	   60.8	 21	    0.0	    6.8	
  251	   7.17	    0.0	 1500.0	    0.0	    0.0	    0.0	    0.0	    0.0	    0.0	    0.0	    0.0	    0.0	  100.0	   11.9	    0.0	    0.0	    0.0	    0.0	    9.2	  1	  -50.0	 1450.0	   11.9	    0.0	    0.0	1	   60.8	 21	    0.0	    6.7	
  252	   7.20	    0.0	 1500.0	    0.0	    0.0	    0.0	    0.0	    0.0	    0.0	    0.0	    0.0	    0.0	  100.0	   11.7	    0.0	    0.0	    0.0	    0.0	    9.3	  1	  -50.0	 1450.0	   11.7	    0.0	    0.0	1	   60.8	 21	    0.0	    6.7	
  253	   7.23	    0.0	 1500.0	    0.0	    0.0	    0.0	    0.0	    0.0	    0.0	    0.0	    0.0	    0.0	  100.0	   11.4	    0.0	    0.0	    0.0	    0.0	    9.3	  1	  -50.0	 1450.0	   11.4	    0.0	    0.0	1	   60.8	 21	    0.0	    6.7	
  254	   7.26	    0.0	 1500.0	    0.0	    0.0	    0.0	    0.0	    0.0	    0.0	    0.0	    0.0	    0.0	  100.0	   11.2	    0.0	    0.0	    0.0	    0.0	    9.4	  1	  -50.0	 1450.0	   11.2	    0.0	    0.0	1	   60.8	 21	    0.0	    6.6	
  255	   7.29	    0.0	 1500.0	    0.0	    0.0	    0.0	    0.0	    0.0	    0.0	    0.0	    0.0	    0.0	  100.0	   10.9	    0.0	    0.0	    0.0	    0.0	    9.4	  1	  -50.0	 1450.0	   10.9	    0.0	    0.0	1	   60.8	 21	    0.0	    6.6	
  256	   7.32	    0.0	 1500.0	    0.0	    0.0	    0.0	    0.0	    0.0	    0.0	    0.0	    0.0	    0.0	  100.0	   10.7	    0.0	    0.0	    0.0	    0.0	    9.4	  1	  -50.0	 1450.0	   10.7	    0.0	    0.0	1	   60.8	 21	    0.0	    6.5	
  257	   7.34	    0.0	 1500.0	    0.0	    0.0	    0.0	    0.0	    0.0	    0.0	    0.0	    0.0	    0.0	  100.0	   10.4	    0.0	    0.0	    0.0	    0.0	    9.5	  1	  -50.0	 1450.0	   10.4	    0.0	    0.0	1	   60.8	 21	    0.0	    6.5	
  258	   7.37	    0.0	 1500.0	    0.0	    0.0	    0.0	    0.0	    0.0	    0.0	    0.0	    0.0	    0.0	  100.0	   10.2	    0.0	    0.0	    0.0	    0.0	    9.5	  1	  -50.0	 1450.0	   10.2	    0.0	    0.0	1	   60.8	 21	    0.0	    6.5	
  259	   7.40	    0.0	 1500.0	    0.0	    0.0	    0.0	    0.0	    0.0	    0.0	    0.0	    0.0	    0.0	  100.0	    9.9	    0.0	    0.0	    0.0	    0.0	    9.5	  1	  -50.0	 1450.0	    9.9	    0.0	    0.0	1	   60.8	 21	    0.0	    6.4	
  260	   7.43	    0.0	 1500.0	    0.0	    0.0	    0.0	    0.0	    0.0	    0.0	    0.0	    0.0	    0.0	  100.0	    9.7	    0.0	    0.0	    0.0	    0.0	    9.6	  1	  -50.0	 1450.0	    9.7	    0.0	    0.0	1	   60.8	 21	    0.0	    6.4	
  261	   7.46	    0.0	 1500.0	    0.0	    0.0	    0.0	    0.0	    0.0	    0.0	    0.0	    0.0	    0.0	  100.0	    9.4	    0.0	    0.0	    0.0	    0.0	    9.6	  1	  -50.0	 1450.0	    9.4	    0.0	    0.0	1	   60.8	 21	    0.0	    6.3	
  262	   7.49	    0.0	 1500.0	    0.0	    0.0	    0.0	    0.0	    0.0	    0.0	    0.0	    0.0	    0.0	  100.0	    9.1	    0.0	    0.0	    0.0	    0.0	    9.7	  1	  -50.0	 1450.0	    9.1	    0.0	    0.0	1	   60.8	 21	    0.0	    6.3	
  263	   7.51	    0.0	 1500.0	    0.0	    0.0	    0.0	    0.0	    0.0	    0.0	    0.0	    0.0	    0.0	  100.0	    8.9	    0.0	    0.0	    0.0	    0.0	    9.7	  1	  -50.0	 1450.0	    8.9	    0.0	    0.0	1	   60.8	 21	    0.0	    6.3	
  264	   7.54	    0.0	 1500.0	    0.0	    0.0	    0.0	    0.0	    0.0	    0.0	    0.0	    0.0	    0.0	  100.0	    8.6	    0.0	    0.0	    0.0	    0.0	    9.7	  1	  -50.0	 1450.0	    8.6	    0.0	    0.0	1	   60.8	 21	    0.0	    6.2	
  265	   7.57	    0.0	 1500.0	    0.0	    0.0	    0.0	    0.0	    0.0	    0.0	    0.0	    0.0	    0.0	  100.0	    8.4	    0.0	    0.0	    0.0	    0.0	    9.8	  1	  -50.0	 1450.0	    8.4	    0.0	    0.0	1	   60.8	 21	    0.0	    6.2	
  266	   7.60	    0.0	 1500.0	    0.0	    0.0	    0.0	    0.0	    0.0	    0.0	    0.0	    0.0	    0.0	  100.0	    8.1	    0.0	    0.0	    0.0	    0.0	    9.8	  1	  -50.0	 1450.0	    8.1	    0.0	    0.0	1	   60.8	 21	    0.0	    6.1	
  267	   7.63	    0.0	 1500.0	    0.0	    0.0	    0.0	    0.0	    0.0	    0.0	    0.0	    0.0	    0.0	  100.0	    7.9	    0.0	    0.0	    0.0	    0.0	    9.8	  1	  -50.0	 1450.0	    7.9	    0.0	    0.0	1	   60.8	 21	    0.0	    6.1	
  268	   7.66	    0.0	 1500.0	    0.0	    0.0	    0.0	    0.0	    0.0	    0.0	    0.0	    0.0	    0.0	  100.0	    7.6	    0.0	    0.0	    0.0	    0.0	    9.9	  1	  -50.0	 1450.0	    7.6	    0.0	    0.0	1	   60.8	 21	    0.0	    6.1	
  269	   7.69	    0.0	 1500.0	    0.0	    0.0	    0.0	    0.0	    0.0	    0.0	    0.0	    0.0	    0.0	  100.0	    7.4	    0.0	    0.0	    0.0	    0.0	    9.9	  1	  -50.0	 1450.0	    7.4	    0.0	    0.0	1	   60.8	 21	    0.0	    6.0	
  270	   7.71	    0.0	 1500.0	    0.0	    0.0	    0.0	    0.0	    0.0	    0.0	    0.0	    0.0	    0.0	  100.0	    7.1	    0.0	    0.0	    0.0	    0.0	   10.0	  1	  -50.0	 1450.0	    7.1	    0.0	    0.0	1	   60.8	 21	    0.0	    6.0	
  271	   7.74	    0.0	 1500.0	    0.0	    0.0	    0.0	    0.0	    0.0	    0.0	    0.0	    0.0	    0.0	  100.0	    6.9	    0.0	    0.0	    0.0	    0.0	   10.0	  1	  -50.0	 1450.0	    6.9	    0.0	    0.0	1	   60.8	 21	    0.0	    5.9	
  272	   7.77	    0.0	 1500.0	    0.0	    0.0	    0.0	    0.0	    0.0	    0.0	    0.0	    0.0	    0.0	  100.0	    6.6	    0.0	    0.0	    0.0	    0.0	   10.0	  1	  -50.0	 1450.0	    6.6	    0.0	    0.0	1	   60.8	 21	    0.0	    5.9	
  273	   7.80	    0.0	 1500.0	    0.0	    0.0	    0.0	    0.0	    0.0	    0.0	    0.0	    0.0	    0.0	  100.0	    6.3	    0.0	    0.0	    0.0	    0.0	   10.1	  1	  -50.0	 1450.0	    6.3	    0.0	    0.0	1	   60.8	 21	    0.0	    5.9	
  274	   7.83	    0.0	 1500.0	    0.0	    0.0	    0.0	    0.0	    0.0	    0.0	    0.0	    0.0	    0.0	  100.0	    6.1	    0.0	    0.0	    0.0	    0.0	   10.1	  1	  -50.0	 1450.0	    6.1	    0.0	    0.0	1	   60.8	 21	    0.0	    5.8	
  275	   7.86	    0.0	 1500.0	    0.0	    0.0	    0.0	    0.0	    0.0	    0.0	    0.0	    0.0	    0.0	  100.0	    5.8	    0.0	    0.0	    0.0	    0.0	   10.1	  1	  -50.0	 1450.0	    5.8	    0.0	    0.0	1	   60.8	 21	    0.0	    5.8	
  276	   7.89	    0.0	 1500.0	    0.0	    0.0	    0.0	    0.0	    0.0	    0.0	    0.0	    0.0	    0.0	  100.0	    5.6	    0.0	    0.0	    0.0	    0.0	   10.2	  1	  -50.0	 1450.0	    5.6	    0.0	    0.0	1	   60.8	 21	    0.0	    5.7	
  277	   7.92	    0.0	 1500.0	    0.0	    0.0	    0.0	    0.0	    0.0	    0.0	    0.0	    0.0	    0.0	  100.0	    5.3	    0.0	    0.0	    0.0	    0.0	   10.2	  1	  -50.0	 1450.0	    5.3	    0.0	    0.0	1	   60.8	 21	    0.0	    5.7	
  278	   7.94	    0.0	 1500.0	    0.0	    0.0	    0.0	    0.0	    0.0	    0.0	    0.0	    0.0	    0.0	  100.0	    5.1	    0.0	    0.0	    0.0	    0.0	   10.3	  1	  -50.0	 1450.0	    5.1	    0.0	    0.0	1	   60.8	 21	    0.0	    5.7	
  279	   7.97	    0.0	 1500.0	    0.0	    0.0	    0.0	    0.0	    0.0	    0.0	    0.0	    0.0	    0.0	  100.0	    4.8	    0.0	    0.0	    0.0	    0.0	   10.3	  1	  -50.0	 1450.0	    4.8	    0.0	    0.0	1	   60.8	 21	    0.0	    5.6	
  280	   8.00	    0.0	 1500.0	    0.0	    0.0	    0.0	    0.0	    0.0	    0.0	    0.0	    0.0	    0.0	  100.0	    4.6	    0.0	    0.0	    0.0	    0.0	   10.3	  1	  -50.0	 1450.0	    4.6	    0.0	    0.0	1	   60.8	 21	    0.0	    5.6	
  281	   8.03	    0.0	 1500.0	    0.0	    0.0	    0.0	    0.0	    0.0	    0.0	    0.0	    0.0	    0.0	  100.0	    4.3	    0.0	    0.0	    0.0	    0.0	   10.4	  1	  -50.0	 1450.0	    4.3	    0.0	    0.0	1	   60.8	 21	    0.0	    5.6	
  282	   8.06	    0.0	 1500.0	    0.0	    0.0	    0.0	    0.0	    0.0	    0.0	    0.0	    0.0	    0.0	  100.0	    4.0	    0.0	    0.0	    0.0	    0.0	   10.4	  1	  -50.0	 1450.0	    4.0	    0.0	    0.0	1	   60.8	 21	    0.0	    5.5	
  283	   8.09	    0.0	 1500.0	    0.0	    0.0	    0.0	    0.0	    0.0	    0.0	    0.0	    0.0	    0.0	  100.0	    3.8	    0.0	    0.0	    0.0	    0.0	   10.5	  1	  -50.0	 1450.0	    3.8	    0.0	    0.0	1	   60.8	 21	    0.0	    5.5	
  284	   8.12	    0.0	 1500.0	    0.0	    0.0	    0.0	    0.0	    0.0	    0.0	    0.0	    0.0	    0.0	  100.0	    3.5	    0.0	    0.0	    0.0	    0.0	   10.5	  1	  -50.0	 1450.0	    3.5	    0.0	    0.0	1	   60.8	 21	    0.0	    5.4	
  285	   8.14	    0.0	 1500.0	    0.0	    0.0	    0.0	    0.0	    0.0	    0.0	    0.0	    0.0	    0.0	  100.0	    3.3	    0.0	    0.0	    0.0	    0.0	   10.5	  1	  -50.0	 1450.0	    3.3	    0.0	    0.0	1	   60.8	 21	    0.0	    5.4	
  286	   8.17	    0.0	 1500.0	    0.0	    0.0	    0.0	    0.0	    0.0	    0.0	    0.0	    0.0	    0.0	  100.0	    3.0	    0.0	    0.0	    0.0	    0.0	   10.6	  1	  -50.0	 1450.0	    3.0	    0.0	    0.0	1	   60.8	 21	    0.0	    5.4	
  287	   8.20	    0.0	 1500.0	    0.0	    0.0	    0.0	    0.0	    0.0	    0.0	    0.0	    0.0	    0.0	  100.0	    2.8	    0.0	    0.0	    0.0	    0.0	   10.6	  1	  -50.0	 1450.0	    2.8	    0.0	    0.0	1	   60.8	 21	    0.0	    5.3	
  288	   8.23	    0.0	 1500.0	    0.0	    0.0	    0.0	    0.0	    0.0	    0.0	    0.0	    0.0	    0.0	  100.0	    2.5	    0.0	    0.0	    0.0	    0.0	   10.6	  1	  -50.0	 1450.0	    2.5	    0.0	    0.0	1	   60.8	 21	    0.0	    5.3	
  289	   8.26	    0.0	 1500.0	    0.0	    0.0	    0.0	    0.0	    0.0	    0.0	    0.0	    0.0	    0.0	  100.0	    2.3	    0.0	    0.0	    0.0	    0.0	   10.7	  1	  -50.0	 1450.0	    2.3	    0.0	    0.0	1	   60.8	 21	    0.0	    5.2	
  290	   8.29	    0.0	 1500.0	    0.0	    0.0	    0.0	    0.0	    0.0	    0.0	    0.0	    0.0	    0.0	  100.0	    2.0	    0.0	    0.0	    0.0	    0.0	   10.7	  1	  -50.0	 1450.0	    2.0	    0.0	    0.0	1	   60.8	 21	    0.0	    5.2	
  291	   8.31	    0.0	 1500.0	    0.0	    0.0	    0.0	    0.0	    0.0	    0.0	    0.0	    0.0	    0.0	  100.0	    1.8	    0.0	    0.0	    0.0	    0.0	   10.8	  1	  -50.0	 1450.0	    1.8	    0.0	    0.0	1	   60.8	 21	    0.0	    5.2	
  292	   8.34	    0.0	 1500.0	    0.0	    0.0	    0.0	    0.0	    0.0	    0.0	    0.0	    0.0	    0.0	  100.0	    1.5	    0.0	    0.0	    0.0	    0.0	   10.8	  1	  -50.0	 1450.0	    1.5	    0.0	    0.0	1	   60.8	 21	    0.0	    5.1	
  293	   8.37	    0.0	 1500.0	    0.0	    0.0	    0.0	    0.0	    0.0	    0.0	    0.0	    0.0	    0.0	  100.0	    1.2	    0.0	    0.0	    0.0	    0.0	   10.8	  1	  -50.0	 1450.0	    1.2	    0.0	    0.0	1	   60.8	 21	    0.0	    5.1	
  294	   8.40	    0.0	 1500.0	    0.0	    0.0	    0.0	    0.0	    0.0	    0.0	    0.0	    0.0	    0.0	  100.0	    1.0	    0.0	    0.0	    0.0	    0.0	   10.9	  1	  -50.0	 1450.0	    1.0	    0.0	    0.0	1	   60.8	 21	    0.0	    5.1	
  295	   8.43	    0.0	 1500.0	    0.0	    0.0	    0.0	    0.0	    0.0	    0.0	    0.0	    0.0	    0.0	  100.0	    0.7	    0.0	    0.0	    0.0	    0.0	   10.9	  1	  -50.0	 1450.0	    0.7	    0.0	    0.0	1	   60.8	 21	    0.0	    5.0	
  296	   8.46	    0.0	 1500.0	    0.0	    0.0	    0.0	    0.0	    0.0	    0.0	    0.0	    0.0	    0.0	  100.0	    0.5	    0.0	    0.0	    0.0	    0.0	   10.9	  1	  -50.0	 1450.0	    0.5	    0.0	    0.0	1	   60.8	 21	    0.0	    5.0	
  297	   8.49	    0.0	 1500.0	    0.0	    0.0	    0.0	    0.0	    0.0	    0.0	    0.0	    0.0	    0.0	  100.0	    0.2	    0.0	    0.0	    0.0	    0.0	   11.0	  1	  -50.0	 1450.0	    0.2	    0.0	    0.0	1	   60.8	 21	    0.0	    5.0	
  298	   8.52	    0.0	 1500.0	    0.0	    0.0	    0.0	    0.0	    0.0	    0.0	    0.0	    0.0	    0.0	  100.0	    0.0	    0.0	    0.0	    0.0	    0.0	   11.0	  1	  -50.0	 1550.0	    0.0	    0.0	    0.0	1	   68.7	 21	    0.0	    5.0	
  299	   8.54	    0.0	 1500.0	    0.0	    0.0	    0.0	    0.0	    0.0	    0.0	    0.0	    0.0	    0.0	  100.0	    0.0	    0.0	    0.0	    0.0	    0.0	   11.1	  1	  -50.0	 1550.0	    0.0	    0.0	    0.0	1	   68.7	 21	    0.0	    5.0	
  300	   8.57	    0.0	 1500.0	    0.0	    0.0	    0.0	    0.0	    0.0	    0.0	    0.0	    0.0	    0.0	  100.0	    0.0	    0.0	    0.0	    0.0	    0.0	   11.1	  1	  -50.0	 1550.0	    0.0	    0.0	    0.0	1	   68.7	 21	    0.0	    5.0	
  301	   8.60	    0.0	 1500.0	    0.0	    0.0	    0.0	    0.0	    0.0	    0.0	    0.0	    0.0	    0.0	  100.0	    0.0	    0.0	    0.0	    0.0	    0.0	   11.1	  1	  -50.0	 1550.0	    0.0	    0.0	    0.0	1	   68.7	 21	    0.0	    5.0	
  302	   8.63	    0.0	 1500.0	    0.0	    0.0	    0.0	    0.0	    0.0	    0.0	    0.0	    0.0	    0.0	  100.0	    0.0	    0.0	    0.0	    0.0	    0.0	   11.2	  1	  -50.0	 1550.0	    0.0	    0.0	    0.0	1	   68.7	 21	    0.0	    5.0	
  303	   8.66	    0.0	 1500.0	    0.0	    0.0	    0.0	    0.0	    0.0	    0.0	    0.0	    0.0	    0.0	  100.0	    0.0	    0.0	    0.0	    0.0	    0.0	   11.2	  1	  -50.0	 1550.0	    0.0	    0.0	    0.0	1	   68.7	 21	    0.0	    5.0	
  304	   8.69	    0.0	 1500.0	    0.0	    0.0	    0.0	    0.0	    0.0	    0.0	    0.0	    0.0	    0.0	  100.0	    0.0	    0.0	    0.0	    0.0	    0.0	   11.3	  1	  -50.0	 1550.0	    0.0	    0.0	    0.0	1	   68.7	 21	    0.0	    5.0	
  305	   8.71	    0.0	 1500.0	    0.0	    0.0	    0.0	    0.0	    0.0	    0.0	    0.0	    0.0	    0.0	  100.0	    0.0	    0.0	    0.0	    0.0	    0.0	   11.3	  1	  -50.0	 1550.0	    0.0	    0.0	    0.0	1	   68.7	 21	    0.0	    5.0	
  306	   8.74	    0.0	 1500.0	    0.0	    0.0	    0.0	    0.0	    0.0	    0.0	    0.0	    0.0	    0.0	  100.0	    0.0	    0.0	    0.0	    0.0	    0.0	   11.3	  1	  -50.0	 1550.0	    0.0	    0.0	    0.0	1	   68.7	 21	    0.0	    5.0	
  307	   8.77	    0.0	 1500.0	    0.0	    0.0	    0.0	    0.0	    0.0	    0.0	    0.0	    0.0	    0.0	  100.0	    0.0	    0.0	    0.0	    0.0	    0.0	   11.4	  1	  -50.0	 1550.0	    0.0	    0.0	    0.0	1	   68.7	 21	    0.0	    5.0	
  308	   8.80	    0.0	 1500.0	    0.0	    0.0	    0.0	    0.0	    0.0	    0.0	    0.0	    0.0	    0.0	  100.0	    0.0	    0.0	    0.0	    0.0	    0.0	   11.4	  1	  -50.0	 1550.0	    0.0	    0.0	    0.0	1	   68.7	 21	    0.0	    5.0	
  309	   8.83	    0.0	 1500.0	    0.0	    0.0	    0.0	    0.0	    0.0	    0.0	    0.0	    0.0	    0.0	  100.0	    0.0	    0.0	    0.0	    0.0	    0.0	   11.4	  1	  -50.0	 1550.0	    0.0	    0.0	    0.0	1	   68.7	 21	    0.0	    5.0	
  310	   8.86	    0.0	 1500.0	    0.0	    0.0	    0.0	    0.0	    0.0	    0.0	    0.0	    0.0	    0.0	  100.0	    0.0	    0.0	    0.0	    0.0	    0.0	   11.5	  1	  -50.0	 1550.0	    0.0	    0.0	    0.0	1	   68.7	 21	    0.0	    5.0	
  311	   8.89	    0.0	 1500.0	    0.0	    0.0	    0.0	    0.0	    0.0	    0.0	    0.0	    0.0	    0.0	  100.0	    0.0	    0.0	    0.0	    0.0	    0.0	   11.5	  1	  -50.0	 1550.0	    0.0	    0.0	    0.0	1	   68.7	 21	    0.0	    5.0	
  312	   8.91	    0.0	 1500.0	    0.0	    0.0	    0.0	    0.0	    0.0	    0.0	    0.0	    0.0	    0.0	  100.0	    0.0	    0.0	    0.0	    0.0	    0.0	   11.6	  1	  -50.0	 1550.0	    0.0	    0.0	    0.0	1	   68.7	 21	    0.0	    5.0	
  313	   8.94	    0.0	 1500.0	    0.0	    0.0	    0.0	    0.0	    0.0	    0.0	    0.0	    0.0	    0.0	  100.0	    0.0	    0.0	    0.0	    0.0	    0.0	   11.6	  1	  -50.0	 1550.0	    0.0	    0.0	    0.0	1	   68.7	 21	    0.0	    5.0	
  314	   8.97	    0.0	 1500.0	    0.0	    0.0	    0.0	    0.0	    0.0	    0.0	    0.0	    0.0	    0.0	  100.0	    0.0	    0.0	    0.0	    0.0	    0.0	   11.6	  1	  -50.0	 1550.0	    0.0	    0.0	    0.0	1	   68.7	 21	    0.0	    5.0	
  315	   9.00	    0.0	 1500.0	    0.0	    0.0	    0.0	    0.0	    0.0	    0.0	    0.0	    0.0	    0.0	  100.0	    0.0	    0.0	    0.0	    0.0	    0.0	   11.7	  1	  -50.0	 1550.0	    0.0	    0.0	    0.0	1	   68.7	 21	    0.0	    5.0	
  316	   9.03	    0.0	 1500.0	    0.0	    0.0	    0.0	    0.0	    0.0	    0.0	    0.0	    0.0	    0.0	  100.0	    0.0	    0.0	    0.0	    0.0	    0.0	   11.7	  1	  -50.0	 1550.0	    0.0	    0.0	    0.0	1	   68.7	 21	    0.0	    5.0	
  317	   9.06	    0.0	 1500.0	    0.0	    0.0	    0.0	    0.0	    0.0	    0.0	    0.0	    0.0	    0.0	  100.0	    0.0	    0.0	    0.0	    0.0	    0.0	   11.7	  1	  -50.0	 1550.0	    0.0	    0.0	    0.0	1	   68.7	 21	    0.0	    5.0	
  318	   9.09	    0.0	 1500.0	    0.0	    0.0	    0.0	    0.0	    0.0	    0.0	    0.0	    0.0	    0.0	  100.0	    0.0	    0.0	    0.0	    0.0	    0.0	   11.8	  1	  -50.0	 1550.0	    0.0	    0.0	    0.0	1	   68.7	 21	    0.0	    5.0	
  319	   9.12	    0.0	 1500.0	    0.0	    0.0	    0.0	    0.0	    0.0	    0.0	    0.0	    0.0	    0.0	  100.0	    0.0	    0.0	    0.0	    0.0	    0.0	   11.8	  1	  -50.0	 1550.0	    0.0	    0.0	    0.0	1	   68.7	 21	    0.0	    5.0	
  320	   9.14	    0.0	 1500.0	    0.0	    0.0	    0.0	    0.0	    0.0	    0.0	    0.0	    0.0	    0.0	  100.0	    0.0	    0.0	    0.0	    0.0	    0.0	   11.9	  1	  -50.0	 1550.0	    0.0	    0.0	    0.0	1	   68.7	 21	    0.0	    5.0	
  321	   9.17	    0.0	 1500.0	    0.0	    0.0	    0.0	    0.0	    0.0	    0.0	    0.0	    0.0	    0.0	  100.0	    0.0	    0.0	    0.0	    0.0	    0.0	   11.9	  1	  -50.0	 1550.0	    0.0	    0.0	    0.0	1	   68.7	 21	    0.0	    5.0	
  322	   9.20	    0.0	 1500.0	    0.0	    0.0	    0.0	    0.0	    0.0	    0.0	    0.0	    0.0	    0.0	  100.0	    0.0	    0.0	    0.0	    0.0	    0.0	   11.9	  1	  -50.0	 1550.0	    0.0	    0.0	    0.0	1	   68.7	 21	    0.0	    5.0	
  323	   9.23	    0.0	 1500.0	    0.0	    0.0	    0.0	    0.0	    0.0	    0.0	    0.0	    0.0	    0.0	  100.0	    0.0	    0.0	    0.0	    0.0	    0.0	   12.0	  1	  -50.0	 1550.0	    0.0	    0.0	    0.0	1	   68.7	 21	    0.0	    5.0	
  324	   9.26	    0.0	 1500.0	    0.0	    0.0	    0.0	    0.0	    0.0	    0.0	    0.0	    0.0	    0.0	  100.0	    0.0	    0.0	    0.0	    0.0	    0.0	   12.0	  1	  -50.0	 1550.0	    0.0	    0.0	    0.0	1	   68.7	 21	    0.0	    5.0	
  325	   9.29	    0.0	 1500.0	    0.0	    0.0	    0.0	    0.0	    0.0	    0.0	    0.0	    0.0	    0.0	  100.0	    0.0	    0.0	    0.0	    0.0	    0.0	   12.0	  1	  -50.0	 1550.0	    0.0	    0.0	    0.0	1	   68.7	 21	    0.0	    5.0	
  326	   9.31	    0.0	 1500.0	    0.0	    0.0	    0.0	    0.0	    0.0	    0.0	    0.0	    0.0	    0.0	  100.0	    0.0	    0.0	    0.0	    0.0	    0.0	   12.1	  1	  -50.0	 1550.0	    0.0	    0.0	    0.0	1	   68.7	 21	    0.0	    5.0	
  327	   9.34	    0.0	 1500.0	    0.0	    0.0	    0.0	    0.0	    0.0	    0.0	    0.0	    0.0	    0.0	  100.0	    0.0	    0.0	    0.0	    0.0	    0.0	   12.1	  1	  -50.0	 1550.0	    0.0	    0.0	    0.0	1	   68.7	 21	    0.0	    5.0	
  328	   9.37	    0.0	 1500.0	    0.0	    0.0	    0.0	    0.0	    0.0	    0.0	    0.0	    0.0	    0.0	  100.0	    0.0	    0.0	    0.0	    0.0	    0.0	   12.2	  1	  -50.0	 1550.0	    0.0	    0.0	    0.0	1	   68.7	 21	    0.0	    5.0	
  329	   9.40	    0.0	 1500.0	    0.0	    0.0	    0.0	    0.0	    0.0	    0.0	    0.0	    0.0	    0.0	  100.0	    0.0	    0.0	    0.0	    0.0	    0.0	   12.2	  1	  -50.0	 1550.0	    0.0	    0.0	    0.0	1	   68.7	 21	    0.0	    5.0	
  330	   9.43	    0.0	 1500.0	    0.0	    0.0	    0.0	    0.0	    0.0	    0.0	    0.0	    0.0	    0.0	  100.0	    0.0	    0.0	    0.0	    0.0	    0.0	   12.2	  1	  -50.0	 1550.0	    0.0	    0.0	    0.0	1	   68.7	 21	    0.0	    5.0	
  331	   9.46	    0.0	 1500.0	    0.0	    0.0	    0.0	    0.0	    0.0	    0.0	    0.0	    0.0	    0.0	  100.0	    0.0	    0.0	    0.0	    0.0	    0.0	   12.3	  1	  -50.0	 1550.0	    0.0	    0.0	    0.0	1	   68.7	 21	    0.0	    5.0	
  332	   9.49	    0.0	 1500.0	    0.0	    0.0	    0.0	    0.0	    0.0	    0.0	    0.0	    0.0	    0.0	  100.0	    0.0	    0.0	    0.0	    0.0	    0.0	   12.3	  1	  -50.0	 1550.0	    0.0	    0.0	    0.0	1	   68.7	 21	    0.0	    5.0	
  333	   9.52	    0.0	 1500.0	    0.0	    0.0	    0.0	    0.0	    0.0	    0.0	    0.0	    0.0	    0.0	  100.0	    0.0	    0.0	    0.0	    0.0	    0.0	   12.4	  1	  -50.0	 1550.0	    0.0	    0.0	    0.0	1	   68.7	 21	    0.0	    5.0	
  334	   9.54	    0.0	 1500.0	    0.0	    0.0	    0.0	    0.0	    0.0	    0.0	    0.0	    0.0	    0.0	  100.0	    0.0	    0.0	    0.0	    0.0	    0.0	   12.4	  1	  -50.0	 1550.0	    0.0	    0.0	    0.0	1	   68.7	 21	    0.0	    5.0	
  335	   9.57	    0.0	 1500.0	    0.0	    0.0	    0.0	    0.0	    0.0	    0.0	    0.0	    0.0	    0.0	  100.0	    0.0	    0.0	    0.0	    0.0	    0.0	   12.4	  1	  -50.0	 1550.0	    0.0	    0.0	    0.0	1	   68.7	 21	    0.0	    5.0	
  336	   9.60	    0.0	 1500.0	    0.0	    0.0	    0.0	    0.0	    0.0	    0.0	    0.0	    0.0	    0.0	  100.0	    0.0	    0.0	    0.0	    0.0	    0.0	   12.5	  1	  -50.0	 1550.0	    0.0	    0.0	    0.0	1	   68.7	 21	    0.0	    5.0	
  337	   9.63	    0.0	 1500.0	    0.0	    0.0	    0.0	    0.0	    0.0	    0.0	    0.0	    0.0	    0.0	  100.0	    0.0	    0.0	    0.0	    0.0	    0.0	   12.5	  1	  -50.0	 1550.0	    0.0	    0.0	    0.0	1	   68.7	 21	    0.0	    5.0	
  338	   9.66	    0.0	 1500.0	    0.0	    0.0	    0.0	    0.0	    0.0	    0.0	    0.0	    0.0	    0.0	  100.0	    0.0	    0.0	    0.0	    0.0	    0.0	   12.5	  1	  -50.0	 1550.0	    0.0	    0.0	    0.0	1	   68.7	 21	    0.0	    5.0	
  339	   9.69	    0.0	 1500.0	    0.0	    0.0	    0.0	    0.0	    0.0	    0.0	    0.0	    0.0	    0.0	  100.0	    0.0	    0.0	    0.0	    0.0	    0.0	   12.6	  1	  -50.0	 1550.0	    0.0	    0.0	    0.0	1	   68.7	 21	    0.0	    5.0	
  340	   9.71	    0.0	 1500.0	    0.0	    0.0	    0.0	    0.0	    0.0	    0.0	    0.0	    0.0	    0.0	  100.0	    0.0	    0.0	    0.0	    0.0	    0.0	   12.6	  1	  -50.0	 1550.0	    0.0	    0.0	    0.0	1	   68.7	 21	    0.0	    5.0	
  341	   9.74	    0.0	 1500.0	    0.0	    0.0	    0.0	    0.0	    0.0	    0.0	    0.0	    0.0	    0.0	  100.0	    0.0	    0.0	    0.0	    0.0	    0.0	   12.7	  1	  -50.0	 1550.0	    0.0	    0.0	    0.0	1	   68.7	 21	    0.0	    5.0	
  342	   9.77	    0.0	 1500.0	    0.0	    0.0	    0.0	    0.0	    0.0	    0.0	    0.0	    0.0	    0.0	  100.0	    0.0	    0.0	    0.0	    0.0	    0.0	   12.7	  1	  -50.0	 1550.0	    0.0	    0.0	    0.0	1	   68.7	 21	    0.0	    5.0	
  343	   9.80	    0.0	 1500.0	    0.0	    0.0	    0.0	    0.0	    0.0	    0.0	    0.0	    0.0	    0.0	  100.0	    0.0	    0.0	    0.0	    0.0	    0.0	   12.7	  1	  -50.0	 1550.0	    0.0	    0.0	    0.0	1	   68.7	 21	    0.0	    5.0	
  344	   9.83	    0.0	 1500.0	    0.0	    0.0	    0.0	    0.0	    0.0	    0.0	    0.0	    0.0	    0.0	  100.0	    0.0	    0.0	    0.0	    0.0	    0.0	   12.8	  1	  -50.0	 1550.0	    0.0	    0.0	    0.0	1	   68.7	 21	    0.0	    5.0	
  345	   9.86	    0.0	 1500.0	    0.0	    0.0	    0.0	    0.0	    0.0	    0.0	    0.0	    0.0	    0.0	  100.0	    0.0	    0.0	    0.0	    0.0	    0.0	   12.8	  1	  -50.0	 1550.0	    0.0	    0.0	    0.0	1	   68.7	 21	    0.0	    5.0	
  346	   9.89	    0.0	 1500.0	    0.0	    0.0	    0.0	    0.0	    0.0	    0.0	    0.0	    0.0	    0.0	  100.0	    0.0	    0.0	    0.0	    0.0	    0.0	   12.8	  1	  -50.0	 1550.0	    0.0	    0.0	    0.0	1	   68.7	 21	    0.0	    5.0	
  347	   9.91	    0.0	 1500.0	    0.0	    0.0	    0.0	    0.0	    0.0	    0.0	    0.0	    0.0	    0.0	  100.0	    0.0	    0.0	    0.0	    0.0	    0.0	   12.9	  1	  -50.0	 1550.0	    0.0	    0.0	    0.0	1	   68.7	 21	    0.0	    5.0	
  348	   9.94	    0.0	 1500.0	    0.0	    0.0	    0.0	    0.0	    0.0	    0.0	    0.0	    0.0	    0.0	  100.0	    0.0	    0.0	    0.0	    0.0	    0.0	   12.9	  1	  -50.0	 1550.0	    0.0	    0.0	    0.0	1	   68.7	 21	    0.0	    5.0	
  349	   9.97	    0.0	 1500.0	    0.0	    0.0	    0.0	    0.0	    0.0	    0.0	    0.0	    0.0	    0.0	  100.0	    0.0	    0.0	    0.0	    0.0	    0.0	   13.0	  1	  -50.0	 1550.0	    0.0	    0.0	    0.0	1	   68.7	 21	    0.0	    5.0	
  350	  10.00	    0.0	 1500.0	    0.0	    0.0	    0.0	    0.0	    0.0	    0.0	    0.0	    0.0	    0.0	  100.0	    0.0	    0.0	    0.0	    0.0	    0.0	   13.0	  1	  -50.0	 1550.0	    0.0	    0.0	    0.0	1	   68.7	 21	    0.0	    5.0	
  351	  10.03	    0.0	 1500.0	    0.0	    0.0	    0.0	    0.0	    0.0	    0.0	    0.0	    0.0	    0.0	  100.0	    0.0	    0.0	    0.0	    0.0	    0.0	   13.0	  1	  -50.0	 1550.0	    0.0	    0.0	    0.0	1	   68.7	 21	    0.0	    5.0	
  352	  10.06	    0.0	 1500.0	    0.0	    0.0	    0.0	    0.0	    0.0	    0.0	    0.0	    0.0	    0.0	  100.0	    0.0	    0.0	    0.0	    0.0	    0.0	   13.1	  1	  -50.0	 1550.0	    0.0	    0.0	    0.0	1	   68.7	 21	    0.0	    5.0	
  353	  10.09	    0.0	 1500.0	    0.0	    0.0	    0.0	    0.0	    0.0	    0.0	    0.0	    0.0	    0.0	  100.0	    0.0	    0.0	    0.0	    0.0	    0.0	   13.1	  1	  -50.0	 1550.0	    0.0	    0.0	    0.0	1	   68.7	 21	    0.0	    5.0	
  354	  10.12	    0.0	 1500.0	    0.0	    0.0	    0.0	    0.0	    0.0	    0.0	    0.0	    0.0	    0.0	  100.0	    0.0	    0.0	    0.0	    0.0	    0.0	   13.2	  1	  -50.0	 1550.0	    0.0	    0.0	    0.0	1	   68.7	 21	    0.0	    5.0	
  355	  10.14	    0.0	 1500.0	    0.0	    0.0	    0.0	    0.0	    0.0	    0.0	    0.0	    0.0	    0.0	  100.0	    0.0	    0.0	    0.0	    0.0	    0.0	   13.2	  1	  -50.0	 1550.0	    0.0	    0.0	    0.0	1	   68.7	 21	    0.0	    5.0	
  356	  10.17	    0.0	 1500.0	    0.0	    0.0	    0.0	    0.0	    0.0	    0.0	    0.0	    0.0	    0.0	  100.0	    0.0	    0.0	    0.0	    0.0	    0.0	   13.2	  1	  -50.0	 1550.0	    0.0	    0.0	    0.0	1	   68.7	 21	    0.0	    5.0	
  357	  10.20	    0.0	 1500.0	    0.0	    0.0	    0.0	    0.0	    0.0	    0.0	    0.0	    0.0	    0.0	  100.0	    0.0	    0.0	    0.0	    0.0	    0.0	   13.3	  1	  -50.0	 1550.0	    0.0	    0.0	    0.0	1	   68.7	 21	    0.0	    5.0	
  358	  10.23	    0.0	 1500.0	    0.0	    0.0	    0.0	    0.0	    0.0	    0.0	    0.0	    0.0	    0.0	  100.0	    0.0	    0.0	    0.0	    0.0	    0.0	   13.3	  1	  -50.0	 1550.0	    0.0	    0.0	    0.0	1	   68.7	 21	    0.0	    5.0	
  359	  10.26	    0.0	 1500.0	    0.0	    0.0	    0.0	    0.0	    0.0	    0.0	    0.0	    0.0	    0.0	  100.0	    0.0	    0.0	    0.0	    0.0	    0.0	   13.3	  1	  -50.0	 1550.0	    0.0	    0.0	    0.0	1	   68.7	 21	    0.0	    5.0	
  360	  10.29	    0.0	 1500.0	    0.0	    0.0	    0.0	    0.0	    0.0	    0.0	    0.0	    0.0	    0.0	  100.0	    0.0	    0.0	    0.0	    0.0	    0.0	   13.4	  1	  -50.0	 1550.0	    0.0	    0.0	    0.0	1	   68.7	 21	    0.0	    5.0	
  361	  10.31	    0.0	 1500.0	    0.0	    0.0	    0.0	    0.0	    0.0	    0.0	    0.0	    0.0	    0.0	  100.0	    0.0	    0.0	    0.0	    0.0	    0.0	   13.4	  1	  -50.0	 1550.0	    0.0	    0.0	    0.0	1	   68.7	 21	    0.0	    5.0	
  362	  10.34	    0.0	 1500.0	    0.0	    0.0	    0.0	    0.0	    0.0	    0.0	    0.0	    0.0	    0.0	  100.0	    0.0	    0.0	    0.0	    0.0	    0.0	   13.5	  1	  -50.0	 1550.0	    0.0	    0.0	    0.0	1	   68.7	 21	    0.0	    5.0	
  363	  10.37	    0.0	 1500.0	    0.0	    0.0	    0.0	    0.0	    0.0	    0.0	    0.0	    0.0	    0.0	  100.0	    0.0	    0.0	    0.0	    0.0	    0.0	   13.5	  1	  -50.0	 1550.0	    0.0	    0.0	    0.0	1	   68.7	 21	    0.0	    5.0	
  364	  10.40	    0.0	 1500.0	    0.0	    0.0	    0.0	    0.0	    0.0	    0.0	    0.0	    0.0	    0.0	  100.0	    0.0	    0.0	    0.0	    0.0	    0.0	   13.5	  1	  -50.0	 1550.0	    0.0	    0.0	    0.0	1	   68.7	 21	    0.0	    5.0	
  365	  10.43	    0.0	 1500.0	    0.0	    0.0	    0.0	    0.0	    0.0	    0.0	    0.0	    0.0	    0.0	  100.0	    0.0	    0.0	    0.0	    0.0	    0.0	   13.6	  1	  -50.0	 1550.0	    0.0	    0.0	    0.0	1	   68.7	 21	    0.0	    5.0	
  366	  10.46	    0.0	 1500.0	    0.0	    0.0	    0.0	    0.0	    0.0	    0.0	    0.0	    0.0	    0.0	  100.0	    0.0	    0.0	    0.0	    0.0	    0.0	   13.6	  1	  -50.0	 1550.0	    0.0	    0.0	    0.0	1	   68.7	 21	    0.0	    5.0	
  367	  10.49	    0.0	 1500.0	    0.0	    0.0	    0.0	    0.0	    0.0	    0.0	    0.0	    0.0	    0.0	  100.0	    0.0	    0.0	    0.0	    0.0	    0.0	   13.6	  1	  -50.0	 1550.0	    0.0	    0.0	    0.0	1	   68.7	 21	    0.0	    5.0	
  368	  10.52	    0.0	 1500.0	    0.0	    0.0	    0.0	    0.0	    0.0	    0.0	    0.0	    0.0	    0.0	  100.0	    0.0	    0.0	    0.0	    0.0	    0.0	   13.7	  1	  -50.0	 1550.0	    0.0	    0.0	    0.0	1	   68.7	 21	    0.0	    5.0	
  369	  10.54	    0.0	 1500.0	    0.0	    0.0	    0.0	    0.0	    0.0	    0.0	    0.0	    0.0	    0.0	  100.0	    0.0	    0.0	    0.0	    0.0	    0.0	   13.7	  1	  -50.0	 1550.0	    0.0	    0.0	    0.0	1	   68.7	 21	    0.0	    5.0	
  370	  10.57	    0.0	 1500.0	    0.0	    0.0	    0.0	    0.0	    0.0	    0.0	    0.0	    0.0	    0.0	  100.0	    0.0	    0.0	    0.0	    0.0	    0.0	   13.8	  1	  -50.0	 1550.0	    0.0	    0.0	    0.0	1	   68.7	 21	    0.0	    5.0	
  371	  10.60	    0.0	 1500.0	    0.0	    0.0	    0.0	    0.0	    0.0	    0.0	    0.0	    0.0	    0.0	  100.0	    0.0	    0.0	    0.0	    0.0	    0.0	   13.8	  1	  -50.0	 1550.0	    0.0	    0.0	    0.0	1	   68.7	 21	    0.0	    5.0	
  372	  10.63	    0.0	 1500.0	    0.0	    0.0	    0.0	    0.0	    0.0	    0.0	    0.0	    0.0	    0.0	  100.0	    0.0	    0.0	    0.0	    0.0	    0.0	   13.8	  1	  -50.0	 1550.0	    0.0	    0.0	    0.0	1	   68.7	 21	    0.0	    5.0	
  373	  10.66	    0.0	 1500.0	    0.0	    0.0	    0.0	    0.0	    0.0	    0.0	    0.0	    0.0	    0.0	  100.0	    0.0	    0.0	    0.0	    0.0	    0.0	   13.9	  1	  -50.0	 1550.0	    0.0	    0.0	    0.0	1	   68.7	 21	    0.0	    5.0	
  374	  10.69	    0.0	 1500.0	    0.0	    0.0	    0.0	    0.0	    0.0	    0.0	    0.0	    0.0	    0.0	  100.0	    0.0	    0.0	    0.0	    0.0	    0.0	   13.9	  1	  -50.0	 1550.0	    0.0	    0.0	    0.0	1	   68.7	 21	    0.0	    5.0	
  375	  10.71	    0.0	 1500.0	    0.0	    0.0	    0.0	    0.0	    0.0	    0.0	    0.0	    0.0	    0.0	  100.0	    0.0	    0.0	    0.0	    0.0	    0.0	   13.9	  1	  -50.0	 1550.0	    0.0	    0.0	    0.0	1	   68.7	 21	    0.0	    5.0	
  376	  10.74	    0.0	 1500.0	    0.0	    0.0	    0.0	    0.0	    0.0	    0.0	    0.0	    0.0	    0.0	  100.0	    0.0	    0.0	    0.0	    0.0	    0.0	   14.0	  1	  -50.0	 1550.0	    0.0	    0.0	    0.0	1	   68.7	 21	    0.0	    5.0	
  377	  10.77	    0.0	 1500.0	    0.0	    0.0	    0.0	    0.0	    0.0	    0.0	    0.0	    0.0	    0.0	  100.0	    0.0	    0.0	    0.0	    0.0	    0.0	   14.0	  1	  -50.0	 1550.0	    0.0	    0.0	    0.0	1	   68.7	 21	    0.0	    5.0	
  378	  10.80	    0.0	 1500.0	    0.0	    0.0	    0.0	    0.0	    0.0	    0.0	    0.0	    0.0	    0.0	  100.0	    0.0	    0.0	    0.0	    0.0	    0.0	   14.1	  1	  -50.0	 1550.0	    0.0	    0.0	    0.0	1	   68.7	 21	    0.0	    5.0	
  379	  10.83	    0.0	 1500.0	    0.0	    0.0	    0.0	    0.0	    0.0	    0.0	    0.0	    0.0	    0.0	  100.0	    0.0	    0.0	    0.0	    0.0	    0.0	   14.1	  1	  -50.0	 1550.0	    0.0	    0.0	    0.0	1	   68.7	 21	    0.0	    5.0	
  380	  10.86	    0.0	 1500.0	    0.0	    0.0	    0.0	    0.0	    0.0	    0.0	    0.0	    0.0	    0.0	  100.0	    0.0	    0.0	    0.0	    0.0	    0.0	   14.1	  1	  -50.0	 1550.0	    0.0	    0.0	    0.0	1	   68.7	 21	    0.0	    5.0	
  381	  10.89	    0.0	 1500.0	    0.0	    0.0	    0.0	    0.0	    0.0	    0.0	    0.0	    0.0	    0.0	  100.0	    0.0	    0.0	    0.0	    0.0	    0.0	   14.2	  1	  -50.0	 1550.0	    0.0	    0.0	    0.0	1	   68.7	 21	    0.0	    5.0	
  382	  10.91	    0.0	 1500.0	    0.0	    0.0	    0.0	    0.0	    0.0	    0.0	    0.0	    0.0	    0.0	  100.0	    0.0	    0.0	    0.0	    0.0	    0.0	   14.2	  1	  -50.0	 1550.0	    0.0	    0.0	    0.0	1	   68.7	 21	    0.0	    5.0	
  383	  10.94	    0.0	 1500.0	    0.0	    0.0	    0.0	    0.0	    0.0	    0.0	    0.0	    0.0	    0.0	  100.0	    0.0	    0.0	    0.0	    0.0	    0.0	   14.3	  1	  -50.0	 1550.0	    0.0	    0.0	    0.0	1	   68.7	 21	    0.0	    5.0	
  384	  10.97	    0.0	 1500.0	    0.0	    0.0	    0.0	    0.0	    0.0	    0.0	    0.0	    0.0	    0.0	  100.0	    0.0	    0.0	    0.0	    0.0	    0.0	   14.3	  1	  -50.0	 1550.0	    0.0	    0.0	    0.0	1	   68.7	 21	    0.0	    5.0	
  385	  11.00	    0.0	 1500.0	    0.0	    0.0	    0.0	    0.0	    0.0	    0.0	    0.0	    0.0	    0.0	  100.0	    0.0	    0.0	    0.0	    0.0	    0.0	   14.3	  1	  -50.0	 1550.0	    0.0	    0.0	    0.0	1	   68.7	 21	    0.0	    5.0	
  386	  11.03	    0.0	 1500.0	    0.0	    0.0	    0.0	    0.0	    0.0	    0.0	    0.0	    0.0	    0.0	  100.0	    0.0	    0.0	    0.0	    0.0	    0.0	   14.4	  1	  -50.0	 1550.0	    0.0	    0.0	    0.0	1	   68.7	 21	    0.0	    5.0	
  387	  11.06	    0.0	 1500.0	    0.0	    0.0	    0.0	    0.0	    0.0	    0.0	    0.0	    0.0	    0.0	  100.0	    0.0	    0.0	    0.0	    0.0	    0.0	   14.4	  1	  -50.0	 1550.0	    0.0	    0.0	    0.0	1	   68.7	 21	    0.0	    5.0	
  388	  11.09	    0.0	 1500.0	    0.0	    0.0	    0.0	    0.0	    0.0	    0.0	    0.0	    0.0	    0.0	  100.0	    0.0	    0.0	    0.0	    0.0	    0.0	   14.4	  1	  -50.0	 1550.0	    0.0	    0.0	    0.0	1	   68.7	 21	    0.0	    5.0	
  389	  11.12	    0.0	 1500.0	    0.0	    0.0	    0.0	    0.0	    0.0	    0.0	    0.0	    0.0	    0.0	  100.0	    0.0	    0.0	    0.0	    0.0	    0.0	   14.5	  1	  -50.0	 1550.0	    0.0	    0.0	    0.0	1	   68.7	 21	    0.0	    5.0	
  390	  11.14	    0.0	 1500.0	    0.0	    0.0	    0.0	    0.0	    0.0	    0.0	    0.0	    0.0	    0.0	  100.0	    0.0	    0.0	    0.0	    0.0	    0.0	   14.5	  1	  -50.0	 1550.0	    0.0	    0.0	    0.0	1	   68.7	 21	    0.0	    5.0	
  391	  11.17	    0.0	 1500.0	    0.0	    0.0	    0.0	    0.0	    0.0	    0.0	    0.0	    0.0	    0.0	  100.0	    0.0	    0.0	    0.0	    0.0	    0.0	   14.6	  1	  -50.0	 1550.0	    0.0	    0.0	    0.0	1	   68.7	 21	    0.0	    5.0	
  392	  11.20	    0.0	 1500.0	    0.0	    0.0	    0.0	    0.0	    0.0	    0.0	    0.0	    0.0	    0.0	  100.0	    0.0	    0.0	    0.0	    0.0	    0.0	   14.6	  1	  -50.0	 1550.0	    0.0	    0.0	    0.0	1	   68.7	 21	    0.0	    5.0	
  393	  11.23	    0.0	 1500.0	    0.0	    0.0	    0.0	    0.0	    0.0	    0.0	    0.0	    0.0	    0.0	  100.0	    0.0	    0.0	    0.0	    0.0	    0.0	   14.6	  1	  -50.0	 1550.0	    0.0	    0.0	    0.0	1	   68.7	 21	    0.0	    5.0	
  394	  11.26	    0.0	 1500.0	    0.0	    0.0	    0.0	    0.0	    0.0	    0.0	    0.0	    0.0	    0.0	  100.0	    0.0	    0.0	    0.0	    0.0	    0.0	   14.7	  1	  -50.0	 1550.0	    0.0	    0.0	    0.0	1	   68.7	 21	    0.0	    5.0	
  395	  11.29	    0.0	 1500.0	    0.0	    0.0	    0.0	    0.0	    0.0	    0.0	    0.0	    0.0	    0.0	  100.0	    0.0	    0.0	    0.0	    0.0	    0.0	   14.7	  1	  -50.0	 1550.0	    0.0	    0.0	    0.0	1	   68.7	 21	    0.0	    5.0	
  396	  11.31	    0.0	 1500.0	    0.0	    0.0	    0.0	    0.0	    0.0	    0.0	    0.0	    0.0	    0.0	  100.0	    0.0	    0.0	    0.0	    0.0	    0.0	   14.7	  1	  -50.0	 1550.0	    0.0	    0.0	    0.0	1	   68.7	 21	    0.0	    5.0	
  397	  11.34	    0.0	 1500.0	    0.0	    0.0	    0.0	    0.0	    0.0	    0.0	    0.0	    0.0	    0.0	  100.0	    0.0	    0.0	    0.0	    0.0	    0.0	   14.8	  1	  -50.0	 1550.0	    0.0	    0.0	    0.0	1	   68.7	 21	    0.0	    5.0	
  398	  11.37	    0.0	 1500.0	    0.0	    0.0	    0.0	    0.0	    0.0	    0.0	    0.0	    0.0	    0.0	  100.0	    0.0	    0.0	    0.0	    0.0	    0.0	   14.8	  1	  -50.0	 1550.0	    0.0	    0.0	    0.0	1	   68.7	 21	    0.0	    5.0	
  399	  11.40	    0.0	 1500.0	    0.0	    0.0	    0.0	    0.0	    0.0	    0.0	    0.0	    0.0	    0.0	  100.0	    0.0	    0.0	    0.0	    0.0	    0.0	   14.9	  1	  -50.0	 1550.0	    0.0	    0.0	    0.0	1	   68.7	 21	    0.0	    5.0	
  400	  11.43	    0.0	 1500.0	    0.0	    0.0	    0.0	    0.0	    0.0	    0.0	    0.0	    0.0	    0.0	  100.0	    0.0	    0.0	    0.0	    0.0	    0.0	   14.9	  1	  -50.0	 1550.0	    0.0	    0.0	    0.0	1	   68.7	 21	    0.0	    5.0	
  401	  11.46	    0.0	 1500.0	    0.0	    0.0	    0.0	    0.0	    0.0	    0.0	    0.0	    0.0	    0.0	  100.0	    0.0	    0.0	    0.0	    0.0	    0.0	   14.9	  1	  -50.0	 1550.0	    0.0	    0.0	    0.0	1	   68.7	 21	    0.0	    5.0	
  402	  11.49	    0.0	 1500.0	    0.0	    0.0	    0.0	    0.0	    0.0	    0.0	    0.0	    0.0	    0.0	  100.0	    0.0	    0.0	    0.0	    0.0	    0.0	   15.0	  1	  -50.0	 1550.0	    0.0	    0.0	    0.0	1	   68.7	 21	    0.0	    5.0	
  403	  11.52	    0.0	 1500.0	    0.0	    0.0	    0.0	    0.0	    0.0	    0.0	    0.0	    0.0	    0.0	  100.0	    0.0	    0.0	    0.0	    0.0	    0.0	   15.0	  1	  -50.0	 1550.0	    0.0	    0.0	    0.0	1	   68.7	 21	    0.0	    5.0	
  404	  11.54	    0.0	 1500.0	    0.0	    0.0	    0.0	    0.0	    0.0	    0.0	    0.0	    0.0	    0.0	  100.0	    0.0	    0.0	    0.0	    0.0	    0.0	   15.1	  1	  -50.0	 1550.0	    0.0	    0.0	    0.0	1	   68.7	 21	    0.0	    5.0	
  405	  11.57	    0.0	 1500.0	    0.0	    0.0	    0.0	    0.0	    0.0	    0.0	    0.0	    0.0	    0.0	  100.0	    0.0	    0.0	    0.0	    0.0	    0.0	   15.1	  1	  -50.0	 1550.0	    0.0	    0.0	    0.0	1	   68.7	 21	    0.0	    5.0	
  406	  11.60	    0.0	 1500.0	    0.0	    0.0	    0.0	    0.0	    0.0	    0.0	    0.0	    0.0	    0.0	  100.0	    0.0	    0.0	    0.0	    0.0	    0.0	   15.1	  1	  -50.0	 1550.0	    0.0	    0.0	    0.0	1	   68.7	 21	    0.0	    5.0	
  407	  11.63	    0.0	 1500.0	    0.0	    0.0	    0.0	    0.0	    0.0	    0.0	    0.0	    0.0	    0.0	  100.0	    0.0	    0.0	    0.0	    0.0	    0.0	   15.2	  1	  -50.0	 1550.0	    0.0	    0.0	    0.0	1	   68.7	 21	    0.0	    5.0	
  408	  11.66	    0.0	 1500.0	    0.0	    0.0	    0.0	    0.0	    0.0	    0.0	    0.0	    0.0	    0.0	  100.0	    0.0	    0.0	    0.0	    0.0	    0.0	   15.2	  1	  -50.0	 1550.0	    0.0	    0.0	    0.0	1	   68.7	 21	    0.0	    5.0	
  409	  11.69	    0.0	 1500.0	    0.0	    0.0	    0.0	    0.0	    0.0	    0.0	    0.0	    0.0	    0.0	  100.0	    0.0	    0.0	    0.0	    0.0	    0.0	   15.2	  1	  -50.0	 1550.0	    0.0	    0.0	    0.0	1	   68.7	 21	    0.0	    5.0	
  410	  11.71	    0.0	 1500.0	    0.0	    0.0	    0.0	    0.0	    0.0	    0.0	    0.0	    0.0	    0.0	  100.0	    0.0	    0.0	    0.0	    0.0	    0.0	   15.3	  1	  -50.0	 1550.0	    0.0	    0.0	    0.0	1	   68.7	 21	    0.0	    5.0	
  411	  11.74	    0.0	 1500.0	    0.0	    0.0	    0.0	    0.0	    0.0	    0.0	    0.0	    0.0	    0.0	  100.0	    0.0	    0.0	    0.0	    0.0	    0.0	   15.3	  1	  -50.0	 1550.0	    0.0	    0.0	    0.0	1	   68.7	 21	    0.0	    5.0	
  412	  11.77	    0.0	 1500.0	    0.0	    0.0	    0.0	    0.0	    0.0	    0.0	    0.0	    0.0	    0.0	  100.0	    0.0	    0.0	    0.0	    0.0	    0.0	   15.4	  1	  -50.0	 1550.0	    0.0	    0.0	    0.0	1	   68.7	 21	    0.0	    5.0	
  413	  11.80	    0.0	 1500.0	    0.0	    0.0	    0.0	    0.0	    0.0	    0.0	    0.0	    0.0	    0.0	  100.0	    0.0	    0.0	    0.0	    0.0	    0.0	   15.4	  1	  -50.0	 1550.0	    0.0	    0.0	    0.0	1	   68.7	 21	    0.0	    5.0	
  414	  11.83	    0.0	 1500.0	    0.0	    0.0	    0.0	    0.0	    0.0	    0.0	    0.0	    0.0	    0.0	  100.0	    0.0	    0.0	    0.0	    0.0	    0.0	   15.4	  1	  -50.0	 1550.0	    0.0	    0.0	    0.0	1	   68.7	 21	    0.0	    5.0	
  415	  11.86	    0.0	 1500.0	    0.0	    0.0	    0.0	    0.0	    0.0	    0.0	    0.0	    0.0	    0.0	  100.0	    0.0	    0.0	    0.0	    0.0	    0.0	   15.5	  1	  -50.0	 1550.0	    0.0	    0.0	    0.0	1	   68.7	 21	    0.0	    5.0	
  416	  11.89	    0.0	 1500.0	    0.0	    0.0	    0.0	    0.0	    0.0	    0.0	    0.0	    0.0	    0.0	  100.0	    0.0	    0.0	    0.0	    0.0	    0.0	   15.5	  1	  -50.0	 1550.0	    0.0	    0.0	    0.0	1	   68.7	 21	    0.0	    5.0	
  417	  11.91	    0.0	 1500.0	    0.0	    0.0	    0.0	    0.0	    0.0	    0.0	    0.0	    0.0	    0.0	  100.0	    0.0	    0.0	    0.0	    0.0	    0.0	   15.5	  1	  -50.0	 1550.0	    0.0	    0.0	    0.0	1	   68.7	 21	    0.0	    5.0	
  418	  11.94	    0.0	 1500.0	    0.0	    0.0	    0.0	    0.0	    0.0	    0.0	    0.0	    0.0	    0.0	  100.0	    0.0	    0.0	    0.0	    0.0	    0.0	   15.6	  1	  -50.0	 1550.0	    0.0	    0.0	    0.0	1	   68.7	 21	    0.0	    5.0	
  419	  11.97	    0.0	 1500.0	    0.0	    0.0	    0.0	    0.0	    0.0	    0.0	    0.0	    0.0	    0.0	  100.0	    0.0	    0.0	    0.0	    0.0	    0.0	   15.6	  1	  -50.0	 1550.0	    0.0	    0.0	    0.0	1	   68.7	 21	    0.0	    5.0	
  420	  12.00	    0.0	 1500.0	    0.0	    0.0	    0.0	    0.0	    0.0	    0.0	    0.0	    0.0	    0.0	  100.0	    0.0	    0.0	    0.0	    0.0	    0.0	   15.7	  1	  -50.0	 1550.0	    0.0	    0.0	    0.0	1	   68.7	 21	    0.0	    5.0	
  421	  12.03	    0.0	 1500.0	    0.0	    0.0	    0.0	    0.0	    0.0	    0.0	    0.0	    0.0	    0.0	  100.0	    0.0	    0.0	    0.0	    0.0	    0.0	   15.7	  1	  -50.0	 1550.0	    0.0	    0.0	    0.0	1	   68.7	 21	    0.0	    5.0	
  422	  12.06	    0.0	 1500.0	    0.0	    0.0	    0.0	    0.0	    0.0	    0.0	    0.0	    0.0	    0.0	  100.0	    0.0	    0.0	    0.0	    0.0	    0.0	   15.7	  1	  -50.0	 1550.0	    0.0	    0.0	    0.0	1	   68.7	 21	    0.0	    5.0	
  423	  12.09	    0.0	 1500.0	    0.0	    0.0	    0.0	    0.0	    0.0	    0.0	    0.0	    0.0	    0.0	  100.0	    0.0	    0.0	    0.0	    0.0	    0.0	   15.8	  1	  -50.0	 1550.0	    0.0	    0.0	    0.0	1	   68.7	 21	    0.0	    5.0	
  424	  12.12	    0.0	 1500.0	    0.0	    0.0	    0.0	    0.0	    0.0	    0.0	    0.0	    0.0	    0.0	  100.0	    0.0	    0.0	    0.0	    0.0	    0.0	   15.8	  1	  -50.0	 1550.0	    0.0	    0.0	    0.0	1	   68.7	 21	    0.0	    5.0	
  425	  12.14	    0.0	 1500.0	    0.0	    0.0	    0.0	    0.0	    0.0	    0.0	    0.0	    0.0	    0.0	  100.0	    0.0	    0.0	    0.0	    0.0	    0.0	   15.8	  1	  -50.0	 1550.0	    0.0	    0.0	    0.0	1	   68.7	 21	    0.0	    5.0	
  426	  12.17	    0.0	 1500.0	    0.0	    0.0	    0.0	    0.0	    0.0	    0.0	    0.0	    0.0	    0.0	  100.0	    0.0	    0.0	    0.0	    0.0	    0.0	   15.9	  1	  -50.0	 1550.0	    0.0	    0.0	    0.0	1	   68.7	 21	    0.0	    5.0	
  427	  12.20	    0.0	 1500.0	    0.0	    0.0	    0.0	    0.0	    0.0	    0.0	    0.0	    0.0	    0.0	  100.0	    0.0	    0.0	    0.0	    0.0	    0.0	   15.9	  1	  -50.0	 1550.0	    0.0	    0.0	    0.0	1	   68.7	 21	    0.0	    5.0	
  428	  12.23	    0.0	 1500.0	    0.0	    0.0	    0.0	    0.0	    0.0	    0.0	    0.0	    0.0	    0.0	  100.0	    0.0	    0.0	    0.0	    0.0	    0.0	   16.0	  1	  -50.0	 1550.0	    0.0	    0.0	    0.0	1	   68.7	 21	    0.0	    5.0	
  429	  12.26	    0.0	 1500.0	    0.0	    0.0	    0.0	    0.0	    0.0	    0.0	    0.0	    0.0	    0.0	  100.0	    0.0	    0.0	    0.0	    0.0	    0.0	   16.0	  1	  -50.0	 1550.0	    0.0	    0.0	    0.0	1	   68.7	 21	    0.0	    5.0	
  430	  12.29	    0.0	 1500.0	    0.0	    0.0	    0.0	    0.0	    0.0	    0.0	    0.0	    0.0	    0.0	  100.0	    0.0	    0.0	    0.0	    0.0	    0.0	   16.0	  1	  -50.0	 1550.0	    0.0	    0.0	    0.0	1	   68.7	 21	    0.0	    5.0	
  431	  12.31	    0.0	 1500.0	    0.0	    0.0	    0.0	    0.0	    0.0	    0.0	    0.0	    0.0	    0.0	  100.0	    0.0	    0.0	    0.0	    0.0	    0.0	   16.1	  1	  -50.0	 1550.0	    0.0	    0.0	    0.0	1	   68.7	 21	    0.0	    5.0	
  432	  12.34	    0.0	 1500.0	    0.0	    0.0	    0.0	    0.0	    0.0	    0.0	    0.0	    0.0	    0.0	  100.0	    0.0	    0.0	    0.0	    0.0	    0.0	   16.1	  1	  -50.0	 1550.0	    0.0	    0.0	    0.0	1	   68.7	 21	    0.0	    5.0	
  433	  12.37	    0.0	 1500.0	    0.0	    0.0	    0.0	    0.0	    0.0	    0.0	    0.0	    0.0	    0.0	  100.0	    0.0	    0.0	    0.0	    0.0	    0.0	   16.2	  1	  -50.0	 1550.0	    0.0	    0.0	    0.0	1	   68.7	 21	    0.0	    5.0	
  434	  12.40	    0.0	 1500.0	    0.0	    0.0	    0.0	    0.0	    0.0	    0.0	    0.0	    0.0	    0.0	  100.0	    0.0	    0.0	    0.0	    0.0	    0.0	   16.2	  1	  -50.0	 1550.0	    0.0	    0.0	    0.0	1	   68.7	 21	    0.0	    5.0	
  435	  12.43	    0.0	 1500.0	    0.0	    0.0	    0.0	    0.0	    0.0	    0.0	    0.0	    0.0	    0.0	  100.0	    0.0	    0.0	    0.0	    0.0	    0.0	   16.2	  1	  -50.0	 1550.0	    0.0	    0.0	    0.0	1	   68.7	 21	    0.0	    5.0	
  436	  12.46	    0.0	 1500.0	    0.0	    0.0	    0.0	    0.0	    0.0	    0.0	    0.0	    0.0	    0.0	  100.0	    0.0	    0.0	    0.0	    0.0	    0.0	   16.3	  1	  -50.0	 1550.0	    0.0	    0.0	    0.0	1	   68.7	 21	    0.0	    5.0	
  437	  12.49	    0.0	 1500.0	    0.0	    0.0	    0.0	    0.0	    0.0	    0.0	    0.0	    0.0	    0.0	  100.0	    0.0	    0.0	    0.0	    0.0	    0.0	   16.3	  1	  -50.0	 1550.0	    0.0	    0.0	    0.0	1	   68.7	 21	    0.0	    5.0	
  438	  12.52	    0.0	 1500.0	    0.0	    0.0	    0.0	    0.0	    0.0	    0.0	    0.0	    0.0	    0.0	  100.0	    0.0	    0.0	    0.0	    0.0	    0.0	   16.3	  1	  -50.0	 1550.0	    0.0	    0.0	    0.0	1	   68.7	 21	    0.0	    5.0	
  439	  12.54	    0.0	 1500.0	    0.0	    0.0	    0.0	    0.0	    0.0	    0.0	    0.0	    0.0	    0.0	  100.0	    0.0	    0.0	    0.0	    0.0	    0.0	   16.4	  1	  -50.0	 1550.0	    0.0	    0.0	    0.0	1	   68.7	 21	    0.0	    5.0	
  440	  12.57	    0.0	 1500.0	    0.0	    0.0	    0.0	    0.0	    0.0	    0.0	    0.0	    0.0	    0.0	  100.0	    0.0	    0.0	    0.0	    0.0	    0.0	   16.4	  1	  -50.0	 1550.0	    0.0	    0.0	    0.0	1	   68.7	 21	    0.0	    5.0	
  441	  12.60	    0.0	 1500.0	    0.0	    0.0	    0.0	    0.0	    0.0	    0.0	    0.0	    0.0	    0.0	  100.0	    0.0	    0.0	    0.0	    0.0	    0.0	   16.5	  1	  -50.0	 1550.0	    0.0	    0.0	    0.0	1	   68.7	 21	    0.0	    5.0	
  442	  12.63	    0.0	 1500.0	    0.0	    0.0	    0.0	    0.0	    0.0	    0.0	    0.0	    0.0	    0.0	  100.0	    0.0	    0.0	    0.0	    0.0	    0.0	   16.5	  1	  -50.0	 1550.0	    0.0	    0.0	    0.0	1	   68.7	 21	    0.0	    5.0	
  443	  12.66	    0.0	 1500.0	    0.0	    0.0	    0.0	    0.0	    0.0	    0.0	    0.0	    0.0	    0.0	  100.0	    0.0	    0.0	    0.0	    0.0	    0.0	   16.5	  1	  -50.0	 1550.0	    0.0	    0.0	    0.0	1	   68.7	 21	    0.0	    5.0	
  444	  12.69	    0.0	 1500.0	    0.0	    0.0	    0.0	    0.0	    0.0	    0.0	    0.0	    0.0	    0.0	  100.0	    0.0	    0.0	    0.0	    0.0	    0.0	   16.6	  1	  -50.0	 1550.0	    0.0	    0.0	    0.0	1	   68.7	 21	    0.0	    5.0	
  445	  12.71	    0.0	 1500.0	    0.0	    0.0	    0.0	    0.0	    0.0	    0.0	    0.0	    0.0	    0.0	  100.0	    0.0	    0.0	    0.0	    0.0	    0.0	   16.6	  1	  -50.0	 1550.0	    0.0	    0.0	    0.0	1	   68.7	 21	    0.0	    5.0	
  446	  12.74	    0.0	 1500.0	    0.0	    0.0	    0.0	    0.0	    0.0	    0.0	    0.0	    0.0	    0.0	  100.0	    0.0	    0.0	    0.0	    0.0	    0.0	   16.6	  1	  -50.0	 1550.0	    0.0	    0.0	    0.0	1	   68.7	 21	    0.0	    5.0	
  447	  12.77	    0.0	 1500.0	    0.0	    0.0	    0.0	    0.0	    0.0	    0.0	    0.0	    0.0	    0.0	  100.0	    0.0	    0.0	    0.0	    0.0	    0.0	   16.7	  1	  -50.0	 1550.0	    0.0	    0.0	    0.0	1	   68.7	 21	    0.0	    5.0	
  448	  12.80	    0.0	 1500.0	    0.0	    0.0	    0.0	    0.0	    0.0	    0.0	    0.0	    0.0	    0.0	  100.0	    0.0	    0.0	    0.0	    0.0	    0.0	   16.7	  1	  -50.0	 1550.0	    0.0	    0.0	    0.0	1	   68.7	 21	    0.0	    5.0	
  449	  12.83	    0.0	 1500.0	    0.0	    0.0	    0.0	    0.0	    0.0	    0.0	    0.0	    0.0	    0.0	  100.0	    0.0	    0.0	    0.0	    0.0	    0.0	   16.8	  1	  -50.0	 1550.0	    0.0	    0.0	    0.0	1	   68.7	 21	    0.0	    5.0	
  450	  12.86	    0.0	 1500.0	    0.0	    0.0	    0.0	    0.0	    0.0	    0.0	    0.0	    0.0	    0.0	  100.0	    0.0	    0.0	    0.0	    0.0	    0.0	   16.8	  1	  -50.0	 1550.0	    0.0	    0.0	    0.0	1	   68.7	 21	    0.0	    5.0	
  451	  12.89	    0.0	 1500.0	    0.0	    0.0	    0.0	    0.0	    0.0	    0.0	    0.0	    0.0	    0.0	  100.0	    0.0	    0.0	    0.0	    0.0	    0.0	   16.8	  1	  -50.0	 1550.0	    0.0	    0.0	    0.0	1	   68.7	 21	    0.0	    5.0	
  452	  12.91	    0.0	 1500.0	    0.0	    0.0	    0.0	    0.0	    0.0	    0.0	    0.0	    0.0	    0.0	  100.0	    0.0	    0.0	    0.0	    0.0	    0.0	   16.9	  1	  -50.0	 1550.0	    0.0	    0.0	    0.0	1	   68.7	 21	    0.0	    5.0	
  453	  12.94	    0.0	 1500.0	    0.0	    0.0	    0.0	    0.0	    0.0	    0.0	    0.0	    0.0	    0.0	  100.0	    0.0	    0.0	    0.0	    0.0	    0.0	   16.9	  1	  -50.0	 1550.0	    0.0	    0.0	    0.0	1	   68.7	 21	    0.0	    5.0	
  454	  12.97	    0.0	 1500.0	    0.0	    0.0	    0.0	    0.0	    0.0	    0.0	    0.0	    0.0	    0.0	  100.0	    0.0	    0.0	    0.0	    0.0	    0.0	   17.0	  1	  -50.0	 1550.0	    0.0	    0.0	    0.0	1	   68.7	 21	    0.0	    5.0	
  455	  13.00	    0.0	 1500.0	    0.0	    0.0	    0.0	    0.0	    0.0	    0.0	    0.0	    0.0	    0.0	  100.0	    0.0	    0.0	    0.0	    0.0	    0.0	   17.0	  1	  -50.0	 1550.0	    0.0	    0.0	    0.0	1	   68.7	 21	    0.0	    5.0	
  456	  13.03	    0.0	 1500.0	    0.0	    0.0	    0.0	    0.0	    0.0	    0.0	    0.0	    0.0	    0.0	  100.0	    0.0	    0.0	    0.0	    0.0	    0.0	   17.0	  1	  -50.0	 1550.0	    0.0	    0.0	    0.0	1	   68.7	 21	    0.0	    5.0	
  457	  13.06	    0.0	 1500.0	    0.0	    0.0	    0.0	    0.0	    0.0	    0.0	    0.0	    0.0	    0.0	  100.0	    0.0	    0.0	    0.0	    0.0	    0.0	   17.1	  1	  -50.0	 1550.0	    0.0	    0.0	    0.0	1	   68.7	 21	    0.0	    5.0	
  458	  13.09	    0.0	 1500.0	    0.0	    0.0	    0.0	    0.0	    0.0	    0.0	    0.0	    0.0	    0.0	  100.0	    0.0	    0.0	    0.0	    0.0	    0.0	   17.1	  1	  -50.0	 1550.0	    0.0	    0.0	    0.0	1	   68.7	 21	    0.0	    5.0	
  459	  13.12	    0.0	 1500.0	    0.0	    0.0	    0.0	    0.0	    0.0	    0.0	    0.0	    0.0	    0.0	  100.0	    0.0	    0.0	    0.0	    0.0	    0.0	   17.1	  1	  -50.0	 1550.0	    0.0	    0.0	    0.0	1	   68.7	 21	    0.0	    5.0	
  460	  13.14	    0.0	 1500.0	    0.0	    0.0	    0.0	    0.0	    0.0	    0.0	    0.0	    0.0	    0.0	  100.0	    0.0	    0.0	    0.0	    0.0	    0.0	   17.2	  1	  -50.0	 1550.0	    0.0	    0.0	    0.0	1	   68.7	 21	    0.0	    5.0	
  461	  13.17	    0.0	 1500.0	    0.0	    0.0	    0.0	    0.0	    0.0	    0.0	    0.0	    0.0	    0.0	  100.0	    0.0	    0.0	    0.0	    0.0	    0.0	   17.2	  1	  -50.0	 1550.0	    0.0	    0.0	    0.0	1	   68.7	 21	    0.0	    5.0	
  462	  13.20	    0.5	 1499.3	    0.0	    0.0	    0.0	    0.0	    0.0	    0.0	    0.0	    0.0	    0.0	  100.0	    0.0	    0.0	    0.0	    0.0	    0.0	   17.3	  1	   50.0	 1450.0	    0.0	    0.0	    0.0	1	   65.6	 21	    0.0	    5.0	
  463	  13.23	    0.5	 1499.3	    0.0	    0.0	    0.0	    0.0	    0.0	    0.0	    0.0	    0.0	    0.0	  100.0	    0.0	    0.0	    0.0	    0.0	    0.0	   17.3	  1	   50.0	 1450.0	    0.0	    0.0	    0.0	1	   65.6	 21	    0.0	    5.0	
  464	  13.26	    0.5	 1499.3	    0.0	    0.0	    0.0	    0.0	    0.0	    0.0	    0.0	    0.0	    0.0	  100.0	    0.0	    0.0	    0.0	    0.0	    0.0	   17.3	  1	   50.0	 1450.0	    0.0	    0.0	    0.0	1	   65.6	 21	    0.0	    5.0	
  465	  13.29	    0.5	 1499.3	    0.0	    0.0	    0.0	    0.0	    0.0	    0.0	    0.0	    0.0	    0.0	  100.0	    0.0	    0.0	    0.0	    0.0	    0.0	   17.4	  1	   50.0	 1450.0	    0.0	    0.0	    0.0	1	   65.6	 21	    0.0	    5.0	
  466	  13.31	    0.5	 1499.3	    0.0	    0.0	    0.0	    0.0	    0.0	    0.0	    0.0	    0.0	    0.0	  100.0	    0.0	    0.0	    0.0	    0.0	    0.0	   17.4	  1	   50.0	 1450.0	    0.0	    0.0	    0.0	1	   65.6	 21	    0.0	    5.0	
  467	  13.34	    0.5	 1499.3	    0.0	    0.0	    0.0	    0.0	    0.0	    0.0	    0.0	    0.0	    0.0	  100.0	    0.0	    0.0	    0.0	    0.0	    0.0	   17.4	  1	   50.0	 1450.0	    0.0	    0.0	    0.0	1	   65.6	 21	    0.0	    5.0	
  468	  13.37	    0.5	 1499.3	    0.0	    0.0	    0.0	    0.0	    0.0	    0.0	    0.0	    0.0	    0.0	  100.0	    0.0	    0.0	    0.0	    0.0	    0.0	   17.5	  1	   50.0	 1450.0	    0.0	    0.0	    0.0	1	   65.6	 21	    0.0	    5.0	
  469	  13.40	    0.5	 1499.3	    0.0	    0.0	    0.0	    0.0	    0.0	    0.0	    0.0	    0.0	    0.0	  100.0	    0.0	    0.0	    0.0	    0.0	    0.0	   17.5	  1	   50.0	 1450.0	    0.0	    0.0	    0.0	1	   65.6	 21	    0.0	    5.0	
  470	  13.43	    0.5	 1499.3	    0.0	    0.0	    0.0	    0.0	    0.0	    0.0	    0.0	    0.0	    0.0	  100.0	    0.0	    0.0	    0.0	    0.0	    0.0	   17.6	  1	   50.0	 1450.0	    0.0	    0.0	    0.0	1	   65.6	 21	    0.0	    5.0	
  471	  13.46	    0.5	 1499.3	    0.0	    0.0	    0.0	    0.0	    0.0	    0.0	    0.0	    0.0	    0.0	  100.0	    0.0	    0.0	    0.0	    0.0	    0.0	   17.6	  1	   50.0	 1450.0	    0.0	    0.0	    0.0	1	   65.6	 21	    0.0	    5.0	
  472	  13.49	    0.5	 1499.3	    0.0	    0.0	    0.0	    0.0	    0.0	    0.0	    0.0	    0.0	    0.0	  100.0	    0.0	    0.0	    0.0	    0.0	    0.0	   17.6	  1	   50.0	 1450.0	    0.0	    0.0	    0.0	1	   65.6	 21	    0.0	    5.0	
  473	  13.52	    0.5	 1499.3	    0.0	    0.0	    0.0	    0.0	    0.0	    0.0	    0.0	    0.0	    0.0	  100.0	    0.0	    0.0	    0.0	    0.0	    0.0	   17.7	  1	   50.0	 1450.0	    0.0	    0.0	    0.0	1	   65.6	 21	    0.0	    5.0	
  474	  13.54	    0.5	 1499.3	    0.0	    0.0	    0.0	    0.0	    0.0	    0.0	    0.0	    0.0	    0.0	  100.0	    0.0	    0.0	    0.0	    0.0	    0.0	   17.7	  1	   50.0	 1450.0	    0.0	    0.0	    0.0	1	   65.6	 21	    0.0	    5.0	
  475	  13.57	    0.5	 1499.3	    0.0	    0.0	    0.0	    0.0	    0.0	    0.0	    0.0	    0.0	    0.0	  100.0	    0.0	    0.0	    0.0	    0.0	    0.0	   17.7	  1	   50.0	 1450.0	    0.0	    0.0	    0.0	1	   65.6	 21	    0.0	    5.0	
  476	  13.60	    0.5	 1499.3	    0.0	    0.0	    0.0	    0.0	    0.0	    0.0	    0.0	    0.0	    0.0	  100.0	    0.0	    0.0	    0.0	    0.0	    0.0	   17.8	  1	   50.0	 1450.0	    0.0	    0.0	    0.0	1	   65.6	 21	    0.0	    5.0	
  477	  13.63	    0.5	 1499.3	    0.0	    0.0	    0.0	    0.0	    0.0	    0.0	    0.0	    0.0	    0.0	  100.0	    0.0	    0.0	    0.0	    0.0	    0.0	   17.8	  1	   50.0	 1450.0	    0.0	    0.0	    0.0	1	   65.6	 21	    0.0	    5.0	
  478	  13.66	    0.5	 1499.3	    0.0	    0.0	    0.0	    0.0	    0.0	    0.0	    0.0	    0.0	    0.0	  100.0	    0.0	    0.0	    0.0	    0.0	    0.0	   17.9	  1	   50.0	 1450.0	    0.0	    0.0	    0.0	1	   65.6	 21	    0.0	    5.0	
  479	  13.69	    0.5	 1499.3	    0.0	    0.0	    0.0	    0.0	    0.0	    0.0	    0.0	    0.0	    0.0	  100.0	    0.0	    0.0	    0.0	    0.0	    0.0	   17.9	  1	   50.0	 1450.0	    0.0	    0.0	    0.0	1	   65.6	 21	    0.0	    5.0	
  480	  13.71	    0.5	 1499.3	    0.0	    0.0	    0.0	    0.0	    0.0	    0.0	    0.0	    0.0	    0.0	  100.0	    0.0	    0.0	    0.0	    0.0	    0.0	   17.9	  1	   50.0	 1450.0	    0.0	    0.0	    0.0	1	   65.6	 21	    0.0	    5.0	
  481	  13.74	    0.5	 1499.3	    0.0	    0.0	    0.0	    0.0	    0.0	    0.0	    0.0	    0.0	    0.0	  100.0	    0.0	    0.0	    0.0	    0.0	    0.0	   18.0	  1	   50.0	 1450.0	    0.0	    0.0	    0.0	1	   65.6	 21	    0.0	    5.0	
  482	  13.77	    0.5	 1499.3	    0.0	    0.0	    0.0	    0.0	    0.0	    0.0	    0.0	    0.0	    0.0	  100.0	    0.0	    0.0	    0.0	    0.0	    0.0	   18.0	  1	   50.0	 1450.0	    0.0	    0.0	    0.0	1	   65.6	 21	    0.0	    5.0	
  483	  13.80	    0.5	 1499.3	    0.0	    0.0	    0.0	    0.0	    0.0	    0.0	    0.0	    0.0	    0.0	  100.0	    0.0	    0.0	    0.0	    0.0	    0.0	   18.1	  1	   50.0	 1450.0	    0.0	    0.0	    0.0	1	   65.6	 21	    0.0	    5.0	
  484	  13.83	    0.5	 1499.3	    0.0	    0.0	    0.0	    0.0	    0.0	    0.0	    0.0	    0.0	    0.0	  100.0	    0.0	    0.0	    0.0	    0.0	    0.0	   18.1	  1	   50.0	 1450.0	    0.0	    0.0	    0.0	1	   65.6	 21	    0.0	    5.0	
  485	  13.86	    0.5	 1499.3	    0.0	    0.0	    0.0	    0.0	    0.0	    0.0	    0.0	    0.0	    0.0	  100.0	    0.0	    0.0	    0.0	    0.0	    0.0	   18.1	  1	   50.0	 1450.0	    0.0	    0.0	    0.0	1	   65.6	 21	    0.0	    5.0	
  486	  13.89	    0.5	 1499.3	    0.0	    0.0	    0.0	    0.0	    0.0	    0.0	    0.0	    0.0	    0.0	  100.0	    0.0	    0.0	    0.0	    0.0	    0.0	   18.2	  1	   50.0	 1450.0	    0.0	    0.0	    0.0	1	   65.6	 21	    0.0	    5.0	
  487	  13.91	    0.5	 1499.3	    0.0	    0.0	    0.0	    0.0	    0.0	    0.0	    0.0	    0.0	    0.0	  100.0	    0.0	    0.0	    0.0	    0.0	    0.0	   18.2	  1	   50.0	 1450.0	    0.0	    0.0	    0.0	1	   65.6	 21	    0.0	    5.0	
  488	  13.94	    0.5	 1499.3	    0.0	    0.0	    0.0	    0.0	    0.0	    0.0	    0.0	    0.0	    0.0	  100.0	    0.0	    0.0	    0.0	    0.0	    0.0	   18.2	  1	   50.0	 1450.0	    0.0	    0.0	    0.0	1	   65.6	 21	    0.0	    5.0	
  489	  13.97	    0.5	 1499.3	    0.0	    0.0	    0.0	    0.0	    0.0	    0.0	    0.0	    0.0	    0.0	  100.0	    0.0	    0.0	    0.0	    0.0	    0.0	   18.3	  1	   50.0	 1450.0	    0.0	    0.0	    0.0	1	   65.6	 21	    0.0	    5.0	
  490	  14.00	    0.5	 1499.3	    0.0	    0.0	    0.0	    0.0	    0.0	    0.0	    0.0	    0.0	    0.0	  100.0	    0.0	    0.0	    0.0	    0.0	    0.0	   18.3	  1	   50.0	 1450.0	    0.0	    0.0	    0.0	1	   65.6	 21	    0.0	    5.0	
  491	  14.03	    0.5	 1499.3	    0.0	    0.0	    0.0	    0.0	    0.0	    0.0	    0.0	    0.0	    0.0	  100.0	    0.0	    0.0	    0.0	    0.0	    0.0	   18.4	  1	   50.0	 1450.0	    0.0	    0.0	    0.0	1	   65.6	 21	    0.0	    5.0	
  492	  14.06	    0.5	 1499.3	    0.0	    0.0	    0.0	    0.0	    0.0	    0.0	    0.0	    0.0	    0.0	  100.0	    0.0	    0.0	    0.0	    0.0	    0.0	   18.4	  1	   50.0	 1450.0	    0.0	    0.0	    0.0	1	   65.6	 21	    0.0	    5.0	
  493	  14.09	    0.5	 1499.3	    0.0	    0.0	    0.0	    0.0	    0.0	    0.0	    0.0	    0.0	    0.0	  100.0	    0.0	    0.0	    0.0	    0.0	    0.0	   18.4	  1	   50.0	 1450.0	    0.0	    0.0	    0.0	1	   65.6	 21	    0.0	    5.0	
  494	  14.12	    0.5	 1499.3	    0.0	    0.0	    0.0	    0.0	    0.0	    0.0	    0.0	    0.0	    0.0	  100.0	    0.0	    0.0	    0.0	    0.0	    0.0	   18.5	  1	   50.0	 1450.0	    0.0	    0.0	    0.0	1	   65.6	 21	    0.0	    5.0	
  495	  14.14	    0.5	 1499.3	    0.0	    0.0	    0.0	    0.0	    0.0	    0.0	    0.0	    0.0	    0.0	  100.0	    0.0	    0.0	    0.0	    0.0	    0.0	   18.5	  1	   50.0	 1450.0	    0.0	    0.0	    0.0	1	   65.6	 21	    0.0	    5.0	
  496	  14.17	    0.5	 1499.3	    0.0	    0.0	    0.0	    0.0	    0.0	    0.0	    0.0	    0.0	    0.0	  100.0	    0.0	    0.0	    0.0	    0.0	    0.0	   18.5	  1	   50.0	 1450.0	    0.0	    0.0	    0.0	1	   65.6	 21	    0.0	    5.0	
  497	  14.20	    0.5	 1499.3	    0.0	    0.0	    0.0	    0.0	    0.0	    0.0	    0.0	    0.0	    0.0	  100.0	    0.0	    0.0	    0.0	    0.0	    0.0	   18.6	  1	   50.0	 1450.0	    0.0	    0.0	    0.0	1	   65.6	 21	    0.0	    5.0	
  498	  14.23	    0.5	 1499.3	    0.0	    0.0	    0.0	    0.0	    0.0	    0.0	    0.0	    0.0	    0.0	  100.0	    0.0	    0.0	    0.0	    0.0	    0.0	   18.6	  1	   50.0	 1450.0	    0.0	    0.0	    0.0	1	   65.6	 21	    0.0	    5.0	
  499	  14.26	    0.5	 1499.3	    0.0	    0.0	    0.0	    0.0	    0.0	    0.0	    0.0	    0.0	    0.0	  100.0	    0.0	    0.0	    0.0	    0.0	    0.0	   18.7	  1	   50.0	 1450.0	    0.0	    0.0	    0.0	1	   65.6	 21	    0.0	    5.0	
  500	  14.29	    0.5	 1499.3	    0.0	    0.0	    0.0	    0.0	    0.0	    0.0	    0.0	    0.0	    0.0	  100.0	    0.0	    0.0	    0.0	    0.0	    0.0	   18.7	  1	   50.0	 1450.0	    0.0	    0.0	    0.0	1	   65.6	 21	    0.0	    5.0	
  501	  14.31	    0.5	 1499.3	    0.0	    0.0	    0.0	    0.0	    0.0	    0.0	    0.0	    0.0	    0.0	  100.0	    0.0	    0.0	    0.0	    0.0	    0.0	   18.7	  1	   50.0	 1450.0	    0.0	    0.0	    0.0	1	   65.6	 21	    0.0	    5.0	
  502	  14.34	    0.5	 1499.3	    0.0	    0.0	    0.0	    0.0	    0.0	    0.0	    0.0	    0.0	    0.0	  100.0	    0.0	    0.0	    0.0	    0.0	    0.0	   18.8	  1	   50.0	 1450.0	    0.0	    0.0	    0.0	1	   65.6	 21	    0.0	    5.0	
  503	  14.37	    0.5	 1499.3	    0.0	    0.0	    0.0	    0.0	    0.0	    0.0	    0.0	    0.0	    0.0	  100.0	    0.0	    0.0	    0.0	    0.0	    0.0	   18.8	  1	   50.0	 1450.0	    0.0	    0.0	    0.0	1	   65.6	 21	    0.0	    5.0	
  504	  14.40	    0.5	 1499.3	    0.0	    0.0	    0.0	    0.0	    0.0	    0.0	    0.0	    0.0	    0.0	  100.0	    0.0	    0.0	    0.0	    0.0	    0.0	   18.9	  1	   50.0	 1450.0	    0.0	    0.0	    0.0	1	   65.6	 21	    0.0	    5.0	
  505	  14.43	    0.5	 1499.3	    0.0	    0.0	    0.0	    0.0	    0.0	    0.0	    0.0	    0.0	    0.0	  100.0	    0.0	    0.0	    0.0	    0.0	    0.0	   18.9	  1	   50.0	 1450.0	    0.0	    0.0	    0.0	1	   65.6	 21	    0.0	    5.0	
  506	  14.46	    0.5	 1499.3	    0.0	    0.0	    0.0	    0.0	    0.0	    0.0	    0.0	    0.0	    0.0	  100.0	    0.0	    0.0	    0.0	    0.0	    0.0	   18.9	  1	   50.0	 1450.0	    0.0	    0.0	    0.0	1	   65.6	 21	    0.0	    5.0	
  507	  14.49	    0.5	 1499.3	    0.0	    0.0	    0.0	    0.0	    0.0	    0.0	    0.0	    0.0	    0.0	  100.0	    0.0	    0.0	    0.0	    0.0	    0.0	   19.0	  1	   50.0	 1450.0	    0.0	    0.0	    0.0	1	   65.6	 21	    0.0	    5.0	
  508	  14.52	    0.5	 1499.3	    0.0	    0.0	    0.0	    0.0	    0.0	    0.0	    0.0	    0.0	    0.0	  100.0	    0.0	    0.0	    0.0	    0.0	    0.0	   19.0	  1	   50.0	 1450.0	    0.0	    0.0	    0.0	1	   65.6	 21	    0.0	    5.0	
  509	  14.54	    0.5	 1499.3	    0.0	    0.0	    0.0	    0.0	    0.0	    0.0	    0.0	    0.0	    0.0	  100.0	    0.0	    0.0	    0.0	    0.0	    0.0	   19.0	  1	   50.0	 1450.0	    0.0	    0.0	    0.0	1	   65.6	 21	    0.0	    5.0	
  510	  14.57	    0.5	 1499.3	    0.0	    0.0	    0.0	    0.0	    0.0	    0.0	    0.0	    0.0	    0.0	  100.0	    0.0	    0.0	    0.0	    0.0	    0.0	   19.1	  1	   50.0	 1450.0	    0.0	    0.0	    0.0	1	   65.6	 21	    0.0	    5.0	
  511	  14.60	    0.5	 1499.3	    0.0	    0.0	    0.0	    0.0	    0.0	    0.0	    0.0	    0.0	    0.0	  100.0	    0.0	    0.0	    0.0	    0.0	    0.0	   19.1	  1	   50.0	 1450.0	    0.0	    0.0	    0.0	1	   65.6	 21	    0.0	    5.0	
  512	  14.63	    0.5	 1499.3	    0.0	    0.0	    0.0	    0.0	    0.0	    0.0	    0.0	    0.0	    0.0	  100.0	    0.0	    0.0	    0.0	    0.0	    0.0	   19.2	  1	   50.0	 1450.0	    0.0	    0.0	    0.0	1	   65.6	 21	    0.0	    5.0	
  513	  14.66	    0.5	 1499.3	    0.0	    0.0	    0.0	    0.0	    0.0	    0.0	    0.0	    0.0	    0.0	  100.0	    0.0	    0.0	    0.0	    0.0	    0.0	   19.2	  1	   50.0	 1450.0	    0.0	    0.0	    0.0	1	   65.6	 21	    0.0	    5.0	
  514	  14.69	    0.5	 1499.3	    0.0	    0.0	    0.0	    0.0	    0.0	    0.0	    0.0	    0.0	    0.0	  100.0	    0.0	    0.0	    0.0	    0.0	    0.0	   19.2	  1	   50.0	 1450.0	    0.0	    0.0	    0.0	1	   65.6	 21	    0.0	    5.0	
  515	  14.71	    0.5	 1499.3	    0.0	    0.0	    0.0	    0.0	    0.0	    0.0	    0.0	    0.0	    0.0	  100.0	    0.0	    0.0	    0.0	    0.0	    0.0	   19.3	  1	   50.0	 1450.0	    0.0	    0.0	    0.0	1	   65.6	 21	    0.0	    5.0	
  516	  14.74	    0.5	 1499.3	    0.0	    0.0	    0.0	    0.0	    0.0	    0.0	    0.0	    0.0	    0.0	  100.0	    0.0	    0.0	    0.0	    0.0	    0.0	   19.3	  1	   50.0	 1450.0	    0.0	    0.0	    0.0	1	   65.6	 21	    0.0	    5.0	
  517	  14.77	    0.5	 1499.3	    0.0	    0.0	    0.0	    0.0	    0.0	    0.0	    0.0	    0.0	    0.0	  100.0	    0.0	    0.0	    0.0	    0.0	    0.0	   19.3	  1	   50.0	 1450.0	    0.0	    0.0	    0.0	1	   65.6	 21	    0.0	    5.0	
  518	  14.80	    0.5	 1499.3	    0.0	    0.0	    0.0	    0.0	    0.0	    0.0	    0.0	    0.0	    0.0	  100.0	    0.0	    0.0	    0.0	    0.0	    0.0	   19.4	  1	   50.0	 1450.0	    0.0	    0.0	    0.0	1	   65.6	 21	    0.0	    5.0	
  519	  14.83	    0.5	 1499.3	    0.0	    0.0	    0.0	    0.0	    0.0	    0.0	    0.0	    0.0	    0.0	  100.0	    0.0	    0.0	    0.0	    0.0	    0.0	   19.4	  1	   50.0	 1450.0	    0.0	    0.0	    0.0	1	   65.6	 21	    0.0	    5.0	
  520	  14.86	    0.5	 1499.3	    0.0	    0.0	    0.0	    0.0	    0.0	    0.0	    0.0	    0.0	    0.0	  100.0	    0.0	    0.0	    0.0	    0.0	    0.0	   19.5	  1	   50.0	 1450.0	    0.0	    0.0	    0.0	1	   65.6	 21	    0.0	    5.0	
  521	  14.89	    0.5	 1499.3	    0.0	    0.0	    0.0	    0.0	    0.0	    0.0	    0.0	    0.0	    0.0	  100.0	    0.0	    0.0	    0.0	    0.0	    0.0	   19.5	  1	   50.0	 1450.0	    0.0	    0.0	    0.0	1	   65.6	 21	    0.0	    5.0	
  522	  14.91	    0.5	 1499.3	    0.0	    0.0	    0.0	    0.0	    0.0	    0.0	    0.0	    0.0	    0.0	  100.0	    0.0	    0.0	    0.0	    0.0	    0.0	   19.5	  1	   50.0	 1450.0	    0.0	    0.0	    0.0	1	   65.6	 21	    0.0	    5.0	
  523	  14.94	    0.5	 1499.3	    0.0	    0.0	    0.0	    0.0	    0.0	    0.0	    0.0	    0.0	    0.0	  100.0	    0.0	    0.0	    0.0	    0.0	    0.0	   19.6	  1	   50.0	 1450.0	    0.0	    0.0	    0.0	1	   65.6	 21	    0.0	    5.0	
  524	  14.97	    0.5	 1499.3	    0.0	    0.0	    0.0	    0.0	    0.0	    0.0	    0.0	    0.0	    0.0	  100.0	    0.0	    0.0	    0.0	    0.0	    0.0	   19.6	  1	   50.0	 1450.0	    0.0	    0.0	    0.0	1	   65.6	 21	    0.0	    5.0	
  525	  15.00	    0.5	 1499.3	    0.0	    0.0	    0.0	    0.0	    0.0	    0.0	    0.0	    0.0	    0.0	  100.0	    0.0	    0.0	    0.0	    0.0	    0.0	   19.7	  1	   50.0	 1450.0	    0.0	    0.0	    0.0	1	   65.6	 21	    0.0	    5.0	
  526	  15.03	    0.5	 1499.3	    0.0	    0.0	    0.0	    0.0	    0.0	    0.0	    0.0	    0.0	    0.0	  100.0	    0.0	    0.0	    0.0	    0.0	    0.0	   19.7	  1	   50.0	 1450.0	    0.0	    0.0	    0.0	1	   65.6	 21	    0.0	    5.0	
  527	  15.06	    0.5	 1499.3	    0.0	    0.0	    0.0	    0.0	    0.0	    0.0	    0.0	    0.0	    0.0	  100.0	    0.0	    0.0	    0.0	    0.0	    0.0	   19.7	  1	   50.0	 1450.0	    0.0	    0.0	    0.0	1	   65.6	 21	    0.0	    5.0	
  528	  15.09	    0.5	 1499.3	    0.0	    0.0	    0.0	    0.0	    0.0	    0.0	    0.0	    0.0	    0.0	  100.0	    0.0	    0.0	    0.0	    0.0	    0.0	   19.8	  1	   50.0	 1450.0	    0.0	    0.0	    0.0	1	   65.6	 21	    0.0	    5.0	
  529	  15.12	    0.5	 1499.3	    0.0	    0.0	    0.0	    0.0	    0.0	    0.0	    0.0	    0.0	    0.0	  100.0	    0.0	    0.0	    0.0	    0.0	    0.0	   19.8	  1	   50.0	 1450.0	    0.0	    0.0	    0.0	1	   65.6	 21	    0.0	    5.0	
  530	  15.14	    0.5	 1499.3	    0.0	    0.0	    0.0	    0.0	    0.0	    0.0	    0.0	    0.0	    0.0	  100.0	    0.0	    0.0	    0.0	    0.0	    0.0	   19.8	  1	   50.0	 1450.0	    0.0	    0.0	    0.0	1	   65.6	 21	    0.0	    5.0	
  531	  15.17	    0.5	 1499.3	    0.0	    0.0	    0.0	    0.0	    0.0	    0.0	    0.0	    0.0	    0.0	  100.0	    0.0	    0.0	    0.0	    0.0	    0.0	   19.9	  1	   50.0	 1450.0	    0.0	    0.0	    0.0	1	   65.6	 21	    0.0	    5.0	
  532	  15.20	    0.5	 1499.3	    0.0	    0.0	    0.0	    0.0	    0.0	    0.0	    0.0	    0.0	    0.0	  100.0	    0.0	    0.0	    0.0	    0.0	    0.0	   19.9	  1	   50.0	 1450.0	    0.0	    0.0	    0.0	1	   65.6	 21	    0.0	    5.0	
  533	  15.23	    0.5	 1499.3	    0.0	    0.0	    0.0	    0.0	    0.0	    0.0	    0.0	    0.0	    0.0	  100.0	    0.0	    0.0	    0.0	    0.0	    0.0	   20.0	  1	   50.0	 1450.0	    0.0	    0.0	    0.0	1	   65.6	 21	    0.0	    5.0	
  534	  15.26	    0.5	 1499.3	    0.0	    0.0	    0.0	    0.0	    0.0	    0.0	    0.0	    0.0	    0.0	  100.0	    0.0	    0.0	    0.0	    0.0	    0.0	   20.0	  1	   50.0	 1450.0	    0.0	    0.0	    0.0	1	   65.6	 21	    0.0	    5.0	
  535	  15.29	    0.5	 1499.3	    0.0	    0.0	    0.0	    0.0	    0.0	    0.0	    0.0	    0.0	    0.0	  100.0	    0.0	    0.0	    0.0	    0.0	    0.0	   20.0	  1	   50.0	 1450.0	    0.0	    0.0	    0.0	1	   65.6	 21	    0.0	    5.0	
  536	  15.31	    0.5	 1499.3	    0.0	    0.0	    0.0	    0.0	    0.0	    0.0	    0.0	    0.0	    0.0	  100.0	    0.0	    0.0	    0.0	    0.0	    0.0	   20.1	  1	   50.0	 1450.0	    0.0	    0.0	    0.0	1	   65.6	 21	    0.0	    5.0	
  537	  15.34	    0.5	 1499.3	    0.0	    0.0	    0.0	    0.0	    0.0	    0.0	    0.0	    0.0	    0.0	  100.0	    0.0	    0.0	    0.0	    0.0	    0.0	   20.1	  1	   50.0	 1450.0	    0.0	    0.0	    0.0	1	   65.6	 21	    0.0	    5.0	
  538	  15.37	    0.5	 1499.3	    0.0	    0.0	    0.0	    0.0	    0.0	    0.0	    0.0	    0.0	    0.0	  100.0	    0.0	    0.0	    0.0	    0.0	    0.0	   20.1	  1	   50.0	 1450.0	    0.0	    0.0	    0.0	1	   65.6	 21	    0.0	    5.0	
  539	  15.40	    0.5	 1499.3	    0.0	    0.0	    0.0	    0.0	    0.0	    0.0	    0.0	    0.0	    0.0	  100.0	    0.0	    0.0	    0.0	    0.0	    0.0	   20.2	  1	   50.0	 1450.0	    0.0	    0.0	    0.0	1	   65.6	 21	    0.0	    5.0	
  540	  15.43	    0.5	 1499.3	    0.0	    0.0	    0.0	    0.0	    0.0	    0.0	    0.0	    0.0	    0.0	  100.0	    0.0	    0.0	    0.0	    0.0	    0.0	   20.2	  1	   50.0	 1450.0	    0.0	    0.0	    0.0	1	   65.6	 21	    0.0	    5.0	
  541	  15.46	    0.5	 1499.3	    0.0	    0.0	    0.0	    0.0	    0.0	    0.0	    0.0	    0.0	    0.0	  100.0	    0.0	    0.0	    0.0	    0.0	    0.0	   20.3	  1	   50.0	 1450.0	    0.0	    0.0	    0.0	1	   65.6	 21	    0.0	    5.0	
  542	  15.49	    0.5	 1499.3	    0.0	    0.0	    0.0	    0.0	    0.0	    0.0	    0.0	    0.0	    0.0	  100.0	    0.0	    0.0	    0.0	    0.0	    0.0	   20.3	  1	   50.0	 1450.0	    0.0	    0.0	    0.0	1	   65.6	 21	    0.0	    5.0	
  543	  15.52	    0.5	 1499.3	    0.0	    0.0	    0.0	    0.0	    0.0	    0.0	    0.0	    0.0	    0.0	  100.0	    0.0	    0.0	    0.0	    0.0	    0.0	   20.3	  1	   50.0	 1450.0	    0.0	    0.0	    0.0	1	   65.6	 21	    0.0	    5.0	
  544	  15.54	    0.5	 1499.3	    0.0	    0.0	    0.0	    0.0	    0.0	    0.0	    0.0	    0.0	    0.0	  100.0	    0.0	    0.0	    0.0	    0.0	    0.0	   20.4	  1	   50.0	 1450.0	    0.0	    0.0	    0.0	1	   65.6	 21	    0.0	    5.0	
  545	  15.57	    0.5	 1499.3	    0.0	    0.0	    0.0	    0.0	    0.0	    0.0	    0.0	    0.0	    0.0	  100.0	    0.0	    0.0	    0.0	    0.0	    0.0	   20.4	  1	   50.0	 1450.0	    0.0	    0.0	    0.0	1	   65.6	 21	    0.0	    5.0	
  546	  15.60	    0.5	 1499.3	    0.0	    0.0	    0.0	    0.0	    0.0	    0.0	    0.0	    0.0	    0.0	  100.0	    0.0	    0.0	    0.0	    0.0	    0.0	   20.4	  1	   50.0	 1450.0	    0.0	    0.0	    0.0	1	   65.6	 21	    0.0	    5.0	
  547	  15.63	    0.5	 1499.3	    0.0	    0.0	    0.0	    0.0	    0.0	    0.0	    0.0	    0.0	    0.0	  100.0	    0.0	    0.0	    0.0	    0.0	    0.0	   20.5	  1	   50.0	 1450.0	    0.0	    0.0	    0.0	1	   65.6	 21	    0.0	    5.0	
  548	  15.66	    0.5	 1499.3	    0.0	    0.0	    0.0	    0.0	    0.0	    0.0	    0.0	    0.0	    0.0	  100.0	    0.0	    0.0	    0.0	    0.0	    0.0	   20.5	  1	   50.0	 1450.0	    0.0	    0.0	    0.0	1	   65.6	 21	    0.0	    5.0	
  549	  15.69	    0.5	 1499.3	    0.0	    0.0	    0.0	    0.0	    0.0	    0.0	    0.0	    0.0	    0.0	  100.0	    0.0	    0.0	    0.0	    0.0	    0.0	   20.6	  1	   50.0	 1450.0	    0.0	    0.0	    0.0	1	   65.6	 21	    0.0	    5.0	
  550	  15.71	    0.5	 1499.3	    0.0	    0.0	    0.0	    0.0	    0.0	    0.0	    0.0	    0.0	    0.0	  100.0	    0.0	    0.0	    0.0	    0.0	    0.0	   20.6	  1	   50.0	 1450.0	    0.0	    0.0	    0.0	1	   65.6	 21	    0.0	    5.0	
  551	  15.74	    0.5	 1499.3	    0.0	    0.0	    0.0	    0.0	    0.0	    0.0	    0.0	    0.0	    0.0	  100.0	    0.0	    0.0	    0.0	    0.0	    0.0	   20.6	  1	   50.0	 1450.0	    0.0	    0.0	    0.0	1	   65.6	 21	    0.0	    5.0	
  552	  15.77	    0.5	 1499.3	    0.0	    0.0	    0.0	    0.0	    0.0	    0.0	    0.0	    0.0	    0.0	  100.0	    0.0	    0.0	    0.0	    0.0	    0.0	   20.7	  1	   50.0	 1450.0	    0.0	    0.0	    0.0	1	   65.6	 21	    0.0	    5.0	
  553	  15.80	    0.5	 1499.3	    0.0	    0.0	    0.0	    0.0	    0.0	    0.0	    0.0	    0.0	    0.0	  100.0	    0.0	    0.0	    0.0	    0.0	    0.0	   20.7	  1	   50.0	 1450.0	    0.0	    0.0	    0.0	1	   65.6	 21	    0.0	    5.0	
  554	  15.83	    0.5	 1499.3	    0.0	    0.0	    0.0	    0.0	    0.0	    0.0	    0.0	    0.0	    0.0	  100.0	    0.0	    0.0	    0.0	    0.0	    0.0	   20.8	  1	   50.0	 1450.0	    0.0	    0.0	    0.0	1	   65.6	 21	    0.0	    5.0	
  555	  15.86	    0.5	 1499.3	    0.0	    0.0	    0.0	    0.0	    0.0	    0.0	    0.0	    0.0	    0.0	  100.0	    0.0	    0.0	    0.0	    0.0	    0.0	   20.8	  1	   50.0	 1450.0	    0.0	    0.0	    0.0	1	   65.6	 21	    0.0	    5.0	
  556	  15.89	    0.5	 1499.3	    0.0	    0.0	    0.0	    0.0	    0.0	    0.0	    0.0	    0.0	    0.0	  100.0	    0.0	    0.0	    0.0	    0.0	    0.0	   20.8	  1	   50.0	 1450.0	    0.0	    0.0	    0.0	1	   65.6	 21	    0.0	    5.0	
  557	  15.91	    0.5	 1499.3	    0.0	    0.0	    0.0	    0.0	    0.0	    0.0	    0.0	    0.0	    0.0	  100.0	    0.0	    0.0	    0.0	    0.0	    0.0	   20.9	  1	   50.0	 1450.0	    0.0	    0.0	    0.0	1	   65.6	 21	    0.0	    5.0	
  558	  15.94	    0.5	 1499.3	    0.0	    0.0	    0.0	    0.0	    0.0	    0.0	    0.0	    0.0	    0.0	  100.0	    0.0	    0.0	    0.0	    0.0	    0.0	   20.9	  1	   50.0	 1450.0	    0.0	    0.0	    0.0	1	   65.6	 21	    0.0	    5.0	
  559	  15.97	    0.5	 1499.3	    0.0	    0.0	    0.0	    0.0	    0.0	    0.0	    0.0	    0.0	    0.0	  100.0	    0.0	    0.0	    0.0	    0.0	    0.0	   20.9	  1	   50.0	 1450.0	    0.0	    0.0	    0.0	1	   65.6	 21	    0.0	    5.0	
  560	  16.00	    0.5	 1499.3	    0.0	    0.0	    0.0	    0.0	    0.0	    0.0	    0.0	    0.0	    0.0	  100.0	    0.0	    0.0	    0.0	    0.0	    0.0	   21.0	  1	   50.0	 1450.0	    0.0	    0.0	    0.0	1	   65.6	 21	    0.0	    5.0	
  561	  16.03	    0.5	 1499.3	    0.0	    0.0	    0.0	    0.0	    0.0	    0.0	    0.0	    0.0	    0.0	  100.0	    0.0	    0.0	    0.0	    0.0	    0.0	   21.0	  1	   50.0	 1450.0	    0.0	    0.0	    0.0	1	   65.6	 21	    0.0	    5.0	
  562	  16.06	    0.5	 1499.3	    0.0	    0.0	    0.0	    0.0	    0.0	    0.0	    0.0	    0.0	    0.0	  100.0	    0.0	    0.0	    0.0	    0.0	    0.0	   21.1	  1	   50.0	 1450.0	    0.0	    0.0	    0.0	1	   65.6	 21	    0.0	    5.0	
  563	  16.09	    0.5	 1499.3	    0.0	    0.0	    0.0	    0.0	    0.0	    0.0	    0.0	    0.0	    0.0	  100.0	    0.0	    0.0	    0.0	    0.0	    0.0	   21.1	  1	   50.0	 1450.0	    0.0	    0.0	    0.0	1	   65.6	 21	    0.0	    5.0	
  564	  16.11	    0.5	 1499.3	    0.0	    0.0	    0.0	    0.0	    0.0	    0.0	    0.0	    0.0	    0.0	  100.0	    0.0	    0.0	    0.0	    0.0	    0.0	   21.1	  1	   50.0	 1450.0	    0.0	    0.0	    0.0	1	   65.6	 21	    0.0	    5.0	
  565	  16.14	    0.5	 1499.3	    0.0	    0.0	    0.0	    0.0	    0.0	    0.0	    0.0	    0.0	    0.0	  100.0	    0.0	    0.0	    0.0	    0.0	    0.0	   21.2	  1	   50.0	 1450.0	    0.0	    0.0	    0.0	1	   65.6	 21	    0.0	    5.0	
  566	  16.17	    0.5	 1499.3	    0.0	    0.0	    0.0	    0.0	    0.0	    0.0	    0.0	    0.0	    0.0	  100.0	    0.0	    0.0	    0.0	    0.0	    0.0	   21.2	  1	   50.0	 1450.0	    0.0	    0.0	    0.0	1	   65.6	 21	    0.0	    5.0	
  567	  16.20	    0.5	 1499.3	    0.0	    0.0	    0.0	    0.0	    0.0	    0.0	    0.0	    0.0	    0.0	  100.0	    0.0	    0.0	    0.0	    0.0	    0.0	   21.2	  1	   50.0	 1450.0	    0.0	    0.0	    0.0	1	   65.6	 21	    0.0	    5.0	
  568	  16.23	    0.5	 1499.3	    0.0	    0.0	    0.0	    0.0	    0.0	    0.0	    0.0	    0.0	    0.0	  100.0	    0.0	    0.0	    0.0	    0.0	    0.0	   21.3	  1	   50.0	 1450.0	    0.0	    0.0	    0.0	1	   65.6	 21	    0.0	    5.0	
  569	  16.26	    0.5	 1499.3	    0.0	    0.0	    0.0	    0.0	    0.0	    0.0	    0.0	    0.0	    0.0	  100.0	    0.0	    0.0	    0.0	    0.0	    0.0	   21.3	  1	   50.0	 1450.0	    0.0	    0.0	    0.0	1	   65.6	 21	    0.0	    5.0	
  570	  16.29	    0.5	 1499.3	    0.0	    0.0	    0.0	    0.0	    0.0	    0.0	    0.0	    0.0	    0.0	  100.0	    0.0	    0.0	    0.0	    0.0	    0.0	   21.4	  1	   50.0	 1450.0	    0.0	    0.0	    0.0	1	   65.6	 21	    0.0	    5.0	
  571	  16.32	    0.5	 1499.3	    0.0	    0.0	    0.0	    0.0	    0.0	    0.0	    0.0	    0.0	    0.0	  100.0	    0.0	    0.0	    0.0	    0.0	    0.0	   21.4	  1	   50.0	 1450.0	    0.0	    0.0	    0.0	1	   65.6	 21	    0.0	    5.0	
  572	  16.34	    0.5	 1499.3	    0.0	    0.0	    0.0	    0.0	    0.0	    0.0	    0.0	    0.0	    0.0	  100.0	    0.0	    0.0	    0.0	    0.0	    0.0	   21.4	  1	   50.0	 1450.0	    0.0	    0.0	    0.0	1	   65.6	 21	    0.0	    5.0	
  573	  16.37	    0.5	 1499.3	    0.0	    0.0	    0.0	    0.0	    0.0	    0.0	    0.0	    0.0	    0.0	  100.0	    0.0	    0.0	    0.0	    0.0	    0.0	   21.5	  1	   50.0	 1450.0	    0.0	    0.0	    0.0	1	   65.6	 21	    0.0	    5.0	
  574	  16.40	    0.5	 1499.3	    0.0	    0.0	    0.0	    0.0	    0.0	    0.0	    0.0	    0.0	    0.0	  100.0	    0.0	    0.0	    0.0	    0.0	    0.0	   21.5	  1	   50.0	 1450.0	    0.0	    0.0	    0.0	1	   65.6	 21	    0.0	    5.0	
  575	  16.43	    0.5	 1499.3	    0.0	    0.0	    0.0	    0.0	    0.0	    0.0	    0.0	    0.0	    0.0	  100.0	    0.0	    0.0	    0.0	    0.0	    0.0	   21.6	  1	   50.0	 1450.0	    0.0	    0.0	    0.0	1	   65.6	 21	    0.0	    5.0	
  576	  16.46	    0.5	 1499.3	    0.0	    0.0	    0.0	    0.0	    0.0	    0.0	    0.0	    0.0	    0.0	  100.0	    0.0	    0.0	    0.0	    0.0	    0.0	   21.6	  1	   50.0	 1450.0	    0.0	    0.0	    0.0	1	   65.6	 21	    0.0	    5.0	
  577	  16.49	    0.5	 1499.3	    0.0	    0.0	    0.0	    0.0	    0.0	    0.0	    0.0	    0.0	    0.0	  100.0	    0.0	    0.0	    0.0	    0.0	    0.0	   21.6	  1	   50.0	 1450.0	    0.0	    0.0	    0.0	1	   65.6	 21	    0.0	    5.0	
  578	  16.52	    0.5	 1499.3	    0.0	    0.0	    0.0	    0.0	    0.0	    0.0	    0.0	    0.0	    0.0	  100.0	    0.0	    0.0	    0.0	    0.0	    0.0	   21.7	  1	   50.0	 1450.0	    0.0	    0.0	    0.0	1	   65.6	 21	    0.0	    5.0	
  579	  16.54	    0.5	 1499.3	    0.0	    0.0	    0.0	    0.0	    0.0	    0.0	    0.0	    0.0	    0.0	  100.0	    0.0	    0.0	    0.0	    0.0	    0.0	   21.7	  1	   50.0	 1450.0	    0.0	    0.0	    0.0	1	   65.6	 21	    0.0	    5.0	
  580	  16.57	    0.5	 1499.3	    0.0	    0.0	    0.0	    0.0	    0.0	    0.0	    0.0	    0.0	    0.0	  100.0	    0.0	    0.0	    0.0	    0.0	    0.0	   21.7	  1	   50.0	 1450.0	    0.0	    0.0	    0.0	1	   65.6	 21	    0.0	    5.0	
  581	  16.60	    0.5	 1499.3	    0.0	    0.0	    0.0	    0.0	    0.0	    0.0	    0.0	    0.0	    0.0	  100.0	    0.0	    0.0	    0.0	    0.0	    0.0	   21.8	  1	   50.0	 1450.0	    0.0	    0.0	    0.0	1	   65.6	 21	    0.0	    5.0	
  582	  16.63	    0.5	 1499.3	    0.0	    0.0	    0.0	    0.0	    0.0	    0.0	    0.0	    0.0	    0.0	  100.0	    0.0	    0.0	    0.0	    0.0	    0.0	   21.8	  1	   50.0	 1450.0	    0.0	    0.0	    0.0	1	   65.6	 21	    0.0	    5.0	
  583	  16.66	    0.5	 1499.3	    0.0	    0.0	    0.0	    0.0	    0.0	    0.0	    0.0	    0.0	    0.0	  100.0	    0.0	    0.0	    0.0	    0.0	    0.0	   21.9	  1	   50.0	 1450.0	    0.0	    0.0	    0.0	1	   65.6	 21	    0.0	    5.0	
  584	  16.69	    0.5	 1499.3	    0.0	    0.0	    0.0	    0.0	    0.0	    0.0	    0.0	    0.0	    0.0	  100.0	    0.0	    0.0	    0.0	    0.0	    0.0	   21.9	  1	   50.0	 1450.0	    0.0	    0.0	    0.0	1	   65.6	 21	    0.0	    5.0	
  585	  16.71	    0.5	 1499.3	    0.0	    0.0	    0.0	    0.0	    0.0	    0.0	    0.0	    0.0	    0.0	  100.0	    0.0	    0.0	    0.0	    0.0	    0.0	   21.9	  1	   50.0	 1450.0	    0.0	    0.0	    0.0	1	   65.6	 21	    0.0	    5.0	
  586	  16.74	    0.5	 1499.3	    0.0	    0.0	    0.0	    0.0	    0.0	    0.0	    0.0	    0.0	    0.0	  100.0	    0.0	    0.0	    0.0	    0.0	    0.0	   22.0	  1	   50.0	 1450.0	    0.0	    0.0	    0.0	1	   65.6	 21	    0.0	    5.0	
  587	  16.77	    0.5	 1499.3	    0.0	    0.0	    0.0	    0.0	    0.0	    0.0	    0.0	    0.0	    0.0	  100.0	    0.0	    0.0	    0.0	    0.0	    0.0	   22.0	  1	   50.0	 1450.0	    0.0	    0.0	    0.0	1	   65.6	 21	    0.0	    5.0	
  588	  16.80	    0.5	 1499.3	    0.0	    0.0	    0.0	    0.0	    0.0	    0.0	    0.0	    0.0	    0.0	  100.0	    0.0	    0.0	    0.0	    0.0	    0.0	   22.0	  1	   50.0	 1450.0	    0.0	    0.0	    0.0	1	   65.6	 21	    0.0	    5.0	
  589	  16.83	    0.5	 1499.3	    0.0	    0.0	    0.0	    0.0	    0.0	    0.0	    0.0	    0.0	    0.0	  100.0	    0.0	    0.0	    0.0	    0.0	    0.0	   22.1	  1	   50.0	 1450.0	    0.0	    0.0	    0.0	1	   65.6	 21	    0.0	    5.0	
  590	  16.86	    0.5	 1499.3	    0.0	    0.0	    0.0	    0.0	    0.0	    0.0	    0.0	    0.0	    0.0	  100.0	    0.0	    0.0	    0.0	    0.0	    0.0	   22.1	  1	   50.0	 1450.0	    0.0	    0.0	    0.0	1	   65.6	 21	    0.0	    5.0	
  591	  16.89	    0.5	 1499.3	    0.0	    0.0	    0.0	    0.0	    0.0	    0.0	    0.0	    0.0	    0.0	  100.0	    0.0	    0.0	    0.0	    0.0	    0.0	   22.2	  1	   50.0	 1450.0	    0.0	    0.0	    0.0	1	   65.6	 21	    0.0	    5.0	
  592	  16.91	    0.5	 1499.3	    0.0	    0.0	    0.0	    0.0	    0.0	    0.0	    0.0	    0.0	    0.0	  100.0	    0.0	    0.0	    0.0	    0.0	    0.0	   22.2	  1	   50.0	 1450.0	    0.0	    0.0	    0.0	1	   65.6	 21	    0.0	    5.0	
  593	  16.94	    0.5	 1499.3	    0.0	    0.0	    0.0	    0.0	    0.0	    0.0	    0.0	    0.0	    0.0	  100.0	    0.0	    0.0	    0.0	    0.0	    0.0	   22.2	  1	   50.0	 1450.0	    0.0	    0.0	    0.0	1	   65.6	 21	    0.0	    5.0	
  594	  16.97	    0.5	 1499.3	    0.0	    0.0	    0.0	    0.0	    0.0	    0.0	    0.0	    0.0	    0.0	  100.0	    0.0	    0.0	    0.0	    0.0	    0.0	   22.3	  1	   50.0	 1450.0	    0.0	    0.0	    0.0	1	   65.6	 21	    0.0	    5.0	
  595	  17.00	    0.5	 1499.3	    0.0	    0.0	    0.0	    0.0	    0.0	    0.0	    0.0	    0.0	    0.0	  100.0	    0.0	    0.0	    0.0	    0.0	    0.0	   22.3	  1	   50.0	 1450.0	    0.0	    0.0	    0.0	1	   65.6	 21	    0.0	    5.0	
  596	  17.03	    0.5	 1499.3	    0.0	    0.0	    0.0	    0.0	    0.0	    0.0	    0.0	    0.0	    0.0	  100.0	    0.0	    0.0	    0.0	    0.0	    0.0	   22.3	  1	   50.0	 1450.0	    0.0	    0.0	    0.0	1	   65.6	 21	    0.0	    5.0	
  597	  17.06	    0.5	 1499.3	    0.0	    0.0	    0.0	    0.0	    0.0	    0.0	    0.0	    0.0	    0.0	  100.0	    0.0	    0.0	    0.0	    0.0	    0.0	   22.4	  1	   50.0	 1450.0	    0.0	    0.0	    0.0	1	   65.6	 21	    0.0	    5.0	
  598	  17.09	    0.5	 1499.3	    0.0	    0.0	    0.0	    0.0	    0.0	    0.0	    0.0	    0.0	    0.0	  100.0	    0.0	    0.0	    0.0	    0.0	    0.0	   22.4	  1	   50.0	 1450.0	    0.0	    0.0	    0.0	1	   65.6	 21	    0.0	    5.0	
  599	  17.11	    0.5	 1499.3	    0.0	    0.0	    0.0	    0.0	    0.0	    0.0	    0.0	    0.0	    0.0	  100.0	    0.0	    0.0	    0.0	    0.0	    0.0	   22.5	  1	   50.0	 1450.0	    0.0	    0.0	    0.0	1	   65.6	 21	    0.0	    5.0	
  600	  17.14	    0.5	 1499.3	    0.0	    0.0	    0.0	    0.0	    0.0	    0.0	    0.0	    0.0	    0.0	  100.0	    0.0	    0.0	    0.0	    0.0	    0.0	   22.5	  1	   50.0	 1450.0	    0.0	    0.0	    0.0	1	   65.6	 21	    0.0	    5.0	
  601	  17.17	    0.5	 1499.3	    0.0	    0.0	    0.0	    0.0	    0.0	    0.0	    0.0	    0.0	    0.0	  100.0	    0.0	    0.0	    0.0	    0.0	    0.0	   22.5	  1	   50.0	 1450.0	    0.0	    0.0	    0.0	1	   65.6	 21	    0.0	    5.0	
  602	  17.20	    0.5	 1499.3	    0.0	    0.0	    0.0	    0.0	    0.0	    0.0	    0.0	    0.0	    0.0	  100.0	    0.0	    0.0	    0.0	    0.0	    0.0	   22.6	  1	   50.0	 1450.0	    0.0	    0.0	    0.0	1	   65.6	 21	    0.0	    5.0	
  603	  17.23	    0.5	 1499.3	    0.0	    0.0	    0.0	    0.0	    0.0	    0.0	    0.0	    0.0	    0.0	  100.0	    0.0	    0.0	    0.0	    0.0	    0.0	   22.6	  1	   50.0	 1450.0	    0.0	    0.0	    0.0	1	   65.6	 21	    0.0	    5.0	
  604	  17.26	    0.5	 1499.3	    0.0	    0.0	    0.0	    0.0	    0.0	    0.0	    0.0	    0.0	    0.0	  100.0	    0.0	    0.0	    0.0	    0.0	    0.0	   22.7	  1	   50.0	 1450.0	    0.0	    0.0	    0.0	1	   65.6	 21	    0.0	    5.0	
  605	  17.29	    0.5	 1499.3	    0.0	    0.0	    0.0	    0.0	    0.0	    0.0	    0.0	    0.0	    0.0	  100.0	    0.0	    0.0	    0.0	    0.0	    0.0	   22.7	  1	   50.0	 1450.0	    0.0	    0.0	    0.0	1	   65.6	 21	    0.0	    5.0	
  606	  17.32	    0.5	 1499.3	    0.0	    0.0	    0.0	    0.0	    0.0	    0.0	    0.0	    0.0	    0.0	  100.0	    0.0	    0.0	    0.0	    0.0	    0.0	   22.7	  1	   50.0	 1450.0	    0.0	    0.0	    0.0	1	   65.6	 21	    0.0	    5.0	
  607	  17.34	    0.5	 1499.3	    0.0	    0.0	    0.0	    0.0	    0.0	    0.0	    0.0	    0.0	    0.0	  100.0	    0.0	    0.0	    0.0	    0.0	    0.0	   22.8	  1	   50.0	 1450.0	    0.0	    0.0	    0.0	1	   65.6	 21	    0.0	    5.0	
  608	  17.37	    0.5	 1499.3	    0.0	    0.0	    0.0	    0.0	    0.0	    0.0	    0.0	    0.0	    0.0	  100.0	    0.0	    0.0	    0.0	    0.0	    0.0	   22.8	  1	   50.0	 1450.0	    0.0	    0.0	    0.0	1	   65.6	 21	    0.0	    5.0	
  609	  17.40	    0.5	 1499.3	    0.0	    0.0	    0.0	    0.0	    0.0	    0.0	    0.0	    0.0	    0.0	  100.0	    0.0	    0.0	    0.0	    0.0	    0.0	   22.8	  1	   50.0	 1450.0	    0.0	    0.0	    0.0	1	   65.6	 21	    0.0	    5.0	
  610	  17.43	    0.5	 1499.3	    0.0	    0.0	    0.0	    0.0	    0.0	    0.0	    0.0	    0.0	    0.0	  100.0	    0.0	    0.0	    0.0	    0.0	    0.0	   22.9	  1	   50.0	 1450.0	    0.0	    0.0	    0.0	1	   65.6	 21	    0.0	    5.0	
  611	  17.46	    0.5	 1499.3	    0.0	    0.0	    0.0	    0.0	    0.0	    0.0	    0.0	    0.0	    0.0	  100.0	    0.0	    0.0	    0.0	    0.0	    0.0	   22.9	  1	   50.0	 1450.0	    0.0	    0.0	    0.0	1	   65.6	 21	    0.0	    5.0	
  612	  17.49	    0.5	 1499.3	    0.0	    0.0	    0.0	    0.0	    0.0	    0.0	    0.0	    0.0	    0.0	  100.0	    0.0	    0.0	    0.0	    0.0	    0.0	   23.0	  1	   50.0	 1450.0	    0.0	    0.0	    0.0	1	   65.6	 21	    0.0	    5.0	
  613	  17.52	    0.5	 1499.3	    0.0	    0.0	    0.0	    0.0	    0.0	    0.0	    0.0	    0.0	    0.0	  100.0	    0.0	    0.0	    0.0	    0.0	    0.0	   23.0	  1	   50.0	 1450.0	    0.0	    0.0	    0.0	1	   65.6	 21	    0.0	    5.0	
  614	  17.54	    0.5	 1499.3	    0.0	    0.0	    0.0	    0.0	    0.0	    0.0	    0.0	    0.0	    0.0	  100.0	    0.0	    0.0	    0.0	    0.0	    0.0	   23.0	  1	   50.0	 1450.0	    0.0	    0.0	    0.0	1	   65.6	 21	    0.0	    5.0	
  615	  17.57	    0.5	 1499.3	    0.0	    0.0	    0.0	    0.0	    0.0	    0.0	    0.0	    0.0	    0.0	  100.0	    0.0	    0.0	    0.0	    0.0	    0.0	   23.1	  1	   50.0	 1450.0	    0.0	    0.0	    0.0	1	   65.6	 21	    0.0	    5.0	
  616	  17.60	    0.5	 1499.3	    0.0	    0.0	    0.0	    0.0	    0.0	    0.0	    0.0	    0.0	    0.0	  100.0	    0.0	    0.0	    0.0	    0.0	    0.0	   23.1	  1	   50.0	 1450.0	    0.0	    0.0	    0.0	1	   65.6	 21	    0.0	    5.0	
  617	  17.63	    0.5	 1499.3	    0.0	    0.0	    0.0	    0.0	    0.0	    0.0	    0.0	    0.0	    0.0	  100.0	    0.0	    0.0	    0.0	    0.0	    0.0	   23.1	  1	   50.0	 1450.0	    0.0	    0.0	    0.0	1	   65.6	 21	    0.0	    5.0	
  618	  17.66	    0.5	 1499.3	    0.0	    0.0	    0.0	    0.0	    0.0	    0.0	    0.0	    0.0	    0.0	  100.0	    0.0	    0.0	    0.0	    0.0	    0.0	   23.2	  1	   50.0	 1450.0	    0.0	    0.0	    0.0	1	   65.6	 21	    0.0	    5.0	
  619	  17.69	    0.5	 1499.3	    0.0	    0.0	    0.0	    0.0	    0.0	    0.0	    0.0	    0.0	    0.0	  100.0	    0.0	    0.0	    0.0	    0.0	    0.0	   23.2	  1	   50.0	 1450.0	    0.0	    0.0	    0.0	1	   65.6	 21	    0.0	    5.0	
  620	  17.71	    0.5	 1499.3	    0.0	    0.0	    0.0	    0.0	    0.0	    0.0	    0.0	    0.0	    0.0	  100.0	    0.0	    0.0	    0.0	    0.0	    0.0	   23.3	  1	   50.0	 1450.0	    0.0	    0.0	    0.0	1	   65.6	 21	    0.0	    5.0	
  621	  17.74	    0.5	 1499.3	    0.0	    0.0	    0.0	    0.0	    0.0	    0.0	    0.0	    0.0	    0.0	  100.0	    0.0	    0.0	    0.0	    0.0	    0.0	   23.3	  1	   50.0	 1450.0	    0.0	    0.0	    0.0	1	   65.6	 21	    0.0	    5.0	
  622	  17.77	    0.5	 1499.3	    0.0	    0.0	    0.0	    0.0	    0.0	    0.0	    0.0	    0.0	    0.0	  100.0	    0.0	    0.0	    0.0	    0.0	    0.0	   23.3	  1	   50.0	 1450.0	    0.0	    0.0	    0.0	1	   65.6	 21	    0.0	    5.0	
  623	  17.80	    0.5	 1499.3	    0.0	    0.0	    0.0	    0.0	    0.0	    0.0	    0.0	    0.0	    0.0	  100.0	    0.0	    0.0	    0.0	    0.0	    0.0	   23.4	  1	   50.0	 1450.0	    0.0	    0.0	    0.0	1	   65.6	 21	    0.0	    5.0	
  624	  17.83	    0.5	 1499.3	    0.0	    0.0	    0.0	    0.0	    0.0	    0.0	    0.0	    0.0	    0.0	  100.0	    0.0	    0.0	    0.0	    0.0	    0.0	   23.4	  1	   50.0	 1450.0	    0.0	    0.0	    0.0	1	   65.6	 21	    0.0	    5.0	
  625	  17.86	    0.5	 1499.3	    0.0	    0.0	    0.0	    0.0	    0.0	    0.0	    0.0	    0.0	    0.0	  100.0	    0.0	    0.0	    0.0	    0.0	    0.0	   23.5	  1	   50.0	 1450.0	    0.0	    0.0	    0.0	1	   65.6	 21	    0.0	    5.0	
  626	  17.89	    0.5	 1499.3	    0.0	    0.0	    0.0	    0.0	    0.0	    0.0	    0.0	    0.0	    0.0	  100.0	    0.0	    0.0	    0.0	    0.0	    0.0	   23.5	  1	   50.0	 1450.0	    0.0	    0.0	    0.0	1	   65.6	 21	    0.0	    5.0	
  627	  17.91	    0.5	 1499.3	    0.0	    0.0	    0.0	    0.0	    0.0	    0.0	    0.0	    0.0	    0.0	  100.0	    0.0	    0.0	    0.0	    0.0	    0.0	   23.5	  1	   50.0	 1450.0	    0.0	    0.0	    0.0	1	   65.6	 21	    0.0	    5.0	
  628	  17.94	    0.5	 1499.3	    0.0	    0.0	    0.0	    0.0	    0.0	    0.0	    0.0	    0.0	    0.0	  100.0	    0.0	    0.0	    0.0	    0.0	    0.0	   23.6	  1	   50.0	 1450.0	    0.0	    0.0	    0.0	1	   65.6	 21	    0.0	    5.0	
  629	  17.97	    0.5	 1499.3	    0.0	    0.0	    0.0	    0.0	    0.0	    0.0	    0.0	    0.0	    0.0	  100.0	    0.0	    0.0	    0.0	    0.0	    0.0	   23.6	  1	   50.0	 1450.0	    0.0	    0.0	    0.0	1	   65.6	 21	    0.0	    5.0	
  630	  18.00	    0.5	 1499.3	    0.0	    0.0	    0.0	    0.0	    0.0	    0.0	    0.0	    0.0	    0.0	  100.0	    0.0	    0.0	    0.0	    0.0	    0.0	   23.6	  1	   50.0	 1450.0	    0.0	    0.0	    0.0	1	   65.6	 21	    0.0	    5.0	
  631	  18.03	    0.5	 1499.3	    0.0	    0.0	    0.0	    0.0	    0.0	    0.0	    0.0	    0.0	    0.0	  100.0	    0.0	    0.0	    0.0	    0.0	    0.0	   23.7	  1	   50.0	 1450.0	    0.0	    0.0	    0.0	1	   65.6	 21	    0.0	    5.0	
  632	  18.06	    0.5	 1499.3	    0.0	    0.0	    0.0	    0.0	    0.0	    0.0	    0.0	    0.0	    0.0	  100.0	    0.0	    0.0	    0.0	    0.0	    0.0	   23.7	  1	   50.0	 1450.0	    0.0	    0.0	    0.0	1	   65.6	 21	    0.0	    5.0	
  633	  18.09	    0.5	 1499.3	    0.0	    0.0	    0.0	    0.0	    0.0	    0.0	    0.0	    0.0	    0.0	  100.0	    0.0	    0.0	    0.0	    0.0	    0.0	   23.8	  1	   50.0	 1450.0	    0.0	    0.0	    0.0	1	   65.6	 21	    0.0	    5.0	
  634	  18.11	    0.5	 1499.3	    0.0	    0.0	    0.0	    0.0	    0.0	    0.0	    0.0	    0.0	    0.0	  100.0	    0.0	    0.0	    0.0	    0.0	    0.0	   23.8	  1	   50.0	 1450.0	    0.0	    0.0	    0.0	1	   65.6	 21	    0.0	    5.0	
  635	  18.14	    0.5	 1499.3	    0.0	    0.0	    0.0	    0.0	    0.0	    0.0	    0.0	    0.0	    0.0	  100.0	    0.0	    0.0	    0.0	    0.0	    0.0	   23.8	  1	   50.0	 1450.0	    0.0	    0.0	    0.0	1	   65.6	 21	    0.0	    5.0	
  636	  18.17	    0.5	 1499.3	    0.0	    0.0	    0.0	    0.0	    0.0	    0.0	    0.0	    0.0	    0.0	  100.0	    0.0	    0.0	    0.0	    0.0	    0.0	   23.9	  1	   50.0	 1450.0	    0.0	    0.0	    0.0	1	   65.6	 21	    0.0	    5.0	
  637	  18.20	    0.5	 1499.3	    0.0	    0.0	    0.0	    0.0	    0.0	    0.0	    0.0	    0.0	    0.0	  100.0	    0.0	    0.0	    0.0	    0.0	    0.0	   23.9	  1	   50.0	 1450.0	    0.0	    0.0	    0.0	1	   65.6	 21	    0.0	    5.0	
  638	  18.23	    0.5	 1499.3	    0.0	    0.0	    0.0	    0.0	    0.0	    0.0	    0.0	    0.0	    0.0	  100.0	    0.0	    0.0	    0.0	    0.0	    0.0	   23.9	  1	   50.0	 1450.0	    0.0	    0.0	    0.0	1	   65.6	 21	    0.0	    5.0	
  639	  18.26	    0.5	 1499.3	    0.0	    0.0	    0.0	    0.0	    0.0	    0.0	    0.0	    0.0	    0.0	  100.0	    0.0	    0.0	    0.0	    0.0	    0.0	   24.0	  1	   50.0	 1450.0	    0.0	    0.0	    0.0	1	   65.6	 21	    0.0	    5.0	
  640	  18.29	    0.5	 1499.3	    0.0	    0.0	    0.0	    0.0	    0.0	    0.0	    0.0	    0.0	    0.0	  100.0	    0.0	    0.0	    0.0	    0.0	    0.0	   24.0	  1	   50.0	 1450.0	    0.0	    0.0	    0.0	1	   65.6	 21	    0.0	    5.0	
  641	  18.32	    0.5	 1499.3	    0.0	    0.0	    0.0	    0.0	    0.0	    0.0	    0.0	    0.0	    0.0	  100.0	    0.0	    0.0	    0.0	    0.0	    0.0	   24.1	  1	   50.0	 1450.0	    0.0	    0.0	    0.0	1	   65.6	 21	    0.0	    5.0	
  642	  18.34	    0.5	 1499.3	    0.0	    0.0	    0.0	    0.0	    0.0	    0.0	    0.0	    0.0	    0.0	  100.0	    0.0	    0.0	    0.0	    0.0	    0.0	   24.1	  1	   50.0	 1450.0	    0.0	    0.0	    0.0	1	   65.6	 21	    0.0	    5.0	
  643	  18.37	    0.5	 1499.3	    0.0	    0.0	    0.0	    0.0	    0.0	    0.0	    0.0	    0.0	    0.0	  100.0	    0.0	    0.0	    0.0	    0.0	    0.0	   24.1	  1	   50.0	 1450.0	    0.0	    0.0	    0.0	1	   65.6	 21	    0.0	    5.0	
  644	  18.40	    0.5	 1499.3	    0.0	    0.0	    0.0	    0.0	    0.0	    0.0	    0.0	    0.0	    0.0	  100.0	    0.0	    0.0	    0.0	    0.0	    0.0	   24.2	  1	   50.0	 1450.0	    0.0	    0.0	    0.0	1	   65.6	 21	    0.0	    5.0	
  645	  18.43	    0.5	 1499.3	    0.0	    0.0	    0.0	    0.0	    0.0	    0.0	    0.0	    0.0	    0.0	  100.0	    0.0	    0.0	    0.0	    0.0	    0.0	   24.2	  1	   50.0	 1450.0	    0.0	    0.0	    0.0	1	   65.6	 21	    0.0	    5.0	
  646	  18.46	    0.5	 1499.3	    0.0	    0.0	    0.0	    0.0	    0.0	    0.0	    0.0	    0.0	    0.0	  100.0	    0.0	    0.0	    0.0	    0.0	    0.0	   24.2	  1	   50.0	 1450.0	    0.0	    0.0	    0.0	1	   65.6	 21	    0.0	    5.0	
  647	  18.49	    0.5	 1499.3	    0.0	    0.0	    0.0	    0.0	    0.0	    0.0	    0.0	    0.0	    0.0	  100.0	    0.0	    0.0	    0.0	    0.0	    0.0	   24.3	  1	   50.0	 1450.0	    0.0	    0.0	    0.0	1	   65.6	 21	    0.0	    5.0	
  648	  18.52	    0.5	 1499.3	    0.0	    0.0	    0.0	    0.0	    0.0	    0.0	    0.0	    0.0	    0.0	  100.0	    0.0	    0.0	    0.0	    0.0	    0.0	   24.3	  1	   50.0	 1450.0	    0.0	    0.0	    0.0	1	   65.6	 21	    0.0	    5.0	
  649	  18.54	    0.5	 1499.3	    0.0	    0.0	    0.0	    0.0	    0.0	    0.0	    0.0	    0.0	    0.0	  100.0	    0.0	    0.0	    0.0	    0.0	    0.0	   24.4	  1	   50.0	 1450.0	    0.0	    0.0	    0.0	1	   65.6	 21	    0.0	    5.0	
  650	  18.57	    0.5	 1499.3	    0.0	    0.0	    0.0	    0.0	    0.0	    0.0	    0.0	    0.0	    0.0	  100.0	    0.0	    0.0	    0.0	    0.0	    0.0	   24.4	  1	   50.0	 1450.0	    0.0	    0.0	    0.0	1	   65.6	 21	    0.0	    5.0	
  651	  18.60	    0.5	 1499.3	    0.0	    0.0	    0.0	    0.0	    0.0	    0.0	    0.0	    0.0	    0.0	  100.0	    0.0	    0.0	    0.0	    0.0	    0.0	   24.4	  1	   50.0	 1450.0	    0.0	    0.0	    0.0	1	   65.6	 21	    0.0	    5.0	
  652	  18.63	    0.5	 1499.3	    0.0	    0.0	    0.0	    0.0	    0.0	    0.0	    0.0	    0.0	    0.0	  100.0	    0.0	    0.0	    0.0	    0.0	    0.0	   24.5	  1	   50.0	 1450.0	    0.0	    0.0	    0.0	1	   65.6	 21	    0.0	    5.0	
  653	  18.66	    0.5	 1499.3	    0.0	    0.0	    0.0	    0.0	    0.0	    0.0	    0.0	    0.0	    0.0	  100.0	    0.0	    0.0	    0.0	    0.0	    0.0	   24.5	  1	   50.0	 1450.0	    0.0	    0.0	    0.0	1	   65.6	 21	    0.0	    5.0	
  654	  18.69	    0.5	 1499.3	    0.0	    0.0	    0.0	    0.0	    0.0	    0.0	    0.0	    0.0	    0.0	  100.0	    0.0	    0.0	    0.0	    0.0	    0.0	   24.6	  1	   50.0	 1450.0	    0.0	    0.0	    0.0	1	   65.6	 21	    0.0	    5.0	
  655	  18.71	    0.5	 1499.3	    0.0	    0.0	    0.0	    0.0	    0.0	    0.0	    0.0	    0.0	    0.0	  100.0	    0.0	    0.0	    0.0	    0.0	    0.0	   24.6	  1	   50.0	 1450.0	    0.0	    0.0	    0.0	1	   65.6	 21	    0.0	    5.0	
  656	  18.74	    0.5	 1499.3	    0.0	    0.0	    0.0	    0.0	    0.0	    0.0	    0.0	    0.0	    0.0	  100.0	    0.0	    0.0	    0.0	    0.0	    0.0	   24.6	  1	   50.0	 1450.0	    0.0	    0.0	    0.0	1	   65.6	 21	    0.0	    5.0	
  657	  18.77	    0.5	 1499.3	    0.0	    0.0	    0.0	    0.0	    0.0	    0.0	    0.0	    0.0	    0.0	  100.0	    0.0	    0.0	    0.0	    0.0	    0.0	   24.7	  1	   50.0	 1450.0	    0.0	    0.0	    0.0	1	   65.6	 21	    0.0	    5.0	
  658	  18.80	    0.5	 1499.3	    0.0	    0.0	    0.0	    0.0	    0.0	    0.0	    0.0	    0.0	    0.0	  100.0	    0.0	    0.0	    0.0	    0.0	    0.0	   24.7	  1	   50.0	 1450.0	    0.0	    0.0	    0.0	1	   65.6	 21	    0.0	    5.0	
  659	  18.83	    0.5	 1499.3	    0.0	    0.0	    0.0	    0.0	    0.0	    0.0	    0.0	    0.0	    0.0	  100.0	    0.0	    0.0	    0.0	    0.0	    0.0	   24.7	  1	   50.0	 1450.0	    0.0	    0.0	    0.0	1	   65.6	 21	    0.0	    5.0	
  660	  18.86	    0.5	 1499.3	    0.0	    0.0	    0.0	    0.0	    0.0	    0.0	    0.0	    0.0	    0.0	  100.0	    0.0	    0.0	    0.0	    0.0	    0.0	   24.8	  1	   50.0	 1450.0	    0.0	    0.0	    0.0	1	   65.6	 21	    0.0	    5.0	
  661	  18.89	    0.5	 1499.3	    0.0	    0.0	    0.0	    0.0	    0.0	    0.0	    0.0	    0.0	    0.0	  100.0	    0.0	    0.0	    0.0	    0.0	    0.0	   24.8	  1	   50.0	 1450.0	    0.0	    0.0	    0.0	1	   65.6	 21	    0.0	    5.0	
  662	  18.91	    0.5	 1499.3	    0.0	    0.0	    0.0	    0.0	    0.0	    0.0	    0.0	    0.0	    0.0	  100.0	    0.0	    0.0	    0.0	    0.0	    0.0	   24.9	  1	   50.0	 1450.0	    0.0	    0.0	    0.0	1	   65.6	 21	    0.0	    5.0	
  663	  18.94	    0.5	 1499.3	    0.0	    0.0	    0.0	    0.0	    0.0	    0.0	    0.0	    0.0	    0.0	  100.0	    0.0	    0.0	    0.0	    0.0	    0.0	   24.9	  1	   50.0	 1450.0	    0.0	    0.0	    0.0	1	   65.6	 21	    0.0	    5.0	
  664	  18.97	    0.5	 1499.3	    0.0	    0.0	    0.0	    0.0	    0.0	    0.0	    0.0	    0.0	    0.0	  100.0	    0.0	    0.0	    0.0	    0.0	    0.0	   24.9	  1	   50.0	 1450.0	    0.0	    0.0	    0.0	1	   65.6	 21	    0.0	    5.0	
  665	  19.00	    0.5	 1499.3	    0.0	    0.0	    0.0	    0.0	    0.0	    0.0	    0.0	    0.0	    0.0	  100.0	    0.0	    0.0	    0.0	    0.0	    0.0	   25.0	  1	   50.0	 1450.0	    0.0	    0.0	    0.0	1	   65.6	 21	    0.0	    5.0	
  666	  19.03	    0.5	 1499.3	    0.0	    0.0	    0.0	    0.0	    0.0	    0.0	    0.0	    0.0	    0.0	  100.0	    0.0	    0.0	    0.0	    0.0	    0.0	   25.0	  1	   50.0	 1450.0	    0.0	    0.0	    0.0	1	   65.6	 21	    0.0	    5.0	
  667	  19.06	    0.5	 1499.3	    0.0	    0.0	    0.0	    0.0	    0.0	    0.0	    0.0	    0.0	    0.0	  100.0	    0.0	    0.0	    0.0	    0.0	    0.0	   25.0	  1	   50.0	 1450.0	    0.0	    0.0	    0.0	1	   65.6	 21	    0.0	    5.0	
  668	  19.09	    0.5	 1499.3	    0.0	    0.0	    0.0	    0.0	    0.0	    0.0	    0.0	    0.0	    0.0	  100.0	    0.0	    0.0	    0.0	    0.0	    0.0	   25.1	  1	   50.0	 1450.0	    0.0	    0.0	    0.0	1	   65.6	 21	    0.0	    5.0	
  669	  19.11	    0.5	 1499.3	    0.0	    0.0	    0.0	    0.0	    0.0	    0.0	    0.0	    0.0	    0.0	  100.0	    0.0	    0.0	    0.0	    0.0	    0.0	   25.1	  1	   50.0	 1450.0	    0.0	    0.0	    0.0	1	   65.6	 21	    0.0	    5.0	
  670	  19.14	    0.5	 1499.3	    0.0	    0.0	    0.0	    0.0	    0.0	    0.0	    0.0	    0.0	    0.0	  100.0	    0.0	    0.0	    0.0	    0.0	    0.0	   25.2	  1	   50.0	 1450.0	    0.0	    0.0	    0.0	1	   65.6	 21	    0.0	    5.0	
  671	  19.17	    0.5	 1499.3	    0.0	    0.0	    0.0	    0.0	    0.0	    0.0	    0.0	    0.0	    0.0	  100.0	    0.0	    0.0	    0.0	    0.0	    0.0	   25.2	  1	   50.0	 1450.0	    0.0	    0.0	    0.0	1	   65.6	 21	    0.0	    5.0	
  672	  19.20	    0.5	 1499.3	    0.0	    0.0	    0.0	    0.0	    0.0	    0.0	    0.0	    0.0	    0.0	  100.0	    0.0	    0.0	    0.0	    0.0	    0.0	   25.2	  1	   50.0	 1450.0	    0.0	    0.0	    0.0	1	   65.6	 21	    0.0	    5.0	
  673	  19.23	    0.5	 1499.3	    0.0	    0.0	    0.0	    0.0	    0.0	    0.0	    0.0	    0.0	    0.0	  100.0	    0.0	    0.0	    0.0	    0.0	    0.0	   25.3	  1	   50.0	 1450.0	    0.0	    0.0	    0.0	1	   65.6	 21	    0.0	    5.0	
  674	  19.26	    0.5	 1499.3	    0.0	    0.0	    0.0	    0.0	    0.0	    0.0	    0.0	    0.0	    0.0	  100.0	    0.0	    0.0	    0.0	    0.0	    0.0	   25.3	  1	   50.0	 1450.0	    0.0	    0.0	    0.0	1	   65.6	 21	    0.0	    5.0	
  675	  19.29	    0.5	 1499.3	    0.0	    0.0	    0.0	    0.0	    0.0	    0.0	    0.0	    0.0	    0.0	  100.0	    0.0	    0.0	    0.0	    0.0	    0.0	   25.4	  1	   50.0	 1450.0	    0.0	    0.0	    0.0	1	   65.6	 21	    0.0	    5.0	
  676	  19.32	    0.5	 1499.3	    0.0	    0.0	    0.0	    0.0	    0.0	    0.0	    0.0	    0.0	    0.0	  100.0	    0.0	    0.0	    0.0	    0.0	    0.0	   25.4	  1	   50.0	 1450.0	    0.0	    0.0	    0.0	1	   65.6	 21	    0.0	    5.0	
  677	  19.34	    0.5	 1499.3	    0.0	    0.0	    0.0	    0.0	    0.0	    0.0	    0.0	    0.0	    0.0	  100.0	    0.0	    0.0	    0.0	    0.0	    0.0	   25.4	  1	   50.0	 1450.0	    0.0	    0.0	    0.0	1	   65.6	 21	    0.0	    5.0	
  678	  19.37	    0.5	 1499.3	    0.0	    0.0	    0.0	    0.0	    0.0	    0.0	    0.0	    0.0	    0.0	  100.0	    0.0	    0.0	    0.0	    0.0	    0.0	   25.5	  1	   50.0	 1450.0	    0.0	    0.0	    0.0	1	   65.6	 21	    0.0	    5.0	
  679	  19.40	    0.5	 1499.3	    0.0	    0.0	    0.0	    0.0	    0.0	    0.0	    0.0	    0.0	    0.0	  100.0	    0.0	    0.0	    0.0	    0.0	    0.0	   25.5	  1	   50.0	 1450.0	    0.0	    0.0	    0.0	1	   65.6	 21	    0.0	    5.0	
  680	  19.43	    0.5	 1499.3	    0.0	    0.0	    0.0	    0.0	    0.0	    0.0	    0.0	    0.0	    0.0	  100.0	    0.0	    0.0	    0.0	    0.0	    0.0	   25.5	  1	   50.0	 1450.0	    0.0	    0.0	    0.0	1	   65.6	 21	    0.0	    5.0	
  681	  19.46	    0.5	 1499.3	    0.0	    0.0	    0.0	    0.0	    0.0	    0.0	    0.0	    0.0	    0.0	  100.0	    0.0	    0.0	    0.0	    0.0	    0.0	   25.6	  1	   50.0	 1450.0	    0.0	    0.0	    0.0	1	   65.6	 21	    0.0	    5.0	
  682	  19.49	    0.5	 1499.3	    0.0	    0.0	    0.0	    0.0	    0.0	    0.0	    0.0	    0.0	    0.0	  100.0	    0.0	    0.0	    0.0	    0.0	    0.0	   25.6	  1	   50.0	 1450.0	    0.0	    0.0	    0.0	1	   65.6	 21	    0.0	    5.0	
  683	  19.52	    0.5	 1499.3	    0.0	    0.0	    0.0	    0.0	    0.0	    0.0	    0.0	    0.0	    0.0	  100.0	    0.0	    0.0	    0.0	    0.0	    0.0	   25.7	  1	   50.0	 1450.0	    0.0	    0.0	    0.0	1	   65.6	 21	    0.0	    5.0	
  684	  19.54	    0.5	 1499.3	    0.0	    0.0	    0.0	    0.0	    0.0	    0.0	    0.0	    0.0	    0.0	  100.0	    0.0	    0.0	    0.0	    0.0	    0.0	   25.7	  1	   50.0	 1450.0	    0.0	    0.0	    0.0	1	   65.6	 21	    0.0	    5.0	
  685	  19.57	    0.5	 1499.3	    0.0	    0.0	    0.0	    0.0	    0.0	    0.0	    0.0	    0.0	    0.0	  100.0	    0.0	    0.0	    0.0	    0.0	    0.0	   25.7	  1	   50.0	 1450.0	    0.0	    0.0	    0.0	1	   65.6	 21	    0.0	    5.0	
  686	  19.60	    0.5	 1499.3	    0.0	    0.0	    0.0	    0.0	    0.0	    0.0	    0.0	    0.0	    0.0	  100.0	    0.0	    0.0	    0.0	    0.0	    0.0	   25.8	  1	   50.0	 1450.0	    0.0	    0.0	    0.0	1	   65.6	 21	    0.0	    5.0	
  687	  19.63	    0.5	 1499.3	    0.0	    0.0	    0.0	    0.0	    0.0	    0.0	    0.0	    0.0	    0.0	  100.0	    0.0	    0.0	    0.0	    0.0	    0.0	   25.8	  1	   50.0	 1450.0	    0.0	    0.0	    0.0	1	   65.6	 21	    0.0	    5.0	
  688	  19.66	    0.5	 1499.3	    0.0	    0.0	    0.0	    0.0	    0.0	    0.0	    0.0	    0.0	    0.0	  100.0	    0.0	    0.0	    0.0	    0.0	    0.0	   25.8	  1	   50.0	 1450.0	    0.0	    0.0	    0.0	1	   65.6	 21	    0.0	    5.0	
  689	  19.69	    0.5	 1499.3	    0.0	    0.0	    0.0	    0.0	    0.0	    0.0	    0.0	    0.0	    0.0	  100.0	    0.0	    0.0	    0.0	    0.0	    0.0	   25.9	  1	   50.0	 1450.0	    0.0	    0.0	    0.0	1	   65.6	 21	    0.0	    5.0	
  690	  19.71	    0.5	 1499.3	    0.0	    0.0	    0.0	    0.0	    0.0	    0.0	    0.0	    0.0	    0.0	  100.0	    0.0	    0.0	    0.0	    0.0	    0.0	   25.9	  1	   50.0	 1450.0	    0.0	    0.0	    0.0	1	   65.6	 21	    0.0	    5.0	
  691	  19.74	    0.5	 1499.3	    0.0	    0.0	    0.0	    0.0	    0.0	    0.0	    0.0	    0.0	    0.0	  100.0	    0.0	    0.0	    0.0	    0.0	    0.0	   26.0	  1	   50.0	 1450.0	    0.0	    0.0	    0.0	1	   65.6	 21	    0.0	    5.0	
  692	  19.77	    0.5	 1499.3	    0.0	    0.0	    0.0	    0.0	    0.0	    0.0	    0.0	    0.0	    0.0	  100.0	    0.0	    0.0	    0.0	    0.0	    0.0	   26.0	  1	   50.0	 1450.0	    0.0	    0.0	    0.0	1	   65.6	 21	    0.0	    5.0	
  693	  19.80	    0.5	 1499.3	    0.0	    0.0	    0.0	    0.0	    0.0	    0.0	    0.0	    0.0	    0.0	  100.0	    0.0	    0.0	    0.0	    0.0	    0.0	   26.0	  1	   50.0	 1450.0	    0.0	    0.0	    0.0	1	   65.6	 21	    0.0	    5.0	
  694	  19.83	    0.5	 1499.3	    0.0	    0.0	    0.0	    0.0	    0.0	    0.0	    0.0	    0.0	    0.0	  100.0	    0.0	    0.0	    0.0	    0.0	    0.0	   26.1	  1	   50.0	 1450.0	    0.0	    0.0	    0.0	1	   65.6	 21	    0.0	    5.0	
  695	  19.86	    0.5	 1499.3	    0.0	    0.0	    0.0	    0.0	    0.0	    0.0	    0.0	    0.0	    0.0	  100.0	    0.0	    0.0	    0.0	    0.0	    0.0	   26.1	  1	   50.0	 1450.0	    0.0	    0.0	    0.0	1	   65.6	 21	    0.0	    5.0	
  696	  19.89	    0.5	 1499.3	    0.0	    0.0	    0.0	    0.0	    0.0	    0.0	    0.0	    0.0	    0.0	  100.0	    0.0	    0.0	    0.0	    0.0	    0.0	   26.1	  1	   50.0	 1450.0	    0.0	    0.0	    0.0	1	   65.6	 21	    0.0	    5.0	
  697	  19.91	    0.5	 1499.3	    0.0	    0.0	    0.0	    0.0	    0.0	    0.0	    0.0	    0.0	    0.0	  100.0	    0.0	    0.0	    0.0	    0.0	    0.0	   26.2	  1	   50.0	 1450.0	    0.0	    0.0	    0.0	1	   65.6	 21	    0.0	    5.0	
  698	  19.94	    0.5	 1499.3	    0.0	    0.0	    0.0	    0.0	    0.0	    0.0	    0.0	    0.0	    0.0	  100.0	    0.0	    0.0	    0.0	    0.0	    0.0	   26.2	  1	   50.0	 1450.0	    0.0	    0.0	    0.0	1	   65.6	 21	    0.0	    5.0	
  699	  19.97	    0.5	 1499.3	    0.0	    0.0	    0.0	    0.0	    0.0	    0.0	    0.0	    0.0	    0.0	  100.0	    0.0	    0.0	    0.0	    0.0	    0.0	   26.3	  1	   50.0	 1450.0	    0.0	    0.0	    0.0	1	   65.6	 21	    0.0	    5.0	
  700	  20.00	    0.5	 1499.3	    0.0	    0.0	    0.0	    0.0	    0.0	    0.0	    0.0	    0.0	    0.0	  100.0	    0.0	    0.0	    0.0	    0.0	    0.0	   26.3	  1	   50.0	 1450.0	    0.0	    0.0	    0.0	1	   65.6	 21	    0.0	    5.0	
  701	  20.03	    0.5	 1499.3	    0.0	    0.0	    0.0	    0.0	    0.0	    0.0	    0.0	    0.0	    0.0	  100.0	    0.0	    0.0	    0.0	    0.0	    0.0	   26.3	  1	   50.0	 1450.0	    0.0	    0.0	    0.0	1	   65.6	 21	    0.0	    5.0	
  702	  20.06	    0.5	 1499.3	    0.0	    0.0	    0.0	    0.0	    0.0	    0.0	    0.0	    0.0	    0.0	  100.0	    0.0	    0.0	    0.0	    0.0	    0.0	   26.4	  1	   50.0	 1450.0	    0.0	    0.0	    0.0	1	   65.6	 21	    0.0	    5.0	
  703	  20.09	    0.5	 1499.3	    0.0	    0.0	    0.0	    0.0	    0.0	    0.0	    0.0	    0.0	    0.0	  100.0	    0.0	    0.0	    0.0	    0.0	    0.0	   26.4	  1	   50.0	 1450.0	    0.0	    0.0	    0.0	1	   65.6	 21	    0.0	    5.0	
  704	  20.11	    0.5	 1499.3	    0.0	    0.0	    0.0	    0.0	    0.0	    0.0	    0.0	    0.0	    0.0	  100.0	    0.0	    0.0	    0.0	    0.0	    0.0	   26.5	  1	   50.0	 1450.0	    0.0	    0.0	    0.0	1	   65.6	 21	    0.0	    5.0	
  705	  20.14	    0.5	 1499.3	    0.0	    0.0	    0.0	    0.0	    0.0	    0.0	    0.0	    0.0	    0.0	  100.0	    0.0	    0.0	    0.0	    0.0	    0.0	   26.5	  1	   50.0	 1450.0	    0.0	    0.0	    0.0	1	   65.6	 21	    0.0	    5.0	
  706	  20.17	    0.5	 1499.3	    0.0	    0.0	    0.0	    0.0	    0.0	    0.0	    0.0	    0.0	    0.0	  100.0	    0.0	    0.0	    0.0	    0.0	    0.0	   26.5	  1	   50.0	 1450.0	    0.0	    0.0	    0.0	1	   65.6	 21	    0.0	    5.0	
  707	  20.20	    0.5	 1499.3	    0.0	    0.0	    0.0	    0.0	    0.0	    0.0	    0.0	    0.0	    0.0	  100.0	    0.0	    0.0	    0.0	    0.0	    0.0	   26.6	  1	   50.0	 1450.0	    0.0	    0.0	    0.0	1	   65.6	 21	    0.0	    5.0	
  708	  20.23	    0.5	 1499.3	    0.0	    0.0	    0.0	    0.0	    0.0	    0.0	    0.0	    0.0	    0.0	  100.0	    0.0	    0.0	    0.0	    0.0	    0.0	   26.6	  1	   50.0	 1450.0	    0.0	    0.0	    0.0	1	   65.6	 21	    0.0	    5.0	
  709	  20.26	    0.5	 1499.3	    0.0	    0.0	    0.0	    0.0	    0.0	    0.0	    0.0	    0.0	    0.0	  100.0	    0.0	    0.0	    0.0	    0.0	    0.0	   26.6	  1	   50.0	 1450.0	    0.0	    0.0	    0.0	1	   65.6	 21	    0.0	    5.0	
  710	  20.29	    0.5	 1499.3	    0.0	    0.0	    0.0	    0.0	    0.0	    0.0	    0.0	    0.0	    0.0	  100.0	    0.0	    0.0	    0.0	    0.0	    0.0	   26.7	  1	   50.0	 1450.0	    0.0	    0.0	    0.0	1	   65.6	 21	    0.0	    5.0	
  711	  20.32	    0.5	 1499.3	    0.0	    0.0	    0.0	    0.0	    0.0	    0.0	    0.0	    0.0	    0.0	  100.0	    0.0	    0.0	    0.0	    0.0	    0.0	   26.7	  1	   50.0	 1450.0	    0.0	    0.0	    0.0	1	   65.6	 21	    0.0	    5.0	
  712	  20.34	    0.5	 1499.3	    0.0	    0.0	    0.0	    0.0	    0.0	    0.0	    0.0	    0.0	    0.0	  100.0	    0.0	    0.0	    0.0	    0.0	    0.0	   26.8	  1	   50.0	 1450.0	    0.0	    0.0	    0.0	1	   65.6	 21	    0.0	    5.0	
  713	  20.37	    0.5	 1499.3	    0.0	    0.0	    0.0	    0.0	    0.0	    0.0	    0.0	    0.0	    0.0	  100.0	    0.0	    0.0	    0.0	    0.0	    0.0	   26.8	  1	   50.0	 1450.0	    0.0	    0.0	    0.0	1	   65.6	 21	    0.0	    5.0	
  714	  20.40	    0.5	 1499.3	    0.0	    0.0	    0.0	    0.0	    0.0	    0.0	    0.0	    0.0	    0.0	  100.0	    0.0	    0.0	    0.0	    0.0	    0.0	   26.8	  1	   50.0	 1450.0	    0.0	    0.0	    0.0	1	   65.6	 21	    0.0	    5.0	
  715	  20.43	    0.5	 1499.3	    0.0	    0.0	    0.0	    0.0	    0.0	    0.0	    0.0	    0.0	    0.0	  100.0	    0.0	    0.0	    0.0	    0.0	    0.0	   26.9	  1	   50.0	 1450.0	    0.0	    0.0	    0.0	1	   65.6	 21	    0.0	    5.0	
  716	  20.46	    0.5	 1499.3	    0.0	    0.0	    0.0	    0.0	    0.0	    0.0	    0.0	    0.0	    0.0	  100.0	    0.0	    0.0	    0.0	    0.0	    0.0	   26.9	  1	   50.0	 1450.0	    0.0	    0.0	    0.0	1	   65.6	 21	    0.0	    5.0	
  717	  20.49	    0.5	 1499.3	    0.0	    0.0	    0.0	    0.0	    0.0	    0.0	    0.0	    0.0	    0.0	  100.0	    0.0	    0.0	    0.0	    0.0	    0.0	   26.9	  1	   50.0	 1450.0	    0.0	    0.0	    0.0	1	   65.6	 21	    0.0	    5.0	
  718	  20.52	    0.5	 1499.3	    0.0	    0.0	    0.0	    0.0	    0.0	    0.0	    0.0	    0.0	    0.0	  100.0	    0.0	    0.0	    0.0	    0.0	    0.0	   27.0	  1	   50.0	 1450.0	    0.0	    0.0	    0.0	1	   65.6	 21	    0.0	    5.0	
  719	  20.54	    0.5	 1499.3	    0.0	    0.0	    0.0	    0.0	    0.0	    0.0	    0.0	    0.0	    0.0	  100.0	    0.0	    0.0	    0.0	    0.0	    0.0	   27.0	  1	   50.0	 1450.0	    0.0	    0.0	    0.0	1	   65.6	 21	    0.0	    5.0	
  720	  20.57	    0.5	 1499.3	    0.0	    0.0	    0.0	    0.0	    0.0	    0.0	    0.0	    0.0	    0.0	  100.0	    0.0	    0.0	    0.0	    0.0	    0.0	   27.1	  1	   50.0	 1450.0	    0.0	    0.0	    0.0	1	   65.6	 21	    0.0	    5.0	
  721	  20.60	    0.5	 1499.3	    0.0	    0.0	    0.0	    0.0	    0.0	    0.0	    0.0	    0.0	    0.0	  100.0	    0.0	    0.0	    0.0	    0.0	    0.0	   27.1	  1	   50.0	 1450.0	    0.0	    0.0	    0.0	1	   65.6	 21	    0.0	    5.0	
  722	  20.63	    0.5	 1499.3	    0.0	    0.0	    0.0	    0.0	    0.0	    0.0	    0.0	    0.0	    0.0	  100.0	    0.0	    0.0	    0.0	    0.0	    0.0	   27.1	  1	   50.0	 1450.0	    0.0	    0.0	    0.0	1	   65.6	 21	    0.0	    5.0	
  723	  20.66	    0.5	 1499.3	    0.0	    0.0	    0.0	    0.0	    0.0	    0.0	    0.0	    0.0	    0.0	  100.0	    0.0	    0.0	    0.0	    0.0	    0.0	   27.2	  1	   50.0	 1450.0	    0.0	    0.0	    0.0	1	   65.6	 21	    0.0	    5.0	
  724	  20.69	    0.5	 1499.3	    0.0	    0.0	    0.0	    0.0	    0.0	    0.0	    0.0	    0.0	    0.0	  100.0	    0.0	    0.0	    0.0	    0.0	    0.0	   27.2	  1	   50.0	 1450.0	    0.0	    0.0	    0.0	1	   65.6	 21	    0.0	    5.0	
  725	  20.71	    0.5	 1499.3	    0.0	    0.0	    0.0	    0.0	    0.0	    0.0	    0.0	    0.0	    0.0	  100.0	    0.0	    0.0	    0.0	    0.0	    0.0	   27.3	  1	   50.0	 1450.0	    0.0	    0.0	    0.0	1	   65.6	 21	    0.0	    5.0	
  726	  20.74	    0.5	 1499.3	    0.0	    0.0	    0.0	    0.0	    0.0	    0.0	    0.0	    0.0	    0.0	  100.0	    0.0	    0.0	    0.0	    0.0	    0.0	   27.3	  1	   50.0	 1450.0	    0.0	    0.0	    0.0	1	   65.6	 21	    0.0	    5.0	
  727	  20.77	    0.5	 1499.3	    0.0	    0.0	    0.0	    0.0	    0.0	    0.0	    0.0	    0.0	    0.0	  100.0	    0.0	    0.0	    0.0	    0.0	    0.0	   27.3	  1	   50.0	 1450.0	    0.0	    0.0	    0.0	1	   65.6	 21	    0.0	    5.0	
  728	  20.80	    0.5	 1499.3	    0.0	    0.0	    0.0	    0.0	    0.0	    0.0	    0.0	    0.0	    0.0	  100.0	    0.0	    0.0	    0.0	    0.0	    0.0	   27.4	  1	   50.0	 1450.0	    0.0	    0.0	    0.0	1	   65.6	 21	    0.0	    5.0	
  729	  20.83	    0.5	 1499.3	    0.0	    0.0	    0.0	    0.0	    0.0	    0.0	    0.0	    0.0	    0.0	  100.0	    0.0	    0.0	    0.0	    0.0	    0.0	   27.4	  1	   50.0	 1450.0	    0.0	    0.0	    0.0	1	   65.6	 21	    0.0	    5.0	
  730	  20.86	    0.5	 1499.3	    0.0	    0.0	    0.0	    0.0	    0.0	    0.0	    0.0	    0.0	    0.0	  100.0	    0.0	    0.0	    0.0	    0.0	    0.0	   27.4	  1	   50.0	 1450.0	    0.0	    0.0	    0.0	1	   65.6	 21	    0.0	    5.0	
  731	  20.89	    0.5	 1499.3	    0.0	    0.0	    0.0	    0.0	    0.0	    0.0	    0.0	    0.0	    0.0	  100.0	    0.0	    0.0	    0.0	    0.0	    0.0	   27.5	  1	   50.0	 1450.0	    0.0	    0.0	    0.0	1	   65.6	 21	    0.0	    5.0	
  732	  20.91	    0.5	 1499.3	    0.0	    0.0	    0.0	    0.0	    0.0	    0.0	    0.0	    0.0	    0.0	  100.0	    0.0	    0.0	    0.0	    0.0	    0.0	   27.5	  1	   50.0	 1450.0	    0.0	    0.0	    0.0	1	   65.6	 21	    0.0	    5.0	
  733	  20.94	    0.5	 1499.3	    0.0	    0.0	    0.0	    0.0	    0.0	    0.0	    0.0	    0.0	    0.0	  100.0	    0.0	    0.0	    0.0	    0.0	    0.0	   27.6	  1	   50.0	 1450.0	    0.0	    0.0	    0.0	1	   65.6	 21	    0.0	    5.0	
  734	  20.97	    0.5	 1499.3	    0.0	    0.0	    0.0	    0.0	    0.0	    0.0	    0.0	    0.0	    0.0	  100.0	    0.0	    0.0	    0.0	    0.0	    0.0	   27.6	  1	   50.0	 1450.0	    0.0	    0.0	    0.0	1	   65.6	 21	    0.0	    5.0	
  735	  21.00	    0.5	 1499.3	    0.0	    0.0	    0.0	    0.0	    0.0	    0.0	    0.0	    0.0	    0.0	  100.0	    0.0	    0.0	    0.0	    0.0	    0.0	   27.6	  1	   50.0	 1450.0	    0.0	    0.0	    0.0	1	   65.6	 21	    0.0	    5.0	
  736	  21.03	    0.5	 1499.3	    0.0	    0.0	    0.0	    0.0	    0.0	    0.0	    0.0	    0.0	    0.0	  100.0	    0.0	    0.0	    0.0	    0.0	    0.0	   27.7	  1	   50.0	 1450.0	    0.0	    0.0	    0.0	1	   65.6	 21	    0.0	    5.0	
  737	  21.06	    0.5	 1499.3	    0.0	    0.0	    0.0	    0.0	    0.0	    0.0	    0.0	    0.0	    0.0	  100.0	    0.0	    0.0	    0.0	    0.0	    0.0	   27.7	  1	   50.0	 1450.0	    0.0	    0.0	    0.0	1	   65.6	 21	    0.0	    5.0	
  738	  21.09	    0.5	 1499.3	    0.0	    0.0	    0.0	    0.0	    0.0	    0.0	    0.0	    0.0	    0.0	  100.0	    0.0	    0.0	    0.0	    0.0	    0.0	   27.7	  1	   50.0	 1450.0	    0.0	    0.0	    0.0	1	   65.6	 21	    0.0	    5.0	
  739	  21.11	    0.5	 1499.3	    0.0	    0.0	    0.0	    0.0	    0.0	    0.0	    0.0	    0.0	    0.0	  100.0	    0.0	    0.0	    0.0	    0.0	    0.0	   27.8	  1	   50.0	 1450.0	    0.0	    0.0	    0.0	1	   65.6	 21	    0.0	    5.0	
  740	  21.14	    0.5	 1499.3	    0.0	    0.0	    0.0	    0.0	    0.0	    0.0	    0.0	    0.0	    0.0	  100.0	    0.0	    0.0	    0.0	    0.0	    0.0	   27.8	  1	   50.0	 1450.0	    0.0	    0.0	    0.0	1	   65.6	 21	    0.0	    5.0	
  741	  21.17	    0.5	 1499.3	    0.0	    0.0	    0.0	    0.0	    0.0	    0.0	    0.0	    0.0	    0.0	  100.0	    0.0	    0.0	    0.0	    0.0	    0.0	   27.9	  1	   50.0	 1450.0	    0.0	    0.0	    0.0	1	   65.6	 21	    0.0	    5.0	
  742	  21.20	    0.5	 1499.3	    0.0	    0.0	    0.0	    0.0	    0.0	    0.0	    0.0	    0.0	    0.0	  100.0	    0.0	    0.0	    0.0	    0.0	    0.0	   27.9	  1	   50.0	 1450.0	    0.0	    0.0	    0.0	1	   65.6	 21	    0.0	    5.0	
  743	  21.23	    0.5	 1499.3	    0.0	    0.0	    0.0	    0.0	    0.0	    0.0	    0.0	    0.0	    0.0	  100.0	    0.0	    0.0	    0.0	    0.0	    0.0	   27.9	  1	   50.0	 1450.0	    0.0	    0.0	    0.0	1	   65.6	 21	    0.0	    5.0	
  744	  21.26	    0.5	 1499.3	    0.0	    0.0	    0.0	    0.0	    0.0	    0.0	    0.0	    0.0	    0.0	  100.0	    0.0	    0.0	    0.0	    0.0	    0.0	   28.0	  1	   50.0	 1450.0	    0.0	    0.0	    0.0	1	   65.6	 21	    0.0	    5.0	
  745	  21.29	    0.5	 1499.3	    0.0	    0.0	    0.0	    0.0	    0.0	    0.0	    0.0	    0.0	    0.0	  100.0	    0.0	    0.0	    0.0	    0.0	    0.0	   28.0	  1	   50.0	 1450.0	    0.0	    0.0	    0.0	1	   65.6	 21	    0.0	    5.0	
  746	  21.32	    0.5	 1499.3	    0.0	    0.0	    0.0	    0.0	    0.0	    0.0	    0.0	    0.0	    0.0	  100.0	    0.0	    0.0	    0.0	    0.0	    0.0	   28.0	  1	   50.0	 1450.0	    0.0	    0.0	    0.0	1	   65.6	 21	    0.0	    5.0	
  747	  21.34	    0.5	 1499.3	    0.0	    0.0	    0.0	    0.0	    0.0	    0.0	    0.0	    0.0	    0.0	  100.0	    0.0	    0.0	    0.0	    0.0	    0.0	   28.1	  1	   50.0	 1450.0	    0.0	    0.0	    0.0	1	   65.6	 21	    0.0	    5.0	
  748	  21.37	    0.5	 1499.3	    0.0	    0.0	    0.0	    0.0	    0.0	    0.0	    0.0	    0.0	    0.0	  100.0	    0.0	    0.0	    0.0	    0.0	    0.0	   28.1	  1	   50.0	 1450.0	    0.0	    0.0	    0.0	1	   65.6	 21	    0.0	    5.0	
  749	  21.40	    0.5	 1499.3	    0.0	    0.0	    0.0	    0.0	    0.0	    0.0	    0.0	    0.0	    0.0	  100.0	    0.0	    0.0	    0.0	    0.0	    0.0	   28.2	  1	   50.0	 1450.0	    0.0	    0.0	    0.0	1	   65.6	 21	    0.0	    5.0	
  750	  21.43	    0.5	 1499.3	    0.0	    0.0	    0.0	    0.0	    0.0	    0.0	    0.0	    0.0	    0.0	  100.0	    0.0	    0.0	    0.0	    0.0	    0.0	   28.2	  1	   50.0	 1450.0	    0.0	    0.0	    0.0	1	   65.6	 21	    0.0	    5.0	
  751	  21.46	    0.5	 1499.3	    0.0	    0.0	    0.0	    0.0	    0.0	    0.0	    0.0	    0.0	    0.0	  100.0	    0.0	    0.0	    0.0	    0.0	    0.0	   28.2	  1	   50.0	 1450.0	    0.0	    0.0	    0.0	1	   65.6	 21	    0.0	    5.0	
  752	  21.49	    0.5	 1499.3	    0.0	    0.0	    0.0	    0.0	    0.0	    0.0	    0.0	    0.0	    0.0	  100.0	    0.0	    0.0	    0.0	    0.0	    0.0	   28.3	  1	   50.0	 1450.0	    0.0	    0.0	    0.0	1	   65.6	 21	    0.0	    5.0	
  753	  21.52	    0.5	 1499.3	    0.0	    0.0	    0.0	    0.0	    0.0	    0.0	    0.0	    0.0	    0.0	  100.0	    0.0	    0.0	    0.0	    0.0	    0.0	   28.3	  1	   50.0	 1450.0	    0.0	    0.0	    0.0	1	   65.6	 21	    0.0	    5.0	
  754	  21.54	    0.5	 1499.3	    0.0	    0.0	    0.0	    0.0	    0.0	    0.0	    0.0	    0.0	    0.0	  100.0	    0.0	    0.0	    0.0	    0.0	    0.0	   28.4	  1	   50.0	 1450.0	    0.0	    0.0	    0.0	1	   65.6	 21	    0.0	    5.0	
  755	  21.57	    0.5	 1499.3	    0.0	    0.0	    0.0	    0.0	    0.0	    0.0	    0.0	    0.0	    0.0	  100.0	    0.0	    0.0	    0.0	    0.0	    0.0	   28.4	  1	   50.0	 1450.0	    0.0	    0.0	    0.0	1	   65.6	 21	    0.0	    5.0	
  756	  21.60	    0.5	 1499.3	    0.0	    0.0	    0.0	    0.0	    0.0	    0.0	    0.0	    0.0	    0.0	  100.0	    0.0	    0.0	    0.0	    0.0	    0.0	   28.4	  1	   50.0	 1450.0	    0.0	    0.0	    0.0	1	   65.6	 21	    0.0	    5.0	
  757	  21.63	    0.5	 1499.3	    0.0	    0.0	    0.0	    0.0	    0.0	    0.0	    0.0	    0.0	    0.0	  100.0	    0.0	    0.0	    0.0	    0.0	    0.0	   28.5	  1	   50.0	 1450.0	    0.0	    0.0	    0.0	1	   65.6	 21	    0.0	    5.0	
  758	  21.66	    0.5	 1499.3	    0.0	    0.0	    0.0	    0.0	    0.0	    0.0	    0.0	    0.0	    0.0	  100.0	    0.0	    0.0	    0.0	    0.0	    0.0	   28.5	  1	   50.0	 1450.0	    0.0	    0.0	    0.0	1	   65.6	 21	    0.0	    5.0	
  759	  21.69	    0.5	 1499.3	    0.0	    0.0	    0.0	    0.0	    0.0	    0.0	    0.0	    0.0	    0.0	  100.0	    0.0	    0.0	    0.0	    0.0	    0.0	   28.5	  1	   50.0	 1450.0	    0.0	    0.0	    0.0	1	   65.6	 21	    0.0	    5.0	
  760	  21.71	    0.5	 1499.3	    0.0	    0.0	    0.0	    0.0	    0.0	    0.0	    0.0	    0.0	    0.0	  100.0	    0.0	    0.0	    0.0	    0.0	    0.0	   28.6	  1	   50.0	 1450.0	    0.0	    0.0	    0.0	1	   65.6	 21	    0.0	    5.0	
  761	  21.74	    0.5	 1499.3	    0.0	    0.0	    0.0	    0.0	    0.0	    0.0	    0.0	    0.0	    0.0	  100.0	    0.0	    0.0	    0.0	    0.0	    0.0	   28.6	  1	   50.0	 1450.0	    0.0	    0.0	    0.0	1	   65.6	 21	    0.0	    5.0	
  762	  21.77	    0.5	 1499.3	    0.0	    0.0	    0.0	    0.0	    0.0	    0.0	    0.0	    0.0	    0.0	  100.0	    0.0	    0.0	    0.0	    0.0	    0.0	   28.7	  1	   50.0	 1450.0	    0.0	    0.0	    0.0	1	   65.6	 21	    0.0	    5.0	
  763	  21.80	    0.5	 1499.3	    0.0	    0.0	    0.0	    0.0	    0.0	    0.0	    0.0	    0.0	    0.0	  100.0	    0.0	    0.0	    0.0	    0.0	    0.0	   28.7	  1	   50.0	 1450.0	    0.0	    0.0	    0.0	1	   65.6	 21	    0.0	    5.0	
  764	  21.83	    0.5	 1499.3	    0.0	    0.0	    0.0	    0.0	    0.0	    0.0	    0.0	    0.0	    0.0	  100.0	    0.0	    0.0	    0.0	    0.0	    0.0	   28.7	  1	   50.0	 1450.0	    0.0	    0.0	    0.0	1	   65.6	 21	    0.0	    5.0	
  765	  21.86	    0.5	 1499.3	    0.0	    0.0	    0.0	    0.0	    0.0	    0.0	    0.0	    0.0	    0.0	  100.0	    0.0	    0.0	    0.0	    0.0	    0.0	   28.8	  1	   50.0	 1450.0	    0.0	    0.0	    0.0	1	   65.6	 21	    0.0	    5.0	
  766	  21.89	    0.5	 1499.3	    0.0	    0.0	    0.0	    0.0	    0.0	    0.0	    0.0	    0.0	    0.0	  100.0	    0.0	    0.0	    0.0	    0.0	    0.0	   28.8	  1	   50.0	 1450.0	    0.0	    0.0	    0.0	1	   65.6	 21	    0.0	    5.0	
  767	  21.91	    0.5	 1499.3	    0.0	    0.0	    0.0	    0.0	    0.0	    0.0	    0.0	    0.0	    0.0	  100.0	    0.0	    0.0	    0.0	    0.0	    0.0	   28.8	  1	   50.0	 1450.0	    0.0	    0.0	    0.0	1	   65.6	 21	    0.0	    5.0	
  768	  21.94	    0.5	 1499.3	    0.0	    0.0	    0.0	    0.0	    0.0	    0.0	    0.0	    0.0	    0.0	  100.0	    0.0	    0.0	    0.0	    0.0	    0.0	   28.9	  1	   50.0	 1450.0	    0.0	    0.0	    0.0	1	   65.6	 21	    0.0	    5.0	
  769	  21.97	    0.5	 1499.3	    0.0	    0.0	    0.0	    0.0	    0.0	    0.0	    0.0	    0.0	    0.0	  100.0	    0.0	    0.0	    0.0	    0.0	    0.0	   28.9	  1	   50.0	 1450.0	    0.0	    0.0	    0.0	1	   65.6	 21	    0.0	    5.0	
  770	  22.00	    0.5	 1499.3	    0.0	    0.0	    0.0	    0.0	    0.0	    0.0	    0.0	    0.0	    0.0	  100.0	    0.0	    0.0	    0.0	    0.0	    0.0	   29.0	  1	   50.0	 1450.0	    0.0	    0.0	    0.0	1	   65.6	 21	    0.0	    5.0	
  771	  22.03	    0.5	 1499.3	    0.0	    0.0	    0.0	    0.0	    0.0	    0.0	    0.0	    0.0	    0.0	  100.0	    0.0	    0.0	    0.0	    0.0	    0.0	   29.0	  1	   50.0	 1450.0	    0.0	    0.0	    0.0	1	   65.6	 21	    0.0	    5.0	
  772	  22.06	    0.5	 1499.3	    0.0	    0.0	    0.0	    0.0	    0.0	    0.0	    0.0	    0.0	    0.0	  100.0	    0.0	    0.0	    0.0	    0.0	    0.0	   29.0	  1	   50.0	 1450.0	    0.0	    0.0	    0.0	1	   65.6	 21	    0.0	    5.0	
  773	  22.09	    0.5	 1499.3	    0.0	    0.0	    0.0	    0.0	    0.0	    0.0	    0.0	    0.0	    0.0	  100.0	    0.0	    0.0	    0.0	    0.0	    0.0	   29.1	  1	   50.0	 1450.0	    0.0	    0.0	    0.0	1	   65.6	 21	    0.0	    5.0	
  774	  22.11	    0.5	 1499.3	    0.0	    0.0	    0.0	    0.0	    0.0	    0.0	    0.0	    0.0	    0.0	  100.0	    0.0	    0.0	    0.0	    0.0	    0.0	   29.1	  1	   50.0	 1450.0	    0.0	    0.0	    0.0	1	   65.6	 21	    0.0	    5.0	
  775	  22.14	    0.5	 1499.3	    0.0	    0.0	    0.0	    0.0	    0.0	    0.0	    0.0	    0.0	    0.0	  100.0	    0.0	    0.0	    0.0	    0.0	    0.0	   29.2	  1	   50.0	 1450.0	    0.0	    0.0	    0.0	1	   65.6	 21	    0.0	    5.0	
  776	  22.17	    0.5	 1499.3	    0.0	    0.0	    0.0	    0.0	    0.0	    0.0	    0.0	    0.0	    0.0	  100.0	    0.0	    0.0	    0.0	    0.0	    0.0	   29.2	  1	   50.0	 1450.0	    0.0	    0.0	    0.0	1	   65.6	 21	    0.0	    5.0	
  777	  22.20	    0.5	 1499.3	    0.0	    0.0	    0.0	    0.0	    0.0	    0.0	    0.0	    0.0	    0.0	  100.0	    0.0	    0.0	    0.0	    0.0	    0.0	   29.2	  1	   50.0	 1450.0	    0.0	    0.0	    0.0	1	   65.6	 21	    0.0	    5.0	
  778	  22.23	    0.5	 1499.3	    0.0	    0.0	    0.0	    0.0	    0.0	    0.0	    0.0	    0.0	    0.0	  100.0	    0.0	    0.0	    0.0	    0.0	    0.0	   29.3	  1	   50.0	 1450.0	    0.0	    0.0	    0.0	1	   65.6	 21	    0.0	    5.0	
  779	  22.26	    0.5	 1499.3	    0.0	    0.0	    0.0	    0.0	    0.0	    0.0	    0.0	    0.0	    0.0	  100.0	    0.0	    0.0	    0.0	    0.0	    0.0	   29.3	  1	   50.0	 1450.0	    0.0	    0.0	    0.0	1	   65.6	 21	    0.0	    5.0	
  780	  22.29	    0.5	 1499.3	    0.0	    0.0	    0.0	    0.0	    0.0	    0.0	    0.0	    0.0	    0.0	  100.0	    0.0	    0.0	    0.0	    0.0	    0.0	   29.3	  1	   50.0	 1450.0	    0.0	    0.0	    0.0	1	   65.6	 21	    0.0	    5.0	
  781	  22.32	    0.5	 1499.3	    0.0	    0.0	    0.0	    0.0	    0.0	    0.0	    0.0	    0.0	    0.0	  100.0	    0.0	    0.0	    0.0	    0.0	    0.0	   29.4	  1	   50.0	 1450.0	    0.0	    0.0	    0.0	1	   65.6	 21	    0.0	    5.0	
  782	  22.34	    0.5	 1499.3	    0.0	    0.0	    0.0	    0.0	    0.0	    0.0	    0.0	    0.0	    0.0	  100.0	    0.0	    0.0	    0.0	    0.0	    0.0	   29.4	  1	   50.0	 1450.0	    0.0	    0.0	    0.0	1	   65.6	 21	    0.0	    5.0	
  783	  22.37	    0.5	 1499.3	    0.0	    0.0	    0.0	    0.0	    0.0	    0.0	    0.0	    0.0	    0.0	  100.0	    0.0	    0.0	    0.0	    0.0	    0.0	   29.5	  1	   50.0	 1450.0	    0.0	    0.0	    0.0	1	   65.6	 21	    0.0	    5.0	
  784	  22.40	    0.5	 1499.3	    0.0	    0.0	    0.0	    0.0	    0.0	    0.0	    0.0	    0.0	    0.0	  100.0	    0.0	    0.0	    0.0	    0.0	    0.0	   29.5	  1	   50.0	 1450.0	    0.0	    0.0	    0.0	1	   65.6	 21	    0.0	    5.0	
  785	  22.43	    0.5	 1499.3	    0.0	    0.0	    0.0	    0.0	    0.0	    0.0	    0.0	    0.0	    0.0	  100.0	    0.0	    0.0	    0.0	    0.0	    0.0	   29.5	  1	   50.0	 1450.0	    0.0	    0.0	    0.0	1	   65.6	 21	    0.0	    5.0	
  786	  22.46	    0.5	 1499.3	    0.0	    0.0	    0.0	    0.0	    0.0	    0.0	    0.0	    0.0	    0.0	  100.0	    0.0	    0.0	    0.0	    0.0	    0.0	   29.6	  1	   50.0	 1450.0	    0.0	    0.0	    0.0	1	   65.6	 21	    0.0	    5.0	
  787	  22.49	    0.5	 1499.3	    0.0	    0.0	    0.0	    0.0	    0.0	    0.0	    0.0	    0.0	    0.0	  100.0	    0.0	    0.0	    0.0	    0.0	    0.0	   29.6	  1	   50.0	 1450.0	    0.0	    0.0	    0.0	1	   65.6	 21	    0.0	    5.0	
  788	  22.52	    0.5	 1499.3	    0.0	    0.0	    0.0	    0.0	    0.0	    0.0	    0.0	    0.0	    0.0	  100.0	    0.0	    0.0	    0.0	    0.0	    0.0	   29.6	  1	   50.0	 1450.0	    0.0	    0.0	    0.0	1	   65.6	 21	    0.0	    5.0	
  789	  22.54	    0.5	 1499.3	    0.0	    0.0	    0.0	    0.0	    0.0	    0.0	    0.0	    0.0	    0.0	  100.0	    0.0	    0.0	    0.0	    0.0	    0.0	   29.7	  1	   50.0	 1450.0	    0.0	    0.0	    0.0	1	   65.6	 21	    0.0	    5.0	
  790	  22.57	    0.5	 1499.3	    0.0	    0.0	    0.0	    0.0	    0.0	    0.0	    0.0	    0.0	    0.0	  100.0	    0.0	    0.0	    0.0	    0.0	    0.0	   29.7	  1	   50.0	 1450.0	    0.0	    0.0	    0.0	1	   65.6	 21	    0.0	    5.0	
  791	  22.60	    0.5	 1499.3	    0.0	    0.0	    0.0	    0.0	    0.0	    0.0	    0.0	    0.0	    0.0	  100.0	    0.0	    0.0	    0.0	    0.0	    0.0	   29.8	  1	   50.0	 1450.0	    0.0	    0.0	    0.0	1	   65.6	 21	    0.0	    5.0	
  792	  22.63	    0.5	 1499.3	    0.0	    0.0	    0.0	    0.0	    0.0	    0.0	    0.0	    0.0	    0.0	  100.0	    0.0	    0.0	    0.0	    0.0	    0.0	   29.8	  1	   50.0	 1450.0	    0.0	    0.0	    0.0	1	   65.6	 21	    0.0	    5.0	
  793	  22.66	    0.5	 1499.3	    0.0	    0.0	    0.0	    0.0	    0.0	    0.0	    0.0	    0.0	    0.0	  100.0	    0.0	    0.0	    0.0	    0.0	    0.0	   29.8	  1	   50.0	 1450.0	    0.0	    0.0	    0.0	1	   65.6	 21	    0.0	    5.0	
  794	  22.69	    0.5	 1499.3	    0.0	    0.0	    0.0	    0.0	    0.0	    0.0	    0.0	    0.0	    0.0	  100.0	    0.0	    0.0	    0.0	    0.0	    0.0	   29.9	  1	   50.0	 1450.0	    0.0	    0.0	    0.0	1	   65.6	 21	    0.0	    5.0	
  795	  22.71	    0.5	 1499.3	    0.0	    0.0	    0.0	    0.0	    0.0	    0.0	    0.0	    0.0	    0.0	  100.0	    0.0	    0.0	    0.0	    0.0	    0.0	   29.9	  1	   50.0	 1450.0	    0.0	    0.0	    0.0	1	   65.6	 21	    0.0	    5.0	
  796	  22.74	    0.5	 1499.3	    0.0	    0.0	    0.0	    0.0	    0.0	    0.0	    0.0	    0.0	    0.0	  100.0	    0.0	    0.0	    0.0	    0.0	    0.0	   29.9	  1	   50.0	 1450.0	    0.0	    0.0	    0.0	1	   65.6	 21	    0.0	    5.0	
  797	  22.77	    0.5	 1499.3	    0.0	    0.0	    0.0	    0.0	    0.0	    0.0	    0.0	    0.0	    0.0	  100.0	    0.0	    0.0	    0.0	    0.0	    0.0	   30.0	  1	   50.0	 1450.0	    0.0	    0.0	    0.0	1	   65.6	 21	    0.0	    5.0	
  798	  22.80	    0.5	 1499.3	    0.0	    0.0	    0.0	    0.0	    0.0	    0.0	    0.0	    0.0	    0.0	  100.0	    0.0	    0.0	    0.0	    0.0	    0.0	   30.0	  1	   50.0	 1450.0	    0.0	    0.0	    0.0	1	   65.6	 21	    0.0	    5.0	
  799	  22.83	    0.5	 1499.3	    0.0	    0.0	    0.0	    0.0	    0.0	    0.0	    0.0	    0.0	    0.0	  100.0	    0.0	    0.0	    0.0	    0.0	    0.0	   30.1	  1	   50.0	 1450.0	    0.0	    0.0	    0.0	1	   65.6	 21	    0.0	    5.0	
  800	  22.86	    0.5	 1499.3	    0.0	    0.0	    0.0	    0.0	    0.0	    0.0	    0.0	    0.0	    0.0	  100.0	    0.0	    0.0	    0.0	    0.0	    0.0	   30.1	  1	   50.0	 1450.0	    0.0	    0.0	    0.0	1	   65.6	 21	    0.0	    5.0	
  801	  22.89	    0.5	 1499.3	    0.0	    0.0	    0.0	    0.0	    0.0	    0.0	    0.0	    0.0	    0.0	  100.0	    0.0	    0.0	    0.0	    0.0	    0.0	   30.1	  1	   50.0	 1450.0	    0.0	    0.0	    0.0	1	   65.6	 21	    0.0	    5.0	
  802	  22.91	    0.5	 1499.3	    0.0	    0.0	    0.0	    0.0	    0.0	    0.0	    0.0	    0.0	    0.0	  100.0	    0.0	    0.0	    0.0	    0.0	    0.0	   30.2	  1	   50.0	 1450.0	    0.0	    0.0	    0.0	1	   65.6	 21	    0.0	    5.0	
  803	  22.94	    0.5	 1499.3	    0.0	    0.0	    0.0	    0.0	    0.0	    0.0	    0.0	    0.0	    0.0	  100.0	    0.0	    0.0	    0.0	    0.0	    0.0	   30.2	  1	   50.0	 1450.0	    0.0	    0.0	    0.0	1	   65.6	 21	    0.0	    5.0	
  804	  22.97	    0.5	 1499.3	    0.0	    0.0	    0.0	    0.0	    0.0	    0.0	    0.0	    0.0	    0.0	  100.0	    0.0	    0.0	    0.0	    0.0	    0.0	   30.3	  1	   50.0	 1450.0	    0.0	    0.0	    0.0	1	   65.6	 21	    0.0	    5.0	
  805	  23.00	    0.5	 1499.3	    0.0	    0.0	    0.0	    0.0	    0.0	    0.0	    0.0	    0.0	    0.0	  100.0	    0.0	    0.0	    0.0	    0.0	    0.0	   30.3	  1	   50.0	 1450.0	    0.0	    0.0	    0.0	1	   65.6	 21	    0.0	    5.0	
  806	  23.03	    0.5	 1499.3	    0.0	    0.0	    0.0	    0.0	    0.0	    0.0	    0.0	    0.0	    0.0	  100.0	    0.0	    0.0	    0.0	    0.0	    0.0	   30.3	  1	   50.0	 1450.0	    0.0	    0.0	    0.0	1	   65.6	 21	    0.0	    5.0	
  807	  23.06	    0.5	 1499.3	    0.0	    0.0	    0.0	    0.0	    0.0	    0.0	    0.0	    0.0	    0.0	  100.0	    0.0	    0.0	    0.0	    0.0	    0.0	   30.4	  1	   50.0	 1450.0	    0.0	    0.0	    0.0	1	   65.6	 21	    0.0	    5.0	
  808	  23.09	    0.5	 1499.3	    0.0	    0.0	    0.0	    0.0	    0.0	    0.0	    0.0	    0.0	    0.0	  100.0	    0.0	    0.0	    0.0	    0.0	    0.0	   30.4	  1	   50.0	 1450.0	    0.0	    0.0	    0.0	1	   65.6	 21	    0.0	    5.0	
  809	  23.11	    0.5	 1499.3	    0.0	    0.0	    0.0	    0.0	    0.0	    0.0	    0.0	    0.0	    0.0	  100.0	    0.0	    0.0	    0.0	    0.0	    0.0	   30.4	  1	   50.0	 1450.0	    0.0	    0.0	    0.0	1	   65.6	 21	    0.0	    5.0	
  810	  23.14	    0.5	 1499.3	    0.0	    0.0	    0.0	    0.0	    0.0	    0.0	    0.0	    0.0	    0.0	  100.0	    0.0	    0.0	    0.0	    0.0	    0.0	   30.5	  1	   50.0	 1450.0	    0.0	    0.0	    0.0	1	   65.6	 21	    0.0	    5.0	
  811	  23.17	    0.5	 1499.3	    0.0	    0.0	    0.0	    0.0	    0.0	    0.0	    0.0	    0.0	    0.0	  100.0	    0.0	    0.0	    0.0	    0.0	    0.0	   30.5	  1	   50.0	 1450.0	    0.0	    0.0	    0.0	1	   65.6	 21	    0.0	    5.0	
  812	  23.20	    0.5	 1499.3	    0.0	    0.0	    0.0	    0.0	    0.0	    0.0	    0.0	    0.0	    0.0	  100.0	    0.0	    0.0	    0.0	    0.0	    0.0	   30.6	  1	   50.0	 1450.0	    0.0	    0.0	    0.0	1	   65.6	 21	    0.0	    5.0	
  813	  23.23	    0.5	 1499.3	    0.0	    0.0	    0.0	    0.0	    0.0	    0.0	    0.0	    0.0	    0.0	  100.0	    0.0	    0.0	    0.0	    0.0	    0.0	   30.6	  1	   50.0	 1450.0	    0.0	    0.0	    0.0	1	   65.6	 21	    0.0	    5.0	
  814	  23.26	    0.5	 1499.3	    0.0	    0.0	    0.0	    0.0	    0.0	    0.0	    0.0	    0.0	    0.0	  100.0	    0.0	    0.0	    0.0	    0.0	    0.0	   30.6	  1	   50.0	 1450.0	    0.0	    0.0	    0.0	1	   65.6	 21	    0.0	    5.0	
  815	  23.29	    0.5	 1499.3	    0.0	    0.0	    0.0	    0.0	    0.0	    0.0	    0.0	    0.0	    0.0	  100.0	    0.0	    0.0	    0.0	    0.0	    0.0	   30.7	  1	   50.0	 1450.0	    0.0	    0.0	    0.0	1	   65.6	 21	    0.0	    5.0	
  816	  23.32	    0.5	 1499.3	    0.0	    0.0	    0.0	    0.0	    0.0	    0.0	    0.0	    0.0	    0.0	  100.0	    0.0	    0.0	    0.0	    0.0	    0.0	   30.7	  1	   50.0	 1450.0	    0.0	    0.0	    0.0	1	   65.6	 21	    0.0	    5.0	
  817	  23.34	    0.5	 1499.3	    0.0	    0.0	    0.0	    0.0	    0.0	    0.0	    0.0	    0.0	    0.0	  100.0	    0.0	    0.0	    0.0	    0.0	    0.0	   30.7	  1	   50.0	 1450.0	    0.0	    0.0	    0.0	1	   65.6	 21	    0.0	    5.0	
  818	  23.37	    0.5	 1499.3	    0.0	    0.0	    0.0	    0.0	    0.0	    0.0	    0.0	    0.0	    0.0	  100.0	    0.0	    0.0	    0.0	    0.0	    0.0	   30.8	  1	   50.0	 1450.0	    0.0	    0.0	    0.0	1	   65.6	 21	    0.0	    5.0	
  819	  23.40	    0.5	 1499.3	    0.0	    0.0	    0.0	    0.0	    0.0	    0.0	    0.0	    0.0	    0.0	  100.0	    0.0	    0.0	    0.0	    0.0	    0.0	   30.8	  1	   50.0	 1450.0	    0.0	    0.0	    0.0	1	   65.6	 21	    0.0	    5.0	
  820	  23.43	    0.5	 1499.3	    0.0	    0.0	    0.0	    0.0	    0.0	    0.0	    0.0	    0.0	    0.0	  100.0	    0.0	    0.0	    0.0	    0.0	    0.0	   30.9	  1	   50.0	 1450.0	    0.0	    0.0	    0.0	1	   65.6	 21	    0.0	    5.0	
  821	  23.46	    0.5	 1499.3	    0.0	    0.0	    0.0	    0.0	    0.0	    0.0	    0.0	    0.0	    0.0	  100.0	    0.0	    0.0	    0.0	    0.0	    0.0	   30.9	  1	   50.0	 1450.0	    0.0	    0.0	    0.0	1	   65.6	 21	    0.0	    5.0	
  822	  23.49	    0.5	 1499.3	    0.0	    0.0	    0.0	    0.0	    0.0	    0.0	    0.0	    0.0	    0.0	  100.0	    0.0	    0.0	    0.0	    0.0	    0.0	   30.9	  1	   50.0	 1450.0	    0.0	    0.0	    0.0	1	   65.6	 21	    0.0	    5.0	
  823	  23.52	    0.5	 1499.3	    0.0	    0.0	    0.0	    0.0	    0.0	    0.0	    0.0	    0.0	    0.0	  100.0	    0.0	    0.0	    0.0	    0.0	    0.0	   31.0	  1	   50.0	 1450.0	    0.0	    0.0	    0.0	1	   65.6	 21	    0.0	    5.0	
  824	  23.54	    0.5	 1499.3	    0.0	    0.0	    0.0	    0.0	    0.0	    0.0	    0.0	    0.0	    0.0	  100.0	    0.0	    0.0	    0.0	    0.0	    0.0	   31.0	  1	   50.0	 1450.0	    0.0	    0.0	    0.0	1	   65.6	 21	    0.0	    5.0	
  825	  23.57	    0.5	 1499.3	    0.0	    0.0	    0.0	    0.0	    0.0	    0.0	    0.0	    0.0	    0.0	  100.0	    0.0	    0.0	    0.0	    0.0	    0.0	   31.1	  1	   50.0	 1450.0	    0.0	    0.0	    0.0	1	   65.6	 21	    0.0	    5.0	
  826	  23.60	    0.5	 1499.3	    0.0	    0.0	    0.0	    0.0	    0.0	    0.0	    0.0	    0.0	    0.0	  100.0	    0.0	    0.0	    0.0	    0.0	    0.0	   31.1	  1	   50.0	 1450.0	    0.0	    0.0	    0.0	1	   65.6	 21	    0.0	    5.0	
  827	  23.63	    0.5	 1499.3	    0.0	    0.0	    0.0	    0.0	    0.0	    0.0	    0.0	    0.0	    0.0	  100.0	    0.0	    0.0	    0.0	    0.0	    0.0	   31.1	  1	   50.0	 1450.0	    0.0	    0.0	    0.0	1	   65.6	 21	    0.0	    5.0	
  828	  23.66	    0.5	 1499.3	    0.0	    0.0	    0.0	    0.0	    0.0	    0.0	    0.0	    0.0	    0.0	  100.0	    0.0	    0.0	    0.0	    0.0	    0.0	   31.2	  1	   50.0	 1450.0	    0.0	    0.0	    0.0	1	   65.6	 21	    0.0	    5.0	
  829	  23.69	    0.5	 1499.3	    0.0	    0.0	    0.0	    0.0	    0.0	    0.0	    0.0	    0.0	    0.0	  100.0	    0.0	    0.0	    0.0	    0.0	    0.0	   31.2	  1	   50.0	 1450.0	    0.0	    0.0	    0.0	1	   65.6	 21	    0.0	    5.0	
  830	  23.71	    0.5	 1499.3	    0.0	    0.0	    0.0	    0.0	    0.0	    0.0	    0.0	    0.0	    0.0	  100.0	    0.0	    0.0	    0.0	    0.0	    0.0	   31.2	  1	   50.0	 1450.0	    0.0	    0.0	    0.0	1	   65.6	 21	    0.0	    5.0	
  831	  23.74	    0.5	 1499.3	    0.0	    0.0	    0.0	    0.0	    0.0	    0.0	    0.0	    0.0	    0.0	  100.0	    0.0	    0.0	    0.0	    0.0	    0.0	   31.3	  1	   50.0	 1450.0	    0.0	    0.0	    0.0	1	   65.6	 21	    0.0	    5.0	
  832	  23.77	    0.5	 1499.3	    0.0	    0.0	    0.0	    0.0	    0.0	    0.0	    0.0	    0.0	    0.0	  100.0	    0.0	    0.0	    0.0	    0.0	    0.0	   31.3	  1	   50.0	 1450.0	    0.0	    0.0	    0.0	1	   65.6	 21	    0.0	    5.0	
  833	  23.80	    0.5	 1499.3	    0.0	    0.0	    0.0	    0.0	    0.0	    0.0	    0.0	    0.0	    0.0	  100.0	    0.0	    0.0	    0.0	    0.0	    0.0	   31.4	  1	   50.0	 1450.0	    0.0	    0.0	    0.0	1	   65.6	 21	    0.0	    5.0	
  834	  23.83	    0.5	 1499.3	    0.0	    0.0	    0.0	    0.0	    0.0	    0.0	    0.0	    0.0	    0.0	  100.0	    0.0	    0.0	    0.0	    0.0	    0.0	   31.4	  1	   50.0	 1450.0	    0.0	    0.0	    0.0	1	   65.6	 21	    0.0	    5.0	
  835	  23.86	    0.5	 1499.3	    0.0	    0.0	    0.0	    0.0	    0.0	    0.0	    0.0	    0.0	    0.0	  100.0	    0.0	    0.0	    0.0	    0.0	    0.0	   31.4	  1	   50.0	 1450.0	    0.0	    0.0	    0.0	1	   65.6	 21	    0.0	    5.0	
  836	  23.89	    0.5	 1499.3	    0.0	    0.0	    0.0	    0.0	    0.0	    0.0	    0.0	    0.0	    0.0	  100.0	    0.0	    0.0	    0.0	    0.0	    0.0	   31.5	  1	   50.0	 1450.0	    0.0	    0.0	    0.0	1	   65.6	 21	    0.0	    5.0	
  837	  23.91	    0.5	 1499.3	    0.0	    0.0	    0.0	    0.0	    0.0	    0.0	    0.0	    0.0	    0.0	  100.0	    0.0	    0.0	    0.0	    0.0	    0.0	   31.5	  1	   50.0	 1450.0	    0.0	    0.0	    0.0	1	   65.6	 21	    0.0	    5.0	
  838	  23.94	    0.5	 1499.3	    0.0	    0.0	    0.0	    0.0	    0.0	    0.0	    0.0	    0.0	    0.0	  100.0	    0.0	    0.0	    0.0	    0.0	    0.0	   31.5	  1	   50.0	 1450.0	    0.0	    0.0	    0.0	1	   65.6	 21	    0.0	    5.0	
  839	  23.97	    0.5	 1499.3	    0.0	    0.0	    0.0	    0.0	    0.0	    0.0	    0.0	    0.0	    0.0	  100.0	    0.0	    0.0	    0.0	    0.0	    0.0	   31.6	  1	   50.0	 1450.0	    0.0	    0.0	    0.0	1	   65.6	 21	    0.0	    5.0	
  840	  24.00	    0.5	 1499.3	    0.0	    0.0	    0.0	    0.0	    0.0	    0.0	    0.0	    0.0	    0.0	  100.0	    0.0	    0.0	    0.0	    0.0	    0.0	   31.6	  1	   50.0	 1450.0	    0.0	    0.0	    0.0	1	   65.6	 21	    0.0	    5.0	
  841	  24.03	    0.5	 1499.3	    0.0	    0.0	    0.0	    0.0	    0.0	    0.0	    0.0	    0.0	    0.0	  100.0	    0.0	    0.0	    0.0	    0.0	    0.0	   31.7	  1	   50.0	 1450.0	    0.0	    0.0	    0.0	1	   65.6	 21	    0.0	    5.0	
  842	  24.06	    0.5	 1499.3	    0.0	    0.0	    0.0	    0.0	    0.0	    0.0	    0.0	    0.0	    0.0	  100.0	    0.0	    0.0	    0.0	    0.0	    0.0	   31.7	  1	   50.0	 1450.0	    0.0	    0.0	    0.0	1	   65.6	 21	    0.0	    5.0	
  843	  24.09	    0.5	 1499.3	    0.0	    0.0	    0.0	    0.0	    0.0	    0.0	    0.0	    0.0	    0.0	  100.0	    0.0	    0.0	    0.0	    0.0	    0.0	   31.7	  1	   50.0	 1450.0	    0.0	    0.0	    0.0	1	   65.6	 21	    0.0	    5.0	
  844	  24.11	    0.5	 1499.3	    0.0	    0.0	    0.0	    0.0	    0.0	    0.0	    0.0	    0.0	    0.0	  100.0	    0.0	    0.0	    0.0	    0.0	    0.0	   31.8	  1	   50.0	 1450.0	    0.0	    0.0	    0.0	1	   65.6	 21	    0.0	    5.0	
  845	  24.14	    0.5	 1499.3	    0.0	    0.0	    0.0	    0.0	    0.0	    0.0	    0.0	    0.0	    0.0	  100.0	    0.0	    0.0	    0.0	    0.0	    0.0	   31.8	  1	   50.0	 1450.0	    0.0	    0.0	    0.0	1	   65.6	 21	    0.0	    5.0	
  846	  24.17	    0.5	 1499.3	    0.0	    0.0	    0.0	    0.0	    0.0	    0.0	    0.0	    0.0	    0.0	  100.0	    0.0	    0.0	    0.0	    0.0	    0.0	   31.8	  1	   50.0	 1450.0	    0.0	    0.0	    0.0	1	   65.6	 21	    0.0	    5.0	
  847	  24.20	    0.5	 1499.3	    0.0	    0.0	    0.0	    0.0	    0.0	    0.0	    0.0	    0.0	    0.0	  100.0	    0.0	    0.0	    0.0	    0.0	    0.0	   31.9	  1	   50.0	 1450.0	    0.0	    0.0	    0.0	1	   65.6	 21	    0.0	    5.0	
  848	  24.23	    0.5	 1499.3	    0.0	    0.0	    0.0	    0.0	    0.0	    0.0	    0.0	    0.0	    0.0	  100.0	    0.0	    0.0	    0.0	    0.0	    0.0	   31.9	  1	   50.0	 1450.0	    0.0	    0.0	    0.0	1	   65.6	 21	    0.0	    5.0	
  849	  24.26	    0.5	 1499.3	    0.0	    0.0	    0.0	    0.0	    0.0	    0.0	    0.0	    0.0	    0.0	  100.0	    0.0	    0.0	    0.0	    0.0	    0.0	   32.0	  1	   50.0	 1450.0	    0.0	    0.0	    0.0	1	   65.6	 21	    0.0	    5.0	
  850	  24.29	    0.5	 1499.3	    0.0	    0.0	    0.0	    0.0	    0.0	    0.0	    0.0	    0.0	    0.0	  100.0	    0.0	    0.0	    0.0	    0.0	    0.0	   32.0	  1	   50.0	 1450.0	    0.0	    0.0	    0.0	1	   65.6	 21	    0.0	    5.0	
  851	  24.32	    0.5	 1499.3	    0.0	    0.0	    0.0	    0.0	    0.0	    0.0	    0.0	    0.0	    0.0	  100.0	    0.0	    0.0	    0.0	    0.0	    0.0	   32.0	  1	   50.0	 1450.0	    0.0	    0.0	    0.0	1	   65.6	 21	    0.0	    5.0	
  852	  24.34	    0.5	 1499.3	    0.0	    0.0	    0.0	    0.0	    0.0	    0.0	    0.0	    0.0	    0.0	  100.0	    0.0	    0.0	    0.0	    0.0	    0.0	   32.1	  1	   50.0	 1450.0	    0.0	    0.0	    0.0	1	   65.6	 21	    0.0	    5.0	
  853	  24.37	    0.5	 1499.3	    0.0	    0.0	    0.0	    0.0	    0.0	    0.0	    0.0	    0.0	    0.0	  100.0	    0.0	    0.0	    0.0	    0.0	    0.0	   32.1	  1	   50.0	 1450.0	    0.0	    0.0	    0.0	1	   65.6	 21	    0.0	    5.0	
  854	  24.40	    0.5	 1499.3	    0.0	    0.0	    0.0	    0.0	    0.0	    0.0	    0.0	    0.0	    0.0	  100.0	    0.0	    0.0	    0.0	    0.0	    0.0	   32.2	  1	   50.0	 1450.0	    0.0	    0.0	    0.0	1	   65.6	 21	    0.0	    5.0	
  855	  24.43	    0.5	 1499.3	    0.0	    0.0	    0.0	    0.0	    0.0	    0.0	    0.0	    0.0	    0.0	  100.0	    0.0	    0.0	    0.0	    0.0	    0.0	   32.2	  1	   50.0	 1450.0	    0.0	    0.0	    0.0	1	   65.6	 21	    0.0	    5.0	
  856	  24.46	    0.5	 1499.3	    0.0	    0.0	    0.0	    0.0	    0.0	    0.0	    0.0	    0.0	    0.0	  100.0	    0.0	    0.0	    0.0	    0.0	    0.0	   32.2	  1	   50.0	 1450.0	    0.0	    0.0	    0.0	1	   65.6	 21	    0.0	    5.0	
  857	  24.49	    0.5	 1499.3	    0.0	    0.0	    0.0	    0.0	    0.0	    0.0	    0.0	    0.0	    0.0	  100.0	    0.0	    0.0	    0.0	    0.0	    0.0	   32.3	  1	   50.0	 1450.0	    0.0	    0.0	    0.0	1	   65.6	 21	    0.0	    5.0	
  858	  24.52	    0.5	 1499.3	    0.0	    0.0	    0.0	    0.0	    0.0	    0.0	    0.0	    0.0	    0.0	  100.0	    0.0	    0.0	    0.0	    0.0	    0.0	   32.3	  1	   50.0	 1450.0	    0.0	    0.0	    0.0	1	   65.6	 21	    0.0	    5.0	
  859	  24.54	    0.5	 1499.3	    0.0	    0.0	    0.0	    0.0	    0.0	    0.0	    0.0	    0.0	    0.0	  100.0	    0.0	    0.0	    0.0	    0.0	    0.0	   32.3	  1	   50.0	 1450.0	    0.0	    0.0	    0.0	1	   65.6	 21	    0.0	    5.0	
  860	  24.57	    0.5	 1499.3	    0.0	    0.0	    0.0	    0.0	    0.0	    0.0	    0.0	    0.0	    0.0	  100.0	    0.0	    0.0	    0.0	    0.0	    0.0	   32.4	  1	   50.0	 1450.0	    0.0	    0.0	    0.0	1	   65.6	 21	    0.0	    5.0	
  861	  24.60	    0.5	 1499.3	    0.0	    0.0	    0.0	    0.0	    0.0	    0.0	    0.0	    0.0	    0.0	  100.0	    0.0	    0.0	    0.0	    0.0	    0.0	   32.4	  1	   50.0	 1450.0	    0.0	    0.0	    0.0	1	   65.6	 21	    0.0	    5.0	
  862	  24.63	    0.5	 1499.3	    0.0	    0.0	    0.0	    0.0	    0.0	    0.0	    0.0	    0.0	    0.0	  100.0	    0.0	    0.0	    0.0	    0.0	    0.0	   32.5	  1	   50.0	 1450.0	    0.0	    0.0	    0.0	1	   65.6	 21	    0.0	    5.0	
  863	  24.66	    0.5	 1499.3	    0.0	    0.0	    0.0	    0.0	    0.0	    0.0	    0.0	    0.0	    0.0	  100.0	    0.0	    0.0	    0.0	    0.0	    0.0	   32.5	  1	   50.0	 1450.0	    0.0	    0.0	    0.0	1	   65.6	 21	    0.0	    5.0	
  864	  24.69	    0.5	 1499.3	    0.0	    0.0	    0.0	    0.0	    0.0	    0.0	    0.0	    0.0	    0.0	  100.0	    0.0	    0.0	    0.0	    0.0	    0.0	   32.5	  1	   50.0	 1450.0	    0.0	    0.0	    0.0	1	   65.6	 21	    0.0	    5.0	
  865	  24.71	    0.5	 1499.3	    0.0	    0.0	    0.0	    0.0	    0.0	    0.0	    0.0	    0.0	    0.0	  100.0	    0.0	    0.0	    0.0	    0.0	    0.0	   32.6	  1	   50.0	 1450.0	    0.0	    0.0	    0.0	1	   65.6	 21	    0.0	    5.0	
  866	  24.74	    0.5	 1499.3	    0.0	    0.0	    0.0	    0.0	    0.0	    0.0	    0.0	    0.0	    0.0	  100.0	    0.0	    0.0	    0.0	    0.0	    0.0	   32.6	  1	   50.0	 1450.0	    0.0	    0.0	    0.0	1	   65.6	 21	    0.0	    5.0	
  867	  24.77	    0.5	 1499.3	    0.0	    0.0	    0.0	    0.0	    0.0	    0.0	    0.0	    0.0	    0.0	  100.0	    0.0	    0.0	    0.0	    0.0	    0.0	   32.6	  1	   50.0	 1450.0	    0.0	    0.0	    0.0	1	   65.6	 21	    0.0	    5.0	
  868	  24.80	    0.5	 1499.3	    0.0	    0.0	    0.0	    0.0	    0.0	    0.0	    0.0	    0.0	    0.0	  100.0	    0.0	    0.0	    0.0	    0.0	    0.0	   32.7	  1	   50.0	 1450.0	    0.0	    0.0	    0.0	1	   65.6	 21	    0.0	    5.0	
  869	  24.83	    0.5	 1499.3	    0.0	    0.0	    0.0	    0.0	    0.0	    0.0	    0.0	    0.0	    0.0	  100.0	    0.0	    0.0	    0.0	    0.0	    0.0	   32.7	  1	   50.0	 1450.0	    0.0	    0.0	    0.0	1	   65.6	 21	    0.0	    5.0	
  870	  24.86	    0.5	 1499.3	    0.0	    0.0	    0.0	    0.0	    0.0	    0.0	    0.0	    0.0	    0.0	  100.0	    0.0	    0.0	    0.0	    0.0	    0.0	   32.8	  1	   50.0	 1450.0	    0.0	    0.0	    0.0	1	   65.6	 21	    0.0	    5.0	
  871	  24.89	    0.5	 1499.3	    0.0	    0.0	    0.0	    0.0	    0.0	    0.0	    0.0	    0.0	    0.0	  100.0	    0.0	    0.0	    0.0	    0.0	    0.0	   32.8	  1	   50.0	 1450.0	    0.0	    0.0	    0.0	1	   65.6	 21	    0.0	    5.0	
  872	  24.91	    0.5	 1499.3	    0.0	    0.0	    0.0	    0.0	    0.0	    0.0	    0.0	    0.0	    0.0	  100.0	    0.0	    0.0	    0.0	    0.0	    0.0	   32.8	  1	   50.0	 1450.0	    0.0	    0.0	    0.0	1	   65.6	 21	    0.0	    5.0	
  873	  24.94	    0.5	 1499.3	    0.0	    0.0	    0.0	    0.0	    0.0	    0.0	    0.0	    0.0	    0.0	  100.0	    0.0	    0.0	    0.0	    0.0	    0.0	   32.9	  1	   50.0	 1450.0	    0.0	    0.0	    0.0	1	   65.6	 21	    0.0	    5.0	
  874	  24.97	    0.5	 1499.3	    0.0	    0.0	    0.0	    0.0	    0.0	    0.0	    0.0	    0.0	    0.0	  100.0	    0.0	    0.0	    0.0	    0.0	    0.0	   32.9	  1	   50.0	 1450.0	    0.0	    0.0	    0.0	1	   65.6	 21	    0.0	    5.0	
  875	  25.00	    0.5	 1499.3	    0.0	    0.0	    0.0	    0.0	    0.0	    0.0	    0.0	    0.0	    0.0	  100.0	    0.0	    0.0	    0.0	    0.0	    0.0	   33.0	  1	   50.0	 1450.0	    0.0	    0.0	    0.0	1	   65.6	 21	    0.0	    5.0	
  876	  25.03	    0.5	 1499.3	    0.0	    0.0	    0.0	    0.0	    0.0	    0.0	    0.0	    0.0	    0.0	  100.0	    0.0	    0.0	    0.0	    0.0	    0.0	   33.0	  1	   50.0	 1450.0	    0.0	    0.0	    0.0	1	   65.6	 21	    0.0	    5.0	
  877	  25.06	    0.5	 1499.3	    0.0	    0.0	    0.0	    0.0	    0.0	    0.0	    0.0	    0.0	    0.0	  100.0	    0.0	    0.0	    0.0	    0.0	    0.0	   33.0	  1	   50.0	 1450.0	    0.0	    0.0	    0.0	1	   65.6	 21	    0.0	    5.0	
  878	  25.09	    0.5	 1499.3	    0.0	    0.0	    0.0	    0.0	    0.0	    0.0	    0.0	    0.0	    0.0	  100.0	    0.0	    0.0	    0.0	    0.0	    0.0	   33.1	  1	   50.0	 1450.0	    0.0	    0.0	    0.0	1	   65.6	 21	    0.0	    5.0	
  879	  25.11	    0.5	 1499.3	    0.0	    0.0	    0.0	    0.0	    0.0	    0.0	    0.0	    0.0	    0.0	  100.0	    0.0	    0.0	    0.0	    0.0	    0.0	   33.1	  1	   50.0	 1450.0	    0.0	    0.0	    0.0	1	   65.6	 21	    0.0	    5.0	
  880	  25.14	    0.5	 1499.3	    0.0	    0.0	    0.0	    0.0	    0.0	    0.0	    0.0	    0.0	    0.0	  100.0	    0.0	    0.0	    0.0	    0.0	    0.0	   33.1	  1	   50.0	 1450.0	    0.0	    0.0	    0.0	1	   65.6	 21	    0.0	    5.0	
  881	  25.17	    0.5	 1499.3	    0.0	    0.0	    0.0	    0.0	    0.0	    0.0	    0.0	    0.0	    0.0	  100.0	    0.0	    0.0	    0.0	    0.0	    0.0	   33.2	  1	   50.0	 1450.0	    0.0	    0.0	    0.0	1	   65.6	 21	    0.0	    5.0	
  882	  25.20	    0.5	 1499.3	    0.0	    0.0	    0.0	    0.0	    0.0	    0.0	    0.0	    0.0	    0.0	  100.0	    0.0	    0.0	    0.0	    0.0	    0.0	   33.2	  1	   50.0	 1450.0	    0.0	    0.0	    0.0	1	   65.6	 21	    0.0	    5.0	
  883	  25.23	    0.5	 1499.3	    0.0	    0.0	    0.0	    0.0	    0.0	    0.0	    0.0	    0.0	    0.0	  100.0	    0.0	    0.0	    0.0	    0.0	    0.0	   33.3	  1	   50.0	 1450.0	    0.0	    0.0	    0.0	1	   65.6	 21	    0.0	    5.0	
  884	  25.26	    0.5	 1499.3	    0.0	    0.0	    0.0	    0.0	    0.0	    0.0	    0.0	    0.0	    0.0	  100.0	    0.0	    0.0	    0.0	    0.0	    0.0	   33.3	  1	   50.0	 1450.0	    0.0	    0.0	    0.0	1	   65.6	 21	    0.0	    5.0	
  885	  25.29	    0.5	 1499.3	    0.0	    0.0	    0.0	    0.0	    0.0	    0.0	    0.0	    0.0	    0.0	  100.0	    0.0	    0.0	    0.0	    0.0	    0.0	   33.3	  1	   50.0	 1450.0	    0.0	    0.0	    0.0	1	   65.6	 21	    0.0	    5.0	
  886	  25.32	    0.5	 1499.3	    0.0	    0.0	    0.0	    0.0	    0.0	    0.0	    0.0	    0.0	    0.0	  100.0	    0.0	    0.0	    0.0	    0.0	    0.0	   33.4	  1	   50.0	 1450.0	    0.0	    0.0	    0.0	1	   65.6	 21	    0.0	    5.0	
  887	  25.34	    0.5	 1499.3	    0.0	    0.0	    0.0	    0.0	    0.0	    0.0	    0.0	    0.0	    0.0	  100.0	    0.0	    0.0	    0.0	    0.0	    0.0	   33.4	  1	   50.0	 1450.0	    0.0	    0.0	    0.0	1	   65.6	 21	    0.0	    5.0	
  888	  25.37	    0.5	 1499.3	    0.0	    0.0	    0.0	    0.0	    0.0	    0.0	    0.0	    0.0	    0.0	  100.0	    0.0	    0.0	    0.0	    0.0	    0.0	   33.4	  1	   50.0	 1450.0	    0.0	    0.0	    0.0	1	   65.6	 21	    0.0	    5.0	
  889	  25.40	    0.5	 1499.3	    0.0	    0.0	    0.0	    0.0	    0.0	    0.0	    0.0	    0.0	    0.0	  100.0	    0.0	    0.0	    0.0	    0.0	    0.0	   33.5	  1	   50.0	 1450.0	    0.0	    0.0	    0.0	1	   65.6	 21	    0.0	    5.0	
  890	  25.43	    0.5	 1499.3	    0.0	    0.0	    0.0	    0.0	    0.0	    0.0	    0.0	    0.0	    0.0	  100.0	    0.0	    0.0	    0.0	    0.0	    0.0	   33.5	  1	   50.0	 1450.0	    0.0	    0.0	    0.0	1	   65.6	 21	    0.0	    5.0	
  891	  25.46	    0.5	 1499.3	    0.0	    0.0	    0.0	    0.0	    0.0	    0.0	    0.0	    0.0	    0.0	  100.0	    0.0	    0.0	    0.0	    0.0	    0.0	   33.6	  1	   50.0	 1450.0	    0.0	    0.0	    0.0	1	   65.6	 21	    0.0	    5.0	
  892	  25.49	    0.5	 1499.3	    0.0	    0.0	    0.0	    0.0	    0.0	    0.0	    0.0	    0.0	    0.0	  100.0	    0.0	    0.0	    0.0	    0.0	    0.0	   33.6	  1	   50.0	 1450.0	    0.0	    0.0	    0.0	1	   65.6	 21	    0.0	    5.0	
  893	  25.52	    0.5	 1499.3	    0.0	    0.0	    0.0	    0.0	    0.0	    0.0	    0.0	    0.0	    0.0	  100.0	    0.0	    0.0	    0.0	    0.0	    0.0	   33.6	  1	   50.0	 1450.0	    0.0	    0.0	    0.0	1	   65.6	 21	    0.0	    5.0	
  894	  25.54	    0.5	 1499.3	    0.0	    0.0	    0.0	    0.0	    0.0	    0.0	    0.0	    0.0	    0.0	  100.0	    0.0	    0.0	    0.0	    0.0	    0.0	   33.7	  1	   50.0	 1450.0	    0.0	    0.0	    0.0	1	   65.6	 21	    0.0	    5.0	
  895	  25.57	    0.5	 1499.3	    0.0	    0.0	    0.0	    0.0	    0.0	    0.0	    0.0	    0.0	    0.0	  100.0	    0.0	    0.0	    0.0	    0.0	    0.0	   33.7	  1	   50.0	 1450.0	    0.0	    0.0	    0.0	1	   65.6	 21	    0.0	    5.0	
  896	  25.60	    0.5	 1499.3	    0.0	    0.0	    0.0	    0.0	    0.0	    0.0	    0.0	    0.0	    0.0	  100.0	    0.0	    0.0	    0.0	    0.0	    0.0	   33.7	  1	   50.0	 1450.0	    0.0	    0.0	    0.0	1	   65.6	 21	    0.0	    5.0	
  897	  25.63	    0.5	 1499.3	    0.0	    0.0	    0.0	    0.0	    0.0	    0.0	    0.0	    0.0	    0.0	  100.0	    0.0	    0.0	    0.0	    0.0	    0.0	   33.8	  1	   50.0	 1450.0	    0.0	    0.0	    0.0	1	   65.6	 21	    0.0	    5.0	
  898	  25.66	    0.5	 1499.3	    0.0	    0.0	    0.0	    0.0	    0.0	    0.0	    0.0	    0.0	    0.0	  100.0	    0.0	    0.0	    0.0	    0.0	    0.0	   33.8	  1	   50.0	 1450.0	    0.0	    0.0	    0.0	1	   65.6	 21	    0.0	    5.0	
  899	  25.69	    0.5	 1499.3	    0.0	    0.0	    0.0	    0.0	    0.0	    0.0	    0.0	    0.0	    0.0	  100.0	    0.0	    0.0	    0.0	    0.0	    0.0	   33.9	  1	   50.0	 1450.0	    0.0	    0.0	    0.0	1	   65.6	 21	    0.0	    5.0	
  900	  25.71	    0.5	 1499.3	    0.0	    0.0	    0.0	    0.0	    0.0	    0.0	    0.0	    0.0	    0.0	  100.0	    0.0	    0.0	    0.0	    0.0	    0.0	   33.9	  1	   50.0	 1450.0	    0.0	    0.0	    0.0	1	   65.6	 21	    0.0	    5.0	
  901	  25.74	    0.5	 1499.3	    0.0	    0.0	    0.0	    0.0	    0.0	    0.0	    0.0	    0.0	    0.0	  100.0	    0.0	    0.0	    0.0	    0.0	    0.0	   33.9	  1	   50.0	 1450.0	    0.0	    0.0	    0.0	1	   65.6	 21	    0.0	    5.0	
  902	  25.77	    0.5	 1499.3	    0.0	    0.0	    0.0	    0.0	    0.0	    0.0	    0.0	    0.0	    0.0	  100.0	    0.0	    0.0	    0.0	    0.0	    0.0	   34.0	  1	   50.0	 1450.0	    0.0	    0.0	    0.0	1	   65.6	 21	    0.0	    5.0	
  903	  25.80	    0.5	 1499.3	    0.0	    0.0	    0.0	    0.0	    0.0	    0.0	    0.0	    0.0	    0.0	  100.0	    0.0	    0.0	    0.0	    0.0	    0.0	   34.0	  1	   50.0	 1450.0	    0.0	    0.0	    0.0	1	   65.6	 21	    0.0	    5.0	
  904	  25.83	    0.5	 1499.3	    0.0	    0.0	    0.0	    0.0	    0.0	    0.0	    0.0	    0.0	    0.0	  100.0	    0.0	    0.0	    0.0	    0.0	    0.0	   34.1	  1	   50.0	 1450.0	    0.0	    0.0	    0.0	1	   65.6	 21	    0.0	    5.0	
  905	  25.86	    0.5	 1499.3	    0.0	    0.0	    0.0	    0.0	    0.0	    0.0	    0.0	    0.0	    0.0	  100.0	    0.0	    0.0	    0.0	    0.0	    0.0	   34.1	  1	   50.0	 1450.0	    0.0	    0.0	    0.0	1	   65.6	 21	    0.0	    5.0	
  906	  25.89	    0.5	 1499.3	    0.0	    0.0	    0.0	    0.0	    0.0	    0.0	    0.0	    0.0	    0.0	  100.0	    0.0	    0.0	    0.0	    0.0	    0.0	   34.1	  1	   50.0	 1450.0	    0.0	    0.0	    0.0	1	   65.6	 21	    0.0	    5.0	
  907	  25.91	    0.5	 1499.3	    0.0	    0.0	    0.0	    0.0	    0.0	    0.0	    0.0	    0.0	    0.0	  100.0	    0.0	    0.0	    0.0	    0.0	    0.0	   34.2	  1	   50.0	 1450.0	    0.0	    0.0	    0.0	1	   65.6	 21	    0.0	    5.0	
  908	  25.94	    0.5	 1499.3	    0.0	    0.0	    0.0	    0.0	    0.0	    0.0	    0.0	    0.0	    0.0	  100.0	    0.0	    0.0	    0.0	    0.0	    0.0	   34.2	  1	   50.0	 1450.0	    0.0	    0.0	    0.0	1	   65.6	 21	    0.0	    5.0	
  909	  25.97	    0.5	 1499.3	    0.0	    0.0	    0.0	    0.0	    0.0	    0.0	    0.0	    0.0	    0.0	  100.0	    0.0	    0.0	    0.0	    0.0	    0.0	   34.2	  1	   50.0	 1450.0	    0.0	    0.0	    0.0	1	   65.6	 21	    0.0	    5.0	
  910	  26.00	    0.5	 1499.3	    0.0	    0.0	    0.0	    0.0	    0.0	    0.0	    0.0	    0.0	    0.0	  100.0	    0.0	    0.0	    0.0	    0.0	    0.0	   34.3	  1	   50.0	 1450.0	    0.0	    0.0	    0.0	1	   65.6	 21	    0.0	    5.0	
  911	  26.03	    0.5	 1499.3	    0.0	    0.0	    0.0	    0.0	    0.0	    0.0	    0.0	    0.0	    0.0	  100.0	    0.0	    0.0	    0.0	    0.0	    0.0	   34.3	  1	   50.0	 1450.0	    0.0	    0.0	    0.0	1	   65.6	 21	    0.0	    5.0	
  912	  26.06	    0.5	 1499.3	    0.0	    0.0	    0.0	    0.0	    0.0	    0.0	    0.0	    0.0	    0.0	  100.0	    0.0	    0.0	    0.0	    0.0	    0.0	   34.4	  1	   50.0	 1450.0	    0.0	    0.0	    0.0	1	   65.6	 21	    0.0	    5.0	
  913	  26.09	    0.5	 1499.3	    0.0	    0.0	    0.0	    0.0	    0.0	    0.0	    0.0	    0.0	    0.0	  100.0	    0.0	    0.0	    0.0	    0.0	    0.0	   34.4	  1	   50.0	 1450.0	    0.0	    0.0	    0.0	1	   65.6	 21	    0.0	    5.0	
  914	  26.11	    0.5	 1499.3	    0.0	    0.0	    0.0	    0.0	    0.0	    0.0	    0.0	    0.0	    0.0	  100.0	    0.0	    0.0	    0.0	    0.0	    0.0	   34.4	  1	   50.0	 1450.0	    0.0	    0.0	    0.0	1	   65.6	 21	    0.0	    5.0	
  915	  26.14	    0.5	 1499.3	    0.0	    0.0	    0.0	    0.0	    0.0	    0.0	    0.0	    0.0	    0.0	  100.0	    0.0	    0.0	    0.0	    0.0	    0.0	   34.5	  1	   50.0	 1450.0	    0.0	    0.0	    0.0	1	   65.6	 21	    0.0	    5.0	
  916	  26.17	    0.5	 1499.3	    0.0	    0.0	    0.0	    0.0	    0.0	    0.0	    0.0	    0.0	    0.0	  100.0	    0.0	    0.0	    0.0	    0.0	    0.0	   34.5	  1	   50.0	 1450.0	    0.0	    0.0	    0.0	1	   65.6	 21	    0.0	    5.0	
  917	  26.20	    0.5	 1499.3	    0.0	    0.0	    0.0	    0.0	    0.0	    0.0	    0.0	    0.0	    0.0	  100.0	    0.0	    0.0	    0.0	    0.0	    0.0	   34.5	  1	   50.0	 1450.0	    0.0	    0.0	    0.0	1	   65.6	 21	    0.0	    5.0	
  918	  26.23	    0.5	 1499.3	    0.0	    0.0	    0.0	    0.0	    0.0	    0.0	    0.0	    0.0	    0.0	  100.0	    0.0	    0.0	    0.0	    0.0	    0.0	   34.6	  1	   50.0	 1450.0	    0.0	    0.0	    0.0	1	   65.6	 21	    0.0	    5.0	
  919	  26.26	    0.5	 1499.3	    0.0	    0.0	    0.0	    0.0	    0.0	    0.0	    0.0	    0.0	    0.0	  100.0	    0.0	    0.0	    0.0	    0.0	    0.0	   34.6	  1	   50.0	 1450.0	    0.0	    0.0	    0.0	1	   65.6	 21	    0.0	    5.0	
  920	  26.29	    0.5	 1499.3	    0.0	    0.0	    0.0	    0.0	    0.0	    0.0	    0.0	    0.0	    0.0	  100.0	    0.0	    0.0	    0.0	    0.0	    0.0	   34.7	  1	   50.0	 1450.0	    0.0	    0.0	    0.0	1	   65.6	 21	    0.0	    5.0	
  921	  26.32	    0.5	 1499.3	    0.0	    0.0	    0.0	    0.0	    0.0	    0.0	    0.0	    0.0	    0.0	  100.0	    0.0	    0.0	    0.0	    0.0	    0.0	   34.7	  1	   50.0	 1450.0	    0.0	    0.0	    0.0	1	   65.6	 21	    0.0	    5.0	
  922	  26.34	    0.5	 1499.3	    0.0	    0.0	    0.0	    0.0	    0.0	    0.0	    0.0	    0.0	    0.0	  100.0	    0.0	    0.0	    0.0	    0.0	    0.0	   34.7	  1	   50.0	 1450.0	    0.0	    0.0	    0.0	1	   65.6	 21	    0.0	    5.0	
  923	  26.37	    0.5	 1499.3	    0.0	    0.0	    0.0	    0.0	    0.0	    0.0	    0.0	    0.0	    0.0	  100.0	    0.0	    0.0	    0.0	    0.0	    0.0	   34.8	  1	   50.0	 1450.0	    0.0	    0.0	    0.0	1	   65.6	 21	    0.0	    5.0	
  924	  26.40	    0.5	 1499.3	    0.0	    0.0	    0.0	    0.0	    0.0	    0.0	    0.0	    0.0	    0.0	  100.0	    0.0	    0.0	    0.0	    0.0	    0.0	   34.8	  1	   50.0	 1450.0	    0.0	    0.0	    0.0	1	   65.6	 21	    0.0	    5.0	
  925	  26.43	    0.5	 1499.3	    0.0	    0.0	    0.0	    0.0	    0.0	    0.0	    0.0	    0.0	    0.0	  100.0	    0.0	    0.0	    0.0	    0.0	    0.0	   34.9	  1	   50.0	 1450.0	    0.0	    0.0	    0.0	1	   65.6	 21	    0.0	    5.0	
  926	  26.46	    0.5	 1499.3	    0.0	    0.0	    0.0	    0.0	    0.0	    0.0	    0.0	    0.0	    0.0	  100.0	    0.0	    0.0	    0.0	    0.0	    0.0	   34.9	  1	   50.0	 1450.0	    0.0	    0.0	    0.0	1	   65.6	 21	    0.0	    5.0	
  927	  26.49	    0.5	 1499.3	    0.0	    0.0	    0.0	    0.0	    0.0	    0.0	    0.0	    0.0	    0.0	  100.0	    0.0	    0.0	    0.0	    0.0	    0.0	   34.9	  1	   50.0	 1450.0	    0.0	    0.0	    0.0	1	   65.6	 21	    0.0	    5.0	
  928	  26.52	    0.5	 1499.3	    0.0	    0.0	    0.0	    0.0	    0.0	    0.0	    0.0	    0.0	    0.0	  100.0	    0.0	    0.0	    0.0	    0.0	    0.0	   35.0	  1	   50.0	 1450.0	    0.0	    0.0	    0.0	1	   65.6	 21	    0.0	    5.0	
  929	  26.54	    0.5	 1499.3	    0.0	    0.0	    0.0	    0.0	    0.0	    0.0	    0.0	    0.0	    0.0	  100.0	    0.0	    0.0	    0.0	    0.0	    0.0	   35.0	  1	   50.0	 1450.0	    0.0	    0.0	    0.0	1	   65.6	 21	    0.0	    5.0	
  930	  26.57	    0.5	 1499.3	    0.0	    0.0	    0.0	    0.0	    0.0	    0.0	    0.0	    0.0	    0.0	  100.0	    0.0	    0.0	    0.0	    0.0	    0.0	   35.0	  1	   50.0	 1450.0	    0.0	    0.0	    0.0	1	   65.6	 21	    0.0	    5.0	
  931	  26.60	    0.5	 1499.3	    0.0	    0.0	    0.0	    0.0	    0.0	    0.0	    0.0	    0.0	    0.0	  100.0	    0.0	    0.0	    0.0	    0.0	    0.0	   35.1	  1	   50.0	 1450.0	    0.0	    0.0	    0.0	1	   65.6	 21	    0.0	    5.0	
  932	  26.63	    0.5	 1499.3	    0.0	    0.0	    0.0	    0.0	    0.0	    0.0	    0.0	    0.0	    0.0	  100.0	    0.0	    0.0	    0.0	    0.0	    0.0	   35.1	  1	   50.0	 1450.0	    0.0	    0.0	    0.0	1	   65.6	 21	    0.0	    5.0	
  933	  26.66	    0.5	 1499.3	    0.0	    0.0	    0.0	    0.0	    0.0	    0.0	    0.0	    0.0	    0.0	  100.0	    0.0	    0.0	    0.0	    0.0	    0.0	   35.2	  1	   50.0	 1450.0	    0.0	    0.0	    0.0	1	   65.6	 21	    0.0	    5.0	
  934	  26.69	    0.5	 1499.3	    0.0	    0.0	    0.0	    0.0	    0.0	    0.0	    0.0	    0.0	    0.0	  100.0	    0.0	    0.0	    0.0	    0.0	    0.0	   35.2	  1	   50.0	 1450.0	    0.0	    0.0	    0.0	1	   65.6	 21	    0.0	    5.0	
  935	  26.71	    0.5	 1499.3	    0.0	    0.0	    0.0	    0.0	    0.0	    0.0	    0.0	    0.0	    0.0	  100.0	    0.0	    0.0	    0.0	    0.0	    0.0	   35.2	  1	   50.0	 1450.0	    0.0	    0.0	    0.0	1	   65.6	 21	    0.0	    5.0	
  936	  26.74	    0.5	 1499.3	    0.0	    0.0	    0.0	    0.0	    0.0	    0.0	    0.0	    0.0	    0.0	  100.0	    0.0	    0.0	    0.0	    0.0	    0.0	   35.3	  1	   50.0	 1450.0	    0.0	    0.0	    0.0	1	   65.6	 21	    0.0	    5.0	
  937	  26.77	    0.5	 1499.3	    0.0	    0.0	    0.0	    0.0	    0.0	    0.0	    0.0	    0.0	    0.0	  100.0	    0.0	    0.0	    0.0	    0.0	    0.0	   35.3	  1	   50.0	 1450.0	    0.0	    0.0	    0.0	1	   65.6	 21	    0.0	    5.0	
  938	  26.80	    0.5	 1499.3	    0.0	    0.0	    0.0	    0.0	    0.0	    0.0	    0.0	    0.0	    0.0	  100.0	    0.0	    0.0	    0.0	    0.0	    0.0	   35.3	  1	   50.0	 1450.0	    0.0	    0.0	    0.0	1	   65.6	 21	    0.0	    5.0	
  939	  26.83	    0.5	 1499.3	    0.0	    0.0	    0.0	    0.0	    0.0	    0.0	    0.0	    0.0	    0.0	  100.0	    0.0	    0.0	    0.0	    0.0	    0.0	   35.4	  1	   50.0	 1450.0	    0.0	    0.0	    0.0	1	   65.6	 21	    0.0	    5.0	
  940	  26.86	    0.5	 1499.3	    0.0	    0.0	    0.0	    0.0	    0.0	    0.0	    0.0	    0.0	    0.0	  100.0	    0.0	    0.0	    0.0	    0.0	    0.0	   35.4	  1	   50.0	 1450.0	    0.0	    0.0	    0.0	1	   65.6	 21	    0.0	    5.0	
  941	  26.89	    0.5	 1499.3	    0.0	    0.0	    0.0	    0.0	    0.0	    0.0	    0.0	    0.0	    0.0	  100.0	    0.0	    0.0	    0.0	    0.0	    0.0	   35.5	  1	   50.0	 1450.0	    0.0	    0.0	    0.0	1	   65.6	 21	    0.0	    5.0	
  942	  26.91	    0.5	 1499.3	    0.0	    0.0	    0.0	    0.0	    0.0	    0.0	    0.0	    0.0	    0.0	  100.0	    0.0	    0.0	    0.0	    0.0	    0.0	   35.5	  1	   50.0	 1450.0	    0.0	    0.0	    0.0	1	   65.6	 21	    0.0	    5.0	
  943	  26.94	    0.5	 1499.3	    0.0	    0.0	    0.0	    0.0	    0.0	    0.0	    0.0	    0.0	    0.0	  100.0	    0.0	    0.0	    0.0	    0.0	    0.0	   35.5	  1	   50.0	 1450.0	    0.0	    0.0	    0.0	1	   65.6	 21	    0.0	    5.0	
  944	  26.97	    0.5	 1499.3	    0.0	    0.0	    0.0	    0.0	    0.0	    0.0	    0.0	    0.0	    0.0	  100.0	    0.0	    0.0	    0.0	    0.0	    0.0	   35.6	  1	   50.0	 1450.0	    0.0	    0.0	    0.0	1	   65.6	 21	    0.0	    5.0	
  945	  27.00	    0.5	 1499.3	    0.0	    0.0	    0.0	    0.0	    0.0	    0.0	    0.0	    0.0	    0.0	  100.0	    0.0	    0.0	    0.0	    0.0	    0.0	   35.6	  1	   50.0	 1450.0	    0.0	    0.0	    0.0	1	   65.6	 21	    0.0	    5.0	
  946	  27.03	    0.5	 1499.3	    0.0	    0.0	    0.0	    0.0	    0.0	    0.0	    0.0	    0.0	    0.0	  100.0	    0.0	    0.0	    0.0	    0.0	    0.0	   35.6	  1	   50.0	 1450.0	    0.0	    0.0	    0.0	1	   65.6	 21	    0.0	    5.0	
  947	  27.06	    0.5	 1499.3	    0.0	    0.0	    0.0	    0.0	    0.0	    0.0	    0.0	    0.0	    0.0	  100.0	    0.0	    0.0	    0.0	    0.0	    0.0	   35.7	  1	   50.0	 1450.0	    0.0	    0.0	    0.0	1	   65.6	 21	    0.0	    5.0	
  948	  27.09	    0.5	 1499.3	    0.0	    0.0	    0.0	    0.0	    0.0	    0.0	    0.0	    0.0	    0.0	  100.0	    0.0	    0.0	    0.0	    0.0	    0.0	   35.7	  1	   50.0	 1450.0	    0.0	    0.0	    0.0	1	   65.6	 21	    0.0	    5.0	
  949	  27.11	    0.5	 1499.3	    0.0	    0.0	    0.0	    0.0	    0.0	    0.0	    0.0	    0.0	    0.0	  100.0	    0.0	    0.0	    0.0	    0.0	    0.0	   35.8	  1	   50.0	 1450.0	    0.0	    0.0	    0.0	1	   65.6	 21	    0.0	    5.0	
  950	  27.14	    0.5	 1499.3	    0.0	    0.0	    0.0	    0.0	    0.0	    0.0	    0.0	    0.0	    0.0	  100.0	    0.0	    0.0	    0.0	    0.0	    0.0	   35.8	  1	   50.0	 1450.0	    0.0	    0.0	    0.0	1	   65.6	 21	    0.0	    5.0	
  951	  27.17	    0.5	 1499.3	    0.0	    0.0	    0.0	    0.0	    0.0	    0.0	    0.0	    0.0	    0.0	  100.0	    0.0	    0.0	    0.0	    0.0	    0.0	   35.8	  1	   50.0	 1450.0	    0.0	    0.0	    0.0	1	   65.6	 21	    0.0	    5.0	
  952	  27.20	    0.5	 1499.3	    0.0	    0.0	    0.0	    0.0	    0.0	    0.0	    0.0	    0.0	    0.0	  100.0	    0.0	    0.0	    0.0	    0.0	    0.0	   35.9	  1	   50.0	 1450.0	    0.0	    0.0	    0.0	1	   65.6	 21	    0.0	    5.0	
  953	  27.23	    0.5	 1499.3	    0.0	    0.0	    0.0	    0.0	    0.0	    0.0	    0.0	    0.0	    0.0	  100.0	    0.0	    0.0	    0.0	    0.0	    0.0	   35.9	  1	   50.0	 1450.0	    0.0	    0.0	    0.0	1	   65.6	 21	    0.0	    5.0	
  954	  27.26	    0.5	 1499.3	    0.0	    0.0	    0.0	    0.0	    0.0	    0.0	    0.0	    0.0	    0.0	  100.0	    0.0	    0.0	    0.0	    0.0	    0.0	   36.0	  1	   50.0	 1450.0	    0.0	    0.0	    0.0	1	   65.6	 21	    0.0	    5.0	
  955	  27.29	    0.5	 1499.3	    0.0	    0.0	    0.0	    0.0	    0.0	    0.0	    0.0	    0.0	    0.0	  100.0	    0.0	    0.0	    0.0	    0.0	    0.0	   36.0	  1	   50.0	 1450.0	    0.0	    0.0	    0.0	1	   65.6	 21	    0.0	    5.0	
  956	  27.32	    0.5	 1499.3	    0.0	    0.0	    0.0	    0.0	    0.0	    0.0	    0.0	    0.0	    0.0	  100.0	    0.0	    0.0	    0.0	    0.0	    0.0	   36.0	  1	   50.0	 1450.0	    0.0	    0.0	    0.0	1	   65.6	 21	    0.0	    5.0	
  957	  27.34	    0.5	 1499.3	    0.0	    0.0	    0.0	    0.0	    0.0	    0.0	    0.0	    0.0	    0.0	  100.0	    0.0	    0.0	    0.0	    0.0	    0.0	   36.1	  1	   50.0	 1450.0	    0.0	    0.0	    0.0	1	   65.6	 21	    0.0	    5.0	
  958	  27.37	    0.5	 1499.3	    0.0	    0.0	    0.0	    0.0	    0.0	    0.0	    0.0	    0.0	    0.0	  100.0	    0.0	    0.0	    0.0	    0.0	    0.0	   36.1	  1	   50.0	 1450.0	    0.0	    0.0	    0.0	1	   65.6	 21	    0.0	    5.0	
  959	  27.40	    0.5	 1499.3	    0.0	    0.0	    0.0	    0.0	    0.0	    0.0	    0.0	    0.0	    0.0	  100.0	    0.0	    0.0	    0.0	    0.0	    0.0	   36.1	  1	   50.0	 1450.0	    0.0	    0.0	    0.0	1	   65.6	 21	    0.0	    5.0	
  960	  27.43	    0.5	 1499.3	    0.0	    0.0	    0.0	    0.0	    0.0	    0.0	    0.0	    0.0	    0.0	  100.0	    0.0	    0.0	    0.0	    0.0	    0.0	   36.2	  1	   50.0	 1450.0	    0.0	    0.0	    0.0	1	   65.6	 21	    0.0	    5.0	
  961	  27.46	    0.5	 1499.3	    0.0	    0.0	    0.0	    0.0	    0.0	    0.0	    0.0	    0.0	    0.0	  100.0	    0.0	    0.0	    0.0	    0.0	    0.0	   36.2	  1	   50.0	 1450.0	    0.0	    0.0	    0.0	1	   65.6	 21	    0.0	    5.0	
  962	  27.49	    0.5	 1499.3	    0.0	    0.0	    0.0	    0.0	    0.0	    0.0	    0.0	    0.0	    0.0	  100.0	    0.0	    0.0	    0.0	    0.0	    0.0	   36.3	  1	   50.0	 1450.0	    0.0	    0.0	    0.0	1	   65.6	 21	    0.0	    5.0	
  963	  27.52	    0.5	 1499.3	    0.0	    0.0	    0.0	    0.0	    0.0	    0.0	    0.0	    0.0	    0.0	  100.0	    0.0	    0.0	    0.0	    0.0	    0.0	   36.3	  1	   50.0	 1450.0	    0.0	    0.0	    0.0	1	   65.6	 21	    0.0	    5.0	
  964	  27.54	    0.5	 1499.3	    0.0	    0.0	    0.0	    0.0	    0.0	    0.0	    0.0	    0.0	    0.0	  100.0	    0.0	    0.0	    0.0	    0.0	    0.0	   36.3	  1	   50.0	 1450.0	    0.0	    0.0	    0.0	1	   65.6	 21	    0.0	    5.0	
  965	  27.57	    0.5	 1499.3	    0.0	    0.0	    0.0	    0.0	    0.0	    0.0	    0.0	    0.0	    0.0	  100.0	    0.0	    0.0	    0.0	    0.0	    0.0	   36.4	  1	   50.0	 1450.0	    0.0	    0.0	    0.0	1	   65.6	 21	    0.0	    5.0	
  966	  27.60	    0.5	 1499.3	    0.0	    0.0	    0.0	    0.0	    0.0	    0.0	    0.0	    0.0	    0.0	  100.0	    0.0	    0.0	    0.0	    0.0	    0.0	   36.4	  1	   50.0	 1450.0	    0.0	    0.0	    0.0	1	   65.6	 21	    0.0	    5.0	
  967	  27.63	    0.5	 1499.3	    0.0	    0.0	    0.0	    0.0	    0.0	    0.0	    0.0	    0.0	    0.0	  100.0	    0.0	    0.0	    0.0	    0.0	    0.0	   36.4	  1	   50.0	 1450.0	    0.0	    0.0	    0.0	1	   65.6	 21	    0.0	    5.0	
  968	  27.66	    0.5	 1499.3	    0.0	    0.0	    0.0	    0.0	    0.0	    0.0	    0.0	    0.0	    0.0	  100.0	    0.0	    0.0	    0.0	    0.0	    0.0	   36.5	  1	   50.0	 1450.0	    0.0	    0.0	    0.0	1	   65.6	 21	    0.0	    5.0	
  969	  27.69	    0.5	 1499.3	    0.0	    0.0	    0.0	    0.0	    0.0	    0.0	    0.0	    0.0	    0.0	  100.0	    0.0	    0.0	    0.0	    0.0	    0.0	   36.5	  1	   50.0	 1450.0	    0.0	    0.0	    0.0	1	   65.6	 21	    0.0	    5.0	
  970	  27.71	    0.5	 1499.3	    0.0	    0.0	    0.0	    0.0	    0.0	    0.0	    0.0	    0.0	    0.0	  100.0	    0.0	    0.0	    0.0	    0.0	    0.0	   36.6	  1	   50.0	 1450.0	    0.0	    0.0	    0.0	1	   65.6	 21	    0.0	    5.0	
  971	  27.74	    0.5	 1499.3	    0.0	    0.0	    0.0	    0.0	    0.0	    0.0	    0.0	    0.0	    0.0	  100.0	    0.0	    0.0	    0.0	    0.0	    0.0	   36.6	  1	   50.0	 1450.0	    0.0	    0.0	    0.0	1	   65.6	 21	    0.0	    5.0	
  972	  27.77	    0.5	 1499.3	    0.0	    0.0	    0.0	    0.0	    0.0	    0.0	    0.0	    0.0	    0.0	  100.0	    0.0	    0.0	    0.0	    0.0	    0.0	   36.6	  1	   50.0	 1450.0	    0.0	    0.0	    0.0	1	   65.6	 21	    0.0	    5.0	
  973	  27.80	    0.5	 1499.3	    0.0	    0.0	    0.0	    0.0	    0.0	    0.0	    0.0	    0.0	    0.0	  100.0	    0.0	    0.0	    0.0	    0.0	    0.0	   36.7	  1	   50.0	 1450.0	    0.0	    0.0	    0.0	1	   65.6	 21	    0.0	    5.0	
  974	  27.83	    0.5	 1499.3	    0.0	    0.0	    0.0	    0.0	    0.0	    0.0	    0.0	    0.0	    0.0	  100.0	    0.0	    0.0	    0.0	    0.0	    0.0	   36.7	  1	   50.0	 1450.0	    0.0	    0.0	    0.0	1	   65.6	 21	    0.0	    5.0	
  975	  27.86	    0.5	 1499.3	    0.0	    0.0	    0.0	    0.0	    0.0	    0.0	    0.0	    0.0	    0.0	  100.0	    0.0	    0.0	    0.0	    0.0	    0.0	   36.8	  1	   50.0	 1450.0	    0.0	    0.0	    0.0	1	   65.6	 21	    0.0	    5.0	
  976	  27.89	    0.5	 1499.3	    0.0	    0.0	    0.0	    0.0	    0.0	    0.0	    0.0	    0.0	    0.0	  100.0	    0.0	    0.0	    0.0	    0.0	    0.0	   36.8	  1	   50.0	 1450.0	    0.0	    0.0	    0.0	1	   65.6	 21	    0.0	    5.0	
  977	  27.91	    0.5	 1499.3	    0.0	    0.0	    0.0	    0.0	    0.0	    0.0	    0.0	    0.0	    0.0	  100.0	    0.0	    0.0	    0.0	    0.0	    0.0	   36.8	  1	   50.0	 1450.0	    0.0	    0.0	    0.0	1	   65.6	 21	    0.0	    5.0	
  978	  27.94	    0.5	 1499.3	    0.0	    0.0	    0.0	    0.0	    0.0	    0.0	    0.0	    0.0	    0.0	  100.0	    0.0	    0.0	    0.0	    0.0	    0.0	   36.9	  1	   50.0	 1450.0	    0.0	    0.0	    0.0	1	   65.6	 21	    0.0	    5.0	
  979	  27.97	    0.5	 1499.3	    0.0	    0.0	    0.0	    0.0	    0.0	    0.0	    0.0	    0.0	    0.0	  100.0	    0.0	    0.0	    0.0	    0.0	    0.0	   36.9	  1	   50.0	 1450.0	    0.0	    0.0	    0.0	1	   65.6	 21	    0.0	    5.0	
  980	  28.00	    0.5	 1499.3	    0.0	    0.0	    0.0	    0.0	    0.0	    0.0	    0.0	    0.0	    0.0	  100.0	    0.0	    0.0	    0.0	    0.0	    0.0	   36.9	  1	   50.0	 1450.0	    0.0	    0.0	    0.0	1	   65.6	 21	    0.0	    5.0	
  981	  28.03	    0.5	 1499.3	    0.0	    0.0	    0.0	    0.0	    0.0	    0.0	    0.0	    0.0	    0.0	  100.0	    0.0	    0.0	    0.0	    0.0	    0.0	   37.0	  1	   50.0	 1450.0	    0.0	    0.0	    0.0	1	   65.6	 21	    0.0	    5.0	
  982	  28.06	    0.5	 1499.3	    0.0	    0.0	    0.0	    0.0	    0.0	    0.0	    0.0	    0.0	    0.0	  100.0	    0.0	    0.0	    0.0	    0.0	    0.0	   37.0	  1	   50.0	 1450.0	    0.0	    0.0	    0.0	1	   65.6	 21	    0.0	    5.0	
  983	  28.09	    0.5	 1499.3	    0.0	    0.0	    0.0	    0.0	    0.0	    0.0	    0.0	    0.0	    0.0	  100.0	    0.0	    0.0	    0.0	    0.0	    0.0	   37.1	  1	   50.0	 1450.0	    0.0	    0.0	    0.0	1	   65.6	 21	    0.0	    5.0	
  984	  28.11	    0.5	 1499.3	    0.0	    0.0	    0.0	    0.0	    0.0	    0.0	    0.0	    0.0	    0.0	  100.0	    0.0	    0.0	    0.0	    0.0	    0.0	   37.1	  1	   50.0	 1450.0	    0.0	    0.0	    0.0	1	   65.6	 21	    0.0	    5.0	
  985	  28.14	    0.5	 1499.3	    0.0	    0.0	    0.0	    0.0	    0.0	    0.0	    0.0	    0.0	    0.0	  100.0	    0.0	    0.0	    0.0	    0.0	    0.0	   37.1	  1	   50.0	 1450.0	    0.0	    0.0	    0.0	1	   65.6	 21	    0.0	    5.0	
  986	  28.17	    0.5	 1499.3	    0.0	    0.0	    0.0	    0.0	    0.0	    0.0	    0.0	    0.0	    0.0	  100.0	    0.0	    0.0	    0.0	    0.0	    0.0	   37.2	  1	   50.0	 1450.0	    0.0	    0.0	    0.0	1	   65.6	 21	    0.0	    5.0	
  987	  28.20	    0.5	 1499.3	    0.0	    0.0	    0.0	    0.0	    0.0	    0.0	    0.0	    0.0	    0.0	  100.0	    0.0	    0.0	    0.0	    0.0	    0.0	   37.2	  1	   50.0	 1450.0	    0.0	    0.0	    0.0	1	   65.6	 21	    0.0	    5.0	
  988	  28.23	    0.5	 1499.3	    0.0	    0.0	    0.0	    0.0	    0.0	    0.0	    0.0	    0.0	    0.0	  100.0	    0.0	    0.0	    0.0	    0.0	    0.0	   37.2	  1	   50.0	 1450.0	    0.0	    0.0	    0.0	1	   65.6	 21	    0.0	    5.0	
  989	  28.26	    0.5	 1499.3	    0.0	    0.0	    0.0	    0.0	    0.0	    0.0	    0.0	    0.0	    0.0	  100.0	    0.0	    0.0	    0.0	    0.0	    0.0	   37.3	  1	   50.0	 1450.0	    0.0	    0.0	    0.0	1	   65.6	 21	    0.0	    5.0	
  990	  28.29	    0.5	 1499.3	    0.0	    0.0	    0.0	    0.0	    0.0	    0.0	    0.0	    0.0	    0.0	  100.0	    0.0	    0.0	    0.0	    0.0	    0.0	   37.3	  1	   50.0	 1450.0	    0.0	    0.0	    0.0	1	   65.6	 21	    0.0	    5.0	
  991	  28.32	    0.5	 1499.3	    0.0	    0.0	    0.0	    0.0	    0.0	    0.0	    0.0	    0.0	    0.0	  100.0	    0.0	    0.0	    0.0	    0.0	    0.0	   37.4	  1	   50.0	 1450.0	    0.0	    0.0	    0.0	1	   65.6	 21	    0.0	    5.0	
  992	  28.34	    0.5	 1499.3	    0.0	    0.0	    0.0	    0.0	    0.0	    0.0	    0.0	    0.0	    0.0	  100.0	    0.0	    0.0	    0.0	    0.0	    0.0	   37.4	  1	   50.0	 1450.0	    0.0	    0.0	    0.0	1	   65.6	 21	    0.0	    5.0	
  993	  28.37	    0.5	 1499.3	    0.0	    0.0	    0.0	    0.0	    0.0	    0.0	    0.0	    0.0	    0.0	  100.0	    0.0	    0.0	    0.0	    0.0	    0.0	   37.4	  1	   50.0	 1450.0	    0.0	    0.0	    0.0	1	   65.6	 21	    0.0	    5.0	
  994	  28.40	    0.5	 1499.3	    0.0	    0.0	    0.0	    0.0	    0.0	    0.0	    0.0	    0.0	    0.0	  100.0	    0.0	    0.0	    0.0	    0.0	    0.0	   37.5	  1	   50.0	 1450.0	    0.0	    0.0	    0.0	1	   65.6	 21	    0.0	    5.0	
  995	  28.43	    0.5	 1499.3	    0.0	    0.0	    0.0	    0.0	    0.0	    0.0	    0.0	    0.0	    0.0	  100.0	    0.0	    0.0	    0.0	    0.0	    0.0	   37.5	  1	   50.0	 1450.0	    0.0	    0.0	    0.0	1	   65.6	 21	    0.0	    5.0	
  996	  28.46	    0.5	 1499.3	    0.0	    0.0	    0.0	    0.0	    0.0	    0.0	    0.0	    0.0	    0.0	  100.0	    0.0	    0.0	    0.0	    0.0	    0.0	   37.5	  1	   50.0	 1450.0	    0.0	    0.0	    0.0	1	   65.6	 21	    0.0	    5.0	
  997	  28.49	    0.5	 1499.3	    0.0	    0.0	    0.0	    0.0	    0.0	    0.0	    0.0	    0.0	    0.0	  100.0	    0.0	    0.0	    0.0	    0.0	    0.0	   37.6	  1	   50.0	 1450.0	    0.0	    0.0	    0.0	1	   65.6	 21	    0.0	    5.0	
  998	  28.52	    0.5	 1499.3	    0.0	    0.0	    0.0	    0.0	    0.0	    0.0	    0.0	    0.0	    0.0	  100.0	    0.0	    0.0	    0.0	    0.0	    0.0	   37.6	  1	   50.0	 1450.0	    0.0	    0.0	    0.0	1	   65.6	 21	    0.0	    5.0	
  999	  28.54	    0.5	 1499.3	    0.0	    0.0	    0.0	    0.0	    0.0	    0.0	    0.0	    0.0	    0.0	  100.0	    0.0	    0.0	    0.0	    0.0	    0.0	   37.7	  1	   50.0	 1450.0	    0.0	    0.0	    0.0	1	   65.6	 21	    0.0	    5.0	
 1000	  28.57	    0.5	 1499.3	    0.0	    0.0	    0.0	    0.0	    0.0	    0.0	    0.0	    0.0	    0.0	  100.0	    0.0	    0.0	    0.0	    0.0	    0.0	   37.7	  1	   50.0	 1450.0	    0.0	    0.0	    0.0	1	   65.6	 21	    0.0	    5.0	
 1001	  28.60	    0.5	 1499.3	    0.0	    0.0	    0.0	    0.0	    0.0	    0.0	    0.0	    0.0	    0.0	  100.0	    0.0	    0.0	    0.0	    0.0	    0.0	   37.7	  1	   50.0	 1450.0	    0.0	    0.0	    0.0	1	   65.6	 21	    0.0	    5.0	
 1002	  28.63	    0.5	 1499.3	    0.0	    0.0	    0.0	    0.0	    0.0	    0.0	    0.0	    0.0	    0.0	  100.0	    0.0	    0.0	    0.0	    0.0	    0.0	   37.8	  1	   50.0	 1450.0	    0.0	    0.0	    0.0	1	   65.6	 21	    0.0	    5.0	
 1003	  28.66	    0.5	 1499.3	    0.0	    0.0	    0.0	    0.0	    0.0	    0.0	    0.0	    0.0	    0.0	  100.0	    0.0	    0.0	    0.0	    0.0	    0.0	   37.8	  1	   50.0	 1450.0	    0.0	    0.0	    0.0	1	   65.6	 21	    0.0	    5.0	
 1004	  28.69	    0.5	 1499.3	    0.0	    0.0	    0.0	    0.0	    0.0	    0.0	    0.0	    0.0	    0.0	  100.0	    0.0	    0.0	    0.0	    0.0	    0.0	   37.9	  1	   50.0	 1450.0	    0.0	    0.0	    0.0	1	   65.6	 21	    0.0	    5.0	
 1005	  28.71	    0.5	 1499.3	    0.0	    0.0	    0.0	    0.0	    0.0	    0.0	    0.0	    0.0	    0.0	  100.0	    0.0	    0.0	    0.0	    0.0	    0.0	   37.9	  1	   50.0	 1450.0	    0.0	    0.0	    0.0	1	   65.6	 21	    0.0	    5.0	
 1006	  28.74	    0.5	 1499.3	    0.0	    0.0	    0.0	    0.0	    0.0	    0.0	    0.0	    0.0	    0.0	  100.0	    0.0	    0.0	    0.0	    0.0	    0.0	   37.9	  1	   50.0	 1450.0	    0.0	    0.0	    0.0	1	   65.6	 21	    0.0	    5.0	
 1007	  28.77	    0.5	 1499.3	    0.0	    0.0	    0.0	    0.0	    0.0	    0.0	    0.0	    0.0	    0.0	  100.0	    0.0	    0.0	    0.0	    0.0	    0.0	   38.0	  1	   50.0	 1450.0	    0.0	    0.0	    0.0	1	   65.6	 21	    0.0	    5.0	
 1008	  28.80	    0.5	 1499.3	    0.0	    0.0	    0.0	    0.0	    0.0	    0.0	    0.0	    0.0	    0.0	  100.0	    0.0	    0.0	    0.0	    0.0	    0.0	   38.0	  1	   50.0	 1450.0	    0.0	    0.0	    0.0	1	   65.6	 21	    0.0	    5.0	
 1009	  28.83	    0.5	 1499.3	    0.0	    0.0	    0.0	    0.0	    0.0	    0.0	    0.0	    0.0	    0.0	  100.0	    0.0	    0.0	    0.0	    0.0	    0.0	   38.0	  1	   50.0	 1450.0	    0.0	    0.0	    0.0	1	   65.6	 21	    0.0	    5.0	
 1010	  28.86	    0.5	 1499.3	    0.0	    0.0	    0.0	    0.0	    0.0	    0.0	    0.0	    0.0	    0.0	  100.0	    0.0	    0.0	    0.0	    0.0	    0.0	   38.1	  1	   50.0	 1450.0	    0.0	    0.0	    0.0	1	   65.6	 21	    0.0	    5.0	
 1011	  28.89	    0.5	 1499.3	    0.0	    0.0	    0.0	    0.0	    0.0	    0.0	    0.0	    0.0	    0.0	  100.0	    0.0	    0.0	    0.0	    0.0	    0.0	   38.1	  1	   50.0	 1450.0	    0.0	    0.0	    0.0	1	   65.6	 21	    0.0	    5.0	
 1012	  28.91	    0.5	 1499.3	    0.0	    0.0	    0.0	    0.0	    0.0	    0.0	    0.0	    0.0	    0.0	  100.0	    0.0	    0.0	    0.0	    0.0	    0.0	   38.2	  1	   50.0	 1450.0	    0.0	    0.0	    0.0	1	   65.6	 21	    0.0	    5.0	
 1013	  28.94	    0.5	 1499.3	    0.0	    0.0	    0.0	    0.0	    0.0	    0.0	    0.0	    0.0	    0.0	  100.0	    0.0	    0.0	    0.0	    0.0	    0.0	   38.2	  1	   50.0	 1450.0	    0.0	    0.0	    0.0	1	   65.6	 21	    0.0	    5.0	
 1014	  28.97	    0.5	 1499.3	    0.0	    0.0	    0.0	    0.0	    0.0	    0.0	    0.0	    0.0	    0.0	  100.0	    0.0	    0.0	    0.0	    0.0	    0.0	   38.2	  1	   50.0	 1450.0	    0.0	    0.0	    0.0	1	   65.6	 21	    0.0	    5.0	
 1015	  29.00	    0.5	 1499.3	    0.0	    0.0	    0.0	    0.0	    0.0	    0.0	    0.0	    0.0	    0.0	  100.0	    0.0	    0.0	    0.0	    0.0	    0.0	   38.3	  1	   50.0	 1450.0	    0.0	    0.0	    0.0	1	   65.6	 21	    0.0	    5.0	
 1016	  29.03	    0.5	 1499.3	    0.0	    0.0	    0.0	    0.0	    0.0	    0.0	    0.0	    0.0	    0.0	  100.0	    0.0	    0.0	    0.0	    0.0	    0.0	   38.3	  1	   50.0	 1450.0	    0.0	    0.0	    0.0	1	   65.6	 21	    0.0	    5.0	
 1017	  29.06	    0.5	 1499.3	    0.0	    0.0	    0.0	    0.0	    0.0	    0.0	    0.0	    0.0	    0.0	  100.0	    0.0	    0.0	    0.0	    0.0	    0.0	   38.3	  1	   50.0	 1450.0	    0.0	    0.0	    0.0	1	   65.6	 21	    0.0	    5.0	
 1018	  29.09	    0.5	 1499.3	    0.0	    0.0	    0.0	    0.0	    0.0	    0.0	    0.0	    0.0	    0.0	  100.0	    0.0	    0.0	    0.0	    0.0	    0.0	   38.4	  1	   50.0	 1450.0	    0.0	    0.0	    0.0	1	   65.6	 21	    0.0	    5.0	
 1019	  29.11	    0.5	 1499.3	    0.0	    0.0	    0.0	    0.0	    0.0	    0.0	    0.0	    0.0	    0.0	  100.0	    0.0	    0.0	    0.0	    0.0	    0.0	   38.4	  1	   50.0	 1450.0	    0.0	    0.0	    0.0	1	   65.6	 21	    0.0	    5.0	
 1020	  29.14	    0.5	 1499.3	    0.0	    0.0	    0.0	    0.0	    0.0	    0.0	    0.0	    0.0	    0.0	  100.0	    0.0	    0.0	    0.0	    0.0	    0.0	   38.5	  1	   50.0	 1450.0	    0.0	    0.0	    0.0	1	   65.6	 21	    0.0	    5.0	
 1021	  29.17	    0.5	 1499.3	    0.0	    0.0	    0.0	    0.0	    0.0	    0.0	    0.0	    0.0	    0.0	  100.0	    0.0	    0.0	    0.0	    0.0	    0.0	   38.5	  1	   50.0	 1450.0	    0.0	    0.0	    0.0	1	   65.6	 21	    0.0	    5.0	
 1022	  29.20	    0.5	 1499.3	    0.0	    0.0	    0.0	    0.0	    0.0	    0.0	    0.0	    0.0	    0.0	  100.0	    0.0	    0.0	    0.0	    0.0	    0.0	   38.5	  1	   50.0	 1450.0	    0.0	    0.0	    0.0	1	   65.6	 21	    0.0	    5.0	
 1023	  29.23	    0.5	 1499.3	    0.0	    0.0	    0.0	    0.0	    0.0	    0.0	    0.0	    0.0	    0.0	  100.0	    0.0	    0.0	    0.0	    0.0	    0.0	   38.6	  1	   50.0	 1450.0	    0.0	    0.0	    0.0	1	   65.6	 21	    0.0	    5.0	
 1024	  29.26	    0.5	 1499.3	    0.0	    0.0	    0.0	    0.0	    0.0	    0.0	    0.0	    0.0	    0.0	  100.0	    0.0	    0.0	    0.0	    0.0	    0.0	   38.6	  1	   50.0	 1450.0	    0.0	    0.0	    0.0	1	   65.6	 21	    0.0	    5.0	
 1025	  29.29	    0.5	 1499.3	    0.0	    0.0	    0.0	    0.0	    0.0	    0.0	    0.0	    0.0	    0.0	  100.0	    0.0	    0.0	    0.0	    0.0	    0.0	   38.7	  1	   50.0	 1450.0	    0.0	    0.0	    0.0	1	   65.6	 21	    0.0	    5.0	
 1026	  29.32	    0.5	 1499.3	    0.0	    0.0	    0.0	    0.0	    0.0	    0.0	    0.0	    0.0	    0.0	  100.0	    0.0	    0.0	    0.0	    0.0	    0.0	   38.7	  1	   50.0	 1450.0	    0.0	    0.0	    0.0	1	   65.6	 21	    0.0	    5.0	
 1027	  29.34	    0.5	 1499.3	    0.0	    0.0	    0.0	    0.0	    0.0	    0.0	    0.0	    0.0	    0.0	  100.0	    0.0	    0.0	    0.0	    0.0	    0.0	   38.7	  1	   50.0	 1450.0	    0.0	    0.0	    0.0	1	   65.6	 21	    0.0	    5.0	
 1028	  29.37	    0.5	 1499.3	    0.0	    0.0	    0.0	    0.0	    0.0	    0.0	    0.0	    0.0	    0.0	  100.0	    0.0	    0.0	    0.0	    0.0	    0.0	   38.8	  1	   50.0	 1450.0	    0.0	    0.0	    0.0	1	   65.6	 21	    0.0	    5.0	
 1029	  29.40	    0.5	 1499.3	    0.0	    0.0	    0.0	    0.0	    0.0	    0.0	    0.0	    0.0	    0.0	  100.0	    0.0	    0.0	    0.0	    0.0	    0.0	   38.8	  1	   50.0	 1450.0	    0.0	    0.0	    0.0	1	   65.6	 21	    0.0	    5.0	
 1030	  29.43	    0.5	 1499.3	    0.0	    0.0	    0.0	    0.0	    0.0	    0.0	    0.0	    0.0	    0.0	  100.0	    0.0	    0.0	    0.0	    0.0	    0.0	   38.8	  1	   50.0	 1450.0	    0.0	    0.0	    0.0	1	   65.6	 21	    0.0	    5.0	
 1031	  29.46	    0.5	 1499.3	    0.0	    0.0	    0.0	    0.0	    0.0	    0.0	    0.0	    0.0	    0.0	  100.0	    0.0	    0.0	    0.0	    0.0	    0.0	   38.9	  1	   50.0	 1450.0	    0.0	    0.0	    0.0	1	   65.6	 21	    0.0	    5.0	
 1032	  29.49	    0.5	 1499.3	    0.0	    0.0	    0.0	    0.0	    0.0	    0.0	    0.0	    0.0	    0.0	  100.0	    0.0	    0.0	    0.0	    0.0	    0.0	   38.9	  1	   50.0	 1450.0	    0.0	    0.0	    0.0	1	   65.6	 21	    0.0	    5.0	
 1033	  29.52	    0.5	 1499.3	    0.0	    0.0	    0.0	    0.0	    0.0	    0.0	    0.0	    0.0	    0.0	  100.0	    0.0	    0.0	    0.0	    0.0	    0.0	   39.0	  1	   50.0	 1450.0	    0.0	    0.0	    0.0	1	   65.6	 21	    0.0	    5.0	
 1034	  29.54	    0.5	 1499.3	    0.0	    0.0	    0.0	    0.0	    0.0	    0.0	    0.0	    0.0	    0.0	  100.0	    0.0	    0.0	    0.0	    0.0	    0.0	   39.0	  1	   50.0	 1450.0	    0.0	    0.0	    0.0	1	   65.6	 21	    0.0	    5.0	
 1035	  29.57	    0.5	 1499.3	    0.0	    0.0	    0.0	    0.0	    0.0	    0.0	    0.0	    0.0	    0.0	  100.0	    0.0	    0.0	    0.0	    0.0	    0.0	   39.0	  1	   50.0	 1450.0	    0.0	    0.0	    0.0	1	   65.6	 21	    0.0	    5.0	
 1036	  29.60	    0.5	 1499.3	    0.0	    0.0	    0.0	    0.0	    0.0	    0.0	    0.0	    0.0	    0.0	  100.0	    0.0	    0.0	    0.0	    0.0	    0.0	   39.1	  1	   50.0	 1450.0	    0.0	    0.0	    0.0	1	   65.6	 21	    0.0	    5.0	
 1037	  29.63	    0.5	 1499.3	    0.0	    0.0	    0.0	    0.0	    0.0	    0.0	    0.0	    0.0	    0.0	  100.0	    0.0	    0.0	    0.0	    0.0	    0.0	   39.1	  1	   50.0	 1450.0	    0.0	    0.0	    0.0	1	   65.6	 21	    0.0	    5.0	
 1038	  29.66	    0.5	 1499.3	    0.0	    0.0	    0.0	    0.0	    0.0	    0.0	    0.0	    0.0	    0.0	  100.0	    0.0	    0.0	    0.0	    0.0	    0.0	   39.1	  1	   50.0	 1450.0	    0.0	    0.0	    0.0	1	   65.6	 21	    0.0	    5.0	
 1039	  29.69	    0.5	 1499.3	    0.0	    0.0	    0.0	    0.0	    0.0	    0.0	    0.0	    0.0	    0.0	  100.0	    0.0	    0.0	    0.0	    0.0	    0.0	   39.2	  1	   50.0	 1450.0	    0.0	    0.0	    0.0	1	   65.6	 21	    0.0	    5.0	
 1040	  29.71	    0.5	 1499.3	    0.0	    0.0	    0.0	    0.0	    0.0	    0.0	    0.0	    0.0	    0.0	  100.0	    0.0	    0.0	    0.0	    0.0	    0.0	   39.2	  1	   50.0	 1450.0	    0.0	    0.0	    0.0	1	   65.6	 21	    0.0	    5.0	
 1041	  29.74	    0.5	 1499.3	    0.0	    0.0	    0.0	    0.0	    0.0	    0.0	    0.0	    0.0	    0.0	  100.0	    0.0	    0.0	    0.0	    0.0	    0.0	   39.3	  1	   50.0	 1450.0	    0.0	    0.0	    0.0	1	   65.6	 21	    0.0	    5.0	
 1042	  29.77	    0.5	 1499.3	    0.0	    0.0	    0.0	    0.0	    0.0	    0.0	    0.0	    0.0	    0.0	  100.0	    0.0	    0.0	    0.0	    0.0	    0.0	   39.3	  1	   50.0	 1450.0	    0.0	    0.0	    0.0	1	   65.6	 21	    0.0	    5.0	
 1043	  29.80	    0.5	 1499.3	    0.0	    0.0	    0.0	    0.0	    0.0	    0.0	    0.0	    0.0	    0.0	  100.0	    0.0	    0.0	    0.0	    0.0	    0.0	   39.3	  1	   50.0	 1450.0	    0.0	    0.0	    0.0	1	   65.6	 21	    0.0	    5.0	
 1044	  29.83	    0.5	 1499.3	    0.0	    0.0	    0.0	    0.0	    0.0	    0.0	    0.0	    0.0	    0.0	  100.0	    0.0	    0.0	    0.0	    0.0	    0.0	   39.4	  1	   50.0	 1450.0	    0.0	    0.0	    0.0	1	   65.6	 21	    0.0	    5.0	
 1045	  29.86	    0.5	 1499.3	    0.0	    0.0	    0.0	    0.0	    0.0	    0.0	    0.0	    0.0	    0.0	  100.0	    0.0	    0.0	    0.0	    0.0	    0.0	   39.4	  1	   50.0	 1450.0	    0.0	    0.0	    0.0	1	   65.6	 21	    0.0	    5.0	
 1046	  29.89	    0.5	 1499.3	    0.0	    0.0	    0.0	    0.0	    0.0	    0.0	    0.0	    0.0	    0.0	  100.0	    0.0	    0.0	    0.0	    0.0	    0.0	   39.4	  1	   50.0	 1450.0	    0.0	    0.0	    0.0	1	   65.6	 21	    0.0	    5.0	
 1047	  29.91	    0.5	 1499.3	    0.0	    0.0	    0.0	    0.0	    0.0	    0.0	    0.0	    0.0	    0.0	  100.0	    0.0	    0.0	    0.0	    0.0	    0.0	   39.5	  1	   50.0	 1450.0	    0.0	    0.0	    0.0	1	   65.6	 21	    0.0	    5.0	
 1048	  29.94	    0.5	 1499.3	    0.0	    0.0	    0.0	    0.0	    0.0	    0.0	    0.0	    0.0	    0.0	  100.0	    0.0	    0.0	    0.0	    0.0	    0.0	   39.5	  1	   50.0	 1450.0	    0.0	    0.0	    0.0	1	   65.6	 21	    0.0	    5.0	
 1049	  29.97	    0.5	 1499.3	    0.0	    0.0	    0.0	    0.0	    0.0	    0.0	    0.0	    0.0	    0.0	  100.0	    0.0	    0.0	    0.0	    0.0	    0.0	   39.6	  1	   50.0	 1450.0	    0.0	    0.0	    0.0	1	   65.6	 21	    0.0	    5.0	
 1050	  30.00	    0.5	 1499.3	    0.0	    0.0	    0.0	    0.0	    0.0	    0.0	    0.0	    0.0	    0.0	  100.0	    0.0	    0.0	    0.0	    0.0	    0.0	   39.6	  1	   50.0	 1450.0	    0.0	    0.0	    0.0	1	   65.6	 21	    0.0	    5.0	
 1051	  30.03	    0.5	 1499.3	    0.0	    0.0	    0.0	    0.0	    0.0	    0.0	    0.0	    0.0	    0.0	  100.0	    0.0	    0.0	    0.0	    0.0	    0.0	   39.6	  1	   50.0	 1450.0	    0.0	    0.0	    0.0	1	   65.6	 21	    0.0	    5.0	
 1052	  30.06	    0.5	 1499.3	    0.0	    0.0	    0.0	    0.0	    0.0	    0.0	    0.0	    0.0	    0.0	  100.0	    0.0	    0.0	    0.0	    0.0	    0.0	   39.7	  1	   50.0	 1450.0	    0.0	    0.0	    0.0	1	   65.6	 21	    0.0	    5.0	
 1053	  30.09	    0.5	 1499.3	    0.0	    0.0	    0.0	    0.0	    0.0	    0.0	    0.0	    0.0	    0.0	  100.0	    0.0	    0.0	    0.0	    0.0	    0.0	   39.7	  1	   50.0	 1450.0	    0.0	    0.0	    0.0	1	   65.6	 21	    0.0	    5.0	
 1054	  30.11	    0.5	 1499.3	    0.0	    0.0	    0.0	    0.0	    0.0	    0.0	    0.0	    0.0	    0.0	  100.0	    0.0	    0.0	    0.0	    0.0	    0.0	   39.8	  1	   50.0	 1450.0	    0.0	    0.0	    0.0	1	   65.6	 21	    0.0	    5.0	
 1055	  30.14	    0.5	 1499.3	    0.0	    0.0	    0.0	    0.0	    0.0	    0.0	    0.0	    0.0	    0.0	  100.0	    0.0	    0.0	    0.0	    0.0	    0.0	   39.8	  1	   50.0	 1450.0	    0.0	    0.0	    0.0	1	   65.6	 21	    0.0	    5.0	
 1056	  30.17	    0.5	 1499.3	    0.0	    0.0	    0.0	    0.0	    0.0	    0.0	    0.0	    0.0	    0.0	  100.0	    0.0	    0.0	    0.0	    0.0	    0.0	   39.8	  1	   50.0	 1450.0	    0.0	    0.0	    0.0	1	   65.6	 21	    0.0	    5.0	
 1057	  30.20	    0.5	 1499.3	    0.0	    0.0	    0.0	    0.0	    0.0	    0.0	    0.0	    0.0	    0.0	  100.0	    0.0	    0.0	    0.0	    0.0	    0.0	   39.9	  1	   50.0	 1450.0	    0.0	    0.0	    0.0	1	   65.6	 21	    0.0	    5.0	
 1058	  30.23	    0.5	 1499.3	    0.0	    0.0	    0.0	    0.0	    0.0	    0.0	    0.0	    0.0	    0.0	  100.0	    0.0	    0.0	    0.0	    0.0	    0.0	   39.9	  1	   50.0	 1450.0	    0.0	    0.0	    0.0	1	   65.6	 21	    0.0	    5.0	
 1059	  30.26	    0.5	 1499.3	    0.0	    0.0	    0.0	    0.0	    0.0	    0.0	    0.0	    0.0	    0.0	  100.0	    0.0	    0.0	    0.0	    0.0	    0.0	   39.9	  1	   50.0	 1450.0	    0.0	    0.0	    0.0	1	   65.6	 21	    0.0	    5.0	
 1060	  30.29	    0.5	 1499.3	    0.0	    0.0	    0.0	    0.0	    0.0	    0.0	    0.0	    0.0	    0.0	  100.0	    0.0	    0.0	    0.0	    0.0	    0.0	   40.0	  1	   50.0	 1450.0	    0.0	    0.0	    0.0	1	   65.6	 21	    0.0	    5.0	
 1061	  30.32	    0.5	 1499.3	    0.0	    0.0	    0.0	    0.0	    0.0	    0.0	    0.0	    0.0	    0.0	  100.0	    0.0	    0.0	    0.0	    0.0	    0.0	   40.0	  1	   50.0	 1450.0	    0.0	    0.0	    0.0	1	   65.6	 21	    0.0	    5.0	
 1062	  30.34	    0.5	 1499.3	    0.0	    0.0	    0.0	    0.0	    0.0	    0.0	    0.0	    0.0	    0.0	  100.0	    0.0	    0.0	    0.0	    0.0	    0.0	   40.1	  1	   50.0	 1450.0	    0.0	    0.0	    0.0	1	   65.6	 21	    0.0	    5.0	
 1063	  30.37	    0.5	 1499.3	    0.0	    0.0	    0.0	    0.0	    0.0	    0.0	    0.0	    0.0	    0.0	  100.0	    0.0	    0.0	    0.0	    0.0	    0.0	   40.1	  1	   50.0	 1450.0	    0.0	    0.0	    0.0	1	   65.6	 21	    0.0	    5.0	
 1064	  30.40	    0.5	 1499.3	    0.0	    0.0	    0.0	    0.0	    0.0	    0.0	    0.0	    0.0	    0.0	  100.0	    0.0	    0.0	    0.0	    0.0	    0.0	   40.1	  1	   50.0	 1450.0	    0.0	    0.0	    0.0	1	   65.6	 21	    0.0	    5.0	
 1065	  30.43	    0.5	 1499.3	    0.0	    0.0	    0.0	    0.0	    0.0	    0.0	    0.0	    0.0	    0.0	  100.0	    0.0	    0.0	    0.0	    0.0	    0.0	   40.2	  1	   50.0	 1450.0	    0.0	    0.0	    0.0	1	   65.6	 21	    0.0	    5.0	
 1066	  30.46	    0.5	 1499.3	    0.0	    0.0	    0.0	    0.0	    0.0	    0.0	    0.0	    0.0	    0.0	  100.0	    0.0	    0.0	    0.0	    0.0	    0.0	   40.2	  1	   50.0	 1450.0	    0.0	    0.0	    0.0	1	   65.6	 21	    0.0	    5.0	
 1067	  30.49	    0.5	 1499.3	    0.0	    0.0	    0.0	    0.0	    0.0	    0.0	    0.0	    0.0	    0.0	  100.0	    0.0	    0.0	    0.0	    0.0	    0.0	   40.2	  1	   50.0	 1450.0	    0.0	    0.0	    0.0	1	   65.6	 21	    0.0	    5.0	
 1068	  30.52	    0.5	 1499.3	    0.0	    0.0	    0.0	    0.0	    0.0	    0.0	    0.0	    0.0	    0.0	  100.0	    0.0	    0.0	    0.0	    0.0	    0.0	   40.3	  1	   50.0	 1450.0	    0.0	    0.0	    0.0	1	   65.6	 21	    0.0	    5.0	
 1069	  30.54	    0.5	 1499.3	    0.0	    0.0	    0.0	    0.0	    0.0	    0.0	    0.0	    0.0	    0.0	  100.0	    0.0	    0.0	    0.0	    0.0	    0.0	   40.3	  1	   50.0	 1450.0	    0.0	    0.0	    0.0	1	   65.6	 21	    0.0	    5.0	
 1070	  30.57	    0.5	 1499.3	    0.0	    0.0	    0.0	    0.0	    0.0	    0.0	    0.0	    0.0	    0.0	  100.0	    0.0	    0.0	    0.0	    0.0	    0.0	   40.4	  1	   50.0	 1450.0	    0.0	    0.0	    0.0	1	   65.6	 21	    0.0	    5.0	
 1071	  30.60	    0.5	 1499.3	    0.0	    0.0	    0.0	    0.0	    0.0	    0.0	    0.0	    0.0	    0.0	  100.0	    0.0	    0.0	    0.0	    0.0	    0.0	   40.4	  1	   50.0	 1450.0	    0.0	    0.0	    0.0	1	   65.6	 21	    0.0	    5.0	
 1072	  30.63	    0.5	 1499.3	    0.0	    0.0	    0.0	    0.0	    0.0	    0.0	    0.0	    0.0	    0.0	  100.0	    0.0	    0.0	    0.0	    0.0	    0.0	   40.4	  1	   50.0	 1450.0	    0.0	    0.0	    0.0	1	   65.6	 21	    0.0	    5.0	
 1073	  30.66	    0.5	 1499.3	    0.0	    0.0	    0.0	    0.0	    0.0	    0.0	    0.0	    0.0	    0.0	  100.0	    0.0	    0.0	    0.0	    0.0	    0.0	   40.5	  1	   50.0	 1450.0	    0.0	    0.0	    0.0	1	   65.6	 21	    0.0	    5.0	
 1074	  30.69	    0.5	 1499.3	    0.0	    0.0	    0.0	    0.0	    0.0	    0.0	    0.0	    0.0	    0.0	  100.0	    0.0	    0.0	    0.0	    0.0	    0.0	   40.5	  1	   50.0	 1450.0	    0.0	    0.0	    0.0	1	   65.6	 21	    0.0	    5.0	
 1075	  30.71	    0.5	 1499.3	    0.0	    0.0	    0.0	    0.0	    0.0	    0.0	    0.0	    0.0	    0.0	  100.0	    0.0	    0.0	    0.0	    0.0	    0.0	   40.6	  1	   50.0	 1450.0	    0.0	    0.0	    0.0	1	   65.6	 21	    0.0	    5.0	
 1076	  30.74	    0.5	 1499.3	    0.0	    0.0	    0.0	    0.0	    0.0	    0.0	    0.0	    0.0	    0.0	  100.0	    0.0	    0.0	    0.0	    0.0	    0.0	   40.6	  1	   50.0	 1450.0	    0.0	    0.0	    0.0	1	   65.6	 21	    0.0	    5.0	
 1077	  30.77	    0.5	 1499.3	    0.0	    0.0	    0.0	    0.0	    0.0	    0.0	    0.0	    0.0	    0.0	  100.0	    0.0	    0.0	    0.0	    0.0	    0.0	   40.6	  1	   50.0	 1450.0	    0.0	    0.0	    0.0	1	   65.6	 21	    0.0	    5.0	
 1078	  30.80	    0.5	 1499.3	    0.0	    0.0	    0.0	    0.0	    0.0	    0.0	    0.0	    0.0	    0.0	  100.0	    0.0	    0.0	    0.0	    0.0	    0.0	   40.7	  1	   50.0	 1450.0	    0.0	    0.0	    0.0	1	   65.6	 21	    0.0	    5.0	
 1079	  30.83	    0.5	 1499.3	    0.0	    0.0	    0.0	    0.0	    0.0	    0.0	    0.0	    0.0	    0.0	  100.0	    0.0	    0.0	    0.0	    0.0	    0.0	   40.7	  1	   50.0	 1450.0	    0.0	    0.0	    0.0	1	   65.6	 21	    0.0	    5.0	
 1080	  30.86	    0.5	 1499.3	    0.0	    0.0	    0.0	    0.0	    0.0	    0.0	    0.0	    0.0	    0.0	  100.0	    0.0	    0.0	    0.0	    0.0	    0.0	   40.7	  1	   50.0	 1450.0	    0.0	    0.0	    0.0	1	   65.6	 21	    0.0	    5.0	
 1081	  30.89	    0.5	 1499.3	    0.0	    0.0	    0.0	    0.0	    0.0	    0.0	    0.0	    0.0	    0.0	  100.0	    0.0	    0.0	    0.0	    0.0	    0.0	   40.8	  1	   50.0	 1450.0	    0.0	    0.0	    0.0	1	   65.6	 21	    0.0	    5.0	
 1082	  30.91	    0.5	 1499.3	    0.0	    0.0	    0.0	    0.0	    0.0	    0.0	    0.0	    0.0	    0.0	  100.0	    0.0	    0.0	    0.0	    0.0	    0.0	   40.8	  1	   50.0	 1450.0	    0.0	    0.0	    0.0	1	   65.6	 21	    0.0	    5.0	
 1083	  30.94	    0.5	 1499.3	    0.0	    0.0	    0.0	    0.0	    0.0	    0.0	    0.0	    0.0	    0.0	  100.0	    0.0	    0.0	    0.0	    0.0	    0.0	   40.9	  1	   50.0	 1450.0	    0.0	    0.0	    0.0	1	   65.6	 21	    0.0	    5.0	
 1084	  30.97	    0.5	 1499.3	    0.0	    0.0	    0.0	    0.0	    0.0	    0.0	    0.0	    0.0	    0.0	  100.0	    0.0	    0.0	    0.0	    0.0	    0.0	   40.9	  1	   50.0	 1450.0	    0.0	    0.0	    0.0	1	   65.6	 21	    0.0	    5.0	
 1085	  31.00	    0.5	 1499.3	    0.0	    0.0	    0.0	    0.0	    0.0	    0.0	    0.0	    0.0	    0.0	  100.0	    0.0	    0.0	    0.0	    0.0	    0.0	   40.9	  1	   50.0	 1450.0	    0.0	    0.0	    0.0	1	   65.6	 21	    0.0	    5.0	
 1086	  31.03	    0.5	 1499.3	    0.0	    0.0	    0.0	    0.0	    0.0	    0.0	    0.0	    0.0	    0.0	  100.0	    0.0	    0.0	    0.0	    0.0	    0.0	   41.0	  1	   50.0	 1450.0	    0.0	    0.0	    0.0	1	   65.6	 21	    0.0	    5.0	
 1087	  31.06	    0.5	 1499.3	    0.0	    0.0	    0.0	    0.0	    0.0	    0.0	    0.0	    0.0	    0.0	  100.0	    0.0	    0.0	    0.0	    0.0	    0.0	   41.0	  1	   50.0	 1450.0	    0.0	    0.0	    0.0	1	   65.6	 21	    0.0	    5.0	
 1088	  31.09	    0.5	 1499.3	    0.0	    0.0	    0.0	    0.0	    0.0	    0.0	    0.0	    0.0	    0.0	  100.0	    0.0	    0.0	    0.0	    0.0	    0.0	   41.0	  1	   50.0	 1450.0	    0.0	    0.0	    0.0	1	   65.6	 21	    0.0	    5.0	
 1089	  31.11	    0.5	 1499.3	    0.0	    0.0	    0.0	    0.0	    0.0	    0.0	    0.0	    0.0	    0.0	  100.0	    0.0	    0.0	    0.0	    0.0	    0.0	   41.1	  1	   50.0	 1450.0	    0.0	    0.0	    0.0	1	   65.6	 21	    0.0	    5.0	
 1090	  31.14	    0.5	 1499.3	    0.0	    0.0	    0.0	    0.0	    0.0	    0.0	    0.0	    0.0	    0.0	  100.0	    0.0	    0.0	    0.0	    0.0	    0.0	   41.1	  1	   50.0	 1450.0	    0.0	    0.0	    0.0	1	   65.6	 21	    0.0	    5.0	
 1091	  31.17	    0.5	 1499.3	    0.0	    0.0	    0.0	    0.0	    0.0	    0.0	    0.0	    0.0	    0.0	  100.0	    0.0	    0.0	    0.0	    0.0	    0.0	   41.2	  1	   50.0	 1450.0	    0.0	    0.0	    0.0	1	   65.6	 21	    0.0	    5.0	
 1092	  31.20	    0.5	 1499.3	    0.0	    0.0	    0.0	    0.0	    0.0	    0.0	    0.0	    0.0	    0.0	  100.0	    0.0	    0.0	    0.0	    0.0	    0.0	   41.2	  1	   50.0	 1450.0	    0.0	    0.0	    0.0	1	   65.6	 21	    0.0	    5.0	
 1093	  31.23	    0.5	 1499.3	    0.0	    0.0	    0.0	    0.0	    0.0	    0.0	    0.0	    0.0	    0.0	  100.0	    0.0	    0.0	    0.0	    0.0	    0.0	   41.2	  1	   50.0	 1450.0	    0.0	    0.0	    0.0	1	   65.6	 21	    0.0	    5.0	
 1094	  31.26	    0.5	 1499.3	    0.0	    0.0	    0.0	    0.0	    0.0	    0.0	    0.0	    0.0	    0.0	  100.0	    0.0	    0.0	    0.0	    0.0	    0.0	   41.3	  1	   50.0	 1450.0	    0.0	    0.0	    0.0	1	   65.6	 21	    0.0	    5.0	
 1095	  31.29	    0.5	 1499.3	    0.0	    0.0	    0.0	    0.0	    0.0	    0.0	    0.0	    0.0	    0.0	  100.0	    0.0	    0.0	    0.0	    0.0	    0.0	   41.3	  1	   50.0	 1450.0	    0.0	    0.0	    0.0	1	   65.6	 21	    0.0	    5.0	
 1096	  31.32	    0.5	 1499.3	    0.0	    0.0	    0.0	    0.0	    0.0	    0.0	    0.0	    0.0	    0.0	  100.0	    0.0	    0.0	    0.0	    0.0	    0.0	   41.3	  1	   50.0	 1450.0	    0.0	    0.0	    0.0	1	   65.6	 21	    0.0	    5.0	
 1097	  31.34	    0.5	 1499.3	    0.0	    0.0	    0.0	    0.0	    0.0	    0.0	    0.0	    0.0	    0.0	  100.0	    0.0	    0.0	    0.0	    0.0	    0.0	   41.4	  1	   50.0	 1450.0	    0.0	    0.0	    0.0	1	   65.6	 21	    0.0	    5.0	
 1098	  31.37	    0.5	 1499.3	    0.0	    0.0	    0.0	    0.0	    0.0	    0.0	    0.0	    0.0	    0.0	  100.0	    0.0	    0.0	    0.0	    0.0	    0.0	   41.4	  1	   50.0	 1450.0	    0.0	    0.0	    0.0	1	   65.6	 21	    0.0	    5.0	
 1099	  31.40	    0.5	 1499.3	    0.0	    0.0	    0.0	    0.0	    0.0	    0.0	    0.0	    0.0	    0.0	  100.0	    0.0	    0.0	    0.0	    0.0	    0.0	   41.5	  1	   50.0	 1450.0	    0.0	    0.0	    0.0	1	   65.6	 21	    0.0	    5.0	
 1100	  31.43	    0.5	 1499.3	    0.0	    0.0	    0.0	    0.0	    0.0	    0.0	    0.0	    0.0	    0.0	  100.0	    0.0	    0.0	    0.0	    0.0	    0.0	   41.5	  1	   50.0	 1450.0	    0.0	    0.0	    0.0	1	   65.6	 21	    0.0	    5.0	
 1101	  31.46	    0.5	 1499.3	    0.0	    0.0	    0.0	    0.0	    0.0	    0.0	    0.0	    0.0	    0.0	  100.0	    0.0	    0.0	    0.0	    0.0	    0.0	   41.5	  1	   50.0	 1450.0	    0.0	    0.0	    0.0	1	   65.6	 21	    0.0	    5.0	
 1102	  31.49	    0.5	 1499.3	    0.0	    0.0	    0.0	    0.0	    0.0	    0.0	    0.0	    0.0	    0.0	  100.0	    0.0	    0.0	    0.0	    0.0	    0.0	   41.6	  1	   50.0	 1450.0	    0.0	    0.0	    0.0	1	   65.6	 21	    0.0	    5.0	
 1103	  31.52	    0.5	 1499.3	    0.0	    0.0	    0.0	    0.0	    0.0	    0.0	    0.0	    0.0	    0.0	  100.0	    0.0	    0.0	    0.0	    0.0	    0.0	   41.6	  1	   50.0	 1450.0	    0.0	    0.0	    0.0	1	   65.6	 21	    0.0	    5.0	
 1104	  31.54	    0.5	 1499.3	    0.0	    0.0	    0.0	    0.0	    0.0	    0.0	    0.0	    0.0	    0.0	  100.0	    0.0	    0.0	    0.0	    0.0	    0.0	   41.7	  1	   50.0	 1450.0	    0.0	    0.0	    0.0	1	   65.6	 21	    0.0	    5.0	
 1105	  31.57	    0.5	 1499.3	    0.0	    0.0	    0.0	    0.0	    0.0	    0.0	    0.0	    0.0	    0.0	  100.0	    0.0	    0.0	    0.0	    0.0	    0.0	   41.7	  1	   50.0	 1450.0	    0.0	    0.0	    0.0	1	   65.6	 21	    0.0	    5.0	
 1106	  31.60	    0.5	 1499.3	    0.0	    0.0	    0.0	    0.0	    0.0	    0.0	    0.0	    0.0	    0.0	  100.0	    0.0	    0.0	    0.0	    0.0	    0.0	   41.7	  1	   50.0	 1450.0	    0.0	    0.0	    0.0	1	   65.6	 21	    0.0	    5.0	
 1107	  31.63	    0.5	 1499.3	    0.0	    0.0	    0.0	    0.0	    0.0	    0.0	    0.0	    0.0	    0.0	  100.0	    0.0	    0.0	    0.0	    0.0	    0.0	   41.8	  1	   50.0	 1450.0	    0.0	    0.0	    0.0	1	   65.6	 21	    0.0	    5.0	
 1108	  31.66	    0.5	 1499.3	    0.0	    0.0	    0.0	    0.0	    0.0	    0.0	    0.0	    0.0	    0.0	  100.0	    0.0	    0.0	    0.0	    0.0	    0.0	   41.8	  1	   50.0	 1450.0	    0.0	    0.0	    0.0	1	   65.6	 21	    0.0	    5.0	
 1109	  31.69	    0.5	 1499.3	    0.0	    0.0	    0.0	    0.0	    0.0	    0.0	    0.0	    0.0	    0.0	  100.0	    0.0	    0.0	    0.0	    0.0	    0.0	   41.8	  1	   50.0	 1450.0	    0.0	    0.0	    0.0	1	   65.6	 21	    0.0	    5.0	
 1110	  31.71	    0.5	 1499.3	    0.0	    0.0	    0.0	    0.0	    0.0	    0.0	    0.0	    0.0	    0.0	  100.0	    0.0	    0.0	    0.0	    0.0	    0.0	   41.9	  1	   50.0	 1450.0	    0.0	    0.0	    0.0	1	   65.6	 21	    0.0	    5.0	
 1111	  31.74	    0.5	 1499.3	    0.0	    0.0	    0.0	    0.0	    0.0	    0.0	    0.0	    0.0	    0.0	  100.0	    0.0	    0.0	    0.0	    0.0	    0.0	   41.9	  1	   50.0	 1450.0	    0.0	    0.0	    0.0	1	   65.6	 21	    0.0	    5.0	
 1112	  31.77	    0.5	 1499.3	    0.0	    0.0	    0.0	    0.0	    0.0	    0.0	    0.0	    0.0	    0.0	  100.0	    0.0	    0.0	    0.0	    0.0	    0.0	   42.0	  1	   50.0	 1450.0	    0.0	    0.0	    0.0	1	   65.6	 21	    0.0	    5.0	
 1113	  31.80	    0.5	 1499.3	    0.0	    0.0	    0.0	    0.0	    0.0	    0.0	    0.0	    0.0	    0.0	  100.0	    0.0	    0.0	    0.0	    0.0	    0.0	   42.0	  1	   50.0	 1450.0	    0.0	    0.0	    0.0	1	   65.6	 21	    0.0	    5.0	
 1114	  31.83	    0.5	 1499.3	    0.0	    0.0	    0.0	    0.0	    0.0	    0.0	    0.0	    0.0	    0.0	  100.0	    0.0	    0.0	    0.0	    0.0	    0.0	   42.0	  1	   50.0	 1450.0	    0.0	    0.0	    0.0	1	   65.6	 21	    0.0	    5.0	
 1115	  31.86	    0.5	 1499.3	    0.0	    0.0	    0.0	    0.0	    0.0	    0.0	    0.0	    0.0	    0.0	  100.0	    0.0	    0.0	    0.0	    0.0	    0.0	   42.1	  1	   50.0	 1450.0	    0.0	    0.0	    0.0	1	   65.6	 21	    0.0	    5.0	
 1116	  31.89	    0.5	 1499.3	    0.0	    0.0	    0.0	    0.0	    0.0	    0.0	    0.0	    0.0	    0.0	  100.0	    0.0	    0.0	    0.0	    0.0	    0.0	   42.1	  1	   50.0	 1450.0	    0.0	    0.0	    0.0	1	   65.6	 21	    0.0	    5.0	
 1117	  31.91	    0.5	 1499.3	    0.0	    0.0	    0.0	    0.0	    0.0	    0.0	    0.0	    0.0	    0.0	  100.0	    0.0	    0.0	    0.0	    0.0	    0.0	   42.1	  1	   50.0	 1450.0	    0.0	    0.0	    0.0	1	   65.6	 21	    0.0	    5.0	
 1118	  31.94	    0.5	 1499.3	    0.0	    0.0	    0.0	    0.0	    0.0	    0.0	    0.0	    0.0	    0.0	  100.0	    0.0	    0.0	    0.0	    0.0	    0.0	   42.2	  1	   50.0	 1450.0	    0.0	    0.0	    0.0	1	   65.6	 21	    0.0	    5.0	
 1119	  31.97	    0.5	 1499.3	    0.0	    0.0	    0.0	    0.0	    0.0	    0.0	    0.0	    0.0	    0.0	  100.0	    0.0	    0.0	    0.0	    0.0	    0.0	   42.2	  1	   50.0	 1450.0	    0.0	    0.0	    0.0	1	   65.6	 21	    0.0	    5.0	
 1120	  32.00	    0.5	 1499.3	    0.0	    0.0	    0.0	    0.0	    0.0	    0.0	    0.0	    0.0	    0.0	  100.0	    0.0	    0.0	    0.0	    0.0	    0.0	   42.3	  1	   50.0	 1450.0	    0.0	    0.0	    0.0	1	   65.6	 21	    0.0	    5.0	
 1121	  32.03	    0.5	 1499.3	    0.0	    0.0	    0.0	    0.0	    0.0	    0.0	    0.0	    0.0	    0.0	  100.0	    0.0	    0.0	    0.0	    0.0	    0.0	   42.3	  1	   50.0	 1450.0	    0.0	    0.0	    0.0	1	   65.6	 21	    0.0	    5.0	
 1122	  32.06	    0.5	 1499.3	    0.0	    0.0	    0.0	    0.0	    0.0	    0.0	    0.0	    0.0	    0.0	  100.0	    0.0	    0.0	    0.0	    0.0	    0.0	   42.3	  1	   50.0	 1450.0	    0.0	    0.0	    0.0	1	   65.6	 21	    0.0	    5.0	
 1123	  32.09	    0.5	 1499.3	    0.0	    0.0	    0.0	    0.0	    0.0	    0.0	    0.0	    0.0	    0.0	  100.0	    0.0	    0.0	    0.0	    0.0	    0.0	   42.4	  1	   50.0	 1450.0	    0.0	    0.0	    0.0	1	   65.6	 21	    0.0	    5.0	
 1124	  32.12	    0.5	 1499.3	    0.0	    0.0	    0.0	    0.0	    0.0	    0.0	    0.0	    0.0	    0.0	  100.0	    0.0	    0.0	    0.0	    0.0	    0.0	   42.4	  1	   50.0	 1450.0	    0.0	    0.0	    0.0	1	   65.6	 21	    0.0	    5.0	
 1125	  32.14	    0.5	 1499.3	    0.0	    0.0	    0.0	    0.0	    0.0	    0.0	    0.0	    0.0	    0.0	  100.0	    0.0	    0.0	    0.0	    0.0	    0.0	   42.5	  1	   50.0	 1450.0	    0.0	    0.0	    0.0	1	   65.6	 21	    0.0	    5.0	
 1126	  32.17	    0.5	 1499.3	    0.0	    0.0	    0.0	    0.0	    0.0	    0.0	    0.0	    0.0	    0.0	  100.0	    0.0	    0.0	    0.0	    0.0	    0.0	   42.5	  1	   50.0	 1450.0	    0.0	    0.0	    0.0	1	   65.6	 21	    0.0	    5.0	
 1127	  32.20	    0.5	 1499.3	    0.0	    0.0	    0.0	    0.0	    0.0	    0.0	    0.0	    0.0	    0.0	  100.0	    0.0	    0.0	    0.0	    0.0	    0.0	   42.5	  1	   50.0	 1450.0	    0.0	    0.0	    0.0	1	   65.6	 21	    0.0	    5.0	
 1128	  32.23	    0.5	 1499.3	    0.0	    0.0	    0.0	    0.0	    0.0	    0.0	    0.0	    0.0	    0.0	  100.0	    0.0	    0.0	    0.0	    0.0	    0.0	   42.6	  1	   50.0	 1450.0	    0.0	    0.0	    0.0	1	   65.6	 21	    0.0	    5.0	
 1129	  32.26	    0.5	 1499.3	    0.0	    0.0	    0.0	    0.0	    0.0	    0.0	    0.0	    0.0	    0.0	  100.0	    0.0	    0.0	    0.0	    0.0	    0.0	   42.6	  1	   50.0	 1450.0	    0.0	    0.0	    0.0	1	   65.6	 21	    0.0	    5.0	
 1130	  32.29	    0.5	 1499.3	    0.0	    0.0	    0.0	    0.0	    0.0	    0.0	    0.0	    0.0	    0.0	  100.0	    0.0	    0.0	    0.0	    0.0	    0.0	   42.6	  1	   50.0	 1450.0	    0.0	    0.0	    0.0	1	   65.6	 21	    0.0	    5.0	
 1131	  32.31	    0.5	 1499.3	    0.0	    0.0	    0.0	    0.0	    0.0	    0.0	    0.0	    0.0	    0.0	  100.0	    0.0	    0.0	    0.0	    0.0	    0.0	   42.7	  1	   50.0	 1450.0	    0.0	    0.0	    0.0	1	   65.6	 21	    0.0	    5.0	
 1132	  32.34	    0.5	 1499.3	    0.0	    0.0	    0.0	    0.0	    0.0	    0.0	    0.0	    0.0	    0.0	  100.0	    0.0	    0.0	    0.0	    0.0	    0.0	   42.7	  1	   50.0	 1450.0	    0.0	    0.0	    0.0	1	   65.6	 21	    0.0	    5.0	
 1133	  32.37	    0.5	 1499.3	    0.0	    0.0	    0.0	    0.0	    0.0	    0.0	    0.0	    0.0	    0.0	  100.0	    0.0	    0.0	    0.0	    0.0	    0.0	   42.8	  1	   50.0	 1450.0	    0.0	    0.0	    0.0	1	   65.6	 21	    0.0	    5.0	
 1134	  32.40	    0.5	 1499.3	    0.0	    0.0	    0.0	    0.0	    0.0	    0.0	    0.0	    0.0	    0.0	  100.0	    0.0	    0.0	    0.0	    0.0	    0.0	   42.8	  1	   50.0	 1450.0	    0.0	    0.0	    0.0	1	   65.6	 21	    0.0	    5.0	
 1135	  32.43	    0.5	 1499.3	    0.0	    0.0	    0.0	    0.0	    0.0	    0.0	    0.0	    0.0	    0.0	  100.0	    0.0	    0.0	    0.0	    0.0	    0.0	   42.8	  1	   50.0	 1450.0	    0.0	    0.0	    0.0	1	   65.6	 21	    0.0	    5.0	
 1136	  32.46	    0.5	 1499.3	    0.0	    0.0	    0.0	    0.0	    0.0	    0.0	    0.0	    0.0	    0.0	  100.0	    0.0	    0.0	    0.0	    0.0	    0.0	   42.9	  1	   50.0	 1450.0	    0.0	    0.0	    0.0	1	   65.6	 21	    0.0	    5.0	
 1137	  32.49	    0.5	 1499.3	    0.0	    0.0	    0.0	    0.0	    0.0	    0.0	    0.0	    0.0	    0.0	  100.0	    0.0	    0.0	    0.0	    0.0	    0.0	   42.9	  1	   50.0	 1450.0	    0.0	    0.0	    0.0	1	   65.6	 21	    0.0	    5.0	
 1138	  32.52	    0.5	 1499.3	    0.0	    0.0	    0.0	    0.0	    0.0	    0.0	    0.0	    0.0	    0.0	  100.0	    0.0	    0.0	    0.0	    0.0	    0.0	   42.9	  1	   50.0	 1450.0	    0.0	    0.0	    0.0	1	   65.6	 21	    0.0	    5.0	
 1139	  32.54	    0.5	 1499.3	    0.0	    0.0	    0.0	    0.0	    0.0	    0.0	    0.0	    0.0	    0.0	  100.0	    0.0	    0.0	    0.0	    0.0	    0.0	   43.0	  1	   50.0	 1450.0	    0.0	    0.0	    0.0	1	   65.6	 21	    0.0	    5.0	
 1140	  32.57	    0.5	 1499.3	    0.0	    0.0	    0.0	    0.0	    0.0	    0.0	    0.0	    0.0	    0.0	  100.0	    0.0	    0.0	    0.0	    0.0	    0.0	   43.0	  1	   50.0	 1450.0	    0.0	    0.0	    0.0	1	   65.6	 21	    0.0	    5.0	
 1141	  32.60	    0.5	 1499.3	    0.0	    0.0	    0.0	    0.0	    0.0	    0.0	    0.0	    0.0	    0.0	  100.0	    0.0	    0.0	    0.0	    0.0	    0.0	   43.1	  1	   50.0	 1450.0	    0.0	    0.0	    0.0	1	   65.6	 21	    0.0	    5.0	
 1142	  32.63	    0.5	 1499.3	    0.0	    0.0	    0.0	    0.0	    0.0	    0.0	    0.0	    0.0	    0.0	  100.0	    0.0	    0.0	    0.0	    0.0	    0.0	   43.1	  1	   50.0	 1450.0	    0.0	    0.0	    0.0	1	   65.6	 21	    0.0	    5.0	
 1143	  32.66	    0.5	 1499.3	    0.0	    0.0	    0.0	    0.0	    0.0	    0.0	    0.0	    0.0	    0.0	  100.0	    0.0	    0.0	    0.0	    0.0	    0.0	   43.1	  1	   50.0	 1450.0	    0.0	    0.0	    0.0	1	   65.6	 21	    0.0	    5.0	
 1144	  32.69	    0.5	 1499.3	    0.0	    0.0	    0.0	    0.0	    0.0	    0.0	    0.0	    0.0	    0.0	  100.0	    0.0	    0.0	    0.0	    0.0	    0.0	   43.2	  1	   50.0	 1450.0	    0.0	    0.0	    0.0	1	   65.6	 21	    0.0	    5.0	
 1145	  32.72	    0.5	 1499.3	    0.0	    0.0	    0.0	    0.0	    0.0	    0.0	    0.0	    0.0	    0.0	  100.0	    0.0	    0.0	    0.0	    0.0	    0.0	   43.2	  1	   50.0	 1450.0	    0.0	    0.0	    0.0	1	   65.6	 21	    0.0	    5.0	
 1146	  32.74	    0.5	 1499.3	    0.0	    0.0	    0.0	    0.0	    0.0	    0.0	    0.0	    0.0	    0.0	  100.0	    0.0	    0.0	    0.0	    0.0	    0.0	   43.2	  1	   50.0	 1450.0	    0.0	    0.0	    0.0	1	   65.6	 21	    0.0	    5.0	
 1147	  32.77	    0.5	 1499.3	    0.0	    0.0	    0.0	    0.0	    0.0	    0.0	    0.0	    0.0	    0.0	  100.0	    0.0	    0.0	    0.0	    0.0	    0.0	   43.3	  1	   50.0	 1450.0	    0.0	    0.0	    0.0	1	   65.6	 21	    0.0	    5.0	
 1148	  32.80	    0.5	 1499.3	    0.0	    0.0	    0.0	    0.0	    0.0	    0.0	    0.0	    0.0	    0.0	  100.0	    0.0	    0.0	    0.0	    0.0	    0.0	   43.3	  1	   50.0	 1450.0	    0.0	    0.0	    0.0	1	   65.6	 21	    0.0	    5.0	
 1149	  32.83	    0.5	 1499.3	    0.0	    0.0	    0.0	    0.0	    0.0	    0.0	    0.0	    0.0	    0.0	  100.0	    0.0	    0.0	    0.0	    0.0	    0.0	   43.4	  1	   50.0	 1450.0	    0.0	    0.0	    0.0	1	   65.6	 21	    0.0	    5.0	
 1150	  32.86	    0.5	 1499.3	    0.0	    0.0	    0.0	    0.0	    0.0	    0.0	    0.0	    0.0	    0.0	  100.0	    0.0	    0.0	    0.0	    0.0	    0.0	   43.4	  1	   50.0	 1450.0	    0.0	    0.0	    0.0	1	   65.6	 21	    0.0	    5.0	
 1151	  32.89	    0.5	 1499.3	    0.0	    0.0	    0.0	    0.0	    0.0	    0.0	    0.0	    0.0	    0.0	  100.0	    0.0	    0.0	    0.0	    0.0	    0.0	   43.4	  1	   50.0	 1450.0	    0.0	    0.0	    0.0	1	   65.6	 21	    0.0	    5.0	
 1152	  32.91	    0.5	 1499.3	    0.0	    0.0	    0.0	    0.0	    0.0	    0.0	    0.0	    0.0	    0.0	  100.0	    0.0	    0.0	    0.0	    0.0	    0.0	   43.5	  1	   50.0	 1450.0	    0.0	    0.0	    0.0	1	   65.6	 21	    0.0	    5.0	
 1153	  32.94	    0.5	 1499.3	    0.0	    0.0	    0.0	    0.0	    0.0	    0.0	    0.0	    0.0	    0.0	  100.0	    0.0	    0.0	    0.0	    0.0	    0.0	   43.5	  1	   50.0	 1450.0	    0.0	    0.0	    0.0	1	   65.6	 21	    0.0	    5.0	
 1154	  32.97	    0.5	 1499.3	    0.0	    0.0	    0.0	    0.0	    0.0	    0.0	    0.0	    0.0	    0.0	  100.0	    0.0	    0.0	    0.0	    0.0	    0.0	   43.6	  1	   50.0	 1450.0	    0.0	    0.0	    0.0	1	   65.6	 21	    0.0	    5.0	
 1155	  33.00	    0.5	 1499.3	    0.0	    0.0	    0.0	    0.0	    0.0	    0.0	    0.0	    0.0	    0.0	  100.0	    0.0	    0.0	    0.0	    0.0	    0.0	   43.6	  1	   50.0	 1450.0	    0.0	    0.0	    0.0	1	   65.6	 21	    0.0	    5.0	
 1156	  33.03	    0.5	 1499.3	    0.0	    0.0	    0.0	    0.0	    0.0	    0.0	    0.0	    0.0	    0.0	  100.0	    0.0	    0.0	    0.0	    0.0	    0.0	   43.6	  1	   50.0	 1450.0	    0.0	    0.0	    0.0	1	   65.6	 21	    0.0	    5.0	
 1157	  33.06	    0.5	 1499.3	    0.0	    0.0	    0.0	    0.0	    0.0	    0.0	    0.0	    0.0	    0.0	  100.0	    0.0	    0.0	    0.0	    0.0	    0.0	   43.7	  1	   50.0	 1450.0	    0.0	    0.0	    0.0	1	   65.6	 21	    0.0	    5.0	
 1158	  33.09	    0.5	 1499.3	    0.0	    0.0	    0.0	    0.0	    0.0	    0.0	    0.0	    0.0	    0.0	  100.0	    0.0	    0.0	    0.0	    0.0	    0.0	   43.7	  1	   50.0	 1450.0	    0.0	    0.0	    0.0	1	   65.6	 21	    0.0	    5.0	
 1159	  33.12	    0.5	 1499.3	    0.0	    0.0	    0.0	    0.0	    0.0	    0.0	    0.0	    0.0	    0.0	  100.0	    0.0	    0.0	    0.0	    0.0	    0.0	   43.7	  1	   50.0	 1450.0	    0.0	    0.0	    0.0	1	   65.6	 21	    0.0	    5.0	
 1160	  33.14	    0.5	 1499.3	    0.0	    0.0	    0.0	    0.0	    0.0	    0.0	    0.0	    0.0	    0.0	  100.0	    0.0	    0.0	    0.0	    0.0	    0.0	   43.8	  1	   50.0	 1450.0	    0.0	    0.0	    0.0	1	   65.6	 21	    0.0	    5.0	
 1161	  33.17	    0.5	 1499.3	    0.0	    0.0	    0.0	    0.0	    0.0	    0.0	    0.0	    0.0	    0.0	  100.0	    0.0	    0.0	    0.0	    0.0	    0.0	   43.8	  1	   50.0	 1450.0	    0.0	    0.0	    0.0	1	   65.6	 21	    0.0	    5.0	
 1162	  33.20	    0.5	 1499.3	    0.0	    0.0	    0.0	    0.0	    0.0	    0.0	    0.0	    0.0	    0.0	  100.0	    0.0	    0.0	    0.0	    0.0	    0.0	   43.9	  1	   50.0	 1450.0	    0.0	    0.0	    0.0	1	   65.6	 21	    0.0	    5.0	
 1163	  33.23	    0.5	 1499.3	    0.0	    0.0	    0.0	    0.0	    0.0	    0.0	    0.0	    0.0	    0.0	  100.0	    0.0	    0.0	    0.0	    0.0	    0.0	   43.9	  1	   50.0	 1450.0	    0.0	    0.0	    0.0	1	   65.6	 21	    0.0	    5.0	
 1164	  33.26	    0.5	 1499.3	    0.0	    0.0	    0.0	    0.0	    0.0	    0.0	    0.0	    0.0	    0.0	  100.0	    0.0	    0.0	    0.0	    0.0	    0.0	   43.9	  1	   50.0	 1450.0	    0.0	    0.0	    0.0	1	   65.6	 21	    0.0	    5.0	
 1165	  33.29	    0.5	 1499.3	    0.0	    0.0	    0.0	    0.0	    0.0	    0.0	    0.0	    0.0	    0.0	  100.0	    0.0	    0.0	    0.0	    0.0	    0.0	   44.0	  1	   50.0	 1450.0	    0.0	    0.0	    0.0	1	   65.6	 21	    0.0	    5.0	
 1166	  33.31	    0.5	 1499.3	    0.0	    0.0	    0.0	    0.0	    0.0	    0.0	    0.0	    0.0	    0.0	  100.0	    0.0	    0.0	    0.0	    0.0	    0.0	   44.0	  1	   50.0	 1450.0	    0.0	    0.0	    0.0	1	   65.6	 21	    0.0	    5.0	
 1167	  33.34	    0.5	 1499.3	    0.0	    0.0	    0.0	    0.0	    0.0	    0.0	    0.0	    0.0	    0.0	  100.0	    0.0	    0.0	    0.0	    0.0	    0.0	   44.0	  1	   50.0	 1450.0	    0.0	    0.0	    0.0	1	   65.6	 21	    0.0	    5.0	
 1168	  33.37	    0.5	 1499.3	    0.0	    0.0	    0.0	    0.0	    0.0	    0.0	    0.0	    0.0	    0.0	  100.0	    0.0	    0.0	    0.0	    0.0	    0.0	   44.1	  1	   50.0	 1450.0	    0.0	    0.0	    0.0	1	   65.6	 21	    0.0	    5.0	
 1169	  33.40	    0.5	 1499.3	    0.0	    0.0	    0.0	    0.0	    0.0	    0.0	    0.0	    0.0	    0.0	  100.0	    0.0	    0.0	    0.0	    0.0	    0.0	   44.1	  1	   50.0	 1450.0	    0.0	    0.0	    0.0	1	   65.6	 21	    0.0	    5.0	
 1170	  33.43	    0.5	 1499.3	    0.0	    0.0	    0.0	    0.0	    0.0	    0.0	    0.0	    0.0	    0.0	  100.0	    0.0	    0.0	    0.0	    0.0	    0.0	   44.2	  1	   50.0	 1450.0	    0.0	    0.0	    0.0	1	   65.6	 21	    0.0	    5.0	
 1171	  33.46	    0.5	 1499.3	    0.0	    0.0	    0.0	    0.0	    0.0	    0.0	    0.0	    0.0	    0.0	  100.0	    0.0	    0.0	    0.0	    0.0	    0.0	   44.2	  1	   50.0	 1450.0	    0.0	    0.0	    0.0	1	   65.6	 21	    0.0	    5.0	
 1172	  33.49	    0.5	 1499.3	    0.0	    0.0	    0.0	    0.0	    0.0	    0.0	    0.0	    0.0	    0.0	  100.0	    0.0	    0.0	    0.0	    0.0	    0.0	   44.2	  1	   50.0	 1450.0	    0.0	    0.0	    0.0	1	   65.6	 21	    0.0	    5.0	
 1173	  33.52	    0.5	 1499.3	    0.0	    0.0	    0.0	    0.0	    0.0	    0.0	    0.0	    0.0	    0.0	  100.0	    0.0	    0.0	    0.0	    0.0	    0.0	   44.3	  1	   50.0	 1450.0	    0.0	    0.0	    0.0	1	   65.6	 21	    0.0	    5.0	
 1174	  33.54	    0.5	 1499.3	    0.0	    0.0	    0.0	    0.0	    0.0	    0.0	    0.0	    0.0	    0.0	  100.0	    0.0	    0.0	    0.0	    0.0	    0.0	   44.3	  1	   50.0	 1450.0	    0.0	    0.0	    0.0	1	   65.6	 21	    0.0	    5.0	
 1175	  33.57	    0.5	 1499.3	    0.0	    0.0	    0.0	    0.0	    0.0	    0.0	    0.0	    0.0	    0.0	  100.0	    0.0	    0.0	    0.0	    0.0	    0.0	   44.4	  1	   50.0	 1450.0	    0.0	    0.0	    0.0	1	   65.6	 21	    0.0	    5.0	
 1176	  33.60	    0.5	 1499.3	    0.0	    0.0	    0.0	    0.0	    0.0	    0.0	    0.0	    0.0	    0.0	  100.0	    0.0	    0.0	    0.0	    0.0	    0.0	   44.4	  1	   50.0	 1450.0	    0.0	    0.0	    0.0	1	   65.6	 21	    0.0	    5.0	
 1177	  33.63	    0.5	 1499.3	    0.0	    0.0	    0.0	    0.0	    0.0	    0.0	    0.0	    0.0	    0.0	  100.0	    0.0	    0.0	    0.0	    0.0	    0.0	   44.4	  1	   50.0	 1450.0	    0.0	    0.0	    0.0	1	   65.6	 21	    0.0	    5.0	
 1178	  33.66	    0.5	 1499.3	    0.0	    0.0	    0.0	    0.0	    0.0	    0.0	    0.0	    0.0	    0.0	  100.0	    0.0	    0.0	    0.0	    0.0	    0.0	   44.5	  1	   50.0	 1450.0	    0.0	    0.0	    0.0	1	   65.6	 21	    0.0	    5.0	
 1179	  33.69	    0.5	 1499.3	    0.0	    0.0	    0.0	    0.0	    0.0	    0.0	    0.0	    0.0	    0.0	  100.0	    0.0	    0.0	    0.0	    0.0	    0.0	   44.5	  1	   50.0	 1450.0	    0.0	    0.0	    0.0	1	   65.6	 21	    0.0	    5.0	
 1180	  33.72	    0.5	 1499.3	    0.0	    0.0	    0.0	    0.0	    0.0	    0.0	    0.0	    0.0	    0.0	  100.0	    0.0	    0.0	    0.0	    0.0	    0.0	   44.5	  1	   50.0	 1450.0	    0.0	    0.0	    0.0	1	   65.6	 21	    0.0	    5.0	
 1181	  33.74	    0.5	 1499.3	    0.0	    0.0	    0.0	    0.0	    0.0	    0.0	    0.0	    0.0	    0.0	  100.0	    0.0	    0.0	    0.0	    0.0	    0.0	   44.6	  1	   50.0	 1450.0	    0.0	    0.0	    0.0	1	   65.6	 21	    0.0	    5.0	
 1182	  33.77	    0.5	 1499.3	    0.0	    0.0	    0.0	    0.0	    0.0	    0.0	    0.0	    0.0	    0.0	  100.0	    0.0	    0.0	    0.0	    0.0	    0.0	   44.6	  1	   50.0	 1450.0	    0.0	    0.0	    0.0	1	   65.6	 21	    0.0	    5.0	
 1183	  33.80	    0.5	 1499.3	    0.0	    0.0	    0.0	    0.0	    0.0	    0.0	    0.0	    0.0	    0.0	  100.0	    0.0	    0.0	    0.0	    0.0	    0.0	   44.7	  1	   50.0	 1450.0	    0.0	    0.0	    0.0	1	   65.6	 21	    0.0	    5.0	
 1184	  33.83	    0.5	 1499.3	    0.0	    0.0	    0.0	    0.0	    0.0	    0.0	    0.0	    0.0	    0.0	  100.0	    0.0	    0.0	    0.0	    0.0	    0.0	   44.7	  1	   50.0	 1450.0	    0.0	    0.0	    0.0	1	   65.6	 21	    0.0	    5.0	
 1185	  33.86	    0.5	 1499.3	    0.0	    0.0	    0.0	    0.0	    0.0	    0.0	    0.0	    0.0	    0.0	  100.0	    0.0	    0.0	    0.0	    0.0	    0.0	   44.7	  1	   50.0	 1450.0	    0.0	    0.0	    0.0	1	   65.6	 21	    0.0	    5.0	
 1186	  33.89	    0.5	 1499.3	    0.0	    0.0	    0.0	    0.0	    0.0	    0.0	    0.0	    0.0	    0.0	  100.0	    0.0	    0.0	    0.0	    0.0	    0.0	   44.8	  1	   50.0	 1450.0	    0.0	    0.0	    0.0	1	   65.6	 21	    0.0	    5.0	
 1187	  33.91	    0.5	 1499.3	    0.0	    0.0	    0.0	    0.0	    0.0	    0.0	    0.0	    0.0	    0.0	  100.0	    0.0	    0.0	    0.0	    0.0	    0.0	   44.8	  1	   50.0	 1450.0	    0.0	    0.0	    0.0	1	   65.6	 21	    0.0	    5.0	
 1188	  33.94	    0.5	 1499.3	    0.0	    0.0	    0.0	    0.0	    0.0	    0.0	    0.0	    0.0	    0.0	  100.0	    0.0	    0.0	    0.0	    0.0	    0.0	   44.8	  1	   50.0	 1450.0	    0.0	    0.0	    0.0	1	   65.6	 21	    0.0	    5.0	
 1189	  33.97	    0.5	 1499.3	    0.0	    0.0	    0.0	    0.0	    0.0	    0.0	    0.0	    0.0	    0.0	  100.0	    0.0	    0.0	    0.0	    0.0	    0.0	   44.9	  1	   50.0	 1450.0	    0.0	    0.0	    0.0	1	   65.6	 21	    0.0	    5.0	
 1190	  34.00	    0.5	 1499.3	    0.0	    0.0	    0.0	    0.0	    0.0	    0.0	    0.0	    0.0	    0.0	  100.0	    0.0	    0.0	    0.0	    0.0	    0.0	   44.9	  1	  550.0	 2050.0	    0.0	    0.0	    0.0	1	  299.8	 21	    0.0	    5.0	
 1191	  34.03	    0.5	 1499.3	    0.0	    0.0	    0.0	    0.0	    0.0	    0.0	    0.0	    0.0	    0.0	  100.0	    0.0	    0.0	    0.0	    0.0	    0.0	   45.0	  1	  550.0	 2050.0	    0.0	    0.0	    0.0	1	  299.8	 21	    0.0	    5.0	
 1192	  34.06	    0.5	 1499.3	    0.0	    0.0	    0.0	    0.0	    0.0	    0.0	    0.0	    0.0	    0.0	  100.0	    0.0	    0.0	    0.0	    0.0	    0.0	   45.0	  1	  550.0	 2050.0	    0.0	    0.0	    0.0	1	  299.8	 21	    0.0	    5.0	
 1193	  34.09	    0.5	 1499.3	    0.0	    0.0	    0.0	    0.0	    0.0	    0.0	    0.0	    0.0	    0.0	  100.0	    0.0	    0.0	    0.0	    0.0	    0.0	   45.0	  1	  550.0	 2050.0	    0.0	    0.0	    0.0	1	  299.8	 21	    0.0	    5.0	
 1194	  34.12	    0.5	 1499.3	    0.0	    0.0	    0.0	    0.0	    0.0	    0.0	    0.0	    0.0	    0.0	  100.0	    0.0	    0.0	    0.0	    0.0	    0.0	   45.1	  1	  550.0	 2050.0	    0.0	    0.0	    0.0	1	  299.8	 21	    0.0	    5.0	
 1195	  34.14	    0.5	 1499.3	    0.0	    0.0	    0.0	    0.0	    0.0	    0.0	    0.0	    0.0	    0.0	  100.0	    0.0	    0.0	    0.0	    0.0	    0.0	   45.1	  1	  550.0	 2050.0	    0.0	    0.0	    0.0	1	  299.8	 21	    0.0	    5.0	
 1196	  34.17	    0.5	 1499.3	    0.0	    0.0	    0.0	    0.0	    0.0	    0.0	    0.0	    0.0	    0.0	  100.0	    0.0	    0.0	    0.0	    0.0	    0.0	   45.1	  1	  550.0	 2050.0	    0.0	    0.0	    0.0	1	  299.8	 21	    0.0	    5.0	
 1197	  34.20	    0.5	 1499.3	    0.0	    0.0	    0.0	    0.0	    0.0	    0.0	    0.0	    0.0	    0.0	  100.0	    0.0	    0.0	    0.0	    0.0	    0.0	   45.2	  1	  550.0	 2050.0	    0.0	    0.0	    0.0	1	  299.8	 21	    0.0	    5.0	
 1198	  34.23	    0.5	 1499.3	    0.0	    0.0	    0.0	    0.0	    0.0	    0.0	    0.0	    0.0	    0.0	  100.0	    0.0	    0.0	    0.0	    0.0	    0.0	   45.2	  1	  550.0	 2050.0	    0.0	    0.0	    0.0	1	  299.8	 21	    0.0	    5.0	
 1199	  34.26	    0.5	 1499.3	    0.0	    0.0	    0.0	    0.0	    0.0	    0.0	    0.0	    0.0	    0.0	  100.0	    0.0	    0.0	    0.0	    0.0	    0.0	   45.3	  1	  550.0	 2050.0	    0.0	    0.0	    0.0	1	  299.8	 21	    0.0	    5.0	
 1200	  34.29	    0.5	 1499.3	    0.0	    0.0	    0.0	    0.0	    0.0	    0.0	    0.0	    0.0	    0.0	  100.0	    0.0	    0.0	    0.0	    0.0	    0.0	   45.3	  1	  550.0	 2050.0	    0.0	    0.0	    0.0	1	  299.8	 21	    0.0	    5.0	
 1201	  34.31	    0.5	 1499.3	    0.0	    0.0	    0.0	    0.0	    0.0	    0.0	    0.0	    0.0	    0.0	  100.0	    0.0	    0.0	    0.0	    0.0	    0.0	   45.3	  1	  550.0	 2050.0	    0.0	    0.0	    0.0	1	  299.8	 21	    0.0	    5.0	
 1202	  34.34	    0.5	 1499.3	    0.0	    0.0	    0.0	    0.0	    0.0	    0.0	    0.0	    0.0	    0.0	  100.0	    0.0	    0.0	    0.0	    0.0	    0.0	   45.4	  1	  550.0	 2050.0	    0.0	    0.0	    0.0	1	  299.8	 21	    0.0	    5.0	
 1203	  34.37	    0.5	 1499.3	    0.0	    0.0	    0.0	    0.0	    0.0	    0.0	    0.0	    0.0	    0.0	  100.0	    0.0	    0.0	    0.0	    0.0	    0.0	   45.4	  1	  550.0	 2050.0	    0.0	    0.0	    0.0	1	  299.8	 21	    0.0	    5.0	
 1204	  34.40	    0.5	 1499.3	    0.0	    0.0	    0.0	    0.0	    0.0	    0.0	    0.0	    0.0	    0.0	  100.0	    0.0	    0.0	    0.0	    0.0	    0.0	   45.5	  1	  550.0	 2050.0	    0.0	    0.0	    0.0	1	  299.8	 21	    0.0	    5.0	
 1205	  34.43	    0.5	 1499.3	    0.0	    0.0	    0.0	    0.0	    0.0	    0.0	    0.0	    0.0	    0.0	  100.0	    0.0	    0.0	    0.0	    0.0	    0.0	   45.5	  1	  550.0	 2050.0	    0.0	    0.0	    0.0	1	  299.8	 21	    0.0	    5.0	
 1206	  34.46	    0.5	 1499.3	    0.0	    0.0	    0.0	    0.0	    0.0	    0.0	    0.0	    0.0	    0.0	  100.0	    0.0	    0.0	    0.0	    0.0	    0.0	   45.5	  1	  550.0	 2050.0	    0.0	    0.0	    0.0	1	  299.8	 21	    0.0	    5.0	
 1207	  34.49	    0.5	 1499.3	    0.0	    0.0	    0.0	    0.0	    0.0	    0.0	    0.0	    0.0	    0.0	  100.0	    0.0	    0.0	    0.0	    0.0	    0.0	   45.6	  1	  550.0	 2050.0	    0.0	    0.0	    0.0	1	  299.8	 21	    0.0	    5.0	
 1208	  34.52	    0.5	 1499.3	    0.0	    0.0	    0.0	    0.0	    0.0	    0.0	    0.0	    0.0	    0.0	  100.0	    0.0	    0.0	    0.0	    0.0	    0.0	   45.6	  1	  550.0	 2050.0	    0.0	    0.0	    0.0	1	  299.8	 21	    0.0	    5.0	
 1209	  34.54	    0.5	 1499.3	    0.0	    0.0	    0.0	    0.0	    0.0	    0.0	    0.0	    0.0	    0.0	  100.0	    0.0	    0.0	    0.0	    0.0	    0.0	   45.6	  1	  550.0	 2050.0	    0.0	    0.0	    0.0	1	  299.8	 21	    0.0	    5.0	
 1210	  34.57	    0.5	 1499.3	    0.0	    0.0	    0.0	    0.0	    0.0	    0.0	    0.0	    0.0	    0.0	  100.0	    0.0	    0.0	    0.0	    0.0	    0.0	   45.7	  1	  550.0	 2050.0	    0.0	    0.0	    0.0	1	  299.8	 21	    0.0	    5.0	
 1211	  34.60	    0.5	 1499.3	    0.0	    0.0	    0.0	    0.0	    0.0	    0.0	    0.0	    0.0	    0.0	  100.0	    0.0	    0.0	    0.0	    0.0	    0.0	   45.7	  1	  550.0	 2050.0	    0.0	    0.0	    0.0	1	  299.8	 21	    0.0	    5.0	
 1212	  34.63	    0.5	 1499.3	    0.0	    0.0	    0.0	    0.0	    0.0	    0.0	    0.0	    0.0	    0.0	  100.0	    0.0	    0.0	    0.0	    0.0	    0.0	   45.8	  1	  550.0	 2050.0	    0.0	    0.0	    0.0	1	  299.8	 21	    0.0	    5.0	
 1213	  34.66	    0.5	 1499.3	    0.0	    0.0	    0.0	    0.0	    0.0	    0.0	    0.0	    0.0	    0.0	  100.0	    0.0	    0.0	    0.0	    0.0	    0.0	   45.8	  1	  550.0	 2050.0	    0.0	    0.0	    0.0	1	  299.8	 21	    0.0	    5.0	
 1214	  34.69	    0.5	 1499.3	    0.0	    0.0	    0.0	    0.0	    0.0	    0.0	    0.0	    0.0	    0.0	  100.0	    0.0	    0.0	    0.0	    0.0	    0.0	   45.8	  1	  550.0	 2050.0	    0.0	    0.0	    0.0	1	  299.8	 21	    0.0	    5.0	
 1215	  34.72	    0.5	 1499.3	    0.0	    0.0	    0.0	    0.0	    0.0	    0.0	    0.0	    0.0	    0.0	  100.0	    0.0	    0.0	    0.0	    0.0	    0.0	   45.9	  1	  550.0	 2050.0	    0.0	    0.0	    0.0	1	  299.8	 21	    0.0	    5.0	
 1216	  34.74	    0.5	 1499.3	    0.0	    0.0	    0.0	    0.0	    0.0	    0.0	    0.0	    0.0	    0.0	  100.0	    0.0	    0.0	    0.0	    0.0	    0.0	   45.9	  1	  550.0	 2050.0	    0.0	    0.0	    0.0	1	  299.8	 21	    0.0	    5.0	
 1217	  34.77	    0.5	 1499.3	    0.0	    0.0	    0.0	    0.0	    0.0	    0.0	    0.0	    0.0	    0.0	  100.0	    0.0	    0.0	    0.0	    0.0	    0.0	   45.9	  1	  550.0	 2050.0	    0.0	    0.0	    0.0	1	  299.8	 21	    0.0	    5.0	
 1218	  34.80	    0.5	 1499.3	    0.0	    0.0	    0.0	    0.0	    0.0	    0.0	    0.0	    0.0	    0.0	  100.0	    0.0	    0.0	    0.0	    0.0	    0.0	   46.0	  1	  550.0	 2050.0	    0.0	    0.0	    0.0	1	  299.8	 21	    0.0	    5.0	
 1219	  34.83	    0.5	 1499.3	    0.0	    0.0	    0.0	    0.0	    0.0	    0.0	    0.0	    0.0	    0.0	  100.0	    0.0	    0.0	    0.0	    0.0	    0.0	   46.0	  1	  550.0	 2050.0	    0.0	    0.0	    0.0	1	  299.8	 21	    0.0	    5.0	
 1220	  34.86	    0.5	 1499.3	    0.0	    0.0	    0.0	    0.0	    0.0	    0.0	    0.0	    0.0	    0.0	  100.0	    0.0	    0.0	    0.0	    0.0	    0.0	   46.1	  1	  550.0	 2050.0	    0.0	    0.0	    0.0	1	  299.8	 21	    0.0	    5.0	
 1221	  34.89	    0.5	 1499.3	    0.0	    0.0	    0.0	    0.0	    0.0	    0.0	    0.0	    0.0	    0.0	  100.0	    0.0	    0.0	    0.0	    0.0	    0.0	   46.1	  1	  550.0	 2050.0	    0.0	    0.0	    0.0	1	  299.8	 21	    0.0	    5.0	
 1222	  34.91	    0.5	 1499.3	    0.0	    0.0	    0.0	    0.0	    0.0	    0.0	    0.0	    0.0	    0.0	  100.0	    0.0	    0.0	    0.0	    0.0	    0.0	   46.1	  1	  550.0	 2050.0	    0.0	    0.0	    0.0	1	  299.8	 21	    0.0	    5.0	
 1223	  34.94	    0.5	 1499.3	    0.0	    0.0	    0.0	    0.0	    0.0	    0.0	    0.0	    0.0	    0.0	  100.0	    0.0	    0.0	    0.0	    0.0	    0.0	   46.2	  1	  550.0	 2050.0	    0.0	    0.0	    0.0	1	  299.8	 21	    0.0	    5.0	
 1224	  34.97	    0.5	 1499.3	    0.0	    0.0	    0.0	    0.0	    0.0	    0.0	    0.0	    0.0	    0.0	  100.0	    0.0	    0.0	    0.0	    0.0	    0.0	   46.2	  1	  550.0	 2050.0	    0.0	    0.0	    0.0	1	  299.8	 21	    0.0	    5.0	
 1225	  35.00	    0.5	 1499.3	    0.0	    0.0	    0.0	    0.0	    0.0	    0.0	    0.0	    0.0	    0.0	  100.0	    0.0	    0.0	    0.0	    0.0	    0.0	   46.3	  1	  550.0	 2050.0	    0.0	    0.0	    0.0	1	  299.8	 21	    0.0	    5.0	
 1226	  35.03	    0.5	 1499.3	    0.0	    0.0	    0.0	    0.0	    0.0	    0.0	    0.0	    0.0	    0.0	  100.0	    0.0	    0.0	    0.0	    0.0	    0.0	   46.3	  1	  550.0	 2050.0	    0.0	    0.0	    0.0	1	  299.8	 21	    0.0	    5.0	
 1227	  35.06	    0.5	 1499.3	    0.0	    0.0	    0.0	    0.0	    0.0	    0.0	    0.0	    0.0	    0.0	  100.0	    0.0	    0.0	    0.0	    0.0	    0.0	   46.3	  1	  550.0	 2050.0	    0.0	    0.0	    0.0	1	  299.8	 21	    0.0	    5.0	
 1228	  35.09	    0.5	 1499.3	    0.0	    0.0	    0.0	    0.0	    0.0	    0.0	    0.0	    0.0	    0.0	  100.0	    0.0	    0.0	    0.0	    0.0	    0.0	   46.4	  1	  550.0	 2050.0	    0.0	    0.0	    0.0	1	  299.8	 21	    0.0	    5.0	
 1229	  35.12	    0.5	 1499.3	    0.0	    0.0	    0.0	    0.0	    0.0	    0.0	    0.0	    0.0	    0.0	  100.0	    0.0	    0.0	    0.0	    0.0	    0.0	   46.4	  1	  550.0	 2050.0	    0.0	    0.0	    0.0	1	  299.8	 21	    0.0	    5.0	
 1230	  35.14	    0.5	 1499.3	    0.0	    0.0	    0.0	    0.0	    0.0	    0.0	    0.0	    0.0	    0.0	  100.0	    0.0	    0.0	    0.0	    0.0	    0.0	   46.4	  1	  550.0	 2050.0	    0.0	    0.0	    0.0	1	  299.8	 21	    0.0	    5.0	
 1231	  35.17	    0.5	 1499.3	    0.0	    0.0	    0.0	    0.0	    0.0	    0.0	    0.0	    0.0	    0.0	  100.0	    0.0	    0.0	    0.0	    0.0	    0.0	   46.5	  1	  550.0	 2050.0	    0.0	    0.0	    0.0	1	  299.8	 21	    0.0	    5.0	
 1232	  35.20	    0.5	 1499.3	    0.0	    0.0	    0.0	    0.0	    0.0	    0.0	    0.0	    0.0	    0.0	  100.0	    0.0	    0.0	    0.0	    0.0	    0.0	   46.5	  1	  550.0	 2050.0	    0.0	    0.0	    0.0	1	  299.8	 21	    0.0	    5.0	
 1233	  35.23	    0.5	 1499.3	    0.0	    0.0	    0.0	    0.0	    0.0	    0.0	    0.0	    0.0	    0.0	  100.0	    0.0	    0.0	    0.0	    0.0	    0.0	   46.6	  1	  550.0	 2050.0	    0.0	    0.0	    0.0	1	  299.8	 21	    0.0	    5.0	
 1234	  35.26	    0.5	 1499.3	    0.0	    0.0	    0.0	    0.0	    0.0	    0.0	    0.0	    0.0	    0.0	  100.0	    0.0	    0.0	    0.0	    0.0	    0.0	   46.6	  1	  550.0	 2050.0	    0.0	    0.0	    0.0	1	  299.8	 21	    0.0	    5.0	
 1235	  35.29	    0.5	 1499.3	    0.0	    0.0	    0.0	    0.0	    0.0	    0.0	    0.0	    0.0	    0.0	  100.0	    0.0	    0.0	    0.0	    0.0	    0.0	   46.6	  1	  550.0	 2050.0	    0.0	    0.0	    0.0	1	  299.8	 21	    0.0	    5.0	
 1236	  35.31	    0.5	 1499.3	    0.0	    0.0	    0.0	    0.0	    0.0	    0.0	    0.0	    0.0	    0.0	  100.0	    0.0	    0.0	    0.0	    0.0	    0.0	   46.7	  1	  550.0	 2050.0	    0.0	    0.0	    0.0	1	  299.8	 21	    0.0	    5.0	
 1237	  35.34	    0.5	 1499.3	    0.0	    0.0	    0.0	    0.0	    0.0	    0.0	    0.0	    0.0	    0.0	  100.0	    0.0	    0.0	    0.0	    0.0	    0.0	   46.7	  1	  550.0	 2050.0	    0.0	    0.0	    0.0	1	  299.8	 21	    0.0	    5.0	
 1238	  35.37	    0.5	 1499.3	    0.0	    0.0	    0.0	    0.0	    0.0	    0.0	    0.0	    0.0	    0.0	  100.0	    0.0	    0.0	    0.0	    0.0	    0.0	   46.7	  1	  550.0	 2050.0	    0.0	    0.0	    0.0	1	  299.8	 21	    0.0	    5.0	
 1239	  35.40	    0.5	 1499.3	    0.0	    0.0	    0.0	    0.0	    0.0	    0.0	    0.0	    0.0	    0.0	  100.0	    0.0	    0.0	    0.0	    0.0	    0.0	   46.8	  1	  550.0	 2050.0	    0.0	    0.0	    0.0	1	  299.8	 21	    0.0	    5.0	
 1240	  35.43	    0.5	 1499.3	    0.0	    0.0	    0.0	    0.0	    0.0	    0.0	    0.0	    0.0	    0.0	  100.0	    0.0	    0.0	    0.0	    0.0	    0.0	   46.8	  1	  550.0	 2050.0	    0.0	    0.0	    0.0	1	  299.8	 21	    0.0	    5.0	
 1241	  35.46	    0.5	 1499.3	    0.0	    0.0	    0.0	    0.0	    0.0	    0.0	    0.0	    0.0	    0.0	  100.0	    0.0	    0.0	    0.0	    0.0	    0.0	   46.9	  1	  550.0	 2050.0	    0.0	    0.0	    0.0	1	  299.8	 21	    0.0	    5.0	
 1242	  35.49	    0.5	 1499.3	    0.0	    0.0	    0.0	    0.0	    0.0	    0.0	    0.0	    0.0	    0.0	  100.0	    0.0	    0.0	    0.0	    0.0	    0.0	   46.9	  1	  550.0	 2050.0	    0.0	    0.0	    0.0	1	  299.8	 21	    0.0	    5.0	
 1243	  35.52	    0.5	 1499.3	    0.0	    0.0	    0.0	    0.0	    0.0	    0.0	    0.0	    0.0	    0.0	  100.0	    0.0	    0.0	    0.0	    0.0	    0.0	   46.9	  1	  550.0	 2050.0	    0.0	    0.0	    0.0	1	  299.8	 21	    0.0	    5.0	
 1244	  35.54	    0.5	 1499.3	    0.0	    0.0	    0.0	    0.0	    0.0	    0.0	    0.0	    0.0	    0.0	  100.0	    0.0	    0.0	    0.0	    0.0	    0.0	   47.0	  1	  550.0	 2050.0	    0.0	    0.0	    0.0	1	  299.8	 21	    0.0	    5.0	
 1245	  35.57	    0.5	 1499.3	    0.0	    0.0	    0.0	    0.0	    0.0	    0.0	    0.0	    0.0	    0.0	  100.0	    0.0	    0.0	    0.0	    0.0	    0.0	   47.0	  1	  550.0	 2050.0	    0.0	    0.0	    0.0	1	  299.8	 21	    0.0	    5.0	
 1246	  35.60	    0.5	 1499.3	    0.0	    0.0	    0.0	    0.0	    0.0	    0.0	    0.0	    0.0	    0.0	  100.0	    0.0	    0.0	    0.0	    0.0	    0.0	   47.0	  1	  550.0	 2050.0	    0.0	    0.0	    0.0	1	  299.8	 21	    0.0	    5.0	
 1247	  35.63	    0.5	 1499.3	    0.0	    0.0	    0.0	    0.0	    0.0	    0.0	    0.0	    0.0	    0.0	  100.0	    0.0	    0.0	    0.0	    0.0	    0.0	   47.1	  1	  550.0	 2050.0	    0.0	    0.0	    0.0	1	  299.8	 21	    0.0	    5.0	
 1248	  35.66	    0.5	 1499.3	    0.0	    0.0	    0.0	    0.0	    0.0	    0.0	    0.0	    0.0	    0.0	  100.0	    0.0	    0.0	    0.0	    0.0	    0.0	   47.1	  1	  550.0	 2050.0	    0.0	    0.0	    0.0	1	  299.8	 21	    0.0	    5.0	
 1249	  35.69	    0.5	 1499.3	    0.0	    0.0	    0.0	    0.0	    0.0	    0.0	    0.0	    0.0	    0.0	  100.0	    0.0	    0.0	    0.0	    0.0	    0.0	   47.2	  1	  550.0	 2050.0	    0.0	    0.0	    0.0	1	  299.8	 21	    0.0	    5.0	
 1250	  35.72	    0.5	 1499.3	    0.0	    0.0	    0.0	    0.0	    0.0	    0.0	    0.0	    0.0	    0.0	  100.0	    0.0	    0.0	    0.0	    0.0	    0.0	   47.2	  1	  550.0	 2050.0	    0.0	    0.0	    0.0	1	  299.8	 21	    0.0	    5.0	
 1251	  35.74	    0.5	 1499.3	    0.0	    0.0	    0.0	    0.0	    0.0	    0.0	    0.0	    0.0	    0.0	  100.0	    0.0	    0.0	    0.0	    0.0	    0.0	   47.2	  1	  550.0	 2050.0	    0.0	    0.0	    0.0	1	  299.8	 21	    0.0	    5.0	
 1252	  35.77	    0.5	 1499.3	    0.0	    0.0	    0.0	    0.0	    0.0	    0.0	    0.0	    0.0	    0.0	  100.0	    0.0	    0.0	    0.0	    0.0	    0.0	   47.3	  1	  550.0	 2050.0	    0.0	    0.0	    0.0	1	  299.8	 21	    0.0	    5.0	
 1253	  35.80	    0.5	 1499.3	    0.0	    0.0	    0.0	    0.0	    0.0	    0.0	    0.0	    0.0	    0.0	  100.0	    0.0	    0.0	    0.0	    0.0	    0.0	   47.3	  1	  550.0	 2050.0	    0.0	    0.0	    0.0	1	  299.8	 21	    0.0	    5.0	
 1254	  35.83	    0.5	 1499.3	    0.0	    0.0	    0.0	    0.0	    0.0	    0.0	    0.0	    0.0	    0.0	  100.0	    0.0	    0.0	    0.0	    0.0	    0.0	   47.4	  1	  550.0	 2050.0	    0.0	    0.0	    0.0	1	  299.8	 21	    0.0	    5.0	
 1255	  35.86	    0.5	 1499.3	    0.0	    0.0	    0.0	    0.0	    0.0	    0.0	    0.0	    0.0	    0.0	  100.0	    0.0	    0.0	    0.0	    0.0	    0.0	   47.4	  1	  550.0	 2050.0	    0.0	    0.0	    0.0	1	  299.8	 21	    0.0	    5.0	
 1256	  35.89	    0.5	 1499.3	    0.0	    0.0	    0.0	    0.0	    0.0	    0.0	    0.0	    0.0	    0.0	  100.0	    0.0	    0.0	    0.0	    0.0	    0.0	   47.4	  1	  550.0	 2050.0	    0.0	    0.0	    0.0	1	  299.8	 21	    0.0	    5.0	
 1257	  35.91	    0.5	 1499.3	    0.0	    0.0	    0.0	    0.0	    0.0	    0.0	    0.0	    0.0	    0.0	  100.0	    0.0	    0.0	    0.0	    0.0	    0.0	   47.5	  1	  550.0	 2050.0	    0.0	    0.0	    0.0	1	  299.8	 21	    0.0	    5.0	
 1258	  35.94	    0.5	 1499.3	    0.0	    0.0	    0.0	    0.0	    0.0	    0.0	    0.0	    0.0	    0.0	  100.0	    0.0	    0.0	    0.0	    0.0	    0.0	   47.5	  1	  550.0	 2050.0	    0.0	    0.0	    0.0	1	  299.8	 21	    0.0	    5.0	
 1259	  35.97	    0.5	 1499.3	    0.0	    0.0	    0.0	    0.0	    0.0	    0.0	    0.0	    0.0	    0.0	  100.0	    0.0	    0.0	    0.0	    0.0	    0.0	   47.5	  1	  550.0	 2050.0	    0.0	    0.0	    0.0	1	  299.8	 21	    0.0	    5.0	
 1260	  36.00	    0.5	 1499.3	    0.0	    0.0	    0.0	    0.0	    0.0	    0.0	    0.0	    0.0	    0.0	  100.0	    0.0	    0.0	    0.0	    0.0	    0.0	   47.6	  1	  550.0	 2050.0	    0.0	    0.0	    0.0	1	  299.8	 21	    0.0	    5.0	
 1261	  36.03	    0.5	 1499.3	    0.0	    0.0	    0.0	    0.0	    0.0	    0.0	    0.0	    0.0	    0.0	  100.0	    0.0	    0.0	    0.0	    0.0	    0.0	   47.6	  1	  550.0	 2050.0	    0.0	    0.0	    0.0	1	  299.8	 21	    0.0	    5.0	
 1262	  36.06	    0.5	 1499.3	    0.0	    0.0	    0.0	    0.0	    0.0	    0.0	    0.0	    0.0	    0.0	  100.0	    0.0	    0.0	    0.0	    0.0	    0.0	   47.7	  1	  550.0	 2050.0	    0.0	    0.0	    0.0	1	  299.8	 21	    0.0	    5.0	
 1263	  36.09	    0.5	 1499.3	    0.0	    0.0	    0.0	    0.0	    0.0	    0.0	    0.0	    0.0	    0.0	  100.0	    0.0	    0.0	    0.0	    0.0	    0.0	   47.7	  1	  550.0	 2050.0	    0.0	    0.0	    0.0	1	  299.8	 21	    0.0	    5.0	
 1264	  36.12	    0.5	 1499.3	    0.0	    0.0	    0.0	    0.0	    0.0	    0.0	    0.0	    0.0	    0.0	  100.0	    0.0	    0.0	    0.0	    0.0	    0.0	   47.7	  1	  550.0	 2050.0	    0.0	    0.0	    0.0	1	  299.8	 21	    0.0	    5.0	
 1265	  36.14	    0.5	 1499.3	    0.0	    0.0	    0.0	    0.0	    0.0	    0.0	    0.0	    0.0	    0.0	  100.0	    0.0	    0.0	    0.0	    0.0	    0.0	   47.8	  1	  550.0	 2050.0	    0.0	    0.0	    0.0	1	  299.8	 21	    0.0	    5.0	
 1266	  36.17	    0.5	 1499.3	    0.0	    0.0	    0.0	    0.0	    0.0	    0.0	    0.0	    0.0	    0.0	  100.0	    0.0	    0.0	    0.0	    0.0	    0.0	   47.8	  1	  550.0	 2050.0	    0.0	    0.0	    0.0	1	  299.8	 21	    0.0	    5.0	
 1267	  36.20	    0.5	 1499.3	    0.0	    0.0	    0.0	    0.0	    0.0	    0.0	    0.0	    0.0	    0.0	  100.0	    0.0	    0.0	    0.0	    0.0	    0.0	   47.8	  1	  550.0	 2050.0	    0.0	    0.0	    0.0	1	  299.8	 21	    0.0	    5.0	
 1268	  36.23	    0.5	 1499.3	    0.0	    0.0	    0.0	    0.0	    0.0	    0.0	    0.0	    0.0	    0.0	  100.0	    0.0	    0.0	    0.0	    0.0	    0.0	   47.9	  1	  550.0	 2050.0	    0.0	    0.0	    0.0	1	  299.8	 21	    0.0	    5.0	
 1269	  36.26	    0.5	 1499.3	    0.0	    0.0	    0.0	    0.0	    0.0	    0.0	    0.0	    0.0	    0.0	  100.0	    0.0	    0.0	    0.0	    0.0	    0.0	   47.9	  1	  550.0	 2050.0	    0.0	    0.0	    0.0	1	  299.8	 21	    0.0	    5.0	
 1270	  36.29	    0.5	 1499.3	    0.0	    0.0	    0.0	    0.0	    0.0	    0.0	    0.0	    0.0	    0.0	  100.0	    0.0	    0.0	    0.0	    0.0	    0.0	   48.0	  1	  550.0	 2050.0	    0.0	    0.0	    0.0	1	  299.8	 21	    0.0	    5.0	
 1271	  36.31	    0.5	 1499.3	    0.0	    0.0	    0.0	    0.0	    0.0	    0.0	    0.0	    0.0	    0.0	  100.0	    0.0	    0.0	    0.0	    0.0	    0.0	   48.0	  1	  550.0	 2050.0	    0.0	    0.0	    0.0	1	  299.8	 21	    0.0	    5.0	
 1272	  36.34	    0.5	 1499.3	    0.0	    0.0	    0.0	    0.0	    0.0	    0.0	    0.0	    0.0	    0.0	  100.0	    0.0	    0.0	    0.0	    0.0	    0.0	   48.0	  1	  550.0	 2050.0	    0.0	    0.0	    0.0	1	  299.8	 21	    0.0	    5.0	
 1273	  36.37	    0.5	 1499.3	    0.0	    0.0	    0.0	    0.0	    0.0	    0.0	    0.0	    0.0	    0.0	  100.0	    0.0	    0.0	    0.0	    0.0	    0.0	   48.1	  1	  550.0	 2050.0	    0.0	    0.0	    0.0	1	  299.8	 21	    0.0	    5.0	
 1274	  36.40	    0.5	 1499.3	    0.0	    0.0	    0.0	    0.0	    0.0	    0.0	    0.0	    0.0	    0.0	  100.0	    0.0	    0.0	    0.0	    0.0	    0.0	   48.1	  1	  550.0	 2050.0	    0.0	    0.0	    0.0	1	  299.8	 21	    0.0	    5.0	
 1275	  36.43	    0.5	 1499.3	    0.0	    0.0	    0.0	    0.0	    0.0	    0.0	    0.0	    0.0	    0.0	  100.0	    0.0	    0.0	    0.0	    0.0	    0.0	   48.2	  1	  550.0	 2050.0	    0.0	    0.0	    0.0	1	  299.8	 21	    0.0	    5.0	
 1276	  36.46	    0.5	 1499.3	    0.0	    0.0	    0.0	    0.0	    0.0	    0.0	    0.0	    0.0	    0.0	  100.0	    0.0	    0.0	    0.0	    0.0	    0.0	   48.2	  1	  550.0	 2050.0	    0.0	    0.0	    0.0	1	  299.8	 21	    0.0	    5.0	
 1277	  36.49	    0.5	 1499.3	    0.0	    0.0	    0.0	    0.0	    0.0	    0.0	    0.0	    0.0	    0.0	  100.0	    0.0	    0.0	    0.0	    0.0	    0.0	   48.2	  1	  550.0	 2050.0	    0.0	    0.0	    0.0	1	  299.8	 21	    0.0	    5.0	
 1278	  36.52	    0.5	 1499.3	    0.0	    0.0	    0.0	    0.0	    0.0	    0.0	    0.0	    0.0	    0.0	  100.0	    0.0	    0.0	    0.0	    0.0	    0.0	   48.3	  1	  550.0	 2050.0	    0.0	    0.0	    0.0	1	  299.8	 21	    0.0	    5.0	
 1279	  36.54	    0.5	 1499.3	    0.0	    0.0	    0.0	    0.0	    0.0	    0.0	    0.0	    0.0	    0.0	  100.0	    0.0	    0.0	    0.0	    0.0	    0.0	   48.3	  1	  550.0	 2050.0	    0.0	    0.0	    0.0	1	  299.8	 21	    0.0	    5.0	
 1280	  36.57	    0.5	 1499.3	    0.0	    0.0	    0.0	    0.0	    0.0	    0.0	    0.0	    0.0	    0.0	  100.0	    0.0	    0.0	    0.0	    0.0	    0.0	   48.3	  1	  550.0	 2050.0	    0.0	    0.0	    0.0	1	  299.8	 21	    0.0	    5.0	
 1281	  36.60	    0.5	 1499.3	    0.0	    0.0	    0.0	    0.0	    0.0	    0.0	    0.0	    0.0	    0.0	  100.0	    0.0	    0.0	    0.0	    0.0	    0.0	   48.4	  1	  550.0	 2050.0	    0.0	    0.0	    0.0	1	  299.8	 21	    0.0	    5.0	
 1282	  36.63	    0.5	 1499.3	    0.0	    0.0	    0.0	    0.0	    0.0	    0.0	    0.0	    0.0	    0.0	  100.0	    0.0	    0.0	    0.0	    0.0	    0.0	   48.4	  1	  550.0	 2050.0	    0.0	    0.0	    0.0	1	  299.8	 21	    0.0	    5.0	
 1283	  36.66	    0.5	 1499.3	    0.0	    0.0	    0.0	    0.0	    0.0	    0.0	    0.0	    0.0	    0.0	  100.0	    0.0	    0.0	    0.0	    0.0	    0.0	   48.5	  1	  550.0	 2050.0	    0.0	    0.0	    0.0	1	  299.8	 21	    0.0	    5.0	
 1284	  36.69	    0.5	 1499.3	    0.0	    0.0	    0.0	    0.0	    0.0	    0.0	    0.0	    0.0	    0.0	  100.0	    0.0	    0.0	    0.0	    0.0	    0.0	   48.5	  1	  550.0	 2050.0	    0.0	    0.0	    0.0	1	  299.8	 21	    0.0	    5.0	
 1285	  36.72	    0.5	 1499.3	    0.0	    0.0	    0.0	    0.0	    0.0	    0.0	    0.0	    0.0	    0.0	  100.0	    0.0	    0.0	    0.0	    0.0	    0.0	   48.5	  1	  550.0	 2050.0	    0.0	    0.0	    0.0	1	  299.8	 21	    0.0	    5.0	
 1286	  36.74	    0.5	 1499.3	    0.0	    0.0	    0.0	    0.0	    0.0	    0.0	    0.0	    0.0	    0.0	  100.0	    0.0	    0.0	    0.0	    0.0	    0.0	   48.6	  1	  550.0	 2050.0	    0.0	    0.0	    0.0	1	  299.8	 21	    0.0	    5.0	
 1287	  36.77	    0.5	 1499.3	    0.0	    0.0	    0.0	    0.0	    0.0	    0.0	    0.0	    0.0	    0.0	  100.0	    0.0	    0.0	    0.0	    0.0	    0.0	   48.6	  1	  550.0	 2050.0	    0.0	    0.0	    0.0	1	  299.8	 21	    0.0	    5.0	
 1288	  36.80	    0.5	 1499.3	    0.0	    0.0	    0.0	    0.0	    0.0	    0.0	    0.0	    0.0	    0.0	  100.0	    0.0	    0.0	    0.0	    0.0	    0.0	   48.6	  1	  550.0	 2050.0	    0.0	    0.0	    0.0	1	  299.8	 21	    0.0	    5.0	
 1289	  36.83	    0.5	 1499.3	    0.0	    0.0	    0.0	    0.0	    0.0	    0.0	    0.0	    0.0	    0.0	  100.0	    0.0	    0.0	    0.0	    0.0	    0.0	   48.7	  1	  550.0	 2050.0	    0.0	    0.0	    0.0	1	  299.8	 21	    0.0	    5.0	
 1290	  36.86	    0.5	 1499.3	    0.0	    0.0	    0.0	    0.0	    0.0	    0.0	    0.0	    0.0	    0.0	  100.0	    0.0	    0.0	    0.0	    0.0	    0.0	   48.7	  1	  550.0	 2050.0	    0.0	    0.0	    0.0	1	  299.8	 21	    0.0	    5.0	
 1291	  36.89	    0.5	 1499.3	    0.0	    0.0	    0.0	    0.0	    0.0	    0.0	    0.0	    0.0	    0.0	  100.0	    0.0	    0.0	    0.0	    0.0	    0.0	   48.8	  1	  550.0	 2050.0	    0.0	    0.0	    0.0	1	  299.8	 21	    0.0	    5.0	
 1292	  36.91	    0.5	 1499.3	    0.0	    0.0	    0.0	    0.0	    0.0	    0.0	    0.0	    0.0	    0.0	  100.0	    0.0	    0.0	    0.0	    0.0	    0.0	   48.8	  1	  550.0	 2050.0	    0.0	    0.0	    0.0	1	  299.8	 21	    0.0	    5.0	
 1293	  36.94	    0.5	 1499.3	    0.0	    0.0	    0.0	    0.0	    0.0	    0.0	    0.0	    0.0	    0.0	  100.0	    0.0	    0.0	    0.0	    0.0	    0.0	   48.8	  1	  550.0	 2050.0	    0.0	    0.0	    0.0	1	  299.8	 21	    0.0	    5.0	
 1294	  36.97	    0.5	 1499.3	    0.0	    0.0	    0.0	    0.0	    0.0	    0.0	    0.0	    0.0	    0.0	  100.0	    0.0	    0.0	    0.0	    0.0	    0.0	   48.9	  1	  550.0	 2050.0	    0.0	    0.0	    0.0	1	  299.8	 21	    0.0	    5.0	
 1295	  37.00	    0.5	 1499.3	    0.0	    0.0	    0.0	    0.0	    0.0	    0.0	    0.0	    0.0	    0.0	  100.0	    0.0	    0.0	    0.0	    0.0	    0.0	   48.9	  1	  550.0	 2050.0	    0.0	    0.0	    0.0	1	  299.8	 21	    0.0	    5.0	
 1296	  37.03	    0.5	 1499.3	    0.0	    0.0	    0.0	    0.0	    0.0	    0.0	    0.0	    0.0	    0.0	  100.0	    0.0	    0.0	    0.0	    0.0	    0.0	   48.9	  1	  550.0	 2050.0	    0.0	    0.0	    0.0	1	  299.8	 21	    0.0	    5.0	
 1297	  37.06	    0.5	 1499.3	    0.0	    0.0	    0.0	    0.0	    0.0	    0.0	    0.0	    0.0	    0.0	  100.0	    0.0	    0.0	    0.0	    0.0	    0.0	   49.0	  1	  550.0	 2050.0	    0.0	    0.0	    0.0	1	  299.8	 21	    0.0	    5.0	
 1298	  37.09	    0.5	 1499.3	    0.0	    0.0	    0.0	    0.0	    0.0	    0.0	    0.0	    0.0	    0.0	  100.0	    0.0	    0.0	    0.0	    0.0	    0.0	   49.0	  1	  550.0	 2050.0	    0.0	    0.0	    0.0	1	  299.8	 21	    0.0	    5.0	
 1299	  37.12	    0.5	 1499.3	    0.0	    0.0	    0.0	    0.0	    0.0	    0.0	    0.0	    0.0	    0.0	  100.0	    0.0	    0.0	    0.0	    0.0	    0.0	   49.1	  1	  550.0	 2050.0	    0.0	    0.0	    0.0	1	  299.8	 21	    0.0	    5.0	
 1300	  37.14	    0.5	 1499.3	    0.0	    0.0	    0.0	    0.0	    0.0	    0.0	    0.0	    0.0	    0.0	  100.0	    0.0	    0.0	    0.0	    0.0	    0.0	   49.1	  1	  550.0	 2050.0	    0.0	    0.0	    0.0	1	  299.8	 21	    0.0	    5.0	
 1301	  37.17	    0.5	 1499.3	    0.0	    0.0	    0.0	    0.0	    0.0	    0.0	    0.0	    0.0	    0.0	  100.0	    0.0	    0.0	    0.0	    0.0	    0.0	   49.1	  1	  550.0	 2050.0	    0.0	    0.0	    0.0	1	  299.8	 21	    0.0	    5.0	
 1302	  37.20	    0.5	 1499.3	    0.0	    0.0	    0.0	    0.0	    0.0	    0.0	    0.0	    0.0	    0.0	  100.0	    0.0	    0.0	    0.0	    0.0	    0.0	   49.2	  1	  550.0	 2050.0	    0.0	    0.0	    0.0	1	  299.8	 21	    0.0	    5.0	
 1303	  37.23	    0.5	 1499.3	    0.0	    0.0	    0.0	    0.0	    0.0	    0.0	    0.0	    0.0	    0.0	  100.0	    0.0	    0.0	    0.0	    0.0	    0.0	   49.2	  1	  550.0	 2050.0	    0.0	    0.0	    0.0	1	  299.8	 21	    0.0	    5.0	
 1304	  37.26	    0.5	 1499.3	    0.0	    0.0	    0.0	    0.0	    0.0	    0.0	    0.0	    0.0	    0.0	  100.0	    0.0	    0.0	    0.0	    0.0	    0.0	   49.3	  1	  550.0	 2050.0	    0.0	    0.0	    0.0	1	  299.8	 21	    0.0	    5.0	
 1305	  37.29	    0.5	 1499.3	    0.0	    0.0	    0.0	    0.0	    0.0	    0.0	    0.0	    0.0	    0.0	  100.0	    0.0	    0.0	    0.0	    0.0	    0.0	   49.3	  1	  550.0	 2050.0	    0.0	    0.0	    0.0	1	  299.8	 21	    0.0	    5.0	
 1306	  37.31	    0.5	 1499.3	    0.0	    0.0	    0.0	    0.0	    0.0	    0.0	    0.0	    0.0	    0.0	  100.0	    0.0	    0.0	    0.0	    0.0	    0.0	   49.3	  1	  550.0	 2050.0	    0.0	    0.0	    0.0	1	  299.8	 21	    0.0	    5.0	
 1307	  37.34	    0.5	 1499.3	    0.0	    0.0	    0.0	    0.0	    0.0	    0.0	    0.0	    0.0	    0.0	  100.0	    0.0	    0.0	    0.0	    0.0	    0.0	   49.4	  1	  550.0	 2050.0	    0.0	    0.0	    0.0	1	  299.8	 21	    0.0	    5.0	
 1308	  37.37	    0.5	 1499.3	    0.0	    0.0	    0.0	    0.0	    0.0	    0.0	    0.0	    0.0	    0.0	  100.0	    0.0	    0.0	    0.0	    0.0	    0.0	   49.4	  1	  550.0	 2050.0	    0.0	    0.0	    0.0	1	  299.8	 21	    0.0	    5.0	
 1309	  37.40	    0.5	 1499.3	    0.0	    0.0	    0.0	    0.0	    0.0	    0.0	    0.0	    0.0	    0.0	  100.0	    0.0	    0.0	    0.0	    0.0	    0.0	   49.4	  1	  550.0	 2050.0	    0.0	    0.0	    0.0	1	  299.8	 21	    0.0	    5.0	
 1310	  37.43	    0.5	 1499.3	    0.0	    0.0	    0.0	    0.0	    0.0	    0.0	    0.0	    0.0	    0.0	  100.0	    0.0	    0.0	    0.0	    0.0	    0.0	   49.5	  1	  550.0	 2050.0	    0.0	    0.0	    0.0	1	  299.8	 21	    0.0	    5.0	
 1311	  37.46	    0.5	 1499.3	    0.0	    0.0	    0.0	    0.0	    0.0	    0.0	    0.0	    0.0	    0.0	  100.0	    0.0	    0.0	    0.0	    0.0	    0.0	   49.5	  1	  550.0	 2050.0	    0.0	    0.0	    0.0	1	  299.8	 21	    0.0	    5.0	
 1312	  37.49	    0.5	 1499.3	    0.0	    0.0	    0.0	    0.0	    0.0	    0.0	    0.0	    0.0	    0.0	  100.0	    0.0	    0.0	    0.0	    0.0	    0.0	   49.6	  1	  550.0	 2050.0	    0.0	    0.0	    0.0	1	  299.8	 21	    0.0	    5.0	
 1313	  37.52	    0.5	 1499.3	    0.0	    0.0	    0.0	    0.0	    0.0	    0.0	    0.0	    0.0	    0.0	  100.0	    0.0	    0.0	    0.0	    0.0	    0.0	   49.6	  1	  550.0	 2050.0	    0.0	    0.0	    0.0	1	  299.8	 21	    0.0	    5.0	
 1314	  37.54	    0.5	 1499.3	    0.0	    0.0	    0.0	    0.0	    0.0	    0.0	    0.0	    0.0	    0.0	  100.0	    0.0	    0.0	    0.0	    0.0	    0.0	   49.6	  1	  550.0	 2050.0	    0.0	    0.0	    0.0	1	  299.8	 21	    0.0	    5.0	
 1315	  37.57	    0.5	 1499.3	    0.0	    0.0	    0.0	    0.0	    0.0	    0.0	    0.0	    0.0	    0.0	  100.0	    0.0	    0.0	    0.0	    0.0	    0.0	   49.7	  1	  550.0	 2050.0	    0.0	    0.0	    0.0	1	  299.8	 21	    0.0	    5.0	
 1316	  37.60	    0.5	 1499.3	    0.0	    0.0	    0.0	    0.0	    0.0	    0.0	    0.0	    0.0	    0.0	  100.0	    0.0	    0.0	    0.0	    0.0	    0.0	   49.7	  1	  550.0	 2050.0	    0.0	    0.0	    0.0	1	  299.8	 21	    0.0	    5.0	
 1317	  37.63	    0.5	 1499.3	    0.0	    0.0	    0.0	    0.0	    0.0	    0.0	    0.0	    0.0	    0.0	  100.0	    0.0	    0.0	    0.0	    0.0	    0.0	   49.7	  1	  550.0	 2050.0	    0.0	    0.0	    0.0	1	  299.8	 21	    0.0	    5.0	
 1318	  37.66	    0.5	 1499.3	    0.0	    0.0	    0.0	    0.0	    0.0	    0.0	    0.0	    0.0	    0.0	  100.0	    0.0	    0.0	    0.0	    0.0	    0.0	   49.8	  1	  550.0	 2050.0	    0.0	    0.0	    0.0	1	  299.8	 21	    0.0	    5.0	
 1319	  37.69	    0.5	 1499.3	    0.0	    0.0	    0.0	    0.0	    0.0	    0.0	    0.0	    0.0	    0.0	  100.0	    0.0	    0.0	    0.0	    0.0	    0.0	   49.8	  1	  550.0	 2050.0	    0.0	    0.0	    0.0	1	  299.8	 21	    0.0	    5.0	
 1320	  37.72	    0.5	 1499.3	    0.0	    0.0	    0.0	    0.0	    0.0	    0.0	    0.0	    0.0	    0.0	  100.0	    0.0	    0.0	    0.0	    0.0	    0.0	   49.9	  1	  550.0	 2050.0	    0.0	    0.0	    0.0	1	  299.8	 21	    0.0	    5.0	
 1321	  37.74	    0.5	 1499.3	    0.0	    0.0	    0.0	    0.0	    0.0	    0.0	    0.0	    0.0	    0.0	  100.0	    0.0	    0.0	    0.0	    0.0	    0.0	   49.9	  1	  550.0	 2050.0	    0.0	    0.0	    0.0	1	  299.8	 21	    0.0	    5.0	
 1322	  37.77	    0.5	 1499.3	    0.0	    0.0	    0.0	    0.0	    0.0	    0.0	    0.0	    0.0	    0.0	  100.0	    0.0	    0.0	    0.0	    0.0	    0.0	   49.9	  1	  550.0	 2050.0	    0.0	    0.0	    0.0	1	  299.8	 21	    0.0	    5.0	
 1323	  37.80	    0.5	 1499.3	    0.0	    0.0	    0.0	    0.0	    0.0	    0.0	    0.0	    0.0	    0.0	  100.0	    0.0	    0.0	    0.0	    0.0	    0.0	   50.0	  1	  550.0	 2050.0	    0.0	    0.0	    0.0	1	  299.8	 21	    0.0	    5.0	
 1324	  37.83	    0.5	 1499.3	    0.0	    0.0	    0.0	    0.0	    0.0	    0.0	    0.0	    0.0	    0.0	  100.0	    0.0	    0.0	    0.0	    0.0	    0.0	   50.0	  1	  550.0	 2050.0	    0.0	    0.0	    0.0	1	  299.8	 21	    0.0	    5.0	
 1325	  37.86	    0.5	 1499.3	    0.0	    0.0	    0.0	    0.0	    0.0	    0.0	    0.0	    0.0	    0.0	  100.0	    0.0	    0.0	    0.0	    0.0	    0.0	   50.1	  1	  550.0	 2050.0	    0.0	    0.0	    0.0	1	  299.8	 21	    0.0	    5.0	
 1326	  37.89	    0.5	 1499.3	    0.0	    0.0	    0.0	    0.0	    0.0	    0.0	    0.0	    0.0	    0.0	  100.0	    0.0	    0.0	    0.0	    0.0	    0.0	   50.1	  1	  550.0	 2050.0	    0.0	    0.0	    0.0	1	  299.8	 21	    0.0	    5.0	
 1327	  37.91	    0.5	 1499.3	    0.0	    0.0	    0.0	    0.0	    0.0	    0.0	    0.0	    0.0	    0.0	  100.0	    0.0	    0.0	    0.0	    0.0	    0.0	   50.1	  1	  550.0	 2050.0	    0.0	    0.0	    0.0	1	  299.8	 21	    0.0	    5.0	
 1328	  37.94	    0.5	 1499.3	    0.0	    0.0	    0.0	    0.0	    0.0	    0.0	    0.0	    0.0	    0.0	  100.0	    0.0	    0.0	    0.0	    0.0	    0.0	   50.2	  1	  550.0	 2050.0	    0.0	    0.0	    0.0	1	  299.8	 21	    0.0	    5.0	
 1329	  37.97	    0.5	 1499.3	    0.0	    0.0	    0.0	    0.0	    0.0	    0.0	    0.0	    0.0	    0.0	  100.0	    0.0	    0.0	    0.0	    0.0	    0.0	   50.2	  1	  550.0	 2050.0	    0.0	    0.0	    0.0	1	  299.8	 21	    0.0	    5.0	
 1330	  38.00	    0.5	 1499.3	    0.0	    0.0	    0.0	    0.0	    0.0	    0.0	    0.0	    0.0	    0.0	  100.0	    0.0	    0.0	    0.0	    0.0	    0.0	   50.2	  1	  550.0	 2050.0	    0.0	    0.0	    0.0	1	  299.8	 21	    0.0	    5.0	
 1331	  38.03	    0.5	 1499.3	    0.0	    0.0	    0.0	    0.0	    0.0	    0.0	    0.0	    0.0	    0.0	  100.0	    0.0	    0.0	    0.0	    0.0	    0.0	   50.3	  1	  550.0	 2050.0	    0.0	    0.0	    0.0	1	  299.8	 21	    0.0	    5.0	
 1332	  38.06	    0.5	 1499.3	    0.0	    0.0	    0.0	    0.0	    0.0	    0.0	    0.0	    0.0	    0.0	  100.0	    0.0	    0.0	    0.0	    0.0	    0.0	   50.3	  1	  550.0	 2050.0	    0.0	    0.0	    0.0	1	  299.8	 21	    0.0	    5.0	
 1333	  38.09	    0.5	 1499.3	    0.0	    0.0	    0.0	    0.0	    0.0	    0.0	    0.0	    0.0	    0.0	  100.0	    0.0	    0.0	    0.0	    0.0	    0.0	   50.4	  1	  550.0	 2050.0	    0.0	    0.0	    0.0	1	  299.8	 21	    0.0	    5.0	
 1334	  38.12	    0.5	 1499.3	    0.0	    0.0	    0.0	    0.0	    0.0	    0.0	    0.0	    0.0	    0.0	  100.0	    0.0	    0.0	    0.0	    0.0	    0.0	   50.4	  1	  550.0	 2050.0	    0.0	    0.0	    0.0	1	  299.8	 21	    0.0	    5.0	
 1335	  38.14	    0.5	 1499.3	    0.0	    0.0	    0.0	    0.0	    0.0	    0.0	    0.0	    0.0	    0.0	  100.0	    0.0	    0.0	    0.0	    0.0	    0.0	   50.4	  1	  550.0	 2050.0	    0.0	    0.0	    0.0	1	  299.8	 21	    0.0	    5.0	
 1336	  38.17	    0.5	 1499.3	    0.0	    0.0	    0.0	    0.0	    0.0	    0.0	    0.0	    0.0	    0.0	  100.0	    0.0	    0.0	    0.0	    0.0	    0.0	   50.5	  1	  550.0	 2050.0	    0.0	    0.0	    0.0	1	  299.8	 21	    0.0	    5.0	
 1337	  38.20	    0.5	 1499.3	    0.0	    0.0	    0.0	    0.0	    0.0	    0.0	    0.0	    0.0	    0.0	  100.0	    0.0	    0.0	    0.0	    0.0	    0.0	   50.5	  1	  550.0	 2050.0	    0.0	    0.0	    0.0	1	  299.8	 21	    0.0	    5.0	
 1338	  38.23	    0.5	 1499.3	    0.0	    0.0	    0.0	    0.0	    0.0	    0.0	    0.0	    0.0	    0.0	  100.0	    0.0	    0.0	    0.0	    0.0	    0.0	   50.5	  1	  550.0	 2050.0	    0.0	    0.0	    0.0	1	  299.8	 21	    0.0	    5.0	
 1339	  38.26	    0.5	 1499.3	    0.0	    0.0	    0.0	    0.0	    0.0	    0.0	    0.0	    0.0	    0.0	  100.0	    0.0	    0.0	    0.0	    0.0	    0.0	   50.6	  1	  550.0	 2050.0	    0.0	    0.0	    0.0	1	  299.8	 21	    0.0	    5.0	
 1340	  38.29	    0.5	 1499.3	    0.0	    0.0	    0.0	    0.0	    0.0	    0.0	    0.0	    0.0	    0.0	  100.0	    0.0	    0.0	    0.0	    0.0	    0.0	   50.6	  1	  550.0	 2050.0	    0.0	    0.0	    0.0	1	  299.8	 21	    0.0	    5.0	
 1341	  38.31	    0.5	 1499.3	    0.0	    0.0	    0.0	    0.0	    0.0	    0.0	    0.0	    0.0	    0.0	  100.0	    0.0	    0.0	    0.0	    0.0	    0.0	   50.7	  1	  550.0	 2050.0	    0.0	    0.0	    0.0	1	  299.8	 21	    0.0	    5.0	
 1342	  38.34	    0.5	 1499.3	    0.0	    0.0	    0.0	    0.0	    0.0	    0.0	    0.0	    0.0	    0.0	  100.0	    0.0	    0.0	    0.0	    0.0	    0.0	   50.7	  1	  550.0	 2050.0	    0.0	    0.0	    0.0	1	  299.8	 21	    0.0	    5.0	
 1343	  38.37	    0.5	 1499.3	    0.0	    0.0	    0.0	    0.0	    0.0	    0.0	    0.0	    0.0	    0.0	  100.0	    0.0	    0.0	    0.0	    0.0	    0.0	   50.7	  1	  550.0	 2050.0	    0.0	    0.0	    0.0	1	  299.8	 21	    0.0	    5.0	
 1344	  38.40	    0.5	 1499.3	    0.0	    0.0	    0.0	    0.0	    0.0	    0.0	    0.0	    0.0	    0.0	  100.0	    0.0	    0.0	    0.0	    0.0	    0.0	   50.8	  1	  550.0	 2050.0	    0.0	    0.0	    0.0	1	  299.8	 21	    0.0	    5.0	
 1345	  38.43	    0.5	 1499.3	    0.0	    0.0	    0.0	    0.0	    0.0	    0.0	    0.0	    0.0	    0.0	  100.0	    0.0	    0.0	    0.0	    0.0	    0.0	   50.8	  1	  550.0	 2050.0	    0.0	    0.0	    0.0	1	  299.8	 21	    0.0	    5.0	
 1346	  38.46	    0.5	 1499.3	    0.0	    0.0	    0.0	    0.0	    0.0	    0.0	    0.0	    0.0	    0.0	  100.0	    0.0	    0.0	    0.0	    0.0	    0.0	   50.8	  1	  550.0	 2050.0	    0.0	    0.0	    0.0	1	  299.8	 21	    0.0	    5.0	
 1347	  38.49	    0.5	 1499.3	    0.0	    0.0	    0.0	    0.0	    0.0	    0.0	    0.0	    0.0	    0.0	  100.0	    0.0	    0.0	    0.0	    0.0	    0.0	   50.9	  1	  550.0	 2050.0	    0.0	    0.0	    0.0	1	  299.8	 21	    0.0	    5.0	
 1348	  38.52	    0.5	 1499.3	    0.0	    0.0	    0.0	    0.0	    0.0	    0.0	    0.0	    0.0	    0.0	  100.0	    0.0	    0.0	    0.0	    0.0	    0.0	   50.9	  1	  550.0	 2050.0	    0.0	    0.0	    0.0	1	  299.8	 21	    0.0	    5.0	
 1349	  38.54	    0.5	 1499.3	    0.0	    0.0	    0.0	    0.0	    0.0	    0.0	    0.0	    0.0	    0.0	  100.0	    0.0	    0.0	    0.0	    0.0	    0.0	   51.0	  1	  550.0	 2050.0	    0.0	    0.0	    0.0	1	  299.8	 21	    0.0	    5.0	
 1350	  38.57	    0.5	 1499.3	    0.0	    0.0	    0.0	    0.0	    0.0	    0.0	    0.0	    0.0	    0.0	  100.0	    0.0	    0.0	    0.0	    0.0	    0.0	   51.0	  1	  550.0	 2050.0	    0.0	    0.0	    0.0	1	  299.8	 21	    0.0	    5.0	
 1351	  38.60	    0.5	 1499.3	    0.0	    0.0	    0.0	    0.0	    0.0	    0.0	    0.0	    0.0	    0.0	  100.0	    0.0	    0.0	    0.0	    0.0	    0.0	   51.0	  1	  550.0	 2050.0	    0.0	    0.0	    0.0	1	  299.8	 21	    0.0	    5.0	
 1352	  38.63	    0.5	 1499.3	    0.0	    0.0	    0.0	    0.0	    0.0	    0.0	    0.0	    0.0	    0.0	  100.0	    0.0	    0.0	    0.0	    0.0	    0.0	   51.1	  1	  550.0	 2050.0	    0.0	    0.0	    0.0	1	  299.8	 21	    0.0	    5.0	
 1353	  38.66	    0.5	 1499.3	    0.0	    0.0	    0.0	    0.0	    0.0	    0.0	    0.0	    0.0	    0.0	  100.0	    0.0	    0.0	    0.0	    0.0	    0.0	   51.1	  1	  550.0	 2050.0	    0.0	    0.0	    0.0	1	  299.8	 21	    0.0	    5.0	
 1354	  38.69	    0.5	 1499.3	    0.0	    0.0	    0.0	    0.0	    0.0	    0.0	    0.0	    0.0	    0.0	  100.0	    0.0	    0.0	    0.0	    0.0	    0.0	   51.2	  1	  550.0	 2050.0	    0.0	    0.0	    0.0	1	  299.8	 21	    0.0	    5.0	
 1355	  38.72	    0.5	 1499.3	    0.0	    0.0	    0.0	    0.0	    0.0	    0.0	    0.0	    0.0	    0.0	  100.0	    0.0	    0.0	    0.0	    0.0	    0.0	   51.2	  1	  550.0	 2050.0	    0.0	    0.0	    0.0	1	  299.8	 21	    0.0	    5.0	
 1356	  38.74	    0.5	 1499.3	    0.0	    0.0	    0.0	    0.0	    0.0	    0.0	    0.0	    0.0	    0.0	  100.0	    0.0	    0.0	    0.0	    0.0	    0.0	   51.2	  1	  550.0	 2050.0	    0.0	    0.0	    0.0	1	  299.8	 21	    0.0	    5.0	
 1357	  38.77	    0.5	 1499.3	    0.0	    0.0	    0.0	    0.0	    0.0	    0.0	    0.0	    0.0	    0.0	  100.0	    0.0	    0.0	    0.0	    0.0	    0.0	   51.3	  1	  550.0	 2050.0	    0.0	    0.0	    0.0	1	  299.8	 21	    0.0	    5.0	
 1358	  38.80	    0.5	 1499.3	    0.0	    0.0	    0.0	    0.0	    0.0	    0.0	    0.0	    0.0	    0.0	  100.0	    0.0	    0.0	    0.0	    0.0	    0.0	   51.3	  1	  550.0	 2050.0	    0.0	    0.0	    0.0	1	  299.8	 21	    0.0	    5.0	
 1359	  38.83	    0.5	 1499.3	    0.0	    0.0	    0.0	    0.0	    0.0	    0.0	    0.0	    0.0	    0.0	  100.0	    0.0	    0.0	    0.0	    0.0	    0.0	   51.3	  1	  550.0	 2050.0	    0.0	    0.0	    0.0	1	  299.8	 21	    0.0	    5.0	
 1360	  38.86	    0.5	 1499.3	    0.0	    0.0	    0.0	    0.0	    0.0	    0.0	    0.0	    0.0	    0.0	  100.0	    0.0	    0.0	    0.0	    0.0	    0.0	   51.4	  1	  550.0	 2050.0	    0.0	    0.0	    0.0	1	  299.8	 21	    0.0	    5.0	
 1361	  38.89	    0.5	 1499.3	    0.0	    0.0	    0.0	    0.0	    0.0	    0.0	    0.0	    0.0	    0.0	  100.0	    0.0	    0.0	    0.0	    0.0	    0.0	   51.4	  1	  550.0	 2050.0	    0.0	    0.0	    0.0	1	  299.8	 21	    0.0	    5.0	
 1362	  38.91	    0.5	 1499.3	    0.0	    0.0	    0.0	    0.0	    0.0	    0.0	    0.0	    0.0	    0.0	  100.0	    0.0	    0.0	    0.0	    0.0	    0.0	   51.5	  1	  550.0	 2050.0	    0.0	    0.0	    0.0	1	  299.8	 21	    0.0	    5.0	
 1363	  38.94	    0.5	 1499.3	    0.0	    0.0	    0.0	    0.0	    0.0	    0.0	    0.0	    0.0	    0.0	  100.0	    0.0	    0.0	    0.0	    0.0	    0.0	   51.5	  1	  550.0	 2050.0	    0.0	    0.0	    0.0	1	  299.8	 21	    0.0	    5.0	
 1364	  38.97	    0.5	 1499.3	    0.0	    0.0	    0.0	    0.0	    0.0	    0.0	    0.0	    0.0	    0.0	  100.0	    0.0	    0.0	    0.0	    0.0	    0.0	   51.5	  1	  550.0	 2050.0	    0.0	    0.0	    0.0	1	  299.8	 21	    0.0	    5.0	
 1365	  39.00	    0.5	 1499.3	    0.0	    0.0	    0.0	    0.0	    0.0	    0.0	    0.0	    0.0	    0.0	  100.0	    0.0	    0.0	    0.0	    0.0	    0.0	   51.6	  1	  550.0	 2050.0	    0.0	    0.0	    0.0	1	  299.8	 21	    0.0	    5.0	
 1366	  39.03	    0.5	 1499.3	    0.0	    0.0	    0.0	    0.0	    0.0	    0.0	    0.0	    0.0	    0.0	  100.0	    0.0	    0.0	    0.0	    0.0	    0.0	   51.6	  1	  550.0	 2050.0	    0.0	    0.0	    0.0	1	  299.8	 21	    0.0	    5.0	
 1367	  39.06	    0.5	 1499.3	    0.0	    0.0	    0.0	    0.0	    0.0	    0.0	    0.0	    0.0	    0.0	  100.0	    0.0	    0.0	    0.0	    0.0	    0.0	   51.6	  1	  550.0	 2050.0	    0.0	    0.0	    0.0	1	  299.8	 21	    0.0	    5.0	
 1368	  39.09	    0.5	 1499.3	    0.0	    0.0	    0.0	    0.0	    0.0	    0.0	    0.0	    0.0	    0.0	  100.0	    0.0	    0.0	    0.0	    0.0	    0.0	   51.7	  1	  550.0	 2050.0	    0.0	    0.0	    0.0	1	  299.8	 21	    0.0	    5.0	
 1369	  39.12	    0.5	 1499.3	    0.0	    0.0	    0.0	    0.0	    0.0	    0.0	    0.0	    0.0	    0.0	  100.0	    0.0	    0.0	    0.0	    0.0	    0.0	   51.7	  1	  550.0	 2050.0	    0.0	    0.0	    0.0	1	  299.8	 21	    0.0	    5.0	
 1370	  39.14	    0.5	 1499.3	    0.0	    0.0	    0.0	    0.0	    0.0	    0.0	    0.0	    0.0	    0.0	  100.0	    0.0	    0.0	    0.0	    0.0	    0.0	   51.8	  1	  550.0	 2050.0	    0.0	    0.0	    0.0	1	  299.8	 21	    0.0	    5.0	
 1371	  39.17	    0.5	 1499.3	    0.0	    0.0	    0.0	    0.0	    0.0	    0.0	    0.0	    0.0	    0.0	  100.0	    0.0	    0.0	    0.0	    0.0	    0.0	   51.8	  1	  550.0	 2050.0	    0.0	    0.0	    0.0	1	  299.8	 21	    0.0	    5.0	
 1372	  39.20	    0.5	 1499.3	    0.0	    0.0	    0.0	    0.0	    0.0	    0.0	    0.0	    0.0	    0.0	  100.0	    0.0	    0.0	    0.0	    0.0	    0.0	   51.8	  1	  550.0	 2050.0	    0.0	    0.0	    0.0	1	  299.8	 21	    0.0	    5.0	
 1373	  39.23	    0.5	 1499.3	    0.0	    0.0	    0.0	    0.0	    0.0	    0.0	    0.0	    0.0	    0.0	  100.0	    0.0	    0.0	    0.0	    0.0	    0.0	   51.9	  1	  550.0	 2050.0	    0.0	    0.0	    0.0	1	  299.8	 21	    0.0	    5.0	
 1374	  39.26	    0.5	 1499.3	    0.0	    0.0	    0.0	    0.0	    0.0	    0.0	    0.0	    0.0	    0.0	  100.0	    0.0	    0.0	    0.0	    0.0	    0.0	   51.9	  1	  550.0	 2050.0	    0.0	    0.0	    0.0	1	  299.8	 21	    0.0	    5.0	
 1375	  39.29	    0.5	 1499.3	    0.0	    0.0	    0.0	    0.0	    0.0	    0.0	    0.0	    0.0	    0.0	  100.0	    0.0	    0.0	    0.0	    0.0	    0.0	   52.0	  1	  550.0	 2050.0	    0.0	    0.0	    0.0	1	  299.8	 21	    0.0	    5.0	
 1376	  39.31	    0.5	 1499.3	    0.0	    0.0	    0.0	    0.0	    0.0	    0.0	    0.0	    0.0	    0.0	  100.0	    0.0	    0.0	    0.0	    0.0	    0.0	   52.0	  1	  550.0	 2050.0	    0.0	    0.0	    0.0	1	  299.8	 21	    0.0	    5.0	
 1377	  39.34	    0.5	 1499.3	    0.0	    0.0	    0.0	    0.0	    0.0	    0.0	    0.0	    0.0	    0.0	  100.0	    0.0	    0.0	    0.0	    0.0	    0.0	   52.0	  1	  550.0	 2050.0	    0.0	    0.0	    0.0	1	  299.8	 21	    0.0	    5.0	
 1378	  39.37	    0.5	 1499.3	    0.0	    0.0	    0.0	    0.0	    0.0	    0.0	    0.0	    0.0	    0.0	  100.0	    0.0	    0.0	    0.0	    0.0	    0.0	   52.1	  1	  550.0	 2050.0	    0.0	    0.0	    0.0	1	  299.8	 21	    0.0	    5.0	
 1379	  39.40	    0.5	 1499.3	    0.0	    0.0	    0.0	    0.0	    0.0	    0.0	    0.0	    0.0	    0.0	  100.0	    0.0	    0.0	    0.0	    0.0	    0.0	   52.1	  1	  550.0	 2050.0	    0.0	    0.0	    0.0	1	  299.8	 21	    0.0	    5.0	
 1380	  39.43	    0.5	 1499.3	    0.0	    0.0	    0.0	    0.0	    0.0	    0.0	    0.0	    0.0	    0.0	  100.0	    0.0	    0.0	    0.0	    0.0	    0.0	   52.1	  1	  550.0	 2050.0	    0.0	    0.0	    0.0	1	  299.8	 21	    0.0	    5.0	
 1381	  39.46	    0.5	 1499.3	    0.0	    0.0	    0.0	    0.0	    0.0	    0.0	    0.0	    0.0	    0.0	  100.0	    0.0	    0.0	    0.0	    0.0	    0.0	   52.2	  1	  550.0	 2050.0	    0.0	    0.0	    0.0	1	  299.8	 21	    0.0	    5.0	
 1382	  39.49	    0.5	 1499.3	    0.0	    0.0	    0.0	    0.0	    0.0	    0.0	    0.0	    0.0	    0.0	  100.0	    0.0	    0.0	    0.0	    0.0	    0.0	   52.2	  1	  550.0	 2050.0	    0.0	    0.0	    0.0	1	  299.8	 21	    0.0	    5.0	
 1383	  39.52	    0.5	 1499.3	    0.0	    0.0	    0.0	    0.0	    0.0	    0.0	    0.0	    0.0	    0.0	  100.0	    0.0	    0.0	    0.0	    0.0	    0.0	   52.3	  1	  550.0	 2050.0	    0.0	    0.0	    0.0	1	  299.8	 21	    0.0	    5.0	
 1384	  39.54	    0.5	 1499.3	    0.0	    0.0	    0.0	    0.0	    0.0	    0.0	    0.0	    0.0	    0.0	  100.0	    0.0	    0.0	    0.0	    0.0	    0.0	   52.3	  1	  550.0	 2050.0	    0.0	    0.0	    0.0	1	  299.8	 21	    0.0	    5.0	
 1385	  39.57	    0.5	 1499.3	    0.0	    0.0	    0.0	    0.0	    0.0	    0.0	    0.0	    0.0	    0.0	  100.0	    0.0	    0.0	    0.0	    0.0	    0.0	   52.3	  1	  550.0	 2050.0	    0.0	    0.0	    0.0	1	  299.8	 21	    0.0	    5.0	
 1386	  39.60	    0.5	 1499.3	    0.0	    0.0	    0.0	    0.0	    0.0	    0.0	    0.0	    0.0	    0.0	  100.0	    0.0	    0.0	    0.0	    0.0	    0.0	   52.4	  1	  550.0	 2050.0	    0.0	    0.0	    0.0	1	  299.8	 21	    0.0	    5.0	
 1387	  39.63	    0.5	 1499.3	    0.0	    0.0	    0.0	    0.0	    0.0	    0.0	    0.0	    0.0	    0.0	  100.0	    0.0	    0.0	    0.0	    0.0	    0.0	   52.4	  1	  550.0	 2050.0	    0.0	    0.0	    0.0	1	  299.8	 21	    0.0	    5.0	
 1388	  39.66	    0.5	 1499.3	    0.0	    0.0	    0.0	    0.0	    0.0	    0.0	    0.0	    0.0	    0.0	  100.0	    0.0	    0.0	    0.0	    0.0	    0.0	   52.4	  1	  550.0	 2050.0	    0.0	    0.0	    0.0	1	  299.8	 21	    0.0	    5.0	
 1389	  39.69	    0.5	 1499.3	    0.0	    0.0	    0.0	    0.0	    0.0	    0.0	    0.0	    0.0	    0.0	  100.0	    0.0	    0.0	    0.0	    0.0	    0.0	   52.5	  1	  550.0	 2050.0	    0.0	    0.0	    0.0	1	  299.8	 21	    0.0	    5.0	
 1390	  39.72	    0.5	 1499.3	    0.0	    0.0	    0.0	    0.0	    0.0	    0.0	    0.0	    0.0	    0.0	  100.0	    0.0	    0.0	    0.0	    0.0	    0.0	   52.5	  1	  550.0	 2050.0	    0.0	    0.0	    0.0	1	  299.8	 21	    0.0	    5.0	
 1391	  39.74	    0.5	 1499.3	    0.0	    0.0	    0.0	    0.0	    0.0	    0.0	    0.0	    0.0	    0.0	  100.0	    0.0	    0.0	    0.0	    0.0	    0.0	   52.6	  1	  550.0	 2050.0	    0.0	    0.0	    0.0	1	  299.8	 21	    0.0	    5.0	
 1392	  39.77	    0.5	 1499.3	    0.0	    0.0	    0.0	    0.0	    0.0	    0.0	    0.0	    0.0	    0.0	  100.0	    0.0	    0.0	    0.0	    0.0	    0.0	   52.6	  1	  550.0	 2050.0	    0.0	    0.0	    0.0	1	  299.8	 21	    0.0	    5.0	
 1393	  39.80	    0.5	 1499.3	    0.0	    0.0	    0.0	    0.0	    0.0	    0.0	    0.0	    0.0	    0.0	  100.0	    0.0	    0.0	    0.0	    0.0	    0.0	   52.6	  1	  550.0	 2050.0	    0.0	    0.0	    0.0	1	  299.8	 21	    0.0	    5.0	
 1394	  39.83	    0.5	 1499.3	    0.0	    0.0	    0.0	    0.0	    0.0	    0.0	    0.0	    0.0	    0.0	  100.0	    0.0	    0.0	    0.0	    0.0	    0.0	   52.7	  1	  550.0	 2050.0	    0.0	    0.0	    0.0	1	  299.8	 21	    0.0	    5.0	
 1395	  39.86	    0.5	 1499.3	    0.0	    0.0	    0.0	    0.0	    0.0	    0.0	    0.0	    0.0	    0.0	  100.0	    0.0	    0.0	    0.0	    0.0	    0.0	   52.7	  1	  550.0	 2050.0	    0.0	    0.0	    0.0	1	  299.8	 21	    0.0	    5.0	
 1396	  39.89	    0.5	 1499.3	    0.0	    0.0	    0.0	    0.0	    0.0	    0.0	    0.0	    0.0	    0.0	  100.0	    0.0	    0.0	    0.0	    0.0	    0.0	   52.7	  1	  550.0	 2050.0	    0.0	    0.0	    0.0	1	  299.8	 21	    0.0	    5.0	
 1397	  39.91	    0.5	 1499.3	    0.0	    0.0	    0.0	    0.0	    0.0	    0.0	    0.0	    0.0	    0.0	  100.0	    0.0	    0.0	    0.0	    0.0	    0.0	   52.8	  1	  550.0	 2050.0	    0.0	    0.0	    0.0	1	  299.8	 21	    0.0	    5.0	
 1398	  39.94	    0.5	 1499.3	    0.0	    0.0	    0.0	    0.0	    0.0	    0.0	    0.0	    0.0	    0.0	  100.0	    0.0	    0.0	    0.0	    0.0	    0.0	   52.8	  1	  550.0	 2050.0	    0.0	    0.0	    0.0	1	  299.8	 21	    0.0	    5.0	
 1399	  39.97	    0.5	 1499.3	    0.0	    0.0	    0.0	    0.0	    0.0	    0.0	    0.0	    0.0	    0.0	  100.0	    0.0	    0.0	    0.0	    0.0	    0.0	   52.9	  1	  550.0	 2050.0	    0.0	    0.0	    0.0	1	  299.8	 21	    0.0	    5.0	
 1400	  40.00	    0.5	 1499.3	    0.0	    0.0	    0.0	    0.0	    0.0	    0.0	    0.0	    0.0	    0.0	  100.0	    0.0	    0.0	    0.0	    0.0	    0.0	   52.9	  1	  550.0	 2050.0	    0.0	    0.0	    0.0	1	  299.8	 21	    0.0	    5.0	
 1401	  40.03	    0.5	 1499.3	    0.0	    0.0	    0.0	    0.0	    0.0	    0.0	    0.0	    0.0	    0.0	  100.0	    0.0	    0.0	    0.0	    0.0	    0.0	   52.9	  1	  550.0	 2050.0	    0.0	    0.0	    0.0	1	  299.8	 21	    0.0	    5.0	
 1402	  40.06	    0.5	 1499.3	    0.0	    0.0	    0.0	    0.0	    0.0	    0.0	    0.0	    0.0	    0.0	  100.0	    0.0	    0.0	    0.0	    0.0	    0.0	   53.0	  1	  550.0	 2050.0	    0.0	    0.0	    0.0	1	  299.8	 21	    0.0	    5.0	
 1403	  40.09	    0.5	 1499.3	    0.0	    0.0	    0.0	    0.0	    0.0	    0.0	    0.0	    0.0	    0.0	  100.0	    0.0	    0.0	    0.0	    0.0	    0.0	   53.0	  1	  550.0	 2050.0	    0.0	    0.0	    0.0	1	  299.8	 21	    0.0	    5.0	
 1404	  40.12	    0.5	 1499.3	    0.0	    0.0	    0.0	    0.0	    0.0	    0.0	    0.0	    0.0	    0.0	  100.0	    0.0	    0.0	    0.0	    0.0	    0.0	   53.1	  1	  550.0	 2050.0	    0.0	    0.0	    0.0	1	  299.8	 21	    0.0	    5.0	
 1405	  40.14	    0.5	 1499.3	    0.0	    0.0	    0.0	    0.0	    0.0	    0.0	    0.0	    0.0	    0.0	  100.0	    0.0	    0.0	    0.0	    0.0	    0.0	   53.1	  1	  550.0	 2050.0	    0.0	    0.0	    0.0	1	  299.8	 21	    0.0	    5.0	
 1406	  40.17	    0.5	 1499.3	    0.0	    0.0	    0.0	    0.0	    0.0	    0.0	    0.0	    0.0	    0.0	  100.0	    0.0	    0.0	    0.0	    0.0	    0.0	   53.1	  1	  550.0	 2050.0	    0.0	    0.0	    0.0	1	  299.8	 21	    0.0	    5.0	
 1407	  40.20	    0.5	 1499.3	    0.0	    0.0	    0.0	    0.0	    0.0	    0.0	    0.0	    0.0	    0.0	  100.0	    0.0	    0.0	    0.0	    0.0	    0.0	   53.2	  1	  550.0	 2050.0	    0.0	    0.0	    0.0	1	  299.8	 21	    0.0	    5.0	
 1408	  40.23	    0.5	 1499.3	    0.0	    0.0	    0.0	    0.0	    0.0	    0.0	    0.0	    0.0	    0.0	  100.0	    0.0	    0.0	    0.0	    0.0	    0.0	   53.2	  1	  550.0	 2050.0	    0.0	    0.0	    0.0	1	  299.8	 21	    0.0	    5.0	
 1409	  40.26	    0.5	 1499.3	    0.0	    0.0	    0.0	    0.0	    0.0	    0.0	    0.0	    0.0	    0.0	  100.0	    0.0	    0.0	    0.0	    0.0	    0.0	   53.2	  1	  550.0	 2050.0	    0.0	    0.0	    0.0	1	  299.8	 21	    0.0	    5.0	
 1410	  40.29	    0.5	 1499.3	    0.0	    0.0	    0.0	    0.0	    0.0	    0.0	    0.0	    0.0	    0.0	  100.0	    0.0	    0.0	    0.0	    0.0	    0.0	   53.3	  1	  550.0	 2050.0	    0.0	    0.0	    0.0	1	  299.8	 21	    0.0	    5.0	
 1411	  40.31	    0.5	 1499.3	    0.0	    0.0	    0.0	    0.0	    0.0	    0.0	    0.0	    0.0	    0.0	  100.0	    0.0	    0.0	    0.0	    0.0	    0.0	   53.3	  1	  550.0	 2050.0	    0.0	    0.0	    0.0	1	  299.8	 21	    0.0	    5.0	
 1412	  40.34	    0.5	 1499.3	    0.0	    0.0	    0.0	    0.0	    0.0	    0.0	    0.0	    0.0	    0.0	  100.0	    0.0	    0.0	    0.0	    0.0	    0.0	   53.4	  1	  550.0	 2050.0	    0.0	    0.0	    0.0	1	  299.8	 21	    0.0	    5.0	
 1413	  40.37	    0.5	 1499.3	    0.0	    0.0	    0.0	    0.0	    0.0	    0.0	    0.0	    0.0	    0.0	  100.0	    0.0	    0.0	    0.0	    0.0	    0.0	   53.4	  1	  550.0	 2050.0	    0.0	    0.0	    0.0	1	  299.8	 21	    0.0	    5.0	
 1414	  40.40	    0.5	 1499.3	    0.0	    0.0	    0.0	    0.0	    0.0	    0.0	    0.0	    0.0	    0.0	  100.0	    0.0	    0.0	    0.0	    0.0	    0.0	   53.4	  1	  550.0	 2050.0	    0.0	    0.0	    0.0	1	  299.8	 21	    0.0	    5.0	
 1415	  40.43	    0.5	 1499.3	    0.0	    0.0	    0.0	    0.0	    0.0	    0.0	    0.0	    0.0	    0.0	  100.0	    0.0	    0.0	    0.0	    0.0	    0.0	   53.5	  1	  550.0	 2050.0	    0.0	    0.0	    0.0	1	  299.8	 21	    0.0	    5.0	
 1416	  40.46	    0.5	 1499.3	    0.0	    0.0	    0.0	    0.0	    0.0	    0.0	    0.0	    0.0	    0.0	  100.0	    0.0	    0.0	    0.0	    0.0	    0.0	   53.5	  1	  550.0	 2050.0	    0.0	    0.0	    0.0	1	  299.8	 21	    0.0	    5.0	
 1417	  40.49	    0.5	 1499.3	    0.0	    0.0	    0.0	    0.0	    0.0	    0.0	    0.0	    0.0	    0.0	  100.0	    0.0	    0.0	    0.0	    0.0	    0.0	   53.5	  1	  550.0	 2050.0	    0.0	    0.0	    0.0	1	  299.8	 21	    0.0	    5.0	
 1418	  40.52	    0.5	 1499.3	    0.0	    0.0	    0.0	    0.0	    0.0	    0.0	    0.0	    0.0	    0.0	  100.0	    0.0	    0.0	    0.0	    0.0	    0.0	   53.6	  1	  550.0	 2050.0	    0.0	    0.0	    0.0	1	  299.8	 21	    0.0	    5.0	
 1419	  40.54	    0.5	 1499.3	    0.0	    0.0	    0.0	    0.0	    0.0	    0.0	    0.0	    0.0	    0.0	  100.0	    0.0	    0.0	    0.0	    0.0	    0.0	   53.6	  1	  550.0	 2050.0	    0.0	    0.0	    0.0	1	  299.8	 21	    0.0	    5.0	
 1420	  40.57	    0.5	 1499.3	    0.0	    0.0	    0.0	    0.0	    0.0	    0.0	    0.0	    0.0	    0.0	  100.0	    0.0	    0.0	    0.0	    0.0	    0.0	   53.7	  1	  550.0	 2050.0	    0.0	    0.0	    0.0	1	  299.8	 21	    0.0	    5.0	
 1421	  40.60	    0.5	 1499.3	    0.0	    0.0	    0.0	    0.0	    0.0	    0.0	    0.0	    0.0	    0.0	  100.0	    0.0	    0.0	    0.0	    0.0	    0.0	   53.7	  1	  550.0	 2050.0	    0.0	    0.0	    0.0	1	  299.8	 21	    0.0	    5.0	
 1422	  40.63	    0.5	 1499.3	    0.0	    0.0	    0.0	    0.0	    0.0	    0.0	    0.0	    0.0	    0.0	  100.0	    0.0	    0.0	    0.0	    0.0	    0.0	   53.7	  1	  550.0	 2050.0	    0.0	    0.0	    0.0	1	  299.8	 21	    0.0	    5.0	
 1423	  40.66	    0.5	 1499.3	    0.0	    0.0	    0.0	    0.0	    0.0	    0.0	    0.0	    0.0	    0.0	  100.0	    0.0	    0.0	    0.0	    0.0	    0.0	   53.8	  1	  550.0	 2050.0	    0.0	    0.0	    0.0	1	  299.8	 21	    0.0	    5.0	
 1424	  40.69	    0.5	 1499.3	    0.0	    0.0	    0.0	    0.0	    0.0	    0.0	    0.0	    0.0	    0.0	  100.0	    0.0	    0.0	    0.0	    0.0	    0.0	   53.8	  1	  550.0	 2050.0	    0.0	    0.0	    0.0	1	  299.8	 21	    0.0	    5.0	
 1425	  40.72	    0.5	 1499.3	    0.0	    0.0	    0.0	    0.0	    0.0	    0.0	    0.0	    0.0	    0.0	  100.0	    0.0	    0.0	    0.0	    0.0	    0.0	   53.9	  1	  550.0	 2050.0	    0.0	    0.0	    0.0	1	  299.8	 21	    0.0	    5.0	
 1426	  40.74	    0.5	 1499.3	    0.0	    0.0	    0.0	    0.0	    0.0	    0.0	    0.0	    0.0	    0.0	  100.0	    0.0	    0.0	    0.0	    0.0	    0.0	   53.9	  1	  550.0	 2050.0	    0.0	    0.0	    0.0	1	  299.8	 21	    0.0	    5.0	
 1427	  40.77	    0.5	 1499.3	    0.0	    0.0	    0.0	    0.0	    0.0	    0.0	    0.0	    0.0	    0.0	  100.0	    0.0	    0.0	    0.0	    0.0	    0.0	   53.9	  1	  550.0	 2050.0	    0.0	    0.0	    0.0	1	  299.8	 21	    0.0	    5.0	
 1428	  40.80	    0.5	 1499.3	    0.0	    0.0	    0.0	    0.0	    0.0	    0.0	    0.0	    0.0	    0.0	  100.0	    0.0	    0.0	    0.0	    0.0	    0.0	   54.0	  1	  550.0	 2050.0	    0.0	    0.0	    0.0	1	  299.8	 21	    0.0	    5.0	
 1429	  40.83	    0.5	 1499.3	    0.0	    0.0	    0.0	    0.0	    0.0	    0.0	    0.0	    0.0	    0.0	  100.0	    0.0	    0.0	    0.0	    0.0	    0.0	   54.0	  1	  550.0	 2050.0	    0.0	    0.0	    0.0	1	  299.8	 21	    0.0	    5.0	
 1430	  40.86	    0.5	 1499.3	    0.0	    0.0	    0.0	    0.0	    0.0	    0.0	    0.0	    0.0	    0.0	  100.0	    0.0	    0.0	    0.0	    0.0	    0.0	   54.0	  1	  550.0	 2050.0	    0.0	    0.0	    0.0	1	  299.8	 21	    0.0	    5.0	
 1431	  40.89	    0.5	 1499.3	    0.0	    0.0	    0.0	    0.0	    0.0	    0.0	    0.0	    0.0	    0.0	  100.0	    0.0	    0.0	    0.0	    0.0	    0.0	   54.1	  1	  550.0	 2050.0	    0.0	    0.0	    0.0	1	  299.8	 21	    0.0	    5.0	
 1432	  40.91	    0.5	 1499.3	    0.0	    0.0	    0.0	    0.0	    0.0	    0.0	    0.0	    0.0	    0.0	  100.0	    0.0	    0.0	    0.0	    0.0	    0.0	   54.1	  1	  550.0	 2050.0	    0.0	    0.0	    0.0	1	  299.8	 21	    0.0	    5.0	
 1433	  40.94	    0.5	 1499.3	    0.0	    0.0	    0.0	    0.0	    0.0	    0.0	    0.0	    0.0	    0.0	  100.0	    0.0	    0.0	    0.0	    0.0	    0.0	   54.2	  1	  550.0	 2050.0	    0.0	    0.0	    0.0	1	  299.8	 21	    0.0	    5.0	
 1434	  40.97	    0.5	 1499.3	    0.0	    0.0	    0.0	    0.0	    0.0	    0.0	    0.0	    0.0	    0.0	  100.0	    0.0	    0.0	    0.0	    0.0	    0.0	   54.2	  1	  550.0	 2050.0	    0.0	    0.0	    0.0	1	  299.8	 21	    0.0	    5.0	
 1435	  41.00	    0.5	 1499.3	    0.0	    0.0	    0.0	    0.0	    0.0	    0.0	    0.0	    0.0	    0.0	  100.0	    0.0	    0.0	    0.0	    0.0	    0.0	   54.2	  1	  550.0	 2050.0	    0.0	    0.0	    0.0	1	  299.8	 21	    0.0	    5.0	
 1436	  41.03	    0.5	 1499.3	    0.0	    0.0	    0.0	    0.0	    0.0	    0.0	    0.0	    0.0	    0.0	  100.0	    0.0	    0.0	    0.0	    0.0	    0.0	   54.3	  1	  550.0	 2050.0	    0.0	    0.0	    0.0	1	  299.8	 21	    0.0	    5.0	
 1437	  41.06	    0.5	 1499.3	    0.0	    0.0	    0.0	    0.0	    0.0	    0.0	    0.0	    0.0	    0.0	  100.0	    0.0	    0.0	    0.0	    0.0	    0.0	   54.3	  1	  550.0	 2050.0	    0.0	    0.0	    0.0	1	  299.8	 21	    0.0	    5.0	
 1438	  41.09	    0.5	 1499.3	    0.0	    0.0	    0.0	    0.0	    0.0	    0.0	    0.0	    0.0	    0.0	  100.0	    0.0	    0.0	    0.0	    0.0	    0.0	   54.3	  1	  550.0	 2050.0	    0.0	    0.0	    0.0	1	  299.8	 21	    0.0	    5.0	
 1439	  41.12	    0.5	 1499.3	    0.0	    0.0	    0.0	    0.0	    0.0	    0.0	    0.0	    0.0	    0.0	  100.0	    0.0	    0.0	    0.0	    0.0	    0.0	   54.4	  1	  550.0	 2050.0	    0.0	    0.0	    0.0	1	  299.8	 21	    0.0	    5.0	
 1440	  41.14	    0.5	 1499.3	    0.0	    0.0	    0.0	    0.0	    0.0	    0.0	    0.0	    0.0	    0.0	  100.0	    0.0	    0.0	    0.0	    0.0	    0.0	   54.4	  1	  550.0	 2050.0	    0.0	    0.0	    0.0	1	  299.8	 21	    0.0	    5.0	
 1441	  41.17	    0.5	 1499.3	    0.0	    0.0	    0.0	    0.0	    0.0	    0.0	    0.0	    0.0	    0.0	  100.0	    0.0	    0.0	    0.0	    0.0	    0.0	   54.5	  1	  550.0	 2050.0	    0.0	    0.0	    0.0	1	  299.8	 21	    0.0	    5.0	
 1442	  41.20	    0.5	 1499.3	    0.0	    0.0	    0.0	    0.0	    0.0	    0.0	    0.0	    0.0	    0.0	  100.0	    0.0	    0.0	    0.0	    0.0	    0.0	   54.5	  1	  550.0	 2050.0	    0.0	    0.0	    0.0	1	  299.8	 21	    0.0	    5.0	
 1443	  41.23	    0.5	 1499.3	    0.0	    0.0	    0.0	    0.0	    0.0	    0.0	    0.0	    0.0	    0.0	  100.0	    0.0	    0.0	    0.0	    0.0	    0.0	   54.5	  1	  550.0	 2050.0	    0.0	    0.0	    0.0	1	  299.8	 21	    0.0	    5.0	
 1444	  41.26	    0.5	 1499.3	    0.0	    0.0	    0.0	    0.0	    0.0	    0.0	    0.0	    0.0	    0.0	  100.0	    0.0	    0.0	    0.0	    0.0	    0.0	   54.6	  1	  550.0	 2050.0	    0.0	    0.0	    0.0	1	  299.8	 21	    0.0	    5.0	
 1445	  41.29	    0.5	 1499.3	    0.0	    0.0	    0.0	    0.0	    0.0	    0.0	    0.0	    0.0	    0.0	  100.0	    0.0	    0.0	    0.0	    0.0	    0.0	   54.6	  1	  550.0	 2050.0	    0.0	    0.0	    0.0	1	  299.8	 21	    0.0	    5.0	
 1446	  41.31	    0.5	 1499.3	    0.0	    0.0	    0.0	    0.0	    0.0	    0.0	    0.0	    0.0	    0.0	  100.0	    0.0	    0.0	    0.0	    0.0	    0.0	   54.6	  1	  550.0	 2050.0	    0.0	    0.0	    0.0	1	  299.8	 21	    0.0	    5.0	
 1447	  41.34	    0.5	 1499.3	    0.0	    0.0	    0.0	    0.0	    0.0	    0.0	    0.0	    0.0	    0.0	  100.0	    0.0	    0.0	    0.0	    0.0	    0.0	   54.7	  1	  550.0	 2050.0	    0.0	    0.0	    0.0	1	  299.8	 21	    0.0	    5.0	
 1448	  41.37	    0.5	 1499.3	    0.0	    0.0	    0.0	    0.0	    0.0	    0.0	    0.0	    0.0	    0.0	  100.0	    0.0	    0.0	    0.0	    0.0	    0.0	   54.7	  1	  550.0	 2050.0	    0.0	    0.0	    0.0	1	  299.8	 21	    0.0	    5.0	
 1449	  41.40	    0.5	 1499.3	    0.0	    0.0	    0.0	    0.0	    0.0	    0.0	    0.0	    0.0	    0.0	  100.0	    0.0	    0.0	    0.0	    0.0	    0.0	   54.8	  1	  550.0	 2050.0	    0.0	    0.0	    0.0	1	  299.8	 21	    0.0	    5.0	
 1450	  41.43	    0.5	 1499.3	    0.0	    0.0	    0.0	    0.0	    0.0	    0.0	    0.0	    0.0	    0.0	  100.0	    0.0	    0.0	    0.0	    0.0	    0.0	   54.8	  1	  550.0	 2050.0	    0.0	    0.0	    0.0	1	  299.8	 21	    0.0	    5.0	
 1451	  41.46	    0.5	 1499.3	    0.0	    0.0	    0.0	    0.0	    0.0	    0.0	    0.0	    0.0	    0.0	  100.0	    0.0	    0.0	    0.0	    0.0	    0.0	   54.8	  1	  550.0	 2050.0	    0.0	    0.0	    0.0	1	  299.8	 21	    0.0	    5.0	
 1452	  41.49	    0.5	 1499.3	    0.0	    0.0	    0.0	    0.0	    0.0	    0.0	    0.0	    0.0	    0.0	  100.0	    0.0	    0.0	    0.0	    0.0	    0.0	   54.9	  1	  550.0	 2050.0	    0.0	    0.0	    0.0	1	  299.8	 21	    0.0	    5.0	
 1453	  41.52	    0.5	 1499.3	    0.0	    0.0	    0.0	    0.0	    0.0	    0.0	    0.0	    0.0	    0.0	  100.0	    0.0	    0.0	    0.0	    0.0	    0.0	   54.9	  1	  550.0	 2050.0	    0.0	    0.0	    0.0	1	  299.8	 21	    0.0	    5.0	
 1454	  41.54	    0.5	 1499.3	    0.0	    0.0	    0.0	    0.0	    0.0	    0.0	    0.0	    0.0	    0.0	  100.0	    0.0	    0.0	    0.0	    0.0	    0.0	   55.0	  1	  550.0	 2050.0	    0.0	    0.0	    0.0	1	  299.8	 21	    0.0	    5.0	
 1455	  41.57	    0.5	 1499.3	    0.0	    0.0	    0.0	    0.0	    0.0	    0.0	    0.0	    0.0	    0.0	  100.0	    0.0	    0.0	    0.0	    0.0	    0.0	   55.0	  1	  550.0	 2050.0	    0.0	    0.0	    0.0	1	  299.8	 21	    0.0	    5.0	
 1456	  41.60	    0.5	 1499.3	    0.0	    0.0	    0.0	    0.0	    0.0	    0.0	    0.0	    0.0	    0.0	  100.0	    0.0	    0.0	    0.0	    0.0	    0.0	   55.0	  1	  550.0	 2050.0	    0.0	    0.0	    0.0	1	  299.8	 21	    0.0	    5.0	
 1457	  41.63	    0.5	 1499.3	    0.0	    0.0	    0.0	    0.0	    0.0	    0.0	    0.0	    0.0	    0.0	  100.0	    0.0	    0.0	    0.0	    0.0	    0.0	   55.1	  1	  550.0	 2050.0	    0.0	    0.0	    0.0	1	  299.8	 21	    0.0	    5.0	
 1458	  41.66	    0.5	 1499.3	    0.0	    0.0	    0.0	    0.0	    0.0	    0.0	    0.0	    0.0	    0.0	  100.0	    0.0	    0.0	    0.0	    0.0	    0.0	   55.1	  1	  550.0	 2050.0	    0.0	    0.0	    0.0	1	  299.8	 21	    0.0	    5.0	
 1459	  41.69	    0.5	 1499.3	    0.0	    0.0	    0.0	    0.0	    0.0	    0.0	    0.0	    0.0	    0.0	  100.0	    0.0	    0.0	    0.0	    0.0	    0.0	   55.1	  1	  550.0	 2050.0	    0.0	    0.0	    0.0	1	  299.8	 21	    0.0	    5.0	
 1460	  41.72	    0.5	 1499.3	    0.0	    0.0	    0.0	    0.0	    0.0	    0.0	    0.0	    0.0	    0.0	  100.0	    0.0	    0.0	    0.0	    0.0	    0.0	   55.2	  1	  550.0	 2050.0	    0.0	    0.0	    0.0	1	  299.8	 21	    0.0	    5.0	
 1461	  41.74	    0.5	 1499.3	    0.0	    0.0	    0.0	    0.0	    0.0	    0.0	    0.0	    0.0	    0.0	  100.0	    0.0	    0.0	    0.0	    0.0	    0.0	   55.2	  1	  550.0	 2050.0	    0.0	    0.0	    0.0	1	  299.8	 21	    0.0	    5.0	
 1462	  41.77	    0.5	 1499.3	    0.0	    0.0	    0.0	    0.0	    0.0	    0.0	    0.0	    0.0	    0.0	  100.0	    0.0	    0.0	    0.0	    0.0	    0.0	   55.3	  1	  550.0	 2050.0	    0.0	    0.0	    0.0	1	  299.8	 21	    0.0	    5.0	
 1463	  41.80	    0.5	 1499.3	    0.0	    0.0	    0.0	    0.0	    0.0	    0.0	    0.0	    0.0	    0.0	  100.0	    0.0	    0.0	    0.0	    0.0	    0.0	   55.3	  1	  550.0	 2050.0	    0.0	    0.0	    0.0	1	  299.8	 21	    0.0	    5.0	
 1464	  41.83	    0.5	 1499.3	    0.0	    0.0	    0.0	    0.0	    0.0	    0.0	    0.0	    0.0	    0.0	  100.0	    0.0	    0.0	    0.0	    0.0	    0.0	   55.3	  1	  550.0	 2050.0	    0.0	    0.0	    0.0	1	  299.8	 21	    0.0	    5.0	
 1465	  41.86	    0.5	 1499.3	    0.0	    0.0	    0.0	    0.0	    0.0	    0.0	    0.0	    0.0	    0.0	  100.0	    0.0	    0.0	    0.0	    0.0	    0.0	   55.4	  1	  550.0	 2050.0	    0.0	    0.0	    0.0	1	  299.8	 21	    0.0	    5.0	
 1466	  41.89	    0.5	 1499.3	    0.0	    0.0	    0.0	    0.0	    0.0	    0.0	    0.0	    0.0	    0.0	  100.0	    0.0	    0.0	    0.0	    0.0	    0.0	   55.4	  1	  550.0	 2050.0	    0.0	    0.0	    0.0	1	  299.8	 21	    0.0	    5.0	
 1467	  41.91	    0.5	 1499.3	    0.0	    0.0	    0.0	    0.0	    0.0	    0.0	    0.0	    0.0	    0.0	  100.0	    0.0	    0.0	    0.0	    0.0	    0.0	   55.4	  1	  550.0	 2050.0	    0.0	    0.0	    0.0	1	  299.8	 21	    0.0	    5.0	
 1468	  41.94	    0.5	 1499.3	    0.0	    0.0	    0.0	    0.0	    0.0	    0.0	    0.0	    0.0	    0.0	  100.0	    0.0	    0.0	    0.0	    0.0	    0.0	   55.5	  1	  550.0	 2050.0	    0.0	    0.0	    0.0	1	  299.8	 21	    0.0	    5.0	
 1469	  41.97	    0.5	 1499.3	    0.0	    0.0	    0.0	    0.0	    0.0	    0.0	    0.0	    0.0	    0.0	  100.0	    0.0	    0.0	    0.0	    0.0	    0.0	   55.5	  1	  550.0	 2050.0	    0.0	    0.0	    0.0	1	  299.8	 21	    0.0	    5.0	
 1470	  42.00	    0.5	 1499.3	    0.0	    0.0	    0.0	    0.0	    0.0	    0.0	    0.0	    0.0	    0.0	  100.0	    0.0	    0.0	    0.0	    0.0	    0.0	   55.6	  1	  550.0	 2050.0	    0.0	    0.0	    0.0	1	  299.8	 21	    0.0	    5.0	
 1471	  42.03	    0.5	 1499.3	    0.0	    0.0	    0.0	    0.0	    0.0	    0.0	    0.0	    0.0	    0.0	  100.0	    0.0	    0.0	    0.0	    0.0	    0.0	   55.6	  1	  550.0	 2050.0	    0.0	    0.0	    0.0	1	  299.8	 21	    0.0	    5.0	
 1472	  42.06	    0.5	 1499.3	    0.0	    0.0	    0.0	    0.0	    0.0	    0.0	    0.0	    0.0	    0.0	  100.0	    0.0	    0.0	    0.0	    0.0	    0.0	   55.6	  1	  550.0	 2050.0	    0.0	    0.0	    0.0	1	  299.8	 21	    0.0	    5.0	
 1473	  42.09	    0.5	 1499.3	    0.0	    0.0	    0.0	    0.0	    0.0	    0.0	    0.0	    0.0	    0.0	  100.0	    0.0	    0.0	    0.0	    0.0	    0.0	   55.7	  1	  550.0	 2050.0	    0.0	    0.0	    0.0	1	  299.8	 21	    0.0	    5.0	
 1474	  42.12	    0.5	 1499.3	    0.0	    0.0	    0.0	    0.0	    0.0	    0.0	    0.0	    0.0	    0.0	  100.0	    0.0	    0.0	    0.0	    0.0	    0.0	   55.7	  1	  550.0	 2050.0	    0.0	    0.0	    0.0	1	  299.8	 21	    0.0	    5.0	
 1475	  42.14	    0.5	 1499.3	    0.0	    0.0	    0.0	    0.0	    0.0	    0.0	    0.0	    0.0	    0.0	  100.0	    0.0	    0.0	    0.0	    0.0	    0.0	   55.8	  1	  550.0	 2050.0	    0.0	    0.0	    0.0	1	  299.8	 21	    0.0	    5.0	
 1476	  42.17	    0.5	 1499.3	    0.0	    0.0	    0.0	    0.0	    0.0	    0.0	    0.0	    0.0	    0.0	  100.0	    0.0	    0.0	    0.0	    0.0	    0.0	   55.8	  1	  550.0	 2050.0	    0.0	    0.0	    0.0	1	  299.8	 21	    0.0	    5.0	
 1477	  42.20	    0.5	 1499.3	    0.0	    0.0	    0.0	    0.0	    0.0	    0.0	    0.0	    0.0	    0.0	  100.0	    0.0	    0.0	    0.0	    0.0	    0.0	   55.8	  1	  550.0	 2050.0	    0.0	    0.0	    0.0	1	  299.8	 21	    0.0	    5.0	
 1478	  42.23	    0.5	 1499.3	    0.0	    0.0	    0.0	    0.0	    0.0	    0.0	    0.0	    0.0	    0.0	  100.0	    0.0	    0.0	    0.0	    0.0	    0.0	   55.9	  1	  550.0	 2050.0	    0.0	    0.0	    0.0	1	  299.8	 21	    0.0	    5.0	
 1479	  42.26	    0.5	 1499.3	    0.0	    0.0	    0.0	    0.0	    0.0	    0.0	    0.0	    0.0	    0.0	  100.0	    0.0	    0.0	    0.0	    0.0	    0.0	   55.9	  1	  550.0	 2050.0	    0.0	    0.0	    0.0	1	  299.8	 21	    0.0	    5.0	
 1480	  42.29	    0.5	 1499.3	    0.0	    0.0	    0.0	    0.0	    0.0	    0.0	    0.0	    0.0	    0.0	  100.0	    0.0	    0.0	    0.0	    0.0	    0.0	   55.9	  1	  550.0	 2050.0	    0.0	    0.0	    0.0	1	  299.8	 21	    0.0	    5.0	
 1481	  42.31	    0.5	 1499.3	    0.0	    0.0	    0.0	    0.0	    0.0	    0.0	    0.0	    0.0	    0.0	  100.0	    0.0	    0.0	    0.0	    0.0	    0.0	   56.0	  1	  550.0	 2050.0	    0.0	    0.0	    0.0	1	  299.8	 21	    0.0	    5.0	
 1482	  42.34	    0.5	 1499.3	    0.0	    0.0	    0.0	    0.0	    0.0	    0.0	    0.0	    0.0	    0.0	  100.0	    0.0	    0.0	    0.0	    0.0	    0.0	   56.0	  1	  550.0	 2050.0	    0.0	    0.0	    0.0	1	  299.8	 21	    0.0	    5.0	
 1483	  42.37	    0.5	 1499.3	    0.0	    0.0	    0.0	    0.0	    0.0	    0.0	    0.0	    0.0	    0.0	  100.0	    0.0	    0.0	    0.0	    0.0	    0.0	   56.1	  1	  550.0	 2050.0	    0.0	    0.0	    0.0	1	  299.8	 21	    0.0	    5.0	
 1484	  42.40	    0.5	 1499.3	    0.0	    0.0	    0.0	    0.0	    0.0	    0.0	    0.0	    0.0	    0.0	  100.0	    0.0	    0.0	    0.0	    0.0	    0.0	   56.1	  1	  550.0	 2050.0	    0.0	    0.0	    0.0	1	  299.8	 21	    0.0	    5.0	
 1485	  42.43	    0.5	 1499.3	    0.0	    0.0	    0.0	    0.0	    0.0	    0.0	    0.0	    0.0	    0.0	  100.0	    0.0	    0.0	    0.0	    0.0	    0.0	   56.1	  1	  550.0	 2050.0	    0.0	    0.0	    0.0	1	  299.8	 21	    0.0	    5.0	
 1486	  42.46	    0.5	 1499.3	    0.0	    0.0	    0.0	    0.0	    0.0	    0.0	    0.0	    0.0	    0.0	  100.0	    0.0	    0.0	    0.0	    0.0	    0.0	   56.2	  1	  550.0	 2050.0	    0.0	    0.0	    0.0	1	  299.8	 21	    0.0	    5.0	
 1487	  42.49	    0.5	 1499.3	    0.0	    0.0	    0.0	    0.0	    0.0	    0.0	    0.0	    0.0	    0.0	  100.0	    0.0	    0.0	    0.0	    0.0	    0.0	   56.2	  1	  550.0	 2050.0	    0.0	    0.0	    0.0	1	  299.8	 21	    0.0	    5.0	
 1488	  42.52	    0.5	 1499.3	    0.0	    0.0	    0.0	    0.0	    0.0	    0.0	    0.0	    0.0	    0.0	  100.0	    0.0	    0.0	    0.0	    0.0	    0.0	   56.2	  1	  550.0	 2050.0	    0.0	    0.0	    0.0	1	  299.8	 21	    0.0	    5.0	
 1489	  42.54	    0.5	 1499.3	    0.0	    0.0	    0.0	    0.0	    0.0	    0.0	    0.0	    0.0	    0.0	  100.0	    0.0	    0.0	    0.0	    0.0	    0.0	   56.3	  1	  550.0	 2050.0	    0.0	    0.0	    0.0	1	  299.8	 21	    0.0	    5.0	
 1490	  42.57	    0.5	 1499.3	    0.0	    0.0	    0.0	    0.0	    0.0	    0.0	    0.0	    0.0	    0.0	  100.0	    0.0	    0.0	    0.0	    0.0	    0.0	   56.3	  1	  550.0	 2050.0	    0.0	    0.0	    0.0	1	  299.8	 21	    0.0	    5.0	
 1491	  42.60	    0.5	 1499.3	    0.0	    0.0	    0.0	    0.0	    0.0	    0.0	    0.0	    0.0	    0.0	  100.0	    0.0	    0.0	    0.0	    0.0	    0.0	   56.4	  1	  550.0	 2050.0	    0.0	    0.0	    0.0	1	  299.8	 21	    0.0	    5.0	
 1492	  42.63	    0.5	 1499.3	    0.0	    0.0	    0.0	    0.0	    0.0	    0.0	    0.0	    0.0	    0.0	  100.0	    0.0	    0.0	    0.0	    0.0	    0.0	   56.4	  1	  550.0	 2050.0	    0.0	    0.0	    0.0	1	  299.8	 21	    0.0	    5.0	
 1493	  42.66	    0.5	 1499.3	    0.0	    0.0	    0.0	    0.0	    0.0	    0.0	    0.0	    0.0	    0.0	  100.0	    0.0	    0.0	    0.0	    0.0	    0.0	   56.4	  1	  550.0	 2050.0	    0.0	    0.0	    0.0	1	  299.8	 21	    0.0	    5.0	
 1494	  42.69	    0.5	 1499.3	    0.0	    0.0	    0.0	    0.0	    0.0	    0.0	    0.0	    0.0	    0.0	  100.0	    0.0	    0.0	    0.0	    0.0	    0.0	   56.5	  1	  550.0	 2050.0	    0.0	    0.0	    0.0	1	  299.8	 21	    0.0	    5.0	
 1495	  42.72	    0.5	 1499.3	    0.0	    0.0	    0.0	    0.0	    0.0	    0.0	    0.0	    0.0	    0.0	  100.0	    0.0	    0.0	    0.0	    0.0	    0.0	   56.5	  1	  550.0	 2050.0	    0.0	    0.0	    0.0	1	  299.8	 21	    0.0	    5.0	
 1496	  42.74	    0.5	 1499.3	    0.0	    0.0	    0.0	    0.0	    0.0	    0.0	    0.0	    0.0	    0.0	  100.0	    0.0	    0.0	    0.0	    0.0	    0.0	   56.5	  1	  550.0	 2050.0	    0.0	    0.0	    0.0	1	  299.8	 21	    0.0	    5.0	
 1497	  42.77	    0.5	 1499.3	    0.0	    0.0	    0.0	    0.0	    0.0	    0.0	    0.0	    0.0	    0.0	  100.0	    0.0	    0.0	    0.0	    0.0	    0.0	   56.6	  1	  550.0	 2050.0	    0.0	    0.0	    0.0	1	  299.8	 21	    0.0	    5.0	
 1498	  42.80	    0.5	 1499.3	    0.0	    0.0	    0.0	    0.0	    0.0	    0.0	    0.0	    0.0	    0.0	  100.0	    0.0	    0.0	    0.0	    0.0	    0.0	   56.6	  1	  550.0	 2050.0	    0.0	    0.0	    0.0	1	  299.8	 21	    0.0	    5.0	
 1499	  42.83	    0.5	 1499.3	    0.0	    0.0	    0.0	    0.0	    0.0	    0.0	    0.0	    0.0	    0.0	  100.0	    0.0	    0.0	    0.0	    0.0	    0.0	   56.7	  1	  550.0	 2050.0	    0.0	    0.0	    0.0	1	  299.8	 21	    0.0	    5.0	
 1500	  42.86	    0.5	 1499.3	    0.0	    0.0	    0.0	    0.0	    0.0	    0.0	    0.0	    0.0	    0.0	  100.0	    0.0	    0.0	    0.0	    0.0	    0.0	   56.7	  1	  550.0	 2050.0	    0.0	    0.0	    0.0	1	  299.8	 21	    0.0	    5.0	
 1501	  42.89	    0.5	 1499.3	    0.0	    0.0	    0.0	    0.0	    0.0	    0.0	    0.0	    0.0	    0.0	  100.0	    0.0	    0.0	    0.0	    0.0	    0.0	   56.7	  1	  550.0	 2050.0	    0.0	    0.0	    0.0	1	  299.8	 21	    0.0	    5.0	
 1502	  42.91	    0.5	 1499.3	    0.0	    0.0	    0.0	    0.0	    0.0	    0.0	    0.0	    0.0	    0.0	  100.0	    0.0	    0.0	    0.0	    0.0	    0.0	   56.8	  1	  550.0	 2050.0	    0.0	    0.0	    0.0	1	  299.8	 21	    0.0	    5.0	
 1503	  42.94	    0.5	 1499.3	    0.0	    0.0	    0.0	    0.0	    0.0	    0.0	    0.0	    0.0	    0.0	  100.0	    0.0	    0.0	    0.0	    0.0	    0.0	   56.8	  1	  550.0	 2050.0	    0.0	    0.0	    0.0	1	  299.8	 21	    0.0	    5.0	
 1504	  42.97	    0.5	 1499.3	    0.0	    0.0	    0.0	    0.0	    0.0	    0.0	    0.0	    0.0	    0.0	  100.0	    0.0	    0.0	    0.0	    0.0	    0.0	   56.9	  1	  550.0	 2050.0	    0.0	    0.0	    0.0	1	  299.8	 21	    0.0	    5.0	
 1505	  43.00	    0.5	 1499.3	    0.0	    0.0	    0.0	    0.0	    0.0	    0.0	    0.0	    0.0	    0.0	  100.0	    0.0	    0.0	    0.0	    0.0	    0.0	   56.9	  1	  550.0	 2050.0	    0.0	    0.0	    0.0	1	  299.8	 21	    0.0	    5.0	
 1506	  43.03	    0.5	 1499.3	    0.0	    0.0	    0.0	    0.0	    0.0	    0.0	    0.0	    0.0	    0.0	  100.0	    0.0	    0.0	    0.0	    0.0	    0.0	   56.9	  1	  550.0	 2050.0	    0.0	    0.0	    0.0	1	  299.8	 21	    0.0	    5.0	
 1507	  43.06	    0.5	 1499.3	    0.0	    0.0	    0.0	    0.0	    0.0	    0.0	    0.0	    0.0	    0.0	  100.0	    0.0	    0.0	    0.0	    0.0	    0.0	   57.0	  1	  550.0	 2050.0	    0.0	    0.0	    0.0	1	  299.8	 21	    0.0	    5.0	
 1508	  43.09	    0.5	 1499.3	    0.0	    0.0	    0.0	    0.0	    0.0	    0.0	    0.0	    0.0	    0.0	  100.0	    0.0	    0.0	    0.0	    0.0	    0.0	   57.0	  1	  550.0	 2050.0	    0.0	    0.0	    0.0	1	  299.8	 21	    0.0	    5.0	
 1509	  43.12	    0.5	 1499.3	    0.0	    0.0	    0.0	    0.0	    0.0	    0.0	    0.0	    0.0	    0.0	  100.0	    0.0	    0.0	    0.0	    0.0	    0.0	   57.0	  1	  550.0	 2050.0	    0.0	    0.0	    0.0	1	  299.8	 21	    0.0	    5.0	
 1510	  43.14	    0.5	 1499.3	    0.0	    0.0	    0.0	    0.0	    0.0	    0.0	    0.0	    0.0	    0.0	  100.0	    0.0	    0.0	    0.0	    0.0	    0.0	   57.1	  1	  550.0	 2050.0	    0.0	    0.0	    0.0	1	  299.8	 21	    0.0	    5.0	
 1511	  43.17	    0.5	 1499.3	    0.0	    0.0	    0.0	    0.0	    0.0	    0.0	    0.0	    0.0	    0.0	  100.0	    0.0	    0.0	    0.0	    0.0	    0.0	   57.1	  1	  550.0	 2050.0	    0.0	    0.0	    0.0	1	  299.8	 21	    0.0	    5.0	
 1512	  43.20	    0.5	 1499.3	    0.0	    0.0	    0.0	    0.0	    0.0	    0.0	    0.0	    0.0	    0.0	  100.0	    0.0	    0.0	    0.0	    0.0	    0.0	   57.2	  1	  550.0	 2050.0	    0.0	    0.0	    0.0	1	  299.8	 21	    0.0	    5.0	
 1513	  43.23	    0.5	 1499.3	    0.0	    0.0	    0.0	    0.0	    0.0	    0.0	    0.0	    0.0	    0.0	  100.0	    0.0	    0.0	    0.0	    0.0	    0.0	   57.2	  1	  550.0	 2050.0	    0.0	    0.0	    0.0	1	  299.8	 21	    0.0	    5.0	
 1514	  43.26	    0.5	 1499.3	    0.0	    0.0	    0.0	    0.0	    0.0	    0.0	    0.0	    0.0	    0.0	  100.0	    0.0	    0.0	    0.0	    0.0	    0.0	   57.2	  1	  550.0	 2050.0	    0.0	    0.0	    0.0	1	  299.8	 21	    0.0	    5.0	
 1515	  43.29	    0.5	 1499.3	    0.0	    0.0	    0.0	    0.0	    0.0	    0.0	    0.0	    0.0	    0.0	  100.0	    0.0	    0.0	    0.0	    0.0	    0.0	   57.3	  1	  550.0	 2050.0	    0.0	    0.0	    0.0	1	  299.8	 21	    0.0	    5.0	
 1516	  43.31	    0.5	 1499.3	    0.0	    0.0	    0.0	    0.0	    0.0	    0.0	    0.0	    0.0	    0.0	  100.0	    0.0	    0.0	    0.0	    0.0	    0.0	   57.3	  1	  550.0	 2050.0	    0.0	    0.0	    0.0	1	  299.8	 21	    0.0	    5.0	
 1517	  43.34	    0.5	 1499.3	    0.0	    0.0	    0.0	    0.0	    0.0	    0.0	    0.0	    0.0	    0.0	  100.0	    0.0	    0.0	    0.0	    0.0	    0.0	   57.3	  1	  550.0	 2050.0	    0.0	    0.0	    0.0	1	  299.8	 21	    0.0	    5.0	
 1518	  43.37	    0.5	 1499.3	    0.0	    0.0	    0.0	    0.0	    0.0	    0.0	    0.0	    0.0	    0.0	  100.0	    0.0	    0.0	    0.0	    0.0	    0.0	   57.4	  1	  550.0	 2050.0	    0.0	    0.0	    0.0	1	  299.8	 21	    0.0	    5.0	
 1519	  43.40	    0.5	 1499.3	    0.0	    0.0	    0.0	    0.0	    0.0	    0.0	    0.0	    0.0	    0.0	  100.0	    0.0	    0.0	    0.0	    0.0	    0.0	   57.4	  1	  550.0	 2050.0	    0.0	    0.0	    0.0	1	  299.8	 21	    0.0	    5.0	
 1520	  43.43	    0.5	 1499.3	    0.0	    0.0	    0.0	    0.0	    0.0	    0.0	    0.0	    0.0	    0.0	  100.0	    0.0	    0.0	    0.0	    0.0	    0.0	   57.5	  1	  550.0	 2050.0	    0.0	    0.0	    0.0	1	  299.8	 21	    0.0	    5.0	
 1521	  43.46	    0.5	 1499.3	    0.0	    0.0	    0.0	    0.0	    0.0	    0.0	    0.0	    0.0	    0.0	  100.0	    0.0	    0.0	    0.0	    0.0	    0.0	   57.5	  1	  550.0	 2050.0	    0.0	    0.0	    0.0	1	  299.8	 21	    0.0	    5.0	
 1522	  43.49	    0.5	 1499.3	    0.0	    0.0	    0.0	    0.0	    0.0	    0.0	    0.0	    0.0	    0.0	  100.0	    0.0	    0.0	    0.0	    0.0	    0.0	   57.5	  1	  550.0	 2050.0	    0.0	    0.0	    0.0	1	  299.8	 21	    0.0	    5.0	
 1523	  43.52	    0.5	 1499.3	    0.0	    0.0	    0.0	    0.0	    0.0	    0.0	    0.0	    0.0	    0.0	  100.0	    0.0	    0.0	    0.0	    0.0	    0.0	   57.6	  1	  550.0	 2050.0	    0.0	    0.0	    0.0	1	  299.8	 21	    0.0	    5.0	
 1524	  43.54	    0.5	 1499.3	    0.0	    0.0	    0.0	    0.0	    0.0	    0.0	    0.0	    0.0	    0.0	  100.0	    0.0	    0.0	    0.0	    0.0	    0.0	   57.6	  1	  550.0	 2050.0	    0.0	    0.0	    0.0	1	  299.8	 21	    0.0	    5.0	
 1525	  43.57	    0.5	 1499.3	    0.0	    0.0	    0.0	    0.0	    0.0	    0.0	    0.0	    0.0	    0.0	  100.0	    0.0	    0.0	    0.0	    0.0	    0.0	   57.7	  1	  550.0	 2050.0	    0.0	    0.0	    0.0	1	  299.8	 21	    0.0	    5.0	
 1526	  43.60	    0.5	 1499.3	    0.0	    0.0	    0.0	    0.0	    0.0	    0.0	    0.0	    0.0	    0.0	  100.0	    0.0	    0.0	    0.0	    0.0	    0.0	   57.7	  1	  550.0	 2050.0	    0.0	    0.0	    0.0	1	  299.8	 21	    0.0	    5.0	
 1527	  43.63	    0.5	 1499.3	    0.0	    0.0	    0.0	    0.0	    0.0	    0.0	    0.0	    0.0	    0.0	  100.0	    0.0	    0.0	    0.0	    0.0	    0.0	   57.7	  1	  550.0	 2050.0	    0.0	    0.0	    0.0	1	  299.8	 21	    0.0	    5.0	
 1528	  43.66	    0.5	 1499.3	    0.0	    0.0	    0.0	    0.0	    0.0	    0.0	    0.0	    0.0	    0.0	  100.0	    0.0	    0.0	    0.0	    0.0	    0.0	   57.8	  1	  550.0	 2050.0	    0.0	    0.0	    0.0	1	  299.8	 21	    0.0	    5.0	
 1529	  43.69	    0.5	 1499.3	    0.0	    0.0	    0.0	    0.0	    0.0	    0.0	    0.0	    0.0	    0.0	  100.0	    0.0	    0.0	    0.0	    0.0	    0.0	   57.8	  1	  550.0	 2050.0	    0.0	    0.0	    0.0	1	  299.8	 21	    0.0	    5.0	
 1530	  43.72	    0.5	 1499.3	    0.0	    0.0	    0.0	    0.0	    0.0	    0.0	    0.0	    0.0	    0.0	  100.0	    0.0	    0.0	    0.0	    0.0	    0.0	   57.8	  1	  550.0	 2050.0	    0.0	    0.0	    0.0	1	  299.8	 21	    0.0	    5.0	
 1531	  43.74	    0.5	 1499.3	    0.0	    0.0	    0.0	    0.0	    0.0	    0.0	    0.0	    0.0	    0.0	  100.0	    0.0	    0.0	    0.0	    0.0	    0.0	   57.9	  1	  550.0	 2050.0	    0.0	    0.0	    0.0	1	  299.8	 21	    0.0	    5.0	
 1532	  43.77	    0.5	 1499.3	    0.0	    0.0	    0.0	    0.0	    0.0	    0.0	    0.0	    0.0	    0.0	  100.0	    0.0	    0.0	    0.0	    0.0	    0.0	   57.9	  1	  550.0	 2050.0	    0.0	    0.0	    0.0	1	  299.8	 21	    0.0	    5.0	
 1533	  43.80	    0.5	 1499.3	    0.0	    0.0	    0.0	    0.0	    0.0	    0.0	    0.0	    0.0	    0.0	  100.0	    0.0	    0.0	    0.0	    0.0	    0.0	   58.0	  1	  550.0	 2050.0	    0.0	    0.0	    0.0	1	  299.8	 21	    0.0	    5.0	
 1534	  43.83	    0.5	 1499.3	    0.0	    0.0	    0.0	    0.0	    0.0	    0.0	    0.0	    0.0	    0.0	  100.0	    0.0	    0.0	    0.0	    0.0	    0.0	   58.0	  1	  550.0	 2050.0	    0.0	    0.0	    0.0	1	  299.8	 21	    0.0	    5.0	
 1535	  43.86	    0.5	 1499.3	    0.0	    0.0	    0.0	    0.0	    0.0	    0.0	    0.0	    0.0	    0.0	  100.0	    0.0	    0.0	    0.0	    0.0	    0.0	   58.0	  1	  550.0	 2050.0	    0.0	    0.0	    0.0	1	  299.8	 21	    0.0	    5.0	
 1536	  43.89	    0.5	 1499.3	    0.0	    0.0	    0.0	    0.0	    0.0	    0.0	    0.0	    0.0	    0.0	  100.0	    0.0	    0.0	    0.0	    0.0	    0.0	   58.1	  1	  550.0	 2050.0	    0.0	    0.0	    0.0	1	  299.8	 21	    0.0	    5.0	
 1537	  43.91	    0.5	 1499.3	    0.0	    0.0	    0.0	    0.0	    0.0	    0.0	    0.0	    0.0	    0.0	  100.0	    0.0	    0.0	    0.0	    0.0	    0.0	   58.1	  1	  550.0	 2050.0	    0.0	    0.0	    0.0	1	  299.8	 21	    0.0	    5.0	
 1538	  43.94	    0.5	 1499.3	    0.0	    0.0	    0.0	    0.0	    0.0	    0.0	    0.0	    0.0	    0.0	  100.0	    0.0	    0.0	    0.0	    0.0	    0.0	   58.1	  1	  550.0	 2050.0	    0.0	    0.0	    0.0	1	  299.8	 21	    0.0	    5.0	
 1539	  43.97	    0.5	 1499.3	    0.0	    0.0	    0.0	    0.0	    0.0	    0.0	    0.0	    0.0	    0.0	  100.0	    0.0	    0.0	    0.0	    0.0	    0.0	   58.2	  1	  550.0	 2050.0	    0.0	    0.0	    0.0	1	  299.8	 21	    0.0	    5.0	
 1540	  44.00	    1.3	 1499.5	    0.0	    0.0	    0.0	    0.0	    0.0	    0.0	    0.0	    0.0	    0.0	  100.0	    0.0	    0.0	    0.0	    0.0	    0.0	   58.2	  1	  550.0	 2050.0	    0.0	    0.0	    0.0	1	  299.8	 21	    0.0	    5.0	
 1541	  44.03	    1.3	 1499.5	    0.0	    0.0	    0.0	    0.0	    0.0	    0.0	    0.0	    0.0	    0.0	  100.0	    0.0	    0.0	    0.0	    0.0	    0.0	   58.3	  1	  550.0	 2050.0	    0.0	    0.0	    0.0	1	  299.8	 21	    0.0	    5.0	
 1542	  44.06	    1.3	 1499.5	    0.0	    0.0	    0.0	    0.0	    0.0	    0.0	    0.0	    0.0	    0.0	  100.0	    0.0	    0.0	    0.0	    0.0	    0.0	   58.3	  1	  550.0	 2050.0	    0.0	    0.0	    0.0	1	  299.8	 21	    0.0	    5.0	
 1543	  44.09	    1.5	 1499.8	    0.0	    0.0	    0.0	    0.0	    0.0	    0.0	    0.0	    0.0	    0.0	  100.0	    0.0	    0.0	    0.0	    0.0	    0.0	   58.3	  1	  550.0	 2050.0	    0.0	    0.0	    0.0	1	  299.8	 21	    0.0	    5.0	
 1544	  44.12	    1.5	 1499.8	    0.0	    0.0	    0.0	    0.0	    0.0	    0.0	    0.0	    0.0	    0.0	  100.0	    0.0	    0.0	    0.0	    0.0	    0.0	   58.4	  1	  550.0	 2050.0	    0.0	    0.0	    0.0	1	  299.8	 21	    0.0	    5.0	
 1545	  44.14	    1.5	 1499.8	    0.0	    0.0	    0.0	    0.0	    0.0	    0.0	    0.0	    0.0	    0.0	  100.0	    0.0	    0.0	    0.0	    0.0	    0.0	   58.4	  1	  550.0	 2050.0	    0.0	    0.0	    0.0	1	  299.8	 21	    0.0	    5.0	
 1546	  44.17	    1.5	 1499.8	    0.0	    0.0	    0.0	    0.0	    0.0	    0.0	    0.0	    0.0	    0.0	  100.0	    0.0	    0.0	    0.0	    0.0	    0.0	   58.4	  1	  550.0	 2050.0	    0.0	    0.0	    0.0	1	  299.8	 21	    0.0	    5.0	
 1547	  44.20	    1.5	 1499.8	    0.0	    0.0	    0.0	    0.0	    0.0	    0.0	    0.0	    0.0	    0.0	  100.0	    0.0	    0.0	    0.0	    0.0	    0.0	   58.5	  1	  550.0	 2050.0	    0.0	    0.0	    0.0	1	  299.8	 21	    0.0	    5.0	
 1548	  44.23	    1.5	 1499.8	    0.0	    0.0	    0.0	    0.0	    0.0	    0.0	    0.0	    0.0	    0.0	  100.0	    0.0	    0.0	    0.0	    0.0	    0.0	   58.5	  1	  550.0	 2050.0	    0.0	    0.0	    0.0	1	  299.8	 21	    0.0	    5.0	
 1549	  44.26	    1.5	 1499.8	    0.0	    0.0	    0.0	    0.0	    0.0	    0.0	    0.0	    0.0	    0.0	  100.0	    0.0	    0.0	    0.0	    0.0	    0.0	   58.6	  1	  550.0	 2050.0	    0.0	    0.0	    0.0	1	  299.8	 21	    0.0	    5.0	
 1550	  44.29	    2.1	 1499.6	    0.0	    0.0	    0.0	    0.0	    0.0	    0.0	    0.0	    0.0	    0.0	  100.0	    0.0	    0.0	    0.0	    0.0	    0.0	   58.6	  1	  550.0	 2050.0	    0.0	    0.0	    0.0	1	  299.8	 21	    0.0	    5.0	
 1551	  44.31	    2.1	 1499.6	    0.0	    0.0	    0.0	    0.0	    0.0	    0.0	    0.0	    0.0	    0.0	  100.0	    0.0	    0.0	    0.0	    0.0	    0.0	   58.6	  1	  550.0	 2050.0	    0.0	    0.0	    0.0	1	  299.8	 21	    0.0	    5.0	
 1552	  44.34	    2.1	 1499.6	    0.0	    0.0	    0.0	    0.0	    0.0	    0.0	    0.0	    0.0	    0.0	  100.0	    0.0	    0.0	    0.0	    0.0	    0.0	   58.7	  1	  550.0	 2050.0	    0.0	    0.0	    0.0	1	  299.8	 21	    0.0	    5.0	
 1553	  44.37	    2.1	 1499.6	    0.0	    0.0	    0.0	    0.0	    0.0	    0.0	    0.0	    0.0	    0.0	  100.0	    0.0	    0.0	    0.0	    0.0	    0.0	   58.7	  1	  550.0	 2050.0	    0.0	    0.0	    0.0	1	  299.8	 21	    0.0	    5.0	
 1554	  44.40	    2.1	 1499.6	    0.0	    0.0	    0.0	    0.0	    0.0	    0.0	    0.0	    0.0	    0.0	  100.0	    0.0	    0.0	    0.0	    0.0	    0.0	   58.7	  1	  550.0	 2050.0	    0.0	    0.0	    0.0	1	  299.8	 21	    0.0	    5.0	
 1555	  44.43	    2.1	 1499.6	    0.0	    0.0	    0.0	    0.0	    0.0	    0.0	    0.0	    0.0	    0.0	  100.0	    0.0	    0.0	    0.0	    0.0	    0.0	   58.8	  1	  550.0	 2050.0	    0.0	    0.0	    0.0	1	  299.8	 21	    0.0	    5.0	
 1556	  44.46	    2.1	 1499.6	    0.0	    0.0	    0.0	    0.0	    0.0	    0.0	    0.0	    0.0	    0.0	  100.0	    0.0	    0.0	    0.0	    0.0	    0.0	   58.8	  1	  550.0	 2050.0	    0.0	    0.0	    0.0	1	  299.8	 21	    0.0	    5.0	
 1557	  44.49	    2.1	 1499.6	    0.0	    0.0	    0.0	    0.0	    0.0	    0.0	    0.0	    0.0	    0.0	  100.0	    0.0	    0.0	    0.0	    0.0	    0.0	   58.9	  1	  550.0	 2050.0	    0.0	    0.0	    0.0	1	  299.8	 21	    0.0	    5.0	
 1558	  44.52	    2.1	 1499.6	    0.0	    0.0	    0.0	    0.0	    0.0	    0.0	    0.0	    0.0	    0.0	  100.0	    0.0	    0.0	    0.0	    0.0	    0.0	   58.9	  1	  550.0	 2050.0	    0.0	    0.0	    0.0	1	  299.8	 21	    0.0	    5.0	
 1559	  44.54	    2.1	 1499.6	    0.0	    0.0	    0.0	    0.0	    0.0	    0.0	    0.0	    0.0	    0.0	  100.0	    0.0	    0.0	    0.0	    0.0	    0.0	   58.9	  1	  550.0	 2050.0	    0.0	    0.0	    0.0	1	  299.8	 21	    0.0	    5.0	
 1560	  44.57	    2.1	 1499.6	    0.0	    0.0	    0.0	    0.0	    0.0	    0.0	    0.0	    0.0	    0.0	  100.0	    0.0	    0.0	    0.0	    0.0	    0.0	   59.0	  1	  550.0	 2050.0	    0.0	    0.0	    0.0	1	  299.8	 21	    0.0	    5.0	
 1561	  44.60	    2.1	 1499.6	    0.0	    0.0	    0.0	    0.0	    0.0	    0.0	    0.0	    0.0	    0.0	  100.0	    0.0	    0.0	    0.0	    0.0	    0.0	   59.0	  1	  550.0	 2050.0	    0.0	    0.0	    0.0	1	  299.8	 21	    0.0	    5.0	
 1562	  44.63	    2.1	 1499.6	    0.0	    0.0	    0.0	    0.0	    0.0	    0.0	    0.0	    0.0	    0.0	  100.0	    0.0	    0.0	    0.0	    0.0	    0.0	   59.0	  1	  550.0	 2050.0	    0.0	    0.0	    0.0	1	  299.8	 21	    0.0	    5.0	
 1563	  44.66	    2.1	 1499.6	    0.0	    0.0	    0.0	    0.0	    0.0	    0.0	    0.0	    0.0	    0.0	  100.0	    0.0	    0.0	    0.0	    0.0	    0.0	   59.1	  1	  550.0	 2050.0	    0.0	    0.0	    0.0	1	  299.8	 21	    0.0	    5.0	
 1564	  44.69	    2.1	 1499.6	    0.0	    0.0	    0.0	    0.0	    0.0	    0.0	    0.0	    0.0	    0.0	  100.0	    0.0	    0.0	    0.0	    0.0	    0.0	   59.1	  1	  550.0	 2050.0	    0.0	    0.0	    0.0	1	  299.8	 21	    0.0	    5.0	
 1565	  44.72	    2.1	 1499.6	    0.0	    0.0	    0.0	    0.0	    0.0	    0.0	    0.0	    0.0	    0.0	  100.0	    0.0	    0.0	    0.0	    0.0	    0.0	   59.2	  1	  550.0	 2050.0	    0.0	    0.0	    0.0	1	  299.8	 21	    0.0	    5.0	
 1566	  44.74	    2.1	 1499.6	    0.0	    0.0	    0.0	    0.0	    0.0	    0.0	    0.0	    0.0	    0.0	  100.0	    0.0	    0.0	    0.0	    0.0	    0.0	   59.2	  1	  550.0	 2050.0	    0.0	    0.0	    0.0	1	  299.8	 21	    0.0	    5.0	
 1567	  44.77	    2.1	 1499.6	    0.0	    0.0	    0.0	    0.0	    0.0	    0.0	    0.0	    0.0	    0.0	  100.0	    0.0	    0.0	    0.0	    0.0	    0.0	   59.2	  1	  550.0	 2050.0	    0.0	    0.0	    0.0	1	  299.8	 21	    0.0	    5.0	
 1568	  44.80	    2.1	 1499.6	    0.0	    0.0	    0.0	    0.0	    0.0	    0.0	    0.0	    0.0	    0.0	  100.0	    0.0	    0.0	    0.0	    0.0	    0.0	   59.3	  1	  550.0	 2050.0	    0.0	    0.0	    0.0	1	  299.8	 21	    0.0	    5.0	
 1569	  44.83	    2.1	 1499.6	    0.0	    0.0	    0.0	    0.0	    0.0	    0.0	    0.0	    0.0	    0.0	  100.0	    0.0	    0.0	    0.0	    0.0	    0.0	   59.3	  1	  550.0	 2050.0	    0.0	    0.0	    0.0	1	  299.8	 21	    0.0	    5.0	
 1570	  44.86	    2.1	 1499.6	    0.0	    0.0	    0.0	    0.0	    0.0	    0.0	    0.0	    0.0	    0.0	  100.0	    0.0	    0.0	    0.0	    0.0	    0.0	   59.3	  1	  550.0	 2050.0	    0.0	    0.0	    0.0	1	  299.8	 21	    0.0	    5.0	
 1571	  44.89	    2.1	 1499.6	    0.0	    0.0	    0.0	    0.0	    0.0	    0.0	    0.0	    0.0	    0.0	  100.0	    0.0	    0.0	    0.0	    0.0	    0.0	   59.4	  1	  550.0	 2050.0	    0.0	    0.0	    0.0	1	  299.8	 21	    0.0	    5.0	
 1572	  44.91	    2.1	 1499.6	    0.0	    0.0	    0.0	    0.0	    0.0	    0.0	    0.0	    0.0	    0.0	  100.0	    0.0	    0.0	    0.0	    0.0	    0.0	   59.4	  1	  550.0	 2050.0	    0.0	    0.0	    0.0	1	  299.8	 21	    0.0	    5.0	
 1573	  44.94	    2.1	 1499.6	    0.0	    0.0	    0.0	    0.0	    0.0	    0.0	    0.0	    0.0	    0.0	  100.0	    0.0	    0.0	    0.0	    0.0	    0.0	   59.5	  1	  550.0	 2050.0	    0.0	    0.0	    0.0	1	  299.8	 21	    0.0	    5.0	
 1574	  44.97	    2.1	 1499.6	    0.0	    0.0	    0.0	    0.0	    0.0	    0.0	    0.0	    0.0	    0.0	  100.0	    0.0	    0.0	    0.0	    0.0	    0.0	   59.5	  1	  550.0	 2050.0	    0.0	    0.0	    0.0	1	  299.8	 21	    0.0	    5.0	
 1575	  45.00	    2.1	 1499.6	    0.0	    0.0	    0.0	    0.0	    0.0	    0.0	    0.0	    0.0	    0.0	  100.0	    0.0	    0.0	    0.0	    0.0	    0.0	   59.5	  1	  550.0	 2050.0	    0.0	    0.0	    0.0	1	  299.8	 21	    0.0	    5.0	
 1576	  45.03	    2.1	 1499.6	    0.0	    0.0	    0.0	    0.0	    0.0	    0.0	    0.0	    0.0	    0.0	  100.0	    0.0	    0.0	    0.0	    0.0	    0.0	   59.6	  1	  550.0	 2050.0	    0.0	    0.0	    0.0	1	  299.8	 21	    0.0	    5.0	
 1577	  45.06	    2.1	 1499.6	    0.0	    0.0	    0.0	    0.0	    0.0	    0.0	    0.0	    0.0	    0.0	  100.0	    0.0	    0.0	    0.0	    0.0	    0.0	   59.6	  1	  550.0	 2050.0	    0.0	    0.0	    0.0	1	  299.8	 21	    0.0	    5.0	
 1578	  45.09	    2.1	 1499.6	    0.0	    0.0	    0.0	    0.0	    0.0	    0.0	    0.0	    0.0	    0.0	  100.0	    0.0	    0.0	    0.0	    0.0	    0.0	   59.6	  1	  550.0	 2050.0	    0.0	    0.0	    0.0	1	  299.8	 21	    0.0	    5.0	
 1579	  45.12	    2.1	 1499.6	    0.0	    0.0	    0.0	    0.0	    0.0	    0.0	    0.0	    0.0	    0.0	  100.0	    0.0	    0.0	    0.0	    0.0	    0.0	   59.7	  1	  550.0	 2050.0	    0.0	    0.0	    0.0	1	  299.8	 21	    0.0	    5.0	
 1580	  45.14	    2.1	 1499.6	    0.0	    0.0	    0.0	    0.0	    0.0	    0.0	    0.0	    0.0	    0.0	  100.0	    0.0	    0.0	    0.0	    0.0	    0.0	   59.7	  1	  550.0	 2050.0	    0.0	    0.0	    0.0	1	  299.8	 21	    0.0	    5.0	
 1581	  45.17	    2.1	 1499.6	    0.0	    0.0	    0.0	    0.0	    0.0	    0.0	    0.0	    0.0	    0.0	  100.0	    0.0	    0.0	    0.0	    0.0	    0.0	   59.8	  1	  550.0	 2050.0	    0.0	    0.0	    0.0	1	  299.8	 21	    0.0	    5.0	
 1582	  45.20	    2.1	 1499.6	    0.0	    0.0	    0.0	    0.0	    0.0	    0.0	    0.0	    0.0	    0.0	  100.0	    0.0	    0.0	    0.0	    0.0	    0.0	   59.8	  1	  550.0	 2050.0	    0.0	    0.0	    0.0	1	  299.8	 21	    0.0	    5.0	
 1583	  45.23	    2.1	 1499.6	    0.0	    0.0	    0.0	    0.0	    0.0	    0.0	    0.0	    0.0	    0.0	  100.0	    0.0	    0.0	    0.0	    0.0	    0.0	   59.8	  1	  550.0	 2050.0	    0.0	    0.0	    0.0	1	  299.8	 21	    0.0	    5.0	
 1584	  45.26	    2.1	 1499.6	    0.0	    0.0	    0.0	    0.0	    0.0	    0.0	    0.0	    0.0	    0.0	  100.0	    0.0	    0.0	    0.0	    0.0	    0.0	   59.9	  1	  550.0	 2050.0	    0.0	    0.0	    0.0	1	  299.8	 21	    0.0	    5.0	
 1585	  45.29	    2.1	 1499.6	    0.0	    0.0	    0.0	    0.0	    0.0	    0.0	    0.0	    0.0	    0.0	  100.0	    0.0	    0.0	    0.0	    0.0	    0.0	   59.9	  1	  550.0	 2050.0	    0.0	    0.0	    0.0	1	  299.8	 21	    0.0	    5.0	
 1586	  45.31	    2.1	 1499.6	    0.0	    0.0	    0.0	    0.0	    0.0	    0.0	    0.0	    0.0	    0.0	  100.0	    0.0	    0.0	    0.0	    0.0	    0.0	   59.9	  1	  550.0	 2050.0	    0.0	    0.0	    0.0	1	  299.8	 21	    0.0	    5.0	
 1587	  45.34	    2.1	 1499.6	    0.0	    0.0	    0.0	    0.0	    0.0	    0.0	    0.0	    0.0	    0.0	  100.0	    0.0	    0.0	    0.0	    0.0	    0.0	   60.0	  1	  550.0	 2050.0	    0.0	    0.0	    0.0	1	  299.8	 21	    0.0	    5.0	
 1588	  45.37	    2.1	 1499.6	    0.0	    0.0	    0.0	    0.0	    0.0	    0.0	    0.0	    0.0	    0.0	  100.0	    0.0	    0.0	    0.0	    0.0	    0.0	   60.0	  1	  550.0	 2050.0	    0.0	    0.0	    0.0	1	  299.8	 21	    0.0	    5.0	
 1589	  45.40	    2.1	 1499.6	    0.0	    0.0	    0.0	    0.0	    0.0	    0.0	    0.0	    0.0	    0.0	  100.0	    0.0	    0.0	    0.0	    0.0	    0.0	   60.1	  1	  550.0	 2050.0	    0.0	    0.0	    0.0	1	  299.8	 21	    0.0	    5.0	
 1590	  45.43	    2.1	 1499.6	    0.0	    0.0	    0.0	    0.0	    0.0	    0.0	    0.0	    0.0	    0.0	  100.0	    0.0	    0.0	    0.0	    0.0	    0.0	   60.1	  1	  550.0	 2050.0	    0.0	    0.0	    0.0	1	  299.8	 21	    0.0	    5.0	
 1591	  45.46	    2.1	 1499.6	    0.0	    0.0	    0.0	    0.0	    0.0	    0.0	    0.0	    0.0	    0.0	  100.0	    0.0	    0.0	    0.0	    0.0	    0.0	   60.1	  1	  550.0	 2050.0	    0.0	    0.0	    0.0	1	  299.8	 21	    0.0	    5.0	
 1592	  45.49	    2.1	 1499.6	    0.0	    0.0	    0.0	    0.0	    0.0	    0.0	    0.0	    0.0	    0.0	  100.0	    0.0	    0.0	    0.0	    0.0	    0.0	   60.2	  1	  550.0	 2050.0	    0.0	    0.0	    0.0	1	  299.8	 21	    0.0	    5.0	
 1593	  45.52	    2.1	 1499.6	    0.0	    0.0	    0.0	    0.0	    0.0	    0.0	    0.0	    0.0	    0.0	  100.0	    0.0	    0.0	    0.0	    0.0	    0.0	   60.2	  1	  550.0	 2050.0	    0.0	    0.0	    0.0	1	  299.8	 21	    0.0	    5.0	
 1594	  45.54	    2.1	 1499.6	    0.0	    0.0	    0.0	    0.0	    0.0	    0.0	    0.0	    0.0	    0.0	  100.0	    0.0	    0.0	    0.0	    0.0	    0.0	   60.2	  1	  550.0	 2050.0	    0.0	    0.0	    0.0	1	  299.8	 21	    0.0	    5.0	
 1595	  45.57	    2.1	 1499.6	    0.0	    0.0	    0.0	    0.0	    0.0	    0.0	    0.0	    0.0	    0.0	  100.0	    0.0	    0.0	    0.0	    0.0	    0.0	   60.3	  1	  550.0	 2050.0	    0.0	    0.0	    0.0	1	  299.8	 21	    0.0	    5.0	
 1596	  45.60	    3.2	 1499.5	    0.0	    0.0	    0.0	    0.0	    0.0	    0.0	    0.0	    0.0	    0.0	  100.0	    0.0	    0.0	    0.0	    0.0	    0.0	   60.3	  1	  550.0	 2050.0	    0.0	    0.0	    0.0	1	  299.8	 21	    0.0	    5.0	
 1597	  45.63	    3.2	 1499.5	    0.0	    0.0	    0.0	    0.0	    0.0	    0.0	    0.0	    0.0	    0.0	  100.0	    0.0	    0.0	    0.0	    0.0	    0.0	   60.3	  1	  550.0	 2050.0	    0.0	    0.0	    0.0	1	  299.8	 21	    0.0	    5.0	
 1598	  45.66	    3.2	 1499.5	    0.0	    0.0	    0.0	    0.0	    0.0	    0.0	    0.0	    0.0	    0.0	  100.0	    0.0	    0.0	    0.0	    0.0	    0.0	   60.4	  1	  550.0	 2050.0	    0.0	    0.0	    0.0	1	  299.8	 21	    0.0	    5.0	
 1599	  45.69	    3.2	 1499.5	    0.0	    0.0	    0.0	    0.0	    0.0	    0.0	    0.0	    0.0	    0.0	  100.0	    0.0	    0.0	    0.0	    0.0	    0.0	   60.4	  1	  550.0	 2050.0	    0.0	    0.0	    0.0	1	  299.8	 21	    0.0	    5.0	
 1600	  45.72	    3.2	 1499.5	    0.0	    0.0	    0.0	    0.0	    0.0	    0.0	    0.0	    0.0	    0.0	  100.0	    0.0	    0.0	    0.0	    0.0	    0.0	   60.5	  1	  550.0	 2050.0	    0.0	    0.0	    0.0	1	  299.8	 21	    0.0	    5.0	
 1601	  45.74	    3.2	 1499.5	    0.0	    0.0	    0.0	    0.0	    0.0	    0.0	    0.0	    0.0	    0.0	  100.0	    0.0	    0.0	    0.0	    0.0	    0.0	   60.5	  1	  550.0	 2050.0	    0.0	    0.0	    0.0	1	  299.8	 21	    0.0	    5.0	
 1602	  45.77	    3.2	 1499.5	    0.0	    0.0	    0.0	    0.0	    0.0	    0.0	    0.0	    0.0	    0.0	  100.0	    0.0	    0.0	    0.0	    0.0	    0.0	   60.5	  1	  550.0	 2050.0	    0.0	    0.0	    0.0	1	  299.8	 21	    0.0	    5.0	
 1603	  45.80	    3.2	 1499.5	    0.0	    0.0	    0.0	    0.0	    0.0	    0.0	    0.0	    0.0	    0.0	  100.0	    0.0	    0.0	    0.0	    0.0	    0.0	   60.6	  1	  550.0	 2050.0	    0.0	    0.0	    0.0	1	  299.8	 21	    0.0	    5.0	
 1604	  45.83	    3.2	 1499.5	    0.0	    0.0	    0.0	    0.0	    0.0	    0.0	    0.0	    0.0	    0.0	  100.0	    0.0	    0.0	    0.0	    0.0	    0.0	   60.6	  1	  550.0	 2050.0	    0.0	    0.0	    0.0	1	  299.8	 21	    0.0	    5.0	
 1605	  45.86	    3.2	 1499.5	    0.0	    0.0	    0.0	    0.0	    0.0	    0.0	    0.0	    0.0	    0.0	  100.0	    0.0	    0.0	    0.0	    0.0	    0.0	   60.6	  1	  550.0	 2050.0	    0.0	    0.0	    0.0	1	  299.8	 21	    0.0	    5.0	
 1606	  45.89	    3.2	 1499.5	    0.0	    0.0	    0.0	    0.0	    0.0	    0.0	    0.0	    0.0	    0.0	  100.0	    0.0	    0.0	    0.0	    0.0	    0.0	   60.7	  1	  550.0	 2050.0	    0.0	    0.0	    0.0	1	  299.8	 21	    0.0	    5.0	
 1607	  45.91	    3.2	 1499.5	    0.0	    0.0	    0.0	    0.0	    0.0	    0.0	    0.0	    0.0	    0.0	  100.0	    0.0	    0.0	    0.0	    0.0	    0.0	   60.7	  1	  550.0	 2050.0	    0.0	    0.0	    0.0	1	  299.8	 21	    0.0	    5.0	
 1608	  45.94	    3.2	 1499.5	    0.0	    0.0	    0.0	    0.0	    0.0	    0.0	    0.0	    0.0	    0.0	  100.0	    0.0	    0.0	    0.0	    0.0	    0.0	   60.8	  1	  550.0	 2050.0	    0.0	    0.0	    0.0	1	  299.8	 21	    0.0	    5.0	
 1609	  45.97	    3.2	 1499.5	    0.0	    0.0	    0.0	    0.0	    0.0	    0.0	    0.0	    0.0	    0.0	  100.0	    0.0	    0.0	    0.0	    0.0	    0.0	   60.8	  1	  550.0	 2050.0	    0.0	    0.0	    0.0	1	  299.8	 21	    0.0	    5.0	
 1610	  46.00	    3.2	 1499.5	    0.0	    0.0	    0.0	    0.0	    0.0	    0.0	    0.0	    0.0	    0.0	  100.0	    0.0	    0.0	    0.0	    0.0	    0.0	   60.8	  1	  550.0	 2050.0	    0.0	    0.0	    0.0	1	  299.8	 21	    0.0	    5.0	
 1611	  46.03	    3.2	 1499.5	    0.0	    0.0	    0.0	    0.0	    0.0	    0.0	    0.0	    0.0	    0.0	  100.0	    0.0	    0.0	    0.0	    0.0	    0.0	   60.9	  1	  550.0	 2050.0	    0.0	    0.0	    0.0	1	  299.8	 21	    0.0	    5.0	
 1612	  46.06	    3.2	 1499.5	    0.0	    0.0	    0.0	    0.0	    0.0	    0.0	    0.0	    0.0	    0.0	  100.0	    0.0	    0.0	    0.0	    0.0	    0.0	   60.9	  1	  550.0	 2050.0	    0.0	    0.0	    0.0	1	  299.8	 21	    0.0	    5.0	
 1613	  46.09	    3.2	 1499.5	    0.0	    0.0	    0.0	    0.0	    0.0	    0.0	    0.0	    0.0	    0.0	  100.0	    0.0	    0.0	    0.0	    0.0	    0.0	   60.9	  1	  550.0	 2050.0	    0.0	    0.0	    0.0	1	  299.8	 21	    0.0	    5.0	
 1614	  46.12	    3.2	 1499.5	    0.0	    0.0	    0.0	    0.0	    0.0	    0.0	    0.0	    0.0	    0.0	  100.0	    0.0	    0.0	    0.0	    0.0	    0.0	   61.0	  1	  550.0	 2050.0	    0.0	    0.0	    0.0	1	  299.8	 21	    0.0	    5.0	
 1615	  46.14	    3.2	 1499.5	    0.0	    0.0	    0.0	    0.0	    0.0	    0.0	    0.0	    0.0	    0.0	  100.0	    0.0	    0.0	    0.0	    0.0	    0.0	   61.0	  1	  550.0	 2050.0	    0.0	    0.0	    0.0	1	  299.8	 21	    0.0	    5.0	
 1616	  46.17	    3.2	 1499.5	    0.0	    0.0	    0.0	    0.0	    0.0	    0.0	    0.0	    0.0	    0.0	  100.0	    0.0	    0.0	    0.0	    0.0	    0.0	   61.1	  1	  550.0	 2050.0	    0.0	    0.0	    0.0	1	  299.8	 21	    0.0	    5.0	
 1617	  46.20	    3.2	 1499.5	    0.0	    0.0	    0.0	    0.0	    0.0	    0.0	    0.0	    0.0	    0.0	  100.0	    0.0	    0.0	    0.0	    0.0	    0.0	   61.1	  1	  550.0	 2050.0	    0.0	    0.0	    0.0	1	  299.8	 21	    0.0	    5.0	
 1618	  46.23	    3.2	 1499.5	    0.0	    0.0	    0.0	    0.0	    0.0	    0.0	    0.0	    0.0	    0.0	  100.0	    0.0	    0.0	    0.0	    0.0	    0.0	   61.1	  1	  550.0	 2050.0	    0.0	    0.0	    0.0	1	  299.8	 21	    0.0	    5.0	
 1619	  46.26	    3.2	 1499.5	    0.0	    0.0	    0.0	    0.0	    0.0	    0.0	    0.0	    0.0	    0.0	  100.0	    0.0	    0.0	    0.0	    0.0	    0.0	   61.2	  1	  550.0	 2050.0	    0.0	    0.0	    0.0	1	  299.8	 21	    0.0	    5.0	
 1620	  46.29	    3.2	 1499.5	    0.0	    0.0	    0.0	    0.0	    0.0	    0.0	    0.0	    0.0	    0.0	  100.0	    0.0	    0.0	    0.0	    0.0	    0.0	   61.2	  1	  550.0	 2050.0	    0.0	    0.0	    0.0	1	  299.8	 21	    0.0	    5.0	
 1621	  46.31	    3.2	 1499.5	    0.0	    0.0	    0.0	    0.0	    0.0	    0.0	    0.0	    0.0	    0.0	  100.0	    0.0	    0.0	    0.0	    0.0	    0.0	   61.2	  1	  550.0	 2050.0	    0.0	    0.0	    0.0	1	  299.8	 21	    0.0	    5.0	
 1622	  46.34	    3.2	 1499.5	    0.0	    0.0	    0.0	    0.0	    0.0	    0.0	    0.0	    0.0	    0.0	  100.0	    0.0	    0.0	    0.0	    0.0	    0.0	   61.3	  1	  550.0	 2050.0	    0.0	    0.0	    0.0	1	  299.8	 21	    0.0	    5.0	
 1623	  46.37	    3.2	 1499.5	    0.0	    0.0	    0.0	    0.0	    0.0	    0.0	    0.0	    0.0	    0.0	  100.0	    0.0	    0.0	    0.0	    0.0	    0.0	   61.3	  1	  550.0	 2050.0	    0.0	    0.0	    0.0	1	  299.8	 21	    0.0	    5.0	
 1624	  46.40	    3.2	 1499.5	    0.0	    0.0	    0.0	    0.0	    0.0	    0.0	    0.0	    0.0	    0.0	  100.0	    0.0	    0.0	    0.0	    0.0	    0.0	   61.4	  1	  550.0	 2050.0	    0.0	    0.0	    0.0	1	  299.8	 21	    0.0	    5.0	
 1625	  46.43	    3.2	 1499.5	    0.0	    0.0	    0.0	    0.0	    0.0	    0.0	    0.0	    0.0	    0.0	  100.0	    0.0	    0.0	    0.0	    0.0	    0.0	   61.4	  1	  550.0	 2050.0	    0.0	    0.0	    0.0	1	  299.8	 21	    0.0	    5.0	
 1626	  46.46	    3.2	 1499.5	    0.0	    0.0	    0.0	    0.0	    0.0	    0.0	    0.0	    0.0	    0.0	  100.0	    0.0	    0.0	    0.0	    0.0	    0.0	   61.4	  1	  550.0	 2050.0	    0.0	    0.0	    0.0	1	  299.8	 21	    0.0	    5.0	
 1627	  46.49	    3.5	 1499.4	    0.0	    0.0	    0.0	    0.0	    0.0	    0.0	    0.0	    0.0	    0.0	  100.0	    0.0	    0.0	    0.0	    0.0	    0.0	   61.5	  1	  550.0	 2050.0	    0.0	    0.0	    0.0	1	  299.8	 21	    0.0	    5.0	
 1628	  46.52	    3.5	 1499.4	    0.0	    0.0	    0.0	    0.0	    0.0	    0.0	    0.0	    0.0	    0.0	  100.0	    0.0	    0.0	    0.0	    0.0	    0.0	   61.5	  1	  550.0	 2050.0	    0.0	    0.0	    0.0	1	  299.8	 21	    0.0	    5.0	
 1629	  46.54	    3.5	 1499.4	    0.0	    0.0	    0.0	    0.0	    0.0	    0.0	    0.0	    0.0	    0.0	  100.0	    0.0	    0.0	    0.0	    0.0	    0.0	   61.5	  1	  550.0	 2050.0	    0.0	    0.0	    0.0	1	  299.8	 21	    0.0	    5.0	
 1630	  46.57	    3.5	 1499.4	    0.0	    0.0	    0.0	    0.0	    0.0	    0.0	    0.0	    0.0	    0.0	  100.0	    0.0	    0.0	    0.0	    0.0	    0.0	   61.6	  1	  550.0	 2050.0	    0.0	    0.0	    0.0	1	  299.8	 21	    0.0	    5.0	
 1631	  46.60	    3.5	 1499.4	    0.0	    0.0	    0.0	    0.0	    0.0	    0.0	    0.0	    0.0	    0.0	  100.0	    0.0	    0.0	    0.0	    0.0	    0.0	   61.6	  1	  550.0	 2050.0	    0.0	    0.0	    0.0	1	  299.8	 21	    0.0	    5.0	
 1632	  46.63	    3.5	 1499.4	    0.0	    0.0	    0.0	    0.0	    0.0	    0.0	    0.0	    0.0	    0.0	  100.0	    0.0	    0.0	    0.0	    0.0	    0.0	   61.7	  1	  550.0	 2050.0	    0.0	    0.0	    0.0	1	  299.8	 21	    0.0	    5.0	
 1633	  46.66	    3.5	 1499.4	    0.0	    0.0	    0.0	    0.0	    0.0	    0.0	    0.0	    0.0	    0.0	  100.0	    0.0	    0.0	    0.0	    0.0	    0.0	   61.7	  1	  550.0	 2050.0	    0.0	    0.0	    0.0	1	  299.8	 21	    0.0	    5.0	
 1634	  46.69	    3.5	 1499.4	    0.0	    0.0	    0.0	    0.0	    0.0	    0.0	    0.0	    0.0	    0.0	  100.0	    0.0	    0.0	    0.0	    0.0	    0.0	   61.7	  1	  550.0	 2050.0	    0.0	    0.0	    0.0	1	  299.8	 21	    0.0	    5.0	
 1635	  46.72	    3.5	 1499.4	    0.0	    0.0	    0.0	    0.0	    0.0	    0.0	    0.0	    0.0	    0.0	  100.0	    0.0	    0.0	    0.0	    0.0	    0.0	   61.8	  1	  550.0	 2050.0	    0.0	    0.0	    0.0	1	  299.8	 21	    0.0	    5.0	
 1636	  46.74	    3.5	 1499.4	    0.0	    0.0	    0.0	    0.0	    0.0	    0.0	    0.0	    0.0	    0.0	  100.0	    0.0	    0.0	    0.0	    0.0	    0.0	   61.8	  1	  550.0	 2050.0	    0.0	    0.0	    0.0	1	  299.8	 21	    0.0	    5.0	
 1637	  46.77	    3.5	 1499.4	    0.0	    0.0	    0.0	    0.0	    0.0	    0.0	    0.0	    0.0	    0.0	  100.0	    0.0	    0.0	    0.0	    0.0	    0.0	   61.8	  1	  550.0	 2050.0	    0.0	    0.0	    0.0	1	  299.8	 21	    0.0	    5.0	
 1638	  46.80	    4.4	 1499.3	    0.0	    0.0	    0.0	    0.0	    0.0	    0.0	    0.0	    0.0	    0.0	  100.0	    0.0	    0.0	    0.0	    0.0	    0.0	   61.9	  1	  550.0	 2050.0	    0.0	    0.0	    0.0	1	  299.8	 21	    0.0	    5.0	
 1639	  46.83	    4.4	 1499.3	    0.0	    0.0	    0.0	    0.0	    0.0	    0.0	    0.0	    0.0	    0.0	  100.0	    0.0	    0.0	    0.0	    0.0	    0.0	   61.9	  1	  550.0	 2050.0	    0.0	    0.0	    0.0	1	  299.8	 21	    0.0	    5.0	
 1640	  46.86	    4.4	 1499.3	    0.0	    0.0	    0.0	    0.0	    0.0	    0.0	    0.0	    0.0	    0.0	  100.0	    0.0	    0.0	    0.0	    0.0	    0.0	   61.9	  1	  550.0	 2050.0	    0.0	    0.0	    0.0	1	  299.8	 21	    0.0	    5.0	
 1641	  46.89	    4.2	 1499.7	    0.0	    0.0	    0.0	    0.0	    0.0	    0.0	    0.0	    0.0	    0.0	  100.0	    0.0	    0.0	    0.0	    0.0	    0.0	   62.0	  1	  550.0	 2050.0	    0.0	    0.0	    0.0	1	  299.8	 21	    0.0	    5.0	
 1642	  46.91	    4.2	 1499.7	    0.0	    0.0	    0.0	    0.0	    0.0	    0.0	    0.0	    0.0	    0.0	  100.0	    0.0	    0.0	    0.0	    0.0	    0.0	   62.0	  1	  550.0	 2050.0	    0.0	    0.0	    0.0	1	  299.8	 21	    0.0	    5.0	
 1643	  46.94	    4.2	 1499.7	    0.0	    0.0	    0.0	    0.0	    0.0	    0.0	    0.0	    0.0	    0.0	  100.0	    0.0	    0.0	    0.0	    0.0	    0.0	   62.1	  1	  550.0	 2050.0	    0.0	    0.0	    0.0	1	  299.8	 21	    0.0	    5.0	
 1644	  46.97	    4.2	 1499.7	    0.0	    0.0	    0.0	    0.0	    0.0	    0.0	    0.0	    0.0	    0.0	  100.0	    0.0	    0.0	    0.0	    0.0	    0.0	   62.1	  1	  550.0	 2050.0	    0.0	    0.0	    0.0	1	  299.8	 21	    0.0	    5.0	
 1645	  47.00	    4.2	 1499.7	    0.0	    0.0	    0.0	    0.0	    0.0	    0.0	    0.0	    0.0	    0.0	  100.0	    0.0	    0.0	    0.0	    0.0	    0.0	   62.1	  1	  550.0	 2050.0	    0.0	    0.0	    0.0	1	  299.8	 21	    0.0	    5.0	
 1646	  47.03	    4.2	 1499.7	    0.0	    0.0	    0.0	    0.0	    0.0	    0.0	    0.0	    0.0	    0.0	  100.0	    0.0	    0.0	    0.0	    0.0	    0.0	   62.2	  1	  550.0	 2050.0	    0.0	    0.0	    0.0	1	  299.8	 21	    0.0	    5.0	
 1647	  47.06	    4.2	 1499.7	    0.0	    0.0	    0.0	    0.0	    0.0	    0.0	    0.0	    0.0	    0.0	  100.0	    0.0	    0.0	    0.0	    0.0	    0.0	   62.2	  1	  550.0	 2050.0	    0.0	    0.0	    0.0	1	  299.8	 21	    0.0	    5.0	
 1648	  47.09	    4.2	 1499.7	    0.0	    0.0	    0.0	    0.0	    0.0	    0.0	    0.0	    0.0	    0.0	  100.0	    0.0	    0.0	    0.0	    0.0	    0.0	   62.2	  1	  550.0	 2050.0	    0.0	    0.0	    0.0	1	  299.8	 21	    0.0	    5.0	
 1649	  47.12	    4.2	 1499.7	    0.0	    0.0	    0.0	    0.0	    0.0	    0.0	    0.0	    0.0	    0.0	  100.0	    0.0	    0.0	    0.0	    0.0	    0.0	   62.3	  1	  550.0	 2050.0	    0.0	    0.0	    0.0	1	  299.8	 21	    0.0	    5.0	
 1650	  47.14	    4.2	 1499.7	    0.0	    0.0	    0.0	    0.0	    0.0	    0.0	    0.0	    0.0	    0.0	  100.0	    0.0	    0.0	    0.0	    0.0	    0.0	   62.3	  1	  550.0	 2050.0	    0.0	    0.0	    0.0	1	  299.8	 21	    0.0	    5.0	
 1651	  47.17	    4.2	 1499.7	    0.0	    0.0	    0.0	    0.0	    0.0	    0.0	    0.0	    0.0	    0.0	  100.0	    0.0	    0.0	    0.0	    0.0	    0.0	   62.4	  1	  550.0	 2050.0	    0.0	    0.0	    0.0	1	  299.8	 21	    0.0	    5.0	
 1652	  47.20	    4.2	 1499.7	    0.0	    0.0	    0.0	    0.0	    0.0	    0.0	    0.0	    0.0	    0.0	  100.0	    0.0	    0.0	    0.0	    0.0	    0.0	   62.4	  1	  550.0	 2050.0	    0.0	    0.0	    0.0	1	  299.8	 21	    0.0	    5.0	
 1653	  47.23	    4.2	 1499.7	    0.0	    0.0	    0.0	    0.0	    0.0	    0.0	    0.0	    0.0	    0.0	  100.0	    0.0	    0.0	    0.0	    0.0	    0.0	   62.4	  1	  550.0	 2050.0	    0.0	    0.0	    0.0	1	  299.8	 21	    0.0	    5.0	
 1654	  47.26	    4.2	 1499.7	    0.0	    0.0	    0.0	    0.0	    0.0	    0.0	    0.0	    0.0	    0.0	  100.0	    0.0	    0.0	    0.0	    0.0	    0.0	   62.5	  1	  550.0	 2050.0	    0.0	    0.0	    0.0	1	  299.8	 21	    0.0	    5.0	
 1655	  47.29	    4.2	 1499.7	    0.0	    0.0	    0.0	    0.0	    0.0	    0.0	    0.0	    0.0	    0.0	  100.0	    0.0	    0.0	    0.0	    0.0	    0.0	   62.5	  1	  550.0	 2050.0	    0.0	    0.0	    0.0	1	  299.8	 21	    0.0	    5.0	
 1656	  47.31	    4.2	 1499.7	    0.0	    0.0	    0.0	    0.0	    0.0	    0.0	    0.0	    0.0	    0.0	  100.0	    0.0	    0.0	    0.0	    0.0	    0.0	   62.5	  1	  550.0	 2050.0	    0.0	    0.0	    0.0	1	  299.8	 21	    0.0	    5.0	
 1657	  47.34	    4.2	 1499.7	    0.0	    0.0	    0.0	    0.0	    0.0	    0.0	    0.0	    0.0	    0.0	  100.0	    0.0	    0.0	    0.0	    0.0	    0.0	   62.6	  1	  550.0	 2050.0	    0.0	    0.0	    0.0	1	  299.8	 21	    0.0	    5.0	
 1658	  47.37	    4.2	 1499.7	    0.0	    0.0	    0.0	    0.0	    0.0	    0.0	    0.0	    0.0	    0.0	  100.0	    0.0	    0.0	    0.0	    0.0	    0.0	   62.6	  1	  550.0	 2050.0	    0.0	    0.0	    0.0	1	  299.8	 21	    0.0	    5.0	
 1659	  47.40	    4.8	 1500.0	    0.0	    0.0	    0.0	    0.0	    0.0	    0.0	    0.0	    0.0	    0.0	  100.0	    0.0	    0.0	    0.0	    0.0	    0.0	   62.7	  1	  550.0	 2050.0	    0.0	    0.0	    0.0	1	  299.8	 21	    0.0	    5.0	
 1660	  47.43	    4.8	 1500.0	    0.0	    0.0	    0.0	    0.0	    0.0	    0.0	    0.0	    0.0	    0.0	  100.0	    0.0	    0.0	    0.0	    0.0	    0.0	   62.7	  1	  550.0	 2050.0	    0.0	    0.0	    0.0	1	  299.8	 21	    0.0	    5.0	
 1661	  47.46	    4.8	 1500.0	    0.0	    0.0	    0.0	    0.0	    0.0	    0.0	    0.0	    0.0	    0.0	  100.0	    0.0	    0.0	    0.0	    0.0	    0.0	   62.7	  1	  550.0	 2050.0	    0.0	    0.0	    0.0	1	  299.8	 21	    0.0	    5.0	
 1662	  47.49	    4.8	 1500.0	    0.0	    0.0	    0.0	    0.0	    0.0	    0.0	    0.0	    0.0	    0.0	  100.0	    0.0	    0.0	    0.0	    0.0	    0.0	   62.8	  1	  550.0	 2050.0	    0.0	    0.0	    0.0	1	  299.8	 21	    0.0	    5.0	
 1663	  47.52	    4.8	 1500.0	    0.0	    0.0	    0.0	    0.0	    0.0	    0.0	    0.0	    0.0	    0.0	  100.0	    0.0	    0.0	    0.0	    0.0	    0.0	   62.8	  1	  550.0	 2050.0	    0.0	    0.0	    0.0	1	  299.8	 21	    0.0	    5.0	
 1664	  47.54	    4.8	 1500.0	    0.0	    0.0	    0.0	    0.0	    0.0	    0.0	    0.0	    0.0	    0.0	  100.0	    0.0	    0.0	    0.0	    0.0	    0.0	   62.8	  1	  550.0	 2050.0	    0.0	    0.0	    0.0	1	  299.8	 21	    0.0	    5.0	
 1665	  47.57	    4.8	 1500.0	    0.0	    0.0	    0.0	    0.0	    0.0	    0.0	    0.0	    0.0	    0.0	  100.0	    0.0	    0.0	    0.0	    0.0	    0.0	   62.9	  1	  550.0	 2050.0	    0.0	    0.0	    0.0	1	  299.8	 21	    0.0	    5.0	
 1666	  47.60	    4.8	 1500.0	    0.0	    0.0	    0.0	    0.0	    0.0	    0.0	    0.0	    0.0	    0.0	  100.0	    0.0	    0.0	    0.0	    0.0	    0.0	   62.9	  1	  550.0	 2050.0	    0.0	    0.0	    0.0	1	  299.8	 21	    0.0	    5.0	
 1667	  47.63	    4.8	 1500.0	    0.0	    0.0	    0.0	    0.0	    0.0	    0.0	    0.0	    0.0	    0.0	  100.0	    0.0	    0.0	    0.0	    0.0	    0.0	   63.0	  1	  550.0	 2050.0	    0.0	    0.0	    0.0	1	  299.8	 21	    0.0	    5.0	
 1668	  47.66	    4.8	 1500.0	    0.0	    0.0	    0.0	    0.0	    0.0	    0.0	    0.0	    0.0	    0.0	  100.0	    0.0	    0.0	    0.0	    0.0	    0.0	   63.0	  1	  550.0	 2050.0	    0.0	    0.0	    0.0	1	  299.8	 21	    0.0	    5.0	
 1669	  47.69	    4.8	 1500.0	    0.0	    0.0	    0.0	    0.0	    0.0	    0.0	    0.0	    0.0	    0.0	  100.0	    0.0	    0.0	    0.0	    0.0	    0.0	   63.0	  1	  550.0	 2050.0	    0.0	    0.0	    0.0	1	  299.8	 21	    0.0	    5.0	
 1670	  47.72	    4.8	 1500.0	    0.0	    0.0	    0.0	    0.0	    0.0	    0.0	    0.0	    0.0	    0.0	  100.0	    0.0	    0.0	    0.0	    0.0	    0.0	   63.1	  1	  550.0	 2050.0	    0.0	    0.0	    0.0	1	  299.8	 21	    0.0	    5.0	
 1671	  47.74	    4.8	 1500.0	    0.0	    0.0	    0.0	    0.0	    0.0	    0.0	    0.0	    0.0	    0.0	  100.0	    0.0	    0.0	    0.0	    0.0	    0.0	   63.1	  1	  550.0	 2050.0	    0.0	    0.0	    0.0	1	  299.8	 21	    0.0	    5.0	
 1672	  47.77	    4.8	 1500.0	    0.0	    0.0	    0.0	    0.0	    0.0	    0.0	    0.0	    0.0	    0.0	  100.0	    0.0	    0.0	    0.0	    0.0	    0.0	   63.1	  1	  550.0	 2050.0	    0.0	    0.0	    0.0	1	  299.8	 21	    0.0	    5.0	
 1673	  47.80	    6.1	 1499.9	    0.0	    0.0	    0.0	    0.0	    0.0	    0.0	    0.0	    0.0	    0.0	  100.0	    0.0	    0.0	    0.0	    0.0	    0.0	   63.2	  1	  550.0	 2050.0	    0.0	    0.0	    0.0	1	  299.8	 21	    0.0	    5.0	
 1674	  47.83	    6.1	 1499.9	    0.0	    0.0	    0.0	    0.0	    0.0	    0.0	    0.0	    0.0	    0.0	  100.0	    0.0	    0.0	    0.0	    0.0	    0.0	   63.2	  1	  550.0	 2050.0	    0.0	    0.0	    0.0	1	  299.8	 21	    0.0	    5.0	
 1675	  47.86	    6.1	 1499.9	    0.0	    0.0	    0.0	    0.0	    0.0	    0.0	    0.0	    0.0	    0.0	  100.0	    0.0	    0.0	    0.0	    0.0	    0.0	   63.3	  1	  550.0	 2050.0	    0.0	    0.0	    0.0	1	  299.8	 21	    0.0	    5.0	
 1676	  47.89	    6.1	 1499.9	    0.0	    0.0	    0.0	    0.0	    0.0	    0.0	    0.0	    0.0	    0.0	  100.0	    0.0	    0.0	    0.0	    0.0	    0.0	   63.3	  1	  550.0	 2050.0	    0.0	    0.0	    0.0	1	  299.8	 21	    0.0	    5.0	
 1677	  47.91	    6.1	 1499.9	    0.0	    0.0	    0.0	    0.0	    0.0	    0.0	    0.0	    0.0	    0.0	  100.0	    0.0	    0.0	    0.0	    0.0	    0.0	   63.3	  1	  550.0	 2050.0	    0.0	    0.0	    0.0	1	  299.8	 21	    0.0	    5.0	
 1678	  47.94	    6.1	 1499.9	    0.0	    0.0	    0.0	    0.0	    0.0	    0.0	    0.0	    0.0	    0.0	  100.0	    0.0	    0.0	    0.0	    0.0	    0.0	   63.4	  1	  550.0	 2050.0	    0.0	    0.0	    0.0	1	  299.8	 21	    0.0	    5.0	
 1679	  47.97	    6.1	 1499.9	    0.0	    0.0	    0.0	    0.0	    0.0	    0.0	    0.0	    0.0	    0.0	  100.0	    0.0	    0.0	    0.0	    0.0	    0.0	   63.4	  1	  550.0	 2050.0	    0.0	    0.0	    0.0	1	  299.8	 21	    0.0	    5.0	
 1680	  48.00	    7.6	 1500.3	    0.0	    0.0	    0.0	    0.0	    0.0	    0.0	    0.0	    0.0	    0.0	  100.0	    0.0	    0.0	    0.0	    0.0	    0.0	   63.4	  1	  550.0	 2050.0	    0.0	    0.0	    0.0	1	  299.8	 21	    0.0	    5.0	
 1681	  48.03	    7.6	 1500.3	    0.0	    0.0	    0.0	    0.0	    0.0	    0.0	    0.0	    0.0	    0.0	  100.0	    0.0	    0.0	    0.0	    0.0	    0.0	   63.5	  1	  550.0	 2050.0	    0.0	    0.0	    0.0	1	  299.8	 21	    0.0	    5.0	
 1682	  48.06	    7.6	 1500.3	    0.0	    0.0	    0.0	    0.0	    0.0	    0.0	    0.0	    0.0	    0.0	  100.0	    0.0	    0.0	    0.0	    0.0	    0.0	   63.5	  1	  550.0	 2050.0	    0.0	    0.0	    0.0	1	  299.8	 21	    0.0	    5.0	
 1683	  48.09	    7.6	 1500.3	    0.0	    0.0	    0.0	    0.0	    0.0	    0.0	    0.0	    0.0	    0.0	  100.0	    0.0	    0.0	    0.0	    0.0	    0.0	   63.5	  1	  550.0	 2050.0	    0.0	    0.0	    0.0	1	  299.8	 21	    0.0	    5.0	
 1684	  48.12	    7.6	 1500.3	    0.0	    0.0	    0.0	    0.0	    0.0	    0.0	    0.0	    0.0	    0.0	  100.0	    0.0	    0.0	    0.0	    0.0	    0.0	   63.6	  1	  550.0	 2050.0	    0.0	    0.0	    0.0	1	  299.8	 21	    0.0	    5.0	
 1685	  48.14	    7.6	 1500.3	    0.0	    0.0	    0.0	    0.0	    0.0	    0.0	    0.0	    0.0	    0.0	  100.0	    0.0	    0.0	    0.0	    0.0	    0.0	   63.6	  1	  650.0	 2050.0	    0.0	    0.0	    0.0	1	  299.8	 21	    0.0	    5.0	
 1686	  48.17	    7.6	 1500.3	    0.0	    0.0	    0.0	    0.0	    0.0	    0.0	    0.0	    0.0	    0.0	  100.0	    0.0	    0.0	    0.0	    0.0	    0.0	   63.7	  1	  650.0	 2050.0	    0.0	    0.0	    0.0	1	  299.8	 21	    0.0	    5.0	
 1687	  48.20	    7.6	 1500.3	    0.0	    0.0	    0.0	    0.0	    0.0	    0.0	    0.0	    0.0	    0.0	  100.0	    0.0	    0.0	    0.0	    0.0	    0.0	   63.7	  1	  650.0	 2050.0	    0.0	    0.0	    0.0	1	  299.8	 21	    0.0	    5.0	
 1688	  48.23	    7.6	 1500.3	    0.0	    0.0	    0.0	    0.0	    0.0	    0.0	    0.0	    0.0	    0.0	  100.0	    0.0	    0.0	    0.0	    0.0	    0.0	   63.7	  1	  650.0	 2050.0	    0.0	    0.0	    0.0	1	  299.8	 21	    0.0	    5.0	
 1689	  48.26	    7.6	 1500.3	    0.0	    0.0	    0.0	    0.0	    0.0	    0.0	    0.0	    0.0	    0.0	  100.0	    0.0	    0.0	    0.0	    0.0	    0.0	   63.8	  1	  650.0	 2050.0	    0.0	    0.0	    0.0	1	  299.8	 21	    0.0	    5.0	
 1690	  48.29	    7.6	 1500.3	    0.0	    0.0	    0.0	    0.0	    0.0	    0.0	    0.0	    0.0	    0.0	  100.0	    0.0	    0.0	    0.0	    0.0	    0.0	   63.8	  1	  650.0	 2050.0	    0.0	    0.0	    0.0	1	  299.8	 21	    0.0	    5.0	
 1691	  48.31	    7.6	 1500.3	    0.0	    0.0	    0.0	    0.0	    0.0	    0.0	    0.0	    0.0	    0.0	  100.0	    0.0	    0.0	    0.0	    0.0	    0.0	   63.8	  1	  650.0	 2050.0	    0.0	    0.0	    0.0	1	  299.8	 21	    0.0	    5.0	
 1692	  48.34	    7.6	 1500.3	    0.0	    0.0	    0.0	    0.0	    0.0	    0.0	    0.0	    0.0	    0.0	  100.0	    0.0	    0.0	    0.0	    0.0	    0.0	   63.9	  1	  650.0	 2050.0	    0.0	    0.0	    0.0	1	  299.8	 21	    0.0	    5.0	
 1693	  48.37	    7.6	 1500.3	    0.0	    0.0	    0.0	    0.0	    0.0	    0.0	    0.0	    0.0	    0.0	  100.0	    0.0	    0.0	    0.0	    0.0	    0.0	   63.9	  1	  650.0	 2050.0	    0.0	    0.0	    0.0	1	  299.8	 21	    0.0	    5.0	
 1694	  48.40	    7.6	 1500.3	    0.0	    0.0	    0.0	    0.0	    0.0	    0.0	    0.0	    0.0	    0.0	  100.0	    0.0	    0.0	    0.0	    0.0	    0.0	   64.0	  1	  650.0	 2050.0	    0.0	    0.0	    0.0	1	  299.8	 21	    0.0	    5.0	
 1695	  48.43	    7.6	 1500.3	    0.0	    0.0	    0.0	    0.0	    0.0	    0.0	    0.0	    0.0	    0.0	  100.0	    0.0	    0.0	    0.0	    0.0	    0.0	   64.0	  1	  650.0	 2050.0	    0.0	    0.0	    0.0	1	  299.8	 21	    0.0	    5.0	
 1696	  48.46	    7.6	 1500.3	    0.0	    0.0	    0.0	    0.0	    0.0	    0.0	    0.0	    0.0	    0.0	  100.0	    0.0	    0.0	    0.0	    0.0	    0.0	   64.0	  1	  650.0	 2050.0	    0.0	    0.0	    0.0	1	  299.8	 21	    0.0	    5.0	
 1697	  48.49	    7.7	 1500.4	    0.0	    0.0	    0.0	    0.0	    0.0	    0.0	    0.0	    0.0	    0.0	  100.0	    0.0	    0.0	    0.0	    0.0	    0.0	   64.1	  1	  650.0	 2050.0	    0.0	    0.0	    0.0	1	  299.8	 21	    0.0	    5.0	
 1698	  48.52	    7.7	 1500.4	    0.0	    0.0	    0.0	    0.0	    0.0	    0.0	    0.0	    0.0	    0.0	  100.0	    0.0	    0.0	    0.0	    0.0	    0.0	   64.1	  1	  650.0	 2050.0	    0.0	    0.0	    0.0	1	  299.8	 21	    0.0	    5.0	
 1699	  48.54	    7.7	 1500.4	    0.0	    0.0	    0.0	    0.0	    0.0	    0.0	    0.0	    0.0	    0.0	  100.0	    0.0	    0.0	    0.0	    0.0	    0.0	   64.1	  1	  650.0	 2050.0	    0.0	    0.0	    0.0	1	  299.8	 21	    0.0	    5.0	
 1700	  48.57	    7.7	 1500.4	    0.0	    0.0	    0.0	    0.0	    0.0	    0.0	    0.0	    0.0	    0.0	  100.0	    0.0	    0.0	    0.0	    0.0	    0.0	   64.2	  1	  650.0	 2050.0	    0.0	    0.0	    0.0	1	  299.8	 21	    0.0	    5.0	
 1701	  48.60	    7.7	 1500.4	    0.0	    0.0	    0.0	    0.0	    0.0	    0.0	    0.0	    0.0	    0.0	  100.0	    0.0	    0.0	    0.0	    0.0	    0.0	   64.2	  1	  650.0	 2050.0	    0.0	    0.0	    0.0	1	  299.8	 21	    0.0	    5.0	
 1702	  48.63	    7.7	 1500.4	    0.0	    0.0	    0.0	    0.0	    0.0	    0.0	    0.0	    0.0	    0.0	  100.0	    0.0	    0.0	    0.0	    0.0	    0.0	   64.3	  1	  650.0	 2050.0	    0.0	    0.0	    0.0	1	  299.8	 21	    0.0	    5.0	
 1703	  48.66	    7.7	 1500.4	    0.0	    0.0	    0.0	    0.0	    0.0	    0.0	    0.0	    0.0	    0.0	  100.0	    0.0	    0.0	    0.0	    0.0	    0.0	   64.3	  1	  650.0	 2050.0	    0.0	    0.0	    0.0	1	  299.8	 21	    0.0	    5.0	
 1704	  48.69	    7.7	 1500.4	    0.0	    0.0	    0.0	    0.0	    0.0	    0.0	    0.0	    0.0	    0.0	  100.0	    0.0	    0.0	    0.0	    0.0	    0.0	   64.3	  1	  650.0	 2050.0	    0.0	    0.0	    0.0	1	  299.8	 21	    0.0	    5.0	
 1705	  48.72	    7.7	 1500.4	    0.0	    0.0	    0.0	    0.0	    0.0	    0.0	    0.0	    0.0	    0.0	  100.0	    0.0	    0.0	    0.0	    0.0	    0.0	   64.4	  1	  650.0	 2050.0	    0.0	    0.0	    0.0	1	  299.8	 21	    0.0	    5.0	
 1706	  48.74	    7.7	 1500.4	    0.0	    0.0	    0.0	    0.0	    0.0	    0.0	    0.0	    0.0	    0.0	  100.0	    0.0	    0.0	    0.0	    0.0	    0.0	   64.4	  1	  650.0	 2050.0	    0.0	    0.0	    0.0	1	  299.8	 21	    0.0	    5.0	
 1707	  48.77	    7.7	 1500.4	    0.0	    0.0	    0.0	    0.0	    0.0	    0.0	    0.0	    0.0	    0.0	  100.0	    0.0	    0.0	    0.0	    0.0	    0.0	   64.4	  1	  650.0	 2050.0	    0.0	    0.0	    0.0	1	  299.8	 21	    0.0	    5.0	
 1708	  48.80	    7.7	 1500.4	    0.0	    0.0	    0.0	    0.0	    0.0	    0.0	    0.0	    0.0	    0.0	  100.0	    0.0	    0.0	    0.0	    0.0	    0.0	   64.5	  1	  650.0	 2050.0	    0.0	    0.0	    0.0	1	  299.8	 21	    0.0	    5.0	
 1709	  48.83	    7.7	 1500.4	    0.0	    0.0	    0.0	    0.0	    0.0	    0.0	    0.0	    0.0	    0.0	  100.0	    0.0	    0.0	    0.0	    0.0	    0.0	   64.5	  1	  650.0	 2050.0	    0.0	    0.0	    0.0	1	  299.8	 21	    0.0	    5.0	
 1710	  48.86	    7.7	 1500.4	    0.0	    0.0	    0.0	    0.0	    0.0	    0.0	    0.0	    0.0	    0.0	  100.0	    0.0	    0.0	    0.0	    0.0	    0.0	   64.6	  1	  650.0	 2050.0	    0.0	    0.0	    0.0	1	  299.8	 21	    0.0	    5.0	
 1711	  48.89	    7.7	 1500.4	    0.0	    0.0	    0.0	    0.0	    0.0	    0.0	    0.0	    0.0	    0.0	  100.0	    0.0	    0.0	    0.0	    0.0	    0.0	   64.6	  1	  650.0	 2050.0	    0.0	    0.0	    0.0	1	  299.8	 21	    0.0	    5.0	
 1712	  48.91	    7.7	 1500.4	    0.0	    0.0	    0.0	    0.0	    0.0	    0.0	    0.0	    0.0	    0.0	  100.0	    0.0	    0.0	    0.0	    0.0	    0.0	   64.6	  1	  650.0	 2050.0	    0.0	    0.0	    0.0	1	  299.8	 21	    0.0	    5.0	
 1713	  48.94	    7.7	 1500.4	    0.0	    0.0	    0.0	    0.0	    0.0	    0.0	    0.0	    0.0	    0.0	  100.0	    0.0	    0.0	    0.0	    0.0	    0.0	   64.7	  1	  650.0	 2050.0	    0.0	    0.0	    0.0	1	  299.8	 21	    0.0	    5.0	
 1714	  48.97	    7.7	 1500.4	    0.0	    0.0	    0.0	    0.0	    0.0	    0.0	    0.0	    0.0	    0.0	  100.0	    0.0	    0.0	    0.0	    0.0	    0.0	   64.7	  1	  650.0	 2050.0	    0.0	    0.0	    0.0	1	  299.8	 21	    0.0	    5.0	
 1715	  49.00	    7.7	 1500.4	    0.0	    0.0	    0.0	    0.0	    0.0	    0.0	    0.0	    0.0	    0.0	  100.0	    0.0	    0.0	    0.0	    0.0	    0.0	   64.7	  1	  650.0	 2050.0	    0.0	    0.0	    0.0	1	  299.8	 21	    0.0	    5.0	
 1716	  49.03	    7.7	 1500.4	    0.0	    0.0	    0.0	    0.0	    0.0	    0.0	    0.0	    0.0	    0.0	  100.0	    0.0	    0.0	    0.0	    0.0	    0.0	   64.8	  1	  650.0	 2050.0	    0.0	    0.0	    0.0	1	  299.8	 21	    0.0	    5.0	
 1717	  49.06	    7.7	 1500.4	    0.0	    0.0	    0.0	    0.0	    0.0	    0.0	    0.0	    0.0	    0.0	  100.0	    0.0	    0.0	    0.0	    0.0	    0.0	   64.8	  1	  650.0	 2050.0	    0.0	    0.0	    0.0	1	  299.8	 21	    0.0	    5.0	
 1718	  49.09	    7.7	 1500.4	    0.0	    0.0	    0.0	    0.0	    0.0	    0.0	    0.0	    0.0	    0.0	  100.0	    0.0	    0.0	    0.0	    0.0	    0.0	   64.8	  1	  650.0	 2050.0	    0.0	    0.0	    0.0	1	  299.8	 21	    0.0	    5.0	
 1719	  49.12	    7.7	 1500.4	    0.0	    0.0	    0.0	    0.0	    0.0	    0.0	    0.0	    0.0	    0.0	  100.0	    0.0	    0.0	    0.0	    0.0	    0.0	   64.9	  1	  650.0	 2050.0	    0.0	    0.0	    0.0	1	  299.8	 21	    0.0	    5.0	
 1720	  49.14	    7.7	 1500.4	    0.0	    0.0	    0.0	    0.0	    0.0	    0.0	    0.0	    0.0	    0.0	  100.0	    0.0	    0.0	    0.0	    0.0	    0.0	   64.9	  1	  650.0	 2050.0	    0.0	    0.0	    0.0	1	  299.8	 21	    0.0	    5.0	
 1721	  49.17	    7.7	 1500.4	    0.0	    0.0	    0.0	    0.0	    0.0	    0.0	    0.0	    0.0	    0.0	  100.0	    0.0	    0.0	    0.0	    0.0	    0.0	   65.0	  1	  650.0	 2050.0	    0.0	    0.0	    0.0	1	  299.8	 21	    0.0	    5.0	
 1722	  49.20	    7.7	 1500.4	    0.0	    0.0	    0.0	    0.0	    0.0	    0.0	    0.0	    0.0	    0.0	  100.0	    0.0	    0.0	    0.0	    0.0	    0.0	   65.0	  1	  650.0	 2050.0	    0.0	    0.0	    0.0	1	  299.8	 21	    0.0	    5.0	
 1723	  49.23	    7.7	 1500.4	    0.0	    0.0	    0.0	    0.0	    0.0	    0.0	    0.0	    0.0	    0.0	  100.0	    0.0	    0.0	    0.0	    0.0	    0.0	   65.0	  1	  650.0	 2050.0	    0.0	    0.0	    0.0	1	  299.8	 21	    0.0	    5.0	
 1724	  49.26	    7.7	 1500.4	    0.0	    0.0	    0.0	    0.0	    0.0	    0.0	    0.0	    0.0	    0.0	  100.0	    0.0	    0.0	    0.0	    0.0	    0.0	   65.1	  1	  650.0	 2050.0	    0.0	    0.0	    0.0	1	  299.8	 21	    0.0	    5.0	
 1725	  49.29	    8.6	 1501.0	    0.0	    0.0	    0.0	    0.0	    0.0	    0.0	    0.0	    0.0	    0.0	  100.0	    0.0	    0.0	    0.0	    0.0	    0.0	   65.1	  1	  650.0	 2050.0	    0.0	    0.0	    0.0	1	  299.8	 21	    0.0	    5.0	
 1726	  49.31	    8.6	 1501.0	    0.0	    0.0	    0.0	    0.0	    0.0	    0.0	    0.0	    0.0	    0.0	  100.0	    0.0	    0.0	    0.0	    0.0	    0.0	   65.1	  1	  650.0	 2050.0	    0.0	    0.0	    0.0	1	  299.8	 21	    0.0	    5.0	
 1727	  49.34	    8.6	 1501.0	    0.0	    0.0	    0.0	    0.0	    0.0	    0.0	    0.0	    0.0	    0.0	  100.0	    0.0	    0.0	    0.0	    0.0	    0.0	   65.2	  1	  650.0	 2050.0	    0.0	    0.0	    0.0	1	  299.8	 21	    0.0	    5.0	
 1728	  49.37	    8.6	 1501.0	    0.0	    0.0	    0.0	    0.0	    0.0	    0.0	    0.0	    0.0	    0.0	  100.0	    0.0	    0.0	    0.0	    0.0	    0.0	   65.2	  1	  650.0	 2050.0	    0.0	    0.0	    0.0	1	  299.8	 21	    0.0	    5.0	
 1729	  49.40	    8.6	 1501.0	    0.0	    0.0	    0.0	    0.0	    0.0	    0.0	    0.0	    0.0	    0.0	  100.0	    0.0	    0.0	    0.0	    0.0	    0.0	   65.3	  1	  650.0	 2050.0	    0.0	    0.0	    0.0	1	  299.8	 21	    0.0	    5.0	
 1730	  49.43	    8.6	 1501.0	    0.0	    0.0	    0.0	    0.0	    0.0	    0.0	    0.0	    0.0	    0.0	  100.0	    0.0	    0.0	    0.0	    0.0	    0.0	   65.3	  1	  650.0	 2050.0	    0.0	    0.0	    0.0	1	  299.8	 21	    0.0	    5.0	
 1731	  49.46	    8.6	 1501.0	    0.0	    0.0	    0.0	    0.0	    0.0	    0.0	    0.0	    0.0	    0.0	  100.0	    0.0	    0.0	    0.0	    0.0	    0.0	   65.3	  1	  650.0	 2050.0	    0.0	    0.0	    0.0	1	  299.8	 21	    0.0	    5.0	
 1732	  49.49	    8.6	 1501.0	    0.0	    0.0	    0.0	    0.0	    0.0	    0.0	    0.0	    0.0	    0.0	  100.0	    0.0	    0.0	    0.0	    0.0	    0.0	   65.4	  1	  650.0	 2050.0	    0.0	    0.0	    0.0	1	  299.8	 21	    0.0	    5.0	
 1733	  49.52	    8.6	 1501.0	    0.0	    0.0	    0.0	    0.0	    0.0	    0.0	    0.0	    0.0	    0.0	  100.0	    0.0	    0.0	    0.0	    0.0	    0.0	   65.4	  1	  650.0	 2050.0	    0.0	    0.0	    0.0	1	  299.8	 21	    0.0	    5.0	
 1734	  49.54	    8.6	 1501.0	    0.0	    0.0	    0.0	    0.0	    0.0	    0.0	    0.0	    0.0	    0.0	  100.0	    0.0	    0.0	    0.0	    0.0	    0.0	   65.4	  1	  650.0	 2050.0	    0.0	    0.0	    0.0	1	  299.8	 21	    0.0	    5.0	
 1735	  49.57	    8.6	 1501.0	    0.0	    0.0	    0.0	    0.0	    0.0	    0.0	    0.0	    0.0	    0.0	  100.0	    0.0	    0.0	    0.0	    0.0	    0.0	   65.5	  1	  650.0	 2050.0	    0.0	    0.0	    0.0	1	  299.8	 21	    0.0	    5.0	
 1736	  49.60	    8.6	 1501.0	    0.0	    0.0	    0.0	    0.0	    0.0	    0.0	    0.0	    0.0	    0.0	  100.0	    0.0	    0.0	    0.0	    0.0	    0.0	   65.5	  1	  650.0	 2050.0	    0.0	    0.0	    0.0	1	  299.8	 21	    0.0	    5.0	
 1737	  49.63	    8.6	 1501.0	    0.0	    0.0	    0.0	    0.0	    0.0	    0.0	    0.0	    0.0	    0.0	  100.0	    0.0	    0.0	    0.0	    0.0	    0.0	   65.6	  1	  650.0	 2050.0	    0.0	    0.0	    0.0	1	  299.8	 21	    0.0	    5.0	
 1738	  49.66	    8.6	 1501.0	    0.0	    0.0	    0.0	    0.0	    0.0	    0.0	    0.0	    0.0	    0.0	  100.0	    0.0	    0.0	    0.0	    0.0	    0.0	   65.6	  1	  650.0	 2050.0	    0.0	    0.0	    0.0	1	  299.8	 21	    0.0	    5.0	
 1739	  49.69	    8.6	 1501.0	    0.0	    0.0	    0.0	    0.0	    0.0	    0.0	    0.0	    0.0	    0.0	  100.0	    0.0	    0.0	    0.0	    0.0	    0.0	   65.6	  1	  650.0	 2050.0	    0.0	    0.0	    0.0	1	  299.8	 21	    0.0	    5.0	
 1740	  49.72	    8.6	 1501.0	    0.0	    0.0	    0.0	    0.0	    0.0	    0.0	    0.0	    0.0	    0.0	  100.0	    0.0	    0.0	    0.0	    0.0	    0.0	   65.7	  1	  650.0	 2050.0	    0.0	    0.0	    0.0	1	  299.8	 21	    0.0	    5.0	
 1741	  49.74	    8.6	 1501.0	    0.0	    0.0	    0.0	    0.0	    0.0	    0.0	    0.0	    0.0	    0.0	  100.0	    0.0	    0.0	    0.0	    0.0	    0.0	   65.7	  1	  650.0	 2050.0	    0.0	    0.0	    0.0	1	  299.8	 21	    0.0	    5.0	
 1742	  49.77	    8.6	 1501.0	    0.0	    0.0	    0.0	    0.0	    0.0	    0.0	    0.0	    0.0	    0.0	  100.0	    0.0	    0.0	    0.0	    0.0	    0.0	   65.7	  1	  650.0	 2050.0	    0.0	    0.0	    0.0	1	  299.8	 21	    0.0	    5.0	
 1743	  49.80	    8.6	 1501.0	    0.0	    0.0	    0.0	    0.0	    0.0	    0.0	    0.0	    0.0	    0.0	  100.0	    0.0	    0.0	    0.0	    0.0	    0.0	   65.8	  1	  650.0	 2050.0	    0.0	    0.0	    0.0	1	  299.8	 21	    0.0	    5.0	
 1744	  49.83	    8.6	 1501.0	    0.0	    0.0	    0.0	    0.0	    0.0	    0.0	    0.0	    0.0	    0.0	  100.0	    0.0	    0.0	    0.0	    0.0	    0.0	   65.8	  1	  650.0	 2050.0	    0.0	    0.0	    0.0	1	  299.8	 21	    0.0	    5.0	
 1745	  49.86	    8.6	 1501.0	    0.0	    0.0	    0.0	    0.0	    0.0	    0.0	    0.0	    0.0	    0.0	  100.0	    0.0	    0.0	    0.0	    0.0	    0.0	   65.9	  1	  650.0	 2050.0	    0.0	    0.0	    0.0	1	  299.8	 21	    0.0	    5.0	
 1746	  49.89	    8.6	 1501.0	    0.0	    0.0	    0.0	    0.0	    0.0	    0.0	    0.0	    0.0	    0.0	  100.0	    0.0	    0.0	    0.0	    0.0	    0.0	   65.9	  1	  650.0	 2050.0	    0.0	    0.0	    0.0	1	  299.8	 21	    0.0	    5.0	
 1747	  49.91	    8.6	 1501.0	    0.0	    0.0	    0.0	    0.0	    0.0	    0.0	    0.0	    0.0	    0.0	  100.0	    0.0	    0.0	    0.0	    0.0	    0.0	   65.9	  1	  650.0	 2050.0	    0.0	    0.0	    0.0	1	  299.8	 21	    0.0	    5.0	
 1748	  49.94	    8.6	 1501.0	    0.0	    0.0	    0.0	    0.0	    0.0	    0.0	    0.0	    0.0	    0.0	  100.0	    0.0	    0.0	    0.0	    0.0	    0.0	   66.0	  1	  650.0	 2050.0	    0.0	    0.0	    0.0	1	  299.8	 21	    0.0	    5.0	
 1749	  49.97	    8.6	 1501.0	    0.0	    0.0	    0.0	    0.0	    0.0	    0.0	    0.0	    0.0	    0.0	  100.0	    0.0	    0.0	    0.0	    0.0	    0.0	   66.0	  1	  650.0	 2050.0	    0.0	    0.0	    0.0	1	  299.8	 21	    0.0	    5.0	
 1750	  50.00	    8.6	 1501.0	    0.0	    0.0	    0.0	    0.0	    0.0	    0.0	    0.0	    0.0	    0.0	  100.0	    0.0	    0.0	    0.0	    0.0	    0.0	   66.0	  1	  650.0	 2050.0	    0.0	    0.0	    0.0	1	  299.8	 21	    0.0	    5.0	
 1751	  50.03	    8.6	 1501.0	    0.0	    0.0	    0.0	    0.0	    0.0	    0.0	    0.0	    0.0	    0.0	  100.0	    0.0	    0.0	    0.0	    0.0	    0.0	   66.1	  1	  650.0	 2050.0	    0.0	    0.0	    0.0	1	  299.8	 21	    0.0	    5.0	
 1752	  50.06	    8.6	 1501.0	    0.0	    0.0	    0.0	    0.0	    0.0	    0.0	    0.0	    0.0	    0.0	  100.0	    0.0	    0.0	    0.0	    0.0	    0.0	   66.1	  1	  650.0	 2050.0	    0.0	    0.0	    0.0	1	  299.8	 21	    0.0	    5.0	
 1753	  50.09	    8.6	 1501.0	    0.0	    0.0	    0.0	    0.0	    0.0	    0.0	    0.0	    0.0	    0.0	  100.0	    0.0	    0.0	    0.0	    0.0	    0.0	   66.2	  1	  650.0	 2050.0	    0.0	    0.0	    0.0	1	  299.8	 21	    0.0	    5.0	
 1754	  50.12	    8.6	 1501.0	    0.0	    0.0	    0.0	    0.0	    0.0	    0.0	    0.0	    0.0	    0.0	  100.0	    0.0	    0.0	    0.0	    0.0	    0.0	   66.2	  1	  650.0	 2050.0	    0.0	    0.0	    0.0	1	  299.8	 21	    0.0	    5.0	
 1755	  50.14	    8.6	 1501.0	    0.0	    0.0	    0.0	    0.0	    0.0	    0.0	    0.0	    0.0	    0.0	  100.0	    0.0	    0.0	    0.0	    0.0	    0.0	   66.2	  1	  650.0	 2050.0	    0.0	    0.0	    0.0	1	  299.8	 21	    0.0	    5.0	
 1756	  50.17	    8.6	 1501.0	    0.0	    0.0	    0.0	    0.0	    0.0	    0.0	    0.0	    0.0	    0.0	  100.0	    0.0	    0.0	    0.0	    0.0	    0.0	   66.3	  1	  650.0	 2050.0	    0.0	    0.0	    0.0	1	  299.8	 21	    0.0	    5.0	
 1757	  50.20	    8.6	 1501.0	    0.0	    0.0	    0.0	    0.0	    0.0	    0.0	    0.0	    0.0	    0.0	  100.0	    0.0	    0.0	    0.0	    0.0	    0.0	   66.3	  1	  650.0	 2050.0	    0.0	    0.0	    0.0	1	  299.8	 21	    0.0	    5.0	
 1758	  50.23	    8.6	 1501.0	    0.0	    0.0	    0.0	    0.0	    0.0	    0.0	    0.0	    0.0	    0.0	  100.0	    0.0	    0.0	    0.0	    0.0	    0.0	   66.3	  1	  650.0	 2050.0	    0.0	    0.0	    0.0	1	  299.8	 21	    0.0	    5.0	
 1759	  50.26	    8.6	 1501.0	    0.0	    0.0	    0.0	    0.0	    0.0	    0.0	    0.0	    0.0	    0.0	  100.0	    0.0	    0.0	    0.0	    0.0	    0.0	   66.4	  1	  650.0	 2050.0	    0.0	    0.0	    0.0	1	  299.8	 21	    0.0	    5.0	
 1760	  50.29	    8.6	 1501.0	    0.0	    0.0	    0.0	    0.0	    0.0	    0.0	    0.0	    0.0	    0.0	  100.0	    0.0	    0.0	    0.0	    0.0	    0.0	   66.4	  1	  650.0	 2050.0	    0.0	    0.0	    0.0	1	  299.8	 21	    0.0	    5.0	
 1761	  50.31	    8.6	 1501.0	    0.0	    0.0	    0.0	    0.0	    0.0	    0.0	    0.0	    0.0	    0.0	  100.0	    0.0	    0.0	    0.0	    0.0	    0.0	   66.4	  1	  650.0	 2050.0	    0.0	    0.0	    0.0	1	  299.8	 21	    0.0	    5.0	
 1762	  50.34	    8.6	 1501.0	    0.0	    0.0	    0.0	    0.0	    0.0	    0.0	    0.0	    0.0	    0.0	  100.0	    0.0	    0.0	    0.0	    0.0	    0.0	   66.5	  1	  650.0	 2050.0	    0.0	    0.0	    0.0	1	  299.8	 21	    0.0	    5.0	
 1763	  50.37	    8.6	 1501.0	    0.0	    0.0	    0.0	    0.0	    0.0	    0.0	    0.0	    0.0	    0.0	  100.0	    0.0	    0.0	    0.0	    0.0	    0.0	   66.5	  1	  650.0	 2050.0	    0.0	    0.0	    0.0	1	  299.8	 21	    0.0	    5.0	
 1764	  50.40	    8.6	 1501.0	    0.0	    0.0	    0.0	    0.0	    0.0	    0.0	    0.0	    0.0	    0.0	  100.0	    0.0	    0.0	    0.0	    0.0	    0.0	   66.6	  1	  650.0	 2050.0	    0.0	    0.0	    0.0	1	  299.8	 21	    0.0	    5.0	
 1765	  50.43	    8.6	 1501.0	    0.0	    0.0	    0.0	    0.0	    0.0	    0.0	    0.0	    0.0	    0.0	  100.0	    0.0	    0.0	    0.0	    0.0	    0.0	   66.6	  1	  650.0	 2050.0	    0.0	    0.0	    0.0	1	  299.8	 21	    0.0	    5.0	
 1766	  50.46	    8.6	 1501.0	    0.0	    0.0	    0.0	    0.0	    0.0	    0.0	    0.0	    0.0	    0.0	  100.0	    0.0	    0.0	    0.0	    0.0	    0.0	   66.6	  1	  650.0	 2050.0	    0.0	    0.0	    0.0	1	  299.8	 21	    0.0	    5.0	
 1767	  50.49	    9.2	 1501.4	    0.0	    0.0	    0.0	    0.0	    0.0	    0.0	    0.0	    0.0	    0.0	  100.0	    0.0	    0.0	    0.0	    0.0	    0.0	   66.7	  1	  650.0	 2050.0	    0.0	    0.0	    0.0	1	  299.8	 21	    0.0	    5.0	
 1768	  50.52	    9.2	 1501.4	    0.0	    0.0	    0.0	    0.0	    0.0	    0.0	    0.0	    0.0	    0.0	  100.0	    0.0	    0.0	    0.0	    0.0	    0.0	   66.7	  1	  650.0	 2050.0	    0.0	    0.0	    0.0	1	  299.8	 21	    0.0	    5.0	
 1769	  50.54	    9.2	 1501.4	    0.0	    0.0	    0.0	    0.0	    0.0	    0.0	    0.0	    0.0	    0.0	  100.0	    0.0	    0.0	    0.0	    0.0	    0.0	   66.7	  1	  650.0	 2050.0	    0.0	    0.0	    0.0	1	  299.8	 21	    0.0	    5.0	
 1770	  50.57	    9.2	 1501.4	    0.0	    0.0	    0.0	    0.0	    0.0	    0.0	    0.0	    0.0	    0.0	  100.0	    0.0	    0.0	    0.0	    0.0	    0.0	   66.8	  1	  650.0	 2050.0	    0.0	    0.0	    0.0	1	  299.8	 21	    0.0	    5.0	
 1771	  50.60	    9.5	 1501.6	    0.0	    0.0	    0.0	    0.0	    0.0	    0.0	    0.0	    0.0	    0.0	  100.0	    0.0	    0.0	    0.0	    0.0	    0.0	   66.8	  1	  650.0	 2050.0	    0.0	    0.0	    0.0	1	  299.8	 21	    0.0	    5.0	
 1772	  50.63	    9.5	 1501.6	    0.0	    0.0	    0.0	    0.0	    0.0	    0.0	    0.0	    0.0	    0.0	  100.0	    0.0	    0.0	    0.0	    0.0	    0.0	   66.9	  1	  650.0	 2050.0	    0.0	    0.0	    0.0	1	  299.8	 21	    0.0	    5.0	
 1773	  50.66	    9.5	 1501.6	    0.0	    0.0	    0.0	    0.0	    0.0	    0.0	    0.0	    0.0	    0.0	  100.0	    0.0	    0.0	    0.0	    0.0	    0.0	   66.9	  1	  650.0	 2050.0	    0.0	    0.0	    0.0	1	  299.8	 21	    0.0	    5.0	
 1774	  50.69	    9.5	 1501.6	    0.0	    0.0	    0.0	    0.0	    0.0	    0.0	    0.0	    0.0	    0.0	  100.0	    0.0	    0.0	    0.0	    0.0	    0.0	   66.9	  1	  650.0	 2050.0	    0.0	    0.0	    0.0	1	  299.8	 21	    0.0	    5.0	
 1775	  50.72	    9.5	 1501.6	    0.0	    0.0	    0.0	    0.0	    0.0	    0.0	    0.0	    0.0	    0.0	  100.0	    0.0	    0.0	    0.0	    0.0	    0.0	   67.0	  1	  650.0	 2050.0	    0.0	    0.0	    0.0	1	  299.8	 21	    0.0	    5.0	
 1776	  50.74	    9.5	 1501.6	    0.0	    0.0	    0.0	    0.0	    0.0	    0.0	    0.0	    0.0	    0.0	  100.0	    0.0	    0.0	    0.0	    0.0	    0.0	   67.0	  1	  650.0	 2050.0	    0.0	    0.0	    0.0	1	  299.8	 21	    0.0	    5.0	
 1777	  50.77	    9.5	 1501.6	    0.0	    0.0	    0.0	    0.0	    0.0	    0.0	    0.0	    0.0	    0.0	  100.0	    0.0	    0.0	    0.0	    0.0	    0.0	   67.0	  1	  650.0	 2050.0	    0.0	    0.0	    0.0	1	  299.8	 21	    0.0	    5.0	
 1778	  50.80	    9.5	 1501.6	    0.0	    0.0	    0.0	    0.0	    0.0	    0.0	    0.0	    0.0	    0.0	  100.0	    0.0	    0.0	    0.0	    0.0	    0.0	   67.1	  1	  650.0	 2050.0	    0.0	    0.0	    0.0	1	  299.8	 21	    0.0	    5.0	
 1779	  50.83	    9.5	 1501.6	    0.0	    0.0	    0.0	    0.0	    0.0	    0.0	    0.0	    0.0	    0.0	  100.0	    0.0	    0.0	    0.0	    0.0	    0.0	   67.1	  1	  650.0	 2050.0	    0.0	    0.0	    0.0	1	  299.8	 21	    0.0	    5.0	
 1780	  50.86	    9.5	 1501.6	    0.0	    0.0	    0.0	    0.0	    0.0	    0.0	    0.0	    0.0	    0.0	  100.0	    0.0	    0.0	    0.0	    0.0	    0.0	   67.1	  1	  650.0	 2050.0	    0.0	    0.0	    0.0	1	  299.8	 21	    0.0	    5.0	
 1781	  50.89	   10.2	 1501.4	    0.0	    0.0	    0.0	    0.0	    0.0	    0.0	    0.0	    0.0	    0.0	  100.0	    0.0	    0.0	    0.0	    0.0	    0.0	   67.2	  1	  650.0	 2050.0	    0.0	    0.0	    0.0	1	  299.8	 21	    0.0	    5.0	
 1782	  50.91	   10.2	 1501.4	    0.0	    0.0	    0.0	    0.0	    0.0	    0.0	    0.0	    0.0	    0.0	  100.0	    0.0	    0.0	    0.0	    0.0	    0.0	   67.2	  1	  650.0	 2050.0	    0.0	    0.0	    0.0	1	  299.8	 21	    0.0	    5.0	
 1783	  50.94	   10.2	 1501.4	    0.0	    0.0	    0.0	    0.0	    0.0	    0.0	    0.0	    0.0	    0.0	  100.0	    0.0	    0.0	    0.0	    0.0	    0.0	   67.3	  1	  650.0	 2050.0	    0.0	    0.0	    0.0	1	  299.8	 21	    0.0	    5.0	
 1784	  50.97	   10.2	 1501.4	    0.0	    0.0	    0.0	    0.0	    0.0	    0.0	    0.0	    0.0	    0.0	  100.0	    0.0	    0.0	    0.0	    0.0	    0.0	   67.3	  1	  650.0	 2050.0	    0.0	    0.0	    0.0	1	  299.8	 21	    0.0	    5.0	
 1785	  51.00	   10.2	 1501.4	    0.0	    0.0	    0.0	    0.0	    0.0	    0.0	    0.0	    0.0	    0.0	  100.0	    0.0	    0.0	    0.0	    0.0	    0.0	   67.3	  1	  650.0	 2050.0	    0.0	    0.0	    0.0	1	  299.8	 21	    0.0	    5.0	
 1786	  51.03	   10.2	 1501.4	    0.0	    0.0	    0.0	    0.0	    0.0	    0.0	    0.0	    0.0	    0.0	  100.0	    0.0	    0.0	    0.0	    0.0	    0.0	   67.4	  1	  650.0	 2050.0	    0.0	    0.0	    0.0	1	  299.8	 21	    0.0	    5.0	
 1787	  51.06	   10.2	 1501.4	    0.0	    0.0	    0.0	    0.0	    0.0	    0.0	    0.0	    0.0	    0.0	  100.0	    0.0	    0.0	    0.0	    0.0	    0.0	   67.4	  1	  650.0	 2050.0	    0.0	    0.0	    0.0	1	  299.8	 21	    0.0	    5.0	
 1788	  51.09	   10.2	 1501.4	    0.0	    0.0	    0.0	    0.0	    0.0	    0.0	    0.0	    0.0	    0.0	  100.0	    0.0	    0.0	    0.0	    0.0	    0.0	   67.4	  1	  650.0	 2050.0	    0.0	    0.0	    0.0	1	  299.8	 21	    0.0	    5.0	
 1789	  51.12	   10.2	 1501.4	    0.0	    0.0	    0.0	    0.0	    0.0	    0.0	    0.0	    0.0	    0.0	  100.0	    0.0	    0.0	    0.0	    0.0	    0.0	   67.5	  1	  650.0	 2050.0	    0.0	    0.0	    0.0	1	  299.8	 21	    0.0	    5.0	
 1790	  51.14	   10.2	 1501.4	    0.0	    0.0	    0.0	    0.0	    0.0	    0.0	    0.0	    0.0	    0.0	  100.0	    0.0	    0.0	    0.0	    0.0	    0.0	   67.5	  1	  650.0	 2050.0	    0.0	    0.0	    0.0	1	  299.8	 21	    0.0	    5.0	
 1791	  51.17	   10.2	 1501.4	    0.0	    0.0	    0.0	    0.0	    0.0	    0.0	    0.0	    0.0	    0.0	  100.0	    0.0	    0.0	    0.0	    0.0	    0.0	   67.6	  1	  650.0	 2050.0	    0.0	    0.0	    0.0	1	  299.8	 21	    0.0	    5.0	
 1792	  51.20	   10.2	 1501.4	    0.0	    0.0	    0.0	    0.0	    0.0	    0.0	    0.0	    0.0	    0.0	  100.0	    0.0	    0.0	    0.0	    0.0	    0.0	   67.6	  1	  650.0	 2050.0	    0.0	    0.0	    0.0	1	  299.8	 21	    0.0	    5.0	
 1793	  51.23	   10.2	 1501.4	    0.0	    0.0	    0.0	    0.0	    0.0	    0.0	    0.0	    0.0	    0.0	  100.0	    0.0	    0.0	    0.0	    0.0	    0.0	   67.6	  1	  650.0	 2050.0	    0.0	    0.0	    0.0	1	  299.8	 21	    0.0	    5.0	
 1794	  51.26	   10.2	 1501.4	    0.0	    0.0	    0.0	    0.0	    0.0	    0.0	    0.0	    0.0	    0.0	  100.0	    0.0	    0.0	    0.0	    0.0	    0.0	   67.7	  1	  650.0	 2050.0	    0.0	    0.0	    0.0	1	  299.8	 21	    0.0	    5.0	
 1795	  51.29	   10.2	 1501.4	    0.0	    0.0	    0.0	    0.0	    0.0	    0.0	    0.0	    0.0	    0.0	  100.0	    0.0	    0.0	    0.0	    0.0	    0.0	   67.7	  1	  650.0	 2050.0	    0.0	    0.0	    0.0	1	  299.8	 21	    0.0	    5.0	
 1796	  51.31	   10.2	 1501.4	    0.0	    0.0	    0.0	    0.0	    0.0	    0.0	    0.0	    0.0	    0.0	  100.0	    0.0	    0.0	    0.0	    0.0	    0.0	   67.7	  1	  650.0	 2050.0	    0.0	    0.0	    0.0	1	  299.8	 21	    0.0	    5.0	
 1797	  51.34	   10.2	 1501.4	    0.0	    0.0	    0.0	    0.0	    0.0	    0.0	    0.0	    0.0	    0.0	  100.0	    0.0	    0.0	    0.0	    0.0	    0.0	   67.8	  1	  650.0	 2050.0	    0.0	    0.0	    0.0	1	  299.8	 21	    0.0	    5.0	
 1798	  51.37	   10.2	 1501.4	    0.0	    0.0	    0.0	    0.0	    0.0	    0.0	    0.0	    0.0	    0.0	  100.0	    0.0	    0.0	    0.0	    0.0	    0.0	   67.8	  1	  650.0	 2050.0	    0.0	    0.0	    0.0	1	  299.8	 21	    0.0	    5.0	
 1799	  51.40	   10.2	 1501.4	    0.0	    0.0	    0.0	    0.0	    0.0	    0.0	    0.0	    0.0	    0.0	  100.0	    0.0	    0.0	    0.0	    0.0	    0.0	   67.8	  1	  650.0	 2050.0	    0.0	    0.0	    0.0	1	  299.8	 21	    0.0	    5.0	
 1800	  51.43	   10.2	 1501.4	    0.0	    0.0	    0.0	    0.0	    0.0	    0.0	    0.0	    0.0	    0.0	  100.0	    0.0	    0.0	    0.0	    0.0	    0.0	   67.9	  1	  650.0	 2050.0	    0.0	    0.0	    0.0	1	  299.8	 21	    0.0	    5.0	
 1801	  51.46	   10.2	 1501.4	    0.0	    0.0	    0.0	    0.0	    0.0	    0.0	    0.0	    0.0	    0.0	  100.0	    0.0	    0.0	    0.0	    0.0	    0.0	   67.9	  1	  650.0	 2050.0	    0.0	    0.0	    0.0	1	  299.8	 21	    0.0	    5.0	
 1802	  51.49	   10.2	 1501.4	    0.0	    0.0	    0.0	    0.0	    0.0	    0.0	    0.0	    0.0	    0.0	  100.0	    0.0	    0.0	    0.0	    0.0	    0.0	   68.0	  1	  650.0	 2050.0	    0.0	    0.0	    0.0	1	  299.8	 21	    0.0	    5.0	
 1803	  51.52	   10.2	 1501.4	    0.0	    0.0	    0.0	    0.0	    0.0	    0.0	    0.0	    0.0	    0.0	  100.0	    0.0	    0.0	    0.0	    0.0	    0.0	   68.0	  1	  650.0	 2050.0	    0.0	    0.0	    0.0	1	  299.8	 21	    0.0	    5.0	
 1804	  51.54	   10.2	 1501.4	    0.0	    0.0	    0.0	    0.0	    0.0	    0.0	    0.0	    0.0	    0.0	  100.0	    0.0	    0.0	    0.0	    0.0	    0.0	   68.0	  1	  650.0	 2050.0	    0.0	    0.0	    0.0	1	  299.8	 21	    0.0	    5.0	
 1805	  51.57	   10.2	 1501.4	    0.0	    0.0	    0.0	    0.0	    0.0	    0.0	    0.0	    0.0	    0.0	  100.0	    0.0	    0.0	    0.0	    0.0	    0.0	   68.1	  1	  650.0	 2050.0	    0.0	    0.0	    0.0	1	  299.8	 21	    0.0	    5.0	
 1806	  51.60	   10.2	 1501.4	    0.0	    0.0	    0.0	    0.0	    0.0	    0.0	    0.0	    0.0	    0.0	  100.0	    0.0	    0.0	    0.0	    0.0	    0.0	   68.1	  1	  650.0	 2050.0	    0.0	    0.0	    0.0	1	  299.8	 21	    0.0	    5.0	
 1807	  51.63	   10.2	 1501.4	    0.0	    0.0	    0.0	    0.0	    0.0	    0.0	    0.0	    0.0	    0.0	  100.0	    0.0	    0.0	    0.0	    0.0	    0.0	   68.1	  1	  650.0	 2050.0	    0.0	    0.0	    0.0	1	  299.8	 21	    0.0	    5.0	
 1808	  51.66	   10.2	 1501.4	    0.0	    0.0	    0.0	    0.0	    0.0	    0.0	    0.0	    0.0	    0.0	  100.0	    0.0	    0.0	    0.0	    0.0	    0.0	   68.2	  1	  650.0	 2050.0	    0.0	    0.0	    0.0	1	  299.8	 21	    0.0	    5.0	
 1809	  51.69	   10.2	 1501.4	    0.0	    0.0	    0.0	    0.0	    0.0	    0.0	    0.0	    0.0	    0.0	  100.0	    0.0	    0.0	    0.0	    0.0	    0.0	   68.2	  1	  650.0	 2050.0	    0.0	    0.0	    0.0	1	  299.8	 21	    0.0	    5.0	
 1810	  51.72	   10.2	 1501.4	    0.0	    0.0	    0.0	    0.0	    0.0	    0.0	    0.0	    0.0	    0.0	  100.0	    0.0	    0.0	    0.0	    0.0	    0.0	   68.3	  1	  650.0	 2050.0	    0.0	    0.0	    0.0	1	  299.8	 21	    0.0	    5.0	
 1811	  51.74	   10.2	 1501.4	    0.0	    0.0	    0.0	    0.0	    0.0	    0.0	    0.0	    0.0	    0.0	  100.0	    0.0	    0.0	    0.0	    0.0	    0.0	   68.3	  1	  650.0	 2050.0	    0.0	    0.0	    0.0	1	  299.8	 21	    0.0	    5.0	
 1812	  51.77	   10.2	 1501.4	    0.0	    0.0	    0.0	    0.0	    0.0	    0.0	    0.0	    0.0	    0.0	  100.0	    0.0	    0.0	    0.0	    0.0	    0.0	   68.3	  1	  650.0	 2050.0	    0.0	    0.0	    0.0	1	  299.8	 21	    0.0	    5.0	
 1813	  51.80	   10.2	 1501.4	    0.0	    0.0	    0.0	    0.0	    0.0	    0.0	    0.0	    0.0	    0.0	  100.0	    0.0	    0.0	    0.0	    0.0	    0.0	   68.4	  1	  650.0	 2050.0	    0.0	    0.0	    0.0	1	  299.8	 21	    0.0	    5.0	
 1814	  51.83	   10.2	 1501.4	    0.0	    0.0	    0.0	    0.0	    0.0	    0.0	    0.0	    0.0	    0.0	  100.0	    0.0	    0.0	    0.0	    0.0	    0.0	   68.4	  1	  650.0	 2050.0	    0.0	    0.0	    0.0	1	  299.8	 21	    0.0	    5.0	
 1815	  51.86	   10.2	 1501.4	    0.0	    0.0	    0.0	    0.0	    0.0	    0.0	    0.0	    0.0	    0.0	  100.0	    0.0	    0.0	    0.0	    0.0	    0.0	   68.4	  1	  650.0	 2050.0	    0.0	    0.0	    0.0	1	  299.8	 21	    0.0	    5.0	
 1816	  51.89	   10.2	 1501.4	    0.0	    0.0	    0.0	    0.0	    0.0	    0.0	    0.0	    0.0	    0.0	  100.0	    0.0	    0.0	    0.0	    0.0	    0.0	   68.5	  1	  650.0	 2050.0	    0.0	    0.0	    0.0	1	  299.8	 21	    0.0	    5.0	
 1817	  51.91	   10.2	 1501.4	    0.0	    0.0	    0.0	    0.0	    0.0	    0.0	    0.0	    0.0	    0.0	  100.0	    0.0	    0.0	    0.0	    0.0	    0.0	   68.5	  1	  650.0	 2050.0	    0.0	    0.0	    0.0	1	  299.8	 21	    0.0	    5.0	
 1818	  51.94	   10.2	 1501.4	    0.0	    0.0	    0.0	    0.0	    0.0	    0.0	    0.0	    0.0	    0.0	  100.0	    0.0	    0.0	    0.0	    0.0	    0.0	   68.5	  1	  650.0	 2050.0	    0.0	    0.0	    0.0	1	  299.8	 21	    0.0	    5.0	
 1819	  51.97	   10.2	 1501.4	    0.0	    0.0	    0.0	    0.0	    0.0	    0.0	    0.0	    0.0	    0.0	  100.0	    0.0	    0.0	    0.0	    0.0	    0.0	   68.6	  1	  650.0	 2050.0	    0.0	    0.0	    0.0	1	  299.8	 21	    0.0	    5.0	
 1820	  52.00	   10.2	 1501.4	    0.0	    0.0	    0.0	    0.0	    0.0	    0.0	    0.0	    0.0	    0.0	  100.0	    0.0	    0.0	    0.0	    0.0	    0.0	   68.6	  1	  650.0	 2050.0	    0.0	    0.0	    0.0	1	  299.8	 21	    0.0	    5.0	
 1821	  52.03	   10.2	 1501.4	    0.0	    0.0	    0.0	    0.0	    0.0	    0.0	    0.0	    0.0	    0.0	  100.0	    0.0	    0.0	    0.0	    0.0	    0.0	   68.7	  1	  650.0	 2050.0	    0.0	    0.0	    0.0	1	  299.8	 21	    0.0	    5.0	
 1822	  52.06	   10.2	 1501.4	    0.0	    0.0	    0.0	    0.0	    0.0	    0.0	    0.0	    0.0	    0.0	  100.0	    0.0	    0.0	    0.0	    0.0	    0.0	   68.7	  1	  650.0	 2050.0	    0.0	    0.0	    0.0	1	  299.8	 21	    0.0	    5.0	
 1823	  52.09	   10.2	 1501.4	    0.0	    0.0	    0.0	    0.0	    0.0	    0.0	    0.0	    0.0	    0.0	  100.0	    0.0	    0.0	    0.0	    0.0	    0.0	   68.7	  1	  650.0	 2050.0	    0.0	    0.0	    0.0	1	  299.8	 21	    0.0	    5.0	
 1824	  52.12	   10.2	 1501.4	    0.0	    0.0	    0.0	    0.0	    0.0	    0.0	    0.0	    0.0	    0.0	  100.0	    0.0	    0.0	    0.0	    0.0	    0.0	   68.8	  1	  650.0	 2050.0	    0.0	    0.0	    0.0	1	  299.8	 21	    0.0	    5.0	
 1825	  52.14	   10.2	 1501.4	    0.0	    0.0	    0.0	    0.0	    0.0	    0.0	    0.0	    0.0	    0.0	  100.0	    0.0	    0.0	    0.0	    0.0	    0.0	   68.8	  1	  650.0	 2050.0	    0.0	    0.0	    0.0	1	  299.8	 21	    0.0	    5.0	
 1826	  52.17	   10.2	 1501.4	    0.0	    0.0	    0.0	    0.0	    0.0	    0.0	    0.0	    0.0	    0.0	  100.0	    0.0	    0.0	    0.0	    0.0	    0.0	   68.8	  1	  650.0	 2050.0	    0.0	    0.0	    0.0	1	  299.8	 21	    0.0	    5.0	
 1827	  52.20	   10.2	 1501.4	    0.0	    0.0	    0.0	    0.0	    0.0	    0.0	    0.0	    0.0	    0.0	  100.0	    0.0	    0.0	    0.0	    0.0	    0.0	   68.9	  1	  650.0	 2050.0	    0.0	    0.0	    0.0	1	  299.8	 21	    0.0	    5.0	
 1828	  52.23	   10.2	 1501.4	    0.0	    0.0	    0.0	    0.0	    0.0	    0.0	    0.0	    0.0	    0.0	  100.0	    0.0	    0.0	    0.0	    0.0	    0.0	   68.9	  1	  650.0	 2050.0	    0.0	    0.0	    0.0	1	  299.8	 21	    0.0	    5.0	
 1829	  52.26	   10.2	 1501.4	    0.0	    0.0	    0.0	    0.0	    0.0	    0.0	    0.0	    0.0	    0.0	  100.0	    0.0	    0.0	    0.0	    0.0	    0.0	   69.0	  1	  650.0	 2050.0	    0.0	    0.0	    0.0	1	  299.8	 21	    0.0	    5.0	
 1830	  52.29	   10.2	 1501.4	    0.0	    0.0	    0.0	    0.0	    0.0	    0.0	    0.0	    0.0	    0.0	  100.0	    0.0	    0.0	    0.0	    0.0	    0.0	   69.0	  1	  650.0	 2050.0	    0.0	    0.0	    0.0	1	  299.8	 21	    0.0	    5.0	
 1831	  52.31	   10.2	 1501.4	    0.0	    0.0	    0.0	    0.0	    0.0	    0.0	    0.0	    0.0	    0.0	  100.0	    0.0	    0.0	    0.0	    0.0	    0.0	   69.0	  1	  650.0	 2050.0	    0.0	    0.0	    0.0	1	  299.8	 21	    0.0	    5.0	
 1832	  52.34	   10.2	 1501.4	    0.0	    0.0	    0.0	    0.0	    0.0	    0.0	    0.0	    0.0	    0.0	  100.0	    0.0	    0.0	    0.0	    0.0	    0.0	   69.1	  1	  650.0	 2050.0	    0.0	    0.0	    0.0	1	  299.8	 21	    0.0	    5.0	
 1833	  52.37	   10.2	 1501.4	    0.0	    0.0	    0.0	    0.0	    0.0	    0.0	    0.0	    0.0	    0.0	  100.0	    0.0	    0.0	    0.0	    0.0	    0.0	   69.1	  1	  650.0	 2050.0	    0.0	    0.0	    0.0	1	  299.8	 21	    0.0	    5.0	
 1834	  52.40	   10.2	 1501.4	    0.0	    0.0	    0.0	    0.0	    0.0	    0.0	    0.0	    0.0	    0.0	  100.0	    0.0	    0.0	    0.0	    0.0	    0.0	   69.1	  1	  650.0	 2050.0	    0.0	    0.0	    0.0	1	  299.8	 21	    0.0	    5.0	
 1835	  52.43	   10.2	 1501.4	    0.0	    0.0	    0.0	    0.0	    0.0	    0.0	    0.0	    0.0	    0.0	  100.0	    0.0	    0.0	    0.0	    0.0	    0.0	   69.2	  1	  650.0	 2050.0	    0.0	    0.0	    0.0	1	  299.8	 21	    0.0	    5.0	
 1836	  52.46	   10.2	 1501.4	    0.0	    0.0	    0.0	    0.0	    0.0	    0.0	    0.0	    0.0	    0.0	  100.0	    0.0	    0.0	    0.0	    0.0	    0.0	   69.2	  1	  650.0	 2050.0	    0.0	    0.0	    0.0	1	  299.8	 21	    0.0	    5.0	
 1837	  52.49	   10.2	 1501.4	    0.0	    0.0	    0.0	    0.0	    0.0	    0.0	    0.0	    0.0	    0.0	  100.0	    0.0	    0.0	    0.0	    0.0	    0.0	   69.2	  1	  650.0	 2050.0	    0.0	    0.0	    0.0	1	  299.8	 21	    0.0	    5.0	
 1838	  52.52	   10.2	 1501.4	    0.0	    0.0	    0.0	    0.0	    0.0	    0.0	    0.0	    0.0	    0.0	  100.0	    0.0	    0.0	    0.0	    0.0	    0.0	   69.3	  1	  650.0	 2050.0	    0.0	    0.0	    0.0	1	  299.8	 21	    0.0	    5.0	
 1839	  52.54	   10.2	 1501.4	    0.0	    0.0	    0.0	    0.0	    0.0	    0.0	    0.0	    0.0	    0.0	  100.0	    0.0	    0.0	    0.0	    0.0	    0.0	   69.3	  1	  650.0	 2050.0	    0.0	    0.0	    0.0	1	  299.8	 21	    0.0	    5.0	
 1840	  52.57	   10.2	 1501.4	    0.0	    0.0	    0.0	    0.0	    0.0	    0.0	    0.0	    0.0	    0.0	  100.0	    0.0	    0.0	    0.0	    0.0	    0.0	   69.4	  1	  650.0	 2050.0	    0.0	    0.0	    0.0	1	  299.8	 21	    0.0	    5.0	
 1841	  52.60	   10.2	 1501.4	    0.0	    0.0	    0.0	    0.0	    0.0	    0.0	    0.0	    0.0	    0.0	  100.0	    0.0	    0.0	    0.0	    0.0	    0.0	   69.4	  1	  650.0	 2050.0	    0.0	    0.0	    0.0	1	  299.8	 21	    0.0	    5.0	
 1842	  52.63	   10.2	 1501.4	    0.0	    0.0	    0.0	    0.0	    0.0	    0.0	    0.0	    0.0	    0.0	  100.0	    0.0	    0.0	    0.0	    0.0	    0.0	   69.4	  1	  650.0	 2050.0	    0.0	    0.0	    0.0	1	  299.8	 21	    0.0	    5.0	
 1843	  52.66	   10.2	 1501.4	    0.0	    0.0	    0.0	    0.0	    0.0	    0.0	    0.0	    0.0	    0.0	  100.0	    0.0	    0.0	    0.0	    0.0	    0.0	   69.5	  1	  650.0	 2050.0	    0.0	    0.0	    0.0	1	  299.8	 21	    0.0	    5.0	
 1844	  52.69	   10.2	 1501.4	    0.0	    0.0	    0.0	    0.0	    0.0	    0.0	    0.0	    0.0	    0.0	  100.0	    0.0	    0.0	    0.0	    0.0	    0.0	   69.5	  1	  650.0	 2050.0	    0.0	    0.0	    0.0	1	  299.8	 21	    0.0	    5.0	
 1845	  52.72	   10.2	 1501.4	    0.0	    0.0	    0.0	    0.0	    0.0	    0.0	    0.0	    0.0	    0.0	  100.0	    0.0	    0.0	    0.0	    0.0	    0.0	   69.5	  1	  650.0	 2050.0	    0.0	    0.0	    0.0	1	  299.8	 21	    0.0	    5.0	
 1846	  52.74	   10.2	 1501.4	    0.0	    0.0	    0.0	    0.0	    0.0	    0.0	    0.0	    0.0	    0.0	  100.0	    0.0	    0.0	    0.0	    0.0	    0.0	   69.6	  1	  650.0	 2050.0	    0.0	    0.0	    0.0	1	  299.8	 21	    0.0	    5.0	
 1847	  52.77	   10.2	 1501.4	    0.0	    0.0	    0.0	    0.0	    0.0	    0.0	    0.0	    0.0	    0.0	  100.0	    0.0	    0.0	    0.0	    0.0	    0.0	   69.6	  1	  650.0	 2050.0	    0.0	    0.0	    0.0	1	  299.8	 21	    0.0	    5.0	
 1848	  52.80	   10.2	 1501.4	    0.0	    0.0	    0.0	    0.0	    0.0	    0.0	    0.0	    0.0	    0.0	  100.0	    0.0	    0.0	    0.0	    0.0	    0.0	   69.7	  1	  650.0	 2050.0	    0.0	    0.0	    0.0	1	  299.8	 21	    0.0	    5.0	
 1849	  52.83	   10.2	 1501.4	    0.0	    0.0	    0.0	    0.0	    0.0	    0.0	    0.0	    0.0	    0.0	  100.0	    0.0	    0.0	    0.0	    0.0	    0.0	   69.7	  1	  650.0	 2050.0	    0.0	    0.0	    0.0	1	  299.8	 21	    0.0	    5.0	
 1850	  52.86	   10.2	 1501.4	    0.0	    0.0	    0.0	    0.0	    0.0	    0.0	    0.0	    0.0	    0.0	  100.0	    0.0	    0.0	    0.0	    0.0	    0.0	   69.7	  1	  650.0	 2050.0	    0.0	    0.0	    0.0	1	  299.8	 21	    0.0	    5.0	
 1851	  52.89	   11.4	 1501.5	    0.0	    0.0	    0.0	    0.0	    0.0	    0.0	    0.0	    0.0	    0.0	  100.0	    0.0	    0.0	    0.0	    0.0	    0.0	   69.8	  1	  650.0	 2050.0	    0.0	    0.0	    0.0	1	  299.8	 21	    0.0	    5.0	
 1852	  52.91	   11.4	 1501.5	    0.0	    0.0	    0.0	    0.0	    0.0	    0.0	    0.0	    0.0	    0.0	  100.0	    0.0	    0.0	    0.0	    0.0	    0.0	   69.8	  1	  650.0	 2050.0	    0.0	    0.0	    0.0	1	  299.8	 21	    0.0	    5.0	
 1853	  52.94	   11.4	 1501.5	    0.0	    0.0	    0.0	    0.0	    0.0	    0.0	    0.0	    0.0	    0.0	  100.0	    0.0	    0.0	    0.0	    0.0	    0.0	   69.8	  1	  650.0	 2050.0	    0.0	    0.0	    0.0	1	  299.8	 21	    0.0	    5.0	
 1854	  52.97	   11.4	 1501.5	    0.0	    0.0	    0.0	    0.0	    0.0	    0.0	    0.0	    0.0	    0.0	  100.0	    0.0	    0.0	    0.0	    0.0	    0.0	   69.9	  1	  650.0	 2050.0	    0.0	    0.0	    0.0	1	  299.8	 21	    0.0	    5.0	
 1855	  53.00	   11.4	 1501.5	    0.0	    0.0	    0.0	    0.0	    0.0	    0.0	    0.0	    0.0	    0.0	  100.0	    0.0	    0.0	    0.0	    0.0	    0.0	   69.9	  1	  650.0	 2050.0	    0.0	    0.0	    0.0	1	  299.8	 21	    0.0	    5.0	
 1856	  53.03	   11.4	 1501.5	    0.0	    0.0	    0.0	    0.0	    0.0	    0.0	    0.0	    0.0	    0.0	  100.0	    0.0	    0.0	    0.0	    0.0	    0.0	   69.9	  1	  650.0	 2050.0	    0.0	    0.0	    0.0	1	  299.8	 21	    0.0	    5.0	
 1857	  53.06	   11.4	 1501.5	    0.0	    0.0	    0.0	    0.0	    0.0	    0.0	    0.0	    0.0	    0.0	  100.0	    0.0	    0.0	    0.0	    0.0	    0.0	   70.0	  1	  650.0	 2050.0	    0.0	    0.0	    0.0	1	  299.8	 21	    0.0	    5.0	
 1858	  53.09	   11.4	 1501.5	    0.0	    0.0	    0.0	    0.0	    0.0	    0.0	    0.0	    0.0	    0.0	  100.0	    0.0	    0.0	    0.0	    0.0	    0.0	   70.0	  1	  650.0	 2050.0	    0.0	    0.0	    0.0	1	  299.8	 21	    0.0	    5.0	
 1859	  53.12	   11.4	 1501.5	    0.0	    0.0	    0.0	    0.0	    0.0	    0.0	    0.0	    0.0	    0.0	  100.0	    0.0	    0.0	    0.0	    0.0	    0.0	   70.1	  1	  650.0	 2050.0	    0.0	    0.0	    0.0	1	  299.8	 21	    0.0	    5.0	
 1860	  53.14	   11.4	 1501.5	    0.0	    0.0	    0.0	    0.0	    0.0	    0.0	    0.0	    0.0	    0.0	  100.0	    0.0	    0.0	    0.0	    0.0	    0.0	   70.1	  1	  650.0	 2050.0	    0.0	    0.0	    0.0	1	  299.8	 21	    0.0	    5.0	
 1861	  53.17	   11.4	 1501.5	    0.0	    0.0	    0.0	    0.0	    0.0	    0.0	    0.0	    0.0	    0.0	  100.0	    0.0	    0.0	    0.0	    0.0	    0.0	   70.1	  1	  650.0	 2050.0	    0.0	    0.0	    0.0	1	  299.8	 21	    0.0	    5.0	
 1862	  53.20	   11.4	 1501.5	    0.0	    0.0	    0.0	    0.0	    0.0	    0.0	    0.0	    0.0	    0.0	  100.0	    0.0	    0.0	    0.0	    0.0	    0.0	   70.2	  1	  650.0	 2050.0	    0.0	    0.0	    0.0	1	  299.8	 21	    0.0	    5.0	
 1863	  53.23	   11.4	 1501.5	    0.0	    0.0	    0.0	    0.0	    0.0	    0.0	    0.0	    0.0	    0.0	  100.0	    0.0	    0.0	    0.0	    0.0	    0.0	   70.2	  1	  650.0	 2050.0	    0.0	    0.0	    0.0	1	  299.8	 21	    0.0	    5.0	
 1864	  53.26	   11.4	 1501.5	    0.0	    0.0	    0.0	    0.0	    0.0	    0.0	    0.0	    0.0	    0.0	  100.0	    0.0	    0.0	    0.0	    0.0	    0.0	   70.2	  1	  650.0	 2050.0	    0.0	    0.0	    0.0	1	  299.8	 21	    0.0	    5.0	
 1865	  53.29	   11.4	 1501.5	    0.0	    0.0	    0.0	    0.0	    0.0	    0.0	    0.0	    0.0	    0.0	  100.0	    0.0	    0.0	    0.0	    0.0	    0.0	   70.3	  1	  650.0	 2050.0	    0.0	    0.0	    0.0	1	  299.8	 21	    0.0	    5.0	
 1866	  53.31	   11.4	 1501.5	    0.0	    0.0	    0.0	    0.0	    0.0	    0.0	    0.0	    0.0	    0.0	  100.0	    0.0	    0.0	    0.0	    0.0	    0.0	   70.3	  1	  650.0	 2050.0	    0.0	    0.0	    0.0	1	  299.8	 21	    0.0	    5.0	
 1867	  53.34	   11.4	 1501.5	    0.0	    0.0	    0.0	    0.0	    0.0	    0.0	    0.0	    0.0	    0.0	  100.0	    0.0	    0.0	    0.0	    0.0	    0.0	   70.3	  1	  650.0	 2050.0	    0.0	    0.0	    0.0	1	  299.8	 21	    0.0	    5.0	
 1868	  53.37	   11.4	 1501.5	    0.0	    0.0	    0.0	    0.0	    0.0	    0.0	    0.0	    0.0	    0.0	  100.0	    0.0	    0.0	    0.0	    0.0	    0.0	   70.4	  1	  650.0	 2050.0	    0.0	    0.0	    0.0	1	  299.8	 21	    0.0	    5.0	
 1869	  53.40	   11.4	 1501.5	    0.0	    0.0	    0.0	    0.0	    0.0	    0.0	    0.0	    0.0	    0.0	  100.0	    0.0	    0.0	    0.0	    0.0	    0.0	   70.4	  1	  650.0	 2050.0	    0.0	    0.0	    0.0	1	  299.8	 21	    0.0	    5.0	
 1870	  53.43	   11.4	 1501.5	    0.0	    0.0	    0.0	    0.0	    0.0	    0.0	    0.0	    0.0	    0.0	  100.0	    0.0	    0.0	    0.0	    0.0	    0.0	   70.5	  1	  650.0	 2050.0	    0.0	    0.0	    0.0	1	  299.8	 21	    0.0	    5.0	
 1871	  53.46	   11.4	 1501.5	    0.0	    0.0	    0.0	    0.0	    0.0	    0.0	    0.0	    0.0	    0.0	  100.0	    0.0	    0.0	    0.0	    0.0	    0.0	   70.5	  1	  650.0	 2050.0	    0.0	    0.0	    0.0	1	  299.8	 21	    0.0	    5.0	
 1872	  53.49	   11.4	 1501.5	    0.0	    0.0	    0.0	    0.0	    0.0	    0.0	    0.0	    0.0	    0.0	  100.0	    0.0	    0.0	    0.0	    0.0	    0.0	   70.5	  1	  650.0	 2050.0	    0.0	    0.0	    0.0	1	  299.8	 21	    0.0	    5.0	
 1873	  53.52	   11.4	 1501.5	    0.0	    0.0	    0.0	    0.0	    0.0	    0.0	    0.0	    0.0	    0.0	  100.0	    0.0	    0.0	    0.0	    0.0	    0.0	   70.6	  1	  650.0	 2050.0	    0.0	    0.0	    0.0	1	  299.8	 21	    0.0	    5.0	
 1874	  53.54	   11.4	 1501.5	    0.0	    0.0	    0.0	    0.0	    0.0	    0.0	    0.0	    0.0	    0.0	  100.0	    0.0	    0.0	    0.0	    0.0	    0.0	   70.6	  1	  650.0	 2050.0	    0.0	    0.0	    0.0	1	  299.8	 21	    0.0	    5.0	
 1875	  53.57	   11.4	 1501.5	    0.0	    0.0	    0.0	    0.0	    0.0	    0.0	    0.0	    0.0	    0.0	  100.0	    0.0	    0.0	    0.0	    0.0	    0.0	   70.6	  1	  650.0	 2050.0	    0.0	    0.0	    0.0	1	  299.8	 21	    0.0	    5.0	
 1876	  53.60	   11.4	 1501.5	    0.0	    0.0	    0.0	    0.0	    0.0	    0.0	    0.0	    0.0	    0.0	  100.0	    0.0	    0.0	    0.0	    0.0	    0.0	   70.7	  1	  650.0	 2050.0	    0.0	    0.0	    0.0	1	  299.8	 21	    0.0	    5.0	
 1877	  53.63	   11.4	 1501.5	    0.0	    0.0	    0.0	    0.0	    0.0	    0.0	    0.0	    0.0	    0.0	  100.0	    0.0	    0.0	    0.0	    0.0	    0.0	   70.7	  1	  650.0	 2050.0	    0.0	    0.0	    0.0	1	  299.8	 21	    0.0	    5.0	
 1878	  53.66	   11.4	 1501.5	    0.0	    0.0	    0.0	    0.0	    0.0	    0.0	    0.0	    0.0	    0.0	  100.0	    0.0	    0.0	    0.0	    0.0	    0.0	   70.8	  1	  650.0	 2050.0	    0.0	    0.0	    0.0	1	  299.8	 21	    0.0	    5.0	
 1879	  53.69	   11.4	 1501.5	    0.0	    0.0	    0.0	    0.0	    0.0	    0.0	    0.0	    0.0	    0.0	  100.0	    0.0	    0.0	    0.0	    0.0	    0.0	   70.8	  1	  650.0	 2050.0	    0.0	    0.0	    0.0	1	  299.8	 21	    0.0	    5.0	
 1880	  53.72	   11.4	 1501.5	    0.0	    0.0	    0.0	    0.0	    0.0	    0.0	    0.0	    0.0	    0.0	  100.0	    0.0	    0.0	    0.0	    0.0	    0.0	   70.8	  1	  650.0	 2050.0	    0.0	    0.0	    0.0	1	  299.8	 21	    0.0	    5.0	
 1881	  53.74	   11.4	 1501.5	    0.0	    0.0	    0.0	    0.0	    0.0	    0.0	    0.0	    0.0	    0.0	  100.0	    0.0	    0.0	    0.0	    0.0	    0.0	   70.9	  1	  650.0	 2050.0	    0.0	    0.0	    0.0	1	  299.8	 21	    0.0	    5.0	
 1882	  53.77	   11.4	 1501.5	    0.0	    0.0	    0.0	    0.0	    0.0	    0.0	    0.0	    0.0	    0.0	  100.0	    0.0	    0.0	    0.0	    0.0	    0.0	   70.9	  1	  650.0	 2050.0	    0.0	    0.0	    0.0	1	  299.8	 21	    0.0	    5.0	
 1883	  53.80	   10.8	 1501.2	    0.0	    0.0	    0.0	    0.0	    0.0	    0.0	    0.0	    0.0	    0.0	  100.0	    0.0	    0.0	    0.0	    0.0	    0.0	   70.9	  1	  650.0	 2050.0	    0.0	    0.0	    0.0	1	  299.8	 21	    0.0	    5.0	
 1884	  53.83	   10.8	 1501.2	    0.0	    0.0	    0.0	    0.0	    0.0	    0.0	    0.0	    0.0	    0.0	  100.0	    0.0	    0.0	    0.0	    0.0	    0.0	   71.0	  1	  650.0	 2050.0	    0.0	    0.0	    0.0	1	  299.8	 21	    0.0	    5.0	
 1885	  53.86	   10.8	 1501.2	    0.0	    0.0	    0.0	    0.0	    0.0	    0.0	    0.0	    0.0	    0.0	  100.0	    0.0	    0.0	    0.0	    0.0	    0.0	   71.0	  1	  650.0	 2050.0	    0.0	    0.0	    0.0	1	  299.8	 21	    0.0	    5.0	
 1886	  53.89	   10.8	 1501.2	    0.0	    0.0	    0.0	    0.0	    0.0	    0.0	    0.0	    0.0	    0.0	  100.0	    0.0	    0.0	    0.0	    0.0	    0.0	   71.0	  1	  650.0	 2050.0	    0.0	    0.0	    0.0	1	  299.8	 21	    0.0	    5.0	
 1887	  53.91	   10.8	 1501.2	    0.0	    0.0	    0.0	    0.0	    0.0	    0.0	    0.0	    0.0	    0.0	  100.0	    0.0	    0.0	    0.0	    0.0	    0.0	   71.1	  1	  650.0	 2050.0	    0.0	    0.0	    0.0	1	  299.8	 21	    0.0	    5.0	
 1888	  53.94	   10.8	 1501.2	    0.0	    0.0	    0.0	    0.0	    0.0	    0.0	    0.0	    0.0	    0.0	  100.0	    0.0	    0.0	    0.0	    0.0	    0.0	   71.1	  1	  650.0	 2050.0	    0.0	    0.0	    0.0	1	  299.8	 21	    0.0	    5.0	
 1889	  53.97	   10.8	 1501.2	    0.0	    0.0	    0.0	    0.0	    0.0	    0.0	    0.0	    0.0	    0.0	  100.0	    0.0	    0.0	    0.0	    0.0	    0.0	   71.2	  1	  650.0	 2050.0	    0.0	    0.0	    0.0	1	  299.8	 21	    0.0	    5.0	
 1890	  54.00	   10.8	 1501.2	    0.0	    0.0	    0.0	    0.0	    0.0	    0.0	    0.0	    0.0	    0.0	  100.0	    0.0	    0.0	    0.0	    0.0	    0.0	   71.2	  1	  650.0	 2050.0	    0.0	    0.0	    0.0	1	  299.8	 21	    0.0	    5.0	
 1891	  54.03	   10.8	 1501.2	    0.0	    0.0	    0.0	    0.0	    0.0	    0.0	    0.0	    0.0	    0.0	  100.0	    0.0	    0.0	    0.0	    0.0	    0.0	   71.2	  1	  650.0	 2050.0	    0.0	    0.0	    0.0	1	  299.8	 21	    0.0	    5.0	
 1892	  54.06	   10.8	 1501.2	    0.0	    0.0	    0.0	    0.0	    0.0	    0.0	    0.0	    0.0	    0.0	  100.0	    0.0	    0.0	    0.0	    0.0	    0.0	   71.3	  1	  650.0	 2050.0	    0.0	    0.0	    0.0	1	  299.8	 21	    0.0	    5.0	
 1893	  54.09	   10.8	 1501.2	    0.0	    0.0	    0.0	    0.0	    0.0	    0.0	    0.0	    0.0	    0.0	  100.0	    0.0	    0.0	    0.0	    0.0	    0.0	   71.3	  1	  650.0	 2050.0	    0.0	    0.0	    0.0	1	  299.8	 21	    0.0	    5.0	
 1894	  54.12	   10.8	 1501.2	    0.0	    0.0	    0.0	    0.0	    0.0	    0.0	    0.0	    0.0	    0.0	  100.0	    0.0	    0.0	    0.0	    0.0	    0.0	   71.3	  1	  650.0	 2050.0	    0.0	    0.0	    0.0	1	  299.8	 21	    0.0	    5.0	
 1895	  54.14	   10.8	 1501.2	    0.0	    0.0	    0.0	    0.0	    0.0	    0.0	    0.0	    0.0	    0.0	  100.0	    0.0	    0.0	    0.0	    0.0	    0.0	   71.4	  1	  650.0	 2050.0	    0.0	    0.0	    0.0	1	  299.8	 21	    0.0	    5.0	
 1896	  54.17	   10.8	 1501.2	    0.0	    0.0	    0.0	    0.0	    0.0	    0.0	    0.0	    0.0	    0.0	  100.0	    0.0	    0.0	    0.0	    0.0	    0.0	   71.4	  1	  650.0	 2050.0	    0.0	    0.0	    0.0	1	  299.8	 21	    0.0	    5.0	
 1897	  54.20	   10.8	 1501.2	    0.0	    0.0	    0.0	    0.0	    0.0	    0.0	    0.0	    0.0	    0.0	  100.0	    0.0	    0.0	    0.0	    0.0	    0.0	   71.5	  1	  650.0	 2050.0	    0.0	    0.0	    0.0	1	  299.8	 21	    0.0	    5.0	
 1898	  54.23	   10.8	 1501.2	    0.0	    0.0	    0.0	    0.0	    0.0	    0.0	    0.0	    0.0	    0.0	  100.0	    0.0	    0.0	    0.0	    0.0	    0.0	   71.5	  1	  650.0	 2050.0	    0.0	    0.0	    0.0	1	  299.8	 21	    0.0	    5.0	
 1899	  54.26	   10.8	 1501.2	    0.0	    0.0	    0.0	    0.0	    0.0	    0.0	    0.0	    0.0	    0.0	  100.0	    0.0	    0.0	    0.0	    0.0	    0.0	   71.5	  1	  650.0	 2050.0	    0.0	    0.0	    0.0	1	  299.8	 21	    0.0	    5.0	
 1900	  54.29	   10.8	 1501.2	    0.0	    0.0	    0.0	    0.0	    0.0	    0.0	    0.0	    0.0	    0.0	  100.0	    0.0	    0.0	    0.0	    0.0	    0.0	   71.6	  1	  650.0	 2050.0	    0.0	    0.0	    0.0	1	  299.8	 21	    0.0	    5.0	
 1901	  54.31	   10.8	 1501.2	    0.0	    0.0	    0.0	    0.0	    0.0	    0.0	    0.0	    0.0	    0.0	  100.0	    0.0	    0.0	    0.0	    0.0	    0.0	   71.6	  1	  650.0	 2050.0	    0.0	    0.0	    0.0	1	  299.8	 21	    0.0	    5.0	
 1902	  54.34	   10.8	 1501.2	    0.0	    0.0	    0.0	    0.0	    0.0	    0.0	    0.0	    0.0	    0.0	  100.0	    0.0	    0.0	    0.0	    0.0	    0.0	   71.6	  1	  650.0	 2050.0	    0.0	    0.0	    0.0	1	  299.8	 21	    0.0	    5.0	
 1903	  54.37	   10.8	 1501.2	    0.0	    0.0	    0.0	    0.0	    0.0	    0.0	    0.0	    0.0	    0.0	  100.0	    0.0	    0.0	    0.0	    0.0	    0.0	   71.7	  1	  650.0	 2050.0	    0.0	    0.0	    0.0	1	  299.8	 21	    0.0	    5.0	
 1904	  54.40	   10.8	 1501.2	    0.0	    0.0	    0.0	    0.0	    0.0	    0.0	    0.0	    0.0	    0.0	  100.0	    0.0	    0.0	    0.0	    0.0	    0.0	   71.7	  1	  650.0	 2050.0	    0.0	    0.0	    0.0	1	  299.8	 21	    0.0	    5.0	
 1905	  54.43	   10.8	 1501.2	    0.0	    0.0	    0.0	    0.0	    0.0	    0.0	    0.0	    0.0	    0.0	  100.0	    0.0	    0.0	    0.0	    0.0	    0.0	   71.7	  1	  650.0	 2050.0	    0.0	    0.0	    0.0	1	  299.8	 21	    0.0	    5.0	
 1906	  54.46	   10.8	 1501.2	    0.0	    0.0	    0.0	    0.0	    0.0	    0.0	    0.0	    0.0	    0.0	  100.0	    0.0	    0.0	    0.0	    0.0	    0.0	   71.8	  1	  650.0	 2050.0	    0.0	    0.0	    0.0	1	  299.8	 21	    0.0	    5.0	
 1907	  54.49	   10.8	 1501.2	    0.0	    0.0	    0.0	    0.0	    0.0	    0.0	    0.0	    0.0	    0.0	  100.0	    0.0	    0.0	    0.0	    0.0	    0.0	   71.8	  1	  650.0	 2050.0	    0.0	    0.0	    0.0	1	  299.8	 21	    0.0	    5.0	
 1908	  54.52	   10.8	 1501.2	    0.0	    0.0	    0.0	    0.0	    0.0	    0.0	    0.0	    0.0	    0.0	  100.0	    0.0	    0.0	    0.0	    0.0	    0.0	   71.9	  1	  650.0	 2050.0	    0.0	    0.0	    0.0	1	  299.8	 21	    0.0	    5.0	
 1909	  54.54	   10.8	 1501.2	    0.0	    0.0	    0.0	    0.0	    0.0	    0.0	    0.0	    0.0	    0.0	  100.0	    0.0	    0.0	    0.0	    0.0	    0.0	   71.9	  1	  650.0	 2050.0	    0.0	    0.0	    0.0	1	  299.8	 21	    0.0	    5.0	
 1910	  54.57	   10.8	 1501.2	    0.0	    0.0	    0.0	    0.0	    0.0	    0.0	    0.0	    0.0	    0.0	  100.0	    0.0	    0.0	    0.0	    0.0	    0.0	   71.9	  1	  650.0	 2050.0	    0.0	    0.0	    0.0	1	  299.8	 21	    0.0	    5.0	
 1911	  54.60	   10.8	 1501.2	    0.0	    0.0	    0.0	    0.0	    0.0	    0.0	    0.0	    0.0	    0.0	  100.0	    0.0	    0.0	    0.0	    0.0	    0.0	   72.0	  1	  650.0	 2050.0	    0.0	    0.0	    0.0	1	  299.8	 21	    0.0	    5.0	
 1912	  54.63	   10.8	 1501.2	    0.0	    0.0	    0.0	    0.0	    0.0	    0.0	    0.0	    0.0	    0.0	  100.0	    0.0	    0.0	    0.0	    0.0	    0.0	   72.0	  1	  650.0	 2050.0	    0.0	    0.0	    0.0	1	  299.8	 21	    0.0	    5.0	
 1913	  54.66	   10.8	 1501.2	    0.0	    0.0	    0.0	    0.0	    0.0	    0.0	    0.0	    0.0	    0.0	  100.0	    0.0	    0.0	    0.0	    0.0	    0.0	   72.0	  1	  650.0	 2050.0	    0.0	    0.0	    0.0	1	  299.8	 21	    0.0	    5.0	
 1914	  54.69	   11.6	 1501.2	    0.0	    0.0	    0.0	    0.0	    0.0	    0.0	    0.0	    0.0	    0.0	  100.0	    0.0	    0.0	    0.0	    0.0	    0.0	   72.1	  1	  650.0	 2050.0	    0.0	    0.0	    0.0	1	  299.8	 21	    0.0	    5.0	
 1915	  54.72	   11.6	 1501.2	    0.0	    0.0	    0.0	    0.0	    0.0	    0.0	    0.0	    0.0	    0.0	  100.0	    0.0	    0.0	    0.0	    0.0	    0.0	   72.1	  1	  650.0	 2050.0	    0.0	    0.0	    0.0	1	  299.8	 21	    0.0	    5.0	
 1916	  54.74	   11.6	 1501.2	    0.0	    0.0	    0.0	    0.0	    0.0	    0.0	    0.0	    0.0	    0.0	  100.0	    0.0	    0.0	    0.0	    0.0	    0.0	   72.2	  1	  650.0	 2050.0	    0.0	    0.0	    0.0	1	  299.8	 21	    0.0	    5.0	
 1917	  54.77	   11.6	 1501.2	    0.0	    0.0	    0.0	    0.0	    0.0	    0.0	    0.0	    0.0	    0.0	  100.0	    0.0	    0.0	    0.0	    0.0	    0.0	   72.2	  1	  650.0	 2050.0	    0.0	    0.0	    0.0	1	  299.8	 21	    0.0	    5.0	
 1918	  54.80	   11.6	 1501.2	    0.0	    0.0	    0.0	    0.0	    0.0	    0.0	    0.0	    0.0	    0.0	  100.0	    0.0	    0.0	    0.0	    0.0	    0.0	   72.2	  1	  650.0	 2050.0	    0.0	    0.0	    0.0	1	  299.8	 21	    0.0	    5.0	
 1919	  54.83	   11.6	 1501.2	    0.0	    0.0	    0.0	    0.0	    0.0	    0.0	    0.0	    0.0	    0.0	  100.0	    0.0	    0.0	    0.0	    0.0	    0.0	   72.3	  1	  650.0	 2050.0	    0.0	    0.0	    0.0	1	  299.8	 21	    0.0	    5.0	
 1920	  54.86	   11.6	 1501.2	    0.0	    0.0	    0.0	    0.0	    0.0	    0.0	    0.0	    0.0	    0.0	  100.0	    0.0	    0.0	    0.0	    0.0	    0.0	   72.3	  1	  650.0	 2050.0	    0.0	    0.0	    0.0	1	  299.8	 21	    0.0	    5.0	
 1921	  54.89	   11.6	 1501.2	    0.0	    0.0	    0.0	    0.0	    0.0	    0.0	    0.0	    0.0	    0.0	  100.0	    0.0	    0.0	    0.0	    0.0	    0.0	   72.3	  1	  650.0	 2050.0	    0.0	    0.0	    0.0	1	  299.8	 21	    0.0	    5.0	
 1922	  54.91	   11.6	 1501.2	    0.0	    0.0	    0.0	    0.0	    0.0	    0.0	    0.0	    0.0	    0.0	  100.0	    0.0	    0.0	    0.0	    0.0	    0.0	   72.4	  1	  650.0	 2050.0	    0.0	    0.0	    0.0	1	  299.8	 21	    0.0	    5.0	
 1923	  54.94	   11.6	 1501.2	    0.0	    0.0	    0.0	    0.0	    0.0	    0.0	    0.0	    0.0	    0.0	  100.0	    0.0	    0.0	    0.0	    0.0	    0.0	   72.4	  1	  650.0	 2050.0	    0.0	    0.0	    0.0	1	  299.8	 21	    0.0	    5.0	
 1924	  54.97	   11.6	 1501.2	    0.0	    0.0	    0.0	    0.0	    0.0	    0.0	    0.0	    0.0	    0.0	  100.0	    0.0	    0.0	    0.0	    0.0	    0.0	   72.4	  1	  650.0	 2050.0	    0.0	    0.0	    0.0	1	  299.8	 21	    0.0	    5.0	
 1925	  55.00	   11.6	 1501.2	    0.0	    0.0	    0.0	    0.0	    0.0	    0.0	    0.0	    0.0	    0.0	  100.0	    0.0	    0.0	    0.0	    0.0	    0.0	   72.5	  1	  650.0	 2050.0	    0.0	    0.0	    0.0	1	  299.8	 21	    0.0	    5.0	
 1926	  55.03	   11.6	 1501.2	    0.0	    0.0	    0.0	    0.0	    0.0	    0.0	    0.0	    0.0	    0.0	  100.0	    0.0	    0.0	    0.0	    0.0	    0.0	   72.5	  1	  650.0	 2050.0	    0.0	    0.0	    0.0	1	  299.8	 21	    0.0	    5.0	
 1927	  55.06	   11.6	 1501.2	    0.0	    0.0	    0.0	    0.0	    0.0	    0.0	    0.0	    0.0	    0.0	  100.0	    0.0	    0.0	    0.0	    0.0	    0.0	   72.6	  1	  650.0	 2050.0	    0.0	    0.0	    0.0	1	  299.8	 21	    0.0	    5.0	
 1928	  55.09	   11.6	 1501.2	    0.0	    0.0	    0.0	    0.0	    0.0	    0.0	    0.0	    0.0	    0.0	  100.0	    0.0	    0.0	    0.0	    0.0	    0.0	   72.6	  1	  650.0	 2050.0	    0.0	    0.0	    0.0	1	  299.8	 21	    0.0	    5.0	
 1929	  55.12	   11.6	 1501.2	    0.0	    0.0	    0.0	    0.0	    0.0	    0.0	    0.0	    0.0	    0.0	  100.0	    0.0	    0.0	    0.0	    0.0	    0.0	   72.6	  1	  650.0	 2050.0	    0.0	    0.0	    0.0	1	  299.8	 21	    0.0	    5.0	
 1930	  55.14	   11.6	 1501.2	    0.0	    0.0	    0.0	    0.0	    0.0	    0.0	    0.0	    0.0	    0.0	  100.0	    0.0	    0.0	    0.0	    0.0	    0.0	   72.7	  1	  650.0	 2050.0	    0.0	    0.0	    0.0	1	  299.8	 21	    0.0	    5.0	
 1931	  55.17	   11.6	 1501.2	    0.0	    0.0	    0.0	    0.0	    0.0	    0.0	    0.0	    0.0	    0.0	  100.0	    0.0	    0.0	    0.0	    0.0	    0.0	   72.7	  1	  650.0	 2050.0	    0.0	    0.0	    0.0	1	  299.8	 21	    0.0	    5.0	
 1932	  55.20	   11.6	 1501.2	    0.0	    0.0	    0.0	    0.0	    0.0	    0.0	    0.0	    0.0	    0.0	  100.0	    0.0	    0.0	    0.0	    0.0	    0.0	   72.7	  1	  650.0	 2050.0	    0.0	    0.0	    0.0	1	  299.8	 21	    0.0	    5.0	
 1933	  55.23	   11.6	 1501.2	    0.0	    0.0	    0.0	    0.0	    0.0	    0.0	    0.0	    0.0	    0.0	  100.0	    0.0	    0.0	    0.0	    0.0	    0.0	   72.8	  1	  650.0	 2050.0	    0.0	    0.0	    0.0	1	  299.8	 21	    0.0	    5.0	
 1934	  55.26	   11.6	 1501.2	    0.0	    0.0	    0.0	    0.0	    0.0	    0.0	    0.0	    0.0	    0.0	  100.0	    0.0	    0.0	    0.0	    0.0	    0.0	   72.8	  1	  650.0	 2050.0	    0.0	    0.0	    0.0	1	  299.8	 21	    0.0	    5.0	
 1935	  55.29	   11.6	 1501.2	    0.0	    0.0	    0.0	    0.0	    0.0	    0.0	    0.0	    0.0	    0.0	  100.0	    0.0	    0.0	    0.0	    0.0	    0.0	   72.8	  1	  650.0	 2050.0	    0.0	    0.0	    0.0	1	  299.8	 21	    0.0	    5.0	
 1936	  55.31	   11.6	 1501.2	    0.0	    0.0	    0.0	    0.0	    0.0	    0.0	    0.0	    0.0	    0.0	  100.0	    0.0	    0.0	    0.0	    0.0	    0.0	   72.9	  1	  650.0	 2050.0	    0.0	    0.0	    0.0	1	  299.8	 21	    0.0	    5.0	
 1937	  55.34	   11.6	 1501.2	    0.0	    0.0	    0.0	    0.0	    0.0	    0.0	    0.0	    0.0	    0.0	  100.0	    0.0	    0.0	    0.0	    0.0	    0.0	   72.9	  1	  650.0	 2050.0	    0.0	    0.0	    0.0	1	  299.8	 21	    0.0	    5.0	
 1938	  55.37	   11.6	 1501.2	    0.0	    0.0	    0.0	    0.0	    0.0	    0.0	    0.0	    0.0	    0.0	  100.0	    0.0	    0.0	    0.0	    0.0	    0.0	   73.0	  1	  650.0	 2050.0	    0.0	    0.0	    0.0	1	  299.8	 21	    0.0	    5.0	
 1939	  55.40	   11.6	 1501.2	    0.0	    0.0	    0.0	    0.0	    0.0	    0.0	    0.0	    0.0	    0.0	  100.0	    0.0	    0.0	    0.0	    0.0	    0.0	   73.0	  1	  650.0	 2050.0	    0.0	    0.0	    0.0	1	  299.8	 21	    0.0	    5.0	
 1940	  55.43	   11.6	 1501.2	    0.0	    0.0	    0.0	    0.0	    0.0	    0.0	    0.0	    0.0	    0.0	  100.0	    0.0	    0.0	    0.0	    0.0	    0.0	   73.0	  1	  650.0	 2050.0	    0.0	    0.0	    0.0	1	  299.8	 21	    0.0	    5.0	
 1941	  55.46	   11.6	 1501.2	    0.0	    0.0	    0.0	    0.0	    0.0	    0.0	    0.0	    0.0	    0.0	  100.0	    0.0	    0.0	    0.0	    0.0	    0.0	   73.1	  1	  650.0	 2050.0	    0.0	    0.0	    0.0	1	  299.8	 21	    0.0	    5.0	
 1942	  55.49	   11.6	 1501.2	    0.0	    0.0	    0.0	    0.0	    0.0	    0.0	    0.0	    0.0	    0.0	  100.0	    0.0	    0.0	    0.0	    0.0	    0.0	   73.1	  1	  650.0	 2050.0	    0.0	    0.0	    0.0	1	  299.8	 21	    0.0	    5.0	
 1943	  55.52	   11.6	 1501.2	    0.0	    0.0	    0.0	    0.0	    0.0	    0.0	    0.0	    0.0	    0.0	  100.0	    0.0	    0.0	    0.0	    0.0	    0.0	   73.1	  1	  650.0	 2050.0	    0.0	    0.0	    0.0	1	  299.8	 21	    0.0	    5.0	
 1944	  55.54	   11.6	 1501.2	    0.0	    0.0	    0.0	    0.0	    0.0	    0.0	    0.0	    0.0	    0.0	  100.0	    0.0	    0.0	    0.0	    0.0	    0.0	   73.2	  1	  650.0	 2050.0	    0.0	    0.0	    0.0	1	  299.8	 21	    0.0	    5.0	
 1945	  55.57	   11.6	 1501.2	    0.0	    0.0	    0.0	    0.0	    0.0	    0.0	    0.0	    0.0	    0.0	  100.0	    0.0	    0.0	    0.0	    0.0	    0.0	   73.2	  1	  650.0	 2050.0	    0.0	    0.0	    0.0	1	  299.8	 21	    0.0	    5.0	
 1946	  55.60	   11.6	 1501.2	    0.0	    0.0	    0.0	    0.0	    0.0	    0.0	    0.0	    0.0	    0.0	  100.0	    0.0	    0.0	    0.0	    0.0	    0.0	   73.3	  1	  650.0	 2050.0	    0.0	    0.0	    0.0	1	  299.8	 21	    0.0	    5.0	
 1947	  55.63	   11.6	 1501.2	    0.0	    0.0	    0.0	    0.0	    0.0	    0.0	    0.0	    0.0	    0.0	  100.0	    0.0	    0.0	    0.0	    0.0	    0.0	   73.3	  1	  650.0	 2050.0	    0.0	    0.0	    0.0	1	  299.8	 21	    0.0	    5.0	
 1948	  55.66	   11.6	 1501.2	    0.0	    0.0	    0.0	    0.0	    0.0	    0.0	    0.0	    0.0	    0.0	  100.0	    0.0	    0.0	    0.0	    0.0	    0.0	   73.3	  1	  650.0	 2050.0	    0.0	    0.0	    0.0	1	  299.8	 21	    0.0	    5.0	
 1949	  55.69	   11.6	 1501.2	    0.0	    0.0	    0.0	    0.0	    0.0	    0.0	    0.0	    0.0	    0.0	  100.0	    0.0	    0.0	    0.0	    0.0	    0.0	   73.4	  1	  650.0	 2050.0	    0.0	    0.0	    0.0	1	  299.8	 21	    0.0	    5.0	
 1950	  55.72	   11.6	 1501.2	    0.0	    0.0	    0.0	    0.0	    0.0	    0.0	    0.0	    0.0	    0.0	  100.0	    0.0	    0.0	    0.0	    0.0	    0.0	   73.4	  1	  650.0	 2050.0	    0.0	    0.0	    0.0	1	  299.8	 21	    0.0	    5.0	
 1951	  55.74	   11.6	 1501.2	    0.0	    0.0	    0.0	    0.0	    0.0	    0.0	    0.0	    0.0	    0.0	  100.0	    0.0	    0.0	    0.0	    0.0	    0.0	   73.4	  1	  650.0	 2050.0	    0.0	    0.0	    0.0	1	  299.8	 21	    0.0	    5.0	
 1952	  55.77	   11.6	 1501.2	    0.0	    0.0	    0.0	    0.0	    0.0	    0.0	    0.0	    0.0	    0.0	  100.0	    0.0	    0.0	    0.0	    0.0	    0.0	   73.5	  1	  650.0	 2050.0	    0.0	    0.0	    0.0	1	  299.8	 21	    0.0	    5.0	
 1953	  55.80	   11.6	 1501.2	    0.0	    0.0	    0.0	    0.0	    0.0	    0.0	    0.0	    0.0	    0.0	  100.0	    0.0	    0.0	    0.0	    0.0	    0.0	   73.5	  1	  650.0	 2050.0	    0.0	    0.0	    0.0	1	  299.8	 21	    0.0	    5.0	
 1954	  55.83	   11.6	 1501.2	    0.0	    0.0	    0.0	    0.0	    0.0	    0.0	    0.0	    0.0	    0.0	  100.0	    0.0	    0.0	    0.0	    0.0	    0.0	   73.5	  1	  650.0	 2050.0	    0.0	    0.0	    0.0	1	  299.8	 21	    0.0	    5.0	
 1955	  55.86	   11.6	 1501.2	    0.0	    0.0	    0.0	    0.0	    0.0	    0.0	    0.0	    0.0	    0.0	  100.0	    0.0	    0.0	    0.0	    0.0	    0.0	   73.6	  1	  650.0	 2050.0	    0.0	    0.0	    0.0	1	  299.8	 21	    0.0	    5.0	
 1956	  55.89	   11.6	 1501.2	    0.0	    0.0	    0.0	    0.0	    0.0	    0.0	    0.0	    0.0	    0.0	  100.0	    0.0	    0.0	    0.0	    0.0	    0.0	   73.6	  1	  650.0	 2050.0	    0.0	    0.0	    0.0	1	  299.8	 21	    0.0	    5.0	
 1957	  55.91	   11.6	 1501.2	    0.0	    0.0	    0.0	    0.0	    0.0	    0.0	    0.0	    0.0	    0.0	  100.0	    0.0	    0.0	    0.0	    0.0	    0.0	   73.7	  1	  650.0	 2050.0	    0.0	    0.0	    0.0	1	  299.8	 21	    0.0	    5.0	
 1958	  55.94	   11.6	 1501.2	    0.0	    0.0	    0.0	    0.0	    0.0	    0.0	    0.0	    0.0	    0.0	  100.0	    0.0	    0.0	    0.0	    0.0	    0.0	   73.7	  1	  650.0	 2050.0	    0.0	    0.0	    0.0	1	  299.8	 21	    0.0	    5.0	
 1959	  55.97	   11.6	 1501.2	    0.0	    0.0	    0.0	    0.0	    0.0	    0.0	    0.0	    0.0	    0.0	  100.0	    0.0	    0.0	    0.0	    0.0	    0.0	   73.7	  1	  650.0	 2050.0	    0.0	    0.0	    0.0	1	  299.8	 21	    0.0	    5.0	
 1960	  56.00	   11.6	 1501.2	    0.0	    0.0	    0.0	    0.0	    0.0	    0.0	    0.0	    0.0	    0.0	  100.0	    0.0	    0.0	    0.0	    0.0	    0.0	   73.8	  1	  650.0	 2050.0	    0.0	    0.0	    0.0	1	  299.8	 21	    0.0	    5.0	
 1961	  56.03	   11.6	 1501.2	    0.0	    0.0	    0.0	    0.0	    0.0	    0.0	    0.0	    0.0	    0.0	  100.0	    0.0	    0.0	    0.0	    0.0	    0.0	   73.8	  1	  650.0	 2050.0	    0.0	    0.0	    0.0	1	  299.8	 21	    0.0	    5.0	
 1962	  56.06	   11.6	 1501.2	    0.0	    0.0	    0.0	    0.0	    0.0	    0.0	    0.0	    0.0	    0.0	  100.0	    0.0	    0.0	    0.0	    0.0	    0.0	   73.8	  1	  650.0	 2050.0	    0.0	    0.0	    0.0	1	  299.8	 21	    0.0	    5.0	
 1963	  56.09	   11.6	 1501.2	    0.0	    0.0	    0.0	    0.0	    0.0	    0.0	    0.0	    0.0	    0.0	  100.0	    0.0	    0.0	    0.0	    0.0	    0.0	   73.9	  1	  650.0	 2050.0	    0.0	    0.0	    0.0	1	  299.8	 21	    0.0	    5.0	
 1964	  56.12	   11.6	 1501.2	    0.0	    0.0	    0.0	    0.0	    0.0	    0.0	    0.0	    0.0	    0.0	  100.0	    0.0	    0.0	    0.0	    0.0	    0.0	   73.9	  1	  650.0	 2050.0	    0.0	    0.0	    0.0	1	  299.8	 21	    0.0	    5.0	
 1965	  56.14	   11.6	 1501.2	    0.0	    0.0	    0.0	    0.0	    0.0	    0.0	    0.0	    0.0	    0.0	  100.0	    0.0	    0.0	    0.0	    0.0	    0.0	   74.0	  1	  650.0	 2050.0	    0.0	    0.0	    0.0	1	  299.8	 21	    0.0	    5.0	
 1966	  56.17	   11.6	 1501.2	    0.0	    0.0	    0.0	    0.0	    0.0	    0.0	    0.0	    0.0	    0.0	  100.0	    0.0	    0.0	    0.0	    0.0	    0.0	   74.0	  1	  650.0	 2050.0	    0.0	    0.0	    0.0	1	  299.8	 21	    0.0	    5.0	
 1967	  56.20	   11.6	 1501.2	    0.0	    0.0	    0.0	    0.0	    0.0	    0.0	    0.0	    0.0	    0.0	  100.0	    0.0	    0.0	    0.0	    0.0	    0.0	   74.0	  1	  650.0	 2050.0	    0.0	    0.0	    0.0	1	  299.8	 21	    0.0	    5.0	
 1968	  56.23	   11.6	 1501.2	    0.0	    0.0	    0.0	    0.0	    0.0	    0.0	    0.0	    0.0	    0.0	  100.0	    0.0	    0.0	    0.0	    0.0	    0.0	   74.1	  1	  650.0	 2050.0	    0.0	    0.0	    0.0	1	  299.8	 21	    0.0	    5.0	
 1969	  56.26	   11.6	 1501.2	    0.0	    0.0	    0.0	    0.0	    0.0	    0.0	    0.0	    0.0	    0.0	  100.0	    0.0	    0.0	    0.0	    0.0	    0.0	   74.1	  1	  650.0	 2050.0	    0.0	    0.0	    0.0	1	  299.8	 21	    0.0	    5.0	
 1970	  56.29	   11.7	 1501.4	    0.0	    0.0	    0.0	    0.0	    0.0	    0.0	    0.0	    0.0	    0.0	  100.0	    0.0	    0.0	    0.0	    0.0	    0.0	   74.1	  1	  650.0	 2050.0	    0.0	    0.0	    0.0	1	  299.8	 21	    0.0	    5.0	
 1971	  56.31	   11.7	 1501.4	    0.0	    0.0	    0.0	    0.0	    0.0	    0.0	    0.0	    0.0	    0.0	  100.0	    0.0	    0.0	    0.0	    0.0	    0.0	   74.2	  1	  650.0	 2050.0	    0.0	    0.0	    0.0	1	  299.8	 21	    0.0	    5.0	
 1972	  56.34	   11.7	 1501.4	    0.0	    0.0	    0.0	    0.0	    0.0	    0.0	    0.0	    0.0	    0.0	  100.0	    0.0	    0.0	    0.0	    0.0	    0.0	   74.2	  1	  650.0	 2050.0	    0.0	    0.0	    0.0	1	  299.8	 21	    0.0	    5.0	
 1973	  56.37	   11.7	 1501.4	    0.0	    0.0	    0.0	    0.0	    0.0	    0.0	    0.0	    0.0	    0.0	  100.0	    0.0	    0.0	    0.0	    0.0	    0.0	   74.2	  1	  650.0	 2050.0	    0.0	    0.0	    0.0	1	  299.8	 21	    0.0	    5.0	
 1974	  56.40	   11.7	 1501.4	    0.0	    0.0	    0.0	    0.0	    0.0	    0.0	    0.0	    0.0	    0.0	  100.0	    0.0	    0.0	    0.0	    0.0	    0.0	   74.3	  1	  650.0	 2050.0	    0.0	    0.0	    0.0	1	  299.8	 21	    0.0	    5.0	
 1975	  56.43	   11.7	 1501.4	    0.0	    0.0	    0.0	    0.0	    0.0	    0.0	    0.0	    0.0	    0.0	  100.0	    0.0	    0.0	    0.0	    0.0	    0.0	   74.3	  1	  650.0	 2050.0	    0.0	    0.0	    0.0	1	  299.8	 21	    0.0	    5.0	
 1976	  56.46	   11.7	 1501.4	    0.0	    0.0	    0.0	    0.0	    0.0	    0.0	    0.0	    0.0	    0.0	  100.0	    0.0	    0.0	    0.0	    0.0	    0.0	   74.4	  1	  650.0	 2050.0	    0.0	    0.0	    0.0	1	  299.8	 21	    0.0	    5.0	
 1977	  56.49	   11.7	 1501.4	    0.0	    0.0	    0.0	    0.0	    0.0	    0.0	    0.0	    0.0	    0.0	  100.0	    0.0	    0.0	    0.0	    0.0	    0.0	   74.4	  1	  650.0	 2050.0	    0.0	    0.0	    0.0	1	  299.8	 21	    0.0	    5.0	
 1978	  56.52	   11.7	 1501.4	    0.0	    0.0	    0.0	    0.0	    0.0	    0.0	    0.0	    0.0	    0.0	  100.0	    0.0	    0.0	    0.0	    0.0	    0.0	   74.4	  1	  650.0	 2050.0	    0.0	    0.0	    0.0	1	  299.8	 21	    0.0	    5.0	
 1979	  56.54	   11.7	 1501.4	    0.0	    0.0	    0.0	    0.0	    0.0	    0.0	    0.0	    0.0	    0.0	  100.0	    0.0	    0.0	    0.0	    0.0	    0.0	   74.5	  1	  650.0	 2050.0	    0.0	    0.0	    0.0	1	  299.8	 21	    0.0	    5.0	
 1980	  56.57	   11.7	 1501.4	    0.0	    0.0	    0.0	    0.0	    0.0	    0.0	    0.0	    0.0	    0.0	  100.0	    0.0	    0.0	    0.0	    0.0	    0.0	   74.5	  1	  650.0	 2050.0	    0.0	    0.0	    0.0	1	  299.8	 21	    0.0	    5.0	
 1981	  56.60	   12.4	 1501.6	    0.0	    0.0	    0.0	    0.0	    0.0	    0.0	    0.0	    0.0	    0.0	  100.0	    0.0	    0.0	    0.0	    0.0	    0.0	   74.5	  1	  650.0	 2050.0	    0.0	    0.0	    0.0	1	  299.8	 21	    0.0	    5.0	
 1982	  56.63	   12.4	 1501.6	    0.0	    0.0	    0.0	    0.0	    0.0	    0.0	    0.0	    0.0	    0.0	  100.0	    0.0	    0.0	    0.0	    0.0	    0.0	   74.6	  1	  650.0	 2050.0	    0.0	    0.0	    0.0	1	  299.8	 21	    0.0	    5.0	
 1983	  56.66	   12.4	 1501.6	    0.0	    0.0	    0.0	    0.0	    0.0	    0.0	    0.0	    0.0	    0.0	  100.0	    0.0	    0.0	    0.0	    0.0	    0.0	   74.6	  1	  650.0	 2050.0	    0.0	    0.0	    0.0	1	  299.8	 21	    0.0	    5.0	
 1984	  56.69	   12.4	 1501.6	    0.0	    0.0	    0.0	    0.0	    0.0	    0.0	    0.0	    0.0	    0.0	  100.0	    0.0	    0.0	    0.0	    0.0	    0.0	   74.7	  1	  650.0	 2050.0	    0.0	    0.0	    0.0	1	  299.8	 21	    0.0	    5.0	
 1985	  56.72	   12.4	 1501.6	    0.0	    0.0	    0.0	    0.0	    0.0	    0.0	    0.0	    0.0	    0.0	  100.0	    0.0	    0.0	    0.0	    0.0	    0.0	   74.7	  1	  650.0	 2050.0	    0.0	    0.0	    0.0	1	  299.8	 21	    0.0	    5.0	
 1986	  56.74	   12.4	 1501.6	    0.0	    0.0	    0.0	    0.0	    0.0	    0.0	    0.0	    0.0	    0.0	  100.0	    0.0	    0.0	    0.0	    0.0	    0.0	   74.7	  1	  650.0	 2050.0	    0.0	    0.0	    0.0	1	  299.8	 21	    0.0	    5.0	
 1987	  56.77	   12.4	 1501.6	    0.0	    0.0	    0.0	    0.0	    0.0	    0.0	    0.0	    0.0	    0.0	  100.0	    0.0	    0.0	    0.0	    0.0	    0.0	   74.8	  1	  650.0	 2050.0	    0.0	    0.0	    0.0	1	  299.8	 21	    0.0	    5.0	
 1988	  56.80	   12.4	 1501.6	    0.0	    0.0	    0.0	    0.0	    0.0	    0.0	    0.0	    0.0	    0.0	  100.0	    0.0	    0.0	    0.0	    0.0	    0.0	   74.8	  1	  650.0	 2050.0	    0.0	    0.0	    0.0	1	  299.8	 21	    0.0	    5.0	
 1989	  56.83	   12.4	 1501.6	    0.0	    0.0	    0.0	    0.0	    0.0	    0.0	    0.0	    0.0	    0.0	  100.0	    0.0	    0.0	    0.0	    0.0	    0.0	   74.8	  1	  650.0	 2050.0	    0.0	    0.0	    0.0	1	  299.8	 21	    0.0	    5.0	
 1990	  56.86	   12.4	 1501.6	    0.0	    0.0	    0.0	    0.0	    0.0	    0.0	    0.0	    0.0	    0.0	  100.0	    0.0	    0.0	    0.0	    0.0	    0.0	   74.9	  1	  650.0	 2050.0	    0.0	    0.0	    0.0	1	  299.8	 21	    0.0	    5.0	
 1991	  56.89	   12.4	 1501.6	    0.0	    0.0	    0.0	    0.0	    0.0	    0.0	    0.0	    0.0	    0.0	  100.0	    0.0	    0.0	    0.0	    0.0	    0.0	   74.9	  1	  650.0	 2050.0	    0.0	    0.0	    0.0	1	  299.8	 21	    0.0	    5.0	
 1992	  56.91	   12.4	 1501.6	    0.0	    0.0	    0.0	    0.0	    0.0	    0.0	    0.0	    0.0	    0.0	  100.0	    0.0	    0.0	    0.0	    0.0	    0.0	   74.9	  1	  650.0	 2050.0	    0.0	    0.0	    0.0	1	  299.8	 21	    0.0	    5.0	
 1993	  56.94	   12.4	 1501.6	    0.0	    0.0	    0.0	    0.0	    0.0	    0.0	    0.0	    0.0	    0.0	  100.0	    0.0	    0.0	    0.0	    0.0	    0.0	   75.0	  1	  650.0	 2050.0	    0.0	    0.0	    0.0	1	  299.8	 21	    0.0	    5.0	
 1994	  56.97	   12.4	 1501.6	    0.0	    0.0	    0.0	    0.0	    0.0	    0.0	    0.0	    0.0	    0.0	  100.0	    0.0	    0.0	    0.0	    0.0	    0.0	   75.0	  1	  650.0	 2050.0	    0.0	    0.0	    0.0	1	  299.8	 21	    0.0	    5.0	
 1995	  57.00	   12.4	 1501.6	    0.0	    0.0	    0.0	    0.0	    0.0	    0.0	    0.0	    0.0	    0.0	  100.0	    0.0	    0.0	    0.0	    0.0	    0.0	   75.1	  1	  650.0	 2050.0	    0.0	    0.0	    0.0	1	  299.8	 21	    0.0	    5.0	
 1996	  57.03	   12.4	 1501.6	    0.0	    0.0	    0.0	    0.0	    0.0	    0.0	    0.0	    0.0	    0.0	  100.0	    0.0	    0.0	    0.0	    0.0	    0.0	   75.1	  1	  650.0	 2050.0	    0.0	    0.0	    0.0	1	  299.8	 21	    0.0	    5.0	
 1997	  57.06	   12.4	 1501.6	    0.0	    0.0	    0.0	    0.0	    0.0	    0.0	    0.0	    0.0	    0.0	  100.0	    0.0	    0.0	    0.0	    0.0	    0.0	   75.1	  1	  650.0	 2050.0	    0.0	    0.0	    0.0	1	  299.8	 21	    0.0	    5.0	
 1998	  57.09	   12.4	 1501.6	    0.0	    0.0	    0.0	    0.0	    0.0	    0.0	    0.0	    0.0	    0.0	  100.0	    0.0	    0.0	    0.0	    0.0	    0.0	   75.2	  1	  650.0	 2050.0	    0.0	    0.0	    0.0	1	  299.8	 21	    0.0	    5.0	
 1999	  57.12	   12.4	 1501.6	    0.0	    0.0	    0.0	    0.0	    0.0	    0.0	    0.0	    0.0	    0.0	  100.0	    0.0	    0.0	    0.0	    0.0	    0.0	   75.2	  1	  650.0	 2050.0	    0.0	    0.0	    0.0	1	  299.8	 21	    0.0	    5.0	
 2000	  57.14	   12.4	 1501.6	    0.0	    0.0	    0.0	    0.0	    0.0	    0.0	    0.0	    0.0	    0.0	  100.0	    0.0	    0.0	    0.0	    0.0	    0.0	   75.2	  1	  650.0	 2050.0	    0.0	    0.0	    0.0	1	  299.8	 21	    0.0	    5.0	
 2001	  57.17	   12.4	 1501.6	    0.0	    0.0	    0.0	    0.0	    0.0	    0.0	    0.0	    0.0	    0.0	  100.0	    0.0	    0.0	    0.0	    0.0	    0.0	   75.3	  1	  650.0	 2050.0	    0.0	    0.0	    0.0	1	  299.8	 21	    0.0	    5.0	
 2002	  57.20	   12.4	 1501.6	    0.0	    0.0	    0.0	    0.0	    0.0	    0.0	    0.0	    0.0	    0.0	  100.0	    0.0	    0.0	    0.0	    0.0	    0.0	   75.3	  1	  650.0	 2050.0	    0.0	    0.0	    0.0	1	  299.8	 21	    0.0	    5.0	
 2003	  57.23	   12.4	 1501.6	    0.0	    0.0	    0.0	    0.0	    0.0	    0.0	    0.0	    0.0	    0.0	  100.0	    0.0	    0.0	    0.0	    0.0	    0.0	   75.3	  1	  650.0	 2050.0	    0.0	    0.0	    0.0	1	  299.8	 21	    0.0	    5.0	
 2004	  57.26	   12.4	 1501.6	    0.0	    0.0	    0.0	    0.0	    0.0	    0.0	    0.0	    0.0	    0.0	  100.0	    0.0	    0.0	    0.0	    0.0	    0.0	   75.4	  1	  650.0	 2050.0	    0.0	    0.0	    0.0	1	  299.8	 21	    0.0	    5.0	
 2005	  57.29	   12.4	 1501.6	    0.0	    0.0	    0.0	    0.0	    0.0	    0.0	    0.0	    0.0	    0.0	  100.0	    0.0	    0.0	    0.0	    0.0	    0.0	   75.4	  1	  650.0	 2050.0	    0.0	    0.0	    0.0	1	  299.8	 21	    0.0	    5.0	
 2006	  57.31	   12.4	 1501.6	    0.0	    0.0	    0.0	    0.0	    0.0	    0.0	    0.0	    0.0	    0.0	  100.0	    0.0	    0.0	    0.0	    0.0	    0.0	   75.5	  1	  650.0	 2050.0	    0.0	    0.0	    0.0	1	  299.8	 21	    0.0	    5.0	
 2007	  57.34	   12.4	 1501.6	    0.0	    0.0	    0.0	    0.0	    0.0	    0.0	    0.0	    0.0	    0.0	  100.0	    0.0	    0.0	    0.0	    0.0	    0.0	   75.5	  1	  650.0	 2050.0	    0.0	    0.0	    0.0	1	  299.8	 21	    0.0	    5.0	
 2008	  57.37	   12.4	 1501.6	    0.0	    0.0	    0.0	    0.0	    0.0	    0.0	    0.0	    0.0	    0.0	  100.0	    0.0	    0.0	    0.0	    0.0	    0.0	   75.5	  1	  650.0	 2050.0	    0.0	    0.0	    0.0	1	  299.8	 21	    0.0	    5.0	
 2009	  57.40	   12.4	 1501.6	    0.0	    0.0	    0.0	    0.0	    0.0	    0.0	    0.0	    0.0	    0.0	  100.0	    0.0	    0.0	    0.0	    0.0	    0.0	   75.6	  1	  650.0	 2050.0	    0.0	    0.0	    0.0	1	  299.8	 21	    0.0	    5.0	
 2010	  57.43	   12.4	 1501.6	    0.0	    0.0	    0.0	    0.0	    0.0	    0.0	    0.0	    0.0	    0.0	  100.0	    0.0	    0.0	    0.0	    0.0	    0.0	   75.6	  1	  650.0	 2050.0	    0.0	    0.0	    0.0	1	  299.8	 21	    0.0	    5.0	
 2011	  57.46	   12.4	 1501.6	    0.0	    0.0	    0.0	    0.0	    0.0	    0.0	    0.0	    0.0	    0.0	  100.0	    0.0	    0.0	    0.0	    0.0	    0.0	   75.6	  1	  650.0	 2050.0	    0.0	    0.0	    0.0	1	  299.8	 21	    0.0	    5.0	
 2012	  57.49	   12.4	 1501.6	    0.0	    0.0	    0.0	    0.0	    0.0	    0.0	    0.0	    0.0	    0.0	  100.0	    0.0	    0.0	    0.0	    0.0	    0.0	   75.7	  1	  650.0	 2050.0	    0.0	    0.0	    0.0	1	  299.8	 21	    0.0	    5.0	
 2013	  57.52	   12.4	 1501.6	    0.0	    0.0	    0.0	    0.0	    0.0	    0.0	    0.0	    0.0	    0.0	  100.0	    0.0	    0.0	    0.0	    0.0	    0.0	   75.7	  1	  650.0	 2050.0	    0.0	    0.0	    0.0	1	  299.8	 21	    0.0	    5.0	
 2014	  57.54	   12.4	 1501.6	    0.0	    0.0	    0.0	    0.0	    0.0	    0.0	    0.0	    0.0	    0.0	  100.0	    0.0	    0.0	    0.0	    0.0	    0.0	   75.8	  1	  650.0	 2050.0	    0.0	    0.0	    0.0	1	  299.8	 21	    0.0	    5.0	
 2015	  57.57	   12.4	 1501.6	    0.0	    0.0	    0.0	    0.0	    0.0	    0.0	    0.0	    0.0	    0.0	  100.0	    0.0	    0.0	    0.0	    0.0	    0.0	   75.8	  1	  650.0	 2050.0	    0.0	    0.0	    0.0	1	  299.8	 21	    0.0	    5.0	
 2016	  57.60	   12.4	 1501.6	    0.0	    0.0	    0.0	    0.0	    0.0	    0.0	    0.0	    0.0	    0.0	  100.0	    0.0	    0.0	    0.0	    0.0	    0.0	   75.8	  1	  650.0	 2050.0	    0.0	    0.0	    0.0	1	  299.8	 21	    0.0	    5.0	
 2017	  57.63	   12.4	 1501.6	    0.0	    0.0	    0.0	    0.0	    0.0	    0.0	    0.0	    0.0	    0.0	  100.0	    0.0	    0.0	    0.0	    0.0	    0.0	   75.9	  1	  650.0	 2050.0	    0.0	    0.0	    0.0	1	  299.8	 21	    0.0	    5.0	
 2018	  57.66	   12.4	 1501.6	    0.0	    0.0	    0.0	    0.0	    0.0	    0.0	    0.0	    0.0	    0.0	  100.0	    0.0	    0.0	    0.0	    0.0	    0.0	   75.9	  1	  650.0	 2050.0	    0.0	    0.0	    0.0	1	  299.8	 21	    0.0	    5.0	
 2019	  57.69	   12.7	 1501.5	    0.0	    0.0	    0.0	    0.0	    0.0	    0.0	    0.0	    0.0	    0.0	  100.0	    0.0	    0.0	    0.0	    0.0	    0.0	   75.9	  1	  650.0	 2050.0	    0.0	    0.0	    0.0	1	  299.8	 21	    0.0	    5.0	
 2020	  57.72	   12.7	 1501.5	    0.0	    0.0	    0.0	    0.0	    0.0	    0.0	    0.0	    0.0	    0.0	  100.0	    0.0	    0.0	    0.0	    0.0	    0.0	   76.0	  1	  650.0	 2050.0	    0.0	    0.0	    0.0	1	  299.8	 21	    0.0	    5.0	
 2021	  57.74	   12.7	 1501.5	    0.0	    0.0	    0.0	    0.0	    0.0	    0.0	    0.0	    0.0	    0.0	  100.0	    0.0	    0.0	    0.0	    0.0	    0.0	   76.0	  1	  650.0	 2050.0	    0.0	    0.0	    0.0	1	  299.8	 21	    0.0	    5.0	
 2022	  57.77	   12.7	 1501.5	    0.0	    0.0	    0.0	    0.0	    0.0	    0.0	    0.0	    0.0	    0.0	  100.0	    0.0	    0.0	    0.0	    0.0	    0.0	   76.0	  1	  650.0	 2050.0	    0.0	    0.0	    0.0	1	  299.8	 21	    0.0	    5.0	
 2023	  57.80	   12.7	 1501.5	    0.0	    0.0	    0.0	    0.0	    0.0	    0.0	    0.0	    0.0	    0.0	  100.0	    0.0	    0.0	    0.0	    0.0	    0.0	   76.1	  1	  650.0	 2050.0	    0.0	    0.0	    0.0	1	  299.8	 21	    0.0	    5.0	
 2024	  57.83	   12.7	 1501.5	    0.0	    0.0	    0.0	    0.0	    0.0	    0.0	    0.0	    0.0	    0.0	  100.0	    0.0	    0.0	    0.0	    0.0	    0.0	   76.1	  1	  650.0	 2050.0	    0.0	    0.0	    0.0	1	  299.8	 21	    0.0	    5.0	
 2025	  57.86	   12.7	 1501.5	    0.0	    0.0	    0.0	    0.0	    0.0	    0.0	    0.0	    0.0	    0.0	  100.0	    0.0	    0.0	    0.0	    0.0	    0.0	   76.2	  1	  650.0	 2050.0	    0.0	    0.0	    0.0	1	  299.8	 21	    0.0	    5.0	
 2026	  57.89	   12.7	 1501.5	    0.0	    0.0	    0.0	    0.0	    0.0	    0.0	    0.0	    0.0	    0.0	  100.0	    0.0	    0.0	    0.0	    0.0	    0.0	   76.2	  1	  650.0	 2050.0	    0.0	    0.0	    0.0	1	  299.8	 21	    0.0	    5.0	
 2027	  57.91	   12.7	 1501.5	    0.0	    0.0	    0.0	    0.0	    0.0	    0.0	    0.0	    0.0	    0.0	  100.0	    0.0	    0.0	    0.0	    0.0	    0.0	   76.2	  1	  650.0	 2050.0	    0.0	    0.0	    0.0	1	  299.8	 21	    0.0	    5.0	
 2028	  57.94	   12.7	 1501.5	    0.0	    0.0	    0.0	    0.0	    0.0	    0.0	    0.0	    0.0	    0.0	  100.0	    0.0	    0.0	    0.0	    0.0	    0.0	   76.3	  1	  650.0	 2050.0	    0.0	    0.0	    0.0	1	  299.8	 21	    0.0	    5.0	
 2029	  57.97	   12.7	 1501.5	    0.0	    0.0	    0.0	    0.0	    0.0	    0.0	    0.0	    0.0	    0.0	  100.0	    0.0	    0.0	    0.0	    0.0	    0.0	   76.3	  1	  650.0	 2050.0	    0.0	    0.0	    0.0	1	  299.8	 21	    0.0	    5.0	
 2030	  58.00	   12.7	 1501.5	    0.0	    0.0	    0.0	    0.0	    0.0	    0.0	    0.0	    0.0	    0.0	  100.0	    0.0	    0.0	    0.0	    0.0	    0.0	   76.3	  1	  650.0	 2050.0	    0.0	    0.0	    0.0	1	  299.8	 21	    0.0	    5.0	
 2031	  58.03	   12.7	 1501.5	    0.0	    0.0	    0.0	    0.0	    0.0	    0.0	    0.0	    0.0	    0.0	  100.0	    0.0	    0.0	    0.0	    0.0	    0.0	   76.4	  1	  650.0	 2050.0	    0.0	    0.0	    0.0	1	  299.8	 21	    0.0	    5.0	
 2032	  58.06	   12.7	 1501.5	    0.0	    0.0	    0.0	    0.0	    0.0	    0.0	    0.0	    0.0	    0.0	  100.0	    0.0	    0.0	    0.0	    0.0	    0.0	   76.4	  1	  650.0	 2050.0	    0.0	    0.0	    0.0	1	  299.8	 21	    0.0	    5.0	
 2033	  58.09	   12.7	 1501.5	    0.0	    0.0	    0.0	    0.0	    0.0	    0.0	    0.0	    0.0	    0.0	  100.0	    0.0	    0.0	    0.0	    0.0	    0.0	   76.5	  1	  650.0	 2050.0	    0.0	    0.0	    0.0	1	  299.8	 21	    0.0	    5.0	
 2034	  58.12	   12.7	 1501.5	    0.0	    0.0	    0.0	    0.0	    0.0	    0.0	    0.0	    0.0	    0.0	  100.0	    0.0	    0.0	    0.0	    0.0	    0.0	   76.5	  1	  650.0	 2050.0	    0.0	    0.0	    0.0	1	  299.8	 21	    0.0	    5.0	
 2035	  58.14	   12.7	 1501.5	    0.0	    0.0	    0.0	    0.0	    0.0	    0.0	    0.0	    0.0	    0.0	  100.0	    0.0	    0.0	    0.0	    0.0	    0.0	   76.5	  1	  650.0	 2050.0	    0.0	    0.0	    0.0	1	  299.8	 21	    0.0	    5.0	
 2036	  58.17	   12.7	 1501.5	    0.0	    0.0	    0.0	    0.0	    0.0	    0.0	    0.0	    0.0	    0.0	  100.0	    0.0	    0.0	    0.0	    0.0	    0.0	   76.6	  1	  650.0	 2050.0	    0.0	    0.0	    0.0	1	  299.8	 21	    0.0	    5.0	
 2037	  58.20	   12.7	 1501.5	    0.0	    0.0	    0.0	    0.0	    0.0	    0.0	    0.0	    0.0	    0.0	  100.0	    0.0	    0.0	    0.0	    0.0	    0.0	   76.6	  1	  650.0	 2050.0	    0.0	    0.0	    0.0	1	  299.8	 21	    0.0	    5.0	
 2038	  58.23	   12.7	 1501.5	    0.0	    0.0	    0.0	    0.0	    0.0	    0.0	    0.0	    0.0	    0.0	  100.0	    0.0	    0.0	    0.0	    0.0	    0.0	   76.6	  1	  650.0	 2050.0	    0.0	    0.0	    0.0	1	  299.8	 21	    0.0	    5.0	
 2039	  58.26	   12.7	 1501.5	    0.0	    0.0	    0.0	    0.0	    0.0	    0.0	    0.0	    0.0	    0.0	  100.0	    0.0	    0.0	    0.0	    0.0	    0.0	   76.7	  1	  650.0	 2050.0	    0.0	    0.0	    0.0	1	  299.8	 21	    0.0	    5.0	
 2040	  58.29	   12.7	 1501.5	    0.0	    0.0	    0.0	    0.0	    0.0	    0.0	    0.0	    0.0	    0.0	  100.0	    0.0	    0.0	    0.0	    0.0	    0.0	   76.7	  1	  650.0	 2050.0	    0.0	    0.0	    0.0	1	  299.8	 21	    0.0	    5.0	
 2041	  58.31	   12.7	 1501.5	    0.0	    0.0	    0.0	    0.0	    0.0	    0.0	    0.0	    0.0	    0.0	  100.0	    0.0	    0.0	    0.0	    0.0	    0.0	   76.7	  1	  650.0	 2050.0	    0.0	    0.0	    0.0	1	  299.8	 21	    0.0	    5.0	
 2042	  58.34	   12.7	 1501.5	    0.0	    0.0	    0.0	    0.0	    0.0	    0.0	    0.0	    0.0	    0.0	  100.0	    0.0	    0.0	    0.0	    0.0	    0.0	   76.8	  1	  650.0	 2050.0	    0.0	    0.0	    0.0	1	  299.8	 21	    0.0	    5.0	
 2043	  58.37	   12.7	 1501.5	    0.0	    0.0	    0.0	    0.0	    0.0	    0.0	    0.0	    0.0	    0.0	  100.0	    0.0	    0.0	    0.0	    0.0	    0.0	   76.8	  1	  650.0	 2050.0	    0.0	    0.0	    0.0	1	  299.8	 21	    0.0	    5.0	
 2044	  58.40	   12.7	 1501.5	    0.0	    0.0	    0.0	    0.0	    0.0	    0.0	    0.0	    0.0	    0.0	  100.0	    0.0	    0.0	    0.0	    0.0	    0.0	   76.9	  1	  650.0	 2050.0	    0.0	    0.0	    0.0	1	  299.8	 21	    0.0	    5.0	
 2045	  58.43	   12.7	 1501.5	    0.0	    0.0	    0.0	    0.0	    0.0	    0.0	    0.0	    0.0	    0.0	  100.0	    0.0	    0.0	    0.0	    0.0	    0.0	   76.9	  1	  650.0	 2050.0	    0.0	    0.0	    0.0	1	  299.8	 21	    0.0	    5.0	
 2046	  58.46	   12.7	 1501.5	    0.0	    0.0	    0.0	    0.0	    0.0	    0.0	    0.0	    0.0	    0.0	  100.0	    0.0	    0.0	    0.0	    0.0	    0.0	   76.9	  1	  650.0	 2050.0	    0.0	    0.0	    0.0	1	  299.8	 21	    0.0	    5.0	
 2047	  58.49	   12.7	 1501.5	    0.0	    0.0	    0.0	    0.0	    0.0	    0.0	    0.0	    0.0	    0.0	  100.0	    0.0	    0.0	    0.0	    0.0	    0.0	   77.0	  1	  650.0	 2050.0	    0.0	    0.0	    0.0	1	  299.8	 21	    0.0	    5.0	
 2048	  58.52	   12.7	 1501.5	    0.0	    0.0	    0.0	    0.0	    0.0	    0.0	    0.0	    0.0	    0.0	  100.0	    0.0	    0.0	    0.0	    0.0	    0.0	   77.0	  1	  650.0	 2050.0	    0.0	    0.0	    0.0	1	  299.8	 21	    0.0	    5.0	
 2049	  58.54	   12.7	 1501.5	    0.0	    0.0	    0.0	    0.0	    0.0	    0.0	    0.0	    0.0	    0.0	  100.0	    0.0	    0.0	    0.0	    0.0	    0.0	   77.0	  1	  650.0	 2050.0	    0.0	    0.0	    0.0	1	  299.8	 21	    0.0	    5.0	
 2050	  58.57	   12.7	 1501.5	    0.0	    0.0	    0.0	    0.0	    0.0	    0.0	    0.0	    0.0	    0.0	  100.0	    0.0	    0.0	    0.0	    0.0	    0.0	   77.1	  1	  650.0	 2050.0	    0.0	    0.0	    0.0	1	  299.8	 21	    0.0	    5.0	
 2051	  58.60	   12.7	 1501.5	    0.0	    0.0	    0.0	    0.0	    0.0	    0.0	    0.0	    0.0	    0.0	  100.0	    0.0	    0.0	    0.0	    0.0	    0.0	   77.1	  1	  650.0	 2050.0	    0.0	    0.0	    0.0	1	  299.8	 21	    0.0	    5.0	
 2052	  58.63	   12.7	 1501.5	    0.0	    0.0	    0.0	    0.0	    0.0	    0.0	    0.0	    0.0	    0.0	  100.0	    0.0	    0.0	    0.0	    0.0	    0.0	   77.2	  1	  650.0	 2050.0	    0.0	    0.0	    0.0	1	  299.8	 21	    0.0	    5.0	
 2053	  58.66	   12.7	 1501.5	    0.0	    0.0	    0.0	    0.0	    0.0	    0.0	    0.0	    0.0	    0.0	  100.0	    0.0	    0.0	    0.0	    0.0	    0.0	   77.2	  1	  650.0	 2050.0	    0.0	    0.0	    0.0	1	  299.8	 21	    0.0	    5.0	
 2054	  58.69	   12.7	 1501.5	    0.0	    0.0	    0.0	    0.0	    0.0	    0.0	    0.0	    0.0	    0.0	  100.0	    0.0	    0.0	    0.0	    0.0	    0.0	   77.2	  1	  650.0	 2050.0	    0.0	    0.0	    0.0	1	  299.8	 21	    0.0	    5.0	
 2055	  58.72	   12.7	 1501.5	    0.0	    0.0	    0.0	    0.0	    0.0	    0.0	    0.0	    0.0	    0.0	  100.0	    0.0	    0.0	    0.0	    0.0	    0.0	   77.3	  1	  650.0	 2050.0	    0.0	    0.0	    0.0	1	  299.8	 21	    0.0	    5.0	
 2056	  58.74	   12.7	 1501.5	    0.0	    0.0	    0.0	    0.0	    0.0	    0.0	    0.0	    0.0	    0.0	  100.0	    0.0	    0.0	    0.0	    0.0	    0.0	   77.3	  1	  650.0	 2050.0	    0.0	    0.0	    0.0	1	  299.8	 21	    0.0	    5.0	
 2057	  58.77	   12.7	 1501.5	    0.0	    0.0	    0.0	    0.0	    0.0	    0.0	    0.0	    0.0	    0.0	  100.0	    0.0	    0.0	    0.0	    0.0	    0.0	   77.3	  1	  650.0	 2050.0	    0.0	    0.0	    0.0	1	  299.8	 21	    0.0	    5.0	
 2058	  58.80	   13.4	 1501.4	    0.0	    0.0	    0.0	    0.0	    0.0	    0.0	    0.0	    0.0	    0.0	  100.0	    0.0	    0.0	    0.0	    0.0	    0.0	   77.4	  1	  650.0	 2050.0	    0.0	    0.0	    0.0	1	  299.8	 21	    0.0	    5.0	
 2059	  58.83	   13.4	 1501.4	    0.0	    0.0	    0.0	    0.0	    0.0	    0.0	    0.0	    0.0	    0.0	  100.0	    0.0	    0.0	    0.0	    0.0	    0.0	   77.4	  1	  650.0	 2050.0	    0.0	    0.0	    0.0	1	  299.8	 21	    0.0	    5.0	
 2060	  58.86	   13.4	 1501.4	    0.0	    0.0	    0.0	    0.0	    0.0	    0.0	    0.0	    0.0	    0.0	  100.0	    0.0	    0.0	    0.0	    0.0	    0.0	   77.5	  1	  650.0	 2050.0	    0.0	    0.0	    0.0	1	  299.8	 21	    0.0	    5.0	
 2061	  58.89	   13.4	 1501.4	    0.0	    0.0	    0.0	    0.0	    0.0	    0.0	    0.0	    0.0	    0.0	  100.0	    0.0	    0.0	    0.0	    0.0	    0.0	   77.5	  1	  650.0	 2050.0	    0.0	    0.0	    0.0	1	  299.8	 21	    0.0	    5.0	
 2062	  58.91	   13.4	 1501.4	    0.0	    0.0	    0.0	    0.0	    0.0	    0.0	    0.0	    0.0	    0.0	  100.0	    0.0	    0.0	    0.0	    0.0	    0.0	   77.5	  1	  650.0	 2050.0	    0.0	    0.0	    0.0	1	  299.8	 21	    0.0	    5.0	
 2063	  58.94	   13.4	 1501.4	    0.0	    0.0	    0.0	    0.0	    0.0	    0.0	    0.0	    0.0	    0.0	  100.0	    0.0	    0.0	    0.0	    0.0	    0.0	   77.6	  1	  650.0	 2050.0	    0.0	    0.0	    0.0	1	  299.8	 21	    0.0	    5.0	
 2064	  58.97	   13.4	 1501.4	    0.0	    0.0	    0.0	    0.0	    0.0	    0.0	    0.0	    0.0	    0.0	  100.0	    0.0	    0.0	    0.0	    0.0	    0.0	   77.6	  1	  650.0	 2050.0	    0.0	    0.0	    0.0	1	  299.8	 21	    0.0	    5.0	
 2065	  59.00	   13.4	 1501.4	    0.0	    0.0	    0.0	    0.0	    0.0	    0.0	    0.0	    0.0	    0.0	  100.0	    0.0	    0.0	    0.0	    0.0	    0.0	   77.6	  1	  650.0	 2050.0	    0.0	    0.0	    0.0	1	  299.8	 21	    0.0	    5.0	
 2066	  59.03	   13.4	 1501.4	    0.0	    0.0	    0.0	    0.0	    0.0	    0.0	    0.0	    0.0	    0.0	  100.0	    0.0	    0.0	    0.0	    0.0	    0.0	   77.7	  1	  650.0	 2050.0	    0.0	    0.0	    0.0	1	  299.8	 21	    0.0	    5.0	
 2067	  59.06	   13.4	 1501.4	    0.0	    0.0	    0.0	    0.0	    0.0	    0.0	    0.0	    0.0	    0.0	  100.0	    0.0	    0.0	    0.0	    0.0	    0.0	   77.7	  1	  650.0	 2050.0	    0.0	    0.0	    0.0	1	  299.8	 21	    0.0	    5.0	
 2068	  59.09	   13.8	 1501.4	    0.0	    0.0	    0.0	    0.0	    0.0	    0.0	    0.0	    0.0	    0.0	  100.0	    0.0	    0.0	    0.0	    0.0	    0.0	   77.7	  1	  650.0	 2050.0	    0.0	    0.0	    0.0	1	  299.8	 21	    0.0	    5.0	
 2069	  59.12	   13.8	 1501.4	    0.0	    0.0	    0.0	    0.0	    0.0	    0.0	    0.0	    0.0	    0.0	  100.0	    0.0	    0.0	    0.0	    0.0	    0.0	   77.8	  1	  650.0	 2050.0	    0.0	    0.0	    0.0	1	  299.8	 21	    0.0	    5.0	
 2070	  59.14	   13.8	 1501.4	    0.0	    0.0	    0.0	    0.0	    0.0	    0.0	    0.0	    0.0	    0.0	  100.0	    0.0	    0.0	    0.0	    0.0	    0.0	   77.8	  1	  650.0	 2050.0	    0.0	    0.0	    0.0	1	  299.8	 21	    0.0	    5.0	
 2071	  59.17	   13.8	 1501.4	    0.0	    0.0	    0.0	    0.0	    0.0	    0.0	    0.0	    0.0	    0.0	  100.0	    0.0	    0.0	    0.0	    0.0	    0.0	   77.9	  1	  650.0	 2050.0	    0.0	    0.0	    0.0	1	  299.8	 21	    0.0	    5.0	
 2072	  59.20	   15.4	 1501.6	    0.0	    0.0	    0.0	    0.0	    0.0	    0.0	    0.0	    0.0	    0.0	  100.0	    0.0	    0.0	    0.0	    0.0	    0.0	   77.9	  1	  650.0	 2050.0	    0.0	    0.0	    0.0	1	  299.8	 21	    0.0	    5.0	
 2073	  59.23	   15.4	 1501.6	    0.0	    0.0	    0.0	    0.0	    0.0	    0.0	    0.0	    0.0	    0.0	  100.0	    0.0	    0.0	    0.0	    0.0	    0.0	   77.9	  1	  650.0	 2050.0	    0.0	    0.0	    0.0	1	  299.8	 21	    0.0	    5.0	
 2074	  59.26	   15.4	 1501.6	    0.0	    0.0	    0.0	    0.0	    0.0	    0.0	    0.0	    0.0	    0.0	  100.0	    0.0	    0.0	    0.0	    0.0	    0.0	   78.0	  1	  650.0	 2050.0	    0.0	    0.0	    0.0	1	  299.8	 21	    0.0	    5.0	
 2075	  59.29	   16.3	 1501.7	    0.0	    0.0	    0.0	    0.0	    0.0	    0.0	    0.0	    0.0	    0.0	  100.0	    0.0	    0.0	    0.0	    0.0	    0.0	   78.0	  1	  650.0	 2050.0	    0.0	    0.0	    0.0	1	  299.8	 21	    0.0	    5.0	
 2076	  59.31	   16.3	 1501.7	    0.0	    0.0	    0.0	    0.0	    0.0	    0.0	    0.0	    0.0	    0.0	  100.0	    0.0	    0.0	    0.0	    0.0	    0.0	   78.0	  1	  650.0	 2050.0	    0.0	    0.0	    0.0	1	  299.8	 21	    0.0	    5.0	
 2077	  59.34	   16.3	 1501.7	    0.0	    0.0	    0.0	    0.0	    0.0	    0.0	    0.0	    0.0	    0.0	  100.0	    0.0	    0.0	    0.0	    0.0	    0.0	   78.1	  1	  650.0	 2050.0	    0.0	    0.0	    0.0	1	  299.8	 21	    0.0	    5.0	
 2078	  59.37	   16.3	 1501.7	    0.0	    0.0	    0.0	    0.0	    0.0	    0.0	    0.0	    0.0	    0.0	  100.0	    0.0	    0.0	    0.0	    0.0	    0.0	   78.1	  1	  650.0	 2050.0	    0.0	    0.0	    0.0	1	  299.8	 21	    0.0	    5.0	
 2079	  59.40	   16.3	 1501.7	    0.0	    0.0	    0.0	    0.0	    0.0	    0.0	    0.0	    0.0	    0.0	  100.0	    0.0	    0.0	    0.0	    0.0	    0.0	   78.1	  1	  650.0	 2050.0	    0.0	    0.0	    0.0	1	  299.8	 21	    0.0	    5.0	
 2080	  59.43	   16.3	 1501.7	    0.0	    0.0	    0.0	    0.0	    0.0	    0.0	    0.0	    0.0	    0.0	  100.0	    0.0	    0.0	    0.0	    0.0	    0.0	   78.2	  1	  650.0	 2050.0	    0.0	    0.0	    0.0	1	  299.8	 21	    0.0	    5.0	
 2081	  59.46	   16.3	 1501.7	    0.0	    0.0	    0.0	    0.0	    0.0	    0.0	    0.0	    0.0	    0.0	  100.0	    0.0	    0.0	    0.0	    0.0	    0.0	   78.2	  1	  650.0	 2050.0	    0.0	    0.0	    0.0	1	  299.8	 21	    0.0	    5.0	
 2082	  59.49	   16.0	 1501.8	    0.0	    0.0	    0.0	    0.0	    0.0	    0.0	    0.0	    0.0	    0.0	  100.0	    0.0	    0.0	    0.0	    0.0	    0.0	   78.3	  1	  650.0	 2050.0	    0.0	    0.0	    0.0	1	  299.8	 21	    0.0	    5.0	
 2083	  59.52	   16.0	 1501.8	    0.0	    0.0	    0.0	    0.0	    0.0	    0.0	    0.0	    0.0	    0.0	  100.0	    0.0	    0.0	    0.0	    0.0	    0.0	   78.3	  1	  650.0	 2050.0	    0.0	    0.0	    0.0	1	  299.8	 21	    0.0	    5.0	
 2084	  59.54	   16.0	 1501.8	    0.0	    0.0	    0.0	    0.0	    0.0	    0.0	    0.0	    0.0	    0.0	  100.0	    0.0	    0.0	    0.0	    0.0	    0.0	   78.3	  1	  650.0	 2050.0	    0.0	    0.0	    0.0	1	  299.8	 21	    0.0	    5.0	
 2085	  59.57	   16.0	 1501.8	    0.0	    0.0	    0.0	    0.0	    0.0	    0.0	    0.0	    0.0	    0.0	  100.0	    0.0	    0.0	    0.0	    0.0	    0.0	   78.4	  1	  650.0	 2050.0	    0.0	    0.0	    0.0	1	  299.8	 21	    0.0	    5.0	
 2086	  59.60	   16.0	 1501.8	    0.0	    0.0	    0.0	    0.0	    0.0	    0.0	    0.0	    0.0	    0.0	  100.0	    0.0	    0.0	    0.0	    0.0	    0.0	   78.4	  1	  650.0	 2050.0	    0.0	    0.0	    0.0	1	  299.8	 21	    0.0	    5.0	
 2087	  59.63	   16.0	 1501.8	    0.0	    0.0	    0.0	    0.0	    0.0	    0.0	    0.0	    0.0	    0.0	  100.0	    0.0	    0.0	    0.0	    0.0	    0.0	   78.4	  1	  650.0	 2050.0	    0.0	    0.0	    0.0	1	  299.8	 21	    0.0	    5.0	
 2088	  59.66	   16.0	 1501.8	    0.0	    0.0	    0.0	    0.0	    0.0	    0.0	    0.0	    0.0	    0.0	  100.0	    0.0	    0.0	    0.0	    0.0	    0.0	   78.5	  1	  650.0	 2050.0	    0.0	    0.0	    0.0	1	  299.8	 21	    0.0	    5.0	
 2089	  59.69	   16.0	 1501.8	    0.0	    0.0	    0.0	    0.0	    0.0	    0.0	    0.0	    0.0	    0.0	  100.0	    0.0	    0.0	    0.0	    0.0	    0.0	   78.5	  1	  650.0	 2050.0	    0.0	    0.0	    0.0	1	  299.8	 21	    0.0	    5.0	
 2090	  59.72	   16.0	 1501.8	    0.0	    0.0	    0.0	    0.0	    0.0	    0.0	    0.0	    0.0	    0.0	  100.0	    0.0	    0.0	    0.0	    0.0	    0.0	   78.5	  1	  650.0	 2050.0	    0.0	    0.0	    0.0	1	  299.8	 21	    0.0	    5.0	
 2091	  59.74	   16.0	 1501.8	    0.0	    0.0	    0.0	    0.0	    0.0	    0.0	    0.0	    0.0	    0.0	  100.0	    0.0	    0.0	    0.0	    0.0	    0.0	   78.6	  1	  650.0	 2050.0	    0.0	    0.0	    0.0	1	  299.8	 21	    0.0	    5.0	
 2092	  59.77	   16.0	 1501.8	    0.0	    0.0	    0.0	    0.0	    0.0	    0.0	    0.0	    0.0	    0.0	  100.0	    0.0	    0.0	    0.0	    0.0	    0.0	   78.6	  1	  650.0	 2050.0	    0.0	    0.0	    0.0	1	  299.8	 21	    0.0	    5.0	
 2093	  59.80	   16.0	 1501.8	    0.0	    0.0	    0.0	    0.0	    0.0	    0.0	    0.0	    0.0	    0.0	  100.0	    0.0	    0.0	    0.0	    0.0	    0.0	   78.7	  1	  650.0	 2050.0	    0.0	    0.0	    0.0	1	  299.8	 21	    0.0	    5.0	
 2094	  59.83	   16.0	 1501.8	    0.0	    0.0	    0.0	    0.0	    0.0	    0.0	    0.0	    0.0	    0.0	  100.0	    0.0	    0.0	    0.0	    0.0	    0.0	   78.7	  1	  650.0	 2050.0	    0.0	    0.0	    0.0	1	  299.8	 21	    0.0	    5.0	
 2095	  59.86	   16.0	 1501.8	    0.0	    0.0	    0.0	    0.0	    0.0	    0.0	    0.0	    0.0	    0.0	  100.0	    0.0	    0.0	    0.0	    0.0	    0.0	   78.7	  1	  650.0	 2050.0	    0.0	    0.0	    0.0	1	  299.8	 21	    0.0	    5.0	
 2096	  59.89	   16.2	 1501.7	    0.0	    0.0	    0.0	    0.0	    0.0	    0.0	    0.0	    0.0	    0.0	  100.0	    0.0	    0.0	    0.0	    0.0	    0.0	   78.8	  1	  650.0	 2050.0	    0.0	    0.0	    0.0	1	  299.8	 21	    0.0	    5.0	
 2097	  59.91	   16.2	 1501.7	    0.0	    0.0	    0.0	    0.0	    0.0	    0.0	    0.0	    0.0	    0.0	  100.0	    0.0	    0.0	    0.0	    0.0	    0.0	   78.8	  1	 -550.0	 2150.0	    0.0	    0.0	    0.0	1	  299.7	 21	    0.0	    5.0	
 2098	  59.94	   16.2	 1501.7	    0.0	    0.0	    0.0	    0.0	    0.0	    0.0	    0.0	    0.0	    0.0	  100.0	    0.0	    0.0	    0.0	    0.0	    0.0	   78.8	  1	 -550.0	 2150.0	    0.0	    0.0	    0.0	1	  299.7	 21	    0.0	    5.0	
 2099	  59.97	   16.2	 1501.7	    0.0	    0.0	    0.0	    0.0	    0.0	    0.0	    0.0	    0.0	    0.0	  100.0	    0.0	    0.0	    0.0	    0.0	    0.0	   78.9	  1	 -550.0	 2150.0	    0.0	    0.0	    0.0	1	  299.7	 21	    0.0	    5.0	
 2100	  60.00	   16.2	 1501.7	    0.0	    0.0	    0.0	    0.0	    0.0	    0.0	    0.0	    0.0	    0.0	  100.0	    0.0	    0.0	    0.0	    0.0	    0.0	   78.9	  1	 -550.0	 2150.0	    0.0	    0.0	    0.0	1	  299.7	 21	    0.0	    5.0	
 2101	  60.03	   16.2	 1501.7	    0.0	    0.0	    0.0	    0.0	    0.0	    0.0	    0.0	    0.0	    0.0	  100.0	    0.0	    0.0	    0.0	    0.0	    0.0	   78.9	  1	 -550.0	 2150.0	    0.0	    0.0	    0.0	1	  299.7	 21	    0.0	    5.0	
 2102	  60.06	   16.2	 1501.7	    0.0	    0.0	    0.0	    0.0	    0.0	    0.0	    0.0	    0.0	    0.0	  100.0	    0.0	    0.0	    0.0	    0.0	    0.0	   79.0	  1	 -550.0	 2150.0	    0.0	    0.0	    0.0	1	  299.7	 21	    0.0	    5.0	
 2103	  60.09	   16.2	 1501.7	    0.0	    0.0	    0.0	    0.0	    0.0	    0.0	    0.0	    0.0	    0.0	  100.0	    0.0	    0.0	    0.0	    0.0	    0.0	   79.0	  1	 -550.0	 2150.0	    0.0	    0.0	    0.0	1	  299.7	 21	    0.0	    5.0	
 2104	  60.12	   16.2	 1501.7	    0.0	    0.0	    0.0	    0.0	    0.0	    0.0	    0.0	    0.0	    0.0	  100.0	    0.0	    0.0	    0.0	    0.0	    0.0	   79.1	  1	 -650.0	 2050.0	    0.0	    0.0	    0.0	1	  299.4	 21	    0.0	    5.0	
 2105	  60.14	   16.2	 1501.7	    0.0	    0.0	    0.0	    0.0	    0.0	    0.0	    0.0	    0.0	    0.0	  100.0	    0.0	    0.0	    0.0	    0.0	    0.0	   79.1	  1	 -650.0	 2050.0	    0.0	    0.0	    0.0	1	  299.4	 21	    0.0	    5.0	
 2106	  60.17	   16.2	 1501.7	    0.0	    0.0	    0.0	    0.0	    0.0	    0.0	    0.0	    0.0	    0.0	  100.0	    0.0	    0.0	    0.0	    0.0	    0.0	   79.1	  1	 -650.0	 2050.0	    0.0	    0.0	    0.0	1	  299.4	 21	    0.0	    5.0	
 2107	  60.20	   16.2	 1501.7	    0.0	    0.0	    0.0	    0.0	    0.0	    0.0	    0.0	    0.0	    0.0	  100.0	    0.0	    0.0	    0.0	    0.0	    0.0	   79.2	  1	 -650.0	 2050.0	    0.0	    0.0	    0.0	1	  299.4	 21	    0.0	    5.0	
 2108	  60.23	   16.2	 1501.7	    0.0	    0.0	    0.0	    0.0	    0.0	    0.0	    0.0	    0.0	    0.0	  100.0	    0.0	    0.0	    0.0	    0.0	    0.0	   79.2	  1	 -650.0	 2050.0	    0.0	    0.0	    0.0	1	  299.4	 21	    0.0	    5.0	
 2109	  60.26	   16.2	 1501.7	    0.0	    0.0	    0.0	    0.0	    0.0	    0.0	    0.0	    0.0	    0.0	  100.0	    0.0	    0.0	    0.0	    0.0	    0.0	   79.2	  1	 -650.0	 2050.0	    0.0	    0.0	    0.0	1	  299.4	 21	    0.0	    5.0	
 2110	  60.29	   16.2	 1501.7	    0.0	    0.0	    0.0	    0.0	    0.0	    0.0	    0.0	    0.0	    0.0	  100.0	    0.0	    0.0	    0.0	    0.0	    0.0	   79.3	  1	 -650.0	 2050.0	    0.0	    0.0	    0.0	1	  299.4	 21	    0.0	    5.0	
 2111	  60.31	   16.2	 1501.7	    0.0	    0.0	    0.0	    0.0	    0.0	    0.0	    0.0	    0.0	    0.0	  100.0	    0.0	    0.0	    0.0	    0.0	    0.0	   79.3	  1	 -650.0	 2050.0	    0.0	    0.0	    0.0	1	  299.4	 21	    0.0	    5.0	
 2112	  60.34	   16.2	 1501.7	    0.0	    0.0	    0.0	    0.0	    0.0	    0.0	    0.0	    0.0	    0.0	  100.0	    0.0	    0.0	    0.0	    0.0	    0.0	   79.3	  1	 -650.0	 2050.0	    0.0	    0.0	    0.0	1	  299.4	 21	    0.0	    5.0	
 2113	  60.37	   16.2	 1501.7	    0.0	    0.0	    0.0	    0.0	    0.0	    0.0	    0.0	    0.0	    0.0	  100.0	    0.0	    0.0	    0.0	    0.0	    0.0	   79.4	  1	 -650.0	 2050.0	    0.0	    0.0	    0.0	1	  299.4	 21	    0.0	    5.0	
 2114	  60.40	   16.2	 1501.7	    0.0	    0.0	    0.0	    0.0	    0.0	    0.0	    0.0	    0.0	    0.0	  100.0	    0.0	    0.0	    0.0	    0.0	    0.0	   79.4	  1	 -650.0	 2050.0	    0.0	    0.0	    0.0	1	  299.4	 21	    0.0	    5.0	
 2115	  60.43	   16.2	 1501.7	    0.0	    0.0	    0.0	    0.0	    0.0	    0.0	    0.0	    0.0	    0.0	  100.0	    0.0	    0.0	    0.0	    0.0	    0.0	   79.5	  1	 -650.0	 2050.0	    0.0	    0.0	    0.0	1	  299.4	 21	    0.0	    5.0	
 2116	  60.46	   16.2	 1501.7	    0.0	    0.0	    0.0	    0.0	    0.0	    0.0	    0.0	    0.0	    0.0	  100.0	    0.0	    0.0	    0.0	    0.0	    0.0	   79.5	  1	 -650.0	 2050.0	    0.0	    0.0	    0.0	1	  299.4	 21	    0.0	    5.0	
 2117	  60.49	   16.2	 1501.7	    0.0	    0.0	    0.0	    0.0	    0.0	    0.0	    0.0	    0.0	    0.0	  100.0	    0.0	    0.0	    0.0	    0.0	    0.0	   79.5	  1	 -650.0	 2050.0	    0.0	    0.0	    0.0	1	  299.4	 21	    0.0	    5.0	
 2118	  60.52	   16.2	 1501.7	    0.0	    0.0	    0.0	    0.0	    0.0	    0.0	    0.0	    0.0	    0.0	  100.0	    0.0	    0.0	    0.0	    0.0	    0.0	   79.6	  1	 -650.0	 2050.0	    0.0	    0.0	    0.0	1	  299.4	 21	    0.0	    5.0	
 2119	  60.54	   16.2	 1501.7	    0.0	    0.0	    0.0	    0.0	    0.0	    0.0	    0.0	    0.0	    0.0	  100.0	    0.0	    0.0	    0.0	    0.0	    0.0	   79.6	  1	 -650.0	 2050.0	    0.0	    0.0	    0.0	1	  299.4	 21	    0.0	    5.0	
 2120	  60.57	   16.2	 1501.7	    0.0	    0.0	    0.0	    0.0	    0.0	    0.0	    0.0	    0.0	    0.0	  100.0	    0.0	    0.0	    0.0	    0.0	    0.0	   79.6	  1	 -650.0	 2050.0	    0.0	    0.0	    0.0	1	  299.4	 21	    0.0	    5.0	
 2121	  60.60	   16.2	 1501.7	    0.0	    0.0	    0.0	    0.0	    0.0	    0.0	    0.0	    0.0	    0.0	  100.0	    0.0	    0.0	    0.0	    0.0	    0.0	   79.7	  1	 -650.0	 2050.0	    0.0	    0.0	    0.0	1	  299.4	 21	    0.0	    5.0	
 2122	  60.63	   16.2	 1501.7	    0.0	    0.0	    0.0	    0.0	    0.0	    0.0	    0.0	    0.0	    0.0	  100.0	    0.0	    0.0	    0.0	    0.0	    0.0	   79.7	  1	 -650.0	 2050.0	    0.0	    0.0	    0.0	1	  299.4	 21	    0.0	    5.0	
 2123	  60.66	   16.2	 1501.7	    0.0	    0.0	    0.0	    0.0	    0.0	    0.0	    0.0	    0.0	    0.0	  100.0	    0.0	    0.0	    0.0	    0.0	    0.0	   79.7	  1	 -650.0	 2050.0	    0.0	    0.0	    0.0	1	  299.4	 21	    0.0	    5.0	
 2124	  60.69	   16.2	 1501.7	    0.0	    0.0	    0.0	    0.0	    0.0	    0.0	    0.0	    0.0	    0.0	  100.0	    0.0	    0.0	    0.0	    0.0	    0.0	   79.8	  1	 -650.0	 2050.0	    0.0	    0.0	    0.0	1	  299.4	 21	    0.0	    5.0	
 2125	  60.72	   16.2	 1501.7	    0.0	    0.0	    0.0	    0.0	    0.0	    0.0	    0.0	    0.0	    0.0	  100.0	    0.0	    0.0	    0.0	    0.0	    0.0	   79.8	  1	 -650.0	 2050.0	    0.0	    0.0	    0.0	1	  299.4	 21	    0.0	    5.0	
 2126	  60.74	   16.2	 1501.7	    0.0	    0.0	    0.0	    0.0	    0.0	    0.0	    0.0	    0.0	    0.0	  100.0	    0.0	    0.0	    0.0	    0.0	    0.0	   79.9	  1	 -650.0	 2050.0	    0.0	    0.0	    0.0	1	  299.4	 21	    0.0	    5.0	
 2127	  60.77	   16.2	 1501.7	    0.0	    0.0	    0.0	    0.0	    0.0	    0.0	    0.0	    0.0	    0.0	  100.0	    0.0	    0.0	    0.0	    0.0	    0.0	   79.9	  1	 -650.0	 2050.0	    0.0	    0.0	    0.0	1	  299.4	 21	    0.0	    5.0	
 2128	  60.80	   17.0	 1501.9	    0.0	    0.0	    0.0	    0.0	    0.0	    0.0	    0.0	    0.0	    0.0	  100.0	    0.0	    0.0	    0.0	    0.0	    0.0	   79.9	  1	 -650.0	 2050.0	    0.0	    0.0	    0.0	1	  299.4	 21	    0.0	    5.0	
 2129	  60.83	   17.0	 1501.9	    0.0	    0.0	    0.0	    0.0	    0.0	    0.0	    0.0	    0.0	    0.0	  100.0	    0.0	    0.0	    0.0	    0.0	    0.0	   80.0	  1	 -650.0	 2050.0	    0.0	    0.0	    0.0	1	  299.4	 21	    0.0	    5.0	
 2130	  60.86	   17.0	 1501.9	    0.0	    0.0	    0.0	    0.0	    0.0	    0.0	    0.0	    0.0	    0.0	  100.0	    0.0	    0.0	    0.0	    0.0	    0.0	   80.0	  1	 -650.0	 2050.0	    0.0	    0.0	    0.0	1	  299.4	 21	    0.0	    5.0	
 2131	  60.89	   17.0	 1501.9	    0.0	    0.0	    0.0	    0.0	    0.0	    0.0	    0.0	    0.0	    0.0	  100.0	    0.0	    0.0	    0.0	    0.0	    0.0	   80.0	  1	 -650.0	 2050.0	    0.0	    0.0	    0.0	1	  299.4	 21	    0.0	    5.0	
 2132	  60.91	   17.0	 1501.9	    0.0	    0.0	    0.0	    0.0	    0.0	    0.0	    0.0	    0.0	    0.0	  100.0	    0.0	    0.0	    0.0	    0.0	    0.0	   80.1	  1	 -650.0	 2050.0	    0.0	    0.0	    0.0	1	  299.4	 21	    0.0	    5.0	
 2133	  60.94	   17.0	 1501.9	    0.0	    0.0	    0.0	    0.0	    0.0	    0.0	    0.0	    0.0	    0.0	  100.0	    0.0	    0.0	    0.0	    0.0	    0.0	   80.1	  1	 -650.0	 2050.0	    0.0	    0.0	    0.0	1	  299.4	 21	    0.0	    5.0	
 2134	  60.97	   17.0	 1501.9	    0.0	    0.0	    0.0	    0.0	    0.0	    0.0	    0.0	    0.0	    0.0	  100.0	    0.0	    0.0	    0.0	    0.0	    0.0	   80.1	  1	 -650.0	 2050.0	    0.0	    0.0	    0.0	1	  299.4	 21	    0.0	    5.0	
 2135	  61.00	   17.0	 1502.0	    0.0	    0.0	    0.0	    0.0	    0.0	    0.0	    0.0	    0.0	    0.0	  100.0	    0.0	    0.0	    0.0	    0.0	    0.0	   80.2	  1	 -650.0	 2050.0	    0.0	    0.0	    0.0	1	  299.4	 21	    0.0	    5.0	
 2136	  61.03	   17.0	 1502.0	    0.0	    0.0	    0.0	    0.0	    0.0	    0.0	    0.0	    0.0	    0.0	  100.0	    0.0	    0.0	    0.0	    0.0	    0.0	   80.2	  1	 -650.0	 2050.0	    0.0	    0.0	    0.0	1	  299.4	 21	    0.0	    5.0	
 2137	  61.06	   17.0	 1502.0	    0.0	    0.0	    0.0	    0.0	    0.0	    0.0	    0.0	    0.0	    0.0	  100.0	    0.0	    0.0	    0.0	    0.0	    0.0	   80.3	  1	 -650.0	 2050.0	    0.0	    0.0	    0.0	1	  299.4	 21	    0.0	    5.0	
 2138	  61.09	   17.0	 1502.0	    0.0	    0.0	    0.0	    0.0	    0.0	    0.0	    0.0	    0.0	    0.0	  100.0	    0.0	    0.0	    0.0	    0.0	    0.0	   80.3	  1	 -650.0	 2050.0	    0.0	    0.0	    0.0	1	  299.4	 21	    0.0	    5.0	
 2139	  61.12	   17.0	 1502.0	    0.0	    0.0	    0.0	    0.0	    0.0	    0.0	    0.0	    0.0	    0.0	  100.0	    0.0	    0.0	    0.0	    0.0	    0.0	   80.3	  1	 -650.0	 2050.0	    0.0	    0.0	    0.0	1	  299.4	 21	    0.0	    5.0	
 2140	  61.14	   17.0	 1502.0	    0.0	    0.0	    0.0	    0.0	    0.0	    0.0	    0.0	    0.0	    0.0	  100.0	    0.0	    0.0	    0.0	    0.0	    0.0	   80.4	  1	 -650.0	 2050.0	    0.0	    0.0	    0.0	1	  299.4	 21	    0.0	    5.0	
 2141	  61.17	   17.0	 1502.0	    0.0	    0.0	    0.0	    0.0	    0.0	    0.0	    0.0	    0.0	    0.0	  100.0	    0.0	    0.0	    0.0	    0.0	    0.0	   80.4	  1	 -650.0	 2050.0	    0.0	    0.0	    0.0	1	  299.4	 21	    0.0	    5.0	
 2142	  61.20	   17.0	 1502.0	    0.0	    0.0	    0.0	    0.0	    0.0	    0.0	    0.0	    0.0	    0.0	  100.0	    0.0	    0.0	    0.0	    0.0	    0.0	   80.4	  1	 -650.0	 2050.0	    0.0	    0.0	    0.0	1	  299.4	 21	    0.0	    5.0	
 2143	  61.23	   17.0	 1502.0	    0.0	    0.0	    0.0	    0.0	    0.0	    0.0	    0.0	    0.0	    0.0	  100.0	    0.0	    0.0	    0.0	    0.0	    0.0	   80.5	  1	 -650.0	 2050.0	    0.0	    0.0	    0.0	1	  299.4	 21	    0.0	    5.0	
 2144	  61.26	   17.0	 1502.0	    0.0	    0.0	    0.0	    0.0	    0.0	    0.0	    0.0	    0.0	    0.0	  100.0	    0.0	    0.0	    0.0	    0.0	    0.0	   80.5	  1	 -650.0	 2050.0	    0.0	    0.0	    0.0	1	  299.4	 21	    0.0	    5.0	
 2145	  61.29	   17.0	 1502.0	    0.0	    0.0	    0.0	    0.0	    0.0	    0.0	    0.0	    0.0	    0.0	  100.0	    0.0	    0.0	    0.0	    0.0	    0.0	   80.5	  1	 -650.0	 2050.0	    0.0	    0.0	    0.0	1	  299.4	 21	    0.0	    5.0	
 2146	  61.31	   17.0	 1502.0	    0.0	    0.0	    0.0	    0.0	    0.0	    0.0	    0.0	    0.0	    0.0	  100.0	    0.0	    0.0	    0.0	    0.0	    0.0	   80.6	  1	 -650.0	 2050.0	    0.0	    0.0	    0.0	1	  299.4	 21	    0.0	    5.0	
 2147	  61.34	   17.0	 1502.0	    0.0	    0.0	    0.0	    0.0	    0.0	    0.0	    0.0	    0.0	    0.0	  100.0	    0.0	    0.0	    0.0	    0.0	    0.0	   80.6	  1	 -650.0	 2050.0	    0.0	    0.0	    0.0	1	  299.4	 21	    0.0	    5.0	
 2148	  61.37	   17.0	 1502.0	    0.0	    0.0	    0.0	    0.0	    0.0	    0.0	    0.0	    0.0	    0.0	  100.0	    0.0	    0.0	    0.0	    0.0	    0.0	   80.7	  1	 -650.0	 2050.0	    0.0	    0.0	    0.0	1	  299.4	 21	    0.0	    5.0	
 2149	  61.40	   17.4	 1502.1	    0.0	    0.0	    0.0	    0.0	    0.0	    0.0	    0.0	    0.0	    0.0	  100.0	    0.0	    0.0	    0.0	    0.0	    0.0	   80.7	  1	 -650.0	 2050.0	    0.0	    0.0	    0.0	1	  299.4	 21	    0.0	    5.0	
 2150	  61.43	   17.4	 1502.1	    0.0	    0.0	    0.0	    0.0	    0.0	    0.0	    0.0	    0.0	    0.0	  100.0	    0.0	    0.0	    0.0	    0.0	    0.0	   80.7	  1	 -650.0	 2050.0	    0.0	    0.0	    0.0	1	  299.4	 21	    0.0	    5.0	
 2151	  61.46	   17.4	 1502.1	    0.0	    0.0	    0.0	    0.0	    0.0	    0.0	    0.0	    0.0	    0.0	  100.0	    0.0	    0.0	    0.0	    0.0	    0.0	   80.8	  1	 -650.0	 2050.0	    0.0	    0.0	    0.0	1	  299.4	 21	    0.0	    5.0	
 2152	  61.49	   17.4	 1502.1	    0.0	    0.0	    0.0	    0.0	    0.0	    0.0	    0.0	    0.0	    0.0	  100.0	    0.0	    0.0	    0.0	    0.0	    0.0	   80.8	  1	 -650.0	 2050.0	    0.0	    0.0	    0.0	1	  299.4	 21	    0.0	    5.0	
 2153	  61.52	   17.4	 1502.1	    0.0	    0.0	    0.0	    0.0	    0.0	    0.0	    0.0	    0.0	    0.0	  100.0	    0.0	    0.0	    0.0	    0.0	    0.0	   80.8	  1	 -650.0	 2050.0	    0.0	    0.0	    0.0	1	  299.4	 21	    0.0	    5.0	
 2154	  61.54	   17.4	 1502.1	    0.0	    0.0	    0.0	    0.0	    0.0	    0.0	    0.0	    0.0	    0.0	  100.0	    0.0	    0.0	    0.0	    0.0	    0.0	   80.9	  1	 -650.0	 2050.0	    0.0	    0.0	    0.0	1	  299.4	 21	    0.0	    5.0	
 2155	  61.57	   17.4	 1502.1	    0.0	    0.0	    0.0	    0.0	    0.0	    0.0	    0.0	    0.0	    0.0	  100.0	    0.0	    0.0	    0.0	    0.0	    0.0	   80.9	  1	 -650.0	 2050.0	    0.0	    0.0	    0.0	1	  299.4	 21	    0.0	    5.0	
 2156	  61.60	   17.4	 1502.1	    0.0	    0.0	    0.0	    0.0	    0.0	    0.0	    0.0	    0.0	    0.0	  100.0	    0.0	    0.0	    0.0	    0.0	    0.0	   80.9	  1	 -650.0	 2050.0	    0.0	    0.0	    0.0	1	  299.4	 21	    0.0	    5.0	
 2157	  61.63	   17.4	 1502.1	    0.0	    0.0	    0.0	    0.0	    0.0	    0.0	    0.0	    0.0	    0.0	  100.0	    0.0	    0.0	    0.0	    0.0	    0.0	   81.0	  1	 -650.0	 2050.0	    0.0	    0.0	    0.0	1	  299.4	 21	    0.0	    5.0	
 2158	  61.66	   17.4	 1502.1	    0.0	    0.0	    0.0	    0.0	    0.0	    0.0	    0.0	    0.0	    0.0	  100.0	    0.0	    0.0	    0.0	    0.0	    0.0	   81.0	  1	 -650.0	 2050.0	    0.0	    0.0	    0.0	1	  299.4	 21	    0.0	    5.0	
 2159	  61.69	   17.4	 1502.1	    0.0	    0.0	    0.0	    0.0	    0.0	    0.0	    0.0	    0.0	    0.0	  100.0	    0.0	    0.0	    0.0	    0.0	    0.0	   81.1	  1	 -650.0	 2050.0	    0.0	    0.0	    0.0	1	  299.4	 21	    0.0	    5.0	
 2160	  61.72	   17.4	 1502.1	    0.0	    0.0	    0.0	    0.0	    0.0	    0.0	    0.0	    0.0	    0.0	  100.0	    0.0	    0.0	    0.0	    0.0	    0.0	   81.1	  1	 -650.0	 2050.0	    0.0	    0.0	    0.0	1	  299.4	 21	    0.0	    5.0	
 2161	  61.74	   17.4	 1502.1	    0.0	    0.0	    0.0	    0.0	    0.0	    0.0	    0.0	    0.0	    0.0	  100.0	    0.0	    0.0	    0.0	    0.0	    0.0	   81.1	  1	 -650.0	 2050.0	    0.0	    0.0	    0.0	1	  299.4	 21	    0.0	    5.0	
 2162	  61.77	   17.4	 1502.1	    0.0	    0.0	    0.0	    0.0	    0.0	    0.0	    0.0	    0.0	    0.0	  100.0	    0.0	    0.0	    0.0	    0.0	    0.0	   81.2	  1	 -650.0	 2050.0	    0.0	    0.0	    0.0	1	  299.4	 21	    0.0	    5.0	
 2163	  61.80	   17.4	 1502.1	    0.0	    0.0	    0.0	    0.0	    0.0	    0.0	    0.0	    0.0	    0.0	  100.0	    0.0	    0.0	    0.0	    0.0	    0.0	   81.2	  1	 -650.0	 2050.0	    0.0	    0.0	    0.0	1	  299.4	 21	    0.0	    5.0	
 2164	  61.83	   17.4	 1502.1	    0.0	    0.0	    0.0	    0.0	    0.0	    0.0	    0.0	    0.0	    0.0	  100.0	    0.0	    0.0	    0.0	    0.0	    0.0	   81.2	  1	 -650.0	 2050.0	    0.0	    0.0	    0.0	1	  299.4	 21	    0.0	    5.0	
 2165	  61.86	   17.4	 1502.1	    0.0	    0.0	    0.0	    0.0	    0.0	    0.0	    0.0	    0.0	    0.0	  100.0	    0.0	    0.0	    0.0	    0.0	    0.0	   81.3	  1	 -650.0	 2050.0	    0.0	    0.0	    0.0	1	  299.4	 21	    0.0	    5.0	
 2166	  61.89	   17.4	 1502.1	    0.0	    0.0	    0.0	    0.0	    0.0	    0.0	    0.0	    0.0	    0.0	  100.0	    0.0	    0.0	    0.0	    0.0	    0.0	   81.3	  1	 -650.0	 2050.0	    0.0	    0.0	    0.0	1	  299.4	 21	    0.0	    5.0	
 2167	  61.91	   17.4	 1502.1	    0.0	    0.0	    0.0	    0.0	    0.0	    0.0	    0.0	    0.0	    0.0	  100.0	    0.0	    0.0	    0.0	    0.0	    0.0	   81.3	  1	 -650.0	 2050.0	    0.0	    0.0	    0.0	1	  299.4	 21	    0.0	    5.0	
 2168	  61.94	   17.4	 1502.1	    0.0	    0.0	    0.0	    0.0	    0.0	    0.0	    0.0	    0.0	    0.0	  100.0	    0.0	    0.0	    0.0	    0.0	    0.0	   81.4	  1	 -650.0	 2050.0	    0.0	    0.0	    0.0	1	  299.4	 21	    0.0	    5.0	
 2169	  61.97	   17.4	 1502.1	    0.0	    0.0	    0.0	    0.0	    0.0	    0.0	    0.0	    0.0	    0.0	  100.0	    0.0	    0.0	    0.0	    0.0	    0.0	   81.4	  1	 -650.0	 2050.0	    0.0	    0.0	    0.0	1	  299.4	 21	    0.0	    5.0	
 2170	  62.00	   17.4	 1502.1	    0.0	    0.0	    0.0	    0.0	    0.0	    0.0	    0.0	    0.0	    0.0	  100.0	    0.0	    0.0	    0.0	    0.0	    0.0	   81.4	  1	 -650.0	 2050.0	    0.0	    0.0	    0.0	1	  299.4	 21	    0.0	    5.0	
 2171	  62.03	   17.4	 1502.1	    0.0	    0.0	    0.0	    0.0	    0.0	    0.0	    0.0	    0.0	    0.0	  100.0	    0.0	    0.0	    0.0	    0.0	    0.0	   81.5	  1	 -650.0	 2050.0	    0.0	    0.0	    0.0	1	  299.4	 21	    0.0	    5.0	
 2172	  62.06	   17.4	 1502.1	    0.0	    0.0	    0.0	    0.0	    0.0	    0.0	    0.0	    0.0	    0.0	  100.0	    0.0	    0.0	    0.0	    0.0	    0.0	   81.5	  1	 -650.0	 2050.0	    0.0	    0.0	    0.0	1	  299.4	 21	    0.0	    5.0	
 2173	  62.09	   17.4	 1502.1	    0.0	    0.0	    0.0	    0.0	    0.0	    0.0	    0.0	    0.0	    0.0	  100.0	    0.0	    0.0	    0.0	    0.0	    0.0	   81.6	  1	 -650.0	 2050.0	    0.0	    0.0	    0.0	1	  299.4	 21	    0.0	    5.0	
 2174	  62.12	   17.4	 1502.1	    0.0	    0.0	    0.0	    0.0	    0.0	    0.0	    0.0	    0.0	    0.0	  100.0	    0.0	    0.0	    0.0	    0.0	    0.0	   81.6	  1	 -650.0	 2050.0	    0.0	    0.0	    0.0	1	  299.4	 21	    0.0	    5.0	
 2175	  62.14	   17.4	 1502.1	    0.0	    0.0	    0.0	    0.0	    0.0	    0.0	    0.0	    0.0	    0.0	  100.0	    0.0	    0.0	    0.0	    0.0	    0.0	   81.6	  1	 -650.0	 2050.0	    0.0	    0.0	    0.0	1	  299.4	 21	    0.0	    5.0	
 2176	  62.17	   17.4	 1502.1	    0.0	    0.0	    0.0	    0.0	    0.0	    0.0	    0.0	    0.0	    0.0	  100.0	    0.0	    0.0	    0.0	    0.0	    0.0	   81.7	  1	 -650.0	 2050.0	    0.0	    0.0	    0.0	1	  299.4	 21	    0.0	    5.0	
 2177	  62.20	   17.4	 1502.1	    0.0	    0.0	    0.0	    0.0	    0.0	    0.0	    0.0	    0.0	    0.0	  100.0	    0.0	    0.0	    0.0	    0.0	    0.0	   81.7	  1	 -650.0	 2050.0	    0.0	    0.0	    0.0	1	  299.4	 21	    0.0	    5.0	
 2178	  62.23	   17.4	 1502.1	    0.0	    0.0	    0.0	    0.0	    0.0	    0.0	    0.0	    0.0	    0.0	  100.0	    0.0	    0.0	    0.0	    0.0	    0.0	   81.7	  1	 -650.0	 2050.0	    0.0	    0.0	    0.0	1	  299.4	 21	    0.0	    5.0	
 2179	  62.26	   17.4	 1502.1	    0.0	    0.0	    0.0	    0.0	    0.0	    0.0	    0.0	    0.0	    0.0	  100.0	    0.0	    0.0	    0.0	    0.0	    0.0	   81.8	  1	 -650.0	 2050.0	    0.0	    0.0	    0.0	1	  299.4	 21	    0.0	    5.0	
 2180	  62.29	   17.4	 1502.1	    0.0	    0.0	    0.0	    0.0	    0.0	    0.0	    0.0	    0.0	    0.0	  100.0	    0.0	    0.0	    0.0	    0.0	    0.0	   81.8	  1	 -650.0	 2050.0	    0.0	    0.0	    0.0	1	  299.4	 21	    0.0	    5.0	
 2181	  62.31	   17.4	 1502.1	    0.0	    0.0	    0.0	    0.0	    0.0	    0.0	    0.0	    0.0	    0.0	  100.0	    0.0	    0.0	    0.0	    0.0	    0.0	   81.8	  1	 -650.0	 2050.0	    0.0	    0.0	    0.0	1	  299.4	 21	    0.0	    5.0	
 2182	  62.34	   17.4	 1502.1	    0.0	    0.0	    0.0	    0.0	    0.0	    0.0	    0.0	    0.0	    0.0	  100.0	    0.0	    0.0	    0.0	    0.0	    0.0	   81.9	  1	 -650.0	 2050.0	    0.0	    0.0	    0.0	1	  299.4	 21	    0.0	    5.0	
 2183	  62.37	   17.4	 1502.1	    0.0	    0.0	    0.0	    0.0	    0.0	    0.0	    0.0	    0.0	    0.0	  100.0	    0.0	    0.0	    0.0	    0.0	    0.0	   81.9	  1	 -650.0	 2050.0	    0.0	    0.0	    0.0	1	  299.4	 21	    0.0	    5.0	
 2184	  62.40	   17.4	 1502.1	    0.0	    0.0	    0.0	    0.0	    0.0	    0.0	    0.0	    0.0	    0.0	  100.0	    0.0	    0.0	    0.0	    0.0	    0.0	   82.0	  1	 -650.0	 2050.0	    0.0	    0.0	    0.0	1	  299.4	 21	    0.0	    5.0	
 2185	  62.43	   17.4	 1502.1	    0.0	    0.0	    0.0	    0.0	    0.0	    0.0	    0.0	    0.0	    0.0	  100.0	    0.0	    0.0	    0.0	    0.0	    0.0	   82.0	  1	 -650.0	 2050.0	    0.0	    0.0	    0.0	1	  299.4	 21	    0.0	    5.0	
 2186	  62.46	   17.4	 1502.1	    0.0	    0.0	    0.0	    0.0	    0.0	    0.0	    0.0	    0.0	    0.0	  100.0	    0.0	    0.0	    0.0	    0.0	    0.0	   82.0	  1	 -650.0	 2050.0	    0.0	    0.0	    0.0	1	  299.4	 21	    0.0	    5.0	
 2187	  62.49	   17.4	 1502.1	    0.0	    0.0	    0.0	    0.0	    0.0	    0.0	    0.0	    0.0	    0.0	  100.0	    0.0	    0.0	    0.0	    0.0	    0.0	   82.1	  1	 -650.0	 2050.0	    0.0	    0.0	    0.0	1	  299.4	 21	    0.0	    5.0	
 2188	  62.52	   17.4	 1502.1	    0.0	    0.0	    0.0	    0.0	    0.0	    0.0	    0.0	    0.0	    0.0	  100.0	    0.0	    0.0	    0.0	    0.0	    0.0	   82.1	  1	 -650.0	 2050.0	    0.0	    0.0	    0.0	1	  299.4	 21	    0.0	    5.0	
 2189	  62.54	   17.4	 1502.1	    0.0	    0.0	    0.0	    0.0	    0.0	    0.0	    0.0	    0.0	    0.0	  100.0	    0.0	    0.0	    0.0	    0.0	    0.0	   82.1	  1	 -650.0	 2050.0	    0.0	    0.0	    0.0	1	  299.4	 21	    0.0	    5.0	
 2190	  62.57	   17.4	 1502.1	    0.0	    0.0	    0.0	    0.0	    0.0	    0.0	    0.0	    0.0	    0.0	  100.0	    0.0	    0.0	    0.0	    0.0	    0.0	   82.2	  1	 -650.0	 2050.0	    0.0	    0.0	    0.0	1	  299.4	 21	    0.0	    5.0	
 2191	  62.60	   17.4	 1502.1	    0.0	    0.0	    0.0	    0.0	    0.0	    0.0	    0.0	    0.0	    0.0	  100.0	    0.0	    0.0	    0.0	    0.0	    0.0	   82.2	  1	 -650.0	 2050.0	    0.0	    0.0	    0.0	1	  299.4	 21	    0.0	    5.0	
 2192	  62.63	   17.4	 1502.1	    0.0	    0.0	    0.0	    0.0	    0.0	    0.0	    0.0	    0.0	    0.0	  100.0	    0.0	    0.0	    0.0	    0.0	    0.0	   82.2	  1	 -650.0	 2050.0	    0.0	    0.0	    0.0	1	  299.4	 21	    0.0	    5.0	
 2193	  62.66	   17.4	 1502.1	    0.0	    0.0	    0.0	    0.0	    0.0	    0.0	    0.0	    0.0	    0.0	  100.0	    0.0	    0.0	    0.0	    0.0	    0.0	   82.3	  1	 -650.0	 2050.0	    0.0	    0.0	    0.0	1	  299.4	 21	    0.0	    5.0	
 2194	  62.69	   17.4	 1502.1	    0.0	    0.0	    0.0	    0.0	    0.0	    0.0	    0.0	    0.0	    0.0	  100.0	    0.0	    0.0	    0.0	    0.0	    0.0	   82.3	  1	 -650.0	 2050.0	    0.0	    0.0	    0.0	1	  299.4	 21	    0.0	    5.0	
 2195	  62.72	   17.4	 1502.1	    0.0	    0.0	    0.0	    0.0	    0.0	    0.0	    0.0	    0.0	    0.0	  100.0	    0.0	    0.0	    0.0	    0.0	    0.0	   82.4	  1	 -650.0	 2050.0	    0.0	    0.0	    0.0	1	  299.4	 21	    0.0	    5.0	
 2196	  62.74	   17.4	 1502.1	    0.0	    0.0	    0.0	    0.0	    0.0	    0.0	    0.0	    0.0	    0.0	  100.0	    0.0	    0.0	    0.0	    0.0	    0.0	   82.4	  1	 -650.0	 2050.0	    0.0	    0.0	    0.0	1	  299.4	 21	    0.0	    5.0	
 2197	  62.77	   17.4	 1502.1	    0.0	    0.0	    0.0	    0.0	    0.0	    0.0	    0.0	    0.0	    0.0	  100.0	    0.0	    0.0	    0.0	    0.0	    0.0	   82.4	  1	 -650.0	 2050.0	    0.0	    0.0	    0.0	1	  299.4	 21	    0.0	    5.0	
 2198	  62.80	   17.6	 1502.3	    0.0	    0.0	    0.0	    0.0	    0.0	    0.0	    0.0	    0.0	    0.0	  100.0	    0.0	    0.0	    0.0	    0.0	    0.0	   82.5	  1	 -650.0	 2050.0	    0.0	    0.0	    0.0	1	  299.4	 21	    0.0	    5.0	
 2199	  62.83	   17.6	 1502.3	    0.0	    0.0	    0.0	    0.0	    0.0	    0.0	    0.0	    0.0	    0.0	  100.0	    0.0	    0.0	    0.0	    0.0	    0.0	   82.5	  1	 -650.0	 2050.0	    0.0	    0.0	    0.0	1	  299.4	 21	    0.0	    5.0	
 2200	  62.86	   17.6	 1502.3	    0.0	    0.0	    0.0	    0.0	    0.0	    0.0	    0.0	    0.0	    0.0	  100.0	    0.0	    0.0	    0.0	    0.0	    0.0	   82.5	  1	 -650.0	 2050.0	    0.0	    0.0	    0.0	1	  299.4	 21	    0.0	    5.0	
 2201	  62.89	   17.6	 1502.3	    0.0	    0.0	    0.0	    0.0	    0.0	    0.0	    0.0	    0.0	    0.0	  100.0	    0.0	    0.0	    0.0	    0.0	    0.0	   82.6	  1	 -650.0	 2050.0	    0.0	    0.0	    0.0	1	  299.4	 21	    0.0	    5.0	
 2202	  62.91	   17.6	 1502.3	    0.0	    0.0	    0.0	    0.0	    0.0	    0.0	    0.0	    0.0	    0.0	  100.0	    0.0	    0.0	    0.0	    0.0	    0.0	   82.6	  1	 -650.0	 2050.0	    0.0	    0.0	    0.0	1	  299.4	 21	    0.0	    5.0	
 2203	  62.94	   17.6	 1502.3	    0.0	    0.0	    0.0	    0.0	    0.0	    0.0	    0.0	    0.0	    0.0	  100.0	    0.0	    0.0	    0.0	    0.0	    0.0	   82.6	  1	 -650.0	 2050.0	    0.0	    0.0	    0.0	1	  299.4	 21	    0.0	    5.0	
 2204	  62.97	   17.6	 1502.3	    0.0	    0.0	    0.0	    0.0	    0.0	    0.0	    0.0	    0.0	    0.0	  100.0	    0.0	    0.0	    0.0	    0.0	    0.0	   82.7	  1	 -650.0	 2050.0	    0.0	    0.0	    0.0	1	  299.4	 21	    0.0	    5.0	
 2205	  63.00	   17.6	 1502.3	    0.0	    0.0	    0.0	    0.0	    0.0	    0.0	    0.0	    0.0	    0.0	  100.0	    0.0	    0.0	    0.0	    0.0	    0.0	   82.7	  1	 -650.0	 2050.0	    0.0	    0.0	    0.0	1	  299.4	 21	    0.0	    5.0	
 2206	  63.03	   17.6	 1502.3	    0.0	    0.0	    0.0	    0.0	    0.0	    0.0	    0.0	    0.0	    0.0	  100.0	    0.0	    0.0	    0.0	    0.0	    0.0	   82.8	  1	 -650.0	 2050.0	    0.0	    0.0	    0.0	1	  299.4	 21	    0.0	    5.0	
 2207	  63.06	   17.6	 1502.3	    0.0	    0.0	    0.0	    0.0	    0.0	    0.0	    0.0	    0.0	    0.0	  100.0	    0.0	    0.0	    0.0	    0.0	    0.0	   82.8	  1	 -650.0	 2050.0	    0.0	    0.0	    0.0	1	  299.4	 21	    0.0	    5.0	
 2208	  63.09	   17.6	 1502.3	    0.0	    0.0	    0.0	    0.0	    0.0	    0.0	    0.0	    0.0	    0.0	  100.0	    0.0	    0.0	    0.0	    0.0	    0.0	   82.8	  1	 -650.0	 2050.0	    0.0	    0.0	    0.0	1	  299.4	 21	    0.0	    5.0	
 2209	  63.12	   17.6	 1502.3	    0.0	    0.0	    0.0	    0.0	    0.0	    0.0	    0.0	    0.0	    0.0	  100.0	    0.0	    0.0	    0.0	    0.0	    0.0	   82.9	  1	 -650.0	 2050.0	    0.0	    0.0	    0.0	1	  299.4	 21	    0.0	    5.0	
 2210	  63.14	   17.6	 1502.3	    0.0	    0.0	    0.0	    0.0	    0.0	    0.0	    0.0	    0.0	    0.0	  100.0	    0.0	    0.0	    0.0	    0.0	    0.0	   82.9	  1	 -650.0	 2050.0	    0.0	    0.0	    0.0	1	  299.4	 21	    0.0	    5.0	
 2211	  63.17	   17.6	 1502.3	    0.0	    0.0	    0.0	    0.0	    0.0	    0.0	    0.0	    0.0	    0.0	  100.0	    0.0	    0.0	    0.0	    0.0	    0.0	   82.9	  1	 -650.0	 2050.0	    0.0	    0.0	    0.0	1	  299.4	 21	    0.0	    5.0	
 2212	  63.20	   17.9	 1502.5	    0.0	    0.0	    0.0	    0.0	    0.0	    0.0	    0.0	    0.0	    0.0	  100.0	    0.0	    0.0	    0.0	    0.0	    0.0	   83.0	  1	 -650.0	 2050.0	    0.0	    0.0	    0.0	1	  299.4	 21	    0.0	    5.0	
 2213	  63.23	   17.9	 1502.5	    0.0	    0.0	    0.0	    0.0	    0.0	    0.0	    0.0	    0.0	    0.0	  100.0	    0.0	    0.0	    0.0	    0.0	    0.0	   83.0	  1	 -650.0	 2050.0	    0.0	    0.0	    0.0	1	  299.4	 21	    0.0	    5.0	
 2214	  63.26	   17.9	 1502.5	    0.0	    0.0	    0.0	    0.0	    0.0	    0.0	    0.0	    0.0	    0.0	  100.0	    0.0	    0.0	    0.0	    0.0	    0.0	   83.0	  1	 -650.0	 2050.0	    0.0	    0.0	    0.0	1	  299.4	 21	    0.0	    5.0	
 2215	  63.29	   18.1	 1502.5	    0.0	    0.0	    0.0	    0.0	    0.0	    0.0	    0.0	    0.0	    0.0	  100.0	    0.0	    0.0	    0.0	    0.0	    0.0	   83.1	  1	 -650.0	 2050.0	    0.0	    0.0	    0.0	1	  299.4	 21	    0.0	    5.0	
 2216	  63.31	   18.1	 1502.5	    0.0	    0.0	    0.0	    0.0	    0.0	    0.0	    0.0	    0.0	    0.0	  100.0	    0.0	    0.0	    0.0	    0.0	    0.0	   83.1	  1	 -650.0	 2050.0	    0.0	    0.0	    0.0	1	  299.4	 21	    0.0	    5.0	
 2217	  63.34	   18.1	 1502.5	    0.0	    0.0	    0.0	    0.0	    0.0	    0.0	    0.0	    0.0	    0.0	  100.0	    0.0	    0.0	    0.0	    0.0	    0.0	   83.2	  1	 -650.0	 2050.0	    0.0	    0.0	    0.0	1	  299.4	 21	    0.0	    5.0	
 2218	  63.37	   18.1	 1502.5	    0.0	    0.0	    0.0	    0.0	    0.0	    0.0	    0.0	    0.0	    0.0	  100.0	    0.0	    0.0	    0.0	    0.0	    0.0	   83.2	  1	 -650.0	 2050.0	    0.0	    0.0	    0.0	1	  299.4	 21	    0.0	    5.0	
 2219	  63.40	   18.1	 1502.5	    0.0	    0.0	    0.0	    0.0	    0.0	    0.0	    0.0	    0.0	    0.0	  100.0	    0.0	    0.0	    0.0	    0.0	    0.0	   83.2	  1	 -650.0	 2050.0	    0.0	    0.0	    0.0	1	  299.4	 21	    0.0	    5.0	
 2220	  63.43	   18.1	 1502.5	    0.0	    0.0	    0.0	    0.0	    0.0	    0.0	    0.0	    0.0	    0.0	  100.0	    0.0	    0.0	    0.0	    0.0	    0.0	   83.3	  1	 -650.0	 2050.0	    0.0	    0.0	    0.0	1	  299.4	 21	    0.0	    5.0	
 2221	  63.46	   18.1	 1502.5	    0.0	    0.0	    0.0	    0.0	    0.0	    0.0	    0.0	    0.0	    0.0	  100.0	    0.0	    0.0	    0.0	    0.0	    0.0	   83.3	  1	 -650.0	 2050.0	    0.0	    0.0	    0.0	1	  299.4	 21	    0.0	    5.0	
 2222	  63.49	   18.1	 1502.5	    0.0	    0.0	    0.0	    0.0	    0.0	    0.0	    0.0	    0.0	    0.0	  100.0	    0.0	    0.0	    0.0	    0.0	    0.0	   83.3	  1	 -650.0	 2050.0	    0.0	    0.0	    0.0	1	  299.4	 21	    0.0	    5.0	
 2223	  63.52	   18.1	 1502.5	    0.0	    0.0	    0.0	    0.0	    0.0	    0.0	    0.0	    0.0	    0.0	  100.0	    0.0	    0.0	    0.0	    0.0	    0.0	   83.4	  1	 -650.0	 2050.0	    0.0	    0.0	    0.0	1	  299.4	 21	    0.0	    5.0	
 2224	  63.54	   18.1	 1502.5	    0.0	    0.0	    0.0	    0.0	    0.0	    0.0	    0.0	    0.0	    0.0	  100.0	    0.0	    0.0	    0.0	    0.0	    0.0	   83.4	  1	 -650.0	 2050.0	    0.0	    0.0	    0.0	1	  299.4	 21	    0.0	    5.0	
 2225	  63.57	   18.1	 1502.5	    0.0	    0.0	    0.0	    0.0	    0.0	    0.0	    0.0	    0.0	    0.0	  100.0	    0.0	    0.0	    0.0	    0.0	    0.0	   83.4	  1	 -650.0	 2050.0	    0.0	    0.0	    0.0	1	  299.4	 21	    0.0	    5.0	
 2226	  63.60	   18.1	 1502.5	    0.0	    0.0	    0.0	    0.0	    0.0	    0.0	    0.0	    0.0	    0.0	  100.0	    0.0	    0.0	    0.0	    0.0	    0.0	   83.5	  1	 -650.0	 2050.0	    0.0	    0.0	    0.0	1	  299.4	 21	    0.0	    5.0	
 2227	  63.63	   18.1	 1502.5	    0.0	    0.0	    0.0	    0.0	    0.0	    0.0	    0.0	    0.0	    0.0	  100.0	    0.0	    0.0	    0.0	    0.0	    0.0	   83.5	  1	 -650.0	 2050.0	    0.0	    0.0	    0.0	1	  299.4	 21	    0.0	    5.0	
 2228	  63.66	   18.1	 1502.5	    0.0	    0.0	    0.0	    0.0	    0.0	    0.0	    0.0	    0.0	    0.0	  100.0	    0.0	    0.0	    0.0	    0.0	    0.0	   83.6	  1	 -650.0	 2050.0	    0.0	    0.0	    0.0	1	  299.4	 21	    0.0	    5.0	
 2229	  63.69	   18.1	 1502.5	    0.0	    0.0	    0.0	    0.0	    0.0	    0.0	    0.0	    0.0	    0.0	  100.0	    0.0	    0.0	    0.0	    0.0	    0.0	   83.6	  1	 -650.0	 2050.0	    0.0	    0.0	    0.0	1	  299.4	 21	    0.0	    5.0	
 2230	  63.72	   18.1	 1502.5	    0.0	    0.0	    0.0	    0.0	    0.0	    0.0	    0.0	    0.0	    0.0	  100.0	    0.0	    0.0	    0.0	    0.0	    0.0	   83.6	  1	 -650.0	 2050.0	    0.0	    0.0	    0.0	1	  299.4	 21	    0.0	    5.0	
 2231	  63.74	   18.1	 1502.5	    0.0	    0.0	    0.0	    0.0	    0.0	    0.0	    0.0	    0.0	    0.0	  100.0	    0.0	    0.0	    0.0	    0.0	    0.0	   83.7	  1	 -650.0	 2050.0	    0.0	    0.0	    0.0	1	  299.4	 21	    0.0	    5.0	
 2232	  63.77	   18.1	 1502.5	    0.0	    0.0	    0.0	    0.0	    0.0	    0.0	    0.0	    0.0	    0.0	  100.0	    0.0	    0.0	    0.0	    0.0	    0.0	   83.7	  1	 -650.0	 2050.0	    0.0	    0.0	    0.0	1	  299.4	 21	    0.0	    5.0	
 2233	  63.80	   18.1	 1502.5	    0.0	    0.0	    0.0	    0.0	    0.0	    0.0	    0.0	    0.0	    0.0	  100.0	    0.0	    0.0	    0.0	    0.0	    0.0	   83.7	  1	 -650.0	 2050.0	    0.0	    0.0	    0.0	1	  299.4	 21	    0.0	    5.0	
 2234	  63.83	   18.1	 1502.5	    0.0	    0.0	    0.0	    0.0	    0.0	    0.0	    0.0	    0.0	    0.0	  100.0	    0.0	    0.0	    0.0	    0.0	    0.0	   83.8	  1	 -650.0	 2050.0	    0.0	    0.0	    0.0	1	  299.4	 21	    0.0	    5.0	
 2235	  63.86	   18.1	 1502.5	    0.0	    0.0	    0.0	    0.0	    0.0	    0.0	    0.0	    0.0	    0.0	  100.0	    0.0	    0.0	    0.0	    0.0	    0.0	   83.8	  1	 -650.0	 2050.0	    0.0	    0.0	    0.0	1	  299.4	 21	    0.0	    5.0	
 2236	  63.89	   18.1	 1502.5	    0.0	    0.0	    0.0	    0.0	    0.0	    0.0	    0.0	    0.0	    0.0	  100.0	    0.0	    0.0	    0.0	    0.0	    0.0	   83.8	  1	 -650.0	 2050.0	    0.0	    0.0	    0.0	1	  299.4	 21	    0.0	    5.0	
 2237	  63.91	   18.1	 1502.5	    0.0	    0.0	    0.0	    0.0	    0.0	    0.0	    0.0	    0.0	    0.0	  100.0	    0.0	    0.0	    0.0	    0.0	    0.0	   83.9	  1	 -650.0	 2050.0	    0.0	    0.0	    0.0	1	  299.4	 21	    0.0	    5.0	
 2238	  63.94	   18.1	 1502.5	    0.0	    0.0	    0.0	    0.0	    0.0	    0.0	    0.0	    0.0	    0.0	  100.0	    0.0	    0.0	    0.0	    0.0	    0.0	   83.9	  1	 -650.0	 2050.0	    0.0	    0.0	    0.0	1	  299.4	 21	    0.0	    5.0	
 2239	  63.97	   18.1	 1502.5	    0.0	    0.0	    0.0	    0.0	    0.0	    0.0	    0.0	    0.0	    0.0	  100.0	    0.0	    0.0	    0.0	    0.0	    0.0	   84.0	  1	 -650.0	 2050.0	    0.0	    0.0	    0.0	1	  299.4	 21	    0.0	    5.0	
 2240	  64.00	   18.6	 1502.6	    0.0	    0.0	    0.0	    0.0	    0.0	    0.0	    0.0	    0.0	    0.0	  100.0	    0.0	    0.0	    0.0	    0.0	    0.0	   84.0	  1	 -650.0	 2050.0	    0.0	    0.0	    0.0	1	  299.4	 21	    0.0	    5.0	
 2241	  64.03	   18.6	 1502.6	    0.0	    0.0	    0.0	    0.0	    0.0	    0.0	    0.0	    0.0	    0.0	  100.0	    0.0	    0.0	    0.0	    0.0	    0.0	   84.0	  1	 -650.0	 2050.0	    0.0	    0.0	    0.0	1	  299.4	 21	    0.0	    5.0	
 2242	  64.06	   18.6	 1502.6	    0.0	    0.0	    0.0	    0.0	    0.0	    0.0	    0.0	    0.0	    0.0	  100.0	    0.0	    0.0	    0.0	    0.0	    0.0	   84.1	  1	 -650.0	 2050.0	    0.0	    0.0	    0.0	1	  299.4	 21	    0.0	    5.0	
 2243	  64.09	   18.6	 1502.6	    0.0	    0.0	    0.0	    0.0	    0.0	    0.0	    0.0	    0.0	    0.0	  100.0	    0.0	    0.0	    0.0	    0.0	    0.0	   84.1	  1	 -650.0	 2050.0	    0.0	    0.0	    0.0	1	  299.4	 21	    0.0	    5.0	
 2244	  64.11	   18.6	 1502.6	    0.0	    0.0	    0.0	    0.0	    0.0	    0.0	    0.0	    0.0	    0.0	  100.0	    0.0	    0.0	    0.0	    0.0	    0.0	   84.1	  1	 -650.0	 2050.0	    0.0	    0.0	    0.0	1	  299.4	 21	    0.0	    5.0	
 2245	  64.14	   18.6	 1502.6	    0.0	    0.0	    0.0	    0.0	    0.0	    0.0	    0.0	    0.0	    0.0	  100.0	    0.0	    0.0	    0.0	    0.0	    0.0	   84.2	  1	 -650.0	 2050.0	    0.0	    0.0	    0.0	1	  299.4	 21	    0.0	    5.0	
 2246	  64.17	   18.6	 1502.6	    0.0	    0.0	    0.0	    0.0	    0.0	    0.0	    0.0	    0.0	    0.0	  100.0	    0.0	    0.0	    0.0	    0.0	    0.0	   84.2	  1	 -650.0	 2050.0	    0.0	    0.0	    0.0	1	  299.4	 21	    0.0	    5.0	
 2247	  64.20	   19.5	 1502.6	    0.0	    0.0	    0.0	    0.0	    0.0	    0.0	    0.0	    0.0	    0.0	  100.0	    0.0	    0.0	    0.0	    0.0	    0.0	   84.2	  1	 -650.0	 2050.0	    0.0	    0.0	    0.0	1	  299.4	 21	    0.0	    5.0	
 2248	  64.23	   19.5	 1502.6	    0.0	    0.0	    0.0	    0.0	    0.0	    0.0	    0.0	    0.0	    0.0	  100.0	    0.0	    0.0	    0.0	    0.0	    0.0	   84.3	  1	 -650.0	 2050.0	    0.0	    0.0	    0.0	1	  299.4	 21	    0.0	    5.0	
 2249	  64.26	   19.5	 1502.6	    0.0	    0.0	    0.0	    0.0	    0.0	    0.0	    0.0	    0.0	    0.0	  100.0	    0.0	    0.0	    0.0	    0.0	    0.0	   84.3	  1	 -650.0	 2050.0	    0.0	    0.0	    0.0	1	  299.4	 21	    0.0	    5.0	
 2250	  64.29	   19.5	 1502.6	    0.0	    0.0	    0.0	    0.0	    0.0	    0.0	    0.0	    0.0	    0.0	  100.0	    0.0	    0.0	    0.0	    0.0	    0.0	   84.4	  1	 -650.0	 2050.0	    0.0	    0.0	    0.0	1	  299.4	 21	    0.0	    5.0	
 2251	  64.31	   19.5	 1502.6	    0.0	    0.0	    0.0	    0.0	    0.0	    0.0	    0.0	    0.0	    0.0	  100.0	    0.0	    0.0	    0.0	    0.0	    0.0	   84.4	  1	 -650.0	 2050.0	    0.0	    0.0	    0.0	1	  299.4	 21	    0.0	    5.0	
 2252	  64.34	   19.5	 1502.6	    0.0	    0.0	    0.0	    0.0	    0.0	    0.0	    0.0	    0.0	    0.0	  100.0	    0.0	    0.0	    0.0	    0.0	    0.0	   84.4	  1	 -650.0	 2050.0	    0.0	    0.0	    0.0	1	  299.4	 21	    0.0	    5.0	
 2253	  64.37	   19.5	 1502.6	    0.0	    0.0	    0.0	    0.0	    0.0	    0.0	    0.0	    0.0	    0.0	  100.0	    0.0	    0.0	    0.0	    0.0	    0.0	   84.5	  1	 -650.0	 2050.0	    0.0	    0.0	    0.0	1	  299.4	 21	    0.0	    5.0	
 2254	  64.40	   19.5	 1502.6	    0.0	    0.0	    0.0	    0.0	    0.0	    0.0	    0.0	    0.0	    0.0	  100.0	    0.0	    0.0	    0.0	    0.0	    0.0	   84.5	  1	 -650.0	 2050.0	    0.0	    0.0	    0.0	1	  299.4	 21	    0.0	    5.0	
 2255	  64.43	   19.5	 1502.6	    0.0	    0.0	    0.0	    0.0	    0.0	    0.0	    0.0	    0.0	    0.0	  100.0	    0.0	    0.0	    0.0	    0.0	    0.0	   84.5	  1	 -650.0	 2050.0	    0.0	    0.0	    0.0	1	  299.4	 21	    0.0	    5.0	
 2256	  64.46	   19.5	 1502.6	    0.0	    0.0	    0.0	    0.0	    0.0	    0.0	    0.0	    0.0	    0.0	  100.0	    0.0	    0.0	    0.0	    0.0	    0.0	   84.6	  1	 -650.0	 2050.0	    0.0	    0.0	    0.0	1	  299.4	 21	    0.0	    5.0	
 2257	  64.49	   20.4	 1502.8	    0.0	    0.0	    0.0	    0.0	    0.0	    0.0	    0.0	    0.0	    0.0	  100.0	    0.0	    0.0	    0.0	    0.0	    0.0	   84.6	  1	 -650.0	 2050.0	    0.0	    0.0	    0.0	1	  299.4	 21	    0.0	    5.0	
 2258	  64.52	   20.4	 1502.8	    0.0	    0.0	    0.0	    0.0	    0.0	    0.0	    0.0	    0.0	    0.0	  100.0	    0.0	    0.0	    0.0	    0.0	    0.0	   84.6	  1	 -650.0	 2050.0	    0.0	    0.0	    0.0	1	  299.4	 21	    0.0	    5.0	
 2259	  64.54	   20.4	 1502.8	    0.0	    0.0	    0.0	    0.0	    0.0	    0.0	    0.0	    0.0	    0.0	  100.0	    0.0	    0.0	    0.0	    0.0	    0.0	   84.7	  1	 -650.0	 2050.0	    0.0	    0.0	    0.0	1	  299.4	 21	    0.0	    5.0	
 2260	  64.57	   20.4	 1502.8	    0.0	    0.0	    0.0	    0.0	    0.0	    0.0	    0.0	    0.0	    0.0	  100.0	    0.0	    0.0	    0.0	    0.0	    0.0	   84.7	  1	 -650.0	 2050.0	    0.0	    0.0	    0.0	1	  299.4	 21	    0.0	    5.0	
 2261	  64.60	   21.7	 1503.3	    0.0	    0.0	    0.0	    0.0	    0.0	    0.0	    0.0	    0.0	    0.0	  100.0	    0.0	    0.0	    0.0	    0.0	    0.0	   84.7	  1	 -650.0	 2050.0	    0.0	    0.0	    0.0	1	  299.4	 21	    0.0	    5.0	
 2262	  64.63	   21.7	 1503.3	    0.0	    0.0	    0.0	    0.0	    0.0	    0.0	    0.0	    0.0	    0.0	  100.0	    0.0	    0.0	    0.0	    0.0	    0.0	   84.8	  1	 -650.0	 2050.0	    0.0	    0.0	    0.0	1	  299.4	 21	    0.0	    5.0	
 2263	  64.66	   21.7	 1503.3	    0.0	    0.0	    0.0	    0.0	    0.0	    0.0	    0.0	    0.0	    0.0	  100.0	    0.0	    0.0	    0.0	    0.0	    0.0	   84.8	  1	 -650.0	 2050.0	    0.0	    0.0	    0.0	1	  299.4	 21	    0.0	    5.0	
 2264	  64.69	   21.8	 1504.1	    0.0	    0.0	    0.0	    0.0	    0.0	    0.0	    0.0	    0.0	    0.0	  100.0	    0.0	    0.0	    0.0	    0.0	    0.0	   84.9	  1	 -650.0	 2050.0	    0.0	    0.0	    0.0	1	  299.4	 21	    0.0	    5.0	
 2265	  64.72	   21.8	 1504.1	    0.0	    0.0	    0.0	    0.0	    0.0	    0.0	    0.0	    0.0	    0.0	  100.0	    0.0	    0.0	    0.0	    0.0	    0.0	   84.9	  1	 -650.0	 2050.0	    0.0	    0.0	    0.0	1	  299.4	 21	    0.0	    5.0	
 2266	  64.74	   21.8	 1504.1	    0.0	    0.0	    0.0	    0.0	    0.0	    0.0	    0.0	    0.0	    0.0	  100.0	    0.0	    0.0	    0.0	    0.0	    0.0	   84.9	  1	 -650.0	 2050.0	    0.0	    0.0	    0.0	1	  299.4	 21	    0.0	    5.0	
 2267	  64.77	   21.8	 1504.1	    0.0	    0.0	    0.0	    0.0	    0.0	    0.0	    0.0	    0.0	    0.0	  100.0	    0.0	    0.0	    0.0	    0.0	    0.0	   85.0	  1	 -650.0	 2050.0	    0.0	    0.0	    0.0	1	  299.4	 21	    0.0	    5.0	
 2268	  64.80	   23.3	 1504.5	    0.0	    0.0	    0.0	    0.0	    0.0	    0.0	    0.0	    0.0	    0.0	  100.0	    0.0	    0.0	    0.0	    0.0	    0.0	   85.0	  1	 -650.0	 2050.0	    0.0	    0.0	    0.0	1	  299.4	 21	    0.0	    5.0	
 2269	  64.83	   23.3	 1504.5	    0.0	    0.0	    0.0	    0.0	    0.0	    0.0	    0.0	    0.0	    0.0	  100.0	    0.0	    0.0	    0.0	    0.0	    0.0	   85.0	  1	 -650.0	 2050.0	    0.0	    0.0	    0.0	1	  299.4	 21	    0.0	    5.0	
 2270	  64.86	   23.3	 1504.5	    0.0	    0.0	    0.0	    0.0	    0.0	    0.0	    0.0	    0.0	    0.0	  100.0	    0.0	    0.0	    0.0	    0.0	    0.0	   85.1	  1	 -650.0	 2050.0	    0.0	    0.0	    0.0	1	  299.4	 21	    0.0	    5.0	
 2271	  64.89	   23.3	 1504.5	    0.0	    0.0	    0.0	    0.0	    0.0	    0.0	    0.0	    0.0	    0.0	  100.0	    0.0	    0.0	    0.0	    0.0	    0.0	   85.1	  1	 -650.0	 2050.0	    0.0	    0.0	    0.0	1	  299.4	 21	    0.0	    5.0	
 2272	  64.92	   23.3	 1504.5	    0.0	    0.0	    0.0	    0.0	    0.0	    0.0	    0.0	    0.0	    0.0	  100.0	    0.0	    0.0	    0.0	    0.0	    0.0	   85.1	  1	 -650.0	 2050.0	    0.0	    0.0	    0.0	1	  299.4	 21	    0.0	    5.0	
 2273	  64.94	   23.3	 1504.5	    0.0	    0.0	    0.0	    0.0	    0.0	    0.0	    0.0	    0.0	    0.0	  100.0	    0.0	    0.0	    0.0	    0.0	    0.0	   85.2	  1	 -650.0	 2050.0	    0.0	    0.0	    0.0	1	  299.4	 21	    0.0	    5.0	
 2274	  64.97	   23.3	 1504.5	    0.0	    0.0	    0.0	    0.0	    0.0	    0.0	    0.0	    0.0	    0.0	  100.0	    0.0	    0.0	    0.0	    0.0	    0.0	   85.2	  1	 -650.0	 2050.0	    0.0	    0.0	    0.0	1	  299.4	 21	    0.0	    5.0	
 2275	  65.00	   23.3	 1504.5	    0.0	    0.0	    0.0	    0.0	    0.0	    0.0	    0.0	    0.0	    0.0	  100.0	    0.0	    0.0	    0.0	    0.0	    0.0	   85.3	  1	 -650.0	 2050.0	    0.0	    0.0	    0.0	1	  299.4	 21	    0.0	    5.0	
 2276	  65.03	   23.3	 1504.5	    0.0	    0.0	    0.0	    0.0	    0.0	    0.0	    0.0	    0.0	    0.0	  100.0	    0.0	    0.0	    0.0	    0.0	    0.0	   85.3	  1	 -650.0	 2050.0	    0.0	    0.0	    0.0	1	  299.4	 21	    0.0	    5.0	
 2277	  65.06	   23.3	 1504.5	    0.0	    0.0	    0.0	    0.0	    0.0	    0.0	    0.0	    0.0	    0.0	  100.0	    0.0	    0.0	    0.0	    0.0	    0.0	   85.3	  1	 -650.0	 2050.0	    0.0	    0.0	    0.0	1	  299.4	 21	    0.0	    5.0	
 2278	  65.09	   23.3	 1504.5	    0.0	    0.0	    0.0	    0.0	    0.0	    0.0	    0.0	    0.0	    0.0	  100.0	    0.0	    0.0	    0.0	    0.0	    0.0	   85.4	  1	 -650.0	 2050.0	    0.0	    0.0	    0.0	1	  299.4	 21	    0.0	    5.0	
 2279	  65.11	   23.3	 1504.5	    0.0	    0.0	    0.0	    0.0	    0.0	    0.0	    0.0	    0.0	    0.0	  100.0	    0.0	    0.0	    0.0	    0.0	    0.0	   85.4	  1	 -650.0	 2050.0	    0.0	    0.0	    0.0	1	  299.4	 21	    0.0	    5.0	
 2280	  65.14	   23.3	 1504.5	    0.0	    0.0	    0.0	    0.0	    0.0	    0.0	    0.0	    0.0	    0.0	  100.0	    0.0	    0.0	    0.0	    0.0	    0.0	   85.4	  1	 -650.0	 2050.0	    0.0	    0.0	    0.0	1	  299.4	 21	    0.0	    5.0	
 2281	  65.17	   23.3	 1504.5	    0.0	    0.0	    0.0	    0.0	    0.0	    0.0	    0.0	    0.0	    0.0	  100.0	    0.0	    0.0	    0.0	    0.0	    0.0	   85.5	  1	 -650.0	 2050.0	    0.0	    0.0	    0.0	1	  299.4	 21	    0.0	    5.0	
 2282	  65.20	   23.7	 1504.8	    0.0	    0.0	    0.0	    0.0	    0.0	    0.0	    0.0	    0.0	    0.0	  100.0	    0.0	    0.0	    0.0	    0.0	    0.0	   85.5	  1	 -650.0	 2050.0	    0.0	    0.0	    0.0	1	  299.4	 21	    0.0	    5.0	
 2283	  65.23	   23.7	 1504.8	    0.0	    0.0	    0.0	    0.0	    0.0	    0.0	    0.0	    0.0	    0.0	  100.0	    0.0	    0.0	    0.0	    0.0	    0.0	   85.5	  1	 -650.0	 2050.0	    0.0	    0.0	    0.0	1	  299.4	 21	    0.0	    5.0	
 2284	  65.26	   23.7	 1504.8	    0.0	    0.0	    0.0	    0.0	    0.0	    0.0	    0.0	    0.0	    0.0	  100.0	    0.0	    0.0	    0.0	    0.0	    0.0	   85.6	  1	 -650.0	 2050.0	    0.0	    0.0	    0.0	1	  299.4	 21	    0.0	    5.0	
 2285	  65.29	   26.2	 1506.9	    0.0	    0.0	    0.0	    0.0	    0.0	    0.0	    0.0	    0.0	    0.0	  100.0	    0.0	    0.0	    0.0	    0.0	    0.0	   85.6	  1	 -650.0	 2050.0	    0.0	    0.0	    0.0	1	  299.4	 21	    0.0	    5.0	
 2286	  65.31	   26.2	 1506.9	    0.0	    0.0	    0.0	    0.0	    0.0	    0.0	    0.0	    0.0	    0.0	  100.0	    0.0	    0.0	    0.0	    0.0	    0.0	   85.6	  1	 -650.0	 2050.0	    0.0	    0.0	    0.0	1	  299.4	 21	    0.0	    5.0	
 2287	  65.34	   26.2	 1506.9	    0.0	    0.0	    0.0	    0.0	    0.0	    0.0	    0.0	    0.0	    0.0	  100.0	    0.0	    0.0	    0.0	    0.0	    0.0	   85.7	  1	 -650.0	 2050.0	    0.0	    0.0	    0.0	1	  299.4	 21	    0.0	    5.0	
 2288	  65.37	   26.2	 1506.9	    0.0	    0.0	    0.0	    0.0	    0.0	    0.0	    0.0	    0.0	    0.0	  100.0	    0.0	    0.0	    0.0	    0.0	    0.0	   85.7	  1	 -650.0	 2050.0	    0.0	    0.0	    0.0	1	  299.4	 21	    0.0	    5.0	
 2289	  65.40	   25.1	 1507.4	    0.0	    0.0	    0.0	    0.0	    0.0	    0.0	    0.0	    0.0	    0.0	  100.0	    0.0	    0.0	    0.0	    0.0	    0.0	   85.8	  1	 -650.0	 2050.0	    0.0	    0.0	    0.0	1	  299.4	 21	    0.0	    5.0	
 2290	  65.43	   25.1	 1507.4	    0.0	    0.0	    0.0	    0.0	    0.0	    0.0	    0.0	    0.0	    0.0	  100.0	    0.0	    0.0	    0.0	    0.0	    0.0	   85.8	  1	 -650.0	 2050.0	    0.0	    0.0	    0.0	1	  299.4	 21	    0.0	    5.0	
 2291	  65.46	   25.1	 1507.4	    0.0	    0.0	    0.0	    0.0	    0.0	    0.0	    0.0	    0.0	    0.0	  100.0	    0.0	    0.0	    0.0	    0.0	    0.0	   85.8	  1	 -650.0	 2050.0	    0.0	    0.0	    0.0	1	  299.4	 21	    0.0	    5.0	
 2292	  65.49	   25.0	 1507.4	    0.0	    0.0	    0.0	    0.0	    0.0	    0.0	    0.0	    0.0	    0.0	  100.0	    0.0	    0.0	    0.0	    0.0	    0.0	   85.9	  1	 -650.0	 2050.0	    0.0	    0.0	    0.0	1	  299.4	 21	    0.0	    5.0	
 2293	  65.52	   25.0	 1507.4	    0.0	    0.0	    0.0	    0.0	    0.0	    0.0	    0.0	    0.0	    0.0	  100.0	    0.0	    0.0	    0.0	    0.0	    0.0	   85.9	  1	 -650.0	 2050.0	    0.0	    0.0	    0.0	1	  299.4	 21	    0.0	    5.0	
 2294	  65.54	   25.0	 1507.4	    0.0	    0.0	    0.0	    0.0	    0.0	    0.0	    0.0	    0.0	    0.0	  100.0	    0.0	    0.0	    0.0	    0.0	    0.0	   85.9	  1	 -650.0	 2050.0	    0.0	    0.0	    0.0	1	  299.4	 21	    0.0	    5.0	
 2295	  65.57	   25.0	 1507.4	    0.0	    0.0	    0.0	    0.0	    0.0	    0.0	    0.0	    0.0	    0.0	  100.0	    0.0	    0.0	    0.0	    0.0	    0.0	   86.0	  1	 -650.0	 2050.0	    0.0	    0.0	    0.0	1	  299.4	 21	    0.0	    5.0	
 2296	  65.60	   25.3	 1507.9	    0.0	    0.0	    0.0	    0.0	    0.0	    0.0	    0.0	    0.0	    0.0	  100.0	    0.0	    0.0	    0.0	    0.0	    0.0	   86.0	  1	 -650.0	 2050.0	    0.0	    0.0	    0.0	1	  299.4	 21	    0.0	    5.0	
 2297	  65.63	   25.3	 1507.9	    0.0	    0.0	    0.0	    0.0	    0.0	    0.0	    0.0	    0.0	    0.0	  100.0	    0.0	    0.0	    0.0	    0.0	    0.0	   86.0	  1	 -650.0	 2050.0	    0.0	    0.0	    0.0	1	  299.4	 21	    0.0	    5.0	
 2298	  65.66	   25.3	 1507.9	    0.0	    0.0	    0.0	    0.0	    0.0	    0.0	    0.0	    0.0	    0.0	  100.0	    0.0	    0.0	    0.0	    0.0	    0.0	   86.1	  1	 -650.0	 2050.0	    0.0	    0.0	    0.0	1	  299.4	 21	    0.0	    5.0	
 2299	  65.69	   25.4	 1508.3	    0.0	    0.0	    0.0	    0.0	    0.0	    0.0	    0.0	    0.0	    0.0	  100.0	    0.0	    0.0	    0.0	    0.0	    0.0	   86.1	  1	 -650.0	 2050.0	    0.0	    0.0	    0.0	1	  299.4	 21	    0.0	    5.0	
 2300	  65.72	   25.4	 1508.3	    0.0	    0.0	    0.0	    0.0	    0.0	    0.0	    0.0	    0.0	    0.0	  100.0	    0.0	    0.0	    0.0	    0.0	    0.0	   86.2	  1	 -650.0	 2050.0	    0.0	    0.0	    0.0	1	  299.4	 21	    0.0	    5.0	
 2301	  65.74	   25.4	 1508.3	    0.0	    0.0	    0.0	    0.0	    0.0	    0.0	    0.0	    0.0	    0.0	  100.0	    0.0	    0.0	    0.0	    0.0	    0.0	   86.2	  1	 -650.0	 2050.0	    0.0	    0.0	    0.0	1	  299.4	 21	    0.0	    5.0	
 2302	  65.77	   25.4	 1508.3	    0.0	    0.0	    0.0	    0.0	    0.0	    0.0	    0.0	    0.0	    0.0	  100.0	    0.0	    0.0	    0.0	    0.0	    0.0	   86.2	  1	 -650.0	 2050.0	    0.0	    0.0	    0.0	1	  299.4	 21	    0.0	    5.0	
 2303	  65.80	   25.4	 1508.3	    0.0	    0.0	    0.0	    0.0	    0.0	    0.0	    0.0	    0.0	    0.0	  100.0	    0.0	    0.0	    0.0	    0.0	    0.0	   86.3	  1	 -650.0	 2050.0	    0.0	    0.0	    0.0	1	  299.4	 21	    0.0	    5.0	
 2304	  65.83	   25.4	 1508.3	    0.0	    0.0	    0.0	    0.0	    0.0	    0.0	    0.0	    0.0	    0.0	  100.0	    0.0	    0.0	    0.0	    0.0	    0.0	   86.3	  1	 -650.0	 2050.0	    0.0	    0.0	    0.0	1	  299.4	 21	    0.0	    5.0	
 2305	  65.86	   25.4	 1508.3	    0.0	    0.0	    0.0	    0.0	    0.0	    0.0	    0.0	    0.0	    0.0	  100.0	    0.0	    0.0	    0.0	    0.0	    0.0	   86.3	  1	 -650.0	 2050.0	    0.0	    0.0	    0.0	1	  299.4	 21	    0.0	    5.0	
 2306	  65.89	   25.4	 1508.3	    0.0	    0.0	    0.0	    0.0	    0.0	    0.0	    0.0	    0.0	    0.0	  100.0	    0.0	    0.0	    0.0	    0.0	    0.0	   86.4	  1	 -650.0	 2050.0	    0.0	    0.0	    0.0	1	  299.4	 21	    0.0	    5.0	
 2307	  65.92	   25.4	 1508.3	    0.0	    0.0	    0.0	    0.0	    0.0	    0.0	    0.0	    0.0	    0.0	  100.0	    0.0	    0.0	    0.0	    0.0	    0.0	   86.4	  1	 -650.0	 2050.0	    0.0	    0.0	    0.0	1	  299.4	 21	    0.0	    5.0	
 2308	  65.94	   25.4	 1508.3	    0.0	    0.0	    0.0	    0.0	    0.0	    0.0	    0.0	    0.0	    0.0	  100.0	    0.0	    0.0	    0.0	    0.0	    0.0	   86.4	  1	 -650.0	 2050.0	    0.0	    0.0	    0.0	1	  299.4	 21	    0.0	    5.0	
 2309	  65.97	   25.4	 1508.3	    0.0	    0.0	    0.0	    0.0	    0.0	    0.0	    0.0	    0.0	    0.0	  100.0	    0.0	    0.0	    0.0	    0.0	    0.0	   86.5	  1	 -650.0	 2050.0	    0.0	    0.0	    0.0	1	  299.4	 21	    0.0	    5.0	
 2310	  66.00	   25.4	 1508.3	    0.0	    0.0	    0.0	    0.0	    0.0	    0.0	    0.0	    0.0	    0.0	  100.0	    0.0	    0.0	    0.0	    0.0	    0.0	   86.5	  1	 -650.0	 2050.0	    0.0	    0.0	    0.0	1	  299.4	 21	    0.0	    5.0	
 2311	  66.03	   25.4	 1508.3	    0.0	    0.0	    0.0	    0.0	    0.0	    0.0	    0.0	    0.0	    0.0	  100.0	    0.0	    0.0	    0.0	    0.0	    0.0	   86.5	  1	 -650.0	 2050.0	    0.0	    0.0	    0.0	1	  299.4	 21	    0.0	    5.0	
 2312	  66.06	   25.4	 1508.3	    0.0	    0.0	    0.0	    0.0	    0.0	    0.0	    0.0	    0.0	    0.0	  100.0	    0.0	    0.0	    0.0	    0.0	    0.0	   86.6	  1	 -650.0	 2050.0	    0.0	    0.0	    0.0	1	  299.4	 21	    0.0	    5.0	
 2313	  66.09	   25.4	 1508.3	    0.0	    0.0	    0.0	    0.0	    0.0	    0.0	    0.0	    0.0	    0.0	  100.0	    0.0	    0.0	    0.0	    0.0	    0.0	   86.6	  1	 -650.0	 2050.0	    0.0	    0.0	    0.0	1	  299.4	 21	    0.0	    5.0	
 2314	  66.11	   25.4	 1508.3	    0.0	    0.0	    0.0	    0.0	    0.0	    0.0	    0.0	    0.0	    0.0	  100.0	    0.0	    0.0	    0.0	    0.0	    0.0	   86.7	  1	 -650.0	 2050.0	    0.0	    0.0	    0.0	1	  299.4	 21	    0.0	    5.0	
 2315	  66.14	   25.4	 1508.3	    0.0	    0.0	    0.0	    0.0	    0.0	    0.0	    0.0	    0.0	    0.0	  100.0	    0.0	    0.0	    0.0	    0.0	    0.0	   86.7	  1	 -650.0	 2050.0	    0.0	    0.0	    0.0	1	  299.4	 21	    0.0	    5.0	
 2316	  66.17	   25.4	 1508.3	    0.0	    0.0	    0.0	    0.0	    0.0	    0.0	    0.0	    0.0	    0.0	  100.0	    0.0	    0.0	    0.0	    0.0	    0.0	   86.7	  1	 -650.0	 2050.0	    0.0	    0.0	    0.0	1	  299.4	 21	    0.0	    5.0	
 2317	  66.20	   24.9	 1508.3	    0.0	    0.0	    0.0	    0.0	    0.0	    0.0	    0.0	    0.0	    0.0	  100.0	    0.0	    0.0	    0.0	    0.0	    0.0	   86.8	  1	 -650.0	 2050.0	    0.0	    0.0	    0.0	1	  299.4	 21	    0.0	    5.0	
 2318	  66.23	   24.9	 1508.3	    0.0	    0.0	    0.0	    0.0	    0.0	    0.0	    0.0	    0.0	    0.0	  100.0	    0.0	    0.0	    0.0	    0.0	    0.0	   86.8	  1	 -650.0	 2050.0	    0.0	    0.0	    0.0	1	  299.4	 21	    0.0	    5.0	
 2319	  66.26	   24.9	 1508.3	    0.0	    0.0	    0.0	    0.0	    0.0	    0.0	    0.0	    0.0	    0.0	  100.0	    0.0	    0.0	    0.0	    0.0	    0.0	   86.8	  1	 -650.0	 2050.0	    0.0	    0.0	    0.0	1	  299.4	 21	    0.0	    5.0	
 2320	  66.29	   24.9	 1508.3	    0.0	    0.0	    0.0	    0.0	    0.0	    0.0	    0.0	    0.0	    0.0	  100.0	    0.0	    0.0	    0.0	    0.0	    0.0	   86.9	  1	 -650.0	 2050.0	    0.0	    0.0	    0.0	1	  299.4	 21	    0.0	    5.0	
 2321	  66.31	   24.9	 1508.3	    0.0	    0.0	    0.0	    0.0	    0.0	    0.0	    0.0	    0.0	    0.0	  100.0	    0.0	    0.0	    0.0	    0.0	    0.0	   86.9	  1	 -650.0	 2050.0	    0.0	    0.0	    0.0	1	  299.4	 21	    0.0	    5.0	
 2322	  66.34	   24.9	 1508.3	    0.0	    0.0	    0.0	    0.0	    0.0	    0.0	    0.0	    0.0	    0.0	  100.0	    0.0	    0.0	    0.0	    0.0	    0.0	   86.9	  1	 -650.0	 2050.0	    0.0	    0.0	    0.0	1	  299.4	 21	    0.0	    5.0	
 2323	  66.37	   24.9	 1508.3	    0.0	    0.0	    0.0	    0.0	    0.0	    0.0	    0.0	    0.0	    0.0	  100.0	    0.0	    0.0	    0.0	    0.0	    0.0	   87.0	  1	 -650.0	 2050.0	    0.0	    0.0	    0.0	1	  299.4	 21	    0.0	    5.0	
 2324	  66.40	   24.9	 1508.3	    0.0	    0.0	    0.0	    0.0	    0.0	    0.0	    0.0	    0.0	    0.0	  100.0	    0.0	    0.0	    0.0	    0.0	    0.0	   87.0	  1	 -650.0	 2050.0	    0.0	    0.0	    0.0	1	  299.4	 21	    0.0	    5.0	
 2325	  66.43	   24.9	 1508.3	    0.0	    0.0	    0.0	    0.0	    0.0	    0.0	    0.0	    0.0	    0.0	  100.0	    0.0	    0.0	    0.0	    0.0	    0.0	   87.0	  1	 -650.0	 2050.0	    0.0	    0.0	    0.0	1	  299.4	 21	    0.0	    5.0	
 2326	  66.46	   24.9	 1508.3	    0.0	    0.0	    0.0	    0.0	    0.0	    0.0	    0.0	    0.0	    0.0	  100.0	    0.0	    0.0	    0.0	    0.0	    0.0	   87.1	  1	 -650.0	 2050.0	    0.0	    0.0	    0.0	1	  299.4	 21	    0.0	    5.0	
 2327	  66.49	   24.9	 1508.3	    0.0	    0.0	    0.0	    0.0	    0.0	    0.0	    0.0	    0.0	    0.0	  100.0	    0.0	    0.0	    0.0	    0.0	    0.0	   87.1	  1	 -650.0	 2050.0	    0.0	    0.0	    0.0	1	  299.4	 21	    0.0	    5.0	
 2328	  66.52	   24.9	 1508.3	    0.0	    0.0	    0.0	    0.0	    0.0	    0.0	    0.0	    0.0	    0.0	  100.0	    0.0	    0.0	    0.0	    0.0	    0.0	   87.2	  1	 -650.0	 2050.0	    0.0	    0.0	    0.0	1	  299.4	 21	    0.0	    5.0	
 2329	  66.54	   24.9	 1508.3	    0.0	    0.0	    0.0	    0.0	    0.0	    0.0	    0.0	    0.0	    0.0	  100.0	    0.0	    0.0	    0.0	    0.0	    0.0	   87.2	  1	 -650.0	 2050.0	    0.0	    0.0	    0.0	1	  299.4	 21	    0.0	    5.0	
 2330	  66.57	   24.9	 1508.3	    0.0	    0.0	    0.0	    0.0	    0.0	    0.0	    0.0	    0.0	    0.0	  100.0	    0.0	    0.0	    0.0	    0.0	    0.0	   87.2	  1	 -650.0	 2050.0	    0.0	    0.0	    0.0	1	  299.4	 21	    0.0	    5.0	
 2331	  66.60	   24.9	 1508.3	    0.0	    0.0	    0.0	    0.0	    0.0	    0.0	    0.0	    0.0	    0.0	  100.0	    0.0	    0.0	    0.0	    0.0	    0.0	   87.3	  1	 -650.0	 2050.0	    0.0	    0.0	    0.0	1	  299.4	 21	    0.0	    5.0	
 2332	  66.63	   24.9	 1508.3	    0.0	    0.0	    0.0	    0.0	    0.0	    0.0	    0.0	    0.0	    0.0	  100.0	    0.0	    0.0	    0.0	    0.0	    0.0	   87.3	  1	 -650.0	 2050.0	    0.0	    0.0	    0.0	1	  299.4	 21	    0.0	    5.0	
 2333	  66.66	   24.9	 1508.3	    0.0	    0.0	    0.0	    0.0	    0.0	    0.0	    0.0	    0.0	    0.0	  100.0	    0.0	    0.0	    0.0	    0.0	    0.0	   87.3	  1	 -650.0	 2050.0	    0.0	    0.0	    0.0	1	  299.4	 21	    0.0	    5.0	
 2334	  66.69	   24.9	 1508.3	    0.0	    0.0	    0.0	    0.0	    0.0	    0.0	    0.0	    0.0	    0.0	  100.0	    0.0	    0.0	    0.0	    0.0	    0.0	   87.4	  1	 -650.0	 2050.0	    0.0	    0.0	    0.0	1	  299.4	 21	    0.0	    5.0	
 2335	  66.72	   24.9	 1508.3	    0.0	    0.0	    0.0	    0.0	    0.0	    0.0	    0.0	    0.0	    0.0	  100.0	    0.0	    0.0	    0.0	    0.0	    0.0	   87.4	  1	 -650.0	 2050.0	    0.0	    0.0	    0.0	1	  299.4	 21	    0.0	    5.0	
 2336	  66.74	   24.9	 1508.3	    0.0	    0.0	    0.0	    0.0	    0.0	    0.0	    0.0	    0.0	    0.0	  100.0	    0.0	    0.0	    0.0	    0.0	    0.0	   87.4	  1	 -650.0	 2050.0	    0.0	    0.0	    0.0	1	  299.4	 21	    0.0	    5.0	
 2337	  66.77	   24.9	 1508.3	    0.0	    0.0	    0.0	    0.0	    0.0	    0.0	    0.0	    0.0	    0.0	  100.0	    0.0	    0.0	    0.0	    0.0	    0.0	   87.5	  1	 -650.0	 2050.0	    0.0	    0.0	    0.0	1	  299.4	 21	    0.0	    5.0	
 2338	  66.80	   24.9	 1508.3	    0.0	    0.0	    0.0	    0.0	    0.0	    0.0	    0.0	    0.0	    0.0	  100.0	    0.0	    0.0	    0.0	    0.0	    0.0	   87.5	  1	 -650.0	 2050.0	    0.0	    0.0	    0.0	1	  299.4	 21	    0.0	    5.0	
 2339	  66.83	   24.9	 1508.3	    0.0	    0.0	    0.0	    0.0	    0.0	    0.0	    0.0	    0.0	    0.0	  100.0	    0.0	    0.0	    0.0	    0.0	    0.0	   87.6	  1	 -650.0	 2050.0	    0.0	    0.0	    0.0	1	  299.4	 21	    0.0	    5.0	
 2340	  66.86	   24.9	 1508.3	    0.0	    0.0	    0.0	    0.0	    0.0	    0.0	    0.0	    0.0	    0.0	  100.0	    0.0	    0.0	    0.0	    0.0	    0.0	   87.6	  1	 -650.0	 2050.0	    0.0	    0.0	    0.0	1	  299.4	 21	    0.0	    5.0	
 2341	  66.89	   24.9	 1508.3	    0.0	    0.0	    0.0	    0.0	    0.0	    0.0	    0.0	    0.0	    0.0	  100.0	    0.0	    0.0	    0.0	    0.0	    0.0	   87.6	  1	 -650.0	 2050.0	    0.0	    0.0	    0.0	1	  299.4	 21	    0.0	    5.0	
 2342	  66.92	   24.9	 1508.3	    0.0	    0.0	    0.0	    0.0	    0.0	    0.0	    0.0	    0.0	    0.0	  100.0	    0.0	    0.0	    0.0	    0.0	    0.0	   87.7	  1	 -650.0	 2050.0	    0.0	    0.0	    0.0	1	  299.4	 21	    0.0	    5.0	
 2343	  66.94	   24.9	 1508.3	    0.0	    0.0	    0.0	    0.0	    0.0	    0.0	    0.0	    0.0	    0.0	  100.0	    0.0	    0.0	    0.0	    0.0	    0.0	   87.7	  1	 -650.0	 2050.0	    0.0	    0.0	    0.0	1	  299.4	 21	    0.0	    5.0	
 2344	  66.97	   24.9	 1508.3	    0.0	    0.0	    0.0	    0.0	    0.0	    0.0	    0.0	    0.0	    0.0	  100.0	    0.0	    0.0	    0.0	    0.0	    0.0	   87.7	  1	 -650.0	 2050.0	    0.0	    0.0	    0.0	1	  299.4	 21	    0.0	    5.0	
 2345	  67.00	   24.9	 1508.3	    0.0	    0.0	    0.0	    0.0	    0.0	    0.0	    0.0	    0.0	    0.0	  100.0	    0.0	    0.0	    0.0	    0.0	    0.0	   87.8	  1	 -650.0	 2050.0	    0.0	    0.0	    0.0	1	  299.4	 21	    0.0	    5.0	
 2346	  67.03	   24.9	 1508.3	    0.0	    0.0	    0.0	    0.0	    0.0	    0.0	    0.0	    0.0	    0.0	  100.0	    0.0	    0.0	    0.0	    0.0	    0.0	   87.8	  1	 -650.0	 2050.0	    0.0	    0.0	    0.0	1	  299.4	 21	    0.0	    5.0	
 2347	  67.06	   24.9	 1508.3	    0.0	    0.0	    0.0	    0.0	    0.0	    0.0	    0.0	    0.0	    0.0	  100.0	    0.0	    0.0	    0.0	    0.0	    0.0	   87.8	  1	 -650.0	 2050.0	    0.0	    0.0	    0.0	1	  299.4	 21	    0.0	    5.0	
 2348	  67.09	   24.9	 1508.3	    0.0	    0.0	    0.0	    0.0	    0.0	    0.0	    0.0	    0.0	    0.0	  100.0	    0.0	    0.0	    0.0	    0.0	    0.0	   87.9	  1	 -650.0	 2050.0	    0.0	    0.0	    0.0	1	  299.4	 21	    0.0	    5.0	
 2349	  67.11	   24.9	 1508.3	    0.0	    0.0	    0.0	    0.0	    0.0	    0.0	    0.0	    0.0	    0.0	  100.0	    0.0	    0.0	    0.0	    0.0	    0.0	   87.9	  1	 -650.0	 2050.0	    0.0	    0.0	    0.0	1	  299.4	 21	    0.0	    5.0	
 2350	  67.14	   24.9	 1508.3	    0.0	    0.0	    0.0	    0.0	    0.0	    0.0	    0.0	    0.0	    0.0	  100.0	    0.0	    0.0	    0.0	    0.0	    0.0	   87.9	  1	 -650.0	 2050.0	    0.0	    0.0	    0.0	1	  299.4	 21	    0.0	    5.0	
 2351	  67.17	   24.9	 1508.3	    0.0	    0.0	    0.0	    0.0	    0.0	    0.0	    0.0	    0.0	    0.0	  100.0	    0.0	    0.0	    0.0	    0.0	    0.0	   88.0	  1	 -650.0	 2050.0	    0.0	    0.0	    0.0	1	  299.4	 21	    0.0	    5.0	
 2352	  67.20	   24.9	 1508.3	    0.0	    0.0	    0.0	    0.0	    0.0	    0.0	    0.0	    0.0	    0.0	  100.0	    0.0	    0.0	    0.0	    0.0	    0.0	   88.0	  1	 -650.0	 2050.0	    0.0	    0.0	    0.0	1	  299.4	 21	    0.0	    5.0	
 2353	  67.23	   24.9	 1508.3	    0.0	    0.0	    0.0	    0.0	    0.0	    0.0	    0.0	    0.0	    0.0	  100.0	    0.0	    0.0	    0.0	    0.0	    0.0	   88.1	  1	 -650.0	 2050.0	    0.0	    0.0	    0.0	1	  299.4	 21	    0.0	    5.0	
 2354	  67.26	   24.9	 1508.3	    0.0	    0.0	    0.0	    0.0	    0.0	    0.0	    0.0	    0.0	    0.0	  100.0	    0.0	    0.0	    0.0	    0.0	    0.0	   88.1	  1	 -650.0	 2050.0	    0.0	    0.0	    0.0	1	  299.4	 21	    0.0	    5.0	
 2355	  67.29	   24.9	 1508.3	    0.0	    0.0	    0.0	    0.0	    0.0	    0.0	    0.0	    0.0	    0.0	  100.0	    0.0	    0.0	    0.0	    0.0	    0.0	   88.1	  1	 -650.0	 2050.0	    0.0	    0.0	    0.0	1	  299.4	 21	    0.0	    5.0	
 2356	  67.31	   24.9	 1508.3	    0.0	    0.0	    0.0	    0.0	    0.0	    0.0	    0.0	    0.0	    0.0	  100.0	    0.0	    0.0	    0.0	    0.0	    0.0	   88.2	  1	 -650.0	 2050.0	    0.0	    0.0	    0.0	1	  299.4	 21	    0.0	    5.0	
 2357	  67.34	   24.9	 1508.3	    0.0	    0.0	    0.0	    0.0	    0.0	    0.0	    0.0	    0.0	    0.0	  100.0	    0.0	    0.0	    0.0	    0.0	    0.0	   88.2	  1	 -650.0	 2050.0	    0.0	    0.0	    0.0	1	  299.4	 21	    0.0	    5.0	
 2358	  67.37	   24.9	 1508.3	    0.0	    0.0	    0.0	    0.0	    0.0	    0.0	    0.0	    0.0	    0.0	  100.0	    0.0	    0.0	    0.0	    0.0	    0.0	   88.2	  1	 -650.0	 2050.0	    0.0	    0.0	    0.0	1	  299.4	 21	    0.0	    5.0	
 2359	  67.40	   24.9	 1508.3	    0.0	    0.0	    0.0	    0.0	    0.0	    0.0	    0.0	    0.0	    0.0	  100.0	    0.0	    0.0	    0.0	    0.0	    0.0	   88.3	  1	 -650.0	 2050.0	    0.0	    0.0	    0.0	1	  299.4	 21	    0.0	    5.0	
 2360	  67.43	   24.9	 1508.3	    0.0	    0.0	    0.0	    0.0	    0.0	    0.0	    0.0	    0.0	    0.0	  100.0	    0.0	    0.0	    0.0	    0.0	    0.0	   88.3	  1	 -650.0	 2050.0	    0.0	    0.0	    0.0	1	  299.4	 21	    0.0	    5.0	
 2361	  67.46	   24.9	 1508.3	    0.0	    0.0	    0.0	    0.0	    0.0	    0.0	    0.0	    0.0	    0.0	  100.0	    0.0	    0.0	    0.0	    0.0	    0.0	   88.3	  1	 -650.0	 2050.0	    0.0	    0.0	    0.0	1	  299.4	 21	    0.0	    5.0	
 2362	  67.49	   24.9	 1508.3	    0.0	    0.0	    0.0	    0.0	    0.0	    0.0	    0.0	    0.0	    0.0	  100.0	    0.0	    0.0	    0.0	    0.0	    0.0	   88.4	  1	 -650.0	 2050.0	    0.0	    0.0	    0.0	1	  299.4	 21	    0.0	    5.0	
 2363	  67.52	   24.9	 1508.3	    0.0	    0.0	    0.0	    0.0	    0.0	    0.0	    0.0	    0.0	    0.0	  100.0	    0.0	    0.0	    0.0	    0.0	    0.0	   88.4	  1	 -650.0	 2050.0	    0.0	    0.0	    0.0	1	  299.4	 21	    0.0	    5.0	
 2364	  67.54	   24.9	 1508.3	    0.0	    0.0	    0.0	    0.0	    0.0	    0.0	    0.0	    0.0	    0.0	  100.0	    0.0	    0.0	    0.0	    0.0	    0.0	   88.4	  1	 -650.0	 2050.0	    0.0	    0.0	    0.0	1	  299.4	 21	    0.0	    5.0	
 2365	  67.57	   24.9	 1508.3	    0.0	    0.0	    0.0	    0.0	    0.0	    0.0	    0.0	    0.0	    0.0	  100.0	    0.0	    0.0	    0.0	    0.0	    0.0	   88.5	  1	 -650.0	 2050.0	    0.0	    0.0	    0.0	1	  299.4	 21	    0.0	    5.0	
 2366	  67.60	   24.7	 1508.1	    0.0	    0.0	    0.0	    0.0	    0.0	    0.0	    0.0	    0.0	    0.0	  100.0	    0.0	    0.0	    0.0	    0.0	    0.0	   88.5	  1	 -650.0	 2050.0	    0.0	    0.0	    0.0	1	  299.4	 21	    0.0	    5.0	
 2367	  67.63	   24.7	 1508.1	    0.0	    0.0	    0.0	    0.0	    0.0	    0.0	    0.0	    0.0	    0.0	  100.0	    0.0	    0.0	    0.0	    0.0	    0.0	   88.6	  1	 -650.0	 2050.0	    0.0	    0.0	    0.0	1	  299.4	 21	    0.0	    5.0	
 2368	  67.66	   24.7	 1508.1	    0.0	    0.0	    0.0	    0.0	    0.0	    0.0	    0.0	    0.0	    0.0	  100.0	    0.0	    0.0	    0.0	    0.0	    0.0	   88.6	  1	 -650.0	 2050.0	    0.0	    0.0	    0.0	1	  299.4	 21	    0.0	    5.0	
 2369	  67.69	   24.7	 1508.2	    0.0	    0.0	    0.0	    0.0	    0.0	    0.0	    0.0	    0.0	    0.0	  100.0	    0.0	    0.0	    0.0	    0.0	    0.0	   88.6	  1	 -650.0	 2050.0	    0.0	    0.0	    0.0	1	  299.4	 21	    0.0	    5.0	
 2370	  67.72	   24.7	 1508.2	    0.0	    0.0	    0.0	    0.0	    0.0	    0.0	    0.0	    0.0	    0.0	  100.0	    0.0	    0.0	    0.0	    0.0	    0.0	   88.7	  1	 -650.0	 2050.0	    0.0	    0.0	    0.0	1	  299.4	 21	    0.0	    5.0	
 2371	  67.74	   24.7	 1508.2	    0.0	    0.0	    0.0	    0.0	    0.0	    0.0	    0.0	    0.0	    0.0	  100.0	    0.0	    0.0	    0.0	    0.0	    0.0	   88.7	  1	 -650.0	 2050.0	    0.0	    0.0	    0.0	1	  299.4	 21	    0.0	    5.0	
 2372	  67.77	   24.7	 1508.2	    0.0	    0.0	    0.0	    0.0	    0.0	    0.0	    0.0	    0.0	    0.0	  100.0	    0.0	    0.0	    0.0	    0.0	    0.0	   88.7	  1	 -650.0	 2050.0	    0.0	    0.0	    0.0	1	  299.4	 21	    0.0	    5.0	
 2373	  67.80	   24.7	 1508.2	    0.0	    0.0	    0.0	    0.0	    0.0	    0.0	    0.0	    0.0	    0.0	  100.0	    0.0	    0.0	    0.0	    0.0	    0.0	   88.8	  1	 -650.0	 2050.0	    0.0	    0.0	    0.0	1	  299.4	 21	    0.0	    5.0	
 2374	  67.83	   24.7	 1508.2	    0.0	    0.0	    0.0	    0.0	    0.0	    0.0	    0.0	    0.0	    0.0	  100.0	    0.0	    0.0	    0.0	    0.0	    0.0	   88.8	  1	 -650.0	 2050.0	    0.0	    0.0	    0.0	1	  299.4	 21	    0.0	    5.0	
 2375	  67.86	   24.7	 1508.2	    0.0	    0.0	    0.0	    0.0	    0.0	    0.0	    0.0	    0.0	    0.0	  100.0	    0.0	    0.0	    0.0	    0.0	    0.0	   88.8	  1	 -650.0	 2050.0	    0.0	    0.0	    0.0	1	  299.4	 21	    0.0	    5.0	
 2376	  67.89	   24.7	 1508.2	    0.0	    0.0	    0.0	    0.0	    0.0	    0.0	    0.0	    0.0	    0.0	  100.0	    0.0	    0.0	    0.0	    0.0	    0.0	   88.9	  1	 -650.0	 2050.0	    0.0	    0.0	    0.0	1	  299.4	 21	    0.0	    5.0	
 2377	  67.92	   24.7	 1508.2	    0.0	    0.0	    0.0	    0.0	    0.0	    0.0	    0.0	    0.0	    0.0	  100.0	    0.0	    0.0	    0.0	    0.0	    0.0	   88.9	  1	 -650.0	 2050.0	    0.0	    0.0	    0.0	1	  299.4	 21	    0.0	    5.0	
 2378	  67.94	   24.7	 1508.2	    0.0	    0.0	    0.0	    0.0	    0.0	    0.0	    0.0	    0.0	    0.0	  100.0	    0.0	    0.0	    0.0	    0.0	    0.0	   89.0	  1	 -650.0	 2050.0	    0.0	    0.0	    0.0	1	  299.4	 21	    0.0	    5.0	
 2379	  67.97	   24.7	 1508.2	    0.0	    0.0	    0.0	    0.0	    0.0	    0.0	    0.0	    0.0	    0.0	  100.0	    0.0	    0.0	    0.0	    0.0	    0.0	   89.0	  1	 -650.0	 2050.0	    0.0	    0.0	    0.0	1	  299.4	 21	    0.0	    5.0	
 2380	  68.00	   24.7	 1508.2	    0.0	    0.0	    0.0	    0.0	    0.0	    0.0	    0.0	    0.0	    0.0	  100.0	    0.0	    0.0	    0.0	    0.0	    0.0	   89.0	  1	 -650.0	 2050.0	    0.0	    0.0	    0.0	1	  299.4	 21	    0.0	    5.0	
 2381	  68.03	   24.7	 1508.2	    0.0	    0.0	    0.0	    0.0	    0.0	    0.0	    0.0	    0.0	    0.0	  100.0	    0.0	    0.0	    0.0	    0.0	    0.0	   89.1	  1	 -650.0	 2050.0	    0.0	    0.0	    0.0	1	  299.4	 21	    0.0	    5.0	
 2382	  68.06	   24.7	 1508.2	    0.0	    0.0	    0.0	    0.0	    0.0	    0.0	    0.0	    0.0	    0.0	  100.0	    0.0	    0.0	    0.0	    0.0	    0.0	   89.1	  1	 -650.0	 2050.0	    0.0	    0.0	    0.0	1	  299.4	 21	    0.0	    5.0	
 2383	  68.09	   24.7	 1508.2	    0.0	    0.0	    0.0	    0.0	    0.0	    0.0	    0.0	    0.0	    0.0	  100.0	    0.0	    0.0	    0.0	    0.0	    0.0	   89.1	  1	 -650.0	 2050.0	    0.0	    0.0	    0.0	1	  299.4	 21	    0.0	    5.0	
 2384	  68.11	   24.7	 1508.2	    0.0	    0.0	    0.0	    0.0	    0.0	    0.0	    0.0	    0.0	    0.0	  100.0	    0.0	    0.0	    0.0	    0.0	    0.0	   89.2	  1	 -650.0	 2050.0	    0.0	    0.0	    0.0	1	  299.4	 21	    0.0	    5.0	
 2385	  68.14	   24.7	 1508.2	    0.0	    0.0	    0.0	    0.0	    0.0	    0.0	    0.0	    0.0	    0.0	  100.0	    0.0	    0.0	    0.0	    0.0	    0.0	   89.2	  1	 -650.0	 2050.0	    0.0	    0.0	    0.0	1	  299.4	 21	    0.0	    5.0	
 2386	  68.17	   24.7	 1508.2	    0.0	    0.0	    0.0	    0.0	    0.0	    0.0	    0.0	    0.0	    0.0	  100.0	    0.0	    0.0	    0.0	    0.0	    0.0	   89.2	  1	 -650.0	 2050.0	    0.0	    0.0	    0.0	1	  299.4	 21	    0.0	    5.0	
 2387	  68.20	   24.7	 1508.2	    0.0	    0.0	    0.0	    0.0	    0.0	    0.0	    0.0	    0.0	    0.0	  100.0	    0.0	    0.0	    0.0	    0.0	    0.0	   89.3	  1	 -650.0	 2050.0	    0.0	    0.0	    0.0	1	  299.4	 21	    0.0	    5.0	
 2388	  68.23	   24.7	 1508.2	    0.0	    0.0	    0.0	    0.0	    0.0	    0.0	    0.0	    0.0	    0.0	  100.0	    0.0	    0.0	    0.0	    0.0	    0.0	   89.3	  1	 -650.0	 2050.0	    0.0	    0.0	    0.0	1	  299.4	 21	    0.0	    5.0	
 2389	  68.26	   24.7	 1508.2	    0.0	    0.0	    0.0	    0.0	    0.0	    0.0	    0.0	    0.0	    0.0	  100.0	    0.0	    0.0	    0.0	    0.0	    0.0	   89.3	  1	 -650.0	 2050.0	    0.0	    0.0	    0.0	1	  299.4	 21	    0.0	    5.0	
 2390	  68.29	   24.7	 1508.2	    0.0	    0.0	    0.0	    0.0	    0.0	    0.0	    0.0	    0.0	    0.0	  100.0	    0.0	    0.0	    0.0	    0.0	    0.0	   89.4	  1	 -650.0	 2050.0	    0.0	    0.0	    0.0	1	  299.4	 21	    0.0	    5.0	
 2391	  68.31	   24.7	 1508.2	    0.0	    0.0	    0.0	    0.0	    0.0	    0.0	    0.0	    0.0	    0.0	  100.0	    0.0	    0.0	    0.0	    0.0	    0.0	   89.4	  1	 -650.0	 2050.0	    0.0	    0.0	    0.0	1	  299.4	 21	    0.0	    5.0	
 2392	  68.34	   24.7	 1508.2	    0.0	    0.0	    0.0	    0.0	    0.0	    0.0	    0.0	    0.0	    0.0	  100.0	    0.0	    0.0	    0.0	    0.0	    0.0	   89.5	  1	 -650.0	 2050.0	    0.0	    0.0	    0.0	1	  299.4	 21	    0.0	    5.0	
 2393	  68.37	   24.7	 1508.2	    0.0	    0.0	    0.0	    0.0	    0.0	    0.0	    0.0	    0.0	    0.0	  100.0	    0.0	    0.0	    0.0	    0.0	    0.0	   89.5	  1	 -650.0	 2050.0	    0.0	    0.0	    0.0	1	  299.4	 21	    0.0	    5.0	
 2394	  68.40	   24.5	 1508.3	    0.0	    0.0	    0.0	    0.0	    0.0	    0.0	    0.0	    0.0	    0.0	  100.0	    0.0	    0.0	    0.0	    0.0	    0.0	   89.5	  1	 -650.0	 2050.0	    0.0	    0.0	    0.0	1	  299.4	 21	    0.0	    5.0	
 2395	  68.43	   24.5	 1508.3	    0.0	    0.0	    0.0	    0.0	    0.0	    0.0	    0.0	    0.0	    0.0	  100.0	    0.0	    0.0	    0.0	    0.0	    0.0	   89.6	  1	 -650.0	 2050.0	    0.0	    0.0	    0.0	1	  299.4	 21	    0.0	    5.0	
 2396	  68.46	   24.5	 1508.3	    0.0	    0.0	    0.0	    0.0	    0.0	    0.0	    0.0	    0.0	    0.0	  100.0	    0.0	    0.0	    0.0	    0.0	    0.0	   89.6	  1	 -650.0	 2050.0	    0.0	    0.0	    0.0	1	  299.4	 21	    0.0	    5.0	
 2397	  68.49	   24.5	 1508.3	    0.0	    0.0	    0.0	    0.0	    0.0	    0.0	    0.0	    0.0	    0.0	  100.0	    0.0	    0.0	    0.0	    0.0	    0.0	   89.6	  1	 -650.0	 2050.0	    0.0	    0.0	    0.0	1	  299.4	 21	    0.0	    5.0	
 2398	  68.52	   24.5	 1508.3	    0.0	    0.0	    0.0	    0.0	    0.0	    0.0	    0.0	    0.0	    0.0	  100.0	    0.0	    0.0	    0.0	    0.0	    0.0	   89.7	  1	 -650.0	 2050.0	    0.0	    0.0	    0.0	1	  299.4	 21	    0.0	    5.0	
 2399	  68.54	   24.5	 1508.3	    0.0	    0.0	    0.0	    0.0	    0.0	    0.0	    0.0	    0.0	    0.0	  100.0	    0.0	    0.0	    0.0	    0.0	    0.0	   89.7	  1	 -650.0	 2050.0	    0.0	    0.0	    0.0	1	  299.4	 21	    0.0	    5.0	
 2400	  68.57	   24.5	 1508.3	    0.0	    0.0	    0.0	    0.0	    0.0	    0.0	    0.0	    0.0	    0.0	  100.0	    0.0	    0.0	    0.0	    0.0	    0.0	   89.7	  1	 -650.0	 2050.0	    0.0	    0.0	    0.0	1	  299.4	 21	    0.0	    5.0	
 2401	  68.60	   24.5	 1508.3	    0.0	    0.0	    0.0	    0.0	    0.0	    0.0	    0.0	    0.0	    0.0	  100.0	    0.0	    0.0	    0.0	    0.0	    0.0	   89.8	  1	 -650.0	 2050.0	    0.0	    0.0	    0.0	1	  299.4	 21	    0.0	    5.0	
 2402	  68.63	   24.5	 1508.3	    0.0	    0.0	    0.0	    0.0	    0.0	    0.0	    0.0	    0.0	    0.0	  100.0	    0.0	    0.0	    0.0	    0.0	    0.0	   89.8	  1	 -650.0	 2050.0	    0.0	    0.0	    0.0	1	  299.4	 21	    0.0	    5.0	
 2403	  68.66	   24.5	 1508.3	    0.0	    0.0	    0.0	    0.0	    0.0	    0.0	    0.0	    0.0	    0.0	  100.0	    0.0	    0.0	    0.0	    0.0	    0.0	   89.8	  1	 -650.0	 2050.0	    0.0	    0.0	    0.0	1	  299.4	 21	    0.0	    5.0	
 2404	  68.69	   24.5	 1508.6	    0.0	    0.0	    0.0	    0.0	    0.0	    0.0	    0.0	    0.0	    0.0	  100.0	    0.0	    0.0	    0.0	    0.0	    0.0	   89.9	  1	 -650.0	 2050.0	    0.0	    0.0	    0.0	1	  299.4	 21	    0.0	    5.0	
 2405	  68.72	   24.5	 1508.6	    0.0	    0.0	    0.0	    0.0	    0.0	    0.0	    0.0	    0.0	    0.0	  100.0	    0.0	    0.0	    0.0	    0.0	    0.0	   89.9	  1	 -650.0	 2050.0	    0.0	    0.0	    0.0	1	  299.4	 21	    0.0	    5.0	
 2406	  68.74	   24.5	 1508.6	    0.0	    0.0	    0.0	    0.0	    0.0	    0.0	    0.0	    0.0	    0.0	  100.0	    0.0	    0.0	    0.0	    0.0	    0.0	   90.0	  1	 -650.0	 2050.0	    0.0	    0.0	    0.0	1	  299.4	 21	    0.0	    5.0	
 2407	  68.77	   24.5	 1508.6	    0.0	    0.0	    0.0	    0.0	    0.0	    0.0	    0.0	    0.0	    0.0	  100.0	    0.0	    0.0	    0.0	    0.0	    0.0	   90.0	  1	 -650.0	 2050.0	    0.0	    0.0	    0.0	1	  299.4	 21	    0.0	    5.0	
 2408	  68.80	   23.5	 1508.9	    0.0	    0.0	    0.0	    0.0	    0.0	    0.0	    0.0	    0.0	    0.0	  100.0	    0.0	    0.0	    0.0	    0.0	    0.0	   90.0	  1	 -650.0	 2050.0	    0.0	    0.0	    0.0	1	  299.4	 21	    0.0	    5.0	
 2409	  68.83	   23.5	 1508.9	    0.0	    0.0	    0.0	    0.0	    0.0	    0.0	    0.0	    0.0	    0.0	  100.0	    0.0	    0.0	    0.0	    0.0	    0.0	   90.1	  1	 -650.0	 2050.0	    0.0	    0.0	    0.0	1	  299.4	 21	    0.0	    5.0	
 2410	  68.86	   23.5	 1508.9	    0.0	    0.0	    0.0	    0.0	    0.0	    0.0	    0.0	    0.0	    0.0	  100.0	    0.0	    0.0	    0.0	    0.0	    0.0	   90.1	  1	 -650.0	 2050.0	    0.0	    0.0	    0.0	1	  299.4	 21	    0.0	    5.0	
 2411	  68.89	   23.5	 1508.9	    0.0	    0.0	    0.0	    0.0	    0.0	    0.0	    0.0	    0.0	    0.0	  100.0	    0.0	    0.0	    0.0	    0.0	    0.0	   90.1	  1	 -650.0	 2050.0	    0.0	    0.0	    0.0	1	  299.4	 21	    0.0	    5.0	
 2412	  68.92	   23.5	 1508.9	    0.0	    0.0	    0.0	    0.0	    0.0	    0.0	    0.0	    0.0	    0.0	  100.0	    0.0	    0.0	    0.0	    0.0	    0.0	   90.2	  1	 -650.0	 2050.0	    0.0	    0.0	    0.0	1	  299.4	 21	    0.0	    5.0	
 2413	  68.94	   23.5	 1508.9	    0.0	    0.0	    0.0	    0.0	    0.0	    0.0	    0.0	    0.0	    0.0	  100.0	    0.0	    0.0	    0.0	    0.0	    0.0	   90.2	  1	 -650.0	 2050.0	    0.0	    0.0	    0.0	1	  299.4	 21	    0.0	    5.0	
 2414	  68.97	   23.5	 1508.9	    0.0	    0.0	    0.0	    0.0	    0.0	    0.0	    0.0	    0.0	    0.0	  100.0	    0.0	    0.0	    0.0	    0.0	    0.0	   90.2	  1	 -650.0	 2050.0	    0.0	    0.0	    0.0	1	  299.4	 21	    0.0	    5.0	
 2415	  69.00	   23.5	 1508.9	    0.0	    0.0	    0.0	    0.0	    0.0	    0.0	    0.0	    0.0	    0.0	  100.0	    0.0	    0.0	    0.0	    0.0	    0.0	   90.3	  1	 -650.0	 2050.0	    0.0	    0.0	    0.0	1	  299.4	 21	    0.0	    5.0	
 2416	  69.03	   23.5	 1508.9	    0.0	    0.0	    0.0	    0.0	    0.0	    0.0	    0.0	    0.0	    0.0	  100.0	    0.0	    0.0	    0.0	    0.0	    0.0	   90.3	  1	 -650.0	 2050.0	    0.0	    0.0	    0.0	1	  299.4	 21	    0.0	    5.0	
 2417	  69.06	   23.5	 1508.9	    0.0	    0.0	    0.0	    0.0	    0.0	    0.0	    0.0	    0.0	    0.0	  100.0	    0.0	    0.0	    0.0	    0.0	    0.0	   90.4	  1	 -650.0	 2050.0	    0.0	    0.0	    0.0	1	  299.4	 21	    0.0	    5.0	
 2418	  69.09	   23.5	 1508.9	    0.0	    0.0	    0.0	    0.0	    0.0	    0.0	    0.0	    0.0	    0.0	  100.0	    0.0	    0.0	    0.0	    0.0	    0.0	   90.4	  1	 -650.0	 2050.0	    0.0	    0.0	    0.0	1	  299.4	 21	    0.0	    5.0	
 2419	  69.11	   23.5	 1508.9	    0.0	    0.0	    0.0	    0.0	    0.0	    0.0	    0.0	    0.0	    0.0	  100.0	    0.0	    0.0	    0.0	    0.0	    0.0	   90.4	  1	 -650.0	 2050.0	    0.0	    0.0	    0.0	1	  299.4	 21	    0.0	    5.0	
 2420	  69.14	   23.5	 1508.9	    0.0	    0.0	    0.0	    0.0	    0.0	    0.0	    0.0	    0.0	    0.0	  100.0	    0.0	    0.0	    0.0	    0.0	    0.0	   90.5	  1	 -650.0	 2050.0	    0.0	    0.0	    0.0	1	  299.4	 21	    0.0	    5.0	
 2421	  69.17	   23.5	 1508.9	    0.0	    0.0	    0.0	    0.0	    0.0	    0.0	    0.0	    0.0	    0.0	  100.0	    0.0	    0.0	    0.0	    0.0	    0.0	   90.5	  1	 -650.0	 2050.0	    0.0	    0.0	    0.0	1	  299.4	 21	    0.0	    5.0	
 2422	  69.20	   23.5	 1508.9	    0.0	    0.0	    0.0	    0.0	    0.0	    0.0	    0.0	    0.0	    0.0	  100.0	    0.0	    0.0	    0.0	    0.0	    0.0	   90.5	  1	 -650.0	 2050.0	    0.0	    0.0	    0.0	1	  299.4	 21	    0.0	    5.0	
 2423	  69.23	   23.5	 1508.9	    0.0	    0.0	    0.0	    0.0	    0.0	    0.0	    0.0	    0.0	    0.0	  100.0	    0.0	    0.0	    0.0	    0.0	    0.0	   90.6	  1	 -650.0	 2050.0	    0.0	    0.0	    0.0	1	  299.4	 21	    0.0	    5.0	
 2424	  69.26	   23.5	 1508.9	    0.0	    0.0	    0.0	    0.0	    0.0	    0.0	    0.0	    0.0	    0.0	  100.0	    0.0	    0.0	    0.0	    0.0	    0.0	   90.6	  1	 -650.0	 2050.0	    0.0	    0.0	    0.0	1	  299.4	 21	    0.0	    5.0	
 2425	  69.29	   23.5	 1508.9	    0.0	    0.0	    0.0	    0.0	    0.0	    0.0	    0.0	    0.0	    0.0	  100.0	    0.0	    0.0	    0.0	    0.0	    0.0	   90.6	  1	 -650.0	 2050.0	    0.0	    0.0	    0.0	1	  299.4	 21	    0.0	    5.0	
 2426	  69.31	   23.5	 1508.9	    0.0	    0.0	    0.0	    0.0	    0.0	    0.0	    0.0	    0.0	    0.0	  100.0	    0.0	    0.0	    0.0	    0.0	    0.0	   90.7	  1	 -650.0	 2050.0	    0.0	    0.0	    0.0	1	  299.4	 21	    0.0	    5.0	
 2427	  69.34	   23.5	 1508.9	    0.0	    0.0	    0.0	    0.0	    0.0	    0.0	    0.0	    0.0	    0.0	  100.0	    0.0	    0.0	    0.0	    0.0	    0.0	   90.7	  1	 -650.0	 2050.0	    0.0	    0.0	    0.0	1	  299.4	 21	    0.0	    5.0	
 2428	  69.37	   23.5	 1508.9	    0.0	    0.0	    0.0	    0.0	    0.0	    0.0	    0.0	    0.0	    0.0	  100.0	    0.0	    0.0	    0.0	    0.0	    0.0	   90.7	  1	 -650.0	 2050.0	    0.0	    0.0	    0.0	1	  299.4	 21	    0.0	    5.0	
 2429	  69.40	   23.5	 1508.9	    0.0	    0.0	    0.0	    0.0	    0.0	    0.0	    0.0	    0.0	    0.0	  100.0	    0.0	    0.0	    0.0	    0.0	    0.0	   90.8	  1	 -650.0	 2050.0	    0.0	    0.0	    0.0	1	  299.4	 21	    0.0	    5.0	
 2430	  69.43	   23.5	 1508.9	    0.0	    0.0	    0.0	    0.0	    0.0	    0.0	    0.0	    0.0	    0.0	  100.0	    0.0	    0.0	    0.0	    0.0	    0.0	   90.8	  1	 -650.0	 2050.0	    0.0	    0.0	    0.0	1	  299.4	 21	    0.0	    5.0	
 2431	  69.46	   23.5	 1508.9	    0.0	    0.0	    0.0	    0.0	    0.0	    0.0	    0.0	    0.0	    0.0	  100.0	    0.0	    0.0	    0.0	    0.0	    0.0	   90.9	  1	 -650.0	 2050.0	    0.0	    0.0	    0.0	1	  299.4	 21	    0.0	    5.0	
 2432	  69.49	   23.5	 1509.0	    0.0	    0.0	    0.0	    0.0	    0.0	    0.0	    0.0	    0.0	    0.0	  100.0	    0.0	    0.0	    0.0	    0.0	    0.0	   90.9	  1	 -650.0	 2050.0	    0.0	    0.0	    0.0	1	  299.4	 21	    0.0	    5.0	
 2433	  69.52	   23.5	 1509.0	    0.0	    0.0	    0.0	    0.0	    0.0	    0.0	    0.0	    0.0	    0.0	  100.0	    0.0	    0.0	    0.0	    0.0	    0.0	   90.9	  1	 -650.0	 2050.0	    0.0	    0.0	    0.0	1	  299.4	 21	    0.0	    5.0	
 2434	  69.54	   23.5	 1509.0	    0.0	    0.0	    0.0	    0.0	    0.0	    0.0	    0.0	    0.0	    0.0	  100.0	    0.0	    0.0	    0.0	    0.0	    0.0	   91.0	  1	 -650.0	 2050.0	    0.0	    0.0	    0.0	1	  299.4	 21	    0.0	    5.0	
 2435	  69.57	   23.5	 1509.0	    0.0	    0.0	    0.0	    0.0	    0.0	    0.0	    0.0	    0.0	    0.0	  100.0	    0.0	    0.0	    0.0	    0.0	    0.0	   91.0	  1	 -650.0	 2050.0	    0.0	    0.0	    0.0	1	  299.4	 21	    0.0	    5.0	
 2436	  69.60	   23.6	 1509.6	    0.0	    0.0	    0.0	    0.0	    0.0	    0.0	    0.0	    0.0	    0.0	  100.0	    0.0	    0.0	    0.0	    0.0	    0.0	   91.0	  1	 -650.0	 2050.0	    0.0	    0.0	    0.0	1	  299.4	 21	    0.0	    5.0	
 2437	  69.63	   23.6	 1509.6	    0.0	    0.0	    0.0	    0.0	    0.0	    0.0	    0.0	    0.0	    0.0	  100.0	    0.0	    0.0	    0.0	    0.0	    0.0	   91.1	  1	 -650.0	 2050.0	    0.0	    0.0	    0.0	1	  299.4	 21	    0.0	    5.0	
 2438	  69.66	   23.6	 1509.6	    0.0	    0.0	    0.0	    0.0	    0.0	    0.0	    0.0	    0.0	    0.0	  100.0	    0.0	    0.0	    0.0	    0.0	    0.0	   91.1	  1	 -650.0	 2050.0	    0.0	    0.0	    0.0	1	  299.4	 21	    0.0	    5.0	
 2439	  69.69	   23.6	 1509.6	    0.0	    0.0	    0.0	    0.0	    0.0	    0.0	    0.0	    0.0	    0.0	  100.0	    0.0	    0.0	    0.0	    0.0	    0.0	   91.1	  1	 -650.0	 2050.0	    0.0	    0.0	    0.0	1	  299.4	 21	    0.0	    5.0	
 2440	  69.72	   23.6	 1509.6	    0.0	    0.0	    0.0	    0.0	    0.0	    0.0	    0.0	    0.0	    0.0	  100.0	    0.0	    0.0	    0.0	    0.0	    0.0	   91.2	  1	 -650.0	 2050.0	    0.0	    0.0	    0.0	1	  299.4	 21	    0.0	    5.0	
 2441	  69.74	   23.6	 1509.6	    0.0	    0.0	    0.0	    0.0	    0.0	    0.0	    0.0	    0.0	    0.0	  100.0	    0.0	    0.0	    0.0	    0.0	    0.0	   91.2	  1	 -650.0	 2050.0	    0.0	    0.0	    0.0	1	  299.4	 21	    0.0	    5.0	
 2442	  69.77	   23.6	 1509.6	    0.0	    0.0	    0.0	    0.0	    0.0	    0.0	    0.0	    0.0	    0.0	  100.0	    0.0	    0.0	    0.0	    0.0	    0.0	   91.3	  1	 -650.0	 2050.0	    0.0	    0.0	    0.0	1	  299.4	 21	    0.0	    5.0	
 2443	  69.80	   22.3	 1510.1	    0.0	    0.0	    0.0	    0.0	    0.0	    0.0	    0.0	    0.0	    0.0	  100.0	    0.0	    0.0	    0.0	    0.0	    0.0	   91.3	  1	 -650.0	 2050.0	    0.0	    0.0	    0.0	1	  299.4	 21	    0.0	    5.0	
 2444	  69.83	   22.3	 1510.1	    0.0	    0.0	    0.0	    0.0	    0.0	    0.0	    0.0	    0.0	    0.0	  100.0	    0.0	    0.0	    0.0	    0.0	    0.0	   91.3	  1	 -650.0	 2050.0	    0.0	    0.0	    0.0	1	  299.4	 21	    0.0	    5.0	
 2445	  69.86	   22.3	 1510.1	    0.0	    0.0	    0.0	    0.0	    0.0	    0.0	    0.0	    0.0	    0.0	  100.0	    0.0	    0.0	    0.0	    0.0	    0.0	   91.4	  1	 -650.0	 2050.0	    0.0	    0.0	    0.0	1	  299.4	 21	    0.0	    5.0	
 2446	  69.89	   22.1	 1510.4	    0.0	    0.0	    0.0	    0.0	    0.0	    0.0	    0.0	    0.0	    0.0	  100.0	    0.0	    0.0	    0.0	    0.0	    0.0	   91.4	  1	 -650.0	 2050.0	    0.0	    0.0	    0.0	1	  299.4	 21	    0.0	    5.0	
 2447	  69.92	   22.1	 1510.4	    0.0	    0.0	    0.0	    0.0	    0.0	    0.0	    0.0	    0.0	    0.0	  100.0	    0.0	    0.0	    0.0	    0.0	    0.0	   91.4	  1	 -650.0	 2050.0	    0.0	    0.0	    0.0	1	  299.4	 21	    0.0	    5.0	
 2448	  69.94	   22.1	 1510.4	    0.0	    0.0	    0.0	    0.0	    0.0	    0.0	    0.0	    0.0	    0.0	  100.0	    0.0	    0.0	    0.0	    0.0	    0.0	   91.5	  1	 -650.0	 2050.0	    0.0	    0.0	    0.0	1	  299.4	 21	    0.0	    5.0	
 2449	  69.97	   22.1	 1510.4	    0.0	    0.0	    0.0	    0.0	    0.0	    0.0	    0.0	    0.0	    0.0	  100.0	    0.0	    0.0	    0.0	    0.0	    0.0	   91.5	  1	 -650.0	 2050.0	    0.0	    0.0	    0.0	1	  299.4	 21	    0.0	    5.0	
 2450	  70.00	   22.1	 1510.4	    0.0	    0.0	    0.0	    0.0	    0.0	    0.0	    0.0	    0.0	    0.0	  100.0	    0.0	    0.0	    0.0	    0.0	    0.0	   91.5	  1	 -650.0	 2050.0	    0.0	    0.0	    0.0	1	  299.4	 21	    0.0	    5.0	
 2451	  70.03	   22.1	 1510.4	    0.0	    0.0	    0.0	    0.0	    0.0	    0.0	    0.0	    0.0	    0.0	  100.0	    0.0	    0.0	    0.0	    0.0	    0.0	   91.6	  1	 -650.0	 2050.0	    0.0	    0.0	    0.0	1	  299.4	 21	    0.0	    5.0	
 2452	  70.06	   22.1	 1510.4	    0.0	    0.0	    0.0	    0.0	    0.0	    0.0	    0.0	    0.0	    0.0	  100.0	    0.0	    0.0	    0.0	    0.0	    0.0	   91.6	  1	 -650.0	 2050.0	    0.0	    0.0	    0.0	1	  299.4	 21	    0.0	    5.0	
 2453	  70.09	   22.1	 1510.4	    0.0	    0.0	    0.0	    0.0	    0.0	    0.0	    0.0	    0.0	    0.0	  100.0	    0.0	    0.0	    0.0	    0.0	    0.0	   91.6	  1	 -650.0	 2050.0	    0.0	    0.0	    0.0	1	  299.4	 21	    0.0	    5.0	
 2454	  70.11	   22.1	 1510.4	    0.0	    0.0	    0.0	    0.0	    0.0	    0.0	    0.0	    0.0	    0.0	  100.0	    0.0	    0.0	    0.0	    0.0	    0.0	   91.7	  1	 -650.0	 2050.0	    0.0	    0.0	    0.0	1	  299.4	 21	    0.0	    5.0	
 2455	  70.14	   22.1	 1510.4	    0.0	    0.0	    0.0	    0.0	    0.0	    0.0	    0.0	    0.0	    0.0	  100.0	    0.0	    0.0	    0.0	    0.0	    0.0	   91.7	  1	 -650.0	 2050.0	    0.0	    0.0	    0.0	1	  299.4	 21	    0.0	    5.0	
 2456	  70.17	   22.1	 1510.4	    0.0	    0.0	    0.0	    0.0	    0.0	    0.0	    0.0	    0.0	    0.0	  100.0	    0.0	    0.0	    0.0	    0.0	    0.0	   91.8	  1	 -650.0	 2050.0	    0.0	    0.0	    0.0	1	  299.4	 21	    0.0	    5.0	
 2457	  70.20	   22.1	 1510.4	    0.0	    0.0	    0.0	    0.0	    0.0	    0.0	    0.0	    0.0	    0.0	  100.0	    0.0	    0.0	    0.0	    0.0	    0.0	   91.8	  1	 -650.0	 2050.0	    0.0	    0.0	    0.0	1	  299.4	 21	    0.0	    5.0	
 2458	  70.23	   22.1	 1510.4	    0.0	    0.0	    0.0	    0.0	    0.0	    0.0	    0.0	    0.0	    0.0	  100.0	    0.0	    0.0	    0.0	    0.0	    0.0	   91.8	  1	 -650.0	 2050.0	    0.0	    0.0	    0.0	1	  299.4	 21	    0.0	    5.0	
 2459	  70.26	   22.1	 1510.4	    0.0	    0.0	    0.0	    0.0	    0.0	    0.0	    0.0	    0.0	    0.0	  100.0	    0.0	    0.0	    0.0	    0.0	    0.0	   91.9	  1	 -650.0	 2050.0	    0.0	    0.0	    0.0	1	  299.4	 21	    0.0	    5.0	
 2460	  70.29	   22.1	 1510.6	    0.0	    0.0	    0.0	    0.0	    0.0	    0.0	    0.0	    0.0	    0.0	  100.0	    0.0	    0.0	    0.0	    0.0	    0.0	   91.9	  1	 -650.0	 2050.0	    0.0	    0.0	    0.0	1	  299.4	 21	    0.0	    5.0	
 2461	  70.31	   22.1	 1510.6	    0.0	    0.0	    0.0	    0.0	    0.0	    0.0	    0.0	    0.0	    0.0	  100.0	    0.0	    0.0	    0.0	    0.0	    0.0	   91.9	  1	 -650.0	 2050.0	    0.0	    0.0	    0.0	1	  299.4	 21	    0.0	    5.0	
 2462	  70.34	   22.1	 1510.6	    0.0	    0.0	    0.0	    0.0	    0.0	    0.0	    0.0	    0.0	    0.0	  100.0	    0.0	    0.0	    0.0	    0.0	    0.0	   92.0	  1	 -650.0	 2050.0	    0.0	    0.0	    0.0	1	  299.4	 21	    0.0	    5.0	
 2463	  70.37	   22.1	 1510.6	    0.0	    0.0	    0.0	    0.0	    0.0	    0.0	    0.0	    0.0	    0.0	  100.0	    0.0	    0.0	    0.0	    0.0	    0.0	   92.0	  1	 -650.0	 2050.0	    0.0	    0.0	    0.0	1	  299.4	 21	    0.0	    5.0	
 2464	  70.40	   22.1	 1510.6	    0.0	    0.0	    0.0	    0.0	    0.0	    0.0	    0.0	    0.0	    0.0	  100.0	    0.0	    0.0	    0.0	    0.0	    0.0	   92.0	  1	 -650.0	 2050.0	    0.0	    0.0	    0.0	1	  299.4	 21	    0.0	    5.0	
 2465	  70.43	   22.1	 1510.6	    0.0	    0.0	    0.0	    0.0	    0.0	    0.0	    0.0	    0.0	    0.0	  100.0	    0.0	    0.0	    0.0	    0.0	    0.0	   92.1	  1	 -650.0	 2050.0	    0.0	    0.0	    0.0	1	  299.4	 21	    0.0	    5.0	
 2466	  70.46	   22.1	 1510.6	    0.0	    0.0	    0.0	    0.0	    0.0	    0.0	    0.0	    0.0	    0.0	  100.0	    0.0	    0.0	    0.0	    0.0	    0.0	   92.1	  1	 -650.0	 2050.0	    0.0	    0.0	    0.0	1	  299.4	 21	    0.0	    5.0	
 2467	  70.49	   22.1	 1510.6	    0.0	    0.0	    0.0	    0.0	    0.0	    0.0	    0.0	    0.0	    0.0	  100.0	    0.0	    0.0	    0.0	    0.0	    0.0	   92.1	  1	 -650.0	 2050.0	    0.0	    0.0	    0.0	1	  299.4	 21	    0.0	    5.0	
 2468	  70.52	   22.1	 1510.6	    0.0	    0.0	    0.0	    0.0	    0.0	    0.0	    0.0	    0.0	    0.0	  100.0	    0.0	    0.0	    0.0	    0.0	    0.0	   92.2	  1	 -650.0	 2050.0	    0.0	    0.0	    0.0	1	  299.4	 21	    0.0	    5.0	
 2469	  70.54	   22.1	 1510.6	    0.0	    0.0	    0.0	    0.0	    0.0	    0.0	    0.0	    0.0	    0.0	  100.0	    0.0	    0.0	    0.0	    0.0	    0.0	   92.2	  1	 -650.0	 2050.0	    0.0	    0.0	    0.0	1	  299.4	 21	    0.0	    5.0	
 2470	  70.57	   22.1	 1510.6	    0.0	    0.0	    0.0	    0.0	    0.0	    0.0	    0.0	    0.0	    0.0	  100.0	    0.0	    0.0	    0.0	    0.0	    0.0	   92.3	  1	 -650.0	 2050.0	    0.0	    0.0	    0.0	1	  299.4	 21	    0.0	    5.0	
 2471	  70.60	   22.1	 1510.6	    0.0	    0.0	    0.0	    0.0	    0.0	    0.0	    0.0	    0.0	    0.0	  100.0	    0.0	    0.0	    0.0	    0.0	    0.0	   92.3	  1	 -650.0	 2050.0	    0.0	    0.0	    0.0	1	  299.4	 21	    0.0	    5.0	
 2472	  70.63	   22.1	 1510.6	    0.0	    0.0	    0.0	    0.0	    0.0	    0.0	    0.0	    0.0	    0.0	  100.0	    0.0	    0.0	    0.0	    0.0	    0.0	   92.3	  1	 -650.0	 2050.0	    0.0	    0.0	    0.0	1	  299.4	 21	    0.0	    5.0	
 2473	  70.66	   22.1	 1510.6	    0.0	    0.0	    0.0	    0.0	    0.0	    0.0	    0.0	    0.0	    0.0	  100.0	    0.0	    0.0	    0.0	    0.0	    0.0	   92.4	  1	 -650.0	 2050.0	    0.0	    0.0	    0.0	1	  299.4	 21	    0.0	    5.0	
 2474	  70.69	   22.1	 1510.6	    0.0	    0.0	    0.0	    0.0	    0.0	    0.0	    0.0	    0.0	    0.0	  100.0	    0.0	    0.0	    0.0	    0.0	    0.0	   92.4	  1	 -650.0	 2050.0	    0.0	    0.0	    0.0	1	  299.4	 21	    0.0	    5.0	
 2475	  70.72	   22.1	 1510.6	    0.0	    0.0	    0.0	    0.0	    0.0	    0.0	    0.0	    0.0	    0.0	  100.0	    0.0	    0.0	    0.0	    0.0	    0.0	   92.4	  1	 -650.0	 2050.0	    0.0	    0.0	    0.0	1	  299.4	 21	    0.0	    5.0	
 2476	  70.74	   22.1	 1510.6	    0.0	    0.0	    0.0	    0.0	    0.0	    0.0	    0.0	    0.0	    0.0	  100.0	    0.0	    0.0	    0.0	    0.0	    0.0	   92.5	  1	 -650.0	 2050.0	    0.0	    0.0	    0.0	1	  299.4	 21	    0.0	    5.0	
 2477	  70.77	   22.1	 1510.6	    0.0	    0.0	    0.0	    0.0	    0.0	    0.0	    0.0	    0.0	    0.0	  100.0	    0.0	    0.0	    0.0	    0.0	    0.0	   92.5	  1	 -650.0	 2050.0	    0.0	    0.0	    0.0	1	  299.4	 21	    0.0	    5.0	
 2478	  70.80	   22.1	 1510.6	    0.0	    0.0	    0.0	    0.0	    0.0	    0.0	    0.0	    0.0	    0.0	  100.0	    0.0	    0.0	    0.0	    0.0	    0.0	   92.5	  1	 -650.0	 2050.0	    0.0	    0.0	    0.0	1	  299.4	 21	    0.0	    5.0	
 2479	  70.83	   22.1	 1510.6	    0.0	    0.0	    0.0	    0.0	    0.0	    0.0	    0.0	    0.0	    0.0	  100.0	    0.0	    0.0	    0.0	    0.0	    0.0	   92.6	  1	 -650.0	 2050.0	    0.0	    0.0	    0.0	1	  299.4	 21	    0.0	    5.0	
 2480	  70.86	   22.1	 1510.6	    0.0	    0.0	    0.0	    0.0	    0.0	    0.0	    0.0	    0.0	    0.0	  100.0	    0.0	    0.0	    0.0	    0.0	    0.0	   92.6	  1	 -650.0	 2050.0	    0.0	    0.0	    0.0	1	  299.4	 21	    0.0	    5.0	
 2481	  70.89	   22.1	 1510.6	    0.0	    0.0	    0.0	    0.0	    0.0	    0.0	    0.0	    0.0	    0.0	  100.0	    0.0	    0.0	    0.0	    0.0	    0.0	   92.7	  1	 -650.0	 2050.0	    0.0	    0.0	    0.0	1	  299.4	 21	    0.0	    5.0	
 2482	  70.92	   22.1	 1510.6	    0.0	    0.0	    0.0	    0.0	    0.0	    0.0	    0.0	    0.0	    0.0	  100.0	    0.0	    0.0	    0.0	    0.0	    0.0	   92.7	  1	 -650.0	 2050.0	    0.0	    0.0	    0.0	1	  299.4	 21	    0.0	    5.0	
 2483	  70.94	   22.1	 1510.6	    0.0	    0.0	    0.0	    0.0	    0.0	    0.0	    0.0	    0.0	    0.0	  100.0	    0.0	    0.0	    0.0	    0.0	    0.0	   92.7	  1	 -650.0	 2050.0	    0.0	    0.0	    0.0	1	  299.4	 21	    0.0	    5.0	
 2484	  70.97	   22.1	 1510.6	    0.0	    0.0	    0.0	    0.0	    0.0	    0.0	    0.0	    0.0	    0.0	  100.0	    0.0	    0.0	    0.0	    0.0	    0.0	   92.8	  1	 -650.0	 2050.0	    0.0	    0.0	    0.0	1	  299.4	 21	    0.0	    5.0	
 2485	  71.00	   22.1	 1510.6	    0.0	    0.0	    0.0	    0.0	    0.0	    0.0	    0.0	    0.0	    0.0	  100.0	    0.0	    0.0	    0.0	    0.0	    0.0	   92.8	  1	 -650.0	 2050.0	    0.0	    0.0	    0.0	1	  299.4	 21	    0.0	    5.0	
 2486	  71.03	   22.1	 1510.6	    0.0	    0.0	    0.0	    0.0	    0.0	    0.0	    0.0	    0.0	    0.0	  100.0	    0.0	    0.0	    0.0	    0.0	    0.0	   92.8	  1	 -650.0	 2050.0	    0.0	    0.0	    0.0	1	  299.4	 21	    0.0	    5.0	
 2487	  71.06	   22.1	 1510.6	    0.0	    0.0	    0.0	    0.0	    0.0	    0.0	    0.0	    0.0	    0.0	  100.0	    0.0	    0.0	    0.0	    0.0	    0.0	   92.9	  1	 -650.0	 2050.0	    0.0	    0.0	    0.0	1	  299.4	 21	    0.0	    5.0	
 2488	  71.09	   22.0	 1510.8	    0.0	    0.0	    0.0	    0.0	    0.0	    0.0	    0.0	    0.0	    0.0	  100.0	    0.0	    0.0	    0.0	    0.0	    0.0	   92.9	  1	 -650.0	 2050.0	    0.0	    0.0	    0.0	1	  299.4	 21	    0.0	    5.0	
 2489	  71.11	   22.0	 1510.8	    0.0	    0.0	    0.0	    0.0	    0.0	    0.0	    0.0	    0.0	    0.0	  100.0	    0.0	    0.0	    0.0	    0.0	    0.0	   92.9	  1	 -650.0	 2050.0	    0.0	    0.0	    0.0	1	  299.4	 21	    0.0	    5.0	
 2490	  71.14	   22.0	 1510.8	    0.0	    0.0	    0.0	    0.0	    0.0	    0.0	    0.0	    0.0	    0.0	  100.0	    0.0	    0.0	    0.0	    0.0	    0.0	   93.0	  1	 -650.0	 2050.0	    0.0	    0.0	    0.0	1	  299.4	 21	    0.0	    5.0	
 2491	  71.17	   22.0	 1510.8	    0.0	    0.0	    0.0	    0.0	    0.0	    0.0	    0.0	    0.0	    0.0	  100.0	    0.0	    0.0	    0.0	    0.0	    0.0	   93.0	  1	 -650.0	 2050.0	    0.0	    0.0	    0.0	1	  299.4	 21	    0.0	    5.0	
 2492	  71.20	   21.9	 1511.2	    0.0	    0.0	    0.0	    0.0	    0.0	    0.0	    0.0	    0.0	    0.0	  100.0	    0.0	    0.0	    0.0	    0.0	    0.0	   93.0	  1	 -650.0	 2050.0	    0.0	    0.0	    0.0	1	  299.4	 21	    0.0	    5.0	
 2493	  71.23	   21.9	 1511.2	    0.0	    0.0	    0.0	    0.0	    0.0	    0.0	    0.0	    0.0	    0.0	  100.0	    0.0	    0.0	    0.0	    0.0	    0.0	   93.1	  1	 -650.0	 2050.0	    0.0	    0.0	    0.0	1	  299.4	 21	    0.0	    5.0	
 2494	  71.26	   21.9	 1511.2	    0.0	    0.0	    0.0	    0.0	    0.0	    0.0	    0.0	    0.0	    0.0	  100.0	    0.0	    0.0	    0.0	    0.0	    0.0	   93.1	  1	 -650.0	 2050.0	    0.0	    0.0	    0.0	1	  299.4	 21	    0.0	    5.0	
 2495	  71.29	   21.9	 1511.2	    0.0	    0.0	    0.0	    0.0	    0.0	    0.0	    0.0	    0.0	    0.0	  100.0	    0.0	    0.0	    0.0	    0.0	    0.0	   93.2	  1	 -650.0	 2050.0	    0.0	    0.0	    0.0	1	  299.4	 21	    0.0	    5.0	
 2496	  71.31	   21.9	 1511.2	    0.0	    0.0	    0.0	    0.0	    0.0	    0.0	    0.0	    0.0	    0.0	  100.0	    0.0	    0.0	    0.0	    0.0	    0.0	   93.2	  1	 -650.0	 2050.0	    0.0	    0.0	    0.0	1	  299.4	 21	    0.0	    5.0	
 2497	  71.34	   21.9	 1511.2	    0.0	    0.0	    0.0	    0.0	    0.0	    0.0	    0.0	    0.0	    0.0	  100.0	    0.0	    0.0	    0.0	    0.0	    0.0	   93.2	  1	 -650.0	 2050.0	    0.0	    0.0	    0.0	1	  299.4	 21	    0.0	    5.0	
 2498	  71.37	   21.9	 1511.2	    0.0	    0.0	    0.0	    0.0	    0.0	    0.0	    0.0	    0.0	    0.0	  100.0	    0.0	    0.0	    0.0	    0.0	    0.0	   93.3	  1	 -650.0	 2050.0	    0.0	    0.0	    0.0	1	  299.4	 21	    0.0	    5.0	
 2499	  71.40	   21.9	 1511.2	    0.0	    0.0	    0.0	    0.0	    0.0	    0.0	    0.0	    0.0	    0.0	  100.0	    0.0	    0.0	    0.0	    0.0	    0.0	   93.3	  1	 -650.0	 2050.0	    0.0	    0.0	    0.0	1	  299.4	 21	    0.0	    5.0	
 2500	  71.43	   21.9	 1511.2	    0.0	    0.0	    0.0	    0.0	    0.0	    0.0	    0.0	    0.0	    0.0	  100.0	    0.0	    0.0	    0.0	    0.0	    0.0	   93.3	  1	 -650.0	 2050.0	    0.0	    0.0	    0.0	1	  299.4	 21	    0.0	    5.0	
 2501	  71.46	   21.9	 1511.2	    0.0	    0.0	    0.0	    0.0	    0.0	    0.0	    0.0	    0.0	    0.0	  100.0	    0.0	    0.0	    0.0	    0.0	    0.0	   93.4	  1	 -650.0	 2050.0	    0.0	    0.0	    0.0	1	  299.4	 21	    0.0	    5.0	
 2502	  71.49	   21.9	 1511.2	    0.0	    0.0	    0.0	    0.0	    0.0	    0.0	    0.0	    0.0	    0.0	  100.0	    0.0	    0.0	    0.0	    0.0	    0.0	   93.4	  1	 -650.0	 2050.0	    0.0	    0.0	    0.0	1	  299.4	 21	    0.0	    5.0	
 2503	  71.52	   21.9	 1511.2	    0.0	    0.0	    0.0	    0.0	    0.0	    0.0	    0.0	    0.0	    0.0	  100.0	    0.0	    0.0	    0.0	    0.0	    0.0	   93.4	  1	 -650.0	 2050.0	    0.0	    0.0	    0.0	1	  299.4	 21	    0.0	    5.0	
 2504	  71.54	   21.9	 1511.2	    0.0	    0.0	    0.0	    0.0	    0.0	    0.0	    0.0	    0.0	    0.0	  100.0	    0.0	    0.0	    0.0	    0.0	    0.0	   93.5	  1	 -650.0	 2050.0	    0.0	    0.0	    0.0	1	  299.4	 21	    0.0	    5.0	
 2505	  71.57	   21.9	 1511.2	    0.0	    0.0	    0.0	    0.0	    0.0	    0.0	    0.0	    0.0	    0.0	  100.0	    0.0	    0.0	    0.0	    0.0	    0.0	   93.5	  1	 -650.0	 2050.0	    0.0	    0.0	    0.0	1	  299.4	 21	    0.0	    5.0	
 2506	  71.60	   22.0	 1511.4	    0.0	    0.0	    0.0	    0.0	    0.0	    0.0	    0.0	    0.0	    0.0	  100.0	    0.0	    0.0	    0.0	    0.0	    0.0	   93.5	  1	 -650.0	 2050.0	    0.0	    0.0	    0.0	1	  299.4	 21	    0.0	    5.0	
 2507	  71.63	   22.0	 1511.4	    0.0	    0.0	    0.0	    0.0	    0.0	    0.0	    0.0	    0.0	    0.0	  100.0	    0.0	    0.0	    0.0	    0.0	    0.0	   93.6	  1	 -650.0	 2050.0	    0.0	    0.0	    0.0	1	  299.4	 21	    0.0	    5.0	
 2508	  71.66	   22.0	 1511.4	    0.0	    0.0	    0.0	    0.0	    0.0	    0.0	    0.0	    0.0	    0.0	  100.0	    0.0	    0.0	    0.0	    0.0	    0.0	   93.6	  1	 -650.0	 2050.0	    0.0	    0.0	    0.0	1	  299.4	 21	    0.0	    5.0	
 2509	  71.69	   22.0	 1511.4	    0.0	    0.0	    0.0	    0.0	    0.0	    0.0	    0.0	    0.0	    0.0	  100.0	    0.0	    0.0	    0.0	    0.0	    0.0	   93.7	  1	 -650.0	 2050.0	    0.0	    0.0	    0.0	1	  299.4	 21	    0.0	    5.0	
 2510	  71.72	   22.0	 1511.4	    0.0	    0.0	    0.0	    0.0	    0.0	    0.0	    0.0	    0.0	    0.0	  100.0	    0.0	    0.0	    0.0	    0.0	    0.0	   93.7	  1	 -650.0	 2050.0	    0.0	    0.0	    0.0	1	  299.4	 21	    0.0	    5.0	
 2511	  71.74	   22.0	 1511.4	    0.0	    0.0	    0.0	    0.0	    0.0	    0.0	    0.0	    0.0	    0.0	  100.0	    0.0	    0.0	    0.0	    0.0	    0.0	   93.7	  1	 -650.0	 2050.0	    0.0	    0.0	    0.0	1	  299.4	 21	    0.0	    5.0	
 2512	  71.77	   22.0	 1511.4	    0.0	    0.0	    0.0	    0.0	    0.0	    0.0	    0.0	    0.0	    0.0	  100.0	    0.0	    0.0	    0.0	    0.0	    0.0	   93.8	  1	 -650.0	 2050.0	    0.0	    0.0	    0.0	1	  299.4	 21	    0.0	    5.0	
 2513	  71.80	   22.0	 1511.4	    0.0	    0.0	    0.0	    0.0	    0.0	    0.0	    0.0	    0.0	    0.0	  100.0	    0.0	    0.0	    0.0	    0.0	    0.0	   93.8	  1	 -650.0	 2050.0	    0.0	    0.0	    0.0	1	  299.4	 21	    0.0	    5.0	
 2514	  71.83	   22.0	 1511.4	    0.0	    0.0	    0.0	    0.0	    0.0	    0.0	    0.0	    0.0	    0.0	  100.0	    0.0	    0.0	    0.0	    0.0	    0.0	   93.8	  1	 -650.0	 2050.0	    0.0	    0.0	    0.0	1	  299.4	 21	    0.0	    5.0	
 2515	  71.86	   22.0	 1511.4	    0.0	    0.0	    0.0	    0.0	    0.0	    0.0	    0.0	    0.0	    0.0	  100.0	    0.0	    0.0	    0.0	    0.0	    0.0	   93.9	  1	 -650.0	 2050.0	    0.0	    0.0	    0.0	1	  299.4	 21	    0.0	    5.0	
 2516	  71.89	   22.0	 1511.4	    0.0	    0.0	    0.0	    0.0	    0.0	    0.0	    0.0	    0.0	    0.0	  100.0	    0.0	    0.0	    0.0	    0.0	    0.0	   93.9	  1	 -650.0	 2050.0	    0.0	    0.0	    0.0	1	  299.4	 21	    0.0	    5.0	
 2517	  71.92	   22.0	 1511.4	    0.0	    0.0	    0.0	    0.0	    0.0	    0.0	    0.0	    0.0	    0.0	  100.0	    0.0	    0.0	    0.0	    0.0	    0.0	   93.9	  1	 -650.0	 2050.0	    0.0	    0.0	    0.0	1	  299.4	 21	    0.0	    5.0	
 2518	  71.94	   22.0	 1511.4	    0.0	    0.0	    0.0	    0.0	    0.0	    0.0	    0.0	    0.0	    0.0	  100.0	    0.0	    0.0	    0.0	    0.0	    0.0	   94.0	  1	 -650.0	 2050.0	    0.0	    0.0	    0.0	1	  299.4	 21	    0.0	    5.0	
 2519	  71.97	   22.0	 1511.4	    0.0	    0.0	    0.0	    0.0	    0.0	    0.0	    0.0	    0.0	    0.0	  100.0	    0.0	    0.0	    0.0	    0.0	    0.0	   94.0	  1	 -650.0	 2050.0	    0.0	    0.0	    0.0	1	  299.4	 21	    0.0	    5.0	
 2520	  72.00	   22.0	 1511.4	    0.0	    0.0	    0.0	    0.0	    0.0	    0.0	    0.0	    0.0	    0.0	  100.0	    0.0	    0.0	    0.0	    0.0	    0.0	   94.0	  1	 -650.0	 2050.0	    0.0	    0.0	    0.0	1	  299.4	 21	    0.0	    5.0	
 2521	  72.03	   22.0	 1511.4	    0.0	    0.0	    0.0	    0.0	    0.0	    0.0	    0.0	    0.0	    0.0	  100.0	    0.0	    0.0	    0.0	    0.0	    0.0	   94.1	  1	 -650.0	 2050.0	    0.0	    0.0	    0.0	1	  299.4	 21	    0.0	    5.0	
 2522	  72.06	   22.0	 1511.4	    0.0	    0.0	    0.0	    0.0	    0.0	    0.0	    0.0	    0.0	    0.0	  100.0	    0.0	    0.0	    0.0	    0.0	    0.0	   94.1	  1	 -650.0	 2050.0	    0.0	    0.0	    0.0	1	  299.4	 21	    0.0	    5.0	
 2523	  72.09	   22.0	 1511.4	    0.0	    0.0	    0.0	    0.0	    0.0	    0.0	    0.0	    0.0	    0.0	  100.0	    0.0	    0.0	    0.0	    0.0	    0.0	   94.1	  1	 -650.0	 2050.0	    0.0	    0.0	    0.0	1	  299.4	 21	    0.0	    5.0	
 2524	  72.11	   22.0	 1511.4	    0.0	    0.0	    0.0	    0.0	    0.0	    0.0	    0.0	    0.0	    0.0	  100.0	    0.0	    0.0	    0.0	    0.0	    0.0	   94.2	  1	 -650.0	 2050.0	    0.0	    0.0	    0.0	1	  299.4	 21	    0.0	    5.0	
 2525	  72.14	   22.0	 1511.4	    0.0	    0.0	    0.0	    0.0	    0.0	    0.0	    0.0	    0.0	    0.0	  100.0	    0.0	    0.0	    0.0	    0.0	    0.0	   94.2	  1	 -650.0	 2050.0	    0.0	    0.0	    0.0	1	  299.4	 21	    0.0	    5.0	
 2526	  72.17	   22.0	 1511.4	    0.0	    0.0	    0.0	    0.0	    0.0	    0.0	    0.0	    0.0	    0.0	  100.0	    0.0	    0.0	    0.0	    0.0	    0.0	   94.3	  1	 -650.0	 2050.0	    0.0	    0.0	    0.0	1	  299.4	 21	    0.0	    5.0	
 2527	  72.20	   22.2	 1511.7	    0.0	    0.0	    0.0	    0.0	    0.0	    0.0	    0.0	    0.0	    0.0	  100.0	    0.0	    0.0	    0.0	    0.0	    0.0	   94.3	  1	 -650.0	 2050.0	    0.0	    0.0	    0.0	1	  299.4	 21	    0.0	    5.0	
 2528	  72.23	   22.2	 1511.7	    0.0	    0.0	    0.0	    0.0	    0.0	    0.0	    0.0	    0.0	    0.0	  100.0	    0.0	    0.0	    0.0	    0.0	    0.0	   94.3	  1	 -650.0	 2050.0	    0.0	    0.0	    0.0	1	  299.4	 21	    0.0	    5.0	
 2529	  72.26	   22.2	 1511.7	    0.0	    0.0	    0.0	    0.0	    0.0	    0.0	    0.0	    0.0	    0.0	  100.0	    0.0	    0.0	    0.0	    0.0	    0.0	   94.4	  1	 -650.0	 2050.0	    0.0	    0.0	    0.0	1	  299.4	 21	    0.0	    5.0	
 2530	  72.29	   22.2	 1511.7	    0.0	    0.0	    0.0	    0.0	    0.0	    0.0	    0.0	    0.0	    0.0	  100.0	    0.0	    0.0	    0.0	    0.0	    0.0	   94.4	  1	 -650.0	 2050.0	    0.0	    0.0	    0.0	1	  299.4	 21	    0.0	    5.0	
 2531	  72.31	   22.2	 1511.7	    0.0	    0.0	    0.0	    0.0	    0.0	    0.0	    0.0	    0.0	    0.0	  100.0	    0.0	    0.0	    0.0	    0.0	    0.0	   94.4	  1	 -650.0	 2050.0	    0.0	    0.0	    0.0	1	  299.4	 21	    0.0	    5.0	
 2532	  72.34	   22.2	 1511.7	    0.0	    0.0	    0.0	    0.0	    0.0	    0.0	    0.0	    0.0	    0.0	  100.0	    0.0	    0.0	    0.0	    0.0	    0.0	   94.5	  1	 -650.0	 2050.0	    0.0	    0.0	    0.0	1	  299.4	 21	    0.0	    5.0	
 2533	  72.37	   22.2	 1511.7	    0.0	    0.0	    0.0	    0.0	    0.0	    0.0	    0.0	    0.0	    0.0	  100.0	    0.0	    0.0	    0.0	    0.0	    0.0	   94.5	  1	 -650.0	 2050.0	    0.0	    0.0	    0.0	1	  299.4	 21	    0.0	    5.0	
 2534	  72.40	   22.2	 1511.7	    0.0	    0.0	    0.0	    0.0	    0.0	    0.0	    0.0	    0.0	    0.0	  100.0	    0.0	    0.0	    0.0	    0.0	    0.0	   94.5	  1	 -650.0	 2050.0	    0.0	    0.0	    0.0	1	  299.4	 21	    0.0	    5.0	
 2535	  72.43	   22.2	 1511.7	    0.0	    0.0	    0.0	    0.0	    0.0	    0.0	    0.0	    0.0	    0.0	  100.0	    0.0	    0.0	    0.0	    0.0	    0.0	   94.6	  1	 -650.0	 2050.0	    0.0	    0.0	    0.0	1	  299.4	 21	    0.0	    5.0	
 2536	  72.46	   22.2	 1511.7	    0.0	    0.0	    0.0	    0.0	    0.0	    0.0	    0.0	    0.0	    0.0	  100.0	    0.0	    0.0	    0.0	    0.0	    0.0	   94.6	  1	 -650.0	 2050.0	    0.0	    0.0	    0.0	1	  299.4	 21	    0.0	    5.0	
 2537	  72.49	   22.2	 1511.7	    0.0	    0.0	    0.0	    0.0	    0.0	    0.0	    0.0	    0.0	    0.0	  100.0	    0.0	    0.0	    0.0	    0.0	    0.0	   94.7	  1	 -650.0	 2050.0	    0.0	    0.0	    0.0	1	  299.4	 21	    0.0	    5.0	
 2538	  72.52	   22.2	 1511.7	    0.0	    0.0	    0.0	    0.0	    0.0	    0.0	    0.0	    0.0	    0.0	  100.0	    0.0	    0.0	    0.0	    0.0	    0.0	   94.7	  1	 -650.0	 2050.0	    0.0	    0.0	    0.0	1	  299.4	 21	    0.0	    5.0	
 2539	  72.54	   22.2	 1511.7	    0.0	    0.0	    0.0	    0.0	    0.0	    0.0	    0.0	    0.0	    0.0	  100.0	    0.0	    0.0	    0.0	    0.0	    0.0	   94.7	  1	 -650.0	 2050.0	    0.0	    0.0	    0.0	1	  299.4	 21	    0.0	    5.0	
 2540	  72.57	   22.2	 1511.7	    0.0	    0.0	    0.0	    0.0	    0.0	    0.0	    0.0	    0.0	    0.0	  100.0	    0.0	    0.0	    0.0	    0.0	    0.0	   94.8	  1	 -650.0	 2050.0	    0.0	    0.0	    0.0	1	  299.4	 21	    0.0	    5.0	
 2541	  72.60	   22.2	 1511.7	    0.0	    0.0	    0.0	    0.0	    0.0	    0.0	    0.0	    0.0	    0.0	  100.0	    0.0	    0.0	    0.0	    0.0	    0.0	   94.8	  1	 -650.0	 2050.0	    0.0	    0.0	    0.0	1	  299.4	 21	    0.0	    5.0	
 2542	  72.63	   22.2	 1511.7	    0.0	    0.0	    0.0	    0.0	    0.0	    0.0	    0.0	    0.0	    0.0	  100.0	    0.0	    0.0	    0.0	    0.0	    0.0	   94.8	  1	 -650.0	 2050.0	    0.0	    0.0	    0.0	1	  299.4	 21	    0.0	    5.0	
 2543	  72.66	   22.2	 1511.7	    0.0	    0.0	    0.0	    0.0	    0.0	    0.0	    0.0	    0.0	    0.0	  100.0	    0.0	    0.0	    0.0	    0.0	    0.0	   94.9	  1	 -650.0	 2050.0	    0.0	    0.0	    0.0	1	  299.4	 21	    0.0	    5.0	
 2544	  72.69	   22.2	 1511.7	    0.0	    0.0	    0.0	    0.0	    0.0	    0.0	    0.0	    0.0	    0.0	  100.0	    0.0	    0.0	    0.0	    0.0	    0.0	   94.9	  1	 -650.0	 2050.0	    0.0	    0.0	    0.0	1	  299.4	 21	    0.0	    5.0	
 2545	  72.72	   22.2	 1511.7	    0.0	    0.0	    0.0	    0.0	    0.0	    0.0	    0.0	    0.0	    0.0	  100.0	    0.0	    0.0	    0.0	    0.0	    0.0	   94.9	  1	 -650.0	 2050.0	    0.0	    0.0	    0.0	1	  299.4	 21	    0.0	    5.0	
 2546	  72.74	   22.2	 1511.7	    0.0	    0.0	    0.0	    0.0	    0.0	    0.0	    0.0	    0.0	    0.0	  100.0	    0.0	    0.0	    0.0	    0.0	    0.0	   95.0	  1	 -650.0	 2050.0	    0.0	    0.0	    0.0	1	  299.4	 21	    0.0	    5.0	
 2547	  72.77	   22.2	 1511.7	    0.0	    0.0	    0.0	    0.0	    0.0	    0.0	    0.0	    0.0	    0.0	  100.0	    0.0	    0.0	    0.0	    0.0	    0.0	   95.0	  1	 -650.0	 2050.0	    0.0	    0.0	    0.0	1	  299.4	 21	    0.0	    5.0	
 2548	  72.80	   22.2	 1511.7	    0.0	    0.0	    0.0	    0.0	    0.0	    0.0	    0.0	    0.0	    0.0	  100.0	    0.0	    0.0	    0.0	    0.0	    0.0	   95.1	  1	 -650.0	 2050.0	    0.0	    0.0	    0.0	1	  299.4	 21	    0.0	    5.0	
 2549	  72.83	   22.2	 1511.7	    0.0	    0.0	    0.0	    0.0	    0.0	    0.0	    0.0	    0.0	    0.0	  100.0	    0.0	    0.0	    0.0	    0.0	    0.0	   95.1	  1	 -650.0	 2050.0	    0.0	    0.0	    0.0	1	  299.4	 21	    0.0	    5.0	
 2550	  72.86	   22.2	 1511.7	    0.0	    0.0	    0.0	    0.0	    0.0	    0.0	    0.0	    0.0	    0.0	  100.0	    0.0	    0.0	    0.0	    0.0	    0.0	   95.1	  1	 -650.0	 2050.0	    0.0	    0.0	    0.0	1	  299.4	 21	    0.0	    5.0	
 2551	  72.89	   22.3	 1511.7	    0.0	    0.0	    0.0	    0.0	    0.0	    0.0	    0.0	    0.0	    0.0	  100.0	    0.0	    0.0	    0.0	    0.0	    0.0	   95.2	  1	 -650.0	 2050.0	    0.0	    0.0	    0.0	1	  299.4	 21	    0.0	    5.0	
 2552	  72.92	   22.3	 1511.7	    0.0	    0.0	    0.0	    0.0	    0.0	    0.0	    0.0	    0.0	    0.0	  100.0	    0.0	    0.0	    0.0	    0.0	    0.0	   95.2	  1	 -650.0	 2050.0	    0.0	    0.0	    0.0	1	  299.4	 21	    0.0	    5.0	
 2553	  72.94	   22.3	 1511.7	    0.0	    0.0	    0.0	    0.0	    0.0	    0.0	    0.0	    0.0	    0.0	  100.0	    0.0	    0.0	    0.0	    0.0	    0.0	   95.2	  1	 -650.0	 2050.0	    0.0	    0.0	    0.0	1	  299.4	 21	    0.0	    5.0	
 2554	  72.97	   22.3	 1511.7	    0.0	    0.0	    0.0	    0.0	    0.0	    0.0	    0.0	    0.0	    0.0	  100.0	    0.0	    0.0	    0.0	    0.0	    0.0	   95.3	  1	 -650.0	 2050.0	    0.0	    0.0	    0.0	1	  299.4	 21	    0.0	    5.0	
 2555	  73.00	   22.3	 1511.7	    0.0	    0.0	    0.0	    0.0	    0.0	    0.0	    0.0	    0.0	    0.0	  100.0	    0.0	    0.0	    0.0	    0.0	    0.0	   95.3	  1	 -650.0	 2050.0	    0.0	    0.0	    0.0	1	  299.4	 21	    0.0	    5.0	
 2556	  73.03	   22.3	 1511.7	    0.0	    0.0	    0.0	    0.0	    0.0	    0.0	    0.0	    0.0	    0.0	  100.0	    0.0	    0.0	    0.0	    0.0	    0.0	   95.3	  1	 -650.0	 2050.0	    0.0	    0.0	    0.0	1	  299.4	 21	    0.0	    5.0	
 2557	  73.06	   22.3	 1511.7	    0.0	    0.0	    0.0	    0.0	    0.0	    0.0	    0.0	    0.0	    0.0	  100.0	    0.0	    0.0	    0.0	    0.0	    0.0	   95.4	  1	 -650.0	 2050.0	    0.0	    0.0	    0.0	1	  299.4	 21	    0.0	    5.0	
 2558	  73.09	   22.3	 1511.7	    0.0	    0.0	    0.0	    0.0	    0.0	    0.0	    0.0	    0.0	    0.0	  100.0	    0.0	    0.0	    0.0	    0.0	    0.0	   95.4	  1	 -650.0	 2050.0	    0.0	    0.0	    0.0	1	  299.4	 21	    0.0	    5.0	
 2559	  73.11	   22.3	 1511.7	    0.0	    0.0	    0.0	    0.0	    0.0	    0.0	    0.0	    0.0	    0.0	  100.0	    0.0	    0.0	    0.0	    0.0	    0.0	   95.4	  1	 -650.0	 2050.0	    0.0	    0.0	    0.0	1	  299.4	 21	    0.0	    5.0	
 2560	  73.14	   22.3	 1511.7	    0.0	    0.0	    0.0	    0.0	    0.0	    0.0	    0.0	    0.0	    0.0	  100.0	    0.0	    0.0	    0.0	    0.0	    0.0	   95.5	  1	 -650.0	 2050.0	    0.0	    0.0	    0.0	1	  299.4	 21	    0.0	    5.0	
 2561	  73.17	   22.3	 1511.7	    0.0	    0.0	    0.0	    0.0	    0.0	    0.0	    0.0	    0.0	    0.0	  100.0	    0.0	    0.0	    0.0	    0.0	    0.0	   95.5	  1	 -650.0	 2050.0	    0.0	    0.0	    0.0	1	  299.4	 21	    0.0	    5.0	
 2562	  73.20	   22.3	 1511.7	    0.0	    0.0	    0.0	    0.0	    0.0	    0.0	    0.0	    0.0	    0.0	  100.0	    0.0	    0.0	    0.0	    0.0	    0.0	   95.6	  1	 -650.0	 2050.0	    0.0	    0.0	    0.0	1	  299.4	 21	    0.0	    5.0	
 2563	  73.23	   22.3	 1511.7	    0.0	    0.0	    0.0	    0.0	    0.0	    0.0	    0.0	    0.0	    0.0	  100.0	    0.0	    0.0	    0.0	    0.0	    0.0	   95.6	  1	 -650.0	 2050.0	    0.0	    0.0	    0.0	1	  299.4	 21	    0.0	    5.0	
 2564	  73.26	   22.3	 1511.7	    0.0	    0.0	    0.0	    0.0	    0.0	    0.0	    0.0	    0.0	    0.0	  100.0	    0.0	    0.0	    0.0	    0.0	    0.0	   95.6	  1	 -650.0	 2050.0	    0.0	    0.0	    0.0	1	  299.4	 21	    0.0	    5.0	
 2565	  73.29	   22.3	 1511.7	    0.0	    0.0	    0.0	    0.0	    0.0	    0.0	    0.0	    0.0	    0.0	  100.0	    0.0	    0.0	    0.0	    0.0	    0.0	   95.7	  1	 -650.0	 2050.0	    0.0	    0.0	    0.0	1	  299.4	 21	    0.0	    5.0	
 2566	  73.31	   22.3	 1511.7	    0.0	    0.0	    0.0	    0.0	    0.0	    0.0	    0.0	    0.0	    0.0	  100.0	    0.0	    0.0	    0.0	    0.0	    0.0	   95.7	  1	 -650.0	 2050.0	    0.0	    0.0	    0.0	1	  299.4	 21	    0.0	    5.0	
 2567	  73.34	   22.3	 1511.7	    0.0	    0.0	    0.0	    0.0	    0.0	    0.0	    0.0	    0.0	    0.0	  100.0	    0.0	    0.0	    0.0	    0.0	    0.0	   95.7	  1	 -650.0	 2050.0	    0.0	    0.0	    0.0	1	  299.4	 21	    0.0	    5.0	
 2568	  73.37	   22.3	 1511.7	    0.0	    0.0	    0.0	    0.0	    0.0	    0.0	    0.0	    0.0	    0.0	  100.0	    0.0	    0.0	    0.0	    0.0	    0.0	   95.8	  1	 -650.0	 2050.0	    0.0	    0.0	    0.0	1	  299.4	 21	    0.0	    5.0	
 2569	  73.40	   22.3	 1511.7	    0.0	    0.0	    0.0	    0.0	    0.0	    0.0	    0.0	    0.0	    0.0	  100.0	    0.0	    0.0	    0.0	    0.0	    0.0	   95.8	  1	 -650.0	 2050.0	    0.0	    0.0	    0.0	1	  299.4	 21	    0.0	    5.0	
 2570	  73.43	   22.3	 1511.7	    0.0	    0.0	    0.0	    0.0	    0.0	    0.0	    0.0	    0.0	    0.0	  100.0	    0.0	    0.0	    0.0	    0.0	    0.0	   95.8	  1	 -650.0	 2050.0	    0.0	    0.0	    0.0	1	  299.4	 21	    0.0	    5.0	
 2571	  73.46	   22.3	 1511.7	    0.0	    0.0	    0.0	    0.0	    0.0	    0.0	    0.0	    0.0	    0.0	  100.0	    0.0	    0.0	    0.0	    0.0	    0.0	   95.9	  1	 -650.0	 2050.0	    0.0	    0.0	    0.0	1	  299.4	 21	    0.0	    5.0	
 2572	  73.49	   22.3	 1511.7	    0.0	    0.0	    0.0	    0.0	    0.0	    0.0	    0.0	    0.0	    0.0	  100.0	    0.0	    0.0	    0.0	    0.0	    0.0	   95.9	  1	 -650.0	 2050.0	    0.0	    0.0	    0.0	1	  299.4	 21	    0.0	    5.0	
 2573	  73.52	   22.3	 1511.7	    0.0	    0.0	    0.0	    0.0	    0.0	    0.0	    0.0	    0.0	    0.0	  100.0	    0.0	    0.0	    0.0	    0.0	    0.0	   96.0	  1	 -650.0	 2050.0	    0.0	    0.0	    0.0	1	  299.4	 21	    0.0	    5.0	
 2574	  73.54	   22.3	 1511.7	    0.0	    0.0	    0.0	    0.0	    0.0	    0.0	    0.0	    0.0	    0.0	  100.0	    0.0	    0.0	    0.0	    0.0	    0.0	   96.0	  1	 -650.0	 2050.0	    0.0	    0.0	    0.0	1	  299.4	 21	    0.0	    5.0	
 2575	  73.57	   22.3	 1511.7	    0.0	    0.0	    0.0	    0.0	    0.0	    0.0	    0.0	    0.0	    0.0	  100.0	    0.0	    0.0	    0.0	    0.0	    0.0	   96.0	  1	 -650.0	 2050.0	    0.0	    0.0	    0.0	1	  299.4	 21	    0.0	    5.0	
 2576	  73.60	   22.3	 1511.7	    0.0	    0.0	    0.0	    0.0	    0.0	    0.0	    0.0	    0.0	    0.0	  100.0	    0.0	    0.0	    0.0	    0.0	    0.0	   96.1	  1	 -650.0	 2050.0	    0.0	    0.0	    0.0	1	  299.4	 21	    0.0	    5.0	
 2577	  73.63	   22.3	 1511.7	    0.0	    0.0	    0.0	    0.0	    0.0	    0.0	    0.0	    0.0	    0.0	  100.0	    0.0	    0.0	    0.0	    0.0	    0.0	   96.1	  1	 -650.0	 2050.0	    0.0	    0.0	    0.0	1	  299.4	 21	    0.0	    5.0	
 2578	  73.66	   22.3	 1511.7	    0.0	    0.0	    0.0	    0.0	    0.0	    0.0	    0.0	    0.0	    0.0	  100.0	    0.0	    0.0	    0.0	    0.0	    0.0	   96.1	  1	 -650.0	 2050.0	    0.0	    0.0	    0.0	1	  299.4	 21	    0.0	    5.0	
 2579	  73.69	   22.3	 1511.7	    0.0	    0.0	    0.0	    0.0	    0.0	    0.0	    0.0	    0.0	    0.0	  100.0	    0.0	    0.0	    0.0	    0.0	    0.0	   96.2	  1	 -650.0	 2050.0	    0.0	    0.0	    0.0	1	  299.4	 21	    0.0	    5.0	
 2580	  73.72	   22.3	 1511.7	    0.0	    0.0	    0.0	    0.0	    0.0	    0.0	    0.0	    0.0	    0.0	  100.0	    0.0	    0.0	    0.0	    0.0	    0.0	   96.2	  1	 -650.0	 2050.0	    0.0	    0.0	    0.0	1	  299.4	 21	    0.0	    5.0	
 2581	  73.74	   22.3	 1511.7	    0.0	    0.0	    0.0	    0.0	    0.0	    0.0	    0.0	    0.0	    0.0	  100.0	    0.0	    0.0	    0.0	    0.0	    0.0	   96.2	  1	 -650.0	 2050.0	    0.0	    0.0	    0.0	1	  299.4	 21	    0.0	    5.0	
 2582	  73.77	   22.3	 1511.7	    0.0	    0.0	    0.0	    0.0	    0.0	    0.0	    0.0	    0.0	    0.0	  100.0	    0.0	    0.0	    0.0	    0.0	    0.0	   96.3	  1	 -650.0	 2050.0	    0.0	    0.0	    0.0	1	  299.4	 21	    0.0	    5.0	
 2583	  73.80	   22.3	 1511.7	    0.0	    0.0	    0.0	    0.0	    0.0	    0.0	    0.0	    0.0	    0.0	  100.0	    0.0	    0.0	    0.0	    0.0	    0.0	   96.3	  1	 -650.0	 2050.0	    0.0	    0.0	    0.0	1	  299.4	 21	    0.0	    5.0	
 2584	  73.83	   22.3	 1511.7	    0.0	    0.0	    0.0	    0.0	    0.0	    0.0	    0.0	    0.0	    0.0	  100.0	    0.0	    0.0	    0.0	    0.0	    0.0	   96.4	  1	 -650.0	 2050.0	    0.0	    0.0	    0.0	1	  299.4	 21	    0.0	    5.0	
 2585	  73.86	   22.3	 1511.7	    0.0	    0.0	    0.0	    0.0	    0.0	    0.0	    0.0	    0.0	    0.0	  100.0	    0.0	    0.0	    0.0	    0.0	    0.0	   96.4	  1	 -650.0	 2050.0	    0.0	    0.0	    0.0	1	  299.4	 21	    0.0	    5.0	
 2586	  73.89	   22.2	 1511.8	    0.0	    0.0	    0.0	    0.0	    0.0	    0.0	    0.0	    0.0	    0.0	  100.0	    0.0	    0.0	    0.0	    0.0	    0.0	   96.4	  1	 -650.0	 2050.0	    0.0	    0.0	    0.0	1	  299.4	 21	    0.0	    5.0	
 2587	  73.92	   22.2	 1511.8	    0.0	    0.0	    0.0	    0.0	    0.0	    0.0	    0.0	    0.0	    0.0	  100.0	    0.0	    0.0	    0.0	    0.0	    0.0	   96.5	  1	 -650.0	 2050.0	    0.0	    0.0	    0.0	1	  299.4	 21	    0.0	    5.0	
 2588	  73.94	   22.2	 1511.8	    0.0	    0.0	    0.0	    0.0	    0.0	    0.0	    0.0	    0.0	    0.0	  100.0	    0.0	    0.0	    0.0	    0.0	    0.0	   96.5	  1	 -650.0	 2050.0	    0.0	    0.0	    0.0	1	  299.4	 21	    0.0	    5.0	
 2589	  73.97	   22.2	 1511.8	    0.0	    0.0	    0.0	    0.0	    0.0	    0.0	    0.0	    0.0	    0.0	  100.0	    0.0	    0.0	    0.0	    0.0	    0.0	   96.5	  1	 -650.0	 2050.0	    0.0	    0.0	    0.0	1	  299.4	 21	    0.0	    5.0	
 2590	  74.00	   22.2	 1511.8	    0.0	    0.0	    0.0	    0.0	    0.0	    0.0	    0.0	    0.0	    0.0	  100.0	    0.0	    0.0	    0.0	    0.0	    0.0	   96.6	  1	 -650.0	 2050.0	    0.0	    0.0	    0.0	1	  299.4	 21	    0.0	    5.0	
 2591	  74.03	   22.2	 1511.8	    0.0	    0.0	    0.0	    0.0	    0.0	    0.0	    0.0	    0.0	    0.0	  100.0	    0.0	    0.0	    0.0	    0.0	    0.0	   96.6	  1	 -650.0	 2050.0	    0.0	    0.0	    0.0	1	  299.4	 21	    0.0	    5.0	
 2592	  74.06	   22.2	 1511.8	    0.0	    0.0	    0.0	    0.0	    0.0	    0.0	    0.0	    0.0	    0.0	  100.0	    0.0	    0.0	    0.0	    0.0	    0.0	   96.6	  1	 -650.0	 2050.0	    0.0	    0.0	    0.0	1	  299.4	 21	    0.0	    5.0	
 2593	  74.09	   22.2	 1511.8	    0.0	    0.0	    0.0	    0.0	    0.0	    0.0	    0.0	    0.0	    0.0	  100.0	    0.0	    0.0	    0.0	    0.0	    0.0	   96.7	  1	 -650.0	 2050.0	    0.0	    0.0	    0.0	1	  299.4	 21	    0.0	    5.0	
 2594	  74.11	   22.2	 1511.8	    0.0	    0.0	    0.0	    0.0	    0.0	    0.0	    0.0	    0.0	    0.0	  100.0	    0.0	    0.0	    0.0	    0.0	    0.0	   96.7	  1	 -650.0	 2050.0	    0.0	    0.0	    0.0	1	  299.4	 21	    0.0	    5.0	
 2595	  74.14	   22.2	 1511.8	    0.0	    0.0	    0.0	    0.0	    0.0	    0.0	    0.0	    0.0	    0.0	  100.0	    0.0	    0.0	    0.0	    0.0	    0.0	   96.7	  1	 -650.0	 2050.0	    0.0	    0.0	    0.0	1	  299.4	 21	    0.0	    5.0	
 2596	  74.17	   22.2	 1511.8	    0.0	    0.0	    0.0	    0.0	    0.0	    0.0	    0.0	    0.0	    0.0	  100.0	    0.0	    0.0	    0.0	    0.0	    0.0	   96.8	  1	 -650.0	 2050.0	    0.0	    0.0	    0.0	1	  299.4	 21	    0.0	    5.0	
 2597	  74.20	   22.3	 1511.8	    0.0	    0.0	    0.0	    0.0	    0.0	    0.0	    0.0	    0.0	    0.0	  100.0	    0.0	    0.0	    0.0	    0.0	    0.0	   96.8	  1	 -650.0	 2050.0	    0.0	    0.0	    0.0	1	  299.4	 21	    0.0	    5.0	
 2598	  74.23	   22.3	 1511.8	    0.0	    0.0	    0.0	    0.0	    0.0	    0.0	    0.0	    0.0	    0.0	  100.0	    0.0	    0.0	    0.0	    0.0	    0.0	   96.9	  1	 -650.0	 2050.0	    0.0	    0.0	    0.0	1	  299.4	 21	    0.0	    5.0	
 2599	  74.26	   22.3	 1511.8	    0.0	    0.0	    0.0	    0.0	    0.0	    0.0	    0.0	    0.0	    0.0	  100.0	    0.0	    0.0	    0.0	    0.0	    0.0	   96.9	  1	 -650.0	 2050.0	    0.0	    0.0	    0.0	1	  299.4	 21	    0.0	    5.0	
 2600	  74.29	   22.3	 1511.8	    0.0	    0.0	    0.0	    0.0	    0.0	    0.0	    0.0	    0.0	    0.0	  100.0	    0.0	    0.0	    0.0	    0.0	    0.0	   96.9	  1	 -650.0	 2050.0	    0.0	    0.0	    0.0	1	  299.4	 21	    0.0	    5.0	
 2601	  74.31	   22.3	 1511.8	    0.0	    0.0	    0.0	    0.0	    0.0	    0.0	    0.0	    0.0	    0.0	  100.0	    0.0	    0.0	    0.0	    0.0	    0.0	   97.0	  1	 -650.0	 2050.0	    0.0	    0.0	    0.0	1	  299.4	 21	    0.0	    5.0	
 2602	  74.34	   22.3	 1511.8	    0.0	    0.0	    0.0	    0.0	    0.0	    0.0	    0.0	    0.0	    0.0	  100.0	    0.0	    0.0	    0.0	    0.0	    0.0	   97.0	  1	 -650.0	 2050.0	    0.0	    0.0	    0.0	1	  299.4	 21	    0.0	    5.0	
 2603	  74.37	   22.3	 1511.8	    0.0	    0.0	    0.0	    0.0	    0.0	    0.0	    0.0	    0.0	    0.0	  100.0	    0.0	    0.0	    0.0	    0.0	    0.0	   97.0	  1	 -650.0	 2050.0	    0.0	    0.0	    0.0	1	  299.4	 21	    0.0	    5.0	
 2604	  74.40	   22.3	 1511.8	    0.0	    0.0	    0.0	    0.0	    0.0	    0.0	    0.0	    0.0	    0.0	  100.0	    0.0	    0.0	    0.0	    0.0	    0.0	   97.1	  1	 -650.0	 2050.0	    0.0	    0.0	    0.0	1	  299.4	 21	    0.0	    5.0	
 2605	  74.43	   22.3	 1511.8	    0.0	    0.0	    0.0	    0.0	    0.0	    0.0	    0.0	    0.0	    0.0	  100.0	    0.0	    0.0	    0.0	    0.0	    0.0	   97.1	  1	 -650.0	 2050.0	    0.0	    0.0	    0.0	1	  299.4	 21	    0.0	    5.0	
 2606	  74.46	   22.3	 1511.8	    0.0	    0.0	    0.0	    0.0	    0.0	    0.0	    0.0	    0.0	    0.0	  100.0	    0.0	    0.0	    0.0	    0.0	    0.0	   97.1	  1	 -650.0	 2050.0	    0.0	    0.0	    0.0	1	  299.4	 21	    0.0	    5.0	
 2607	  74.49	   22.3	 1511.8	    0.0	    0.0	    0.0	    0.0	    0.0	    0.0	    0.0	    0.0	    0.0	  100.0	    0.0	    0.0	    0.0	    0.0	    0.0	   97.2	  1	 -650.0	 2050.0	    0.0	    0.0	    0.0	1	  299.4	 21	    0.0	    5.0	
 2608	  74.52	   22.3	 1511.8	    0.0	    0.0	    0.0	    0.0	    0.0	    0.0	    0.0	    0.0	    0.0	  100.0	    0.0	    0.0	    0.0	    0.0	    0.0	   97.2	  1	 -650.0	 2050.0	    0.0	    0.0	    0.0	1	  299.4	 21	    0.0	    5.0	
 2609	  74.54	   22.3	 1511.8	    0.0	    0.0	    0.0	    0.0	    0.0	    0.0	    0.0	    0.0	    0.0	  100.0	    0.0	    0.0	    0.0	    0.0	    0.0	   97.3	  1	 -650.0	 2050.0	    0.0	    0.0	    0.0	1	  299.4	 21	    0.0	    5.0	
 2610	  74.57	   22.3	 1511.8	    0.0	    0.0	    0.0	    0.0	    0.0	    0.0	    0.0	    0.0	    0.0	  100.0	    0.0	    0.0	    0.0	    0.0	    0.0	   97.3	  1	 -650.0	 2050.0	    0.0	    0.0	    0.0	1	  299.4	 21	    0.0	    5.0	
 2611	  74.60	   22.3	 1511.8	    0.0	    0.0	    0.0	    0.0	    0.0	    0.0	    0.0	    0.0	    0.0	  100.0	    0.0	    0.0	    0.0	    0.0	    0.0	   97.3	  1	 -650.0	 2050.0	    0.0	    0.0	    0.0	1	  299.4	 21	    0.0	    5.0	
 2612	  74.63	   22.3	 1511.8	    0.0	    0.0	    0.0	    0.0	    0.0	    0.0	    0.0	    0.0	    0.0	  100.0	    0.0	    0.0	    0.0	    0.0	    0.0	   97.4	  1	 -650.0	 2050.0	    0.0	    0.0	    0.0	1	  299.4	 21	    0.0	    5.0	
 2613	  74.66	   22.3	 1511.8	    0.0	    0.0	    0.0	    0.0	    0.0	    0.0	    0.0	    0.0	    0.0	  100.0	    0.0	    0.0	    0.0	    0.0	    0.0	   97.4	  1	 -650.0	 2050.0	    0.0	    0.0	    0.0	1	  299.4	 21	    0.0	    5.0	
 2614	  74.69	   22.5	 1511.8	    0.0	    0.0	    0.0	    0.0	    0.0	    0.0	    0.0	    0.0	    0.0	  100.0	    0.0	    0.0	    0.0	    0.0	    0.0	   97.4	  1	 -650.0	 2050.0	    0.0	    0.0	    0.0	1	  299.4	 21	    0.0	    5.0	
 2615	  74.72	   22.5	 1511.8	    0.0	    0.0	    0.0	    0.0	    0.0	    0.0	    0.0	    0.0	    0.0	  100.0	    0.0	    0.0	    0.0	    0.0	    0.0	   97.5	  1	 -650.0	 2050.0	    0.0	    0.0	    0.0	1	  299.4	 21	    0.0	    5.0	
 2616	  74.74	   22.5	 1511.8	    0.0	    0.0	    0.0	    0.0	    0.0	    0.0	    0.0	    0.0	    0.0	  100.0	    0.0	    0.0	    0.0	    0.0	    0.0	   97.5	  1	 -650.0	 2050.0	    0.0	    0.0	    0.0	1	  299.4	 21	    0.0	    5.0	
 2617	  74.77	   22.5	 1511.8	    0.0	    0.0	    0.0	    0.0	    0.0	    0.0	    0.0	    0.0	    0.0	  100.0	    0.0	    0.0	    0.0	    0.0	    0.0	   97.5	  1	 -650.0	 2050.0	    0.0	    0.0	    0.0	1	  299.4	 21	    0.0	    5.0	
 2618	  74.80	   22.5	 1511.8	    0.0	    0.0	    0.0	    0.0	    0.0	    0.0	    0.0	    0.0	    0.0	  100.0	    0.0	    0.0	    0.0	    0.0	    0.0	   97.6	  1	 -650.0	 2050.0	    0.0	    0.0	    0.0	1	  299.4	 21	    0.0	    5.0	
 2619	  74.83	   22.5	 1511.8	    0.0	    0.0	    0.0	    0.0	    0.0	    0.0	    0.0	    0.0	    0.0	  100.0	    0.0	    0.0	    0.0	    0.0	    0.0	   97.6	  1	 -650.0	 2050.0	    0.0	    0.0	    0.0	1	  299.4	 21	    0.0	    5.0	
 2620	  74.86	   22.5	 1511.8	    0.0	    0.0	    0.0	    0.0	    0.0	    0.0	    0.0	    0.0	    0.0	  100.0	    0.0	    0.0	    0.0	    0.0	    0.0	   97.7	  1	 -650.0	 2050.0	    0.0	    0.0	    0.0	1	  299.4	 21	    0.0	    5.0	
 2621	  74.89	   22.5	 1511.8	    0.0	    0.0	    0.0	    0.0	    0.0	    0.0	    0.0	    0.0	    0.0	  100.0	    0.0	    0.0	    0.0	    0.0	    0.0	   97.7	  1	 -650.0	 2050.0	    0.0	    0.0	    0.0	1	  299.4	 21	    0.0	    5.0	
 2622	  74.92	   22.5	 1511.8	    0.0	    0.0	    0.0	    0.0	    0.0	    0.0	    0.0	    0.0	    0.0	  100.0	    0.0	    0.0	    0.0	    0.0	    0.0	   97.7	  1	 -650.0	 2050.0	    0.0	    0.0	    0.0	1	  299.4	 21	    0.0	    5.0	
 2623	  74.94	   22.5	 1511.8	    0.0	    0.0	    0.0	    0.0	    0.0	    0.0	    0.0	    0.0	    0.0	  100.0	    0.0	    0.0	    0.0	    0.0	    0.0	   97.8	  1	 -650.0	 2050.0	    0.0	    0.0	    0.0	1	  299.4	 21	    0.0	    5.0	
 2624	  74.97	   22.5	 1511.8	    0.0	    0.0	    0.0	    0.0	    0.0	    0.0	    0.0	    0.0	    0.0	  100.0	    0.0	    0.0	    0.0	    0.0	    0.0	   97.8	  1	 -650.0	 2050.0	    0.0	    0.0	    0.0	1	  299.4	 21	    0.0	    5.0	
 2625	  75.00	   22.5	 1511.8	    0.0	    0.0	    0.0	    0.0	    0.0	    0.0	    0.0	    0.0	    0.0	  100.0	    0.0	    0.0	    0.0	    0.0	    0.0	   97.8	  1	 -650.0	 2050.0	    0.0	    0.0	    0.0	1	  299.4	 21	    0.0	    5.0	
 2626	  75.03	   22.5	 1511.8	    0.0	    0.0	    0.0	    0.0	    0.0	    0.0	    0.0	    0.0	    0.0	  100.0	    0.0	    0.0	    0.0	    0.0	    0.0	   97.9	  1	 -650.0	 2050.0	    0.0	    0.0	    0.0	1	  299.4	 21	    0.0	    5.0	
 2627	  75.06	   22.5	 1511.8	    0.0	    0.0	    0.0	    0.0	    0.0	    0.0	    0.0	    0.0	    0.0	  100.0	    0.0	    0.0	    0.0	    0.0	    0.0	   97.9	  1	 -650.0	 2050.0	    0.0	    0.0	    0.0	1	  299.4	 21	    0.0	    5.0	
 2628	  75.09	   22.5	 1511.8	    0.0	    0.0	    0.0	    0.0	    0.0	    0.0	    0.0	    0.0	    0.0	  100.0	    0.0	    0.0	    0.0	    0.0	    0.0	   97.9	  1	 -650.0	 2050.0	    0.0	    0.0	    0.0	1	  299.4	 21	    0.0	    5.0	
 2629	  75.11	   22.5	 1511.8	    0.0	    0.0	    0.0	    0.0	    0.0	    0.0	    0.0	    0.0	    0.0	  100.0	    0.0	    0.0	    0.0	    0.0	    0.0	   98.0	  1	 -650.0	 2050.0	    0.0	    0.0	    0.0	1	  299.4	 21	    0.0	    5.0	
 2630	  75.14	   22.5	 1511.8	    0.0	    0.0	    0.0	    0.0	    0.0	    0.0	    0.0	    0.0	    0.0	  100.0	    0.0	    0.0	    0.0	    0.0	    0.0	   98.0	  1	 -650.0	 2050.0	    0.0	    0.0	    0.0	1	  299.4	 21	    0.0	    5.0	
 2631	  75.17	   22.5	 1511.8	    0.0	    0.0	    0.0	    0.0	    0.0	    0.0	    0.0	    0.0	    0.0	  100.0	    0.0	    0.0	    0.0	    0.0	    0.0	   98.0	  1	 -650.0	 2050.0	    0.0	    0.0	    0.0	1	  299.4	 21	    0.0	    5.0	
 2632	  75.20	   22.5	 1511.8	    0.0	    0.0	    0.0	    0.0	    0.0	    0.0	    0.0	    0.0	    0.0	  100.0	    0.0	    0.0	    0.0	    0.0	    0.0	   98.1	  1	 -650.0	 2050.0	    0.0	    0.0	    0.0	1	  299.4	 21	    0.0	    5.0	
 2633	  75.23	   22.5	 1511.8	    0.0	    0.0	    0.0	    0.0	    0.0	    0.0	    0.0	    0.0	    0.0	  100.0	    0.0	    0.0	    0.0	    0.0	    0.0	   98.1	  1	 -650.0	 2050.0	    0.0	    0.0	    0.0	1	  299.4	 21	    0.0	    5.0	
 2634	  75.26	   22.5	 1511.8	    0.0	    0.0	    0.0	    0.0	    0.0	    0.0	    0.0	    0.0	    0.0	  100.0	    0.0	    0.0	    0.0	    0.0	    0.0	   98.2	  1	 -650.0	 2050.0	    0.0	    0.0	    0.0	1	  299.4	 21	    0.0	    5.0	
 2635	  75.29	   22.5	 1511.8	    0.0	    0.0	    0.0	    0.0	    0.0	    0.0	    0.0	    0.0	    0.0	  100.0	    0.0	    0.0	    0.0	    0.0	    0.0	   98.2	  1	 -650.0	 2050.0	    0.0	    0.0	    0.0	1	  299.4	 21	    0.0	    5.0	
 2636	  75.31	   22.5	 1511.8	    0.0	    0.0	    0.0	    0.0	    0.0	    0.0	    0.0	    0.0	    0.0	  100.0	    0.0	    0.0	    0.0	    0.0	    0.0	   98.2	  1	 -650.0	 2050.0	    0.0	    0.0	    0.0	1	  299.4	 21	    0.0	    5.0	
 2637	  75.34	   22.5	 1511.8	    0.0	    0.0	    0.0	    0.0	    0.0	    0.0	    0.0	    0.0	    0.0	  100.0	    0.0	    0.0	    0.0	    0.0	    0.0	   98.3	  1	 -650.0	 2050.0	    0.0	    0.0	    0.0	1	  299.4	 21	    0.0	    5.0	
 2638	  75.37	   22.5	 1511.8	    0.0	    0.0	    0.0	    0.0	    0.0	    0.0	    0.0	    0.0	    0.0	  100.0	    0.0	    0.0	    0.0	    0.0	    0.0	   98.3	  1	 -650.0	 2050.0	    0.0	    0.0	    0.0	1	  299.4	 21	    0.0	    5.0	
 2639	  75.40	   22.5	 1511.8	    0.0	    0.0	    0.0	    0.0	    0.0	    0.0	    0.0	    0.0	    0.0	  100.0	    0.0	    0.0	    0.0	    0.0	    0.0	   98.3	  1	 -650.0	 2050.0	    0.0	    0.0	    0.0	1	  299.4	 21	    0.0	    5.0	
 2640	  75.43	   22.5	 1511.8	    0.0	    0.0	    0.0	    0.0	    0.0	    0.0	    0.0	    0.0	    0.0	  100.0	    0.0	    0.0	    0.0	    0.0	    0.0	   98.4	  1	 -650.0	 2050.0	    0.0	    0.0	    0.0	1	  299.4	 21	    0.0	    5.0	
 2641	  75.46	   22.5	 1511.8	    0.0	    0.0	    0.0	    0.0	    0.0	    0.0	    0.0	    0.0	    0.0	  100.0	    0.0	    0.0	    0.0	    0.0	    0.0	   98.4	  1	 -650.0	 2050.0	    0.0	    0.0	    0.0	1	  299.4	 21	    0.0	    5.0	
 2642	  75.49	   22.3	 1512.0	    0.0	    0.0	    0.0	    0.0	    0.0	    0.0	    0.0	    0.0	    0.0	  100.0	    0.0	    0.0	    0.0	    0.0	    0.0	   98.4	  1	 -650.0	 2050.0	    0.0	    0.0	    0.0	1	  299.4	 21	    0.0	    5.0	
 2643	  75.52	   22.3	 1512.0	    0.0	    0.0	    0.0	    0.0	    0.0	    0.0	    0.0	    0.0	    0.0	  100.0	    0.0	    0.0	    0.0	    0.0	    0.0	   98.5	  1	 -650.0	 2050.0	    0.0	    0.0	    0.0	1	  299.4	 21	    0.0	    5.0	
 2644	  75.54	   22.3	 1512.0	    0.0	    0.0	    0.0	    0.0	    0.0	    0.0	    0.0	    0.0	    0.0	  100.0	    0.0	    0.0	    0.0	    0.0	    0.0	   98.5	  1	 -650.0	 2050.0	    0.0	    0.0	    0.0	1	  299.4	 21	    0.0	    5.0	
 2645	  75.57	   22.3	 1512.0	    0.0	    0.0	    0.0	    0.0	    0.0	    0.0	    0.0	    0.0	    0.0	  100.0	    0.0	    0.0	    0.0	    0.0	    0.0	   98.6	  1	 -650.0	 2050.0	    0.0	    0.0	    0.0	1	  299.4	 21	    0.0	    5.0	
 2646	  75.60	   22.3	 1512.0	    0.0	    0.0	    0.0	    0.0	    0.0	    0.0	    0.0	    0.0	    0.0	  100.0	    0.0	    0.0	    0.0	    0.0	    0.0	   98.6	  1	 -650.0	 2050.0	    0.0	    0.0	    0.0	1	  299.4	 21	    0.0	    5.0	
 2647	  75.63	   22.3	 1512.0	    0.0	    0.0	    0.0	    0.0	    0.0	    0.0	    0.0	    0.0	    0.0	  100.0	    0.0	    0.0	    0.0	    0.0	    0.0	   98.6	  1	 -650.0	 2050.0	    0.0	    0.0	    0.0	1	  299.4	 21	    0.0	    5.0	
 2648	  75.66	   22.3	 1512.0	    0.0	    0.0	    0.0	    0.0	    0.0	    0.0	    0.0	    0.0	    0.0	  100.0	    0.0	    0.0	    0.0	    0.0	    0.0	   98.7	  1	 -650.0	 2050.0	    0.0	    0.0	    0.0	1	  299.4	 21	    0.0	    5.0	
 2649	  75.69	   22.3	 1512.0	    0.0	    0.0	    0.0	    0.0	    0.0	    0.0	    0.0	    0.0	    0.0	  100.0	    0.0	    0.0	    0.0	    0.0	    0.0	   98.7	  1	 -650.0	 2050.0	    0.0	    0.0	    0.0	1	  299.4	 21	    0.0	    5.0	
 2650	  75.72	   22.3	 1512.0	    0.0	    0.0	    0.0	    0.0	    0.0	    0.0	    0.0	    0.0	    0.0	  100.0	    0.0	    0.0	    0.0	    0.0	    0.0	   98.7	  1	 -650.0	 2050.0	    0.0	    0.0	    0.0	1	  299.4	 21	    0.0	    5.0	
 2651	  75.74	   22.3	 1512.0	    0.0	    0.0	    0.0	    0.0	    0.0	    0.0	    0.0	    0.0	    0.0	  100.0	    0.0	    0.0	    0.0	    0.0	    0.0	   98.8	  1	 -650.0	 2050.0	    0.0	    0.0	    0.0	1	  299.4	 21	    0.0	    5.0	
 2652	  75.77	   22.3	 1512.0	    0.0	    0.0	    0.0	    0.0	    0.0	    0.0	    0.0	    0.0	    0.0	  100.0	    0.0	    0.0	    0.0	    0.0	    0.0	   98.8	  1	 -650.0	 2050.0	    0.0	    0.0	    0.0	1	  299.4	 21	    0.0	    5.0	
 2653	  75.80	   22.3	 1512.0	    0.0	    0.0	    0.0	    0.0	    0.0	    0.0	    0.0	    0.0	    0.0	  100.0	    0.0	    0.0	    0.0	    0.0	    0.0	   98.8	  1	 -650.0	 2050.0	    0.0	    0.0	    0.0	1	  299.4	 21	    0.0	    5.0	
 2654	  75.83	   22.3	 1512.0	    0.0	    0.0	    0.0	    0.0	    0.0	    0.0	    0.0	    0.0	    0.0	  100.0	    0.0	    0.0	    0.0	    0.0	    0.0	   98.9	  1	 -650.0	 2050.0	    0.0	    0.0	    0.0	1	  299.4	 21	    0.0	    5.0	
 2655	  75.86	   22.3	 1512.0	    0.0	    0.0	    0.0	    0.0	    0.0	    0.0	    0.0	    0.0	    0.0	  100.0	    0.0	    0.0	    0.0	    0.0	    0.0	   98.9	  1	 -650.0	 2050.0	    0.0	    0.0	    0.0	1	  299.4	 21	    0.0	    5.0	
 2656	  75.89	   22.1	 1512.0	    0.0	    0.0	    0.0	    0.0	    0.0	    0.0	    0.0	    0.0	    0.0	  100.0	    0.0	    0.0	    0.0	    0.0	    0.0	   99.0	  1	 -650.0	 2050.0	    0.0	    0.0	    0.0	1	  299.4	 21	    0.0	    5.0	
 2657	  75.92	   22.1	 1512.0	    0.0	    0.0	    0.0	    0.0	    0.0	    0.0	    0.0	    0.0	    0.0	  100.0	    0.0	    0.0	    0.0	    0.0	    0.0	   99.0	  1	 -650.0	 2050.0	    0.0	    0.0	    0.0	1	  299.4	 21	    0.0	    5.0	
 2658	  75.94	   22.1	 1512.0	    0.0	    0.0	    0.0	    0.0	    0.0	    0.0	    0.0	    0.0	    0.0	  100.0	    0.0	    0.0	    0.0	    0.0	    0.0	   99.0	  1	 -650.0	 2050.0	    0.0	    0.0	    0.0	1	  299.4	 21	    0.0	    5.0	
 2659	  75.97	   22.1	 1512.0	    0.0	    0.0	    0.0	    0.0	    0.0	    0.0	    0.0	    0.0	    0.0	  100.0	    0.0	    0.0	    0.0	    0.0	    0.0	   99.1	  1	 -650.0	 2050.0	    0.0	    0.0	    0.0	1	  299.4	 21	    0.0	    5.0	
 2660	  76.00	   21.7	 1512.2	    0.0	    0.0	    0.0	    0.0	    0.0	    0.0	    0.0	    0.0	    0.0	  100.0	    0.0	    0.0	    0.0	    0.0	    0.0	   99.1	  1	 -650.0	 2050.0	    0.0	    0.0	    0.0	1	  299.4	 21	    0.0	    5.0	
 2661	  76.03	   21.7	 1512.2	    0.0	    0.0	    0.0	    0.0	    0.0	    0.0	    0.0	    0.0	    0.0	  100.0	    0.0	    0.0	    0.0	    0.0	    0.0	   99.1	  1	 -650.0	 2050.0	    0.0	    0.0	    0.0	1	  299.4	 21	    0.0	    5.0	
 2662	  76.06	   21.7	 1512.2	    0.0	    0.0	    0.0	    0.0	    0.0	    0.0	    0.0	    0.0	    0.0	  100.0	    0.0	    0.0	    0.0	    0.0	    0.0	   99.2	  1	 -650.0	 2050.0	    0.0	    0.0	    0.0	1	  299.4	 21	    0.0	    5.0	
 2663	  76.09	   21.9	 1512.5	    0.0	    0.0	    0.0	    0.0	    0.0	    0.0	    0.0	    0.0	    0.0	  100.0	    0.0	    0.0	    0.0	    0.0	    0.0	   99.2	  1	 -650.0	 2050.0	    0.0	    0.0	    0.0	1	  299.4	 21	    0.0	    5.0	
 2664	  76.11	   21.9	 1512.5	    0.0	    0.0	    0.0	    0.0	    0.0	    0.0	    0.0	    0.0	    0.0	  100.0	    0.0	    0.0	    0.0	    0.0	    0.0	   99.2	  1	 -650.0	 2050.0	    0.0	    0.0	    0.0	1	  299.4	 21	    0.0	    5.0	
 2665	  76.14	   21.9	 1512.5	    0.0	    0.0	    0.0	    0.0	    0.0	    0.0	    0.0	    0.0	    0.0	  100.0	    0.0	    0.0	    0.0	    0.0	    0.0	   99.3	  1	 -650.0	 2050.0	    0.0	    0.0	    0.0	1	  299.4	 21	    0.0	    5.0	
 2666	  76.17	   21.9	 1512.5	    0.0	    0.0	    0.0	    0.0	    0.0	    0.0	    0.0	    0.0	    0.0	  100.0	    0.0	    0.0	    0.0	    0.0	    0.0	   99.3	  1	 -650.0	 2050.0	    0.0	    0.0	    0.0	1	  299.4	 21	    0.0	    5.0	
 2667	  76.20	   21.9	 1512.5	    0.0	    0.0	    0.0	    0.0	    0.0	    0.0	    0.0	    0.0	    0.0	  100.0	    0.0	    0.0	    0.0	    0.0	    0.0	   99.3	  1	 -650.0	 2050.0	    0.0	    0.0	    0.0	1	  299.4	 21	    0.0	    5.0	
 2668	  76.23	   21.9	 1512.5	    0.0	    0.0	    0.0	    0.0	    0.0	    0.0	    0.0	    0.0	    0.0	  100.0	    0.0	    0.0	    0.0	    0.0	    0.0	   99.4	  1	 -650.0	 2050.0	    0.0	    0.0	    0.0	1	  299.4	 21	    0.0	    5.0	
 2669	  76.26	   21.9	 1512.5	    0.0	    0.0	    0.0	    0.0	    0.0	    0.0	    0.0	    0.0	    0.0	  100.0	    0.0	    0.0	    0.0	    0.0	    0.0	   99.4	  1	 -650.0	 2050.0	    0.0	    0.0	    0.0	1	  299.4	 21	    0.0	    5.0	
 2670	  76.29	   22.1	 1512.5	    0.0	    0.0	    0.0	    0.0	    0.0	    0.0	    0.0	    0.0	    0.0	  100.0	    0.0	    0.0	    0.0	    0.0	    0.0	   99.5	  1	 -650.0	 2050.0	    0.0	    0.0	    0.0	1	  299.4	 21	    0.0	    5.0	
 2671	  76.31	   22.1	 1512.5	    0.0	    0.0	    0.0	    0.0	    0.0	    0.0	    0.0	    0.0	    0.0	  100.0	    0.0	    0.0	    0.0	    0.0	    0.0	   99.5	  1	 -650.0	 2050.0	    0.0	    0.0	    0.0	1	  299.4	 21	    0.0	    5.0	
 2672	  76.34	   22.1	 1512.5	    0.0	    0.0	    0.0	    0.0	    0.0	    0.0	    0.0	    0.0	    0.0	  100.0	    0.0	    0.0	    0.0	    0.0	    0.0	   99.5	  1	 -650.0	 2050.0	    0.0	    0.0	    0.0	1	  299.4	 21	    0.0	    5.0	
 2673	  76.37	   22.1	 1512.5	    0.0	    0.0	    0.0	    0.0	    0.0	    0.0	    0.0	    0.0	    0.0	  100.0	    0.0	    0.0	    0.0	    0.0	    0.0	   99.6	  1	 -650.0	 2050.0	    0.0	    0.0	    0.0	1	  299.4	 21	    0.0	    5.0	
 2674	  76.40	   22.1	 1513.0	    0.0	    0.0	    0.0	    0.0	    0.0	    0.0	    0.0	    0.0	    0.0	  100.0	    0.0	    0.0	    0.0	    0.0	    0.0	   99.6	  1	 -650.0	 2050.0	    0.0	    0.0	    0.0	1	  299.4	 21	    0.0	    5.0	
 2675	  76.43	   22.1	 1513.0	    0.0	    0.0	    0.0	    0.0	    0.0	    0.0	    0.0	    0.0	    0.0	  100.0	    0.0	    0.0	    0.0	    0.0	    0.0	   99.6	  1	 -650.0	 2050.0	    0.0	    0.0	    0.0	1	  299.4	 21	    0.0	    5.0	
 2676	  76.46	   22.1	 1513.0	    0.0	    0.0	    0.0	    0.0	    0.0	    0.0	    0.0	    0.0	    0.0	  100.0	    0.0	    0.0	    0.0	    0.0	    0.0	   99.7	  1	 -650.0	 2050.0	    0.0	    0.0	    0.0	1	  299.4	 21	    0.0	    5.0	
 2677	  76.49	   22.1	 1513.0	    0.0	    0.0	    0.0	    0.0	    0.0	    0.0	    0.0	    0.0	    0.0	  100.0	    0.0	    0.0	    0.0	    0.0	    0.0	   99.7	  1	 -650.0	 2050.0	    0.0	    0.0	    0.0	1	  299.4	 21	    0.0	    5.0	
 2678	  76.52	   22.1	 1513.0	    0.0	    0.0	    0.0	    0.0	    0.0	    0.0	    0.0	    0.0	    0.0	  100.0	    0.0	    0.0	    0.0	    0.0	    0.0	   99.7	  1	 -650.0	 2050.0	    0.0	    0.0	    0.0	1	  299.4	 21	    0.0	    5.0	
 2679	  76.54	   22.1	 1513.0	    0.0	    0.0	    0.0	    0.0	    0.0	    0.0	    0.0	    0.0	    0.0	  100.0	    0.0	    0.0	    0.0	    0.0	    0.0	   99.8	  1	 -650.0	 2050.0	    0.0	    0.0	    0.0	1	  299.4	 21	    0.0	    5.0	
 2680	  76.57	   22.1	 1513.0	    0.0	    0.0	    0.0	    0.0	    0.0	    0.0	    0.0	    0.0	    0.0	  100.0	    0.0	    0.0	    0.0	    0.0	    0.0	   99.8	  1	 -650.0	 2050.0	    0.0	    0.0	    0.0	1	  299.4	 21	    0.0	    5.0	
 2681	  76.60	   22.1	 1513.0	    0.0	    0.0	    0.0	    0.0	    0.0	    0.0	    0.0	    0.0	    0.0	  100.0	    0.0	    0.0	    0.0	    0.0	    0.0	   99.9	  1	 -650.0	 2050.0	    0.0	    0.0	    0.0	1	  299.4	 21	    0.0	    5.0	
 2682	  76.63	   22.1	 1513.0	    0.0	    0.0	    0.0	    0.0	    0.0	    0.0	    0.0	    0.0	    0.0	  100.0	    0.0	    0.0	    0.0	    0.0	    0.0	   99.9	  1	 -650.0	 2050.0	    0.0	    0.0	    0.0	1	  299.4	 21	    0.0	    5.0	
 2683	  76.66	   22.1	 1513.0	    0.0	    0.0	    0.0	    0.0	    0.0	    0.0	    0.0	    0.0	    0.0	  100.0	    0.0	    0.0	    0.0	    0.0	    0.0	   99.9	  1	 -650.0	 2050.0	    0.0	    0.0	    0.0	1	  299.4	 21	    0.0	    5.0	
 2684	  76.69	   22.1	 1513.0	    0.0	    0.0	    0.0	    0.0	    0.0	    0.0	    0.0	    0.0	    0.0	  100.0	    0.0	    0.0	    0.0	    0.0	    0.0	  100.0	  1	 -650.0	 2050.0	    0.0	    0.0	    0.0	1	  299.4	 21	    0.0	    5.0	
 2685	  76.72	   22.1	 1513.0	    0.0	    0.0	    0.0	    0.0	    0.0	    0.0	    0.0	    0.0	    0.0	  100.0	    0.0	    0.0	    0.0	    0.0	    0.0	  100.0	  1	   50.0	 1550.0	    0.0	    0.0	    0.0	1	   45.7	 21	    0.0	    5.0	
 2686	  76.74	   22.1	 1513.0	    0.0	    0.0	    0.0	    0.0	    0.0	    0.0	    0.0	    0.0	    0.0	  100.0	    0.0	    0.0	    0.0	    0.0	    0.0	  100.0	  1	   50.0	 1550.0	    0.0	    0.0	    0.0	1	   45.7	 21	    0.0	    5.0	
 2687	  76.77	   22.1	 1513.0	    0.0	    0.0	    0.0	    0.0	    0.0	    0.0	    0.0	    0.0	    0.0	  100.0	    0.0	    0.0	    0.0	    0.0	    0.0	  100.0	  1	   50.0	 1550.0	    0.0	    0.0	    0.0	1	   45.7	 21	    0.0	    5.0	
 2688	  76.80	   22.1	 1513.0	    0.0	    0.0	    0.0	    0.0	    0.0	    0.0	    0.0	    0.0	    0.0	  100.0	    0.0	    0.0	    0.0	    0.0	    0.0	  100.0	  1	   50.0	 1550.0	    0.0	    0.0	    0.0	1	   45.7	 21	    0.0	    5.0	
 2689	  76.83	   22.1	 1513.0	    0.0	    0.0	    0.0	    0.0	    0.0	    0.0	    0.0	    0.0	    0.0	  100.0	    0.0	    0.0	    0.0	    0.0	    0.0	  100.0	  1	   50.0	 1550.0	    0.0	    0.0	    0.0	1	   45.7	 21	    0.0	    5.0	
 2690	  76.86	   22.1	 1513.0	    0.0	    0.0	    0.0	    0.0	    0.0	    0.0	    0.0	    0.0	    0.0	  100.0	    0.0	    0.0	    0.0	    0.0	    0.0	  100.0	  1	   50.0	 1550.0	    0.0	    0.0	    0.0	1	   45.7	 21	    0.0	    5.0	
 2691	  76.89	   22.1	 1513.0	    0.0	    0.0	    0.0	    0.0	    0.0	    0.0	    0.0	    0.0	    0.0	  100.0	    0.0	    0.0	    0.0	    0.0	    0.0	  100.0	  1	   50.0	 1550.0	    0.0	    0.0	    0.0	1	   45.7	 21	    0.0	    5.0	
 2692	  76.92	   22.1	 1513.0	    0.0	    0.0	    0.0	    0.0	    0.0	    0.0	    0.0	    0.0	    0.0	  100.0	    0.0	    0.0	    0.0	    0.0	    0.0	  100.0	  1	   50.0	 1550.0	    0.0	    0.0	    0.0	1	   45.7	 21	    0.0	    5.0	
 2693	  76.94	   22.1	 1513.0	    0.0	    0.0	    0.0	    0.0	    0.0	    0.0	    0.0	    0.0	    0.0	  100.0	    0.0	    0.0	    0.0	    0.0	    0.0	  100.0	  1	   50.0	 1550.0	    0.0	    0.0	    0.0	1	   45.7	 21	    0.0	    5.0	
 2694	  76.97	   22.1	 1513.0	    0.0	    0.0	    0.0	    0.0	    0.0	    0.0	    0.0	    0.0	    0.0	  100.0	    0.0	    0.0	    0.0	    0.0	    0.0	  100.0	  1	   50.0	 1550.0	    0.0	    0.0	    0.0	1	   45.7	 21	    0.0	    5.0	
 2695	  77.00	   21.6	 1513.3	    0.0	    0.0	    0.0	    0.0	    0.0	    0.0	    0.0	    0.0	    0.0	  100.0	    0.0	    0.0	    0.0	    0.0	    0.0	  100.0	  1	   50.0	 1550.0	    0.0	    0.0	    0.0	1	   45.7	 21	    0.0	    5.0	
 2696	  77.03	   21.6	 1513.3	    0.0	    0.0	    0.0	    0.0	    0.0	    0.0	    0.0	    0.0	    0.0	  100.0	    0.0	    0.0	    0.0	    0.0	    0.0	  100.0	  1	   50.0	 1550.0	    0.0	    0.0	    0.0	1	   45.7	 21	    0.0	    5.0	
 2697	  77.06	   21.6	 1513.3	    0.0	    0.0	    0.0	    0.0	    0.0	    0.0	    0.0	    0.0	    0.0	  100.0	    0.0	    0.0	    0.0	    0.0	    0.0	  100.0	  1	   50.0	 1550.0	    0.0	    0.0	    0.0	1	   45.7	 21	    0.0	    5.0	
 2698	  77.09	   21.6	 1513.3	    0.0	    0.0	    0.0	    0.0	    0.0	    0.0	    0.0	    0.0	    0.0	  100.0	    0.0	    0.0	    0.0	    0.0	    0.0	  100.0	  1	   50.0	 1550.0	    0.0	    0.0	    0.0	1	   45.7	 21	    0.0	    5.0	
 2699	  77.11	   21.6	 1513.3	    0.0	    0.0	    0.0	    0.0	    0.0	    0.0	    0.0	    0.0	    0.0	  100.0	    0.0	    0.0	    0.0	    0.0	    0.0	  100.0	  1	   50.0	 1550.0	    0.0	    0.0	    0.0	1	   45.7	 21	    0.0	    5.0	
 2700	  77.14	   21.6	 1513.3	    0.0	    0.0	    0.0	    0.0	    0.0	    0.0	    0.0	    0.0	    0.0	  100.0	    0.0	    0.0	    0.0	    0.0	    0.0	  100.0	  1	   50.0	 1550.0	    0.0	    0.0	    0.0	1	   45.7	 21	    0.0	    5.0	
 2701	  77.17	   21.6	 1513.3	    0.0	    0.0	    0.0	    0.0	    0.0	    0.0	    0.0	    0.0	    0.0	  100.0	    0.0	    0.0	    0.0	    0.0	    0.0	  100.0	  1	   50.0	 1550.0	    0.0	    0.0	    0.0	1	   45.7	 21	    0.0	    5.0	
 2702	  77.20	   21.6	 1513.3	    0.0	    0.0	    0.0	    0.0	    0.0	    0.0	    0.0	    0.0	    0.0	  100.0	    0.0	    0.0	    0.0	    0.0	    0.0	  100.0	  1	   50.0	 1550.0	    0.0	    0.0	    0.0	1	   45.7	 21	    0.0	    5.0	
 2703	  77.23	   21.6	 1513.3	    0.0	    0.0	    0.0	    0.0	    0.0	    0.0	    0.0	    0.0	    0.0	  100.0	    0.0	    0.0	    0.0	    0.0	    0.0	  100.0	  1	   50.0	 1550.0	    0.0	    0.0	    0.0	1	   45.7	 21	    0.0	    5.0	
 2704	  77.26	   21.6	 1513.3	    0.0	    0.0	    0.0	    0.0	    0.0	    0.0	    0.0	    0.0	    0.0	  100.0	    0.0	    0.0	    0.0	    0.0	    0.0	  100.0	  1	   50.0	 1550.0	    0.0	    0.0	    0.0	1	   45.7	 21	    0.0	    5.0	
 2705	  77.29	   21.6	 1513.3	    0.0	    0.0	    0.0	    0.0	    0.0	    0.0	    0.0	    0.0	    0.0	  100.0	    0.0	    0.0	    0.0	    0.0	    0.0	  100.0	  1	   50.0	 1550.0	    0.0	    0.0	    0.0	1	   45.7	 21	    0.0	    5.0	
 2706	  77.31	   21.6	 1513.3	    0.0	    0.0	    0.0	    0.0	    0.0	    0.0	    0.0	    0.0	    0.0	  100.0	    0.0	    0.0	    0.0	    0.0	    0.0	  100.0	  1	   50.0	 1550.0	    0.0	    0.0	    0.0	1	   45.7	 21	    0.0	    5.0	
 2707	  77.34	   21.6	 1513.3	    0.0	    0.0	    0.0	    0.0	    0.0	    0.0	    0.0	    0.0	    0.0	  100.0	    0.0	    0.0	    0.0	    0.0	    0.0	  100.0	  1	   50.0	 1550.0	    0.0	    0.0	    0.0	1	   45.7	 21	    0.0	    5.0	
 2708	  77.37	   21.6	 1513.3	    0.0	    0.0	    0.0	    0.0	    0.0	    0.0	    0.0	    0.0	    0.0	  100.0	    0.0	    0.0	    0.0	    0.0	    0.0	  100.0	  1	   50.0	 1550.0	    0.0	    0.0	    0.0	1	   45.7	 21	    0.0	    5.0	
 2709	  77.40	   21.6	 1513.3	    0.0	    0.0	    0.0	    0.0	    0.0	    0.0	    0.0	    0.0	    0.0	  100.0	    0.0	    0.0	    0.0	    0.0	    0.0	  100.0	  1	   50.0	 1550.0	    0.0	    0.0	    0.0	1	   45.7	 21	    0.0	    5.0	
 2710	  77.43	   21.6	 1513.3	    0.0	    0.0	    0.0	    0.0	    0.0	    0.0	    0.0	    0.0	    0.0	  100.0	    0.0	    0.0	    0.0	    0.0	    0.0	  100.0	  1	   50.0	 1550.0	    0.0	    0.0	    0.0	1	   45.7	 21	    0.0	    5.0	
 2711	  77.46	   21.6	 1513.3	    0.0	    0.0	    0.0	    0.0	    0.0	    0.0	    0.0	    0.0	    0.0	  100.0	    0.0	    0.0	    0.0	    0.0	    0.0	  100.0	  1	   50.0	 1550.0	    0.0	    0.0	    0.0	1	   45.7	 21	    0.0	    5.0	
 2712	  77.49	   21.6	 1513.3	    0.0	    0.0	    0.0	    0.0	    0.0	    0.0	    0.0	    0.0	    0.0	  100.0	    0.0	    0.0	    0.0	    0.0	    0.0	  100.0	  1	   50.0	 1550.0	    0.0	    0.0	    0.0	1	   45.7	 21	    0.0	    5.0	
 2713	  77.52	   21.6	 1513.3	    0.0	    0.0	    0.0	    0.0	    0.0	    0.0	    0.0	    0.0	    0.0	  100.0	    0.0	    0.0	    0.0	    0.0	    0.0	  100.0	  1	   50.0	 1550.0	    0.0	    0.0	    0.0	1	   45.7	 21	    0.0	    5.0	
 2714	  77.54	   21.6	 1513.3	    0.0	    0.0	    0.0	    0.0	    0.0	    0.0	    0.0	    0.0	    0.0	  100.0	    0.0	    0.0	    0.0	    0.0	    0.0	  100.0	  1	   50.0	 1550.0	    0.0	    0.0	    0.0	1	   45.7	 21	    0.0	    5.0	
 2715	  77.57	   21.6	 1513.3	    0.0	    0.0	    0.0	    0.0	    0.0	    0.0	    0.0	    0.0	    0.0	  100.0	    0.0	    0.0	    0.0	    0.0	    0.0	  100.0	  1	   50.0	 1550.0	    0.0	    0.0	    0.0	1	   45.7	 21	    0.0	    5.0	
 2716	  77.60	   21.6	 1513.3	    0.0	    0.0	    0.0	    0.0	    0.0	    0.0	    0.0	    0.0	    0.0	  100.0	    0.0	    0.0	    0.0	    0.0	    0.0	  100.0	  1	   50.0	 1550.0	    0.0	    0.0	    0.0	1	   45.7	 21	    0.0	    5.0	
 2717	  77.63	   21.6	 1513.3	    0.0	    0.0	    0.0	    0.0	    0.0	    0.0	    0.0	    0.0	    0.0	  100.0	    0.0	    0.0	    0.0	    0.0	    0.0	  100.0	  1	   50.0	 1550.0	    0.0	    0.0	    0.0	1	   45.7	 21	    0.0	    5.0	
 2718	  77.66	   21.6	 1513.3	    0.0	    0.0	    0.0	    0.0	    0.0	    0.0	    0.0	    0.0	    0.0	  100.0	    0.0	    0.0	    0.0	    0.0	    0.0	  100.0	  1	   50.0	 1550.0	    0.0	    0.0	    0.0	1	   45.7	 21	    0.0	    5.0	
 2719	  77.69	   21.6	 1513.3	    0.0	    0.0	    0.0	    0.0	    0.0	    0.0	    0.0	    0.0	    0.0	  100.0	    0.0	    0.0	    0.0	    0.0	    0.0	  100.0	  1	   50.0	 1550.0	    0.0	    0.0	    0.0	1	   45.7	 21	    0.0	    5.0	
 2720	  77.72	   21.6	 1513.3	    0.0	    0.0	    0.0	    0.0	    0.0	    0.0	    0.0	    0.0	    0.0	  100.0	    0.0	    0.0	    0.0	    0.0	    0.0	  100.0	  1	   50.0	 1550.0	    0.0	    0.0	    0.0	1	   45.7	 21	    0.0	    5.0	
 2721	  77.74	   21.6	 1513.3	    0.0	    0.0	    0.0	    0.0	    0.0	    0.0	    0.0	    0.0	    0.0	  100.0	    0.0	    0.0	    0.0	    0.0	    0.0	  100.0	  1	   50.0	 1550.0	    0.0	    0.0	    0.0	1	   45.7	 21	    0.0	    5.0	
 2722	  77.77	   21.6	 1513.3	    0.0	    0.0	    0.0	    0.0	    0.0	    0.0	    0.0	    0.0	    0.0	  100.0	    0.0	    0.0	    0.0	    0.0	    0.0	  100.0	  1	   50.0	 1550.0	    0.0	    0.0	    0.0	1	   45.7	 21	    0.0	    5.0	
 2723	  77.80	   21.6	 1513.3	    0.0	    0.0	    0.0	    0.0	    0.0	    0.0	    0.0	    0.0	    0.0	  100.0	    0.0	    0.0	    0.0	    0.0	    0.0	  100.0	  1	   50.0	 1550.0	    0.0	    0.0	    0.0	1	   45.7	 21	    0.0	    5.0	
 2724	  77.83	   21.6	 1513.3	    0.0	    0.0	    0.0	    0.0	    0.0	    0.0	    0.0	    0.0	    0.0	  100.0	    0.0	    0.0	    0.0	    0.0	    0.0	  100.0	  1	   50.0	 1550.0	    0.0	    0.0	    0.0	1	   45.7	 21	    0.0	    5.0	
 2725	  77.86	   21.6	 1513.3	    0.0	    0.0	    0.0	    0.0	    0.0	    0.0	    0.0	    0.0	    0.0	  100.0	    0.0	    0.0	    0.0	    0.0	    0.0	  100.0	  1	   50.0	 1550.0	    0.0	    0.0	    0.0	1	   45.7	 21	    0.0	    5.0	
 2726	  77.89	   21.6	 1513.3	    0.0	    0.0	    0.0	    0.0	    0.0	    0.0	    0.0	    0.0	    0.0	  100.0	    0.0	    0.0	    0.0	    0.0	    0.0	  100.0	  1	   50.0	 1550.0	    0.0	    0.0	    0.0	1	   45.7	 21	    0.0	    5.0	
 2727	  77.92	   21.6	 1513.3	    0.0	    0.0	    0.0	    0.0	    0.0	    0.0	    0.0	    0.0	    0.0	  100.0	    0.0	    0.0	    0.0	    0.0	    0.0	  100.0	  1	   50.0	 1550.0	    0.0	    0.0	    0.0	1	   45.7	 21	    0.0	    5.0	
 2728	  77.94	   21.6	 1513.3	    0.0	    0.0	    0.0	    0.0	    0.0	    0.0	    0.0	    0.0	    0.0	  100.0	    0.0	    0.0	    0.0	    0.0	    0.0	  100.0	  1	   50.0	 1550.0	    0.0	    0.0	    0.0	1	   45.7	 21	    0.0	    5.0	
 2729	  77.97	   21.6	 1513.3	    0.0	    0.0	    0.0	    0.0	    0.0	    0.0	    0.0	    0.0	    0.0	  100.0	    0.0	    0.0	    0.0	    0.0	    0.0	  100.0	  1	   50.0	 1550.0	    0.0	    0.0	    0.0	1	   45.7	 21	    0.0	    5.0	
 2730	  78.00	   21.6	 1513.3	    0.0	    0.0	    0.0	    0.0	    0.0	    0.0	    0.0	    0.0	    0.0	  100.0	    0.0	    0.0	    0.0	    0.0	    0.0	  100.0	  1	   50.0	 1550.0	    0.0	    0.0	    0.0	1	   45.7	 21	    0.0	    5.0	
 2731	  78.03	   21.6	 1513.3	    0.0	    0.0	    0.0	    0.0	    0.0	    0.0	    0.0	    0.0	    0.0	  100.0	    0.0	    0.0	    0.0	    0.0	    0.0	  100.0	  1	   50.0	 1550.0	    0.0	    0.0	    0.0	1	   45.7	 21	    0.0	    5.0	
 2732	  78.06	   21.6	 1513.3	    0.0	    0.0	    0.0	    0.0	    0.0	    0.0	    0.0	    0.0	    0.0	  100.0	    0.0	    0.0	    0.0	    0.0	    0.0	  100.0	  1	   50.0	 1550.0	    0.0	    0.0	    0.0	1	   45.7	 21	    0.0	    5.0	
 2733	  78.09	   21.6	 1513.3	    0.0	    0.0	    0.0	    0.0	    0.0	    0.0	    0.0	    0.0	    0.0	  100.0	    0.0	    0.0	    0.0	    0.0	    0.0	  100.0	  1	   50.0	 1550.0	    0.0	    0.0	    0.0	1	   45.7	 21	    0.0	    5.0	
 2734	  78.11	   21.6	 1513.3	    0.0	    0.0	    0.0	    0.0	    0.0	    0.0	    0.0	    0.0	    0.0	  100.0	    0.0	    0.0	    0.0	    0.0	    0.0	  100.0	  1	   50.0	 1550.0	    0.0	    0.0	    0.0	1	   45.7	 21	    0.0	    5.0	
 2735	  78.14	   21.6	 1513.3	    0.0	    0.0	    0.0	    0.0	    0.0	    0.0	    0.0	    0.0	    0.0	  100.0	    0.0	    0.0	    0.0	    0.0	    0.0	  100.0	  1	   50.0	 1550.0	    0.0	    0.0	    0.0	1	   45.7	 21	    0.0	    5.0	
 2736	  78.17	   21.6	 1513.3	    0.0	    0.0	    0.0	    0.0	    0.0	    0.0	    0.0	    0.0	    0.0	  100.0	    0.0	    0.0	    0.0	    0.0	    0.0	  100.0	  1	   50.0	 1550.0	    0.0	    0.0	    0.0	1	   45.7	 21	    0.0	    5.0	
 2737	  78.20	   21.1	 1513.4	    0.0	    0.0	    0.0	    0.0	    0.0	    0.0	    0.0	    0.0	    0.0	  100.0	    0.0	    0.0	    0.0	    0.0	    0.0	  100.0	  1	   50.0	 1550.0	    0.0	    0.0	    0.0	1	   45.7	 21	    0.0	    5.0	
 2738	  78.23	   21.1	 1513.4	    0.0	    0.0	    0.0	    0.0	    0.0	    0.0	    0.0	    0.0	    0.0	  100.0	    0.0	    0.0	    0.0	    0.0	    0.0	  100.0	  1	   50.0	 1550.0	    0.0	    0.0	    0.0	1	   45.7	 21	    0.0	    5.0	
 2739	  78.26	   21.1	 1513.4	    0.0	    0.0	    0.0	    0.0	    0.0	    0.0	    0.0	    0.0	    0.0	  100.0	    0.0	    0.0	    0.0	    0.0	    0.0	  100.0	  1	   50.0	 1550.0	    0.0	    0.0	    0.0	1	   45.7	 21	    0.0	    5.0	
 2740	  78.29	   21.1	 1513.4	    0.0	    0.0	    0.0	    0.0	    0.0	    0.0	    0.0	    0.0	    0.0	  100.0	    0.0	    0.0	    0.0	    0.0	    0.0	  100.0	  1	   50.0	 1550.0	    0.0	    0.0	    0.0	1	   45.7	 21	    0.0	    5.0	
 2741	  78.31	   21.1	 1513.4	    0.0	    0.0	    0.0	    0.0	    0.0	    0.0	    0.0	    0.0	    0.0	  100.0	    0.0	    0.0	    0.0	    0.0	    0.0	  100.0	  1	   50.0	 1550.0	    0.0	    0.0	    0.0	1	   45.7	 21	    0.0	    5.0	
 2742	  78.34	   21.1	 1513.4	    0.0	    0.0	    0.0	    0.0	    0.0	    0.0	    0.0	    0.0	    0.0	  100.0	    0.0	    0.0	    0.0	    0.0	    0.0	  100.0	  1	   50.0	 1550.0	    0.0	    0.0	    0.0	1	   45.7	 21	    0.0	    5.0	
 2743	  78.37	   21.1	 1513.4	    0.0	    0.0	    0.0	    0.0	    0.0	    0.0	    0.0	    0.0	    0.0	  100.0	    0.0	    0.0	    0.0	    0.0	    0.0	  100.0	  1	   50.0	 1550.0	    0.0	    0.0	    0.0	1	   45.7	 21	    0.0	    5.0	
 2744	  78.40	   21.1	 1513.4	    0.0	    0.0	    0.0	    0.0	    0.0	    0.0	    0.0	    0.0	    0.0	  100.0	    0.0	    0.0	    0.0	    0.0	    0.0	  100.0	  1	   50.0	 1550.0	    0.0	    0.0	    0.0	1	   45.7	 21	    0.0	    5.0	
 2745	  78.43	   21.1	 1513.4	    0.0	    0.0	    0.0	    0.0	    0.0	    0.0	    0.0	    0.0	    0.0	  100.0	    0.0	    0.0	    0.0	    0.0	    0.0	  100.0	  1	   50.0	 1550.0	    0.0	    0.0	    0.0	1	   45.7	 21	    0.0	    5.0	
 2746	  78.46	   21.1	 1513.4	    0.0	    0.0	    0.0	    0.0	    0.0	    0.0	    0.0	    0.0	    0.0	  100.0	    0.0	    0.0	    0.0	    0.0	    0.0	  100.0	  1	   50.0	 1550.0	    0.0	    0.0	    0.0	1	   45.7	 21	    0.0	    5.0	
 2747	  78.49	   21.1	 1513.4	    0.0	    0.0	    0.0	    0.0	    0.0	    0.0	    0.0	    0.0	    0.0	  100.0	    0.0	    0.0	    0.0	    0.0	    0.0	  100.0	  1	   50.0	 1550.0	    0.0	    0.0	    0.0	1	   45.7	 21	    0.0	    5.0	
 2748	  78.52	   21.1	 1513.4	    0.0	    0.0	    0.0	    0.0	    0.0	    0.0	    0.0	    0.0	    0.0	  100.0	    0.0	    0.0	    0.0	    0.0	    0.0	  100.0	  1	   50.0	 1550.0	    0.0	    0.0	    0.0	1	   45.7	 21	    0.0	    5.0	
 2749	  78.54	   21.1	 1513.4	    0.0	    0.0	    0.0	    0.0	    0.0	    0.0	    0.0	    0.0	    0.0	  100.0	    0.0	    0.0	    0.0	    0.0	    0.0	  100.0	  1	   50.0	 1550.0	    0.0	    0.0	    0.0	1	   45.7	 21	    0.0	    5.0	
 2750	  78.57	   21.1	 1513.4	    0.0	    0.0	    0.0	    0.0	    0.0	    0.0	    0.0	    0.0	    0.0	  100.0	    0.0	    0.0	    0.0	    0.0	    0.0	  100.0	  1	   50.0	 1550.0	    0.0	    0.0	    0.0	1	   45.7	 21	    0.0	    5.0	
 2751	  78.60	   21.1	 1513.4	    0.0	    0.0	    0.0	    0.0	    0.0	    0.0	    0.0	    0.0	    0.0	  100.0	    0.0	    0.0	    0.0	    0.0	    0.0	  100.0	  1	   50.0	 1550.0	    0.0	    0.0	    0.0	1	   45.7	 21	    0.0	    5.0	
 2752	  78.63	   21.1	 1513.4	    0.0	    0.0	    0.0	    0.0	    0.0	    0.0	    0.0	    0.0	    0.0	  100.0	    0.0	    0.0	    0.0	    0.0	    0.0	  100.0	  1	   50.0	 1550.0	    0.0	    0.0	    0.0	1	   45.7	 21	    0.0	    5.0	
 2753	  78.66	   21.1	 1513.4	    0.0	    0.0	    0.0	    0.0	    0.0	    0.0	    0.0	    0.0	    0.0	  100.0	    0.0	    0.0	    0.0	    0.0	    0.0	  100.0	  1	   50.0	 1550.0	    0.0	    0.0	    0.0	1	   45.7	 21	    0.0	    5.0	
 2754	  78.69	   21.1	 1513.4	    0.0	    0.0	    0.0	    0.0	    0.0	    0.0	    0.0	    0.0	    0.0	  100.0	    0.0	    0.0	    0.0	    0.0	    0.0	  100.0	  1	   50.0	 1550.0	    0.0	    0.0	    0.0	1	   45.7	 21	    0.0	    5.0	
 2755	  78.72	   21.1	 1513.4	    0.0	    0.0	    0.0	    0.0	    0.0	    0.0	    0.0	    0.0	    0.0	  100.0	    0.0	    0.0	    0.0	    0.0	    0.0	  100.0	  1	   50.0	 1550.0	    0.0	    0.0	    0.0	1	   45.7	 21	    0.0	    5.0	
 2756	  78.74	   21.1	 1513.4	    0.0	    0.0	    0.0	    0.0	    0.0	    0.0	    0.0	    0.0	    0.0	  100.0	    0.0	    0.0	    0.0	    0.0	    0.0	  100.0	  1	   50.0	 1550.0	    0.0	    0.0	    0.0	1	   45.7	 21	    0.0	    5.0	
 2757	  78.77	   21.1	 1513.4	    0.0	    0.0	    0.0	    0.0	    0.0	    0.0	    0.0	    0.0	    0.0	  100.0	    0.0	    0.0	    0.0	    0.0	    0.0	  100.0	  1	   50.0	 1550.0	    0.0	    0.0	    0.0	1	   45.7	 21	    0.0	    5.0	
 2758	  78.80	   21.1	 1513.4	    0.0	    0.0	    0.0	    0.0	    0.0	    0.0	    0.0	    0.0	    0.0	  100.0	    0.0	    0.0	    0.0	    0.0	    0.0	  100.0	  1	   50.0	 1550.0	    0.0	    0.0	    0.0	1	   45.7	 21	    0.0	    5.0	
 2759	  78.83	   21.1	 1513.4	    0.0	    0.0	    0.0	    0.0	    0.0	    0.0	    0.0	    0.0	    0.0	  100.0	    0.0	    0.0	    0.0	    0.0	    0.0	  100.0	  1	   50.0	 1550.0	    0.0	    0.0	    0.0	1	   45.7	 21	    0.0	    5.0	
 2760	  78.86	   21.1	 1513.4	    0.0	    0.0	    0.0	    0.0	    0.0	    0.0	    0.0	    0.0	    0.0	  100.0	    0.0	    0.0	    0.0	    0.0	    0.0	  100.0	  1	   50.0	 1550.0	    0.0	    0.0	    0.0	1	   45.7	 21	    0.0	    5.0	
 2761	  78.89	   21.1	 1513.4	    0.0	    0.0	    0.0	    0.0	    0.0	    0.0	    0.0	    0.0	    0.0	  100.0	    0.0	    0.0	    0.0	    0.0	    0.0	  100.0	  1	   50.0	 1550.0	    0.0	    0.0	    0.0	1	   45.7	 21	    0.0	    5.0	
 2762	  78.92	   21.1	 1513.4	    0.0	    0.0	    0.0	    0.0	    0.0	    0.0	    0.0	    0.0	    0.0	  100.0	    0.0	    0.0	    0.0	    0.0	    0.0	  100.0	  1	   50.0	 1550.0	    0.0	    0.0	    0.0	1	   45.7	 21	    0.0	    5.0	
 2763	  78.94	   21.1	 1513.4	    0.0	    0.0	    0.0	    0.0	    0.0	    0.0	    0.0	    0.0	    0.0	  100.0	    0.0	    0.0	    0.0	    0.0	    0.0	  100.0	  1	   50.0	 1550.0	    0.0	    0.0	    0.0	1	   45.7	 21	    0.0	    5.0	
 2764	  78.97	   21.1	 1513.4	    0.0	    0.0	    0.0	    0.0	    0.0	    0.0	    0.0	    0.0	    0.0	  100.0	    0.0	    0.0	    0.0	    0.0	    0.0	  100.0	  1	   50.0	 1550.0	    0.0	    0.0	    0.0	1	   45.7	 21	    0.0	    5.0	
 2765	  79.00	   21.1	 1513.4	    0.0	    0.0	    0.0	    0.0	    0.0	    0.0	    0.0	    0.0	    0.0	  100.0	    0.0	    0.0	    0.0	    0.0	    0.0	  100.0	  1	   50.0	 1550.0	    0.0	    0.0	    0.0	1	   45.7	 21	    0.0	    5.0	
 2766	  79.03	   21.1	 1513.4	    0.0	    0.0	    0.0	    0.0	    0.0	    0.0	    0.0	    0.0	    0.0	  100.0	    0.0	    0.0	    0.0	    0.0	    0.0	  100.0	  1	   50.0	 1550.0	    0.0	    0.0	    0.0	1	   45.7	 21	    0.0	    5.0	
 2767	  79.06	   21.1	 1513.4	    0.0	    0.0	    0.0	    0.0	    0.0	    0.0	    0.0	    0.0	    0.0	  100.0	    0.0	    0.0	    0.0	    0.0	    0.0	  100.0	  1	   50.0	 1550.0	    0.0	    0.0	    0.0	1	   45.7	 21	    0.0	    5.0	
 2768	  79.09	   21.1	 1513.4	    0.0	    0.0	    0.0	    0.0	    0.0	    0.0	    0.0	    0.0	    0.0	  100.0	    0.0	    0.0	    0.0	    0.0	    0.0	  100.0	  1	   50.0	 1550.0	    0.0	    0.0	    0.0	1	   45.7	 21	    0.0	    5.0	
 2769	  79.11	   21.1	 1513.4	    0.0	    0.0	    0.0	    0.0	    0.0	    0.0	    0.0	    0.0	    0.0	  100.0	    0.0	    0.0	    0.0	    0.0	    0.0	  100.0	  1	   50.0	 1550.0	    0.0	    0.0	    0.0	1	   45.7	 21	    0.0	    5.0	
 2770	  79.14	   21.1	 1513.4	    0.0	    0.0	    0.0	    0.0	    0.0	    0.0	    0.0	    0.0	    0.0	  100.0	    0.0	    0.0	    0.0	    0.0	    0.0	  100.0	  1	   50.0	 1550.0	    0.0	    0.0	    0.0	1	   45.7	 21	    0.0	    5.0	
 2771	  79.17	   21.1	 1513.4	    0.0	    0.0	    0.0	    0.0	    0.0	    0.0	    0.0	    0.0	    0.0	  100.0	    0.0	    0.0	    0.0	    0.0	    0.0	  100.0	  1	   50.0	 1550.0	    0.0	    0.0	    0.0	1	   45.7	 21	    0.0	    5.0	
 2772	  79.20	   21.1	 1513.4	    0.0	    0.0	    0.0	    0.0	    0.0	    0.0	    0.0	    0.0	    0.0	  100.0	    0.0	    0.0	    0.0	    0.0	    0.0	  100.0	  1	   50.0	 1550.0	    0.0	    0.0	    0.0	1	   45.7	 21	    0.0	    5.0	
 2773	  79.23	   21.1	 1513.4	    0.0	    0.0	    0.0	    0.0	    0.0	    0.0	    0.0	    0.0	    0.0	  100.0	    0.0	    0.0	    0.0	    0.0	    0.0	  100.0	  1	   50.0	 1550.0	    0.0	    0.0	    0.0	1	   45.7	 21	    0.0	    5.0	
 2774	  79.26	   21.1	 1513.4	    0.0	    0.0	    0.0	    0.0	    0.0	    0.0	    0.0	    0.0	    0.0	  100.0	    0.0	    0.0	    0.0	    0.0	    0.0	  100.0	  1	   50.0	 1550.0	    0.0	    0.0	    0.0	1	   45.7	 21	    0.0	    5.0	
 2775	  79.29	   21.1	 1513.4	    0.0	    0.0	    0.0	    0.0	    0.0	    0.0	    0.0	    0.0	    0.0	  100.0	    0.0	    0.0	    0.0	    0.0	    0.0	  100.0	  1	   50.0	 1550.0	    0.0	    0.0	    0.0	1	   45.7	 21	    0.0	    5.0	
 2776	  79.31	   21.1	 1513.4	    0.0	    0.0	    0.0	    0.0	    0.0	    0.0	    0.0	    0.0	    0.0	  100.0	    0.0	    0.0	    0.0	    0.0	    0.0	  100.0	  1	   50.0	 1550.0	    0.0	    0.0	    0.0	1	   45.7	 21	    0.0	    5.0	
 2777	  79.34	   21.1	 1513.4	    0.0	    0.0	    0.0	    0.0	    0.0	    0.0	    0.0	    0.0	    0.0	  100.0	    0.0	    0.0	    0.0	    0.0	    0.0	  100.0	  1	   50.0	 1550.0	    0.0	    0.0	    0.0	1	   45.7	 21	    0.0	    5.0	
 2778	  79.37	   21.1	 1513.4	    0.0	    0.0	    0.0	    0.0	    0.0	    0.0	    0.0	    0.0	    0.0	  100.0	    0.0	    0.0	    0.0	    0.0	    0.0	  100.0	  1	   50.0	 1550.0	    0.0	    0.0	    0.0	1	   45.7	 21	    0.0	    5.0	
 2779	  79.40	   21.1	 1513.4	    0.0	    0.0	    0.0	    0.0	    0.0	    0.0	    0.0	    0.0	    0.0	  100.0	    0.0	    0.0	    0.0	    0.0	    0.0	  100.0	  1	   50.0	 1550.0	    0.0	    0.0	    0.0	1	   45.7	 21	    0.0	    5.0	
 2780	  79.43	   21.1	 1513.4	    0.0	    0.0	    0.0	    0.0	    0.0	    0.0	    0.0	    0.0	    0.0	  100.0	    0.0	    0.0	    0.0	    0.0	    0.0	  100.0	  1	   50.0	 1550.0	    0.0	    0.0	    0.0	1	   45.7	 21	    0.0	    5.0	
 2781	  79.46	   21.1	 1513.4	    0.0	    0.0	    0.0	    0.0	    0.0	    0.0	    0.0	    0.0	    0.0	  100.0	    0.0	    0.0	    0.0	    0.0	    0.0	  100.0	  1	   50.0	 1550.0	    0.0	    0.0	    0.0	1	   45.7	 21	    0.0	    5.0	
 2782	  79.49	   21.1	 1513.4	    0.0	    0.0	    0.0	    0.0	    0.0	    0.0	    0.0	    0.0	    0.0	  100.0	    0.0	    0.0	    0.0	    0.0	    0.0	  100.0	  1	   50.0	 1550.0	    0.0	    0.0	    0.0	1	   45.7	 21	    0.0	    5.0	
 2783	  79.52	   21.1	 1513.4	    0.0	    0.0	    0.0	    0.0	    0.0	    0.0	    0.0	    0.0	    0.0	  100.0	    0.0	    0.0	    0.0	    0.0	    0.0	  100.0	  1	   50.0	 1550.0	    0.0	    0.0	    0.0	1	   45.7	 21	    0.0	    5.0	
 2784	  79.54	   21.1	 1513.4	    0.0	    0.0	    0.0	    0.0	    0.0	    0.0	    0.0	    0.0	    0.0	  100.0	    0.0	    0.0	    0.0	    0.0	    0.0	  100.0	  1	   50.0	 1550.0	    0.0	    0.0	    0.0	1	   45.7	 21	    0.0	    5.0	
 2785	  79.57	   21.1	 1513.4	    0.0	    0.0	    0.0	    0.0	    0.0	    0.0	    0.0	    0.0	    0.0	  100.0	    0.0	    0.0	    0.0	    0.0	    0.0	  100.0	  1	   50.0	 1550.0	    0.0	    0.0	    0.0	1	   45.7	 21	    0.0	    5.0	
 2786	  79.60	   21.1	 1513.4	    0.0	    0.0	    0.0	    0.0	    0.0	    0.0	    0.0	    0.0	    0.0	  100.0	    0.0	    0.0	    0.0	    0.0	    0.0	  100.0	  1	   50.0	 1550.0	    0.0	    0.0	    0.0	1	   45.7	 21	    0.0	    5.0	
 2787	  79.63	   21.1	 1513.4	    0.0	    0.0	    0.0	    0.0	    0.0	    0.0	    0.0	    0.0	    0.0	  100.0	    0.0	    0.0	    0.0	    0.0	    0.0	  100.0	  1	   50.0	 1550.0	    0.0	    0.0	    0.0	1	   45.7	 21	    0.0	    5.0	
 2788	  79.66	   21.1	 1513.4	    0.0	    0.0	    0.0	    0.0	    0.0	    0.0	    0.0	    0.0	    0.0	  100.0	    0.0	    0.0	    0.0	    0.0	    0.0	  100.0	  1	   50.0	 1550.0	    0.0	    0.0	    0.0	1	   45.7	 21	    0.0	    5.0	
 2789	  79.69	   21.1	 1513.4	    0.0	    0.0	    0.0	    0.0	    0.0	    0.0	    0.0	    0.0	    0.0	  100.0	    0.0	    0.0	    0.0	    0.0	    0.0	  100.0	  1	   50.0	 1550.0	    0.0	    0.0	    0.0	1	   45.7	 21	    0.0	    5.0	
 2790	  79.72	   21.1	 1513.4	    0.0	    0.0	    0.0	    0.0	    0.0	    0.0	    0.0	    0.0	    0.0	  100.0	    0.0	    0.0	    0.0	    0.0	    0.0	  100.0	  1	   50.0	 1550.0	    0.0	    0.0	    0.0	1	   45.7	 21	    0.0	    5.0	
 2791	  79.74	   21.1	 1513.4	    0.0	    0.0	    0.0	    0.0	    0.0	    0.0	    0.0	    0.0	    0.0	  100.0	    0.0	    0.0	    0.0	    0.0	    0.0	  100.0	  1	   50.0	 1550.0	    0.0	    0.0	    0.0	1	   45.7	 21	    0.0	    5.0	
 2792	  79.77	   21.1	 1513.4	    0.0	    0.0	    0.0	    0.0	    0.0	    0.0	    0.0	    0.0	    0.0	  100.0	    0.0	    0.0	    0.0	    0.0	    0.0	  100.0	  1	   50.0	 1550.0	    0.0	    0.0	    0.0	1	   45.7	 21	    0.0	    5.0	
 2793	  79.80	   21.1	 1513.4	    0.0	    0.0	    0.0	    0.0	    0.0	    0.0	    0.0	    0.0	    0.0	  100.0	    0.0	    0.0	    0.0	    0.0	    0.0	  100.0	  1	   50.0	 1550.0	    0.0	    0.0	    0.0	1	   45.7	 21	    0.0	    5.0	
 2794	  79.83	   21.1	 1513.4	    0.0	    0.0	    0.0	    0.0	    0.0	    0.0	    0.0	    0.0	    0.0	  100.0	    0.0	    0.0	    0.0	    0.0	    0.0	  100.0	  1	   50.0	 1550.0	    0.0	    0.0	    0.0	1	   45.7	 21	    0.0	    5.0	
 2795	  79.86	   21.1	 1513.4	    0.0	    0.0	    0.0	    0.0	    0.0	    0.0	    0.0	    0.0	    0.0	  100.0	    0.0	    0.0	    0.0	    0.0	    0.0	  100.0	  1	   50.0	 1550.0	    0.0	    0.0	    0.0	1	   45.7	 21	    0.0	    5.0	
 2796	  79.89	   21.1	 1513.4	    0.0	    0.0	    0.0	    0.0	    0.0	    0.0	    0.0	    0.0	    0.0	  100.0	    0.0	    0.0	    0.0	    0.0	    0.0	  100.0	  1	   50.0	 1550.0	    0.0	    0.0	    0.0	1	   45.7	 21	    0.0	    5.0	
 2797	  79.92	   21.1	 1513.4	    0.0	    0.0	    0.0	    0.0	    0.0	    0.0	    0.0	    0.0	    0.0	  100.0	    0.0	    0.0	    0.0	    0.0	    0.0	  100.0	  1	   50.0	 1550.0	    0.0	    0.0	    0.0	1	   45.7	 21	    0.0	    5.0	
 2798	  79.94	   21.1	 1513.4	    0.0	    0.0	    0.0	    0.0	    0.0	    0.0	    0.0	    0.0	    0.0	  100.0	    0.0	    0.0	    0.0	    0.0	    0.0	  100.0	  1	   50.0	 1550.0	    0.0	    0.0	    0.0	1	   45.7	 21	    0.0	    5.0	
 2799	  79.97	   21.1	 1513.4	    0.0	    0.0	    0.0	    0.0	    0.0	    0.0	    0.0	    0.0	    0.0	  100.0	    0.0	    0.0	    0.0	    0.0	    0.0	  100.0	  1	   50.0	 1550.0	    0.0	    0.0	    0.0	1	   45.7	 21	    0.0	    5.0	
 2800	  80.00	   21.1	 1513.4	    0.0	    0.0	    0.0	    0.0	    0.0	    0.0	    0.0	    0.0	    0.0	  100.0	    0.0	    0.0	    0.0	    0.0	    0.0	  100.0	  1	   50.0	 1550.0	    0.0	    0.0	    0.0	1	   45.7	 21	    0.0	    5.0	
 2801	  80.03	   21.1	 1513.4	    0.0	    0.0	    0.0	    0.0	    0.0	    0.0	    0.0	    0.0	    0.0	  100.0	    0.0	    0.0	    0.0	    0.0	    0.0	  100.0	  1	   50.0	 1550.0	    0.0	    0.0	    0.0	1	   45.7	 21	    0.0	    5.0	
 2802	  80.06	   21.1	 1513.4	    0.0	    0.0	    0.0	    0.0	    0.0	    0.0	    0.0	    0.0	    0.0	  100.0	    0.0	    0.0	    0.0	    0.0	    0.0	  100.0	  1	   50.0	 1550.0	    0.0	    0.0	    0.0	1	   45.7	 21	    0.0	    5.0	
 2803	  80.09	   21.1	 1513.4	    0.0	    0.0	    0.0	    0.0	    0.0	    0.0	    0.0	    0.0	    0.0	  100.0	    0.0	    0.0	    0.0	    0.0	    0.0	  100.0	  1	   50.0	 1550.0	    0.0	    0.0	    0.0	1	   45.7	 21	    0.0	    5.0	
 2804	  80.11	   21.1	 1513.4	    0.0	    0.0	    0.0	    0.0	    0.0	    0.0	    0.0	    0.0	    0.0	  100.0	    0.0	    0.0	    0.0	    0.0	    0.0	  100.0	  1	   50.0	 1550.0	    0.0	    0.0	    0.0	1	   45.7	 21	    0.0	    5.0	
 2805	  80.14	   21.1	 1513.4	    0.0	    0.0	    0.0	    0.0	    0.0	    0.0	    0.0	    0.0	    0.0	  100.0	    0.0	    0.0	    0.0	    0.0	    0.0	  100.0	  1	   50.0	 1550.0	    0.0	    0.0	    0.0	1	   45.7	 21	    0.0	    5.0	
 2806	  80.17	   21.1	 1513.4	    0.0	    0.0	    0.0	    0.0	    0.0	    0.0	    0.0	    0.0	    0.0	  100.0	    0.0	    0.0	    0.0	    0.0	    0.0	  100.0	  1	   50.0	 1550.0	    0.0	    0.0	    0.0	1	   45.7	 21	    0.0	    5.0	
 2807	  80.20	   21.1	 1513.4	    0.0	    0.0	    0.0	    0.0	    0.0	    0.0	    0.0	    0.0	    0.0	  100.0	    0.0	    0.0	    0.0	    0.0	    0.0	  100.0	  1	   50.0	 1550.0	    0.0	    0.0	    0.0	1	   45.7	 21	    0.0	    5.0	
 2808	  80.23	   21.1	 1513.4	    0.0	    0.0	    0.0	    0.0	    0.0	    0.0	    0.0	    0.0	    0.0	  100.0	    0.0	    0.0	    0.0	    0.0	    0.0	  100.0	  1	   50.0	 1550.0	    0.0	    0.0	    0.0	1	   45.7	 21	    0.0	    5.0	
 2809	  80.26	   21.1	 1513.4	    0.0	    0.0	    0.0	    0.0	    0.0	    0.0	    0.0	    0.0	    0.0	  100.0	    0.0	    0.0	    0.0	    0.0	    0.0	  100.0	  1	   50.0	 1550.0	    0.0	    0.0	    0.0	1	   45.7	 21	    0.0	    5.0	
 2810	  80.29	   21.1	 1513.4	    0.0	    0.0	    0.0	    0.0	    0.0	    0.0	    0.0	    0.0	    0.0	  100.0	    0.0	    0.0	    0.0	    0.0	    0.0	  100.0	  1	   50.0	 1550.0	    0.0	    0.0	    0.0	1	   45.7	 21	    0.0	    5.0	
 2811	  80.31	   21.1	 1513.4	    0.0	    0.0	    0.0	    0.0	    0.0	    0.0	    0.0	    0.0	    0.0	  100.0	    0.0	    0.0	    0.0	    0.0	    0.0	  100.0	  1	   50.0	 1550.0	    0.0	    0.0	    0.0	1	   45.7	 21	    0.0	    5.0	
 2812	  80.34	   21.1	 1513.4	    0.0	    0.0	    0.0	    0.0	    0.0	    0.0	    0.0	    0.0	    0.0	  100.0	    0.0	    0.0	    0.0	    0.0	    0.0	  100.0	  1	   50.0	 1550.0	    0.0	    0.0	    0.0	1	   45.7	 21	    0.0	    5.0	
 2813	  80.37	   21.1	 1513.4	    0.0	    0.0	    0.0	    0.0	    0.0	    0.0	    0.0	    0.0	    0.0	  100.0	    0.0	    0.0	    0.0	    0.0	    0.0	  100.0	  1	   50.0	 1550.0	    0.0	    0.0	    0.0	1	   45.7	 21	    0.0	    5.0	
 2814	  80.40	   21.1	 1513.4	    0.0	    0.0	    0.0	    0.0	    0.0	    0.0	    0.0	    0.0	    0.0	  100.0	    0.0	    0.0	    0.0	    0.0	    0.0	  100.0	  1	   50.0	 1550.0	    0.0	    0.0	    0.0	1	   45.7	 21	    0.0	    5.0	
 2815	  80.43	   21.1	 1513.4	    0.0	    0.0	    0.0	    0.0	    0.0	    0.0	    0.0	    0.0	    0.0	  100.0	    0.0	    0.0	    0.0	    0.0	    0.0	  100.0	  1	   50.0	 1550.0	    0.0	    0.0	    0.0	1	   45.7	 21	    0.0	    5.0	
 2816	  80.46	   21.1	 1513.4	    0.0	    0.0	    0.0	    0.0	    0.0	    0.0	    0.0	    0.0	    0.0	  100.0	    0.0	    0.0	    0.0	    0.0	    0.0	  100.0	  1	   50.0	 1550.0	    0.0	    0.0	    0.0	1	   45.7	 21	    0.0	    5.0	
 2817	  80.49	   21.1	 1513.4	    0.0	    0.0	    0.0	    0.0	    0.0	    0.0	    0.0	    0.0	    0.0	  100.0	    0.0	    0.0	    0.0	    0.0	    0.0	  100.0	  1	   50.0	 1550.0	    0.0	    0.0	    0.0	1	   45.7	 21	    0.0	    5.0	
 2818	  80.52	   21.1	 1513.4	    0.0	    0.0	    0.0	    0.0	    0.0	    0.0	    0.0	    0.0	    0.0	  100.0	    0.0	    0.0	    0.0	    0.0	    0.0	  100.0	  1	   50.0	 1550.0	    0.0	    0.0	    0.0	1	   45.7	 21	    0.0	    5.0	
 2819	  80.54	   21.1	 1513.4	    0.0	    0.0	    0.0	    0.0	    0.0	    0.0	    0.0	    0.0	    0.0	  100.0	    0.0	    0.0	    0.0	    0.0	    0.0	  100.0	  1	   50.0	 1550.0	    0.0	    0.0	    0.0	1	   45.7	 21	    0.0	    5.0	
 2820	  80.57	   21.1	 1513.4	    0.0	    0.0	    0.0	    0.0	    0.0	    0.0	    0.0	    0.0	    0.0	  100.0	    0.0	    0.0	    0.0	    0.0	    0.0	  100.0	  1	   50.0	 1550.0	    0.0	    0.0	    0.0	1	   45.7	 21	    0.0	    5.0	
 2821	  80.60	   21.1	 1513.4	    0.0	    0.0	    0.0	    0.0	    0.0	    0.0	    0.0	    0.0	    0.0	  100.0	    0.0	    0.0	    0.0	    0.0	    0.0	  100.0	  1	   50.0	 1550.0	    0.0	    0.0	    0.0	1	   45.7	 21	    0.0	    5.0	
 2822	  80.63	   21.1	 1513.4	    0.0	    0.0	    0.0	    0.0	    0.0	    0.0	    0.0	    0.0	    0.0	  100.0	    0.0	    0.0	    0.0	    0.0	    0.0	  100.0	  1	   50.0	 1550.0	    0.0	    0.0	    0.0	1	   45.7	 21	    0.0	    5.0	
 2823	  80.66	   21.1	 1513.4	    0.0	    0.0	    0.0	    0.0	    0.0	    0.0	    0.0	    0.0	    0.0	  100.0	    0.0	    0.0	    0.0	    0.0	    0.0	  100.0	  1	   50.0	 1550.0	    0.0	    0.0	    0.0	1	   45.7	 21	    0.0	    5.0	
 2824	  80.69	   21.1	 1513.4	    0.0	    0.0	    0.0	    0.0	    0.0	    0.0	    0.0	    0.0	    0.0	  100.0	    0.0	    0.0	    0.0	    0.0	    0.0	  100.0	  1	   50.0	 1550.0	    0.0	    0.0	    0.0	1	   45.7	 21	    0.0	    5.0	
 2825	  80.72	   21.1	 1513.4	    0.0	    0.0	    0.0	    0.0	    0.0	    0.0	    0.0	    0.0	    0.0	  100.0	    0.0	    0.0	    0.0	    0.0	    0.0	  100.0	  1	   50.0	 1550.0	    0.0	    0.0	    0.0	1	   45.7	 21	    0.0	    5.0	
 2826	  80.74	   21.1	 1513.4	    0.0	    0.0	    0.0	    0.0	    0.0	    0.0	    0.0	    0.0	    0.0	  100.0	    0.0	    0.0	    0.0	    0.0	    0.0	  100.0	  1	   50.0	 1550.0	    0.0	    0.0	    0.0	1	   45.7	 21	    0.0	    5.0	
 2827	  80.77	   21.1	 1513.4	    0.0	    0.0	    0.0	    0.0	    0.0	    0.0	    0.0	    0.0	    0.0	  100.0	    0.0	    0.0	    0.0	    0.0	    0.0	  100.0	  1	   50.0	 1550.0	    0.0	    0.0	    0.0	1	   45.7	 21	    0.0	    5.0	
 2828	  80.80	   21.0	 1513.8	    0.0	    0.0	    0.0	    0.0	    0.0	    0.0	    0.0	    0.0	    0.0	  100.0	    0.0	    0.0	    0.0	    0.0	    0.0	  100.0	  1	   50.0	 1550.0	    0.0	    0.0	    0.0	1	   45.7	 21	    0.0	    5.0	
 2829	  80.83	   21.0	 1513.8	    0.0	    0.0	    0.0	    0.0	    0.0	    0.0	    0.0	    0.0	    0.0	  100.0	    0.0	    0.0	    0.0	    0.0	    0.0	  100.0	  1	   50.0	 1550.0	    0.0	    0.0	    0.0	1	   45.7	 21	    0.0	    5.0	
 2830	  80.86	   21.0	 1513.8	    0.0	    0.0	    0.0	    0.0	    0.0	    0.0	    0.0	    0.0	    0.0	  100.0	    0.0	    0.0	    0.0	    0.0	    0.0	  100.0	  1	   50.0	 1550.0	    0.0	    0.0	    0.0	1	   45.7	 21	    0.0	    5.0	
 2831	  80.89	   21.6	 1514.7	    0.0	    0.0	    0.0	    0.0	    0.0	    0.0	    0.0	    0.0	    0.0	  100.0	    0.0	    0.0	    0.0	    0.0	    0.0	  100.0	  1	   50.0	 1550.0	    0.0	    0.0	    0.0	1	   45.7	 21	    0.0	    5.0	
 2832	  80.92	   21.6	 1514.7	    0.0	    0.0	    0.0	    0.0	    0.0	    0.0	    0.0	    0.0	    0.0	  100.0	    0.0	    0.0	    0.0	    0.0	    0.0	  100.0	  1	   50.0	 1550.0	    0.0	    0.0	    0.0	1	   45.7	 21	    0.0	    5.0	
 2833	  80.94	   21.6	 1514.7	    0.0	    0.0	    0.0	    0.0	    0.0	    0.0	    0.0	    0.0	    0.0	  100.0	    0.0	    0.0	    0.0	    0.0	    0.0	  100.0	  1	   50.0	 1550.0	    0.0	    0.0	    0.0	1	   45.7	 21	    0.0	    5.0	
 2834	  80.97	   21.6	 1514.7	    0.0	    0.0	    0.0	    0.0	    0.0	    0.0	    0.0	    0.0	    0.0	  100.0	    0.0	    0.0	    0.0	    0.0	    0.0	  100.0	  1	   50.0	 1550.0	    0.0	    0.0	    0.0	1	   45.7	 21	    0.0	    5.0	
 2835	  81.00	   21.5	 1514.9	    0.0	    0.0	    0.0	    0.0	    0.0	    0.0	    0.0	    0.0	    0.0	  100.0	    0.0	    0.0	    0.0	    0.0	    0.0	  100.0	  1	   50.0	 1550.0	    0.0	    0.0	    0.0	1	   45.7	 21	    0.0	    5.0	
 2836	  81.03	   21.5	 1514.9	    0.0	    0.0	    0.0	    0.0	    0.0	    0.0	    0.0	    0.0	    0.0	  100.0	    0.0	    0.0	    0.0	    0.0	    0.0	  100.0	  1	   50.0	 1550.0	    0.0	    0.0	    0.0	1	   45.7	 21	    0.0	    5.0	
 2837	  81.06	   21.5	 1514.9	    0.0	    0.0	    0.0	    0.0	    0.0	    0.0	    0.0	    0.0	    0.0	  100.0	    0.0	    0.0	    0.0	    0.0	    0.0	  100.0	  1	   50.0	 1550.0	    0.0	    0.0	    0.0	1	   45.7	 21	    0.0	    5.0	
 2838	  81.09	   22.0	 1515.8	    0.0	    0.0	    0.0	    0.0	    0.0	    0.0	    0.0	    0.0	    0.0	  100.0	    0.0	    0.0	    0.0	    0.0	    0.0	  100.0	  1	   50.0	 1550.0	    0.0	    0.0	    0.0	1	   36.6	 21	    0.0	    5.0	
 2839	  81.11	   22.0	 1515.8	    0.0	    0.0	    0.0	    0.0	    0.0	    0.0	    0.0	    0.0	    0.0	  100.0	    0.0	    0.0	    0.0	    0.0	    0.0	  100.0	  1	   50.0	 1550.0	    0.0	    0.0	    0.0	1	   36.6	 21	    0.0	    5.0	
 2840	  81.14	   22.0	 1515.8	    0.0	    0.0	    0.0	    0.0	    0.0	    0.0	    0.0	    0.0	    0.0	  100.0	    0.0	    0.0	    0.0	    0.0	    0.0	  100.0	  1	   50.0	 1550.0	    0.0	    0.0	    0.0	1	   36.6	 21	    0.0	    5.0	
 2841	  81.17	   22.0	 1515.8	    0.0	    0.0	    0.0	    0.0	    0.0	    0.0	    0.0	    0.0	    0.0	  100.0	    0.0	    0.0	    0.0	    0.0	    0.0	  100.0	  1	   50.0	 1550.0	    0.0	    0.0	    0.0	1	   36.6	 21	    0.0	    5.0	
 2842	  81.20	   22.0	 1515.8	    0.0	    0.0	    0.0	    0.0	    0.0	    0.0	    0.0	    0.0	    0.0	  100.0	    0.0	    0.0	    0.0	    0.0	    0.0	  100.0	  1	   50.0	 1550.0	    0.0	    0.0	    0.0	1	   36.6	 21	    0.0	    5.0	
 2843	  81.23	   22.0	 1515.8	    0.0	    0.0	    0.0	    0.0	    0.0	    0.0	    0.0	    0.0	    0.0	  100.0	    0.0	    0.0	    0.0	    0.0	    0.0	  100.0	  1	   50.0	 1550.0	    0.0	    0.0	    0.0	1	   36.6	 21	    0.0	    5.0	
 2844	  81.26	   22.0	 1515.8	    0.0	    0.0	    0.0	    0.0	    0.0	    0.0	    0.0	    0.0	    0.0	  100.0	    0.0	    0.0	    0.0	    0.0	    0.0	  100.0	  1	   50.0	 1550.0	    0.0	    0.0	    0.0	1	   36.6	 21	    0.0	    5.0	
 2845	  81.29	   22.0	 1515.8	    0.0	    0.0	    0.0	    0.0	    0.0	    0.0	    0.0	    0.0	    0.0	  100.0	    0.0	    0.0	    0.0	    0.0	    0.0	  100.0	  1	   50.0	 1550.0	    0.0	    0.0	    0.0	1	   36.6	 21	    0.0	    5.0	
 2846	  81.31	   22.0	 1515.8	    0.0	    0.0	    0.0	    0.0	    0.0	    0.0	    0.0	    0.0	    0.0	  100.0	    0.0	    0.0	    0.0	    0.0	    0.0	  100.0	  1	   50.0	 1550.0	    0.0	    0.0	    0.0	1	   36.6	 21	    0.0	    5.0	
 2847	  81.34	   22.0	 1515.8	    0.0	    0.0	    0.0	    0.0	    0.0	    0.0	    0.0	    0.0	    0.0	  100.0	    0.0	    0.0	    0.0	    0.0	    0.0	  100.0	  1	   50.0	 1550.0	    0.0	    0.0	    0.0	1	   36.6	 21	    0.0	    5.0	
 2848	  81.37	   22.0	 1515.8	    0.0	    0.0	    0.0	    0.0	    0.0	    0.0	    0.0	    0.0	    0.0	  100.0	    0.0	    0.0	    0.0	    0.0	    0.0	  100.0	  1	   50.0	 1550.0	    0.0	    0.0	    0.0	1	   36.6	 21	    0.0	    5.0	
 2849	  81.40	   22.0	 1515.8	    0.0	    0.0	    0.0	    0.0	    0.0	    0.0	    0.0	    0.0	    0.0	  100.0	    0.0	    0.0	    0.0	    0.0	    0.0	  100.0	  1	   50.0	 1550.0	    0.0	    0.0	    0.0	1	   36.6	 21	    0.0	    5.0	
 2850	  81.43	   22.0	 1515.8	    0.0	    0.0	    0.0	    0.0	    0.0	    0.0	    0.0	    0.0	    0.0	  100.0	    0.0	    0.0	    0.0	    0.0	    0.0	  100.0	  1	   50.0	 1550.0	    0.0	    0.0	    0.0	1	   36.6	 21	    0.0	    5.0	
 2851	  81.46	   22.0	 1515.8	    0.0	    0.0	    0.0	    0.0	    0.0	    0.0	    0.0	    0.0	    0.0	  100.0	    0.0	    0.0	    0.0	    0.0	    0.0	  100.0	  1	   50.0	 1550.0	    0.0	    0.0	    0.0	1	   36.6	 21	    0.0	    5.0	
 2852	  81.49	   22.0	 1515.8	    0.0	    0.0	    0.0	    0.0	    0.0	    0.0	    0.0	    0.0	    0.0	  100.0	    0.0	    0.0	    0.0	    0.0	    0.0	  100.0	  1	   50.0	 1550.0	    0.0	    0.0	    0.0	1	   36.6	 21	    0.0	    5.0	
 2853	  81.52	   22.0	 1515.8	    0.0	    0.0	    0.0	    0.0	    0.0	    0.0	    0.0	    0.0	    0.0	  100.0	    0.0	    0.0	    0.0	    0.0	    0.0	  100.0	  1	   50.0	 1550.0	    0.0	    0.0	    0.0	1	   36.6	 21	    0.0	    5.0	
 2854	  81.54	   22.0	 1515.8	    0.0	    0.0	    0.0	    0.0	    0.0	    0.0	    0.0	    0.0	    0.0	  100.0	    0.0	    0.0	    0.0	    0.0	    0.0	  100.0	  1	   50.0	 1550.0	    0.0	    0.0	    0.0	1	   36.6	 21	    0.0	    5.0	
 2855	  81.57	   22.0	 1515.8	    0.0	    0.0	    0.0	    0.0	    0.0	    0.0	    0.0	    0.0	    0.0	  100.0	    0.0	    0.0	    0.0	    0.0	    0.0	  100.0	  1	   50.0	 1550.0	    0.0	    0.0	    0.0	1	   36.6	 21	    0.0	    5.0	
 2856	  81.60	   22.0	 1515.8	    0.0	    0.0	    0.0	    0.0	    0.0	    0.0	    0.0	    0.0	    0.0	  100.0	    0.0	    0.0	    0.0	    0.0	    0.0	  100.0	  1	   50.0	 1550.0	    0.0	    0.0	    0.0	1	   36.6	 21	    0.0	    5.0	
 2857	  81.63	   22.0	 1515.8	    0.0	    0.0	    0.0	    0.0	    0.0	    0.0	    0.0	    0.0	    0.0	  100.0	    0.0	    0.0	    0.0	    0.0	    0.0	  100.0	  1	   50.0	 1550.0	    0.0	    0.0	    0.0	1	   36.6	 21	    0.0	    5.0	
 2858	  81.66	   22.0	 1515.8	    0.0	    0.0	    0.0	    0.0	    0.0	    0.0	    0.0	    0.0	    0.0	  100.0	    0.0	    0.0	    0.0	    0.0	    0.0	  100.0	  1	   50.0	 1550.0	    0.0	    0.0	    0.0	1	   36.6	 21	    0.0	    5.0	
 2859	  81.69	   22.0	 1515.8	    0.0	    0.0	    0.0	    0.0	    0.0	    0.0	    0.0	    0.0	    0.0	  100.0	    0.0	    0.0	    0.0	    0.0	    0.0	  100.0	  1	   50.0	 1550.0	    0.0	    0.0	    0.0	1	   36.6	 21	    0.0	    5.0	
 2860	  81.72	   22.0	 1515.8	    0.0	    0.0	    0.0	    0.0	    0.0	    0.0	    0.0	    0.0	    0.0	  100.0	    0.0	    0.0	    0.0	    0.0	    0.0	  100.0	  1	   50.0	 1550.0	    0.0	    0.0	    0.0	1	   36.6	 21	    0.0	    5.0	
 2861	  81.74	   22.0	 1515.8	    0.0	    0.0	    0.0	    0.0	    0.0	    0.0	    0.0	    0.0	    0.0	  100.0	    0.0	    0.0	    0.0	    0.0	    0.0	  100.0	  1	   50.0	 1550.0	    0.0	    0.0	    0.0	1	   36.6	 21	    0.0	    5.0	
 2862	  81.77	   22.0	 1515.8	    0.0	    0.0	    0.0	    0.0	    0.0	    0.0	    0.0	    0.0	    0.0	  100.0	    0.0	    0.0	    0.0	    0.0	    0.0	  100.0	  1	   50.0	 1550.0	    0.0	    0.0	    0.0	1	   36.6	 21	    0.0	    5.0	
 2863	  81.80	   22.1	 1516.7	    0.0	    0.0	    0.0	    0.0	    0.0	    0.0	    0.0	    0.0	    0.0	  100.0	    0.0	    0.0	    0.0	    0.0	    0.0	  100.0	  1	   50.0	 1550.0	    0.0	    0.0	    0.0	1	   36.6	 21	    0.0	    5.0	
 2864	  81.83	   22.1	 1516.7	    0.0	    0.0	    0.0	    0.0	    0.0	    0.0	    0.0	    0.0	    0.0	  100.0	    0.0	    0.0	    0.0	    0.0	    0.0	  100.0	  1	   50.0	 1550.0	    0.0	    0.0	    0.0	1	   36.6	 21	    0.0	    5.0	
 2865	  81.86	   22.1	 1516.7	    0.0	    0.0	    0.0	    0.0	    0.0	    0.0	    0.0	    0.0	    0.0	  100.0	    0.0	    0.0	    0.0	    0.0	    0.0	  100.0	  1	   50.0	 1550.0	    0.0	    0.0	    0.0	1	   36.6	 21	    0.0	    5.0	
 2866	  81.89	   22.1	 1516.7	    0.0	    0.0	    0.0	    0.0	    0.0	    0.0	    0.0	    0.0	    0.0	  100.0	    0.0	    0.0	    0.0	    0.0	    0.0	  100.0	  1	   50.0	 1550.0	    0.0	    0.0	    0.0	1	   36.6	 21	    0.0	    5.0	
 2867	  81.92	   22.1	 1516.7	    0.0	    0.0	    0.0	    0.0	    0.0	    0.0	    0.0	    0.0	    0.0	  100.0	    0.0	    0.0	    0.0	    0.0	    0.0	  100.0	  1	   50.0	 1550.0	    0.0	    0.0	    0.0	1	   36.6	 21	    0.0	    5.0	
 2868	  81.94	   22.1	 1516.7	    0.0	    0.0	    0.0	    0.0	    0.0	    0.0	    0.0	    0.0	    0.0	  100.0	    0.0	    0.0	    0.0	    0.0	    0.0	  100.0	  1	   50.0	 1550.0	    0.0	    0.0	    0.0	1	   36.6	 21	    0.0	    5.0	
 2869	  81.97	   22.1	 1516.7	    0.0	    0.0	    0.0	    0.0	    0.0	    0.0	    0.0	    0.0	    0.0	  100.0	    0.0	    0.0	    0.0	    0.0	    0.0	  100.0	  1	   50.0	 1550.0	    0.0	    0.0	    0.0	1	   36.6	 21	    0.0	    5.0	
 2870	  82.00	   22.1	 1516.7	    0.0	    0.0	    0.0	    0.0	    0.0	    0.0	    0.0	    0.0	    0.0	  100.0	    0.0	    0.0	    0.0	    0.0	    0.0	  100.0	  1	   50.0	 1550.0	    0.0	    0.0	    0.0	1	   36.6	 21	    0.0	    5.0	
 2871	  82.03	   22.1	 1516.7	    0.0	    0.0	    0.0	    0.0	    0.0	    0.0	    0.0	    0.0	    0.0	  100.0	    0.0	    0.0	    0.0	    0.0	    0.0	  100.0	  1	   50.0	 1550.0	    0.0	    0.0	    0.0	1	   36.6	 21	    0.0	    5.0	
 2872	  82.06	   22.1	 1516.7	    0.0	    0.0	    0.0	    0.0	    0.0	    0.0	    0.0	    0.0	    0.0	  100.0	    0.0	    0.0	    0.0	    0.0	    0.0	  100.0	  1	   50.0	 1550.0	    0.0	    0.0	    0.0	1	   36.6	 21	    0.0	    5.0	
 2873	  82.09	   22.1	 1516.7	    0.0	    0.0	    0.0	    0.0	    0.0	    0.0	    0.0	    0.0	    0.0	  100.0	    0.0	    0.0	    0.0	    0.0	    0.0	  100.0	  1	   50.0	 1550.0	    0.0	    0.0	    0.0	1	   36.6	 21	    0.0	    5.0	
 2874	  82.11	   22.1	 1516.7	    0.0	    0.0	    0.0	    0.0	    0.0	    0.0	    0.0	    0.0	    0.0	  100.0	    0.0	    0.0	    0.0	    0.0	    0.0	  100.0	  1	   50.0	 1550.0	    0.0	    0.0	    0.0	1	   36.6	 21	    0.0	    5.0	
 2875	  82.14	   22.1	 1516.7	    0.0	    0.0	    0.0	    0.0	    0.0	    0.0	    0.0	    0.0	    0.0	  100.0	    0.0	    0.0	    0.0	    0.0	    0.0	  100.0	  1	   50.0	 1550.0	    0.0	    0.0	    0.0	1	   36.6	 21	    0.0	    5.0	
 2876	  82.17	   22.1	 1516.7	    0.0	    0.0	    0.0	    0.0	    0.0	    0.0	    0.0	    0.0	    0.0	  100.0	    0.0	    0.0	    0.0	    0.0	    0.0	  100.0	  1	   50.0	 1550.0	    0.0	    0.0	    0.0	1	   36.6	 21	    0.0	    5.0	
 2877	  82.20	   22.1	 1516.7	    0.0	    0.0	    0.0	    0.0	    0.0	    0.0	    0.0	    0.0	    0.0	  100.0	    0.0	    0.0	    0.0	    0.0	    0.0	  100.0	  1	   50.0	 1550.0	    0.0	    0.0	    0.0	1	   36.6	 21	    0.0	    5.0	
 2878	  82.23	   22.1	 1516.7	    0.0	    0.0	    0.0	    0.0	    0.0	    0.0	    0.0	    0.0	    0.0	  100.0	    0.0	    0.0	    0.0	    0.0	    0.0	  100.0	  1	   50.0	 1550.0	    0.0	    0.0	    0.0	1	   36.6	 21	    0.0	    5.0	
 2879	  82.26	   22.1	 1516.7	    0.0	    0.0	    0.0	    0.0	    0.0	    0.0	    0.0	    0.0	    0.0	  100.0	    0.0	    0.0	    0.0	    0.0	    0.0	  100.0	  1	   50.0	 1550.0	    0.0	    0.0	    0.0	1	   36.6	 21	    0.0	    5.0	
 2880	  82.29	   22.1	 1516.7	    0.0	    0.0	    0.0	    0.0	    0.0	    0.0	    0.0	    0.0	    0.0	  100.0	    0.0	    0.0	    0.0	    0.0	    0.0	  100.0	  1	   50.0	 1550.0	    0.0	    0.0	    0.0	1	   36.6	 21	    0.0	    5.0	
 2881	  82.31	   22.1	 1516.7	    0.0	    0.0	    0.0	    0.0	    0.0	    0.0	    0.0	    0.0	    0.0	  100.0	    0.0	    0.0	    0.0	    0.0	    0.0	  100.0	  1	   50.0	 1550.0	    0.0	    0.0	    0.0	1	   36.6	 21	    0.0	    5.0	
 2882	  82.34	   22.1	 1516.7	    0.0	    0.0	    0.0	    0.0	    0.0	    0.0	    0.0	    0.0	    0.0	  100.0	    0.0	    0.0	    0.0	    0.0	    0.0	  100.0	  1	   50.0	 1550.0	    0.0	    0.0	    0.0	1	   36.6	 21	    0.0	    5.0	
 2883	  82.37	   22.1	 1516.7	    0.0	    0.0	    0.0	    0.0	    0.0	    0.0	    0.0	    0.0	    0.0	  100.0	    0.0	    0.0	    0.0	    0.0	    0.0	  100.0	  1	   50.0	 1550.0	    0.0	    0.0	    0.0	1	   36.6	 21	    0.0	    5.0	
 2884	  82.40	   22.1	 1516.7	    0.0	    0.0	    0.0	    0.0	    0.0	    0.0	    0.0	    0.0	    0.0	  100.0	    0.0	    0.0	    0.0	    0.0	    0.0	  100.0	  1	   50.0	 1550.0	    0.0	    0.0	    0.0	1	   36.6	 21	    0.0	    5.0	
 2885	  82.43	   22.1	 1516.7	    0.0	    0.0	    0.0	    0.0	    0.0	    0.0	    0.0	    0.0	    0.0	  100.0	    0.0	    0.0	    0.0	    0.0	    0.0	  100.0	  1	   50.0	 1550.0	    0.0	    0.0	    0.0	1	   36.6	 21	    0.0	    5.0	
 2886	  82.46	   22.1	 1516.7	    0.0	    0.0	    0.0	    0.0	    0.0	    0.0	    0.0	    0.0	    0.0	  100.0	    0.0	    0.0	    0.0	    0.0	    0.0	  100.0	  1	   50.0	 1550.0	    0.0	    0.0	    0.0	1	   36.6	 21	    0.0	    5.0	
 2887	  82.49	   21.7	 1516.9	    0.0	    0.0	    0.0	    0.0	    0.0	    0.0	    0.0	    0.0	    0.0	  100.0	    0.0	    0.0	    0.0	    0.0	    0.0	  100.0	  1	   50.0	 1550.0	    0.0	    0.0	    0.0	1	   36.6	 21	    0.0	    5.0	
 2888	  82.52	   21.7	 1516.9	    0.0	    0.0	    0.0	    0.0	    0.0	    0.0	    0.0	    0.0	    0.0	  100.0	    0.0	    0.0	    0.0	    0.0	    0.0	  100.0	  1	   50.0	 1550.0	    0.0	    0.0	    0.0	1	   36.6	 21	    0.0	    5.0	
 2889	  82.54	   21.7	 1516.9	    0.0	    0.0	    0.0	    0.0	    0.0	    0.0	    0.0	    0.0	    0.0	  100.0	    0.0	    0.0	    0.0	    0.0	    0.0	  100.0	  1	   50.0	 1550.0	    0.0	    0.0	    0.0	1	   36.6	 21	    0.0	    5.0	
 2890	  82.57	   21.7	 1516.9	    0.0	    0.0	    0.0	    0.0	    0.0	    0.0	    0.0	    0.0	    0.0	  100.0	    0.0	    0.0	    0.0	    0.0	    0.0	  100.0	  1	   50.0	 1550.0	    0.0	    0.0	    0.0	1	   36.6	 21	    0.0	    5.0	
 2891	  82.60	   21.7	 1517.0	    0.0	    0.0	    0.0	    0.0	    0.0	    0.0	    0.0	    0.0	    0.0	  100.0	    0.0	    0.0	    0.0	    0.0	    0.0	  100.0	  1	   50.0	 1550.0	    0.0	    0.0	    0.0	1	   36.6	 21	    0.0	    5.0	
 2892	  82.63	   21.7	 1517.0	    0.0	    0.0	    0.0	    0.0	    0.0	    0.0	    0.0	    0.0	    0.0	  100.0	    0.0	    0.0	    0.0	    0.0	    0.0	  100.0	  1	   50.0	 1550.0	    0.0	    0.0	    0.0	1	   36.6	 21	    0.0	    5.0	
 2893	  82.66	   21.7	 1517.0	    0.0	    0.0	    0.0	    0.0	    0.0	    0.0	    0.0	    0.0	    0.0	  100.0	    0.0	    0.0	    0.0	    0.0	    0.0	  100.0	  1	   50.0	 1550.0	    0.0	    0.0	    0.0	1	   36.6	 21	    0.0	    5.0	
 2894	  82.69	   21.5	 1517.4	    0.0	    0.0	    0.0	    0.0	    0.0	    0.0	    0.0	    0.0	    0.0	  100.0	    0.0	    0.0	    0.0	    0.0	    0.0	  100.0	  1	   50.0	 1550.0	    0.0	    0.0	    0.0	1	   36.6	 21	    0.0	    5.0	
 2895	  82.72	   21.5	 1517.4	    0.0	    0.0	    0.0	    0.0	    0.0	    0.0	    0.0	    0.0	    0.0	  100.0	    0.0	    0.0	    0.0	    0.0	    0.0	  100.0	  1	   50.0	 1550.0	    0.0	    0.0	    0.0	1	   36.6	 21	    0.0	    5.0	
 2896	  82.74	   21.5	 1517.4	    0.0	    0.0	    0.0	    0.0	    0.0	    0.0	    0.0	    0.0	    0.0	  100.0	    0.0	    0.0	    0.0	    0.0	    0.0	  100.0	  1	   50.0	 1550.0	    0.0	    0.0	    0.0	1	   36.6	 21	    0.0	    5.0	
 2897	  82.77	   21.5	 1517.4	    0.0	    0.0	    0.0	    0.0	    0.0	    0.0	    0.0	    0.0	    0.0	  100.0	    0.0	    0.0	    0.0	    0.0	    0.0	  100.0	  1	   50.0	 1550.0	    0.0	    0.0	    0.0	1	   36.6	 21	    0.0	    5.0	
 2898	  82.80	   21.5	 1517.4	    0.0	    0.0	    0.0	    0.0	    0.0	    0.0	    0.0	    0.0	    0.0	  100.0	    0.0	    0.0	    0.0	    0.0	    0.0	  100.0	  1	   50.0	 1550.0	    0.0	    0.0	    0.0	1	   36.6	 21	    0.0	    5.0	
 2899	  82.83	   21.5	 1517.4	    0.0	    0.0	    0.0	    0.0	    0.0	    0.0	    0.0	    0.0	    0.0	  100.0	    0.0	    0.0	    0.0	    0.0	    0.0	  100.0	  1	   50.0	 1550.0	    0.0	    0.0	    0.0	1	   36.6	 21	    0.0	    5.0	
 2900	  82.86	   21.5	 1517.4	    0.0	    0.0	    0.0	    0.0	    0.0	    0.0	    0.0	    0.0	    0.0	  100.0	    0.0	    0.0	    0.0	    0.0	    0.0	  100.0	  1	   50.0	 1550.0	    0.0	    0.0	    0.0	1	   36.6	 21	    0.0	    5.0	
 2901	  82.89	   21.5	 1517.4	    0.0	    0.0	    0.0	    0.0	    0.0	    0.0	    0.0	    0.0	    0.0	  100.0	    0.0	    0.0	    0.0	    0.0	    0.0	  100.0	  1	   50.0	 1550.0	    0.0	    0.0	    0.0	1	   36.6	 21	    0.0	    5.0	
 2902	  82.92	   21.5	 1517.4	    0.0	    0.0	    0.0	    0.0	    0.0	    0.0	    0.0	    0.0	    0.0	  100.0	    0.0	    0.0	    0.0	    0.0	    0.0	  100.0	  1	   50.0	 1550.0	    0.0	    0.0	    0.0	1	   36.6	 21	    0.0	    5.0	
 2903	  82.94	   21.5	 1517.4	    0.0	    0.0	    0.0	    0.0	    0.0	    0.0	    0.0	    0.0	    0.0	  100.0	    0.0	    0.0	    0.0	    0.0	    0.0	  100.0	  1	   50.0	 1550.0	    0.0	    0.0	    0.0	1	   36.6	 21	    0.0	    5.0	
 2904	  82.97	   21.5	 1517.4	    0.0	    0.0	    0.0	    0.0	    0.0	    0.0	    0.0	    0.0	    0.0	  100.0	    0.0	    0.0	    0.0	    0.0	    0.0	  100.0	  1	   50.0	 1550.0	    0.0	    0.0	    0.0	1	   36.6	 21	    0.0	    5.0	
 2905	  83.00	   22.0	 1517.9	    0.0	    0.0	    0.0	    0.0	    0.0	    0.0	    0.0	    0.0	    0.0	  100.0	    0.0	    0.0	    0.0	    0.0	    0.0	  100.0	  1	   50.0	 1550.0	    0.0	    0.0	    0.0	1	   36.6	 21	    0.0	    5.0	
 2906	  83.03	   22.0	 1517.9	    0.0	    0.0	    0.0	    0.0	    0.0	    0.0	    0.0	    0.0	    0.0	  100.0	    0.0	    0.0	    0.0	    0.0	    0.0	  100.0	  1	   50.0	 1550.0	    0.0	    0.0	    0.0	1	   36.6	 21	    0.0	    5.0	
 2907	  83.06	   22.0	 1517.9	    0.0	    0.0	    0.0	    0.0	    0.0	    0.0	    0.0	    0.0	    0.0	  100.0	    0.0	    0.0	    0.0	    0.0	    0.0	  100.0	  1	   50.0	 1550.0	    0.0	    0.0	    0.0	1	   36.6	 21	    0.0	    5.0	
 2908	  83.09	   22.6	 1519.0	    0.0	    0.0	    0.0	    0.0	    0.0	    0.0	    0.0	    0.0	    0.0	  100.0	    0.0	    0.0	    0.0	    0.0	    0.0	  100.0	  1	   50.0	 1550.0	    0.0	    0.0	    0.0	1	   36.6	 21	    0.0	    5.0	
 2909	  83.11	   22.6	 1519.0	    0.0	    0.0	    0.0	    0.0	    0.0	    0.0	    0.0	    0.0	    0.0	  100.0	    0.0	    0.0	    0.0	    0.0	    0.0	  100.0	  1	   50.0	 1550.0	    0.0	    0.0	    0.0	1	   36.6	 21	    0.0	    5.0	
 2910	  83.14	   22.6	 1519.0	    0.0	    0.0	    0.0	    0.0	    0.0	    0.0	    0.0	    0.0	    0.0	  100.0	    0.0	    0.0	    0.0	    0.0	    0.0	  100.0	  1	   50.0	 1550.0	    0.0	    0.0	    0.0	1	   36.6	 21	    0.0	    5.0	
 2911	  83.17	   22.6	 1519.0	    0.0	    0.0	    0.0	    0.0	    0.0	    0.0	    0.0	    0.0	    0.0	  100.0	    0.0	    0.0	    0.0	    0.0	    0.0	  100.0	  1	   50.0	 1550.0	    0.0	    0.0	    0.0	1	   36.6	 21	    0.0	    5.0	
 2912	  83.20	   22.6	 1519.0	    0.0	    0.0	    0.0	    0.0	    0.0	    0.0	    0.0	    0.0	    0.0	  100.0	    0.0	    0.0	    0.0	    0.0	    0.0	  100.0	  1	   50.0	 1550.0	    0.0	    0.0	    0.0	1	   36.6	 21	    0.0	    5.0	
 2913	  83.23	   22.6	 1519.0	    0.0	    0.0	    0.0	    0.0	    0.0	    0.0	    0.0	    0.0	    0.0	  100.0	    0.0	    0.0	    0.0	    0.0	    0.0	  100.0	  1	   50.0	 1550.0	    0.0	    0.0	    0.0	1	   36.6	 21	    0.0	    5.0	
 2914	  83.26	   22.6	 1519.0	    0.0	    0.0	    0.0	    0.0	    0.0	    0.0	    0.0	    0.0	    0.0	  100.0	    0.0	    0.0	    0.0	    0.0	    0.0	  100.0	  1	   50.0	 1550.0	    0.0	    0.0	    0.0	1	   36.6	 21	    0.0	    5.0	
 2915	  83.29	   22.6	 1519.0	    0.0	    0.0	    0.0	    0.0	    0.0	    0.0	    0.0	    0.0	    0.0	  100.0	    0.0	    0.0	    0.0	    0.0	    0.0	  100.0	  1	   50.0	 1550.0	    0.0	    0.0	    0.0	1	   36.6	 21	    0.0	    5.0	
 2916	  83.31	   22.6	 1519.0	    0.0	    0.0	    0.0	    0.0	    0.0	    0.0	    0.0	    0.0	    0.0	  100.0	    0.0	    0.0	    0.0	    0.0	    0.0	  100.0	  1	   50.0	 1550.0	    0.0	    0.0	    0.0	1	   36.6	 21	    0.0	    5.0	
 2917	  83.34	   22.6	 1519.0	    0.0	    0.0	    0.0	    0.0	    0.0	    0.0	    0.0	    0.0	    0.0	  100.0	    0.0	    0.0	    0.0	    0.0	    0.0	  100.0	  1	   50.0	 1550.0	    0.0	    0.0	    0.0	1	   36.6	 21	    0.0	    5.0	
 2918	  83.37	   22.6	 1519.0	    0.0	    0.0	    0.0	    0.0	    0.0	    0.0	    0.0	    0.0	    0.0	  100.0	    0.0	    0.0	    0.0	    0.0	    0.0	  100.0	  1	   50.0	 1550.0	    0.0	    0.0	    0.0	1	   36.6	 21	    0.0	    5.0	
 2919	  83.40	   22.6	 1519.0	    0.0	    0.0	    0.0	    0.0	    0.0	    0.0	    0.0	    0.0	    0.0	  100.0	    0.0	    0.0	    0.0	    0.0	    0.0	  100.0	  1	   50.0	 1550.0	    0.0	    0.0	    0.0	1	   36.6	 21	    0.0	    5.0	
 2920	  83.43	   22.6	 1519.0	    0.0	    0.0	    0.0	    0.0	    0.0	    0.0	    0.0	    0.0	    0.0	  100.0	    0.0	    0.0	    0.0	    0.0	    0.0	  100.0	  1	   50.0	 1550.0	    0.0	    0.0	    0.0	1	   36.6	 21	    0.0	    5.0	
 2921	  83.46	   22.6	 1519.0	    0.0	    0.0	    0.0	    0.0	    0.0	    0.0	    0.0	    0.0	    0.0	  100.0	    0.0	    0.0	    0.0	    0.0	    0.0	  100.0	  1	   50.0	 1550.0	    0.0	    0.0	    0.0	1	   36.6	 21	    0.0	    5.0	
 2922	  83.49	   22.6	 1519.0	    0.0	    0.0	    0.0	    0.0	    0.0	    0.0	    0.0	    0.0	    0.0	  100.0	    0.0	    0.0	    0.0	    0.0	    0.0	  100.0	  1	   50.0	 1550.0	    0.0	    0.0	    0.0	1	   36.6	 21	    0.0	    5.0	
 2923	  83.52	   22.6	 1519.0	    0.0	    0.0	    0.0	    0.0	    0.0	    0.0	    0.0	    0.0	    0.0	  100.0	    0.0	    0.0	    0.0	    0.0	    0.0	  100.0	  1	   50.0	 1550.0	    0.0	    0.0	    0.0	1	   36.6	 21	    0.0	    5.0	
 2924	  83.54	   22.6	 1519.0	    0.0	    0.0	    0.0	    0.0	    0.0	    0.0	    0.0	    0.0	    0.0	  100.0	    0.0	    0.0	    0.0	    0.0	    0.0	  100.0	  1	   50.0	 1550.0	    0.0	    0.0	    0.0	1	   36.6	 21	    0.0	    5.0	
 2925	  83.57	   22.6	 1519.0	    0.0	    0.0	    0.0	    0.0	    0.0	    0.0	    0.0	    0.0	    0.0	  100.0	    0.0	    0.0	    0.0	    0.0	    0.0	  100.0	  1	   50.0	 1550.0	    0.0	    0.0	    0.0	1	   36.6	 21	    0.0	    5.0	
 2926	  83.60	   22.6	 1519.0	    0.0	    0.0	    0.0	    0.0	    0.0	    0.0	    0.0	    0.0	    0.0	  100.0	    0.0	    0.0	    0.0	    0.0	    0.0	  100.0	  1	   50.0	 1550.0	    0.0	    0.0	    0.0	1	   36.6	 21	    0.0	    5.0	
 2927	  83.63	   22.6	 1519.0	    0.0	    0.0	    0.0	    0.0	    0.0	    0.0	    0.0	    0.0	    0.0	  100.0	    0.0	    0.0	    0.0	    0.0	    0.0	  100.0	  1	   50.0	 1550.0	    0.0	    0.0	    0.0	1	   36.6	 21	    0.0	    5.0	
 2928	  83.66	   22.6	 1519.0	    0.0	    0.0	    0.0	    0.0	    0.0	    0.0	    0.0	    0.0	    0.0	  100.0	    0.0	    0.0	    0.0	    0.0	    0.0	  100.0	  1	   50.0	 1550.0	    0.0	    0.0	    0.0	1	   36.6	 21	    0.0	    5.0	
 2929	  83.69	   22.6	 1519.0	    0.0	    0.0	    0.0	    0.0	    0.0	    0.0	    0.0	    0.0	    0.0	  100.0	    0.0	    0.0	    0.0	    0.0	    0.0	  100.0	  1	   50.0	 1550.0	    0.0	    0.0	    0.0	1	   36.6	 21	    0.0	    5.0	
 2930	  83.72	   22.6	 1519.0	    0.0	    0.0	    0.0	    0.0	    0.0	    0.0	    0.0	    0.0	    0.0	  100.0	    0.0	    0.0	    0.0	    0.0	    0.0	  100.0	  1	   50.0	 1550.0	    0.0	    0.0	    0.0	1	   36.6	 21	    0.0	    5.0	
 2931	  83.74	   22.6	 1519.0	    0.0	    0.0	    0.0	    0.0	    0.0	    0.0	    0.0	    0.0	    0.0	  100.0	    0.0	    0.0	    0.0	    0.0	    0.0	  100.0	  1	   50.0	 1550.0	    0.0	    0.0	    0.0	1	   36.6	 21	    0.0	    5.0	
 2932	  83.77	   22.6	 1519.0	    0.0	    0.0	    0.0	    0.0	    0.0	    0.0	    0.0	    0.0	    0.0	  100.0	    0.0	    0.0	    0.0	    0.0	    0.0	  100.0	  1	   50.0	 1550.0	    0.0	    0.0	    0.0	1	   36.6	 21	    0.0	    5.0	
 2933	  83.80	   22.6	 1519.0	    0.0	    0.0	    0.0	    0.0	    0.0	    0.0	    0.0	    0.0	    0.0	  100.0	    0.0	    0.0	    0.0	    0.0	    0.0	  100.0	  1	   50.0	 1550.0	    0.0	    0.0	    0.0	1	   36.6	 21	    0.0	    5.0	
 2934	  83.83	   22.6	 1519.0	    0.0	    0.0	    0.0	    0.0	    0.0	    0.0	    0.0	    0.0	    0.0	  100.0	    0.0	    0.0	    0.0	    0.0	    0.0	  100.0	  1	   50.0	 1550.0	    0.0	    0.0	    0.0	1	   36.6	 21	    0.0	    5.0	
 2935	  83.86	   22.6	 1519.0	    0.0	    0.0	    0.0	    0.0	    0.0	    0.0	    0.0	    0.0	    0.0	  100.0	    0.0	    0.0	    0.0	    0.0	    0.0	  100.0	  1	   50.0	 1550.0	    0.0	    0.0	    0.0	1	   36.6	 21	    0.0	    5.0	
 2936	  83.89	   22.6	 1519.0	    0.0	    0.0	    0.0	    0.0	    0.0	    0.0	    0.0	    0.0	    0.0	  100.0	    0.0	    0.0	    0.0	    0.0	    0.0	  100.0	  1	   50.0	 1550.0	    0.0	    0.0	    0.0	1	   36.6	 21	    0.0	    5.0	
 2937	  83.92	   22.6	 1519.0	    0.0	    0.0	    0.0	    0.0	    0.0	    0.0	    0.0	    0.0	    0.0	  100.0	    0.0	    0.0	    0.0	    0.0	    0.0	  100.0	  1	   50.0	 1550.0	    0.0	    0.0	    0.0	1	   36.6	 21	    0.0	    5.0	
 2938	  83.94	   22.6	 1519.0	    0.0	    0.0	    0.0	    0.0	    0.0	    0.0	    0.0	    0.0	    0.0	  100.0	    0.0	    0.0	    0.0	    0.0	    0.0	  100.0	  1	   50.0	 1550.0	    0.0	    0.0	    0.0	1	   36.6	 21	    0.0	    5.0	
 2939	  83.97	   22.6	 1519.0	    0.0	    0.0	    0.0	    0.0	    0.0	    0.0	    0.0	    0.0	    0.0	  100.0	    0.0	    0.0	    0.0	    0.0	    0.0	  100.0	  1	   50.0	 1550.0	    0.0	    0.0	    0.0	1	   36.6	 21	    0.0	    5.0	
 2940	  84.00	   22.6	 1519.0	    0.0	    0.0	    0.0	    0.0	    0.0	    0.0	    0.0	    0.0	    0.0	  100.0	    0.0	    0.0	    0.0	    0.0	    0.0	  100.0	  1	   50.0	 1550.0	    0.0	    0.0	    0.0	1	   36.6	 21	    0.0	    5.0	
 2941	  84.03	   22.6	 1519.0	    0.0	    0.0	    0.0	    0.0	    0.0	    0.0	    0.0	    0.0	    0.0	  100.0	    0.0	    0.0	    0.0	    0.0	    0.0	  100.0	  1	   50.0	 1550.0	    0.0	    0.0	    0.0	1	   36.6	 21	    0.0	    5.0	
 2942	  84.06	   22.6	 1519.0	    0.0	    0.0	    0.0	    0.0	    0.0	    0.0	    0.0	    0.0	    0.0	  100.0	    0.0	    0.0	    0.0	    0.0	    0.0	  100.0	  1	   50.0	 1550.0	    0.0	    0.0	    0.0	1	   36.6	 21	    0.0	    5.0	
 2943	  84.09	   22.6	 1519.0	    0.0	    0.0	    0.0	    0.0	    0.0	    0.0	    0.0	    0.0	    0.0	  100.0	    0.0	    0.0	    0.0	    0.0	    0.0	  100.0	  1	   50.0	 1550.0	    0.0	    0.0	    0.0	1	   36.6	 21	    0.0	    5.0	
 2944	  84.11	   22.6	 1519.0	    0.0	    0.0	    0.0	    0.0	    0.0	    0.0	    0.0	    0.0	    0.0	  100.0	    0.0	    0.0	    0.0	    0.0	    0.0	  100.0	  1	   50.0	 1550.0	    0.0	    0.0	    0.0	1	   36.6	 21	    0.0	    5.0	
 2945	  84.14	   22.6	 1519.0	    0.0	    0.0	    0.0	    0.0	    0.0	    0.0	    0.0	    0.0	    0.0	  100.0	    0.0	    0.0	    0.0	    0.0	    0.0	  100.0	  1	   50.0	 1550.0	    0.0	    0.0	    0.0	1	   36.6	 21	    0.0	    5.0	
 2946	  84.17	   22.6	 1519.0	    0.0	    0.0	    0.0	    0.0	    0.0	    0.0	    0.0	    0.0	    0.0	  100.0	    0.0	    0.0	    0.0	    0.0	    0.0	  100.0	  1	   50.0	 1550.0	    0.0	    0.0	    0.0	1	   36.6	 21	    0.0	    5.0	
 2947	  84.20	   22.6	 1519.0	    0.0	    0.0	    0.0	    0.0	    0.0	    0.0	    0.0	    0.0	    0.0	  100.0	    0.0	    0.0	    0.0	    0.0	    0.0	  100.0	  1	   50.0	 1550.0	    0.0	    0.0	    0.0	1	   36.6	 21	    0.0	    5.0	
 2948	  84.23	   22.6	 1519.0	    0.0	    0.0	    0.0	    0.0	    0.0	    0.0	    0.0	    0.0	    0.0	  100.0	    0.0	    0.0	    0.0	    0.0	    0.0	  100.0	  1	   50.0	 1550.0	    0.0	    0.0	    0.0	1	   36.6	 21	    0.0	    5.0	
 2949	  84.26	   22.6	 1519.0	    0.0	    0.0	    0.0	    0.0	    0.0	    0.0	    0.0	    0.0	    0.0	  100.0	    0.0	    0.0	    0.0	    0.0	    0.0	  100.0	  1	   50.0	 1550.0	    0.0	    0.0	    0.0	1	   36.6	 21	    0.0	    5.0	
 2950	  84.29	   22.7	 1519.2	    0.0	    0.0	    0.0	    0.0	    0.0	    0.0	    0.0	    0.0	    0.0	  100.0	    0.0	    0.0	    0.0	    0.0	    0.0	  100.0	  1	   50.0	 1550.0	    0.0	    0.0	    0.0	1	   36.6	 21	    0.0	    5.0	
 2951	  84.31	   22.7	 1519.2	    0.0	    0.0	    0.0	    0.0	    0.0	    0.0	    0.0	    0.0	    0.0	  100.0	    0.0	    0.0	    0.0	    0.0	    0.0	  100.0	  1	   50.0	 1550.0	    0.0	    0.0	    0.0	1	   36.6	 21	    0.0	    5.0	
 2952	  84.34	   22.7	 1519.2	    0.0	    0.0	    0.0	    0.0	    0.0	    0.0	    0.0	    0.0	    0.0	  100.0	    0.0	    0.0	    0.0	    0.0	    0.0	  100.0	  1	   50.0	 1550.0	    0.0	    0.0	    0.0	1	   36.6	 21	    0.0	    5.0	
 2953	  84.37	   22.7	 1519.2	    0.0	    0.0	    0.0	    0.0	    0.0	    0.0	    0.0	    0.0	    0.0	  100.0	    0.0	    0.0	    0.0	    0.0	    0.0	  100.0	  1	   50.0	 1550.0	    0.0	    0.0	    0.0	1	   36.6	 21	    0.0	    5.0	
 2954	  84.40	   22.7	 1519.3	    0.0	    0.0	    0.0	    0.0	    0.0	    0.0	    0.0	    0.0	    0.0	  100.0	    0.0	    0.0	    0.0	    0.0	    0.0	  100.0	  1	   50.0	 1550.0	    0.0	    0.0	    0.0	1	   36.6	 21	    0.0	    5.0	
 2955	  84.43	   22.7	 1519.3	    0.0	    0.0	    0.0	    0.0	    0.0	    0.0	    0.0	    0.0	    0.0	  100.0	    0.0	    0.0	    0.0	    0.0	    0.0	  100.0	  1	   50.0	 1550.0	    0.0	    0.0	    0.0	1	   36.6	 21	    0.0	    5.0	
 2956	  84.46	   22.7	 1519.3	    0.0	    0.0	    0.0	    0.0	    0.0	    0.0	    0.0	    0.0	    0.0	  100.0	    0.0	    0.0	    0.0	    0.0	    0.0	  100.0	  1	   50.0	 1550.0	    0.0	    0.0	    0.0	1	   36.6	 21	    0.0	    5.0	
 2957	  84.49	   22.7	 1519.3	    0.0	    0.0	    0.0	    0.0	    0.0	    0.0	    0.0	    0.0	    0.0	  100.0	    0.0	    0.0	    0.0	    0.0	    0.0	  100.0	  1	   50.0	 1550.0	    0.0	    0.0	    0.0	1	   36.6	 21	    0.0	    5.0	
 2958	  84.52	   22.7	 1519.3	    0.0	    0.0	    0.0	    0.0	    0.0	    0.0	    0.0	    0.0	    0.0	  100.0	    0.0	    0.0	    0.0	    0.0	    0.0	  100.0	  1	   50.0	 1550.0	    0.0	    0.0	    0.0	1	   36.6	 21	    0.0	    5.0	
 2959	  84.54	   22.7	 1519.3	    0.0	    0.0	    0.0	    0.0	    0.0	    0.0	    0.0	    0.0	    0.0	  100.0	    0.0	    0.0	    0.0	    0.0	    0.0	  100.0	  1	   50.0	 1550.0	    0.0	    0.0	    0.0	1	   36.6	 21	    0.0	    5.0	
 2960	  84.57	   22.7	 1519.3	    0.0	    0.0	    0.0	    0.0	    0.0	    0.0	    0.0	    0.0	    0.0	  100.0	    0.0	    0.0	    0.0	    0.0	    0.0	  100.0	  1	   50.0	 1550.0	    0.0	    0.0	    0.0	1	   36.6	 21	    0.0	    5.0	
 2961	  84.60	   22.7	 1519.3	    0.0	    0.0	    0.0	    0.0	    0.0	    0.0	    0.0	    0.0	    0.0	  100.0	    0.0	    0.0	    0.0	    0.0	    0.0	  100.0	  1	   50.0	 1550.0	    0.0	    0.0	    0.0	1	   36.6	 21	    0.0	    5.0	
 2962	  84.63	   22.7	 1519.3	    0.0	    0.0	    0.0	    0.0	    0.0	    0.0	    0.0	    0.0	    0.0	  100.0	    0.0	    0.0	    0.0	    0.0	    0.0	  100.0	  1	   50.0	 1550.0	    0.0	    0.0	    0.0	1	   36.6	 21	    0.0	    5.0	
 2963	  84.66	   22.7	 1519.3	    0.0	    0.0	    0.0	    0.0	    0.0	    0.0	    0.0	    0.0	    0.0	  100.0	    0.0	    0.0	    0.0	    0.0	    0.0	  100.0	  1	   50.0	 1550.0	    0.0	    0.0	    0.0	1	   36.6	 21	    0.0	    5.0	
 2964	  84.69	   22.7	 1519.3	    0.0	    0.0	    0.0	    0.0	    0.0	    0.0	    0.0	    0.0	    0.0	  100.0	    0.0	    0.0	    0.0	    0.0	    0.0	  100.0	  1	   50.0	 1550.0	    0.0	    0.0	    0.0	1	   36.6	 21	    0.0	    5.0	
 2965	  84.72	   22.7	 1519.3	    0.0	    0.0	    0.0	    0.0	    0.0	    0.0	    0.0	    0.0	    0.0	  100.0	    0.0	    0.0	    0.0	    0.0	    0.0	  100.0	  1	   50.0	 1550.0	    0.0	    0.0	    0.0	1	   36.6	 21	    0.0	    5.0	
 2966	  84.74	   22.7	 1519.3	    0.0	    0.0	    0.0	    0.0	    0.0	    0.0	    0.0	    0.0	    0.0	  100.0	    0.0	    0.0	    0.0	    0.0	    0.0	  100.0	  1	   50.0	 1550.0	    0.0	    0.0	    0.0	1	   36.6	 21	    0.0	    5.0	
 2967	  84.77	   22.7	 1519.3	    0.0	    0.0	    0.0	    0.0	    0.0	    0.0	    0.0	    0.0	    0.0	  100.0	    0.0	    0.0	    0.0	    0.0	    0.0	  100.0	  1	   50.0	 1550.0	    0.0	    0.0	    0.0	1	   36.6	 21	    0.0	    5.0	
 2968	  84.80	   22.7	 1519.3	    0.0	    0.0	    0.0	    0.0	    0.0	    0.0	    0.0	    0.0	    0.0	  100.0	    0.0	    0.0	    0.0	    0.0	    0.0	  100.0	  1	   50.0	 1550.0	    0.0	    0.0	    0.0	1	   36.6	 21	    0.0	    5.0	
 2969	  84.83	   22.7	 1519.3	    0.0	    0.0	    0.0	    0.0	    0.0	    0.0	    0.0	    0.0	    0.0	  100.0	    0.0	    0.0	    0.0	    0.0	    0.0	  100.0	  1	   50.0	 1550.0	    0.0	    0.0	    0.0	1	   36.6	 21	    0.0	    5.0	
 2970	  84.86	   22.7	 1519.3	    0.0	    0.0	    0.0	    0.0	    0.0	    0.0	    0.0	    0.0	    0.0	  100.0	    0.0	    0.0	    0.0	    0.0	    0.0	  100.0	  1	   50.0	 1550.0	    0.0	    0.0	    0.0	1	   36.6	 21	    0.0	    5.0	
 2971	  84.89	   22.7	 1519.3	    0.0	    0.0	    0.0	    0.0	    0.0	    0.0	    0.0	    0.0	    0.0	  100.0	    0.0	    0.0	    0.0	    0.0	    0.0	  100.0	  1	   50.0	 1550.0	    0.0	    0.0	    0.0	1	   36.6	 21	    0.0	    5.0	
 2972	  84.92	   22.7	 1519.3	    0.0	    0.0	    0.0	    0.0	    0.0	    0.0	    0.0	    0.0	    0.0	  100.0	    0.0	    0.0	    0.0	    0.0	    0.0	  100.0	  1	   50.0	 1550.0	    0.0	    0.0	    0.0	1	   36.6	 21	    0.0	    5.0	
 2973	  84.94	   22.7	 1519.3	    0.0	    0.0	    0.0	    0.0	    0.0	    0.0	    0.0	    0.0	    0.0	  100.0	    0.0	    0.0	    0.0	    0.0	    0.0	  100.0	  1	   50.0	 1550.0	    0.0	    0.0	    0.0	1	   36.6	 21	    0.0	    5.0	
 2974	  84.97	   22.7	 1519.3	    0.0	    0.0	    0.0	    0.0	    0.0	    0.0	    0.0	    0.0	    0.0	  100.0	    0.0	    0.0	    0.0	    0.0	    0.0	  100.0	  1	   50.0	 1550.0	    0.0	    0.0	    0.0	1	   36.6	 21	    0.0	    5.0	
 2975	  85.00	   22.7	 1519.3	    0.0	    0.0	    0.0	    0.0	    0.0	    0.0	    0.0	    0.0	    0.0	  100.0	    0.0	    0.0	    0.0	    0.0	    0.0	  100.0	  1	   50.0	 1550.0	    0.0	    0.0	    0.0	1	   36.6	 21	    0.0	    5.0	
 2976	  85.03	   22.7	 1519.3	    0.0	    0.0	    0.0	    0.0	    0.0	    0.0	    0.0	    0.0	    0.0	  100.0	    0.0	    0.0	    0.0	    0.0	    0.0	  100.0	  1	   50.0	 1550.0	    0.0	    0.0	    0.0	1	   36.6	 21	    0.0	    5.0	
 2977	  85.06	   22.7	 1519.3	    0.0	    0.0	    0.0	    0.0	    0.0	    0.0	    0.0	    0.0	    0.0	  100.0	    0.0	    0.0	    0.0	    0.0	    0.0	  100.0	  1	   50.0	 1550.0	    0.0	    0.0	    0.0	1	   36.6	 21	    0.0	    5.0	
 2978	  85.09	   22.9	 1519.5	    0.0	    0.0	    0.0	    0.0	    0.0	    0.0	    0.0	    0.0	    0.0	  100.0	    0.0	    0.0	    0.0	    0.0	    0.0	  100.0	  1	   50.0	 1550.0	    0.0	    0.0	    0.0	1	   36.6	 21	    0.0	    5.0	
 2979	  85.11	   22.9	 1519.5	    0.0	    0.0	    0.0	    0.0	    0.0	    0.0	    0.0	    0.0	    0.0	  100.0	    0.0	    0.0	    0.0	    0.0	    0.0	  100.0	  1	   50.0	 1550.0	    0.0	    0.0	    0.0	1	   36.6	 21	    0.0	    5.0	
 2980	  85.14	   22.9	 1519.5	    0.0	    0.0	    0.0	    0.0	    0.0	    0.0	    0.0	    0.0	    0.0	  100.0	    0.0	    0.0	    0.0	    0.0	    0.0	  100.0	  1	   50.0	 1550.0	    0.0	    0.0	    0.0	1	   36.6	 21	    0.0	    5.0	
 2981	  85.17	   22.9	 1519.5	    0.0	    0.0	    0.0	    0.0	    0.0	    0.0	    0.0	    0.0	    0.0	  100.0	    0.0	    0.0	    0.0	    0.0	    0.0	  100.0	  1	   50.0	 1550.0	    0.0	    0.0	    0.0	1	   36.6	 21	    0.0	    5.0	
 2982	  85.20	   22.9	 1519.5	    0.0	    0.0	    0.0	    0.0	    0.0	    0.0	    0.0	    0.0	    0.0	  100.0	    0.0	    0.0	    0.0	    0.0	    0.0	  100.0	  1	   50.0	 1550.0	    0.0	    0.0	    0.0	1	   36.6	 21	    0.0	    5.0	
 2983	  85.23	   22.9	 1519.5	    0.0	    0.0	    0.0	    0.0	    0.0	    0.0	    0.0	    0.0	    0.0	  100.0	    0.0	    0.0	    0.0	    0.0	    0.0	  100.0	  1	   50.0	 1550.0	    0.0	    0.0	    0.0	1	   36.6	 21	    0.0	    5.0	
 2984	  85.26	   22.9	 1519.5	    0.0	    0.0	    0.0	    0.0	    0.0	    0.0	    0.0	    0.0	    0.0	  100.0	    0.0	    0.0	    0.0	    0.0	    0.0	  100.0	  1	   50.0	 1550.0	    0.0	    0.0	    0.0	1	   36.6	 21	    0.0	    5.0	
 2985	  85.29	   22.9	 1519.5	    0.0	    0.0	    0.0	    0.0	    0.0	    0.0	    0.0	    0.0	    0.0	  100.0	    0.0	    0.0	    0.0	    0.0	    0.0	  100.0	  1	   50.0	 1550.0	    0.0	    0.0	    0.0	1	   36.6	 21	    0.0	    5.0	
 2986	  85.31	   22.9	 1519.5	    0.0	    0.0	    0.0	    0.0	    0.0	    0.0	    0.0	    0.0	    0.0	  100.0	    0.0	    0.0	    0.0	    0.0	    0.0	  100.0	  1	   50.0	 1550.0	    0.0	    0.0	    0.0	1	   36.6	 21	    0.0	    5.0	
 2987	  85.34	   22.9	 1519.5	    0.0	    0.0	    0.0	    0.0	    0.0	    0.0	    0.0	    0.0	    0.0	  100.0	    0.0	    0.0	    0.0	    0.0	    0.0	  100.0	  1	   50.0	 1550.0	    0.0	    0.0	    0.0	1	   36.6	 21	    0.0	    5.0	
 2988	  85.37	   22.9	 1519.5	    0.0	    0.0	    0.0	    0.0	    0.0	    0.0	    0.0	    0.0	    0.0	  100.0	    0.0	    0.0	    0.0	    0.0	    0.0	  100.0	  1	   50.0	 1550.0	    0.0	    0.0	    0.0	1	   36.6	 21	    0.0	    5.0	
 2989	  85.40	   22.9	 1519.5	    0.0	    0.0	    0.0	    0.0	    0.0	    0.0	    0.0	    0.0	    0.0	  100.0	    0.0	    0.0	    0.0	    0.0	    0.0	  100.0	  1	   50.0	 1550.0	    0.0	    0.0	    0.0	1	   36.6	 21	    0.0	    5.0	
 2990	  85.43	   22.9	 1519.5	    0.0	    0.0	    0.0	    0.0	    0.0	    0.0	    0.0	    0.0	    0.0	  100.0	    0.0	    0.0	    0.0	    0.0	    0.0	  100.0	  1	   50.0	 1550.0	    0.0	    0.0	    0.0	1	   36.6	 21	    0.0	    5.0	
 2991	  85.46	   22.9	 1519.5	    0.0	    0.0	    0.0	    0.0	    0.0	    0.0	    0.0	    0.0	    0.0	  100.0	    0.0	    0.0	    0.0	    0.0	    0.0	  100.0	  1	   50.0	 1550.0	    0.0	    0.0	    0.0	1	   36.6	 21	    0.0	    5.0	
 2992	  85.49	   22.9	 1519.5	    0.0	    0.0	    0.0	    0.0	    0.0	    0.0	    0.0	    0.0	    0.0	  100.0	    0.0	    0.0	    0.0	    0.0	    0.0	  100.0	  1	   50.0	 1550.0	    0.0	    0.0	    0.0	1	   36.6	 21	    0.0	    5.0	
 2993	  85.52	   22.9	 1519.5	    0.0	    0.0	    0.0	    0.0	    0.0	    0.0	    0.0	    0.0	    0.0	  100.0	    0.0	    0.0	    0.0	    0.0	    0.0	  100.0	  1	   50.0	 1550.0	    0.0	    0.0	    0.0	1	   36.6	 21	    0.0	    5.0	
 2994	  85.54	   22.9	 1519.5	    0.0	    0.0	    0.0	    0.0	    0.0	    0.0	    0.0	    0.0	    0.0	  100.0	    0.0	    0.0	    0.0	    0.0	    0.0	  100.0	  1	   50.0	 1550.0	    0.0	    0.0	    0.0	1	   36.6	 21	    0.0	    5.0	
 2995	  85.57	   22.9	 1519.5	    0.0	    0.0	    0.0	    0.0	    0.0	    0.0	    0.0	    0.0	    0.0	  100.0	    0.0	    0.0	    0.0	    0.0	    0.0	  100.0	  1	   50.0	 1550.0	    0.0	    0.0	    0.0	1	   36.6	 21	    0.0	    5.0	
 2996	  85.60	   22.9	 1519.5	    0.0	    0.0	    0.0	    0.0	    0.0	    0.0	    0.0	    0.0	    0.0	  100.0	    0.0	    0.0	    0.0	    0.0	    0.0	  100.0	  1	   50.0	 1550.0	    0.0	    0.0	    0.0	1	   36.6	 21	    0.0	    5.0	
 2997	  85.63	   22.9	 1519.5	    0.0	    0.0	    0.0	    0.0	    0.0	    0.0	    0.0	    0.0	    0.0	  100.0	    0.0	    0.0	    0.0	    0.0	    0.0	  100.0	  1	   50.0	 1550.0	    0.0	    0.0	    0.0	1	   36.6	 21	    0.0	    5.0	
 2998	  85.66	   22.9	 1519.5	    0.0	    0.0	    0.0	    0.0	    0.0	    0.0	    0.0	    0.0	    0.0	  100.0	    0.0	    0.0	    0.0	    0.0	    0.0	  100.0	  1	   50.0	 1550.0	    0.0	    0.0	    0.0	1	   36.6	 21	    0.0	    5.0	
 2999	  85.69	   22.9	 1519.5	    0.0	    0.0	    0.0	    0.0	    0.0	    0.0	    0.0	    0.0	    0.0	  100.0	    0.0	    0.0	    0.0	    0.0	    0.0	  100.0	  1	   50.0	 1550.0	    0.0	    0.0	    0.0	1	   36.6	 21	    0.0	    5.0	
 3000	  85.72	   22.9	 1519.5	    0.0	    0.0	    0.0	    0.0	    0.0	    0.0	    0.0	    0.0	    0.0	  100.0	    0.0	    0.0	    0.0	    0.0	    0.0	  100.0	  1	   50.0	 1550.0	    0.0	    0.0	    0.0	1	   36.6	 21	    0.0	    5.0	
 3001	  85.74	   22.9	 1519.5	    0.0	    0.0	    0.0	    0.0	    0.0	    0.0	    0.0	    0.0	    0.0	  100.0	    0.0	    0.0	    0.0	    0.0	    0.0	  100.0	  1	   50.0	 1550.0	    0.0	    0.0	    0.0	1	   36.6	 21	    0.0	    5.0	
 3002	  85.77	   22.9	 1519.5	    0.0	    0.0	    0.0	    0.0	    0.0	    0.0	    0.0	    0.0	    0.0	  100.0	    0.0	    0.0	    0.0	    0.0	    0.0	  100.0	  1	   50.0	 1550.0	    0.0	    0.0	    0.0	1	   36.6	 21	    0.0	    5.0	
 3003	  85.80	   22.9	 1519.5	    0.0	    0.0	    0.0	    0.0	    0.0	    0.0	    0.0	    0.0	    0.0	  100.0	    0.0	    0.0	    0.0	    0.0	    0.0	  100.0	  1	   50.0	 1550.0	    0.0	    0.0	    0.0	1	   36.6	 21	    0.0	    5.0	
 3004	  85.83	   22.9	 1519.5	    0.0	    0.0	    0.0	    0.0	    0.0	    0.0	    0.0	    0.0	    0.0	  100.0	    0.0	    0.0	    0.0	    0.0	    0.0	  100.0	  1	   50.0	 1550.0	    0.0	    0.0	    0.0	1	   36.6	 21	    0.0	    5.0	
 3005	  85.86	   22.9	 1519.5	    0.0	    0.0	    0.0	    0.0	    0.0	    0.0	    0.0	    0.0	    0.0	  100.0	    0.0	    0.0	    0.0	    0.0	    0.0	  100.0	  1	   50.0	 1550.0	    0.0	    0.0	    0.0	1	   36.6	 21	    0.0	    5.0	
 3006	  85.89	   22.9	 1519.5	    0.0	    0.0	    0.0	    0.0	    0.0	    0.0	    0.0	    0.0	    0.0	  100.0	    0.0	    0.0	    0.0	    0.0	    0.0	  100.0	  1	   50.0	 1550.0	    0.0	    0.0	    0.0	1	   36.6	 21	    0.0	    5.0	
 3007	  85.92	   22.9	 1519.5	    0.0	    0.0	    0.0	    0.0	    0.0	    0.0	    0.0	    0.0	    0.0	  100.0	    0.0	    0.0	    0.0	    0.0	    0.0	  100.0	  1	   50.0	 1550.0	    0.0	    0.0	    0.0	1	   36.6	 21	    0.0	    5.0	
 3008	  85.94	   22.9	 1519.5	    0.0	    0.0	    0.0	    0.0	    0.0	    0.0	    0.0	    0.0	    0.0	  100.0	    0.0	    0.0	    0.0	    0.0	    0.0	  100.0	  1	   50.0	 1550.0	    0.0	    0.0	    0.0	1	   36.6	 21	    0.0	    5.0	
 3009	  85.97	   22.9	 1519.5	    0.0	    0.0	    0.0	    0.0	    0.0	    0.0	    0.0	    0.0	    0.0	  100.0	    0.0	    0.0	    0.0	    0.0	    0.0	  100.0	  1	   50.0	 1550.0	    0.0	    0.0	    0.0	1	   36.6	 21	    0.0	    5.0	
 3010	  86.00	   22.9	 1519.5	    0.0	    0.0	    0.0	    0.0	    0.0	    0.0	    0.0	    0.0	    0.0	  100.0	    0.0	    0.0	    0.0	    0.0	    0.0	  100.0	  1	   50.0	 1550.0	    0.0	    0.0	    0.0	1	   36.6	 21	    0.0	    5.0	
 3011	  86.03	   22.9	 1519.5	    0.0	    0.0	    0.0	    0.0	    0.0	    0.0	    0.0	    0.0	    0.0	  100.0	    0.0	    0.0	    0.0	    0.0	    0.0	  100.0	  1	   50.0	 1550.0	    0.0	    0.0	    0.0	1	   36.6	 21	    0.0	    5.0	
 3012	  86.06	   22.9	 1519.5	    0.0	    0.0	    0.0	    0.0	    0.0	    0.0	    0.0	    0.0	    0.0	  100.0	    0.0	    0.0	    0.0	    0.0	    0.0	  100.0	  1	   50.0	 1550.0	    0.0	    0.0	    0.0	1	   36.6	 21	    0.0	    5.0	
 3013	  86.09	   22.9	 1519.5	    0.0	    0.0	    0.0	    0.0	    0.0	    0.0	    0.0	    0.0	    0.0	  100.0	    0.0	    0.0	    0.0	    0.0	    0.0	  100.0	  1	   50.0	 1550.0	    0.0	    0.0	    0.0	1	   36.6	 21	    0.0	    5.0	
 3014	  86.11	   22.9	 1519.5	    0.0	    0.0	    0.0	    0.0	    0.0	    0.0	    0.0	    0.0	    0.0	  100.0	    0.0	    0.0	    0.0	    0.0	    0.0	  100.0	  1	   50.0	 1550.0	    0.0	    0.0	    0.0	1	   36.6	 21	    0.0	    5.0	
 3015	  86.14	   22.9	 1519.5	    0.0	    0.0	    0.0	    0.0	    0.0	    0.0	    0.0	    0.0	    0.0	  100.0	    0.0	    0.0	    0.0	    0.0	    0.0	  100.0	  1	   50.0	 1550.0	    0.0	    0.0	    0.0	1	   36.6	 21	    0.0	    5.0	
 3016	  86.17	   22.9	 1519.5	    0.0	    0.0	    0.0	    0.0	    0.0	    0.0	    0.0	    0.0	    0.0	  100.0	    0.0	    0.0	    0.0	    0.0	    0.0	  100.0	  1	   50.0	 1550.0	    0.0	    0.0	    0.0	1	   36.6	 21	    0.0	    5.0	
 3017	  86.20	   22.9	 1519.5	    0.0	    0.0	    0.0	    0.0	    0.0	    0.0	    0.0	    0.0	    0.0	  100.0	    0.0	    0.0	    0.0	    0.0	    0.0	  100.0	  1	   50.0	 1550.0	    0.0	    0.0	    0.0	1	   36.6	 21	    0.0	    5.0	
 3018	  86.23	   22.9	 1519.5	    0.0	    0.0	    0.0	    0.0	    0.0	    0.0	    0.0	    0.0	    0.0	  100.0	    0.0	    0.0	    0.0	    0.0	    0.0	  100.0	  1	   50.0	 1550.0	    0.0	    0.0	    0.0	1	   36.6	 21	    0.0	    5.0	
 3019	  86.26	   22.9	 1519.5	    0.0	    0.0	    0.0	    0.0	    0.0	    0.0	    0.0	    0.0	    0.0	  100.0	    0.0	    0.0	    0.0	    0.0	    0.0	  100.0	  1	   50.0	 1550.0	    0.0	    0.0	    0.0	1	   36.6	 21	    0.0	    5.0	
 3020	  86.29	   22.9	 1519.5	    0.0	    0.0	    0.0	    0.0	    0.0	    0.0	    0.0	    0.0	    0.0	  100.0	    0.0	    0.0	    0.0	    0.0	    0.0	  100.0	  1	   50.0	 1550.0	    0.0	    0.0	    0.0	1	   36.6	 21	    0.0	    5.0	
 3021	  86.31	   22.9	 1519.5	    0.0	    0.0	    0.0	    0.0	    0.0	    0.0	    0.0	    0.0	    0.0	  100.0	    0.0	    0.0	    0.0	    0.0	    0.0	  100.0	  1	   50.0	 1550.0	    0.0	    0.0	    0.0	1	   36.6	 21	    0.0	    5.0	
 3022	  86.34	   22.9	 1519.5	    0.0	    0.0	    0.0	    0.0	    0.0	    0.0	    0.0	    0.0	    0.0	  100.0	    0.0	    0.0	    0.0	    0.0	    0.0	  100.0	  1	   50.0	 1550.0	    0.0	    0.0	    0.0	1	   36.6	 21	    0.0	    5.0	
 3023	  86.37	   22.9	 1519.5	    0.0	    0.0	    0.0	    0.0	    0.0	    0.0	    0.0	    0.0	    0.0	  100.0	    0.0	    0.0	    0.0	    0.0	    0.0	  100.0	  1	   50.0	 1550.0	    0.0	    0.0	    0.0	1	   36.6	 21	    0.0	    5.0	
 3024	  86.40	   22.9	 1519.5	    0.0	    0.0	    0.0	    0.0	    0.0	    0.0	    0.0	    0.0	    0.0	  100.0	    0.0	    0.0	    0.0	    0.0	    0.0	  100.0	  1	   50.0	 1550.0	    0.0	    0.0	    0.0	1	   36.6	 21	    0.0	    5.0	
 3025	  86.43	   22.9	 1519.5	    0.0	    0.0	    0.0	    0.0	    0.0	    0.0	    0.0	    0.0	    0.0	  100.0	    0.0	    0.0	    0.0	    0.0	    0.0	  100.0	  1	   50.0	 1550.0	    0.0	    0.0	    0.0	1	   36.6	 21	    0.0	    5.0	
 3026	  86.46	   22.9	 1519.5	    0.0	    0.0	    0.0	    0.0	    0.0	    0.0	    0.0	    0.0	    0.0	  100.0	    0.0	    0.0	    0.0	    0.0	    0.0	  100.0	  1	   50.0	 1550.0	    0.0	    0.0	    0.0	1	   36.6	 21	    0.0	    5.0	
 3027	  86.49	   23.3	 1520.0	    0.0	    0.0	    0.0	    0.0	    0.0	    0.0	    0.0	    0.0	    0.0	  100.0	    0.0	    0.0	    0.0	    0.0	    0.0	  100.0	  1	   50.0	 1550.0	    0.0	    0.0	    0.0	1	   36.6	 21	    0.0	    5.0	
 3028	  86.52	   23.3	 1520.0	    0.0	    0.0	    0.0	    0.0	    0.0	    0.0	    0.0	    0.0	    0.0	  100.0	    0.0	    0.0	    0.0	    0.0	    0.0	  100.0	  1	   50.0	 1550.0	    0.0	    0.0	    0.0	1	   36.6	 21	    0.0	    5.0	
 3029	  86.54	   23.3	 1520.0	    0.0	    0.0	    0.0	    0.0	    0.0	    0.0	    0.0	    0.0	    0.0	  100.0	    0.0	    0.0	    0.0	    0.0	    0.0	  100.0	  1	   50.0	 1550.0	    0.0	    0.0	    0.0	1	   36.6	 21	    0.0	    5.0	
 3030	  86.57	   23.3	 1520.0	    0.0	    0.0	    0.0	    0.0	    0.0	    0.0	    0.0	    0.0	    0.0	  100.0	    0.0	    0.0	    0.0	    0.0	    0.0	  100.0	  1	   50.0	 1550.0	    0.0	    0.0	    0.0	1	   36.6	 21	    0.0	    5.0	
 3031	  86.60	   22.8	 1520.0	    0.0	    0.0	    0.0	    0.0	    0.0	    0.0	    0.0	    0.0	    0.0	  100.0	    0.0	    0.0	    0.0	    0.0	    0.0	  100.0	  1	   50.0	 1550.0	    0.0	    0.0	    0.0	1	   36.6	 21	    0.0	    5.0	
 3032	  86.63	   22.8	 1520.0	    0.0	    0.0	    0.0	    0.0	    0.0	    0.0	    0.0	    0.0	    0.0	  100.0	    0.0	    0.0	    0.0	    0.0	    0.0	  100.0	  1	   50.0	 1550.0	    0.0	    0.0	    0.0	1	   36.6	 21	    0.0	    5.0	
 3033	  86.66	   22.8	 1520.0	    0.0	    0.0	    0.0	    0.0	    0.0	    0.0	    0.0	    0.0	    0.0	  100.0	    0.0	    0.0	    0.0	    0.0	    0.0	  100.0	  1	   50.0	 1550.0	    0.0	    0.0	    0.0	1	   36.6	 21	    0.0	    5.0	
 3034	  86.69	   22.8	 1520.0	    0.0	    0.0	    0.0	    0.0	    0.0	    0.0	    0.0	    0.0	    0.0	  100.0	    0.0	    0.0	    0.0	    0.0	    0.0	  100.0	  1	   50.0	 1550.0	    0.0	    0.0	    0.0	1	   36.6	 21	    0.0	    5.0	
 3035	  86.72	   22.8	 1520.0	    0.0	    0.0	    0.0	    0.0	    0.0	    0.0	    0.0	    0.0	    0.0	  100.0	    0.0	    0.0	    0.0	    0.0	    0.0	  100.0	  1	   50.0	 1550.0	    0.0	    0.0	    0.0	1	   36.6	 21	    0.0	    5.0	
 3036	  86.74	   22.8	 1520.0	    0.0	    0.0	    0.0	    0.0	    0.0	    0.0	    0.0	    0.0	    0.0	  100.0	    0.0	    0.0	    0.0	    0.0	    0.0	  100.0	  1	   50.0	 1550.0	    0.0	    0.0	    0.0	1	   36.6	 21	    0.0	    5.0	
 3037	  86.77	   22.8	 1520.0	    0.0	    0.0	    0.0	    0.0	    0.0	    0.0	    0.0	    0.0	    0.0	  100.0	    0.0	    0.0	    0.0	    0.0	    0.0	  100.0	  1	   50.0	 1550.0	    0.0	    0.0	    0.0	1	   36.6	 21	    0.0	    5.0	
 3038	  86.80	   22.9	 1520.4	    0.0	    0.0	    0.0	    0.0	    0.0	    0.0	    0.0	    0.0	    0.0	  100.0	    0.0	    0.0	    0.0	    0.0	    0.0	  100.0	  1	   50.0	 1550.0	    0.0	    0.0	    0.0	1	   36.6	 21	    0.0	    5.0	
 3039	  86.83	   22.9	 1520.4	    0.0	    0.0	    0.0	    0.0	    0.0	    0.0	    0.0	    0.0	    0.0	  100.0	    0.0	    0.0	    0.0	    0.0	    0.0	  100.0	  1	   50.0	 1550.0	    0.0	    0.0	    0.0	1	   36.6	 21	    0.0	    5.0	
 3040	  86.86	   22.9	 1520.4	    0.0	    0.0	    0.0	    0.0	    0.0	    0.0	    0.0	    0.0	    0.0	  100.0	    0.0	    0.0	    0.0	    0.0	    0.0	  100.0	  1	   50.0	 1550.0	    0.0	    0.0	    0.0	1	   36.6	 21	    0.0	    5.0	
 3041	  86.89	   22.9	 1520.4	    0.0	    0.0	    0.0	    0.0	    0.0	    0.0	    0.0	    0.0	    0.0	  100.0	    0.0	    0.0	    0.0	    0.0	    0.0	  100.0	  1	   50.0	 1550.0	    0.0	    0.0	    0.0	1	   36.6	 21	    0.0	    5.0	
 3042	  86.92	   22.9	 1520.4	    0.0	    0.0	    0.0	    0.0	    0.0	    0.0	    0.0	    0.0	    0.0	  100.0	    0.0	    0.0	    0.0	    0.0	    0.0	  100.0	  1	   50.0	 1550.0	    0.0	    0.0	    0.0	1	   36.6	 21	    0.0	    5.0	
 3043	  86.94	   22.9	 1520.4	    0.0	    0.0	    0.0	    0.0	    0.0	    0.0	    0.0	    0.0	    0.0	  100.0	    0.0	    0.0	    0.0	    0.0	    0.0	  100.0	  1	   50.0	 1550.0	    0.0	    0.0	    0.0	1	   36.6	 21	    0.0	    5.0	
 3044	  86.97	   22.9	 1520.4	    0.0	    0.0	    0.0	    0.0	    0.0	    0.0	    0.0	    0.0	    0.0	  100.0	    0.0	    0.0	    0.0	    0.0	    0.0	  100.0	  1	   50.0	 1550.0	    0.0	    0.0	    0.0	1	   36.6	 21	    0.0	    5.0	
 3045	  87.00	   23.1	 1520.6	    0.0	    0.0	    0.0	    0.0	    0.0	    0.0	    0.0	    0.0	    0.0	  100.0	    0.0	    0.0	    0.0	    0.0	    0.0	  100.0	  1	   50.0	 1550.0	    0.0	    0.0	    0.0	1	   36.6	 21	    0.0	    5.0	
 3046	  87.03	   23.1	 1520.6	    0.0	    0.0	    0.0	    0.0	    0.0	    0.0	    0.0	    0.0	    0.0	  100.0	    0.0	    0.0	    0.0	    0.0	    0.0	  100.0	  1	   50.0	 1550.0	    0.0	    0.0	    0.0	1	   36.6	 21	    0.0	    5.0	
 3047	  87.06	   23.1	 1520.6	    0.0	    0.0	    0.0	    0.0	    0.0	    0.0	    0.0	    0.0	    0.0	  100.0	    0.0	    0.0	    0.0	    0.0	    0.0	  100.0	  1	   50.0	 1550.0	    0.0	    0.0	    0.0	1	   36.6	 21	    0.0	    5.0	
 3048	  87.09	   23.1	 1520.6	    0.0	    0.0	    0.0	    0.0	    0.0	    0.0	    0.0	    0.0	    0.0	  100.0	    0.0	    0.0	    0.0	    0.0	    0.0	  100.0	  1	   50.0	 1550.0	    0.0	    0.0	    0.0	1	   36.6	 21	    0.0	    5.0	
 3049	  87.11	   23.1	 1520.6	    0.0	    0.0	    0.0	    0.0	    0.0	    0.0	    0.0	    0.0	    0.0	  100.0	    0.0	    0.0	    0.0	    0.0	    0.0	  100.0	  1	   50.0	 1550.0	    0.0	    0.0	    0.0	1	   36.6	 21	    0.0	    5.0	
 3050	  87.14	   23.1	 1520.6	    0.0	    0.0	    0.0	    0.0	    0.0	    0.0	    0.0	    0.0	    0.0	  100.0	    0.0	    0.0	    0.0	    0.0	    0.0	  100.0	  1	   50.0	 1550.0	    0.0	    0.0	    0.0	1	   36.6	 21	    0.0	    5.0	
 3051	  87.17	   23.1	 1520.6	    0.0	    0.0	    0.0	    0.0	    0.0	    0.0	    0.0	    0.0	    0.0	  100.0	    0.0	    0.0	    0.0	    0.0	    0.0	  100.0	  1	   50.0	 1550.0	    0.0	    0.0	    0.0	1	   36.6	 21	    0.0	    5.0	
 3052	  87.20	   23.1	 1520.6	    0.0	    0.0	    0.0	    0.0	    0.0	    0.0	    0.0	    0.0	    0.0	  100.0	    0.0	    0.0	    0.0	    0.0	    0.0	  100.0	  1	   50.0	 1550.0	    0.0	    0.0	    0.0	1	   36.6	 21	    0.0	    5.0	
 3053	  87.23	   23.1	 1520.6	    0.0	    0.0	    0.0	    0.0	    0.0	    0.0	    0.0	    0.0	    0.0	  100.0	    0.0	    0.0	    0.0	    0.0	    0.0	  100.0	  1	   50.0	 1550.0	    0.0	    0.0	    0.0	1	   36.6	 21	    0.0	    5.0	
 3054	  87.26	   23.1	 1520.6	    0.0	    0.0	    0.0	    0.0	    0.0	    0.0	    0.0	    0.0	    0.0	  100.0	    0.0	    0.0	    0.0	    0.0	    0.0	  100.0	  1	   50.0	 1550.0	    0.0	    0.0	    0.0	1	   36.6	 21	    0.0	    5.0	
 3055	  87.29	   23.1	 1520.6	    0.0	    0.0	    0.0	    0.0	    0.0	    0.0	    0.0	    0.0	    0.0	  100.0	    0.0	    0.0	    0.0	    0.0	    0.0	  100.0	  1	   50.0	 1550.0	    0.0	    0.0	    0.0	1	   36.6	 21	    0.0	    5.0	
 3056	  87.31	   23.1	 1520.6	    0.0	    0.0	    0.0	    0.0	    0.0	    0.0	    0.0	    0.0	    0.0	  100.0	    0.0	    0.0	    0.0	    0.0	    0.0	  100.0	  1	   50.0	 1550.0	    0.0	    0.0	    0.0	1	   36.6	 21	    0.0	    5.0	
 3057	  87.34	   23.1	 1520.6	    0.0	    0.0	    0.0	    0.0	    0.0	    0.0	    0.0	    0.0	    0.0	  100.0	    0.0	    0.0	    0.0	    0.0	    0.0	  100.0	  1	   50.0	 1550.0	    0.0	    0.0	    0.0	1	   36.6	 21	    0.0	    5.0	
 3058	  87.37	   23.1	 1520.6	    0.0	    0.0	    0.0	    0.0	    0.0	    0.0	    0.0	    0.0	    0.0	  100.0	    0.0	    0.0	    0.0	    0.0	    0.0	  100.0	  1	   50.0	 1550.0	    0.0	    0.0	    0.0	1	   36.6	 21	    0.0	    5.0	
 3059	  87.40	   23.1	 1520.6	    0.0	    0.0	    0.0	    0.0	    0.0	    0.0	    0.0	    0.0	    0.0	  100.0	    0.0	    0.0	    0.0	    0.0	    0.0	  100.0	  1	   50.0	 1550.0	    0.0	    0.0	    0.0	1	   36.6	 21	    0.0	    5.0	
 3060	  87.43	   23.1	 1520.6	    0.0	    0.0	    0.0	    0.0	    0.0	    0.0	    0.0	    0.0	    0.0	  100.0	    0.0	    0.0	    0.0	    0.0	    0.0	  100.0	  1	   50.0	 1550.0	    0.0	    0.0	    0.0	1	   36.6	 21	    0.0	    5.0	
 3061	  87.46	   23.1	 1520.6	    0.0	    0.0	    0.0	    0.0	    0.0	    0.0	    0.0	    0.0	    0.0	  100.0	    0.0	    0.0	    0.0	    0.0	    0.0	  100.0	  1	   50.0	 1550.0	    0.0	    0.0	    0.0	1	   36.6	 21	    0.0	    5.0	
 3062	  87.49	   23.1	 1520.6	    0.0	    0.0	    0.0	    0.0	    0.0	    0.0	    0.0	    0.0	    0.0	  100.0	    0.0	    0.0	    0.0	    0.0	    0.0	  100.0	  1	   50.0	 1550.0	    0.0	    0.0	    0.0	1	   36.6	 21	    0.0	    5.0	
 3063	  87.52	   23.1	 1520.6	    0.0	    0.0	    0.0	    0.0	    0.0	    0.0	    0.0	    0.0	    0.0	  100.0	    0.0	    0.0	    0.0	    0.0	    0.0	  100.0	  1	   50.0	 1550.0	    0.0	    0.0	    0.0	1	   36.6	 21	    0.0	    5.0	
 3064	  87.54	   23.1	 1520.6	    0.0	    0.0	    0.0	    0.0	    0.0	    0.0	    0.0	    0.0	    0.0	  100.0	    0.0	    0.0	    0.0	    0.0	    0.0	  100.0	  1	   50.0	 1550.0	    0.0	    0.0	    0.0	1	   36.6	 21	    0.0	    5.0	
 3065	  87.57	   23.1	 1520.6	    0.0	    0.0	    0.0	    0.0	    0.0	    0.0	    0.0	    0.0	    0.0	  100.0	    0.0	    0.0	    0.0	    0.0	    0.0	  100.0	  1	   50.0	 1550.0	    0.0	    0.0	    0.0	1	   36.6	 21	    0.0	    5.0	
 3066	  87.60	   23.1	 1520.6	    0.0	    0.0	    0.0	    0.0	    0.0	    0.0	    0.0	    0.0	    0.0	  100.0	    0.0	    0.0	    0.0	    0.0	    0.0	  100.0	  1	   50.0	 1550.0	    0.0	    0.0	    0.0	1	   36.6	 21	    0.0	    5.0	
 3067	  87.63	   23.1	 1520.6	    0.0	    0.0	    0.0	    0.0	    0.0	    0.0	    0.0	    0.0	    0.0	  100.0	    0.0	    0.0	    0.0	    0.0	    0.0	  100.0	  1	   50.0	 1550.0	    0.0	    0.0	    0.0	1	   36.6	 21	    0.0	    5.0	
 3068	  87.66	   23.1	 1520.6	    0.0	    0.0	    0.0	    0.0	    0.0	    0.0	    0.0	    0.0	    0.0	  100.0	    0.0	    0.0	    0.0	    0.0	    0.0	  100.0	  1	   50.0	 1550.0	    0.0	    0.0	    0.0	1	   36.6	 21	    0.0	    5.0	
 3069	  87.69	   23.1	 1520.6	    0.0	    0.0	    0.0	    0.0	    0.0	    0.0	    0.0	    0.0	    0.0	  100.0	    0.0	    0.0	    0.0	    0.0	    0.0	  100.0	  1	   50.0	 1550.0	    0.0	    0.0	    0.0	1	   36.6	 21	    0.0	    5.0	
 3070	  87.72	   23.1	 1520.6	    0.0	    0.0	    0.0	    0.0	    0.0	    0.0	    0.0	    0.0	    0.0	  100.0	    0.0	    0.0	    0.0	    0.0	    0.0	  100.0	  1	   50.0	 1550.0	    0.0	    0.0	    0.0	1	   36.6	 21	    0.0	    5.0	
 3071	  87.74	   23.1	 1520.6	    0.0	    0.0	    0.0	    0.0	    0.0	    0.0	    0.0	    0.0	    0.0	  100.0	    0.0	    0.0	    0.0	    0.0	    0.0	  100.0	  1	   50.0	 1550.0	    0.0	    0.0	    0.0	1	   36.6	 21	    0.0	    5.0	
 3072	  87.77	   23.1	 1520.6	    0.0	    0.0	    0.0	    0.0	    0.0	    0.0	    0.0	    0.0	    0.0	  100.0	    0.0	    0.0	    0.0	    0.0	    0.0	  100.0	  1	   50.0	 1550.0	    0.0	    0.0	    0.0	1	   36.6	 21	    0.0	    5.0	
 3073	  87.80	   23.1	 1520.6	    0.0	    0.0	    0.0	    0.0	    0.0	    0.0	    0.0	    0.0	    0.0	  100.0	    0.0	    0.0	    0.0	    0.0	    0.0	  100.0	  1	   50.0	 1550.0	    0.0	    0.0	    0.0	1	   36.6	 21	    0.0	    5.0	
 3074	  87.83	   23.1	 1520.6	    0.0	    0.0	    0.0	    0.0	    0.0	    0.0	    0.0	    0.0	    0.0	  100.0	    0.0	    0.0	    0.0	    0.0	    0.0	  100.0	  1	   50.0	 1550.0	    0.0	    0.0	    0.0	1	   36.6	 21	    0.0	    5.0	
 3075	  87.86	   23.1	 1520.6	    0.0	    0.0	    0.0	    0.0	    0.0	    0.0	    0.0	    0.0	    0.0	  100.0	    0.0	    0.0	    0.0	    0.0	    0.0	  100.0	  1	   50.0	 1550.0	    0.0	    0.0	    0.0	1	   36.6	 21	    0.0	    5.0	
 3076	  87.89	   23.1	 1520.6	    0.0	    0.0	    0.0	    0.0	    0.0	    0.0	    0.0	    0.0	    0.0	  100.0	    0.0	    0.0	    0.0	    0.0	    0.0	  100.0	  1	   50.0	 1550.0	    0.0	    0.0	    0.0	1	   36.6	 21	    0.0	    5.0	
 3077	  87.92	   23.1	 1520.6	    0.0	    0.0	    0.0	    0.0	    0.0	    0.0	    0.0	    0.0	    0.0	  100.0	    0.0	    0.0	    0.0	    0.0	    0.0	  100.0	  1	   50.0	 1550.0	    0.0	    0.0	    0.0	1	   36.6	 21	    0.0	    5.0	
 3078	  87.94	   23.1	 1520.6	    0.0	    0.0	    0.0	    0.0	    0.0	    0.0	    0.0	    0.0	    0.0	  100.0	    0.0	    0.0	    0.0	    0.0	    0.0	  100.0	  1	   50.0	 1550.0	    0.0	    0.0	    0.0	1	   36.6	 21	    0.0	    5.0	
 3079	  87.97	   23.1	 1520.6	    0.0	    0.0	    0.0	    0.0	    0.0	    0.0	    0.0	    0.0	    0.0	  100.0	    0.0	    0.0	    0.0	    0.0	    0.0	  100.0	  1	   50.0	 1550.0	    0.0	    0.0	    0.0	1	   36.6	 21	    0.0	    5.0	
 3080	  88.00	   23.1	 1520.6	    0.0	    0.0	    0.0	    0.0	    0.0	    0.0	    0.0	    0.0	    0.0	  100.0	    0.0	    0.0	    0.0	    0.0	    0.0	  100.0	  1	   50.0	 1550.0	    0.0	    0.0	    0.0	1	   36.6	 21	    0.0	    5.0	
 3081	  88.03	   23.1	 1520.6	    0.0	    0.0	    0.0	    0.0	    0.0	    0.0	    0.0	    0.0	    0.0	  100.0	    0.0	    0.0	    0.0	    0.0	    0.0	  100.0	  1	   50.0	 1550.0	    0.0	    0.0	    0.0	1	   36.6	 21	    0.0	    5.0	
 3082	  88.06	   23.1	 1520.6	    0.0	    0.0	    0.0	    0.0	    0.0	    0.0	    0.0	    0.0	    0.0	  100.0	    0.0	    0.0	    0.0	    0.0	    0.0	  100.0	  1	   50.0	 1550.0	    0.0	    0.0	    0.0	1	   36.6	 21	    0.0	    5.0	
 3083	  88.09	   23.1	 1520.6	    0.0	    0.0	    0.0	    0.0	    0.0	    0.0	    0.0	    0.0	    0.0	  100.0	    0.0	    0.0	    0.0	    0.0	    0.0	  100.0	  1	   50.0	 1550.0	    0.0	    0.0	    0.0	1	   36.6	 21	    0.0	    5.0	
 3084	  88.11	   23.1	 1520.6	    0.0	    0.0	    0.0	    0.0	    0.0	    0.0	    0.0	    0.0	    0.0	  100.0	    0.0	    0.0	    0.0	    0.0	    0.0	  100.0	  1	   50.0	 1550.0	    0.0	    0.0	    0.0	1	   36.6	 21	    0.0	    5.0	
 3085	  88.14	   23.1	 1520.6	    0.0	    0.0	    0.0	    0.0	    0.0	    0.0	    0.0	    0.0	    0.0	  100.0	    0.0	    0.0	    0.0	    0.0	    0.0	  100.0	  1	   50.0	 1550.0	    0.0	    0.0	    0.0	1	   36.6	 21	    0.0	    5.0	
 3086	  88.17	   23.1	 1520.6	    0.0	    0.0	    0.0	    0.0	    0.0	    0.0	    0.0	    0.0	    0.0	  100.0	    0.0	    0.0	    0.0	    0.0	    0.0	  100.0	  1	   50.0	 1550.0	    0.0	    0.0	    0.0	1	   36.6	 21	    0.0	    5.0	
 3087	  88.20	   23.1	 1520.6	    0.0	    0.0	    0.0	    0.0	    0.0	    0.0	    0.0	    0.0	    0.0	  100.0	    0.0	    0.0	    0.0	    0.0	    0.0	  100.0	  1	   50.0	 1550.0	    0.0	    0.0	    0.0	1	   36.6	 21	    0.0	    5.0	
 3088	  88.23	   23.1	 1520.6	    0.0	    0.0	    0.0	    0.0	    0.0	    0.0	    0.0	    0.0	    0.0	  100.0	    0.0	    0.0	    0.0	    0.0	    0.0	  100.0	  1	   50.0	 1550.0	    0.0	    0.0	    0.0	1	   36.6	 21	    0.0	    5.0	
 3089	  88.26	   23.1	 1520.6	    0.0	    0.0	    0.0	    0.0	    0.0	    0.0	    0.0	    0.0	    0.0	  100.0	    0.0	    0.0	    0.0	    0.0	    0.0	  100.0	  1	   50.0	 1550.0	    0.0	    0.0	    0.0	1	   36.6	 21	    0.0	    5.0	
 3090	  88.29	   23.1	 1520.6	    0.0	    0.0	    0.0	    0.0	    0.0	    0.0	    0.0	    0.0	    0.0	  100.0	    0.0	    0.0	    0.0	    0.0	    0.0	  100.0	  1	   50.0	 1550.0	    0.0	    0.0	    0.0	1	   36.6	 21	    0.0	    5.0	
 3091	  88.31	   23.1	 1520.6	    0.0	    0.0	    0.0	    0.0	    0.0	    0.0	    0.0	    0.0	    0.0	  100.0	    0.0	    0.0	    0.0	    0.0	    0.0	  100.0	  1	   50.0	 1550.0	    0.0	    0.0	    0.0	1	   36.6	 21	    0.0	    5.0	
 3092	  88.34	   23.1	 1520.6	    0.0	    0.0	    0.0	    0.0	    0.0	    0.0	    0.0	    0.0	    0.0	  100.0	    0.0	    0.0	    0.0	    0.0	    0.0	  100.0	  1	   50.0	 1550.0	    0.0	    0.0	    0.0	1	   36.6	 21	    0.0	    5.0	
 3093	  88.37	   23.1	 1520.6	    0.0	    0.0	    0.0	    0.0	    0.0	    0.0	    0.0	    0.0	    0.0	  100.0	    0.0	    0.0	    0.0	    0.0	    0.0	  100.0	  1	   50.0	 1550.0	    0.0	    0.0	    0.0	1	   36.6	 21	    0.0	    5.0	
 3094	  88.40	   23.3	 1520.8	    0.0	    0.0	    0.0	    0.0	    0.0	    0.0	    0.0	    0.0	    0.0	  100.0	    0.0	    0.0	    0.0	    0.0	    0.0	  100.0	  1	   50.0	 1550.0	    0.0	    0.0	    0.0	1	   36.6	 21	    0.0	    5.0	
 3095	  88.43	   23.3	 1520.8	    0.0	    0.0	    0.0	    0.0	    0.0	    0.0	    0.0	    0.0	    0.0	  100.0	    0.0	    0.0	    0.0	    0.0	    0.0	  100.0	  1	   50.0	 1550.0	    0.0	    0.0	    0.0	1	   36.6	 21	    0.0	    5.0	
 3096	  88.46	   23.3	 1520.8	    0.0	    0.0	    0.0	    0.0	    0.0	    0.0	    0.0	    0.0	    0.0	  100.0	    0.0	    0.0	    0.0	    0.0	    0.0	  100.0	  1	   50.0	 1550.0	    0.0	    0.0	    0.0	1	   36.6	 21	    0.0	    5.0	
 3097	  88.49	   23.3	 1520.8	    0.0	    0.0	    0.0	    0.0	    0.0	    0.0	    0.0	    0.0	    0.0	  100.0	    0.0	    0.0	    0.0	    0.0	    0.0	  100.0	  1	   50.0	 1550.0	    0.0	    0.0	    0.0	1	   36.6	 21	    0.0	    5.0	
 3098	  88.52	   23.3	 1520.8	    0.0	    0.0	    0.0	    0.0	    0.0	    0.0	    0.0	    0.0	    0.0	  100.0	    0.0	    0.0	    0.0	    0.0	    0.0	  100.0	  1	   50.0	 1550.0	    0.0	    0.0	    0.0	1	   36.6	 21	    0.0	    5.0	
 3099	  88.54	   23.3	 1520.8	    0.0	    0.0	    0.0	    0.0	    0.0	    0.0	    0.0	    0.0	    0.0	  100.0	    0.0	    0.0	    0.0	    0.0	    0.0	  100.0	  1	   50.0	 1550.0	    0.0	    0.0	    0.0	1	   36.6	 21	    0.0	    5.0	
 3100	  88.57	   23.3	 1520.8	    0.0	    0.0	    0.0	    0.0	    0.0	    0.0	    0.0	    0.0	    0.0	  100.0	    0.0	    0.0	    0.0	    0.0	    0.0	  100.0	  1	   50.0	 1550.0	    0.0	    0.0	    0.0	1	   36.6	 21	    0.0	    5.0	
 3101	  88.60	   23.3	 1520.8	    0.0	    0.0	    0.0	    0.0	    0.0	    0.0	    0.0	    0.0	    0.0	  100.0	    0.0	    0.0	    0.0	    0.0	    0.0	  100.0	  1	   50.0	 1550.0	    0.0	    0.0	    0.0	1	   36.6	 21	    0.0	    5.0	
 3102	  88.63	   23.3	 1520.8	    0.0	    0.0	    0.0	    0.0	    0.0	    0.0	    0.0	    0.0	    0.0	  100.0	    0.0	    0.0	    0.0	    0.0	    0.0	  100.0	  1	   50.0	 1550.0	    0.0	    0.0	    0.0	1	   36.6	 21	    0.0	    5.0	
 3103	  88.66	   23.3	 1520.8	    0.0	    0.0	    0.0	    0.0	    0.0	    0.0	    0.0	    0.0	    0.0	  100.0	    0.0	    0.0	    0.0	    0.0	    0.0	  100.0	  1	   50.0	 1550.0	    0.0	    0.0	    0.0	1	   36.6	 21	    0.0	    5.0	
 3104	  88.69	   23.3	 1520.8	    0.0	    0.0	    0.0	    0.0	    0.0	    0.0	    0.0	    0.0	    0.0	  100.0	    0.0	    0.0	    0.0	    0.0	    0.0	  100.0	  1	   50.0	 1550.0	    0.0	    0.0	    0.0	1	   36.6	 21	    0.0	    5.0	
 3105	  88.72	   23.3	 1520.8	    0.0	    0.0	    0.0	    0.0	    0.0	    0.0	    0.0	    0.0	    0.0	  100.0	    0.0	    0.0	    0.0	    0.0	    0.0	  100.0	  1	   50.0	 1550.0	    0.0	    0.0	    0.0	1	   36.6	 21	    0.0	    5.0	
 3106	  88.74	   23.3	 1520.8	    0.0	    0.0	    0.0	    0.0	    0.0	    0.0	    0.0	    0.0	    0.0	  100.0	    0.0	    0.0	    0.0	    0.0	    0.0	  100.0	  1	   50.0	 1550.0	    0.0	    0.0	    0.0	1	   36.6	 21	    0.0	    5.0	
 3107	  88.77	   23.3	 1520.8	    0.0	    0.0	    0.0	    0.0	    0.0	    0.0	    0.0	    0.0	    0.0	  100.0	    0.0	    0.0	    0.0	    0.0	    0.0	  100.0	  1	   50.0	 1550.0	    0.0	    0.0	    0.0	1	   36.6	 21	    0.0	    5.0	
 3108	  88.80	   23.3	 1520.8	    0.0	    0.0	    0.0	    0.0	    0.0	    0.0	    0.0	    0.0	    0.0	  100.0	    0.0	    0.0	    0.0	    0.0	    0.0	  100.0	  1	   50.0	 1550.0	    0.0	    0.0	    0.0	1	   36.6	 21	    0.0	    5.0	
 3109	  88.83	   23.3	 1520.8	    0.0	    0.0	    0.0	    0.0	    0.0	    0.0	    0.0	    0.0	    0.0	  100.0	    0.0	    0.0	    0.0	    0.0	    0.0	  100.0	  1	   50.0	 1550.0	    0.0	    0.0	    0.0	1	   36.6	 21	    0.0	    5.0	
 3110	  88.86	   23.3	 1520.8	    0.0	    0.0	    0.0	    0.0	    0.0	    0.0	    0.0	    0.0	    0.0	  100.0	    0.0	    0.0	    0.0	    0.0	    0.0	  100.0	  1	   50.0	 1550.0	    0.0	    0.0	    0.0	1	   36.6	 21	    0.0	    5.0	
 3111	  88.89	   23.3	 1520.8	    0.0	    0.0	    0.0	    0.0	    0.0	    0.0	    0.0	    0.0	    0.0	  100.0	    0.0	    0.0	    0.0	    0.0	    0.0	  100.0	  1	   50.0	 1550.0	    0.0	    0.0	    0.0	1	   36.6	 21	    0.0	    5.0	
 3112	  88.92	   23.3	 1520.8	    0.0	    0.0	    0.0	    0.0	    0.0	    0.0	    0.0	    0.0	    0.0	  100.0	    0.0	    0.0	    0.0	    0.0	    0.0	  100.0	  1	   50.0	 1550.0	    0.0	    0.0	    0.0	1	   36.6	 21	    0.0	    5.0	
 3113	  88.94	   23.3	 1520.8	    0.0	    0.0	    0.0	    0.0	    0.0	    0.0	    0.0	    0.0	    0.0	  100.0	    0.0	    0.0	    0.0	    0.0	    0.0	  100.0	  1	   50.0	 1550.0	    0.0	    0.0	    0.0	1	   36.6	 21	    0.0	    5.0	
 3114	  88.97	   23.3	 1520.8	    0.0	    0.0	    0.0	    0.0	    0.0	    0.0	    0.0	    0.0	    0.0	  100.0	    0.0	    0.0	    0.0	    0.0	    0.0	  100.0	  1	   50.0	 1550.0	    0.0	    0.0	    0.0	1	   36.6	 21	    0.0	    5.0	
 3115	  89.00	   23.3	 1520.8	    0.0	    0.0	    0.0	    0.0	    0.0	    0.0	    0.0	    0.0	    0.0	  100.0	    0.0	    0.0	    0.0	    0.0	    0.0	  100.0	  1	   50.0	 1550.0	    0.0	    0.0	    0.0	1	   36.6	 21	    0.0	    5.0	
 3116	  89.03	   23.3	 1520.8	    0.0	    0.0	    0.0	    0.0	    0.0	    0.0	    0.0	    0.0	    0.0	  100.0	    0.0	    0.0	    0.0	    0.0	    0.0	  100.0	  1	   50.0	 1550.0	    0.0	    0.0	    0.0	1	   36.6	 21	    0.0	    5.0	
 3117	  89.06	   23.3	 1520.8	    0.0	    0.0	    0.0	    0.0	    0.0	    0.0	    0.0	    0.0	    0.0	  100.0	    0.0	    0.0	    0.0	    0.0	    0.0	  100.0	  1	   50.0	 1550.0	    0.0	    0.0	    0.0	1	   36.6	 21	    0.0	    5.0	
 3118	  89.09	   23.3	 1520.8	    0.0	    0.0	    0.0	    0.0	    0.0	    0.0	    0.0	    0.0	    0.0	  100.0	    0.0	    0.0	    0.0	    0.0	    0.0	  100.0	  1	   50.0	 1550.0	    0.0	    0.0	    0.0	1	   36.6	 21	    0.0	    5.0	
 3119	  89.11	   23.3	 1520.8	    0.0	    0.0	    0.0	    0.0	    0.0	    0.0	    0.0	    0.0	    0.0	  100.0	    0.0	    0.0	    0.0	    0.0	    0.0	  100.0	  1	   50.0	 1550.0	    0.0	    0.0	    0.0	1	   36.6	 21	    0.0	    5.0	
 3120	  89.14	   23.3	 1520.8	    0.0	    0.0	    0.0	    0.0	    0.0	    0.0	    0.0	    0.0	    0.0	  100.0	    0.0	    0.0	    0.0	    0.0	    0.0	  100.0	  1	   50.0	 1550.0	    0.0	    0.0	    0.0	1	   36.6	 21	    0.0	    5.0	
 3121	  89.17	   23.3	 1520.8	    0.0	    0.0	    0.0	    0.0	    0.0	    0.0	    0.0	    0.0	    0.0	  100.0	    0.0	    0.0	    0.0	    0.0	    0.0	  100.0	  1	   50.0	 1550.0	    0.0	    0.0	    0.0	1	   36.6	 21	    0.0	    5.0	
 3122	  89.20	   23.3	 1520.8	    0.0	    0.0	    0.0	    0.0	    0.0	    0.0	    0.0	    0.0	    0.0	  100.0	    0.0	    0.0	    0.0	    0.0	    0.0	  100.0	  1	   50.0	 1550.0	    0.0	    0.0	    0.0	1	   36.6	 21	    0.0	    5.0	
 3123	  89.23	   23.3	 1520.8	    0.0	    0.0	    0.0	    0.0	    0.0	    0.0	    0.0	    0.0	    0.0	  100.0	    0.0	    0.0	    0.0	    0.0	    0.0	  100.0	  1	   50.0	 1550.0	    0.0	    0.0	    0.0	1	   36.6	 21	    0.0	    5.0	
 3124	  89.26	   23.3	 1520.8	    0.0	    0.0	    0.0	    0.0	    0.0	    0.0	    0.0	    0.0	    0.0	  100.0	    0.0	    0.0	    0.0	    0.0	    0.0	  100.0	  1	   50.0	 1550.0	    0.0	    0.0	    0.0	1	   36.6	 21	    0.0	    5.0	
 3125	  89.29	   23.3	 1520.8	    0.0	    0.0	    0.0	    0.0	    0.0	    0.0	    0.0	    0.0	    0.0	  100.0	    0.0	    0.0	    0.0	    0.0	    0.0	  100.0	  1	   50.0	 1550.0	    0.0	    0.0	    0.0	1	   36.6	 21	    0.0	    5.0	
 3126	  89.31	   23.3	 1520.8	    0.0	    0.0	    0.0	    0.0	    0.0	    0.0	    0.0	    0.0	    0.0	  100.0	    0.0	    0.0	    0.0	    0.0	    0.0	  100.0	  1	   50.0	 1550.0	    0.0	    0.0	    0.0	1	   36.6	 21	    0.0	    5.0	
 3127	  89.34	   23.3	 1520.8	    0.0	    0.0	    0.0	    0.0	    0.0	    0.0	    0.0	    0.0	    0.0	  100.0	    0.0	    0.0	    0.0	    0.0	    0.0	  100.0	  1	   50.0	 1550.0	    0.0	    0.0	    0.0	1	   36.6	 21	    0.0	    5.0	
 3128	  89.37	   23.3	 1520.8	    0.0	    0.0	    0.0	    0.0	    0.0	    0.0	    0.0	    0.0	    0.0	  100.0	    0.0	    0.0	    0.0	    0.0	    0.0	  100.0	  1	   50.0	 1550.0	    0.0	    0.0	    0.0	1	   36.6	 21	    0.0	    5.0	
 3129	  89.40	   23.3	 1520.8	    0.0	    0.0	    0.0	    0.0	    0.0	    0.0	    0.0	    0.0	    0.0	  100.0	    0.0	    0.0	    0.0	    0.0	    0.0	  100.0	  1	   50.0	 1550.0	    0.0	    0.0	    0.0	1	   36.6	 21	    0.0	    5.0	
 3130	  89.43	   23.3	 1520.8	    0.0	    0.0	    0.0	    0.0	    0.0	    0.0	    0.0	    0.0	    0.0	  100.0	    0.0	    0.0	    0.0	    0.0	    0.0	  100.0	  1	   50.0	 1550.0	    0.0	    0.0	    0.0	1	   36.6	 21	    0.0	    5.0	
 3131	  89.46	   23.3	 1520.8	    0.0	    0.0	    0.0	    0.0	    0.0	    0.0	    0.0	    0.0	    0.0	  100.0	    0.0	    0.0	    0.0	    0.0	    0.0	  100.0	  1	   50.0	 1550.0	    0.0	    0.0	    0.0	1	   36.6	 21	    0.0	    5.0	
 3132	  89.49	   23.3	 1520.8	    0.0	    0.0	    0.0	    0.0	    0.0	    0.0	    0.0	    0.0	    0.0	  100.0	    0.0	    0.0	    0.0	    0.0	    0.0	  100.0	  1	   50.0	 1550.0	    0.0	    0.0	    0.0	1	   36.6	 21	    0.0	    5.0	
 3133	  89.52	   23.3	 1520.8	    0.0	    0.0	    0.0	    0.0	    0.0	    0.0	    0.0	    0.0	    0.0	  100.0	    0.0	    0.0	    0.0	    0.0	    0.0	  100.0	  1	   50.0	 1550.0	    0.0	    0.0	    0.0	1	   36.6	 21	    0.0	    5.0	
 3134	  89.54	   23.3	 1520.8	    0.0	    0.0	    0.0	    0.0	    0.0	    0.0	    0.0	    0.0	    0.0	  100.0	    0.0	    0.0	    0.0	    0.0	    0.0	  100.0	  1	   50.0	 1550.0	    0.0	    0.0	    0.0	1	   36.6	 21	    0.0	    5.0	
 3135	  89.57	   23.3	 1520.8	    0.0	    0.0	    0.0	    0.0	    0.0	    0.0	    0.0	    0.0	    0.0	  100.0	    0.0	    0.0	    0.0	    0.0	    0.0	  100.0	  1	   50.0	 1550.0	    0.0	    0.0	    0.0	1	   36.6	 21	    0.0	    5.0	
 3136	  89.60	   23.6	 1521.1	    0.0	    0.0	    0.0	    0.0	    0.0	    0.0	    0.0	    0.0	    0.0	  100.0	    0.0	    0.0	    0.0	    0.0	    0.0	  100.0	  1	   50.0	 1550.0	    0.0	    0.0	    0.0	1	   36.6	 21	    0.0	    5.0	
 3137	  89.63	   23.6	 1521.1	    0.0	    0.0	    0.0	    0.0	    0.0	    0.0	    0.0	    0.0	    0.0	  100.0	    0.0	    0.0	    0.0	    0.0	    0.0	  100.0	  1	   50.0	 1550.0	    0.0	    0.0	    0.0	1	   36.6	 21	    0.0	    5.0	
 3138	  89.66	   23.6	 1521.1	    0.0	    0.0	    0.0	    0.0	    0.0	    0.0	    0.0	    0.0	    0.0	  100.0	    0.0	    0.0	    0.0	    0.0	    0.0	  100.0	  1	   50.0	 1550.0	    0.0	    0.0	    0.0	1	   36.6	 21	    0.0	    5.0	
 3139	  89.69	   23.7	 1521.2	    0.0	    0.0	    0.0	    0.0	    0.0	    0.0	    0.0	    0.0	    0.0	  100.0	    0.0	    0.0	    0.0	    0.0	    0.0	  100.0	  1	   50.0	 1550.0	    0.0	    0.0	    0.0	1	   36.6	 21	    0.0	    5.0	
 3140	  89.72	   23.7	 1521.2	    0.0	    0.0	    0.0	    0.0	    0.0	    0.0	    0.0	    0.0	    0.0	  100.0	    0.0	    0.0	    0.0	    0.0	    0.0	  100.0	  1	   50.0	 1550.0	    0.0	    0.0	    0.0	1	   36.6	 21	    0.0	    5.0	
 3141	  89.74	   23.7	 1521.2	    0.0	    0.0	    0.0	    0.0	    0.0	    0.0	    0.0	    0.0	    0.0	  100.0	    0.0	    0.0	    0.0	    0.0	    0.0	  100.0	  1	   50.0	 1550.0	    0.0	    0.0	    0.0	1	   36.6	 21	    0.0	    5.0	
 3142	  89.77	   23.7	 1521.2	    0.0	    0.0	    0.0	    0.0	    0.0	    0.0	    0.0	    0.0	    0.0	  100.0	    0.0	    0.0	    0.0	    0.0	    0.0	  100.0	  1	   50.0	 1550.0	    0.0	    0.0	    0.0	1	   36.6	 21	    0.0	    5.0	
 3143	  89.80	   23.7	 1521.2	    0.0	    0.0	    0.0	    0.0	    0.0	    0.0	    0.0	    0.0	    0.0	  100.0	    0.0	    0.0	    0.0	    0.0	    0.0	  100.0	  1	   50.0	 1550.0	    0.0	    0.0	    0.0	1	   36.6	 21	    0.0	    5.0	
 3144	  89.83	   23.7	 1521.2	    0.0	    0.0	    0.0	    0.0	    0.0	    0.0	    0.0	    0.0	    0.0	  100.0	    0.0	    0.0	    0.0	    0.0	    0.0	  100.0	  1	   50.0	 1550.0	    0.0	    0.0	    0.0	1	   36.6	 21	    0.0	    5.0	
 3145	  89.86	   23.7	 1521.2	    0.0	    0.0	    0.0	    0.0	    0.0	    0.0	    0.0	    0.0	    0.0	  100.0	    0.0	    0.0	    0.0	    0.0	    0.0	  100.0	  1	   50.0	 1550.0	    0.0	    0.0	    0.0	1	   36.6	 21	    0.0	    5.0	
 3146	  89.89	   23.7	 1521.2	    0.0	    0.0	    0.0	    0.0	    0.0	    0.0	    0.0	    0.0	    0.0	  100.0	    0.0	    0.0	    0.0	    0.0	    0.0	  100.0	  1	   50.0	 1550.0	    0.0	    0.0	    0.0	1	   36.6	 21	    0.0	    5.0	
 3147	  89.92	   23.7	 1521.2	    0.0	    0.0	    0.0	    0.0	    0.0	    0.0	    0.0	    0.0	    0.0	  100.0	    0.0	    0.0	    0.0	    0.0	    0.0	  100.0	  1	   50.0	 1550.0	    0.0	    0.0	    0.0	1	   36.6	 21	    0.0	    5.0	
 3148	  89.94	   23.7	 1521.2	    0.0	    0.0	    0.0	    0.0	    0.0	    0.0	    0.0	    0.0	    0.0	  100.0	    0.0	    0.0	    0.0	    0.0	    0.0	  100.0	  1	   50.0	 1550.0	    0.0	    0.0	    0.0	1	   36.6	 21	    0.0	    5.0	
 3149	  89.97	   23.7	 1521.2	    0.0	    0.0	    0.0	    0.0	    0.0	    0.0	    0.0	    0.0	    0.0	  100.0	    0.0	    0.0	    0.0	    0.0	    0.0	  100.0	  1	   50.0	 1550.0	    0.0	    0.0	    0.0	1	   36.6	 21	    0.0	    5.0	
 3150	  90.00	   23.7	 1521.2	    0.0	    0.0	    0.0	    0.0	    0.0	    0.0	    0.0	    0.0	    0.0	  100.0	    0.0	    0.0	    0.0	    0.0	    0.0	  100.0	  1	   50.0	 1550.0	    0.0	    0.0	    0.0	1	   36.6	 21	    0.0	    5.0	
 3151	  90.03	   23.7	 1521.2	    0.0	    0.0	    0.0	    0.0	    0.0	    0.0	    0.0	    0.0	    0.0	  100.0	    0.0	    0.0	    0.0	    0.0	    0.0	  100.0	  1	   50.0	 1550.0	    0.0	    0.0	    0.0	1	   36.6	 21	    0.0	    5.0	
 3152	  90.06	   23.7	 1521.2	    0.0	    0.0	    0.0	    0.0	    0.0	    0.0	    0.0	    0.0	    0.0	  100.0	    0.0	    0.0	    0.0	    0.0	    0.0	  100.0	  1	   50.0	 1550.0	    0.0	    0.0	    0.0	1	   36.6	 21	    0.0	    5.0	
 3153	  90.09	   23.7	 1521.2	    0.0	    0.0	    0.0	    0.0	    0.0	    0.0	    0.0	    0.0	    0.0	  100.0	    0.0	    0.0	    0.0	    0.0	    0.0	  100.0	  1	   50.0	 1550.0	    0.0	    0.0	    0.0	1	   36.6	 21	    0.0	    5.0	
 3154	  90.11	   23.7	 1521.2	    0.0	    0.0	    0.0	    0.0	    0.0	    0.0	    0.0	    0.0	    0.0	  100.0	    0.0	    0.0	    0.0	    0.0	    0.0	  100.0	  1	   50.0	 1550.0	    0.0	    0.0	    0.0	1	   36.6	 21	    0.0	    5.0	
 3155	  90.14	   23.7	 1521.2	    0.0	    0.0	    0.0	    0.0	    0.0	    0.0	    0.0	    0.0	    0.0	  100.0	    0.0	    0.0	    0.0	    0.0	    0.0	  100.0	  1	   50.0	 1550.0	    0.0	    0.0	    0.0	1	   36.6	 21	    0.0	    5.0	
 3156	  90.17	   23.7	 1521.2	    0.0	    0.0	    0.0	    0.0	    0.0	    0.0	    0.0	    0.0	    0.0	  100.0	    0.0	    0.0	    0.0	    0.0	    0.0	  100.0	  1	   50.0	 1550.0	    0.0	    0.0	    0.0	1	   36.6	 21	    0.0	    5.0	
 3157	  90.20	   23.7	 1521.2	    0.0	    0.0	    0.0	    0.0	    0.0	    0.0	    0.0	    0.0	    0.0	  100.0	    0.0	    0.0	    0.0	    0.0	    0.0	  100.0	  1	   50.0	 1550.0	    0.0	    0.0	    0.0	1	   36.6	 21	    0.0	    5.0	
 3158	  90.23	   23.7	 1521.2	    0.0	    0.0	    0.0	    0.0	    0.0	    0.0	    0.0	    0.0	    0.0	  100.0	    0.0	    0.0	    0.0	    0.0	    0.0	  100.0	  1	   50.0	 1550.0	    0.0	    0.0	    0.0	1	   36.6	 21	    0.0	    5.0	
 3159	  90.26	   23.7	 1521.2	    0.0	    0.0	    0.0	    0.0	    0.0	    0.0	    0.0	    0.0	    0.0	  100.0	    0.0	    0.0	    0.0	    0.0	    0.0	  100.0	  1	   50.0	 1550.0	    0.0	    0.0	    0.0	1	   36.6	 21	    0.0	    5.0	
 3160	  90.29	   23.7	 1521.2	    0.0	    0.0	    0.0	    0.0	    0.0	    0.0	    0.0	    0.0	    0.0	  100.0	    0.0	    0.0	    0.0	    0.0	    0.0	  100.0	  1	   50.0	 1550.0	    0.0	    0.0	    0.0	1	   36.6	 21	    0.0	    5.0	
 3161	  90.31	   23.7	 1521.2	    0.0	    0.0	    0.0	    0.0	    0.0	    0.0	    0.0	    0.0	    0.0	  100.0	    0.0	    0.0	    0.0	    0.0	    0.0	  100.0	  1	   50.0	 1550.0	    0.0	    0.0	    0.0	1	   36.6	 21	    0.0	    5.0	
 3162	  90.34	   23.7	 1521.2	    0.0	    0.0	    0.0	    0.0	    0.0	    0.0	    0.0	    0.0	    0.0	  100.0	    0.0	    0.0	    0.0	    0.0	    0.0	  100.0	  1	   50.0	 1550.0	    0.0	    0.0	    0.0	1	   36.6	 21	    0.0	    5.0	
 3163	  90.37	   23.7	 1521.2	    0.0	    0.0	    0.0	    0.0	    0.0	    0.0	    0.0	    0.0	    0.0	  100.0	    0.0	    0.0	    0.0	    0.0	    0.0	  100.0	  1	   50.0	 1550.0	    0.0	    0.0	    0.0	1	   36.6	 21	    0.0	    5.0	
 3164	  90.40	   23.7	 1521.2	    0.0	    0.0	    0.0	    0.0	    0.0	    0.0	    0.0	    0.0	    0.0	  100.0	    0.0	    0.0	    0.0	    0.0	    0.0	  100.0	  1	   50.0	 1550.0	    0.0	    0.0	    0.0	1	   36.6	 21	    0.0	    5.0	
 3165	  90.43	   23.7	 1521.2	    0.0	    0.0	    0.0	    0.0	    0.0	    0.0	    0.0	    0.0	    0.0	  100.0	    0.0	    0.0	    0.0	    0.0	    0.0	  100.0	  1	   50.0	 1550.0	    0.0	    0.0	    0.0	1	   36.6	 21	    0.0	    5.0	
 3166	  90.46	   23.7	 1521.2	    0.0	    0.0	    0.0	    0.0	    0.0	    0.0	    0.0	    0.0	    0.0	  100.0	    0.0	    0.0	    0.0	    0.0	    0.0	  100.0	  1	   50.0	 1550.0	    0.0	    0.0	    0.0	1	   36.6	 21	    0.0	    5.0	
 3167	  90.49	   23.8	 1521.2	    0.0	    0.0	    0.0	    0.0	    0.0	    0.0	    0.0	    0.0	    0.0	  100.0	    0.0	    0.0	    0.0	    0.0	    0.0	  100.0	  1	   50.0	 1550.0	    0.0	    0.0	    0.0	1	   36.6	 21	    0.0	    5.0	
 3168	  90.52	   23.8	 1521.2	    0.0	    0.0	    0.0	    0.0	    0.0	    0.0	    0.0	    0.0	    0.0	  100.0	    0.0	    0.0	    0.0	    0.0	    0.0	  100.0	  1	   50.0	 1550.0	    0.0	    0.0	    0.0	1	   36.6	 21	    0.0	    5.0	
 3169	  90.54	   23.8	 1521.2	    0.0	    0.0	    0.0	    0.0	    0.0	    0.0	    0.0	    0.0	    0.0	  100.0	    0.0	    0.0	    0.0	    0.0	    0.0	  100.0	  1	   50.0	 1550.0	    0.0	    0.0	    0.0	1	   36.6	 21	    0.0	    5.0	
 3170	  90.57	   23.8	 1521.2	    0.0	    0.0	    0.0	    0.0	    0.0	    0.0	    0.0	    0.0	    0.0	  100.0	    0.0	    0.0	    0.0	    0.0	    0.0	  100.0	  1	   50.0	 1550.0	    0.0	    0.0	    0.0	1	   36.6	 21	    0.0	    5.0	
 3171	  90.60	   23.8	 1521.2	    0.0	    0.0	    0.0	    0.0	    0.0	    0.0	    0.0	    0.0	    0.0	  100.0	    0.0	    0.0	    0.0	    0.0	    0.0	  100.0	  1	   50.0	 1550.0	    0.0	    0.0	    0.0	1	   36.6	 21	    0.0	    5.0	
 3172	  90.63	   23.8	 1521.2	    0.0	    0.0	    0.0	    0.0	    0.0	    0.0	    0.0	    0.0	    0.0	  100.0	    0.0	    0.0	    0.0	    0.0	    0.0	  100.0	  1	   50.0	 1550.0	    0.0	    0.0	    0.0	1	   36.6	 21	    0.0	    5.0	
 3173	  90.66	   23.8	 1521.2	    0.0	    0.0	    0.0	    0.0	    0.0	    0.0	    0.0	    0.0	    0.0	  100.0	    0.0	    0.0	    0.0	    0.0	    0.0	  100.0	  1	   50.0	 1550.0	    0.0	    0.0	    0.0	1	   36.6	 21	    0.0	    5.0	
 3174	  90.69	   23.9	 1521.3	    0.0	    0.0	    0.0	    0.0	    0.0	    0.0	    0.0	    0.0	    0.0	  100.0	    0.0	    0.0	    0.0	    0.0	    0.0	  100.0	  1	   50.0	 1550.0	    0.0	    0.0	    0.0	1	   36.6	 21	    0.0	    5.0	
 3175	  90.72	   23.9	 1521.3	    0.0	    0.0	    0.0	    0.0	    0.0	    0.0	    0.0	    0.0	    0.0	  100.0	    0.0	    0.0	    0.0	    0.0	    0.0	  100.0	  1	   50.0	 1550.0	    0.0	    0.0	    0.0	1	   36.6	 21	    0.0	    5.0	
 3176	  90.74	   23.9	 1521.3	    0.0	    0.0	    0.0	    0.0	    0.0	    0.0	    0.0	    0.0	    0.0	  100.0	    0.0	    0.0	    0.0	    0.0	    0.0	  100.0	  1	   50.0	 1550.0	    0.0	    0.0	    0.0	1	   36.6	 21	    0.0	    5.0	
 3177	  90.77	   23.9	 1521.3	    0.0	    0.0	    0.0	    0.0	    0.0	    0.0	    0.0	    0.0	    0.0	  100.0	    0.0	    0.0	    0.0	    0.0	    0.0	  100.0	  1	   50.0	 1550.0	    0.0	    0.0	    0.0	1	   36.6	 21	    0.0	    5.0	
 3178	  90.80	   23.9	 1521.3	    0.0	    0.0	    0.0	    0.0	    0.0	    0.0	    0.0	    0.0	    0.0	  100.0	    0.0	    0.0	    0.0	    0.0	    0.0	  100.0	  1	   50.0	 1550.0	    0.0	    0.0	    0.0	1	   36.6	 21	    0.0	    5.0	
 3179	  90.83	   23.9	 1521.3	    0.0	    0.0	    0.0	    0.0	    0.0	    0.0	    0.0	    0.0	    0.0	  100.0	    0.0	    0.0	    0.0	    0.0	    0.0	  100.0	  1	   50.0	 1550.0	    0.0	    0.0	    0.0	1	   36.6	 21	    0.0	    5.0	
 3180	  90.86	   23.9	 1521.3	    0.0	    0.0	    0.0	    0.0	    0.0	    0.0	    0.0	    0.0	    0.0	  100.0	    0.0	    0.0	    0.0	    0.0	    0.0	  100.0	  1	   50.0	 1550.0	    0.0	    0.0	    0.0	1	   36.6	 21	    0.0	    5.0	
 3181	  90.89	   24.3	 1521.6	    0.0	    0.0	    0.0	    0.0	    0.0	    0.0	    0.0	    0.0	    0.0	  100.0	    0.0	    0.0	    0.0	    0.0	    0.0	  100.0	  1	   50.0	 1550.0	    0.0	    0.0	    0.0	1	   36.6	 21	    0.0	    5.0	
 3182	  90.92	   24.3	 1521.6	    0.0	    0.0	    0.0	    0.0	    0.0	    0.0	    0.0	    0.0	    0.0	  100.0	    0.0	    0.0	    0.0	    0.0	    0.0	  100.0	  1	   50.0	 1550.0	    0.0	    0.0	    0.0	1	   36.6	 21	    0.0	    5.0	
 3183	  90.94	   24.3	 1521.6	    0.0	    0.0	    0.0	    0.0	    0.0	    0.0	    0.0	    0.0	    0.0	  100.0	    0.0	    0.0	    0.0	    0.0	    0.0	  100.0	  1	   50.0	 1550.0	    0.0	    0.0	    0.0	1	   36.6	 21	    0.0	    5.0	
 3184	  90.97	   24.3	 1521.6	    0.0	    0.0	    0.0	    0.0	    0.0	    0.0	    0.0	    0.0	    0.0	  100.0	    0.0	    0.0	    0.0	    0.0	    0.0	  100.0	  1	   50.0	 1550.0	    0.0	    0.0	    0.0	1	   36.6	 21	    0.0	    5.0	
 3185	  91.00	   24.3	 1521.6	    0.0	    0.0	    0.0	    0.0	    0.0	    0.0	    0.0	    0.0	    0.0	  100.0	    0.0	    0.0	    0.0	    0.0	    0.0	  100.0	  1	   50.0	 1550.0	    0.0	    0.0	    0.0	1	   36.6	 21	    0.0	    5.0	
 3186	  91.03	   24.3	 1521.6	    0.0	    0.0	    0.0	    0.0	    0.0	    0.0	    0.0	    0.0	    0.0	  100.0	    0.0	    0.0	    0.0	    0.0	    0.0	  100.0	  1	   50.0	 1550.0	    0.0	    0.0	    0.0	1	   36.6	 21	    0.0	    5.0	
 3187	  91.06	   24.3	 1521.6	    0.0	    0.0	    0.0	    0.0	    0.0	    0.0	    0.0	    0.0	    0.0	  100.0	    0.0	    0.0	    0.0	    0.0	    0.0	  100.0	  1	   50.0	 1550.0	    0.0	    0.0	    0.0	1	   36.6	 21	    0.0	    5.0	
 3188	  91.09	   24.6	 1521.8	    0.0	    0.0	    0.0	    0.0	    0.0	    0.0	    0.0	    0.0	    0.0	  100.0	    0.0	    0.0	    0.0	    0.0	    0.0	  100.0	  1	   50.0	 1550.0	    0.0	    0.0	    0.0	1	   36.6	 21	    0.0	    5.0	
 3189	  91.11	   24.6	 1521.8	    0.0	    0.0	    0.0	    0.0	    0.0	    0.0	    0.0	    0.0	    0.0	  100.0	    0.0	    0.0	    0.0	    0.0	    0.0	  100.0	  1	   50.0	 1550.0	    0.0	    0.0	    0.0	1	   36.6	 21	    0.0	    5.0	
 3190	  91.14	   24.6	 1521.8	    0.0	    0.0	    0.0	    0.0	    0.0	    0.0	    0.0	    0.0	    0.0	  100.0	    0.0	    0.0	    0.0	    0.0	    0.0	  100.0	  1	   50.0	 1550.0	    0.0	    0.0	    0.0	1	   36.6	 21	    0.0	    5.0	
 3191	  91.17	   24.6	 1521.8	    0.0	    0.0	    0.0	    0.0	    0.0	    0.0	    0.0	    0.0	    0.0	  100.0	    0.0	    0.0	    0.0	    0.0	    0.0	  100.0	  1	   50.0	 1550.0	    0.0	    0.0	    0.0	1	   36.6	 21	    0.0	    5.0	
 3192	  91.20	   24.6	 1521.8	    0.0	    0.0	    0.0	    0.0	    0.0	    0.0	    0.0	    0.0	    0.0	  100.0	    0.0	    0.0	    0.0	    0.0	    0.0	  100.0	  1	   50.0	 1550.0	    0.0	    0.0	    0.0	1	   36.6	 21	    0.0	    5.0	
 3193	  91.23	   24.6	 1521.8	    0.0	    0.0	    0.0	    0.0	    0.0	    0.0	    0.0	    0.0	    0.0	  100.0	    0.0	    0.0	    0.0	    0.0	    0.0	  100.0	  1	   50.0	 1550.0	    0.0	    0.0	    0.0	1	   36.6	 21	    0.0	    5.0	
 3194	  91.26	   24.6	 1521.8	    0.0	    0.0	    0.0	    0.0	    0.0	    0.0	    0.0	    0.0	    0.0	  100.0	    0.0	    0.0	    0.0	    0.0	    0.0	  100.0	  1	   50.0	 1550.0	    0.0	    0.0	    0.0	1	   36.6	 21	    0.0	    5.0	
 3195	  91.29	   24.6	 1521.8	    0.0	    0.0	    0.0	    0.0	    0.0	    0.0	    0.0	    0.0	    0.0	  100.0	    0.0	    0.0	    0.0	    0.0	    0.0	  100.0	  1	   50.0	 1550.0	    0.0	    0.0	    0.0	1	   36.6	 21	    0.0	    5.0	
 3196	  91.31	   24.6	 1521.8	    0.0	    0.0	    0.0	    0.0	    0.0	    0.0	    0.0	    0.0	    0.0	  100.0	    0.0	    0.0	    0.0	    0.0	    0.0	  100.0	  1	   50.0	 1550.0	    0.0	    0.0	    0.0	1	   36.6	 21	    0.0	    5.0	
 3197	  91.34	   24.6	 1521.8	    0.0	    0.0	    0.0	    0.0	    0.0	    0.0	    0.0	    0.0	    0.0	  100.0	    0.0	    0.0	    0.0	    0.0	    0.0	  100.0	  1	   50.0	 1550.0	    0.0	    0.0	    0.0	1	   36.6	 21	    0.0	    5.0	
 3198	  91.37	   24.6	 1521.8	    0.0	    0.0	    0.0	    0.0	    0.0	    0.0	    0.0	    0.0	    0.0	  100.0	    0.0	    0.0	    0.0	    0.0	    0.0	  100.0	  1	   50.0	 1550.0	    0.0	    0.0	    0.0	1	   36.6	 21	    0.0	    5.0	
 3199	  91.40	   24.6	 1521.8	    0.0	    0.0	    0.0	    0.0	    0.0	    0.0	    0.0	    0.0	    0.0	  100.0	    0.0	    0.0	    0.0	    0.0	    0.0	  100.0	  1	   50.0	 1550.0	    0.0	    0.0	    0.0	1	   36.6	 21	    0.0	    5.0	
 3200	  91.43	   24.6	 1521.8	    0.0	    0.0	    0.0	    0.0	    0.0	    0.0	    0.0	    0.0	    0.0	  100.0	    0.0	    0.0	    0.0	    0.0	    0.0	  100.0	  1	   50.0	 1550.0	    0.0	    0.0	    0.0	1	   36.6	 21	    0.0	    5.0	
 3201	  91.46	   24.6	 1521.8	    0.0	    0.0	    0.0	    0.0	    0.0	    0.0	    0.0	    0.0	    0.0	  100.0	    0.0	    0.0	    0.0	    0.0	    0.0	  100.0	  1	   50.0	 1550.0	    0.0	    0.0	    0.0	1	   36.6	 21	    0.0	    5.0	
 3202	  91.49	   24.6	 1521.8	    0.0	    0.0	    0.0	    0.0	    0.0	    0.0	    0.0	    0.0	    0.0	  100.0	    0.0	    0.0	    0.0	    0.0	    0.0	  100.0	  1	   50.0	 1550.0	    0.0	    0.0	    0.0	1	   36.6	 21	    0.0	    5.0	
 3203	  91.52	   24.6	 1521.8	    0.0	    0.0	    0.0	    0.0	    0.0	    0.0	    0.0	    0.0	    0.0	  100.0	    0.0	    0.0	    0.0	    0.0	    0.0	  100.0	  1	   50.0	 1550.0	    0.0	    0.0	    0.0	1	   36.6	 21	    0.0	    5.0	
 3204	  91.54	   24.6	 1521.8	    0.0	    0.0	    0.0	    0.0	    0.0	    0.0	    0.0	    0.0	    0.0	  100.0	    0.0	    0.0	    0.0	    0.0	    0.0	  100.0	  1	   50.0	 1550.0	    0.0	    0.0	    0.0	1	   36.6	 21	    0.0	    5.0	
 3205	  91.57	   24.6	 1521.8	    0.0	    0.0	    0.0	    0.0	    0.0	    0.0	    0.0	    0.0	    0.0	  100.0	    0.0	    0.0	    0.0	    0.0	    0.0	  100.0	  1	   50.0	 1550.0	    0.0	    0.0	    0.0	1	   36.6	 21	    0.0	    5.0	
 3206	  91.60	   24.6	 1521.8	    0.0	    0.0	    0.0	    0.0	    0.0	    0.0	    0.0	    0.0	    0.0	  100.0	    0.0	    0.0	    0.0	    0.0	    0.0	  100.0	  1	   50.0	 1550.0	    0.0	    0.0	    0.0	1	   36.6	 21	    0.0	    5.0	
 3207	  91.63	   24.6	 1521.8	    0.0	    0.0	    0.0	    0.0	    0.0	    0.0	    0.0	    0.0	    0.0	  100.0	    0.0	    0.0	    0.0	    0.0	    0.0	  100.0	  1	   50.0	 1550.0	    0.0	    0.0	    0.0	1	   36.6	 21	    0.0	    5.0	
 3208	  91.66	   24.6	 1521.8	    0.0	    0.0	    0.0	    0.0	    0.0	    0.0	    0.0	    0.0	    0.0	  100.0	    0.0	    0.0	    0.0	    0.0	    0.0	  100.0	  1	   50.0	 1550.0	    0.0	    0.0	    0.0	1	   36.6	 21	    0.0	    5.0	
 3209	  91.69	   24.6	 1521.8	    0.0	    0.0	    0.0	    0.0	    0.0	    0.0	    0.0	    0.0	    0.0	  100.0	    0.0	    0.0	    0.0	    0.0	    0.0	  100.0	  1	   50.0	 1550.0	    0.0	    0.0	    0.0	1	   36.6	 21	    0.0	    5.0	
 3210	  91.72	   24.6	 1521.8	    0.0	    0.0	    0.0	    0.0	    0.0	    0.0	    0.0	    0.0	    0.0	  100.0	    0.0	    0.0	    0.0	    0.0	    0.0	  100.0	  1	   50.0	 1550.0	    0.0	    0.0	    0.0	1	   36.6	 21	    0.0	    5.0	
 3211	  91.74	   24.6	 1521.8	    0.0	    0.0	    0.0	    0.0	    0.0	    0.0	    0.0	    0.0	    0.0	  100.0	    0.0	    0.0	    0.0	    0.0	    0.0	  100.0	  1	   50.0	 1550.0	    0.0	    0.0	    0.0	1	   36.6	 21	    0.0	    5.0	
 3212	  91.77	   24.6	 1521.8	    0.0	    0.0	    0.0	    0.0	    0.0	    0.0	    0.0	    0.0	    0.0	  100.0	    0.0	    0.0	    0.0	    0.0	    0.0	  100.0	  1	   50.0	 1550.0	    0.0	    0.0	    0.0	1	   36.6	 21	    0.0	    5.0	
 3213	  91.80	   24.7	 1521.8	    0.0	    0.0	    0.0	    0.0	    0.0	    0.0	    0.0	    0.0	    0.0	  100.0	    0.0	    0.0	    0.0	    0.0	    0.0	  100.0	  1	   50.0	 1550.0	    0.0	    0.0	    0.0	1	   36.6	 21	    0.0	    5.0	
 3214	  91.83	   24.7	 1521.8	    0.0	    0.0	    0.0	    0.0	    0.0	    0.0	    0.0	    0.0	    0.0	  100.0	    0.0	    0.0	    0.0	    0.0	    0.0	  100.0	  1	   50.0	 1550.0	    0.0	    0.0	    0.0	1	   36.6	 21	    0.0	    5.0	
 3215	  91.86	   24.7	 1521.8	    0.0	    0.0	    0.0	    0.0	    0.0	    0.0	    0.0	    0.0	    0.0	  100.0	    0.0	    0.0	    0.0	    0.0	    0.0	  100.0	  1	   50.0	 1550.0	    0.0	    0.0	    0.0	1	   36.6	 21	    0.0	    5.0	
 3216	  91.89	   24.7	 1521.8	    0.0	    0.0	    0.0	    0.0	    0.0	    0.0	    0.0	    0.0	    0.0	  100.0	    0.0	    0.0	    0.0	    0.0	    0.0	  100.0	  1	   50.0	 1550.0	    0.0	    0.0	    0.0	1	   36.6	 21	    0.0	    5.0	
 3217	  91.92	   24.7	 1521.8	    0.0	    0.0	    0.0	    0.0	    0.0	    0.0	    0.0	    0.0	    0.0	  100.0	    0.0	    0.0	    0.0	    0.0	    0.0	  100.0	  1	   50.0	 1550.0	    0.0	    0.0	    0.0	1	   36.6	 21	    0.0	    5.0	
 3218	  91.94	   24.7	 1521.8	    0.0	    0.0	    0.0	    0.0	    0.0	    0.0	    0.0	    0.0	    0.0	  100.0	    0.0	    0.0	    0.0	    0.0	    0.0	  100.0	  1	   50.0	 1550.0	    0.0	    0.0	    0.0	1	   36.6	 21	    0.0	    5.0	
 3219	  91.97	   24.7	 1521.8	    0.0	    0.0	    0.0	    0.0	    0.0	    0.0	    0.0	    0.0	    0.0	  100.0	    0.0	    0.0	    0.0	    0.0	    0.0	  100.0	  1	   50.0	 1550.0	    0.0	    0.0	    0.0	1	   36.6	 21	    0.0	    5.0	
 3220	  92.00	   25.0	 1522.2	    0.0	    0.0	    0.0	    0.0	    0.0	    0.0	    0.0	    0.0	    0.0	  100.0	    0.0	    0.0	    0.0	    0.0	    0.0	  100.0	  1	   50.0	 1550.0	    0.0	    0.0	    0.0	1	   36.6	 21	    0.0	    5.0	
 3221	  92.03	   25.0	 1522.2	    0.0	    0.0	    0.0	    0.0	    0.0	    0.0	    0.0	    0.0	    0.0	  100.0	    0.0	    0.0	    0.0	    0.0	    0.0	  100.0	  1	   50.0	 1550.0	    0.0	    0.0	    0.0	1	   36.6	 21	    0.0	    5.0	
 3222	  92.06	   25.0	 1522.2	    0.0	    0.0	    0.0	    0.0	    0.0	    0.0	    0.0	    0.0	    0.0	  100.0	    0.0	    0.0	    0.0	    0.0	    0.0	  100.0	  1	   50.0	 1550.0	    0.0	    0.0	    0.0	1	   36.6	 21	    0.0	    5.0	
 3223	  92.09	   25.0	 1522.2	    0.0	    0.0	    0.0	    0.0	    0.0	    0.0	    0.0	    0.0	    0.0	  100.0	    0.0	    0.0	    0.0	    0.0	    0.0	  100.0	  1	   50.0	 1550.0	    0.0	    0.0	    0.0	1	   36.6	 21	    0.0	    5.0	
 3224	  92.11	   25.0	 1522.2	    0.0	    0.0	    0.0	    0.0	    0.0	    0.0	    0.0	    0.0	    0.0	  100.0	    0.0	    0.0	    0.0	    0.0	    0.0	  100.0	  1	   50.0	 1550.0	    0.0	    0.0	    0.0	1	   36.6	 21	    0.0	    5.0	
 3225	  92.14	   25.0	 1522.2	    0.0	    0.0	    0.0	    0.0	    0.0	    0.0	    0.0	    0.0	    0.0	  100.0	    0.0	    0.0	    0.0	    0.0	    0.0	  100.0	  1	   50.0	 1550.0	    0.0	    0.0	    0.0	1	   36.6	 21	    0.0	    5.0	
 3226	  92.17	   25.0	 1522.2	    0.0	    0.0	    0.0	    0.0	    0.0	    0.0	    0.0	    0.0	    0.0	  100.0	    0.0	    0.0	    0.0	    0.0	    0.0	  100.0	  1	   50.0	 1550.0	    0.0	    0.0	    0.0	1	   36.6	 21	    0.0	    5.0	
 3227	  92.20	   25.0	 1522.2	    0.0	    0.0	    0.0	    0.0	    0.0	    0.0	    0.0	    0.0	    0.0	  100.0	    0.0	    0.0	    0.0	    0.0	    0.0	  100.0	  1	   50.0	 1550.0	    0.0	    0.0	    0.0	1	   36.6	 21	    0.0	    5.0	
 3228	  92.23	   25.0	 1522.2	    0.0	    0.0	    0.0	    0.0	    0.0	    0.0	    0.0	    0.0	    0.0	  100.0	    0.0	    0.0	    0.0	    0.0	    0.0	  100.0	  1	   50.0	 1550.0	    0.0	    0.0	    0.0	1	   36.6	 21	    0.0	    5.0	
 3229	  92.26	   25.0	 1522.2	    0.0	    0.0	    0.0	    0.0	    0.0	    0.0	    0.0	    0.0	    0.0	  100.0	    0.0	    0.0	    0.0	    0.0	    0.0	  100.0	  1	   50.0	 1550.0	    0.0	    0.0	    0.0	1	   36.6	 21	    0.0	    5.0	
 3230	  92.29	   25.2	 1522.5	    0.0	    0.0	    0.0	    0.0	    0.0	    0.0	    0.0	    0.0	    0.0	  100.0	    0.0	    0.0	    0.0	    0.0	    0.0	  100.0	  1	   50.0	 1550.0	    0.0	    0.0	    0.0	1	   36.5	 21	    0.0	    5.0	
 3231	  92.31	   25.2	 1522.5	    0.0	    0.0	    0.0	    0.0	    0.0	    0.0	    0.0	    0.0	    0.0	  100.0	    0.0	    0.0	    0.0	    0.0	    0.0	  100.0	  1	   50.0	 1550.0	    0.0	    0.0	    0.0	1	   36.5	 21	    0.0	    5.0	
 3232	  92.34	   25.2	 1522.5	    0.0	    0.0	    0.0	    0.0	    0.0	    0.0	    0.0	    0.0	    0.0	  100.0	    0.0	    0.0	    0.0	    0.0	    0.0	  100.0	  1	   50.0	 1550.0	    0.0	    0.0	    0.0	1	   36.5	 21	    0.0	    5.0	
 3233	  92.37	   25.2	 1522.5	    0.0	    0.0	    0.0	    0.0	    0.0	    0.0	    0.0	    0.0	    0.0	  100.0	    0.0	    0.0	    0.0	    0.0	    0.0	  100.0	  1	   50.0	 1550.0	    0.0	    0.0	    0.0	1	   36.5	 21	    0.0	    5.0	
 3234	  92.40	   25.2	 1522.5	    0.0	    0.0	    0.0	    0.0	    0.0	    0.0	    0.0	    0.0	    0.0	  100.0	    0.0	    0.0	    0.0	    0.0	    0.0	  100.0	  1	   50.0	 1550.0	    0.0	    0.0	    0.0	1	   36.5	 21	    0.0	    5.0	
 3235	  92.43	   25.2	 1522.5	    0.0	    0.0	    0.0	    0.0	    0.0	    0.0	    0.0	    0.0	    0.0	  100.0	    0.0	    0.0	    0.0	    0.0	    0.0	  100.0	  1	   50.0	 1550.0	    0.0	    0.0	    0.0	1	   36.5	 21	    0.0	    5.0	
 3236	  92.46	   25.2	 1522.5	    0.0	    0.0	    0.0	    0.0	    0.0	    0.0	    0.0	    0.0	    0.0	  100.0	    0.0	    0.0	    0.0	    0.0	    0.0	  100.0	  1	   50.0	 1550.0	    0.0	    0.0	    0.0	1	   36.5	 21	    0.0	    5.0	
 3237	  92.49	   25.2	 1522.5	    0.0	    0.0	    0.0	    0.0	    0.0	    0.0	    0.0	    0.0	    0.0	  100.0	    0.0	    0.0	    0.0	    0.0	    0.0	  100.0	  1	   50.0	 1550.0	    0.0	    0.0	    0.0	1	   36.5	 21	    0.0	    5.0	
 3238	  92.52	   25.2	 1522.5	    0.0	    0.0	    0.0	    0.0	    0.0	    0.0	    0.0	    0.0	    0.0	  100.0	    0.0	    0.0	    0.0	    0.0	    0.0	  100.0	  1	   50.0	 1550.0	    0.0	    0.0	    0.0	1	   36.5	 21	    0.0	    5.0	
 3239	  92.54	   25.2	 1522.5	    0.0	    0.0	    0.0	    0.0	    0.0	    0.0	    0.0	    0.0	    0.0	  100.0	    0.0	    0.0	    0.0	    0.0	    0.0	  100.0	  1	   50.0	 1550.0	    0.0	    0.0	    0.0	1	   36.5	 21	    0.0	    5.0	
 3240	  92.57	   25.2	 1522.5	    0.0	    0.0	    0.0	    0.0	    0.0	    0.0	    0.0	    0.0	    0.0	  100.0	    0.0	    0.0	    0.0	    0.0	    0.0	  100.0	  1	   50.0	 1550.0	    0.0	    0.0	    0.0	1	   36.5	 21	    0.0	    5.0	
 3241	  92.60	   25.2	 1522.5	    0.0	    0.0	    0.0	    0.0	    0.0	    0.0	    0.0	    0.0	    0.0	  100.0	    0.0	    0.0	    0.0	    0.0	    0.0	  100.0	  1	   50.0	 1550.0	    0.0	    0.0	    0.0	1	   36.5	 21	    0.0	    5.0	
 3242	  92.63	   25.2	 1522.5	    0.0	    0.0	    0.0	    0.0	    0.0	    0.0	    0.0	    0.0	    0.0	  100.0	    0.0	    0.0	    0.0	    0.0	    0.0	  100.0	  1	   50.0	 1550.0	    0.0	    0.0	    0.0	1	   36.5	 21	    0.0	    5.0	
 3243	  92.66	   25.2	 1522.5	    0.0	    0.0	    0.0	    0.0	    0.0	    0.0	    0.0	    0.0	    0.0	  100.0	    0.0	    0.0	    0.0	    0.0	    0.0	  100.0	  1	   50.0	 1550.0	    0.0	    0.0	    0.0	1	   36.5	 21	    0.0	    5.0	
 3244	  92.69	   25.2	 1522.5	    0.0	    0.0	    0.0	    0.0	    0.0	    0.0	    0.0	    0.0	    0.0	  100.0	    0.0	    0.0	    0.0	    0.0	    0.0	  100.0	  1	   50.0	 1550.0	    0.0	    0.0	    0.0	1	   36.5	 21	    0.0	    5.0	
 3245	  92.72	   25.2	 1522.5	    0.0	    0.0	    0.0	    0.0	    0.0	    0.0	    0.0	    0.0	    0.0	  100.0	    0.0	    0.0	    0.0	    0.0	    0.0	  100.0	  1	   50.0	 1550.0	    0.0	    0.0	    0.0	1	   36.5	 21	    0.0	    5.0	
 3246	  92.74	   25.2	 1522.5	    0.0	    0.0	    0.0	    0.0	    0.0	    0.0	    0.0	    0.0	    0.0	  100.0	    0.0	    0.0	    0.0	    0.0	    0.0	  100.0	  1	   50.0	 1550.0	    0.0	    0.0	    0.0	1	   36.5	 21	    0.0	    5.0	
 3247	  92.77	   25.2	 1522.5	    0.0	    0.0	    0.0	    0.0	    0.0	    0.0	    0.0	    0.0	    0.0	  100.0	    0.0	    0.0	    0.0	    0.0	    0.0	  100.0	  1	   50.0	 1550.0	    0.0	    0.0	    0.0	1	   36.5	 21	    0.0	    5.0	
 3248	  92.80	   25.2	 1522.5	    0.0	    0.0	    0.0	    0.0	    0.0	    0.0	    0.0	    0.0	    0.0	  100.0	    0.0	    0.0	    0.0	    0.0	    0.0	  100.0	  1	   50.0	 1550.0	    0.0	    0.0	    0.0	1	   36.5	 21	    0.0	    5.0	
 3249	  92.83	   25.2	 1522.5	    0.0	    0.0	    0.0	    0.0	    0.0	    0.0	    0.0	    0.0	    0.0	  100.0	    0.0	    0.0	    0.0	    0.0	    0.0	  100.0	  1	   50.0	 1550.0	    0.0	    0.0	    0.0	1	   36.5	 21	    0.0	    5.0	
 3250	  92.86	   25.2	 1522.5	    0.0	    0.0	    0.0	    0.0	    0.0	    0.0	    0.0	    0.0	    0.0	  100.0	    0.0	    0.0	    0.0	    0.0	    0.0	  100.0	  1	   50.0	 1550.0	    0.0	    0.0	    0.0	1	   36.5	 21	    0.0	    5.0	
 3251	  92.89	   25.2	 1522.5	    0.0	    0.0	    0.0	    0.0	    0.0	    0.0	    0.0	    0.0	    0.0	  100.0	    0.0	    0.0	    0.0	    0.0	    0.0	  100.0	  1	   50.0	 1550.0	    0.0	    0.0	    0.0	1	   36.5	 21	    0.0	    5.0	
 3252	  92.92	   25.2	 1522.5	    0.0	    0.0	    0.0	    0.0	    0.0	    0.0	    0.0	    0.0	    0.0	  100.0	    0.0	    0.0	    0.0	    0.0	    0.0	  100.0	  1	   50.0	 1550.0	    0.0	    0.0	    0.0	1	   36.5	 21	    0.0	    5.0	
 3253	  92.94	   25.2	 1522.5	    0.0	    0.0	    0.0	    0.0	    0.0	    0.0	    0.0	    0.0	    0.0	  100.0	    0.0	    0.0	    0.0	    0.0	    0.0	  100.0	  1	   50.0	 1550.0	    0.0	    0.0	    0.0	1	   36.5	 21	    0.0	    5.0	
 3254	  92.97	   25.2	 1522.5	    0.0	    0.0	    0.0	    0.0	    0.0	    0.0	    0.0	    0.0	    0.0	  100.0	    0.0	    0.0	    0.0	    0.0	    0.0	  100.0	  1	   50.0	 1550.0	    0.0	    0.0	    0.0	1	   36.5	 21	    0.0	    5.0	
 3255	  93.00	   25.2	 1522.5	    0.0	    0.0	    0.0	    0.0	    0.0	    0.0	    0.0	    0.0	    0.0	  100.0	    0.0	    0.0	    0.0	    0.0	    0.0	  100.0	  1	   50.0	 1550.0	    0.0	    0.0	    0.0	1	   36.5	 21	    0.0	    5.0	
 3256	  93.03	   25.2	 1522.5	    0.0	    0.0	    0.0	    0.0	    0.0	    0.0	    0.0	    0.0	    0.0	  100.0	    0.0	    0.0	    0.0	    0.0	    0.0	  100.0	  1	   50.0	 1550.0	    0.0	    0.0	    0.0	1	   36.5	 21	    0.0	    5.0	
 3257	  93.06	   25.2	 1522.5	    0.0	    0.0	    0.0	    0.0	    0.0	    0.0	    0.0	    0.0	    0.0	  100.0	    0.0	    0.0	    0.0	    0.0	    0.0	  100.0	  1	   50.0	 1550.0	    0.0	    0.0	    0.0	1	   36.5	 21	    0.0	    5.0	
 3258	  93.09	   25.2	 1522.5	    0.0	    0.0	    0.0	    0.0	    0.0	    0.0	    0.0	    0.0	    0.0	  100.0	    0.0	    0.0	    0.0	    0.0	    0.0	  100.0	  1	   50.0	 1550.0	    0.0	    0.0	    0.0	1	   36.5	 21	    0.0	    5.0	
 3259	  93.11	   25.2	 1522.5	    0.0	    0.0	    0.0	    0.0	    0.0	    0.0	    0.0	    0.0	    0.0	  100.0	    0.0	    0.0	    0.0	    0.0	    0.0	  100.0	  1	   50.0	 1550.0	    0.0	    0.0	    0.0	1	   36.5	 21	    0.0	    5.0	
 3260	  93.14	   25.2	 1522.5	    0.0	    0.0	    0.0	    0.0	    0.0	    0.0	    0.0	    0.0	    0.0	  100.0	    0.0	    0.0	    0.0	    0.0	    0.0	  100.0	  1	   50.0	 1550.0	    0.0	    0.0	    0.0	1	   36.5	 21	    0.0	    5.0	
 3261	  93.17	   25.2	 1522.5	    0.0	    0.0	    0.0	    0.0	    0.0	    0.0	    0.0	    0.0	    0.0	  100.0	    0.0	    0.0	    0.0	    0.0	    0.0	  100.0	  1	   50.0	 1550.0	    0.0	    0.0	    0.0	1	   36.5	 21	    0.0	    5.0	
 3262	  93.20	   25.2	 1522.5	    0.0	    0.0	    0.0	    0.0	    0.0	    0.0	    0.0	    0.0	    0.0	  100.0	    0.0	    0.0	    0.0	    0.0	    0.0	  100.0	  1	   50.0	 1550.0	    0.0	    0.0	    0.0	1	   36.5	 21	    0.0	    5.0	
 3263	  93.23	   25.2	 1522.5	    0.0	    0.0	    0.0	    0.0	    0.0	    0.0	    0.0	    0.0	    0.0	  100.0	    0.0	    0.0	    0.0	    0.0	    0.0	  100.0	  1	   50.0	 1550.0	    0.0	    0.0	    0.0	1	   36.5	 21	    0.0	    5.0	
 3264	  93.26	   25.2	 1522.5	    0.0	    0.0	    0.0	    0.0	    0.0	    0.0	    0.0	    0.0	    0.0	  100.0	    0.0	    0.0	    0.0	    0.0	    0.0	  100.0	  1	   50.0	 1550.0	    0.0	    0.0	    0.0	1	   36.5	 21	    0.0	    5.0	
 3265	  93.29	   25.2	 1522.5	    0.0	    0.0	    0.0	    0.0	    0.0	    0.0	    0.0	    0.0	    0.0	  100.0	    0.0	    0.0	    0.0	    0.0	    0.0	  100.0	  1	   50.0	 1550.0	    0.0	    0.0	    0.0	1	   36.5	 21	    0.0	    5.0	
 3266	  93.31	   25.2	 1522.5	    0.0	    0.0	    0.0	    0.0	    0.0	    0.0	    0.0	    0.0	    0.0	  100.0	    0.0	    0.0	    0.0	    0.0	    0.0	  100.0	  1	   50.0	 1550.0	    0.0	    0.0	    0.0	1	   36.5	 21	    0.0	    5.0	
 3267	  93.34	   25.2	 1522.5	    0.0	    0.0	    0.0	    0.0	    0.0	    0.0	    0.0	    0.0	    0.0	  100.0	    0.0	    0.0	    0.0	    0.0	    0.0	  100.0	  1	   50.0	 1550.0	    0.0	    0.0	    0.0	1	   36.5	 21	    0.0	    5.0	
 3268	  93.37	   25.2	 1522.5	    0.0	    0.0	    0.0	    0.0	    0.0	    0.0	    0.0	    0.0	    0.0	  100.0	    0.0	    0.0	    0.0	    0.0	    0.0	  100.0	  1	   50.0	 1550.0	    0.0	    0.0	    0.0	1	   36.5	 21	    0.0	    5.0	
 3269	  93.40	   25.2	 1522.5	    0.0	    0.0	    0.0	    0.0	    0.0	    0.0	    0.0	    0.0	    0.0	  100.0	    0.0	    0.0	    0.0	    0.0	    0.0	  100.0	  1	   50.0	 1550.0	    0.0	    0.0	    0.0	1	   36.5	 21	    0.0	    5.0	
 3270	  93.43	   25.2	 1522.5	    0.0	    0.0	    0.0	    0.0	    0.0	    0.0	    0.0	    0.0	    0.0	  100.0	    0.0	    0.0	    0.0	    0.0	    0.0	  100.0	  1	   50.0	 1550.0	    0.0	    0.0	    0.0	1	   36.5	 21	    0.0	    5.0	
 3271	  93.46	   25.2	 1522.5	    0.0	    0.0	    0.0	    0.0	    0.0	    0.0	    0.0	    0.0	    0.0	  100.0	    0.0	    0.0	    0.0	    0.0	    0.0	  100.0	  1	   50.0	 1550.0	    0.0	    0.0	    0.0	1	   36.5	 21	    0.0	    5.0	
 3272	  93.49	   25.2	 1522.5	    0.0	    0.0	    0.0	    0.0	    0.0	    0.0	    0.0	    0.0	    0.0	  100.0	    0.0	    0.0	    0.0	    0.0	    0.0	  100.0	  1	   50.0	 1550.0	    0.0	    0.0	    0.0	1	   36.5	 21	    0.0	    5.0	
 3273	  93.52	   25.2	 1522.5	    0.0	    0.0	    0.0	    0.0	    0.0	    0.0	    0.0	    0.0	    0.0	  100.0	    0.0	    0.0	    0.0	    0.0	    0.0	  100.0	  1	   50.0	 1550.0	    0.0	    0.0	    0.0	1	   36.5	 21	    0.0	    5.0	
 3274	  93.54	   25.2	 1522.5	    0.0	    0.0	    0.0	    0.0	    0.0	    0.0	    0.0	    0.0	    0.0	  100.0	    0.0	    0.0	    0.0	    0.0	    0.0	  100.0	  1	   50.0	 1550.0	    0.0	    0.0	    0.0	1	   36.5	 21	    0.0	    5.0	
 3275	  93.57	   25.2	 1522.5	    0.0	    0.0	    0.0	    0.0	    0.0	    0.0	    0.0	    0.0	    0.0	  100.0	    0.0	    0.0	    0.0	    0.0	    0.0	  100.0	  1	   50.0	 1550.0	    0.0	    0.0	    0.0	1	   36.5	 21	    0.0	    5.0	
 3276	  93.60	   25.2	 1522.5	    0.0	    0.0	    0.0	    0.0	    0.0	    0.0	    0.0	    0.0	    0.0	  100.0	    0.0	    0.0	    0.0	    0.0	    0.0	  100.0	  1	   50.0	 1550.0	    0.0	    0.0	    0.0	1	   36.5	 21	    0.0	    5.0	
 3277	  93.63	   25.2	 1522.5	    0.0	    0.0	    0.0	    0.0	    0.0	    0.0	    0.0	    0.0	    0.0	  100.0	    0.0	    0.0	    0.0	    0.0	    0.0	  100.0	  1	   50.0	 1550.0	    0.0	    0.0	    0.0	1	   36.5	 21	    0.0	    5.0	
 3278	  93.66	   25.2	 1522.5	    0.0	    0.0	    0.0	    0.0	    0.0	    0.0	    0.0	    0.0	    0.0	  100.0	    0.0	    0.0	    0.0	    0.0	    0.0	  100.0	  1	   50.0	 1550.0	    0.0	    0.0	    0.0	1	   36.5	 21	    0.0	    5.0	
 3279	  93.69	   25.2	 1522.5	    0.0	    0.0	    0.0	    0.0	    0.0	    0.0	    0.0	    0.0	    0.0	  100.0	    0.0	    0.0	    0.0	    0.0	    0.0	  100.0	  1	   50.0	 1550.0	    0.0	    0.0	    0.0	1	   36.5	 21	    0.0	    5.0	
 3280	  93.72	   25.2	 1522.5	    0.0	    0.0	    0.0	    0.0	    0.0	    0.0	    0.0	    0.0	    0.0	  100.0	    0.0	    0.0	    0.0	    0.0	    0.0	  100.0	  1	   50.0	 1550.0	    0.0	    0.0	    0.0	1	   36.5	 21	    0.0	    5.0	
 3281	  93.74	   25.2	 1522.5	    0.0	    0.0	    0.0	    0.0	    0.0	    0.0	    0.0	    0.0	    0.0	  100.0	    0.0	    0.0	    0.0	    0.0	    0.0	  100.0	  1	   50.0	 1550.0	    0.0	    0.0	    0.0	1	   36.5	 21	    0.0	    5.0	
 3282	  93.77	   25.2	 1522.5	    0.0	    0.0	    0.0	    0.0	    0.0	    0.0	    0.0	    0.0	    0.0	  100.0	    0.0	    0.0	    0.0	    0.0	    0.0	  100.0	  1	   50.0	 1550.0	    0.0	    0.0	    0.0	1	   36.5	 21	    0.0	    5.0	
 3283	  93.80	   25.2	 1522.5	    0.0	    0.0	    0.0	    0.0	    0.0	    0.0	    0.0	    0.0	    0.0	  100.0	    0.0	    0.0	    0.0	    0.0	    0.0	  100.0	  1	   50.0	 1550.0	    0.0	    0.0	    0.0	1	   36.5	 21	    0.0	    5.0	
 3284	  93.83	   25.2	 1522.5	    0.0	    0.0	    0.0	    0.0	    0.0	    0.0	    0.0	    0.0	    0.0	  100.0	    0.0	    0.0	    0.0	    0.0	    0.0	  100.0	  1	   50.0	 1550.0	    0.0	    0.0	    0.0	1	   36.5	 21	    0.0	    5.0	
 3285	  93.86	   25.2	 1522.5	    0.0	    0.0	    0.0	    0.0	    0.0	    0.0	    0.0	    0.0	    0.0	  100.0	    0.0	    0.0	    0.0	    0.0	    0.0	  100.0	  1	   50.0	 1550.0	    0.0	    0.0	    0.0	1	   36.5	 21	    0.0	    5.0	
 3286	  93.89	   25.6	 1522.7	    0.0	    0.0	    0.0	    0.0	    0.0	    0.0	    0.0	    0.0	    0.0	  100.0	    0.0	    0.0	    0.0	    0.0	    0.0	  100.0	  1	   50.0	 1550.0	    0.0	    0.0	    0.0	1	   36.5	 21	    0.0	    5.0	
 3287	  93.92	   25.6	 1522.7	    0.0	    0.0	    0.0	    0.0	    0.0	    0.0	    0.0	    0.0	    0.0	  100.0	    0.0	    0.0	    0.0	    0.0	    0.0	  100.0	  1	   50.0	 1550.0	    0.0	    0.0	    0.0	1	   36.5	 21	    0.0	    5.0	
 3288	  93.94	   25.6	 1522.7	    0.0	    0.0	    0.0	    0.0	    0.0	    0.0	    0.0	    0.0	    0.0	  100.0	    0.0	    0.0	    0.0	    0.0	    0.0	  100.0	  1	   50.0	 1550.0	    0.0	    0.0	    0.0	1	   36.5	 21	    0.0	    5.0	
 3289	  93.97	   25.6	 1522.7	    0.0	    0.0	    0.0	    0.0	    0.0	    0.0	    0.0	    0.0	    0.0	  100.0	    0.0	    0.0	    0.0	    0.0	    0.0	  100.0	  1	   50.0	 1550.0	    0.0	    0.0	    0.0	1	   36.5	 21	    0.0	    5.0	
 3290	  94.00	   25.6	 1522.7	    0.0	    0.0	    0.0	    0.0	    0.0	    0.0	    0.0	    0.0	    0.0	  100.0	    0.0	    0.0	    0.0	    0.0	    0.0	  100.0	  1	   50.0	 1550.0	    0.0	    0.0	    0.0	1	   36.5	 21	    0.0	    5.0	
 3291	  94.03	   25.6	 1522.7	    0.0	    0.0	    0.0	    0.0	    0.0	    0.0	    0.0	    0.0	    0.0	  100.0	    0.0	    0.0	    0.0	    0.0	    0.0	  100.0	  1	   50.0	 1550.0	    0.0	    0.0	    0.0	1	   36.5	 21	    0.0	    5.0	
 3292	  94.06	   25.6	 1522.7	    0.0	    0.0	    0.0	    0.0	    0.0	    0.0	    0.0	    0.0	    0.0	  100.0	    0.0	    0.0	    0.0	    0.0	    0.0	  100.0	  1	   50.0	 1550.0	    0.0	    0.0	    0.0	1	   36.5	 21	    0.0	    5.0	
 3293	  94.09	   25.6	 1522.7	    0.0	    0.0	    0.0	    0.0	    0.0	    0.0	    0.0	    0.0	    0.0	  100.0	    0.0	    0.0	    0.0	    0.0	    0.0	  100.0	  1	   50.0	 1550.0	    0.0	    0.0	    0.0	1	   36.5	 21	    0.0	    5.0	
 3294	  94.11	   25.6	 1522.7	    0.0	    0.0	    0.0	    0.0	    0.0	    0.0	    0.0	    0.0	    0.0	  100.0	    0.0	    0.0	    0.0	    0.0	    0.0	  100.0	  1	   50.0	 1550.0	    0.0	    0.0	    0.0	1	   36.5	 21	    0.0	    5.0	
 3295	  94.14	   25.6	 1522.7	    0.0	    0.0	    0.0	    0.0	    0.0	    0.0	    0.0	    0.0	    0.0	  100.0	    0.0	    0.0	    0.0	    0.0	    0.0	  100.0	  1	   50.0	 1550.0	    0.0	    0.0	    0.0	1	   36.5	 21	    0.0	    5.0	
 3296	  94.17	   25.6	 1522.7	    0.0	    0.0	    0.0	    0.0	    0.0	    0.0	    0.0	    0.0	    0.0	  100.0	    0.0	    0.0	    0.0	    0.0	    0.0	  100.0	  1	   50.0	 1550.0	    0.0	    0.0	    0.0	1	   36.5	 21	    0.0	    5.0	
 3297	  94.20	   25.6	 1522.7	    0.0	    0.0	    0.0	    0.0	    0.0	    0.0	    0.0	    0.0	    0.0	  100.0	    0.0	    0.0	    0.0	    0.0	    0.0	  100.0	  1	   50.0	 1550.0	    0.0	    0.0	    0.0	1	   36.5	 21	    0.0	    5.0	
 3298	  94.23	   25.6	 1522.7	    0.0	    0.0	    0.0	    0.0	    0.0	    0.0	    0.0	    0.0	    0.0	  100.0	    0.0	    0.0	    0.0	    0.0	    0.0	  100.0	  1	   50.0	 1550.0	    0.0	    0.0	    0.0	1	   36.5	 21	    0.0	    5.0	
 3299	  94.26	   25.6	 1522.7	    0.0	    0.0	    0.0	    0.0	    0.0	    0.0	    0.0	    0.0	    0.0	  100.0	    0.0	    0.0	    0.0	    0.0	    0.0	  100.0	  1	   50.0	 1550.0	    0.0	    0.0	    0.0	1	   36.5	 21	    0.0	    5.0	
 3300	  94.29	   25.6	 1522.7	    0.0	    0.0	    0.0	    0.0	    0.0	    0.0	    0.0	    0.0	    0.0	  100.0	    0.0	    0.0	    0.0	    0.0	    0.0	  100.0	  1	   50.0	 1550.0	    0.0	    0.0	    0.0	1	   36.5	 21	    0.0	    5.0	
 3301	  94.31	   25.6	 1522.7	    0.0	    0.0	    0.0	    0.0	    0.0	    0.0	    0.0	    0.0	    0.0	  100.0	    0.0	    0.0	    0.0	    0.0	    0.0	  100.0	  1	   50.0	 1550.0	    0.0	    0.0	    0.0	1	   36.5	 21	    0.0	    5.0	
 3302	  94.34	   25.6	 1522.7	    0.0	    0.0	    0.0	    0.0	    0.0	    0.0	    0.0	    0.0	    0.0	  100.0	    0.0	    0.0	    0.0	    0.0	    0.0	  100.0	  1	   50.0	 1550.0	    0.0	    0.0	    0.0	1	   36.5	 21	    0.0	    5.0	
 3303	  94.37	   25.6	 1522.7	    0.0	    0.0	    0.0	    0.0	    0.0	    0.0	    0.0	    0.0	    0.0	  100.0	    0.0	    0.0	    0.0	    0.0	    0.0	  100.0	  1	   50.0	 1550.0	    0.0	    0.0	    0.0	1	   36.5	 21	    0.0	    5.0	
 3304	  94.40	   25.6	 1522.7	    0.0	    0.0	    0.0	    0.0	    0.0	    0.0	    0.0	    0.0	    0.0	  100.0	    0.0	    0.0	    0.0	    0.0	    0.0	  100.0	  1	   50.0	 1550.0	    0.0	    0.0	    0.0	1	   36.5	 21	    0.0	    5.0	
 3305	  94.43	   25.6	 1522.7	    0.0	    0.0	    0.0	    0.0	    0.0	    0.0	    0.0	    0.0	    0.0	  100.0	    0.0	    0.0	    0.0	    0.0	    0.0	  100.0	  1	   50.0	 1550.0	    0.0	    0.0	    0.0	1	   36.5	 21	    0.0	    5.0	
 3306	  94.46	   25.6	 1522.7	    0.0	    0.0	    0.0	    0.0	    0.0	    0.0	    0.0	    0.0	    0.0	  100.0	    0.0	    0.0	    0.0	    0.0	    0.0	  100.0	  1	   50.0	 1550.0	    0.0	    0.0	    0.0	1	   36.5	 21	    0.0	    5.0	
 3307	  94.49	   25.6	 1522.7	    0.0	    0.0	    0.0	    0.0	    0.0	    0.0	    0.0	    0.0	    0.0	  100.0	    0.0	    0.0	    0.0	    0.0	    0.0	  100.0	  1	   50.0	 1550.0	    0.0	    0.0	    0.0	1	   36.5	 21	    0.0	    5.0	
 3308	  94.52	   25.6	 1522.7	    0.0	    0.0	    0.0	    0.0	    0.0	    0.0	    0.0	    0.0	    0.0	  100.0	    0.0	    0.0	    0.0	    0.0	    0.0	  100.0	  1	   50.0	 1550.0	    0.0	    0.0	    0.0	1	   36.5	 21	    0.0	    5.0	
 3309	  94.54	   25.6	 1522.7	    0.0	    0.0	    0.0	    0.0	    0.0	    0.0	    0.0	    0.0	    0.0	  100.0	    0.0	    0.0	    0.0	    0.0	    0.0	  100.0	  1	   50.0	 1550.0	    0.0	    0.0	    0.0	1	   36.5	 21	    0.0	    5.0	
 3310	  94.57	   25.6	 1522.7	    0.0	    0.0	    0.0	    0.0	    0.0	    0.0	    0.0	    0.0	    0.0	  100.0	    0.0	    0.0	    0.0	    0.0	    0.0	  100.0	  1	   50.0	 1550.0	    0.0	    0.0	    0.0	1	   36.5	 21	    0.0	    5.0	
 3311	  94.60	   25.6	 1522.7	    0.0	    0.0	    0.0	    0.0	    0.0	    0.0	    0.0	    0.0	    0.0	  100.0	    0.0	    0.0	    0.0	    0.0	    0.0	  100.0	  1	   50.0	 1550.0	    0.0	    0.0	    0.0	1	   36.5	 21	    0.0	    5.0	
 3312	  94.63	   25.6	 1522.7	    0.0	    0.0	    0.0	    0.0	    0.0	    0.0	    0.0	    0.0	    0.0	  100.0	    0.0	    0.0	    0.0	    0.0	    0.0	  100.0	  1	   50.0	 1550.0	    0.0	    0.0	    0.0	1	   36.5	 21	    0.0	    5.0	
 3313	  94.66	   25.6	 1522.7	    0.0	    0.0	    0.0	    0.0	    0.0	    0.0	    0.0	    0.0	    0.0	  100.0	    0.0	    0.0	    0.0	    0.0	    0.0	  100.0	  1	   50.0	 1550.0	    0.0	    0.0	    0.0	1	   36.5	 21	    0.0	    5.0	
 3314	  94.69	   25.6	 1522.7	    0.0	    0.0	    0.0	    0.0	    0.0	    0.0	    0.0	    0.0	    0.0	  100.0	    0.0	    0.0	    0.0	    0.0	    0.0	  100.0	  1	   50.0	 1550.0	    0.0	    0.0	    0.0	1	   36.5	 21	    0.0	    5.0	
 3315	  94.72	   25.6	 1522.7	    0.0	    0.0	    0.0	    0.0	    0.0	    0.0	    0.0	    0.0	    0.0	  100.0	    0.0	    0.0	    0.0	    0.0	    0.0	  100.0	  1	   50.0	 1550.0	    0.0	    0.0	    0.0	1	   36.5	 21	    0.0	    5.0	
 3316	  94.74	   25.6	 1522.7	    0.0	    0.0	    0.0	    0.0	    0.0	    0.0	    0.0	    0.0	    0.0	  100.0	    0.0	    0.0	    0.0	    0.0	    0.0	  100.0	  1	   50.0	 1550.0	    0.0	    0.0	    0.0	1	   36.5	 21	    0.0	    5.0	
 3317	  94.77	   25.6	 1522.7	    0.0	    0.0	    0.0	    0.0	    0.0	    0.0	    0.0	    0.0	    0.0	  100.0	    0.0	    0.0	    0.0	    0.0	    0.0	  100.0	  1	   50.0	 1550.0	    0.0	    0.0	    0.0	1	   36.5	 21	    0.0	    5.0	
 3318	  94.80	   25.6	 1522.7	    0.0	    0.0	    0.0	    0.0	    0.0	    0.0	    0.0	    0.0	    0.0	  100.0	    0.0	    0.0	    0.0	    0.0	    0.0	  100.0	  1	   50.0	 1550.0	    0.0	    0.0	    0.0	1	   36.5	 21	    0.0	    5.0	
 3319	  94.83	   25.6	 1522.7	    0.0	    0.0	    0.0	    0.0	    0.0	    0.0	    0.0	    0.0	    0.0	  100.0	    0.0	    0.0	    0.0	    0.0	    0.0	  100.0	  1	   50.0	 1550.0	    0.0	    0.0	    0.0	1	   36.5	 21	    0.0	    5.0	
 3320	  94.86	   25.6	 1522.7	    0.0	    0.0	    0.0	    0.0	    0.0	    0.0	    0.0	    0.0	    0.0	  100.0	    0.0	    0.0	    0.0	    0.0	    0.0	  100.0	  1	   50.0	 1550.0	    0.0	    0.0	    0.0	1	   36.5	 21	    0.0	    5.0	
 3321	  94.89	   25.6	 1522.7	    0.0	    0.0	    0.0	    0.0	    0.0	    0.0	    0.0	    0.0	    0.0	  100.0	    0.0	    0.0	    0.0	    0.0	    0.0	  100.0	  1	   50.0	 1550.0	    0.0	    0.0	    0.0	1	   36.5	 21	    0.0	    5.0	
 3322	  94.92	   25.6	 1522.7	    0.0	    0.0	    0.0	    0.0	    0.0	    0.0	    0.0	    0.0	    0.0	  100.0	    0.0	    0.0	    0.0	    0.0	    0.0	  100.0	  1	   50.0	 1550.0	    0.0	    0.0	    0.0	1	   36.5	 21	    0.0	    5.0	
 3323	  94.94	   25.6	 1522.7	    0.0	    0.0	    0.0	    0.0	    0.0	    0.0	    0.0	    0.0	    0.0	  100.0	    0.0	    0.0	    0.0	    0.0	    0.0	  100.0	  1	   50.0	 1550.0	    0.0	    0.0	    0.0	1	   36.5	 21	    0.0	    5.0	
 3324	  94.97	   25.6	 1522.7	    0.0	    0.0	    0.0	    0.0	    0.0	    0.0	    0.0	    0.0	    0.0	  100.0	    0.0	    0.0	    0.0	    0.0	    0.0	  100.0	  1	   50.0	 1550.0	    0.0	    0.0	    0.0	1	   36.5	 21	    0.0	    5.0	
 3325	  95.00	   25.6	 1522.7	    0.0	    0.0	    0.0	    0.0	    0.0	    0.0	    0.0	    0.0	    0.0	  100.0	    0.0	    0.0	    0.0	    0.0	    0.0	  100.0	  1	   50.0	 1550.0	    0.0	    0.0	    0.0	1	   36.5	 21	    0.0	    5.0	
 3326	  95.03	   25.6	 1522.7	    0.0	    0.0	    0.0	    0.0	    0.0	    0.0	    0.0	    0.0	    0.0	  100.0	    0.0	    0.0	    0.0	    0.0	    0.0	  100.0	  1	   50.0	 1550.0	    0.0	    0.0	    0.0	1	   36.5	 21	    0.0	    5.0	
 3327	  95.06	   25.6	 1522.7	    0.0	    0.0	    0.0	    0.0	    0.0	    0.0	    0.0	    0.0	    0.0	  100.0	    0.0	    0.0	    0.0	    0.0	    0.0	  100.0	  1	   50.0	 1550.0	    0.0	    0.0	    0.0	1	   36.5	 21	    0.0	    5.0	
 3328	  95.09	   25.6	 1522.7	    0.0	    0.0	    0.0	    0.0	    0.0	    0.0	    0.0	    0.0	    0.0	  100.0	    0.0	    0.0	    0.0	    0.0	    0.0	  100.0	  1	   50.0	 1550.0	    0.0	    0.0	    0.0	1	   36.5	 21	    0.0	    5.0	
 3329	  95.11	   25.6	 1522.7	    0.0	    0.0	    0.0	    0.0	    0.0	    0.0	    0.0	    0.0	    0.0	  100.0	    0.0	    0.0	    0.0	    0.0	    0.0	  100.0	  1	   50.0	 1550.0	    0.0	    0.0	    0.0	1	   36.5	 21	    0.0	    5.0	
 3330	  95.14	   25.6	 1522.7	    0.0	    0.0	    0.0	    0.0	    0.0	    0.0	    0.0	    0.0	    0.0	  100.0	    0.0	    0.0	    0.0	    0.0	    0.0	  100.0	  1	   50.0	 1550.0	    0.0	    0.0	    0.0	1	   36.5	 21	    0.0	    5.0	
 3331	  95.17	   25.6	 1522.7	    0.0	    0.0	    0.0	    0.0	    0.0	    0.0	    0.0	    0.0	    0.0	  100.0	    0.0	    0.0	    0.0	    0.0	    0.0	  100.0	  1	   50.0	 1550.0	    0.0	    0.0	    0.0	1	   36.5	 21	    0.0	    5.0	
 3332	  95.20	   25.6	 1522.7	    0.0	    0.0	    0.0	    0.0	    0.0	    0.0	    0.0	    0.0	    0.0	  100.0	    0.0	    0.0	    0.0	    0.0	    0.0	  100.0	  1	   50.0	 1550.0	    0.0	    0.0	    0.0	1	   36.5	 21	    0.0	    5.0	
 3333	  95.23	   25.6	 1522.7	    0.0	    0.0	    0.0	    0.0	    0.0	    0.0	    0.0	    0.0	    0.0	  100.0	    0.0	    0.0	    0.0	    0.0	    0.0	  100.0	  1	   50.0	 1550.0	    0.0	    0.0	    0.0	1	   36.5	 21	    0.0	    5.0	
 3334	  95.26	   25.6	 1522.7	    0.0	    0.0	    0.0	    0.0	    0.0	    0.0	    0.0	    0.0	    0.0	  100.0	    0.0	    0.0	    0.0	    0.0	    0.0	  100.0	  1	 -650.0	 2050.0	    0.0	    0.0	    0.0	1	  299.4	 21	    0.0	    5.0	
 3335	  95.29	   25.6	 1522.7	    0.0	    0.0	    0.0	    0.0	    0.0	    0.0	    0.0	    0.0	    0.0	  100.0	    0.0	    0.0	    0.0	    0.0	    0.0	  100.0	  1	 -650.0	 2050.0	    0.0	    0.0	    0.0	1	  299.4	 21	    0.0	    5.0	
 3336	  95.31	   25.6	 1522.7	    0.0	    0.0	    0.0	    0.0	    0.0	    0.0	    0.0	    0.0	    0.0	  100.0	    0.0	    0.0	    0.0	    0.0	    0.0	  100.0	  1	 -650.0	 2050.0	    0.0	    0.0	    0.0	1	  299.4	 21	    0.0	    5.0	
 3337	  95.34	   25.6	 1522.7	    0.0	    0.0	    0.0	    0.0	    0.0	    0.0	    0.0	    0.0	    0.0	  100.0	    0.0	    0.0	    0.0	    0.0	    0.0	  100.0	  1	 -650.0	 2050.0	    0.0	    0.0	    0.0	1	  299.4	 21	    0.0	    5.0	
 3338	  95.37	   25.6	 1522.7	    0.0	    0.0	    0.0	    0.0	    0.0	    0.0	    0.0	    0.0	    0.0	  100.0	    0.0	    0.0	    0.0	    0.0	    0.0	  100.0	  1	 -650.0	 2050.0	    0.0	    0.0	    0.0	1	  299.4	 21	    0.0	    5.0	
 3339	  95.40	   25.6	 1522.7	    0.0	    0.0	    0.0	    0.0	    0.0	    0.0	    0.0	    0.0	    0.0	  100.0	    0.0	    0.0	    0.0	    0.0	    0.0	  100.0	  1	 -650.0	 2050.0	    0.0	    0.0	    0.0	1	  299.4	 21	    0.0	    5.0	
 3340	  95.43	   25.6	 1522.7	    0.0	    0.0	    0.0	    0.0	    0.0	    0.0	    0.0	    0.0	    0.0	  100.0	    0.0	    0.0	    0.0	    0.0	    0.0	  100.0	  1	 -650.0	 2050.0	    0.0	    0.0	    0.0	1	  299.4	 21	    0.0	    5.0	
 3341	  95.46	   25.6	 1522.7	    0.0	    0.0	    0.0	    0.0	    0.0	    0.0	    0.0	    0.0	    0.0	  100.0	    0.0	    0.0	    0.0	    0.0	    0.0	  100.0	  1	 -650.0	 2050.0	    0.0	    0.0	    0.0	1	  299.4	 21	    0.0	    5.0	
 3342	  95.49	   25.6	 1522.7	    0.0	    0.0	    0.0	    0.0	    0.0	    0.0	    0.0	    0.0	    0.0	  100.0	    0.0	    0.0	    0.0	    0.0	    0.0	  100.0	  1	 -650.0	 2050.0	    0.0	    0.0	    0.0	1	  299.4	 21	    0.0	    5.0	
 3343	  95.52	   25.6	 1522.7	    0.0	    0.0	    0.0	    0.0	    0.0	    0.0	    0.0	    0.0	    0.0	  100.0	    0.0	    0.0	    0.0	    0.0	    0.0	  100.0	  1	 -650.0	 2050.0	    0.0	    0.0	    0.0	1	  299.4	 21	    0.0	    5.0	
 3344	  95.54	   25.6	 1522.7	    0.0	    0.0	    0.0	    0.0	    0.0	    0.0	    0.0	    0.0	    0.0	  100.0	    0.0	    0.0	    0.0	    0.0	    0.0	  100.0	  1	 -650.0	 2050.0	    0.0	    0.0	    0.0	1	  299.4	 21	    0.0	    5.0	
 3345	  95.57	   25.6	 1522.7	    0.0	    0.0	    0.0	    0.0	    0.0	    0.0	    0.0	    0.0	    0.0	  100.0	    0.0	    0.0	    0.0	    0.0	    0.0	  100.0	  1	 -650.0	 2050.0	    0.0	    0.0	    0.0	1	  299.4	 21	    0.0	    5.0	
 3346	  95.60	   25.6	 1522.7	    0.0	    0.0	    0.0	    0.0	    0.0	    0.0	    0.0	    0.0	    0.0	  100.0	    0.0	    0.0	    0.0	    0.0	    0.0	  100.0	  1	 -650.0	 2050.0	    0.0	    0.0	    0.0	1	  299.4	 21	    0.0	    5.0	
 3347	  95.63	   25.6	 1522.7	    0.0	    0.0	    0.0	    0.0	    0.0	    0.0	    0.0	    0.0	    0.0	  100.0	    0.0	    0.0	    0.0	    0.0	    0.0	  100.0	  1	 -650.0	 2050.0	    0.0	    0.0	    0.0	1	  299.4	 21	    0.0	    5.0	
 3348	  95.66	   25.6	 1522.7	    0.0	    0.0	    0.0	    0.0	    0.0	    0.0	    0.0	    0.0	    0.0	  100.0	    0.0	    0.0	    0.0	    0.0	    0.0	  100.0	  1	 -650.0	 2050.0	    0.0	    0.0	    0.0	1	  299.4	 21	    0.0	    5.0	
 3349	  95.69	   25.6	 1522.7	    0.0	    0.0	    0.0	    0.0	    0.0	    0.0	    0.0	    0.0	    0.0	  100.0	    0.0	    0.0	    0.0	    0.0	    0.0	  100.0	  1	 -650.0	 2050.0	    0.0	    0.0	    0.0	1	  299.4	 21	    0.0	    5.0	
 3350	  95.72	   25.6	 1522.7	    0.0	    0.0	    0.0	    0.0	    0.0	    0.0	    0.0	    0.0	    0.0	  100.0	    0.0	    0.0	    0.0	    0.0	    0.0	  100.0	  1	 -650.0	 2050.0	    0.0	    0.0	    0.0	1	  299.4	 21	    0.0	    5.0	
 3351	  95.74	   25.6	 1522.7	    0.0	    0.0	    0.0	    0.0	    0.0	    0.0	    0.0	    0.0	    0.0	  100.0	    0.0	    0.0	    0.0	    0.0	    0.0	  100.0	  1	 -650.0	 2050.0	    0.0	    0.0	    0.0	1	  299.4	 21	    0.0	    5.0	
 3352	  95.77	   25.6	 1522.7	    0.0	    0.0	    0.0	    0.0	    0.0	    0.0	    0.0	    0.0	    0.0	  100.0	    0.0	    0.0	    0.0	    0.0	    0.0	  100.0	  1	 -650.0	 2050.0	    0.0	    0.0	    0.0	1	  299.4	 21	    0.0	    5.0	
 3353	  95.80	   25.6	 1522.7	    0.0	    0.0	    0.0	    0.0	    0.0	    0.0	    0.0	    0.0	    0.0	  100.0	    0.0	    0.0	    0.0	    0.0	    0.0	  100.0	  1	 -650.0	 2050.0	    0.0	    0.0	    0.0	1	  299.4	 21	    0.0	    5.0	
 3354	  95.83	   25.6	 1522.7	    0.0	    0.0	    0.0	    0.0	    0.0	    0.0	    0.0	    0.0	    0.0	  100.0	    0.0	    0.0	    0.0	    0.0	    0.0	  100.0	  1	 -650.0	 2050.0	    0.0	    0.0	    0.0	1	  299.4	 21	    0.0	    5.0	
 3355	  95.86	   25.6	 1522.7	    0.0	    0.0	    0.0	    0.0	    0.0	    0.0	    0.0	    0.0	    0.0	  100.0	    0.0	    0.0	    0.0	    0.0	    0.0	  100.0	  1	 -650.0	 2050.0	    0.0	    0.0	    0.0	1	  299.4	 21	    0.0	    5.0	
 3356	  95.89	   25.6	 1522.7	    0.0	    0.0	    0.0	    0.0	    0.0	    0.0	    0.0	    0.0	    0.0	  100.0	    0.0	    0.0	    0.0	    0.0	    0.0	  100.0	  1	 -650.0	 2050.0	    0.0	    0.0	    0.0	1	  299.4	 21	    0.0	    5.0	
 3357	  95.92	   25.6	 1522.7	    0.0	    0.0	    0.0	    0.0	    0.0	    0.0	    0.0	    0.0	    0.0	  100.0	    0.0	    0.0	    0.0	    0.0	    0.0	  100.0	  1	 -650.0	 2050.0	    0.0	    0.0	    0.0	1	  299.4	 21	    0.0	    5.0	
 3358	  95.94	   25.6	 1522.7	    0.0	    0.0	    0.0	    0.0	    0.0	    0.0	    0.0	    0.0	    0.0	  100.0	    0.0	    0.0	    0.0	    0.0	    0.0	  100.0	  1	 -650.0	 2050.0	    0.0	    0.0	    0.0	1	  299.4	 21	    0.0	    5.0	
 3359	  95.97	   25.6	 1522.7	    0.0	    0.0	    0.0	    0.0	    0.0	    0.0	    0.0	    0.0	    0.0	  100.0	    0.0	    0.0	    0.0	    0.0	    0.0	  100.0	  1	 -650.0	 2050.0	    0.0	    0.0	    0.0	1	  299.4	 21	    0.0	    5.0	
 3360	  96.00	   25.6	 1522.7	    0.0	    0.0	    0.0	    0.0	    0.0	    0.0	    0.0	    0.0	    0.0	  100.0	    0.0	    0.0	    0.0	    0.0	    0.0	  100.0	  1	 -650.0	 2050.0	    0.0	    0.0	    0.0	1	  299.4	 21	    0.0	    5.0	
 3361	  96.03	   25.6	 1522.7	    0.0	    0.0	    0.0	    0.0	    0.0	    0.0	    0.0	    0.0	    0.0	  100.0	    0.0	    0.0	    0.0	    0.0	    0.0	  100.0	  1	 -650.0	 2050.0	    0.0	    0.0	    0.0	1	  299.4	 21	    0.0	    5.0	
 3362	  96.06	   25.6	 1522.7	    0.0	    0.0	    0.0	    0.0	    0.0	    0.0	    0.0	    0.0	    0.0	  100.0	    0.0	    0.0	    0.0	    0.0	    0.0	  100.0	  1	 -650.0	 2050.0	    0.0	    0.0	    0.0	1	  299.4	 21	    0.0	    5.0	
 3363	  96.09	   25.6	 1522.7	    0.0	    0.0	    0.0	    0.0	    0.0	    0.0	    0.0	    0.0	    0.0	  100.0	    0.0	    0.0	    0.0	    0.0	    0.0	  100.0	  1	 -650.0	 2050.0	    0.0	    0.0	    0.0	1	  299.4	 21	    0.0	    5.0	
 3364	  96.11	   25.6	 1522.7	    0.0	    0.0	    0.0	    0.0	    0.0	    0.0	    0.0	    0.0	    0.0	  100.0	    0.0	    0.0	    0.0	    0.0	    0.0	  100.0	  1	 -650.0	 2050.0	    0.0	    0.0	    0.0	1	  299.4	 21	    0.0	    5.0	
 3365	  96.14	   25.6	 1522.7	    0.0	    0.0	    0.0	    0.0	    0.0	    0.0	    0.0	    0.0	    0.0	  100.0	    0.0	    0.0	    0.0	    0.0	    0.0	  100.0	  1	 -650.0	 2050.0	    0.0	    0.0	    0.0	1	  299.4	 21	    0.0	    5.0	
 3366	  96.17	   25.6	 1522.7	    0.0	    0.0	    0.0	    0.0	    0.0	    0.0	    0.0	    0.0	    0.0	  100.0	    0.0	    0.0	    0.0	    0.0	    0.0	  100.0	  1	 -650.0	 2050.0	    0.0	    0.0	    0.0	1	  299.4	 21	    0.0	    5.0	
 3367	  96.20	   25.6	 1522.7	    0.0	    0.0	    0.0	    0.0	    0.0	    0.0	    0.0	    0.0	    0.0	  100.0	    0.0	    0.0	    0.0	    0.0	    0.0	  100.0	  1	 -650.0	 2050.0	    0.0	    0.0	    0.0	1	  299.4	 21	    0.0	    5.0	
 3368	  96.23	   25.6	 1522.7	    0.0	    0.0	    0.0	    0.0	    0.0	    0.0	    0.0	    0.0	    0.0	  100.0	    0.0	    0.0	    0.0	    0.0	    0.0	  100.0	  1	 -650.0	 2050.0	    0.0	    0.0	    0.0	1	  299.4	 21	    0.0	    5.0	
 3369	  96.26	   25.6	 1522.7	    0.0	    0.0	    0.0	    0.0	    0.0	    0.0	    0.0	    0.0	    0.0	  100.0	    0.0	    0.0	    0.0	    0.0	    0.0	  100.0	  1	 -650.0	 2050.0	    0.0	    0.0	    0.0	1	  299.4	 21	    0.0	    5.0	
 3370	  96.29	   25.6	 1522.7	    0.0	    0.0	    0.0	    0.0	    0.0	    0.0	    0.0	    0.0	    0.0	  100.0	    0.0	    0.0	    0.0	    0.0	    0.0	  100.0	  1	 -650.0	 2050.0	    0.0	    0.0	    0.0	1	  299.4	 21	    0.0	    5.0	
 3371	  96.31	   25.6	 1522.7	    0.0	    0.0	    0.0	    0.0	    0.0	    0.0	    0.0	    0.0	    0.0	  100.0	    0.0	    0.0	    0.0	    0.0	    0.0	  100.0	  1	 -650.0	 2050.0	    0.0	    0.0	    0.0	1	  299.4	 21	    0.0	    5.0	
 3372	  96.34	   25.6	 1522.7	    0.0	    0.0	    0.0	    0.0	    0.0	    0.0	    0.0	    0.0	    0.0	  100.0	    0.0	    0.0	    0.0	    0.0	    0.0	  100.0	  1	 -650.0	 2050.0	    0.0	    0.0	    0.0	1	  299.4	 21	    0.0	    5.0	
 3373	  96.37	   25.6	 1522.7	    0.0	    0.0	    0.0	    0.0	    0.0	    0.0	    0.0	    0.0	    0.0	  100.0	    0.0	    0.0	    0.0	    0.0	    0.0	  100.0	  1	 -650.0	 2050.0	    0.0	    0.0	    0.0	1	  299.4	 21	    0.0	    5.0	
 3374	  96.40	   25.6	 1522.7	    0.0	    0.0	    0.0	    0.0	    0.0	    0.0	    0.0	    0.0	    0.0	  100.0	    0.0	    0.0	    0.0	    0.0	    0.0	  100.0	  1	 -650.0	 2050.0	    0.0	    0.0	    0.0	1	  299.4	 21	    0.0	    5.0	
 3375	  96.43	   25.6	 1522.7	    0.0	    0.0	    0.0	    0.0	    0.0	    0.0	    0.0	    0.0	    0.0	  100.0	    0.0	    0.0	    0.0	    0.0	    0.0	  100.0	  1	 -650.0	 2050.0	    0.0	    0.0	    0.0	1	  299.4	 21	    0.0	    5.0	
 3376	  96.46	   25.6	 1522.7	    0.0	    0.0	    0.0	    0.0	    0.0	    0.0	    0.0	    0.0	    0.0	  100.0	    0.0	    0.0	    0.0	    0.0	    0.0	  100.0	  1	 -650.0	 2050.0	    0.0	    0.0	    0.0	1	  299.4	 21	    0.0	    5.0	
 3377	  96.49	   25.6	 1522.7	    0.0	    0.0	    0.0	    0.0	    0.0	    0.0	    0.0	    0.0	    0.0	  100.0	    0.0	    0.0	    0.0	    0.0	    0.0	  100.0	  1	 -650.0	 2050.0	    0.0	    0.0	    0.0	1	  299.4	 21	    0.0	    5.0	
 3378	  96.52	   25.6	 1522.7	    0.0	    0.0	    0.0	    0.0	    0.0	    0.0	    0.0	    0.0	    0.0	  100.0	    0.0	    0.0	    0.0	    0.0	    0.0	  100.0	  1	 -650.0	 2050.0	    0.0	    0.0	    0.0	1	  299.4	 21	    0.0	    5.0	
 3379	  96.54	   25.6	 1522.7	    0.0	    0.0	    0.0	    0.0	    0.0	    0.0	    0.0	    0.0	    0.0	  100.0	    0.0	    0.0	    0.0	    0.0	    0.0	  100.0	  1	 -650.0	 2050.0	    0.0	    0.0	    0.0	1	  299.4	 21	    0.0	    5.0	
 3380	  96.57	   25.6	 1522.7	    0.0	    0.0	    0.0	    0.0	    0.0	    0.0	    0.0	    0.0	    0.0	  100.0	    0.0	    0.0	    0.0	    0.0	    0.0	  100.0	  1	 -650.0	 2050.0	    0.0	    0.0	    0.0	1	  299.4	 21	    0.0	    5.0	
 3381	  96.60	   25.6	 1522.7	    0.0	    0.0	    0.0	    0.0	    0.0	    0.0	    0.0	    0.0	    0.0	  100.0	    0.0	    0.0	    0.0	    0.0	    0.0	  100.0	  1	 -650.0	 2050.0	    0.0	    0.0	    0.0	1	  299.4	 21	    0.0	    5.0	
 3382	  96.63	   25.6	 1522.7	    0.0	    0.0	    0.0	    0.0	    0.0	    0.0	    0.0	    0.0	    0.0	  100.0	    0.0	    0.0	    0.0	    0.0	    0.0	  100.0	  1	 -650.0	 2050.0	    0.0	    0.0	    0.0	1	  299.4	 21	    0.0	    5.0	
 3383	  96.66	   25.6	 1522.7	    0.0	    0.0	    0.0	    0.0	    0.0	    0.0	    0.0	    0.0	    0.0	  100.0	    0.0	    0.0	    0.0	    0.0	    0.0	  100.0	  1	 -650.0	 2050.0	    0.0	    0.0	    0.0	1	  299.4	 21	    0.0	    5.0	
 3384	  96.69	   25.6	 1522.7	    0.0	    0.0	    0.0	    0.0	    0.0	    0.0	    0.0	    0.0	    0.0	  100.0	    0.0	    0.0	    0.0	    0.0	    0.0	  100.0	  1	 -650.0	 2050.0	    0.0	    0.0	    0.0	1	  299.4	 21	    0.0	    5.0	
 3385	  96.72	   25.6	 1522.7	    0.0	    0.0	    0.0	    0.0	    0.0	    0.0	    0.0	    0.0	    0.0	  100.0	    0.0	    0.0	    0.0	    0.0	    0.0	  100.0	  1	 -650.0	 2050.0	    0.0	    0.0	    0.0	1	  299.4	 21	    0.0	    5.0	
 3386	  96.74	   25.6	 1522.7	    0.0	    0.0	    0.0	    0.0	    0.0	    0.0	    0.0	    0.0	    0.0	  100.0	    0.0	    0.0	    0.0	    0.0	    0.0	  100.0	  1	 -650.0	 2050.0	    0.0	    0.0	    0.0	1	  299.4	 21	    0.0	    5.0	
 3387	  96.77	   25.6	 1522.7	    0.0	    0.0	    0.0	    0.0	    0.0	    0.0	    0.0	    0.0	    0.0	  100.0	    0.0	    0.0	    0.0	    0.0	    0.0	  100.0	  1	 -650.0	 2050.0	    0.0	    0.0	    0.0	1	  299.4	 21	    0.0	    5.0	
 3388	  96.80	   25.7	 1522.6	    0.0	    0.0	    0.0	    0.0	    0.0	    0.0	    0.0	    0.0	    0.0	  100.0	    0.0	    0.0	    0.0	    0.0	    0.0	  100.0	  1	 -650.0	 2050.0	    0.0	    0.0	    0.0	1	  299.4	 21	    0.0	    5.0	
 3389	  96.83	   25.7	 1522.6	    0.0	    0.0	    0.0	    0.0	    0.0	    0.0	    0.0	    0.0	    0.0	  100.0	    0.0	    0.0	    0.0	    0.0	    0.0	  100.0	  1	 -650.0	 2050.0	    0.0	    0.0	    0.0	1	  299.4	 21	    0.0	    5.0	
 3390	  96.86	   25.7	 1522.6	    0.0	    0.0	    0.0	    0.0	    0.0	    0.0	    0.0	    0.0	    0.0	  100.0	    0.0	    0.0	    0.0	    0.0	    0.0	  100.0	  1	 -650.0	 2050.0	    0.0	    0.0	    0.0	1	  299.4	 21	    0.0	    5.0	
 3391	  96.89	   25.7	 1522.6	    0.0	    0.0	    0.0	    0.0	    0.0	    0.0	    0.0	    0.0	    0.0	  100.0	    0.0	    0.0	    0.0	    0.0	    0.0	  100.0	  1	 -650.0	 2050.0	    0.0	    0.0	    0.0	1	  299.4	 21	    0.0	    5.0	
 3392	  96.92	   25.7	 1522.6	    0.0	    0.0	    0.0	    0.0	    0.0	    0.0	    0.0	    0.0	    0.0	  100.0	    0.0	    0.0	    0.0	    0.0	    0.0	  100.0	  1	 -650.0	 2050.0	    0.0	    0.0	    0.0	1	  299.4	 21	    0.0	    5.0	
 3393	  96.94	   25.7	 1522.6	    0.0	    0.0	    0.0	    0.0	    0.0	    0.0	    0.0	    0.0	    0.0	  100.0	    0.0	    0.0	    0.0	    0.0	    0.0	  100.0	  1	 -650.0	 2050.0	    0.0	    0.0	    0.0	1	  299.4	 21	    0.0	    5.0	
 3394	  96.97	   25.7	 1522.6	    0.0	    0.0	    0.0	    0.0	    0.0	    0.0	    0.0	    0.0	    0.0	  100.0	    0.0	    0.0	    0.0	    0.0	    0.0	  100.0	  1	 -650.0	 2050.0	    0.0	    0.0	    0.0	1	  299.4	 21	    0.0	    5.0	
 3395	  97.00	   25.7	 1522.6	    0.0	    0.0	    0.0	    0.0	    0.0	    0.0	    0.0	    0.0	    0.0	  100.0	    0.0	    0.0	    0.0	    0.0	    0.0	  100.0	  1	 -650.0	 2050.0	    0.0	    0.0	    0.0	1	  299.4	 21	    0.0	    5.0	
 3396	  97.03	   25.7	 1522.6	    0.0	    0.0	    0.0	    0.0	    0.0	    0.0	    0.0	    0.0	    0.0	  100.0	    0.0	    0.0	    0.0	    0.0	    0.0	  100.0	  1	 -650.0	 2050.0	    0.0	    0.0	    0.0	1	  299.4	 21	    0.0	    5.0	
 3397	  97.06	   25.7	 1522.6	    0.0	    0.0	    0.0	    0.0	    0.0	    0.0	    0.0	    0.0	    0.0	  100.0	    0.0	    0.0	    0.0	    0.0	    0.0	  100.0	  1	 -650.0	 2050.0	    0.0	    0.0	    0.0	1	  299.4	 21	    0.0	    5.0	
 3398	  97.09	   25.7	 1522.6	    0.0	    0.0	    0.0	    0.0	    0.0	    0.0	    0.0	    0.0	    0.0	  100.0	    0.0	    0.0	    0.0	    0.0	    0.0	  100.0	  1	 -650.0	 2050.0	    0.0	    0.0	    0.0	1	  299.4	 21	    0.0	    5.0	
 3399	  97.11	   25.7	 1522.6	    0.0	    0.0	    0.0	    0.0	    0.0	    0.0	    0.0	    0.0	    0.0	  100.0	    0.0	    0.0	    0.0	    0.0	    0.0	  100.0	  1	 -650.0	 2050.0	    0.0	    0.0	    0.0	1	  299.4	 21	    0.0	    5.0	
 3400	  97.14	   25.7	 1522.6	    0.0	    0.0	    0.0	    0.0	    0.0	    0.0	    0.0	    0.0	    0.0	  100.0	    0.0	    0.0	    0.0	    0.0	    0.0	  100.0	  1	 -650.0	 2050.0	    0.0	    0.0	    0.0	1	  299.4	 21	    0.0	    5.0	
 3401	  97.17	   25.7	 1522.6	    0.0	    0.0	    0.0	    0.0	    0.0	    0.0	    0.0	    0.0	    0.0	  100.0	    0.0	    0.0	    0.0	    0.0	    0.0	  100.0	  1	 -650.0	 2050.0	    0.0	    0.0	    0.0	1	  299.4	 21	    0.0	    5.0	
 3402	  97.20	   25.7	 1522.6	    0.0	    0.0	    0.0	    0.0	    0.0	    0.0	    0.0	    0.0	    0.0	  100.0	    0.0	    0.0	    0.0	    0.0	    0.0	  100.0	  1	 -650.0	 2050.0	    0.0	    0.0	    0.0	1	  299.4	 21	    0.0	    5.0	
 3403	  97.23	   25.7	 1522.6	    0.0	    0.0	    0.0	    0.0	    0.0	    0.0	    0.0	    0.0	    0.0	  100.0	    0.0	    0.0	    0.0	    0.0	    0.0	  100.0	  1	 -650.0	 2050.0	    0.0	    0.0	    0.0	1	  299.4	 21	    0.0	    5.0	
 3404	  97.26	   25.7	 1522.6	    0.0	    0.0	    0.0	    0.0	    0.0	    0.0	    0.0	    0.0	    0.0	  100.0	    0.0	    0.0	    0.0	    0.0	    0.0	  100.0	  1	 -650.0	 2050.0	    0.0	    0.0	    0.0	1	  299.4	 21	    0.0	    5.0	
 3405	  97.29	   25.7	 1522.6	    0.0	    0.0	    0.0	    0.0	    0.0	    0.0	    0.0	    0.0	    0.0	  100.0	    0.0	    0.0	    0.0	    0.0	    0.0	  100.0	  1	 -650.0	 2050.0	    0.0	    0.0	    0.0	1	  299.4	 21	    0.0	    5.0	
 3406	  97.31	   25.7	 1522.6	    0.0	    0.0	    0.0	    0.0	    0.0	    0.0	    0.0	    0.0	    0.0	  100.0	    0.0	    0.0	    0.0	    0.0	    0.0	  100.0	  1	 -650.0	 2050.0	    0.0	    0.0	    0.0	1	  299.4	 21	    0.0	    5.0	
 3407	  97.34	   25.7	 1522.6	    0.0	    0.0	    0.0	    0.0	    0.0	    0.0	    0.0	    0.0	    0.0	  100.0	    0.0	    0.0	    0.0	    0.0	    0.0	  100.0	  1	 -650.0	 2050.0	    0.0	    0.0	    0.0	1	  299.4	 21	    0.0	    5.0	
 3408	  97.37	   25.7	 1522.6	    0.0	    0.0	    0.0	    0.0	    0.0	    0.0	    0.0	    0.0	    0.0	  100.0	    0.0	    0.0	    0.0	    0.0	    0.0	  100.0	  1	 -650.0	 2050.0	    0.0	    0.0	    0.0	1	  299.4	 21	    0.0	    5.0	
 3409	  97.40	   25.7	 1522.6	    0.0	    0.0	    0.0	    0.0	    0.0	    0.0	    0.0	    0.0	    0.0	  100.0	    0.0	    0.0	    0.0	    0.0	    0.0	  100.0	  1	 -650.0	 2050.0	    0.0	    0.0	    0.0	1	  299.4	 21	    0.0	    5.0	
 3410	  97.43	   25.7	 1522.6	    0.0	    0.0	    0.0	    0.0	    0.0	    0.0	    0.0	    0.0	    0.0	  100.0	    0.0	    0.0	    0.0	    0.0	    0.0	  100.0	  1	 -650.0	 2050.0	    0.0	    0.0	    0.0	1	  299.4	 21	    0.0	    5.0	
 3411	  97.46	   25.7	 1522.6	    0.0	    0.0	    0.0	    0.0	    0.0	    0.0	    0.0	    0.0	    0.0	  100.0	    0.0	    0.0	    0.0	    0.0	    0.0	  100.0	  1	 -650.0	 2050.0	    0.0	    0.0	    0.0	1	  299.4	 21	    0.0	    5.0	
 3412	  97.49	   25.7	 1522.6	    0.0	    0.0	    0.0	    0.0	    0.0	    0.0	    0.0	    0.0	    0.0	  100.0	    0.0	    0.0	    0.0	    0.0	    0.0	  100.0	  1	 -650.0	 2050.0	    0.0	    0.0	    0.0	1	  299.4	 21	    0.0	    5.0	
 3413	  97.52	   25.7	 1522.6	    0.0	    0.0	    0.0	    0.0	    0.0	    0.0	    0.0	    0.0	    0.0	  100.0	    0.0	    0.0	    0.0	    0.0	    0.0	  100.0	  1	 -650.0	 2050.0	    0.0	    0.0	    0.0	1	  299.4	 21	    0.0	    5.0	
 3414	  97.54	   25.7	 1522.6	    0.0	    0.0	    0.0	    0.0	    0.0	    0.0	    0.0	    0.0	    0.0	  100.0	    0.0	    0.0	    0.0	    0.0	    0.0	  100.0	  1	 -650.0	 2050.0	    0.0	    0.0	    0.0	1	  299.4	 21	    0.0	    5.0	
 3415	  97.57	   25.7	 1522.6	    0.0	    0.0	    0.0	    0.0	    0.0	    0.0	    0.0	    0.0	    0.0	  100.0	    0.0	    0.0	    0.0	    0.0	    0.0	  100.0	  1	 -650.0	 2050.0	    0.0	    0.0	    0.0	1	  299.4	 21	    0.0	    5.0	
 3416	  97.60	   25.7	 1522.6	    0.0	    0.0	    0.0	    0.0	    0.0	    0.0	    0.0	    0.0	    0.0	  100.0	    0.0	    0.0	    0.0	    0.0	    0.0	  100.0	  1	 -650.0	 2050.0	    0.0	    0.0	    0.0	1	  299.4	 21	    0.0	    5.0	
 3417	  97.63	   25.7	 1522.6	    0.0	    0.0	    0.0	    0.0	    0.0	    0.0	    0.0	    0.0	    0.0	  100.0	    0.0	    0.0	    0.0	    0.0	    0.0	  100.0	  1	 -650.0	 2050.0	    0.0	    0.0	    0.0	1	  299.4	 21	    0.0	    5.0	
 3418	  97.66	   25.7	 1522.6	    0.0	    0.0	    0.0	    0.0	    0.0	    0.0	    0.0	    0.0	    0.0	  100.0	    0.0	    0.0	    0.0	    0.0	    0.0	  100.0	  1	 -650.0	 2050.0	    0.0	    0.0	    0.0	1	  299.4	 21	    0.0	    5.0	
 3419	  97.69	   25.7	 1522.6	    0.0	    0.0	    0.0	    0.0	    0.0	    0.0	    0.0	    0.0	    0.0	  100.0	    0.0	    0.0	    0.0	    0.0	    0.0	  100.0	  1	 -650.0	 2050.0	    0.0	    0.0	    0.0	1	  299.4	 21	    0.0	    5.0	
 3420	  97.72	   25.7	 1522.6	    0.0	    0.0	    0.0	    0.0	    0.0	    0.0	    0.0	    0.0	    0.0	  100.0	    0.0	    0.0	    0.0	    0.0	    0.0	  100.0	  1	 -650.0	 2050.0	    0.0	    0.0	    0.0	1	  299.4	 21	    0.0	    5.0	
 3421	  97.74	   25.7	 1522.6	    0.0	    0.0	    0.0	    0.0	    0.0	    0.0	    0.0	    0.0	    0.0	  100.0	    0.0	    0.0	    0.0	    0.0	    0.0	  100.0	  1	 -650.0	 2050.0	    0.0	    0.0	    0.0	1	  299.4	 21	    0.0	    5.0	
 3422	  97.77	   25.7	 1522.6	    0.0	    0.0	    0.0	    0.0	    0.0	    0.0	    0.0	    0.0	    0.0	  100.0	    0.0	    0.0	    0.0	    0.0	    0.0	  100.0	  1	 -650.0	 2050.0	    0.0	    0.0	    0.0	1	  299.4	 21	    0.0	    5.0	
 3423	  97.80	   25.7	 1522.6	    0.0	    0.0	    0.0	    0.0	    0.0	    0.0	    0.0	    0.0	    0.0	  100.0	    0.0	    0.0	    0.0	    0.0	    0.0	  100.0	  1	 -650.0	 2050.0	    0.0	    0.0	    0.0	1	  299.4	 21	    0.0	    5.0	
 3424	  97.83	   25.7	 1522.6	    0.0	    0.0	    0.0	    0.0	    0.0	    0.0	    0.0	    0.0	    0.0	  100.0	    0.0	    0.0	    0.0	    0.0	    0.0	  100.0	  1	 -650.0	 2050.0	    0.0	    0.0	    0.0	1	  299.4	 21	    0.0	    5.0	
 3425	  97.86	   25.7	 1522.6	    0.0	    0.0	    0.0	    0.0	    0.0	    0.0	    0.0	    0.0	    0.0	  100.0	    0.0	    0.0	    0.0	    0.0	    0.0	  100.0	  1	 -650.0	 2050.0	    0.0	    0.0	    0.0	1	  299.4	 21	    0.0	    5.0	
 3426	  97.89	   25.7	 1522.6	    0.0	    0.0	    0.0	    0.0	    0.0	    0.0	    0.0	    0.0	    0.0	  100.0	    0.0	    0.0	    0.0	    0.0	    0.0	  100.0	  1	 -650.0	 2050.0	    0.0	    0.0	    0.0	1	  299.4	 21	    0.0	    5.0	
 3427	  97.92	   25.7	 1522.6	    0.0	    0.0	    0.0	    0.0	    0.0	    0.0	    0.0	    0.0	    0.0	  100.0	    0.0	    0.0	    0.0	    0.0	    0.0	  100.0	  1	 -650.0	 2050.0	    0.0	    0.0	    0.0	1	  299.4	 21	    0.0	    5.0	
 3428	  97.94	   25.7	 1522.6	    0.0	    0.0	    0.0	    0.0	    0.0	    0.0	    0.0	    0.0	    0.0	  100.0	    0.0	    0.0	    0.0	    0.0	    0.0	  100.0	  1	 -650.0	 2050.0	    0.0	    0.0	    0.0	1	  299.4	 21	    0.0	    5.0	
 3429	  97.97	   25.7	 1522.6	    0.0	    0.0	    0.0	    0.0	    0.0	    0.0	    0.0	    0.0	    0.0	  100.0	    0.0	    0.0	    0.0	    0.0	    0.0	  100.0	  1	 -650.0	 2050.0	    0.0	    0.0	    0.0	1	  299.4	 21	    0.0	    5.0	
 3430	  98.00	   25.7	 1522.6	    0.0	    0.0	    0.0	    0.0	    0.0	    0.0	    0.0	    0.0	    0.0	  100.0	    0.0	    0.0	    0.0	    0.0	    0.0	  100.0	  1	 -650.0	 2050.0	    0.0	    0.0	    0.0	1	  299.4	 21	    0.0	    5.0	
 3431	  98.03	   25.7	 1522.6	    0.0	    0.0	    0.0	    0.0	    0.0	    0.0	    0.0	    0.0	    0.0	  100.0	    0.0	    0.0	    0.0	    0.0	    0.0	  100.0	  1	 -650.0	 2050.0	    0.0	    0.0	    0.0	1	  299.4	 21	    0.0	    5.0	
 3432	  98.06	   25.7	 1522.6	    0.0	    0.0	    0.0	    0.0	    0.0	    0.0	    0.0	    0.0	    0.0	  100.0	    0.0	    0.0	    0.0	    0.0	    0.0	  100.0	  1	 -650.0	 2050.0	    0.0	    0.0	    0.0	1	  299.4	 21	    0.0	    5.0	
 3433	  98.09	   25.7	 1522.6	    0.0	    0.0	    0.0	    0.0	    0.0	    0.0	    0.0	    0.0	    0.0	  100.0	    0.0	    0.0	    0.0	    0.0	    0.0	  100.0	  1	 -650.0	 2050.0	    0.0	    0.0	    0.0	1	  299.4	 21	    0.0	    5.0	
 3434	  98.11	   25.7	 1522.6	    0.0	    0.0	    0.0	    0.0	    0.0	    0.0	    0.0	    0.0	    0.0	  100.0	    0.0	    0.0	    0.0	    0.0	    0.0	  100.0	  1	 -650.0	 2050.0	    0.0	    0.0	    0.0	1	  299.4	 21	    0.0	    5.0	
 3435	  98.14	   25.7	 1522.6	    0.0	    0.0	    0.0	    0.0	    0.0	    0.0	    0.0	    0.0	    0.0	  100.0	    0.0	    0.0	    0.0	    0.0	    0.0	  100.0	  1	 -650.0	 2050.0	    0.0	    0.0	    0.0	1	  299.4	 21	    0.0	    5.0	
 3436	  98.17	   25.7	 1522.6	    0.0	    0.0	    0.0	    0.0	    0.0	    0.0	    0.0	    0.0	    0.0	  100.0	    0.0	    0.0	    0.0	    0.0	    0.0	  100.0	  1	 -650.0	 2050.0	    0.0	    0.0	    0.0	1	  299.4	 21	    0.0	    5.0	
 3437	  98.20	   25.7	 1522.6	    0.0	    0.0	    0.0	    0.0	    0.0	    0.0	    0.0	    0.0	    0.0	  100.0	    0.0	    0.0	    0.0	    0.0	    0.0	  100.0	  1	 -650.0	 2050.0	    0.0	    0.0	    0.0	1	  299.4	 21	    0.0	    5.0	
 3438	  98.23	   25.7	 1522.6	    0.0	    0.0	    0.0	    0.0	    0.0	    0.0	    0.0	    0.0	    0.0	  100.0	    0.0	    0.0	    0.0	    0.0	    0.0	  100.0	  1	 -650.0	 2050.0	    0.0	    0.0	    0.0	1	  299.4	 21	    0.0	    5.0	
 3439	  98.26	   25.7	 1522.6	    0.0	    0.0	    0.0	    0.0	    0.0	    0.0	    0.0	    0.0	    0.0	  100.0	    0.0	    0.0	    0.0	    0.0	    0.0	  100.0	  1	 -650.0	 2050.0	    0.0	    0.0	    0.0	1	  299.4	 21	    0.0	    5.0	
 3440	  98.29	   25.7	 1522.6	    0.0	    0.0	    0.0	    0.0	    0.0	    0.0	    0.0	    0.0	    0.0	  100.0	    0.0	    0.0	    0.0	    0.0	    0.0	  100.0	  1	 -650.0	 2050.0	    0.0	    0.0	    0.0	1	  299.4	 21	    0.0	    5.0	
 3441	  98.31	   25.7	 1522.6	    0.0	    0.0	    0.0	    0.0	    0.0	    0.0	    0.0	    0.0	    0.0	  100.0	    0.0	    0.0	    0.0	    0.0	    0.0	  100.0	  1	 -650.0	 2050.0	    0.0	    0.0	    0.0	1	  299.4	 21	    0.0	    5.0	
 3442	  98.34	   25.7	 1522.6	    0.0	    0.0	    0.0	    0.0	    0.0	    0.0	    0.0	    0.0	    0.0	  100.0	    0.0	    0.0	    0.0	    0.0	    0.0	  100.0	  1	 -650.0	 2050.0	    0.0	    0.0	    0.0	1	  299.4	 21	    0.0	    5.0	
 3443	  98.37	   25.7	 1522.6	    0.0	    0.0	    0.0	    0.0	    0.0	    0.0	    0.0	    0.0	    0.0	  100.0	    0.0	    0.0	    0.0	    0.0	    0.0	  100.0	  1	 -650.0	 2050.0	    0.0	    0.0	    0.0	1	  299.4	 21	    0.0	    5.0	
 3444	  98.40	   25.7	 1522.6	    0.0	    0.0	    0.0	    0.0	    0.0	    0.0	    0.0	    0.0	    0.0	  100.0	    0.0	    0.0	    0.0	    0.0	    0.0	  100.0	  1	 -650.0	 2050.0	    0.0	    0.0	    0.0	1	  299.4	 21	    0.0	    5.0	
 3445	  98.43	   25.7	 1522.6	    0.0	    0.0	    0.0	    0.0	    0.0	    0.0	    0.0	    0.0	    0.0	  100.0	    0.0	    0.0	    0.0	    0.0	    0.0	  100.0	  1	 -650.0	 2050.0	    0.0	    0.0	    0.0	1	  299.4	 21	    0.0	    5.0	
 3446	  98.46	   25.7	 1522.6	    0.0	    0.0	    0.0	    0.0	    0.0	    0.0	    0.0	    0.0	    0.0	  100.0	    0.0	    0.0	    0.0	    0.0	    0.0	  100.0	  1	 -650.0	 2050.0	    0.0	    0.0	    0.0	1	  299.4	 21	    0.0	    5.0	
 3447	  98.49	   25.7	 1522.6	    0.0	    0.0	    0.0	    0.0	    0.0	    0.0	    0.0	    0.0	    0.0	  100.0	    0.0	    0.0	    0.0	    0.0	    0.0	  100.0	  1	 -650.0	 2050.0	    0.0	    0.0	    0.0	1	  299.4	 21	    0.0	    5.0	
 3448	  98.52	   25.7	 1522.6	    0.0	    0.0	    0.0	    0.0	    0.0	    0.0	    0.0	    0.0	    0.0	  100.0	    0.0	    0.0	    0.0	    0.0	    0.0	  100.0	  1	 -650.0	 2050.0	    0.0	    0.0	    0.0	1	  299.4	 21	    0.0	    5.0	
 3449	  98.54	   25.7	 1522.6	    0.0	    0.0	    0.0	    0.0	    0.0	    0.0	    0.0	    0.0	    0.0	  100.0	    0.0	    0.0	    0.0	    0.0	    0.0	  100.0	  1	 -650.0	 2050.0	    0.0	    0.0	    0.0	1	  299.4	 21	    0.0	    5.0	
 3450	  98.57	   25.7	 1522.6	    0.0	    0.0	    0.0	    0.0	    0.0	    0.0	    0.0	    0.0	    0.0	  100.0	    0.0	    0.0	    0.0	    0.0	    0.0	  100.0	  1	 -650.0	 2050.0	    0.0	    0.0	    0.0	1	  299.4	 21	    0.0	    5.0	
 3451	  98.60	   25.7	 1522.6	    0.0	    0.0	    0.0	    0.0	    0.0	    0.0	    0.0	    0.0	    0.0	  100.0	    0.0	    0.0	    0.0	    0.0	    0.0	  100.0	  1	 -650.0	 2050.0	    0.0	    0.0	    0.0	1	  299.4	 21	    0.0	    5.0	
 3452	  98.63	   25.7	 1522.6	    0.0	    0.0	    0.0	    0.0	    0.0	    0.0	    0.0	    0.0	    0.0	  100.0	    0.0	    0.0	    0.0	    0.0	    0.0	  100.0	  1	 -650.0	 2050.0	    0.0	    0.0	    0.0	1	  299.4	 21	    0.0	    5.0	
 3453	  98.66	   25.7	 1522.6	    0.0	    0.0	    0.0	    0.0	    0.0	    0.0	    0.0	    0.0	    0.0	  100.0	    0.0	    0.0	    0.0	    0.0	    0.0	  100.0	  1	 -650.0	 2050.0	    0.0	    0.0	    0.0	1	  299.4	 21	    0.0	    5.0	
 3454	  98.69	   25.7	 1522.6	    0.0	    0.0	    0.0	    0.0	    0.0	    0.0	    0.0	    0.0	    0.0	  100.0	    0.0	    0.0	    0.0	    0.0	    0.0	  100.0	  1	 -650.0	 2050.0	    0.0	    0.0	    0.0	1	  299.4	 21	    0.0	    5.0	
 3455	  98.72	   25.7	 1522.6	    0.0	    0.0	    0.0	    0.0	    0.0	    0.0	    0.0	    0.0	    0.0	  100.0	    0.0	    0.0	    0.0	    0.0	    0.0	  100.0	  1	 -650.0	 2050.0	    0.0	    0.0	    0.0	1	  299.4	 21	    0.0	    5.0	
 3456	  98.74	   25.7	 1522.6	    0.0	    0.0	    0.0	    0.0	    0.0	    0.0	    0.0	    0.0	    0.0	  100.0	    0.0	    0.0	    0.0	    0.0	    0.0	  100.0	  1	 -650.0	 2050.0	    0.0	    0.0	    0.0	1	  299.4	 21	    0.0	    5.0	
 3457	  98.77	   25.7	 1522.6	    0.0	    0.0	    0.0	    0.0	    0.0	    0.0	    0.0	    0.0	    0.0	  100.0	    0.0	    0.0	    0.0	    0.0	    0.0	  100.0	  1	 -650.0	 2050.0	    0.0	    0.0	    0.0	1	  299.4	 21	    0.0	    5.0	
 3458	  98.80	   25.7	 1522.6	    0.0	    0.0	    0.0	    0.0	    0.0	    0.0	    0.0	    0.0	    0.0	  100.0	    0.0	    0.0	    0.0	    0.0	    0.0	  100.0	  1	 -650.0	 2050.0	    0.0	    0.0	    0.0	1	  299.4	 21	    0.0	    5.0	
 3459	  98.83	   25.7	 1522.6	    0.0	    0.0	    0.0	    0.0	    0.0	    0.0	    0.0	    0.0	    0.0	  100.0	    0.0	    0.0	    0.0	    0.0	    0.0	  100.0	  1	 -650.0	 2050.0	    0.0	    0.0	    0.0	1	  299.4	 21	    0.0	    5.0	
 3460	  98.86	   25.7	 1522.6	    0.0	    0.0	    0.0	    0.0	    0.0	    0.0	    0.0	    0.0	    0.0	  100.0	    0.0	    0.0	    0.0	    0.0	    0.0	  100.0	  1	 -650.0	 2050.0	    0.0	    0.0	    0.0	1	  299.4	 21	    0.0	    5.0	
 3461	  98.89	   25.7	 1522.6	    0.0	    0.0	    0.0	    0.0	    0.0	    0.0	    0.0	    0.0	    0.0	  100.0	    0.0	    0.0	    0.0	    0.0	    0.0	  100.0	  1	 -650.0	 2050.0	    0.0	    0.0	    0.0	1	  299.4	 21	    0.0	    5.0	
 3462	  98.92	   25.7	 1522.6	    0.0	    0.0	    0.0	    0.0	    0.0	    0.0	    0.0	    0.0	    0.0	  100.0	    0.0	    0.0	    0.0	    0.0	    0.0	  100.0	  1	 -650.0	 2050.0	    0.0	    0.0	    0.0	1	  299.4	 21	    0.0	    5.0	
 3463	  98.94	   25.7	 1522.6	    0.0	    0.0	    0.0	    0.0	    0.0	    0.0	    0.0	    0.0	    0.0	  100.0	    0.0	    0.0	    0.0	    0.0	    0.0	  100.0	  1	 -650.0	 2050.0	    0.0	    0.0	    0.0	1	  299.4	 21	    0.0	    5.0	
 3464	  98.97	   25.7	 1522.6	    0.0	    0.0	    0.0	    0.0	    0.0	    0.0	    0.0	    0.0	    0.0	  100.0	    0.0	    0.0	    0.0	    0.0	    0.0	  100.0	  1	 -650.0	 2050.0	    0.0	    0.0	    0.0	1	  299.4	 21	    0.0	    5.0	
 3465	  99.00	   25.7	 1522.6	    0.0	    0.0	    0.0	    0.0	    0.0	    0.0	    0.0	    0.0	    0.0	  100.0	    0.0	    0.0	    0.0	    0.0	    0.0	  100.0	  1	 -650.0	 2050.0	    0.0	    0.0	    0.0	1	  299.4	 21	    0.0	    5.0	
 3466	  99.03	   25.7	 1522.6	    0.0	    0.0	    0.0	    0.0	    0.0	    0.0	    0.0	    0.0	    0.0	  100.0	    0.0	    0.0	    0.0	    0.0	    0.0	  100.0	  1	 -650.0	 2050.0	    0.0	    0.0	    0.0	1	  299.4	 21	    0.0	    5.0	
 3467	  99.06	   25.7	 1522.6	    0.0	    0.0	    0.0	    0.0	    0.0	    0.0	    0.0	    0.0	    0.0	  100.0	    0.0	    0.0	    0.0	    0.0	    0.0	  100.0	  1	 -650.0	 2050.0	    0.0	    0.0	    0.0	1	  299.4	 21	    0.0	    5.0	
 3468	  99.09	   25.7	 1522.6	    0.0	    0.0	    0.0	    0.0	    0.0	    0.0	    0.0	    0.0	    0.0	  100.0	    0.0	    0.0	    0.0	    0.0	    0.0	  100.0	  1	 -650.0	 2050.0	    0.0	    0.0	    0.0	1	  299.4	 21	    0.0	    5.0	
 3469	  99.11	   25.7	 1522.6	    0.0	    0.0	    0.0	    0.0	    0.0	    0.0	    0.0	    0.0	    0.0	  100.0	    0.0	    0.0	    0.0	    0.0	    0.0	  100.0	  1	 -650.0	 2050.0	    0.0	    0.0	    0.0	1	  299.4	 21	    0.0	    5.0	
 3470	  99.14	   25.7	 1522.6	    0.0	    0.0	    0.0	    0.0	    0.0	    0.0	    0.0	    0.0	    0.0	  100.0	    0.0	    0.0	    0.0	    0.0	    0.0	  100.0	  1	 -650.0	 2050.0	    0.0	    0.0	    0.0	1	  299.4	 21	    0.0	    5.0	
 3471	  99.17	   25.7	 1522.6	    0.0	    0.0	    0.0	    0.0	    0.0	    0.0	    0.0	    0.0	    0.0	  100.0	    0.0	    0.0	    0.0	    0.0	    0.0	  100.0	  1	 -650.0	 2050.0	    0.0	    0.0	    0.0	1	  299.4	 21	    0.0	    5.0	
 3472	  99.20	   25.7	 1522.6	    0.0	    0.0	    0.0	    0.0	    0.0	    0.0	    0.0	    0.0	    0.0	  100.0	    0.0	    0.0	    0.0	    0.0	    0.0	  100.0	  1	 -650.0	 2050.0	    0.0	    0.0	    0.0	1	  299.4	 21	    0.0	    5.0	
 3473	  99.23	   25.7	 1522.6	    0.0	    0.0	    0.0	    0.0	    0.0	    0.0	    0.0	    0.0	    0.0	  100.0	    0.0	    0.0	    0.0	    0.0	    0.0	  100.0	  1	 -650.0	 2050.0	    0.0	    0.0	    0.0	1	  299.4	 21	    0.0	    5.0	
 3474	  99.26	   25.7	 1522.6	    0.0	    0.0	    0.0	    0.0	    0.0	    0.0	    0.0	    0.0	    0.0	  100.0	    0.0	    0.0	    0.0	    0.0	    0.0	  100.0	  1	 -650.0	 2050.0	    0.0	    0.0	    0.0	1	  299.4	 21	    0.0	    5.0	
 3475	  99.29	   25.7	 1522.6	    0.0	    0.0	    0.0	    0.0	    0.0	    0.0	    0.0	    0.0	    0.0	  100.0	    0.0	    0.0	    0.0	    0.0	    0.0	  100.0	  1	 -650.0	 2050.0	    0.0	    0.0	    0.0	1	  299.4	 21	    0.0	    5.0	
 3476	  99.31	   25.7	 1522.6	    0.0	    0.0	    0.0	    0.0	    0.0	    0.0	    0.0	    0.0	    0.0	  100.0	    0.0	    0.0	    0.0	    0.0	    0.0	  100.0	  1	 -650.0	 2050.0	    0.0	    0.0	    0.0	1	  299.4	 21	    0.0	    5.0	
 3477	  99.34	   25.7	 1522.6	    0.0	    0.0	    0.0	    0.0	    0.0	    0.0	    0.0	    0.0	    0.0	  100.0	    0.0	    0.0	    0.0	    0.0	    0.0	  100.0	  1	 -650.0	 2050.0	    0.0	    0.0	    0.0	1	  299.4	 21	    0.0	    5.0	
 3478	  99.37	   25.7	 1522.6	    0.0	    0.0	    0.0	    0.0	    0.0	    0.0	    0.0	    0.0	    0.0	  100.0	    0.0	    0.0	    0.0	    0.0	    0.0	  100.0	  1	 -650.0	 2050.0	    0.0	    0.0	    0.0	1	  299.4	 21	    0.0	    5.0	
 3479	  99.40	   25.7	 1522.6	    0.0	    0.0	    0.0	    0.0	    0.0	    0.0	    0.0	    0.0	    0.0	  100.0	    0.0	    0.0	    0.0	    0.0	    0.0	  100.0	  1	 -650.0	 2050.0	    0.0	    0.0	    0.0	1	  299.4	 21	    0.0	    5.0	
