    1	   0.10	    0.0	    0.0	    0.0	    0.0	    0.0	    0.0	    0.0	    0.0	    0.0	    0.0	    0.0	  100.0	   99.9	    0.0	    0.0	    0.0	    0.0	    0.1	  0	    0.0	    0.0	   99.9	    0.0	    0.0	1	  300.0	  1	    0.0	   -nan	
    2	   0.20	    0.0	    0.0	  -90.0	    0.0	    0.0	    0.0	    0.0	    0.0	    0.0	    0.0	    0.0	  100.0	   99.4	    0.0	    0.0	    0.0	    0.0	    0.1	  0	    0.0	    0.0	   99.4	    0.0	    0.0	1	  300.0	  1	    0.0	   -nan	
    3	   0.30	    0.0	    0.0	  -90.0	    0.0	    0.0	    0.0	    0.0	    0.0	    0.0	    0.0	    0.0	  100.0	   98.9	    0.0	    0.0	    0.0	    0.0	    0.2	  0	    0.0	    0.0	   98.9	    0.0	    0.0	1	  300.0	  1	    0.0	   -nan	
    4	   0.40	    0.0	    0.0	  -90.0	    0.0	    0.0	    0.0	    0.0	    0.0	    0.0	    0.0	    0.0	  100.0	   98.4	    0.0	    0.0	    0.0	    0.0	    0.3	  0	    0.0	    0.0	   98.4	    0.0	    0.0	1	  300.0	  1	    0.0	   -nan	
    5	   0.50	    0.0	    0.0	  -90.0	    0.0	    0.0	    0.0	    0.0	    0.0	    0.0	    0.0	    0.0	  100.0	   97.9	    0.0	    0.0	    0.0	    0.0	    0.4	  0	    0.0	    0.0	   97.9	    0.0	    0.0	1	  300.0	  1	    0.0	   -nan	
    6	   0.60	    0.0	    0.0	  -90.0	    0.0	    0.0	    0.0	    0.0	    0.0	    0.0	    0.0	    0.0	  100.0	   97.4	    0.0	    0.0	    0.0	    0.0	    0.4	  0	    0.0	    0.0	   97.4	    0.0	    0.0	1	  300.0	  1	    0.0	   -nan	
    7	   0.70	    0.0	    0.0	  -90.0	    0.0	    0.0	    0.0	    0.0	    0.0	    0.0	    0.0	    0.0	  100.0	   96.9	    0.0	    0.0	    0.0	    0.0	    0.5	  0	    0.0	    0.0	   96.9	    0.0	    0.0	1	  300.0	  1	    0.0	   -nan	
    8	   0.80	    0.0	    0.0	  -90.0	    0.0	    0.0	    0.0	    0.0	    0.0	    0.0	    0.0	    0.0	  100.0	   96.4	    0.0	    0.0	    0.0	    0.0	    0.6	  0	    0.0	    0.0	   96.4	    0.0	    0.0	1	  300.0	  1	    0.0	   -nan	
    9	   0.90	    0.0	    0.0	  -90.0	    0.0	    0.0	    0.0	    0.0	    0.0	    0.0	    0.0	    0.0	  100.0	   95.9	    0.0	    0.0	    0.0	    0.0	    0.6	  0	    0.0	    0.0	   95.9	    0.0	    0.0	1	  300.0	  1	    0.0	   -nan	
   10	   1.00	    0.0	    0.0	  -90.0	    0.0	    0.0	    0.0	    0.0	    0.0	    0.0	    0.0	    0.0	  100.0	   95.4	    0.0	    0.0	    0.0	    0.0	    0.7	  0	    0.0	    0.0	   95.4	    0.0	    0.0	1	  300.0	  1	    0.0	   -nan	
   11	   1.10	    0.0	    0.0	  -90.0	    0.0	    0.0	    0.0	    0.0	    0.0	    0.0	    0.0	    0.0	  100.0	   94.9	    0.0	    0.0	    0.0	    0.0	    0.8	  0	    0.0	    0.0	   94.9	    0.0	    0.0	1	  300.0	  1	    0.0	   -nan	
   12	   1.20	    0.0	    0.0	  -90.0	    0.0	    0.0	    0.0	    0.0	    0.0	    0.0	    0.0	    0.0	  100.0	   94.4	    0.0	    0.0	    0.0	    0.0	    0.9	  0	    0.0	    0.0	   94.4	    0.0	    0.0	1	  300.0	  1	    0.0	   -nan	
   13	   1.30	    0.0	    0.0	  -90.0	    0.0	    0.0	    0.0	    0.0	    0.0	    0.0	    0.0	    0.0	  100.0	   93.9	    0.0	    0.0	    0.0	    0.0	    0.9	  0	    0.0	    0.0	   93.9	    0.0	    0.0	1	  300.0	  1	    0.0	   -nan	
   14	   1.40	    0.0	    0.0	  -90.0	    0.0	    0.0	    0.0	    0.0	    0.0	    0.0	    0.0	    0.0	  100.0	   93.4	    0.0	    0.0	    0.0	    0.0	    1.0	  0	    0.0	    0.0	   93.4	    0.0	    0.0	1	  300.0	  1	    0.0	   -nan	
   15	   1.50	    0.0	    0.0	  -90.0	    0.0	    0.0	    0.0	    0.0	    0.0	    0.0	    0.0	    0.0	  100.0	   92.9	    0.0	    0.0	    0.0	    0.0	    1.1	  0	    0.0	    0.0	   92.9	    0.0	    0.0	1	  300.0	  1	    0.0	   -nan	
   16	   1.60	    0.0	    0.0	  -90.0	    0.0	    0.0	    0.0	    0.0	    0.0	    0.0	    0.0	    0.0	  100.0	   92.4	    0.0	    0.0	    0.0	    0.0	    1.1	  0	    0.0	    0.0	   92.4	    0.0	    0.0	1	  300.0	  1	    0.0	   -nan	
   17	   1.70	    0.0	    0.0	  -90.0	    0.0	    0.0	    0.0	    0.0	    0.0	    0.0	    0.0	    0.0	  100.0	   91.9	    0.0	    0.0	    0.0	    0.0	    1.2	  0	    0.0	    0.0	   91.9	    0.0	    0.0	1	  300.0	  1	    0.0	   -nan	
   18	   1.80	    0.0	    0.0	  -90.0	    0.0	    0.0	    0.0	    0.0	    0.0	    0.0	    0.0	    0.0	  100.0	   91.4	    0.0	    0.0	    0.0	    0.0	    1.3	  0	    0.0	    0.0	   91.4	    0.0	    0.0	1	  300.0	  1	    0.0	   -nan	
   19	   1.90	    0.0	    0.0	  -90.0	    0.0	    0.0	    0.0	    0.0	    0.0	    0.0	    0.0	    0.0	  100.0	   90.9	    0.0	    0.0	    0.0	    0.0	    1.4	  0	    0.0	    0.0	   90.9	    0.0	    0.0	1	  300.0	  1	    0.0	   -nan	
   20	   2.00	    0.0	    0.0	  -90.0	    0.0	    0.0	    0.0	    0.0	    0.0	    0.0	    0.0	    0.0	  100.0	   90.4	    0.0	    0.0	    0.0	    0.0	    1.4	  0	    0.0	    0.0	   90.4	    0.0	    0.0	1	  300.0	  1	    0.0	   -nan	
   21	   2.10	    0.0	    0.0	  -90.0	    0.0	    0.0	    0.0	    0.0	    0.0	    0.0	    0.0	    0.0	  100.0	   89.9	    0.0	    0.0	    0.0	    0.0	    1.5	  0	    0.0	    0.0	   89.9	    0.0	    0.0	1	  300.0	  1	    0.0	   -nan	
   22	   2.20	    0.0	    0.0	  -90.0	    0.0	    0.0	    0.0	    0.0	    0.0	    0.0	    0.0	    0.0	  100.0	   89.4	    0.0	    0.0	    0.0	    0.0	    1.6	  0	    0.0	    0.0	   89.4	    0.0	    0.0	1	  300.0	  1	    0.0	   -nan	
   23	   2.30	    0.0	    0.0	  -90.0	    0.0	    0.0	    0.0	    0.0	    0.0	    0.0	    0.0	    0.0	  100.0	   88.9	    0.0	    0.0	    0.0	    0.0	    1.6	  0	    0.0	    0.0	   88.9	    0.0	    0.0	1	  300.0	  1	    0.0	   -nan	
   24	   2.40	    0.0	    0.0	  -90.0	    0.0	    0.0	    0.0	    0.0	    0.0	    0.0	    0.0	    0.0	  100.0	   88.4	    0.0	    0.0	    0.0	    0.0	    1.7	  0	    0.0	    0.0	   88.4	    0.0	    0.0	1	  300.0	  1	    0.0	   -nan	
   25	   2.50	    0.0	    0.0	  -90.0	    0.0	    0.0	    0.0	    0.0	    0.0	    0.0	    0.0	    0.0	  100.0	   87.9	    0.0	    0.0	    0.0	    0.0	    1.8	  0	    0.0	    0.0	   87.9	    0.0	    0.0	1	  300.0	  1	    0.0	   -nan	
   26	   2.60	    0.0	    0.0	  -90.0	    0.0	    0.0	    0.0	    0.0	    0.0	    0.0	    0.0	    0.0	  100.0	   87.4	    0.0	    0.0	    0.0	    0.0	    1.9	  0	    0.0	    0.0	   87.4	    0.0	    0.0	1	  300.0	  1	    0.0	   -nan	
   27	   2.70	    0.0	    0.0	  -90.0	    0.0	    0.0	    0.0	    0.0	    0.0	    0.0	    0.0	    0.0	  100.0	   86.9	    0.0	    0.0	    0.0	    0.0	    1.9	  0	    0.0	    0.0	   86.9	    0.0	    0.0	1	  300.0	  1	    0.0	   -nan	
   28	   2.80	    0.0	    0.0	  -90.0	    0.0	    0.0	    0.0	    0.0	    0.0	    0.0	    0.0	    0.0	  100.0	   86.4	    0.0	    0.0	    0.0	    0.0	    2.0	  0	    0.0	    0.0	   86.4	    0.0	    0.0	1	  300.0	  1	    0.0	   -nan	
   29	   2.90	    0.0	    0.0	  -90.0	    0.0	    0.0	    0.0	    0.0	    0.0	    0.0	    0.0	    0.0	  100.0	   85.9	    0.0	    0.0	    0.0	    0.0	    2.1	  0	    0.0	    0.0	   85.9	    0.0	    0.0	1	  300.0	  1	    0.0	   -nan	
   30	   3.00	    0.0	    0.0	  -90.0	    0.0	    0.0	    0.0	    0.0	    0.0	    0.0	    0.0	    0.0	  100.0	   85.4	    0.0	    0.0	    0.0	    0.0	    2.1	  0	    0.0	    0.0	   85.4	    0.0	    0.0	1	  300.0	  1	    0.0	   -nan	
   31	   3.10	    0.0	    0.0	  -90.0	    0.0	    0.0	    0.0	    0.0	    0.0	    0.0	    0.0	    0.0	  100.0	   84.9	    0.0	    0.0	    0.0	    0.0	    2.2	  0	    0.0	    0.0	   84.9	    0.0	    0.0	1	  300.0	  1	    0.0	   -nan	
   32	   3.20	    0.0	    0.0	  -90.0	    0.0	    0.0	    0.0	    0.0	    0.0	    0.0	    0.0	    0.0	  100.0	   84.4	    0.0	    0.0	    0.0	    0.0	    2.3	  0	    0.0	    0.0	   84.4	    0.0	    0.0	1	  300.0	  1	    0.0	   -nan	
   33	   3.30	    0.0	    0.0	  -90.0	    0.0	    0.0	    0.0	    0.0	    0.0	    0.0	    0.0	    0.0	  100.0	   83.9	    0.0	    0.0	    0.0	    0.0	    2.4	  0	    0.0	    0.0	   83.9	    0.0	    0.0	1	  300.0	  1	    0.0	   -nan	
   34	   3.40	    0.0	    0.0	  -90.0	    0.0	    0.0	    0.0	    0.0	    0.0	    0.0	    0.0	    0.0	  100.0	   83.4	    0.0	    0.0	    0.0	    0.0	    2.4	  0	    0.0	    0.0	   83.4	    0.0	    0.0	1	  300.0	  1	    0.0	   -nan	
   35	   3.50	    0.0	    0.0	  -90.0	    0.0	    0.0	    0.0	    0.0	    0.0	    0.0	    0.0	    0.0	  100.0	   82.9	    0.0	    0.0	    0.0	    0.0	    2.5	  0	    0.0	    0.0	   82.9	    0.0	    0.0	1	  300.0	  1	    0.0	   -nan	
   36	   3.60	    0.0	    0.0	  -90.0	    0.0	    0.0	    0.0	    0.0	    0.0	    0.0	    0.0	    0.0	  100.0	   82.4	    0.0	    0.0	    0.0	    0.0	    2.6	  0	    0.0	    0.0	   82.4	    0.0	    0.0	1	  300.0	  1	    0.0	   -nan	
   37	   3.70	    0.0	    0.0	  -90.0	    0.0	    0.0	    0.0	    0.0	    0.0	    0.0	    0.0	    0.0	  100.0	   81.9	    0.0	    0.0	    0.0	    0.0	    2.6	  0	    0.0	    0.0	   81.9	    0.0	    0.0	1	  300.0	  1	    0.0	   -nan	
   38	   3.80	    0.0	    0.0	  -90.0	    0.0	    0.0	    0.0	    0.0	    0.0	    0.0	    0.0	    0.0	  100.0	   81.4	    0.0	    0.0	    0.0	    0.0	    2.7	  0	    0.0	    0.0	   81.4	    0.0	    0.0	1	  300.0	  1	    0.0	   -nan	
   39	   3.90	    0.0	    0.0	  -90.0	    0.0	    0.0	    0.0	    0.0	    0.0	    0.0	    0.0	    0.0	  100.0	   80.9	    0.0	    0.0	    0.0	    0.0	    2.8	  0	    0.0	    0.0	   80.9	    0.0	    0.0	1	  300.0	  1	    0.0	   -nan	
   40	   4.00	    0.0	    0.0	  -90.0	    0.0	    0.0	    0.0	    0.0	    0.0	    0.0	    0.0	    0.0	  100.0	   80.4	    0.0	    0.0	    0.0	    0.0	    2.9	  0	    0.0	    0.0	   80.4	    0.0	    0.0	1	  300.0	  1	    0.0	   -nan	
   41	   4.10	    0.0	    0.0	  -90.0	    0.0	    0.0	    0.0	    0.0	    0.0	    0.0	    0.0	    0.0	  100.0	   79.9	    0.0	    0.0	    0.0	    0.0	    2.9	  0	    0.0	    0.0	   79.9	    0.0	    0.0	1	  300.0	  1	    0.0	   -nan	
   42	   4.20	    0.0	    0.0	  -90.0	    0.0	    0.0	    0.0	    0.0	    0.0	    0.0	    0.0	    0.0	  100.0	   79.4	    0.0	    0.0	    0.0	    0.0	    3.0	  0	    0.0	    0.0	   79.4	    0.0	    0.0	1	  300.0	  1	    0.0	   -nan	
   43	   4.30	    0.0	    0.0	  -90.0	    0.0	    0.0	    0.0	    0.0	    0.0	    0.0	    0.0	    0.0	  100.0	   78.9	    0.0	    0.0	    0.0	    0.0	    3.1	  0	    0.0	    0.0	   78.9	    0.0	    0.0	1	  300.0	  1	    0.0	   -nan	
   44	   4.40	    0.0	    0.0	  -90.0	    0.0	    0.0	    0.0	    0.0	    0.0	    0.0	    0.0	    0.0	  100.0	   78.4	    0.0	    0.0	    0.0	    0.0	    3.1	  0	    0.0	    0.0	   78.4	    0.0	    0.0	1	  300.0	  1	    0.0	   -nan	
   45	   4.50	    0.0	    0.0	  -90.0	    0.0	    0.0	    0.0	    0.0	    0.0	    0.0	    0.0	    0.0	  100.0	   77.9	    0.0	    0.0	    0.0	    0.0	    3.2	  0	    0.0	    0.0	   77.9	    0.0	    0.0	1	  300.0	  1	    0.0	   -nan	
   46	   4.60	    0.0	    0.0	  -90.0	    0.0	    0.0	    0.0	    0.0	    0.0	    0.0	    0.0	    0.0	  100.0	   77.4	    0.0	    0.0	    0.0	    0.0	    3.3	  0	    0.0	    0.0	   77.4	    0.0	    0.0	1	  300.0	  1	    0.0	   -nan	
   47	   4.70	    0.0	    0.0	  -90.0	    0.0	    0.0	    0.0	    0.0	    0.0	    0.0	    0.0	    0.0	  100.0	   76.9	    0.0	    0.0	    0.0	    0.0	    3.4	  0	    0.0	    0.0	   76.9	    0.0	    0.0	1	  300.0	  1	    0.0	   -nan	
   48	   4.80	    0.0	    0.0	  -90.0	    0.0	    0.0	    0.0	    0.0	    0.0	    0.0	    0.0	    0.0	  100.0	   76.4	    0.0	    0.0	    0.0	    0.0	    3.4	  0	    0.0	    0.0	   76.4	    0.0	    0.0	1	  300.0	  1	    0.0	   -nan	
   49	   4.90	    0.0	    0.0	  -90.0	    0.0	    0.0	    0.0	    0.0	    0.0	    0.0	    0.0	    0.0	  100.0	   75.9	    0.0	    0.0	    0.0	    0.0	    3.5	  0	    0.0	    0.0	   75.9	    0.0	    0.0	1	  300.0	  1	    0.0	   -nan	
   50	   5.00	    0.0	    0.0	  -90.0	    0.0	    0.0	    0.0	    0.0	    0.0	    0.0	    0.0	    0.0	  100.0	   75.4	    0.0	    0.0	    0.0	    0.0	    3.6	  0	    0.0	    0.0	   75.4	    0.0	    0.0	1	  300.0	  1	    0.0	   -nan	
   51	   5.10	    0.0	    0.0	  -90.0	    0.0	    0.0	    0.0	    0.0	    0.0	    0.0	    0.0	    0.0	  100.0	   74.9	    0.0	    0.0	    0.0	    0.0	    3.6	  0	    0.0	    0.0	   74.9	    0.0	    0.0	1	  300.0	  1	    0.0	   -nan	
   52	   5.20	    0.0	    0.0	  -90.0	    0.0	    0.0	    0.0	    0.0	    0.0	    0.0	    0.0	    0.0	  100.0	   74.4	    0.0	    0.0	    0.0	    0.0	    3.7	  0	    0.0	    0.0	   74.4	    0.0	    0.0	1	  300.0	  1	    0.0	   -nan	
   53	   5.30	    0.0	    0.0	  -90.0	    0.0	    0.0	    0.0	    0.0	    0.0	    0.0	    0.0	    0.0	  100.0	   73.9	    0.0	    0.0	    0.0	    0.0	    3.8	  0	    0.0	    0.0	   73.9	    0.0	    0.0	1	  300.0	  1	    0.0	   -nan	
   54	   5.40	    0.0	    0.0	  -90.0	    0.0	    0.0	    0.0	    0.0	    0.0	    0.0	    0.0	    0.0	  100.0	   73.4	    0.0	    0.0	    0.0	    0.0	    3.9	  0	    0.0	    0.0	   73.4	    0.0	    0.0	1	  300.0	  1	    0.0	   -nan	
   55	   5.50	    0.0	    0.0	  -90.0	    0.0	    0.0	    0.0	    0.0	    0.0	    0.0	    0.0	    0.0	  100.0	   72.9	    0.0	    0.0	    0.0	    0.0	    3.9	  0	    0.0	    0.0	   72.9	    0.0	    0.0	1	  300.0	  1	    0.0	   -nan	
   56	   5.60	    0.0	    0.0	  -90.0	    0.0	    0.0	    0.0	    0.0	    0.0	    0.0	    0.0	    0.0	  100.0	   72.4	    0.0	    0.0	    0.0	    0.0	    4.0	  0	    0.0	    0.0	   72.4	    0.0	    0.0	1	  300.0	  1	    0.0	   -nan	
   57	   5.70	    0.0	    0.0	  -90.0	    0.0	    0.0	    0.0	    0.0	    0.0	    0.0	    0.0	    0.0	  100.0	   71.9	    0.0	    0.0	    0.0	    0.0	    4.1	  0	    0.0	    0.0	   71.9	    0.0	    0.0	1	  300.0	  1	    0.0	   -nan	
   58	   5.80	    0.0	    0.0	  -90.0	    0.0	    0.0	    0.0	    0.0	    0.0	    0.0	    0.0	    0.0	  100.0	   71.4	    0.0	    0.0	    0.0	    0.0	    4.1	  0	    0.0	    0.0	   71.4	    0.0	    0.0	1	  300.0	  1	    0.0	   -nan	
   59	   5.90	    0.0	    0.0	  -90.0	    0.0	    0.0	    0.0	    0.0	    0.0	    0.0	    0.0	    0.0	  100.0	   70.9	    0.0	    0.0	    0.0	    0.0	    4.2	  0	    0.0	    0.0	   70.9	    0.0	    0.0	1	  300.0	  1	    0.0	   -nan	
   60	   6.00	    0.0	    0.0	  -90.0	    0.0	    0.0	    0.0	    0.0	    0.0	    0.0	    0.0	    0.0	  100.0	   70.4	    0.0	    0.0	    0.0	    0.0	    4.3	  0	    0.0	    0.0	   70.4	    0.0	    0.0	1	  300.0	  1	    0.0	   -nan	
   61	   6.10	    0.0	    0.0	  -90.0	    0.0	    0.0	    0.0	    0.0	    0.0	    0.0	    0.0	    0.0	  100.0	   69.9	    0.0	    0.0	    0.0	    0.0	    4.4	  0	    0.0	    0.0	   69.9	    0.0	    0.0	1	  300.0	  1	    0.0	   -nan	
   62	   6.20	    0.0	    0.0	  -90.0	    0.0	    0.0	    0.0	    0.0	    0.0	    0.0	    0.0	    0.0	  100.0	   69.4	    0.0	    0.0	    0.0	    0.0	    4.4	  0	    0.0	    0.0	   69.4	    0.0	    0.0	1	  300.0	  1	    0.0	   -nan	
   63	   6.30	    0.0	    0.0	  -90.0	    0.0	    0.0	    0.0	    0.0	    0.0	    0.0	    0.0	    0.0	  100.0	   68.9	    0.0	    0.0	    0.0	    0.0	    4.5	  0	    0.0	    0.0	   68.9	    0.0	    0.0	1	  300.0	  1	    0.0	   -nan	
   64	   6.40	    0.0	    0.0	  -90.0	    0.0	    0.0	    0.0	    0.0	    0.0	    0.0	    0.0	    0.0	  100.0	   68.4	    0.0	    0.0	    0.0	    0.0	    4.6	  0	    0.0	    0.0	   68.4	    0.0	    0.0	1	  300.0	  1	    0.0	   -nan	
   65	   6.50	    0.0	    0.0	  -90.0	    0.0	    0.0	    0.0	    0.0	    0.0	    0.0	    0.0	    0.0	  100.0	   67.9	    0.0	    0.0	    0.0	    0.0	    4.6	  0	    0.0	    0.0	   67.9	    0.0	    0.0	1	  300.0	  1	    0.0	   -nan	
   66	   6.60	    0.0	    0.0	  -90.0	    0.0	    0.0	    0.0	    0.0	    0.0	    0.0	    0.0	    0.0	  100.0	   67.4	    0.0	    0.0	    0.0	    0.0	    4.7	  0	    0.0	    0.0	   67.4	    0.0	    0.0	1	  300.0	  1	    0.0	   -nan	
   67	   6.70	    0.0	    0.0	  -90.0	    0.0	    0.0	    0.0	    0.0	    0.0	    0.0	    0.0	    0.0	  100.0	   66.9	    0.0	    0.0	    0.0	    0.0	    4.8	  0	    0.0	    0.0	   66.9	    0.0	    0.0	1	  300.0	  1	    0.0	   -nan	
   68	   6.80	    0.0	    0.0	  -90.0	    0.0	    0.0	    0.0	    0.0	    0.0	    0.0	    0.0	    0.0	  100.0	   66.4	    0.0	    0.0	    0.0	    0.0	    4.9	  0	    0.0	    0.0	   66.4	    0.0	    0.0	1	  300.0	  1	    0.0	   -nan	
   69	   6.90	    0.0	    0.0	  -90.0	    0.0	    0.0	    0.0	    0.0	    0.0	    0.0	    0.0	    0.0	  100.0	   65.9	    0.0	    0.0	    0.0	    0.0	    4.9	  0	    0.0	    0.0	   65.9	    0.0	    0.0	1	  300.0	  1	    0.0	   -nan	
   70	   7.00	    0.0	    0.0	  -90.0	    0.0	    0.0	    0.0	    0.0	    0.0	    0.0	    0.0	    0.0	  100.0	   65.4	    0.0	    0.0	    0.0	    0.0	    5.0	  0	    0.0	    0.0	   65.4	    0.0	    0.0	1	  300.0	  1	    0.0	   -nan	
   71	   7.10	    0.0	    0.0	  -90.0	    0.0	    0.0	    0.0	    0.0	    0.0	    0.0	    0.0	    0.0	  100.0	   64.9	    0.0	    0.0	    0.0	    0.0	    5.1	  0	    0.0	    0.0	   64.9	    0.0	    0.0	1	  300.0	  1	    0.0	   -nan	
   72	   7.20	    0.0	    0.0	  -90.0	    0.0	    0.0	    0.0	    0.0	    0.0	    0.0	    0.0	    0.0	  100.0	   64.4	    0.0	    0.0	    0.0	    0.0	    5.1	  0	    0.0	    0.0	   64.4	    0.0	    0.0	1	  300.0	  1	    0.0	   -nan	
   73	   7.30	    0.0	    0.0	  -90.0	    0.0	    0.0	    0.0	    0.0	    0.0	    0.0	    0.0	    0.0	  100.0	   63.9	    0.0	    0.0	    0.0	    0.0	    5.2	  0	    0.0	    0.0	   63.9	    0.0	    0.0	1	  300.0	  1	    0.0	   -nan	
   74	   7.40	    0.0	    0.0	  -90.0	    0.0	    0.0	    0.0	    0.0	    0.0	    0.0	    0.0	    0.0	  100.0	   63.4	    0.0	    0.0	    0.0	    0.0	    5.3	  0	    0.0	    0.0	   63.4	    0.0	    0.0	1	  300.0	  1	    0.0	   -nan	
   75	   7.50	    0.0	    0.0	  -90.0	    0.0	    0.0	    0.0	    0.0	    0.0	    0.0	    0.0	    0.0	  100.0	   62.9	    0.0	    0.0	    0.0	    0.0	    5.4	  0	    0.0	    0.0	   62.9	    0.0	    0.0	1	  300.0	  1	    0.0	   -nan	
   76	   7.60	    0.0	    0.0	  -90.0	    0.0	    0.0	    0.0	    0.0	    0.0	    0.0	    0.0	    0.0	  100.0	   62.4	    0.0	    0.0	    0.0	    0.0	    5.4	  0	    0.0	    0.0	   62.4	    0.0	    0.0	1	  300.0	  1	    0.0	   -nan	
   77	   7.70	    0.0	    0.0	  -90.0	    0.0	    0.0	    0.0	    0.0	    0.0	    0.0	    0.0	    0.0	  100.0	   61.9	    0.0	    0.0	    0.0	    0.0	    5.5	  0	    0.0	    0.0	   61.9	    0.0	    0.0	1	  300.0	  1	    0.0	   -nan	
   78	   7.80	    0.0	    0.0	  -90.0	    0.0	    0.0	    0.0	    0.0	    0.0	    0.0	    0.0	    0.0	  100.0	   61.4	    0.0	    0.0	    0.0	    0.0	    5.6	  0	    0.0	    0.0	   61.4	    0.0	    0.0	1	  300.0	  1	    0.0	   -nan	
   79	   7.90	    0.0	    0.0	  -90.0	    0.0	    0.0	    0.0	    0.0	    0.0	    0.0	    0.0	    0.0	  100.0	   60.9	    0.0	    0.0	    0.0	    0.0	    5.6	  0	    0.0	    0.0	   60.9	    0.0	    0.0	1	  300.0	  1	    0.0	   -nan	
   80	   8.00	    0.0	    0.0	  -90.0	    0.0	    0.0	    0.0	    0.0	    0.0	    0.0	    0.0	    0.0	  100.0	   60.4	    0.0	    0.0	    0.0	    0.0	    5.7	  0	    0.0	    0.0	   60.4	    0.0	    0.0	1	  300.0	  1	    0.0	   -nan	
   81	   8.10	    0.0	    0.0	  -90.0	    0.0	    0.0	    0.0	    0.0	    0.0	    0.0	    0.0	    0.0	  100.0	   59.9	    0.0	    0.0	    0.0	    0.0	    5.8	  0	    0.0	    0.0	   59.9	    0.0	    0.0	1	  300.0	  1	    0.0	   -nan	
   82	   8.20	    0.0	    0.0	  -90.0	    0.0	    0.0	    0.0	    0.0	    0.0	    0.0	    0.0	    0.0	  100.0	   59.4	    0.0	    0.0	    0.0	    0.0	    5.9	  0	    0.0	    0.0	   59.4	    0.0	    0.0	1	  300.0	  1	    0.0	   -nan	
   83	   8.30	    0.0	    0.0	  -90.0	    0.0	    0.0	    0.0	    0.0	    0.0	    0.0	    0.0	    0.0	  100.0	   58.9	    0.0	    0.0	    0.0	    0.0	    5.9	  0	    0.0	    0.0	   58.9	    0.0	    0.0	1	  300.0	  1	    0.0	   -nan	
   84	   8.40	    0.0	    0.0	  -90.0	    0.0	    0.0	    0.0	    0.0	    0.0	    0.0	    0.0	    0.0	  100.0	   58.4	    0.0	    0.0	    0.0	    0.0	    6.0	  0	    0.0	    0.0	   58.4	    0.0	    0.0	1	  300.0	  1	    0.0	   -nan	
   85	   8.50	    0.0	    0.0	  -90.0	    0.0	    0.0	    0.0	    0.0	    0.0	    0.0	    0.0	    0.0	  100.0	   57.9	    0.0	    0.0	    0.0	    0.0	    6.1	  0	    0.0	    0.0	   57.9	    0.0	    0.0	1	  300.0	  1	    0.0	   -nan	
   86	   8.60	    0.0	    0.0	  -90.0	    0.0	    0.0	    0.0	    0.0	    0.0	    0.0	    0.0	    0.0	  100.0	   57.4	    0.0	    0.0	    0.0	    0.0	    6.1	  0	    0.0	    0.0	   57.4	    0.0	    0.0	1	  300.0	  1	    0.0	   -nan	
   87	   8.70	    0.0	    0.0	  -90.0	    0.0	    0.0	    0.0	    0.0	    0.0	    0.0	    0.0	    0.0	  100.0	   56.9	    0.0	    0.0	    0.0	    0.0	    6.2	  0	    0.0	    0.0	   56.9	    0.0	    0.0	1	  300.0	  1	    0.0	   -nan	
   88	   8.80	    0.0	    0.0	  -90.0	    0.0	    0.0	    0.0	    0.0	    0.0	    0.0	    0.0	    0.0	  100.0	   56.4	    0.0	    0.0	    0.0	    0.0	    6.3	  0	    0.0	    0.0	   56.4	    0.0	    0.0	1	  300.0	  1	    0.0	   -nan	
   89	   8.90	    0.0	    0.0	  -90.0	    0.0	    0.0	    0.0	    0.0	    0.0	    0.0	    0.0	    0.0	  100.0	   55.9	    0.0	    0.0	    0.0	    0.0	    6.4	  0	    0.0	    0.0	   55.9	    0.0	    0.0	1	  300.0	  1	    0.0	   -nan	
   90	   9.00	    0.0	    0.0	  -90.0	    0.0	    0.0	    0.0	    0.0	    0.0	    0.0	    0.0	    0.0	  100.0	   55.4	    0.0	    0.0	    0.0	    0.0	    6.4	  0	    0.0	    0.0	   55.4	    0.0	    0.0	1	  300.0	  1	    0.0	   -nan	
   91	   9.10	    0.0	    0.0	  -90.0	    0.0	    0.0	    0.0	    0.0	    0.0	    0.0	    0.0	    0.0	  100.0	   54.9	    0.0	    0.0	    0.0	    0.0	    6.5	  0	    0.0	    0.0	   54.9	    0.0	    0.0	1	  300.0	  1	    0.0	   -nan	
   92	   9.20	    0.0	    0.0	  -90.0	    0.0	    0.0	    0.0	    0.0	    0.0	    0.0	    0.0	    0.0	  100.0	   54.4	    0.0	    0.0	    0.0	    0.0	    6.6	  0	    0.0	    0.0	   54.4	    0.0	    0.0	1	  300.0	  1	    0.0	   -nan	
   93	   9.30	    0.0	    0.0	  -90.0	    0.0	    0.0	    0.0	    0.0	    0.0	    0.0	    0.0	    0.0	  100.0	   53.9	    0.0	    0.0	    0.0	    0.0	    6.6	  0	    0.0	    0.0	   53.9	    0.0	    0.0	1	  300.0	  1	    0.0	   -nan	
   94	   9.40	    0.0	    0.0	  -90.0	    0.0	    0.0	    0.0	    0.0	    0.0	    0.0	    0.0	    0.0	  100.0	   53.4	    0.0	    0.0	    0.0	    0.0	    6.7	  0	    0.0	    0.0	   53.4	    0.0	    0.0	1	  300.0	  1	    0.0	   -nan	
   95	   9.50	    0.0	    0.0	  -90.0	    0.0	    0.0	    0.0	    0.0	    0.0	    0.0	    0.0	    0.0	  100.0	   52.9	    0.0	    0.0	    0.0	    0.0	    6.8	  0	    0.0	    0.0	   52.9	    0.0	    0.0	1	  300.0	  1	    0.0	   -nan	
   96	   9.60	    0.0	    0.0	  -90.0	    0.0	    0.0	    0.0	    0.0	    0.0	    0.0	    0.0	    0.0	  100.0	   52.4	    0.0	    0.0	    0.0	    0.0	    6.9	  0	    0.0	    0.0	   52.4	    0.0	    0.0	1	  300.0	  1	    0.0	   -nan	
   97	   9.70	    0.0	    0.0	  -90.0	    0.0	    0.0	    0.0	    0.0	    0.0	    0.0	    0.0	    0.0	  100.0	   51.9	    0.0	    0.0	    0.0	    0.0	    6.9	  0	    0.0	    0.0	   51.9	    0.0	    0.0	1	  300.0	  1	    0.0	   -nan	
   98	   9.80	    0.0	    0.0	  -90.0	    0.0	    0.0	    0.0	    0.0	    0.0	    0.0	    0.0	    0.0	  100.0	   51.4	    0.0	    0.0	    0.0	    0.0	    7.0	  0	    0.0	    0.0	   51.4	    0.0	    0.0	1	  300.0	  1	    0.0	   -nan	
   99	   9.90	  372.4	    0.0	  -90.0	    0.0	    0.0	    0.0	    0.0	    0.0	    0.0	    0.0	    0.0	  100.0	   50.9	    0.0	    0.0	    0.0	    0.0	    7.0	  0	    0.0	    0.0	   50.9	    0.0	    0.0	1	  265.3	  1	    0.0	   -nan	
  100	  10.00	  372.4	    0.0	   -0.8	    0.0	    0.0	    0.0	    0.0	  869.5	    0.0	    0.0	    0.0	  100.0	   50.5	    0.0	    0.0	    0.0	    0.0	    7.1	  0	    0.0	    0.0	   50.5	    0.0	    0.0	1	  285.9	  1	    0.0	   -nan	
  101	  10.10	  372.4	    0.0	   -0.2	    0.0	    0.0	    0.0	    0.0	  866.4	    0.0	    0.0	    0.0	  100.0	   50.0	    0.0	    0.0	    0.0	    0.0	    7.1	  0	    0.0	    0.0	   50.0	    0.0	    0.0	1	  285.7	  1	    0.0	   -nan	
  102	  10.20	  372.4	    0.0	   -0.2	    0.0	    0.0	    0.0	    0.0	  864.5	    0.0	    0.0	    0.0	  100.0	   49.5	    0.0	    0.0	    0.0	    0.0	    7.2	  0	    0.0	    0.0	   49.5	    0.0	    0.0	1	  285.6	  1	    0.0	   -nan	
  103	  10.30	  372.4	    0.0	   -0.2	    0.0	    0.0	    0.0	    0.0	  864.3	    0.0	    0.0	    0.0	  100.0	   49.0	    0.0	    0.0	    0.0	    0.0	    7.3	  0	    0.0	    0.0	   49.0	    0.0	    0.0	1	  285.6	  1	    0.0	   -nan	
  104	  10.40	  372.4	    0.0	   -0.2	    0.0	    0.0	    0.0	    0.0	  863.0	    0.0	    0.0	    0.0	  100.0	   48.5	    0.0	    0.0	    0.0	    0.0	    7.3	  0	    0.0	    0.0	   48.5	    0.0	    0.0	1	  285.6	  1	    0.0	   -nan	
  105	  10.50	  372.4	    0.0	   -0.2	    0.0	    0.0	    0.0	    0.0	  860.9	    0.0	    0.0	    0.0	  100.0	   48.1	    0.0	    0.0	    0.0	    0.0	    7.4	  0	    0.0	    0.0	   48.1	    0.0	    0.0	1	  285.4	  1	    0.0	   -nan	
  106	  10.60	  372.4	    0.0	   -0.2	    0.0	    0.0	    0.0	    0.0	  859.1	    0.0	    0.0	    0.0	  100.0	   47.6	    0.0	    0.0	    0.0	    0.0	    7.5	  0	    0.0	    0.0	   47.6	    0.0	    0.0	1	  285.3	  1	    0.0	   -nan	
  107	  10.70	  372.4	    0.0	   -0.3	    0.0	    0.0	    0.0	    0.0	  856.8	    0.0	    0.0	    0.0	  100.0	   47.1	    0.0	    0.0	    0.0	    0.0	    7.5	  0	    0.0	    0.0	   47.1	    0.0	    0.0	1	  285.2	  1	    0.0	   -nan	
  108	  10.80	  372.4	    0.0	   -0.3	    0.0	    0.0	    0.0	    0.0	  856.8	    0.0	    0.0	    0.0	  100.0	   46.6	    0.0	    0.0	    0.0	    0.0	    7.6	  0	    0.0	    0.0	   46.6	    0.0	    0.0	1	  285.2	  1	    0.0	   -nan	
  109	  10.90	  372.4	    0.0	   -0.3	    0.0	    0.0	    0.0	    0.0	  856.5	    0.0	    0.0	    0.0	  100.0	   46.1	    0.0	    0.0	    0.0	    0.0	    7.7	  0	    0.0	    0.0	   46.1	    0.0	    0.0	1	  285.2	  1	    0.0	   -nan	
  110	  11.00	  372.4	    0.0	   -0.3	    0.0	    0.0	    0.0	    0.0	  856.8	    0.0	    0.0	    0.0	  100.0	   45.6	    0.0	    0.0	    0.0	    0.0	    7.7	  0	    0.0	    0.0	   45.6	    0.0	    0.0	1	  285.2	  1	    0.0	   -nan	
  111	  11.10	  372.4	    0.0	   -0.3	    0.0	    0.0	    0.0	    0.0	  857.0	    0.0	    0.0	    0.0	  100.0	   45.2	    0.0	    0.0	    0.0	    0.0	    7.8	  0	    0.0	    0.0	   45.2	    0.0	    0.0	1	  285.2	  1	    0.0	   -nan	
  112	  11.20	  372.4	    0.0	   -0.3	    0.0	    0.0	    0.0	    0.0	  855.6	    0.0	    0.0	    0.0	  100.0	   44.7	    0.0	    0.0	    0.0	    0.0	    7.9	  0	    0.0	    0.0	   44.7	    0.0	    0.0	1	  285.2	  1	    0.0	   -nan	
  113	  11.30	  372.4	    0.0	   -0.3	    0.0	    0.0	    0.0	    0.0	  855.6	    0.0	    0.0	    0.0	  100.0	   44.2	    0.0	    0.0	    0.0	    0.0	    8.0	  0	    0.0	    0.0	   44.2	    0.0	    0.0	1	  285.2	  1	    0.0	   -nan	
  114	  11.40	  372.4	    0.0	   -0.3	    0.0	    0.0	    0.0	    0.0	  854.1	    0.0	    0.0	    0.0	  100.0	   43.7	    0.0	    0.0	    0.0	    0.0	    8.0	  0	    0.0	    0.0	   43.7	    0.0	    0.0	1	  285.1	  1	    0.0	   -nan	
  115	  11.50	  372.4	    0.0	   -0.4	    0.0	    0.0	    0.0	    0.0	  852.9	    0.0	    0.0	    0.0	  100.0	   43.2	    0.0	    0.0	    0.0	    0.0	    8.1	  0	    0.0	    0.0	   43.2	    0.0	    0.0	1	  285.0	  1	    0.0	   -nan	
  116	  11.60	  372.4	    0.0	   -0.5	    0.0	    0.0	    0.0	    0.0	  853.1	    0.0	    0.0	    0.0	  100.0	   42.7	    0.0	    0.0	    0.0	    0.0	    8.2	  0	    0.0	    0.0	   42.7	    0.0	    0.0	1	  285.0	  1	    0.0	   -nan	
  117	  11.70	  372.4	    0.0	   -0.5	    0.0	    0.0	    0.0	    0.0	  854.7	    0.0	    0.0	    0.0	  100.0	   42.3	    0.0	    0.0	    0.0	    0.0	    8.2	  0	    0.0	    0.0	   42.3	    0.0	    0.0	1	  285.1	  1	    0.0	   -nan	
  118	  11.80	  372.4	    0.0	   -0.3	    0.0	    0.0	    0.0	    0.0	  853.6	    0.0	    0.0	    0.0	  100.0	   41.8	    0.0	    0.0	    0.0	    0.0	    8.3	  0	    0.0	    0.0	   41.8	    0.0	    0.0	1	  285.1	  1	    0.0	   -nan	
  119	  11.90	  372.4	    0.0	   -0.5	    0.0	    0.0	    0.0	    0.0	  853.8	    0.0	    0.0	    0.0	  100.0	   41.3	    0.0	    0.0	    0.0	    0.0	    8.4	  0	    0.0	    0.0	   41.3	    0.0	    0.0	1	  285.1	  1	    0.0	   -nan	
  120	  12.00	  372.4	    0.0	   -0.4	    0.0	    0.0	    0.0	    0.0	  854.4	    0.0	    0.0	    0.0	  100.0	   40.8	    0.0	    0.0	    0.0	    0.0	    8.5	  0	    0.0	    0.0	   40.8	    0.0	    0.0	1	  285.1	  1	    0.0	   -nan	
  121	  12.10	  372.4	    0.0	   -0.3	    0.0	    0.0	    0.0	    0.0	  855.0	    0.0	    0.0	    0.0	  100.0	   40.3	    0.0	    0.0	    0.0	    0.0	    8.5	  0	    0.0	    0.0	   40.3	    0.0	    0.0	1	  285.1	  1	    0.0	   -nan	
  122	  12.20	  372.4	    0.0	   -0.0	    0.0	    0.0	    0.0	    0.0	  855.9	    0.0	    0.0	    0.0	  100.0	   39.8	    0.0	    0.0	    0.0	    0.0	    8.6	  0	    0.0	    0.0	   39.8	    0.0	    0.0	1	  285.2	  1	    0.0	   -nan	
  123	  12.30	  372.4	    0.0	    0.4	    0.0	    0.0	    0.0	    0.0	  856.5	    0.0	    0.0	    0.0	  100.0	   39.4	    0.0	    0.0	    0.0	    0.0	    8.7	  0	    0.0	    0.0	   39.4	    0.0	    0.0	1	  285.2	  1	    0.0	   -nan	
  124	  12.40	  372.4	    0.0	    0.8	    0.0	    0.0	    0.0	    0.0	  855.9	    0.0	    0.0	    0.0	  100.0	   38.9	    0.0	    0.0	    0.0	    0.0	    8.7	  0	    0.0	    0.0	   38.9	    0.0	    0.0	1	  285.2	  1	    0.0	   -nan	
  125	  12.50	  372.4	    0.0	    0.3	    0.0	    0.0	    0.0	    0.0	  856.8	    0.0	    0.0	    0.0	  100.0	   38.4	    0.0	    0.0	    0.0	    0.0	    8.8	  0	    0.0	    0.0	   38.4	    0.0	    0.0	1	  285.2	  1	    0.0	   -nan	
  126	  12.60	  372.4	    0.0	    1.2	    0.0	    0.0	    0.0	    0.0	  857.0	    0.0	    0.0	    0.0	  100.0	   37.9	    0.0	    0.0	    0.0	    0.0	    8.9	  0	    0.0	    0.0	   37.9	    0.0	    0.0	1	  285.2	  1	    0.0	   -nan	
  127	  12.70	  372.4	    0.0	    1.4	    0.0	    0.0	    0.0	    0.0	  856.5	    0.0	    0.0	    0.0	  100.0	   37.4	    0.0	    0.0	    0.0	    0.0	    9.0	  0	    0.0	    0.0	   37.4	    0.0	    0.0	1	  285.2	  1	    0.0	   -nan	
  128	  12.80	  372.4	    0.0	    0.6	    0.0	    0.0	    0.0	    0.0	  857.4	    0.0	    0.0	    0.0	  100.0	   36.9	    0.0	    0.0	    0.0	    0.0	    9.0	  0	    0.0	    0.0	   36.9	    0.0	    0.0	1	  285.3	  1	    0.0	   -nan	
  129	  12.90	  372.4	    0.0	    2.3	    0.0	    0.0	    0.0	    0.0	  857.1	    0.0	    0.0	    0.0	  100.0	   36.5	    0.0	    0.0	    0.0	    0.0	    9.1	  0	    0.0	    0.0	   36.5	    0.0	    0.0	1	  285.2	  1	    0.0	   -nan	
  130	  13.00	  372.4	    0.0	   53.0	    0.0	    0.0	    0.0	    0.0	  857.4	    0.0	    0.0	    0.0	  100.0	   36.0	    0.0	    0.0	    0.0	    0.0	    9.2	  0	    0.0	    0.0	   36.0	    0.0	    0.0	1	  285.3	  1	    0.0	   -nan	
  131	  13.10	  372.4	    0.0	  102.2	    0.0	    0.0	    0.0	    0.0	  857.7	    0.0	    0.0	    0.0	  100.0	   35.5	    0.0	    0.0	    0.0	    0.0	    9.2	  0	    0.0	    0.0	   35.5	    0.0	    0.0	1	  285.3	  1	    0.0	   -nan	
  132	  13.20	  372.4	    0.0	  102.2	    0.0	    0.0	    0.0	    0.0	  857.2	    0.0	    0.0	    0.0	  100.0	   35.0	    0.0	    0.0	    0.0	    0.0	    9.3	  0	    0.0	    0.0	   35.0	    0.0	    0.0	1	  285.2	  1	    0.0	   -nan	
  133	  13.30	  372.4	    0.0	  102.2	    0.0	    0.0	    0.0	    0.0	  856.0	    0.0	    0.0	    0.0	  100.0	   34.5	    0.0	    0.0	    0.0	    0.0	    9.4	  0	    0.0	    0.0	   34.5	    0.0	    0.0	1	  285.2	  1	    0.0	   -nan	
  134	  13.40	  372.4	    0.0	  102.3	    0.0	    0.0	    0.0	    0.0	  858.7	    0.0	    0.0	    0.0	  100.0	   34.0	    0.0	    0.0	    0.0	    0.0	    9.5	  0	    0.0	    0.0	   34.0	    0.0	    0.0	1	  285.3	  1	    0.0	   -nan	
  135	  13.50	  372.4	    0.0	  102.1	    0.0	    0.0	    0.0	    0.0	  858.7	    0.0	    0.0	    0.0	  100.0	   33.6	    0.0	    0.0	    0.0	    0.0	    9.5	  0	    0.0	    0.0	   33.6	    0.0	    0.0	1	  285.3	  1	    0.0	   -nan	
  136	  13.60	  372.4	    0.0	  102.1	    0.0	    0.0	    0.0	    0.0	  860.8	    0.0	    0.0	    0.0	  100.0	   33.1	    0.0	    0.0	    0.0	    0.0	    9.6	  0	    0.0	    0.0	   33.1	    0.0	    0.0	1	  285.4	  1	    0.0	   -nan	
  137	  13.70	  372.4	    0.0	  101.8	    0.0	    0.0	    0.0	    0.0	  860.2	    0.0	    0.0	    0.0	  100.0	   32.6	    0.0	    0.0	    0.0	    0.0	    9.7	  0	    0.0	    0.0	   32.6	    0.0	    0.0	1	  285.4	  1	    0.0	   -nan	
  138	  13.80	  372.4	    0.0	  101.9	    0.0	    0.0	    0.0	    0.0	  862.0	    0.0	    0.0	    0.0	  100.0	   32.1	    0.0	    0.0	    0.0	    0.0	    9.7	  0	    0.0	    0.0	   32.1	    0.0	    0.0	1	  285.5	  1	    0.0	   -nan	
  139	  13.90	  372.4	    0.0	  101.5	    0.0	    0.0	    0.0	    0.0	  860.2	    0.0	    0.0	    0.0	  100.0	   31.6	    0.0	    0.0	    0.0	    0.0	    9.8	  0	    0.0	    0.0	   31.6	    0.0	    0.0	1	  285.4	  1	    0.0	   -nan	
  140	  14.00	  372.4	    0.0	  102.0	    0.0	    0.0	    0.0	    0.0	  856.2	    0.0	    0.0	    0.0	  100.0	   31.2	    0.0	    0.0	    0.0	    0.0	    9.9	  0	    0.0	    0.0	   31.2	    0.0	    0.0	1	  285.2	  1	    0.0	   -nan	
  141	  14.10	  372.4	    0.0	  103.5	    0.0	    0.0	    0.0	    0.0	  856.8	    0.0	    0.0	    0.0	  100.0	   30.7	    0.0	    0.0	    0.0	    0.0	   10.0	  0	    0.0	    0.0	   30.7	    0.0	    0.0	1	  285.2	  1	    0.0	   -nan	
  142	  14.20	  372.4	    0.0	  103.4	    0.0	    0.0	    0.0	    0.0	  856.8	    0.0	    0.0	    0.0	  100.0	   30.2	    0.0	    0.0	    0.0	    0.0	   10.0	  0	    0.0	    0.0	   30.2	    0.0	    0.0	1	  285.2	  1	    0.0	   -nan	
  143	  14.30	  372.4	    0.0	  103.4	    0.0	    0.0	    0.0	    0.0	  859.2	    0.0	    0.0	    0.0	  100.0	   29.7	    0.0	    0.0	    0.0	    0.0	   10.1	  0	    0.0	    0.0	   29.7	    0.0	    0.0	1	  285.4	  1	    0.0	   -nan	
  144	  14.40	  372.4	    0.0	  101.1	    0.0	    0.0	    0.0	    0.0	  857.3	    0.0	    0.0	    0.0	  100.0	   29.2	    0.0	    0.0	    0.0	    0.0	   10.2	  0	    0.0	    0.0	   29.2	    0.0	    0.0	1	  285.3	  1	    0.0	   -nan	
  145	  14.50	  372.4	    0.0	  103.4	    0.0	    0.0	    0.0	    0.0	  857.9	    0.0	    0.0	    0.0	  100.0	   28.7	    0.0	    0.0	    0.0	    0.0	   10.2	  0	    0.0	    0.0	   28.7	    0.0	    0.0	1	  285.3	  1	    0.0	   -nan	
  146	  14.60	  372.4	    0.0	  102.5	    0.0	    0.0	    0.0	    0.0	  857.9	    0.0	    0.0	    0.0	  100.0	   28.3	    0.0	    0.0	    0.0	    0.0	   10.3	  0	    0.0	    0.0	   28.3	    0.0	    0.0	1	  285.3	  1	    0.0	   -nan	
  147	  14.70	  372.4	    0.0	  102.4	    0.0	    0.0	    0.0	    0.0	  864.1	    0.0	    0.0	    0.0	  100.0	   27.8	    0.0	    0.0	    0.0	    0.0	   10.4	  0	    0.0	    0.0	   27.8	    0.0	    0.0	1	  285.6	  1	    0.0	   -nan	
  148	  14.80	  372.4	    0.0	   92.5	    0.0	    0.0	    0.0	    0.0	  864.1	    0.0	    0.0	    0.0	  100.0	   27.3	    0.0	    0.0	    0.0	    0.0	   10.5	  0	    0.0	    0.0	   27.3	    0.0	    0.0	1	  285.6	  1	    0.0	   -nan	
  149	  14.90	  372.4	    0.0	  -75.9	    0.0	    0.0	    0.0	    0.0	  864.1	    0.0	    0.0	    0.0	  100.0	   26.8	    0.0	    0.0	    0.0	    0.0	   10.5	  0	    0.0	    0.0	   26.8	    0.0	    0.0	1	  285.6	  1	    0.0	   -nan	
  150	  15.00	  372.4	    0.0	  -77.8	    0.0	    0.0	    0.0	    0.0	  862.9	    0.0	    0.0	    0.0	  100.0	   26.3	    0.0	    0.0	    0.0	    0.0	   10.6	  0	    0.0	    0.0	   26.3	    0.0	    0.0	1	  285.5	  1	    0.0	   -nan	
  151	  15.10	  372.4	    0.0	  -77.8	    0.0	    0.0	    0.0	    0.0	  862.9	    0.0	    0.0	    0.0	  100.0	   25.8	    0.0	    0.0	    0.0	    0.0	   10.7	  0	    0.0	    0.0	   25.8	    0.0	    0.0	1	  285.5	  1	    0.0	   -nan	
  152	  15.20	  372.4	    0.0	  -77.8	    0.0	    0.0	    0.0	    0.0	  859.5	    0.0	    0.0	    0.0	  100.0	   25.4	    0.0	    0.0	    0.0	    0.0	   10.7	  0	    0.0	    0.0	   25.4	    0.0	    0.0	1	  285.4	  1	    0.0	   -nan	
  153	  15.30	  372.4	    0.0	  -77.9	    0.0	    0.0	    0.0	    0.0	  859.5	    0.0	    0.0	    0.0	  100.0	   24.9	    0.0	    0.0	    0.0	    0.0	   10.8	  0	    0.0	    0.0	   24.9	    0.0	    0.0	1	  285.4	  1	    0.0	   -nan	
  154	  15.40	  372.4	    0.0	  -77.9	    0.0	    0.0	    0.0	    0.0	  860.4	    0.0	    0.0	    0.0	  100.0	   24.4	    0.0	    0.0	    0.0	    0.0	   10.9	  0	    0.0	    0.0	   24.4	    0.0	    0.0	1	  285.4	  1	    0.0	   -nan	
  155	  15.50	  372.4	    0.0	  -77.9	    0.0	    0.0	    0.0	    0.0	  869.4	    0.0	    0.0	    0.0	  100.0	   23.9	    0.0	    0.0	    0.0	    0.0	   11.0	  0	    0.0	    0.0	   23.9	    0.0	    0.0	1	  285.9	  1	    0.0	   -nan	
  156	  15.60	  372.4	    0.0	  -77.4	    0.0	    0.0	    0.0	    0.0	  889.7	    0.0	    0.0	    0.0	  100.0	   23.4	    0.0	    0.0	    0.0	    0.0	   11.0	  0	    0.0	    0.0	   23.4	    0.0	    0.0	1	  287.0	  1	    0.0	   -nan	
  157	  15.70	  372.4	    0.0	  -75.9	    0.0	    0.0	    0.0	    0.0	  902.3	    0.0	    0.0	    0.0	  100.0	   22.9	    0.0	    0.0	    0.0	    0.0	   11.1	  0	    0.0	    0.0	   22.9	    0.0	    0.0	1	  287.8	  1	    0.0	   -nan	
  158	  15.80	  372.4	    0.0	  -74.6	    0.0	    0.0	    0.0	    0.0	  902.3	    0.0	    0.0	    0.0	  100.0	   22.5	    0.0	    0.0	    0.0	    0.0	   11.2	  0	    0.0	    0.0	   22.5	    0.0	    0.0	1	  287.8	  1	    0.0	   -nan	
  159	  15.90	  372.4	    0.0	  -74.6	    0.0	    0.0	    0.0	    0.0	  915.9	    0.0	    0.0	    0.0	  100.0	   22.0	    0.0	    0.0	    0.0	    0.0	   11.2	  0	    0.0	    0.0	   22.0	    0.0	    0.0	1	  288.6	  1	    0.0	   -nan	
  160	  16.00	  372.4	    0.0	  -72.2	    0.0	    0.0	    0.0	    0.0	  941.1	    0.0	    0.0	    0.0	  100.0	   21.5	    0.0	    0.0	    0.0	    0.0	   11.3	  0	    0.0	    0.0	   21.5	    0.0	    0.0	1	  290.1	  1	    0.0	   -nan	
  161	  16.10	  372.4	    0.0	  -66.2	    0.0	    0.0	    0.0	    0.0	  941.1	    0.0	    0.0	    0.0	  100.0	   21.0	    0.0	    0.0	    0.0	    0.0	   11.4	  0	    0.0	    0.0	   21.0	    0.0	    0.0	1	  290.1	  1	    0.0	   -nan	
  162	  16.20	  372.4	    0.0	  -66.2	    0.0	    0.0	    0.0	    0.0	  972.7	    0.0	    0.0	    0.0	  100.0	   20.5	    0.0	    0.0	    0.0	    0.0	   11.5	  0	    0.0	    0.0	   20.5	    0.0	    0.0	1	  292.1	  1	    0.0	   -nan	
  163	  16.30	  372.4	    0.0	  -53.8	    0.0	    0.0	    0.0	    0.0	  986.6	    0.0	    0.0	    0.0	  100.0	   20.0	    0.0	    0.0	    0.0	    0.0	   11.5	  0	    0.0	    0.0	   20.0	    0.0	    0.0	1	  292.9	  1	    0.0	   -nan	
  164	  16.40	  372.4	    0.0	  -47.5	    0.0	    0.0	    0.0	    0.0	  995.0	    0.0	    0.0	    0.0	  100.0	   19.6	    0.0	    0.0	    0.0	    0.0	   11.6	  0	    0.0	    0.0	   19.6	    0.0	    0.0	1	  293.4	  1	    0.0	   -nan	
  165	  16.50	  372.4	    0.0	  -43.1	    0.0	    0.0	    0.0	    0.0	 1003.6	    0.0	    0.0	    0.0	  100.0	   19.1	    0.0	    0.0	    0.0	    0.0	   11.7	  0	    0.0	    0.0	   19.1	    0.0	    0.0	1	  293.8	  1	    0.0	   -nan	
  166	  16.60	  372.4	    0.0	  -37.9	    0.0	    0.0	    0.0	    0.0	 1010.2	    0.0	    0.0	    0.0	  100.0	   18.6	    0.0	    0.0	    0.0	    0.0	   11.7	  0	    0.0	    0.0	   18.6	    0.0	    0.0	1	  294.2	  1	    0.0	   -nan	
  167	  16.70	  372.4	    0.0	  -33.5	    0.0	    0.0	    0.0	    0.0	 1010.2	    0.0	    0.0	    0.0	  100.0	   18.1	    0.0	    0.0	    0.0	    0.0	   11.8	  0	    0.0	    0.0	   18.1	    0.0	    0.0	1	  294.2	  1	    0.0	   -nan	
  168	  16.80	  372.4	    0.0	  -33.5	    0.0	    0.0	    0.0	    0.0	 1012.4	    0.0	    0.0	    0.0	  100.0	   17.6	    0.0	    0.0	    0.0	    0.0	   11.9	  0	    0.0	    0.0	   17.6	    0.0	    0.0	1	  294.3	  1	    0.0	   -nan	
  169	  16.90	  372.4	    0.0	  -31.3	    0.0	    0.0	    0.0	    0.0	 1012.7	    0.0	    0.0	    0.0	  100.0	   17.2	    0.0	    0.0	    0.0	    0.0	   12.0	  0	    0.0	    0.0	   17.2	    0.0	    0.0	1	  294.3	  1	    0.0	   -nan	
  170	  17.00	  372.4	    0.0	  -30.9	    0.0	    0.0	    0.0	    0.0	 1033.3	    0.0	    0.0	    0.0	  100.0	   16.7	    0.0	    0.0	    0.0	    0.0	   12.0	  0	    0.0	    0.0	   16.7	    0.0	    0.0	1	  295.4	  1	    0.0	   -nan	
  171	  17.10	  372.4	    0.0	  -12.7	    0.0	    0.0	    0.0	    0.0	 1036.1	    0.0	    0.0	    0.0	  100.0	   16.2	    0.0	    0.0	    0.0	    0.0	   12.1	  0	    0.0	    0.0	   16.2	    0.0	    0.0	1	  295.5	  1	    0.0	   -nan	
  172	  17.20	  372.4	    0.0	  -11.1	    0.0	    0.0	    0.0	    0.0	 1037.9	    0.0	    0.0	    0.0	  100.0	   15.7	    0.0	    0.0	    0.0	    0.0	   12.2	  0	    0.0	    0.0	   15.7	    0.0	    0.0	1	  295.6	  1	    0.0	   -nan	
  173	  17.30	  372.4	    0.0	  -10.0	    0.0	    0.0	    0.0	    0.0	 1053.9	    0.0	    0.0	    0.0	  100.0	   15.2	    0.0	    0.0	    0.0	    0.0	   12.2	  0	    0.0	    0.0	   15.2	    0.0	    0.0	1	  296.4	  1	    0.0	   -nan	
  174	  17.40	  372.4	    0.0	   -2.9	    0.0	    0.0	    0.0	    0.0	 1053.9	    0.0	    0.0	    0.0	  100.0	   14.7	    0.0	    0.0	    0.0	    0.0	   12.3	  0	    0.0	    0.0	   14.7	    0.0	    0.0	1	  296.4	  1	    0.0	   -nan	
  175	  17.50	  372.4	    0.0	   49.3	    0.0	    0.0	    0.0	    0.0	 1058.3	    0.0	    0.0	    0.0	  100.0	   14.3	    0.0	    0.0	    0.0	    0.0	   12.4	  0	    0.0	    0.0	   14.3	    0.0	    0.0	1	  296.6	  1	    0.0	   -nan	
  176	  17.60	  372.4	    0.0	   95.3	    0.0	    0.0	    0.0	    0.0	 1061.9	    0.0	    0.0	    0.0	  100.0	   13.8	    0.0	    0.0	    0.0	    0.0	   12.5	  0	    0.0	    0.0	   13.8	    0.0	    0.0	1	  296.7	  1	    0.0	   -nan	
  177	  17.70	  372.4	    0.0	   95.5	    0.0	    0.0	    0.0	    0.0	 1072.8	    0.0	    0.0	    0.0	  100.0	   13.3	    0.0	    0.0	    0.0	    0.0	   12.5	  0	    0.0	    0.0	   13.3	    0.0	    0.0	1	  297.1	  1	    0.0	   -nan	
  178	  17.80	  372.4	    0.0	   94.6	    0.0	    0.0	    0.0	    0.0	 1077.6	    0.0	    0.0	    0.0	  100.0	   12.8	    0.0	    0.0	    0.0	    0.0	   12.6	  0	    0.0	    0.0	   12.8	    0.0	    0.0	1	  297.3	  1	    0.0	   -nan	
  179	  17.90	  372.4	    0.0	   94.1	    0.0	    0.0	    0.0	    0.0	 1079.5	    0.0	    0.0	    0.0	  100.0	   12.3	    0.0	    0.0	    0.0	    0.0	   12.7	  0	    0.0	    0.0	   12.3	    0.0	    0.0	1	  297.4	  1	    0.0	   -nan	
  180	  18.00	  372.4	    0.0	   93.8	    0.0	    0.0	    0.0	    0.0	 1079.3	    0.0	    0.0	    0.0	  100.0	   11.8	    0.0	    0.0	    0.0	    0.0	   12.7	  0	    0.0	    0.0	   11.8	    0.0	    0.0	1	  297.4	  1	    0.0	   -nan	
  181	  18.10	  372.4	    0.0	   93.9	    0.0	    0.0	    0.0	    0.0	 1078.4	    0.0	    0.0	    0.0	  100.0	   11.4	    0.0	    0.0	    0.0	    0.0	   12.8	  0	    0.0	    0.0	   11.4	    0.0	    0.0	1	  297.3	  1	    0.0	   -nan	
  182	  18.20	  372.4	    0.0	   94.1	    0.0	    0.0	    0.0	    0.0	 1077.4	    0.0	    0.0	    0.0	  100.0	   10.9	    0.0	    0.0	    0.0	    0.0	   12.9	  0	    0.0	    0.0	   10.9	    0.0	    0.0	1	  297.3	  1	    0.0	   -nan	
  183	  18.30	  372.4	    0.0	   94.4	    0.0	    0.0	    0.0	    0.0	 1074.5	    0.0	    0.0	    0.0	  100.0	   10.4	    0.0	    0.0	    0.0	    0.0	   13.0	  0	    0.0	    0.0	   10.4	    0.0	    0.0	1	  297.2	  1	    0.0	   -nan	
  184	  18.40	  372.4	    0.0	   95.5	    0.0	    0.0	    0.0	    0.0	 1068.8	    0.0	    0.0	    0.0	  100.0	    9.9	    0.0	    0.0	    0.0	    0.0	   13.0	  0	    0.0	    0.0	    9.9	    0.0	    0.0	1	  297.0	  1	    0.0	   -nan	
  185	  18.50	  372.4	    0.0	   98.1	    0.0	    0.0	    0.0	    0.0	 1066.9	    0.0	    0.0	    0.0	  100.0	    9.4	    0.0	    0.0	    0.0	    0.0	   13.1	  0	    0.0	    0.0	    9.4	    0.0	    0.0	1	  296.9	  1	    0.0	   -nan	
  186	  18.60	  372.4	    0.0	  100.3	    0.0	    0.0	    0.0	    0.0	 1065.0	    0.0	    0.0	    0.0	  100.0	    8.9	    0.0	    0.0	    0.0	    0.0	   13.2	  0	    0.0	    0.0	    8.9	    0.0	    0.0	1	  296.8	  1	    0.0	   -nan	
  187	  18.70	  372.4	    0.0	  106.6	    0.0	    0.0	    0.0	    0.0	 1065.0	    0.0	    0.0	    0.0	  100.0	    8.5	    0.0	    0.0	    0.0	    0.0	   13.2	  0	    0.0	    0.0	    8.5	    0.0	    0.0	1	  296.8	  1	    0.0	   -nan	
  188	  18.80	  372.4	    0.0	  -91.0	    0.0	    0.0	    0.0	    0.0	 1064.8	    0.0	    0.0	    0.0	  100.0	    8.0	    0.0	    0.0	    0.0	    0.0	   13.3	  0	    0.0	    0.0	    8.0	    0.0	    0.0	1	  296.8	  1	    0.0	   -nan	
  189	  18.90	  372.4	    0.0	  -84.4	    0.0	    0.0	    0.0	    0.0	 1064.8	    0.0	    0.0	    0.0	  100.0	    7.5	    0.0	    0.0	    0.0	    0.0	   13.4	  0	    0.0	    0.0	    7.5	    0.0	    0.0	1	  296.8	  1	    0.0	   -nan	
  190	  19.00	  372.4	    0.0	  -84.4	    0.0	    0.0	    0.0	    0.0	 1062.8	    0.0	    0.0	    0.0	  100.0	    7.0	    0.0	    0.0	    0.0	    0.0	   13.5	  0	    0.0	    0.0	    7.0	    0.0	    0.0	1	  296.7	  1	    0.0	   -nan	
  191	  19.10	  372.4	    0.0	  -84.5	    0.0	    0.0	    0.0	    0.0	 1061.9	    0.0	    0.0	    0.0	  100.0	    6.5	    0.0	    0.0	    0.0	    0.0	   13.5	  0	    0.0	    0.0	    6.5	    0.0	    0.0	1	  296.7	  1	    0.0	   -nan	
  192	  19.20	  372.4	    0.0	  -84.5	    0.0	    0.0	    0.0	    0.0	 1060.8	    0.0	    0.0	    0.0	  100.0	    6.0	    0.0	    0.0	    0.0	    0.0	   13.6	  0	    0.0	    0.0	    6.0	    0.0	    0.0	1	  296.7	  1	    0.0	   -nan	
  193	  19.30	  372.4	    0.0	  -84.6	    0.0	    0.0	    0.0	    0.0	 1061.3	    0.0	    0.0	    0.0	  100.0	    5.6	    0.0	    0.0	    0.0	    0.0	   13.7	  0	    0.0	    0.0	    5.6	    0.0	    0.0	1	  296.7	  1	    0.0	   -nan	
  194	  19.40	  372.4	    0.0	  -84.5	    0.0	    0.0	    0.0	    0.0	 1060.2	    0.0	    0.0	    0.0	  100.0	    5.1	    0.0	    0.0	    0.0	    0.0	   13.7	  0	    0.0	    0.0	    5.1	    0.0	    0.0	1	  296.6	  1	    0.0	   -nan	
  195	  19.50	  372.4	    0.0	  -84.6	    0.0	    0.0	    0.0	    0.0	 1058.3	    0.0	    0.0	    0.0	  100.0	    4.6	    0.0	    0.0	    0.0	    0.0	   13.8	  0	    0.0	    0.0	    4.6	    0.0	    0.0	1	  296.6	  1	    0.0	   -nan	
  196	  19.60	  372.4	    0.0	  -84.8	    0.0	    0.0	    0.0	    0.0	 1058.4	    0.0	    0.0	    0.0	  100.0	    4.1	    0.0	    0.0	    0.0	    0.0	   13.9	  0	    0.0	    0.0	    4.1	    0.0	    0.0	1	  296.6	  1	    0.0	   -nan	
  197	  19.70	  372.4	    0.0	  -84.8	    0.0	    0.0	    0.0	    0.0	 1056.6	    0.0	    0.0	    0.0	  100.0	    3.6	    0.0	    0.0	    0.0	    0.0	   14.0	  0	    0.0	    0.0	    3.6	    0.0	    0.0	1	  296.5	  1	    0.0	   -nan	
  198	  19.80	  372.4	    0.0	  -85.1	    0.0	    0.0	    0.0	    0.0	 1065.0	    0.0	    0.0	    0.0	  100.0	    3.1	    0.0	    0.0	    0.0	    0.0	   14.0	  0	    0.0	    0.0	    3.1	    0.0	    0.0	1	  296.8	  1	    0.0	   -nan	
  199	  19.90	  372.4	    0.0	  -83.2	    0.0	    0.0	    0.0	    0.0	 1065.0	    0.0	    0.0	    0.0	  100.0	    2.7	    0.0	    0.0	    0.0	    0.0	   14.1	  0	    0.0	    0.0	    2.7	    0.0	    0.0	1	  296.8	  1	    0.0	   -nan	
  200	  20.00	  372.4	    0.0	  -83.2	    0.0	    0.0	    0.0	    0.0	 1057.1	    0.0	    0.0	    0.0	  100.0	    2.2	    0.0	    0.0	    0.0	    0.0	   14.2	  0	    0.0	    0.0	    2.2	    0.0	    0.0	1	  296.5	  1	    0.0	   -nan	
  201	  20.10	  372.4	    0.0	  -86.3	    0.0	    0.0	    0.0	    0.0	 1058.5	    0.0	    0.0	    0.0	  100.0	    1.7	    0.0	    0.0	    0.0	    0.0	   14.2	  0	    0.0	    0.0	    1.7	    0.0	    0.0	1	  296.6	  1	    0.0	   -nan	
  202	  20.20	  372.4	    0.0	  -85.6	    0.0	    0.0	    0.0	    0.0	 1049.9	    0.0	    0.0	    0.0	  100.0	    1.2	    0.0	    0.0	    0.0	    0.0	   14.3	  0	    0.0	    0.0	    1.2	    0.0	    0.0	1	  296.2	  1	    0.0	   -nan	
  203	  20.30	  372.4	    0.0	  -91.1	    0.0	    0.0	    0.0	    0.0	 1006.1	    0.0	    0.0	    0.0	  100.0	    0.7	    0.0	    0.0	    0.0	    0.0	   14.4	  0	    0.0	    0.0	    0.7	    0.0	    0.0	1	  294.0	  1	    0.0	   -nan	
  204	  20.40	  372.4	    0.0	 -120.3	    0.0	    0.0	    0.0	    0.0	  980.7	    0.0	    0.0	    0.0	  100.0	    0.3	    0.0	    0.0	    0.0	    0.0	   14.5	  0	    0.0	    0.0	    0.3	    0.0	    0.0	1	  292.5	  1	    0.0	   -nan	
  205	  20.50	  372.4	    0.0	 -133.0	    0.0	    0.0	    0.0	    0.0	  977.7	    0.0	    0.0	    0.0	  100.0	    0.0	    0.0	    0.0	    0.0	    0.0	   14.5	  0	    0.0	    0.0	    0.0	    0.0	    0.0	1	  292.4	  1	    0.0	   -nan	
  206	  20.60	  372.4	    0.0	 -134.5	    0.0	    0.0	    0.0	    0.0	  977.7	    0.0	    0.0	    0.0	  100.0	    0.0	    0.0	    0.0	    0.0	    0.0	   14.6	  0	    0.0	    0.0	    0.0	    0.0	    0.0	1	  292.4	  1	    0.0	   -nan	
  207	  20.70	  372.4	    0.0	 -134.5	    0.0	    0.0	    0.0	    0.0	  965.9	    0.0	    0.0	    0.0	  100.0	    0.0	    0.0	    0.0	    0.0	    0.0	   14.7	  0	    0.0	    0.0	    0.0	    0.0	    0.0	1	  291.6	  1	    0.0	   -nan	
  208	  20.80	  372.4	    0.0	 -141.9	    0.0	    0.0	    0.0	    0.0	  945.1	    0.0	    0.0	    0.0	  100.0	    0.0	    0.0	    0.0	    0.0	    0.0	   14.7	  0	    0.0	    0.0	    0.0	    0.0	    0.0	1	  290.4	  1	    0.0	   -nan	
  209	  20.90	  372.4	    0.0	 -151.0	    0.0	    0.0	    0.0	    0.0	  938.5	    0.0	    0.0	    0.0	  100.0	    0.0	    0.0	    0.0	    0.0	    0.0	   14.8	  0	    0.0	    0.0	    0.0	    0.0	    0.0	1	  290.0	  1	    0.0	   -nan	
  210	  21.00	  372.4	    0.0	 -153.2	    0.0	    0.0	    0.0	    0.0	  933.2	    0.0	    0.0	    0.0	  100.0	    0.0	    0.0	    0.0	    0.0	    0.0	   14.9	  0	    0.0	    0.0	    0.0	    0.0	    0.0	1	  289.7	  1	    0.0	   -nan	
  211	  21.10	  372.4	    0.0	 -154.9	    0.0	    0.0	    0.0	    0.0	  926.4	    0.0	    0.0	    0.0	  100.0	    0.0	    0.0	    0.0	    0.0	    0.0	   15.0	  0	    0.0	    0.0	    0.0	    0.0	    0.0	1	  289.2	  1	    0.0	   -nan	
  212	  21.20	  372.4	    0.0	 -157.1	    0.0	    0.0	    0.0	    0.0	  912.6	    0.0	    0.0	    0.0	  100.0	    0.0	    0.0	    0.0	    0.0	    0.0	   15.0	  0	    0.0	    0.0	    0.0	    0.0	    0.0	1	  288.4	  1	    0.0	   -nan	
  213	  21.30	  372.4	    0.0	 -160.5	    0.0	    0.0	    0.0	    0.0	  909.8	    0.0	    0.0	    0.0	  100.0	    0.0	    0.0	    0.0	    0.0	    0.0	   15.1	  0	    0.0	    0.0	    0.0	    0.0	    0.0	1	  288.2	  1	    0.0	   -nan	
  214	  21.40	  372.4	    0.0	  137.2	    0.0	    0.0	    0.0	    0.0	  898.2	    0.0	    0.0	    0.0	  100.0	    0.0	    0.0	    0.0	    0.0	    0.0	   15.2	  0	    0.0	    0.0	    0.0	    0.0	    0.0	1	  287.5	  1	    0.0	   -nan	
  215	  21.50	  372.4	    0.0	  102.1	    0.0	    0.0	    0.0	    0.0	  896.6	    0.0	    0.0	    0.0	  100.0	    0.0	    0.0	    0.0	    0.0	    0.0	   15.2	  0	    0.0	    0.0	    0.0	    0.0	    0.0	1	  287.4	  1	    0.0	   -nan	
  216	  21.60	  372.4	    0.0	  101.8	    0.0	    0.0	    0.0	    0.0	  896.1	    0.0	    0.0	    0.0	  100.0	    0.0	    0.0	    0.0	    0.0	    0.0	   15.3	  0	    0.0	    0.0	    0.0	    0.0	    0.0	1	  287.4	  1	    0.0	   -nan	
  217	  21.70	  372.4	    0.0	  101.9	    0.0	    0.0	    0.0	    0.0	  893.4	    0.0	    0.0	    0.0	  100.0	    0.0	    0.0	    0.0	    0.0	    0.0	   15.4	  0	    0.0	    0.0	    0.0	    0.0	    0.0	1	  287.3	  1	    0.0	   -nan	
  218	  21.80	  372.4	    0.0	  102.1	    0.0	    0.0	    0.0	    0.0	  896.6	    0.0	    0.0	    0.0	  100.0	    0.0	    0.0	    0.0	    0.0	    0.0	   15.5	  0	    0.0	    0.0	    0.0	    0.0	    0.0	1	  287.4	  1	    0.0	   -nan	
  219	  21.90	  372.4	    0.0	  101.8	    0.0	    0.0	    0.0	    0.0	  896.2	    0.0	    0.0	    0.0	  100.0	    0.0	    0.0	    0.0	    0.0	    0.0	   15.5	  0	    0.0	    0.0	    0.0	    0.0	    0.0	1	  287.4	  1	    0.0	   -nan	
  220	  22.00	  372.4	    0.0	  101.8	    0.0	    0.0	    0.0	    0.0	  896.9	    0.0	    0.0	    0.0	  100.0	    0.0	    0.0	    0.0	    0.0	    0.0	   15.6	  0	    0.0	    0.0	    0.0	    0.0	    0.0	1	  287.5	  1	    0.0	   -nan	
  221	  22.10	  372.4	    0.0	  101.7	    0.0	    0.0	    0.0	    0.0	  896.9	    0.0	    0.0	    0.0	  100.0	    0.0	    0.0	    0.0	    0.0	    0.0	   15.7	  0	    0.0	    0.0	    0.0	    0.0	    0.0	1	  287.5	  1	    0.0	   -nan	
  222	  22.20	  372.4	    0.0	  101.7	    0.0	    0.0	    0.0	    0.0	  900.3	    0.0	    0.0	    0.0	  100.0	    0.0	    0.0	    0.0	    0.0	    0.0	   15.7	  0	    0.0	    0.0	    0.0	    0.0	    0.0	1	  287.7	  1	    0.0	   -nan	
  223	  22.30	  372.4	    0.0	  100.8	    0.0	    0.0	    0.0	    0.0	  901.7	    0.0	    0.0	    0.0	  100.0	    0.0	    0.0	    0.0	    0.0	    0.0	   15.8	  0	    0.0	    0.0	    0.0	    0.0	    0.0	1	  287.7	  1	    0.0	   -nan	
  224	  22.40	  372.4	    0.0	  100.3	    0.0	    0.0	    0.0	    0.0	  903.3	    0.0	    0.0	    0.0	  100.0	    0.0	    0.0	    0.0	    0.0	    0.0	   15.9	  0	    0.0	    0.0	    0.0	    0.0	    0.0	1	  287.8	  1	    0.0	   -nan	
  225	  22.50	  372.4	    0.0	   99.5	    0.0	    0.0	    0.0	    0.0	  906.5	    0.0	    0.0	    0.0	  100.0	    0.0	    0.0	    0.0	    0.0	    0.0	   16.0	  0	    0.0	    0.0	    0.0	    0.0	    0.0	1	  288.0	  1	    0.0	   -nan	
  226	  22.60	  372.4	    0.0	   97.1	    0.0	    0.0	    0.0	    0.0	  902.4	    0.0	    0.0	    0.0	  100.0	    0.0	    0.0	    0.0	    0.0	    0.0	   16.0	  0	    0.0	    0.0	    0.0	    0.0	    0.0	1	  287.8	  1	    0.0	   -nan	
  227	  22.70	  372.4	    0.0	  100.1	    0.0	    0.0	    0.0	    0.0	  901.2	    0.0	    0.0	    0.0	  100.0	    0.0	    0.0	    0.0	    0.0	    0.0	   16.1	  0	    0.0	    0.0	    0.0	    0.0	    0.0	1	  287.7	  1	    0.0	   -nan	
  228	  22.80	  372.4	    0.0	  101.9	    0.0	    0.0	    0.0	    0.0	  901.0	    0.0	    0.0	    0.0	  100.0	    0.0	    0.0	    0.0	    0.0	    0.0	   16.2	  0	    0.0	    0.0	    0.0	    0.0	    0.0	1	  287.7	  1	    0.0	   -nan	
  229	  22.90	  372.4	    0.0	  102.0	    0.0	    0.0	    0.0	    0.0	  901.4	    0.0	    0.0	    0.0	  100.0	    0.0	    0.0	    0.0	    0.0	    0.0	   16.2	  0	    0.0	    0.0	    0.0	    0.0	    0.0	1	  287.7	  1	    0.0	   -nan	
  230	  23.00	  372.4	    0.0	  101.5	    0.0	    0.0	    0.0	    0.0	  901.4	    0.0	    0.0	    0.0	  100.0	    0.0	    0.0	    0.0	    0.0	    0.0	   16.3	  0	    0.0	    0.0	    0.0	    0.0	    0.0	1	  287.7	  1	    0.0	   -nan	
  231	  23.10	  372.4	    0.0	  101.4	    0.0	    0.0	    0.0	    0.0	  900.3	    0.0	    0.0	    0.0	  100.0	    0.0	    0.0	    0.0	    0.0	    0.0	   16.4	  0	    0.0	    0.0	    0.0	    0.0	    0.0	1	  287.7	  1	    0.0	   -nan	
  232	  23.20	  372.4	    0.0	  103.5	    0.0	    0.0	    0.0	    0.0	  900.1	    0.0	    0.0	    0.0	  100.0	    0.0	    0.0	    0.0	    0.0	    0.0	   16.5	  0	    0.0	    0.0	    0.0	    0.0	    0.0	1	  287.7	  1	    0.0	   -nan	
  233	  23.30	  372.4	    0.0	  -89.1	    0.0	    0.0	    0.0	    0.0	  900.1	    0.0	    0.0	    0.0	  100.0	    0.0	    0.0	    0.0	    0.0	    0.0	   16.5	  0	    0.0	    0.0	    0.0	    0.0	    0.0	1	  287.7	  1	    0.0	   -nan	
  234	  23.40	  372.4	    0.0	  -78.8	    0.0	    0.0	    0.0	    0.0	  898.9	    0.0	    0.0	    0.0	  100.0	    0.0	    0.0	    0.0	    0.0	    0.0	   16.6	  0	    0.0	    0.0	    0.0	    0.0	    0.0	1	  287.6	  1	    0.0	   -nan	
  235	  23.50	  372.4	    0.0	  -78.9	    0.0	    0.0	    0.0	    0.0	  900.8	    0.0	    0.0	    0.0	  100.0	    0.0	    0.0	    0.0	    0.0	    0.0	   16.7	  0	    0.0	    0.0	    0.0	    0.0	    0.0	1	  287.7	  1	    0.0	   -nan	
  236	  23.60	  372.4	    0.0	  -78.8	    0.0	    0.0	    0.0	    0.0	  899.8	    0.0	    0.0	    0.0	  100.0	    0.0	    0.0	    0.0	    0.0	    0.0	   16.7	  0	    0.0	    0.0	    0.0	    0.0	    0.0	1	  287.6	  1	    0.0	   -nan	
  237	  23.70	  372.4	    0.0	  -78.8	    0.0	    0.0	    0.0	    0.0	  901.2	    0.0	    0.0	    0.0	  100.0	    0.0	    0.0	    0.0	    0.0	    0.0	   16.8	  0	    0.0	    0.0	    0.0	    0.0	    0.0	1	  287.7	  1	    0.0	   -nan	
  238	  23.80	  372.4	    0.0	  -78.8	    0.0	    0.0	    0.0	    0.0	  899.6	    0.0	    0.0	    0.0	  100.0	    0.0	    0.0	    0.0	    0.0	    0.0	   16.9	  0	    0.0	    0.0	    0.0	    0.0	    0.0	1	  287.6	  1	    0.0	   -nan	
  239	  23.90	  372.4	    0.0	  -78.9	    0.0	    0.0	    0.0	    0.0	  900.7	    0.0	    0.0	    0.0	  100.0	    0.0	    0.0	    0.0	    0.0	    0.0	   17.0	  0	    0.0	    0.0	    0.0	    0.0	    0.0	1	  287.7	  1	    0.0	   -nan	
  240	  24.00	  372.4	    0.0	  -78.8	    0.0	    0.0	    0.0	    0.0	  900.3	    0.0	    0.0	    0.0	  100.0	    0.0	    0.0	    0.0	    0.0	    0.0	   17.0	  0	    0.0	    0.0	    0.0	    0.0	    0.0	1	  287.7	  1	    0.0	   -nan	
  241	  24.10	  372.4	    0.0	  -78.8	    0.0	    0.0	    0.0	    0.0	  899.4	    0.0	    0.0	    0.0	  100.0	    0.0	    0.0	    0.0	    0.0	    0.0	   17.1	  0	    0.0	    0.0	    0.0	    0.0	    0.0	1	  287.6	  1	    0.0	   -nan	
  242	  24.20	  372.4	    0.0	  -78.9	    0.0	    0.0	    0.0	    0.0	  900.7	    0.0	    0.0	    0.0	  100.0	    0.0	    0.0	    0.0	    0.0	    0.0	   17.2	  0	    0.0	    0.0	    0.0	    0.0	    0.0	1	  287.7	  1	    0.0	   -nan	
  243	  24.30	  372.4	    0.0	  -78.8	    0.0	    0.0	    0.0	    0.0	  900.1	    0.0	    0.0	    0.0	  100.0	    0.0	    0.0	    0.0	    0.0	    0.0	   17.2	  0	    0.0	    0.0	    0.0	    0.0	    0.0	1	  287.7	  1	    0.0	   -nan	
  244	  24.40	  372.4	    0.0	  -78.9	    0.0	    0.0	    0.0	    0.0	  899.6	    0.0	    0.0	    0.0	  100.0	    0.0	    0.0	    0.0	    0.0	    0.0	   17.3	  0	    0.0	    0.0	    0.0	    0.0	    0.0	1	  287.6	  1	    0.0	   -nan	
  245	  24.50	  372.4	    0.0	  -79.0	    0.0	    0.0	    0.0	    0.0	  899.6	    0.0	    0.0	    0.0	  100.0	    0.0	    0.0	    0.0	    0.0	    0.0	   17.4	  0	    0.0	    0.0	    0.0	    0.0	    0.0	1	  287.6	  1	    0.0	   -nan	
  246	  24.60	  372.4	    0.0	  -79.0	    0.0	    0.0	    0.0	    0.0	  899.1	    0.0	    0.0	    0.0	  100.0	    0.0	    0.0	    0.0	    0.0	    0.0	   17.5	  0	    0.0	    0.0	    0.0	    0.0	    0.0	1	  287.6	  1	    0.0	   -nan	
  247	  24.70	  372.4	    0.0	  -79.1	    0.0	    0.0	    0.0	    0.0	  899.1	    0.0	    0.0	    0.0	  100.0	    0.0	    0.0	    0.0	    0.0	    0.0	   17.5	  0	    0.0	    0.0	    0.0	    0.0	    0.0	1	  287.6	  1	    0.0	   -nan	
  248	  24.80	  372.4	    0.0	  -79.1	    0.0	    0.0	    0.0	    0.0	  898.9	    0.0	    0.0	    0.0	  100.0	    0.0	    0.0	    0.0	    0.0	    0.0	   17.6	  0	    0.0	    0.0	    0.0	    0.0	    0.0	1	  287.6	  1	    0.0	   -nan	
  249	  24.90	  372.4	    0.0	  -79.3	    0.0	    0.0	    0.0	    0.0	  898.9	    0.0	    0.0	    0.0	  100.0	    0.0	    0.0	    0.0	    0.0	    0.0	   17.7	  0	    0.0	    0.0	    0.0	    0.0	    0.0	1	  287.6	  1	    0.0	   -nan	
  250	  25.00	  372.4	    0.0	  -79.3	    0.0	    0.0	    0.0	    0.0	  899.1	    0.0	    0.0	    0.0	  100.0	    0.0	    0.0	    0.0	    0.0	    0.0	   17.7	  0	    0.0	    0.0	    0.0	    0.0	    0.0	1	  287.6	  1	    0.0	   -nan	
  251	  25.10	  372.4	    0.0	  -79.1	    0.0	    0.0	    0.0	    0.0	  900.1	    0.0	    0.0	    0.0	  100.0	    0.0	    0.0	    0.0	    0.0	    0.0	   17.8	  0	    0.0	    0.0	    0.0	    0.0	    0.0	1	  287.7	  1	    0.0	   -nan	
  252	  25.20	  372.4	    0.0	  -77.8	    0.0	    0.0	    0.0	    0.0	  899.8	    0.0	    0.0	    0.0	  100.0	    0.0	    0.0	    0.0	    0.0	    0.0	   17.9	  0	    0.0	    0.0	    0.0	    0.0	    0.0	1	  287.6	  1	    0.0	   -nan	
  253	  25.30	  372.4	    0.0	  -78.3	    0.0	    0.0	    0.0	    0.0	  899.8	    0.0	    0.0	    0.0	  100.0	    0.0	    0.0	    0.0	    0.0	    0.0	   18.0	  0	    0.0	    0.0	    0.0	    0.0	    0.0	1	  287.6	  1	    0.0	   -nan	
  254	  25.40	  372.4	    0.0	  -78.3	    0.0	    0.0	    0.0	    0.0	  900.7	    0.0	    0.0	    0.0	  100.0	    0.0	    0.0	    0.0	    0.0	    0.0	   18.0	  0	    0.0	    0.0	    0.0	    0.0	    0.0	1	  287.7	  1	    0.0	   -nan	
  255	  25.50	  372.4	    0.0	  -75.7	    0.0	    0.0	    0.0	    0.0	  901.9	    0.0	    0.0	    0.0	  100.0	    0.0	    0.0	    0.0	    0.0	    0.0	   18.1	  0	    0.0	    0.0	    0.0	    0.0	    0.0	1	  287.8	  1	    0.0	   -nan	
  256	  25.60	  372.4	    0.0	  -71.3	    0.0	    0.0	    0.0	    0.0	  901.0	    0.0	    0.0	    0.0	  100.0	    0.0	    0.0	    0.0	    0.0	    0.0	   18.2	  0	    0.0	    0.0	    0.0	    0.0	    0.0	1	  287.7	  1	    0.0	   -nan	
  257	  25.70	  372.4	    0.0	  -75.6	    0.0	    0.0	    0.0	    0.0	  899.6	    0.0	    0.0	    0.0	  100.0	    0.0	    0.0	    0.0	    0.0	    0.0	   18.2	  0	    0.0	    0.0	    0.0	    0.0	    0.0	1	  287.6	  1	    0.0	   -nan	
  258	  25.80	  372.4	    0.0	  -84.2	    0.0	    0.0	    0.0	    0.0	  900.1	    0.0	    0.0	    0.0	  100.0	    0.0	    0.0	    0.0	    0.0	    0.0	   18.3	  0	    0.0	    0.0	    0.0	    0.0	    0.0	1	  287.7	  1	    0.0	   -nan	
  259	  25.90	  372.4	    0.0	  -80.3	    0.0	    0.0	    0.0	    0.0	  897.5	    0.0	    0.0	    0.0	  100.0	    0.0	    0.0	    0.0	    0.0	    0.0	   18.4	  0	    0.0	    0.0	    0.0	    0.0	    0.0	1	  287.5	  1	    0.0	   -nan	
  260	  26.00	  372.4	    0.0	 -105.1	    0.0	    0.0	    0.0	    0.0	  895.5	    0.0	    0.0	    0.0	  100.0	    0.0	    0.0	    0.0	    0.0	    0.0	   18.5	  0	    0.0	    0.0	    0.0	    0.0	    0.0	1	  287.4	  1	    0.0	   -nan	
  261	  26.10	  372.4	    0.0	 -122.5	    0.0	    0.0	    0.0	    0.0	  895.9	    0.0	    0.0	    0.0	  100.0	    0.0	    0.0	    0.0	    0.0	    0.0	   18.5	  0	    0.0	    0.0	    0.0	    0.0	    0.0	1	  287.4	  1	    0.0	   -nan	
  262	  26.20	  372.4	    0.0	 -118.7	    0.0	    0.0	    0.0	    0.0	  897.3	    0.0	    0.0	    0.0	  100.0	    0.0	    0.0	    0.0	    0.0	    0.0	   18.6	  0	    0.0	    0.0	    0.0	    0.0	    0.0	1	  287.5	  1	    0.0	   -nan	
  263	  26.30	  372.4	    0.0	  -94.8	    0.0	    0.0	    0.0	    0.0	  897.7	    0.0	    0.0	    0.0	  100.0	    0.0	    0.0	    0.0	    0.0	    0.0	   18.7	  0	    0.0	    0.0	    0.0	    0.0	    0.0	1	  287.5	  1	    0.0	   -nan	
  264	  26.40	  372.4	    0.0	  -83.5	    0.0	    0.0	    0.0	    0.0	  898.0	    0.0	    0.0	    0.0	  100.0	    0.0	    0.0	    0.0	    0.0	    0.0	   18.7	  0	    0.0	    0.0	    0.0	    0.0	    0.0	1	  287.5	  1	    0.0	   -nan	
  265	  26.50	  372.4	    0.0	  -72.2	    0.0	    0.0	    0.0	    0.0	  898.0	    0.0	    0.0	    0.0	  100.0	    0.0	    0.0	    0.0	    0.0	    0.0	   18.8	  0	    0.0	    0.0	    0.0	    0.0	    0.0	1	  287.5	  1	    0.0	   -nan	
  266	  26.60	  372.4	    0.0	  -72.2	    0.0	    0.0	    0.0	    0.0	  900.0	    0.0	    0.0	    0.0	  100.0	    0.0	    0.0	    0.0	    0.0	    0.0	   18.9	  0	    0.0	    0.0	    0.0	    0.0	    0.0	1	  287.6	  1	    0.0	   -nan	
  267	  26.70	  372.4	    0.0	  -11.9	    0.0	    0.0	    0.0	    0.0	  901.0	    0.0	    0.0	    0.0	  100.0	    0.0	    0.0	    0.0	    0.0	    0.0	   19.0	  0	    0.0	    0.0	    0.0	    0.0	    0.0	1	  287.7	  1	    0.0	   -nan	
  268	  26.80	  372.4	    0.0	   -3.6	    0.0	    0.0	    0.0	    0.0	  901.0	    0.0	    0.0	    0.0	  100.0	    0.0	    0.0	    0.0	    0.0	    0.0	   19.0	  0	    0.0	    0.0	    0.0	    0.0	    0.0	1	  287.7	  1	    0.0	   -nan	
  269	  26.90	  372.4	    0.0	   -3.6	    0.0	    0.0	    0.0	    0.0	  901.0	    0.0	    0.0	    0.0	  100.0	    0.0	    0.0	    0.0	    0.0	    0.0	   19.1	  0	    0.0	    0.0	    0.0	    0.0	    0.0	1	  287.7	  1	    0.0	   -nan	
  270	  27.00	  372.4	    0.0	   -3.6	    0.0	    0.0	    0.0	    0.0	  904.2	    0.0	    0.0	    0.0	  100.0	    0.0	    0.0	    0.0	    0.0	    0.0	   19.2	  0	    0.0	    0.0	    0.0	    0.0	    0.0	1	  287.9	  1	    0.0	   -nan	
  271	  27.10	  372.4	    0.0	    7.0	    0.0	    0.0	    0.0	    0.0	  904.2	    0.0	    0.0	    0.0	  100.0	    0.0	    0.0	    0.0	    0.0	    0.0	   19.2	  0	    0.0	    0.0	    0.0	    0.0	    0.0	1	  287.9	  1	    0.0	   -nan	
  272	  27.20	  372.4	    0.0	  100.4	    0.0	    0.0	    0.0	    0.0	  904.9	    0.0	    0.0	    0.0	  100.0	    0.0	    0.0	    0.0	    0.0	    0.0	   19.3	  0	    0.0	    0.0	    0.0	    0.0	    0.0	1	  287.9	  1	    0.0	   -nan	
  273	  27.30	  372.4	    0.0	  101.0	    0.0	    0.0	    0.0	    0.0	  904.9	    0.0	    0.0	    0.0	  100.0	    0.0	    0.0	    0.0	    0.0	    0.0	   19.4	  0	    0.0	    0.0	    0.0	    0.0	    0.0	1	  287.9	  1	    0.0	   -nan	
  274	  27.40	  372.4	    0.0	  101.0	    0.0	    0.0	    0.0	    0.0	  898.6	    0.0	    0.0	    0.0	  100.0	    0.0	    0.0	    0.0	    0.0	    0.0	   19.5	  0	    0.0	    0.0	    0.0	    0.0	    0.0	1	  287.6	  1	    0.0	   -nan	
  275	  27.50	  372.4	    0.0	  101.4	    0.0	    0.0	    0.0	    0.0	  900.7	    0.0	    0.0	    0.0	  100.0	    0.0	    0.0	    0.0	    0.0	    0.0	   19.5	  0	    0.0	    0.0	    0.0	    0.0	    0.0	1	  287.7	  1	    0.0	   -nan	
  276	  27.60	  372.4	    0.0	  101.3	    0.0	    0.0	    0.0	    0.0	  906.2	    0.0	    0.0	    0.0	  100.0	    0.0	    0.0	    0.0	    0.0	    0.0	   19.6	  0	    0.0	    0.0	    0.0	    0.0	    0.0	1	  288.0	  1	    0.0	   -nan	
  277	  27.70	  372.4	    0.0	  100.7	    0.0	    0.0	    0.0	    0.0	  906.2	    0.0	    0.0	    0.0	  100.0	    0.0	    0.0	    0.0	    0.0	    0.0	   19.7	  0	    0.0	    0.0	    0.0	    0.0	    0.0	1	  288.0	  1	    0.0	   -nan	
  278	  27.80	  372.4	    0.0	  100.6	    0.0	    0.0	    0.0	    0.0	  911.5	    0.0	    0.0	    0.0	  100.0	    0.0	    0.0	    0.0	    0.0	    0.0	   19.7	  0	    0.0	    0.0	    0.0	    0.0	    0.0	1	  288.3	  1	    0.0	   -nan	
  279	  27.90	  372.4	    0.0	   99.7	    0.0	    0.0	    0.0	    0.0	  900.3	    0.0	    0.0	    0.0	  100.0	    0.0	    0.0	    0.0	    0.0	    0.0	   19.8	  0	    0.0	    0.0	    0.0	    0.0	    0.0	1	  287.7	  1	    0.0	   -nan	
  280	  28.00	  372.4	    0.0	  102.5	    0.0	    0.0	    0.0	    0.0	  898.4	    0.0	    0.0	    0.0	  100.0	    0.0	    0.0	    0.0	    0.0	    0.0	   19.9	  0	    0.0	    0.0	    0.0	    0.0	    0.0	1	  287.6	  1	    0.0	   -nan	
  281	  28.10	  372.4	    0.0	  103.1	    0.0	    0.0	    0.0	    0.0	  900.1	    0.0	    0.0	    0.0	  100.0	    0.0	    0.0	    0.0	    0.0	    0.0	   20.0	  0	    0.0	    0.0	    0.0	    0.0	    0.0	1	  287.7	  1	    0.0	   -nan	
  282	  28.20	  372.4	    0.0	  102.5	    0.0	    0.0	    0.0	    0.0	  900.1	    0.0	    0.0	    0.0	  100.0	    0.0	    0.0	    0.0	    0.0	    0.0	   20.0	  0	    0.0	    0.0	    0.0	    0.0	    0.0	1	  287.7	  1	    0.0	   -nan	
  283	  28.30	  372.4	    0.0	  102.4	    0.0	    0.0	    0.0	    0.0	  890.4	    0.0	    0.0	    0.0	  100.0	    0.0	    0.0	    0.0	    0.0	    0.0	   20.1	  0	    0.0	    0.0	    0.0	    0.0	    0.0	1	  287.1	  1	    0.0	   -nan	
  284	  28.40	  372.4	    0.0	  108.9	    0.0	    0.0	    0.0	    0.0	  884.3	    0.0	    0.0	    0.0	  100.0	    0.0	    0.0	    0.0	    0.0	    0.0	   20.2	  0	    0.0	    0.0	    0.0	    0.0	    0.0	1	  286.7	  1	    0.0	   -nan	
  285	  28.50	  372.4	    0.0	 -101.1	    0.0	    0.0	    0.0	    0.0	  880.6	    0.0	    0.0	    0.0	  100.0	    0.0	    0.0	    0.0	    0.0	    0.0	   20.2	  0	    0.0	    0.0	    0.0	    0.0	    0.0	1	  286.5	  1	    0.0	   -nan	
  286	  28.60	  372.4	    0.0	  -78.9	    0.0	    0.0	    0.0	    0.0	  881.7	    0.0	    0.0	    0.0	  100.0	    0.0	    0.0	    0.0	    0.0	    0.0	   20.3	  0	    0.0	    0.0	    0.0	    0.0	    0.0	1	  286.6	  1	    0.0	   -nan	
  287	  28.70	  372.4	    0.0	  -78.9	    0.0	    0.0	    0.0	    0.0	  879.5	    0.0	    0.0	    0.0	  100.0	    0.0	    0.0	    0.0	    0.0	    0.0	   20.4	  0	    0.0	    0.0	    0.0	    0.0	    0.0	1	  286.5	  1	    0.0	   -nan	
  288	  28.80	  372.4	    0.0	  -78.9	    0.0	    0.0	    0.0	    0.0	  882.4	    0.0	    0.0	    0.0	  100.0	    0.0	    0.0	    0.0	    0.0	    0.0	   20.5	  0	    0.0	    0.0	    0.0	    0.0	    0.0	1	  286.6	  1	    0.0	   -nan	
  289	  28.90	  372.4	    0.0	  -78.8	    0.0	    0.0	    0.0	    0.0	  883.6	    0.0	    0.0	    0.0	  100.0	    0.0	    0.0	    0.0	    0.0	    0.0	   20.5	  0	    0.0	    0.0	    0.0	    0.0	    0.0	1	  286.7	  1	    0.0	   -nan	
  290	  29.00	  372.4	    0.0	  -78.8	    0.0	    0.0	    0.0	    0.0	  884.3	    0.0	    0.0	    0.0	  100.0	    0.0	    0.0	    0.0	    0.0	    0.0	   20.6	  0	    0.0	    0.0	    0.0	    0.0	    0.0	1	  286.7	  1	    0.0	   -nan	
  291	  29.10	  372.4	    0.0	  -78.8	    0.0	    0.0	    0.0	    0.0	  886.8	    0.0	    0.0	    0.0	  100.0	    0.0	    0.0	    0.0	    0.0	    0.0	   20.7	  0	    0.0	    0.0	    0.0	    0.0	    0.0	1	  286.9	  1	    0.0	   -nan	
  292	  29.20	  372.4	    0.0	  -78.6	    0.0	    0.0	    0.0	    0.0	  887.4	    0.0	    0.0	    0.0	  100.0	    0.0	    0.0	    0.0	    0.0	    0.0	   20.7	  0	    0.0	    0.0	    0.0	    0.0	    0.0	1	  286.9	  1	    0.0	   -nan	
  293	  29.30	  372.4	    0.0	  -78.6	    0.0	    0.0	    0.0	    0.0	  883.3	    0.0	    0.0	    0.0	  100.0	    0.0	    0.0	    0.0	    0.0	    0.0	   20.8	  0	    0.0	    0.0	    0.0	    0.0	    0.0	1	  286.7	  1	    0.0	   -nan	
  294	  29.40	  372.4	    0.0	  -79.0	    0.0	    0.0	    0.0	    0.0	  883.3	    0.0	    0.0	    0.0	  100.0	    0.0	    0.0	    0.0	    0.0	    0.0	   20.9	  0	    0.0	    0.0	    0.0	    0.0	    0.0	1	  286.7	  1	    0.0	   -nan	
  295	  29.50	  372.4	    0.0	  -79.0	    0.0	    0.0	    0.0	    0.0	  892.3	    0.0	    0.0	    0.0	  100.0	    0.0	    0.0	    0.0	    0.0	    0.0	   21.0	  0	    0.0	    0.0	    0.0	    0.0	    0.0	1	  287.2	  1	    0.0	   -nan	
  296	  29.60	  372.4	    0.0	  -77.5	    0.0	    0.0	    0.0	    0.0	  892.9	    0.0	    0.0	    0.0	  100.0	    0.0	    0.0	    0.0	    0.0	    0.0	   21.0	  0	    0.0	    0.0	    0.0	    0.0	    0.0	1	  287.2	  1	    0.0	   -nan	
  297	  29.70	  372.4	    0.0	  -77.4	    0.0	    0.0	    0.0	    0.0	  895.7	    0.0	    0.0	    0.0	  100.0	    0.0	    0.0	    0.0	    0.0	    0.0	   21.1	  0	    0.0	    0.0	    0.0	    0.0	    0.0	1	  287.4	  1	    0.0	   -nan	
  298	  29.80	  372.4	    0.0	  -76.6	    0.0	    0.0	    0.0	    0.0	  901.2	    0.0	    0.0	    0.0	  100.0	    0.0	    0.0	    0.0	    0.0	    0.0	   21.2	  0	    0.0	    0.0	    0.0	    0.0	    0.0	1	  287.7	  1	    0.0	   -nan	
  299	  29.90	  372.4	    0.0	  -74.5	    0.0	    0.0	    0.0	    0.0	  908.5	    0.0	    0.0	    0.0	  100.0	    0.0	    0.0	    0.0	    0.0	    0.0	   21.2	  0	    0.0	    0.0	    0.0	    0.0	    0.0	1	  288.2	  1	    0.0	   -nan	
  300	  30.00	  372.4	    0.0	  -70.9	    0.0	    0.0	    0.0	    0.0	  919.3	    0.0	    0.0	    0.0	  100.0	    0.0	    0.0	    0.0	    0.0	    0.0	   21.3	  0	    0.0	    0.0	    0.0	    0.0	    0.0	1	  288.8	  1	    0.0	   -nan	
  301	  30.10	  372.4	    0.0	  -64.0	    0.0	    0.0	    0.0	    0.0	  931.6	    0.0	    0.0	    0.0	  100.0	    0.0	    0.0	    0.0	    0.0	    0.0	   21.4	  0	    0.0	    0.0	    0.0	    0.0	    0.0	1	  289.6	  1	    0.0	   -nan	
  302	  30.20	  372.4	    0.0	  -54.4	    0.0	    0.0	    0.0	    0.0	  959.5	    0.0	    0.0	    0.0	  100.0	    0.0	    0.0	    0.0	    0.0	    0.0	   21.5	  0	    0.0	    0.0	    0.0	    0.0	    0.0	1	  291.3	  1	    0.0	   -nan	
  303	  30.30	  372.4	    0.0	  -33.0	    0.0	    0.0	    0.0	    0.0	  959.5	    0.0	    0.0	    0.0	  100.0	    0.0	    0.0	    0.0	    0.0	    0.0	   21.5	  0	    0.0	    0.0	    0.0	    0.0	    0.0	1	  291.3	  1	    0.0	   -nan	
  304	  30.40	  372.4	    0.0	  -33.0	    0.0	    0.0	    0.0	    0.0	  992.0	    0.0	    0.0	    0.0	  100.0	    0.0	    0.0	    0.0	    0.0	    0.0	   21.6	  0	    0.0	    0.0	    0.0	    0.0	    0.0	1	  293.2	  1	    0.0	   -nan	
  305	  30.50	  372.4	    0.0	  -13.9	    0.0	    0.0	    0.0	    0.0	  999.4	    0.0	    0.0	    0.0	  100.0	    0.0	    0.0	    0.0	    0.0	    0.0	   21.7	  0	    0.0	    0.0	    0.0	    0.0	    0.0	1	  293.6	  1	    0.0	   -nan	
  306	  30.60	  372.4	    0.0	  -11.0	    0.0	    0.0	    0.0	    0.0	 1004.8	    0.0	    0.0	    0.0	  100.0	    0.0	    0.0	    0.0	    0.0	    0.0	   21.7	  0	    0.0	    0.0	    0.0	    0.0	    0.0	1	  293.9	  1	    0.0	   -nan	
  307	  30.70	  372.4	    0.0	   -8.9	    0.0	    0.0	    0.0	    0.0	 1028.0	    0.0	    0.0	    0.0	  100.0	    0.0	    0.0	    0.0	    0.0	    0.0	   21.8	  0	    0.0	    0.0	    0.0	    0.0	    0.0	1	  295.1	  1	    0.0	   -nan	
  308	  30.80	  372.4	    0.0	   -2.5	    0.0	    0.0	    0.0	    0.0	 1050.3	    0.0	    0.0	    0.0	  100.0	    0.0	    0.0	    0.0	    0.0	    0.0	   21.9	  0	    0.0	    0.0	    0.0	    0.0	    0.0	1	  296.2	  1	    0.0	   -nan	
  309	  30.90	  372.4	    0.0	   33.5	    0.0	    0.0	    0.0	    0.0	 1050.3	    0.0	    0.0	    0.0	  100.0	    0.0	    0.0	    0.0	    0.0	    0.0	   22.0	  0	    0.0	    0.0	    0.0	    0.0	    0.0	1	  296.2	  1	    0.0	   -nan	
  310	  31.00	  372.4	    0.0	   94.1	    0.0	    0.0	    0.0	    0.0	 1059.0	    0.0	    0.0	    0.0	  100.0	    0.0	    0.0	    0.0	    0.0	    0.0	   22.0	  0	    0.0	    0.0	    0.0	    0.0	    0.0	1	  296.6	  1	    0.0	   -nan	
  311	  31.10	  372.4	    0.0	   95.1	    0.0	    0.0	    0.0	    0.0	 1064.3	    0.0	    0.0	    0.0	  100.0	    0.0	    0.0	    0.0	    0.0	    0.0	   22.1	  0	    0.0	    0.0	    0.0	    0.0	    0.0	1	  296.8	  1	    0.0	   -nan	
  312	  31.20	  372.4	    0.0	   94.8	    0.0	    0.0	    0.0	    0.0	 1065.1	    0.0	    0.0	    0.0	  100.0	    0.0	    0.0	    0.0	    0.0	    0.0	   22.2	  0	    0.0	    0.0	    0.0	    0.0	    0.0	1	  296.8	  1	    0.0	   -nan	
  313	  31.30	  372.4	    0.0	   94.7	    0.0	    0.0	    0.0	    0.0	 1071.0	    0.0	    0.0	    0.0	  100.0	    0.0	    0.0	    0.0	    0.0	    0.0	   22.2	  0	    0.0	    0.0	    0.0	    0.0	    0.0	1	  297.1	  1	    0.0	   -nan	
  314	  31.40	  372.4	    0.0	   93.9	    0.0	    0.0	    0.0	    0.0	 1071.0	    0.0	    0.0	    0.0	  100.0	    0.0	    0.0	    0.0	    0.0	    0.0	   22.3	  0	    0.0	    0.0	    0.0	    0.0	    0.0	1	  297.1	  1	    0.0	   -nan	
  315	  31.50	  372.4	    0.0	   93.9	    0.0	    0.0	    0.0	    0.0	 1071.0	    0.0	    0.0	    0.0	  100.0	    0.0	    0.0	    0.0	    0.0	    0.0	   22.4	  0	    0.0	    0.0	    0.0	    0.0	    0.0	1	  297.1	  1	    0.0	   -nan	
  316	  31.60	  372.4	    0.0	   93.9	    0.0	    0.0	    0.0	    0.0	 1099.9	    0.0	    0.0	    0.0	  100.0	    0.0	    0.0	    0.0	    0.0	    0.0	   22.5	  0	    0.0	    0.0	    0.0	    0.0	    0.0	1	  298.0	  1	    0.0	   -nan	
  317	  31.70	  372.4	    0.0	   86.4	    0.0	    0.0	    0.0	    0.0	 1099.7	    0.0	    0.0	    0.0	  100.0	    0.0	    0.0	    0.0	    0.0	    0.0	   22.5	  0	    0.0	    0.0	    0.0	    0.0	    0.0	1	  298.0	  1	    0.0	   -nan	
  318	  31.80	  372.4	    0.0	   79.2	    0.0	    0.0	    0.0	    0.0	 1122.6	    0.0	    0.0	    0.0	  100.0	    0.0	    0.0	    0.0	    0.0	    0.0	   22.6	  0	    0.0	    0.0	    0.0	    0.0	    0.0	1	  298.6	  1	    0.0	   -nan	
  319	  31.90	  372.4	    0.0	    6.8	    0.0	    0.0	    0.0	    0.0	 1134.6	    0.0	    0.0	    0.0	  100.0	    0.0	    0.0	    0.0	    0.0	    0.0	   22.7	  0	    0.0	    0.0	    0.0	    0.0	    0.0	1	  298.8	  1	    0.0	   -nan	
  320	  32.00	  372.4	    0.0	  -83.7	    0.0	    0.0	    0.0	    0.0	 1136.5	    0.0	    0.0	    0.0	  100.0	    0.0	    0.0	    0.0	    0.0	    0.0	   22.7	  0	    0.0	    0.0	    0.0	    0.0	    0.0	1	  298.8	  1	    0.0	   -nan	
  321	  32.10	  372.4	    0.0	  -84.3	    0.0	    0.0	    0.0	    0.0	 1130.8	    0.0	    0.0	    0.0	  100.0	    0.0	    0.0	    0.0	    0.0	    0.0	   22.8	  0	    0.0	    0.0	    0.0	    0.0	    0.0	1	  298.7	  1	    0.0	   -nan	
  322	  32.20	  372.4	    0.0	  -84.4	    0.0	    0.0	    0.0	    0.0	 1120.8	    0.0	    0.0	    0.0	  100.0	    0.0	    0.0	    0.0	    0.0	    0.0	   22.9	  0	    0.0	    0.0	    0.0	    0.0	    0.0	1	  298.5	  1	    0.0	   -nan	
  323	  32.30	  372.4	    0.0	  -84.9	    0.0	    0.0	    0.0	    0.0	 1133.7	    0.0	    0.0	    0.0	  100.0	    0.0	    0.0	    0.0	    0.0	    0.0	   23.0	  0	    0.0	    0.0	    0.0	    0.0	    0.0	1	  298.7	  1	    0.0	   -nan	
  324	  32.40	  372.4	    0.0	  -84.2	    0.0	    0.0	    0.0	    0.0	 1144.3	    0.0	    0.0	    0.0	  100.0	    0.0	    0.0	    0.0	    0.0	    0.0	   23.0	  0	    0.0	    0.0	    0.0	    0.0	    0.0	1	  298.9	  1	    0.0	   -nan	
  325	  32.50	  372.4	    0.0	  -83.4	    0.0	    0.0	    0.0	    0.0	 1144.3	    0.0	    0.0	    0.0	  100.0	    0.0	    0.0	    0.0	    0.0	    0.0	   23.1	  0	    0.0	    0.0	    0.0	    0.0	    0.0	1	  298.9	  1	    0.0	   -nan	
  326	  32.60	  372.4	    0.0	  -83.4	    0.0	    0.0	    0.0	    0.0	 1143.9	    0.0	    0.0	    0.0	  100.0	    0.0	    0.0	    0.0	    0.0	    0.0	   23.2	  0	    0.0	    0.0	    0.0	    0.0	    0.0	1	  298.9	  1	    0.0	   -nan	
  327	  32.70	  372.4	    0.0	  -83.5	    0.0	    0.0	    0.0	    0.0	 1142.9	    0.0	    0.0	    0.0	  100.0	    0.0	    0.0	    0.0	    0.0	    0.0	   23.2	  0	    0.0	    0.0	    0.0	    0.0	    0.0	1	  298.9	  1	    0.0	   -nan	
  328	  32.80	  372.4	    0.0	  -83.6	    0.0	    0.0	    0.0	    0.0	 1139.2	    0.0	    0.0	    0.0	  100.0	    0.0	    0.0	    0.0	    0.0	    0.0	   23.3	  0	    0.0	    0.0	    0.0	    0.0	    0.0	1	  298.8	  1	    0.0	   -nan	
  329	  32.90	  372.4	    0.0	  -84.2	    0.0	    0.0	    0.0	    0.0	 1139.2	    0.0	    0.0	    0.0	  100.0	    0.0	    0.0	    0.0	    0.0	    0.0	   23.4	  0	    0.0	    0.0	    0.0	    0.0	    0.0	1	  298.8	  1	    0.0	   -nan	
  330	  33.00	  372.4	    0.0	  -84.2	    0.0	    0.0	    0.0	    0.0	 1123.1	    0.0	    0.0	    0.0	  100.0	    0.0	    0.0	    0.0	    0.0	    0.0	   23.5	  0	    0.0	    0.0	    0.0	    0.0	    0.0	1	  298.6	  1	    0.0	   -nan	
  331	  33.10	  372.4	    0.0	  -89.9	    0.0	    0.0	    0.0	    0.0	 1123.1	    0.0	    0.0	    0.0	  100.0	    0.0	    0.0	    0.0	    0.0	    0.0	   23.5	  0	    0.0	    0.0	    0.0	    0.0	    0.0	1	  298.6	  1	    0.0	   -nan	
  332	  33.20	  372.4	    0.0	  -89.9	    0.0	    0.0	    0.0	    0.0	 1127.0	    0.0	    0.0	    0.0	  100.0	    0.0	    0.0	    0.0	    0.0	    0.0	   23.6	  0	    0.0	    0.0	    0.0	    0.0	    0.0	1	  298.7	  1	    0.0	   -nan	
  333	  33.30	  372.4	    0.0	  -87.7	    0.0	    0.0	    0.0	    0.0	 1129.8	    0.0	    0.0	    0.0	  100.0	    0.0	    0.0	    0.0	    0.0	    0.0	   23.7	  0	    0.0	    0.0	    0.0	    0.0	    0.0	1	  298.7	  1	    0.0	   -nan	
  334	  33.40	  372.4	    0.0	  -85.1	    0.0	    0.0	    0.0	    0.0	 1125.1	    0.0	    0.0	    0.0	  100.0	    0.0	    0.0	    0.0	    0.0	    0.0	   23.7	  0	    0.0	    0.0	    0.0	    0.0	    0.0	1	  298.6	  1	    0.0	   -nan	
  335	  33.50	  372.4	    0.0	  -90.2	    0.0	    0.0	    0.0	    0.0	 1121.4	    0.0	    0.0	    0.0	  100.0	    0.0	    0.0	    0.0	    0.0	    0.0	   23.8	  0	    0.0	    0.0	    0.0	    0.0	    0.0	1	  298.5	  1	    0.0	   -nan	
  336	  33.60	  372.4	    0.0	  -94.6	    0.0	    0.0	    0.0	    0.0	 1139.2	    0.0	    0.0	    0.0	  100.0	    0.0	    0.0	    0.0	    0.0	    0.0	   23.9	  0	    0.0	    0.0	    0.0	    0.0	    0.0	1	  298.8	  1	    0.0	   -nan	
  337	  33.70	  372.4	    0.0	  -66.2	    0.0	    0.0	    0.0	    0.0	 1145.8	    0.0	    0.0	    0.0	  100.0	    0.0	    0.0	    0.0	    0.0	    0.0	   24.0	  0	    0.0	    0.0	    0.0	    0.0	    0.0	1	  298.9	  1	    0.0	   -nan	
  338	  33.80	  372.4	    0.0	  -57.2	    0.0	    0.0	    0.0	    0.0	 1135.4	    0.0	    0.0	    0.0	  100.0	    0.0	    0.0	    0.0	    0.0	    0.0	   24.0	  0	    0.0	    0.0	    0.0	    0.0	    0.0	1	  298.8	  1	    0.0	   -nan	
  339	  33.90	  372.4	    0.0	  -80.7	    0.0	    0.0	    0.0	    0.0	 1135.4	    0.0	    0.0	    0.0	  100.0	    0.0	    0.0	    0.0	    0.0	    0.0	   24.1	  0	    0.0	    0.0	    0.0	    0.0	    0.0	1	  298.8	  1	    0.0	   -nan	
  340	  34.00	  372.4	    0.0	  -80.7	    0.0	    0.0	    0.0	    0.0	 1129.8	    0.0	    0.0	    0.0	  100.0	    0.0	    0.0	    0.0	    0.0	    0.0	   24.2	  0	    0.0	    0.0	    0.0	    0.0	    0.0	1	  298.7	  1	    0.0	   -nan	
  341	  34.10	  372.4	    0.0	 -102.5	    0.0	    0.0	    0.0	    0.0	 1120.4	    0.0	    0.0	    0.0	  100.0	    0.0	    0.0	    0.0	    0.0	    0.0	   24.2	  0	    0.0	    0.0	    0.0	    0.0	    0.0	1	  298.5	  1	    0.0	   -nan	
  342	  34.20	  372.4	    0.0	 -138.7	    0.0	    0.0	    0.0	    0.0	 1112.8	    0.0	    0.0	    0.0	  100.0	    0.0	    0.0	    0.0	    0.0	    0.0	   24.3	  0	    0.0	    0.0	    0.0	    0.0	    0.0	1	  298.4	  1	    0.0	   -nan	
  343	  34.30	  372.4	    0.0	 -152.4	    0.0	    0.0	    0.0	    0.0	 1108.2	    0.0	    0.0	    0.0	  100.0	    0.0	    0.0	    0.0	    0.0	    0.0	   24.4	  0	    0.0	    0.0	    0.0	    0.0	    0.0	1	  298.2	  1	    0.0	   -nan	
  344	  34.40	  372.4	    0.0	 -157.8	    0.0	    0.0	    0.0	    0.0	 1110.1	    0.0	    0.0	    0.0	  100.0	    0.0	    0.0	    0.0	    0.0	    0.0	   24.5	  0	    0.0	    0.0	    0.0	    0.0	    0.0	1	  298.3	  1	    0.0	   -nan	
  345	  34.50	  372.4	    0.0	 -155.2	    0.0	    0.0	    0.0	    0.0	 1112.8	    0.0	    0.0	    0.0	  100.0	    0.0	    0.0	    0.0	    0.0	    0.0	   24.5	  0	    0.0	    0.0	    0.0	    0.0	    0.0	1	  298.4	  1	    0.0	   -nan	
  346	  34.60	  372.4	    0.0	 -148.2	    0.0	    0.0	    0.0	    0.0	 1111.9	    0.0	    0.0	    0.0	  100.0	    0.0	    0.0	    0.0	    0.0	    0.0	   24.6	  0	    0.0	    0.0	    0.0	    0.0	    0.0	1	  298.3	  1	    0.0	   -nan	
  347	  34.70	  372.4	    0.0	 -151.7	    0.0	    0.0	    0.0	    0.0	 1102.6	    0.0	    0.0	    0.0	  100.0	    0.0	    0.0	    0.0	    0.0	    0.0	   24.7	  0	    0.0	    0.0	    0.0	    0.0	    0.0	1	  298.1	  1	    0.0	   -nan	
  348	  34.80	  372.4	    0.0	 -167.1	    0.0	    0.0	    0.0	    0.0	 1093.3	    0.0	    0.0	    0.0	  100.0	    0.0	    0.0	    0.0	    0.0	    0.0	   24.7	  0	    0.0	    0.0	    0.0	    0.0	    0.0	1	  297.8	  1	    0.0	   -nan	
  349	  34.90	  372.4	    0.0	  113.1	    0.0	    0.0	    0.0	    0.0	 1105.7	    0.0	    0.0	    0.0	  100.0	    0.0	    0.0	    0.0	    0.0	    0.0	   24.8	  0	    0.0	    0.0	    0.0	    0.0	    0.0	1	  298.2	  1	    0.0	   -nan	
  350	  35.00	  372.4	    0.0	   94.4	    0.0	    0.0	    0.0	    0.0	 1094.1	    0.0	    0.0	    0.0	  100.0	    0.0	    0.0	    0.0	    0.0	    0.0	   24.9	  0	    0.0	    0.0	    0.0	    0.0	    0.0	1	  297.9	  1	    0.0	   -nan	
  351	  35.10	  372.4	    0.0	   95.1	    0.0	    0.0	    0.0	    0.0	 1082.6	    0.0	    0.0	    0.0	  100.0	    0.0	    0.0	    0.0	    0.0	    0.0	   25.0	  0	    0.0	    0.0	    0.0	    0.0	    0.0	1	  297.5	  1	    0.0	   -nan	
  352	  35.20	  372.4	    0.0	   96.1	    0.0	    0.0	    0.0	    0.0	 1069.3	    0.0	    0.0	    0.0	  100.0	    0.0	    0.0	    0.0	    0.0	    0.0	   25.0	  0	    0.0	    0.0	    0.0	    0.0	    0.0	1	  297.0	  1	    0.0	   -nan	
  353	  35.30	  372.4	    0.0	   97.6	    0.0	    0.0	    0.0	    0.0	 1065.5	    0.0	    0.0	    0.0	  100.0	    0.0	    0.0	    0.0	    0.0	    0.0	   25.1	  0	    0.0	    0.0	    0.0	    0.0	    0.0	1	  296.8	  1	    0.0	   -nan	
  354	  35.40	  372.4	    0.0	   98.3	    0.0	    0.0	    0.0	    0.0	 1065.5	    0.0	    0.0	    0.0	  100.0	    0.0	    0.0	    0.0	    0.0	    0.0	   25.2	  0	    0.0	    0.0	    0.0	    0.0	    0.0	1	  296.8	  1	    0.0	   -nan	
  355	  35.50	  372.4	    0.0	   98.3	    0.0	    0.0	    0.0	    0.0	 1061.0	    0.0	    0.0	    0.0	  100.0	    0.0	    0.0	    0.0	    0.0	    0.0	   25.2	  0	    0.0	    0.0	    0.0	    0.0	    0.0	1	  296.7	  1	    0.0	   -nan	
  356	  35.60	  372.4	    0.0	   99.4	    0.0	    0.0	    0.0	    0.0	 1066.0	    0.0	    0.0	    0.0	  100.0	    0.0	    0.0	    0.0	    0.0	    0.0	   25.3	  0	    0.0	    0.0	    0.0	    0.0	    0.0	1	  296.9	  1	    0.0	   -nan	
  357	  35.70	  372.4	    0.0	   98.0	    0.0	    0.0	    0.0	    0.0	 1066.0	    0.0	    0.0	    0.0	  100.0	    0.0	    0.0	    0.0	    0.0	    0.0	   25.4	  0	    0.0	    0.0	    0.0	    0.0	    0.0	1	  296.9	  1	    0.0	   -nan	
  358	  35.80	  372.4	    0.0	   97.7	    0.0	    0.0	    0.0	    0.0	 1058.7	    0.0	    0.0	    0.0	  100.0	    0.0	    0.0	    0.0	    0.0	    0.0	   25.5	  0	    0.0	    0.0	    0.0	    0.0	    0.0	1	  296.6	  1	    0.0	   -nan	
  359	  35.90	  372.4	    0.0	  101.3	    0.0	    0.0	    0.0	    0.0	 1058.7	    0.0	    0.0	    0.0	  100.0	    0.0	    0.0	    0.0	    0.0	    0.0	   25.5	  0	    0.0	    0.0	    0.0	    0.0	    0.0	1	  296.6	  1	    0.0	   -nan	
  360	  36.00	  372.4	    0.0	  105.7	    0.0	    0.0	    0.0	    0.0	 1048.8	    0.0	    0.0	    0.0	  100.0	    0.0	    0.0	    0.0	    0.0	    0.0	   25.6	  0	    0.0	    0.0	    0.0	    0.0	    0.0	1	  296.1	  1	    0.0	   -nan	
  361	  36.10	  372.4	    0.0	 -145.0	    0.0	    0.0	    0.0	    0.0	 1038.4	    0.0	    0.0	    0.0	  100.0	    0.0	    0.0	    0.0	    0.0	    0.0	   25.7	  0	    0.0	    0.0	    0.0	    0.0	    0.0	1	  295.7	  1	    0.0	   -nan	
  362	  36.20	  372.4	    0.0	  -84.5	    0.0	    0.0	    0.0	    0.0	 1016.5	    0.0	    0.0	    0.0	  100.0	    0.0	    0.0	    0.0	    0.0	    0.0	   25.7	  0	    0.0	    0.0	    0.0	    0.0	    0.0	1	  294.5	  1	    0.0	   -nan	
  363	  36.30	  372.4	    0.0	  -85.0	    0.0	    0.0	    0.0	    0.0	 1007.0	    0.0	    0.0	    0.0	  100.0	    0.0	    0.0	    0.0	    0.0	    0.0	   25.8	  0	    0.0	    0.0	    0.0	    0.0	    0.0	1	  294.0	  1	    0.0	   -nan	
  364	  36.40	  372.4	    0.0	  -85.2	    0.0	    0.0	    0.0	    0.0	  993.1	    0.0	    0.0	    0.0	  100.0	    0.0	    0.0	    0.0	    0.0	    0.0	   25.9	  0	    0.0	    0.0	    0.0	    0.0	    0.0	1	  293.3	  1	    0.0	   -nan	
  365	  36.50	  372.4	    0.0	  -85.7	    0.0	    0.0	    0.0	    0.0	  993.1	    0.0	    0.0	    0.0	  100.0	    0.0	    0.0	    0.0	    0.0	    0.0	   26.0	  0	    0.0	    0.0	    0.0	    0.0	    0.0	1	  293.3	  1	    0.0	   -nan	
  366	  36.60	  372.4	    0.0	  -85.7	    0.0	    0.0	    0.0	    0.0	  948.1	    0.0	    0.0	    0.0	  100.0	    0.0	    0.0	    0.0	    0.0	    0.0	   26.0	  0	    0.0	    0.0	    0.0	    0.0	    0.0	1	  290.6	  1	    0.0	   -nan	
  367	  36.70	  372.4	    0.0	  -88.3	    0.0	    0.0	    0.0	    0.0	  941.1	    0.0	    0.0	    0.0	  100.0	    0.0	    0.0	    0.0	    0.0	    0.0	   26.1	  0	    0.0	    0.0	    0.0	    0.0	    0.0	1	  290.1	  1	    0.0	   -nan	
  368	  36.80	  372.4	    0.0	  -88.8	    0.0	    0.0	    0.0	    0.0	  941.1	    0.0	    0.0	    0.0	  100.0	    0.0	    0.0	    0.0	    0.0	    0.0	   26.2	  0	    0.0	    0.0	    0.0	    0.0	    0.0	1	  290.1	  1	    0.0	   -nan	
  369	  36.90	  372.4	    0.0	  -88.8	    0.0	    0.0	    0.0	    0.0	  936.4	    0.0	    0.0	    0.0	  100.0	    0.0	    0.0	    0.0	    0.0	    0.0	   26.2	  0	    0.0	    0.0	    0.0	    0.0	    0.0	1	  289.8	  1	    0.0	   -nan	
  370	  37.00	  372.4	    0.0	  -89.3	    0.0	    0.0	    0.0	    0.0	  936.5	    0.0	    0.0	    0.0	  100.0	    0.0	    0.0	    0.0	    0.0	    0.0	   26.3	  0	    0.0	    0.0	    0.0	    0.0	    0.0	1	  289.9	  1	    0.0	   -nan	
  371	  37.10	  372.4	    0.0	  -89.3	    0.0	    0.0	    0.0	    0.0	  936.5	    0.0	    0.0	    0.0	  100.0	    0.0	    0.0	    0.0	    0.0	    0.0	   26.4	  0	    0.0	    0.0	    0.0	    0.0	    0.0	1	  289.9	  1	    0.0	   -nan	
  372	  37.20	  372.4	    0.0	  -89.3	    0.0	    0.0	    0.0	    0.0	  934.3	    0.0	    0.0	    0.0	  100.0	    0.0	    0.0	    0.0	    0.0	    0.0	   26.5	  0	    0.0	    0.0	    0.0	    0.0	    0.0	1	  289.7	  1	    0.0	   -nan	
  373	  37.30	  372.4	    0.0	  -89.8	    0.0	    0.0	    0.0	    0.0	  942.8	    0.0	    0.0	    0.0	  100.0	    0.0	    0.0	    0.0	    0.0	    0.0	   26.5	  0	    0.0	    0.0	    0.0	    0.0	    0.0	1	  290.2	  1	    0.0	   -nan	
  374	  37.40	  372.4	    0.0	  -87.1	    0.0	    0.0	    0.0	    0.0	  938.0	    0.0	    0.0	    0.0	  100.0	    0.0	    0.0	    0.0	    0.0	    0.0	   26.6	  0	    0.0	    0.0	    0.0	    0.0	    0.0	1	  289.9	  1	    0.0	   -nan	
  375	  37.50	  372.4	    0.0	  -89.1	    0.0	    0.0	    0.0	    0.0	  941.8	    0.0	    0.0	    0.0	  100.0	    0.0	    0.0	    0.0	    0.0	    0.0	   26.7	  0	    0.0	    0.0	    0.0	    0.0	    0.0	1	  290.2	  1	    0.0	   -nan	
  376	  37.60	  372.4	    0.0	  -87.1	    0.0	    0.0	    0.0	    0.0	  952.9	    0.0	    0.0	    0.0	  100.0	    0.0	    0.0	    0.0	    0.0	    0.0	   26.7	  0	    0.0	    0.0	    0.0	    0.0	    0.0	1	  290.9	  1	    0.0	   -nan	
  377	  37.70	  372.4	    0.0	  -79.2	    0.0	    0.0	    0.0	    0.0	  957.3	    0.0	    0.0	    0.0	  100.0	    0.0	    0.0	    0.0	    0.0	    0.0	   26.8	  0	    0.0	    0.0	    0.0	    0.0	    0.0	1	  291.1	  1	    0.0	   -nan	
  378	  37.80	  372.4	    0.0	  -75.1	    0.0	    0.0	    0.0	    0.0	  967.6	    0.0	    0.0	    0.0	  100.0	    0.0	    0.0	    0.0	    0.0	    0.0	   26.9	  0	    0.0	    0.0	    0.0	    0.0	    0.0	1	  291.8	  1	    0.0	   -nan	
  379	  37.90	  372.4	    0.0	  -63.0	    0.0	    0.0	    0.0	    0.0	  966.8	    0.0	    0.0	    0.0	  100.0	    0.0	    0.0	    0.0	    0.0	    0.0	   27.0	  0	    0.0	    0.0	    0.0	    0.0	    0.0	1	  291.7	  1	    0.0	   -nan	
  380	  38.00	  372.4	    0.0	  -64.2	    0.0	    0.0	    0.0	    0.0	  971.8	    0.0	    0.0	    0.0	  100.0	    0.0	    0.0	    0.0	    0.0	    0.0	   27.0	  0	    0.0	    0.0	    0.0	    0.0	    0.0	1	  292.0	  1	    0.0	   -nan	
  381	  38.10	  372.4	    0.0	  -55.0	    0.0	    0.0	    0.0	    0.0	  971.8	    0.0	    0.0	    0.0	  100.0	    0.0	    0.0	    0.0	    0.0	    0.0	   27.1	  0	    0.0	    0.0	    0.0	    0.0	    0.0	1	  292.0	  1	    0.0	   -nan	
  382	  38.20	  372.4	    0.0	  -55.0	    0.0	    0.0	    0.0	    0.0	  988.0	    0.0	    0.0	    0.0	  100.0	    0.0	    0.0	    0.0	    0.0	    0.0	   27.2	  0	    0.0	    0.0	    0.0	    0.0	    0.0	1	  293.0	  1	    0.0	   -nan	
  383	  38.30	  372.4	    0.0	  -24.5	    0.0	    0.0	    0.0	    0.0	 1027.0	    0.0	    0.0	    0.0	  100.0	    0.0	    0.0	    0.0	    0.0	    0.0	   27.2	  0	    0.0	    0.0	    0.0	    0.0	    0.0	1	  295.1	  1	    0.0	   -nan	
  384	  38.40	  372.4	    0.0	   -3.4	    0.0	    0.0	    0.0	    0.0	 1027.0	    0.0	    0.0	    0.0	  100.0	    0.0	    0.0	    0.0	    0.0	    0.0	   27.3	  0	    0.0	    0.0	    0.0	    0.0	    0.0	1	  295.1	  1	    0.0	   -nan	
  385	  38.50	  372.4	    0.0	   -3.4	    0.0	    0.0	    0.0	    0.0	 1041.0	    0.0	    0.0	    0.0	  100.0	    0.0	    0.0	    0.0	    0.0	    0.0	   27.4	  0	    0.0	    0.0	    0.0	    0.0	    0.0	1	  295.8	  1	    0.0	   -nan	
  386	  38.60	  372.4	    0.0	   -0.4	    0.0	    0.0	    0.0	    0.0	 1044.1	    0.0	    0.0	    0.0	  100.0	    0.0	    0.0	    0.0	    0.0	    0.0	   27.5	  0	    0.0	    0.0	    0.0	    0.0	    0.0	1	  295.9	  1	    0.0	   -nan	
  387	  38.70	  372.4	    0.0	   76.2	    0.0	    0.0	    0.0	    0.0	 1044.2	    0.0	    0.0	    0.0	  100.0	    0.0	    0.0	    0.0	    0.0	    0.0	   27.5	  0	    0.0	    0.0	    0.0	    0.0	    0.0	1	  295.9	  1	    0.0	   -nan	
  388	  38.80	  372.4	    0.0	   96.0	    0.0	    0.0	    0.0	    0.0	 1046.1	    0.0	    0.0	    0.0	  100.0	    0.0	    0.0	    0.0	    0.0	    0.0	   27.6	  0	    0.0	    0.0	    0.0	    0.0	    0.0	1	  296.0	  1	    0.0	   -nan	
  389	  38.90	  372.4	    0.0	   96.0	    0.0	    0.0	    0.0	    0.0	 1045.1	    0.0	    0.0	    0.0	  100.0	    0.0	    0.0	    0.0	    0.0	    0.0	   27.7	  0	    0.0	    0.0	    0.0	    0.0	    0.0	1	  296.0	  1	    0.0	   -nan	
  390	  39.00	  372.4	    0.0	   96.1	    0.0	    0.0	    0.0	    0.0	 1037.7	    0.0	    0.0	    0.0	  100.0	    0.0	    0.0	    0.0	    0.0	    0.0	   27.7	  0	    0.0	    0.0	    0.0	    0.0	    0.0	1	  295.6	  1	    0.0	   -nan	
  391	  39.10	  372.4	    0.0	   96.9	    0.0	    0.0	    0.0	    0.0	 1038.1	    0.0	    0.0	    0.0	  100.0	    0.0	    0.0	    0.0	    0.0	    0.0	   27.8	  0	    0.0	    0.0	    0.0	    0.0	    0.0	1	  295.6	  1	    0.0	   -nan	
  392	  39.20	  372.4	    0.0	   96.8	    0.0	    0.0	    0.0	    0.0	 1031.1	    0.0	    0.0	    0.0	  100.0	    0.0	    0.0	    0.0	    0.0	    0.0	   27.9	  0	    0.0	    0.0	    0.0	    0.0	    0.0	1	  295.3	  1	    0.0	   -nan	
  393	  39.30	  372.4	    0.0	   98.1	    0.0	    0.0	    0.0	    0.0	 1026.4	    0.0	    0.0	    0.0	  100.0	    0.0	    0.0	    0.0	    0.0	    0.0	   28.0	  0	    0.0	    0.0	    0.0	    0.0	    0.0	1	  295.1	  1	    0.0	   -nan	
  394	  39.40	  372.4	    0.0	   99.2	    0.0	    0.0	    0.0	    0.0	 1020.6	    0.0	    0.0	    0.0	  100.0	    0.0	    0.0	    0.0	    0.0	    0.0	   28.0	  0	    0.0	    0.0	    0.0	    0.0	    0.0	1	  294.8	  1	    0.0	   -nan	
  395	  39.50	  372.4	    0.0	  101.3	    0.0	    0.0	    0.0	    0.0	 1018.8	    0.0	    0.0	    0.0	  100.0	    0.0	    0.0	    0.0	    0.0	    0.0	   28.1	  0	    0.0	    0.0	    0.0	    0.0	    0.0	1	  294.7	  1	    0.0	   -nan	
  396	  39.60	  372.4	    0.0	  102.9	    0.0	    0.0	    0.0	    0.0	 1015.1	    0.0	    0.0	    0.0	  100.0	    0.0	    0.0	    0.0	    0.0	    0.0	   28.2	  0	    0.0	    0.0	    0.0	    0.0	    0.0	1	  294.5	  1	    0.0	   -nan	
  397	  39.70	  372.4	    0.0	  107.1	    0.0	    0.0	    0.0	    0.0	 1013.3	    0.0	    0.0	    0.0	  100.0	    0.0	    0.0	    0.0	    0.0	    0.0	   28.2	  0	    0.0	    0.0	    0.0	    0.0	    0.0	1	  294.4	  1	    0.0	   -nan	
  398	  39.80	  372.4	    0.0	  157.5	    0.0	    0.0	    0.0	    0.0	 1017.0	    0.0	    0.0	    0.0	  100.0	    0.0	    0.0	    0.0	    0.0	    0.0	   28.3	  0	    0.0	    0.0	    0.0	    0.0	    0.0	1	  294.6	  1	    0.0	   -nan	
  399	  39.90	  372.4	    0.0	  -82.9	    0.0	    0.0	    0.0	    0.0	 1019.9	    0.0	    0.0	    0.0	  100.0	    0.0	    0.0	    0.0	    0.0	    0.0	   28.4	  0	    0.0	    0.0	    0.0	    0.0	    0.0	1	  294.7	  1	    0.0	   -nan	
  400	  40.00	  372.4	    0.0	  -82.6	    0.0	    0.0	    0.0	    0.0	 1021.7	    0.0	    0.0	    0.0	  100.0	    0.0	    0.0	    0.0	    0.0	    0.0	   28.5	  0	    0.0	    0.0	    0.0	    0.0	    0.0	1	  294.8	  1	    0.0	   -nan	
  401	  40.10	  372.4	    0.0	  -82.6	    0.0	    0.0	    0.0	    0.0	 1022.7	    0.0	    0.0	    0.0	  100.0	    0.0	    0.0	    0.0	    0.0	    0.0	   28.5	  0	    0.0	    0.0	    0.0	    0.0	    0.0	1	  294.9	  1	    0.0	   -nan	
  402	  40.20	  372.4	    0.0	  -82.6	    0.0	    0.0	    0.0	    0.0	 1020.8	    0.0	    0.0	    0.0	  100.0	    0.0	    0.0	    0.0	    0.0	    0.0	   28.6	  0	    0.0	    0.0	    0.0	    0.0	    0.0	1	  294.8	  1	    0.0	   -nan	
  403	  40.30	  372.4	    0.0	  -82.6	    0.0	    0.0	    0.0	    0.0	 1026.4	    0.0	    0.0	    0.0	  100.0	    0.0	    0.0	    0.0	    0.0	    0.0	   28.7	  0	    0.0	    0.0	    0.0	    0.0	    0.0	1	  295.1	  1	    0.0	   -nan	
  404	  40.40	  372.4	    0.0	  -82.3	    0.0	    0.0	    0.0	    0.0	 1037.6	    0.0	    0.0	    0.0	  100.0	    0.0	    0.0	    0.0	    0.0	    0.0	   28.7	  0	    0.0	    0.0	    0.0	    0.0	    0.0	1	  295.6	  1	    0.0	   -nan	
  405	  40.50	  372.4	    0.0	  -81.5	    0.0	    0.0	    0.0	    0.0	 1038.5	    0.0	    0.0	    0.0	  100.0	    0.0	    0.0	    0.0	    0.0	    0.0	   28.8	  0	    0.0	    0.0	    0.0	    0.0	    0.0	1	  295.7	  1	    0.0	   -nan	
  406	  40.60	  372.4	    0.0	  -81.4	    0.0	    0.0	    0.0	    0.0	 1036.6	    0.0	    0.0	    0.0	  100.0	    0.0	    0.0	    0.0	    0.0	    0.0	   28.9	  0	    0.0	    0.0	    0.0	    0.0	    0.0	1	  295.6	  1	    0.0	   -nan	
  407	  40.70	  372.4	    0.0	  -81.6	    0.0	    0.0	    0.0	    0.0	 1029.1	    0.0	    0.0	    0.0	  100.0	    0.0	    0.0	    0.0	    0.0	    0.0	   29.0	  0	    0.0	    0.0	    0.0	    0.0	    0.0	1	  295.2	  1	    0.0	   -nan	
  408	  40.80	  372.4	    0.0	  -82.8	    0.0	    0.0	    0.0	    0.0	 1026.2	    0.0	    0.0	    0.0	  100.0	    0.0	    0.0	    0.0	    0.0	    0.0	   29.0	  0	    0.0	    0.0	    0.0	    0.0	    0.0	1	  295.1	  1	    0.0	   -nan	
  409	  40.90	  372.4	    0.0	  -83.4	    0.0	    0.0	    0.0	    0.0	 1023.4	    0.0	    0.0	    0.0	  100.0	    0.0	    0.0	    0.0	    0.0	    0.0	   29.1	  0	    0.0	    0.0	    0.0	    0.0	    0.0	1	  294.9	  1	    0.0	   -nan	
  410	  41.00	  372.4	    0.0	  -84.2	    0.0	    0.0	    0.0	    0.0	 1030.0	    0.0	    0.0	    0.0	  100.0	    0.0	    0.0	    0.0	    0.0	    0.0	   29.2	  0	    0.0	    0.0	    0.0	    0.0	    0.0	1	  295.2	  1	    0.0	   -nan	
  411	  41.10	  372.4	    0.0	  -81.9	    0.0	    0.0	    0.0	    0.0	 1033.5	    0.0	    0.0	    0.0	  100.0	    0.0	    0.0	    0.0	    0.0	    0.0	   29.2	  0	    0.0	    0.0	    0.0	    0.0	    0.0	1	  295.4	  1	    0.0	   -nan	
  412	  41.20	  372.4	    0.0	  -80.4	    0.0	    0.0	    0.0	    0.0	 1033.5	    0.0	    0.0	    0.0	  100.0	    0.0	    0.0	    0.0	    0.0	    0.0	   29.3	  0	    0.0	    0.0	    0.0	    0.0	    0.0	1	  295.4	  1	    0.0	   -nan	
  413	  41.30	  372.4	    0.0	  -80.4	    0.0	    0.0	    0.0	    0.0	 1030.5	    0.0	    0.0	    0.0	  100.0	    0.0	    0.0	    0.0	    0.0	    0.0	   29.4	  0	    0.0	    0.0	    0.0	    0.0	    0.0	1	  295.3	  1	    0.0	   -nan	
  414	  41.40	  372.4	    0.0	  -82.6	    0.0	    0.0	    0.0	    0.0	 1026.4	    0.0	    0.0	    0.0	  100.0	    0.0	    0.0	    0.0	    0.0	    0.0	   29.5	  0	    0.0	    0.0	    0.0	    0.0	    0.0	1	  295.1	  1	    0.0	   -nan	
  415	  41.50	  372.4	    0.0	  -86.5	    0.0	    0.0	    0.0	    0.0	 1029.3	    0.0	    0.0	    0.0	  100.0	    0.0	    0.0	    0.0	    0.0	    0.0	   29.5	  0	    0.0	    0.0	    0.0	    0.0	    0.0	1	  295.2	  1	    0.0	   -nan	
  416	  41.60	  372.4	    0.0	  -82.9	    0.0	    0.0	    0.0	    0.0	 1030.3	    0.0	    0.0	    0.0	  100.0	    0.0	    0.0	    0.0	    0.0	    0.0	   29.6	  0	    0.0	    0.0	    0.0	    0.0	    0.0	1	  295.3	  1	    0.0	   -nan	
  417	  41.70	  372.4	    0.0	  -81.3	    0.0	    0.0	    0.0	    0.0	 1030.1	    0.0	    0.0	    0.0	  100.0	    0.0	    0.0	    0.0	    0.0	    0.0	   29.7	  0	    0.0	    0.0	    0.0	    0.0	    0.0	1	  295.2	  1	    0.0	   -nan	
  418	  41.80	  372.4	    0.0	  -81.7	    0.0	    0.0	    0.0	    0.0	 1028.3	    0.0	    0.0	    0.0	  100.0	    0.0	    0.0	    0.0	    0.0	    0.0	   29.7	  0	    0.0	    0.0	    0.0	    0.0	    0.0	1	  295.2	  1	    0.0	   -nan	
  419	  41.90	  372.4	    0.0	  -86.6	    0.0	    0.0	    0.0	    0.0	 1029.3	    0.0	    0.0	    0.0	  100.0	    0.0	    0.0	    0.0	    0.0	    0.0	   29.8	  0	    0.0	    0.0	    0.0	    0.0	    0.0	1	  295.2	  1	    0.0	   -nan	
  420	  42.00	  372.4	    0.0	  -83.1	    0.0	    0.0	    0.0	    0.0	 1029.0	    0.0	    0.0	    0.0	  100.0	    0.0	    0.0	    0.0	    0.0	    0.0	   29.9	  0	    0.0	    0.0	    0.0	    0.0	    0.0	1	  295.2	  1	    0.0	   -nan	
  421	  42.10	  372.4	    0.0	  -84.4	    0.0	    0.0	    0.0	    0.0	 1029.6	    0.0	    0.0	    0.0	  100.0	    0.0	    0.0	    0.0	    0.0	    0.0	   30.0	  0	    0.0	    0.0	    0.0	    0.0	    0.0	1	  295.2	  1	    0.0	   -nan	
  422	  42.20	  372.4	    0.0	  -80.9	    0.0	    0.0	    0.0	    0.0	 1025.9	    0.0	    0.0	    0.0	  100.0	    0.0	    0.0	    0.0	    0.0	    0.0	   30.0	  0	    0.0	    0.0	    0.0	    0.0	    0.0	1	  295.0	  1	    0.0	   -nan	
  423	  42.30	  372.4	    0.0	 -107.6	    0.0	    0.0	    0.0	    0.0	 1025.9	    0.0	    0.0	    0.0	  100.0	    0.0	    0.0	    0.0	    0.0	    0.0	   30.1	  0	    0.0	    0.0	    0.0	    0.0	    0.0	1	  295.0	  1	    0.0	   -nan	
  424	  42.40	  372.4	    0.0	 -107.6	    0.0	    0.0	    0.0	    0.0	 1025.9	    0.0	    0.0	    0.0	  100.0	    0.0	    0.0	    0.0	    0.0	    0.0	   30.2	  0	    0.0	    0.0	    0.0	    0.0	    0.0	1	  295.0	  1	    0.0	   -nan	
  425	  42.50	  372.4	    0.0	 -107.6	    0.0	    0.0	    0.0	    0.0	 1025.9	    0.0	    0.0	    0.0	  100.0	    0.0	    0.0	    0.0	    0.0	    0.0	   30.2	  0	    0.0	    0.0	    0.0	    0.0	    0.0	1	  295.0	  1	    0.0	   -nan	
  426	  42.60	  372.4	    0.0	 -107.6	    0.0	    0.0	    0.0	    0.0	 1022.1	    0.0	    0.0	    0.0	  100.0	    0.0	    0.0	    0.0	    0.0	    0.0	   30.3	  0	    0.0	    0.0	    0.0	    0.0	    0.0	1	  294.8	  1	    0.0	   -nan	
  427	  42.70	  372.4	    0.0	 -144.7	    0.0	    0.0	    0.0	    0.0	 1023.7	    0.0	    0.0	    0.0	  100.0	    0.0	    0.0	    0.0	    0.0	    0.0	   30.4	  0	    0.0	    0.0	    0.0	    0.0	    0.0	1	  294.9	  1	    0.0	   -nan	
  428	  42.80	  372.4	    0.0	 -130.6	    0.0	    0.0	    0.0	    0.0	 1024.0	    0.0	    0.0	    0.0	  100.0	    0.0	    0.0	    0.0	    0.0	    0.0	   30.5	  0	    0.0	    0.0	    0.0	    0.0	    0.0	1	  294.9	  1	    0.0	   -nan	
  429	  42.90	  372.4	    0.0	 -125.3	    0.0	    0.0	    0.0	    0.0	 1023.0	    0.0	    0.0	    0.0	  100.0	    0.0	    0.0	    0.0	    0.0	    0.0	   30.5	  0	    0.0	    0.0	    0.0	    0.0	    0.0	1	  294.9	  1	    0.0	   -nan	
  430	  43.00	  372.4	    0.0	 -142.6	    0.0	    0.0	    0.0	    0.0	 1026.0	    0.0	    0.0	    0.0	  100.0	    0.0	    0.0	    0.0	    0.0	    0.0	   30.6	  0	    0.0	    0.0	    0.0	    0.0	    0.0	1	  295.0	  1	    0.0	   -nan	
  431	  43.10	  372.4	    0.0	  -28.4	    0.0	    0.0	    0.0	    0.0	 1025.9	    0.0	    0.0	    0.0	  100.0	    0.0	    0.0	    0.0	    0.0	    0.0	   30.7	  0	    0.0	    0.0	    0.0	    0.0	    0.0	1	  295.0	  1	    0.0	   -nan	
  432	  43.20	  372.4	    0.0	  -31.1	    0.0	    0.0	    0.0	    0.0	 1025.0	    0.0	    0.0	    0.0	  100.0	    0.0	    0.0	    0.0	    0.0	    0.0	   30.7	  0	    0.0	    0.0	    0.0	    0.0	    0.0	1	  295.0	  1	    0.0	   -nan	
  433	  43.30	  372.4	    0.0	  -99.7	    0.0	    0.0	    0.0	    0.0	 1024.1	    0.0	    0.0	    0.0	  100.0	    0.0	    0.0	    0.0	    0.0	    0.0	   30.8	  0	    0.0	    0.0	    0.0	    0.0	    0.0	1	  294.9	  1	    0.0	   -nan	
  434	  43.40	  372.4	    0.0	 -149.6	    0.0	    0.0	    0.0	    0.0	 1021.9	    0.0	    0.0	    0.0	  100.0	    0.0	    0.0	    0.0	    0.0	    0.0	   30.9	  0	    0.0	    0.0	    0.0	    0.0	    0.0	1	  294.8	  1	    0.0	   -nan	
  435	  43.50	  372.4	    0.0	 -166.2	    0.0	    0.0	    0.0	    0.0	 1021.5	    0.0	    0.0	    0.0	  100.0	    0.0	    0.0	    0.0	    0.0	    0.0	   31.0	  0	    0.0	    0.0	    0.0	    0.0	    0.0	1	  294.8	  1	    0.0	   -nan	
  436	  43.60	  372.4	    0.0	   98.6	    0.0	    0.0	    0.0	    0.0	 1023.1	    0.0	    0.0	    0.0	  100.0	    0.0	    0.0	    0.0	    0.0	    0.0	   31.0	  0	    0.0	    0.0	    0.0	    0.0	    0.0	1	  294.9	  1	    0.0	   -nan	
  437	  43.70	  372.4	    0.0	   97.3	    0.0	    0.0	    0.0	    0.0	 1024.0	    0.0	    0.0	    0.0	  100.0	    0.0	    0.0	    0.0	    0.0	    0.0	   31.1	  0	    0.0	    0.0	    0.0	    0.0	    0.0	1	  294.9	  1	    0.0	   -nan	
  438	  43.80	  372.4	    0.0	   97.3	    0.0	    0.0	    0.0	    0.0	 1024.9	    0.0	    0.0	    0.0	  100.0	    0.0	    0.0	    0.0	    0.0	    0.0	   31.2	  0	    0.0	    0.0	    0.0	    0.0	    0.0	1	  295.0	  1	    0.0	   -nan	
  439	  43.90	  372.4	    0.0	   97.2	    0.0	    0.0	    0.0	    0.0	 1025.0	    0.0	    0.0	    0.0	  100.0	    0.0	    0.0	    0.0	    0.0	    0.0	   31.2	  0	    0.0	    0.0	    0.0	    0.0	    0.0	1	  295.0	  1	    0.0	   -nan	
  440	  44.00	  372.4	    0.0	   97.2	    0.0	    0.0	    0.0	    0.0	 1025.9	    0.0	    0.0	    0.0	  100.0	    0.0	    0.0	    0.0	    0.0	    0.0	   31.3	  0	    0.0	    0.0	    0.0	    0.0	    0.0	1	  295.0	  1	    0.0	   -nan	
  441	  44.10	  372.4	    0.0	   97.1	    0.0	    0.0	    0.0	    0.0	 1030.6	    0.0	    0.0	    0.0	  100.0	    0.0	    0.0	    0.0	    0.0	    0.0	   31.4	  0	    0.0	    0.0	    0.0	    0.0	    0.0	1	  295.3	  1	    0.0	   -nan	
  442	  44.20	  372.4	    0.0	   96.2	    0.0	    0.0	    0.0	    0.0	 1031.5	    0.0	    0.0	    0.0	  100.0	    0.0	    0.0	    0.0	    0.0	    0.0	   31.5	  0	    0.0	    0.0	    0.0	    0.0	    0.0	1	  295.3	  1	    0.0	   -nan	
  443	  44.30	  372.4	    0.0	   95.9	    0.0	    0.0	    0.0	    0.0	 1029.7	    0.0	    0.0	    0.0	  100.0	    0.0	    0.0	    0.0	    0.0	    0.0	   31.5	  0	    0.0	    0.0	    0.0	    0.0	    0.0	1	  295.2	  1	    0.0	   -nan	
  444	  44.40	  372.4	    0.0	   96.5	    0.0	    0.0	    0.0	    0.0	 1031.5	    0.0	    0.0	    0.0	  100.0	    0.0	    0.0	    0.0	    0.0	    0.0	   31.6	  0	    0.0	    0.0	    0.0	    0.0	    0.0	1	  295.3	  1	    0.0	   -nan	
  445	  44.50	  372.4	    0.0	   95.8	    0.0	    0.0	    0.0	    0.0	 1031.5	    0.0	    0.0	    0.0	  100.0	    0.0	    0.0	    0.0	    0.0	    0.0	   31.7	  0	    0.0	    0.0	    0.0	    0.0	    0.0	1	  295.3	  1	    0.0	   -nan	
  446	  44.60	  372.4	    0.0	   95.7	    0.0	    0.0	    0.0	    0.0	 1033.4	    0.0	    0.0	    0.0	  100.0	    0.0	    0.0	    0.0	    0.0	    0.0	   31.7	  0	    0.0	    0.0	    0.0	    0.0	    0.0	1	  295.4	  1	    0.0	   -nan	
  447	  44.70	  372.4	    0.0	   94.3	    0.0	    0.0	    0.0	    0.0	 1031.5	    0.0	    0.0	    0.0	  100.0	    0.0	    0.0	    0.0	    0.0	    0.0	   31.8	  0	    0.0	    0.0	    0.0	    0.0	    0.0	1	  295.3	  1	    0.0	   -nan	
  448	  44.80	  372.4	    0.0	   95.7	    0.0	    0.0	    0.0	    0.0	 1031.5	    0.0	    0.0	    0.0	  100.0	    0.0	    0.0	    0.0	    0.0	    0.0	   31.9	  0	    0.0	    0.0	    0.0	    0.0	    0.0	1	  295.3	  1	    0.0	   -nan	
  449	  44.90	  372.4	    0.0	   96.2	    0.0	    0.0	    0.0	    0.0	 1030.6	    0.0	    0.0	    0.0	  100.0	    0.0	    0.0	    0.0	    0.0	    0.0	   32.0	  0	    0.0	    0.0	    0.0	    0.0	    0.0	1	  295.3	  1	    0.0	   -nan	
  450	  45.00	  372.4	    0.0	   97.5	    0.0	    0.0	    0.0	    0.0	 1032.5	    0.0	    0.0	    0.0	  100.0	    0.0	    0.0	    0.0	    0.0	    0.0	   32.0	  0	    0.0	    0.0	    0.0	    0.0	    0.0	1	  295.4	  1	    0.0	   -nan	
  451	  45.10	  372.4	    0.0	   94.5	    0.0	    0.0	    0.0	    0.0	 1030.7	    0.0	    0.0	    0.0	  100.0	    0.0	    0.0	    0.0	    0.0	    0.0	   32.1	  0	    0.0	    0.0	    0.0	    0.0	    0.0	1	  295.3	  1	    0.0	   -nan	
  452	  45.20	  372.4	    0.0	  102.2	    0.0	    0.0	    0.0	    0.0	 1028.7	    0.0	    0.0	    0.0	  100.0	    0.0	    0.0	    0.0	    0.0	    0.0	   32.2	  0	    0.0	    0.0	    0.0	    0.0	    0.0	1	  295.2	  1	    0.0	   -nan	
  453	  45.30	  372.4	    0.0	  -88.4	    0.0	    0.0	    0.0	    0.0	 1026.0	    0.0	    0.0	    0.0	  100.0	    0.0	    0.0	    0.0	    0.0	    0.0	   32.2	  0	    0.0	    0.0	    0.0	    0.0	    0.0	1	  295.0	  1	    0.0	   -nan	
  454	  45.40	  372.4	    0.0	  -83.0	    0.0	    0.0	    0.0	    0.0	 1026.9	    0.0	    0.0	    0.0	  100.0	    0.0	    0.0	    0.0	    0.0	    0.0	   32.3	  0	    0.0	    0.0	    0.0	    0.0	    0.0	1	  295.1	  1	    0.0	   -nan	
  455	  45.50	  372.4	    0.0	  -83.0	    0.0	    0.0	    0.0	    0.0	 1025.9	    0.0	    0.0	    0.0	  100.0	    0.0	    0.0	    0.0	    0.0	    0.0	   32.4	  0	    0.0	    0.0	    0.0	    0.0	    0.0	1	  295.0	  1	    0.0	   -nan	
  456	  45.60	  372.4	    0.0	  -83.0	    0.0	    0.0	    0.0	    0.0	 1025.0	    0.0	    0.0	    0.0	  100.0	    0.0	    0.0	    0.0	    0.0	    0.0	   32.5	  0	    0.0	    0.0	    0.0	    0.0	    0.0	1	  295.0	  1	    0.0	   -nan	
  457	  45.70	  372.4	    0.0	  -83.1	    0.0	    0.0	    0.0	    0.0	 1024.1	    0.0	    0.0	    0.0	  100.0	    0.0	    0.0	    0.0	    0.0	    0.0	   32.5	  0	    0.0	    0.0	    0.0	    0.0	    0.0	1	  294.9	  1	    0.0	   -nan	
  458	  45.80	  372.4	    0.0	  -83.1	    0.0	    0.0	    0.0	    0.0	 1024.0	    0.0	    0.0	    0.0	  100.0	    0.0	    0.0	    0.0	    0.0	    0.0	   32.6	  0	    0.0	    0.0	    0.0	    0.0	    0.0	1	  294.9	  1	    0.0	   -nan	
  459	  45.90	  372.4	    0.0	  -83.1	    0.0	    0.0	    0.0	    0.0	 1025.0	    0.0	    0.0	    0.0	  100.0	    0.0	    0.0	    0.0	    0.0	    0.0	   32.7	  0	    0.0	    0.0	    0.0	    0.0	    0.0	1	  295.0	  1	    0.0	   -nan	
  460	  46.00	  372.4	    0.0	  -83.0	    0.0	    0.0	    0.0	    0.0	 1023.1	    0.0	    0.0	    0.0	  100.0	    0.0	    0.0	    0.0	    0.0	    0.0	   32.7	  0	    0.0	    0.0	    0.0	    0.0	    0.0	1	  294.9	  1	    0.0	   -nan	
  461	  46.10	  372.4	    0.0	  -83.2	    0.0	    0.0	    0.0	    0.0	 1023.1	    0.0	    0.0	    0.0	  100.0	    0.0	    0.0	    0.0	    0.0	    0.0	   32.8	  0	    0.0	    0.0	    0.0	    0.0	    0.0	1	  294.9	  1	    0.0	   -nan	
  462	  46.20	  372.4	    0.0	  -83.2	    0.0	    0.0	    0.0	    0.0	 1023.1	    0.0	    0.0	    0.0	  100.0	    0.0	    0.0	    0.0	    0.0	    0.0	   32.9	  0	    0.0	    0.0	    0.0	    0.0	    0.0	1	  294.9	  1	    0.0	   -nan	
  463	  46.30	  372.4	    0.0	  -83.2	    0.0	    0.0	    0.0	    0.0	 1025.0	    0.0	    0.0	    0.0	  100.0	    0.0	    0.0	    0.0	    0.0	    0.0	   33.0	  0	    0.0	    0.0	    0.0	    0.0	    0.0	1	  295.0	  1	    0.0	   -nan	
  464	  46.40	  372.4	    0.0	  -82.8	    0.0	    0.0	    0.0	    0.0	 1026.9	    0.0	    0.0	    0.0	  100.0	    0.0	    0.0	    0.0	    0.0	    0.0	   33.0	  0	    0.0	    0.0	    0.0	    0.0	    0.0	1	  295.1	  1	    0.0	   -nan	
  465	  46.50	  372.4	    0.0	  -82.3	    0.0	    0.0	    0.0	    0.0	 1025.0	    0.0	    0.0	    0.0	  100.0	    0.0	    0.0	    0.0	    0.0	    0.0	   33.1	  0	    0.0	    0.0	    0.0	    0.0	    0.0	1	  295.0	  1	    0.0	   -nan	
  466	  46.60	  372.4	    0.0	  -83.0	    0.0	    0.0	    0.0	    0.0	 1024.2	    0.0	    0.0	    0.0	  100.0	    0.0	    0.0	    0.0	    0.0	    0.0	   33.2	  0	    0.0	    0.0	    0.0	    0.0	    0.0	1	  295.0	  1	    0.0	   -nan	
  467	  46.70	  372.4	    0.0	  -83.3	    0.0	    0.0	    0.0	    0.0	 1028.6	    0.0	    0.0	    0.0	  100.0	    0.0	    0.0	    0.0	    0.0	    0.0	   33.2	  0	    0.0	    0.0	    0.0	    0.0	    0.0	1	  295.2	  1	    0.0	   -nan	
  468	  46.80	  372.4	    0.0	  -80.6	    0.0	    0.0	    0.0	    0.0	 1026.9	    0.0	    0.0	    0.0	  100.0	    0.0	    0.0	    0.0	    0.0	    0.0	   33.3	  0	    0.0	    0.0	    0.0	    0.0	    0.0	1	  295.1	  1	    0.0	   -nan	
  469	  46.90	  372.4	    0.0	  -82.0	    0.0	    0.0	    0.0	    0.0	 1019.8	    0.0	    0.0	    0.0	  100.0	    0.0	    0.0	    0.0	    0.0	    0.0	   33.4	  0	    0.0	    0.0	    0.0	    0.0	    0.0	1	  294.7	  1	    0.0	   -nan	
  470	  47.00	  372.4	    0.0	  -89.3	    0.0	    0.0	    0.0	    0.0	 1019.1	    0.0	    0.0	    0.0	  100.0	    0.0	    0.0	    0.0	    0.0	    0.0	   33.5	  0	    0.0	    0.0	    0.0	    0.0	    0.0	1	  294.7	  1	    0.0	   -nan	
  471	  47.10	  372.4	    0.0	  -90.2	    0.0	    0.0	    0.0	    0.0	 1012.4	    0.0	    0.0	    0.0	  100.0	    0.0	    0.0	    0.0	    0.0	    0.0	   33.5	  0	    0.0	    0.0	    0.0	    0.0	    0.0	1	  294.3	  1	    0.0	   -nan	
  472	  47.20	  372.4	    0.0	 -101.1	    0.0	    0.0	    0.0	    0.0	 1000.9	    0.0	    0.0	    0.0	  100.0	    0.0	    0.0	    0.0	    0.0	    0.0	   33.6	  0	    0.0	    0.0	    0.0	    0.0	    0.0	1	  293.7	  1	    0.0	   -nan	
  473	  47.30	  372.4	    0.0	 -120.3	    0.0	    0.0	    0.0	    0.0	  994.0	    0.0	    0.0	    0.0	  100.0	    0.0	    0.0	    0.0	    0.0	    0.0	   33.7	  0	    0.0	    0.0	    0.0	    0.0	    0.0	1	  293.3	  1	    0.0	   -nan	
  474	  47.40	  372.4	    0.0	 -130.4	    0.0	    0.0	    0.0	    0.0	  963.7	    0.0	    0.0	    0.0	  100.0	    0.0	    0.0	    0.0	    0.0	    0.0	   33.7	  0	    0.0	    0.0	    0.0	    0.0	    0.0	1	  291.5	  1	    0.0	   -nan	
  475	  47.50	  372.4	    0.0	 -153.0	    0.0	    0.0	    0.0	    0.0	  945.1	    0.0	    0.0	    0.0	  100.0	    0.0	    0.0	    0.0	    0.0	    0.0	   33.8	  0	    0.0	    0.0	    0.0	    0.0	    0.0	1	  290.4	  1	    0.0	   -nan	
  476	  47.60	  372.4	    0.0	 -158.3	    0.0	    0.0	    0.0	    0.0	  933.0	    0.0	    0.0	    0.0	  100.0	    0.0	    0.0	    0.0	    0.0	    0.0	   33.9	  0	    0.0	    0.0	    0.0	    0.0	    0.0	1	  289.6	  1	    0.0	   -nan	
  477	  47.70	  372.4	    0.0	 -160.7	    0.0	    0.0	    0.0	    0.0	  929.7	    0.0	    0.0	    0.0	  100.0	    0.0	    0.0	    0.0	    0.0	    0.0	   34.0	  0	    0.0	    0.0	    0.0	    0.0	    0.0	1	  289.4	  1	    0.0	   -nan	
  478	  47.80	  372.4	    0.0	  154.6	    0.0	    0.0	    0.0	    0.0	  928.9	    0.0	    0.0	    0.0	  100.0	    0.0	    0.0	    0.0	    0.0	    0.0	   34.0	  0	    0.0	    0.0	    0.0	    0.0	    0.0	1	  289.4	  1	    0.0	   -nan	
  479	  47.90	  372.4	    0.0	  101.6	    0.0	    0.0	    0.0	    0.0	  927.7	    0.0	    0.0	    0.0	  100.0	    0.0	    0.0	    0.0	    0.0	    0.0	   34.1	  0	    0.0	    0.0	    0.0	    0.0	    0.0	1	  289.3	  1	    0.0	   -nan	
  480	  48.00	  372.4	    0.0	  100.9	    0.0	    0.0	    0.0	    0.0	  928.7	    0.0	    0.0	    0.0	  100.0	    0.0	    0.0	    0.0	    0.0	    0.0	   34.2	  0	    0.0	    0.0	    0.0	    0.0	    0.0	1	  289.4	  1	    0.0	   -nan	
  481	  48.10	  372.4	    0.0	  100.8	    0.0	    0.0	    0.0	    0.0	  931.7	    0.0	    0.0	    0.0	  100.0	    0.0	    0.0	    0.0	    0.0	    0.0	   34.2	  0	    0.0	    0.0	    0.0	    0.0	    0.0	1	  289.6	  1	    0.0	   -nan	
  482	  48.20	  372.4	    0.0	  100.6	    0.0	    0.0	    0.0	    0.0	  937.7	    0.0	    0.0	    0.0	  100.0	    0.0	    0.0	    0.0	    0.0	    0.0	   34.3	  0	    0.0	    0.0	    0.0	    0.0	    0.0	1	  289.9	  1	    0.0	   -nan	
  483	  48.30	  372.4	    0.0	  100.0	    0.0	    0.0	    0.0	    0.0	  946.2	    0.0	    0.0	    0.0	  100.0	    0.0	    0.0	    0.0	    0.0	    0.0	   34.4	  0	    0.0	    0.0	    0.0	    0.0	    0.0	1	  290.4	  1	    0.0	   -nan	
  484	  48.40	  372.4	    0.0	   98.9	    0.0	    0.0	    0.0	    0.0	  951.9	    0.0	    0.0	    0.0	  100.0	    0.0	    0.0	    0.0	    0.0	    0.0	   34.5	  0	    0.0	    0.0	    0.0	    0.0	    0.0	1	  290.8	  1	    0.0	   -nan	
  485	  48.50	  372.4	    0.0	   97.8	    0.0	    0.0	    0.0	    0.0	  962.4	    0.0	    0.0	    0.0	  100.0	    0.0	    0.0	    0.0	    0.0	    0.0	   34.5	  0	    0.0	    0.0	    0.0	    0.0	    0.0	1	  291.4	  1	    0.0	   -nan	
  486	  48.60	  372.4	    0.0	   95.2	    0.0	    0.0	    0.0	    0.0	  966.3	    0.0	    0.0	    0.0	  100.0	    0.0	    0.0	    0.0	    0.0	    0.0	   34.6	  0	    0.0	    0.0	    0.0	    0.0	    0.0	1	  291.7	  1	    0.0	   -nan	
  487	  48.70	  372.4	    0.0	   93.0	    0.0	    0.0	    0.0	    0.0	  975.6	    0.0	    0.0	    0.0	  100.0	    0.0	    0.0	    0.0	    0.0	    0.0	   34.7	  0	    0.0	    0.0	    0.0	    0.0	    0.0	1	  292.2	  1	    0.0	   -nan	
  488	  48.80	  372.4	    0.0	   86.3	    0.0	    0.0	    0.0	    0.0	  981.6	    0.0	    0.0	    0.0	  100.0	    0.0	    0.0	    0.0	    0.0	    0.0	   34.7	  0	    0.0	    0.0	    0.0	    0.0	    0.0	1	  292.6	  1	    0.0	   -nan	
  489	  48.90	  372.4	    0.0	   -5.5	    0.0	    0.0	    0.0	    0.0	  987.3	    0.0	    0.0	    0.0	  100.0	    0.0	    0.0	    0.0	    0.0	    0.0	   34.8	  0	    0.0	    0.0	    0.0	    0.0	    0.0	1	  292.9	  1	    0.0	   -nan	
  490	  49.00	  372.4	    0.0	  -80.3	    0.0	    0.0	    0.0	    0.0	  991.2	    0.0	    0.0	    0.0	  100.0	    0.0	    0.0	    0.0	    0.0	    0.0	   34.9	  0	    0.0	    0.0	    0.0	    0.0	    0.0	1	  293.1	  1	    0.0	   -nan	
  491	  49.10	  372.4	    0.0	  -80.2	    0.0	    0.0	    0.0	    0.0	 1010.0	    0.0	    0.0	    0.0	  100.0	    0.0	    0.0	    0.0	    0.0	    0.0	   35.0	  0	    0.0	    0.0	    0.0	    0.0	    0.0	1	  294.2	  1	    0.0	   -nan	
  492	  49.20	  372.4	    0.0	  -79.6	    0.0	    0.0	    0.0	    0.0	 1035.0	    0.0	    0.0	    0.0	  100.0	    0.0	    0.0	    0.0	    0.0	    0.0	   35.0	  0	    0.0	    0.0	    0.0	    0.0	    0.0	1	  295.5	  1	    0.0	   -nan	
  493	  49.30	  372.4	    0.0	  -78.6	    0.0	    0.0	    0.0	    0.0	 1040.6	    0.0	    0.0	    0.0	  100.0	    0.0	    0.0	    0.0	    0.0	    0.0	   35.1	  0	    0.0	    0.0	    0.0	    0.0	    0.0	1	  295.8	  1	    0.0	   -nan	
  494	  49.40	  372.4	    0.0	  -78.4	    0.0	    0.0	    0.0	    0.0	 1045.2	    0.0	    0.0	    0.0	  100.0	    0.0	    0.0	    0.0	    0.0	    0.0	   35.2	  0	    0.0	    0.0	    0.0	    0.0	    0.0	1	  296.0	  1	    0.0	   -nan	
  495	  49.50	  372.4	    0.0	  -78.0	    0.0	    0.0	    0.0	    0.0	 1050.5	    0.0	    0.0	    0.0	  100.0	    0.0	    0.0	    0.0	    0.0	    0.0	   35.2	  0	    0.0	    0.0	    0.0	    0.0	    0.0	1	  296.2	  1	    0.0	   -nan	
  496	  49.60	  372.4	    0.0	  -77.6	    0.0	    0.0	    0.0	    0.0	 1059.0	    0.0	    0.0	    0.0	  100.0	    0.0	    0.0	    0.0	    0.0	    0.0	   35.3	  0	    0.0	    0.0	    0.0	    0.0	    0.0	1	  296.6	  1	    0.0	   -nan	
  497	  49.70	  372.4	    0.0	  -76.6	    0.0	    0.0	    0.0	    0.0	 1066.6	    0.0	    0.0	    0.0	  100.0	    0.0	    0.0	    0.0	    0.0	    0.0	   35.4	  0	    0.0	    0.0	    0.0	    0.0	    0.0	1	  296.9	  1	    0.0	   -nan	
  498	  49.80	  372.4	    0.0	  -75.5	    0.0	    0.0	    0.0	    0.0	 1069.6	    0.0	    0.0	    0.0	  100.0	    0.0	    0.0	    0.0	    0.0	    0.0	   35.5	  0	    0.0	    0.0	    0.0	    0.0	    0.0	1	  297.0	  1	    0.0	   -nan	
  499	  49.90	  372.4	    0.0	  -74.9	    0.0	    0.0	    0.0	    0.0	 1079.4	    0.0	    0.0	    0.0	  100.0	    0.0	    0.0	    0.0	    0.0	    0.0	   35.5	  0	    0.0	    0.0	    0.0	    0.0	    0.0	1	  297.4	  1	    0.0	   -nan	
  500	  50.00	  372.4	    0.0	  -72.5	    0.0	    0.0	    0.0	    0.0	 1088.6	    0.0	    0.0	    0.0	  100.0	    0.0	    0.0	    0.0	    0.0	    0.0	   35.6	  0	    0.0	    0.0	    0.0	    0.0	    0.0	1	  297.7	  1	    0.0	   -nan	
  501	  50.10	  372.4	    0.0	  -69.7	    0.0	    0.0	    0.0	    0.0	 1091.7	    0.0	    0.0	    0.0	  100.0	    0.0	    0.0	    0.0	    0.0	    0.0	   35.7	  0	    0.0	    0.0	    0.0	    0.0	    0.0	1	  297.8	  1	    0.0	   -nan	
  502	  50.20	  372.4	    0.0	  -68.5	    0.0	    0.0	    0.0	    0.0	 1094.9	    0.0	    0.0	    0.0	  100.0	    0.0	    0.0	    0.0	    0.0	    0.0	   35.7	  0	    0.0	    0.0	    0.0	    0.0	    0.0	1	  297.9	  1	    0.0	   -nan	
  503	  50.30	  372.4	    0.0	  -66.8	    0.0	    0.0	    0.0	    0.0	 1098.1	    0.0	    0.0	    0.0	  100.0	    0.0	    0.0	    0.0	    0.0	    0.0	   35.8	  0	    0.0	    0.0	    0.0	    0.0	    0.0	1	  298.0	  1	    0.0	   -nan	
  504	  50.40	  372.4	    0.0	  -64.8	    0.0	    0.0	    0.0	    0.0	 1105.5	    0.0	    0.0	    0.0	  100.0	    0.0	    0.0	    0.0	    0.0	    0.0	   35.9	  0	    0.0	    0.0	    0.0	    0.0	    0.0	1	  298.2	  1	    0.0	   -nan	
  505	  50.50	  372.4	    0.0	  -59.0	    0.0	    0.0	    0.0	    0.0	 1111.4	    0.0	    0.0	    0.0	  100.0	    0.0	    0.0	    0.0	    0.0	    0.0	   36.0	  0	    0.0	    0.0	    0.0	    0.0	    0.0	1	  298.3	  1	    0.0	   -nan	
  506	  50.60	  372.4	    0.0	  -53.6	    0.0	    0.0	    0.0	    0.0	 1118.1	    0.0	    0.0	    0.0	  100.0	    0.0	    0.0	    0.0	    0.0	    0.0	   36.0	  0	    0.0	    0.0	    0.0	    0.0	    0.0	1	  298.5	  1	    0.0	   -nan	
  507	  50.70	  372.4	    0.0	  -46.6	    0.0	    0.0	    0.0	    0.0	 1130.3	    0.0	    0.0	    0.0	  100.0	    0.0	    0.0	    0.0	    0.0	    0.0	   36.1	  0	    0.0	    0.0	    0.0	    0.0	    0.0	1	  298.7	  1	    0.0	   -nan	
  508	  50.80	  372.4	    0.0	  -34.0	    0.0	    0.0	    0.0	    0.0	 1132.2	    0.0	    0.0	    0.0	  100.0	    0.0	    0.0	    0.0	    0.0	    0.0	   36.2	  0	    0.0	    0.0	    0.0	    0.0	    0.0	1	  298.7	  1	    0.0	   -nan	
  509	  50.90	  372.4	    0.0	  -32.3	    0.0	    0.0	    0.0	    0.0	 1131.2	    0.0	    0.0	    0.0	  100.0	    0.0	    0.0	    0.0	    0.0	    0.0	   36.2	  0	    0.0	    0.0	    0.0	    0.0	    0.0	1	  298.7	  1	    0.0	   -nan	
  510	  51.00	  372.4	    0.0	  -33.4	    0.0	    0.0	    0.0	    0.0	 1133.2	    0.0	    0.0	    0.0	  100.0	    0.0	    0.0	    0.0	    0.0	    0.0	   36.3	  0	    0.0	    0.0	    0.0	    0.0	    0.0	1	  298.7	  1	    0.0	   -nan	
  511	  51.10	  372.4	    0.0	  -30.6	    0.0	    0.0	    0.0	    0.0	 1131.1	    0.0	    0.0	    0.0	  100.0	    0.0	    0.0	    0.0	    0.0	    0.0	   36.4	  0	    0.0	    0.0	    0.0	    0.0	    0.0	1	  298.7	  1	    0.0	   -nan	
  512	  51.20	  372.4	    0.0	  -34.5	    0.0	    0.0	    0.0	    0.0	 1132.1	    0.0	    0.0	    0.0	  100.0	    0.0	    0.0	    0.0	    0.0	    0.0	   36.5	  0	    0.0	    0.0	    0.0	    0.0	    0.0	1	  298.7	  1	    0.0	   -nan	
  513	  51.30	  372.4	    0.0	  -32.0	    0.0	    0.0	    0.0	    0.0	 1130.1	    0.0	    0.0	    0.0	  100.0	    0.0	    0.0	    0.0	    0.0	    0.0	   36.5	  0	    0.0	    0.0	    0.0	    0.0	    0.0	1	  298.7	  1	    0.0	   -nan	
  514	  51.40	  372.4	    0.0	  -39.2	    0.0	    0.0	    0.0	    0.0	 1128.3	    0.0	    0.0	    0.0	  100.0	    0.0	    0.0	    0.0	    0.0	    0.0	   36.6	  0	    0.0	    0.0	    0.0	    0.0	    0.0	1	  298.6	  1	    0.0	   -nan	
  515	  51.50	  372.4	    0.0	  -50.9	    0.0	    0.0	    0.0	    0.0	 1127.2	    0.0	    0.0	    0.0	  100.0	    0.0	    0.0	    0.0	    0.0	    0.0	   36.7	  0	    0.0	    0.0	    0.0	    0.0	    0.0	1	  298.6	  1	    0.0	   -nan	
  516	  51.60	  372.4	    0.0	  -63.4	    0.0	    0.0	    0.0	    0.0	 1124.4	    0.0	    0.0	    0.0	  100.0	    0.0	    0.0	    0.0	    0.0	    0.0	   36.7	  0	    0.0	    0.0	    0.0	    0.0	    0.0	1	  298.6	  1	    0.0	   -nan	
  517	  51.70	  372.4	    0.0	 -132.0	    0.0	    0.0	    0.0	    0.0	 1124.4	    0.0	    0.0	    0.0	  100.0	    0.0	    0.0	    0.0	    0.0	    0.0	   36.8	  0	    0.0	    0.0	    0.0	    0.0	    0.0	1	  298.6	  1	    0.0	   -nan	
  518	  51.80	  372.4	    0.0	 -132.0	    0.0	    0.0	    0.0	    0.0	 1124.4	    0.0	    0.0	    0.0	  100.0	    0.0	    0.0	    0.0	    0.0	    0.0	   36.9	  0	    0.0	    0.0	    0.0	    0.0	    0.0	1	  298.6	  1	    0.0	   -nan	
  519	  51.90	  372.4	    0.0	 -132.0	    0.0	    0.0	    0.0	    0.0	 1164.8	    0.0	    0.0	    0.0	  100.0	    0.0	    0.0	    0.0	    0.0	    0.0	   37.0	  0	    0.0	    0.0	    0.0	    0.0	    0.0	1	  299.1	  1	    0.0	   -nan	
  520	  52.00	  372.4	    0.0	    1.0	    0.0	    0.0	    0.0	    0.0	 1129.6	    0.0	    0.0	    0.0	  100.0	    0.0	    0.0	    0.0	    0.0	    0.0	   37.0	  0	    0.0	    0.0	    0.0	    0.0	    0.0	1	  298.7	  1	    0.0	   -nan	
  521	  52.10	  372.4	    0.0	   94.3	    0.0	    0.0	    0.0	    0.0	 1138.2	    0.0	    0.0	    0.0	  100.0	    0.0	    0.0	    0.0	    0.0	    0.0	   37.1	  0	    0.0	    0.0	    0.0	    0.0	    0.0	1	  298.8	  1	    0.0	   -nan	
  522	  52.20	  372.4	    0.0	   92.9	    0.0	    0.0	    0.0	    0.0	 1138.3	    0.0	    0.0	    0.0	  100.0	    0.0	    0.0	    0.0	    0.0	    0.0	   37.2	  0	    0.0	    0.0	    0.0	    0.0	    0.0	1	  298.8	  1	    0.0	   -nan	
  523	  52.30	  372.4	    0.0	   92.9	    0.0	    0.0	    0.0	    0.0	 1138.3	    0.0	    0.0	    0.0	  100.0	    0.0	    0.0	    0.0	    0.0	    0.0	   37.2	  0	    0.0	    0.0	    0.0	    0.0	    0.0	1	  298.8	  1	    0.0	   -nan	
  524	  52.40	  372.4	    0.0	   92.9	    0.0	    0.0	    0.0	    0.0	 1138.3	    0.0	    0.0	    0.0	  100.0	    0.0	    0.0	    0.0	    0.0	    0.0	   37.3	  0	    0.0	    0.0	    0.0	    0.0	    0.0	1	  298.8	  1	    0.0	   -nan	
  525	  52.50	  372.4	    0.0	   92.9	    0.0	    0.0	    0.0	    0.0	 1138.3	    0.0	    0.0	    0.0	  100.0	    0.0	    0.0	    0.0	    0.0	    0.0	   37.4	  0	    0.0	    0.0	    0.0	    0.0	    0.0	1	  298.8	  1	    0.0	   -nan	
  526	  52.60	  372.4	    0.0	   92.9	    0.0	    0.0	    0.0	    0.0	 1138.3	    0.0	    0.0	    0.0	  100.0	    0.0	    0.0	    0.0	    0.0	    0.0	   37.5	  0	    0.0	    0.0	    0.0	    0.0	    0.0	1	  298.8	  1	    0.0	   -nan	
  527	  52.70	  372.4	    0.0	   92.9	    0.0	    0.0	    0.0	    0.0	 1138.3	    0.0	    0.0	    0.0	  100.0	    0.0	    0.0	    0.0	    0.0	    0.0	   37.5	  0	    0.0	    0.0	    0.0	    0.0	    0.0	1	  298.8	  1	    0.0	   -nan	
  528	  52.80	  372.4	    0.0	   92.9	    0.0	    0.0	    0.0	    0.0	 1138.3	    0.0	    0.0	    0.0	  100.0	    0.0	    0.0	    0.0	    0.0	    0.0	   37.6	  0	    0.0	    0.0	    0.0	    0.0	    0.0	1	  298.8	  1	    0.0	   -nan	
  529	  52.90	  372.4	    0.0	   92.9	    0.0	    0.0	    0.0	    0.0	 1075.0	    0.0	    0.0	    0.0	  100.0	    0.0	    0.0	    0.0	    0.0	    3.1	   37.7	  0	    0.0	    0.0	    0.0	    0.0	    3.1	1	  297.2	  1	    0.0	   -nan	
  530	  53.00	  372.4	    0.0	  125.4	    0.0	    0.0	    0.0	    0.0	 1064.4	    0.0	    0.0	    0.0	  100.0	    0.0	    0.0	    0.0	    0.0	    3.1	   37.7	  0	    0.0	    0.0	    0.0	    0.0	    3.1	1	  296.8	  1	    0.0	   -nan	
  531	  53.10	  372.4	    0.0	  -98.9	    0.0	    0.0	    0.0	    0.0	 1084.5	    0.0	    0.0	    0.0	  100.0	    0.0	    0.0	    0.0	    0.0	    3.0	   37.8	  0	    0.0	    0.0	    0.0	    0.0	    3.0	1	  297.5	  1	    0.0	   -nan	
  532	  53.20	  372.4	    0.0	  -86.5	    0.0	    0.0	    0.0	    0.0	 1102.6	    0.0	    0.0	    0.0	  100.0	    0.0	    0.0	    0.0	    0.0	    2.9	   37.9	  0	    0.0	    0.0	    0.0	    0.0	    2.9	1	  298.1	  1	    0.0	   -nan	
  533	  53.30	  372.4	    0.0	  -86.0	    0.0	    0.0	    0.0	    0.0	 1098.2	    0.0	    0.0	    0.0	  100.0	    0.0	    0.0	    0.0	    0.0	    2.8	   38.0	  0	    0.0	    0.0	    0.0	    0.0	    2.8	1	  298.0	  1	    0.0	   -nan	
  534	  53.40	  372.4	    0.0	  -86.1	    0.0	    0.0	    0.0	    0.0	 1094.1	    0.0	    0.0	    0.0	  100.0	    0.0	    0.0	    0.0	    0.0	    2.7	   38.0	  0	    0.0	    0.0	    0.0	    0.0	    2.7	1	  297.9	  1	    0.0	   -nan	
  535	  53.50	  372.4	    0.0	  -86.3	    0.0	    0.0	    0.0	    0.0	 1585.7	  508.7	    0.0	    0.0	  100.0	    0.0	    0.0	    0.0	    0.0	    2.0	   38.1	  0	    0.0	    0.0	    0.0	    0.0	    2.0	1	  277.8	  1	    0.0	   -nan	
  536	  53.60	  372.4	    0.0	  -61.8	    0.0	    0.0	    0.0	    0.0	 1077.1	    0.0	    0.0	    0.0	  100.0	    0.0	    0.0	    0.0	    0.0	   27.8	   38.2	  0	    0.0	    0.0	    0.0	    0.0	   27.8	1	  297.3	  1	    0.0	   -nan	
  537	  53.70	  372.4	    0.0	  -96.1	    0.0	    0.0	    0.0	    0.0	 1073.7	    0.0	    0.0	    0.0	  100.0	    0.0	    0.0	    0.0	    0.0	   27.7	   38.2	  0	    0.0	    0.0	    0.0	    0.0	   27.7	1	  297.2	  1	    0.0	   -nan	
  538	  53.80	  372.4	    0.0	  -96.4	    0.0	    0.0	    0.0	    0.0	 1066.5	    0.0	    0.0	    0.0	  100.0	    0.0	    0.0	    0.0	    0.0	   27.6	   38.3	  0	    0.0	    0.0	    0.0	    0.0	   27.6	1	  296.9	  1	    0.0	   -nan	
  539	  53.90	  372.4	    0.0	  -97.3	    0.0	    0.0	    0.0	    0.0	 1070.1	    0.0	    0.0	    0.0	  100.0	    0.0	    0.0	    0.0	    0.0	   27.5	   38.4	  0	    0.0	    0.0	    0.0	    0.0	   27.5	1	  297.0	  1	    0.0	   -nan	
  540	  54.00	  372.4	    0.0	  -96.7	    0.0	    0.0	    0.0	    0.0	 1064.7	    0.0	    0.0	    0.0	  100.0	    0.0	    0.0	    0.0	    0.0	   27.4	   38.5	  0	    0.0	    0.0	    0.0	    0.0	   27.4	1	  296.8	  1	    0.0	   -nan	
  541	  54.10	  372.4	    0.0	  -97.7	    0.0	    0.0	    0.0	    0.0	 2270.0	   74.2	    0.0	    0.0	  100.0	    0.0	    0.0	    0.0	    0.0	   26.5	   38.5	  0	    0.0	    0.0	    0.0	    0.0	   26.5	1	  268.7	  1	    0.0	   -nan	
  542	  54.20	  372.4	    0.0	  -25.8	    0.0	    0.0	    0.0	    0.0	 1051.2	    0.0	    0.0	    0.0	  100.0	    0.0	    0.0	    0.0	    0.0	   88.5	   38.6	  0	    0.0	    0.0	    0.0	    0.0	   88.5	1	  296.2	  1	    0.0	   -nan	
  543	  54.30	  372.4	    0.0	 -139.1	    0.0	    0.0	    0.0	    0.0	 1049.5	    0.0	    0.0	    0.0	  100.0	    0.0	    0.0	    0.0	    0.0	   88.4	   38.7	  0	    0.0	    0.0	    0.0	    0.0	   88.4	1	  296.2	  1	    0.0	   -nan	
  544	  54.40	  372.4	    0.0	 -139.4	    0.0	    0.0	    0.0	    0.0	 1053.6	    0.0	    0.0	    0.0	  100.0	    0.0	    0.0	    0.0	    0.0	   88.3	   38.7	  0	    0.0	    0.0	    0.0	    0.0	   88.3	1	  296.4	  1	    0.0	   -nan	
  545	  54.50	  372.4	    0.0	 -138.5	    0.0	    0.0	    0.0	    0.0	 1051.0	    0.0	    0.0	    0.0	  100.0	    0.0	    0.0	    0.0	    0.0	   88.2	   38.8	  0	    0.0	    0.0	    0.0	    0.0	   88.2	1	  296.2	  1	    0.0	   -nan	
  546	  54.60	  372.4	    0.0	 -139.2	    0.0	    0.0	    0.0	    0.0	 1053.7	    0.0	    0.0	    0.0	  100.0	    0.0	    0.0	    0.0	    0.0	   88.2	   38.9	  0	    0.0	    0.0	    0.0	    0.0	   88.2	1	  296.4	  1	    0.0	   -nan	
  547	  54.70	  372.4	    0.0	 -138.2	    0.0	    0.0	    0.0	    0.0	 1828.2	    0.0	    0.0	    0.0	  100.0	    0.0	    0.0	    0.0	    0.0	   87.4	   39.0	  0	    0.0	    0.0	    0.0	    0.0	   87.4	1	  276.2	  1	    0.0	   -nan	
  548	  54.80	  372.4	    0.0	   -9.7	    0.0	    0.0	    0.0	    0.0	 1057.8	    0.0	    0.0	    0.0	  100.0	    0.0	    0.0	    0.0	    0.0	  100.0	   39.0	  0	    0.0	    0.0	    0.0	    0.0	  100.0	1	  296.5	  1	    0.0	   -nan	
  549	  54.90	  372.4	    0.0	 -172.4	    0.0	    0.0	    0.0	    0.0	 1057.4	    0.0	    0.0	    0.0	  100.0	    0.0	    0.0	    0.0	    0.0	   99.9	   39.1	  0	    0.0	    0.0	    0.0	    0.0	   99.9	1	  296.5	  1	    0.0	   -nan	
  550	  55.00	  372.4	    0.0	  120.4	    0.0	    0.0	    0.0	    0.0	 1054.5	    0.0	    0.0	    0.0	  100.0	    0.0	    0.0	    0.0	    0.0	   99.8	   39.2	  0	    0.0	    0.0	    0.0	    0.0	   99.8	1	  296.4	  1	    0.0	   -nan	
  551	  55.10	  372.4	    0.0	   98.5	    0.0	    0.0	    0.0	    0.0	 1056.8	    0.0	    0.0	    0.0	  100.0	    0.0	    0.0	    0.0	    0.0	   99.7	   39.2	  0	    0.0	    0.0	    0.0	    0.0	   99.7	1	  296.5	  1	    0.0	   -nan	
  552	  55.20	  372.4	    0.0	   97.7	    0.0	    0.0	    0.0	    0.0	 1056.8	    0.0	    0.0	    0.0	  100.0	    0.0	    0.0	    0.0	    0.0	   99.7	   39.3	  0	    0.0	    0.0	    0.0	    0.0	   99.7	1	  296.5	  1	    0.0	   -nan	
  553	  55.30	  372.4	    0.0	   97.7	    0.0	    0.0	    0.0	    0.0	 1060.3	    0.0	    0.0	    0.0	  100.0	    0.0	    0.0	    0.0	    0.0	   99.6	   39.4	  0	    0.0	    0.0	    0.0	    0.0	   99.6	1	  296.6	  1	    0.0	   -nan	
  554	  55.40	  372.4	    0.0	   97.3	    0.0	    0.0	    0.0	    0.0	 1063.6	    0.0	    0.0	    0.0	  100.0	    0.0	    0.0	    0.0	    0.0	   99.5	   39.5	  0	    0.0	    0.0	    0.0	    0.0	   99.5	1	  296.8	  1	    0.0	   -nan	
  555	  55.50	  372.4	    0.0	   96.8	    0.0	    0.0	    0.0	    0.0	 1063.6	    0.0	    0.0	    0.0	  100.0	    0.0	    0.0	    0.0	    0.0	   99.4	   39.5	  0	    0.0	    0.0	    0.0	    0.0	   99.4	1	  296.8	  1	    0.0	   -nan	
  556	  55.60	  372.4	    0.0	   96.8	    0.0	    0.0	    0.0	    0.0	 1076.5	    0.0	    0.0	    0.0	  100.0	    0.0	    0.0	    0.0	    0.0	   99.3	   39.6	  0	    0.0	    0.0	    0.0	    0.0	   99.3	1	  297.3	  1	    0.0	   -nan	
  557	  55.70	  372.4	    0.0	   93.7	    0.0	    0.0	    0.0	    0.0	 1067.2	    0.0	    0.0	    0.0	  100.0	    0.0	    0.0	    0.0	    0.0	   99.2	   39.7	  0	    0.0	    0.0	    0.0	    0.0	   99.2	1	  296.9	  1	    0.0	   -nan	
  558	  55.80	  372.4	    0.0	   96.7	    0.0	    0.0	    0.0	    0.0	 1067.2	    0.0	    0.0	    0.0	  100.0	    0.0	    0.0	    0.0	    0.0	   99.1	   39.7	  0	    0.0	    0.0	    0.0	    0.0	   99.1	1	  296.9	  1	    0.0	   -nan	
  559	  55.90	  372.4	    0.0	   96.6	    0.0	    0.0	    0.0	    0.0	 1074.5	    0.0	    0.0	    0.0	  100.0	    0.0	    0.0	    0.0	    0.0	   99.0	   39.8	  0	    0.0	    0.0	    0.0	    0.0	   99.0	1	  297.2	  1	    0.0	   -nan	
  560	  56.00	  372.4	    0.0	   92.9	    0.0	    0.0	    0.0	    0.0	 1073.6	    0.0	    0.0	    0.0	  100.0	    0.0	    0.0	    0.0	    0.0	   98.9	   39.9	  0	    0.0	    0.0	    0.0	    0.0	   98.9	1	  297.2	  1	    0.0	   -nan	
  561	  56.10	  372.4	    0.0	   93.0	    0.0	    0.0	    0.0	    0.0	 1073.6	    0.0	    0.0	    0.0	  100.0	    0.0	    0.0	    0.0	    0.0	   98.9	   40.0	  0	    0.0	    0.0	    0.0	    0.0	   98.9	1	  297.2	  1	    0.0	   -nan	
  562	  56.20	  372.4	    0.0	   93.1	    0.0	    0.0	    0.0	    0.0	 1070.7	    0.0	    0.0	    0.0	  100.0	    0.0	    0.0	    0.0	    0.0	   98.8	   40.0	  0	    0.0	    0.0	    0.0	    0.0	   98.8	1	  297.1	  1	    0.0	   -nan	
  563	  56.30	  372.4	    0.0	   96.9	    0.0	    0.0	    0.0	    0.0	 1062.8	    0.0	    0.0	    0.0	  100.0	    0.0	    0.0	    0.0	    0.0	   98.7	   40.1	  0	    0.0	    0.0	    0.0	    0.0	   98.7	1	  296.7	  1	    0.0	   -nan	
  564	  56.40	  372.4	    0.0	  105.8	    0.0	    0.0	    0.0	    0.0	 1062.8	    0.0	    0.0	    0.0	  100.0	    0.0	    0.0	    0.0	    0.0	   98.6	   40.2	  0	    0.0	    0.0	    0.0	    0.0	   98.6	1	  296.7	  1	    0.0	   -nan	
  565	  56.50	  372.4	    0.0	  -90.4	    0.0	    0.0	    0.0	    0.0	 1724.4	    0.0	    0.0	    0.0	  100.0	    0.0	    0.0	    0.0	    0.0	   97.9	   40.2	  0	    0.0	    0.0	    0.0	    0.0	   97.9	1	  279.5	  1	    0.0	   -nan	
  566	  56.60	  372.4	    0.0	  -75.3	    0.0	    0.0	    0.0	    0.0	 1711.1	    0.0	    0.0	    0.0	  100.0	    0.0	    0.0	    0.0	    0.0	   97.6	   40.3	  0	    0.0	    0.0	    0.0	    0.0	   97.6	1	  280.0	  1	    0.0	   -nan	
  567	  56.70	  372.4	    0.0	  -75.4	    0.0	    0.0	    0.0	    0.0	 1711.1	    0.0	    0.0	    0.0	  100.0	    0.0	    0.0	    0.0	    0.0	   97.2	   40.4	  0	    0.0	    0.0	    0.0	    0.0	   97.2	1	  280.0	  1	    0.0	   -nan	
  568	  56.80	  372.4	    0.0	  -75.4	    0.0	    0.0	    0.0	    0.0	 1711.1	    0.0	    0.0	    0.0	  100.0	    0.0	    0.0	    0.0	    0.0	   96.9	   40.5	  0	    0.0	    0.0	    0.0	    0.0	   96.9	1	  280.0	  1	    0.0	   -nan	
  569	  56.90	  372.4	    0.0	  -75.4	    0.0	    0.0	    0.0	    0.0	 1715.0	    0.0	    0.0	    0.0	  100.0	    0.0	    0.0	    0.0	    0.0	   96.5	   40.5	  0	    0.0	    0.0	    0.0	    0.0	   96.5	1	  279.8	  1	    0.0	   -nan	
  570	  57.00	  372.4	    0.0	  -75.4	    0.0	    0.0	    0.0	    0.0	 1700.8	    0.0	    0.0	    0.0	  100.0	    0.0	    0.0	    0.0	    0.0	   96.2	   40.6	  0	    0.0	    0.0	    0.0	    0.0	   96.2	1	  280.4	  1	    0.0	   -nan	
  571	  57.10	  372.4	    0.0	  -75.7	    0.0	    0.0	    0.0	    0.0	 1051.7	    0.0	    0.0	    0.0	  100.0	    0.0	    0.0	    0.0	    0.0	  100.0	   40.7	  0	    0.0	    0.0	    0.0	    0.0	  100.0	1	  296.3	  1	    0.0	   -nan	
  572	  57.20	  372.4	    0.0	 -118.6	    0.0	    0.0	    0.0	    0.0	 1084.6	    0.0	    0.0	    0.0	  100.0	    0.0	    0.0	    0.0	    0.0	   99.9	   40.7	  0	    0.0	    0.0	    0.0	    0.0	   99.9	1	  297.6	  1	    0.0	   -nan	
  573	  57.30	  372.4	    0.0	 -115.8	    0.0	    0.0	    0.0	    0.0	 1702.9	    0.0	    0.0	    0.0	  100.0	    0.0	    0.0	    0.0	    0.0	   99.3	   40.8	  0	    0.0	    0.0	    0.0	    0.0	   99.3	1	  280.3	  1	    0.0	   -nan	
  574	  57.40	  372.4	    0.0	  -53.6	    0.0	    0.0	    0.0	    0.0	 1701.9	    0.0	    0.0	    0.0	  100.0	    0.0	    0.0	    0.0	    0.0	   98.9	   40.9	  0	    0.0	    0.0	    0.0	    0.0	   98.9	1	  280.3	  1	    0.0	   -nan	
  575	  57.50	  372.4	    0.0	  -53.7	    0.0	    0.0	    0.0	    0.0	 1692.9	    0.0	    0.0	    0.0	  100.0	    0.0	    0.0	    0.0	    0.0	   98.6	   41.0	  0	    0.0	    0.0	    0.0	    0.0	   98.6	1	  280.7	  1	    0.0	   -nan	
  576	  57.60	  372.4	    0.0	  -54.1	    0.0	    0.0	    0.0	    0.0	 1694.5	    0.0	    0.0	    0.0	  100.0	    0.0	    0.0	    0.0	    0.0	   98.2	   41.0	  0	    0.0	    0.0	    0.0	    0.0	   98.2	1	  280.6	  1	    0.0	   -nan	
  577	  57.70	  372.4	    0.0	  -54.0	    0.0	    0.0	    0.0	    0.0	 1689.7	    0.0	    0.0	    0.0	  100.0	    0.0	    0.0	    0.0	    0.0	   97.9	   41.1	  0	    0.0	    0.0	    0.0	    0.0	   97.9	1	  280.8	  1	    0.0	   -nan	
  578	  57.80	  372.4	    0.0	  -54.4	    0.0	    0.0	    0.0	    0.0	 1693.1	    0.0	    0.0	    0.0	  100.0	    0.0	    0.0	    0.0	    0.0	   97.5	   41.2	  0	    0.0	    0.0	    0.0	    0.0	   97.5	1	  280.6	  1	    0.0	   -nan	
  579	  57.90	  372.4	    0.0	  -54.0	    0.0	    0.0	    0.0	    0.0	 1682.1	    0.0	    0.0	    0.0	  100.0	    0.0	    0.0	    0.0	    0.0	   97.2	   41.2	  0	    0.0	    0.0	    0.0	    0.0	   97.2	1	  281.1	  1	    0.0	   -nan	
  580	  58.00	  372.4	    0.0	  -55.6	    0.0	    0.0	    0.0	    0.0	 1685.0	    0.0	    0.0	    0.0	  100.0	    0.0	    0.0	    0.0	    0.0	   96.8	   41.3	  0	    0.0	    0.0	    0.0	    0.0	   96.8	1	  281.0	  1	    0.0	   -nan	
  581	  58.10	  372.4	    0.0	  -55.0	    0.0	    0.0	    0.0	    0.0	 1686.4	    0.0	    0.0	    0.0	  100.0	    0.0	    0.0	    0.0	    0.0	   96.5	   41.4	  0	    0.0	    0.0	    0.0	    0.0	   96.5	1	  280.9	  1	    0.0	   -nan	
  582	  58.20	  372.4	    0.0	  -54.7	    0.0	    0.0	    0.0	    0.0	 1686.4	    0.0	    0.0	    0.0	  100.0	    0.0	    0.0	    0.0	    0.0	   96.2	   41.5	  0	    0.0	    0.0	    0.0	    0.0	   96.2	1	  280.9	  1	    0.0	   -nan	
  583	  58.30	  372.4	    0.0	  -54.7	    0.0	    0.0	    0.0	    0.0	 1660.7	    0.0	    0.0	    0.0	  100.0	    0.0	    0.0	    0.0	    0.0	   95.8	   41.5	  0	    0.0	    0.0	    0.0	    0.0	   95.8	1	  281.9	  1	    0.0	   -nan	
  584	  58.40	  372.4	    0.0	  -68.1	    0.0	    0.0	    0.0	    0.0	 1657.9	    0.0	    0.0	    0.0	  100.0	    0.0	    0.0	    0.0	    0.0	   95.5	   41.6	  0	    0.0	    0.0	    0.0	    0.0	   95.5	1	  282.0	  1	    0.0	   -nan	
  585	  58.50	  372.4	    0.0	  -70.6	    0.0	    0.0	    0.0	    0.0	 1661.0	    0.0	    0.0	    0.0	  100.0	    0.0	    0.0	    0.0	    0.0	   95.2	   41.7	  0	    0.0	    0.0	    0.0	    0.0	   95.2	1	  281.9	  1	    0.0	   -nan	
  586	  58.60	  372.4	    0.0	  -67.1	    0.0	    0.0	    0.0	    0.0	 1127.6	    0.0	    0.0	    0.0	  100.0	    0.0	    0.0	    0.0	    0.0	  100.0	   41.7	  0	    0.0	    0.0	    0.0	    0.0	  100.0	1	  298.6	  1	    0.0	   -nan	
  587	  58.70	  372.4	    0.0	  176.7	    0.0	    0.0	    0.0	    0.0	 1102.9	    0.0	    0.0	    0.0	  100.0	    0.0	    0.0	    0.0	    0.0	   99.9	   41.8	  0	    0.0	    0.0	    0.0	    0.0	   99.9	1	  298.1	  1	    0.0	   -nan	
  588	  58.80	  372.4	    0.0	  123.5	    0.0	    0.0	    0.0	    0.0	 1537.5	    0.0	    0.0	    0.0	  100.0	    0.0	    0.0	    0.0	    0.0	   99.4	   41.9	  0	    0.0	    0.0	    0.0	    0.0	   99.4	1	  287.3	  1	    0.0	   -nan	
  589	  58.90	  372.4	    0.0	   74.0	    0.0	    0.0	    0.0	    0.0	 1059.6	    0.0	    0.0	    0.0	  100.0	    0.0	    0.0	    0.0	    0.0	  100.0	   42.0	  0	    0.0	    0.0	    0.0	    0.0	  100.0	1	  296.6	  1	    0.0	   -nan	
  590	  59.00	  372.4	    0.0	  108.1	    0.0	    0.0	    0.0	    0.0	 1488.4	    0.0	    0.0	    0.0	  100.0	    0.0	    0.0	    0.0	    0.0	   99.5	   42.0	  0	    0.0	    0.0	    0.0	    0.0	   99.5	1	  289.5	  1	    0.0	   -nan	
  591	  59.10	  372.4	    0.0	   68.0	    0.0	    0.0	    0.0	    0.0	 1034.7	    0.0	    0.0	    0.0	  100.0	    0.0	    0.0	    0.0	    0.0	  100.0	   42.1	  0	    0.0	    0.0	    0.0	    0.0	  100.0	1	  295.5	  1	    0.0	   -nan	
  592	  59.20	  372.4	    0.0	  122.5	    0.0	    0.0	    0.0	    0.0	 1417.0	    0.0	    0.0	    0.0	  100.0	    0.0	    0.0	    0.0	    0.0	   99.6	   42.2	  0	    0.0	    0.0	    0.0	    0.0	   99.6	1	  292.7	  1	    0.0	   -nan	
  593	  59.30	  372.4	    0.0	   49.1	    0.0	    0.0	    0.0	    0.0	 1362.5	    0.0	    0.0	    0.0	  100.0	    0.0	    0.0	    0.0	    0.0	  100.0	   42.2	  0	    0.0	    0.0	    0.0	    0.0	  100.0	1	  294.9	  1	    0.0	   -nan	
  594	  59.40	  372.4	    0.0	   69.2	    0.0	    0.0	    0.0	    0.0	 1344.8	    0.0	    0.0	    0.0	  100.0	    0.0	    0.0	    0.0	    0.0	   99.8	   42.3	  0	    0.0	    0.0	    0.0	    0.0	   99.8	1	  295.6	  1	    0.0	   -nan	
  595	  59.50	  372.4	    0.0	   81.0	    0.0	    0.0	    0.0	    0.0	 1334.8	    0.0	    0.0	    0.0	  100.0	    0.0	    0.0	    0.0	    0.0	   99.6	   42.4	  0	    0.0	    0.0	    0.0	    0.0	   99.6	1	  295.9	  1	    0.0	   -nan	
  596	  59.60	  372.4	    0.0	   83.8	    0.0	    0.0	    0.0	    0.0	 1334.8	    0.0	    0.0	    0.0	  100.0	    0.0	    0.0	    0.0	    0.0	   99.4	   42.5	  0	    0.0	    0.0	    0.0	    0.0	   99.4	1	  295.9	  1	    0.0	   -nan	
  597	  59.70	  372.4	    0.0	   83.9	    0.0	    0.0	    0.0	    0.0	 1081.4	    7.2	    0.0	    0.0	  100.0	    0.0	    0.0	    0.0	    0.0	  100.0	   42.5	  0	    0.0	    0.0	    0.0	    0.0	  100.0	1	  297.3	  1	    0.0	   -nan	
  598	  59.80	  372.4	    0.0	  145.7	    0.0	    0.0	    0.0	    0.0	  372.4	    0.0	    0.0	    0.0	  100.0	    0.0	    0.0	    0.0	    0.0	   99.9	   42.6	  0	    0.0	    0.0	    0.0	    0.0	   99.9	1	  300.0	  1	    0.0	   -nan	
  599	  59.90	  372.4	    0.0	  -95.0	    0.0	    0.0	    0.0	    0.0	 1102.3	   14.0	    0.0	    0.0	  100.0	    0.0	    0.0	    0.0	    0.0	   99.5	   42.7	  0	    0.0	    0.0	    0.0	    0.0	   99.5	1	  297.8	  1	    0.0	   -nan	
  600	  60.00	  372.4	    0.0	  -95.6	 1102.1	   15.4	    0.0	    0.0	 5000.0	    0.0	    0.0	    0.0	  100.0	    6.2	    0.0	    0.0	    0.0	   98.1	   42.7	  0	    0.0	    0.0	    6.2	    0.0	   98.6	1	  192.4	  1	    0.0	   -nan	
  601	  60.10	  372.4	    0.0	  -89.4	 1102.1	   15.4	    0.0	    0.0	 5000.0	    0.0	    0.0	    0.0	  100.0	    5.7	    0.0	    0.0	    0.0	   96.8	   42.8	  0	    0.0	    0.0	    5.7	    0.0	   97.8	1	  192.4	  1	    0.0	   -nan	
  602	  60.20	  372.4	    0.0	  -89.4	 1102.1	   15.4	    0.0	    0.0	 5000.0	    0.0	    0.0	    0.0	  100.0	    5.3	    0.0	    0.0	    0.0	   95.5	   42.9	  0	    0.0	    0.0	    5.3	    0.0	   96.9	1	  192.4	  1	    0.0	   -nan	
  603	  60.30	  372.4	    0.0	  -89.4	 1384.4	    0.0	    0.0	    0.0	 4914.3	    0.0	    0.0	    0.0	  100.0	    6.4	    0.0	    0.0	    0.0	   94.3	   43.0	  0	    0.0	    0.0	    6.4	    0.0	   96.2	1	  220.3	  1	    0.0	   -nan	
  604	  60.40	  372.4	    0.0	  -56.5	 4852.4	    0.0	    0.0	    0.0	 1116.3	   42.1	    0.0	    0.0	  100.0	   11.8	    0.0	    0.0	    0.0	   99.7	   43.0	  1	  750.0	 1250.0	   11.9	    0.0	  100.0	1	  490.8	 21	    0.0	   -nan	
  605	  60.50	  372.4	    0.0	 -143.5	 4910.4	    0.0	    0.0	    0.0	 1116.3	   56.8	    0.0	    0.0	  100.0	   17.3	    0.0	    0.0	    0.0	   99.3	   43.1	  1	-1350.0	  650.0	   17.4	    0.0	  100.0	1	  428.4	 21	    0.0	   -nan	
  606	  60.60	  372.4	    0.0	 -178.2	 1131.4	   83.8	    0.0	    0.0	 5000.0	    0.0	    0.0	    0.0	  100.0	   17.6	    0.0	    0.0	    0.0	   98.7	   43.2	  0	-1350.0	  650.0	   17.6	    0.0	   99.2	1	  193.0	  1	    0.0	   -nan	
  607	  60.70	  372.4	    0.0	  -33.0	 4888.8	    0.0	    0.0	    0.0	 1121.0	  111.8	    0.0	    0.0	  100.0	   23.0	    0.0	    0.0	    0.0	   99.7	   43.2	  1	  550.0	 1250.0	   23.1	    0.0	  100.0	1	  478.9	 21	    0.0	   -nan	
  608	  60.80	  372.4	    0.0	 -141.3	 4888.8	    0.0	    0.0	    0.0	 4888.8	    0.0	    0.0	    0.0	  100.0	   28.4	    0.0	    0.0	    0.0	   98.8	   43.3	  1	 1250.0	  450.0	   28.6	    0.0	  100.0	1	  430.4	 21	    0.0	   -nan	
  609	  60.90	  372.4	    0.0	  -24.5	 4888.8	    0.0	    0.0	    0.0	 4888.8	    0.0	    0.0	    0.0	  100.0	   33.7	    0.0	    0.0	    0.0	   98.0	   43.4	  1	 1250.0	  450.0	   34.1	    0.0	  100.0	1	  430.4	 21	    0.0	   -nan	
  610	  61.00	  372.4	    0.0	   15.3	 4888.8	    0.0	    0.0	    0.0	 4888.8	    0.0	    0.0	    0.0	  100.0	   39.0	    0.0	    0.0	    0.0	   97.2	   43.5	  1	 1250.0	  450.0	   39.6	    0.0	  100.0	1	  430.4	 21	    0.0	   -nan	
  611	  61.10	  372.4	    0.0	   27.8	 4888.8	    0.0	    0.0	    0.0	 4888.8	    0.0	    0.0	    0.0	  100.0	   44.3	    0.0	    0.0	    0.0	   96.4	   43.5	  1	 1250.0	  450.0	   45.1	    0.0	  100.0	1	  430.4	 21	    0.0	   -nan	
  612	  61.20	  372.4	    0.0	   29.9	 4888.8	    0.0	    0.0	    0.0	 4888.8	    0.0	    0.0	    0.0	  100.0	   49.6	    0.0	    0.0	    0.0	   95.6	   43.6	  1	 1250.0	  450.0	   50.6	    0.0	  100.0	1	  430.4	 21	    0.0	   -nan	
  613	  61.30	  372.4	    0.0	   30.2	 4888.8	    0.0	    0.0	    0.0	 4888.8	    0.0	    0.0	    0.0	  100.0	   54.8	    0.0	    0.0	    0.0	   94.8	   43.7	  1	 1250.0	  450.0	   56.1	    0.0	  100.0	1	  430.4	 21	    0.0	   -nan	
  614	  61.40	  372.4	    0.0	   30.3	 4888.8	    0.0	    0.0	    0.0	 4888.8	    0.0	    0.0	    0.0	  100.0	   59.9	    0.0	    0.0	    0.0	   94.0	   43.7	  1	 1250.0	  450.0	   61.6	    0.0	  100.0	1	  430.4	 21	    0.0	   -nan	
  615	  61.50	  372.4	    0.0	   30.3	 4888.8	    0.0	    0.0	    0.0	 4888.8	    0.0	    0.0	    0.0	  100.0	   65.1	    0.0	    0.0	    0.0	   93.2	   43.8	  1	 1250.0	  350.0	   67.1	    0.0	  100.0	1	  413.2	 21	    0.0	   -nan	
  616	  61.60	  372.4	    0.0	   12.2	 4888.8	    0.0	    0.0	    0.0	 1046.6	  116.6	    0.0	    0.0	  100.0	   70.2	    0.0	    0.0	    0.0	   96.7	   43.9	  1	 1250.0	 1350.0	   72.6	    0.0	  100.0	1	  469.2	 21	    0.0	   -nan	
  617	  61.70	  372.4	    0.0	 -155.0	 4888.8	    0.0	    0.0	    0.0	 1051.4	  117.9	    0.0	    0.0	  100.0	   75.2	    0.0	    0.0	    0.0	   96.4	   44.0	  1	  -50.0	  950.0	   78.1	    0.0	  100.0	1	  457.7	 21	    0.0	   -nan	
  618	  61.80	  372.4	    0.0	 -172.7	 4888.8	    0.0	    0.0	    0.0	 1051.4	  117.9	    0.0	    0.0	  100.0	   80.3	    0.0	    0.0	    0.0	   96.1	   44.0	  1	  150.0	 1050.0	   83.6	    0.0	  100.0	1	  464.5	 21	    0.0	   -nan	
  619	  61.90	  372.4	    0.0	  176.0	 4888.8	    0.0	    0.0	    0.0	 1052.6	  119.7	    0.0	    0.0	  100.0	   85.3	    0.0	    0.0	    0.0	   95.8	   44.1	  1	  150.0	 1050.0	   89.1	    0.0	  100.0	1	  464.3	 21	    0.0	   -nan	
  620	  62.00	  372.4	    0.0	  168.8	 3937.3	 1089.0	    0.0	    0.0	 1052.6	  119.7	    0.0	    0.0	  100.0	   94.3	    0.0	    0.0	    0.0	  100.0	   44.2	  0	  150.0	 1050.0	   94.3	    0.0	  100.0	1	  448.3	  1	    0.0	   -nan	
  621	  62.10	  372.4	    0.0	  168.9	 3937.3	 1089.0	    0.0	    0.0	 1052.6	  119.7	    0.0	    0.0	  100.0	   99.6	    0.0	    0.0	    0.0	  100.0	   44.2	  0	  150.0	 1050.0	   99.6	    0.0	  100.0	1	  448.3	  1	    0.0	   -nan	
  622	  62.20	  372.4	    0.0	  169.0	 3937.3	 1089.0	    0.0	    0.0	 1055.1	  117.6	    0.0	    0.0	  100.0	  100.0	    0.0	    0.0	    0.0	  100.0	   44.3	  0	  150.0	 1050.0	  100.0	    0.0	  100.0	1	  449.1	  1	    0.0	   -nan	
  623	  62.30	  372.4	    0.0	  168.7	 3937.3	 1089.0	    0.0	    0.0	 1055.1	  117.6	    0.0	    0.0	  100.0	  100.0	    0.0	    0.0	    0.0	  100.0	   44.4	  0	  150.0	 1050.0	  100.0	    0.0	  100.0	1	  449.1	  1	    0.0	   -nan	
  624	  62.40	  372.4	    0.0	  168.3	 3937.3	 1089.0	    0.0	    0.0	 1055.1	  117.6	    0.0	    0.0	  100.0	  100.0	    0.0	    0.0	    0.0	  100.0	   44.5	  0	  150.0	 1050.0	  100.0	    0.0	  100.0	1	  449.1	  1	    0.0	   -nan	
  625	  62.50	  372.4	    0.0	  167.8	 3937.3	 1089.0	    0.0	    0.0	 1055.1	  117.6	    0.0	    0.0	  100.0	  100.0	    0.0	    0.0	    0.0	  100.0	   44.5	  0	  150.0	 1050.0	  100.0	    0.0	  100.0	1	  449.1	  1	    0.0	   -nan	
  626	  62.60	  372.4	    0.0	  167.0	 1089.1	   83.4	    0.0	    0.0	 3554.0	 1431.8	    0.0	    0.0	  100.0	  100.0	    0.0	    0.0	    0.3	   99.1	   44.6	  0	  150.0	 1050.0	  100.0	    0.3	   99.1	1	  193.0	  1	    0.0	   -nan	
  627	  62.70	  372.4	    0.0	  -31.9	 1089.1	   83.4	    0.0	    0.0	 3554.0	 1431.8	    0.0	    0.0	  100.0	   99.6	    0.0	    0.0	    0.6	   98.3	   44.7	  0	  150.0	 1050.0	   99.6	    0.6	   98.3	1	  193.0	  1	    0.0	   -nan	
  628	  62.80	  372.4	    0.0	  -39.7	 1089.1	   83.4	    0.0	    0.0	 3554.0	 1431.8	    0.0	    0.0	  100.0	   99.1	    0.0	    0.0	    0.8	   97.5	   44.7	  0	  150.0	 1050.0	   99.1	    0.8	   97.5	1	  193.0	  1	    0.0	   -nan	
  629	  62.90	  372.4	    0.0	  -39.7	 1089.1	   83.4	    0.0	    0.0	 3554.0	 1431.8	    0.0	    0.0	  100.0	   98.7	    0.0	    0.0	    1.1	   96.6	   44.8	  0	  150.0	 1050.0	   98.7	    1.1	   96.6	1	  193.0	  1	    0.0	   -nan	
  630	  63.00	  372.4	    0.0	  -39.7	 1089.1	   83.4	    0.0	    0.0	 3554.0	 1431.8	    0.0	    0.0	  100.0	   98.2	    0.0	    0.0	    1.4	   95.8	   44.9	  0	  150.0	 1050.0	   98.2	    1.4	   95.8	1	  193.0	  1	    0.0	   -nan	
  631	  63.10	  372.4	    0.0	  -39.7	 1089.1	   83.4	    0.0	    0.0	 3554.0	 1431.8	    0.0	    0.0	  100.0	   97.8	    0.0	    0.0	    1.7	   95.0	   45.0	  0	  150.0	 1050.0	   97.8	    1.7	   95.0	1	  193.0	  1	    0.0	   -nan	
  632	  63.20	  372.4	    0.0	  -39.7	 3344.9	 1482.4	    0.0	    0.0	 5000.0	    0.0	    0.0	    0.0	  100.0	  100.0	    0.0	    0.0	    1.7	   94.5	   45.0	  0	  150.0	 1050.0	  100.0	    1.7	   94.9	1	  450.2	  1	    0.0	   -nan	
  633	  63.30	  372.4	    0.0	   -6.6	 3344.9	 1482.4	    0.0	    0.0	 5000.0	    0.0	    0.0	    0.0	  100.0	  100.0	    0.0	    0.0	    1.7	   93.9	   45.1	  0	  150.0	 1050.0	  100.0	    1.7	   94.9	1	  450.2	  1	    0.0	   -nan	
  634	  63.40	  372.4	    0.0	   19.8	 3344.9	 1482.4	    0.0	    0.0	 5000.0	    0.0	    0.0	    0.0	  100.0	  100.0	    0.0	    0.0	    1.7	   93.4	   45.2	  0	  150.0	 1050.0	  100.0	    1.7	   94.8	1	  450.2	  1	    0.0	   -nan	
  635	  63.50	  372.4	    0.0	   29.1	 3344.9	 1482.4	    0.0	    0.0	 5000.0	    0.0	    0.0	    0.0	  100.0	  100.0	    0.0	    0.0	    1.7	   92.9	   45.2	  0	  150.0	 1050.0	  100.0	    1.7	   94.8	1	  450.2	  1	    0.0	   -nan	
  636	  63.60	  372.4	    0.0	   31.4	 3344.9	 1482.4	    0.0	    0.0	 5000.0	    0.0	    0.0	    0.0	  100.0	  100.0	    0.0	    0.0	    1.6	   92.4	   45.3	  0	  150.0	 1050.0	  100.0	    1.7	   94.8	1	  450.2	  1	    0.0	   -nan	
  637	  63.70	  372.4	    0.0	   32.1	 3344.9	 1482.4	    0.0	    0.0	 5000.0	    0.0	    0.0	    0.0	  100.0	  100.0	    0.0	    0.0	    1.6	   91.9	   45.4	  0	  150.0	 1050.0	  100.0	    1.7	   94.7	1	  450.2	  1	    0.0	   -nan	
  638	  63.80	  372.4	    0.0	   32.3	 3344.9	 1482.4	    0.0	    0.0	 5000.0	    0.0	    0.0	    0.0	  100.0	  100.0	    0.0	    0.0	    1.6	   91.4	   45.5	  0	  150.0	 1050.0	  100.0	    1.7	   94.7	1	  450.2	  1	    0.0	   -nan	
  639	  63.90	  372.4	    0.0	   32.4	 3344.9	 1482.4	    0.0	    0.0	 5000.0	    0.0	    0.0	    0.0	  100.0	  100.0	    0.0	    0.0	    1.6	   90.9	   45.5	  0	  150.0	 1050.0	  100.0	    1.7	   94.6	1	  450.2	  1	    0.0	   -nan	
  640	  64.00	  372.4	    0.0	   32.4	 3344.9	 1482.4	    0.0	    0.0	 5000.0	    0.0	    0.0	    0.0	  100.0	  100.0	    0.0	    0.0	    1.6	   90.4	   45.6	  0	  150.0	 1050.0	  100.0	    1.7	   94.6	1	  450.2	  1	    0.0	   -nan	
  641	  64.10	  372.4	    0.0	   32.4	 3344.9	 1482.4	    0.0	    0.0	 5000.0	    0.0	    0.0	    0.0	  100.0	  100.0	    0.0	    0.0	    1.6	   89.9	   45.7	  0	  150.0	 1050.0	  100.0	    1.7	   94.5	1	  450.2	  1	    0.0	   -nan	
  642	  64.20	  372.4	    0.0	   32.5	 3344.9	 1482.4	    0.0	    0.0	 5000.0	    0.0	    0.0	    0.0	  100.0	  100.0	    0.0	    0.0	    1.6	   89.4	   45.7	  0	  150.0	 1050.0	  100.0	    1.7	   94.5	1	  450.2	  1	    0.0	   -nan	
  643	  64.30	  372.4	    0.0	   32.5	 3344.9	 1482.4	    0.0	    0.0	 5000.0	    0.0	    0.0	    0.0	  100.0	  100.0	    0.0	    0.0	    1.6	   88.9	   45.8	  0	  150.0	 1050.0	  100.0	    1.7	   94.4	1	  450.2	  1	    0.0	   -nan	
  644	  64.40	  372.4	    0.0	   32.5	 3344.9	 1482.4	    0.0	    0.0	 5000.0	    0.0	    0.0	    0.0	  100.0	  100.0	    0.0	    0.0	    1.6	   88.5	   45.9	  0	  150.0	 1050.0	  100.0	    1.7	   94.4	1	  450.2	  1	    0.0	   -nan	
  645	  64.50	  372.4	    0.0	   32.6	 3344.9	 1482.4	    0.0	    0.0	 5000.0	    0.0	    0.0	    0.0	  100.0	  100.0	    0.0	    0.0	    1.6	   88.0	   46.0	  0	  150.0	 1050.0	  100.0	    1.7	   94.4	1	  450.2	  1	    0.0	   -nan	
  646	  64.60	  372.4	    0.0	   32.8	 3344.9	 1482.4	    0.0	    0.0	 5000.0	    0.0	    0.0	    0.0	  100.0	  100.0	    0.0	    0.0	    1.6	   87.5	   46.0	  0	  150.0	 1050.0	  100.0	    1.7	   94.3	1	  450.2	  1	    0.0	   -nan	
  647	  64.70	  372.4	    0.0	   33.4	 3344.9	 1482.4	    0.0	    0.0	 5000.0	    0.0	    0.0	    0.0	  100.0	  100.0	    0.0	    0.0	    1.6	   87.0	   46.1	  0	  150.0	 1050.0	  100.0	    1.7	   94.3	1	  450.2	  1	    0.0	   -nan	
  648	  64.80	  372.4	    0.0	   35.1	 3344.9	 1482.4	    0.0	    0.0	 5000.0	    0.0	    0.0	    0.0	  100.0	  100.0	    0.0	    0.0	    1.5	   86.5	   46.2	  0	  150.0	 1050.0	  100.0	    1.7	   94.2	1	  450.2	  1	    0.0	   -nan	
  649	  64.90	  372.4	    0.0	   38.8	 3344.9	 1482.4	    0.0	    0.0	 5000.0	    0.0	    0.0	    0.0	  100.0	  100.0	    0.0	    0.0	    1.5	   86.1	   46.2	  0	  150.0	 1050.0	  100.0	    1.7	   94.2	1	  450.2	  1	    0.0	   -nan	
  650	  65.00	  372.4	    0.0	   42.0	 3344.9	 1482.4	    0.0	    0.0	 5000.0	    0.0	    0.0	    0.0	  100.0	  100.0	    0.0	    0.0	    1.5	   85.6	   46.3	  0	  150.0	 1050.0	  100.0	    1.7	   94.1	1	  450.2	  1	    0.0	   -nan	
  651	  65.10	  372.4	    0.0	   43.2	 3344.9	 1482.4	    0.0	    0.0	 5000.0	    0.0	    0.0	    0.0	  100.0	  100.0	    0.0	    0.0	    1.5	   85.1	   46.4	  0	  150.0	 1050.0	  100.0	    1.7	   94.1	1	  450.2	  1	    0.0	   -nan	
  652	  65.20	  372.4	    0.0	   43.5	 3344.9	 1482.4	    0.0	    0.0	 5000.0	    0.0	    0.0	    0.0	  100.0	  100.0	    0.0	    0.0	    1.5	   84.7	   46.5	  0	  150.0	 1050.0	  100.0	    1.7	   94.0	1	  450.2	  1	    0.0	   -nan	
  653	  65.30	  372.4	    0.0	   43.5	 3344.9	 1482.4	    0.0	    0.0	 5000.0	    0.0	    0.0	    0.0	  100.0	  100.0	    0.0	    0.0	    1.5	   84.2	   46.5	  0	  150.0	 1050.0	  100.0	    1.7	   94.0	1	  450.2	  1	    0.0	   -nan	
  654	  65.40	  372.4	    0.0	   43.6	 3344.9	 1482.4	    0.0	    0.0	 5000.0	    0.0	    0.0	    0.0	  100.0	  100.0	    0.0	    0.0	    1.5	   83.7	   46.6	  0	  150.0	 1050.0	  100.0	    1.7	   93.9	1	  450.2	  1	    0.0	   -nan	
  655	  65.50	  372.4	    0.0	   43.6	 3344.9	 1482.4	    0.0	    0.0	 5000.0	    0.0	    0.0	    0.0	  100.0	  100.0	    0.0	    0.0	    1.5	   83.3	   46.7	  0	  150.0	 1050.0	  100.0	    1.7	   93.9	1	  450.2	  1	    0.0	   -nan	
  656	  65.60	  372.4	    0.0	   43.6	 3344.9	 1482.4	    0.0	    0.0	 5000.0	    0.0	    0.0	    0.0	  100.0	  100.0	    0.0	    0.0	    1.5	   82.8	   46.7	  0	  150.0	 1050.0	  100.0	    1.7	   93.9	1	  450.2	  1	    0.0	   -nan	
  657	  65.70	  372.4	    0.0	   43.6	 3344.9	 1482.4	    0.0	    0.0	 5000.0	    0.0	    0.0	    0.0	  100.0	  100.0	    0.0	    0.0	    1.5	   82.4	   46.8	  0	  150.0	 1050.0	  100.0	    1.7	   93.8	1	  450.2	  1	    0.0	   -nan	
  658	  65.80	  372.4	    0.0	   43.6	 3344.9	 1482.4	    0.0	    0.0	 5000.0	    0.0	    0.0	    0.0	  100.0	  100.0	    0.0	    0.0	    1.5	   81.9	   46.9	  0	  150.0	 1050.0	  100.0	    1.7	   93.8	1	  450.2	  1	    0.0	   -nan	
  659	  65.90	  372.4	    0.0	   43.6	 3344.9	 1482.4	    0.0	    0.0	 5000.0	    0.0	    0.0	    0.0	  100.0	  100.0	    0.0	    0.0	    1.5	   81.5	   47.0	  0	  150.0	 1050.0	  100.0	    1.7	   93.7	1	  450.2	  1	    0.0	   -nan	
  660	  66.00	  372.4	    0.0	   43.6	 3344.9	 1482.4	    0.0	    0.0	 5000.0	    0.0	    0.0	    0.0	  100.0	  100.0	    0.0	    0.0	    1.5	   81.0	   47.0	  0	  150.0	 1050.0	  100.0	    1.7	   93.7	1	  450.2	  1	    0.0	   -nan	
  661	  66.10	  372.4	    0.0	   43.6	 3344.9	 1482.4	    0.0	    0.0	 5000.0	    0.0	    0.0	    0.0	  100.0	  100.0	    0.0	    0.0	    1.5	   80.6	   47.1	  0	  150.0	 1050.0	  100.0	    1.7	   93.6	1	  450.2	  1	    0.0	   -nan	
  662	  66.20	  372.4	    0.0	   43.6	 3344.9	 1482.4	    0.0	    0.0	 5000.0	    0.0	    0.0	    0.0	  100.0	  100.0	    0.0	    0.0	    1.4	   80.2	   47.2	  0	  150.0	 1050.0	  100.0	    1.7	   93.6	1	  450.2	  1	    0.0	   -nan	
  663	  66.30	  372.4	    0.0	   43.7	 3344.9	 1482.4	    0.0	    0.0	 5000.0	    0.0	    0.0	    0.0	  100.0	  100.0	    0.0	    0.0	    1.4	   79.7	   47.2	  0	  150.0	 1050.0	  100.0	    1.7	   93.5	1	  450.2	  1	    0.0	   -nan	
  664	  66.40	  372.4	    0.0	   43.9	 3344.9	 1482.4	    0.0	    0.0	 5000.0	    0.0	    0.0	    0.0	  100.0	  100.0	    0.0	    0.0	    1.4	   79.3	   47.3	  0	  150.0	 1050.0	  100.0	    1.7	   93.5	1	  450.2	  1	    0.0	   -nan	
  665	  66.50	  372.4	    0.0	   44.3	 3344.9	 1482.4	    0.0	    0.0	 5000.0	    0.0	    0.0	    0.0	  100.0	  100.0	    0.0	    0.0	    1.4	   78.8	   47.4	  0	  150.0	 1050.0	  100.0	    1.7	   93.5	1	  450.2	  1	    0.0	   -nan	
  666	  66.60	  372.4	    0.0	   44.8	 3344.9	 1482.4	    0.0	    0.0	 5000.0	    0.0	    0.0	    0.0	  100.0	  100.0	    0.0	    0.0	    1.4	   78.4	   47.5	  0	  150.0	 1050.0	  100.0	    1.7	   93.4	1	  450.2	  1	    0.0	   -nan	
  667	  66.70	  372.4	    0.0	   44.9	 3344.9	 1482.4	    0.0	    0.0	 5000.0	    0.0	    0.0	    0.0	  100.0	  100.0	    0.0	    0.0	    1.4	   78.0	   47.5	  0	  150.0	 1050.0	  100.0	    1.7	   93.4	1	  450.2	  1	    0.0	   -nan	
  668	  66.80	  372.4	    0.0	   45.0	 3344.9	 1482.4	    0.0	    0.0	 5000.0	    0.0	    0.0	    0.0	  100.0	  100.0	    0.0	    0.0	    1.4	   77.6	   47.6	  0	  150.0	 1050.0	  100.0	    1.7	   93.3	1	  450.2	  1	    0.0	   -nan	
  669	  66.90	  372.4	    0.0	   45.0	 3344.9	 1482.4	    0.0	    0.0	 5000.0	    0.0	    0.0	    0.0	  100.0	  100.0	    0.0	    0.0	    1.4	   77.1	   47.7	  0	  150.0	 1050.0	  100.0	    1.7	   93.3	1	  450.2	  1	    0.0	   -nan	
  670	  67.00	  372.4	    0.0	   45.0	 3344.9	 1482.4	    0.0	    0.0	 5000.0	    0.0	    0.0	    0.0	  100.0	  100.0	    0.0	    0.0	    1.4	   76.7	   47.7	  0	  150.0	 1050.0	  100.0	    1.7	   93.2	1	  450.2	  1	    0.0	   -nan	
  671	  67.10	  372.4	    0.0	   45.0	 3344.9	 1482.4	    0.0	    0.0	 5000.0	    0.0	    0.0	    0.0	  100.0	  100.0	    0.0	    0.0	    1.4	   76.3	   47.8	  0	  150.0	 1050.0	  100.0	    1.7	   93.2	1	  450.2	  1	    0.0	   -nan	
  672	  67.20	  372.4	    0.0	   45.0	 3344.9	 1482.4	    0.0	    0.0	 5000.0	    0.0	    0.0	    0.0	  100.0	  100.0	    0.0	    0.0	    1.4	   75.9	   47.9	  0	  150.0	 1050.0	  100.0	    1.7	   93.1	1	  450.2	  1	    0.0	   -nan	
  673	  67.30	  372.4	    0.0	   45.0	 3344.9	 1482.4	    0.0	    0.0	 5000.0	    0.0	    0.0	    0.0	  100.0	  100.0	    0.0	    0.0	    1.4	   75.5	   48.0	  0	  150.0	 1050.0	  100.0	    1.7	   93.1	1	  450.2	  1	    0.0	   -nan	
  674	  67.40	  372.4	    0.0	   45.0	 3344.9	 1482.4	    0.0	    0.0	 5000.0	    0.0	    0.0	    0.0	  100.0	  100.0	    0.0	    0.0	    1.4	   75.0	   48.0	  0	  150.0	 1050.0	  100.0	    1.7	   93.0	1	  450.2	  1	    0.0	   -nan	
  675	  67.50	  372.4	    0.0	   45.0	 3344.9	 1482.4	    0.0	    0.0	 5000.0	    0.0	    0.0	    0.0	  100.0	  100.0	    0.0	    0.0	    1.4	   74.6	   48.1	  0	  150.0	 1050.0	  100.0	    1.7	   93.0	1	  450.2	  1	    0.0	   -nan	
  676	  67.60	  372.4	    0.0	   45.0	 3344.9	 1482.4	    0.0	    0.0	 5000.0	    0.0	    0.0	    0.0	  100.0	  100.0	    0.0	    0.0	    1.3	   74.2	   48.2	  0	  150.0	 1050.0	  100.0	    1.7	   93.0	1	  450.2	  1	    0.0	   -nan	
  677	  67.70	  372.4	    0.0	   45.0	 3344.9	 1482.4	    0.0	    0.0	 5000.0	    0.0	    0.0	    0.0	  100.0	  100.0	    0.0	    0.0	    1.3	   73.8	   48.2	  0	  150.0	 1050.0	  100.0	    1.7	   92.9	1	  450.2	  1	    0.0	   -nan	
  678	  67.80	  372.4	    0.0	   45.0	 3344.9	 1482.4	    0.0	    0.0	 5000.0	    0.0	    0.0	    0.0	  100.0	  100.0	    0.0	    0.0	    1.3	   73.4	   48.3	  0	  150.0	 1050.0	  100.0	    1.7	   92.9	1	  450.2	  1	    0.0	   -nan	
  679	  67.90	  372.4	    0.0	   45.0	 3344.9	 1482.4	    0.0	    0.0	 5000.0	    0.0	    0.0	    0.0	  100.0	  100.0	    0.0	    0.0	    1.3	   73.0	   48.4	  0	  150.0	 1050.0	  100.0	    1.7	   92.8	1	  450.2	  1	    0.0	   -nan	
  680	  68.00	  372.4	    0.0	   45.0	 3344.9	 1482.4	    0.0	    0.0	 5000.0	    0.0	    0.0	    0.0	  100.0	  100.0	    0.0	    0.0	    1.3	   72.6	   48.5	  0	  150.0	 1050.0	  100.0	    1.7	   92.8	1	  450.2	  1	    0.0	   -nan	
  681	  68.10	  372.4	    0.0	   45.1	 3344.9	 1482.4	    0.0	    0.0	 5000.0	    0.0	    0.0	    0.0	  100.0	  100.0	    0.0	    0.0	    1.3	   72.2	   48.5	  0	  150.0	 1050.0	  100.0	    1.7	   92.7	1	  450.2	  1	    0.0	   -nan	
  682	  68.20	  372.4	    0.0	   45.1	 3344.9	 1482.4	    0.0	    0.0	 5000.0	    0.0	    0.0	    0.0	  100.0	  100.0	    0.0	    0.0	    1.3	   71.8	   48.6	  0	  150.0	 1050.0	  100.0	    1.7	   92.7	1	  450.2	  1	    0.0	   -nan	
  683	  68.30	  372.4	    0.0	   45.2	 3344.9	 1482.4	    0.0	    0.0	 5000.0	    0.0	    0.0	    0.0	  100.0	  100.0	    0.0	    0.0	    1.3	   71.4	   48.7	  0	  150.0	 1050.0	  100.0	    1.7	   92.6	1	  450.2	  1	    0.0	   -nan	
  684	  68.40	  372.4	    0.0	   45.2	 3344.9	 1482.4	    0.0	    0.0	 5000.0	    0.0	    0.0	    0.0	  100.0	  100.0	    0.0	    0.0	    1.3	   71.0	   48.7	  0	  150.0	 1050.0	  100.0	    1.7	   92.6	1	  450.2	  1	    0.0	   -nan	
  685	  68.50	  372.4	    0.0	   45.2	 3344.9	 1482.4	    0.0	    0.0	 5000.0	    0.0	    0.0	    0.0	  100.0	  100.0	    0.0	    0.0	    1.3	   70.7	   48.8	  0	  150.0	 1050.0	  100.0	    1.7	   92.6	1	  450.2	  1	    0.0	   -nan	
  686	  68.60	  372.4	    0.0	   45.2	 3344.9	 1482.4	    0.0	    0.0	 5000.0	    0.0	    0.0	    0.0	  100.0	  100.0	    0.0	    0.0	    1.3	   70.3	   48.9	  0	  150.0	 1050.0	  100.0	    1.7	   92.5	1	  450.2	  1	    0.0	   -nan	
  687	  68.70	  372.4	    0.0	   45.2	 3344.9	 1482.4	    0.0	    0.0	 5000.0	    0.0	    0.0	    0.0	  100.0	  100.0	    0.0	    0.0	    1.3	   69.9	   49.0	  0	  150.0	 1050.0	  100.0	    1.7	   92.5	1	  450.2	  1	    0.0	   -nan	
  688	  68.80	  372.4	    0.0	   45.2	 3344.9	 1482.4	    0.0	    0.0	 5000.0	    0.0	    0.0	    0.0	  100.0	  100.0	    0.0	    0.0	    1.3	   69.5	   49.0	  0	  150.0	 1050.0	  100.0	    1.7	   92.4	1	  450.2	  1	    0.0	   -nan	
  689	  68.90	  372.4	    0.0	   45.2	 3344.9	 1482.4	    0.0	    0.0	 5000.0	    0.0	    0.0	    0.0	  100.0	  100.0	    0.0	    0.0	    1.3	   69.1	   49.1	  0	  150.0	 1050.0	  100.0	    1.7	   92.4	1	  450.2	  1	    0.0	   -nan	
  690	  69.00	  372.4	    0.0	   45.2	 3344.9	 1482.4	    0.0	    0.0	 5000.0	    0.0	    0.0	    0.0	  100.0	  100.0	    0.0	    0.0	    1.3	   68.7	   49.2	  0	  150.0	 1050.0	  100.0	    1.7	   92.3	1	  450.2	  1	    0.0	   -nan	
  691	  69.10	  372.4	    0.0	   45.2	 3344.9	 1482.4	    0.0	    0.0	 5000.0	    0.0	    0.0	    0.0	  100.0	  100.0	    0.0	    0.0	    1.2	   68.4	   49.2	  0	  150.0	 1050.0	  100.0	    1.7	   92.3	1	  450.2	  1	    0.0	   -nan	
  692	  69.20	  372.4	    0.0	   45.2	 3344.9	 1482.4	    0.0	    0.0	 5000.0	    0.0	    0.0	    0.0	  100.0	  100.0	    0.0	    0.0	    1.2	   68.0	   49.3	  0	  150.0	 1050.0	  100.0	    1.7	   92.2	1	  450.2	  1	    0.0	   -nan	
  693	  69.30	  372.4	    0.0	   45.2	 3344.9	 1482.4	    0.0	    0.0	 5000.0	    0.0	    0.0	    0.0	  100.0	  100.0	    0.0	    0.0	    1.2	   67.6	   49.4	  0	  150.0	 1050.0	  100.0	    1.7	   92.2	1	  450.2	  1	    0.0	   -nan	
  694	  69.40	  372.4	    0.0	   45.2	 3344.9	 1482.4	    0.0	    0.0	 5000.0	    0.0	    0.0	    0.0	  100.0	  100.0	    0.0	    0.0	    1.2	   67.3	   49.5	  0	  150.0	 1050.0	  100.0	    1.7	   92.2	1	  450.2	  1	    0.0	   -nan	
  695	  69.50	  372.4	    0.0	   45.2	 3344.9	 1482.4	    0.0	    0.0	 5000.0	    0.0	    0.0	    0.0	  100.0	  100.0	    0.0	    0.0	    1.2	   66.9	   49.5	  0	  150.0	 1050.0	  100.0	    1.7	   92.1	1	  450.2	  1	    0.0	   -nan	
  696	  69.60	  372.4	    0.0	   45.2	 3344.9	 1482.4	    0.0	    0.0	 5000.0	    0.0	    0.0	    0.0	  100.0	  100.0	    0.0	    0.0	    1.2	   66.5	   49.6	  0	  150.0	 1050.0	  100.0	    1.7	   92.1	1	  450.2	  1	    0.0	   -nan	
  697	  69.70	  372.4	    0.0	   45.2	 3344.9	 1482.4	    0.0	    0.0	 5000.0	    0.0	    0.0	    0.0	  100.0	  100.0	    0.0	    0.0	    1.2	   66.2	   49.7	  0	  150.0	 1050.0	  100.0	    1.7	   92.0	1	  450.2	  1	    0.0	   -nan	
  698	  69.80	  372.4	    0.0	   45.2	 3344.9	 1482.4	    0.0	    0.0	 5000.0	    0.0	    0.0	    0.0	  100.0	  100.0	    0.0	    0.0	    1.2	   65.8	   49.7	  0	  150.0	 1050.0	  100.0	    1.7	   92.0	1	  450.2	  1	    0.0	   -nan	
  699	  69.90	  372.4	    0.0	   45.2	 3344.9	 1482.4	    0.0	    0.0	 5000.0	    0.0	    0.0	    0.0	  100.0	  100.0	    0.0	    0.0	    1.2	   65.4	   49.8	  0	  150.0	 1050.0	  100.0	    1.7	   91.9	1	  450.2	  1	    0.0	   -nan	
  700	  70.00	  372.4	    0.0	   45.2	 3344.9	 1482.4	    0.0	    0.0	 5000.0	    0.0	    0.0	    0.0	  100.0	  100.0	    0.0	    0.0	    1.2	   65.1	   49.9	  0	  150.0	 1050.0	  100.0	    1.7	   91.9	1	  450.2	  1	    0.0	   -nan	
  701	  70.10	  372.4	    0.0	   45.2	 3344.9	 1482.4	    0.0	    0.0	 5000.0	    0.0	    0.0	    0.0	  100.0	  100.0	    0.0	    0.0	    1.2	   64.7	   50.0	  0	  150.0	 1050.0	  100.0	    1.7	   91.8	1	  450.2	  1	    0.0	   -nan	
  702	  70.20	  372.4	    0.0	   45.2	 3344.9	 1482.4	    0.0	    0.0	 5000.0	    0.0	    0.0	    0.0	  100.0	  100.0	    0.0	    0.0	    1.2	   64.4	   50.0	  0	  150.0	 1050.0	  100.0	    1.7	   91.8	1	  450.2	  1	    0.0	   -nan	
  703	  70.30	  372.4	    0.0	   45.2	 3344.9	 1482.4	    0.0	    0.0	 5000.0	    0.0	    0.0	    0.0	  100.0	  100.0	    0.0	    0.0	    1.2	   64.0	   50.1	  0	  150.0	 1050.0	  100.0	    1.7	   91.7	1	  450.2	  1	    0.0	   -nan	
  704	  70.40	  372.4	    0.0	   45.2	 3344.9	 1482.4	    0.0	    0.0	 5000.0	    0.0	    0.0	    0.0	  100.0	  100.0	    0.0	    0.0	    1.2	   63.7	   50.2	  0	  150.0	 1050.0	  100.0	    1.7	   91.7	1	  450.2	  1	    0.0	   -nan	
  705	  70.50	  372.4	    0.0	   45.2	 3344.9	 1482.4	    0.0	    0.0	 5000.0	    0.0	    0.0	    0.0	  100.0	  100.0	    0.0	    0.0	    1.2	   63.3	   50.2	  0	  150.0	 1050.0	  100.0	    1.7	   91.7	1	  450.2	  1	    0.0	   -nan	
  706	  70.60	  372.4	    0.0	   45.2	 3344.9	 1482.4	    0.0	    0.0	 5000.0	    0.0	    0.0	    0.0	  100.0	  100.0	    0.0	    0.0	    1.2	   63.0	   50.3	  0	  150.0	 1050.0	  100.0	    1.7	   91.6	1	  450.2	  1	    0.0	   -nan	
  707	  70.70	  372.4	    0.0	   45.2	 3344.9	 1482.4	    0.0	    0.0	 5000.0	    0.0	    0.0	    0.0	  100.0	  100.0	    0.0	    0.0	    1.2	   62.6	   50.4	  0	  150.0	 1050.0	  100.0	    1.7	   91.6	1	  450.2	  1	    0.0	   -nan	
  708	  70.80	  372.4	    0.0	   45.2	 3344.9	 1482.4	    0.0	    0.0	 5000.0	    0.0	    0.0	    0.0	  100.0	  100.0	    0.0	    0.0	    1.1	   62.3	   50.5	  0	  150.0	 1050.0	  100.0	    1.7	   91.5	1	  450.2	  1	    0.0	   -nan	
  709	  70.90	  372.4	    0.0	   45.2	 3344.9	 1482.4	    0.0	    0.0	 5000.0	    0.0	    0.0	    0.0	  100.0	  100.0	    0.0	    0.0	    1.1	   61.9	   50.5	  0	  150.0	 1050.0	  100.0	    1.7	   91.5	1	  450.2	  1	    0.0	   -nan	
  710	  71.00	  372.4	    0.0	   45.2	 3344.9	 1482.4	    0.0	    0.0	 5000.0	    0.0	    0.0	    0.0	  100.0	  100.0	    0.0	    0.0	    1.1	   61.6	   50.6	  0	  150.0	 1050.0	  100.0	    1.7	   91.4	1	  450.2	  1	    0.0	   -nan	
  711	  71.10	  372.4	    0.0	   45.2	 3344.9	 1482.4	    0.0	    0.0	 5000.0	    0.0	    0.0	    0.0	  100.0	  100.0	    0.0	    0.0	    1.1	   61.3	   50.7	  0	  150.0	 1050.0	  100.0	    1.7	   91.4	1	  450.2	  1	    0.0	   -nan	
  712	  71.20	  372.4	    0.0	   45.2	 1291.5	  361.9	    0.0	    0.0	 1055.5	    0.0	    0.0	    0.0	  100.0	   99.7	    0.0	    0.0	    1.2	  100.0	   50.7	  0	  150.0	 1050.0	   99.7	    1.2	  100.0	1	  462.2	  1	    0.0	   -nan	
  713	  71.30	  372.4	    0.0	 -152.9	 1291.5	  361.9	    0.0	    0.0	 1055.5	    0.0	    0.0	    0.0	  100.0	   99.3	    0.0	    0.0	    0.8	  100.0	   50.8	  0	  150.0	 1050.0	   99.3	    0.8	  100.0	1	  462.2	  1	    0.0	   -nan	
  714	  71.40	  372.4	    0.0	 -158.4	 1291.5	  361.9	    0.0	    0.0	 1055.5	    0.0	    0.0	    0.0	  100.0	   98.9	    0.0	    0.0	    0.4	  100.0	   50.9	  0	  150.0	 1050.0	   98.9	    0.4	  100.0	1	  462.2	  1	    0.0	   -nan	
  715	  71.50	  372.4	    0.0	 -162.2	 1306.5	  366.9	    0.0	    0.0	 1055.5	    0.0	    0.0	    0.0	  100.0	   98.6	    0.0	    0.0	    0.0	  100.0	   51.0	  0	  150.0	 1050.0	   98.6	    0.0	  100.0	1	  462.8	  1	    0.0	   -nan	
  716	  71.60	  372.4	    0.0	 -165.3	 1306.5	  366.9	    0.0	    0.0	 1055.5	    0.0	    0.0	    0.0	  100.0	   98.2	    0.0	    0.0	    0.0	  100.0	   51.0	  0	  150.0	 1050.0	   98.2	    0.0	  100.0	1	  462.8	  1	    0.0	   -nan	
  717	  71.70	  372.4	    0.0	 -168.6	 1311.0	  366.8	    0.0	    0.0	 1056.6	    0.0	    0.0	    0.0	  100.0	   97.8	    0.0	    0.0	    0.0	  100.0	   51.1	  0	  150.0	 1050.0	   97.8	    0.0	  100.0	1	  463.0	  1	    0.0	   -nan	
  718	  71.80	  372.4	    0.0	 -172.7	 1311.0	  366.8	    0.0	    0.0	 1056.6	    0.0	    0.0	    0.0	  100.0	   97.4	    0.0	    0.0	    0.0	  100.0	   51.2	  0	  150.0	 1050.0	   97.4	    0.0	  100.0	1	  463.0	  1	    0.0	   -nan	
  719	  71.90	  372.4	    0.0	 -178.6	 1311.0	  366.8	    0.0	    0.0	 1056.6	    0.0	    0.0	    0.0	  100.0	   97.0	    0.0	    0.0	    0.0	  100.0	   51.2	  0	  150.0	 1050.0	   97.0	    0.0	  100.0	1	  463.0	  1	    0.0	   -nan	
  720	  72.00	  372.4	    0.0	  172.6	 1312.4	  365.3	    0.0	    0.0	 1053.8	    0.0	    0.0	    0.0	  100.0	   96.7	    0.0	    0.0	    0.0	  100.0	   51.3	  0	  150.0	 1050.0	   96.7	    0.0	  100.0	1	  463.0	  1	    0.0	   -nan	
  721	  72.10	  372.4	    0.0	  161.4	 1312.4	  365.3	    0.0	    0.0	 1053.8	    0.0	    0.0	    0.0	  100.0	   96.3	    0.0	    0.0	    0.0	  100.0	   51.4	  0	  150.0	 1050.0	   96.3	    0.0	  100.0	1	  463.0	  1	    0.0	   -nan	
  722	  72.20	  372.4	    0.0	  151.5	 1313.5	  365.8	    0.0	    0.0	 1055.5	    0.0	    0.0	    0.0	  100.0	   95.9	    0.0	    0.0	    0.0	  100.0	   51.5	  0	  150.0	 1050.0	   95.9	    0.0	  100.0	1	  463.0	  1	    0.0	   -nan	
  723	  72.30	  372.4	    0.0	  145.8	 1313.5	  365.8	    0.0	    0.0	 1055.5	    0.0	    0.0	    0.0	  100.0	   95.5	    0.0	    0.0	    0.0	  100.0	   51.5	  0	  150.0	 1050.0	   95.5	    0.0	  100.0	1	  463.0	  1	    0.0	   -nan	
  724	  72.40	  372.4	    0.0	  143.2	 1308.2	  361.1	    0.0	    0.0	 1055.5	    0.0	    0.0	    0.0	  100.0	   95.1	    0.0	    0.0	    0.0	  100.0	   51.6	  0	  150.0	 1050.0	   95.1	    0.0	  100.0	1	  462.6	  1	    0.0	   -nan	
  725	  72.50	  372.4	    0.0	  142.5	 1307.9	  363.2	    0.0	    0.0	 1056.6	    0.0	    0.0	    0.0	  100.0	   94.7	    0.0	    0.0	    0.0	  100.0	   51.7	  0	  150.0	 1050.0	   94.7	    0.0	  100.0	1	  462.7	  1	    0.0	   -nan	
  726	  72.60	  372.4	    0.0	  142.0	 1307.9	  363.2	    0.0	    0.0	 1056.6	    0.0	    0.0	    0.0	  100.0	   94.4	    0.0	    0.0	    0.0	  100.0	   51.7	  0	  150.0	 1050.0	   94.4	    0.0	  100.0	1	  462.7	  1	    0.0	   -nan	
  727	  72.70	  372.4	    0.0	  141.7	 1313.8	  363.8	    0.0	    0.0	 1057.5	    0.0	    0.0	    0.0	  100.0	   94.0	    0.0	    0.0	    0.0	  100.0	   51.8	  0	  150.0	 1050.0	   94.0	    0.0	  100.0	1	  462.9	  1	    0.0	   -nan	
  728	  72.80	  372.4	    0.0	  140.9	 1320.6	  367.0	    0.0	    0.0	 1057.5	    0.0	    0.0	    0.0	  100.0	   93.6	    0.0	    0.0	    0.0	  100.0	   51.9	  0	  150.0	 1050.0	   93.6	    0.0	  100.0	1	  463.3	  1	    0.0	   -nan	
  729	  72.90	  372.4	    0.0	  139.2	 1319.8	  368.8	    0.0	    0.0	 1057.4	    0.0	    0.0	    0.0	  100.0	   93.2	    0.0	    0.0	    0.0	  100.0	   52.0	  0	  150.0	 1050.0	   93.2	    0.0	  100.0	1	  463.3	  1	    0.0	   -nan	
  730	  73.00	  372.4	    0.0	  137.6	 1319.8	  368.8	    0.0	    0.0	 1057.4	    0.0	    0.0	    0.0	  100.0	   92.8	    0.0	    0.0	    0.0	  100.0	   52.0	  0	  150.0	 1050.0	   92.8	    0.0	  100.0	1	  463.3	  1	    0.0	   -nan	
  731	  73.10	  372.4	    0.0	  136.5	 1315.2	  366.6	    0.0	    0.0	 1055.5	    0.0	    0.0	    0.0	  100.0	   92.5	    0.0	    0.0	    0.0	  100.0	   52.1	  0	  150.0	 1050.0	   92.5	    0.0	  100.0	1	  463.1	  1	    0.0	   -nan	
  732	  73.20	  372.4	    0.0	  136.8	 1318.9	  366.2	    0.0	    0.0	 1058.7	    0.0	    0.0	    0.0	  100.0	   92.1	    0.0	    0.0	    0.0	  100.0	   52.2	  0	  150.0	 1050.0	   92.1	    0.0	  100.0	1	  463.2	  1	    0.0	   -nan	
  733	  73.30	  372.4	    0.0	  136.4	 1059.7	    0.0	    0.0	    0.0	 1322.0	  361.0	    0.0	    0.0	  100.0	   91.6	    0.0	    0.0	    0.0	   99.7	   52.2	  0	  150.0	 1050.0	   91.6	    0.0	   99.7	1	  397.3	  1	    0.0	   -nan	
  734	  73.40	  372.4	    0.0	 -102.7	 1059.7	    0.0	    0.0	    0.0	 1322.0	  361.0	    0.0	    0.0	  100.0	   91.2	    0.0	    0.0	    0.0	   99.6	   52.3	  0	  150.0	 1050.0	   91.2	    0.0	   99.6	1	  397.3	  1	    0.0	   -nan	
  735	  73.50	  372.4	    0.0	  -50.2	 1060.7	    0.0	    0.0	    0.0	 1319.7	  351.1	    0.0	    0.0	  100.0	   90.7	    0.0	    0.0	    0.0	   99.4	   52.4	  0	  150.0	 1050.0	   90.7	    0.0	   99.4	1	  397.3	  1	    0.0	   -nan	
  736	  73.60	  372.4	    0.0	  -50.2	 1053.8	    0.0	    0.0	    0.0	 1292.2	  336.5	    0.0	    0.0	  100.0	   90.3	    0.0	    0.0	    0.0	   99.3	   52.5	  0	  150.0	 1050.0	   90.3	    0.0	   99.3	1	  397.3	  1	    0.0	   -nan	
  737	  73.70	  372.4	    0.0	  -50.2	 1061.5	    0.0	    0.0	    0.0	 1249.9	  309.3	    0.0	    0.0	  100.0	   89.9	    0.0	    0.0	    0.0	  100.0	   52.5	  0	  150.0	 1050.0	   89.9	    0.0	  100.0	1	  397.3	  1	    0.0	   -nan	
  738	  73.80	  372.4	    0.0	  -50.2	 1081.4	    0.0	    0.0	    0.0	 1207.0	  292.2	    0.0	    0.0	  100.0	   89.4	    0.0	    0.0	    0.0	   99.9	   52.6	  0	  150.0	 1050.0	   89.4	    0.0	   99.9	1	  397.3	  1	    0.0	   -nan	
  739	  73.90	  372.4	    0.0	  -50.2	 1081.4	    0.0	    0.0	    0.0	 1207.0	  292.2	    0.0	    0.0	  100.0	   89.0	    0.0	    0.0	    0.0	   99.9	   52.7	  0	  150.0	 1050.0	   89.0	    0.0	   99.9	1	  397.3	  1	    0.0	   -nan	
  740	  74.00	  372.4	    0.0	  -50.2	 1101.1	    0.0	    0.0	    0.0	 1176.6	  280.6	    0.0	    0.0	  100.0	   88.5	    0.0	    0.0	    0.0	   99.8	   52.7	  0	  150.0	 1050.0	   88.5	    0.0	   99.8	1	  397.3	  1	    0.0	   -nan	
  741	  74.10	  372.4	    0.0	  -50.2	 1101.1	    0.0	    0.0	    0.0	 1176.6	  280.6	    0.0	    0.0	  100.0	   88.1	    0.0	    0.0	    0.0	   99.8	   52.8	  0	  150.0	 1050.0	   88.1	    0.0	   99.8	1	  397.3	  1	    0.0	   -nan	
  742	  74.20	  372.4	    0.0	  -50.2	 1190.4	    0.0	    0.0	    0.0	 1151.4	  269.3	    0.0	    0.0	  100.0	   88.2	    0.0	    0.0	    0.0	   99.8	   52.9	  0	  150.0	 1050.0	   88.2	    0.0	   99.8	1	  397.3	  1	    0.0	   -nan	
  743	  74.30	  372.4	    0.0	  -50.2	 1148.6	    0.0	    0.0	    0.0	 1139.6	  265.8	    0.0	    0.0	  100.0	   87.8	    0.0	    0.0	    0.0	   99.8	   53.0	  0	  150.0	 1050.0	   87.8	    0.0	   99.8	1	  397.3	  1	    0.0	   -nan	
  744	  74.40	  372.4	    0.0	  -50.2	 1143.1	    0.0	    0.0	    0.0	 1139.6	  265.8	    0.0	    0.0	  100.0	   87.3	    0.0	    0.0	    0.0	   99.7	   53.0	  0	  150.0	 1050.0	   87.3	    0.0	   99.7	1	  397.3	  1	    0.0	   -nan	
  745	  74.50	  372.4	    0.0	  -50.2	 1143.1	    0.0	    0.0	    0.0	 1139.6	  265.8	    0.0	    0.0	  100.0	   86.9	    0.0	    0.0	    0.0	   99.7	   53.1	  0	  150.0	 1050.0	   86.9	    0.0	   99.7	1	  397.3	  1	    0.0	   -nan	
  746	  74.60	  372.4	    0.0	  -50.2	 1188.4	    0.0	    0.0	    0.0	 1150.6	  272.6	    0.0	    0.0	  100.0	   86.5	    0.0	    0.0	    0.0	   99.7	   53.2	  0	  150.0	 1050.0	   86.5	    0.0	   99.7	1	  397.3	  1	    0.0	   -nan	
  747	  74.70	  372.4	    0.0	  -50.2	 1103.5	    0.0	    0.0	    0.0	 1150.4	  272.4	    0.0	    0.0	  100.0	   86.0	    0.0	    0.0	    0.0	   99.7	   53.2	  0	  150.0	 1050.0	   86.0	    0.0	   99.7	1	  397.3	  1	    0.0	   -nan	
  748	  74.80	  372.4	    0.0	  -50.2	 1099.5	    0.0	    0.0	    0.0	 1143.9	  267.7	    0.0	    0.0	  100.0	   85.6	    0.0	    0.0	    0.0	   99.7	   53.3	  0	  150.0	 1050.0	   85.6	    0.0	   99.7	1	  397.3	  1	    0.0	   -nan	
  749	  74.90	  372.4	    0.0	  -50.2	 1095.0	    0.0	    0.0	    0.0	 1133.4	  261.3	    0.0	    0.0	  100.0	   85.2	    0.0	    0.0	    0.0	   99.6	   53.4	  0	  150.0	 1050.0	   85.2	    0.0	   99.6	1	  397.3	  1	    0.0	   -nan	
  750	  75.00	  372.4	    0.0	  -50.2	 1094.1	    0.0	    0.0	    0.0	 1128.0	  257.1	    0.0	    0.0	  100.0	   84.7	    0.0	    0.0	    0.0	   99.6	   53.5	  0	  150.0	 1050.0	   84.7	    0.0	   99.6	1	  397.3	  1	    0.0	   -nan	
  751	  75.10	  372.4	    0.0	  -50.2	 1094.1	    0.0	    0.0	    0.0	 1128.0	  257.1	    0.0	    0.0	  100.0	   84.3	    0.0	    0.0	    0.0	   99.6	   53.5	  0	  150.0	 1050.0	   84.3	    0.0	   99.6	1	  397.3	  1	    0.0	   -nan	
  752	  75.20	  372.4	    0.0	  -50.2	 1087.5	    0.0	    0.0	    0.0	 1124.6	  255.6	    0.0	    0.0	  100.0	   83.9	    0.0	    0.0	    0.0	   99.5	   53.6	  0	  150.0	 1050.0	   83.9	    0.0	   99.5	1	  397.3	  1	    0.0	   -nan	
  753	  75.30	  372.4	    0.0	  -50.2	 1087.5	    0.0	    0.0	    0.0	 1124.6	  255.6	    0.0	    0.0	  100.0	   83.4	    0.0	    0.0	    0.0	   99.5	   53.7	  0	  150.0	 1050.0	   83.4	    0.0	   99.5	1	  397.3	  1	    0.0	   -nan	
  754	  75.40	  372.4	    0.0	  -50.2	 1084.8	    0.0	    0.0	    0.0	 1126.1	  254.5	    0.0	    0.0	  100.0	   83.0	    0.0	    0.0	    0.0	   99.5	   53.7	  0	  150.0	 1050.0	   83.0	    0.0	   99.5	1	  397.3	  1	    0.0	   -nan	
  755	  75.50	  372.4	    0.0	  -50.2	 1084.8	    0.0	    0.0	    0.0	 1126.1	  254.5	    0.0	    0.0	  100.0	   82.5	    0.0	    0.0	    0.0	   99.5	   53.8	  0	  150.0	 1050.0	   82.5	    0.0	   99.5	1	  397.3	  1	    0.0	   -nan	
  756	  75.60	  372.4	    0.0	  -50.2	 1084.8	    0.0	    0.0	    0.0	 1126.1	  254.5	    0.0	    0.0	  100.0	   82.1	    0.0	    0.0	    0.0	   99.4	   53.9	  0	  150.0	 1050.0	   82.1	    0.0	   99.4	1	  397.3	  1	    0.0	   -nan	
  757	  75.70	  372.4	    0.0	  -50.2	 1087.0	    0.0	    0.0	    0.0	 1125.2	  247.2	    0.0	    0.0	  100.0	   81.7	    0.0	    0.0	    0.0	   99.4	   54.0	  0	  150.0	 1050.0	   81.7	    0.0	   99.4	1	  397.3	  1	    0.0	   -nan	
  758	  75.80	  372.4	    0.0	  -50.2	 1087.0	    0.0	    0.0	    0.0	 1125.2	  247.2	    0.0	    0.0	  100.0	   81.2	    0.0	    0.0	    0.0	   99.4	   54.0	  0	  150.0	 1050.0	   81.2	    0.0	   99.4	1	  397.3	  1	    0.0	   -nan	
  759	  75.90	  372.4	    0.0	  -50.2	 1095.4	    0.0	    0.0	    0.0	 1128.8	  243.6	    0.0	    0.0	  100.0	   80.8	    0.0	    0.0	    0.0	   99.3	   54.1	  0	  150.0	 1050.0	   80.8	    0.0	   99.3	1	  397.3	  1	    0.0	   -nan	
  760	  76.00	  372.4	    0.0	  -50.2	 1095.4	    0.0	    0.0	    0.0	 1128.8	  243.6	    0.0	    0.0	  100.0	   80.4	    0.0	    0.0	    0.0	   99.3	   54.2	  0	  150.0	 1050.0	   80.4	    0.0	   99.3	1	  397.3	  1	    0.0	   -nan	
  761	  76.10	  372.4	    0.0	  -50.2	 1128.8	  243.6	    0.0	    0.0	 1095.4	    0.0	    0.0	    0.0	  100.0	   82.7	    0.0	    0.0	    0.0	  100.0	   54.2	  0	  150.0	 1050.0	   82.7	    0.0	  100.0	1	  449.1	  1	    0.0	   -nan	
  762	  76.20	  372.4	    0.0	   52.4	 1144.4	  241.6	    0.0	    0.0	 1098.3	    0.0	    0.0	    0.0	  100.0	   82.3	    0.0	    0.0	    0.0	  100.0	   54.3	  0	  150.0	 1050.0	   82.3	    0.0	  100.0	1	  449.7	  1	    0.0	   -nan	
  763	  76.30	  372.4	    0.0	  118.2	 1165.5	  248.5	    0.0	    0.0	 1109.7	    0.0	    0.0	    0.0	  100.0	   81.9	    0.0	    0.0	    0.0	  100.0	   54.4	  0	  150.0	 1050.0	   81.9	    0.0	  100.0	1	  450.7	  1	    0.0	   -nan	
  764	  76.40	  372.4	    0.0	  131.4	 1165.5	  248.5	    0.0	    0.0	 1109.7	    0.0	    0.0	    0.0	  100.0	   81.5	    0.0	    0.0	    0.0	  100.0	   54.5	  0	  150.0	 1050.0	   81.5	    0.0	  100.0	1	  450.7	  1	    0.0	   -nan	
  765	  76.50	  372.4	    0.0	  132.0	 1169.2	  251.9	    0.0	    0.0	 1115.2	    0.0	    0.0	    0.0	  100.0	   81.1	    0.0	    0.0	    0.0	  100.0	   54.5	  0	  150.0	 1050.0	   81.1	    0.0	  100.0	1	  450.9	  1	    0.0	   -nan	
  766	  76.60	  372.4	    0.0	  131.8	 1169.2	  251.9	    0.0	    0.0	 1115.2	    0.0	    0.0	    0.0	  100.0	   80.7	    0.0	    0.0	    0.0	  100.0	   54.6	  0	  150.0	 1050.0	   80.7	    0.0	  100.0	1	  450.9	  1	    0.0	   -nan	
  767	  76.70	  372.4	    0.0	  131.8	 1183.9	  258.0	    0.0	    0.0	 1112.7	    0.0	    0.0	    0.0	  100.0	   80.2	    0.0	    0.0	    0.0	  100.0	   54.7	  0	  150.0	 1050.0	   80.2	    0.0	  100.0	1	  452.0	  1	    0.0	   -nan	
  768	  76.80	  372.4	    0.0	  130.7	 1207.2	  265.7	    0.0	    0.0	 1115.0	    0.0	    0.0	    0.0	  100.0	   79.8	    0.0	    0.0	    0.0	  100.0	   54.7	  0	  150.0	 1050.0	   79.8	    0.0	  100.0	1	  453.6	  1	    0.0	   -nan	
  769	  76.90	  372.4	    0.0	  128.6	 1207.2	  265.7	    0.0	    0.0	 1115.0	    0.0	    0.0	    0.0	  100.0	   79.4	    0.0	    0.0	    0.0	  100.0	   54.8	  0	  150.0	 1050.0	   79.4	    0.0	  100.0	1	  453.6	  1	    0.0	   -nan	
  770	  77.00	  372.4	    0.0	  128.1	 1223.0	  274.2	    0.0	    0.0	 1122.9	    0.0	    0.0	    0.0	  100.0	   79.0	    0.0	    0.0	    0.0	  100.0	   54.9	  0	  150.0	 1050.0	   79.0	    0.0	  100.0	1	  454.7	  1	    0.0	   -nan	
  771	  77.10	  372.4	    0.0	  125.2	 1223.0	  274.2	    0.0	    0.0	 1122.9	    0.0	    0.0	    0.0	  100.0	   78.6	    0.0	    0.0	    0.0	  100.0	   55.0	  0	  150.0	 1050.0	   78.6	    0.0	  100.0	1	  454.7	  1	    0.0	   -nan	
  772	  77.20	  372.4	    0.0	  122.4	 1247.9	  288.5	    0.0	    0.0	 1117.3	    0.0	    0.0	    0.0	  100.0	   78.2	    0.0	    0.0	    0.0	  100.0	   55.0	  0	  150.0	 1050.0	   78.2	    0.0	  100.0	1	  456.7	  1	    0.0	   -nan	
  773	  77.30	  372.4	    0.0	  106.3	 1247.9	  288.5	    0.0	    0.0	 1117.3	    0.0	    0.0	    0.0	  100.0	   77.8	    0.0	    0.0	    0.0	  100.0	   55.1	  0	  150.0	 1050.0	   77.8	    0.0	  100.0	1	  456.7	  1	    0.0	   -nan	
  774	  77.40	  372.4	    0.0	  -38.7	 1261.9	  300.4	    0.0	    0.0	 1114.8	    0.0	    0.0	    0.0	  100.0	   77.4	    0.0	    0.0	    0.0	  100.0	   55.2	  0	  150.0	 1050.0	   77.4	    0.0	  100.0	1	  458.0	  1	    0.0	   -nan	
  775	  77.50	  372.4	    0.0	  -46.2	 1261.9	  300.4	    0.0	    0.0	 1261.9	  300.4	    0.0	    0.0	  100.0	   77.0	    0.0	    0.0	    0.0	   99.9	   55.2	  0	  150.0	 1050.0	   77.0	    0.0	   99.9	1	  397.3	  1	    0.0	   -nan	
  776	  77.60	  372.4	    0.0	  -53.3	 1261.9	  300.4	    0.0	    0.0	 1261.9	  300.4	    0.0	    0.0	  100.0	   76.6	    0.0	    0.0	    0.0	   99.9	   55.3	  0	  150.0	 1050.0	   76.6	    0.0	   99.9	1	  397.3	  1	    0.0	   -nan	
  777	  77.70	  372.4	    0.0	  -53.3	 1261.9	  300.4	    0.0	    0.0	 1261.9	  300.4	    0.0	    0.0	  100.0	   76.2	    0.0	    0.0	    0.0	   99.9	   55.4	  0	  150.0	 1050.0	   76.2	    0.0	   99.9	1	  397.3	  1	    0.0	   -nan	
  778	  77.80	  372.4	    0.0	  -53.3	 1261.9	  300.4	    0.0	    0.0	 1261.9	  300.4	    0.0	    0.0	  100.0	   75.8	    0.0	    0.0	    0.0	   99.9	   55.5	  0	  150.0	 1050.0	   75.8	    0.0	   99.9	1	  397.3	  1	    0.0	   -nan	
  779	  77.90	  372.4	    0.0	  -53.3	 1261.9	  300.4	    0.0	    0.0	 1261.9	  300.4	    0.0	    0.0	  100.0	   75.4	    0.0	    0.0	    0.0	   99.9	   55.5	  0	  150.0	 1050.0	   75.4	    0.0	   99.9	1	  397.3	  1	    0.0	   -nan	
  780	  78.00	  372.4	    0.0	  -53.3	 1261.9	  300.4	    0.0	    0.0	 1261.9	  300.4	    0.0	    0.0	  100.0	   75.0	    0.0	    0.0	    0.0	   99.9	   55.6	  0	  150.0	 1050.0	   75.0	    0.0	   99.9	1	  397.3	  1	    0.0	   -nan	
  781	  78.10	  372.4	    0.0	  -53.3	 1255.9	  297.8	    0.0	    0.0	 1110.9	    0.0	    0.0	    0.0	  100.0	   74.7	    0.0	    0.0	    0.0	  100.0	   55.7	  0	  150.0	 1050.0	   74.7	    0.0	  100.0	1	  457.6	  1	    0.0	   -nan	
  782	  78.20	  372.4	    0.0	  -19.7	 1255.9	  297.8	    0.0	    0.0	 1110.9	    0.0	    0.0	    0.0	  100.0	   74.3	    0.0	    0.0	    0.0	  100.0	   55.7	  0	  150.0	 1050.0	   74.3	    0.0	  100.0	1	  457.6	  1	    0.0	   -nan	
  783	  78.30	  372.4	    0.0	  -19.7	 1255.9	  297.8	    0.0	    0.0	 1110.9	    0.0	    0.0	    0.0	  100.0	   73.9	    0.0	    0.0	    0.0	  100.0	   55.8	  0	  150.0	 1050.0	   73.9	    0.0	  100.0	1	  457.6	  1	    0.0	   -nan	
  784	  78.40	  372.4	    0.0	  -19.7	 1255.9	  297.8	    0.0	    0.0	 1110.9	    0.0	    0.0	    0.0	  100.0	   73.5	    0.0	    0.0	    0.0	  100.0	   55.9	  0	  150.0	 1050.0	   73.5	    0.0	  100.0	1	  457.6	  1	    0.0	   -nan	
  785	  78.50	  372.4	    0.0	  -19.7	 1255.9	  297.8	    0.0	    0.0	 1110.9	    0.0	    0.0	    0.0	  100.0	   73.1	    0.0	    0.0	    0.0	  100.0	   56.0	  0	  150.0	 1050.0	   73.1	    0.0	  100.0	1	  457.6	  1	    0.0	   -nan	
  786	  78.60	  372.4	    0.0	  -19.7	 1255.9	  297.8	    0.0	    0.0	 1110.9	    0.0	    0.0	    0.0	  100.0	   72.7	    0.0	    0.0	    0.0	  100.0	   56.0	  0	  150.0	 1050.0	   72.7	    0.0	  100.0	1	  457.6	  1	    0.0	   -nan	
  787	  78.70	  372.4	    0.0	  -19.7	 1255.9	  297.8	    0.0	    0.0	 1110.9	    0.0	    0.0	    0.0	  100.0	   72.3	    0.0	    0.0	    0.0	  100.0	   56.1	  0	  150.0	 1050.0	   72.3	    0.0	  100.0	1	  457.6	  1	    0.0	   -nan	
  788	  78.80	  372.4	    0.0	  -19.7	 1255.9	  297.8	    0.0	    0.0	 1110.9	    0.0	    0.0	    0.0	  100.0	   71.9	    0.0	    0.0	    0.0	  100.0	   56.2	  0	  150.0	 1050.0	   71.9	    0.0	  100.0	1	  457.6	  1	    0.0	   -nan	
  789	  78.90	  372.4	    0.0	  -19.7	 1255.9	  297.8	    0.0	    0.0	 1110.9	    0.0	    0.0	    0.0	  100.0	   71.5	    0.0	    0.0	    0.0	  100.0	   56.2	  0	  150.0	 1050.0	   71.5	    0.0	  100.0	1	  457.6	  1	    0.0	   -nan	
  790	  79.00	  372.4	    0.0	  -19.7	 1255.9	  297.8	    0.0	    0.0	 1110.9	    0.0	    0.0	    0.0	  100.0	   71.1	    0.0	    0.0	    0.0	  100.0	   56.3	  0	  150.0	 1050.0	   71.1	    0.0	  100.0	1	  457.6	  1	    0.0	   -nan	
  791	  79.10	  372.4	    0.0	  -19.7	 1255.9	  297.8	    0.0	    0.0	 1110.9	    0.0	    0.0	    0.0	  100.0	   70.7	    0.0	    0.0	    0.0	  100.0	   56.4	  0	  150.0	 1050.0	   70.7	    0.0	  100.0	1	  457.6	  1	    0.0	   -nan	
  792	  79.20	  372.4	    0.0	  -19.7	 1255.9	  297.8	    0.0	    0.0	 1110.9	    0.0	    0.0	    0.0	  100.0	   70.3	    0.0	    0.0	    0.0	  100.0	   56.5	  0	  150.0	 1050.0	   70.3	    0.0	  100.0	1	  457.6	  1	    0.0	   -nan	
  793	  79.30	  372.4	    0.0	  -19.7	 1255.9	  297.8	    0.0	    0.0	 1110.9	    0.0	    0.0	    0.0	  100.0	   69.9	    0.0	    0.0	    0.0	  100.0	   56.5	  0	  150.0	 1050.0	   69.9	    0.0	  100.0	1	  457.6	  1	    0.0	   -nan	
  794	  79.40	  372.4	    0.0	  -19.7	 1255.9	  297.8	    0.0	    0.0	 1110.9	    0.0	    0.0	    0.0	  100.0	   69.5	    0.0	    0.0	    0.0	  100.0	   56.6	  0	  150.0	 1050.0	   69.5	    0.0	  100.0	1	  457.6	  1	    0.0	   -nan	
  795	  79.50	  372.4	    0.0	  -19.7	 1255.9	  297.8	    0.0	    0.0	 1110.9	    0.0	    0.0	    0.0	  100.0	   69.1	    0.0	    0.0	    0.0	  100.0	   56.7	  0	  150.0	 1050.0	   69.1	    0.0	  100.0	1	  457.6	  1	    0.0	   -nan	
  796	  79.60	  372.4	    0.0	  -19.7	 1255.9	  297.8	    0.0	    0.0	 1110.9	    0.0	    0.0	    0.0	  100.0	   68.7	    0.0	    0.0	    0.0	  100.0	   56.7	  0	  150.0	 1050.0	   68.7	    0.0	  100.0	1	  457.6	  1	    0.0	   -nan	
  797	  79.70	  372.4	    0.0	  -19.7	 1255.9	  297.8	    0.0	    0.0	 1110.9	    0.0	    0.0	    0.0	  100.0	   68.3	    0.0	    0.0	    0.0	  100.0	   56.8	  0	  150.0	 1050.0	   68.3	    0.0	  100.0	1	  457.6	  1	    0.0	   -nan	
  798	  79.80	  372.4	    0.0	  -19.7	 1255.9	  297.8	    0.0	    0.0	 1110.9	    0.0	    0.0	    0.0	  100.0	   67.9	    0.0	    0.0	    0.0	  100.0	   56.9	  0	  150.0	 1050.0	   67.9	    0.0	  100.0	1	  457.6	  1	    0.0	   -nan	
  799	  79.90	  372.4	    0.0	  -19.7	 1255.9	  297.8	    0.0	    0.0	 1110.9	    0.0	    0.0	    0.0	  100.0	   67.5	    0.0	    0.0	    0.0	  100.0	   57.0	  0	  150.0	 1050.0	   67.5	    0.0	  100.0	1	  457.6	  1	    0.0	   -nan	
  800	  80.00	  372.4	    0.0	  -19.7	 1255.9	  297.8	    0.0	    0.0	 1110.9	    0.0	    0.0	    0.0	  100.0	   67.1	    0.0	    0.0	    0.0	  100.0	   57.0	  0	  150.0	 1050.0	   67.1	    0.0	  100.0	1	  457.6	  1	    0.0	   -nan	
  801	  80.10	  372.4	    0.0	  -19.7	 1255.9	  297.8	    0.0	    0.0	 1110.9	    0.0	    0.0	    0.0	  100.0	   66.7	    0.0	    0.0	    0.0	  100.0	   57.1	  0	  150.0	 1050.0	   66.7	    0.0	  100.0	1	  457.6	  1	    0.0	   -nan	
  802	  80.20	  372.4	    0.0	  -19.7	 1255.9	  297.8	    0.0	    0.0	 1110.9	    0.0	    0.0	    0.0	  100.0	   66.3	    0.0	    0.0	    0.0	  100.0	   57.2	  0	  150.0	 1050.0	   66.3	    0.0	  100.0	1	  457.6	  1	    0.0	   -nan	
  803	  80.30	  372.4	    0.0	  -19.7	 1255.9	  297.8	    0.0	    0.0	 1110.9	    0.0	    0.0	    0.0	  100.0	   65.9	    0.0	    0.0	    0.0	  100.0	   57.2	  0	  150.0	 1050.0	   65.9	    0.0	  100.0	1	  457.6	  1	    0.0	   -nan	
  804	  80.40	  372.4	    0.0	  -19.7	 1255.9	  297.8	    0.0	    0.0	 1110.9	    0.0	    0.0	    0.0	  100.0	   65.5	    0.0	    0.0	    0.0	  100.0	   57.3	  0	  150.0	 1050.0	   65.5	    0.0	  100.0	1	  457.6	  1	    0.0	   -nan	
  805	  80.50	  372.4	    0.0	  -19.7	 1255.9	  297.8	    0.0	    0.0	 1110.9	    0.0	    0.0	    0.0	  100.0	   65.1	    0.0	    0.0	    0.0	  100.0	   57.4	  0	  150.0	 1050.0	   65.1	    0.0	  100.0	1	  457.6	  1	    0.0	   -nan	
  806	  80.60	  372.4	    0.0	  -19.7	 1255.9	  297.8	    0.0	    0.0	 1110.9	    0.0	    0.0	    0.0	  100.0	   64.7	    0.0	    0.0	    0.0	  100.0	   57.5	  0	  150.0	 1050.0	   64.7	    0.0	  100.0	1	  457.6	  1	    0.0	   -nan	
  807	  80.70	  372.4	    0.0	  -19.7	 1255.9	  297.8	    0.0	    0.0	 1110.9	    0.0	    0.0	    0.0	  100.0	   64.3	    0.0	    0.0	    0.0	  100.0	   57.5	  0	  150.0	 1050.0	   64.3	    0.0	  100.0	1	  457.6	  1	    0.0	   -nan	
  808	  80.80	  372.4	    0.0	  -19.7	 1255.9	  297.8	    0.0	    0.0	 1110.9	    0.0	    0.0	    0.0	  100.0	   63.9	    0.0	    0.0	    0.0	  100.0	   57.6	  0	  150.0	 1050.0	   63.9	    0.0	  100.0	1	  457.6	  1	    0.0	   -nan	
  809	  80.90	  372.4	    0.0	  -19.7	 1255.9	  297.8	    0.0	    0.0	 1110.9	    0.0	    0.0	    0.0	  100.0	   63.5	    0.0	    0.0	    0.0	  100.0	   57.7	  0	  150.0	 1050.0	   63.5	    0.0	  100.0	1	  457.6	  1	    0.0	   -nan	
  810	  81.00	  372.4	    0.0	  -19.7	 1255.9	  297.8	    0.0	    0.0	 1110.9	    0.0	    0.0	    0.0	  100.0	   63.1	    0.0	    0.0	    0.0	  100.0	   57.7	  0	  150.0	 1050.0	   63.1	    0.0	  100.0	1	  457.6	  1	    0.0	   -nan	
  811	  81.10	  372.4	    0.0	  -19.7	 1255.9	  297.8	    0.0	    0.0	 1110.9	    0.0	    0.0	    0.0	  100.0	   62.7	    0.0	    0.0	    0.0	  100.0	   57.8	  0	  150.0	 1050.0	   62.7	    0.0	  100.0	1	  457.6	  1	    0.0	   -nan	
  812	  81.20	  372.4	    0.0	  -19.7	 1255.9	  297.8	    0.0	    0.0	 1110.9	    0.0	    0.0	    0.0	  100.0	   62.3	    0.0	    0.0	    0.0	  100.0	   57.9	  0	  150.0	 1050.0	   62.3	    0.0	  100.0	1	  457.6	  1	    0.0	   -nan	
  813	  81.30	  372.4	    0.0	  -19.7	 1255.9	  297.8	    0.0	    0.0	 1110.9	    0.0	    0.0	    0.0	  100.0	   61.9	    0.0	    0.0	    0.0	  100.0	   58.0	  0	  150.0	 1050.0	   61.9	    0.0	  100.0	1	  457.6	  1	    0.0	   -nan	
  814	  81.40	  372.4	    0.0	  -19.7	 1255.9	  297.8	    0.0	    0.0	 1110.9	    0.0	    0.0	    0.0	  100.0	   61.5	    0.0	    0.0	    0.0	  100.0	   58.0	  0	  150.0	 1050.0	   61.5	    0.0	  100.0	1	  457.6	  1	    0.0	   -nan	
  815	  81.50	  372.4	    0.0	  -19.7	 1255.9	  297.8	    0.0	    0.0	 1110.9	    0.0	    0.0	    0.0	  100.0	   61.2	    0.0	    0.0	    0.0	  100.0	   58.1	  0	  150.0	 1050.0	   61.2	    0.0	  100.0	1	  457.6	  1	    0.0	   -nan	
  816	  81.60	  372.4	    0.0	  -19.7	 1255.9	  297.8	    0.0	    0.0	 1110.9	    0.0	    0.0	    0.0	  100.0	   60.8	    0.0	    0.0	    0.0	  100.0	   58.2	  0	  150.0	 1050.0	   60.8	    0.0	  100.0	1	  457.6	  1	    0.0	   -nan	
  817	  81.70	  372.4	    0.0	  -19.7	 1255.9	  297.8	    0.0	    0.0	 1110.9	    0.0	    0.0	    0.0	  100.0	   60.4	    0.0	    0.0	    0.0	  100.0	   58.2	  0	  150.0	 1050.0	   60.4	    0.0	  100.0	1	  457.6	  1	    0.0	   -nan	
  818	  81.80	  372.4	    0.0	  -19.7	 1255.9	  297.8	    0.0	    0.0	 1110.9	    0.0	    0.0	    0.0	  100.0	   60.0	    0.0	    0.0	    0.0	  100.0	   58.3	  0	  150.0	 1050.0	   60.0	    0.0	  100.0	1	  457.6	  1	    0.0	   -nan	
  819	  81.90	  372.4	    0.0	  -19.7	 1255.9	  297.8	    0.0	    0.0	 1110.9	    0.0	    0.0	    0.0	  100.0	   59.6	    0.0	    0.0	    0.0	  100.0	   58.4	  0	  150.0	 1050.0	   59.6	    0.0	  100.0	1	  457.6	  1	    0.0	   -nan	
  820	  82.00	  372.4	    0.0	  -19.7	 1255.9	  297.8	    0.0	    0.0	 1110.9	    0.0	    0.0	    0.0	  100.0	   59.2	    0.0	    0.0	    0.0	  100.0	   58.5	  0	  150.0	 1050.0	   59.2	    0.0	  100.0	1	  457.6	  1	    0.0	   -nan	
  821	  82.10	  372.4	    0.0	  -19.7	 1255.9	  297.8	    0.0	    0.0	 1110.9	    0.0	    0.0	    0.0	  100.0	   58.8	    0.0	    0.0	    0.0	  100.0	   58.5	  0	  150.0	 1050.0	   58.8	    0.0	  100.0	1	  457.6	  1	    0.0	   -nan	
  822	  82.20	  372.4	    0.0	  -19.7	 1255.9	  297.8	    0.0	    0.0	 1110.9	    0.0	    0.0	    0.0	  100.0	   58.4	    0.0	    0.0	    0.0	  100.0	   58.6	  0	  150.0	 1050.0	   58.4	    0.0	  100.0	1	  457.6	  1	    0.0	   -nan	
  823	  82.30	  372.4	    0.0	  -19.7	 1255.9	  297.8	    0.0	    0.0	 1110.9	    0.0	    0.0	    0.0	  100.0	   58.0	    0.0	    0.0	    0.0	  100.0	   58.7	  0	  150.0	 1050.0	   58.0	    0.0	  100.0	1	  457.6	  1	    0.0	   -nan	
  824	  82.40	  372.4	    0.0	  -19.7	 1255.9	  297.8	    0.0	    0.0	 1110.9	    0.0	    0.0	    0.0	  100.0	   57.6	    0.0	    0.0	    0.0	  100.0	   58.7	  0	  150.0	 1050.0	   57.6	    0.0	  100.0	1	  457.6	  1	    0.0	   -nan	
  825	  82.50	  372.4	    0.0	  -19.7	 1042.8	    0.0	    0.0	    0.0	 1208.8	  296.9	    0.0	    0.0	  100.0	   57.1	    0.0	    0.0	    0.0	   99.8	   58.8	  0	  150.0	 1050.0	   57.1	    0.0	   99.8	1	  397.3	  1	    0.0	   -nan	
  826	  82.60	  372.4	    0.0	 -128.3	 1042.8	    0.0	    0.0	    0.0	 1208.8	  296.9	    0.0	    0.0	  100.0	   56.7	    0.0	    0.0	    0.0	   99.7	   58.9	  0	  150.0	 1050.0	   56.7	    0.0	   99.7	1	  397.3	  1	    0.0	   -nan	
  827	  82.70	  372.4	    0.0	  171.0	 1044.3	    0.0	    0.0	    0.0	 1202.0	  291.9	    0.0	    0.0	  100.0	   56.2	    0.0	    0.0	    0.0	   99.7	   59.0	  0	  150.0	 1050.0	   56.2	    0.0	   99.7	1	  397.3	  1	    0.0	   -nan	
  828	  82.80	  372.4	    0.0	  155.3	 1044.3	    0.0	    0.0	    0.0	 1202.0	  291.9	    0.0	    0.0	  100.0	   55.8	    0.0	    0.0	    0.0	   99.6	   59.0	  0	  150.0	 1050.0	   55.8	    0.0	   99.6	1	  397.3	  1	    0.0	   -nan	
  829	  82.90	  372.4	    0.0	  154.5	 1044.3	    0.0	    0.0	    0.0	 1202.0	  291.9	    0.0	    0.0	  100.0	   55.3	    0.0	    0.0	    0.0	   99.5	   59.1	  0	  150.0	 1050.0	   55.3	    0.0	   99.5	1	  397.3	  1	    0.0	   -nan	
  830	  83.00	  372.4	    0.0	  154.4	 1046.7	    0.0	    0.0	    0.0	 1214.9	  303.5	    0.0	    0.0	  100.0	   54.9	    0.0	    0.0	    0.0	   99.4	   59.2	  0	  150.0	 1050.0	   54.9	    0.0	   99.4	1	  397.3	  1	    0.0	   -nan	
  831	  83.10	  372.4	    0.0	  154.4	 1046.7	    0.0	    0.0	    0.0	 1214.9	  303.5	    0.0	    0.0	  100.0	   54.4	    0.0	    0.0	    0.0	   99.4	   59.2	  0	  150.0	 1050.0	   54.4	    0.0	   99.4	1	  397.3	  1	    0.0	   -nan	
  832	  83.20	  372.4	    0.0	  154.4	 1045.1	    0.0	    0.0	    0.0	 1221.6	  312.5	    0.0	    0.0	  100.0	   54.0	    0.0	    0.0	    0.0	   99.3	   59.3	  0	  150.0	 1050.0	   54.0	    0.0	   99.3	1	  397.3	  1	    0.0	   -nan	
  833	  83.30	  372.4	    0.0	  154.4	 1045.1	    0.0	    0.0	    0.0	 1221.6	  312.5	    0.0	    0.0	  100.0	   53.6	    0.0	    0.0	    0.0	   99.2	   59.4	  0	  150.0	 1050.0	   53.6	    0.0	   99.2	1	  397.3	  1	    0.0	   -nan	
  834	  83.40	  372.4	    0.0	  154.4	 1044.2	    0.0	    0.0	    0.0	 1125.5	  271.7	    0.0	    0.0	  100.0	   53.1	    0.0	    0.0	    0.0	  100.0	   59.5	  0	  150.0	 1050.0	   53.1	    0.0	  100.0	1	  397.3	  1	    0.0	   -nan	
  835	  83.50	  372.4	    0.0	  154.4	 1044.2	    0.0	    0.0	    0.0	 1125.5	  271.7	    0.0	    0.0	  100.0	   52.7	    0.0	    0.0	    0.0	  100.0	   59.5	  0	  150.0	 1050.0	   52.7	    0.0	  100.0	1	  397.3	  1	    0.0	   -nan	
  836	  83.60	  372.4	    0.0	  154.4	 1044.2	    0.0	    0.0	    0.0	 1125.5	  271.7	    0.0	    0.0	  100.0	   52.2	    0.0	    0.0	    0.0	   99.9	   59.6	  0	  150.0	 1050.0	   52.2	    0.0	   99.9	1	  397.3	  1	    0.0	   -nan	
  837	  83.70	  372.4	    0.0	  154.4	 1045.9	    0.0	    0.0	    0.0	 1079.7	  252.1	    0.0	    0.0	  100.0	   51.8	    0.0	    0.0	    0.0	   99.9	   59.7	  0	  150.0	 1050.0	   51.8	    0.0	   99.9	1	  397.3	  1	    0.0	   -nan	
  838	  83.80	  372.4	    0.0	  154.4	 1045.9	    0.0	    0.0	    0.0	 1079.7	  252.1	    0.0	    0.0	  100.0	   51.3	    0.0	    0.0	    0.0	   99.9	   59.7	  0	  150.0	 1050.0	   51.3	    0.0	   99.9	1	  397.3	  1	    0.0	   -nan	
  839	  83.90	  372.4	    0.0	  154.4	 1046.3	    0.0	    0.0	    0.0	 1072.5	  245.4	    0.0	    0.0	  100.0	   50.9	    0.0	    0.0	    0.0	   99.8	   59.8	  0	  150.0	 1050.0	   50.9	    0.0	   99.8	1	  397.3	  1	    0.0	   -nan	
  840	  84.00	  372.4	    0.0	  154.4	 1046.3	    0.0	    0.0	    0.0	 1072.5	  245.4	    0.0	    0.0	  100.0	   50.4	    0.0	    0.0	    0.0	   99.8	   59.9	  0	  150.0	 1050.0	   50.4	    0.0	   99.8	1	  397.3	  1	    0.0	   -nan	
  841	  84.10	  372.4	    0.0	  154.4	 1045.7	    0.0	    0.0	    0.0	 1054.6	  237.1	    0.0	    0.0	  100.0	   50.0	    0.0	    0.0	    0.0	   99.8	   60.0	  0	  150.0	 1050.0	   50.0	    0.0	   99.8	1	  397.3	  1	    0.0	   -nan	
  842	  84.20	  372.4	    0.0	  154.4	 1045.7	    0.0	    0.0	    0.0	 1054.6	  237.1	    0.0	    0.0	  100.0	   49.6	    0.0	    0.0	    0.0	   99.8	   60.0	  0	  150.0	 1050.0	   49.6	    0.0	   99.8	1	  397.3	  1	    0.0	   -nan	
  843	  84.30	  372.4	    0.0	  154.4	 1045.7	    0.0	    0.0	    0.0	 1054.6	  237.1	    0.0	    0.0	  100.0	   49.1	    0.0	    0.0	    0.0	   99.8	   60.1	  0	  150.0	 1050.0	   49.1	    0.0	   99.8	1	  397.3	  1	    0.0	   -nan	
  844	  84.40	  372.4	    0.0	  154.5	 1045.7	    0.0	    0.0	    0.0	 1054.6	  237.1	    0.0	    0.0	  100.0	   48.7	    0.0	    0.0	    0.0	   99.7	   60.2	  0	  150.0	 1050.0	   48.7	    0.0	   99.7	1	  397.3	  1	    0.0	   -nan	
  845	  84.50	  372.4	    0.0	  154.6	 1045.7	    0.0	    0.0	    0.0	 1054.6	  237.1	    0.0	    0.0	  100.0	   48.2	    0.0	    0.0	    0.0	   99.7	   60.2	  0	  150.0	 1050.0	   48.2	    0.0	   99.7	1	  397.3	  1	    0.0	   -nan	
  846	  84.60	  372.4	    0.0	  155.2	 1045.7	    0.0	    0.0	    0.0	 1054.6	  237.1	    0.0	    0.0	  100.0	   47.8	    0.0	    0.0	    0.0	   99.7	   60.3	  0	  150.0	 1050.0	   47.8	    0.0	   99.7	1	  397.3	  1	    0.0	   -nan	
  847	  84.70	  372.4	    0.0	 -154.7	 1045.7	    0.0	    0.0	    0.0	 1054.6	  237.1	    0.0	    0.0	  100.0	   47.3	    0.0	    0.0	    0.0	   99.7	   60.4	  0	  150.0	 1050.0	   47.3	    0.0	   99.7	1	  397.3	  1	    0.0	   -nan	
  848	  84.80	  372.4	    0.0	  -29.0	 1043.2	    0.0	    0.0	    0.0	 1063.6	  244.5	    0.0	    0.0	  100.0	   46.9	    0.0	    0.0	    0.0	   99.7	   60.5	  0	  150.0	 1050.0	   46.9	    0.0	   99.7	1	  397.3	  1	    0.0	   -nan	
  849	  84.90	  372.4	    0.0	  -28.9	 1043.2	    0.0	    0.0	    0.0	 1063.6	  244.5	    0.0	    0.0	  100.0	   46.4	    0.0	    0.0	    0.0	   99.6	   60.5	  0	  150.0	 1050.0	   46.4	    0.0	   99.6	1	  397.3	  1	    0.0	   -nan	
  850	  85.00	  372.4	    0.0	  -28.9	 1043.2	    0.0	    0.0	    0.0	 1063.6	  244.5	    0.0	    0.0	  100.0	   46.0	    0.0	    0.0	    0.0	   99.6	   60.6	  0	  150.0	 1050.0	   46.0	    0.0	   99.6	1	  397.3	  1	    0.0	   -nan	
  851	  85.10	  372.4	    0.0	  -28.9	 1043.2	    0.0	    0.0	    0.0	 1063.6	  244.5	    0.0	    0.0	  100.0	   45.5	    0.0	    0.0	    0.0	   99.6	   60.7	  0	  150.0	 1050.0	   45.5	    0.0	   99.6	1	  397.3	  1	    0.0	   -nan	
  852	  85.20	  372.4	    0.0	  -28.9	 1043.2	    0.0	    0.0	    0.0	 1063.6	  244.5	    0.0	    0.0	  100.0	   45.1	    0.0	    0.0	    0.0	   99.6	   60.7	  0	  150.0	 1050.0	   45.1	    0.0	   99.6	1	  397.3	  1	    0.0	   -nan	
  853	  85.30	  372.4	    0.0	  -28.9	 1043.2	    0.0	    0.0	    0.0	 1063.6	  244.5	    0.0	    0.0	  100.0	   44.7	    0.0	    0.0	    0.0	   99.6	   60.8	  0	  150.0	 1050.0	   44.7	    0.0	   99.6	1	  397.3	  1	    0.0	   -nan	
  854	  85.40	  372.4	    0.0	  -28.9	 1043.2	    0.0	    0.0	    0.0	 1063.6	  244.5	    0.0	    0.0	  100.0	   44.2	    0.0	    0.0	    0.0	   99.5	   60.9	  0	  150.0	 1050.0	   44.2	    0.0	   99.5	1	  397.3	  1	    0.0	   -nan	
  855	  85.50	  372.4	    0.0	  -28.9	 1043.2	    0.0	    0.0	    0.0	 1063.6	  244.5	    0.0	    0.0	  100.0	   43.8	    0.0	    0.0	    0.0	   99.5	   61.0	  0	  150.0	 1050.0	   43.8	    0.0	   99.5	1	  397.3	  1	    0.0	   -nan	
  856	  85.60	  372.4	    0.0	  -28.9	 1043.2	    0.0	    0.0	    0.0	 1063.6	  244.5	    0.0	    0.0	  100.0	   43.3	    0.0	    0.0	    0.0	   99.5	   61.0	  0	  150.0	 1050.0	   43.3	    0.0	   99.5	1	  397.3	  1	    0.0	   -nan	
  857	  85.70	  372.4	    0.0	  -28.9	 1043.2	    0.0	    0.0	    0.0	 1063.6	  244.5	    0.0	    0.0	  100.0	   42.9	    0.0	    0.0	    0.0	   99.5	   61.1	  0	  150.0	 1050.0	   42.9	    0.0	   99.5	1	  397.3	  1	    0.0	   -nan	
  858	  85.80	  372.4	    0.0	  -28.9	 1043.2	    0.0	    0.0	    0.0	 1063.6	  244.5	    0.0	    0.0	  100.0	   42.4	    0.0	    0.0	    0.0	   99.5	   61.2	  0	  150.0	 1050.0	   42.4	    0.0	   99.5	1	  397.3	  1	    0.0	   -nan	
  859	  85.90	  372.4	    0.0	  -28.9	 1043.2	    0.0	    0.0	    0.0	 1063.6	  244.5	    0.0	    0.0	  100.0	   42.0	    0.0	    0.0	    0.0	   99.4	   61.2	  0	  150.0	 1050.0	   42.0	    0.0	   99.4	1	  397.3	  1	    0.0	   -nan	
  860	  86.00	  372.4	    0.0	  -28.9	 1043.2	    0.0	    0.0	    0.0	 1063.6	  244.5	    0.0	    0.0	  100.0	   41.5	    0.0	    0.0	    0.0	   99.4	   61.3	  0	  150.0	 1050.0	   41.5	    0.0	   99.4	1	  397.3	  1	    0.0	   -nan	
  861	  86.10	  372.4	    0.0	  -28.9	 1043.2	    0.0	    0.0	    0.0	 1063.6	  244.5	    0.0	    0.0	  100.0	   41.1	    0.0	    0.0	    0.0	   99.4	   61.4	  0	  150.0	 1050.0	   41.1	    0.0	   99.4	1	  397.3	  1	    0.0	   -nan	
  862	  86.20	  372.4	    0.0	  -28.9	 1043.2	    0.0	    0.0	    0.0	 1063.6	  244.5	    0.0	    0.0	  100.0	   40.6	    0.0	    0.0	    0.0	   99.4	   61.5	  0	  150.0	 1050.0	   40.6	    0.0	   99.4	1	  397.3	  1	    0.0	   -nan	
  863	  86.30	  372.4	    0.0	  -28.9	 1113.0	  283.4	    0.0	    0.0	 1040.2	    0.0	    0.0	    0.0	  100.0	   43.8	    0.0	    0.0	    0.0	  100.0	   61.5	  0	  150.0	 1050.0	   43.8	    0.0	  100.0	1	  452.1	  1	    0.0	   -nan	
  864	  86.40	  372.4	    0.0	   41.8	 1113.0	  283.4	    0.0	    0.0	 1040.2	    0.0	    0.0	    0.0	  100.0	   43.3	    0.0	    0.0	    0.0	  100.0	   61.6	  0	  150.0	 1050.0	   43.3	    0.0	  100.0	1	  452.1	  1	    0.0	   -nan	
  865	  86.50	  372.4	    0.0	   94.9	 1113.0	  283.4	    0.0	    0.0	 1040.2	    0.0	    0.0	    0.0	  100.0	   42.9	    0.0	    0.0	    0.0	  100.0	   61.7	  0	  150.0	 1050.0	   42.9	    0.0	  100.0	1	  452.1	  1	    0.0	   -nan	
  866	  86.60	  372.4	    0.0	  129.6	 1113.0	  283.4	    0.0	    0.0	 1040.2	    0.0	    0.0	    0.0	  100.0	   42.5	    0.0	    0.0	    0.0	  100.0	   61.7	  0	  150.0	 1050.0	   42.5	    0.0	  100.0	1	  452.1	  1	    0.0	   -nan	
  867	  86.70	  372.4	    0.0	  131.6	 1113.0	  283.4	    0.0	    0.0	 1040.2	    0.0	    0.0	    0.0	  100.0	   42.1	    0.0	    0.0	    0.0	  100.0	   61.8	  0	  150.0	 1050.0	   42.1	    0.0	  100.0	1	  452.1	  1	    0.0	   -nan	
  868	  86.80	  372.4	    0.0	  131.7	 1234.4	  359.3	    0.0	    0.0	 1059.7	    0.0	    0.0	    0.0	  100.0	   43.6	    0.0	    0.0	    0.0	  100.0	   61.9	  0	  150.0	 1050.0	   43.6	    0.0	  100.0	1	  460.0	  1	    0.0	   -nan	
  869	  86.90	  372.4	    0.0	  126.3	 1234.4	  359.3	    0.0	    0.0	 1059.7	    0.0	    0.0	    0.0	  100.0	   43.2	    0.0	    0.0	    0.0	  100.0	   62.0	  0	  150.0	 1050.0	   43.2	    0.0	  100.0	1	  460.0	  1	    0.0	   -nan	
  870	  87.00	  372.4	    0.0	  125.5	 1234.4	  359.3	    0.0	    0.0	 1059.7	    0.0	    0.0	    0.0	  100.0	   42.8	    0.0	    0.0	    0.0	  100.0	   62.0	  0	  150.0	 1050.0	   42.8	    0.0	  100.0	1	  460.0	  1	    0.0	   -nan	
  871	  87.10	  372.4	    0.0	  125.3	 1234.4	  359.3	    0.0	    0.0	 1063.4	    0.0	    0.0	    0.0	  100.0	   42.4	    0.0	    0.0	    0.0	  100.0	   62.1	  0	  150.0	 1050.0	   42.4	    0.0	  100.0	1	  460.0	  1	    0.0	   -nan	
  872	  87.20	  372.4	    0.0	  125.3	 1234.4	  359.3	    0.0	    0.0	 1063.4	    0.0	    0.0	    0.0	  100.0	   42.0	    0.0	    0.0	    0.0	  100.0	   62.2	  0	  150.0	 1050.0	   42.0	    0.0	  100.0	1	  460.0	  1	    0.0	   -nan	
  873	  87.30	  372.4	    0.0	  125.2	 1234.4	  359.3	    0.0	    0.0	 1063.4	    0.0	    0.0	    0.0	  100.0	   41.6	    0.0	    0.0	    0.0	  100.0	   62.2	  0	  150.0	 1050.0	   41.6	    0.0	  100.0	1	  460.0	  1	    0.0	   -nan	
  874	  87.40	  372.4	    0.0	  125.2	 1234.4	  359.3	    0.0	    0.0	 1059.4	    0.0	    0.0	    0.0	  100.0	   41.2	    0.0	    0.0	    0.0	  100.0	   62.3	  0	  150.0	 1050.0	   41.2	    0.0	  100.0	1	  460.0	  1	    0.0	   -nan	
  875	  87.50	  372.4	    0.0	  125.2	 1234.4	  359.3	    0.0	    0.0	 1059.4	    0.0	    0.0	    0.0	  100.0	   40.8	    0.0	    0.0	    0.0	  100.0	   62.4	  0	  150.0	 1050.0	   40.8	    0.0	  100.0	1	  460.0	  1	    0.0	   -nan	
  876	  87.60	  372.4	    0.0	  125.2	 1234.4	  359.3	    0.0	    0.0	 1051.7	    0.0	    0.0	    0.0	  100.0	   40.4	    0.0	    0.0	    0.0	  100.0	   62.5	  0	  150.0	 1050.0	   40.4	    0.0	  100.0	1	  460.1	  1	    0.0	   -nan	
  877	  87.70	  372.4	    0.0	  125.0	 1234.4	  359.3	    0.0	    0.0	 1051.7	    0.0	    0.0	    0.0	  100.0	   40.0	    0.0	    0.0	    0.0	  100.0	   62.5	  0	  150.0	 1050.0	   40.0	    0.0	  100.0	1	  460.1	  1	    0.0	   -nan	
  878	  87.80	  372.4	    0.0	  124.6	 1234.4	  359.3	    0.0	    0.0	 1045.3	    0.0	    0.0	    0.0	  100.0	   39.6	    0.0	    0.0	    0.0	  100.0	   62.6	  0	  150.0	 1050.0	   39.6	    0.0	  100.0	1	  460.2	  1	    0.0	   -nan	
  879	  87.90	  372.4	    0.0	  123.4	 1234.4	  359.3	    0.0	    0.0	 1045.3	    0.0	    0.0	    0.0	  100.0	   39.2	    0.0	    0.0	    0.0	  100.0	   62.7	  0	  150.0	 1050.0	   39.2	    0.0	  100.0	1	  460.2	  1	    0.0	   -nan	
  880	  88.00	  372.4	    0.0	  113.3	 1234.4	  359.3	    0.0	    0.0	 1045.3	    0.0	    0.0	    0.0	  100.0	   38.8	    0.0	    0.0	    0.0	  100.0	   62.7	  0	  150.0	 1050.0	   38.8	    0.0	  100.0	1	  460.2	  1	    0.0	   -nan	
  881	  88.10	  372.4	    0.0	  -46.7	 1234.4	  359.3	    0.0	    0.0	 1045.3	    0.0	    0.0	    0.0	  100.0	   38.4	    0.0	    0.0	    0.0	  100.0	   62.8	  0	  150.0	 1050.0	   38.4	    0.0	  100.0	1	  460.2	  1	    0.0	   -nan	
  882	  88.20	  372.4	    0.0	  -48.1	 1234.4	  359.3	    0.0	    0.0	 1045.3	    0.0	    0.0	    0.0	  100.0	   38.0	    0.0	    0.0	    0.0	  100.0	   62.9	  0	  150.0	 1050.0	   38.0	    0.0	  100.0	1	  460.2	  1	    0.0	   -nan	
  883	  88.30	  372.4	    0.0	  -48.1	 1234.4	  359.3	    0.0	    0.0	 1045.3	    0.0	    0.0	    0.0	  100.0	   37.6	    0.0	    0.0	    0.0	  100.0	   63.0	  0	  150.0	 1050.0	   37.6	    0.0	  100.0	1	  460.2	  1	    0.0	   -nan	
  884	  88.40	  372.4	    0.0	  -48.1	 1234.4	  359.3	    0.0	    0.0	 1045.3	    0.0	    0.0	    0.0	  100.0	   37.2	    0.0	    0.0	    0.0	  100.0	   63.0	  0	  150.0	 1050.0	   37.2	    0.0	  100.0	1	  460.2	  1	    0.0	   -nan	
  885	  88.50	  372.4	    0.0	  -48.1	 1234.4	  359.3	    0.0	    0.0	 1045.3	    0.0	    0.0	    0.0	  100.0	   36.8	    0.0	    0.0	    0.0	  100.0	   63.1	  0	  150.0	 1050.0	   36.8	    0.0	  100.0	1	  460.2	  1	    0.0	   -nan	
  886	  88.60	  372.4	    0.0	  -48.1	 1234.4	  359.3	    0.0	    0.0	 1045.3	    0.0	    0.0	    0.0	  100.0	   36.4	    0.0	    0.0	    0.0	  100.0	   63.2	  0	  150.0	 1050.0	   36.4	    0.0	  100.0	1	  460.2	  1	    0.0	   -nan	
  887	  88.70	  372.4	    0.0	  -48.1	 1234.4	  359.3	    0.0	    0.0	 1045.3	    0.0	    0.0	    0.0	  100.0	   36.0	    0.0	    0.0	    0.0	  100.0	   63.2	  0	  150.0	 1050.0	   36.0	    0.0	  100.0	1	  460.2	  1	    0.0	   -nan	
  888	  88.80	  372.4	    0.0	  -48.1	 1234.4	  359.3	    0.0	    0.0	 1045.3	    0.0	    0.0	    0.0	  100.0	   35.6	    0.0	    0.0	    0.0	  100.0	   63.3	  0	  150.0	 1050.0	   35.6	    0.0	  100.0	1	  460.2	  1	    0.0	   -nan	
  889	  88.90	  372.4	    0.0	  -48.1	 1234.4	  359.3	    0.0	    0.0	 1045.3	    0.0	    0.0	    0.0	  100.0	   35.2	    0.0	    0.0	    0.0	  100.0	   63.4	  0	  150.0	 1050.0	   35.2	    0.0	  100.0	1	  460.2	  1	    0.0	   -nan	
  890	  89.00	  372.4	    0.0	  -48.1	 1234.4	  359.3	    0.0	    0.0	 1045.3	    0.0	    0.0	    0.0	  100.0	   34.8	    0.0	    0.0	    0.0	  100.0	   63.5	  0	  150.0	 1050.0	   34.8	    0.0	  100.0	1	  460.2	  1	    0.0	   -nan	
  891	  89.10	  372.4	    0.0	  -48.1	 1234.4	  359.3	    0.0	    0.0	 1045.3	    0.0	    0.0	    0.0	  100.0	   34.4	    0.0	    0.0	    0.0	  100.0	   63.5	  0	  150.0	 1050.0	   34.4	    0.0	  100.0	1	  460.2	  1	    0.0	   -nan	
  892	  89.20	  372.4	    0.0	  -48.1	 1234.4	  359.3	    0.0	    0.0	 1045.3	    0.0	    0.0	    0.0	  100.0	   34.0	    0.0	    0.0	    0.0	  100.0	   63.6	  0	  150.0	 1050.0	   34.0	    0.0	  100.0	1	  460.2	  1	    0.0	   -nan	
  893	  89.30	  372.4	    0.0	  -48.1	 1234.4	  359.3	    0.0	    0.0	 1045.3	    0.0	    0.0	    0.0	  100.0	   33.6	    0.0	    0.0	    0.0	  100.0	   63.7	  0	  150.0	 1050.0	   33.6	    0.0	  100.0	1	  460.2	  1	    0.0	   -nan	
  894	  89.40	  372.4	    0.0	  -48.1	 1234.4	  359.3	    0.0	    0.0	 1045.3	    0.0	    0.0	    0.0	  100.0	   33.2	    0.0	    0.0	    0.0	  100.0	   63.7	  0	  150.0	 1050.0	   33.2	    0.0	  100.0	1	  460.2	  1	    0.0	   -nan	
  895	  89.50	  372.4	    0.0	  -48.1	 1234.4	  359.3	    0.0	    0.0	 1045.3	    0.0	    0.0	    0.0	  100.0	   32.8	    0.0	    0.0	    0.0	  100.0	   63.8	  0	  150.0	 1050.0	   32.8	    0.0	  100.0	1	  460.2	  1	    0.0	   -nan	
  896	  89.60	  372.4	    0.0	  -48.1	 1234.4	  359.3	    0.0	    0.0	 1045.3	    0.0	    0.0	    0.0	  100.0	   32.4	    0.0	    0.0	    0.0	  100.0	   63.9	  0	  150.0	 1050.0	   32.4	    0.0	  100.0	1	  460.2	  1	    0.0	   -nan	
  897	  89.70	  372.4	    0.0	  -48.1	 1234.4	  359.3	    0.0	    0.0	 1045.3	    0.0	    0.0	    0.0	  100.0	   32.1	    0.0	    0.0	    0.0	  100.0	   64.0	  0	  150.0	 1050.0	   32.1	    0.0	  100.0	1	  460.2	  1	    0.0	   -nan	
  898	  89.80	  372.4	    0.0	  -48.1	 1234.4	  359.3	    0.0	    0.0	 1045.3	    0.0	    0.0	    0.0	  100.0	   31.7	    0.0	    0.0	    0.0	  100.0	   64.0	  0	  150.0	 1050.0	   31.7	    0.0	  100.0	1	  460.2	  1	    0.0	   -nan	
  899	  89.90	  372.4	    0.0	  -48.1	 1234.4	  359.3	    0.0	    0.0	 1045.3	    0.0	    0.0	    0.0	  100.0	   31.3	    0.0	    0.0	    0.0	  100.0	   64.1	  0	  150.0	 1050.0	   31.3	    0.0	  100.0	1	  460.2	  1	    0.0	   -nan	
  900	  90.00	  372.4	    0.0	  -48.1	 1234.4	  359.3	    0.0	    0.0	 1045.3	    0.0	    0.0	    0.0	  100.0	   30.9	    0.0	    0.0	    0.0	  100.0	   64.2	  0	  150.0	 1050.0	   30.9	    0.0	  100.0	1	  460.2	  1	    0.0	   -nan	
  901	  90.10	  372.4	    0.0	  -48.1	 1234.4	  359.3	    0.0	    0.0	 1045.3	    0.0	    0.0	    0.0	  100.0	   30.5	    0.0	    0.0	    0.0	  100.0	   64.2	  0	  150.0	 1050.0	   30.5	    0.0	  100.0	1	  460.2	  1	    0.0	   -nan	
  902	  90.20	  372.4	    0.0	  -48.1	 1234.4	  359.3	    0.0	    0.0	 1045.3	    0.0	    0.0	    0.0	  100.0	   30.1	    0.0	    0.0	    0.0	  100.0	   64.3	  0	  150.0	 1050.0	   30.1	    0.0	  100.0	1	  460.2	  1	    0.0	   -nan	
  903	  90.30	  372.4	    0.0	  -48.1	 1234.4	  359.3	    0.0	    0.0	 1045.3	    0.0	    0.0	    0.0	  100.0	   29.7	    0.0	    0.0	    0.0	  100.0	   64.4	  0	  150.0	 1050.0	   29.7	    0.0	  100.0	1	  460.2	  1	    0.0	   -nan	
  904	  90.40	  372.4	    0.0	  -48.1	 1234.4	  359.3	    0.0	    0.0	 1045.3	    0.0	    0.0	    0.0	  100.0	   29.3	    0.0	    0.0	    0.0	  100.0	   64.5	  0	  150.0	 1050.0	   29.3	    0.0	  100.0	1	  460.2	  1	    0.0	   -nan	
  905	  90.50	  372.4	    0.0	  -48.1	 1234.4	  359.3	    0.0	    0.0	 1045.3	    0.0	    0.0	    0.0	  100.0	   28.9	    0.0	    0.0	    0.0	  100.0	   64.5	  0	  150.0	 1050.0	   28.9	    0.0	  100.0	1	  460.2	  1	    0.0	   -nan	
  906	  90.60	  372.4	    0.0	  -48.1	 1234.4	  359.3	    0.0	    0.0	 1045.3	    0.0	    0.0	    0.0	  100.0	   28.5	    0.0	    0.0	    0.0	  100.0	   64.6	  0	  150.0	 1050.0	   28.5	    0.0	  100.0	1	  460.2	  1	    0.0	   -nan	
  907	  90.70	  372.4	    0.0	  -48.1	 1234.4	  359.3	    0.0	    0.0	 1045.3	    0.0	    0.0	    0.0	  100.0	   28.1	    0.0	    0.0	    0.0	  100.0	   64.7	  0	  150.0	 1050.0	   28.1	    0.0	  100.0	1	  460.2	  1	    0.0	   -nan	
  908	  90.80	  372.4	    0.0	  -48.1	 1234.4	  359.3	    0.0	    0.0	 1045.3	    0.0	    0.0	    0.0	  100.0	   27.7	    0.0	    0.0	    0.0	  100.0	   64.7	  0	  150.0	 1050.0	   27.7	    0.0	  100.0	1	  460.2	  1	    0.0	   -nan	
  909	  90.90	  372.4	    0.0	  -48.1	 1234.4	  359.3	    0.0	    0.0	 1045.3	    0.0	    0.0	    0.0	  100.0	   27.3	    0.0	    0.0	    0.0	  100.0	   64.8	  0	  150.0	 1050.0	   27.3	    0.0	  100.0	1	  460.2	  1	    0.0	   -nan	
  910	  91.00	  372.4	    0.0	  -48.1	 1234.4	  359.3	    0.0	    0.0	 1045.3	    0.0	    0.0	    0.0	  100.0	   26.9	    0.0	    0.0	    0.0	  100.0	   64.9	  0	  150.0	 1050.0	   26.9	    0.0	  100.0	1	  460.2	  1	    0.0	   -nan	
  911	  91.10	  372.4	    0.0	  -48.1	 1234.4	  359.3	    0.0	    0.0	 1045.3	    0.0	    0.0	    0.0	  100.0	   26.5	    0.0	    0.0	    0.0	  100.0	   65.0	  0	  150.0	 1050.0	   26.5	    0.0	  100.0	1	  460.2	  1	    0.0	   -nan	
  912	  91.20	  372.4	    0.0	  -48.1	 1234.4	  359.3	    0.0	    0.0	 1045.3	    0.0	    0.0	    0.0	  100.0	   26.1	    0.0	    0.0	    0.0	  100.0	   65.0	  0	  150.0	 1050.0	   26.1	    0.0	  100.0	1	  460.2	  1	    0.0	   -nan	
  913	  91.30	  372.4	    0.0	  -48.1	 1234.4	  359.3	    0.0	    0.0	 1045.3	    0.0	    0.0	    0.0	  100.0	   25.7	    0.0	    0.0	    0.0	  100.0	   65.1	  0	  150.0	 1050.0	   25.7	    0.0	  100.0	1	  460.2	  1	    0.0	   -nan	
  914	  91.40	  372.4	    0.0	  -48.1	 1234.4	  359.3	    0.0	    0.0	 1045.3	    0.0	    0.0	    0.0	  100.0	   25.3	    0.0	    0.0	    0.0	  100.0	   65.2	  0	  150.0	 1050.0	   25.3	    0.0	  100.0	1	  460.2	  1	    0.0	   -nan	
  915	  91.50	  372.4	    0.0	  -48.1	 1234.4	  359.3	    0.0	    0.0	 1045.3	    0.0	    0.0	    0.0	  100.0	   24.9	    0.0	    0.0	    0.0	  100.0	   65.2	  0	  150.0	 1050.0	   24.9	    0.0	  100.0	1	  460.2	  1	    0.0	   -nan	
  916	  91.60	  372.4	    0.0	  -48.1	 1234.4	  359.3	    0.0	    0.0	 1045.3	    0.0	    0.0	    0.0	  100.0	   24.5	    0.0	    0.0	    0.0	  100.0	   65.3	  0	  150.0	 1050.0	   24.5	    0.0	  100.0	1	  460.2	  1	    0.0	   -nan	
  917	  91.70	  372.4	    0.0	  -48.1	 1234.4	  359.3	    0.0	    0.0	 1045.3	    0.0	    0.0	    0.0	  100.0	   24.1	    0.0	    0.0	    0.0	  100.0	   65.4	  0	  150.0	 1050.0	   24.1	    0.0	  100.0	1	  460.2	  1	    0.0	   -nan	
  918	  91.80	  372.4	    0.0	  -48.1	 1234.4	  359.3	    0.0	    0.0	 1045.3	    0.0	    0.0	    0.0	  100.0	   23.7	    0.0	    0.0	    0.0	  100.0	   65.5	  0	  150.0	 1050.0	   23.7	    0.0	  100.0	1	  460.2	  1	    0.0	   -nan	
  919	  91.90	  372.4	    0.0	  -48.1	 1234.4	  359.3	    0.0	    0.0	 1045.3	    0.0	    0.0	    0.0	  100.0	   23.3	    0.0	    0.0	    0.0	  100.0	   65.5	  0	  150.0	 1050.0	   23.3	    0.0	  100.0	1	  460.2	  1	    0.0	   -nan	
  920	  92.00	  372.4	    0.0	  -48.1	 1234.4	  359.3	    0.0	    0.0	 1045.3	    0.0	    0.0	    0.0	  100.0	   22.9	    0.0	    0.0	    0.0	  100.0	   65.6	  0	  150.0	 1050.0	   22.9	    0.0	  100.0	1	  460.2	  1	    0.0	   -nan	
  921	  92.10	  372.4	    0.0	  -48.1	 1234.4	  359.3	    0.0	    0.0	 1045.3	    0.0	    0.0	    0.0	  100.0	   22.5	    0.0	    0.0	    0.0	  100.0	   65.7	  0	  150.0	 1050.0	   22.5	    0.0	  100.0	1	  460.2	  1	    0.0	   -nan	
  922	  92.20	  372.4	    0.0	  -48.1	 1234.4	  359.3	    0.0	    0.0	 1045.3	    0.0	    0.0	    0.0	  100.0	   22.1	    0.0	    0.0	    0.0	  100.0	   65.7	  0	  150.0	 1050.0	   22.1	    0.0	  100.0	1	  460.2	  1	    0.0	   -nan	
  923	  92.30	  372.4	    0.0	  -48.1	 1234.4	  359.3	    0.0	    0.0	 1045.3	    0.0	    0.0	    0.0	  100.0	   21.7	    0.0	    0.0	    0.0	  100.0	   65.8	  0	  150.0	 1050.0	   21.7	    0.0	  100.0	1	  460.2	  1	    0.0	   -nan	
  924	  92.40	  372.4	    0.0	  -48.1	 1234.4	  359.3	    0.0	    0.0	 1045.3	    0.0	    0.0	    0.0	  100.0	   21.3	    0.0	    0.0	    0.0	  100.0	   65.9	  0	  150.0	 1050.0	   21.3	    0.0	  100.0	1	  460.2	  1	    0.0	   -nan	
  925	  92.50	  372.4	    0.0	  -48.1	 1234.4	  359.3	    0.0	    0.0	 1045.3	    0.0	    0.0	    0.0	  100.0	   20.9	    0.0	    0.0	    0.0	  100.0	   66.0	  0	  150.0	 1050.0	   20.9	    0.0	  100.0	1	  460.2	  1	    0.0	   -nan	
  926	  92.60	  372.4	    0.0	  -48.1	 1234.4	  359.3	    0.0	    0.0	 1045.3	    0.0	    0.0	    0.0	  100.0	   20.5	    0.0	    0.0	    0.0	  100.0	   66.0	  0	  150.0	 1050.0	   20.5	    0.0	  100.0	1	  460.2	  1	    0.0	   -nan	
  927	  92.70	  372.4	    0.0	  -48.1	 1234.4	  359.3	    0.0	    0.0	 1045.3	    0.0	    0.0	    0.0	  100.0	   20.2	    0.0	    0.0	    0.0	  100.0	   66.1	  0	  150.0	 1050.0	   20.2	    0.0	  100.0	1	  460.2	  1	    0.0	   -nan	
  928	  92.80	  372.4	    0.0	  -48.1	 1234.4	  359.3	    0.0	    0.0	 1045.3	    0.0	    0.0	    0.0	  100.0	   19.8	    0.0	    0.0	    0.0	  100.0	   66.2	  0	  150.0	 1050.0	   19.8	    0.0	  100.0	1	  460.2	  1	    0.0	   -nan	
  929	  92.90	  372.4	    0.0	  -48.1	 1234.4	  359.3	    0.0	    0.0	 1045.3	    0.0	    0.0	    0.0	  100.0	   19.4	    0.0	    0.0	    0.0	  100.0	   66.2	  0	  150.0	 1050.0	   19.4	    0.0	  100.0	1	  460.2	  1	    0.0	   -nan	
  930	  93.00	  372.4	    0.0	  -48.1	 1234.4	  359.3	    0.0	    0.0	 1045.3	    0.0	    0.0	    0.0	  100.0	   19.0	    0.0	    0.0	    0.0	  100.0	   66.3	  0	  150.0	 1050.0	   19.0	    0.0	  100.0	1	  460.2	  1	    0.0	   -nan	
  931	  93.10	  372.4	    0.0	  -48.1	 1234.4	  359.3	    0.0	    0.0	 1045.3	    0.0	    0.0	    0.0	  100.0	   18.6	    0.0	    0.0	    0.0	  100.0	   66.4	  0	  150.0	 1050.0	   18.6	    0.0	  100.0	1	  460.2	  1	    0.0	   -nan	
  932	  93.20	  372.4	    0.0	  -48.1	 1234.4	  359.3	    0.0	    0.0	 1045.3	    0.0	    0.0	    0.0	  100.0	   18.2	    0.0	    0.0	    0.0	  100.0	   66.5	  0	  150.0	 1050.0	   18.2	    0.0	  100.0	1	  460.2	  1	    0.0	   -nan	
  933	  93.30	  372.4	    0.0	  -48.1	 1234.4	  359.3	    0.0	    0.0	 1045.3	    0.0	    0.0	    0.0	  100.0	   17.8	    0.0	    0.0	    0.0	  100.0	   66.5	  0	  150.0	 1050.0	   17.8	    0.0	  100.0	1	  460.2	  1	    0.0	   -nan	
  934	  93.40	  372.4	    0.0	  -48.1	 1234.4	  359.3	    0.0	    0.0	 1045.3	    0.0	    0.0	    0.0	  100.0	   17.4	    0.0	    0.0	    0.0	  100.0	   66.6	  0	  150.0	 1050.0	   17.4	    0.0	  100.0	1	  460.2	  1	    0.0	   -nan	
  935	  93.50	  372.4	    0.0	  -48.1	 1234.4	  359.3	    0.0	    0.0	 1045.3	    0.0	    0.0	    0.0	  100.0	   17.0	    0.0	    0.0	    0.0	  100.0	   66.7	  0	  150.0	 1050.0	   17.0	    0.0	  100.0	1	  460.2	  1	    0.0	   -nan	
  936	  93.60	  372.4	    0.0	  -48.1	 1234.4	  359.3	    0.0	    0.0	 1045.3	    0.0	    0.0	    0.0	  100.0	   16.6	    0.0	    0.0	    0.0	  100.0	   66.7	  0	  150.0	 1050.0	   16.6	    0.0	  100.0	1	  460.2	  1	    0.0	   -nan	
  937	  93.70	  372.4	    0.0	  -48.1	 1234.4	  359.3	    0.0	    0.0	 1045.3	    0.0	    0.0	    0.0	  100.0	   16.2	    0.0	    0.0	    0.0	  100.0	   66.8	  0	  150.0	 1050.0	   16.2	    0.0	  100.0	1	  460.2	  1	    0.0	   -nan	
  938	  93.80	  372.4	    0.0	  -48.1	 1234.4	  359.3	    0.0	    0.0	 1045.3	    0.0	    0.0	    0.0	  100.0	   15.8	    0.0	    0.0	    0.0	  100.0	   66.9	  0	  150.0	 1050.0	   15.8	    0.0	  100.0	1	  460.2	  1	    0.0	   -nan	
  939	  93.90	  372.4	    0.0	  -48.1	 1234.4	  359.3	    0.0	    0.0	 1045.3	    0.0	    0.0	    0.0	  100.0	   15.4	    0.0	    0.0	    0.0	  100.0	   67.0	  0	  150.0	 1050.0	   15.4	    0.0	  100.0	1	  460.2	  1	    0.0	   -nan	
  940	  94.00	  372.4	    0.0	  -48.1	 1234.4	  359.3	    0.0	    0.0	 1045.3	    0.0	    0.0	    0.0	  100.0	   15.0	    0.0	    0.0	    0.0	  100.0	   67.0	  0	  150.0	 1050.0	   15.0	    0.0	  100.0	1	  460.2	  1	    0.0	   -nan	
  941	  94.10	  372.4	    0.0	  -48.1	 1234.4	  359.3	    0.0	    0.0	 1045.3	    0.0	    0.0	    0.0	  100.0	   14.6	    0.0	    0.0	    0.0	  100.0	   67.1	  0	  150.0	 1050.0	   14.6	    0.0	  100.0	1	  460.2	  1	    0.0	   -nan	
  942	  94.20	  372.4	    0.0	  -48.1	 1234.4	  359.3	    0.0	    0.0	 1045.3	    0.0	    0.0	    0.0	  100.0	   14.2	    0.0	    0.0	    0.0	  100.0	   67.2	  0	  150.0	 1050.0	   14.2	    0.0	  100.0	1	  460.2	  1	    0.0	   -nan	
  943	  94.30	  372.4	    0.0	  -48.1	 1234.4	  359.3	    0.0	    0.0	 1045.3	    0.0	    0.0	    0.0	  100.0	   13.8	    0.0	    0.0	    0.0	  100.0	   67.2	  0	  150.0	 1050.0	   13.8	    0.0	  100.0	1	  460.2	  1	    0.0	   -nan	
  944	  94.40	  372.4	    0.0	  -48.1	 1234.4	  359.3	    0.0	    0.0	 1045.3	    0.0	    0.0	    0.0	  100.0	   13.4	    0.0	    0.0	    0.0	  100.0	   67.3	  0	  150.0	 1050.0	   13.4	    0.0	  100.0	1	  460.2	  1	    0.0	   -nan	
  945	  94.50	  372.4	    0.0	  -48.1	 1234.4	  359.3	    0.0	    0.0	 1045.3	    0.0	    0.0	    0.0	  100.0	   13.0	    0.0	    0.0	    0.0	  100.0	   67.4	  0	  150.0	 1050.0	   13.0	    0.0	  100.0	1	  460.2	  1	    0.0	   -nan	
  946	  94.60	  372.4	    0.0	  -48.1	 1234.4	  359.3	    0.0	    0.0	 1045.3	    0.0	    0.0	    0.0	  100.0	   12.6	    0.0	    0.0	    0.0	  100.0	   67.5	  0	  150.0	 1050.0	   12.6	    0.0	  100.0	1	  460.2	  1	    0.0	   -nan	
  947	  94.70	  372.4	    0.0	  -48.1	 1234.4	  359.3	    0.0	    0.0	 1045.3	    0.0	    0.0	    0.0	  100.0	   12.2	    0.0	    0.0	    0.0	  100.0	   67.5	  0	  150.0	 1050.0	   12.2	    0.0	  100.0	1	  460.2	  1	    0.0	   -nan	
  948	  94.80	  372.4	    0.0	  -48.1	 1234.4	  359.3	    0.0	    0.0	 1045.3	    0.0	    0.0	    0.0	  100.0	   11.8	    0.0	    0.0	    0.0	  100.0	   67.6	  0	  150.0	 1050.0	   11.8	    0.0	  100.0	1	  460.2	  1	    0.0	   -nan	
  949	  94.90	  372.4	    0.0	  -48.1	 1234.4	  359.3	    0.0	    0.0	 1045.3	    0.0	    0.0	    0.0	  100.0	   11.4	    0.0	    0.0	    0.0	  100.0	   67.7	  0	  150.0	 1050.0	   11.4	    0.0	  100.0	1	  460.2	  1	    0.0	   -nan	
  950	  95.00	  372.4	    0.0	  -48.1	 1234.4	  359.3	    0.0	    0.0	 1045.3	    0.0	    0.0	    0.0	  100.0	   11.0	    0.0	    0.0	    0.0	  100.0	   67.7	  0	  150.0	 1050.0	   11.0	    0.0	  100.0	1	  460.2	  1	    0.0	   -nan	
  951	  95.10	  372.4	    0.0	  -48.1	 1234.4	  359.3	    0.0	    0.0	 1045.3	    0.0	    0.0	    0.0	  100.0	   10.6	    0.0	    0.0	    0.0	  100.0	   67.8	  0	  150.0	 1050.0	   10.6	    0.0	  100.0	1	  460.2	  1	    0.0	   -nan	
  952	  95.20	  372.4	    0.0	  -48.1	 1234.4	  359.3	    0.0	    0.0	 1045.3	    0.0	    0.0	    0.0	  100.0	   10.2	    0.0	    0.0	    0.0	  100.0	   67.9	  0	  150.0	 1050.0	   10.2	    0.0	  100.0	1	  460.2	  1	    0.0	   -nan	
  953	  95.30	  372.4	    0.0	  -48.1	 1234.4	  359.3	    0.0	    0.0	 1045.3	    0.0	    0.0	    0.0	  100.0	    9.8	    0.0	    0.0	    0.0	  100.0	   68.0	  0	  150.0	 1050.0	    9.8	    0.0	  100.0	1	  460.2	  1	    0.0	   -nan	
  954	  95.40	  372.4	    0.0	  -48.1	 1234.4	  359.3	    0.0	    0.0	 1045.3	    0.0	    0.0	    0.0	  100.0	    9.4	    0.0	    0.0	    0.0	  100.0	   68.0	  0	  150.0	 1050.0	    9.4	    0.0	  100.0	1	  460.2	  1	    0.0	   -nan	
  955	  95.50	  372.4	    0.0	  -48.1	 1234.4	  359.3	    0.0	    0.0	 1045.3	    0.0	    0.0	    0.0	  100.0	    9.0	    0.0	    0.0	    0.0	  100.0	   68.1	  0	  150.0	 1050.0	    9.0	    0.0	  100.0	1	  460.2	  1	    0.0	   -nan	
  956	  95.60	  372.4	    0.0	  -48.1	 1234.4	  359.3	    0.0	    0.0	 1045.3	    0.0	    0.0	    0.0	  100.0	    8.6	    0.0	    0.0	    0.0	  100.0	   68.2	  0	  150.0	 1050.0	    8.6	    0.0	  100.0	1	  460.2	  1	    0.0	   -nan	
  957	  95.70	  372.4	    0.0	  -48.1	 1234.4	  359.3	    0.0	    0.0	 1045.3	    0.0	    0.0	    0.0	  100.0	    8.2	    0.0	    0.0	    0.0	  100.0	   68.2	  0	  150.0	 1050.0	    8.2	    0.0	  100.0	1	  460.2	  1	    0.0	   -nan	
  958	  95.80	  372.4	    0.0	  -48.1	 1234.4	  359.3	    0.0	    0.0	 1045.3	    0.0	    0.0	    0.0	  100.0	    7.9	    0.0	    0.0	    0.0	  100.0	   68.3	  0	  150.0	 1050.0	    7.9	    0.0	  100.0	1	  460.2	  1	    0.0	   -nan	
  959	  95.90	  372.4	    0.0	  -48.1	 1234.4	  359.3	    0.0	    0.0	 1045.3	    0.0	    0.0	    0.0	  100.0	    7.5	    0.0	    0.0	    0.0	  100.0	   68.4	  0	  150.0	 1050.0	    7.5	    0.0	  100.0	1	  460.2	  1	    0.0	   -nan	
  960	  96.00	  372.4	    0.0	  -48.1	 1234.4	  359.3	    0.0	    0.0	 1045.3	    0.0	    0.0	    0.0	  100.0	    7.1	    0.0	    0.0	    0.0	  100.0	   68.5	  0	  150.0	 1050.0	    7.1	    0.0	  100.0	1	  460.2	  1	    0.0	   -nan	
  961	  96.10	  372.4	    0.0	  -48.1	 1234.4	  359.3	    0.0	    0.0	 1045.3	    0.0	    0.0	    0.0	  100.0	    6.7	    0.0	    0.0	    0.0	  100.0	   68.5	  0	  150.0	 1050.0	    6.7	    0.0	  100.0	1	  460.2	  1	    0.0	   -nan	
  962	  96.20	  372.4	    0.0	  -48.1	 1234.4	  359.3	    0.0	    0.0	 1045.3	    0.0	    0.0	    0.0	  100.0	    6.3	    0.0	    0.0	    0.0	  100.0	   68.6	  0	  150.0	 1050.0	    6.3	    0.0	  100.0	1	  460.2	  1	    0.0	   -nan	
  963	  96.30	  372.4	    0.0	  -48.1	 1234.4	  359.3	    0.0	    0.0	 1045.3	    0.0	    0.0	    0.0	  100.0	    5.9	    0.0	    0.0	    0.0	  100.0	   68.7	  0	  150.0	 1050.0	    5.9	    0.0	  100.0	1	  460.2	  1	    0.0	   -nan	
  964	  96.40	  372.4	    0.0	  -48.1	 1234.4	  359.3	    0.0	    0.0	 1045.3	    0.0	    0.0	    0.0	  100.0	    5.5	    0.0	    0.0	    0.0	  100.0	   68.7	  0	  150.0	 1050.0	    5.5	    0.0	  100.0	1	  460.2	  1	    0.0	   -nan	
  965	  96.50	  372.4	    0.0	  -48.1	 1234.4	  359.3	    0.0	    0.0	 1045.3	    0.0	    0.0	    0.0	  100.0	    5.1	    0.0	    0.0	    0.0	  100.0	   68.8	  0	  150.0	 1050.0	    5.1	    0.0	  100.0	1	  460.2	  1	    0.0	   -nan	
  966	  96.60	  372.4	    0.0	  -48.1	 1234.4	  359.3	    0.0	    0.0	 1045.3	    0.0	    0.0	    0.0	  100.0	    4.7	    0.0	    0.0	    0.0	  100.0	   68.9	  0	  150.0	 1050.0	    4.7	    0.0	  100.0	1	  460.2	  1	    0.0	   -nan	
  967	  96.70	  372.4	    0.0	  -48.1	 1234.4	  359.3	    0.0	    0.0	 1045.3	    0.0	    0.0	    0.0	  100.0	    4.3	    0.0	    0.0	    0.0	  100.0	   69.0	  0	  150.0	 1050.0	    4.3	    0.0	  100.0	1	  460.2	  1	    0.0	   -nan	
  968	  96.80	  372.4	    0.0	  -48.1	 1234.4	  359.3	    0.0	    0.0	 1045.3	    0.0	    0.0	    0.0	  100.0	    3.9	    0.0	    0.0	    0.0	  100.0	   69.0	  0	  150.0	 1050.0	    3.9	    0.0	  100.0	1	  460.2	  1	    0.0	   -nan	
  969	  96.90	  372.4	    0.0	  -48.1	 1234.4	  359.3	    0.0	    0.0	 1045.3	    0.0	    0.0	    0.0	  100.0	    3.5	    0.0	    0.0	    0.0	  100.0	   69.1	  0	  150.0	 1050.0	    3.5	    0.0	  100.0	1	  460.2	  1	    0.0	   -nan	
  970	  97.00	  372.4	    0.0	  -48.1	 1234.4	  359.3	    0.0	    0.0	 1045.3	    0.0	    0.0	    0.0	  100.0	    3.1	    0.0	    0.0	    0.0	  100.0	   69.2	  0	  150.0	 1050.0	    3.1	    0.0	  100.0	1	  460.2	  1	    0.0	   -nan	
  971	  97.10	  372.4	    0.0	  -48.1	 1234.4	  359.3	    0.0	    0.0	 1045.3	    0.0	    0.0	    0.0	  100.0	    2.7	    0.0	    0.0	    0.0	  100.0	   69.2	  0	  150.0	 1050.0	    2.7	    0.0	  100.0	1	  460.2	  1	    0.0	   -nan	
  972	  97.20	  372.4	    0.0	  -48.1	 1234.4	  359.3	    0.0	    0.0	 1045.3	    0.0	    0.0	    0.0	  100.0	    2.3	    0.0	    0.0	    0.0	  100.0	   69.3	  0	  150.0	 1050.0	    2.3	    0.0	  100.0	1	  460.2	  1	    0.0	   -nan	
  973	  97.30	  372.4	    0.0	  -48.1	 1234.4	  359.3	    0.0	    0.0	 1045.3	    0.0	    0.0	    0.0	  100.0	    1.9	    0.0	    0.0	    0.0	  100.0	   69.4	  0	  150.0	 1050.0	    1.9	    0.0	  100.0	1	  460.2	  1	    0.0	   -nan	
  974	  97.40	  372.4	    0.0	  -48.1	 1234.4	  359.3	    0.0	    0.0	 1045.3	    0.0	    0.0	    0.0	  100.0	    1.5	    0.0	    0.0	    0.0	  100.0	   69.5	  0	  150.0	 1050.0	    1.5	    0.0	  100.0	1	  460.2	  1	    0.0	   -nan	
  975	  97.50	  372.4	    0.0	  -48.1	 1234.4	  359.3	    0.0	    0.0	 1045.3	    0.0	    0.0	    0.0	  100.0	    1.1	    0.0	    0.0	    0.0	  100.0	   69.5	  0	  150.0	 1050.0	    1.1	    0.0	  100.0	1	  460.2	  1	    0.0	   -nan	
  976	  97.60	  372.4	    0.0	  -48.1	 1234.4	  359.3	    0.0	    0.0	 1045.3	    0.0	    0.0	    0.0	  100.0	    0.7	    0.0	    0.0	    0.0	  100.0	   69.6	  0	  150.0	 1050.0	    0.7	    0.0	  100.0	1	  460.2	  1	    0.0	   -nan	
  977	  97.70	  372.4	    0.0	  -48.1	 1234.4	  359.3	    0.0	    0.0	 1045.3	    0.0	    0.0	    0.0	  100.0	    0.3	    0.0	    0.0	    0.0	  100.0	   69.7	  0	  150.0	 1050.0	    0.3	    0.0	  100.0	1	  460.2	  1	    0.0	   -nan	
  978	  97.80	  372.4	    0.0	  -48.1	 1234.4	  359.3	    0.0	    0.0	 1045.3	    0.0	    0.0	    0.0	  100.0	    0.0	    0.0	    0.0	    0.0	  100.0	   69.7	  0	  150.0	 1050.0	    0.0	    0.0	  100.0	1	  460.2	  1	    0.0	   -nan	
  979	  97.90	  372.4	    0.0	  -48.2	 1234.4	  359.3	    0.0	    0.0	 1045.3	    0.0	    0.0	    0.0	  100.0	    0.0	    0.0	    0.0	    0.0	  100.0	   69.8	  0	  150.0	 1050.0	    0.0	    0.0	  100.0	1	  460.2	  1	    0.0	   -nan	
  980	  98.00	  372.4	    0.0	  -48.2	 1234.4	  359.3	    0.0	    0.0	 1045.3	    0.0	    0.0	    0.0	  100.0	    0.0	    0.0	    0.0	    0.0	  100.0	   69.9	  0	  150.0	 1050.0	    0.0	    0.0	  100.0	1	  460.2	  1	    0.0	   -nan	
  981	  98.10	  372.4	    0.0	  -48.2	 1234.4	  359.3	    0.0	    0.0	 1045.3	    0.0	    0.0	    0.0	  100.0	    0.0	    0.0	    0.0	    0.0	  100.0	   70.0	  0	  150.0	 1050.0	    0.0	    0.0	  100.0	1	  460.2	  1	    0.0	   -nan	
  982	  98.20	  372.4	    0.0	  -48.2	 1234.4	  359.3	    0.0	    0.0	 1045.3	    0.0	    0.0	    0.0	  100.0	    0.0	    0.0	    0.0	    0.0	  100.0	   70.0	  0	  150.0	 1050.0	    0.0	    0.0	  100.0	1	  460.2	  1	    0.0	   -nan	
  983	  98.30	  372.4	    0.0	  -48.1	 1234.4	  359.3	    0.0	    0.0	 1045.3	    0.0	    0.0	    0.0	  100.0	    0.0	    0.0	    0.0	    0.0	  100.0	   70.1	  0	  150.0	 1050.0	    0.0	    0.0	  100.0	1	  460.2	  1	    0.0	   -nan	
  984	  98.40	  372.4	    0.0	  -48.2	 1234.4	  359.3	    0.0	    0.0	 1045.3	    0.0	    0.0	    0.0	  100.0	    0.0	    0.0	    0.0	    0.0	  100.0	   70.2	  0	  150.0	 1050.0	    0.0	    0.0	  100.0	1	  460.2	  1	    0.0	   -nan	
  985	  98.50	  372.4	    0.0	  -48.2	 1234.4	  359.3	    0.0	    0.0	 1045.3	    0.0	    0.0	    0.0	  100.0	    0.0	    0.0	    0.0	    0.0	  100.0	   70.2	  0	  150.0	 1050.0	    0.0	    0.0	  100.0	1	  460.2	  1	    0.0	   -nan	
  986	  98.60	  372.4	    0.0	  -48.3	 1234.4	  359.3	    0.0	    0.0	 1045.3	    0.0	    0.0	    0.0	  100.0	    0.0	    0.0	    0.0	    0.0	  100.0	   70.3	  0	  150.0	 1050.0	    0.0	    0.0	  100.0	1	  460.2	  1	    0.0	   -nan	
  987	  98.70	  372.4	    0.0	  -48.2	 1234.4	  359.3	    0.0	    0.0	 1045.3	    0.0	    0.0	    0.0	  100.0	    0.0	    0.0	    0.0	    0.0	  100.0	   70.4	  0	  150.0	 1050.0	    0.0	    0.0	  100.0	1	  460.2	  1	    0.0	   -nan	
  988	  98.80	  372.4	    0.0	  -48.2	 1234.4	  359.3	    0.0	    0.0	 1045.3	    0.0	    0.0	    0.0	  100.0	    0.0	    0.0	    0.0	    0.0	  100.0	   70.5	  0	  150.0	 1050.0	    0.0	    0.0	  100.0	1	  460.2	  1	    0.0	   -nan	
  989	  98.90	  372.4	    0.0	  -47.7	 1234.4	  359.3	    0.0	    0.0	 1045.3	    0.0	    0.0	    0.0	  100.0	    0.0	    0.0	    0.0	    0.0	  100.0	   70.5	  0	  150.0	 1050.0	    0.0	    0.0	  100.0	1	  460.2	  1	    0.0	   -nan	
  990	  99.00	  372.4	    0.0	  -48.3	 1234.4	  359.3	    0.0	    0.0	 1045.3	    0.0	    0.0	    0.0	  100.0	    0.0	    0.0	    0.0	    0.0	  100.0	   70.6	  0	  150.0	 1050.0	    0.0	    0.0	  100.0	1	  460.2	  1	    0.0	   -nan	
  991	  99.10	  372.4	    0.0	  -48.1	 1234.4	  359.3	    0.0	    0.0	 1045.3	    0.0	    0.0	    0.0	  100.0	    0.0	    0.0	    0.0	    0.0	  100.0	   70.7	  0	  150.0	 1050.0	    0.0	    0.0	  100.0	1	  460.2	  1	    0.0	   -nan	
  992	  99.20	  372.4	    0.0	  -47.5	 1234.4	  359.3	    0.0	    0.0	 1045.3	    0.0	    0.0	    0.0	  100.0	    0.0	    0.0	    0.0	    0.0	  100.0	   70.7	  0	  150.0	 1050.0	    0.0	    0.0	  100.0	1	  460.2	  1	    0.0	   -nan	
  993	  99.30	  372.4	    0.0	  -48.8	 1234.4	  359.3	    0.0	    0.0	 1045.3	    0.0	    0.0	    0.0	  100.0	    0.0	    0.0	    0.0	    0.0	  100.0	   70.8	  0	  150.0	 1050.0	    0.0	    0.0	  100.0	1	  460.2	  1	    0.0	   -nan	
  994	  99.40	  372.4	    0.0	  -48.7	 1234.4	  359.3	    0.0	    0.0	 1045.3	    0.0	    0.0	    0.0	  100.0	    0.0	    0.0	    0.0	    0.0	  100.0	   70.9	  0	  150.0	 1050.0	    0.0	    0.0	  100.0	1	  460.2	  1	    0.0	   -nan	
  995	  99.50	  372.4	    0.0	  -49.9	 1234.4	  359.3	    0.0	    0.0	 1045.3	    0.0	    0.0	    0.0	  100.0	    0.0	    0.0	    0.0	    0.0	  100.0	   71.0	  0	  150.0	 1050.0	    0.0	    0.0	  100.0	1	  460.2	  1	    0.0	   -nan	
  996	  99.60	  372.4	    0.0	  -46.0	 1234.4	  359.3	    0.0	    0.0	 1045.3	    0.0	    0.0	    0.0	  100.0	    0.0	    0.0	    0.0	    0.0	  100.0	   71.0	  0	  150.0	 1050.0	    0.0	    0.0	  100.0	1	  460.2	  1	    0.0	   -nan	
  997	  99.70	  372.4	    0.0	  -43.8	 1234.4	  359.3	    0.0	    0.0	 1045.3	    0.0	    0.0	    0.0	  100.0	    0.0	    0.0	    0.0	    0.0	  100.0	   71.1	  0	  150.0	 1050.0	    0.0	    0.0	  100.0	1	  460.2	  1	    0.0	   -nan	
  998	  99.80	  372.4	    0.0	  -46.7	 1234.4	  359.3	    0.0	    0.0	 1045.3	    0.0	    0.0	    0.0	  100.0	    0.0	    0.0	    0.0	    0.0	  100.0	   71.2	  0	  150.0	 1050.0	    0.0	    0.0	  100.0	1	  460.2	  1	    0.0	   -nan	
  999	  99.90	  372.4	    0.0	  -58.4	 1234.4	  359.3	    0.0	    0.0	 1045.3	    0.0	    0.0	    0.0	  100.0	    0.0	    0.0	    0.0	    0.0	  100.0	   71.2	  0	  150.0	 1050.0	    0.0	    0.0	  100.0	1	  460.2	  1	    0.0	   -nan	
 1000	 100.00	  372.4	    0.0	  -54.0	 1234.4	  359.3	    0.0	    0.0	 1045.3	    0.0	    0.0	    0.0	  100.0	    0.0	    0.0	    0.0	    0.0	  100.0	   71.3	  0	  150.0	 1050.0	    0.0	    0.0	  100.0	1	  460.2	  1	    0.0	   -nan	
 1001	 100.10	  372.4	    0.0	  -45.0	 1234.4	  359.3	    0.0	    0.0	 1045.3	    0.0	    0.0	    0.0	  100.0	    0.0	    0.0	    0.0	    0.0	  100.0	   71.4	  0	  150.0	 1050.0	    0.0	    0.0	  100.0	1	  460.2	  1	    0.0	   -nan	
 1002	 100.20	  372.4	    0.0	  -36.9	 1234.4	  359.3	    0.0	    0.0	 1045.3	    0.0	    0.0	    0.0	  100.0	    0.0	    0.0	    0.0	    0.0	  100.0	   71.5	  0	  150.0	 1050.0	    0.0	    0.0	  100.0	1	  460.2	  1	    0.0	   -nan	
 1003	 100.30	  372.4	    0.0	  -90.0	 1234.4	  359.3	    0.0	    0.0	 1045.3	    0.0	    0.0	    0.0	  100.0	    0.0	    0.0	    0.0	    0.0	  100.0	   71.5	  0	  150.0	 1050.0	    0.0	    0.0	  100.0	1	  460.2	  1	    0.0	   -nan	
 1004	 100.40	  372.4	    0.0	  -45.0	 1234.4	  359.3	    0.0	    0.0	 1045.3	    0.0	    0.0	    0.0	  100.0	    0.0	    0.0	    0.0	    0.0	  100.0	   71.6	  0	  150.0	 1050.0	    0.0	    0.0	  100.0	1	  460.2	  1	    0.0	   -nan	
 1005	 100.50	  372.4	    0.0	  -36.9	 1234.4	  359.3	    0.0	    0.0	 1045.3	    0.0	    0.0	    0.0	  100.0	    0.0	    0.0	    0.0	    0.0	  100.0	   71.7	  0	  150.0	 1050.0	    0.0	    0.0	  100.0	1	  460.2	  1	    0.0	   -nan	
 1006	 100.60	  372.4	    0.0	  -26.6	 1234.4	  359.3	    0.0	    0.0	 1045.3	    0.0	    0.0	    0.0	  100.0	    0.0	    0.0	    0.0	    0.0	  100.0	   71.7	  0	  150.0	 1050.0	    0.0	    0.0	  100.0	1	  460.2	  1	    0.0	   -nan	
 1007	 100.70	  372.4	    0.0	  -90.0	 1234.4	  359.3	    0.0	    0.0	 1045.3	    0.0	    0.0	    0.0	  100.0	    0.0	    0.0	    0.0	    0.0	  100.0	   71.8	  0	  150.0	 1050.0	    0.0	    0.0	  100.0	1	  460.2	  1	    0.0	   -nan	
 1008	 100.80	  372.4	    0.0	  -90.0	 1234.4	  359.3	    0.0	    0.0	 1045.3	    0.0	    0.0	    0.0	  100.0	    0.0	    0.0	    0.0	    0.0	  100.0	   71.9	  0	  150.0	 1050.0	    0.0	    0.0	  100.0	1	  460.2	  1	    0.0	   -nan	
 1009	 100.90	  372.4	    0.0	  -90.0	 1234.4	  359.3	    0.0	    0.0	 1045.3	    0.0	    0.0	    0.0	  100.0	    0.0	    0.0	    0.0	    0.0	  100.0	   72.0	  0	  150.0	 1050.0	    0.0	    0.0	  100.0	1	  460.2	  1	    0.0	   -nan	
 1010	 101.00	  372.4	    0.0	    0.0	 1234.4	  359.3	    0.0	    0.0	 1045.3	    0.0	    0.0	    0.0	  100.0	    0.0	    0.0	    0.0	    0.0	  100.0	   72.0	  0	  150.0	 1050.0	    0.0	    0.0	  100.0	1	  460.2	  1	    0.0	   -nan	
 1011	 101.10	  372.4	    0.0	  -90.0	 1234.4	  359.3	    0.0	    0.0	 1045.3	    0.0	    0.0	    0.0	  100.0	    0.0	    0.0	    0.0	    0.0	  100.0	   72.1	  0	  150.0	 1050.0	    0.0	    0.0	  100.0	1	  460.2	  1	    0.0	   -nan	
 1012	 101.20	  372.4	    0.0	    0.0	 1234.4	  359.3	    0.0	    0.0	 1045.3	    0.0	    0.0	    0.0	  100.0	    0.0	    0.0	    0.0	    0.0	  100.0	   72.2	  0	  150.0	 1050.0	    0.0	    0.0	  100.0	1	  460.2	  1	    0.0	   -nan	
 1013	 101.30	  372.4	    0.0	    0.0	 1234.4	  359.3	    0.0	    0.0	 1045.3	    0.0	    0.0	    0.0	  100.0	    0.0	    0.0	    0.0	    0.0	  100.0	   72.2	  0	  150.0	 1050.0	    0.0	    0.0	  100.0	1	  460.2	  1	    0.0	   -nan	
 1014	 101.40	  372.4	    0.0	 -166.0	 1234.4	  359.3	    0.0	    0.0	 1045.3	    0.0	    0.0	    0.0	  100.0	    0.0	    0.0	    0.0	    0.0	  100.0	   72.3	  0	  150.0	 1050.0	    0.0	    0.0	  100.0	1	  460.2	  1	    0.0	   -nan	
 1015	 101.50	  372.4	    0.0	  131.7	 1234.4	  359.3	    0.0	    0.0	 1045.3	    0.0	    0.0	    0.0	  100.0	    0.0	    0.0	    0.0	    0.0	  100.0	   72.4	  0	  150.0	 1050.0	    0.0	    0.0	  100.0	1	  460.2	  1	    0.0	   -nan	
 1016	 101.60	  372.4	    0.0	  131.7	 1234.4	  359.3	    0.0	    0.0	 1045.3	    0.0	    0.0	    0.0	  100.0	    0.0	    0.0	    0.0	    0.0	  100.0	   72.5	  0	  150.0	 1050.0	    0.0	    0.0	  100.0	1	  460.2	  1	    0.0	   -nan	
 1017	 101.70	  372.4	    0.0	  131.7	 1234.4	  359.3	    0.0	    0.0	 1045.3	    0.0	    0.0	    0.0	  100.0	    0.0	    0.0	    0.0	    0.0	  100.0	   72.5	  0	  150.0	 1050.0	    0.0	    0.0	  100.0	1	  460.2	  1	    0.0	   -nan	
 1018	 101.80	  372.4	    0.0	  131.7	 1234.4	  359.3	    0.0	    0.0	  893.2	    0.0	    0.0	    0.0	  100.0	    0.0	    0.0	    0.0	    0.0	  100.0	   72.6	  0	  150.0	 1050.0	    0.0	    0.0	  100.0	1	  466.1	  1	    0.0	   -nan	
 1019	 101.90	  372.4	    0.0	  127.1	 1234.4	  359.3	    0.0	    0.0	  893.2	    0.0	    0.0	    0.0	  100.0	    0.0	    0.0	    0.0	    0.0	  100.0	   72.7	  0	  150.0	 1050.0	    0.0	    0.0	  100.0	1	  466.1	  1	    0.0	   -nan	
 1020	 102.00	  372.4	    0.0	  127.0	 1234.4	  359.3	    0.0	    0.0	  893.2	    0.0	    0.0	    0.0	  100.0	    0.0	    0.0	    0.0	    0.0	  100.0	   72.7	  0	  150.0	 1050.0	    0.0	    0.0	  100.0	1	  466.1	  1	    0.0	   -nan	
 1021	 102.10	  372.4	    0.0	  126.9	 1234.4	  359.3	    0.0	    0.0	  893.2	    0.0	    0.0	    0.0	  100.0	    0.0	    0.0	    0.0	    0.0	  100.0	   72.8	  0	  150.0	 1050.0	    0.0	    0.0	  100.0	1	  466.1	  1	    0.0	   -nan	
 1022	 102.20	  372.4	    0.0	  126.9	 1234.4	  359.3	    0.0	    0.0	  893.2	    0.0	    0.0	    0.0	  100.0	    0.0	    0.0	    0.0	    0.0	  100.0	   72.9	  0	  150.0	 1050.0	    0.0	    0.0	  100.0	1	  466.1	  1	    0.0	   -nan	
 1023	 102.30	  372.4	    0.0	  126.9	 1234.4	  359.3	    0.0	    0.0	  893.2	    0.0	    0.0	    0.0	  100.0	    0.0	    0.0	    0.0	    0.0	  100.0	   73.0	  0	  150.0	 1050.0	    0.0	    0.0	  100.0	1	  466.1	  1	    0.0	   -nan	
 1024	 102.40	  372.4	    0.0	  126.9	 1234.4	  359.3	    0.0	    0.0	  893.2	    0.0	    0.0	    0.0	  100.0	    0.0	    0.0	    0.0	    0.0	  100.0	   73.0	  0	  150.0	 1050.0	    0.0	    0.0	  100.0	1	  466.1	  1	    0.0	   -nan	
 1025	 102.50	  372.4	    0.0	  126.9	 1234.4	  359.3	    0.0	    0.0	  893.2	    0.0	    0.0	    0.0	  100.0	    0.0	    0.0	    0.0	    0.0	  100.0	   73.1	  0	  150.0	 1050.0	    0.0	    0.0	  100.0	1	  466.1	  1	    0.0	   -nan	
 1026	 102.60	  372.4	    0.0	  126.9	 1234.4	  359.3	    0.0	    0.0	  877.0	    0.0	    0.0	    0.0	  100.0	    0.0	    0.0	    0.0	    0.0	  100.0	   73.2	  0	  150.0	 1050.0	    0.0	    0.0	  100.0	1	  467.2	  1	    0.0	   -nan	
 1027	 102.70	  372.4	    0.0	  120.6	 1234.4	  359.3	    0.0	    0.0	  877.0	    0.0	    0.0	    0.0	  100.0	    0.0	    0.0	    0.0	    0.0	  100.0	   73.2	  0	  150.0	 1050.0	    0.0	    0.0	  100.0	1	  467.2	  1	    0.0	   -nan	
 1028	 102.80	  372.4	    0.0	  -30.5	 1234.4	  359.3	    0.0	    0.0	  877.0	    0.0	    0.0	    0.0	  100.0	    0.0	    0.0	    0.0	    0.0	  100.0	   73.3	  0	  150.0	 1050.0	    0.0	    0.0	  100.0	1	  467.2	  1	    0.0	   -nan	
 1029	 102.90	  372.4	    0.0	  -49.8	 1234.4	  359.3	    0.0	    0.0	  877.0	    0.0	    0.0	    0.0	  100.0	    0.0	    0.0	    0.0	    0.0	  100.0	   73.4	  0	  150.0	 1050.0	    0.0	    0.0	  100.0	1	  467.2	  1	    0.0	   -nan	
 1030	 103.00	  372.4	    0.0	  -49.8	 1234.4	  359.3	    0.0	    0.0	  877.0	    0.0	    0.0	    0.0	  100.0	    0.0	    0.0	    0.0	    0.0	  100.0	   73.5	  0	  150.0	 1050.0	    0.0	    0.0	  100.0	1	  467.2	  1	    0.0	   -nan	
 1031	 103.10	  372.4	    0.0	  -49.8	 1234.4	  359.3	    0.0	    0.0	  877.0	    0.0	    0.0	    0.0	  100.0	    0.0	    0.0	    0.0	    0.0	  100.0	   73.5	  0	  150.0	 1050.0	    0.0	    0.0	  100.0	1	  467.2	  1	    0.0	   -nan	
 1032	 103.20	  372.4	    0.0	  -49.8	 1234.4	  359.3	    0.0	    0.0	  877.0	    0.0	    0.0	    0.0	  100.0	    0.0	    0.0	    0.0	    0.0	  100.0	   73.6	  0	  150.0	 1050.0	    0.0	    0.0	  100.0	1	  467.2	  1	    0.0	   -nan	
 1033	 103.30	  372.4	    0.0	  -49.8	 1234.4	  359.3	    0.0	    0.0	  877.0	    0.0	    0.0	    0.0	  100.0	    0.0	    0.0	    0.0	    0.0	  100.0	   73.7	  0	  150.0	 1050.0	    0.0	    0.0	  100.0	1	  467.2	  1	    0.0	   -nan	
 1034	 103.40	  372.4	    0.0	  -49.8	 1234.4	  359.3	    0.0	    0.0	  877.0	    0.0	    0.0	    0.0	  100.0	    0.0	    0.0	    0.0	    0.0	  100.0	   73.7	  0	  150.0	 1050.0	    0.0	    0.0	  100.0	1	  467.2	  1	    0.0	   -nan	
 1035	 103.50	  372.4	    0.0	  -49.8	 1234.4	  359.3	    0.0	    0.0	  877.0	    0.0	    0.0	    0.0	  100.0	    0.0	    0.0	    0.0	    0.0	  100.0	   73.8	  0	  150.0	 1050.0	    0.0	    0.0	  100.0	1	  467.2	  1	    0.0	   -nan	
 1036	 103.60	  372.4	    0.0	  -49.8	 1234.4	  359.3	    0.0	    0.0	  877.0	    0.0	    0.0	    0.0	  100.0	    0.0	    0.0	    0.0	    0.0	  100.0	   73.9	  0	  150.0	 1050.0	    0.0	    0.0	  100.0	1	  467.2	  1	    0.0	   -nan	
 1037	 103.70	  372.4	    0.0	  -49.8	 1234.4	  359.3	    0.0	    0.0	  877.0	    0.0	    0.0	    0.0	  100.0	    0.0	    0.0	    0.0	    0.0	  100.0	   74.0	  0	  150.0	 1050.0	    0.0	    0.0	  100.0	1	  467.2	  1	    0.0	   -nan	
 1038	 103.80	  372.4	    0.0	  -49.8	 1234.4	  359.3	    0.0	    0.0	  877.0	    0.0	    0.0	    0.0	  100.0	    0.0	    0.0	    0.0	    0.0	  100.0	   74.0	  0	  150.0	 1050.0	    0.0	    0.0	  100.0	1	  467.2	  1	    0.0	   -nan	
 1039	 103.90	  372.4	    0.0	  -49.8	 1234.4	  359.3	    0.0	    0.0	  877.0	    0.0	    0.0	    0.0	  100.0	    0.0	    0.0	    0.0	    0.0	  100.0	   74.1	  0	  150.0	 1050.0	    0.0	    0.0	  100.0	1	  467.2	  1	    0.0	   -nan	
 1040	 104.00	  372.4	    0.0	  -49.8	 1234.4	  359.3	    0.0	    0.0	  877.0	    0.0	    0.0	    0.0	  100.0	    0.0	    0.0	    0.0	    0.0	  100.0	   74.2	  0	  150.0	 1050.0	    0.0	    0.0	  100.0	1	  467.2	  1	    0.0	   -nan	
 1041	 104.10	  372.4	    0.0	  -49.8	 1234.4	  359.3	    0.0	    0.0	 1234.4	  359.3	    0.0	    0.0	  100.0	    0.0	    0.0	    0.0	    0.0	   99.8	   74.2	  0	  150.0	 1050.0	    0.0	    0.0	   99.8	1	  397.3	  1	    0.0	   -nan	
 1042	 104.20	  372.4	    0.0	 -111.2	 1234.4	  359.3	    0.0	    0.0	 1234.4	  359.3	    0.0	    0.0	  100.0	    0.0	    0.0	    0.0	    0.0	   99.8	   74.3	  0	  150.0	 1050.0	    0.0	    0.0	   99.8	1	  397.3	  1	    0.0	   -nan	
 1043	 104.30	  372.4	    0.0	 -125.1	 1234.4	  359.3	    0.0	    0.0	 3088.7	    0.0	    0.0	    0.0	  100.0	    0.0	    0.0	    0.0	    0.1	   99.0	   74.4	  0	  150.0	 1050.0	    0.0	    0.1	   99.0	1	  208.7	  1	    0.0	   -nan	
 1044	 104.40	  372.4	    0.0	    7.1	 1234.4	  359.3	    0.0	    0.0	 1047.6	    0.0	    0.0	    0.0	  100.0	    0.0	    0.0	    0.0	    0.0	  100.0	   74.5	  0	  150.0	 1050.0	    0.0	    0.0	  100.0	1	  460.1	  1	    0.0	   -nan	
 1045	 104.50	  372.4	    0.0	 -175.2	 1234.4	  359.3	    0.0	    0.0	 1035.8	    0.0	    0.0	    0.0	  100.0	    0.0	    0.0	    0.0	    0.0	  100.0	   74.5	  0	  150.0	 1050.0	    0.0	    0.0	  100.0	1	  460.3	  1	    0.0	   -nan	
 1046	 104.60	  372.4	    0.0	  134.5	 1234.4	  359.3	    0.0	    0.0	 1035.8	    0.0	    0.0	    0.0	  100.0	    0.0	    0.0	    0.0	    0.0	  100.0	   74.6	  0	  150.0	 1050.0	    0.0	    0.0	  100.0	1	  460.3	  1	    0.0	   -nan	
 1047	 104.70	  372.4	    0.0	  132.9	 1234.4	  359.3	    0.0	    0.0	 1026.0	    0.0	    0.0	    0.0	  100.0	    0.0	    0.0	    0.0	    0.0	  100.0	   74.7	  0	  150.0	 1050.0	    0.0	    0.0	  100.0	1	  460.5	  1	    0.0	   -nan	
 1048	 104.80	  372.4	    0.0	  132.8	 1234.4	  359.3	    0.0	    0.0	 1026.0	    0.0	    0.0	    0.0	  100.0	    0.0	    0.0	    0.0	    0.0	  100.0	   74.7	  0	  150.0	 1050.0	    0.0	    0.0	  100.0	1	  460.5	  1	    0.0	   -nan	
 1049	 104.90	  372.4	    0.0	  132.8	 1234.4	  359.3	    0.0	    0.0	 1018.5	    0.0	    0.0	    0.0	  100.0	    0.0	    0.0	    0.0	    0.0	  100.0	   74.8	  0	  150.0	 1050.0	    0.0	    0.0	  100.0	1	  460.7	  1	    0.0	   -nan	
 1050	 105.00	  372.4	    0.0	  132.7	 1234.4	  359.3	    0.0	    0.0	 1018.5	    0.0	    0.0	    0.0	  100.0	    0.0	    0.0	    0.0	    0.0	  100.0	   74.9	  0	  150.0	 1050.0	    0.0	    0.0	  100.0	1	  460.7	  1	    0.0	   -nan	
 1051	 105.10	  372.4	    0.0	  132.7	 1234.4	  359.3	    0.0	    0.0	 1018.5	    0.0	    0.0	    0.0	  100.0	    0.0	    0.0	    0.0	    0.0	  100.0	   75.0	  0	  150.0	 1050.0	    0.0	    0.0	  100.0	1	  460.7	  1	    0.0	   -nan	
 1052	 105.20	  372.4	    0.0	  132.7	 1234.4	  359.3	    0.0	    0.0	 1030.2	    0.0	    0.0	    0.0	  100.0	    0.0	    0.0	    0.0	    0.0	  100.0	   75.0	  0	  150.0	 1050.0	    0.0	    0.0	  100.0	1	  460.4	  1	    0.0	   -nan	
 1053	 105.30	  372.4	    0.0	  133.1	 1234.4	  359.3	    0.0	    0.0	 1030.2	    0.0	    0.0	    0.0	  100.0	    0.0	    0.0	    0.0	    0.0	  100.0	   75.1	  0	  150.0	 1050.0	    0.0	    0.0	  100.0	1	  460.4	  1	    0.0	   -nan	
 1054	 105.40	  372.4	    0.0	  133.1	 1234.4	  359.3	    0.0	    0.0	 1030.2	    0.0	    0.0	    0.0	  100.0	    0.0	    0.0	    0.0	    0.0	  100.0	   75.2	  0	  150.0	 1050.0	    0.0	    0.0	  100.0	1	  460.4	  1	    0.0	   -nan	
 1055	 105.50	  372.4	    0.0	  133.1	 1234.4	  359.3	    0.0	    0.0	 1030.2	    0.0	    0.0	    0.0	  100.0	    0.0	    0.0	    0.0	    0.0	  100.0	   75.2	  0	  150.0	 1050.0	    0.0	    0.0	  100.0	1	  460.4	  1	    0.0	   -nan	
 1056	 105.60	  372.4	    0.0	  133.1	 1234.4	  359.3	    0.0	    0.0	 1030.2	    0.0	    0.0	    0.0	  100.0	    0.0	    0.0	    0.0	    0.0	  100.0	   75.3	  0	  150.0	 1050.0	    0.0	    0.0	  100.0	1	  460.4	  1	    0.0	   -nan	
 1057	 105.70	  372.4	    0.0	  133.1	 1234.4	  359.3	    0.0	    0.0	 1030.2	    0.0	    0.0	    0.0	  100.0	    0.0	    0.0	    0.0	    0.0	  100.0	   75.4	  0	  150.0	 1050.0	    0.0	    0.0	  100.0	1	  460.4	  1	    0.0	   -nan	
 1058	 105.80	  372.4	    0.0	  133.1	 1234.4	  359.3	    0.0	    0.0	 1030.2	    0.0	    0.0	    0.0	  100.0	    0.0	    0.0	    0.0	    0.0	  100.0	   75.5	  0	  150.0	 1050.0	    0.0	    0.0	  100.0	1	  460.4	  1	    0.0	   -nan	
 1059	 105.90	  372.4	    0.0	  133.1	 1234.4	  359.3	    0.0	    0.0	 1030.2	    0.0	    0.0	    0.0	  100.0	    0.0	    0.0	    0.0	    0.0	  100.0	   75.5	  0	  150.0	 1050.0	    0.0	    0.0	  100.0	1	  460.4	  1	    0.0	   -nan	
 1060	 106.00	  372.4	    0.0	  133.1	 1234.4	  359.3	    0.0	    0.0	 1030.2	    0.0	    0.0	    0.0	  100.0	    0.0	    0.0	    0.0	    0.0	  100.0	   75.6	  0	  150.0	 1050.0	    0.0	    0.0	  100.0	1	  460.4	  1	    0.0	   -nan	
 1061	 106.10	  372.4	    0.0	  133.1	 1234.4	  359.3	    0.0	    0.0	 1030.2	    0.0	    0.0	    0.0	  100.0	    0.0	    0.0	    0.0	    0.0	  100.0	   75.7	  0	  150.0	 1050.0	    0.0	    0.0	  100.0	1	  460.4	  1	    0.0	   -nan	
 1062	 106.20	  372.4	    0.0	  133.1	 1234.4	  359.3	    0.0	    0.0	 1030.2	    0.0	    0.0	    0.0	  100.0	    0.0	    0.0	    0.0	    0.0	  100.0	   75.7	  0	  150.0	 1050.0	    0.0	    0.0	  100.0	1	  460.4	  1	    0.0	   -nan	
 1063	 106.30	  372.4	    0.0	  133.1	 1234.4	  359.3	    0.0	    0.0	 1030.2	    0.0	    0.0	    0.0	  100.0	    0.0	    0.0	    0.0	    0.0	  100.0	   75.8	  0	  150.0	 1050.0	    0.0	    0.0	  100.0	1	  460.4	  1	    0.0	   -nan	
 1064	 106.40	  372.4	    0.0	  133.1	 1234.4	  359.3	    0.0	    0.0	 1030.2	    0.0	    0.0	    0.0	  100.0	    0.0	    0.0	    0.0	    0.0	  100.0	   75.9	  0	  150.0	 1050.0	    0.0	    0.0	  100.0	1	  460.4	  1	    0.0	   -nan	
 1065	 106.50	  372.4	    0.0	  133.1	 1234.4	  359.3	    0.0	    0.0	 1030.2	    0.0	    0.0	    0.0	  100.0	    0.0	    0.0	    0.0	    0.0	  100.0	   76.0	  0	  150.0	 1050.0	    0.0	    0.0	  100.0	1	  460.4	  1	    0.0	   -nan	
 1066	 106.60	  372.4	    0.0	  133.1	 1234.4	  359.3	    0.0	    0.0	 1030.2	    0.0	    0.0	    0.0	  100.0	    0.0	    0.0	    0.0	    0.0	  100.0	   76.0	  0	  150.0	 1050.0	    0.0	    0.0	  100.0	1	  460.4	  1	    0.0	   -nan	
 1067	 106.70	  372.4	    0.0	  133.1	 1234.4	  359.3	    0.0	    0.0	 1030.2	    0.0	    0.0	    0.0	  100.0	    0.0	    0.0	    0.0	    0.0	  100.0	   76.1	  0	  150.0	 1050.0	    0.0	    0.0	  100.0	1	  460.4	  1	    0.0	   -nan	
 1068	 106.80	  372.4	    0.0	  133.1	 1234.4	  359.3	    0.0	    0.0	 1030.2	    0.0	    0.0	    0.0	  100.0	    0.0	    0.0	    0.0	    0.0	  100.0	   76.2	  0	  150.0	 1050.0	    0.0	    0.0	  100.0	1	  460.4	  1	    0.0	   -nan	
 1069	 106.90	  372.4	    0.0	  133.1	 1234.4	  359.3	    0.0	    0.0	 1030.2	    0.0	    0.0	    0.0	  100.0	    0.0	    0.0	    0.0	    0.0	  100.0	   76.2	  0	  150.0	 1050.0	    0.0	    0.0	  100.0	1	  460.4	  1	    0.0	   -nan	
 1070	 107.00	  372.4	    0.0	  133.1	 1234.4	  359.3	    0.0	    0.0	 1030.2	    0.0	    0.0	    0.0	  100.0	    0.0	    0.0	    0.0	    0.0	  100.0	   76.3	  0	  150.0	 1050.0	    0.0	    0.0	  100.0	1	  460.4	  1	    0.0	   -nan	
 1071	 107.10	  372.4	    0.0	  133.1	 1234.4	  359.3	    0.0	    0.0	 1030.2	    0.0	    0.0	    0.0	  100.0	    0.0	    0.0	    0.0	    0.0	  100.0	   76.4	  0	  150.0	 1050.0	    0.0	    0.0	  100.0	1	  460.4	  1	    0.0	   -nan	
 1072	 107.20	  372.4	    0.0	  133.5	 1234.4	  359.3	    0.0	    0.0	 1030.2	    0.0	    0.0	    0.0	  100.0	    0.0	    0.0	    0.0	    0.0	  100.0	   76.5	  0	  150.0	 1050.0	    0.0	    0.0	  100.0	1	  460.4	  1	    0.0	   -nan	
 1073	 107.30	  372.4	    0.0	  -48.9	 1234.4	  359.3	    0.0	    0.0	 1030.2	    0.0	    0.0	    0.0	  100.0	    0.0	    0.0	    0.0	    0.0	  100.0	   76.5	  0	  150.0	 1050.0	    0.0	    0.0	  100.0	1	  460.4	  1	    0.0	   -nan	
 1074	 107.40	  372.4	    0.0	  -48.3	 1234.4	  359.3	    0.0	    0.0	 1030.2	    0.0	    0.0	    0.0	  100.0	    0.0	    0.0	    0.0	    0.0	  100.0	   76.6	  0	  150.0	 1050.0	    0.0	    0.0	  100.0	1	  460.4	  1	    0.0	   -nan	
 1075	 107.50	  372.4	    0.0	  -48.3	 1234.4	  359.3	    0.0	    0.0	 1030.2	    0.0	    0.0	    0.0	  100.0	    0.0	    0.0	    0.0	    0.0	  100.0	   76.7	  0	  150.0	 1050.0	    0.0	    0.0	  100.0	1	  460.4	  1	    0.0	   -nan	
 1076	 107.60	  372.4	    0.0	  -48.3	 1234.4	  359.3	    0.0	    0.0	 1030.2	    0.0	    0.0	    0.0	  100.0	    0.0	    0.0	    0.0	    0.0	  100.0	   76.7	  0	  150.0	 1050.0	    0.0	    0.0	  100.0	1	  460.4	  1	    0.0	   -nan	
 1077	 107.70	  372.4	    0.0	  -48.3	 1234.4	  359.3	    0.0	    0.0	 1030.2	    0.0	    0.0	    0.0	  100.0	    0.0	    0.0	    0.0	    0.0	  100.0	   76.8	  0	  150.0	 1050.0	    0.0	    0.0	  100.0	1	  460.4	  1	    0.0	   -nan	
 1078	 107.80	  372.4	    0.0	  -48.3	 1234.4	  359.3	    0.0	    0.0	 1048.4	    0.0	    0.0	    0.0	  100.0	    0.0	    0.0	    0.0	    0.0	  100.0	   76.9	  0	  150.0	 1050.0	    0.0	    0.0	  100.0	1	  460.1	  1	    0.0	   -nan	
 1079	 107.90	  372.4	    0.0	  -48.4	 1234.4	  359.3	    0.0	    0.0	 1046.5	    0.0	    0.0	    0.0	  100.0	    0.0	    0.0	    0.0	    0.0	  100.0	   77.0	  0	  150.0	 1050.0	    0.0	    0.0	  100.0	1	  460.2	  1	    0.0	   -nan	
 1080	 108.00	  372.4	    0.0	  -48.4	 1234.4	  359.3	    0.0	    0.0	 1048.6	    0.0	    0.0	    0.0	  100.0	    0.0	    0.0	    0.0	    0.0	  100.0	   77.0	  0	  150.0	 1050.0	    0.0	    0.0	  100.0	1	  460.1	  1	    0.0	   -nan	
 1081	 108.10	  372.4	    0.0	  -48.4	 1234.4	  359.3	    0.0	    0.0	 1048.6	    0.0	    0.0	    0.0	  100.0	    0.0	    0.0	    0.0	    0.0	  100.0	   77.1	  0	  150.0	 1050.0	    0.0	    0.0	  100.0	1	  460.1	  1	    0.0	   -nan	
 1082	 108.20	  372.4	    0.0	  -48.4	 1234.4	  359.3	    0.0	    0.0	 1049.4	    0.0	    0.0	    0.0	  100.0	    0.0	    0.0	    0.0	    0.0	  100.0	   77.2	  0	  150.0	 1050.0	    0.0	    0.0	  100.0	1	  460.1	  1	    0.0	   -nan	
 1083	 108.30	  372.4	    0.0	  -48.4	 1234.4	  359.3	    0.0	    0.0	 1054.2	    0.0	    0.0	    0.0	  100.0	    0.0	    0.0	    0.0	    0.0	  100.0	   77.2	  0	  150.0	 1050.0	    0.0	    0.0	  100.0	1	  460.1	  1	    0.0	   -nan	
 1084	 108.40	  372.4	    0.0	  -48.4	 1234.4	  359.3	    0.0	    0.0	 1234.4	  359.3	    0.0	    0.0	  100.0	    0.0	    0.0	    0.0	    0.0	   99.9	   77.3	  0	  150.0	 1050.0	    0.0	    0.0	   99.9	1	  397.3	  1	    0.0	   -nan	
 1085	 108.50	  372.4	    0.0	  -97.1	 1234.4	  359.3	    0.0	    0.0	 1054.2	    0.0	    0.0	    0.0	  100.0	    0.0	    0.0	    0.0	    0.0	  100.0	   77.4	  0	  150.0	 1050.0	    0.0	    0.0	  100.0	1	  460.1	  1	    0.0	   -nan	
 1086	 108.60	  372.4	    0.0	  -23.7	 1234.4	  359.3	    0.0	    0.0	 1054.2	    0.0	    0.0	    0.0	  100.0	    0.0	    0.0	    0.0	    0.0	  100.0	   77.5	  0	  150.0	 1050.0	    0.0	    0.0	  100.0	1	  460.1	  1	    0.0	   -nan	
 1087	 108.70	  372.4	    0.0	  -23.7	 1234.4	  359.3	    0.0	    0.0	 1050.2	    0.0	    0.0	    0.0	  100.0	    0.0	    0.0	    0.0	    0.0	  100.0	   77.5	  0	  150.0	 1050.0	    0.0	    0.0	  100.0	1	  460.1	  1	    0.0	   -nan	
 1088	 108.80	  372.4	    0.0	  -23.6	 1234.4	  359.3	    0.0	    0.0	 1050.2	    0.0	    0.0	    0.0	  100.0	    0.0	    0.0	    0.0	    0.0	  100.0	   77.6	  0	  150.0	 1050.0	    0.0	    0.0	  100.0	1	  460.1	  1	    0.0	   -nan	
 1089	 108.90	  372.4	    0.0	  -23.6	 1234.4	  359.3	    0.0	    0.0	 1051.4	    0.0	    0.0	    0.0	  100.0	    0.0	    0.0	    0.0	    0.0	  100.0	   77.7	  0	  150.0	 1050.0	    0.0	    0.0	  100.0	1	  460.1	  1	    0.0	   -nan	
 1090	 109.00	  372.4	    0.0	  -23.7	 1234.4	  359.3	    0.0	    0.0	 1051.4	    0.0	    0.0	    0.0	  100.0	    0.0	    0.0	    0.0	    0.0	  100.0	   77.7	  0	  150.0	 1050.0	    0.0	    0.0	  100.0	1	  460.1	  1	    0.0	   -nan	
 1091	 109.10	  372.4	    0.0	  -23.7	 1234.4	  359.3	    0.0	    0.0	 1048.5	    0.0	    0.0	    0.0	  100.0	    0.0	    0.0	    0.0	    0.0	  100.0	   77.8	  0	  150.0	 1050.0	    0.0	    0.0	  100.0	1	  460.1	  1	    0.0	   -nan	
 1092	 109.20	  372.4	    0.0	  -23.5	 1234.4	  359.3	    0.0	    0.0	 1048.2	    0.0	    0.0	    0.0	  100.0	    0.0	    0.0	    0.0	    0.0	  100.0	   77.9	  0	  150.0	 1050.0	    0.0	    0.0	  100.0	1	  460.1	  1	    0.0	   -nan	
 1093	 109.30	  372.4	    0.0	  -23.5	 1234.4	  359.3	    0.0	    0.0	 1048.2	    0.0	    0.0	    0.0	  100.0	    0.0	    0.0	    0.0	    0.0	  100.0	   78.0	  0	  150.0	 1050.0	    0.0	    0.0	  100.0	1	  460.1	  1	    0.0	   -nan	
 1094	 109.40	  372.4	    0.0	  -23.5	 1234.4	  359.3	    0.0	    0.0	 1045.0	    0.0	    0.0	    0.0	  100.0	    0.0	    0.0	    0.0	    0.0	  100.0	   78.0	  0	  150.0	 1050.0	    0.0	    0.0	  100.0	1	  460.2	  1	    0.0	   -nan	
 1095	 109.50	  372.4	    0.0	  -23.2	 1234.4	  359.3	    0.0	    0.0	 1047.3	    0.0	    0.0	    0.0	  100.0	    0.0	    0.0	    0.0	    0.0	  100.0	   78.1	  0	  150.0	 1050.0	    0.0	    0.0	  100.0	1	  460.2	  1	    0.0	   -nan	
 1096	 109.60	  372.4	    0.0	  -23.5	 1234.4	  359.3	    0.0	    0.0	 1047.3	    0.0	    0.0	    0.0	  100.0	    0.0	    0.0	    0.0	    0.0	  100.0	   78.2	  0	  150.0	 1050.0	    0.0	    0.0	  100.0	1	  460.2	  1	    0.0	   -nan	
 1097	 109.70	  372.4	    0.0	  -23.5	 1234.4	  359.3	    0.0	    0.0	 1047.0	    0.0	    0.0	    0.0	  100.0	    0.0	    0.0	    0.0	    0.0	  100.0	   78.2	  0	  150.0	 1050.0	    0.0	    0.0	  100.0	1	  460.2	  1	    0.0	   -nan	
 1098	 109.80	  372.4	    0.0	  -23.4	 1234.4	  359.3	    0.0	    0.0	 1048.9	    0.0	    0.0	    0.0	  100.0	    0.0	    0.0	    0.0	    0.0	  100.0	   78.3	  0	  150.0	 1050.0	    0.0	    0.0	  100.0	1	  460.1	  1	    0.0	   -nan	
 1099	 109.90	  372.4	    0.0	  -24.0	 1234.4	  359.3	    0.0	    0.0	 1047.0	    0.0	    0.0	    0.0	  100.0	    0.0	    0.0	    0.0	    0.0	  100.0	   78.4	  0	  150.0	 1050.0	    0.0	    0.0	  100.0	1	  460.2	  1	    0.0	   -nan	
 1100	 110.00	  372.4	    0.0	  -23.3	 1234.4	  359.3	    0.0	    0.0	 1047.0	    0.0	    0.0	    0.0	  100.0	    0.0	    0.0	    0.0	    0.0	  100.0	   78.5	  0	  150.0	 1050.0	    0.0	    0.0	  100.0	1	  460.2	  1	    0.0	   -nan	
 1101	 110.10	  372.4	    0.0	  -23.3	 1234.4	  359.3	    0.0	    0.0	 1047.0	    0.0	    0.0	    0.0	  100.0	    0.0	    0.0	    0.0	    0.0	  100.0	   78.5	  0	  150.0	 1050.0	    0.0	    0.0	  100.0	1	  460.2	  1	    0.0	   -nan	
 1102	 110.20	  372.4	    0.0	  -23.3	 1234.4	  359.3	    0.0	    0.0	 1047.0	    0.0	    0.0	    0.0	  100.0	    0.0	    0.0	    0.0	    0.0	  100.0	   78.6	  0	  150.0	 1050.0	    0.0	    0.0	  100.0	1	  460.2	  1	    0.0	   -nan	
 1103	 110.30	  372.4	    0.0	  -23.3	 1234.4	  359.3	    0.0	    0.0	 1050.4	    0.0	    0.0	    0.0	  100.0	    0.0	    0.0	    0.0	    0.0	  100.0	   78.7	  0	  150.0	 1050.0	    0.0	    0.0	  100.0	1	  460.1	  1	    0.0	   -nan	
 1104	 110.40	  372.4	    0.0	  -27.0	 1234.4	  359.3	    0.0	    0.0	 1050.4	    0.0	    0.0	    0.0	  100.0	    0.0	    0.0	    0.0	    0.0	  100.0	   78.7	  0	  150.0	 1050.0	    0.0	    0.0	  100.0	1	  460.1	  1	    0.0	   -nan	
 1105	 110.50	  372.4	    0.0	  -27.0	 1234.4	  359.3	    0.0	    0.0	 1051.7	    0.0	    0.0	    0.0	  100.0	    0.0	    0.0	    0.0	    0.0	  100.0	   78.8	  0	  150.0	 1050.0	    0.0	    0.0	  100.0	1	  460.1	  1	    0.0	   -nan	
 1106	 110.60	  372.4	    0.0	  -29.2	 1234.4	  359.3	    0.0	    0.0	 1051.7	    0.0	    0.0	    0.0	  100.0	    0.0	    0.0	    0.0	    0.0	  100.0	   78.9	  0	  150.0	 1050.0	    0.0	    0.0	  100.0	1	  460.1	  1	    0.0	   -nan	
 1107	 110.70	  372.4	    0.0	  -29.2	 1234.4	  359.3	    0.0	    0.0	 1048.5	    0.0	    0.0	    0.0	  100.0	    0.0	    0.0	    0.0	    0.0	  100.0	   79.0	  0	  150.0	 1050.0	    0.0	    0.0	  100.0	1	  460.1	  1	    0.0	   -nan	
 1108	 110.80	  372.4	    0.0	  -20.1	 1234.4	  359.3	    0.0	    0.0	 1051.2	    0.0	    0.0	    0.0	  100.0	    0.0	    0.0	    0.0	    0.0	  100.0	   79.0	  0	  150.0	 1050.0	    0.0	    0.0	  100.0	1	  460.1	  1	    0.0	   -nan	
 1109	 110.90	  372.4	    0.0	  -30.3	 1234.4	  359.3	    0.0	    0.0	 1053.3	    0.0	    0.0	    0.0	  100.0	    0.0	    0.0	    0.0	    0.0	  100.0	   79.1	  0	  150.0	 1050.0	    0.0	    0.0	  100.0	1	  460.1	  1	    0.0	   -nan	
 1110	 111.00	  372.4	    0.0	  -40.3	 1234.4	  359.3	    0.0	    0.0	 1053.3	    0.0	    0.0	    0.0	  100.0	    0.0	    0.0	    0.0	    0.0	  100.0	   79.2	  0	  150.0	 1050.0	    0.0	    0.0	  100.0	1	  460.1	  1	    0.0	   -nan	
 1111	 111.10	  372.4	    0.0	  -40.3	 1234.4	  359.3	    0.0	    0.0	 1048.1	    0.0	    0.0	    0.0	  100.0	    0.0	    0.0	    0.0	    0.0	  100.0	   79.2	  0	  150.0	 1050.0	    0.0	    0.0	  100.0	1	  460.1	  1	    0.0	   -nan	
 1112	 111.20	  372.4	    0.0	   -3.7	 1234.4	  359.3	    0.0	    0.0	 1048.1	    0.0	    0.0	    0.0	  100.0	    0.0	    0.0	    0.0	    0.0	  100.0	   79.3	  0	  150.0	 1050.0	    0.0	    0.0	  100.0	1	  460.1	  1	    0.0	   -nan	
 1113	 111.30	  372.4	    0.0	   -3.7	 1234.4	  359.3	    0.0	    0.0	 1048.1	    0.0	    0.0	    0.0	  100.0	    0.0	    0.0	    0.0	    0.0	  100.0	   79.4	  0	  150.0	 1050.0	    0.0	    0.0	  100.0	1	  460.1	  1	    0.0	   -nan	
 1114	 111.40	  372.4	    0.0	   -3.7	 1234.4	  359.3	    0.0	    0.0	 1053.9	    0.0	    0.0	    0.0	  100.0	    0.0	    0.0	    0.0	    0.0	  100.0	   79.5	  0	  150.0	 1050.0	    0.0	    0.0	  100.0	1	  460.1	  1	    0.0	   -nan	
 1115	 111.50	  372.4	    0.0	  -94.0	 1234.4	  359.3	    0.0	    0.0	 1053.9	    0.0	    0.0	    0.0	  100.0	    0.0	    0.0	    0.0	    0.0	  100.0	   79.5	  0	  150.0	 1050.0	    0.0	    0.0	  100.0	1	  460.1	  1	    0.0	   -nan	
 1116	 111.60	  372.4	    0.0	  -94.0	 1234.4	  359.3	    0.0	    0.0	 1052.8	    0.0	    0.0	    0.0	  100.0	    0.0	    0.0	    0.0	    0.0	  100.0	   79.6	  0	  150.0	 1050.0	    0.0	    0.0	  100.0	1	  460.1	  1	    0.0	   -nan	
 1117	 111.70	  372.4	    0.0	  -73.9	 1234.4	  359.3	    0.0	    0.0	 1052.8	    0.0	    0.0	    0.0	  100.0	    0.0	    0.0	    0.0	    0.0	  100.0	   79.7	  0	  150.0	 1050.0	    0.0	    0.0	  100.0	1	  460.1	  1	    0.0	   -nan	
 1118	 111.80	  372.4	    0.0	  -73.9	 1234.4	  359.3	    0.0	    0.0	 1051.2	    0.0	    0.0	    0.0	  100.0	    0.0	    0.0	    0.0	    0.0	  100.0	   79.7	  0	  150.0	 1050.0	    0.0	    0.0	  100.0	1	  460.1	  1	    0.0	   -nan	
 1119	 111.90	  372.4	    0.0	   -3.5	 1234.4	  359.3	    0.0	    0.0	 1051.2	    0.0	    0.0	    0.0	  100.0	    0.0	    0.0	    0.0	    0.0	  100.0	   79.8	  0	  150.0	 1050.0	    0.0	    0.0	  100.0	1	  460.1	  1	    0.0	   -nan	
 1120	 112.00	  372.4	    0.0	   -3.5	 1234.4	  359.3	    0.0	    0.0	 1051.2	    0.0	    0.0	    0.0	  100.0	    0.0	    0.0	    0.0	    0.0	  100.0	   79.9	  0	  150.0	 1050.0	    0.0	    0.0	  100.0	1	  460.1	  1	    0.0	   -nan	
 1121	 112.10	  372.4	    0.0	   -3.5	 1234.4	  359.3	    0.0	    0.0	 1050.8	    0.0	    0.0	    0.0	  100.0	    0.0	    0.0	    0.0	    0.0	  100.0	   80.0	  0	  150.0	 1050.0	    0.0	    0.0	  100.0	1	  460.1	  1	    0.0	   -nan	
 1122	 112.20	  372.4	    0.0	   13.2	 1234.4	  359.3	    0.0	    0.0	 1050.8	    0.0	    0.0	    0.0	  100.0	    0.0	    0.0	    0.0	    0.0	  100.0	   80.0	  0	  150.0	 1050.0	    0.0	    0.0	  100.0	1	  460.1	  1	    0.0	   -nan	
 1123	 112.30	  372.4	    0.0	   13.2	 1234.4	  359.3	    0.0	    0.0	 1051.4	    0.0	    0.0	    0.0	  100.0	    0.0	    0.0	    0.0	    0.0	  100.0	   80.1	  0	  150.0	 1050.0	    0.0	    0.0	  100.0	1	  460.1	  1	    0.0	   -nan	
 1124	 112.40	  372.4	    0.0	  -64.4	 1234.4	  359.3	    0.0	    0.0	 1051.4	    0.0	    0.0	    0.0	  100.0	    0.0	    0.0	    0.0	    0.0	  100.0	   80.2	  0	  150.0	 1050.0	    0.0	    0.0	  100.0	1	  460.1	  1	    0.0	   -nan	
 1125	 112.50	  372.4	    0.0	  -64.4	 1234.4	  359.3	    0.0	    0.0	 1051.4	    0.0	    0.0	    0.0	  100.0	    0.0	    0.0	    0.0	    0.0	  100.0	   80.2	  0	  150.0	 1050.0	    0.0	    0.0	  100.0	1	  460.1	  1	    0.0	   -nan	
 1126	 112.60	  372.4	    0.0	  -64.4	 1234.4	  359.3	    0.0	    0.0	 1052.9	    0.0	    0.0	    0.0	  100.0	    0.0	    0.0	    0.0	    0.0	  100.0	   80.3	  0	  150.0	 1050.0	    0.0	    0.0	  100.0	1	  460.1	  1	    0.0	   -nan	
 1127	 112.70	  372.4	    0.0	 -133.1	 1234.4	  359.3	    0.0	    0.0	 1052.9	    0.0	    0.0	    0.0	  100.0	    0.0	    0.0	    0.0	    0.0	  100.0	   80.4	  0	  150.0	 1050.0	    0.0	    0.0	  100.0	1	  460.1	  1	    0.0	   -nan	
 1128	 112.80	  372.4	    0.0	  131.8	 1234.4	  359.3	    0.0	    0.0	 1052.9	    0.0	    0.0	    0.0	  100.0	    0.0	    0.0	    0.0	    0.0	  100.0	   80.5	  0	  150.0	 1050.0	    0.0	    0.0	  100.0	1	  460.1	  1	    0.0	   -nan	
 1129	 112.90	  372.4	    0.0	  131.8	 1234.4	  359.3	    0.0	    0.0	 1050.5	    0.0	    0.0	    0.0	  100.0	    0.0	    0.0	    0.0	    0.0	  100.0	   80.5	  0	  150.0	 1050.0	    0.0	    0.0	  100.0	1	  460.1	  1	    0.0	   -nan	
 1130	 113.00	  372.4	    0.0	  131.7	 1234.4	  359.3	    0.0	    0.0	 1053.5	    0.0	    0.0	    0.0	  100.0	    0.0	    0.0	    0.0	    0.0	  100.0	   80.6	  0	  150.0	 1050.0	    0.0	    0.0	  100.0	1	  460.1	  1	    0.0	   -nan	
 1131	 113.10	  372.4	    0.0	  131.8	 1234.4	  359.3	    0.0	    0.0	 1053.5	    0.0	    0.0	    0.0	  100.0	    0.0	    0.0	    0.0	    0.0	  100.0	   80.7	  0	  150.0	 1050.0	    0.0	    0.0	  100.0	1	  460.1	  1	    0.0	   -nan	
 1132	 113.20	  372.4	    0.0	  131.8	 1234.4	  359.3	    0.0	    0.0	 1053.5	    0.0	    0.0	    0.0	  100.0	    0.0	    0.0	    0.0	    0.0	  100.0	   80.7	  0	  150.0	 1050.0	    0.0	    0.0	  100.0	1	  460.1	  1	    0.0	   -nan	
 1133	 113.30	  372.4	    0.0	  131.8	 1234.4	  359.3	    0.0	    0.0	 1052.9	    0.0	    0.0	    0.0	  100.0	    0.0	    0.0	    0.0	    0.0	  100.0	   80.8	  0	  150.0	 1050.0	    0.0	    0.0	  100.0	1	  460.1	  1	    0.0	   -nan	
 1134	 113.40	  372.4	    0.0	  131.8	 1234.4	  359.3	    0.0	    0.0	 1052.9	    0.0	    0.0	    0.0	  100.0	    0.0	    0.0	    0.0	    0.0	  100.0	   80.9	  0	  150.0	 1050.0	    0.0	    0.0	  100.0	1	  460.1	  1	    0.0	   -nan	
 1135	 113.50	  372.4	    0.0	  131.8	 1234.4	  359.3	    0.0	    0.0	 1052.9	    0.0	    0.0	    0.0	  100.0	    0.0	    0.0	    0.0	    0.0	  100.0	   81.0	  0	  150.0	 1050.0	    0.0	    0.0	  100.0	1	  460.1	  1	    0.0	   -nan	
 1136	 113.60	  372.4	    0.0	  131.8	 1234.4	  359.3	    0.0	    0.0	 1052.9	    0.0	    0.0	    0.0	  100.0	    0.0	    0.0	    0.0	    0.0	  100.0	   81.0	  0	  150.0	 1050.0	    0.0	    0.0	  100.0	1	  460.1	  1	    0.0	   -nan	
 1137	 113.70	  372.4	    0.0	  131.8	 1234.4	  359.3	    0.0	    0.0	 1052.9	    0.0	    0.0	    0.0	  100.0	    0.0	    0.0	    0.0	    0.0	  100.0	   81.1	  0	  150.0	 1050.0	    0.0	    0.0	  100.0	1	  460.1	  1	    0.0	   -nan	
 1138	 113.80	  372.4	    0.0	  131.8	 1234.4	  359.3	    0.0	    0.0	 1052.9	    0.0	    0.0	    0.0	  100.0	    0.0	    0.0	    0.0	    0.0	  100.0	   81.2	  0	  150.0	 1050.0	    0.0	    0.0	  100.0	1	  460.1	  1	    0.0	   -nan	
 1139	 113.90	  372.4	    0.0	  131.8	 1234.4	  359.3	    0.0	    0.0	 1052.9	    0.0	    0.0	    0.0	  100.0	    0.0	    0.0	    0.0	    0.0	  100.0	   81.2	  0	  150.0	 1050.0	    0.0	    0.0	  100.0	1	  460.1	  1	    0.0	   -nan	
 1140	 114.00	  372.4	    0.0	  131.8	 1234.4	  359.3	    0.0	    0.0	 1052.9	    0.0	    0.0	    0.0	  100.0	    0.0	    0.0	    0.0	    0.0	  100.0	   81.3	  0	  150.0	 1050.0	    0.0	    0.0	  100.0	1	  460.1	  1	    0.0	   -nan	
 1141	 114.10	  372.4	    0.0	  131.8	 1234.4	  359.3	    0.0	    0.0	 1052.9	    0.0	    0.0	    0.0	  100.0	    0.0	    0.0	    0.0	    0.0	  100.0	   81.4	  0	  150.0	 1050.0	    0.0	    0.0	  100.0	1	  460.1	  1	    0.0	   -nan	
 1142	 114.20	  372.4	    0.0	  131.8	 1234.4	  359.3	    0.0	    0.0	 1052.9	    0.0	    0.0	    0.0	  100.0	    0.0	    0.0	    0.0	    0.0	  100.0	   81.5	  0	  150.0	 1050.0	    0.0	    0.0	  100.0	1	  460.1	  1	    0.0	   -nan	
 1143	 114.30	  372.4	    0.0	  131.8	 1234.4	  359.3	    0.0	    0.0	 1052.9	    0.0	    0.0	    0.0	  100.0	    0.0	    0.0	    0.0	    0.0	  100.0	   81.5	  0	  150.0	 1050.0	    0.0	    0.0	  100.0	1	  460.1	  1	    0.0	   -nan	
 1144	 114.40	  372.4	    0.0	  131.8	 1234.4	  359.3	    0.0	    0.0	 1052.9	    0.0	    0.0	    0.0	  100.0	    0.0	    0.0	    0.0	    0.0	  100.0	   81.6	  0	  150.0	 1050.0	    0.0	    0.0	  100.0	1	  460.1	  1	    0.0	   -nan	
 1145	 114.50	  372.4	    0.0	  131.8	 1234.4	  359.3	    0.0	    0.0	 1052.9	    0.0	    0.0	    0.0	  100.0	    0.0	    0.0	    0.0	    0.0	  100.0	   81.7	  0	  150.0	 1050.0	    0.0	    0.0	  100.0	1	  460.1	  1	    0.0	   -nan	
 1146	 114.60	  372.4	    0.0	  131.8	 1234.4	  359.3	    0.0	    0.0	 1052.9	    0.0	    0.0	    0.0	  100.0	    0.0	    0.0	    0.0	    0.0	  100.0	   81.7	  0	  150.0	 1050.0	    0.0	    0.0	  100.0	1	  460.1	  1	    0.0	   -nan	
 1147	 114.70	  372.4	    0.0	  131.8	 1234.4	  359.3	    0.0	    0.0	 1052.9	    0.0	    0.0	    0.0	  100.0	    0.0	    0.0	    0.0	    0.0	  100.0	   81.8	  0	  150.0	 1050.0	    0.0	    0.0	  100.0	1	  460.1	  1	    0.0	   -nan	
 1148	 114.80	  372.4	    0.0	  131.8	 1234.4	  359.3	    0.0	    0.0	 1052.9	    0.0	    0.0	    0.0	  100.0	    0.0	    0.0	    0.0	    0.0	  100.0	   81.9	  0	  150.0	 1050.0	    0.0	    0.0	  100.0	1	  460.1	  1	    0.0	   -nan	
 1149	 114.90	  372.4	    0.0	  131.8	 1234.4	  359.3	    0.0	    0.0	 1052.9	    0.0	    0.0	    0.0	  100.0	    0.0	    0.0	    0.0	    0.0	  100.0	   82.0	  0	  150.0	 1050.0	    0.0	    0.0	  100.0	1	  460.1	  1	    0.0	   -nan	
 1150	 115.00	  372.4	    0.0	  131.8	 1234.4	  359.3	    0.0	    0.0	 1052.9	    0.0	    0.0	    0.0	  100.0	    0.0	    0.0	    0.0	    0.0	  100.0	   82.0	  0	  150.0	 1050.0	    0.0	    0.0	  100.0	1	  460.1	  1	    0.0	   -nan	
 1151	 115.10	  372.4	    0.0	  131.8	 1234.4	  359.3	    0.0	    0.0	 1052.9	    0.0	    0.0	    0.0	  100.0	    0.0	    0.0	    0.0	    0.0	  100.0	   82.1	  0	  150.0	 1050.0	    0.0	    0.0	  100.0	1	  460.1	  1	    0.0	   -nan	
 1152	 115.20	  372.4	    0.0	  131.8	 1234.4	  359.3	    0.0	    0.0	 1042.5	    0.0	    0.0	    0.0	  100.0	    0.0	    0.0	    0.0	    0.0	  100.0	   82.2	  0	  150.0	 1050.0	    0.0	    0.0	  100.0	1	  460.2	  1	    0.0	   -nan	
 1153	 115.30	  372.4	    0.0	  119.0	 1234.4	  359.3	    0.0	    0.0	 1042.5	    0.0	    0.0	    0.0	  100.0	    0.0	    0.0	    0.0	    0.0	  100.0	   82.2	  0	  150.0	 1050.0	    0.0	    0.0	  100.0	1	  460.2	  1	    0.0	   -nan	
 1154	 115.40	  372.4	    0.0	  -48.1	 1234.4	  359.3	    0.0	    0.0	 1042.5	    0.0	    0.0	    0.0	  100.0	    0.0	    0.0	    0.0	    0.0	  100.0	   82.3	  0	  150.0	 1050.0	    0.0	    0.0	  100.0	1	  460.2	  1	    0.0	   -nan	
 1155	 115.50	  372.4	    0.0	  -48.3	 1234.4	  359.3	    0.0	    0.0	 1042.5	    0.0	    0.0	    0.0	  100.0	    0.0	    0.0	    0.0	    0.0	  100.0	   82.4	  0	  150.0	 1050.0	    0.0	    0.0	  100.0	1	  460.2	  1	    0.0	   -nan	
 1156	 115.60	  372.4	    0.0	  -48.3	 1234.4	  359.3	    0.0	    0.0	 1042.5	    0.0	    0.0	    0.0	  100.0	    0.0	    0.0	    0.0	    0.0	  100.0	   82.5	  0	  150.0	 1050.0	    0.0	    0.0	  100.0	1	  460.2	  1	    0.0	   -nan	
 1157	 115.70	  372.4	    0.0	  -48.3	 1234.4	  359.3	    0.0	    0.0	 1042.5	    0.0	    0.0	    0.0	  100.0	    0.0	    0.0	    0.0	    0.0	  100.0	   82.5	  0	  150.0	 1050.0	    0.0	    0.0	  100.0	1	  460.2	  1	    0.0	   -nan	
 1158	 115.80	  372.4	    0.0	  -48.3	 1234.4	  359.3	    0.0	    0.0	 1042.5	    0.0	    0.0	    0.0	  100.0	    0.0	    0.0	    0.0	    0.0	  100.0	   82.6	  0	  150.0	 1050.0	    0.0	    0.0	  100.0	1	  460.2	  1	    0.0	   -nan	
 1159	 115.90	  372.4	    0.0	  -48.3	 1234.4	  359.3	    0.0	    0.0	 1037.2	    0.0	    0.0	    0.0	  100.0	    0.0	    0.0	    0.0	    0.0	  100.0	   82.7	  0	  150.0	 1050.0	    0.0	    0.0	  100.0	1	  460.3	  1	    0.0	   -nan	
 1160	 116.00	  372.4	    0.0	  -48.2	 1234.4	  359.3	    0.0	    0.0	 1037.2	    0.0	    0.0	    0.0	  100.0	    0.0	    0.0	    0.0	    0.0	  100.0	   82.7	  0	  150.0	 1050.0	    0.0	    0.0	  100.0	1	  460.3	  1	    0.0	   -nan	
 1161	 116.10	  372.4	    0.0	  -48.2	 1234.4	  359.3	    0.0	    0.0	 1035.9	    0.0	    0.0	    0.0	  100.0	    0.0	    0.0	    0.0	    0.0	  100.0	   82.8	  0	  150.0	 1050.0	    0.0	    0.0	  100.0	1	  460.3	  1	    0.0	   -nan	
 1162	 116.20	  372.4	    0.0	  -48.2	 1234.4	  359.3	    0.0	    0.0	 1035.9	    0.0	    0.0	    0.0	  100.0	    0.0	    0.0	    0.0	    0.0	  100.0	   82.9	  0	  150.0	 1050.0	    0.0	    0.0	  100.0	1	  460.3	  1	    0.0	   -nan	
 1163	 116.30	  372.4	    0.0	  -48.2	 1234.4	  359.3	    0.0	    0.0	 1037.0	    0.0	    0.0	    0.0	  100.0	    0.0	    0.0	    0.0	    0.0	  100.0	   83.0	  0	  150.0	 1050.0	    0.0	    0.0	  100.0	1	  460.3	  1	    0.0	   -nan	
 1164	 116.40	  372.4	    0.0	  -48.2	 1234.4	  359.3	    0.0	    0.0	 1037.0	    0.0	    0.0	    0.0	  100.0	    0.0	    0.0	    0.0	    0.0	  100.0	   83.0	  0	  150.0	 1050.0	    0.0	    0.0	  100.0	1	  460.3	  1	    0.0	   -nan	
 1165	 116.50	  372.4	    0.0	  -48.2	 1234.4	  359.3	    0.0	    0.0	 1032.5	    0.0	    0.0	    0.0	  100.0	    0.0	    0.0	    0.0	    0.0	  100.0	   83.1	  0	  150.0	 1050.0	    0.0	    0.0	  100.0	1	  460.4	  1	    0.0	   -nan	
 1166	 116.60	  372.4	    0.0	  -48.2	 1234.4	  359.3	    0.0	    0.0	 1032.5	    0.0	    0.0	    0.0	  100.0	    0.0	    0.0	    0.0	    0.0	  100.0	   83.2	  0	  150.0	 1050.0	    0.0	    0.0	  100.0	1	  460.4	  1	    0.0	   -nan	
 1167	 116.70	  372.4	    0.0	  -48.2	 1234.4	  359.3	    0.0	    0.0	 1035.3	    0.0	    0.0	    0.0	  100.0	    0.0	    0.0	    0.0	    0.0	  100.0	   83.2	  0	  150.0	 1050.0	    0.0	    0.0	  100.0	1	  460.3	  1	    0.0	   -nan	
 1168	 116.80	  372.4	    0.0	  -48.2	 1234.4	  359.3	    0.0	    0.0	 1035.3	    0.0	    0.0	    0.0	  100.0	    0.0	    0.0	    0.0	    0.0	  100.0	   83.3	  0	  150.0	 1050.0	    0.0	    0.0	  100.0	1	  460.3	  1	    0.0	   -nan	
 1169	 116.90	  372.4	    0.0	  -48.2	 1234.4	  359.3	    0.0	    0.0	 1037.2	    0.0	    0.0	    0.0	  100.0	    0.0	    0.0	    0.0	    0.0	  100.0	   83.4	  0	  150.0	 1050.0	    0.0	    0.0	  100.0	1	  460.3	  1	    0.0	   -nan	
 1170	 117.00	  372.4	    0.0	  -48.3	 1234.4	  359.3	    0.0	    0.0	 1037.2	    0.0	    0.0	    0.0	  100.0	    0.0	    0.0	    0.0	    0.0	  100.0	   83.5	  0	  150.0	 1050.0	    0.0	    0.0	  100.0	1	  460.3	  1	    0.0	   -nan	
 1171	 117.10	  372.4	    0.0	  -48.3	 1234.4	  359.3	    0.0	    0.0	 1039.3	    0.0	    0.0	    0.0	  100.0	    0.0	    0.0	    0.0	    0.0	  100.0	   83.5	  0	  150.0	 1050.0	    0.0	    0.0	  100.0	1	  460.3	  1	    0.0	   -nan	
 1172	 117.20	  372.4	    0.0	  -48.5	 1234.4	  359.3	    0.0	    0.0	 1039.3	    0.0	    0.0	    0.0	  100.0	    0.0	    0.0	    0.0	    0.0	  100.0	   83.6	  0	  150.0	 1050.0	    0.0	    0.0	  100.0	1	  460.3	  1	    0.0	   -nan	
 1173	 117.30	  372.4	    0.0	  -48.5	 1234.4	  359.3	    0.0	    0.0	 1042.3	    0.0	    0.0	    0.0	  100.0	    0.0	    0.0	    0.0	    0.0	  100.0	   83.7	  0	  150.0	 1050.0	    0.0	    0.0	  100.0	1	  460.2	  1	    0.0	   -nan	
 1174	 117.40	  372.4	    0.0	  -48.8	 1234.4	  359.3	    0.0	    0.0	 1042.3	    0.0	    0.0	    0.0	  100.0	    0.0	    0.0	    0.0	    0.0	  100.0	   83.7	  0	  150.0	 1050.0	    0.0	    0.0	  100.0	1	  460.2	  1	    0.0	   -nan	
 1175	 117.50	  372.4	    0.0	  -48.8	 1234.4	  359.3	    0.0	    0.0	 1076.7	    0.0	    0.0	    0.0	  100.0	    0.0	    0.0	    0.0	    0.0	  100.0	   83.8	  0	  150.0	 1050.0	    0.0	    0.0	  100.0	1	  459.9	  1	    0.0	   -nan	
 1176	 117.60	  372.4	    0.0	  -50.5	 1234.4	  359.3	    0.0	    0.0	 1096.0	    0.0	    0.0	    0.0	  100.0	    0.0	    0.0	    0.0	    0.0	  100.0	   83.9	  0	  150.0	 1050.0	    0.0	    0.0	  100.0	1	  459.8	  1	    0.0	   -nan	
 1177	 117.70	  372.4	    0.0	  -47.3	 1234.4	  359.3	    0.0	    0.0	 1096.0	    0.0	    0.0	    0.0	  100.0	    0.0	    0.0	    0.0	    0.0	  100.0	   84.0	  0	  150.0	 1050.0	    0.0	    0.0	  100.0	1	  459.8	  1	    0.0	   -nan	
 1178	 117.80	  372.4	    0.0	  -47.3	 1234.4	  359.3	    0.0	    0.0	 1108.0	    0.0	    0.0	    0.0	  100.0	    0.0	    0.0	    0.0	    0.0	  100.0	   84.0	  0	  150.0	 1050.0	    0.0	    0.0	  100.0	1	  459.9	  1	    0.0	   -nan	
 1179	 117.90	  372.4	    0.0	  -40.9	 1234.4	  359.3	    0.0	    0.0	 1108.0	    0.0	    0.0	    0.0	  100.0	    0.0	    0.0	    0.0	    0.0	  100.0	   84.1	  0	  150.0	 1050.0	    0.0	    0.0	  100.0	1	  459.9	  1	    0.0	   -nan	
 1180	 118.00	  372.4	    0.0	  -40.9	 1234.4	  359.3	    0.0	    0.0	 1032.0	    0.0	    0.0	    0.0	  100.0	    0.0	    0.0	    0.0	    0.0	  100.0	   84.2	  0	  150.0	 1050.0	    0.0	    0.0	  100.0	1	  460.4	  1	    0.0	   -nan	
 1181	 118.10	  372.4	    0.0	  -47.1	 1234.4	  359.3	    0.0	    0.0	 1032.0	    0.0	    0.0	    0.0	  100.0	    0.0	    0.0	    0.0	    0.0	  100.0	   84.2	  0	  150.0	 1050.0	    0.0	    0.0	  100.0	1	  460.4	  1	    0.0	   -nan	
 1182	 118.20	  372.4	    0.0	  -47.1	 1234.4	  359.3	    0.0	    0.0	 1032.0	    0.0	    0.0	    0.0	  100.0	    0.0	    0.0	    0.0	    0.0	  100.0	   84.3	  0	  150.0	 1050.0	    0.0	    0.0	  100.0	1	  460.4	  1	    0.0	   -nan	
 1183	 118.30	  372.4	    0.0	  -47.1	 1234.4	  359.3	    0.0	    0.0	 1032.0	    0.0	    0.0	    0.0	  100.0	    0.0	    0.0	    0.0	    0.0	  100.0	   84.4	  0	  150.0	 1050.0	    0.0	    0.0	  100.0	1	  460.4	  1	    0.0	   -nan	
 1184	 118.40	  372.4	    0.0	  -47.1	 1234.4	  359.3	    0.0	    0.0	 1032.0	    0.0	    0.0	    0.0	  100.0	    0.0	    0.0	    0.0	    0.0	  100.0	   84.5	  0	  150.0	 1050.0	    0.0	    0.0	  100.0	1	  460.4	  1	    0.0	   -nan	
 1185	 118.50	  372.4	    0.0	  -47.1	 1234.4	  359.3	    0.0	    0.0	 1013.0	    0.0	    0.0	    0.0	  100.0	    0.0	    0.0	    0.0	    0.0	  100.0	   84.5	  0	  150.0	 1050.0	    0.0	    0.0	  100.0	1	  460.8	  1	    0.0	   -nan	
 1186	 118.60	  372.4	    0.0	    3.2	 1234.4	  359.3	    0.0	    0.0	 1013.0	    0.0	    0.0	    0.0	  100.0	    0.0	    0.0	    0.0	    0.0	  100.0	   84.6	  0	  150.0	 1050.0	    0.0	    0.0	  100.0	1	  460.8	  1	    0.0	   -nan	
 1187	 118.70	  372.4	    0.0	    3.2	 1234.4	  359.3	    0.0	    0.0	 1013.0	    0.0	    0.0	    0.0	  100.0	    0.0	    0.0	    0.0	    0.0	  100.0	   84.7	  0	  150.0	 1050.0	    0.0	    0.0	  100.0	1	  460.8	  1	    0.0	   -nan	
 1188	 118.80	  372.4	    0.0	    3.2	 1234.4	  359.3	    0.0	    0.0	 1013.0	    0.0	    0.0	    0.0	  100.0	    0.0	    0.0	    0.0	    0.0	  100.0	   84.7	  0	  150.0	 1050.0	    0.0	    0.0	  100.0	1	  460.8	  1	    0.0	   -nan	
 1189	 118.90	  372.4	    0.0	    3.2	 1234.4	  359.3	    0.0	    0.0	 1013.0	    0.0	    0.0	    0.0	  100.0	    0.0	    0.0	    0.0	    0.0	  100.0	   84.8	  0	  150.0	 1050.0	    0.0	    0.0	  100.0	1	  460.8	  1	    0.0	   -nan	
 1190	 119.00	  372.4	    0.0	    3.2	 1234.4	  359.3	    0.0	    0.0	 1013.0	    0.0	    0.0	    0.0	  100.0	    0.0	    0.0	    0.0	    0.0	  100.0	   84.9	  0	  150.0	 1050.0	    0.0	    0.0	  100.0	1	  460.8	  1	    0.0	   -nan	
 1191	 119.10	  372.4	    0.0	    3.2	 1234.4	  359.3	    0.0	    0.0	 1013.0	    0.0	    0.0	    0.0	  100.0	    0.0	    0.0	    0.0	    0.0	  100.0	   85.0	  0	  150.0	 1050.0	    0.0	    0.0	  100.0	1	  460.8	  1	    0.0	   -nan	
 1192	 119.20	  372.4	    0.0	    3.2	 1234.4	  359.3	    0.0	    0.0	 1013.0	    0.0	    0.0	    0.0	  100.0	    0.0	    0.0	    0.0	    0.0	  100.0	   85.0	  0	  150.0	 1050.0	    0.0	    0.0	  100.0	1	  460.8	  1	    0.0	   -nan	
 1193	 119.30	  372.4	    0.0	    3.2	 1234.4	  359.3	    0.0	    0.0	 1013.0	    0.0	    0.0	    0.0	  100.0	    0.0	    0.0	    0.0	    0.0	  100.0	   85.1	  0	  150.0	 1050.0	    0.0	    0.0	  100.0	1	  460.8	  1	    0.0	   -nan	
 1194	 119.40	  372.4	    0.0	    3.2	 1234.4	  359.3	    0.0	    0.0	 1013.0	    0.0	    0.0	    0.0	  100.0	    0.0	    0.0	    0.0	    0.0	  100.0	   85.2	  0	  150.0	 1050.0	    0.0	    0.0	  100.0	1	  460.8	  1	    0.0	   -nan	
 1195	 119.50	  372.4	    0.0	    3.2	 1234.4	  359.3	    0.0	    0.0	 1013.0	    0.0	    0.0	    0.0	  100.0	    0.0	    0.0	    0.0	    0.0	  100.0	   85.2	  0	  150.0	 1050.0	    0.0	    0.0	  100.0	1	  460.8	  1	    0.0	   -nan	
 1196	 119.60	  372.4	    0.0	    3.2	 1234.4	  359.3	    0.0	    0.0	 1013.0	    0.0	    0.0	    0.0	  100.0	    0.0	    0.0	    0.0	    0.0	  100.0	   85.3	  0	  150.0	 1050.0	    0.0	    0.0	  100.0	1	  460.8	  1	    0.0	   -nan	
 1197	 119.70	  372.4	    0.0	    3.2	 1234.4	  359.3	    0.0	    0.0	 1013.0	    0.0	    0.0	    0.0	  100.0	    0.0	    0.0	    0.0	    0.0	  100.0	   85.4	  0	  150.0	 1050.0	    0.0	    0.0	  100.0	1	  460.8	  1	    0.0	   -nan	
 1198	 119.80	  372.4	    0.0	    3.2	 1234.4	  359.3	    0.0	    0.0	 1013.0	    0.0	    0.0	    0.0	  100.0	    0.0	    0.0	    0.0	    0.0	  100.0	   85.5	  0	  150.0	 1050.0	    0.0	    0.0	  100.0	1	  460.8	  1	    0.0	   -nan	
 1199	 119.90	  372.4	    0.0	    3.2	 1234.4	  359.3	    0.0	    0.0	 1013.0	    0.0	    0.0	    0.0	  100.0	    0.0	    0.0	    0.0	    0.0	  100.0	   85.5	  0	  150.0	 1050.0	    0.0	    0.0	  100.0	1	  460.8	  1	    0.0	   -nan	
 1200	 120.00	  372.4	    0.0	    3.2	 1234.4	  359.3	    0.0	    0.0	 1013.0	    0.0	    0.0	    0.0	  100.0	    0.0	    0.0	    0.0	    0.0	  100.0	   85.6	  0	  150.0	 1050.0	    0.0	    0.0	  100.0	1	  460.8	  1	    0.0	   -nan	
 1201	 120.10	  372.4	    0.0	    3.2	 1234.4	  359.3	    0.0	    0.0	 1104.5	    0.0	    0.0	    0.0	  100.0	    0.0	    0.0	    0.0	    0.0	  100.0	   85.7	  0	  150.0	 1050.0	    0.0	    0.0	  100.0	1	  459.8	  1	    0.0	   -nan	
 1202	 120.20	  372.4	    0.0	 -137.5	 1234.4	  359.3	    0.0	    0.0	 1104.5	    0.0	    0.0	    0.0	  100.0	    0.0	    0.0	    0.0	    0.0	  100.0	   85.7	  0	  150.0	 1050.0	    0.0	    0.0	  100.0	1	  459.8	  1	    0.0	   -nan	
 1203	 120.30	  372.4	    0.0	  131.8	 1234.4	  359.3	    0.0	    0.0	 1099.8	    0.0	    0.0	    0.0	  100.0	    0.0	    0.0	    0.0	    0.0	  100.0	   85.8	  0	  150.0	 1050.0	    0.0	    0.0	  100.0	1	  459.8	  1	    0.0	   -nan	
 1204	 120.40	  372.4	    0.0	  131.7	 1234.4	  359.3	    0.0	    0.0	 1099.8	    0.0	    0.0	    0.0	  100.0	    0.0	    0.0	    0.0	    0.0	  100.0	   85.9	  0	  150.0	 1050.0	    0.0	    0.0	  100.0	1	  459.8	  1	    0.0	   -nan	
 1205	 120.50	  372.4	    0.0	  131.7	 1234.4	  359.3	    0.0	    0.0	 1092.0	    0.0	    0.0	    0.0	  100.0	    0.0	    0.0	    0.0	    0.0	  100.0	   86.0	  0	  150.0	 1050.0	    0.0	    0.0	  100.0	1	  459.8	  1	    0.0	   -nan	
 1206	 120.60	  372.4	    0.0	  131.8	 1234.4	  359.3	    0.0	    0.0	 1092.0	    0.0	    0.0	    0.0	  100.0	    0.0	    0.0	    0.0	    0.0	  100.0	   86.0	  0	  150.0	 1050.0	    0.0	    0.0	  100.0	1	  459.8	  1	    0.0	   -nan	
 1207	 120.70	  372.4	    0.0	  131.8	 1234.4	  359.3	    0.0	    0.0	 1092.0	    0.0	    0.0	    0.0	  100.0	    0.0	    0.0	    0.0	    0.0	  100.0	   86.1	  0	  150.0	 1050.0	    0.0	    0.0	  100.0	1	  459.8	  1	    0.0	   -nan	
 1208	 120.80	  372.4	    0.0	  131.8	 1234.4	  359.3	    0.0	    0.0	 1092.0	    0.0	    0.0	    0.0	  100.0	    0.0	    0.0	    0.0	    0.0	  100.0	   86.2	  0	  150.0	 1050.0	    0.0	    0.0	  100.0	1	  459.8	  1	    0.0	   -nan	
 1209	 120.90	  372.4	    0.0	  131.8	 1234.4	  359.3	    0.0	    0.0	 1092.0	    0.0	    0.0	    0.0	  100.0	    0.0	    0.0	    0.0	    0.0	  100.0	   86.2	  0	  150.0	 1050.0	    0.0	    0.0	  100.0	1	  459.8	  1	    0.0	   -nan	
 1210	 121.00	  372.4	    0.0	  131.8	 1234.4	  359.3	    0.0	    0.0	 1092.0	    0.0	    0.0	    0.0	  100.0	    0.0	    0.0	    0.0	    0.0	  100.0	   86.3	  0	  150.0	 1050.0	    0.0	    0.0	  100.0	1	  459.8	  1	    0.0	   -nan	
 1211	 121.10	  372.4	    0.0	  131.8	 1234.4	  359.3	    0.0	    0.0	 1092.0	    0.0	    0.0	    0.0	  100.0	    0.0	    0.0	    0.0	    0.0	  100.0	   86.4	  0	  150.0	 1050.0	    0.0	    0.0	  100.0	1	  459.8	  1	    0.0	   -nan	
 1212	 121.20	  372.4	    0.0	  131.8	 1234.4	  359.3	    0.0	    0.0	 1092.0	    0.0	    0.0	    0.0	  100.0	    0.0	    0.0	    0.0	    0.0	  100.0	   86.5	  0	  150.0	 1050.0	    0.0	    0.0	  100.0	1	  459.8	  1	    0.0	   -nan	
 1213	 121.30	  372.4	    0.0	  131.8	 1234.4	  359.3	    0.0	    0.0	 1092.0	    0.0	    0.0	    0.0	  100.0	    0.0	    0.0	    0.0	    0.0	  100.0	   86.5	  0	  150.0	 1050.0	    0.0	    0.0	  100.0	1	  459.8	  1	    0.0	   -nan	
 1214	 121.40	  372.4	    0.0	  131.8	 1234.4	  359.3	    0.0	    0.0	 1092.0	    0.0	    0.0	    0.0	  100.0	    0.0	    0.0	    0.0	    0.0	  100.0	   86.6	  0	  150.0	 1050.0	    0.0	    0.0	  100.0	1	  459.8	  1	    0.0	   -nan	
 1215	 121.50	  372.4	    0.0	  131.8	 1234.4	  359.3	    0.0	    0.0	 1092.0	    0.0	    0.0	    0.0	  100.0	    0.0	    0.0	    0.0	    0.0	  100.0	   86.7	  0	  150.0	 1050.0	    0.0	    0.0	  100.0	1	  459.8	  1	    0.0	   -nan	
 1216	 121.60	  372.4	    0.0	  131.8	 1234.4	  359.3	    0.0	    0.0	 1092.0	    0.0	    0.0	    0.0	  100.0	    0.0	    0.0	    0.0	    0.0	  100.0	   86.7	  0	  150.0	 1050.0	    0.0	    0.0	  100.0	1	  459.8	  1	    0.0	   -nan	
 1217	 121.70	  372.4	    0.0	  131.8	 1234.4	  359.3	    0.0	    0.0	 1092.0	    0.0	    0.0	    0.0	  100.0	    0.0	    0.0	    0.0	    0.0	  100.0	   86.8	  0	  150.0	 1050.0	    0.0	    0.0	  100.0	1	  459.8	  1	    0.0	   -nan	
 1218	 121.80	  372.4	    0.0	  131.8	 1234.4	  359.3	    0.0	    0.0	 1092.0	    0.0	    0.0	    0.0	  100.0	    0.0	    0.0	    0.0	    0.0	  100.0	   86.9	  0	  150.0	 1050.0	    0.0	    0.0	  100.0	1	  459.8	  1	    0.0	   -nan	
 1219	 121.90	  372.4	    0.0	  131.8	 1234.4	  359.3	    0.0	    0.0	 1092.0	    0.0	    0.0	    0.0	  100.0	    0.0	    0.0	    0.0	    0.0	  100.0	   87.0	  0	  150.0	 1050.0	    0.0	    0.0	  100.0	1	  459.8	  1	    0.0	   -nan	
 1220	 122.00	  372.4	    0.0	  131.8	 1234.4	  359.3	    0.0	    0.0	 1092.0	    0.0	    0.0	    0.0	  100.0	    0.0	    0.0	    0.0	    0.0	  100.0	   87.0	  0	  150.0	 1050.0	    0.0	    0.0	  100.0	1	  459.8	  1	    0.0	   -nan	
 1221	 122.10	  372.4	    0.0	  131.8	 1234.4	  359.3	    0.0	    0.0	 1092.0	    0.0	    0.0	    0.0	  100.0	    0.0	    0.0	    0.0	    0.0	  100.0	   87.1	  0	  150.0	 1050.0	    0.0	    0.0	  100.0	1	  459.8	  1	    0.0	   -nan	
 1222	 122.20	  372.4	    0.0	  131.8	 1234.4	  359.3	    0.0	    0.0	 1092.0	    0.0	    0.0	    0.0	  100.0	    0.0	    0.0	    0.0	    0.0	  100.0	   87.2	  0	  150.0	 1050.0	    0.0	    0.0	  100.0	1	  459.8	  1	    0.0	   -nan	
 1223	 122.30	  372.4	    0.0	  131.8	 1234.4	  359.3	    0.0	    0.0	 1092.0	    0.0	    0.0	    0.0	  100.0	    0.0	    0.0	    0.0	    0.0	  100.0	   87.2	  0	  150.0	 1050.0	    0.0	    0.0	  100.0	1	  459.8	  1	    0.0	   -nan	
 1224	 122.40	  372.4	    0.0	  131.8	 1234.4	  359.3	    0.0	    0.0	 1092.0	    0.0	    0.0	    0.0	  100.0	    0.0	    0.0	    0.0	    0.0	  100.0	   87.3	  0	  150.0	 1050.0	    0.0	    0.0	  100.0	1	  459.8	  1	    0.0	   -nan	
 1225	 122.50	  372.4	    0.0	  131.8	 1234.4	  359.3	    0.0	    0.0	 1092.0	    0.0	    0.0	    0.0	  100.0	    0.0	    0.0	    0.0	    0.0	  100.0	   87.4	  0	  150.0	 1050.0	    0.0	    0.0	  100.0	1	  459.8	  1	    0.0	   -nan	
 1226	 122.60	  372.4	    0.0	  131.8	 1234.4	  359.3	    0.0	    0.0	 1092.0	    0.0	    0.0	    0.0	  100.0	    0.0	    0.0	    0.0	    0.0	  100.0	   87.5	  0	  150.0	 1050.0	    0.0	    0.0	  100.0	1	  459.8	  1	    0.0	   -nan	
 1227	 122.70	  372.4	    0.0	  131.8	 1234.4	  359.3	    0.0	    0.0	 1092.0	    0.0	    0.0	    0.0	  100.0	    0.0	    0.0	    0.0	    0.0	  100.0	   87.5	  0	  150.0	 1050.0	    0.0	    0.0	  100.0	1	  459.8	  1	    0.0	   -nan	
 1228	 122.80	  372.4	    0.0	  131.8	 1234.4	  359.3	    0.0	    0.0	 1092.0	    0.0	    0.0	    0.0	  100.0	    0.0	    0.0	    0.0	    0.0	  100.0	   87.6	  0	  150.0	 1050.0	    0.0	    0.0	  100.0	1	  459.8	  1	    0.0	   -nan	
 1229	 122.90	  372.4	    0.0	  131.8	 1234.4	  359.3	    0.0	    0.0	 1092.0	    0.0	    0.0	    0.0	  100.0	    0.0	    0.0	    0.0	    0.0	  100.0	   87.7	  0	  150.0	 1050.0	    0.0	    0.0	  100.0	1	  459.8	  1	    0.0	   -nan	
 1230	 123.00	  372.4	    0.0	  131.8	 1234.4	  359.3	    0.0	    0.0	 1092.0	    0.0	    0.0	    0.0	  100.0	    0.0	    0.0	    0.0	    0.0	  100.0	   87.7	  0	  150.0	 1050.0	    0.0	    0.0	  100.0	1	  459.8	  1	    0.0	   -nan	
 1231	 123.10	  372.4	    0.0	  131.8	 1234.4	  359.3	    0.0	    0.0	 1092.0	    0.0	    0.0	    0.0	  100.0	    0.0	    0.0	    0.0	    0.0	  100.0	   87.8	  0	  150.0	 1050.0	    0.0	    0.0	  100.0	1	  459.8	  1	    0.0	   -nan	
 1232	 123.20	  372.4	    0.0	  131.8	 1234.4	  359.3	    0.0	    0.0	 1092.0	    0.0	    0.0	    0.0	  100.0	    0.0	    0.0	    0.0	    0.0	  100.0	   87.9	  0	  150.0	 1050.0	    0.0	    0.0	  100.0	1	  459.8	  1	    0.0	   -nan	
 1233	 123.30	  372.4	    0.0	  131.8	 1234.4	  359.3	    0.0	    0.0	 1092.0	    0.0	    0.0	    0.0	  100.0	    0.0	    0.0	    0.0	    0.0	  100.0	   88.0	  0	  150.0	 1050.0	    0.0	    0.0	  100.0	1	  459.8	  1	    0.0	   -nan	
 1234	 123.40	  372.4	    0.0	  131.8	 1234.4	  359.3	    0.0	    0.0	 1092.0	    0.0	    0.0	    0.0	  100.0	    0.0	    0.0	    0.0	    0.0	  100.0	   88.0	  0	  150.0	 1050.0	    0.0	    0.0	  100.0	1	  459.8	  1	    0.0	   -nan	
 1235	 123.50	  372.4	    0.0	  131.8	 1234.4	  359.3	    0.0	    0.0	  713.7	    0.0	    0.0	    0.0	  100.0	    0.0	    0.0	    0.0	    0.0	  100.0	   88.1	  0	  150.0	 1050.0	    0.0	    0.0	  100.0	1	  484.0	  1	    0.0	   -nan	
 1236	 123.60	  372.4	    0.0	   34.9	 1234.4	  359.3	    0.0	    0.0	  716.1	    0.0	    0.0	    0.0	  100.0	    0.0	    0.0	    0.0	    0.0	  100.0	   88.2	  0	  150.0	 1050.0	    0.0	    0.0	  100.0	1	  483.7	  1	    0.0	   -nan	
 1237	 123.70	  372.4	    0.0	  -47.7	 1234.4	  359.3	    0.0	    0.0	  720.4	    0.0	    0.0	    0.0	  100.0	    0.0	    0.0	    0.0	    0.0	  100.0	   88.2	  0	  150.0	 1050.0	    0.0	    0.0	  100.0	1	  483.1	  1	    0.0	   -nan	
 1238	 123.80	  372.4	    0.0	  -48.7	 1234.4	  359.3	    0.0	    0.0	  722.9	    0.0	    0.0	    0.0	  100.0	    0.0	    0.0	    0.0	    0.0	  100.0	   88.3	  0	  150.0	 1050.0	    0.0	    0.0	  100.0	1	  482.8	  1	    0.0	   -nan	
 1239	 123.90	  372.4	    0.0	  -48.8	 1234.4	  359.3	    0.0	    0.0	  722.9	    0.0	    0.0	    0.0	  100.0	    0.0	    0.0	    0.0	    0.0	  100.0	   88.4	  0	  150.0	 1050.0	    0.0	    0.0	  100.0	1	  482.8	  1	    0.0	   -nan	
 1240	 124.00	  372.4	    0.0	  -48.8	 1234.4	  359.3	    0.0	    0.0	  725.3	    0.0	    0.0	    0.0	  100.0	    0.0	    0.0	    0.0	    0.0	  100.0	   88.5	  0	  150.0	 1050.0	    0.0	    0.0	  100.0	1	  482.4	  1	    0.0	   -nan	
 1241	 124.10	  372.4	    0.0	  -48.8	 1234.4	  359.3	    0.0	    0.0	  725.3	    0.0	    0.0	    0.0	  100.0	    0.0	    0.0	    0.0	    0.0	  100.0	   88.5	  0	  150.0	 1050.0	    0.0	    0.0	  100.0	1	  482.4	  1	    0.0	   -nan	
 1242	 124.20	  372.4	    0.0	  -48.8	 1234.4	  359.3	    0.0	    0.0	  725.3	    0.0	    0.0	    0.0	  100.0	    0.0	    0.0	    0.0	    0.0	  100.0	   88.6	  0	  150.0	 1050.0	    0.0	    0.0	  100.0	1	  482.4	  1	    0.0	   -nan	
 1243	 124.30	  372.4	    0.0	  -48.8	 1234.4	  359.3	    0.0	    0.0	  725.3	    0.0	    0.0	    0.0	  100.0	    0.0	    0.0	    0.0	    0.0	  100.0	   88.7	  0	  150.0	 1050.0	    0.0	    0.0	  100.0	1	  482.4	  1	    0.0	   -nan	
 1244	 124.40	  372.4	    0.0	  -48.8	 1234.4	  359.3	    0.0	    0.0	  725.3	    0.0	    0.0	    0.0	  100.0	    0.0	    0.0	    0.0	    0.0	  100.0	   88.7	  0	  150.0	 1050.0	    0.0	    0.0	  100.0	1	  482.4	  1	    0.0	   -nan	
 1245	 124.50	  372.4	    0.0	  -48.8	 1234.4	  359.3	    0.0	    0.0	  725.3	    0.0	    0.0	    0.0	  100.0	    0.0	    0.0	    0.0	    0.0	  100.0	   88.8	  0	  150.0	 1050.0	    0.0	    0.0	  100.0	1	  482.4	  1	    0.0	   -nan	
 1246	 124.60	  372.4	    0.0	  -48.8	 1234.4	  359.3	    0.0	    0.0	  725.3	    0.0	    0.0	    0.0	  100.0	    0.0	    0.0	    0.0	    0.0	  100.0	   88.9	  0	  150.0	 1050.0	    0.0	    0.0	  100.0	1	  482.4	  1	    0.0	   -nan	
 1247	 124.70	  372.4	    0.0	  -48.8	 1234.4	  359.3	    0.0	    0.0	  725.3	    0.0	    0.0	    0.0	  100.0	    0.0	    0.0	    0.0	    0.0	  100.0	   89.0	  0	  150.0	 1050.0	    0.0	    0.0	  100.0	1	  482.4	  1	    0.0	   -nan	
 1248	 124.80	  372.4	    0.0	  -48.8	 1234.4	  359.3	    0.0	    0.0	  725.7	    0.0	    0.0	    0.0	  100.0	    0.0	    0.0	    0.0	    0.0	  100.0	   89.0	  0	  150.0	 1050.0	    0.0	    0.0	  100.0	1	  482.4	  1	    0.0	   -nan	
 1249	 124.90	  372.4	    0.0	  -48.9	 1234.4	  359.3	    0.0	    0.0	  725.7	    0.0	    0.0	    0.0	  100.0	    0.0	    0.0	    0.0	    0.0	  100.0	   89.1	  0	  150.0	 1050.0	    0.0	    0.0	  100.0	1	  482.4	  1	    0.0	   -nan	
 1250	 125.00	  372.4	    0.0	  -48.9	 1234.4	  359.3	    0.0	    0.0	  728.1	    0.0	    0.0	    0.0	  100.0	    0.0	    0.0	    0.0	    0.0	  100.0	   89.2	  0	  150.0	 1050.0	    0.0	    0.0	  100.0	1	  482.1	  1	    0.0	   -nan	
 1251	 125.10	  372.4	    0.0	  -49.9	 1234.4	  359.3	    0.0	    0.0	  728.1	    0.0	    0.0	    0.0	  100.0	    0.0	    0.0	    0.0	    0.0	  100.0	   89.2	  0	  150.0	 1050.0	    0.0	    0.0	  100.0	1	  482.1	  1	    0.0	   -nan	
 1252	 125.20	  372.4	    0.0	  -49.9	 1234.4	  359.3	    0.0	    0.0	  730.2	    0.0	    0.0	    0.0	  100.0	    0.0	    0.0	    0.0	    0.0	  100.0	   89.3	  0	  150.0	 1050.0	    0.0	    0.0	  100.0	1	  481.8	  1	    0.0	   -nan	
 1253	 125.30	  372.4	    0.0	  -51.2	 1234.4	  359.3	    0.0	    0.0	  730.2	    0.0	    0.0	    0.0	  100.0	    0.0	    0.0	    0.0	    0.0	  100.0	   89.4	  0	  150.0	 1050.0	    0.0	    0.0	  100.0	1	  481.8	  1	    0.0	   -nan	
 1254	 125.40	  372.4	    0.0	  -51.2	 1234.4	  359.3	    0.0	    0.0	  731.3	    0.0	    0.0	    0.0	  100.0	    0.0	    0.0	    0.0	    0.0	  100.0	   89.5	  0	  150.0	 1050.0	    0.0	    0.0	  100.0	1	  481.7	  1	    0.0	   -nan	
 1255	 125.50	  372.4	    0.0	  -52.4	 1234.4	  359.3	    0.0	    0.0	  731.3	    0.0	    0.0	    0.0	  100.0	    0.0	    0.0	    0.0	    0.0	  100.0	   89.5	  0	  150.0	 1050.0	    0.0	    0.0	  100.0	1	  481.7	  1	    0.0	   -nan	
 1256	 125.60	  372.4	    0.0	  -52.4	 1234.4	  359.3	    0.0	    0.0	  732.9	    0.0	    0.0	    0.0	  100.0	    0.0	    0.0	    0.0	    0.0	  100.0	   89.6	  0	  150.0	 1050.0	    0.0	    0.0	  100.0	1	  481.4	  1	    0.0	   -nan	
 1257	 125.70	  372.4	    0.0	  -55.3	 1234.4	  359.3	    0.0	    0.0	  732.9	    0.0	    0.0	    0.0	  100.0	    0.0	    0.0	    0.0	    0.0	  100.0	   89.7	  0	  150.0	 1050.0	    0.0	    0.0	  100.0	1	  481.4	  1	    0.0	   -nan	
 1258	 125.80	  372.4	    0.0	  -55.3	 1234.4	  359.3	    0.0	    0.0	  732.9	    0.0	    0.0	    0.0	  100.0	    0.0	    0.0	    0.0	    0.0	  100.0	   89.7	  0	  150.0	 1050.0	    0.0	    0.0	  100.0	1	  481.4	  1	    0.0	   -nan	
 1259	 125.90	  372.4	    0.0	  -55.3	 1234.4	  359.3	    0.0	    0.0	  732.1	    0.0	    0.0	    0.0	  100.0	    0.0	    0.0	    0.0	    0.0	  100.0	   89.8	  0	  150.0	 1050.0	    0.0	    0.0	  100.0	1	  481.5	  1	    0.0	   -nan	
 1260	 126.00	  372.4	    0.0	  -52.1	 1234.4	  359.3	    0.0	    0.0	  732.1	    0.0	    0.0	    0.0	  100.0	    0.0	    0.0	    0.0	    0.0	  100.0	   89.9	  0	  150.0	 1050.0	    0.0	    0.0	  100.0	1	  481.5	  1	    0.0	   -nan	
 1261	 126.10	  372.4	    0.0	  -52.1	 1234.4	  359.3	    0.0	    0.0	  732.9	    0.0	    0.0	    0.0	  100.0	    0.0	    0.0	    0.0	    0.0	  100.0	   90.0	  0	  150.0	 1050.0	    0.0	    0.0	  100.0	1	  481.4	  1	    0.0	   -nan	
 1262	 126.20	  372.4	    0.0	  -57.4	 1234.4	  359.3	    0.0	    0.0	  732.9	    0.0	    0.0	    0.0	  100.0	    0.0	    0.0	    0.0	    0.0	  100.0	   90.0	  0	  150.0	 1050.0	    0.0	    0.0	  100.0	1	  481.4	  1	    0.0	   -nan	
 1263	 126.30	  372.4	    0.0	  -57.4	 1234.4	  359.3	    0.0	    0.0	  732.9	    0.0	    0.0	    0.0	  100.0	    0.0	    0.0	    0.0	    0.0	  100.0	   90.1	  0	  150.0	 1050.0	    0.0	    0.0	  100.0	1	  481.4	  1	    0.0	   -nan	
 1264	 126.40	  372.4	    0.0	  -57.4	 1234.4	  359.3	    0.0	    0.0	  732.9	    0.0	    0.0	    0.0	  100.0	    0.0	    0.0	    0.0	    0.0	  100.0	   90.2	  0	  150.0	 1050.0	    0.0	    0.0	  100.0	1	  481.4	  1	    0.0	   -nan	
 1265	 126.50	  372.4	    0.0	  -57.4	 1234.4	  359.3	    0.0	    0.0	  732.9	    0.0	    0.0	    0.0	  100.0	    0.0	    0.0	    0.0	    0.0	  100.0	   90.2	  0	  150.0	 1050.0	    0.0	    0.0	  100.0	1	  481.4	  1	    0.0	   -nan	
 1266	 126.60	  372.4	    0.0	  -57.4	 1234.4	  359.3	    0.0	    0.0	  731.3	    0.0	    0.0	    0.0	  100.0	    0.0	    0.0	    0.0	    0.0	  100.0	   90.3	  0	  150.0	 1050.0	    0.0	    0.0	  100.0	1	  481.7	  1	    0.0	   -nan	
 1267	 126.70	  372.4	    0.0	  -22.7	 1234.4	  359.3	    0.0	    0.0	  732.1	    0.0	    0.0	    0.0	  100.0	    0.0	    0.0	    0.0	    0.0	  100.0	   90.4	  0	  150.0	 1050.0	    0.0	    0.0	  100.0	1	  481.5	  1	    0.0	   -nan	
 1268	 126.80	  372.4	    0.0	  -43.9	 1234.4	  359.3	    0.0	    0.0	  732.1	    0.0	    0.0	    0.0	  100.0	    0.0	    0.0	    0.0	    0.0	  100.0	   90.5	  0	  150.0	 1050.0	    0.0	    0.0	  100.0	1	  481.5	  1	    0.0	   -nan	
 1269	 126.90	  372.4	    0.0	  -43.9	 1234.4	  359.3	    0.0	    0.0	  732.1	    0.0	    0.0	    0.0	  100.0	    0.0	    0.0	    0.0	    0.0	  100.0	   90.5	  0	  150.0	 1050.0	    0.0	    0.0	  100.0	1	  481.5	  1	    0.0	   -nan	
 1270	 127.00	  372.4	    0.0	  -43.9	 1234.4	  359.3	    0.0	    0.0	  731.3	    0.0	    0.0	    0.0	  100.0	    0.0	    0.0	    0.0	    0.0	  100.0	   90.6	  0	  150.0	 1050.0	    0.0	    0.0	  100.0	1	  481.7	  1	    0.0	   -nan	
 1271	 127.10	  372.4	    0.0	   -6.2	 1234.4	  359.3	    0.0	    0.0	  729.7	    0.0	    0.0	    0.0	  100.0	    0.0	    0.0	    0.0	    0.0	  100.0	   90.7	  0	  150.0	 1050.0	    0.0	    0.0	  100.0	1	  481.9	  1	    0.0	   -nan	
 1272	 127.20	  372.4	    0.0	   19.7	 1234.4	  359.3	    0.0	    0.0	  729.7	    0.0	    0.0	    0.0	  100.0	    0.0	    0.0	    0.0	    0.0	  100.0	   90.7	  0	  150.0	 1050.0	    0.0	    0.0	  100.0	1	  481.9	  1	    0.0	   -nan	
 1273	 127.30	  372.4	    0.0	   19.7	 1234.4	  359.3	    0.0	    0.0	  729.7	    0.0	    0.0	    0.0	  100.0	    0.0	    0.0	    0.0	    0.0	  100.0	   90.8	  0	  150.0	 1050.0	    0.0	    0.0	  100.0	1	  481.9	  1	    0.0	   -nan	
 1274	 127.40	  372.4	    0.0	   19.7	 1234.4	  359.3	    0.0	    0.0	  729.7	    0.0	    0.0	    0.0	  100.0	    0.0	    0.0	    0.0	    0.0	  100.0	   90.9	  0	  150.0	 1050.0	    0.0	    0.0	  100.0	1	  481.9	  1	    0.0	   -nan	
 1275	 127.50	  372.4	    0.0	   19.7	 1234.4	  359.3	    0.0	    0.0	  729.7	    0.0	    0.0	    0.0	  100.0	    0.0	    0.0	    0.0	    0.0	  100.0	   91.0	  0	  150.0	 1050.0	    0.0	    0.0	  100.0	1	  481.9	  1	    0.0	   -nan	
 1276	 127.60	  372.4	    0.0	   19.7	 1234.4	  359.3	    0.0	    0.0	  735.1	    0.0	    0.0	    0.0	  100.0	    0.0	    0.0	    0.0	    0.0	  100.0	   91.0	  0	  150.0	 1050.0	    0.0	    0.0	  100.0	1	  481.2	  1	    0.0	   -nan	
 1277	 127.70	  372.4	    0.0	 -142.3	 1234.4	  359.3	    0.0	    0.0	  735.1	    0.0	    0.0	    0.0	  100.0	    0.0	    0.0	    0.0	    0.0	  100.0	   91.1	  0	  150.0	 1050.0	    0.0	    0.0	  100.0	1	  481.2	  1	    0.0	   -nan	
 1278	 127.80	  372.4	    0.0	  126.1	 1234.4	  359.3	    0.0	    0.0	  734.6	    0.0	    0.0	    0.0	  100.0	    0.0	    0.0	    0.0	    0.0	  100.0	   91.2	  0	  150.0	 1050.0	    0.0	    0.0	  100.0	1	  481.2	  1	    0.0	   -nan	
 1279	 127.90	  372.4	    0.0	  125.6	 1234.4	  359.3	    0.0	    0.0	  734.6	    0.0	    0.0	    0.0	  100.0	    0.0	    0.0	    0.0	    0.0	  100.0	   91.2	  0	  150.0	 1050.0	    0.0	    0.0	  100.0	1	  481.2	  1	    0.0	   -nan	
 1280	 128.00	  372.4	    0.0	  125.6	 1234.4	  359.3	    0.0	    0.0	  737.0	    0.0	    0.0	    0.0	  100.0	    0.0	    0.0	    0.0	    0.0	  100.0	   91.3	  0	  150.0	 1050.0	    0.0	    0.0	  100.0	1	  480.9	  1	    0.0	   -nan	
 1281	 128.10	  372.4	    0.0	  125.8	 1234.4	  359.3	    0.0	    0.0	  737.0	    0.0	    0.0	    0.0	  100.0	    0.0	    0.0	    0.0	    0.0	  100.0	   91.4	  0	  150.0	 1050.0	    0.0	    0.0	  100.0	1	  480.9	  1	    0.0	   -nan	
 1282	 128.20	  372.4	    0.0	  125.8	 1234.4	  359.3	    0.0	    0.0	  735.0	    0.0	    0.0	    0.0	  100.0	    0.0	    0.0	    0.0	    0.0	  100.0	   91.5	  0	  150.0	 1050.0	    0.0	    0.0	  100.0	1	  481.2	  1	    0.0	   -nan	
 1283	 128.30	  372.4	    0.0	  125.6	 1234.4	  359.3	    0.0	    0.0	  735.4	    0.0	    0.0	    0.0	  100.0	    0.0	    0.0	    0.0	    0.0	  100.0	   91.5	  0	  150.0	 1050.0	    0.0	    0.0	  100.0	1	  481.1	  1	    0.0	   -nan	
 1284	 128.40	  372.4	    0.0	  125.6	 1234.4	  359.3	    0.0	    0.0	  735.4	    0.0	    0.0	    0.0	  100.0	    0.0	    0.0	    0.0	    0.0	  100.0	   91.6	  0	  150.0	 1050.0	    0.0	    0.0	  100.0	1	  481.1	  1	    0.0	   -nan	
 1285	 128.50	  372.4	    0.0	  125.6	 1234.4	  359.3	    0.0	    0.0	  734.1	    0.0	    0.0	    0.0	  100.0	    0.0	    0.0	    0.0	    0.0	  100.0	   91.7	  0	  150.0	 1050.0	    0.0	    0.0	  100.0	1	  481.3	  1	    0.0	   -nan	
 1286	 128.60	  372.4	    0.0	  125.2	 1234.4	  359.3	    0.0	    0.0	  734.1	    0.0	    0.0	    0.0	  100.0	    0.0	    0.0	    0.0	    0.0	  100.0	   91.7	  0	  150.0	 1050.0	    0.0	    0.0	  100.0	1	  481.3	  1	    0.0	   -nan	
 1287	 128.70	  372.4	    0.0	  125.2	 1234.4	  359.3	    0.0	    0.0	  734.1	    0.0	    0.0	    0.0	  100.0	    0.0	    0.0	    0.0	    0.0	  100.0	   91.8	  0	  150.0	 1050.0	    0.0	    0.0	  100.0	1	  481.3	  1	    0.0	   -nan	
 1288	 128.80	  372.4	    0.0	  125.2	 1234.4	  359.3	    0.0	    0.0	  729.1	    0.0	    0.0	    0.0	  100.0	    0.0	    0.0	    0.0	    0.0	  100.0	   91.9	  0	  150.0	 1050.0	    0.0	    0.0	  100.0	1	  481.9	  1	    0.0	   -nan	
 1289	 128.90	  372.4	    0.0	  121.8	 1234.4	  359.3	    0.0	    0.0	  729.1	    0.0	    0.0	    0.0	  100.0	    0.0	    0.0	    0.0	    0.0	  100.0	   91.9	  0	  150.0	 1050.0	    0.0	    0.0	  100.0	1	  481.9	  1	    0.0	   -nan	
 1290	 129.00	  372.4	    0.0	  117.0	 1234.4	  359.3	    0.0	    0.0	  729.1	    0.0	    0.0	    0.0	  100.0	    0.0	    0.0	    0.0	    0.0	  100.0	   92.0	  0	  150.0	 1050.0	    0.0	    0.0	  100.0	1	  481.9	  1	    0.0	   -nan	
 1291	 129.10	  372.4	    0.0	  -49.0	 1234.4	  359.3	    0.0	    0.0	  731.2	    0.0	    0.0	    0.0	  100.0	    0.0	    0.0	    0.0	    0.0	  100.0	   92.1	  0	  150.0	 1050.0	    0.0	    0.0	  100.0	1	  481.7	  1	    0.0	   -nan	
 1292	 129.20	  372.4	    0.0	  -54.5	 1234.4	  359.3	    0.0	    0.0	  731.2	    0.0	    0.0	    0.0	  100.0	    0.0	    0.0	    0.0	    0.0	  100.0	   92.2	  0	  150.0	 1050.0	    0.0	    0.0	  100.0	1	  481.7	  1	    0.0	   -nan	
 1293	 129.30	  372.4	    0.0	  -54.5	 1234.4	  359.3	    0.0	    0.0	  730.4	    0.0	    0.0	    0.0	  100.0	    0.0	    0.0	    0.0	    0.0	  100.0	   92.2	  0	  150.0	 1050.0	    0.0	    0.0	  100.0	1	  481.8	  1	    0.0	   -nan	
 1294	 129.40	  372.4	    0.0	  -54.5	 1234.4	  359.3	    0.0	    0.0	  733.3	    0.0	    0.0	    0.0	  100.0	    0.0	    0.0	    0.0	    0.0	  100.0	   92.3	  0	  150.0	 1050.0	    0.0	    0.0	  100.0	1	  481.4	  1	    0.0	   -nan	
 1295	 129.50	  372.4	    0.0	  -54.6	 1234.4	  359.3	    0.0	    0.0	  733.3	    0.0	    0.0	    0.0	  100.0	    0.0	    0.0	    0.0	    0.0	  100.0	   92.4	  0	  150.0	 1050.0	    0.0	    0.0	  100.0	1	  481.4	  1	    0.0	   -nan	
 1296	 129.60	  372.4	    0.0	  -54.6	 1234.4	  359.3	    0.0	    0.0	  730.3	    0.0	    0.0	    0.0	  100.0	    0.0	    0.0	    0.0	    0.0	  100.0	   92.4	  0	  150.0	 1050.0	    0.0	    0.0	  100.0	1	  481.8	  1	    0.0	   -nan	
 1297	 129.70	  372.4	    0.0	  -54.4	 1234.4	  359.3	    0.0	    0.0	  730.3	    0.0	    0.0	    0.0	  100.0	    0.0	    0.0	    0.0	    0.0	  100.0	   92.5	  0	  150.0	 1050.0	    0.0	    0.0	  100.0	1	  481.8	  1	    0.0	   -nan	
 1298	 129.80	  372.4	    0.0	  -54.4	 1234.4	  359.3	    0.0	    0.0	  739.2	    0.0	    0.0	    0.0	  100.0	    0.0	    0.0	    0.0	    0.0	  100.0	   92.6	  0	  150.0	 1050.0	    0.0	    0.0	  100.0	1	  480.6	  1	    0.0	   -nan	
 1299	 129.90	  372.4	    0.0	  -55.0	 1234.4	  359.3	    0.0	    0.0	  753.9	    0.0	    0.0	    0.0	  100.0	    0.0	    0.0	    0.0	    0.0	  100.0	   92.7	  0	  150.0	 1050.0	    0.0	    0.0	  100.0	1	  478.8	  1	    0.0	   -nan	
 1300	 130.00	  372.4	    0.0	  -56.1	 1234.4	  359.3	    0.0	    0.0	  753.9	    0.0	    0.0	    0.0	  100.0	    0.0	    0.0	    0.0	    0.0	  100.0	   92.7	  0	  150.0	 1050.0	    0.0	    0.0	  100.0	1	  478.8	  1	    0.0	   -nan	
 1301	 130.10	  372.4	    0.0	  -56.1	 1234.4	  359.3	    0.0	    0.0	  779.2	    0.0	    0.0	    0.0	  100.0	    0.0	    0.0	    0.0	    0.0	  100.0	   92.8	  0	  150.0	 1050.0	    0.0	    0.0	  100.0	1	  475.9	  1	    0.0	   -nan	
 1302	 130.20	  372.4	    0.0	  -59.1	 1234.4	  359.3	    0.0	    0.0	  793.4	    0.0	    0.0	    0.0	  100.0	    0.0	    0.0	    0.0	    0.0	  100.0	   92.9	  0	  150.0	 1050.0	    0.0	    0.0	  100.0	1	  474.4	  1	    0.0	   -nan	
 1303	 130.30	  372.4	    0.0	  -61.0	 1234.4	  359.3	    0.0	    0.0	  809.7	    0.0	    0.0	    0.0	  100.0	    0.0	    0.0	    0.0	    0.0	  100.0	   92.9	  0	  150.0	 1050.0	    0.0	    0.0	  100.0	1	  472.8	  1	    0.0	   -nan	
 1304	 130.40	  372.4	    0.0	  -63.6	 1234.4	  359.3	    0.0	    0.0	  833.0	    0.0	    0.0	    0.0	  100.0	    0.0	    0.0	    0.0	    0.0	  100.0	   93.0	  0	  150.0	 1050.0	    0.0	    0.0	  100.0	1	  470.7	  1	    0.0	   -nan	
 1305	 130.50	  372.4	    0.0	  -67.9	 1234.4	  359.3	    0.0	    0.0	  833.0	    0.0	    0.0	    0.0	  100.0	    0.0	    0.0	    0.0	    0.0	  100.0	   93.1	  0	  150.0	 1050.0	    0.0	    0.0	  100.0	1	  470.7	  1	    0.0	   -nan	
 1306	 130.60	  372.4	    0.0	  -67.9	 1234.4	  359.3	    0.0	    0.0	  850.6	    0.0	    0.0	    0.0	  100.0	    0.0	    0.0	    0.0	    0.0	  100.0	   93.2	  0	  150.0	 1050.0	    0.0	    0.0	  100.0	1	  469.2	  1	    0.0	   -nan	
 1307	 130.70	  372.4	    0.0	  -72.4	 1234.4	  359.3	    0.0	    0.0	  876.1	    0.0	    0.0	    0.0	  100.0	    0.0	    0.0	    0.0	    0.0	  100.0	   93.2	  0	  150.0	 1050.0	    0.0	    0.0	  100.0	1	  467.3	  1	    0.0	   -nan	
 1308	 130.80	  372.4	    0.0	  -79.4	 1234.4	  359.3	    0.0	    0.0	  876.1	    0.0	    0.0	    0.0	  100.0	    0.0	    0.0	    0.0	    0.0	  100.0	   93.3	  0	  150.0	 1050.0	    0.0	    0.0	  100.0	1	  467.3	  1	    0.0	   -nan	
 1309	 130.90	  372.4	    0.0	  -79.4	 1234.4	  359.3	    0.0	    0.0	  876.1	    0.0	    0.0	    0.0	  100.0	    0.0	    0.0	    0.0	    0.0	  100.0	   93.4	  0	  150.0	 1050.0	    0.0	    0.0	  100.0	1	  467.3	  1	    0.0	   -nan	
 1310	 131.00	  372.4	    0.0	  -79.4	 1234.4	  359.3	    0.0	    0.0	  898.0	    0.0	    0.0	    0.0	  100.0	    0.0	    0.0	    0.0	    0.0	  100.0	   93.4	  0	  150.0	 1050.0	    0.0	    0.0	  100.0	1	  465.8	  1	    0.0	   -nan	
 1311	 131.10	  372.4	    0.0	  -89.0	 1234.4	  359.3	    0.0	    0.0	  898.0	    0.0	    0.0	    0.0	  100.0	    0.0	    0.0	    0.0	    0.0	  100.0	   93.5	  0	  150.0	 1050.0	    0.0	    0.0	  100.0	1	  465.8	  1	    0.0	   -nan	
 1312	 131.20	  372.4	    0.0	  -89.0	 1234.4	  359.3	    0.0	    0.0	  898.0	    0.0	    0.0	    0.0	  100.0	    0.0	    0.0	    0.0	    0.0	  100.0	   93.6	  0	  150.0	 1050.0	    0.0	    0.0	  100.0	1	  465.8	  1	    0.0	   -nan	
 1313	 131.30	  372.4	    0.0	  -89.0	 1234.4	  359.3	    0.0	    0.0	  919.0	    0.0	    0.0	    0.0	  100.0	    0.0	    0.0	    0.0	    0.0	  100.0	   93.7	  0	  150.0	 1050.0	    0.0	    0.0	  100.0	1	  464.6	  1	    0.0	   -nan	
 1314	 131.40	  372.4	    0.0	 -101.4	 1234.4	  359.3	    0.0	    0.0	  919.0	    0.0	    0.0	    0.0	  100.0	    0.0	    0.0	    0.0	    0.0	  100.0	   93.7	  0	  150.0	 1050.0	    0.0	    0.0	  100.0	1	  464.6	  1	    0.0	   -nan	
 1315	 131.50	  372.4	    0.0	 -101.4	 1234.4	  359.3	    0.0	    0.0	  932.6	    0.0	    0.0	    0.0	  100.0	    0.0	    0.0	    0.0	    0.0	  100.0	   93.8	  0	  150.0	 1050.0	    0.0	    0.0	  100.0	1	  463.9	  1	    0.0	   -nan	
 1316	 131.60	  372.4	    0.0	 -109.2	 1234.4	  359.3	    0.0	    0.0	  932.6	    0.0	    0.0	    0.0	  100.0	    0.0	    0.0	    0.0	    0.0	  100.0	   93.9	  0	  150.0	 1050.0	    0.0	    0.0	  100.0	1	  463.9	  1	    0.0	   -nan	
 1317	 131.70	  372.4	    0.0	 -109.2	 1234.4	  359.3	    0.0	    0.0	  927.3	    0.0	    0.0	    0.0	  100.0	    0.0	    0.0	    0.0	    0.0	  100.0	   93.9	  0	  150.0	 1050.0	    0.0	    0.0	  100.0	1	  464.2	  1	    0.0	   -nan	
 1318	 131.80	  372.4	    0.0	 -104.6	 1234.4	  359.3	    0.0	    0.0	  928.5	    0.0	    0.0	    0.0	  100.0	    0.0	    0.0	    0.0	    0.0	  100.0	   94.0	  0	  150.0	 1050.0	    0.0	    0.0	  100.0	1	  464.1	  1	    0.0	   -nan	
 1319	 131.90	  372.4	    0.0	 -106.1	 1234.4	  359.3	    0.0	    0.0	  928.5	    0.0	    0.0	    0.0	  100.0	    0.0	    0.0	    0.0	    0.0	  100.0	   94.1	  0	  150.0	 1050.0	    0.0	    0.0	  100.0	1	  464.1	  1	    0.0	   -nan	
 1320	 132.00	  372.4	    0.0	 -106.1	 1234.4	  359.3	    0.0	    0.0	  928.5	    0.0	    0.0	    0.0	  100.0	    0.0	    0.0	    0.0	    0.0	  100.0	   94.2	  0	  150.0	 1050.0	    0.0	    0.0	  100.0	1	  464.1	  1	    0.0	   -nan	
 1321	 132.10	  372.4	    0.0	 -106.1	 1234.4	  359.3	    0.0	    0.0	  928.5	    0.0	    0.0	    0.0	  100.0	    0.0	    0.0	    0.0	    0.0	  100.0	   94.2	  0	  150.0	 1050.0	    0.0	    0.0	  100.0	1	  464.1	  1	    0.0	   -nan	
 1322	 132.20	  372.4	    0.0	 -106.1	 1234.4	  359.3	    0.0	    0.0	  928.8	    0.0	    0.0	    0.0	  100.0	    0.0	    0.0	    0.0	    0.0	  100.0	   94.3	  0	  150.0	 1050.0	    0.0	    0.0	  100.0	1	  464.1	  1	    0.0	   -nan	
 1323	 132.30	  372.4	    0.0	 -107.1	 1234.4	  359.3	    0.0	    0.0	  928.8	    0.0	    0.0	    0.0	  100.0	    0.0	    0.0	    0.0	    0.0	  100.0	   94.4	  0	  150.0	 1050.0	    0.0	    0.0	  100.0	1	  464.1	  1	    0.0	   -nan	
 1324	 132.40	  372.4	    0.0	 -107.1	 1234.4	  359.3	    0.0	    0.0	  931.2	    0.0	    0.0	    0.0	  100.0	    0.0	    0.0	    0.0	    0.0	  100.0	   94.4	  0	  150.0	 1050.0	    0.0	    0.0	  100.0	1	  464.0	  1	    0.0	   -nan	
 1325	 132.50	  372.4	    0.0	 -116.2	 1234.4	  359.3	    0.0	    0.0	  931.2	    0.0	    0.0	    0.0	  100.0	    0.0	    0.0	    0.0	    0.0	  100.0	   94.5	  0	  150.0	 1050.0	    0.0	    0.0	  100.0	1	  464.0	  1	    0.0	   -nan	
 1326	 132.60	  372.4	    0.0	 -116.2	 1234.4	  359.3	    0.0	    0.0	  931.2	    0.0	    0.0	    0.0	  100.0	    0.0	    0.0	    0.0	    0.0	  100.0	   94.6	  0	  150.0	 1050.0	    0.0	    0.0	  100.0	1	  464.0	  1	    0.0	   -nan	
 1327	 132.70	  372.4	    0.0	 -116.2	 1234.4	  359.3	    0.0	    0.0	  936.9	    0.0	    0.0	    0.0	  100.0	    0.0	    0.0	    0.0	    0.0	  100.0	   94.7	  0	  150.0	 1050.0	    0.0	    0.0	  100.0	1	  463.7	  1	    0.0	   -nan	
 1328	 132.80	  372.4	    0.0	 -130.0	 1234.4	  359.3	    0.0	    0.0	  936.9	    0.0	    0.0	    0.0	  100.0	    0.0	    0.0	    0.0	    0.0	  100.0	   94.7	  0	  150.0	 1050.0	    0.0	    0.0	  100.0	1	  463.7	  1	    0.0	   -nan	
 1329	 132.90	  372.4	    0.0	  133.8	 1234.4	  359.3	    0.0	    0.0	  936.9	    0.0	    0.0	    0.0	  100.0	    0.0	    0.0	    0.0	    0.0	  100.0	   94.8	  0	  150.0	 1050.0	    0.0	    0.0	  100.0	1	  463.7	  1	    0.0	   -nan	
 1330	 133.00	  372.4	    0.0	  130.9	 1234.4	  359.3	    0.0	    0.0	  926.8	    0.0	    0.0	    0.0	  100.0	    0.0	    0.0	    0.0	    0.0	  100.0	   94.9	  0	  150.0	 1050.0	    0.0	    0.0	  100.0	1	  464.2	  1	    0.0	   -nan	
 1331	 133.10	  372.4	    0.0	  130.7	 1234.4	  359.3	    0.0	    0.0	  926.8	    0.0	    0.0	    0.0	  100.0	    0.0	    0.0	    0.0	    0.0	  100.0	   94.9	  0	  150.0	 1050.0	    0.0	    0.0	  100.0	1	  464.2	  1	    0.0	   -nan	
 1332	 133.20	  372.4	    0.0	  130.7	 1234.4	  359.3	    0.0	    0.0	  926.2	    0.0	    0.0	    0.0	  100.0	    0.0	    0.0	    0.0	    0.0	  100.0	   95.0	  0	  150.0	 1050.0	    0.0	    0.0	  100.0	1	  464.2	  1	    0.0	   -nan	
 1333	 133.30	  372.4	    0.0	  130.6	 1234.4	  359.3	    0.0	    0.0	  926.2	    0.0	    0.0	    0.0	  100.0	    0.0	    0.0	    0.0	    0.0	  100.0	   95.1	  0	  150.0	 1050.0	    0.0	    0.0	  100.0	1	  464.2	  1	    0.0	   -nan	
 1334	 133.40	  372.4	    0.0	  130.6	 1234.4	  359.3	    0.0	    0.0	  926.2	    0.0	    0.0	    0.0	  100.0	    0.0	    0.0	    0.0	    0.0	  100.0	   95.2	  0	  150.0	 1050.0	    0.0	    0.0	  100.0	1	  464.2	  1	    0.0	   -nan	
 1335	 133.50	  372.4	    0.0	  130.6	 1234.4	  359.3	    0.0	    0.0	  927.6	    0.0	    0.0	    0.0	  100.0	    0.0	    0.0	    0.0	    0.0	  100.0	   95.2	  0	  150.0	 1050.0	    0.0	    0.0	  100.0	1	  464.1	  1	    0.0	   -nan	
 1336	 133.60	  372.4	    0.0	  130.8	 1234.4	  359.3	    0.0	    0.0	  927.6	    0.0	    0.0	    0.0	  100.0	    0.0	    0.0	    0.0	    0.0	  100.0	   95.3	  0	  150.0	 1050.0	    0.0	    0.0	  100.0	1	  464.1	  1	    0.0	   -nan	
 1337	 133.70	  372.4	    0.0	  130.8	 1234.4	  359.3	    0.0	    0.0	  927.4	    0.0	    0.0	    0.0	  100.0	    0.0	    0.0	    0.0	    0.0	  100.0	   95.4	  0	  150.0	 1050.0	    0.0	    0.0	  100.0	1	  464.2	  1	    0.0	   -nan	
 1338	 133.80	  372.4	    0.0	  130.7	 1234.4	  359.3	    0.0	    0.0	  927.4	    0.0	    0.0	    0.0	  100.0	    0.0	    0.0	    0.0	    0.0	  100.0	   95.4	  0	  150.0	 1050.0	    0.0	    0.0	  100.0	1	  464.2	  1	    0.0	   -nan	
 1339	 133.90	  372.4	    0.0	  130.7	 1234.4	  359.3	    0.0	    0.0	  927.4	    0.0	    0.0	    0.0	  100.0	    0.0	    0.0	    0.0	    0.0	  100.0	   95.5	  0	  150.0	 1050.0	    0.0	    0.0	  100.0	1	  464.2	  1	    0.0	   -nan	
 1340	 134.00	  372.4	    0.0	  130.7	 1234.4	  359.3	    0.0	    0.0	  927.9	    0.0	    0.0	    0.0	  100.0	    0.0	    0.0	    0.0	    0.0	  100.0	   95.6	  0	  150.0	 1050.0	    0.0	    0.0	  100.0	1	  464.1	  1	    0.0	   -nan	
 1341	 134.10	  372.4	    0.0	  130.9	 1234.4	  359.3	    0.0	    0.0	  927.9	    0.0	    0.0	    0.0	  100.0	    0.0	    0.0	    0.0	    0.0	  100.0	   95.7	  0	  150.0	 1050.0	    0.0	    0.0	  100.0	1	  464.1	  1	    0.0	   -nan	
 1342	 134.20	  372.4	    0.0	  130.9	 1234.4	  359.3	    0.0	    0.0	  927.9	    0.0	    0.0	    0.0	  100.0	    0.0	    0.0	    0.0	    0.0	  100.0	   95.7	  0	  150.0	 1050.0	    0.0	    0.0	  100.0	1	  464.1	  1	    0.0	   -nan	
 1343	 134.30	  372.4	    0.0	  130.9	 1234.4	  359.3	    0.0	    0.0	  927.9	    0.0	    0.0	    0.0	  100.0	    0.0	    0.0	    0.0	    0.0	  100.0	   95.8	  0	  150.0	 1050.0	    0.0	    0.0	  100.0	1	  464.1	  1	    0.0	   -nan	
 1344	 134.40	  372.4	    0.0	  130.9	 1234.4	  359.3	    0.0	    0.0	  927.9	    0.0	    0.0	    0.0	  100.0	    0.0	    0.0	    0.0	    0.0	  100.0	   95.9	  0	  150.0	 1050.0	    0.0	    0.0	  100.0	1	  464.1	  1	    0.0	   -nan	
 1345	 134.50	  372.4	    0.0	  130.9	 1234.4	  359.3	    0.0	    0.0	  927.9	    0.0	    0.0	    0.0	  100.0	    0.0	    0.0	    0.0	    0.0	  100.0	   95.9	  0	  150.0	 1050.0	    0.0	    0.0	  100.0	1	  464.1	  1	    0.0	   -nan	
 1346	 134.60	  372.4	    0.0	  130.9	 1234.4	  359.3	    0.0	    0.0	  927.9	    0.0	    0.0	    0.0	  100.0	    0.0	    0.0	    0.0	    0.0	  100.0	   96.0	  0	  150.0	 1050.0	    0.0	    0.0	  100.0	1	  464.1	  1	    0.0	   -nan	
 1347	 134.70	  372.4	    0.0	  130.9	 1234.4	  359.3	    0.0	    0.0	  927.9	    0.0	    0.0	    0.0	  100.0	    0.0	    0.0	    0.0	    0.0	  100.0	   96.1	  0	  150.0	 1050.0	    0.0	    0.0	  100.0	1	  464.1	  1	    0.0	   -nan	
 1348	 134.80	  372.4	    0.0	  130.9	 1234.4	  359.3	    0.0	    0.0	  927.9	    0.0	    0.0	    0.0	  100.0	    0.0	    0.0	    0.0	    0.0	  100.0	   96.2	  0	  150.0	 1050.0	    0.0	    0.0	  100.0	1	  464.1	  1	    0.0	   -nan	
 1349	 134.90	  372.4	    0.0	  130.9	 1234.4	  359.3	    0.0	    0.0	  927.9	    0.0	    0.0	    0.0	  100.0	    0.0	    0.0	    0.0	    0.0	  100.0	   96.2	  0	  150.0	 1050.0	    0.0	    0.0	  100.0	1	  464.1	  1	    0.0	   -nan	
 1350	 135.00	  372.4	    0.0	  130.9	 1234.4	  359.3	    0.0	    0.0	  927.9	    0.0	    0.0	    0.0	  100.0	    0.0	    0.0	    0.0	    0.0	  100.0	   96.3	  0	  150.0	 1050.0	    0.0	    0.0	  100.0	1	  464.1	  1	    0.0	   -nan	
 1351	 135.10	  372.4	    0.0	  130.9	 1234.4	  359.3	    0.0	    0.0	  929.7	    0.0	    0.0	    0.0	  100.0	    0.0	    0.0	    0.0	    0.0	  100.0	   96.4	  0	  150.0	 1050.0	    0.0	    0.0	  100.0	1	  464.0	  1	    0.0	   -nan	
 1352	 135.20	  372.4	    0.0	  140.4	 1234.4	  359.3	    0.0	    0.0	  929.7	    0.0	    0.0	    0.0	  100.0	    0.0	    0.0	    0.0	    0.0	  100.0	   96.4	  0	  150.0	 1050.0	    0.0	    0.0	  100.0	1	  464.0	  1	    0.0	   -nan	
 1353	 135.30	  372.4	    0.0	  -49.5	 1234.4	  359.3	    0.0	    0.0	  929.7	    0.0	    0.0	    0.0	  100.0	    0.0	    0.0	    0.0	    0.0	  100.0	   96.5	  0	  150.0	 1050.0	    0.0	    0.0	  100.0	1	  464.0	  1	    0.0	   -nan	
 1354	 135.40	  372.4	    0.0	  -49.3	 1234.4	  359.3	    0.0	    0.0	  929.7	    0.0	    0.0	    0.0	  100.0	    0.0	    0.0	    0.0	    0.0	  100.0	   96.6	  0	  150.0	 1050.0	    0.0	    0.0	  100.0	1	  464.0	  1	    0.0	   -nan	
 1355	 135.50	  372.4	    0.0	  -49.3	 1234.4	  359.3	    0.0	    0.0	  929.7	    0.0	    0.0	    0.0	  100.0	    0.0	    0.0	    0.0	    0.0	  100.0	   96.7	  0	  150.0	 1050.0	    0.0	    0.0	  100.0	1	  464.0	  1	    0.0	   -nan	
 1356	 135.60	  372.4	    0.0	  -49.3	 1234.4	  359.3	    0.0	    0.0	  929.7	    0.0	    0.0	    0.0	  100.0	    0.0	    0.0	    0.0	    0.0	  100.0	   96.7	  0	  150.0	 1050.0	    0.0	    0.0	  100.0	1	  464.0	  1	    0.0	   -nan	
 1357	 135.70	  372.4	    0.0	  -49.3	 1234.4	  359.3	    0.0	    0.0	  929.7	    0.0	    0.0	    0.0	  100.0	    0.0	    0.0	    0.0	    0.0	  100.0	   96.8	  0	  150.0	 1050.0	    0.0	    0.0	  100.0	1	  464.0	  1	    0.0	   -nan	
 1358	 135.80	  372.4	    0.0	  -49.3	 1234.4	  359.3	    0.0	    0.0	  929.7	    0.0	    0.0	    0.0	  100.0	    0.0	    0.0	    0.0	    0.0	  100.0	   96.9	  0	  150.0	 1050.0	    0.0	    0.0	  100.0	1	  464.0	  1	    0.0	   -nan	
 1359	 135.90	  372.4	    0.0	  -49.3	 1234.4	  359.3	    0.0	    0.0	  929.7	    0.0	    0.0	    0.0	  100.0	    0.0	    0.0	    0.0	    0.0	  100.0	   96.9	  0	  150.0	 1050.0	    0.0	    0.0	  100.0	1	  464.0	  1	    0.0	   -nan	
 1360	 136.00	  372.4	    0.0	  -49.3	 1234.4	  359.3	    0.0	    0.0	  929.7	    0.0	    0.0	    0.0	  100.0	    0.0	    0.0	    0.0	    0.0	  100.0	   97.0	  0	  150.0	 1050.0	    0.0	    0.0	  100.0	1	  464.0	  1	    0.0	   -nan	
 1361	 136.10	  372.4	    0.0	  -49.3	 1234.4	  359.3	    0.0	    0.0	  929.7	    0.0	    0.0	    0.0	  100.0	    0.0	    0.0	    0.0	    0.0	  100.0	   97.1	  0	  150.0	 1050.0	    0.0	    0.0	  100.0	1	  464.0	  1	    0.0	   -nan	
 1362	 136.20	  372.4	    0.0	  -49.3	 1234.4	  359.3	    0.0	    0.0	  929.7	    0.0	    0.0	    0.0	  100.0	    0.0	    0.0	    0.0	    0.0	  100.0	   97.2	  0	  150.0	 1050.0	    0.0	    0.0	  100.0	1	  464.0	  1	    0.0	   -nan	
 1363	 136.30	  372.4	    0.0	  -49.3	 1234.4	  359.3	    0.0	    0.0	  929.7	    0.0	    0.0	    0.0	  100.0	    0.0	    0.0	    0.0	    0.0	  100.0	   97.2	  0	  150.0	 1050.0	    0.0	    0.0	  100.0	1	  464.0	  1	    0.0	   -nan	
 1364	 136.40	  372.4	    0.0	  -49.3	 1234.4	  359.3	    0.0	    0.0	  929.7	    0.0	    0.0	    0.0	  100.0	    0.0	    0.0	    0.0	    0.0	  100.0	   97.3	  0	  150.0	 1050.0	    0.0	    0.0	  100.0	1	  464.0	  1	    0.0	   -nan	
 1365	 136.50	  372.4	    0.0	  -49.3	 1234.4	  359.3	    0.0	    0.0	  929.7	    0.0	    0.0	    0.0	  100.0	    0.0	    0.0	    0.0	    0.0	  100.0	   97.4	  0	  150.0	 1050.0	    0.0	    0.0	  100.0	1	  464.0	  1	    0.0	   -nan	
 1366	 136.60	  372.4	    0.0	  -49.3	 1234.4	  359.3	    0.0	    0.0	  929.7	    0.0	    0.0	    0.0	  100.0	    0.0	    0.0	    0.0	    0.0	  100.0	   97.4	  0	  150.0	 1050.0	    0.0	    0.0	  100.0	1	  464.0	  1	    0.0	   -nan	
 1367	 136.70	  372.4	    0.0	  -49.3	 1234.4	  359.3	    0.0	    0.0	  929.7	    0.0	    0.0	    0.0	  100.0	    0.0	    0.0	    0.0	    0.0	  100.0	   97.5	  0	  150.0	 1050.0	    0.0	    0.0	  100.0	1	  464.0	  1	    0.0	   -nan	
 1368	 136.80	  372.4	    0.0	  -49.3	 1234.4	  359.3	    0.0	    0.0	  929.7	    0.0	    0.0	    0.0	  100.0	    0.0	    0.0	    0.0	    0.0	  100.0	   97.6	  0	  150.0	 1050.0	    0.0	    0.0	  100.0	1	  464.0	  1	    0.0	   -nan	
 1369	 136.90	  372.4	    0.0	  -49.3	 1234.4	  359.3	    0.0	    0.0	  929.7	    0.0	    0.0	    0.0	  100.0	    0.0	    0.0	    0.0	    0.0	  100.0	   97.7	  0	  150.0	 1050.0	    0.0	    0.0	  100.0	1	  464.0	  1	    0.0	   -nan	
 1370	 137.00	  372.4	    0.0	  -49.3	 1234.4	  359.3	    0.0	    0.0	  929.7	    0.0	    0.0	    0.0	  100.0	    0.0	    0.0	    0.0	    0.0	  100.0	   97.7	  0	  150.0	 1050.0	    0.0	    0.0	  100.0	1	  464.0	  1	    0.0	   -nan	
 1371	 137.10	  372.4	    0.0	  -49.3	 1234.4	  359.3	    0.0	    0.0	  929.7	    0.0	    0.0	    0.0	  100.0	    0.0	    0.0	    0.0	    0.0	  100.0	   97.8	  0	  150.0	 1050.0	    0.0	    0.0	  100.0	1	  464.0	  1	    0.0	   -nan	
 1372	 137.20	  372.4	    0.0	  -49.3	 1234.4	  359.3	    0.0	    0.0	  929.7	    0.0	    0.0	    0.0	  100.0	    0.0	    0.0	    0.0	    0.0	  100.0	   97.9	  0	  150.0	 1050.0	    0.0	    0.0	  100.0	1	  464.0	  1	    0.0	   -nan	
 1373	 137.30	  372.4	    0.0	  -49.3	 1234.4	  359.3	    0.0	    0.0	  929.7	    0.0	    0.0	    0.0	  100.0	    0.0	    0.0	    0.0	    0.0	  100.0	   97.9	  0	  150.0	 1050.0	    0.0	    0.0	  100.0	1	  464.0	  1	    0.0	   -nan	
 1374	 137.40	  372.4	    0.0	  -49.3	 1234.4	  359.3	    0.0	    0.0	  929.7	    0.0	    0.0	    0.0	  100.0	    0.0	    0.0	    0.0	    0.0	  100.0	   98.0	  0	  150.0	 1050.0	    0.0	    0.0	  100.0	1	  464.0	  1	    0.0	   -nan	
 1375	 137.50	  372.4	    0.0	  -49.3	 1234.4	  359.3	    0.0	    0.0	  929.7	    0.0	    0.0	    0.0	  100.0	    0.0	    0.0	    0.0	    0.0	  100.0	   98.1	  0	  150.0	 1050.0	    0.0	    0.0	  100.0	1	  464.0	  1	    0.0	   -nan	
 1376	 137.60	  372.4	    0.0	  -49.3	 1234.4	  359.3	    0.0	    0.0	  929.7	    0.0	    0.0	    0.0	  100.0	    0.0	    0.0	    0.0	    0.0	  100.0	   98.2	  0	  150.0	 1050.0	    0.0	    0.0	  100.0	1	  464.0	  1	    0.0	   -nan	
 1377	 137.70	  372.4	    0.0	  -49.3	 1234.4	  359.3	    0.0	    0.0	  929.7	    0.0	    0.0	    0.0	  100.0	    0.0	    0.0	    0.0	    0.0	  100.0	   98.2	  0	  150.0	 1050.0	    0.0	    0.0	  100.0	1	  464.0	  1	    0.0	   -nan	
 1378	 137.80	  372.4	    0.0	  -49.3	 1234.4	  359.3	    0.0	    0.0	  929.7	    0.0	    0.0	    0.0	  100.0	    0.0	    0.0	    0.0	    0.0	  100.0	   98.3	  0	  150.0	 1050.0	    0.0	    0.0	  100.0	1	  464.0	  1	    0.0	   -nan	
 1379	 137.90	  372.4	    0.0	  -49.3	 1234.4	  359.3	    0.0	    0.0	  929.7	    0.0	    0.0	    0.0	  100.0	    0.0	    0.0	    0.0	    0.0	  100.0	   98.4	  0	  150.0	 1050.0	    0.0	    0.0	  100.0	1	  464.0	  1	    0.0	   -nan	
 1380	 138.00	  372.4	    0.0	  -49.3	 1234.4	  359.3	    0.0	    0.0	  929.7	    0.0	    0.0	    0.0	  100.0	    0.0	    0.0	    0.0	    0.0	  100.0	   98.4	  0	  150.0	 1050.0	    0.0	    0.0	  100.0	1	  464.0	  1	    0.0	   -nan	
 1381	 138.10	  372.4	    0.0	  -49.3	 1234.4	  359.3	    0.0	    0.0	  929.7	    0.0	    0.0	    0.0	  100.0	    0.0	    0.0	    0.0	    0.0	  100.0	   98.5	  0	  150.0	 1050.0	    0.0	    0.0	  100.0	1	  464.0	  1	    0.0	   -nan	
 1382	 138.20	  372.4	    0.0	  -49.3	 1234.4	  359.3	    0.0	    0.0	  929.7	    0.0	    0.0	    0.0	  100.0	    0.0	    0.0	    0.0	    0.0	  100.0	   98.6	  0	  150.0	 1050.0	    0.0	    0.0	  100.0	1	  464.0	  1	    0.0	   -nan	
 1383	 138.30	  372.4	    0.0	  -49.3	 1234.4	  359.3	    0.0	    0.0	  929.7	    0.0	    0.0	    0.0	  100.0	    0.0	    0.0	    0.0	    0.0	  100.0	   98.7	  0	  150.0	 1050.0	    0.0	    0.0	  100.0	1	  464.0	  1	    0.0	   -nan	
 1384	 138.40	  372.4	    0.0	  -49.3	 1234.4	  359.3	    0.0	    0.0	  929.7	    0.0	    0.0	    0.0	  100.0	    0.0	    0.0	    0.0	    0.0	  100.0	   98.7	  0	  150.0	 1050.0	    0.0	    0.0	  100.0	1	  464.0	  1	    0.0	   -nan	
 1385	 138.50	  372.4	    0.0	  -49.3	 1234.4	  359.3	    0.0	    0.0	  929.7	    0.0	    0.0	    0.0	  100.0	    0.0	    0.0	    0.0	    0.0	  100.0	   98.8	  0	  150.0	 1050.0	    0.0	    0.0	  100.0	1	  464.0	  1	    0.0	   -nan	
 1386	 138.60	  372.4	    0.0	  -49.3	 1234.4	  359.3	    0.0	    0.0	  929.7	    0.0	    0.0	    0.0	  100.0	    0.0	    0.0	    0.0	    0.0	  100.0	   98.9	  0	  150.0	 1050.0	    0.0	    0.0	  100.0	1	  464.0	  1	    0.0	   -nan	
 1387	 138.70	  372.4	    0.0	  -49.3	 1234.4	  359.3	    0.0	    0.0	  929.7	    0.0	    0.0	    0.0	  100.0	    0.0	    0.0	    0.0	    0.0	  100.0	   98.9	  0	  150.0	 1050.0	    0.0	    0.0	  100.0	1	  464.0	  1	    0.0	   -nan	
 1388	 138.80	  372.4	    0.0	  -49.3	 1234.4	  359.3	    0.0	    0.0	  929.7	    0.0	    0.0	    0.0	  100.0	    0.0	    0.0	    0.0	    0.0	  100.0	   99.0	  0	  150.0	 1050.0	    0.0	    0.0	  100.0	1	  464.0	  1	    0.0	   -nan	
 1389	 138.90	  372.4	    0.0	  -49.3	 1234.4	  359.3	    0.0	    0.0	  929.7	    0.0	    0.0	    0.0	  100.0	    0.0	    0.0	    0.0	    0.0	  100.0	   99.1	  0	  150.0	 1050.0	    0.0	    0.0	  100.0	1	  464.0	  1	    0.0	   -nan	
 1390	 139.00	  372.4	    0.0	  -49.3	 1234.4	  359.3	    0.0	    0.0	  929.7	    0.0	    0.0	    0.0	  100.0	    0.0	    0.0	    0.0	    0.0	  100.0	   99.2	  0	  150.0	 1050.0	    0.0	    0.0	  100.0	1	  464.0	  1	    0.0	   -nan	
 1391	 139.10	  372.4	    0.0	  -49.3	 1234.4	  359.3	    0.0	    0.0	  929.7	    0.0	    0.0	    0.0	  100.0	    0.0	    0.0	    0.0	    0.0	  100.0	   99.2	  0	  150.0	 1050.0	    0.0	    0.0	  100.0	1	  464.0	  1	    0.0	   -nan	
 1392	 139.20	  372.4	    0.0	  -49.3	 1234.4	  359.3	    0.0	    0.0	  929.7	    0.0	    0.0	    0.0	  100.0	    0.0	    0.0	    0.0	    0.0	  100.0	   99.3	  0	  150.0	 1050.0	    0.0	    0.0	  100.0	1	  464.0	  1	    0.0	   -nan	
 1393	 139.30	  372.4	    0.0	  -49.3	 1234.4	  359.3	    0.0	    0.0	  929.7	    0.0	    0.0	    0.0	  100.0	    0.0	    0.0	    0.0	    0.0	  100.0	   99.4	  0	  150.0	 1050.0	    0.0	    0.0	  100.0	1	  464.0	  1	    0.0	   -nan	
 1394	 139.40	  372.4	    0.0	  -49.3	 1234.4	  359.3	    0.0	    0.0	  929.7	    0.0	    0.0	    0.0	  100.0	    0.0	    0.0	    0.0	    0.0	  100.0	   99.4	  0	  150.0	 1050.0	    0.0	    0.0	  100.0	1	  464.0	  1	    0.0	   -nan	
 1395	 139.50	  372.4	    0.0	  -49.3	 1234.4	  359.3	    0.0	    0.0	  929.7	    0.0	    0.0	    0.0	  100.0	    0.0	    0.0	    0.0	    0.0	  100.0	   99.5	  0	  150.0	 1050.0	    0.0	    0.0	  100.0	1	  464.0	  1	    0.0	   -nan	
 1396	 139.60	  372.4	    0.0	  -49.3	 1234.4	  359.3	    0.0	    0.0	  929.7	    0.0	    0.0	    0.0	  100.0	    0.0	    0.0	    0.0	    0.0	  100.0	   99.6	  0	  150.0	 1050.0	    0.0	    0.0	  100.0	1	  464.0	  1	    0.0	   -nan	
 1397	 139.70	  372.4	    0.0	  -49.3	 1234.4	  359.3	    0.0	    0.0	  915.1	    0.0	    0.0	    0.0	  100.0	    0.0	    0.0	    0.0	    0.0	  100.0	   99.7	  0	  150.0	 1050.0	    0.0	    0.0	  100.0	1	  464.8	  1	    0.0	   -nan	
 1398	 139.80	  372.4	    0.0	   40.0	 1234.4	  359.3	    0.0	    0.0	  915.1	    0.0	    0.0	    0.0	  100.0	    0.0	    0.0	    0.0	    0.0	  100.0	   99.7	  0	  150.0	 1050.0	    0.0	    0.0	  100.0	1	  464.8	  1	    0.0	   -nan	
 1399	 139.90	  372.4	    0.0	  130.1	 1234.4	  359.3	    0.0	    0.0	  915.1	    0.0	    0.0	    0.0	  100.0	    0.0	    0.0	    0.0	    0.0	  100.0	   99.8	  0	  150.0	 1050.0	    0.0	    0.0	  100.0	1	  464.8	  1	    0.0	   -nan	
 1400	 140.00	  372.4	    0.0	  130.5	 1234.4	  359.3	    0.0	    0.0	  917.8	    0.0	    0.0	    0.0	  100.0	    0.0	    0.0	    0.0	    0.0	  100.0	   99.9	  0	  150.0	 1050.0	    0.0	    0.0	  100.0	1	  464.7	  1	    0.0	   -nan	
 1401	 140.10	  372.4	    0.0	  130.6	 1234.4	  359.3	    0.0	    0.0	  922.8	    0.0	    0.0	    0.0	  100.0	    0.0	    0.0	    0.0	    0.0	  100.0	   99.9	  0	  150.0	 1050.0	    0.0	    0.0	  100.0	1	  464.4	  1	    0.0	   -nan	
 1402	 140.20	  372.4	    0.0	  130.7	 1234.4	  359.3	    0.0	    0.0	  922.8	    0.0	    0.0	    0.0	  100.0	    0.0	    0.0	    0.0	    0.0	  100.0	  100.0	  0	  150.0	 1050.0	    0.0	    0.0	  100.0	1	  464.4	  1	    0.0	   -nan	
 1403	 140.30	  372.4	    0.0	  130.7	 1234.4	  359.3	    0.0	    0.0	  931.7	    0.0	    0.0	    0.0	  100.0	    0.0	    0.0	    0.0	    0.0	  100.0	  100.0	  0	  150.0	 1050.0	    0.0	    0.0	  100.0	1	  463.9	  1	    0.0	   -nan	
 1404	 140.40	  372.4	    0.0	  131.2	 1234.4	  359.3	    0.0	    0.0	  924.6	    0.0	    0.0	    0.0	  100.0	    0.0	    0.0	    0.0	    0.0	  100.0	  100.0	  0	  150.0	 1050.0	    0.0	    0.0	  100.0	1	  464.3	  1	    0.0	   -nan	
 1405	 140.50	  372.4	    0.0	  130.7	 1234.4	  359.3	    0.0	    0.0	  924.6	    0.0	    0.0	    0.0	  100.0	    0.0	    0.0	    0.0	    0.0	  100.0	  100.0	  0	  150.0	 1050.0	    0.0	    0.0	  100.0	1	  464.3	  1	    0.0	   -nan	
 1406	 140.60	  372.4	    0.0	  130.7	 1234.4	  359.3	    0.0	    0.0	  926.4	    0.0	    0.0	    0.0	  100.0	    0.0	    0.0	    0.0	    0.0	  100.0	  100.0	  0	  150.0	 1050.0	    0.0	    0.0	  100.0	1	  464.2	  1	    0.0	   -nan	
 1407	 140.70	  372.4	    0.0	  130.9	 1234.4	  359.3	    0.0	    0.0	  925.4	    0.0	    0.0	    0.0	  100.0	    0.0	    0.0	    0.0	    0.0	  100.0	  100.0	  0	  150.0	 1050.0	    0.0	    0.0	  100.0	1	  464.3	  1	    0.0	   -nan	
 1408	 140.80	  372.4	    0.0	  130.8	 1234.4	  359.3	    0.0	    0.0	  925.4	    0.0	    0.0	    0.0	  100.0	    0.0	    0.0	    0.0	    0.0	  100.0	  100.0	  0	  150.0	 1050.0	    0.0	    0.0	  100.0	1	  464.3	  1	    0.0	   -nan	
 1409	 140.90	  372.4	    0.0	  130.8	 1234.4	  359.3	    0.0	    0.0	  922.1	    0.0	    0.0	    0.0	  100.0	    0.0	    0.0	    0.0	    0.0	  100.0	  100.0	  0	  150.0	 1050.0	    0.0	    0.0	  100.0	1	  464.4	  1	    0.0	   -nan	
 1410	 141.00	  372.4	    0.0	  130.0	 1234.4	  359.3	    0.0	    0.0	  921.1	    0.0	    0.0	    0.0	  100.0	    0.0	    0.0	    0.0	    0.0	  100.0	  100.0	  0	  150.0	 1050.0	    0.0	    0.0	  100.0	1	  464.5	  1	    0.0	   -nan	
 1411	 141.10	  372.4	    0.0	  129.5	 1234.4	  359.3	    0.0	    0.0	  921.1	    0.0	    0.0	    0.0	  100.0	    0.0	    0.0	    0.0	    0.0	  100.0	  100.0	  0	  150.0	 1050.0	    0.0	    0.0	  100.0	1	  464.5	  1	    0.0	   -nan	
 1412	 141.20	  372.4	    0.0	  129.4	 1234.4	  359.3	    0.0	    0.0	  923.0	    0.0	    0.0	    0.0	  100.0	    0.0	    0.0	    0.0	    0.0	  100.0	  100.0	  0	  150.0	 1050.0	    0.0	    0.0	  100.0	1	  464.4	  1	    0.0	   -nan	
 1413	 141.30	  372.4	    0.0	  130.7	 1234.4	  359.3	    0.0	    0.0	  923.8	    0.0	    0.0	    0.0	  100.0	    0.0	    0.0	    0.0	    0.0	  100.0	  100.0	  0	  150.0	 1050.0	    0.0	    0.0	  100.0	1	  464.3	  1	    0.0	   -nan	
 1414	 141.40	  372.4	    0.0	  131.1	 1234.4	  359.3	    0.0	    0.0	  928.0	    0.0	    0.0	    0.0	  100.0	    0.0	    0.0	    0.0	    0.0	  100.0	  100.0	  0	  150.0	 1050.0	    0.0	    0.0	  100.0	1	  464.1	  1	    0.0	   -nan	
 1415	 141.50	  372.4	    0.0	  135.0	 1234.4	  359.3	    0.0	    0.0	  928.0	    0.0	    0.0	    0.0	  100.0	    0.0	    0.0	    0.0	    0.0	  100.0	  100.0	  0	  150.0	 1050.0	    0.0	    0.0	  100.0	1	  464.1	  1	    0.0	   -nan	
 1416	 141.60	  372.4	    0.0	  -52.2	 1234.4	  359.3	    0.0	    0.0	  925.7	    0.0	    0.0	    0.0	  100.0	    0.0	    0.0	    0.0	    0.0	  100.0	  100.0	  0	  150.0	 1050.0	    0.0	    0.0	  100.0	1	  464.2	  1	    0.0	   -nan	
 1417	 141.70	  372.4	    0.0	  -49.3	 1234.4	  359.3	    0.0	    0.0	  923.4	    0.0	    0.0	    0.0	  100.0	    0.0	    0.0	    0.0	    0.0	  100.0	  100.0	  0	  150.0	 1050.0	    0.0	    0.0	  100.0	1	  464.4	  1	    0.0	   -nan	
 1418	 141.80	  372.4	    0.0	  -49.3	 1234.4	  359.3	    0.0	    0.0	  915.7	    0.0	    0.0	    0.0	  100.0	    0.0	    0.0	    0.0	    0.0	  100.0	  100.0	  0	  150.0	 1050.0	    0.0	    0.0	  100.0	1	  464.8	  1	    0.0	   -nan	
 1419	 141.90	  372.4	    0.0	  -49.2	 1234.4	  359.3	    0.0	    0.0	  910.4	    0.0	    0.0	    0.0	  100.0	    0.0	    0.0	    0.0	    0.0	  100.0	  100.0	  0	  150.0	 1050.0	    0.0	    0.0	  100.0	1	  465.1	  1	    0.0	   -nan	
 1420	 142.00	  372.4	    0.0	  -49.2	 1234.4	  359.3	    0.0	    0.0	  910.4	    0.0	    0.0	    0.0	  100.0	    0.0	    0.0	    0.0	    0.0	  100.0	  100.0	  0	  150.0	 1050.0	    0.0	    0.0	  100.0	1	  465.1	  1	    0.0	   -nan	
 1421	 142.10	  372.4	    0.0	  -49.2	 1234.4	  359.3	    0.0	    0.0	  903.9	    0.0	    0.0	    0.0	  100.0	    0.0	    0.0	    0.0	    0.0	  100.0	  100.0	  0	  150.0	 1050.0	    0.0	    0.0	  100.0	1	  465.5	  1	    0.0	   -nan	
 1422	 142.20	  372.4	    0.0	  -49.1	 1234.4	  359.3	    0.0	    0.0	  894.6	    0.0	    0.0	    0.0	  100.0	    0.0	    0.0	    0.0	    0.0	  100.0	  100.0	  0	  150.0	 1050.0	    0.0	    0.0	  100.0	1	  466.1	  1	    0.0	   -nan	
 1423	 142.30	  372.4	    0.0	  -48.9	 1234.4	  359.3	    0.0	    0.0	  885.2	    0.0	    0.0	    0.0	  100.0	    0.0	    0.0	    0.0	    0.0	  100.0	  100.0	  0	  150.0	 1050.0	    0.0	    0.0	  100.0	1	  466.7	  1	    0.0	   -nan	
 1424	 142.40	  372.4	    0.0	  -48.6	 1234.4	  359.3	    0.0	    0.0	  878.5	    0.0	    0.0	    0.0	  100.0	    0.0	    0.0	    0.0	    0.0	  100.0	  100.0	  0	  150.0	 1050.0	    0.0	    0.0	  100.0	1	  467.1	  1	    0.0	   -nan	
 1425	 142.50	  372.4	    0.0	  -48.4	 1234.4	  359.3	    0.0	    0.0	  877.4	    0.0	    0.0	    0.0	  100.0	    0.0	    0.0	    0.0	    0.0	  100.0	  100.0	  0	  150.0	 1050.0	    0.0	    0.0	  100.0	1	  467.2	  1	    0.0	   -nan	
 1426	 142.60	  372.4	    0.0	  -48.3	 1234.4	  359.3	    0.0	    0.0	  876.3	    0.0	    0.0	    0.0	  100.0	    0.0	    0.0	    0.0	    0.0	  100.0	  100.0	  0	  150.0	 1050.0	    0.0	    0.0	  100.0	1	  467.3	  1	    0.0	   -nan	
 1427	 142.70	  372.4	    0.0	  -48.3	 1234.4	  359.3	    0.0	    0.0	  876.3	    0.0	    0.0	    0.0	  100.0	    0.0	    0.0	    0.0	    0.0	  100.0	  100.0	  0	  150.0	 1050.0	    0.0	    0.0	  100.0	1	  467.3	  1	    0.0	   -nan	
 1428	 142.80	  372.4	    0.0	  -48.3	 1234.4	  359.3	    0.0	    0.0	  876.6	    0.0	    0.0	    0.0	  100.0	    0.0	    0.0	    0.0	    0.0	  100.0	  100.0	  0	  150.0	 1050.0	    0.0	    0.0	  100.0	1	  467.3	  1	    0.0	   -nan	
 1429	 142.90	  372.4	    0.0	  -48.3	 1234.4	  359.3	    0.0	    0.0	  877.1	    0.0	    0.0	    0.0	  100.0	    0.0	    0.0	    0.0	    0.0	  100.0	  100.0	  0	  150.0	 1050.0	    0.0	    0.0	  100.0	1	  467.2	  1	    0.0	   -nan	
 1430	 143.00	  372.4	    0.0	  -48.4	 1234.4	  359.3	    0.0	    0.0	  880.4	    0.0	    0.0	    0.0	  100.0	    0.0	    0.0	    0.0	    0.0	  100.0	  100.0	  0	  150.0	 1050.0	    0.0	    0.0	  100.0	1	  467.0	  1	    0.0	   -nan	
 1431	 143.10	  372.4	    0.0	  -49.0	 1234.4	  359.3	    0.0	    0.0	  887.3	    0.0	    0.0	    0.0	  100.0	    0.0	    0.0	    0.0	    0.0	  100.0	  100.0	  0	  150.0	 1050.0	    0.0	    0.0	  100.0	1	  466.5	  1	    0.0	   -nan	
 1432	 143.20	  372.4	    0.0	  -50.6	 1234.4	  359.3	    0.0	    0.0	  887.3	    0.0	    0.0	    0.0	  100.0	    0.0	    0.0	    0.0	    0.0	  100.0	  100.0	  0	  150.0	 1050.0	    0.0	    0.0	  100.0	1	  466.5	  1	    0.0	   -nan	
 1433	 143.30	  372.4	    0.0	  -50.6	 1234.4	  359.3	    0.0	    0.0	  891.9	    0.0	    0.0	    0.0	  100.0	    0.0	    0.0	    0.0	    0.0	  100.0	  100.0	  0	  150.0	 1050.0	    0.0	    0.0	  100.0	1	  466.2	  1	    0.0	   -nan	
 1434	 143.40	  372.4	    0.0	  -52.3	 1234.4	  359.3	    0.0	    0.0	  894.5	    0.0	    0.0	    0.0	  100.0	    0.0	    0.0	    0.0	    0.0	  100.0	  100.0	  0	  150.0	 1050.0	    0.0	    0.0	  100.0	1	  466.1	  1	    0.0	   -nan	
 1435	 143.50	  372.4	    0.0	  -53.5	 1234.4	  359.3	    0.0	    0.0	  895.9	    0.0	    0.0	    0.0	  100.0	    0.0	    0.0	    0.0	    0.0	  100.0	  100.0	  0	  150.0	 1050.0	    0.0	    0.0	  100.0	1	  466.0	  1	    0.0	   -nan	
 1436	 143.60	  372.4	    0.0	  -54.3	 1234.4	  359.3	    0.0	    0.0	  895.9	    0.0	    0.0	    0.0	  100.0	    0.0	    0.0	    0.0	    0.0	  100.0	  100.0	  0	  150.0	 1050.0	    0.0	    0.0	  100.0	1	  466.0	  1	    0.0	   -nan	
 1437	 143.70	  372.4	    0.0	  -54.3	 1234.4	  359.3	    0.0	    0.0	  891.4	    0.0	    0.0	    0.0	  100.0	    0.0	    0.0	    0.0	    0.0	  100.0	  100.0	  0	  150.0	 1050.0	    0.0	    0.0	  100.0	1	  466.3	  1	    0.0	   -nan	
 1438	 143.80	  372.4	    0.0	  -49.7	 1234.4	  359.3	    0.0	    0.0	  896.5	    0.0	    0.0	    0.0	  100.0	    0.0	    0.0	    0.0	    0.0	  100.0	  100.0	  0	  150.0	 1050.0	    0.0	    0.0	  100.0	1	  465.9	  1	    0.0	   -nan	
 1439	 143.90	  372.4	    0.0	  -56.5	 1234.4	  359.3	    0.0	    0.0	  912.2	    0.0	    0.0	    0.0	  100.0	    0.0	    0.0	    0.0	    0.0	  100.0	  100.0	  0	  150.0	 1050.0	    0.0	    0.0	  100.0	1	  465.0	  1	    0.0	   -nan	
 1440	 144.00	  372.4	    0.0	  -78.9	 1234.4	  359.3	    0.0	    0.0	  920.0	    0.0	    0.0	    0.0	  100.0	    0.0	    0.0	    0.0	    0.0	  100.0	  100.0	  0	  150.0	 1050.0	    0.0	    0.0	  100.0	1	  464.6	  1	    0.0	   -nan	
 1441	 144.10	  372.4	    0.0	  -89.2	 1234.4	  359.3	    0.0	    0.0	  938.1	    0.0	    0.0	    0.0	  100.0	    0.0	    0.0	    0.0	    0.0	  100.0	  100.0	  0	  150.0	 1050.0	    0.0	    0.0	  100.0	1	  463.6	  1	    0.0	   -nan	
 1442	 144.20	  372.4	    0.0	 -106.7	 1234.4	  359.3	    0.0	    0.0	  948.7	    0.0	    0.0	    0.0	  100.0	    0.0	    0.0	    0.0	    0.0	  100.0	  100.0	  0	  150.0	 1050.0	    0.0	    0.0	  100.0	1	  463.1	  1	    0.0	   -nan	
 1443	 144.30	  372.4	    0.0	 -113.3	 1234.4	  359.3	    0.0	    0.0	  972.1	    0.0	    0.0	    0.0	  100.0	    0.0	    0.0	    0.0	    0.0	  100.0	  100.0	  0	  150.0	 1050.0	    0.0	    0.0	  100.0	1	  462.1	  1	    0.0	   -nan	
 1444	 144.40	  372.4	    0.0	 -122.2	 1234.4	  359.3	    0.0	    0.0	  985.9	    0.0	    0.0	    0.0	  100.0	    0.0	    0.0	    0.0	    0.0	  100.0	  100.0	  0	  150.0	 1050.0	    0.0	    0.0	  100.0	1	  461.6	  1	    0.0	   -nan	
 1445	 144.50	  372.4	    0.0	 -125.2	 1234.4	  359.3	    0.0	    0.0	 1012.3	    0.0	    0.0	    0.0	  100.0	    0.0	    0.0	    0.0	    0.0	  100.0	  100.0	  0	  150.0	 1050.0	    0.0	    0.0	  100.0	1	  460.9	  1	    0.0	   -nan	
 1446	 144.60	  372.4	    0.0	 -128.7	 1234.4	  359.3	    0.0	    0.0	 1016.5	    0.0	    0.0	    0.0	  100.0	    0.0	    0.0	    0.0	    0.0	  100.0	  100.0	  0	  150.0	 1050.0	    0.0	    0.0	  100.0	1	  460.7	  1	    0.0	   -nan	
 1447	 144.70	  372.4	    0.0	  172.6	 1234.4	  359.3	    0.0	    0.0	 1016.6	    0.0	    0.0	    0.0	  100.0	    0.0	    0.0	    0.0	    0.0	  100.0	  100.0	  0	  150.0	 1050.0	    0.0	    0.0	  100.0	1	  460.7	  1	    0.0	   -nan	
 1448	 144.80	  372.4	    0.0	  131.8	 1234.4	  359.3	    0.0	    0.0	 1016.8	    0.0	    0.0	    0.0	  100.0	    0.0	    0.0	    0.0	    0.0	  100.0	  100.0	  0	  150.0	 1050.0	    0.0	    0.0	  100.0	1	  460.7	  1	    0.0	   -nan	
 1449	 144.90	  372.4	    0.0	  131.7	 1234.4	  359.3	    0.0	    0.0	 1015.4	    0.0	    0.0	    0.0	  100.0	    0.0	    0.0	    0.0	    0.0	  100.0	  100.0	  0	  150.0	 1050.0	    0.0	    0.0	  100.0	1	  460.8	  1	    0.0	   -nan	
 1450	 145.00	  372.4	    0.0	  131.7	 1234.4	  359.3	    0.0	    0.0	 1013.7	    0.0	    0.0	    0.0	  100.0	    0.0	    0.0	    0.0	    0.0	  100.0	  100.0	  0	  150.0	 1050.0	    0.0	    0.0	  100.0	1	  460.8	  1	    0.0	   -nan	
 1451	 145.10	  372.4	    0.0	  131.7	 1234.4	  359.3	    0.0	    0.0	 1015.9	    0.0	    0.0	    0.0	  100.0	    0.0	    0.0	    0.0	    0.0	  100.0	  100.0	  0	  150.0	 1050.0	    0.0	    0.0	  100.0	1	  460.8	  1	    0.0	   -nan	
 1452	 145.20	  372.4	    0.0	  131.7	 1234.4	  359.3	    0.0	    0.0	 1015.6	    0.0	    0.0	    0.0	  100.0	    0.0	    0.0	    0.0	    0.0	  100.0	  100.0	  0	  150.0	 1050.0	    0.0	    0.0	  100.0	1	  460.8	  1	    0.0	   -nan	
 1453	 145.30	  372.4	    0.0	  131.7	 1234.4	  359.3	    0.0	    0.0	 1014.9	    0.0	    0.0	    0.0	  100.0	    0.0	    0.0	    0.0	    0.0	  100.0	  100.0	  0	  150.0	 1050.0	    0.0	    0.0	  100.0	1	  460.8	  1	    0.0	   -nan	
 1454	 145.40	  372.4	    0.0	  131.7	 1234.4	  359.3	    0.0	    0.0	 1012.6	    0.0	    0.0	    0.0	  100.0	    0.0	    0.0	    0.0	    0.0	  100.0	  100.0	  0	  150.0	 1050.0	    0.0	    0.0	  100.0	1	  460.8	  1	    0.0	   -nan	
 1455	 145.50	  372.4	    0.0	  131.6	 1234.4	  359.3	    0.0	    0.0	 1011.9	    0.0	    0.0	    0.0	  100.0	    0.0	    0.0	    0.0	    0.0	  100.0	  100.0	  0	  150.0	 1050.0	    0.0	    0.0	  100.0	1	  460.9	  1	    0.0	   -nan	
 1456	 145.60	  372.4	    0.0	  131.6	 1234.4	  359.3	    0.0	    0.0	 1015.1	    0.0	    0.0	    0.0	  100.0	    0.0	    0.0	    0.0	    0.0	  100.0	  100.0	  0	  150.0	 1050.0	    0.0	    0.0	  100.0	1	  460.8	  1	    0.0	   -nan	
 1457	 145.70	  372.4	    0.0	  131.8	 1234.4	  359.3	    0.0	    0.0	 1013.6	    0.0	    0.0	    0.0	  100.0	    0.0	    0.0	    0.0	    0.0	  100.0	  100.0	  0	  150.0	 1050.0	    0.0	    0.0	  100.0	1	  460.8	  1	    0.0	   -nan	
 1458	 145.80	  372.4	    0.0	  131.7	 1234.4	  359.3	    0.0	    0.0	 1016.3	    0.0	    0.0	    0.0	  100.0	    0.0	    0.0	    0.0	    0.0	  100.0	  100.0	  0	  150.0	 1050.0	    0.0	    0.0	  100.0	1	  460.8	  1	    0.0	   -nan	
 1459	 145.90	  372.4	    0.0	  131.9	 1234.4	  359.3	    0.0	    0.0	 1015.5	    0.0	    0.0	    0.0	  100.0	    0.0	    0.0	    0.0	    0.0	  100.0	  100.0	  0	  150.0	 1050.0	    0.0	    0.0	  100.0	1	  460.8	  1	    0.0	   -nan	
 1460	 146.00	  372.4	    0.0	  131.8	 1234.4	  359.3	    0.0	    0.0	 1010.7	    0.0	    0.0	    0.0	  100.0	    0.0	    0.0	    0.0	    0.0	  100.0	  100.0	  0	  150.0	 1050.0	    0.0	    0.0	  100.0	1	  460.9	  1	    0.0	   -nan	
 1461	 146.10	  372.4	    0.0	  130.9	 1234.4	  359.3	    0.0	    0.0	 1003.2	    0.0	    0.0	    0.0	  100.0	    0.0	    0.0	    0.0	    0.0	  100.0	  100.0	  0	  150.0	 1050.0	    0.0	    0.0	  100.0	1	  461.1	  1	    0.0	   -nan	
 1462	 146.20	  372.4	    0.0	  128.6	 1234.4	  359.3	    0.0	    0.0	  994.8	    0.0	    0.0	    0.0	  100.0	    0.0	    0.0	    0.0	    0.0	  100.0	  100.0	  0	  150.0	 1050.0	    0.0	    0.0	  100.0	1	  461.3	  1	    0.0	   -nan	
 1463	 146.30	  372.4	    0.0	    4.4	 1234.4	  359.3	    0.0	    0.0	  986.9	    0.0	    0.0	    0.0	  100.0	    0.0	    0.0	    0.0	    0.0	  100.0	  100.0	  0	  150.0	 1050.0	    0.0	    0.0	  100.0	1	  461.6	  1	    0.0	   -nan	
 1464	 146.40	  372.4	    0.0	  -48.4	 1234.4	  359.3	    0.0	    0.0	  973.8	    0.0	    0.0	    0.0	  100.0	    0.0	    0.0	    0.0	    0.0	  100.0	  100.0	  0	  150.0	 1050.0	    0.0	    0.0	  100.0	1	  462.1	  1	    0.0	   -nan	
 1465	 146.50	  372.4	    0.0	  -48.4	 1234.4	  359.3	    0.0	    0.0	  959.6	    0.0	    0.0	    0.0	  100.0	    0.0	    0.0	    0.0	    0.0	  100.0	  100.0	  0	  150.0	 1050.0	    0.0	    0.0	  100.0	1	  462.6	  1	    0.0	   -nan	
 1466	 146.60	  372.4	    0.0	  -48.3	 1234.4	  359.3	    0.0	    0.0	  968.5	    0.0	    0.0	    0.0	  100.0	    0.0	    0.0	    0.0	    0.0	  100.0	  100.0	  0	  150.0	 1050.0	    0.0	    0.0	  100.0	1	  462.3	  1	    0.0	   -nan	
 1467	 146.70	  372.4	    0.0	  -48.3	 1234.4	  359.3	    0.0	    0.0	  967.6	    0.0	    0.0	    0.0	  100.0	    0.0	    0.0	    0.0	    0.0	  100.0	  100.0	  0	  150.0	 1050.0	    0.0	    0.0	  100.0	1	  462.3	  1	    0.0	   -nan	
 1468	 146.80	  372.4	    0.0	  -48.3	 1234.4	  359.3	    0.0	    0.0	  949.0	    0.0	    0.0	    0.0	  100.0	    0.0	    0.0	    0.0	    0.0	  100.0	  100.0	  0	  150.0	 1050.0	    0.0	    0.0	  100.0	1	  463.1	  1	    0.0	   -nan	
 1469	 146.90	  372.4	    0.0	  -48.1	 1234.4	  359.3	    0.0	    0.0	  949.0	    0.0	    0.0	    0.0	  100.0	    0.0	    0.0	    0.0	    0.0	  100.0	  100.0	  0	  150.0	 1050.0	    0.0	    0.0	  100.0	1	  463.1	  1	    0.0	   -nan	
 1470	 147.00	  372.4	    0.0	  -48.1	 1234.4	  359.3	    0.0	    0.0	  936.7	    0.0	    0.0	    0.0	  100.0	    0.0	    0.0	    0.0	    0.0	  100.0	  100.0	  0	  150.0	 1050.0	    0.0	    0.0	  100.0	1	  463.7	  1	    0.0	   -nan	
 1471	 147.10	  372.4	    0.0	  -47.9	 1234.4	  359.3	    0.0	    0.0	  926.7	    0.0	    0.0	    0.0	  100.0	    0.0	    0.0	    0.0	    0.0	  100.0	  100.0	  0	  150.0	 1050.0	    0.0	    0.0	  100.0	1	  464.2	  1	    0.0	   -nan	
 1472	 147.20	  372.4	    0.0	  -47.6	 1234.4	  359.3	    0.0	    0.0	  932.8	    0.0	    0.0	    0.0	  100.0	    0.0	    0.0	    0.0	    0.0	  100.0	  100.0	  0	  150.0	 1050.0	    0.0	    0.0	  100.0	1	  463.9	  1	    0.0	   -nan	
 1473	 147.30	  372.4	    0.0	  -47.8	 1234.4	  359.3	    0.0	    0.0	  938.0	    0.0	    0.0	    0.0	  100.0	    0.0	    0.0	    0.0	    0.0	  100.0	  100.0	  0	  150.0	 1050.0	    0.0	    0.0	  100.0	1	  463.6	  1	    0.0	   -nan	
 1474	 147.40	  372.4	    0.0	  -48.1	 1234.4	  359.3	    0.0	    0.0	  939.8	    0.0	    0.0	    0.0	  100.0	    0.0	    0.0	    0.0	    0.0	  100.0	  100.0	  0	  150.0	 1050.0	    0.0	    0.0	  100.0	1	  463.5	  1	    0.0	   -nan	
 1475	 147.50	  372.4	    0.0	  -48.2	 1234.4	  359.3	    0.0	    0.0	  939.8	    0.0	    0.0	    0.0	  100.0	    0.0	    0.0	    0.0	    0.0	  100.0	  100.0	  0	  150.0	 1050.0	    0.0	    0.0	  100.0	1	  463.5	  1	    0.0	   -nan	
 1476	 147.60	  372.4	    0.0	  -48.2	 1234.4	  359.3	    0.0	    0.0	  973.6	    0.0	    0.0	    0.0	  100.0	    0.0	    0.0	    0.0	    0.0	  100.0	  100.0	  0	  150.0	 1050.0	    0.0	    0.0	  100.0	1	  462.1	  1	    0.0	   -nan	
 1477	 147.70	  372.4	    0.0	  -51.0	 1234.4	  359.3	    0.0	    0.0	 4323.0	    0.0	    0.0	    0.0	  100.0	    0.0	    0.0	    0.0	    0.4	   99.2	  100.0	  0	  150.0	 1050.0	    0.0	    0.4	   99.2	1	  225.0	  1	    0.0	   -nan	
 1478	 147.80	  372.4	    0.0	    0.8	 1234.4	  359.3	    0.0	    0.0	 4323.0	    0.0	    0.0	    0.0	  100.0	    0.0	    0.0	    0.0	    0.7	   98.4	  100.0	  0	  150.0	 1050.0	    0.0	    0.7	   98.4	1	  225.0	  1	    0.0	   -nan	
 1479	 147.90	  372.4	    0.0	   22.9	 1234.4	  359.3	    0.0	    0.0	 5000.0	    0.0	    0.0	    0.0	  100.0	    0.0	    0.0	    0.0	    0.7	   97.2	  100.0	  0	  150.0	 1050.0	    0.0	    0.7	   97.7	1	  224.7	  1	    0.0	   -nan	
 1480	 148.00	  372.4	    0.0	   28.6	 1234.4	  359.3	    0.0	    0.0	 5000.0	    0.0	    0.0	    0.0	  100.0	    0.0	    0.0	    0.0	    0.7	   95.9	  100.0	  0	  150.0	 1050.0	    0.0	    0.7	   96.9	1	  224.7	  1	    0.0	   -nan	
 1481	 148.10	  372.4	    0.0	   30.5	 1234.4	  359.3	    0.0	    0.0	 5000.0	    0.0	    0.0	    0.0	  100.0	    0.0	    0.0	    0.0	    0.7	   94.7	  100.0	  0	  150.0	 1050.0	    0.0	    0.7	   96.1	1	  224.7	  1	    0.0	   -nan	
 1482	 148.20	  372.4	    0.0	   31.2	 1234.4	  359.3	    0.0	    0.0	 3781.2	    0.0	    0.0	    0.0	  100.0	    0.0	    0.0	    0.0	    1.0	  100.0	  100.0	  0	  150.0	 1050.0	    0.0	    1.0	  100.0	1	  223.6	  1	    0.0	   -nan	
 1483	 148.30	  372.4	    0.0	   36.4	 1234.4	  359.3	    0.0	    0.0	 3781.2	    0.0	    0.0	    0.0	  100.0	    0.0	    0.0	    0.0	    1.2	   99.3	  100.0	  0	  150.0	 1050.0	    0.0	    1.2	   99.3	1	  223.6	  1	    0.0	   -nan	
 1484	 148.40	  372.4	    0.0	   39.3	 1234.4	  359.3	    0.0	    0.0	 1004.7	    0.0	    0.0	    0.0	  100.0	    0.0	    0.0	    0.0	    0.8	  100.0	  100.0	  0	  150.0	 1050.0	    0.0	    0.8	  100.0	1	  461.1	  1	    0.0	   -nan	
 1485	 148.50	  372.4	    0.0	 -161.5	 1234.4	  359.3	    0.0	    0.0	 1006.5	    0.0	    0.0	    0.0	  100.0	    0.0	    0.0	    0.0	    0.3	  100.0	  100.0	  0	  150.0	 1050.0	    0.0	    0.3	  100.0	1	  461.0	  1	    0.0	   -nan	
 1486	 148.60	  372.4	    0.0	  170.0	 1234.4	  359.3	    0.0	    0.0	 1006.5	    0.0	    0.0	    0.0	  100.0	    0.0	    0.0	    0.0	    0.0	  100.0	  100.0	  0	  150.0	 1050.0	    0.0	    0.0	  100.0	1	  461.0	  1	    0.0	   -nan	
 1487	 148.70	  372.4	    0.0	  153.5	 1234.4	  359.3	    0.0	    0.0	 1015.6	    0.0	    0.0	    0.0	  100.0	    0.0	    0.0	    0.0	    0.0	  100.0	  100.0	  0	  150.0	 1050.0	    0.0	    0.0	  100.0	1	  460.8	  1	    0.0	   -nan	
 1488	 148.80	  372.4	    0.0	  148.0	 1234.4	  359.3	    0.0	    0.0	 1028.9	    0.0	    0.0	    0.0	  100.0	    0.0	    0.0	    0.0	    0.0	  100.0	  100.0	  0	  150.0	 1050.0	    0.0	    0.0	  100.0	1	  460.5	  1	    0.0	   -nan	
 1489	 148.90	  372.4	    0.0	  146.6	 1234.4	  359.3	    0.0	    0.0	 1040.2	    0.0	    0.0	    0.0	  100.0	    0.0	    0.0	    0.0	    0.0	  100.0	  100.0	  0	  150.0	 1050.0	    0.0	    0.0	  100.0	1	  460.3	  1	    0.0	   -nan	
 1490	 149.00	  372.4	    0.0	  146.2	 1234.4	  359.3	    0.0	    0.0	 1040.2	    0.0	    0.0	    0.0	  100.0	    0.0	    0.0	    0.0	    0.0	  100.0	  100.0	  0	  150.0	 1050.0	    0.0	    0.0	  100.0	1	  460.3	  1	    0.0	   -nan	
 1491	 149.10	  372.4	    0.0	  146.0	 1234.4	  359.3	    0.0	    0.0	 1035.9	    0.0	    0.0	    0.0	  100.0	    0.0	    0.0	    0.0	    0.0	  100.0	  100.0	  0	  150.0	 1050.0	    0.0	    0.0	  100.0	1	  460.3	  1	    0.0	   -nan	
 1492	 149.20	  372.4	    0.0	  145.8	 1234.4	  359.3	    0.0	    0.0	 1035.9	    0.0	    0.0	    0.0	  100.0	    0.0	    0.0	    0.0	    0.0	  100.0	  100.0	  0	  150.0	 1050.0	    0.0	    0.0	  100.0	1	  460.3	  1	    0.0	   -nan	
 1493	 149.30	  372.4	    0.0	  145.7	 1234.4	  359.3	    0.0	    0.0	 1027.3	    0.0	    0.0	    0.0	  100.0	    0.0	    0.0	    0.0	    0.0	  100.0	  100.0	  0	  150.0	 1050.0	    0.0	    0.0	  100.0	1	  460.5	  1	    0.0	   -nan	
 1494	 149.40	  372.4	    0.0	  145.4	 1234.4	  359.3	    0.0	    0.0	 1027.3	    0.0	    0.0	    0.0	  100.0	    0.0	    0.0	    0.0	    0.0	  100.0	  100.0	  0	  150.0	 1050.0	    0.0	    0.0	  100.0	1	  460.5	  1	    0.0	   -nan	
 1495	 149.50	  372.4	    0.0	  145.1	 1234.4	  359.3	    0.0	    0.0	 1024.9	    0.0	    0.0	    0.0	  100.0	    0.0	    0.0	    0.0	    0.0	  100.0	  100.0	  0	  150.0	 1050.0	    0.0	    0.0	  100.0	1	  460.6	  1	    0.0	   -nan	
 1496	 149.60	  372.4	    0.0	  144.5	 1234.4	  359.3	    0.0	    0.0	 1025.1	    0.0	    0.0	    0.0	  100.0	    0.0	    0.0	    0.0	    0.0	  100.0	  100.0	  0	  150.0	 1050.0	    0.0	    0.0	  100.0	1	  460.6	  1	    0.0	   -nan	
 1497	 149.70	  372.4	    0.0	  143.6	 1234.4	  359.3	    0.0	    0.0	 1029.3	    0.0	    0.0	    0.0	  100.0	    0.0	    0.0	    0.0	    0.0	  100.0	  100.0	  0	  150.0	 1050.0	    0.0	    0.0	  100.0	1	  460.5	  1	    0.0	   -nan	
 1498	 149.80	  372.4	    0.0	  142.5	 1234.4	  359.3	    0.0	    0.0	 1032.6	    0.0	    0.0	    0.0	  100.0	    0.0	    0.0	    0.0	    0.0	  100.0	  100.0	  0	  150.0	 1050.0	    0.0	    0.0	  100.0	1	  460.4	  1	    0.0	   -nan	
 1499	 149.90	  372.4	    0.0	  141.0	 1234.4	  359.3	    0.0	    0.0	 1032.6	    0.0	    0.0	    0.0	  100.0	    0.0	    0.0	    0.0	    0.0	  100.0	  100.0	  0	  150.0	 1050.0	    0.0	    0.0	  100.0	1	  460.4	  1	    0.0	   -nan	
 1500	 150.00	  372.4	    0.0	  138.8	 1234.4	  359.3	    0.0	    0.0	 1029.3	    0.0	    0.0	    0.0	  100.0	    0.0	    0.0	    0.0	    0.0	  100.0	  100.0	  0	  150.0	 1050.0	    0.0	    0.0	  100.0	1	  460.5	  1	    0.0	   -nan	
 1501	 150.10	  372.4	    0.0	  136.5	 1234.4	  359.3	    0.0	    0.0	 1030.1	    0.0	    0.0	    0.0	  100.0	    0.0	    0.0	    0.0	    0.0	  100.0	  100.0	  0	  150.0	 1050.0	    0.0	    0.0	  100.0	1	  460.4	  1	    0.0	   -nan	
 1502	 150.20	  372.4	    0.0	  135.2	 1234.4	  359.3	    0.0	    0.0	 1039.9	    0.0	    0.0	    0.0	  100.0	    0.0	    0.0	    0.0	    0.0	  100.0	  100.0	  0	  150.0	 1050.0	    0.0	    0.0	  100.0	1	  460.3	  1	    0.0	   -nan	
 1503	 150.30	  372.4	    0.0	  135.1	 1234.4	  359.3	    0.0	    0.0	 1053.2	    0.0	    0.0	    0.0	  100.0	    0.0	    0.0	    0.0	    0.0	  100.0	  100.0	  0	  150.0	 1050.0	    0.0	    0.0	  100.0	1	  460.1	  1	    0.0	   -nan	
 1504	 150.40	  372.4	    0.0	  135.7	 1234.4	  359.3	    0.0	    0.0	 1053.2	    0.0	    0.0	    0.0	  100.0	    0.0	    0.0	    0.0	    0.0	  100.0	  100.0	  0	  150.0	 1050.0	    0.0	    0.0	  100.0	1	  460.1	  1	    0.0	   -nan	
 1505	 150.50	  372.4	    0.0	  136.4	 1234.4	  359.3	    0.0	    0.0	 1047.5	    0.0	    0.0	    0.0	  100.0	    0.0	    0.0	    0.0	    0.0	  100.0	  100.0	  0	  150.0	 1050.0	    0.0	    0.0	  100.0	1	  460.1	  1	    0.0	   -nan	
 1506	 150.60	  372.4	    0.0	  137.0	 1234.4	  359.3	    0.0	    0.0	 1062.2	    0.0	    0.0	    0.0	  100.0	    0.0	    0.0	    0.0	    0.0	  100.0	  100.0	  0	  150.0	 1050.0	    0.0	    0.0	  100.0	1	  460.0	  1	    0.0	   -nan	
 1507	 150.70	  372.4	    0.0	  142.2	 1234.4	  359.3	    0.0	    0.0	 1067.8	    0.0	    0.0	    0.0	  100.0	    0.0	    0.0	    0.0	    0.0	  100.0	  100.0	  0	  150.0	 1050.0	    0.0	    0.0	  100.0	1	  459.9	  1	    0.0	   -nan	
 1508	 150.80	  372.4	    0.0	  -50.5	 1234.4	  359.3	    0.0	    0.0	 1061.8	    0.0	    0.0	    0.0	  100.0	    0.0	    0.0	    0.0	    0.0	  100.0	  100.0	  0	  150.0	 1050.0	    0.0	    0.0	  100.0	1	  460.0	  1	    0.0	   -nan	
 1509	 150.90	  372.4	    0.0	  -48.3	 1234.4	  359.3	    0.0	    0.0	 1022.9	    0.0	    0.0	    0.0	  100.0	    0.0	    0.0	    0.0	    0.0	  100.0	  100.0	  0	  150.0	 1050.0	    0.0	    0.0	  100.0	1	  460.6	  1	    0.0	   -nan	
 1510	 151.00	  372.4	    0.0	  -48.3	 1234.4	  359.3	    0.0	    0.0	  980.5	    0.0	    0.0	    0.0	  100.0	    0.0	    0.0	    0.0	    0.0	  100.0	  100.0	  0	  150.0	 1050.0	    0.0	    0.0	  100.0	1	  461.8	  1	    0.0	   -nan	
 1511	 151.10	  372.4	    0.0	  -48.1	 1234.4	  359.3	    0.0	    0.0	  977.7	    0.0	    0.0	    0.0	  100.0	    0.0	    0.0	    0.0	    0.0	  100.0	  100.0	  0	  150.0	 1050.0	    0.0	    0.0	  100.0	1	  461.9	  1	    0.0	   -nan	
 1512	 151.20	  372.4	    0.0	  -48.1	 1234.4	  359.3	    0.0	    0.0	  977.7	    0.0	    0.0	    0.0	  100.0	    0.0	    0.0	    0.0	    0.0	  100.0	  100.0	  0	  150.0	 1050.0	    0.0	    0.0	  100.0	1	  461.9	  1	    0.0	   -nan	
 1513	 151.30	  372.4	    0.0	  -48.1	 1234.4	  359.3	    0.0	    0.0	  980.5	    0.0	    0.0	    0.0	  100.0	    0.0	    0.0	    0.0	    0.0	  100.0	  100.0	  0	  150.0	 1050.0	    0.0	    0.0	  100.0	1	  461.8	  1	    0.0	   -nan	
 1514	 151.40	  372.4	    0.0	  -48.2	 1234.4	  359.3	    0.0	    0.0	  981.6	    0.0	    0.0	    0.0	  100.0	    0.0	    0.0	    0.0	    0.0	  100.0	  100.0	  0	  150.0	 1050.0	    0.0	    0.0	  100.0	1	  461.8	  1	    0.0	   -nan	
 1515	 151.50	  372.4	    0.0	  -48.2	 1234.4	  359.3	    0.0	    0.0	  984.5	    0.0	    0.0	    0.0	  100.0	    0.0	    0.0	    0.0	    0.0	  100.0	  100.0	  0	  150.0	 1050.0	    0.0	    0.0	  100.0	1	  461.7	  1	    0.0	   -nan	
 1516	 151.60	  372.4	    0.0	  -48.2	 1234.4	  359.3	    0.0	    0.0	  989.3	    0.0	    0.0	    0.0	  100.0	    0.0	    0.0	    0.0	    0.0	  100.0	  100.0	  0	  150.0	 1050.0	    0.0	    0.0	  100.0	1	  461.5	  1	    0.0	   -nan	
 1517	 151.70	  372.4	    0.0	  -48.3	 1234.4	  359.3	    0.0	    0.0	  989.3	    0.0	    0.0	    0.0	  100.0	    0.0	    0.0	    0.0	    0.0	  100.0	  100.0	  0	  150.0	 1050.0	    0.0	    0.0	  100.0	1	  461.5	  1	    0.0	   -nan	
 1518	 151.80	  372.4	    0.0	  -48.3	 1234.4	  359.3	    0.0	    0.0	  988.4	    0.0	    0.0	    0.0	  100.0	    0.0	    0.0	    0.0	    0.0	  100.0	  100.0	  0	  150.0	 1050.0	    0.0	    0.0	  100.0	1	  461.6	  1	    0.0	   -nan	
 1519	 151.90	  372.4	    0.0	  -48.3	 1234.4	  359.3	    0.0	    0.0	  988.4	    0.0	    0.0	    0.0	  100.0	    0.0	    0.0	    0.0	    0.0	  100.0	  100.0	  0	  150.0	 1050.0	    0.0	    0.0	  100.0	1	  461.6	  1	    0.0	   -nan	
 1520	 152.00	  372.4	    0.0	  -48.3	 1234.4	  359.3	    0.0	    0.0	  990.1	    0.0	    0.0	    0.0	  100.0	    0.0	    0.0	    0.0	    0.0	  100.0	  100.0	  0	  150.0	 1050.0	    0.0	    0.0	  100.0	1	  461.5	  1	    0.0	   -nan	
 1521	 152.10	  372.4	    0.0	  -48.4	 1234.4	  359.3	    0.0	    0.0	  988.4	    0.0	    0.0	    0.0	  100.0	    0.0	    0.0	    0.0	    0.0	  100.0	  100.0	  0	  150.0	 1050.0	    0.0	    0.0	  100.0	1	  461.6	  1	    0.0	   -nan	
 1522	 152.20	  372.4	    0.0	  -48.2	 1234.4	  359.3	    0.0	    0.0	  988.5	    0.0	    0.0	    0.0	  100.0	    0.0	    0.0	    0.0	    0.0	  100.0	  100.0	  0	  150.0	 1050.0	    0.0	    0.0	  100.0	1	  461.5	  1	    0.0	   -nan	
 1523	 152.30	  372.4	    0.0	  -48.3	 1234.4	  359.3	    0.0	    0.0	  988.5	    0.0	    0.0	    0.0	  100.0	    0.0	    0.0	    0.0	    0.0	  100.0	  100.0	  0	  150.0	 1050.0	    0.0	    0.0	  100.0	1	  461.5	  1	    0.0	   -nan	
 1524	 152.40	  372.4	    0.0	  -48.3	 1234.4	  359.3	    0.0	    0.0	  995.4	    0.0	    0.0	    0.0	  100.0	    0.0	    0.0	    0.0	    0.0	  100.0	  100.0	  0	  150.0	 1050.0	    0.0	    0.0	  100.0	1	  461.3	  1	    0.0	   -nan	
 1525	 152.50	  372.4	    0.0	  -49.2	 1234.4	  359.3	    0.0	    0.0	  998.2	    0.0	    0.0	    0.0	  100.0	    0.0	    0.0	    0.0	    0.0	  100.0	  100.0	  0	  150.0	 1050.0	    0.0	    0.0	  100.0	1	  461.2	  1	    0.0	   -nan	
 1526	 152.60	  372.4	    0.0	  -49.6	 1234.4	  359.3	    0.0	    0.0	  998.2	    0.0	    0.0	    0.0	  100.0	    0.0	    0.0	    0.0	    0.0	  100.0	  100.0	  0	  150.0	 1050.0	    0.0	    0.0	  100.0	1	  461.2	  1	    0.0	   -nan	
 1527	 152.70	  372.4	    0.0	  -49.6	 1234.4	  359.3	    0.0	    0.0	  998.2	    0.0	    0.0	    0.0	  100.0	    0.0	    0.0	    0.0	    0.0	  100.0	  100.0	  0	  150.0	 1050.0	    0.0	    0.0	  100.0	1	  461.2	  1	    0.0	   -nan	
 1528	 152.80	  372.4	    0.0	  -49.6	 1234.4	  359.3	    0.0	    0.0	  998.2	    0.0	    0.0	    0.0	  100.0	    0.0	    0.0	    0.0	    0.0	  100.0	  100.0	  0	  150.0	 1050.0	    0.0	    0.0	  100.0	1	  461.2	  1	    0.0	   -nan	
 1529	 152.90	  372.4	    0.0	  -49.6	 1234.4	  359.3	    0.0	    0.0	 1006.9	    0.0	    0.0	    0.0	  100.0	    0.0	    0.0	    0.0	    0.0	  100.0	  100.0	  0	  150.0	 1050.0	    0.0	    0.0	  100.0	1	  461.0	  1	    0.0	   -nan	
 1530	 153.00	  372.4	    0.0	  -53.3	 1234.4	  359.3	    0.0	    0.0	 1006.9	    0.0	    0.0	    0.0	  100.0	    0.0	    0.0	    0.0	    0.0	  100.0	  100.0	  0	  150.0	 1050.0	    0.0	    0.0	  100.0	1	  461.0	  1	    0.0	   -nan	
 1531	 153.10	  372.4	    0.0	  -53.3	 1234.4	  359.3	    0.0	    0.0	 1014.9	    0.0	    0.0	    0.0	  100.0	    0.0	    0.0	    0.0	    0.0	  100.0	  100.0	  0	  150.0	 1050.0	    0.0	    0.0	  100.0	1	  460.8	  1	    0.0	   -nan	
 1532	 153.20	  372.4	    0.0	  -58.1	 1234.4	  359.3	    0.0	    0.0	 1033.7	    0.0	    0.0	    0.0	  100.0	    0.0	    0.0	    0.0	    0.0	  100.0	  100.0	  0	  150.0	 1050.0	    0.0	    0.0	  100.0	1	  460.4	  1	    0.0	   -nan	
 1533	 153.30	  372.4	    0.0	  -68.9	 1234.4	  359.3	    0.0	    0.0	 1035.7	    0.0	    0.0	    0.0	  100.0	    0.0	    0.0	    0.0	    0.0	  100.0	  100.0	  0	  150.0	 1050.0	    0.0	    0.0	  100.0	1	  460.3	  1	    0.0	   -nan	
 1534	 153.40	  372.4	    0.0	  -69.9	 1234.4	  359.3	    0.0	    0.0	 1035.7	    0.0	    0.0	    0.0	  100.0	    0.0	    0.0	    0.0	    0.0	  100.0	  100.0	  0	  150.0	 1050.0	    0.0	    0.0	  100.0	1	  460.3	  1	    0.0	   -nan	
 1535	 153.50	  372.4	    0.0	  -69.9	 1234.4	  359.3	    0.0	    0.0	 1033.8	    0.0	    0.0	    0.0	  100.0	    0.0	    0.0	    0.0	    0.0	  100.0	  100.0	  0	  150.0	 1050.0	    0.0	    0.0	  100.0	1	  460.4	  1	    0.0	   -nan	
 1536	 153.60	  372.4	    0.0	  -68.2	 1234.4	  359.3	    0.0	    0.0	 1028.2	    0.0	    0.0	    0.0	  100.0	    0.0	    0.0	    0.0	    0.0	  100.0	  100.0	  0	  150.0	 1050.0	    0.0	    0.0	  100.0	1	  460.5	  1	    0.0	   -nan	
 1537	 153.70	  372.4	    0.0	  -60.6	 1234.4	  359.3	    0.0	    0.0	 1028.2	    0.0	    0.0	    0.0	  100.0	    0.0	    0.0	    0.0	    0.0	  100.0	  100.0	  0	  150.0	 1050.0	    0.0	    0.0	  100.0	1	  460.5	  1	    0.0	   -nan	
 1538	 153.80	  372.4	    0.0	  -60.6	 1234.4	  359.3	    0.0	    0.0	 1028.2	    0.0	    0.0	    0.0	  100.0	    0.0	    0.0	    0.0	    0.0	  100.0	  100.0	  0	  150.0	 1050.0	    0.0	    0.0	  100.0	1	  460.5	  1	    0.0	   -nan	
 1539	 153.90	  372.4	    0.0	  -60.6	 1234.4	  359.3	    0.0	    0.0	 1018.8	    0.0	    0.0	    0.0	  100.0	    0.0	    0.0	    0.0	    0.0	  100.0	  100.0	  0	  150.0	 1050.0	    0.0	    0.0	  100.0	1	  460.7	  1	    0.0	   -nan	
 1540	 154.00	  372.4	    0.0	  -26.0	 1234.4	  359.3	    0.0	    0.0	 1018.8	    0.0	    0.0	    0.0	  100.0	    0.0	    0.0	    0.0	    0.0	  100.0	  100.0	  0	  150.0	 1050.0	    0.0	    0.0	  100.0	1	  460.7	  1	    0.0	   -nan	
 1541	 154.10	  372.4	    0.0	  -26.0	 1234.4	  359.3	    0.0	    0.0	 1016.0	    0.0	    0.0	    0.0	  100.0	    0.0	    0.0	    0.0	    0.0	  100.0	  100.0	  0	  150.0	 1050.0	    0.0	    0.0	  100.0	1	  460.8	  1	    0.0	   -nan	
 1542	 154.20	  372.4	    0.0	  -10.9	 1234.4	  359.3	    0.0	    0.0	 1016.0	    0.0	    0.0	    0.0	  100.0	    0.0	    0.0	    0.0	    0.0	  100.0	  100.0	  0	  150.0	 1050.0	    0.0	    0.0	  100.0	1	  460.8	  1	    0.0	   -nan	
 1543	 154.30	  372.4	    0.0	  -10.9	 1234.4	  359.3	    0.0	    0.0	 1016.0	    0.0	    0.0	    0.0	  100.0	    0.0	    0.0	    0.0	    0.0	  100.0	  100.0	  0	  150.0	 1050.0	    0.0	    0.0	  100.0	1	  460.8	  1	    0.0	   -nan	
 1544	 154.40	  372.4	    0.0	  -10.9	 1234.4	  359.3	    0.0	    0.0	 1016.0	    0.0	    0.0	    0.0	  100.0	    0.0	    0.0	    0.0	    0.0	  100.0	  100.0	  0	  150.0	 1050.0	    0.0	    0.0	  100.0	1	  460.8	  1	    0.0	   -nan	
 1545	 154.50	  372.4	    0.0	  -10.9	 1234.4	  359.3	    0.0	    0.0	 1016.0	    0.0	    0.0	    0.0	  100.0	    0.0	    0.0	    0.0	    0.0	  100.0	  100.0	  0	  150.0	 1050.0	    0.0	    0.0	  100.0	1	  460.8	  1	    0.0	   -nan	
 1546	 154.60	  372.4	    0.0	  -10.9	 1234.4	  359.3	    0.0	    0.0	 1016.0	    0.0	    0.0	    0.0	  100.0	    0.0	    0.0	    0.0	    0.0	  100.0	  100.0	  0	  150.0	 1050.0	    0.0	    0.0	  100.0	1	  460.8	  1	    0.0	   -nan	
 1547	 154.70	  372.4	    0.0	  -10.9	 1234.4	  359.3	    0.0	    0.0	 1016.0	    0.0	    0.0	    0.0	  100.0	    0.0	    0.0	    0.0	    0.0	  100.0	  100.0	  0	  150.0	 1050.0	    0.0	    0.0	  100.0	1	  460.8	  1	    0.0	   -nan	
 1548	 154.80	  372.4	    0.0	  -10.9	 1234.4	  359.3	    0.0	    0.0	 1016.0	    0.0	    0.0	    0.0	  100.0	    0.0	    0.0	    0.0	    0.0	  100.0	  100.0	  0	  150.0	 1050.0	    0.0	    0.0	  100.0	1	  460.8	  1	    0.0	   -nan	
 1549	 154.90	  372.4	    0.0	  -10.9	 1234.4	  359.3	    0.0	    0.0	 1016.0	    0.0	    0.0	    0.0	  100.0	    0.0	    0.0	    0.0	    0.0	  100.0	  100.0	  0	  150.0	 1050.0	    0.0	    0.0	  100.0	1	  460.8	  1	    0.0	   -nan	
 1550	 155.00	  372.4	    0.0	  -10.9	 1234.4	  359.3	    0.0	    0.0	 1016.0	    0.0	    0.0	    0.0	  100.0	    0.0	    0.0	    0.0	    0.0	  100.0	  100.0	  0	  150.0	 1050.0	    0.0	    0.0	  100.0	1	  460.8	  1	    0.0	   -nan	
 1551	 155.10	  372.4	    0.0	  -10.9	 1234.4	  359.3	    0.0	    0.0	 1016.0	    0.0	    0.0	    0.0	  100.0	    0.0	    0.0	    0.0	    0.0	  100.0	  100.0	  0	  150.0	 1050.0	    0.0	    0.0	  100.0	1	  460.8	  1	    0.0	   -nan	
 1552	 155.20	  372.4	    0.0	  -10.9	 1234.4	  359.3	    0.0	    0.0	 1016.0	    0.0	    0.0	    0.0	  100.0	    0.0	    0.0	    0.0	    0.0	  100.0	  100.0	  0	  150.0	 1050.0	    0.0	    0.0	  100.0	1	  460.8	  1	    0.0	   -nan	
 1553	 155.30	  372.4	    0.0	  -10.9	 1234.4	  359.3	    0.0	    0.0	 1016.0	    0.0	    0.0	    0.0	  100.0	    0.0	    0.0	    0.0	    0.0	  100.0	  100.0	  0	  150.0	 1050.0	    0.0	    0.0	  100.0	1	  460.8	  1	    0.0	   -nan	
 1554	 155.40	  372.4	    0.0	  -10.9	 1234.4	  359.3	    0.0	    0.0	 1016.0	    0.0	    0.0	    0.0	  100.0	    0.0	    0.0	    0.0	    0.0	  100.0	  100.0	  0	  150.0	 1050.0	    0.0	    0.0	  100.0	1	  460.8	  1	    0.0	   -nan	
 1555	 155.50	  372.4	    0.0	  -10.9	 1234.4	  359.3	    0.0	    0.0	 1016.0	    0.0	    0.0	    0.0	  100.0	    0.0	    0.0	    0.0	    0.0	  100.0	  100.0	  0	  150.0	 1050.0	    0.0	    0.0	  100.0	1	  460.8	  1	    0.0	   -nan	
 1556	 155.60	  372.4	    0.0	  -10.9	 1234.4	  359.3	    0.0	    0.0	 1016.0	    0.0	    0.0	    0.0	  100.0	    0.0	    0.0	    0.0	    0.0	  100.0	  100.0	  0	  150.0	 1050.0	    0.0	    0.0	  100.0	1	  460.8	  1	    0.0	   -nan	
 1557	 155.70	  372.4	    0.0	  -10.9	 1234.4	  359.3	    0.0	    0.0	 1013.2	    0.0	    0.0	    0.0	  100.0	    0.0	    0.0	    0.0	    0.0	  100.0	  100.0	  0	  150.0	 1050.0	    0.0	    0.0	  100.0	1	  460.8	  1	    0.0	   -nan	
 1558	 155.80	  372.4	    0.0	   39.2	 1234.4	  359.3	    0.0	    0.0	 1015.1	    0.0	    0.0	    0.0	  100.0	    0.0	    0.0	    0.0	    0.0	  100.0	  100.0	  0	  150.0	 1050.0	    0.0	    0.0	  100.0	1	  460.8	  1	    0.0	   -nan	
 1559	 155.90	  372.4	    0.0	  131.6	 1234.4	  359.3	    0.0	    0.0	 1015.1	    0.0	    0.0	    0.0	  100.0	    0.0	    0.0	    0.0	    0.0	  100.0	  100.0	  0	  150.0	 1050.0	    0.0	    0.0	  100.0	1	  460.8	  1	    0.0	   -nan	
 1560	 156.00	  372.4	    0.0	  131.6	 1234.4	  359.3	    0.0	    0.0	 1015.1	    0.0	    0.0	    0.0	  100.0	    0.0	    0.0	    0.0	    0.0	  100.0	  100.0	  0	  150.0	 1050.0	    0.0	    0.0	  100.0	1	  460.8	  1	    0.0	   -nan	
 1561	 156.10	  372.4	    0.0	  131.6	 1234.4	  359.3	    0.0	    0.0	 1015.1	    0.0	    0.0	    0.0	  100.0	    0.0	    0.0	    0.0	    0.0	  100.0	  100.0	  0	  150.0	 1050.0	    0.0	    0.0	  100.0	1	  460.8	  1	    0.0	   -nan	
 1562	 156.20	  372.4	    0.0	  131.6	 1234.4	  359.3	    0.0	    0.0	 1015.1	    0.0	    0.0	    0.0	  100.0	    0.0	    0.0	    0.0	    0.0	  100.0	  100.0	  0	  150.0	 1050.0	    0.0	    0.0	  100.0	1	  460.8	  1	    0.0	   -nan	
 1563	 156.30	  372.4	    0.0	  131.6	 1234.4	  359.3	    0.0	    0.0	 1015.1	    0.0	    0.0	    0.0	  100.0	    0.0	    0.0	    0.0	    0.0	  100.0	  100.0	  0	  150.0	 1050.0	    0.0	    0.0	  100.0	1	  460.8	  1	    0.0	   -nan	
 1564	 156.40	  372.4	    0.0	  131.6	 1234.4	  359.3	    0.0	    0.0	 1015.1	    0.0	    0.0	    0.0	  100.0	    0.0	    0.0	    0.0	    0.0	  100.0	  100.0	  0	  150.0	 1050.0	    0.0	    0.0	  100.0	1	  460.8	  1	    0.0	   -nan	
 1565	 156.50	  372.4	    0.0	  131.6	 1234.4	  359.3	    0.0	    0.0	 1015.1	    0.0	    0.0	    0.0	  100.0	    0.0	    0.0	    0.0	    0.0	  100.0	  100.0	  0	  150.0	 1050.0	    0.0	    0.0	  100.0	1	  460.8	  1	    0.0	   -nan	
 1566	 156.60	  372.4	    0.0	  131.6	 1234.4	  359.3	    0.0	    0.0	 1015.1	    0.0	    0.0	    0.0	  100.0	    0.0	    0.0	    0.0	    0.0	  100.0	  100.0	  0	  150.0	 1050.0	    0.0	    0.0	  100.0	1	  460.8	  1	    0.0	   -nan	
 1567	 156.70	  372.4	    0.0	  131.6	 1234.4	  359.3	    0.0	    0.0	 1015.1	    0.0	    0.0	    0.0	  100.0	    0.0	    0.0	    0.0	    0.0	  100.0	  100.0	  0	  150.0	 1050.0	    0.0	    0.0	  100.0	1	  460.8	  1	    0.0	   -nan	
 1568	 156.80	  372.4	    0.0	  131.6	 1234.4	  359.3	    0.0	    0.0	 1015.1	    0.0	    0.0	    0.0	  100.0	    0.0	    0.0	    0.0	    0.0	  100.0	  100.0	  0	  150.0	 1050.0	    0.0	    0.0	  100.0	1	  460.8	  1	    0.0	   -nan	
 1569	 156.90	  372.4	    0.0	  131.6	 1234.4	  359.3	    0.0	    0.0	 1017.0	    0.0	    0.0	    0.0	  100.0	    0.0	    0.0	    0.0	    0.0	  100.0	  100.0	  0	  150.0	 1050.0	    0.0	    0.0	  100.0	1	  460.7	  1	    0.0	   -nan	
 1570	 157.00	  372.4	    0.0	  131.8	 1234.4	  359.3	    0.0	    0.0	 1017.0	    0.0	    0.0	    0.0	  100.0	    0.0	    0.0	    0.0	    0.0	  100.0	  100.0	  0	  150.0	 1050.0	    0.0	    0.0	  100.0	1	  460.7	  1	    0.0	   -nan	
 1571	 157.10	  372.4	    0.0	  131.8	 1234.4	  359.3	    0.0	    0.0	 1016.1	    0.0	    0.0	    0.0	  100.0	    0.0	    0.0	    0.0	    0.0	  100.0	  100.0	  0	  150.0	 1050.0	    0.0	    0.0	  100.0	1	  460.8	  1	    0.0	   -nan	
 1572	 157.20	  372.4	    0.0	  131.7	 1234.4	  359.3	    0.0	    0.0	 1018.0	    0.0	    0.0	    0.0	  100.0	    0.0	    0.0	    0.0	    0.0	  100.0	  100.0	  0	  150.0	 1050.0	    0.0	    0.0	  100.0	1	  460.7	  1	    0.0	   -nan	
 1573	 157.30	  372.4	    0.0	  132.0	 1234.4	  359.3	    0.0	    0.0	 1018.0	    0.0	    0.0	    0.0	  100.0	    0.0	    0.0	    0.0	    0.0	  100.0	  100.0	  0	  150.0	 1050.0	    0.0	    0.0	  100.0	1	  460.7	  1	    0.0	   -nan	
 1574	 157.40	  372.4	    0.0	  132.1	 1234.4	  359.3	    0.0	    0.0	 1018.0	    0.0	    0.0	    0.0	  100.0	    0.0	    0.0	    0.0	    0.0	  100.0	  100.0	  0	  150.0	 1050.0	    0.0	    0.0	  100.0	1	  460.7	  1	    0.0	   -nan	
 1575	 157.50	  372.4	    0.0	  132.1	 1234.4	  359.3	    0.0	    0.0	 1025.5	    0.0	    0.0	    0.0	  100.0	    0.0	    0.0	    0.0	    0.0	  100.0	  100.0	  0	  150.0	 1050.0	    0.0	    0.0	  100.0	1	  460.5	  1	    0.0	   -nan	
 1576	 157.60	  372.4	    0.0	  135.8	 1234.4	  359.3	    0.0	    0.0	 1023.6	    0.0	    0.0	    0.0	  100.0	    0.0	    0.0	    0.0	    0.0	  100.0	  100.0	  0	  150.0	 1050.0	    0.0	    0.0	  100.0	1	  460.6	  1	    0.0	   -nan	
 1577	 157.70	  372.4	    0.0	  -49.4	 1234.4	  359.3	    0.0	    0.0	 1025.4	    0.0	    0.0	    0.0	  100.0	    0.0	    0.0	    0.0	    0.0	  100.0	  100.0	  0	  150.0	 1050.0	    0.0	    0.0	  100.0	1	  460.5	  1	    0.0	   -nan	
 1578	 157.80	  372.4	    0.0	  -48.4	 1234.4	  359.3	    0.0	    0.0	 1042.7	    0.0	    0.0	    0.0	  100.0	    0.0	    0.0	    0.0	    0.0	  100.0	  100.0	  0	  150.0	 1050.0	    0.0	    0.0	  100.0	1	  460.2	  1	    0.0	   -nan	
 1579	 157.90	  372.4	    0.0	  -48.4	 1234.4	  359.3	    0.0	    0.0	 1042.7	    0.0	    0.0	    0.0	  100.0	    0.0	    0.0	    0.0	    0.0	  100.0	  100.0	  0	  150.0	 1050.0	    0.0	    0.0	  100.0	1	  460.2	  1	    0.0	   -nan	
 1580	 158.00	  372.4	    0.0	  -48.4	 1234.4	  359.3	    0.0	    0.0	 1037.8	    0.0	    0.0	    0.0	  100.0	    0.0	    0.0	    0.0	    0.0	  100.0	  100.0	  0	  150.0	 1050.0	    0.0	    0.0	  100.0	1	  460.3	  1	    0.0	   -nan	
 1581	 158.10	  372.4	    0.0	  -48.4	 1234.4	  359.3	    0.0	    0.0	 1038.6	    0.0	    0.0	    0.0	  100.0	    0.0	    0.0	    0.0	    0.0	  100.0	  100.0	  0	  150.0	 1050.0	    0.0	    0.0	  100.0	1	  460.3	  1	    0.0	   -nan	
 1582	 158.20	  372.4	    0.0	  -48.4	 1234.4	  359.3	    0.0	    0.0	 1037.8	    0.0	    0.0	    0.0	  100.0	    0.0	    0.0	    0.0	    0.0	  100.0	  100.0	  0	  150.0	 1050.0	    0.0	    0.0	  100.0	1	  460.3	  1	    0.0	   -nan	
 1583	 158.30	  372.4	    0.0	  -48.4	 1234.4	  359.3	    0.0	    0.0	 1037.1	    0.0	    0.0	    0.0	  100.0	    0.0	    0.0	    0.0	    0.0	  100.0	  100.0	  0	  150.0	 1050.0	    0.0	    0.0	  100.0	1	  460.3	  1	    0.0	   -nan	
 1584	 158.40	  372.4	    0.0	  -48.4	 1234.4	  359.3	    0.0	    0.0	 1035.4	    0.0	    0.0	    0.0	  100.0	    0.0	    0.0	    0.0	    0.0	  100.0	  100.0	  0	  150.0	 1050.0	    0.0	    0.0	  100.0	1	  460.3	  1	    0.0	   -nan	
 1585	 158.50	  372.4	    0.0	  -48.4	 1234.4	  359.3	    0.0	    0.0	 1040.1	    0.0	    0.0	    0.0	  100.0	    0.0	    0.0	    0.0	    0.0	  100.0	  100.0	  0	  150.0	 1050.0	    0.0	    0.0	  100.0	1	  460.3	  1	    0.0	   -nan	
 1586	 158.60	  372.4	    0.0	  -48.4	 1234.4	  359.3	    0.0	    0.0	 1040.1	    0.0	    0.0	    0.0	  100.0	    0.0	    0.0	    0.0	    0.0	  100.0	  100.0	  0	  150.0	 1050.0	    0.0	    0.0	  100.0	1	  460.3	  1	    0.0	   -nan	
 1587	 158.70	  372.4	    0.0	  -48.4	 1234.4	  359.3	    0.0	    0.0	 1025.9	    0.0	    0.0	    0.0	  100.0	    0.0	    0.0	    0.0	    0.0	  100.0	  100.0	  0	  150.0	 1050.0	    0.0	    0.0	  100.0	1	  460.5	  1	    0.0	   -nan	
 1588	 158.80	  372.4	    0.0	  -48.2	 1234.4	  359.3	    0.0	    0.0	 1029.3	    0.0	    0.0	    0.0	  100.0	    0.0	    0.0	    0.0	    0.0	  100.0	  100.0	  0	  150.0	 1050.0	    0.0	    0.0	  100.0	1	  460.5	  1	    0.0	   -nan	
 1589	 158.90	  372.4	    0.0	  -48.3	 1234.4	  359.3	    0.0	    0.0	 1036.8	    0.0	    0.0	    0.0	  100.0	    0.0	    0.0	    0.0	    0.0	  100.0	  100.0	  0	  150.0	 1050.0	    0.0	    0.0	  100.0	1	  460.3	  1	    0.0	   -nan	
 1590	 159.00	  372.4	    0.0	  -48.4	 1234.4	  359.3	    0.0	    0.0	 1036.7	    0.0	    0.0	    0.0	  100.0	    0.0	    0.0	    0.0	    0.0	  100.0	  100.0	  0	  150.0	 1050.0	    0.0	    0.0	  100.0	1	  460.3	  1	    0.0	   -nan	
 1591	 159.10	  372.4	    0.0	  -48.4	 1234.4	  359.3	    0.0	    0.0	 1031.0	    0.0	    0.0	    0.0	  100.0	    0.0	    0.0	    0.0	    0.0	  100.0	  100.0	  0	  150.0	 1050.0	    0.0	    0.0	  100.0	1	  460.4	  1	    0.0	   -nan	
 1592	 159.20	  372.4	    0.0	  -48.2	 1234.4	  359.3	    0.0	    0.0	 1032.9	    0.0	    0.0	    0.0	  100.0	    0.0	    0.0	    0.0	    0.0	  100.0	  100.0	  0	  150.0	 1050.0	    0.0	    0.0	  100.0	1	  460.4	  1	    0.0	   -nan	
 1593	 159.30	  372.4	    0.0	  -48.3	 1234.4	  359.3	    0.0	    0.0	 1032.9	    0.0	    0.0	    0.0	  100.0	    0.0	    0.0	    0.0	    0.0	  100.0	  100.0	  0	  150.0	 1050.0	    0.0	    0.0	  100.0	1	  460.4	  1	    0.0	   -nan	
 1594	 159.40	  372.4	    0.0	  -48.3	 1234.4	  359.3	    0.0	    0.0	 1025.4	    0.0	    0.0	    0.0	  100.0	    0.0	    0.0	    0.0	    0.0	  100.0	  100.0	  0	  150.0	 1050.0	    0.0	    0.0	  100.0	1	  460.5	  1	    0.0	   -nan	
 1595	 159.50	  372.4	    0.0	  -47.7	 1234.4	  359.3	    0.0	    0.0	 1023.3	    0.0	    0.0	    0.0	  100.0	    0.0	    0.0	    0.0	    0.0	  100.0	  100.0	  0	  150.0	 1050.0	    0.0	    0.0	  100.0	1	  460.6	  1	    0.0	   -nan	
 1596	 159.60	  372.4	    0.0	  -47.4	 1234.4	  359.3	    0.0	    0.0	 1026.6	    0.0	    0.0	    0.0	  100.0	    0.0	    0.0	    0.0	    0.0	  100.0	  100.0	  0	  150.0	 1050.0	    0.0	    0.0	  100.0	1	  460.5	  1	    0.0	   -nan	
 1597	 159.70	  372.4	    0.0	  -47.9	 1234.4	  359.3	    0.0	    0.0	 1032.2	    0.0	    0.0	    0.0	  100.0	    0.0	    0.0	    0.0	    0.0	  100.0	  100.0	  0	  150.0	 1050.0	    0.0	    0.0	  100.0	1	  460.4	  1	    0.0	   -nan	
 1598	 159.80	  372.4	    0.0	  -49.0	 1234.4	  359.3	    0.0	    0.0	 1027.6	    0.0	    0.0	    0.0	  100.0	    0.0	    0.0	    0.0	    0.0	  100.0	  100.0	  0	  150.0	 1050.0	    0.0	    0.0	  100.0	1	  460.5	  1	    0.0	   -nan	
 1599	 159.90	  372.4	    0.0	  -47.9	 1234.4	  359.3	    0.0	    0.0	 1033.3	    0.0	    0.0	    0.0	  100.0	    0.0	    0.0	    0.0	    0.0	  100.0	  100.0	  0	  150.0	 1050.0	    0.0	    0.0	  100.0	1	  460.4	  1	    0.0	   -nan	
 1600	 160.00	  372.4	    0.0	  -49.6	 1234.4	  359.3	    0.0	    0.0	 1033.3	    0.0	    0.0	    0.0	  100.0	    0.0	    0.0	    0.0	    0.0	  100.0	  100.0	  0	  150.0	 1050.0	    0.0	    0.0	  100.0	1	  460.4	  1	    0.0	   -nan	
 1601	 160.10	  372.4	    0.0	  -49.6	 1234.4	  359.3	    0.0	    0.0	 1040.0	    0.0	    0.0	    0.0	  100.0	    0.0	    0.0	    0.0	    0.0	  100.0	  100.0	  0	  150.0	 1050.0	    0.0	    0.0	  100.0	1	  460.3	  1	    0.0	   -nan	
 1602	 160.20	  372.4	    0.0	  -52.3	 1234.4	  359.3	    0.0	    0.0	 1045.7	    0.0	    0.0	    0.0	  100.0	    0.0	    0.0	    0.0	    0.0	  100.0	  100.0	  0	  150.0	 1050.0	    0.0	    0.0	  100.0	1	  460.2	  1	    0.0	   -nan	
 1603	 160.30	  372.4	    0.0	  -54.7	 1234.4	  359.3	    0.0	    0.0	 1043.5	    0.0	    0.0	    0.0	  100.0	    0.0	    0.0	    0.0	    0.0	  100.0	  100.0	  0	  150.0	 1050.0	    0.0	    0.0	  100.0	1	  460.2	  1	    0.0	   -nan	
 1604	 160.40	  372.4	    0.0	  -53.6	 1234.4	  359.3	    0.0	    0.0	 1036.9	    0.0	    0.0	    0.0	  100.0	    0.0	    0.0	    0.0	    0.0	  100.0	  100.0	  0	  150.0	 1050.0	    0.0	    0.0	  100.0	1	  460.3	  1	    0.0	   -nan	
 1605	 160.50	  372.4	    0.0	  -48.4	 1234.4	  359.3	    0.0	    0.0	 1033.8	    0.0	    0.0	    0.0	  100.0	    0.0	    0.0	    0.0	    0.0	  100.0	  100.0	  0	  150.0	 1050.0	    0.0	    0.0	  100.0	1	  460.4	  1	    0.0	   -nan	
 1606	 160.60	  372.4	    0.0	  -44.7	 1234.4	  359.3	    0.0	    0.0	 1033.8	    0.0	    0.0	    0.0	  100.0	    0.0	    0.0	    0.0	    0.0	  100.0	  100.0	  0	  150.0	 1050.0	    0.0	    0.0	  100.0	1	  460.4	  1	    0.0	   -nan	
 1607	 160.70	  372.4	    0.0	  -44.7	 1234.4	  359.3	    0.0	    0.0	 1033.8	    0.0	    0.0	    0.0	  100.0	    0.0	    0.0	    0.0	    0.0	  100.0	  100.0	  0	  150.0	 1050.0	    0.0	    0.0	  100.0	1	  460.4	  1	    0.0	   -nan	
 1608	 160.80	  372.4	    0.0	  -44.7	 1234.4	  359.3	    0.0	    0.0	 1038.5	    0.0	    0.0	    0.0	  100.0	    0.0	    0.0	    0.0	    0.0	  100.0	  100.0	  0	  150.0	 1050.0	    0.0	    0.0	  100.0	1	  460.3	  1	    0.0	   -nan	
 1609	 160.90	  372.4	    0.0	  -56.5	 1234.4	  359.3	    0.0	    0.0	 1038.5	    0.0	    0.0	    0.0	  100.0	    0.0	    0.0	    0.0	    0.0	  100.0	  100.0	  0	  150.0	 1050.0	    0.0	    0.0	  100.0	1	  460.3	  1	    0.0	   -nan	
 1610	 161.00	  372.4	    0.0	  -56.5	 1234.4	  359.3	    0.0	    0.0	 1036.6	    0.0	    0.0	    0.0	  100.0	    0.0	    0.0	    0.0	    0.0	  100.0	  100.0	  0	  150.0	 1050.0	    0.0	    0.0	  100.0	1	  460.3	  1	    0.0	   -nan	
 1611	 161.10	  372.4	    0.0	  -48.9	 1234.4	  359.3	    0.0	    0.0	 1036.6	    0.0	    0.0	    0.0	  100.0	    0.0	    0.0	    0.0	    0.0	  100.0	  100.0	  0	  150.0	 1050.0	    0.0	    0.0	  100.0	1	  460.3	  1	    0.0	   -nan	
 1612	 161.20	  372.4	    0.0	  -48.9	 1234.4	  359.3	    0.0	    0.0	 1035.6	    0.0	    0.0	    0.0	  100.0	    0.0	    0.0	    0.0	    0.0	  100.0	  100.0	  0	  150.0	 1050.0	    0.0	    0.0	  100.0	1	  460.3	  1	    0.0	   -nan	
 1613	 161.30	  372.4	    0.0	  -41.9	 1234.4	  359.3	    0.0	    0.0	 1034.4	    0.0	    0.0	    0.0	  100.0	    0.0	    0.0	    0.0	    0.0	  100.0	  100.0	  0	  150.0	 1050.0	    0.0	    0.0	  100.0	1	  460.4	  1	    0.0	   -nan	
 1614	 161.40	  372.4	    0.0	  -31.1	 1234.4	  359.3	    0.0	    0.0	 1035.0	    0.0	    0.0	    0.0	  100.0	    0.0	    0.0	    0.0	    0.0	  100.0	  100.0	  0	  150.0	 1050.0	    0.0	    0.0	  100.0	1	  460.4	  1	    0.0	   -nan	
 1615	 161.50	  372.4	    0.0	  -38.1	 1234.4	  359.3	    0.0	    0.0	 1035.2	    0.0	    0.0	    0.0	  100.0	    0.0	    0.0	    0.0	    0.0	  100.0	  100.0	  0	  150.0	 1050.0	    0.0	    0.0	  100.0	1	  460.3	  1	    0.0	   -nan	
 1616	 161.60	  372.4	    0.0	  -41.2	 1234.4	  359.3	    0.0	    0.0	 1031.9	    0.0	    0.0	    0.0	  100.0	    0.0	    0.0	    0.0	    0.0	  100.0	  100.0	  0	  150.0	 1050.0	    0.0	    0.0	  100.0	1	  460.4	  1	    0.0	   -nan	
 1617	 161.70	  372.4	    0.0	    5.5	 1234.4	  359.3	    0.0	    0.0	 1037.6	    0.0	    0.0	    0.0	  100.0	    0.0	    0.0	    0.0	    0.0	  100.0	  100.0	  0	  150.0	 1050.0	    0.0	    0.0	  100.0	1	  460.3	  1	    0.0	   -nan	
 1618	 161.80	  372.4	    0.0	 -101.0	 1234.4	  359.3	    0.0	    0.0	 1035.7	    0.0	    0.0	    0.0	  100.0	    0.0	    0.0	    0.0	    0.0	  100.0	  100.0	  0	  150.0	 1050.0	    0.0	    0.0	  100.0	1	  460.3	  1	    0.0	   -nan	
 1619	 161.90	  372.4	    0.0	  -60.7	 1234.4	  359.3	    0.0	    0.0	 1034.7	    0.0	    0.0	    0.0	  100.0	    0.0	    0.0	    0.0	    0.0	  100.0	  100.0	  0	  150.0	 1050.0	    0.0	    0.0	  100.0	1	  460.4	  1	    0.0	   -nan	
 1620	 162.00	  372.4	    0.0	  -19.3	 1234.4	  359.3	    0.0	    0.0	 1034.7	    0.0	    0.0	    0.0	  100.0	    0.0	    0.0	    0.0	    0.0	  100.0	  100.0	  0	  150.0	 1050.0	    0.0	    0.0	  100.0	1	  460.4	  1	    0.0	   -nan	
 1621	 162.10	  372.4	    0.0	  -19.3	 1234.4	  359.3	    0.0	    0.0	 1034.7	    0.0	    0.0	    0.0	  100.0	    0.0	    0.0	    0.0	    0.0	  100.0	  100.0	  0	  150.0	 1050.0	    0.0	    0.0	  100.0	1	  460.4	  1	    0.0	   -nan	
 1622	 162.20	  372.4	    0.0	  -19.3	 1234.4	  359.3	    0.0	    0.0	 1035.4	    0.0	    0.0	    0.0	  100.0	    0.0	    0.0	    0.0	    0.0	  100.0	  100.0	  0	  150.0	 1050.0	    0.0	    0.0	  100.0	1	  460.3	  1	    0.0	   -nan	
 1623	 162.30	  372.4	    0.0	  -80.7	 1234.4	  359.3	    0.0	    0.0	 1037.5	    0.0	    0.0	    0.0	  100.0	    0.0	    0.0	    0.0	    0.0	  100.0	  100.0	  0	  150.0	 1050.0	    0.0	    0.0	  100.0	1	  460.3	  1	    0.0	   -nan	
 1624	 162.40	  372.4	    0.0	 -127.1	 1234.4	  359.3	    0.0	    0.0	 1037.5	    0.0	    0.0	    0.0	  100.0	    0.0	    0.0	    0.0	    0.0	  100.0	  100.0	  0	  150.0	 1050.0	    0.0	    0.0	  100.0	1	  460.3	  1	    0.0	   -nan	
 1625	 162.50	  372.4	    0.0	 -127.1	 1234.4	  359.3	    0.0	    0.0	 1033.4	    0.0	    0.0	    0.0	  100.0	    0.0	    0.0	    0.0	    0.0	  100.0	  100.0	  0	  150.0	 1050.0	    0.0	    0.0	  100.0	1	  460.4	  1	    0.0	   -nan	
 1626	 162.60	  372.4	    0.0	   35.9	 1234.4	  359.3	    0.0	    0.0	 1036.5	    0.0	    0.0	    0.0	  100.0	    0.0	    0.0	    0.0	    0.0	  100.0	  100.0	  0	  150.0	 1050.0	    0.0	    0.0	  100.0	1	  460.3	  1	    0.0	   -nan	
 1627	 162.70	  372.4	    0.0	  131.7	 1234.4	  359.3	    0.0	    0.0	 1037.0	    0.0	    0.0	    0.0	  100.0	    0.0	    0.0	    0.0	    0.0	  100.0	  100.0	  0	  150.0	 1050.0	    0.0	    0.0	  100.0	1	  460.3	  1	    0.0	   -nan	
 1628	 162.80	  372.4	    0.0	  131.7	 1234.4	  359.3	    0.0	    0.0	 1037.5	    0.0	    0.0	    0.0	  100.0	    0.0	    0.0	    0.0	    0.0	  100.0	  100.0	  0	  150.0	 1050.0	    0.0	    0.0	  100.0	1	  460.3	  1	    0.0	   -nan	
 1629	 162.90	  372.4	    0.0	  131.7	 1234.4	  359.3	    0.0	    0.0	 1037.5	    0.0	    0.0	    0.0	  100.0	    0.0	    0.0	    0.0	    0.0	  100.0	  100.0	  0	  150.0	 1050.0	    0.0	    0.0	  100.0	1	  460.3	  1	    0.0	   -nan	
 1630	 163.00	  372.4	    0.0	  131.7	 1234.4	  359.3	    0.0	    0.0	 1037.3	    0.0	    0.0	    0.0	  100.0	    0.0	    0.0	    0.0	    0.0	  100.0	  100.0	  0	  150.0	 1050.0	    0.0	    0.0	  100.0	1	  460.3	  1	    0.0	   -nan	
 1631	 163.10	  372.4	    0.0	  131.7	 1234.4	  359.3	    0.0	    0.0	 1038.0	    0.0	    0.0	    0.0	  100.0	    0.0	    0.0	    0.0	    0.0	  100.0	  100.0	  0	  150.0	 1050.0	    0.0	    0.0	  100.0	1	  460.3	  1	    0.0	   -nan	
 1632	 163.20	  372.4	    0.0	  131.7	 1234.4	  359.3	    0.0	    0.0	 1040.8	    0.0	    0.0	    0.0	  100.0	    0.0	    0.0	    0.0	    0.0	  100.0	  100.0	  0	  150.0	 1050.0	    0.0	    0.0	  100.0	1	  460.3	  1	    0.0	   -nan	
 1633	 163.30	  372.4	    0.0	  131.8	 1234.4	  359.3	    0.0	    0.0	 1040.3	    0.0	    0.0	    0.0	  100.0	    0.0	    0.0	    0.0	    0.0	  100.0	  100.0	  0	  150.0	 1050.0	    0.0	    0.0	  100.0	1	  460.3	  1	    0.0	   -nan	
 1634	 163.40	  372.4	    0.0	  131.8	 1234.4	  359.3	    0.0	    0.0	 1041.5	    0.0	    0.0	    0.0	  100.0	    0.0	    0.0	    0.0	    0.0	  100.0	  100.0	  0	  150.0	 1050.0	    0.0	    0.0	  100.0	1	  460.2	  1	    0.0	   -nan	
 1635	 163.50	  372.4	    0.0	  131.8	 1234.4	  359.3	    0.0	    0.0	 1042.7	    0.0	    0.0	    0.0	  100.0	    0.0	    0.0	    0.0	    0.0	  100.0	  100.0	  0	  150.0	 1050.0	    0.0	    0.0	  100.0	1	  460.2	  1	    0.0	   -nan	
 1636	 163.60	  372.4	    0.0	  131.8	 1234.4	  359.3	    0.0	    0.0	 1043.1	    0.0	    0.0	    0.0	  100.0	    0.0	    0.0	    0.0	    0.0	  100.0	  100.0	  0	  150.0	 1050.0	    0.0	    0.0	  100.0	1	  460.2	  1	    0.0	   -nan	
 1637	 163.70	  372.4	    0.0	  131.8	 1234.4	  359.3	    0.0	    0.0	 1043.4	    0.0	    0.0	    0.0	  100.0	    0.0	    0.0	    0.0	    0.0	  100.0	  100.0	  0	  150.0	 1050.0	    0.0	    0.0	  100.0	1	  460.2	  1	    0.0	   -nan	
 1638	 163.80	  372.4	    0.0	  131.8	 1234.4	  359.3	    0.0	    0.0	 1043.4	    0.0	    0.0	    0.0	  100.0	    0.0	    0.0	    0.0	    0.0	  100.0	  100.0	  0	  150.0	 1050.0	    0.0	    0.0	  100.0	1	  460.2	  1	    0.0	   -nan	
 1639	 163.90	  372.4	    0.0	  131.8	 1234.4	  359.3	    0.0	    0.0	 1043.4	    0.0	    0.0	    0.0	  100.0	    0.0	    0.0	    0.0	    0.0	  100.0	  100.0	  0	  150.0	 1050.0	    0.0	    0.0	  100.0	1	  460.2	  1	    0.0	   -nan	
 1640	 164.00	  372.4	    0.0	  131.8	 1234.4	  359.3	    0.0	    0.0	 1044.9	    0.0	    0.0	    0.0	  100.0	    0.0	    0.0	    0.0	    0.0	  100.0	  100.0	  0	  150.0	 1050.0	    0.0	    0.0	  100.0	1	  460.2	  1	    0.0	   -nan	
 1641	 164.10	  372.4	    0.0	  132.0	 1234.4	  359.3	    0.0	    0.0	 1044.9	    0.0	    0.0	    0.0	  100.0	    0.0	    0.0	    0.0	    0.0	  100.0	  100.0	  0	  150.0	 1050.0	    0.0	    0.0	  100.0	1	  460.2	  1	    0.0	   -nan	
 1642	 164.20	  372.4	    0.0	  132.0	 1234.4	  359.3	    0.0	    0.0	 1044.9	    0.0	    0.0	    0.0	  100.0	    0.0	    0.0	    0.0	    0.0	  100.0	  100.0	  0	  150.0	 1050.0	    0.0	    0.0	  100.0	1	  460.2	  1	    0.0	   -nan	
 1643	 164.30	  372.4	    0.0	  132.0	 1234.4	  359.3	    0.0	    0.0	 1042.2	    0.0	    0.0	    0.0	  100.0	    0.0	    0.0	    0.0	    0.0	  100.0	  100.0	  0	  150.0	 1050.0	    0.0	    0.0	  100.0	1	  460.2	  1	    0.0	   -nan	
 1644	 164.40	  372.4	    0.0	  131.4	 1234.4	  359.3	    0.0	    0.0	 1042.2	    0.0	    0.0	    0.0	  100.0	    0.0	    0.0	    0.0	    0.0	  100.0	  100.0	  0	  150.0	 1050.0	    0.0	    0.0	  100.0	1	  460.2	  1	    0.0	   -nan	
 1645	 164.50	  372.4	    0.0	  131.4	 1234.4	  359.3	    0.0	    0.0	 1042.7	    0.0	    0.0	    0.0	  100.0	    0.0	    0.0	    0.0	    0.0	  100.0	  100.0	  0	  150.0	 1050.0	    0.0	    0.0	  100.0	1	  460.2	  1	    0.0	   -nan	
 1646	 164.60	  372.4	    0.0	  131.6	 1234.4	  359.3	    0.0	    0.0	 1042.7	    0.0	    0.0	    0.0	  100.0	    0.0	    0.0	    0.0	    0.0	  100.0	  100.0	  0	  150.0	 1050.0	    0.0	    0.0	  100.0	1	  460.2	  1	    0.0	   -nan	
 1647	 164.70	  372.4	    0.0	  131.6	 1234.4	  359.3	    0.0	    0.0	 1043.8	    0.0	    0.0	    0.0	  100.0	    0.0	    0.0	    0.0	    0.0	  100.0	  100.0	  0	  150.0	 1050.0	    0.0	    0.0	  100.0	1	  460.2	  1	    0.0	   -nan	
 1648	 164.80	  372.4	    0.0	  132.2	 1234.4	  359.3	    0.0	    0.0	 1043.8	    0.0	    0.0	    0.0	  100.0	    0.0	    0.0	    0.0	    0.0	  100.0	  100.0	  0	  150.0	 1050.0	    0.0	    0.0	  100.0	1	  460.2	  1	    0.0	   -nan	
 1649	 164.90	  372.4	    0.0	  132.9	 1234.4	  359.3	    0.0	    0.0	 1045.0	    0.0	    0.0	    0.0	  100.0	    0.0	    0.0	    0.0	    0.0	  100.0	  100.0	  0	  150.0	 1050.0	    0.0	    0.0	  100.0	1	  460.2	  1	    0.0	   -nan	
 1650	 165.00	  372.4	    0.0	  -49.1	 1234.4	  359.3	    0.0	    0.0	 1045.0	    0.0	    0.0	    0.0	  100.0	    0.0	    0.0	    0.0	    0.0	  100.0	  100.0	  0	  150.0	 1050.0	    0.0	    0.0	  100.0	1	  460.2	  1	    0.0	   -nan	
 1651	 165.10	  372.4	    0.0	  -48.3	 1234.4	  359.3	    0.0	    0.0	 1043.2	    0.0	    0.0	    0.0	  100.0	    0.0	    0.0	    0.0	    0.0	  100.0	  100.0	  0	  150.0	 1050.0	    0.0	    0.0	  100.0	1	  460.2	  1	    0.0	   -nan	
 1652	 165.20	  372.4	    0.0	  -48.3	 1234.4	  359.3	    0.0	    0.0	 1043.2	    0.0	    0.0	    0.0	  100.0	    0.0	    0.0	    0.0	    0.0	  100.0	  100.0	  0	  150.0	 1050.0	    0.0	    0.0	  100.0	1	  460.2	  1	    0.0	   -nan	
 1653	 165.30	  372.4	    0.0	  -48.3	 1234.4	  359.3	    0.0	    0.0	 1042.3	    0.0	    0.0	    0.0	  100.0	    0.0	    0.0	    0.0	    0.0	  100.0	  100.0	  0	  150.0	 1050.0	    0.0	    0.0	  100.0	1	  460.2	  1	    0.0	   -nan	
 1654	 165.40	  372.4	    0.0	  -48.3	 1234.4	  359.3	    0.0	    0.0	 1042.3	    0.0	    0.0	    0.0	  100.0	    0.0	    0.0	    0.0	    0.0	  100.0	  100.0	  0	  150.0	 1050.0	    0.0	    0.0	  100.0	1	  460.2	  1	    0.0	   -nan	
 1655	 165.50	  372.4	    0.0	  -48.3	 1234.4	  359.3	    0.0	    0.0	 1042.3	    0.0	    0.0	    0.0	  100.0	    0.0	    0.0	    0.0	    0.0	  100.0	  100.0	  0	  150.0	 1050.0	    0.0	    0.0	  100.0	1	  460.2	  1	    0.0	   -nan	
 1656	 165.60	  372.4	    0.0	  -48.3	 1234.4	  359.3	    0.0	    0.0	 1042.3	    0.0	    0.0	    0.0	  100.0	    0.0	    0.0	    0.0	    0.0	  100.0	  100.0	  0	  150.0	 1050.0	    0.0	    0.0	  100.0	1	  460.2	  1	    0.0	   -nan	
 1657	 165.70	  372.4	    0.0	  -48.3	 1234.4	  359.3	    0.0	    0.0	 1041.3	    0.0	    0.0	    0.0	  100.0	    0.0	    0.0	    0.0	    0.0	  100.0	  100.0	  0	  150.0	 1050.0	    0.0	    0.0	  100.0	1	  460.2	  1	    0.0	   -nan	
 1658	 165.80	  372.4	    0.0	  -48.3	 1234.4	  359.3	    0.0	    0.0	 1040.4	    0.0	    0.0	    0.0	  100.0	    0.0	    0.0	    0.0	    0.0	  100.0	  100.0	  0	  150.0	 1050.0	    0.0	    0.0	  100.0	1	  460.3	  1	    0.0	   -nan	
 1659	 165.90	  372.4	    0.0	  -48.3	 1234.4	  359.3	    0.0	    0.0	 1040.4	    0.0	    0.0	    0.0	  100.0	    0.0	    0.0	    0.0	    0.0	  100.0	  100.0	  0	  150.0	 1050.0	    0.0	    0.0	  100.0	1	  460.3	  1	    0.0	   -nan	
 1660	 166.00	  372.4	    0.0	  -48.3	 1234.4	  359.3	    0.0	    0.0	 1039.5	    0.0	    0.0	    0.0	  100.0	    0.0	    0.0	    0.0	    0.0	  100.0	  100.0	  0	  150.0	 1050.0	    0.0	    0.0	  100.0	1	  460.3	  1	    0.0	   -nan	
 1661	 166.10	  372.4	    0.0	  -48.2	 1234.4	  359.3	    0.0	    0.0	 1042.3	    0.0	    0.0	    0.0	  100.0	    0.0	    0.0	    0.0	    0.0	  100.0	  100.0	  0	  150.0	 1050.0	    0.0	    0.0	  100.0	1	  460.2	  1	    0.0	   -nan	
 1662	 166.20	  372.4	    0.0	  -48.3	 1234.4	  359.3	    0.0	    0.0	 1039.5	    0.0	    0.0	    0.0	  100.0	    0.0	    0.0	    0.0	    0.0	  100.0	  100.0	  0	  150.0	 1050.0	    0.0	    0.0	  100.0	1	  460.3	  1	    0.0	   -nan	
 1663	 166.30	  372.4	    0.0	  -48.2	 1234.4	  359.3	    0.0	    0.0	 1039.5	    0.0	    0.0	    0.0	  100.0	    0.0	    0.0	    0.0	    0.0	  100.0	  100.0	  0	  150.0	 1050.0	    0.0	    0.0	  100.0	1	  460.3	  1	    0.0	   -nan	
 1664	 166.40	  372.4	    0.0	  -48.2	 1234.4	  359.3	    0.0	    0.0	 1039.5	    0.0	    0.0	    0.0	  100.0	    0.0	    0.0	    0.0	    0.0	  100.0	  100.0	  0	  150.0	 1050.0	    0.0	    0.0	  100.0	1	  460.3	  1	    0.0	   -nan	
 1665	 166.50	  372.4	    0.0	  -48.2	 1234.4	  359.3	    0.0	    0.0	 1041.4	    0.0	    0.0	    0.0	  100.0	    0.0	    0.0	    0.0	    0.0	  100.0	  100.0	  0	  150.0	 1050.0	    0.0	    0.0	  100.0	1	  460.2	  1	    0.0	   -nan	
 1666	 166.60	  372.4	    0.0	  -48.3	 1234.4	  359.3	    0.0	    0.0	 1041.5	    0.0	    0.0	    0.0	  100.0	    0.0	    0.0	    0.0	    0.0	  100.0	  100.0	  0	  150.0	 1050.0	    0.0	    0.0	  100.0	1	  460.2	  1	    0.0	   -nan	
 1667	 166.70	  372.4	    0.0	  -48.3	 1234.4	  359.3	    0.0	    0.0	 1042.4	    0.0	    0.0	    0.0	  100.0	    0.0	    0.0	    0.0	    0.0	  100.0	  100.0	  0	  150.0	 1050.0	    0.0	    0.0	  100.0	1	  460.2	  1	    0.0	   -nan	
 1668	 166.80	  372.4	    0.0	  -48.4	 1234.4	  359.3	    0.0	    0.0	 1045.8	    0.0	    0.0	    0.0	  100.0	    0.0	    0.0	    0.0	    0.0	  100.0	  100.0	  0	  150.0	 1050.0	    0.0	    0.0	  100.0	1	  460.2	  1	    0.0	   -nan	
 1669	 166.90	  372.4	    0.0	  -48.6	 1234.4	  359.3	    0.0	    0.0	 1050.9	    0.0	    0.0	    0.0	  100.0	    0.0	    0.0	    0.0	    0.0	  100.0	  100.0	  0	  150.0	 1050.0	    0.0	    0.0	  100.0	1	  460.1	  1	    0.0	   -nan	
 1670	 167.00	  372.4	    0.0	  -48.9	 1234.4	  359.3	    0.0	    0.0	 1054.6	    0.0	    0.0	    0.0	  100.0	    0.0	    0.0	    0.0	    0.0	  100.0	  100.0	  0	  150.0	 1050.0	    0.0	    0.0	  100.0	1	  460.1	  1	    0.0	   -nan	
 1671	 167.10	  372.4	    0.0	  -49.2	 1234.4	  359.3	    0.0	    0.0	 1054.3	    0.0	    0.0	    0.0	  100.0	    0.0	    0.0	    0.0	    0.0	  100.0	  100.0	  0	  150.0	 1050.0	    0.0	    0.0	  100.0	1	  460.1	  1	    0.0	   -nan	
 1672	 167.20	  372.4	    0.0	  -49.2	 1234.4	  359.3	    0.0	    0.0	 1054.5	    0.0	    0.0	    0.0	  100.0	    0.0	    0.0	    0.0	    0.0	  100.0	  100.0	  0	  150.0	 1050.0	    0.0	    0.0	  100.0	1	  460.1	  1	    0.0	   -nan	
 1673	 167.30	  372.4	    0.0	  -49.2	 1234.4	  359.3	    0.0	    0.0	 1054.5	    0.0	    0.0	    0.0	  100.0	    0.0	    0.0	    0.0	    0.0	  100.0	  100.0	  0	  150.0	 1050.0	    0.0	    0.0	  100.0	1	  460.1	  1	    0.0	   -nan	
 1674	 167.40	  372.4	    0.0	  -49.2	 1234.4	  359.3	    0.0	    0.0	 1052.8	    0.0	    0.0	    0.0	  100.0	    0.0	    0.0	    0.0	    0.0	  100.0	  100.0	  0	  150.0	 1050.0	    0.0	    0.0	  100.0	1	  460.1	  1	    0.0	   -nan	
 1675	 167.50	  372.4	    0.0	  -48.9	 1234.4	  359.3	    0.0	    0.0	 1054.6	    0.0	    0.0	    0.0	  100.0	    0.0	    0.0	    0.0	    0.0	  100.0	  100.0	  0	  150.0	 1050.0	    0.0	    0.0	  100.0	1	  460.1	  1	    0.0	   -nan	
 1676	 167.60	  372.4	    0.0	  -49.3	 1234.4	  359.3	    0.0	    0.0	 1054.6	    0.0	    0.0	    0.0	  100.0	    0.0	    0.0	    0.0	    0.0	  100.0	  100.0	  0	  150.0	 1050.0	    0.0	    0.0	  100.0	1	  460.1	  1	    0.0	   -nan	
 1677	 167.70	  372.4	    0.0	  -49.3	 1234.4	  359.3	    0.0	    0.0	 1054.6	    0.0	    0.0	    0.0	  100.0	    0.0	    0.0	    0.0	    0.0	  100.0	  100.0	  0	  150.0	 1050.0	    0.0	    0.0	  100.0	1	  460.1	  1	    0.0	   -nan	
 1678	 167.80	  372.4	    0.0	  -49.3	 1234.4	  359.3	    0.0	    0.0	 1054.6	    0.0	    0.0	    0.0	  100.0	    0.0	    0.0	    0.0	    0.0	  100.0	  100.0	  0	  150.0	 1050.0	    0.0	    0.0	  100.0	1	  460.1	  1	    0.0	   -nan	
 1679	 167.90	  372.4	    0.0	  -49.3	 1234.4	  359.3	    0.0	    0.0	 1054.6	    0.0	    0.0	    0.0	  100.0	    0.0	    0.0	    0.0	    0.0	  100.0	  100.0	  0	  150.0	 1050.0	    0.0	    0.0	  100.0	1	  460.1	  1	    0.0	   -nan	
 1680	 168.00	  372.4	    0.0	  -49.3	 1234.4	  359.3	    0.0	    0.0	 1054.6	    0.0	    0.0	    0.0	  100.0	    0.0	    0.0	    0.0	    0.0	  100.0	  100.0	  0	  150.0	 1050.0	    0.0	    0.0	  100.0	1	  460.1	  1	    0.0	   -nan	
 1681	 168.10	  372.4	    0.0	  -49.3	 1234.4	  359.3	    0.0	    0.0	 1054.6	    0.0	    0.0	    0.0	  100.0	    0.0	    0.0	    0.0	    0.0	  100.0	  100.0	  0	  150.0	 1050.0	    0.0	    0.0	  100.0	1	  460.1	  1	    0.0	   -nan	
 1682	 168.20	  372.4	    0.0	  -49.3	 1234.4	  359.3	    0.0	    0.0	 1054.6	    0.0	    0.0	    0.0	  100.0	    0.0	    0.0	    0.0	    0.0	  100.0	  100.0	  0	  150.0	 1050.0	    0.0	    0.0	  100.0	1	  460.1	  1	    0.0	   -nan	
 1683	 168.30	  372.4	    0.0	  -49.3	 1234.4	  359.3	    0.0	    0.0	 1054.6	    0.0	    0.0	    0.0	  100.0	    0.0	    0.0	    0.0	    0.0	  100.0	  100.0	  0	  150.0	 1050.0	    0.0	    0.0	  100.0	1	  460.1	  1	    0.0	   -nan	
 1684	 168.40	  372.4	    0.0	  -49.3	 1234.4	  359.3	    0.0	    0.0	 1054.6	    0.0	    0.0	    0.0	  100.0	    0.0	    0.0	    0.0	    0.0	  100.0	  100.0	  0	  150.0	 1050.0	    0.0	    0.0	  100.0	1	  460.1	  1	    0.0	   -nan	
 1685	 168.50	  372.4	    0.0	  -49.3	 1234.4	  359.3	    0.0	    0.0	 1054.6	    0.0	    0.0	    0.0	  100.0	    0.0	    0.0	    0.0	    0.0	  100.0	  100.0	  0	  150.0	 1050.0	    0.0	    0.0	  100.0	1	  460.1	  1	    0.0	   -nan	
 1686	 168.60	  372.4	    0.0	  -49.3	 1234.4	  359.3	    0.0	    0.0	 1054.6	    0.0	    0.0	    0.0	  100.0	    0.0	    0.0	    0.0	    0.0	  100.0	  100.0	  0	  150.0	 1050.0	    0.0	    0.0	  100.0	1	  460.1	  1	    0.0	   -nan	
 1687	 168.70	  372.4	    0.0	  -49.3	 1234.4	  359.3	    0.0	    0.0	 1187.1	    0.0	    0.0	    0.0	  100.0	    0.0	    0.0	    0.0	    0.0	  100.0	  100.0	  0	  150.0	 1050.0	    0.0	    0.0	  100.0	1	  461.3	  1	    0.0	   -nan	
 1688	 168.80	  372.4	    0.0	   40.3	 1234.4	  359.3	    0.0	    0.0	 1215.2	    0.0	    0.0	    0.0	  100.0	    0.0	    0.0	    0.0	    0.0	  100.0	  100.0	  0	  150.0	 1050.0	    0.0	    0.0	  100.0	1	  462.3	  1	    0.0	   -nan	
 1689	 168.90	  372.4	    0.0	  126.9	 1234.4	  359.3	    0.0	    0.0	  372.4	    0.0	    0.0	    0.0	  100.0	    0.0	    0.0	    0.0	    0.0	  100.0	  100.0	  0	  150.0	 1050.0	    0.0	    0.0	  100.0	1	  539.8	  1	    0.0	   -nan	
 1690	 169.00	  372.4	    0.0	   76.6	 1234.4	  359.3	    0.0	    0.0	 1070.8	    0.0	    0.0	    0.0	  100.0	    0.0	    0.0	    0.0	    0.0	   99.8	  100.0	  0	  150.0	 1050.0	    0.0	    0.0	   99.8	1	  459.9	  1	    0.0	   -nan	
 1691	 169.10	  372.4	    0.0	  157.9	 1234.4	  359.3	    0.0	    0.0	 1050.5	    0.0	    0.0	    0.0	  100.0	    0.0	    0.0	    0.0	    0.0	   99.9	  100.0	  0	  150.0	 1050.0	    0.0	    0.0	   99.9	1	  460.1	  1	    0.0	   -nan	
 1692	 169.20	  372.4	    0.0	  144.4	 1234.4	  359.3	    0.0	    0.0	 1042.2	    0.0	    0.0	    0.0	  100.0	    0.0	    0.0	    0.0	    0.0	  100.0	  100.0	  0	  150.0	 1050.0	    0.0	    0.0	  100.0	1	  460.2	  1	    0.0	   -nan	
 1693	 169.30	  372.4	    0.0	  141.3	 1234.4	  359.3	    0.0	    0.0	 1016.8	    0.0	    0.0	    0.0	  100.0	    0.0	    0.0	    0.0	    0.0	  100.0	  100.0	  0	  150.0	 1050.0	    0.0	    0.0	  100.0	1	  460.7	  1	    0.0	   -nan	
 1694	 169.40	  372.4	    0.0	  140.4	 1234.4	  359.3	    0.0	    0.0	  992.4	    0.0	    0.0	    0.0	  100.0	    0.0	    0.0	    0.0	    0.0	  100.0	  100.0	  0	  150.0	 1050.0	    0.0	    0.0	  100.0	1	  461.4	  1	    0.0	   -nan	
 1695	 169.50	  372.4	    0.0	  139.7	 1234.4	  359.3	    0.0	    0.0	  956.1	    0.0	    0.0	    0.0	  100.0	    0.0	    0.0	    0.0	    0.0	  100.0	  100.0	  0	  150.0	 1050.0	    0.0	    0.0	  100.0	1	  462.8	  1	    0.0	   -nan	
 1696	 169.60	  372.4	    0.0	  138.1	 1234.4	  359.3	    0.0	    0.0	  958.9	    0.0	    0.0	    0.0	  100.0	    0.0	    0.0	    0.0	    0.0	  100.0	  100.0	  0	  150.0	 1050.0	    0.0	    0.0	  100.0	1	  462.7	  1	    0.0	   -nan	
 1697	 169.70	  372.4	    0.0	  137.8	 1234.4	  359.3	    0.0	    0.0	  974.4	    0.0	    0.0	    0.0	  100.0	    0.0	    0.0	    0.0	    0.0	  100.0	  100.0	  0	  150.0	 1050.0	    0.0	    0.0	  100.0	1	  462.0	  1	    0.0	   -nan	
 1698	 169.80	  372.4	    0.0	  138.7	 1234.4	  359.3	    0.0	    0.0	  991.8	    0.0	    0.0	    0.0	  100.0	    0.0	    0.0	    0.0	    0.0	  100.0	  100.0	  0	  150.0	 1050.0	    0.0	    0.0	  100.0	1	  461.4	  1	    0.0	   -nan	
 1699	 169.90	  372.4	    0.0	  140.5	 1234.4	  359.3	    0.0	    0.0	 1004.3	    0.0	    0.0	    0.0	  100.0	    0.0	    0.0	    0.0	    0.0	  100.0	  100.0	  0	  150.0	 1050.0	    0.0	    0.0	  100.0	1	  461.1	  1	    0.0	   -nan	
 1700	 170.00	  372.4	    0.0	  143.5	 1234.4	  359.3	    0.0	    0.0	 1033.6	    0.0	    0.0	    0.0	  100.0	    0.0	    0.0	    0.0	    0.0	  100.0	  100.0	  0	  150.0	 1050.0	    0.0	    0.0	  100.0	1	  460.4	  1	    0.0	   -nan	
 1701	 170.10	  372.4	    0.0	  156.5	 1234.4	  359.3	    0.0	    0.0	 1048.8	    0.0	    0.0	    0.0	  100.0	    0.0	    0.0	    0.0	    0.0	  100.0	  100.0	  0	  150.0	 1050.0	    0.0	    0.0	  100.0	1	  460.1	  1	    0.0	   -nan	
 1702	 170.20	  372.4	    0.0	  -56.1	 1234.4	  359.3	    0.0	    0.0	 1048.8	    0.0	    0.0	    0.0	  100.0	    0.0	    0.0	    0.0	    0.0	  100.0	  100.0	  0	  150.0	 1050.0	    0.0	    0.0	  100.0	1	  460.1	  1	    0.0	   -nan	
 1703	 170.30	  372.4	    0.0	  -49.0	 1234.4	  359.3	    0.0	    0.0	 1048.8	    0.0	    0.0	    0.0	  100.0	    0.0	    0.0	    0.0	    0.0	  100.0	  100.0	  0	  150.0	 1050.0	    0.0	    0.0	  100.0	1	  460.1	  1	    0.0	   -nan	
 1704	 170.40	  372.4	    0.0	  -49.0	 1234.4	  359.3	    0.0	    0.0	 1048.8	    0.0	    0.0	    0.0	  100.0	    0.0	    0.0	    0.0	    0.0	  100.0	  100.0	  0	  150.0	 1050.0	    0.0	    0.0	  100.0	1	  460.1	  1	    0.0	   -nan	
 1705	 170.50	  372.4	    0.0	  -49.0	 1234.4	  359.3	    0.0	    0.0	  833.7	    0.0	    0.0	    0.0	  100.0	    0.0	    0.0	    0.0	    0.0	  100.0	  100.0	  0	  150.0	 1050.0	    0.0	    0.0	  100.0	1	  470.6	  1	    0.0	   -nan	
 1706	 170.60	  372.4	    0.0	  -47.1	 1234.4	  359.3	    0.0	    0.0	  782.8	    0.0	    0.0	    0.0	  100.0	    0.0	    0.0	    0.0	    0.0	  100.0	  100.0	  0	  150.0	 1050.0	    0.0	    0.0	  100.0	1	  475.5	  1	    0.0	   -nan	
 1707	 170.70	  372.4	    0.0	  -45.9	 1234.4	  359.3	    0.0	    0.0	  754.6	    0.0	    0.0	    0.0	  100.0	    0.0	    0.0	    0.0	    0.0	  100.0	  100.0	  0	  150.0	 1050.0	    0.0	    0.0	  100.0	1	  478.7	  1	    0.0	   -nan	
 1708	 170.80	  372.4	    0.0	  -44.8	 1234.4	  359.3	    0.0	    0.0	 1094.2	    0.0	    0.0	    0.0	  100.0	    0.0	    0.0	    0.0	    0.0	   99.9	  100.0	  0	  150.0	 1050.0	    0.0	    0.0	   99.9	1	  459.8	  1	    0.0	   -nan	
 1709	 170.90	  372.4	    0.0	  -52.3	 1234.4	  359.3	    0.0	    0.0	 1088.1	    0.0	    0.0	    0.0	  100.0	    0.0	    0.0	    0.0	    0.0	  100.0	  100.0	  0	  150.0	 1050.0	    0.0	    0.0	  100.0	1	  459.8	  1	    0.0	   -nan	
 1710	 171.00	  372.4	    0.0	  -52.3	 1234.4	  359.3	    0.0	    0.0	 1083.4	    0.0	    0.0	    0.0	  100.0	    0.0	    0.0	    0.0	    0.0	  100.0	  100.0	  0	  150.0	 1050.0	    0.0	    0.0	  100.0	1	  459.8	  1	    0.0	   -nan	
 1711	 171.10	  372.4	    0.0	  -52.3	 1234.4	  359.3	    0.0	    0.0	 1077.9	    0.0	    0.0	    0.0	  100.0	    0.0	    0.0	    0.0	    0.0	  100.0	  100.0	  0	  150.0	 1050.0	    0.0	    0.0	  100.0	1	  459.9	  1	    0.0	   -nan	
 1712	 171.20	  372.4	    0.0	  -52.4	 1234.4	  359.3	    0.0	    0.0	 1072.7	    0.0	    0.0	    0.0	  100.0	    0.0	    0.0	    0.0	    0.0	  100.0	  100.0	  0	  150.0	 1050.0	    0.0	    0.0	  100.0	1	  459.9	  1	    0.0	   -nan	
 1713	 171.30	  372.4	    0.0	  -52.4	 1234.4	  359.3	    0.0	    0.0	 1083.1	    0.0	    0.0	    0.0	  100.0	    0.0	    0.0	    0.0	    0.0	  100.0	  100.0	  0	  150.0	 1050.0	    0.0	    0.0	  100.0	1	  459.8	  1	    0.0	   -nan	
 1714	 171.40	  372.4	    0.0	  -52.3	 1234.4	  359.3	    0.0	    0.0	 1080.4	    0.0	    0.0	    0.0	  100.0	    0.0	    0.0	    0.0	    0.0	  100.0	  100.0	  0	  150.0	 1050.0	    0.0	    0.0	  100.0	1	  459.8	  1	    0.0	   -nan	
 1715	 171.50	  372.4	    0.0	  -52.3	 1234.4	  359.3	    0.0	    0.0	 1074.8	    0.0	    0.0	    0.0	  100.0	    0.0	    0.0	    0.0	    0.0	  100.0	  100.0	  0	  150.0	 1050.0	    0.0	    0.0	  100.0	1	  459.9	  1	    0.0	   -nan	
 1716	 171.60	  372.4	    0.0	  -52.4	 1234.4	  359.3	    0.0	    0.0	 1070.2	    0.0	    0.0	    0.0	  100.0	    0.0	    0.0	    0.0	    0.0	  100.0	  100.0	  0	  150.0	 1050.0	    0.0	    0.0	  100.0	1	  459.9	  1	    0.0	   -nan	
 1717	 171.70	  372.4	    0.0	  -52.4	 1234.4	  359.3	    0.0	    0.0	 1069.3	    0.0	    0.0	    0.0	  100.0	    0.0	    0.0	    0.0	    0.0	  100.0	  100.0	  0	  150.0	 1050.0	    0.0	    0.0	  100.0	1	  459.9	  1	    0.0	   -nan	
 1718	 171.80	  372.4	    0.0	  -52.4	 1234.4	  359.3	    0.0	    0.0	 1068.9	    0.0	    0.0	    0.0	  100.0	    0.0	    0.0	    0.0	    0.0	  100.0	  100.0	  0	  150.0	 1050.0	    0.0	    0.0	  100.0	1	  459.9	  1	    0.0	   -nan	
 1719	 171.90	  372.4	    0.0	  -52.4	 1234.4	  359.3	    0.0	    0.0	 1067.5	    0.0	    0.0	    0.0	  100.0	    0.0	    0.0	    0.0	    0.0	  100.0	  100.0	  0	  150.0	 1050.0	    0.0	    0.0	  100.0	1	  459.9	  1	    0.0	   -nan	
 1720	 172.00	  372.4	    0.0	  -52.4	 1234.4	  359.3	    0.0	    0.0	 1067.5	    0.0	    0.0	    0.0	  100.0	    0.0	    0.0	    0.0	    0.0	  100.0	  100.0	  0	  150.0	 1050.0	    0.0	    0.0	  100.0	1	  459.9	  1	    0.0	   -nan	
 1721	 172.10	  372.4	    0.0	  -52.4	 1234.4	  359.3	    0.0	    0.0	 1069.4	    0.0	    0.0	    0.0	  100.0	    0.0	    0.0	    0.0	    0.0	  100.0	  100.0	  0	  150.0	 1050.0	    0.0	    0.0	  100.0	1	  459.9	  1	    0.0	   -nan	
 1722	 172.20	  372.4	    0.0	  -52.4	 1234.4	  359.3	    0.0	    0.0	 1069.4	    0.0	    0.0	    0.0	  100.0	    0.0	    0.0	    0.0	    0.0	  100.0	  100.0	  0	  150.0	 1050.0	    0.0	    0.0	  100.0	1	  459.9	  1	    0.0	   -nan	
 1723	 172.30	  372.4	    0.0	  -52.4	 1234.4	  359.3	    0.0	    0.0	 1069.4	    0.0	    0.0	    0.0	  100.0	    0.0	    0.0	    0.0	    0.0	  100.0	  100.0	  0	  150.0	 1050.0	    0.0	    0.0	  100.0	1	  459.9	  1	    0.0	   -nan	
 1724	 172.40	  372.4	    0.0	  -52.4	 1234.4	  359.3	    0.0	    0.0	 1070.0	    0.0	    0.0	    0.0	  100.0	    0.0	    0.0	    0.0	    0.0	  100.0	  100.0	  0	  150.0	 1050.0	    0.0	    0.0	  100.0	1	  459.9	  1	    0.0	   -nan	
 1725	 172.50	  372.4	    0.0	  -52.4	 1234.4	  359.3	    0.0	    0.0	 1070.0	    0.0	    0.0	    0.0	  100.0	    0.0	    0.0	    0.0	    0.0	  100.0	  100.0	  0	  150.0	 1050.0	    0.0	    0.0	  100.0	1	  459.9	  1	    0.0	   -nan	
 1726	 172.60	  372.4	    0.0	  -52.4	 1234.4	  359.3	    0.0	    0.0	 1072.1	    0.0	    0.0	    0.0	  100.0	    0.0	    0.0	    0.0	    0.0	  100.0	  100.0	  0	  150.0	 1050.0	    0.0	    0.0	  100.0	1	  459.9	  1	    0.0	   -nan	
 1727	 172.70	  372.4	    0.0	  -52.3	 1234.4	  359.3	    0.0	    0.0	 1072.9	    0.0	    0.0	    0.0	  100.0	    0.0	    0.0	    0.0	    0.0	  100.0	  100.0	  0	  150.0	 1050.0	    0.0	    0.0	  100.0	1	  459.9	  1	    0.0	   -nan	
 1728	 172.80	  372.4	    0.0	  -52.2	 1234.4	  359.3	    0.0	    0.0	 1072.9	    0.0	    0.0	    0.0	  100.0	    0.0	    0.0	    0.0	    0.0	  100.0	  100.0	  0	  150.0	 1050.0	    0.0	    0.0	  100.0	1	  459.9	  1	    0.0	   -nan	
 1729	 172.90	  372.4	    0.0	  -52.2	 1234.4	  359.3	    0.0	    0.0	 1065.3	    0.0	    0.0	    0.0	  100.0	    0.0	    0.0	    0.0	    0.0	  100.0	  100.0	  0	  150.0	 1050.0	    0.0	    0.0	  100.0	1	  459.9	  1	    0.0	   -nan	
 1730	 173.01	  372.4	    0.0	  -52.7	 1234.4	  359.3	    0.0	    0.0	 1063.5	    0.0	    0.0	    0.0	  100.0	    0.0	    0.0	    0.0	    0.0	  100.0	  100.0	  0	  150.0	 1050.0	    0.0	    0.0	  100.0	1	  460.0	  1	    0.0	   -nan	
 1731	 173.10	  372.4	    0.0	  -52.4	 1234.4	  359.3	    0.0	    0.0	 1069.2	    0.0	    0.0	    0.0	  100.0	    0.0	    0.0	    0.0	    0.0	  100.0	  100.0	  0	  150.0	 1050.0	    0.0	    0.0	  100.0	1	  459.9	  1	    0.0	   -nan	
 1732	 173.20	  372.4	    0.0	  -52.8	 1234.4	  359.3	    0.0	    0.0	 1071.1	    0.0	    0.0	    0.0	  100.0	    0.0	    0.0	    0.0	    0.0	  100.0	  100.0	  0	  150.0	 1050.0	    0.0	    0.0	  100.0	1	  459.9	  1	    0.0	   -nan	
 1733	 173.30	  372.4	    0.0	  -52.4	 1234.4	  359.3	    0.0	    0.0	 1079.4	    0.0	    0.0	    0.0	  100.0	    0.0	    0.0	    0.0	    0.0	  100.0	  100.0	  0	  150.0	 1050.0	    0.0	    0.0	  100.0	1	  459.8	  1	    0.0	   -nan	
 1734	 173.40	  372.4	    0.0	  -45.6	 1234.4	  359.3	    0.0	    0.0	 1120.0	    0.0	    0.0	    0.0	  100.0	    0.0	    0.0	    0.0	    0.0	  100.0	  100.0	  0	  150.0	 1050.0	    0.0	    0.0	  100.0	1	  460.0	  1	    0.0	   -nan	
 1735	 173.50	  372.4	    0.0	   24.7	 1234.4	  359.3	    0.0	    0.0	 1111.0	    0.0	    0.0	    0.0	  100.0	    0.0	    0.0	    0.0	    0.0	  100.0	  100.0	  0	  150.0	 1050.0	    0.0	    0.0	  100.0	1	  459.9	  1	    0.0	   -nan	
 1736	 173.60	  372.4	    0.0	   13.4	 1234.4	  359.3	    0.0	    0.0	 1099.6	    0.0	    0.0	    0.0	  100.0	    0.0	    0.0	    0.0	    0.0	  100.0	  100.0	  0	  150.0	 1050.0	    0.0	    0.0	  100.0	1	  459.8	  1	    0.0	   -nan	
 1737	 173.70	  372.4	    0.0	  -44.4	 1234.4	  359.3	    0.0	    0.0	 1096.9	    0.0	    0.0	    0.0	  100.0	    0.0	    0.0	    0.0	    0.0	  100.0	  100.0	  0	  150.0	 1050.0	    0.0	    0.0	  100.0	1	  459.8	  1	    0.0	   -nan	
 1738	 173.80	  372.4	    0.0	  -68.8	 1234.4	  359.3	    0.0	    0.0	 1107.0	    0.0	    0.0	    0.0	  100.0	    0.0	    0.0	    0.0	    0.0	  100.0	  100.0	  0	  150.0	 1050.0	    0.0	    0.0	  100.0	1	  459.9	  1	    0.0	   -nan	
 1739	 173.90	  372.4	    0.0	   15.7	 1234.4	  359.3	    0.0	    0.0	 1109.2	    0.0	    0.0	    0.0	  100.0	    0.0	    0.0	    0.0	    0.0	  100.0	  100.0	  0	  150.0	 1050.0	    0.0	    0.0	  100.0	1	  459.9	  1	    0.0	   -nan	
 1740	 174.00	  372.4	    0.0	   22.4	 1234.4	  359.3	    0.0	    0.0	 1102.7	    0.0	    0.0	    0.0	  100.0	    0.0	    0.0	    0.0	    0.0	  100.0	  100.0	  0	  150.0	 1050.0	    0.0	    0.0	  100.0	1	  459.8	  1	    0.0	   -nan	
 1741	 174.10	  372.4	    0.0	  -50.7	 1234.4	  359.3	    0.0	    0.0	 1103.7	    0.0	    0.0	    0.0	  100.0	    0.0	    0.0	    0.0	    0.0	  100.0	  100.0	  0	  150.0	 1050.0	    0.0	    0.0	  100.0	1	  459.8	  1	    0.0	   -nan	
 1742	 174.20	  372.4	    0.0	  -22.1	 1234.4	  359.3	    0.0	    0.0	 1103.0	    0.0	    0.0	    0.0	  100.0	    0.0	    0.0	    0.0	    0.0	  100.0	  100.0	  0	  150.0	 1050.0	    0.0	    0.0	  100.0	1	  459.8	  1	    0.0	   -nan	
 1743	 174.30	  372.4	    0.0	  -48.1	 1234.4	  359.3	    0.0	    0.0	 1103.0	    0.0	    0.0	    0.0	  100.0	    0.0	    0.0	    0.0	    0.0	  100.0	  100.0	  0	  150.0	 1050.0	    0.0	    0.0	  100.0	1	  459.8	  1	    0.0	   -nan	
 1744	 174.40	  372.4	    0.0	  -48.1	 1234.4	  359.3	    0.0	    0.0	 1157.0	    0.0	    0.0	    0.0	  100.0	    0.0	    0.0	    0.0	    0.0	  100.0	  100.0	  0	  150.0	 1050.0	    0.0	    0.0	  100.0	1	  460.5	  1	    0.0	   -nan	
 1745	 174.50	  372.4	    0.0	   41.0	 1234.4	  359.3	    0.0	    0.0	 1119.6	    0.0	    0.0	    0.0	  100.0	    0.0	    0.0	    0.0	    0.0	  100.0	  100.0	  0	  150.0	 1050.0	    0.0	    0.0	  100.0	1	  459.9	  1	    0.0	   -nan	
 1746	 174.60	  372.4	    0.0	  131.6	 1234.4	  359.3	    0.0	    0.0	 1113.2	    0.0	    0.0	    0.0	  100.0	    0.0	    0.0	    0.0	    0.0	  100.0	  100.0	  0	  150.0	 1050.0	    0.0	    0.0	  100.0	1	  459.9	  1	    0.0	   -nan	
 1747	 174.70	  372.4	    0.0	  131.7	 1234.4	  359.3	    0.0	    0.0	 1105.8	    0.0	    0.0	    0.0	  100.0	    0.0	    0.0	    0.0	    0.0	  100.0	  100.0	  0	  150.0	 1050.0	    0.0	    0.0	  100.0	1	  459.9	  1	    0.0	   -nan	
 1748	 174.80	  372.4	    0.0	  131.7	 1234.4	  359.3	    0.0	    0.0	 1109.7	    0.0	    0.0	    0.0	  100.0	    0.0	    0.0	    0.0	    0.0	  100.0	  100.0	  0	  150.0	 1050.0	    0.0	    0.0	  100.0	1	  459.9	  1	    0.0	   -nan	
 1749	 174.90	  372.4	    0.0	  131.7	 1234.4	  359.3	    0.0	    0.0	 1105.7	    0.0	    0.0	    0.0	  100.0	    0.0	    0.0	    0.0	    0.0	  100.0	  100.0	  0	  150.0	 1050.0	    0.0	    0.0	  100.0	1	  459.9	  1	    0.0	   -nan	
 1750	 175.00	  372.4	    0.0	  131.7	 1234.4	  359.3	    0.0	    0.0	 1098.4	    0.0	    0.0	    0.0	  100.0	    0.0	    0.0	    0.0	    0.0	  100.0	  100.0	  0	  150.0	 1050.0	    0.0	    0.0	  100.0	1	  459.8	  1	    0.0	   -nan	
 1751	 175.10	  372.4	    0.0	  131.8	 1234.4	  359.3	    0.0	    0.0	 1100.3	    0.0	    0.0	    0.0	  100.0	    0.0	    0.0	    0.0	    0.0	  100.0	  100.0	  0	  150.0	 1050.0	    0.0	    0.0	  100.0	1	  459.8	  1	    0.0	   -nan	
 1752	 175.20	  372.4	    0.0	  131.8	 1234.4	  359.3	    0.0	    0.0	 1098.2	    0.0	    0.0	    0.0	  100.0	    0.0	    0.0	    0.0	    0.0	  100.0	  100.0	  0	  150.0	 1050.0	    0.0	    0.0	  100.0	1	  459.8	  1	    0.0	   -nan	
 1753	 175.30	  372.4	    0.0	  131.9	 1234.4	  359.3	    0.0	    0.0	 1101.4	    0.0	    0.0	    0.0	  100.0	    0.0	    0.0	    0.0	    0.0	  100.0	  100.0	  0	  150.0	 1050.0	    0.0	    0.0	  100.0	1	  459.8	  1	    0.0	   -nan	
 1754	 175.40	  372.4	    0.0	  131.8	 1234.4	  359.3	    0.0	    0.0	 1106.6	    0.0	    0.0	    0.0	  100.0	    0.0	    0.0	    0.0	    0.0	  100.0	  100.0	  0	  150.0	 1050.0	    0.0	    0.0	  100.0	1	  459.9	  1	    0.0	   -nan	
 1755	 175.50	  372.4	    0.0	  131.5	 1234.4	  359.3	    0.0	    0.0	 1091.4	    0.0	    0.0	    0.0	  100.0	    0.0	    0.0	    0.0	    0.0	  100.0	  100.0	  0	  150.0	 1050.0	    0.0	    0.0	  100.0	1	  459.8	  1	    0.0	   -nan	
 1756	 175.60	  372.4	    0.0	  132.3	 1234.4	  359.3	    0.0	    0.0	 1088.4	    0.0	    0.0	    0.0	  100.0	    0.0	    0.0	    0.0	    0.0	  100.0	  100.0	  0	  150.0	 1050.0	    0.0	    0.0	  100.0	1	  459.8	  1	    0.0	   -nan	
 1757	 175.70	  372.4	    0.0	  132.4	 1234.4	  359.3	    0.0	    0.0	 1088.0	    0.0	    0.0	    0.0	  100.0	    0.0	    0.0	    0.0	    0.0	  100.0	  100.0	  0	  150.0	 1050.0	    0.0	    0.0	  100.0	1	  459.8	  1	    0.0	   -nan	
 1758	 175.80	  372.4	    0.0	  132.5	 1234.4	  359.3	    0.0	    0.0	 1084.5	    0.0	    0.0	    0.0	  100.0	    0.0	    0.0	    0.0	    0.0	  100.0	  100.0	  0	  150.0	 1050.0	    0.0	    0.0	  100.0	1	  459.8	  1	    0.0	   -nan	
 1759	 175.90	  372.4	    0.0	  132.7	 1234.4	  359.3	    0.0	    0.0	 1081.6	    0.0	    0.0	    0.0	  100.0	    0.0	    0.0	    0.0	    0.0	  100.0	  100.0	  0	  150.0	 1050.0	    0.0	    0.0	  100.0	1	  459.8	  1	    0.0	   -nan	
 1760	 176.00	  372.4	    0.0	  133.0	 1234.4	  359.3	    0.0	    0.0	 1075.2	    0.0	    0.0	    0.0	  100.0	    0.0	    0.0	    0.0	    0.0	  100.0	  100.0	  0	  150.0	 1050.0	    0.0	    0.0	  100.0	1	  459.9	  1	    0.0	   -nan	
 1761	 176.10	  372.4	    0.0	  133.7	 1234.4	  359.3	    0.0	    0.0	 1074.0	    0.0	    0.0	    0.0	  100.0	    0.0	    0.0	    0.0	    0.0	  100.0	  100.0	  0	  150.0	 1050.0	    0.0	    0.0	  100.0	1	  459.9	  1	    0.0	   -nan	
 1762	 176.20	  372.4	    0.0	  135.4	 1234.4	  359.3	    0.0	    0.0	 1071.1	    0.0	    0.0	    0.0	  100.0	    0.0	    0.0	    0.0	    0.0	  100.0	  100.0	  0	  150.0	 1050.0	    0.0	    0.0	  100.0	1	  459.9	  1	    0.0	   -nan	
 1763	 176.30	  372.4	    0.0	  -50.7	 1234.4	  359.3	    0.0	    0.0	 1071.0	    0.0	    0.0	    0.0	  100.0	    0.0	    0.0	    0.0	    0.0	  100.0	  100.0	  0	  150.0	 1050.0	    0.0	    0.0	  100.0	1	  459.9	  1	    0.0	   -nan	
 1764	 176.40	  372.4	    0.0	  -48.3	 1234.4	  359.3	    0.0	    0.0	 1070.9	    0.0	    0.0	    0.0	  100.0	    0.0	    0.0	    0.0	    0.0	  100.0	  100.0	  0	  150.0	 1050.0	    0.0	    0.0	  100.0	1	  459.9	  1	    0.0	   -nan	
 1765	 176.50	  372.4	    0.0	  -48.3	 1234.4	  359.3	    0.0	    0.0	 1071.5	    0.0	    0.0	    0.0	  100.0	    0.0	    0.0	    0.0	    0.0	  100.0	  100.0	  0	  150.0	 1050.0	    0.0	    0.0	  100.0	1	  459.9	  1	    0.0	   -nan	
 1766	 176.60	  372.4	    0.0	  -48.3	 1234.4	  359.3	    0.0	    0.0	 1070.6	    0.0	    0.0	    0.0	  100.0	    0.0	    0.0	    0.0	    0.0	  100.0	  100.0	  0	  150.0	 1050.0	    0.0	    0.0	  100.0	1	  459.9	  1	    0.0	   -nan	
 1767	 176.70	  372.4	    0.0	  -48.3	 1234.4	  359.3	    0.0	    0.0	 1077.2	    0.0	    0.0	    0.0	  100.0	    0.0	    0.0	    0.0	    0.0	  100.0	  100.0	  0	  150.0	 1050.0	    0.0	    0.0	  100.0	1	  459.9	  1	    0.0	   -nan	
 1768	 176.80	  372.4	    0.0	  -48.3	 1234.4	  359.3	    0.0	    0.0	 1079.4	    0.0	    0.0	    0.0	  100.0	    0.0	    0.0	    0.0	    0.0	  100.0	  100.0	  0	  150.0	 1050.0	    0.0	    0.0	  100.0	1	  459.8	  1	    0.0	   -nan	
 1769	 176.90	  372.4	    0.0	  -48.2	 1234.4	  359.3	    0.0	    0.0	 1063.7	    0.0	    0.0	    0.0	  100.0	    0.0	    0.0	    0.0	    0.0	  100.0	  100.0	  0	  150.0	 1050.0	    0.0	    0.0	  100.0	1	  460.0	  1	    0.0	   -nan	
 1770	 177.00	  372.4	    0.0	  -48.3	 1234.4	  359.3	    0.0	    0.0	 1020.9	    0.0	    0.0	    0.0	  100.0	    0.0	    0.0	    0.0	    0.0	  100.0	  100.0	  0	  150.0	 1050.0	    0.0	    0.0	  100.0	1	  460.6	  1	    0.0	   -nan	
 1771	 177.10	  372.4	    0.0	  -48.1	 1234.4	  359.3	    0.0	    0.0	  953.9	    0.0	    0.0	    0.0	  100.0	    0.0	    0.0	    0.0	    0.0	  100.0	  100.0	  0	  150.0	 1050.0	    0.0	    0.0	  100.0	1	  462.9	  1	    0.0	   -nan	
 1772	 177.20	  372.4	    0.0	  -46.9	 1234.4	  359.3	    0.0	    0.0	  922.3	    0.0	    0.0	    0.0	  100.0	    0.0	    0.0	    0.0	    0.0	  100.0	  100.0	  0	  150.0	 1050.0	    0.0	    0.0	  100.0	1	  464.4	  1	    0.0	   -nan	
 1773	 177.30	  372.4	    0.0	  -45.8	 1234.4	  359.3	    0.0	    0.0	  896.8	    0.0	    0.0	    0.0	  100.0	    0.0	    0.0	    0.0	    0.0	  100.0	  100.0	  0	  150.0	 1050.0	    0.0	    0.0	  100.0	1	  465.9	  1	    0.0	   -nan	
 1774	 177.40	  372.4	    0.0	  -44.4	 1234.4	  359.3	    0.0	    0.0	  873.3	    0.0	    0.0	    0.0	  100.0	    0.0	    0.0	    0.0	    0.0	  100.0	  100.0	  0	  150.0	 1050.0	    0.0	    0.0	  100.0	1	  467.5	  1	    0.0	   -nan	
 1775	 177.50	  372.4	    0.0	  -42.5	 1234.4	  359.3	    0.0	    0.0	  873.3	    0.0	    0.0	    0.0	  100.0	    0.0	    0.0	    0.0	    0.0	  100.0	  100.0	  0	  150.0	 1050.0	    0.0	    0.0	  100.0	1	  467.5	  1	    0.0	   -nan	
 1776	 177.60	  372.4	    0.0	  -42.5	 1234.4	  359.3	    0.0	    0.0	  873.3	    0.0	    0.0	    0.0	  100.0	    0.0	    0.0	    0.0	    0.0	  100.0	  100.0	  0	  150.0	 1050.0	    0.0	    0.0	  100.0	1	  467.5	  1	    0.0	   -nan	
 1777	 177.70	  372.4	    0.0	  -42.5	 1234.4	  359.3	    0.0	    0.0	  873.3	    0.0	    0.0	    0.0	  100.0	    0.0	    0.0	    0.0	    0.0	  100.0	  100.0	  0	  150.0	 1050.0	    0.0	    0.0	  100.0	1	  467.5	  1	    0.0	   -nan	
 1778	 177.80	  372.4	    0.0	  -42.5	 1234.4	  359.3	    0.0	    0.0	  873.3	    0.0	    0.0	    0.0	  100.0	    0.0	    0.0	    0.0	    0.0	  100.0	  100.0	  0	  150.0	 1050.0	    0.0	    0.0	  100.0	1	  467.5	  1	    0.0	   -nan	
 1779	 177.90	  372.4	    0.0	  -42.5	 1234.4	  359.3	    0.0	    0.0	  842.0	    0.0	    0.0	    0.0	  100.0	    0.0	    0.0	    0.0	    0.0	  100.0	  100.0	  0	  150.0	 1050.0	    0.0	    0.0	  100.0	1	  469.9	  1	    0.0	   -nan	
 1780	 178.00	  372.4	    0.0	  -32.0	 1234.4	  359.3	    0.0	    0.0	  864.9	    0.0	    0.0	    0.0	  100.0	    0.0	    0.0	    0.0	    0.0	  100.0	  100.0	  0	  150.0	 1050.0	    0.0	    0.0	  100.0	1	  468.1	  1	    0.0	   -nan	
 1781	 178.10	  372.4	    0.0	  -42.2	 1234.4	  359.3	    0.0	    0.0	  919.5	    0.0	    0.0	    0.0	  100.0	    0.0	    0.0	    0.0	    0.0	  100.0	  100.0	  0	  150.0	 1050.0	    0.0	    0.0	  100.0	1	  464.6	  1	    0.0	   -nan	
 1782	 178.20	  372.4	    0.0	  -68.1	 1234.4	  359.3	    0.0	    0.0	  935.3	    0.0	    0.0	    0.0	  100.0	    0.0	    0.0	    0.0	    0.0	  100.0	  100.0	  0	  150.0	 1050.0	    0.0	    0.0	  100.0	1	  463.8	  1	    0.0	   -nan	
 1783	 178.30	  372.4	    0.0	  -74.9	 1234.4	  359.3	    0.0	    0.0	  949.3	    0.0	    0.0	    0.0	  100.0	    0.0	    0.0	    0.0	    0.0	  100.0	  100.0	  0	  150.0	 1050.0	    0.0	    0.0	  100.0	1	  463.1	  1	    0.0	   -nan	
 1784	 178.40	  372.4	    0.0	  -81.1	 1234.4	  359.3	    0.0	    0.0	  978.7	    0.0	    0.0	    0.0	  100.0	    0.0	    0.0	    0.0	    0.0	  100.0	  100.0	  0	  150.0	 1050.0	    0.0	    0.0	  100.0	1	  461.9	  1	    0.0	   -nan	
 1785	 178.50	  372.4	    0.0	  -92.5	 1234.4	  359.3	    0.0	    0.0	 1017.9	    0.0	    0.0	    0.0	  100.0	    0.0	    0.0	    0.0	    0.0	  100.0	  100.0	  0	  150.0	 1050.0	    0.0	    0.0	  100.0	1	  460.7	  1	    0.0	   -nan	
 1786	 178.60	  372.4	    0.0	 -101.8	 1234.4	  359.3	    0.0	    0.0	 1039.1	    0.0	    0.0	    0.0	  100.0	    0.0	    0.0	    0.0	    0.0	  100.0	  100.0	  0	  150.0	 1050.0	    0.0	    0.0	  100.0	1	  460.3	  1	    0.0	   -nan	
 1787	 178.70	  372.4	    0.0	 -104.7	 1234.4	  359.3	    0.0	    0.0	 1042.9	    0.0	    0.0	    0.0	  100.0	    0.0	    0.0	    0.0	    0.0	  100.0	  100.0	  0	  150.0	 1050.0	    0.0	    0.0	  100.0	1	  460.2	  1	    0.0	   -nan	
 1788	 178.80	  372.4	    0.0	 -105.1	 1234.4	  359.3	    0.0	    0.0	 1057.0	    0.0	    0.0	    0.0	  100.0	    0.0	    0.0	    0.0	    0.0	  100.0	  100.0	  0	  150.0	 1050.0	    0.0	    0.0	  100.0	1	  460.0	  1	    0.0	   -nan	
 1789	 178.90	  372.4	    0.0	 -106.4	 1234.4	  359.3	    0.0	    0.0	 1053.1	    0.0	    0.0	    0.0	  100.0	    0.0	    0.0	    0.0	    0.0	  100.0	  100.0	  0	  150.0	 1050.0	    0.0	    0.0	  100.0	1	  460.1	  1	    0.0	   -nan	
 1790	 179.00	  372.4	    0.0	 -106.1	 1234.4	  359.3	    0.0	    0.0	 1049.1	    0.0	    0.0	    0.0	  100.0	    0.0	    0.0	    0.0	    0.0	  100.0	  100.0	  0	  150.0	 1050.0	    0.0	    0.0	  100.0	1	  460.1	  1	    0.0	   -nan	
 1791	 179.10	  372.4	    0.0	 -105.5	 1234.4	  359.3	    0.0	    0.0	 1045.6	    0.0	    0.0	    0.0	  100.0	    0.0	    0.0	    0.0	    0.0	  100.0	  100.0	  0	  150.0	 1050.0	    0.0	    0.0	  100.0	1	  460.2	  1	    0.0	   -nan	
 1792	 179.20	  372.4	    0.0	 -104.7	 1234.4	  359.3	    0.0	    0.0	 1046.6	    0.0	    0.0	    0.0	  100.0	    0.0	    0.0	    0.0	    0.0	  100.0	  100.0	  0	  150.0	 1050.0	    0.0	    0.0	  100.0	1	  460.2	  1	    0.0	   -nan	
 1793	 179.30	  372.4	    0.0	 -105.0	 1234.4	  359.3	    0.0	    0.0	 1045.5	    0.0	    0.0	    0.0	  100.0	    0.0	    0.0	    0.0	    0.0	  100.0	  100.0	  0	  150.0	 1050.0	    0.0	    0.0	  100.0	1	  460.2	  1	    0.0	   -nan	
 1794	 179.40	  372.4	    0.0	 -104.6	 1234.4	  359.3	    0.0	    0.0	 1043.5	    0.0	    0.0	    0.0	  100.0	    0.0	    0.0	    0.0	    0.0	  100.0	  100.0	  0	  150.0	 1050.0	    0.0	    0.0	  100.0	1	  460.2	  1	    0.0	   -nan	
 1795	 179.50	  372.4	    0.0	 -103.3	 1234.4	  359.3	    0.0	    0.0	 1044.6	    0.0	    0.0	    0.0	  100.0	    0.0	    0.0	    0.0	    0.0	  100.0	  100.0	  0	  150.0	 1050.0	    0.0	    0.0	  100.0	1	  460.2	  1	    0.0	   -nan	
 1796	 179.60	  372.4	    0.0	 -104.2	 1234.4	  359.3	    0.0	    0.0	 1042.7	    0.0	    0.0	    0.0	  100.0	    0.0	    0.0	    0.0	    0.0	  100.0	  100.0	  0	  150.0	 1050.0	    0.0	    0.0	  100.0	1	  460.2	  1	    0.0	   -nan	
 1797	 179.70	  372.4	    0.0	 -102.1	 1234.4	  359.3	    0.0	    0.0	 1045.7	    0.0	    0.0	    0.0	  100.0	    0.0	    0.0	    0.0	    0.0	  100.0	  100.0	  0	  150.0	 1050.0	    0.0	    0.0	  100.0	1	  460.2	  1	    0.0	   -nan	
 1798	 179.80	  372.4	    0.0	 -106.1	 1234.4	  359.3	    0.0	    0.0	 1042.9	    0.0	    0.0	    0.0	  100.0	    0.0	    0.0	    0.0	    0.0	  100.0	  100.0	  0	  150.0	 1050.0	    0.0	    0.0	  100.0	1	  460.2	  1	    0.0	   -nan	
 1799	 179.90	  372.4	    0.0	 -101.2	 1234.4	  359.3	    0.0	    0.0	 1045.7	    0.0	    0.0	    0.0	  100.0	    0.0	    0.0	    0.0	    0.0	  100.0	  100.0	  0	  150.0	 1050.0	    0.0	    0.0	  100.0	1	  460.2	  1	    0.0	   -nan	
 1800	 180.00	  372.4	    0.0	 -107.4	 1234.4	  359.3	    0.0	    0.0	 1050.4	    0.0	    0.0	    0.0	  100.0	    0.0	    0.0	    0.0	    0.0	  100.0	  100.0	  0	  150.0	 1050.0	    0.0	    0.0	  100.0	1	  460.1	  1	    0.0	   -nan	
 1801	 180.10	  372.4	    0.0	 -114.8	 1234.4	  359.3	    0.0	    0.0	 1047.1	    0.0	    0.0	    0.0	  100.0	    0.0	    0.0	    0.0	    0.0	  100.0	  100.0	  0	  150.0	 1050.0	    0.0	    0.0	  100.0	1	  460.2	  1	    0.0	   -nan	
 1802	 180.20	  372.4	    0.0	 -108.6	 1234.4	  359.3	    0.0	    0.0	 1049.5	    0.0	    0.0	    0.0	  100.0	    0.0	    0.0	    0.0	    0.0	  100.0	  100.0	  0	  150.0	 1050.0	    0.0	    0.0	  100.0	1	  460.1	  1	    0.0	   -nan	
 1803	 180.30	  372.4	    0.0	 -114.7	 1234.4	  359.3	    0.0	    0.0	 1051.4	    0.0	    0.0	    0.0	  100.0	    0.0	    0.0	    0.0	    0.0	  100.0	  100.0	  0	  150.0	 1050.0	    0.0	    0.0	  100.0	1	  460.1	  1	    0.0	   -nan	
 1804	 180.40	  372.4	    0.0	 -118.5	 1234.4	  359.3	    0.0	    0.0	 1048.6	    0.0	    0.0	    0.0	  100.0	    0.0	    0.0	    0.0	    0.0	  100.0	  100.0	  0	  150.0	 1050.0	    0.0	    0.0	  100.0	1	  460.1	  1	    0.0	   -nan	
 1805	 180.50	  372.4	    0.0	 -109.6	 1234.4	  359.3	    0.0	    0.0	 1047.6	    0.0	    0.0	    0.0	  100.0	    0.0	    0.0	    0.0	    0.0	  100.0	  100.0	  0	  150.0	 1050.0	    0.0	    0.0	  100.0	1	  460.1	  1	    0.0	   -nan	
 1806	 180.60	  372.4	    0.0	 -101.7	 1234.4	  359.3	    0.0	    0.0	 1046.6	    0.0	    0.0	    0.0	  100.0	    0.0	    0.0	    0.0	    0.0	  100.0	  100.0	  0	  150.0	 1050.0	    0.0	    0.0	  100.0	1	  460.2	  1	    0.0	   -nan	
 1807	 180.70	  372.4	    0.0	  -82.7	 1234.4	  359.3	    0.0	    0.0	 1046.6	    0.0	    0.0	    0.0	  100.0	    0.0	    0.0	    0.0	    0.0	  100.0	  100.0	  0	  150.0	 1050.0	    0.0	    0.0	  100.0	1	  460.2	  1	    0.0	   -nan	
 1808	 180.80	  372.4	    0.0	  -82.7	 1234.4	  359.3	    0.0	    0.0	 1046.6	    0.0	    0.0	    0.0	  100.0	    0.0	    0.0	    0.0	    0.0	  100.0	  100.0	  0	  150.0	 1050.0	    0.0	    0.0	  100.0	1	  460.2	  1	    0.0	   -nan	
 1809	 180.90	  372.4	    0.0	  -82.7	 1234.4	  359.3	    0.0	    0.0	 1047.5	    0.0	    0.0	    0.0	  100.0	    0.0	    0.0	    0.0	    0.0	  100.0	  100.0	  0	  150.0	 1050.0	    0.0	    0.0	  100.0	1	  460.1	  1	    0.0	   -nan	
 1810	 181.00	  372.4	    0.0	 -111.6	 1234.4	  359.3	    0.0	    0.0	 1049.4	    0.0	    0.0	    0.0	  100.0	    0.0	    0.0	    0.0	    0.0	  100.0	  100.0	  0	  150.0	 1050.0	    0.0	    0.0	  100.0	1	  460.1	  1	    0.0	   -nan	
 1811	 181.10	  372.4	    0.0	 -127.5	 1234.4	  359.3	    0.0	    0.0	 1048.5	    0.0	    0.0	    0.0	  100.0	    0.0	    0.0	    0.0	    0.0	  100.0	  100.0	  0	  150.0	 1050.0	    0.0	    0.0	  100.0	1	  460.1	  1	    0.0	   -nan	
 1812	 181.20	  372.4	    0.0	 -121.4	 1234.4	  359.3	    0.0	    0.0	 1048.5	    0.0	    0.0	    0.0	  100.0	    0.0	    0.0	    0.0	    0.0	  100.0	  100.0	  0	  150.0	 1050.0	    0.0	    0.0	  100.0	1	  460.1	  1	    0.0	   -nan	
 1813	 181.30	  372.4	    0.0	 -121.4	 1234.4	  359.3	    0.0	    0.0	 1048.5	    0.0	    0.0	    0.0	  100.0	    0.0	    0.0	    0.0	    0.0	  100.0	  100.0	  0	  150.0	 1050.0	    0.0	    0.0	  100.0	1	  460.1	  1	    0.0	   -nan	
 1814	 181.40	  372.4	    0.0	 -121.4	 1234.4	  359.3	    0.0	    0.0	 1047.6	    0.0	    0.0	    0.0	  100.0	    0.0	    0.0	    0.0	    0.0	  100.0	  100.0	  0	  150.0	 1050.0	    0.0	    0.0	  100.0	1	  460.1	  1	    0.0	   -nan	
 1815	 181.50	  372.4	    0.0	   -0.2	 1234.4	  359.3	    0.0	    0.0	 1049.0	    0.0	    0.0	    0.0	  100.0	    0.0	    0.0	    0.0	    0.0	  100.0	  100.0	  0	  150.0	 1050.0	    0.0	    0.0	  100.0	1	  460.1	  1	    0.0	   -nan	
 1816	 181.60	  372.4	    0.0	 -130.9	 1234.4	  359.3	    0.0	    0.0	 1047.5	    0.0	    0.0	    0.0	  100.0	    0.0	    0.0	    0.0	    0.0	  100.0	  100.0	  0	  150.0	 1050.0	    0.0	    0.0	  100.0	1	  460.1	  1	    0.0	   -nan	
 1817	 181.70	  372.4	    0.0	  131.7	 1234.4	  359.3	    0.0	    0.0	 1047.6	    0.0	    0.0	    0.0	  100.0	    0.0	    0.0	    0.0	    0.0	  100.0	  100.0	  0	  150.0	 1050.0	    0.0	    0.0	  100.0	1	  460.1	  1	    0.0	   -nan	
 1818	 181.80	  372.4	    0.0	  131.7	 1234.4	  359.3	    0.0	    0.0	 1049.5	    0.0	    0.0	    0.0	  100.0	    0.0	    0.0	    0.0	    0.0	  100.0	  100.0	  0	  150.0	 1050.0	    0.0	    0.0	  100.0	1	  460.1	  1	    0.0	   -nan	
 1819	 181.90	  372.4	    0.0	  131.8	 1234.4	  359.3	    0.0	    0.0	 1048.5	    0.0	    0.0	    0.0	  100.0	    0.0	    0.0	    0.0	    0.0	  100.0	  100.0	  0	  150.0	 1050.0	    0.0	    0.0	  100.0	1	  460.1	  1	    0.0	   -nan	
 1820	 182.00	  372.4	    0.0	  131.7	 1234.4	  359.3	    0.0	    0.0	 1048.4	    0.0	    0.0	    0.0	  100.0	    0.0	    0.0	    0.0	    0.0	  100.0	  100.0	  0	  150.0	 1050.0	    0.0	    0.0	  100.0	1	  460.1	  1	    0.0	   -nan	
 1821	 182.10	  372.4	    0.0	  131.7	 1234.4	  359.3	    0.0	    0.0	 1050.4	    0.0	    0.0	    0.0	  100.0	    0.0	    0.0	    0.0	    0.0	  100.0	  100.0	  0	  150.0	 1050.0	    0.0	    0.0	  100.0	1	  460.1	  1	    0.0	   -nan	
 1822	 182.20	  372.4	    0.0	  131.8	 1234.4	  359.3	    0.0	    0.0	 1050.4	    0.0	    0.0	    0.0	  100.0	    0.0	    0.0	    0.0	    0.0	  100.0	  100.0	  0	  150.0	 1050.0	    0.0	    0.0	  100.0	1	  460.1	  1	    0.0	   -nan	
 1823	 182.30	  372.4	    0.0	  131.8	 1234.4	  359.3	    0.0	    0.0	 1050.4	    0.0	    0.0	    0.0	  100.0	    0.0	    0.0	    0.0	    0.0	  100.0	  100.0	  0	  150.0	 1050.0	    0.0	    0.0	  100.0	1	  460.1	  1	    0.0	   -nan	
 1824	 182.40	  372.4	    0.0	  131.8	 1234.4	  359.3	    0.0	    0.0	 1048.5	    0.0	    0.0	    0.0	  100.0	    0.0	    0.0	    0.0	    0.0	  100.0	  100.0	  0	  150.0	 1050.0	    0.0	    0.0	  100.0	1	  460.1	  1	    0.0	   -nan	
 1825	 182.50	  372.4	    0.0	  131.7	 1234.4	  359.3	    0.0	    0.0	 1051.3	    0.0	    0.0	    0.0	  100.0	    0.0	    0.0	    0.0	    0.0	  100.0	  100.0	  0	  150.0	 1050.0	    0.0	    0.0	  100.0	1	  460.1	  1	    0.0	   -nan	
 1826	 182.60	  372.4	    0.0	  131.8	 1234.4	  359.3	    0.0	    0.0	 1048.4	    0.0	    0.0	    0.0	  100.0	    0.0	    0.0	    0.0	    0.0	  100.0	  100.0	  0	  150.0	 1050.0	    0.0	    0.0	  100.0	1	  460.1	  1	    0.0	   -nan	
 1827	 182.70	  372.4	    0.0	  131.7	 1234.4	  359.3	    0.0	    0.0	 1048.4	    0.0	    0.0	    0.0	  100.0	    0.0	    0.0	    0.0	    0.0	  100.0	  100.0	  0	  150.0	 1050.0	    0.0	    0.0	  100.0	1	  460.1	  1	    0.0	   -nan	
 1828	 182.80	  372.4	    0.0	  131.7	 1234.4	  359.3	    0.0	    0.0	 1048.4	    0.0	    0.0	    0.0	  100.0	    0.0	    0.0	    0.0	    0.0	  100.0	  100.0	  0	  150.0	 1050.0	    0.0	    0.0	  100.0	1	  460.1	  1	    0.0	   -nan	
 1829	 182.90	  372.4	    0.0	  131.7	 1234.4	  359.3	    0.0	    0.0	 1048.4	    0.0	    0.0	    0.0	  100.0	    0.0	    0.0	    0.0	    0.0	  100.0	  100.0	  0	  150.0	 1050.0	    0.0	    0.0	  100.0	1	  460.1	  1	    0.0	   -nan	
 1830	 183.00	  372.4	    0.0	  131.7	 1234.4	  359.3	    0.0	    0.0	 1048.4	    0.0	    0.0	    0.0	  100.0	    0.0	    0.0	    0.0	    0.0	  100.0	  100.0	  0	  150.0	 1050.0	    0.0	    0.0	  100.0	1	  460.1	  1	    0.0	   -nan	
 1831	 183.10	  372.4	    0.0	  131.7	 1234.4	  359.3	    0.0	    0.0	 1048.4	    0.0	    0.0	    0.0	  100.0	    0.0	    0.0	    0.0	    0.0	  100.0	  100.0	  0	  150.0	 1050.0	    0.0	    0.0	  100.0	1	  460.1	  1	    0.0	   -nan	
 1832	 183.20	  372.4	    0.0	  131.7	 1234.4	  359.3	    0.0	    0.0	 1048.4	    0.0	    0.0	    0.0	  100.0	    0.0	    0.0	    0.0	    0.0	  100.0	  100.0	  0	  150.0	 1050.0	    0.0	    0.0	  100.0	1	  460.1	  1	    0.0	   -nan	
 1833	 183.30	  372.4	    0.0	  131.7	 1234.4	  359.3	    0.0	    0.0	 1048.4	    0.0	    0.0	    0.0	  100.0	    0.0	    0.0	    0.0	    0.0	  100.0	  100.0	  0	  150.0	 1050.0	    0.0	    0.0	  100.0	1	  460.1	  1	    0.0	   -nan	
 1834	 183.40	  372.4	    0.0	  131.7	 1234.4	  359.3	    0.0	    0.0	 1048.4	    0.0	    0.0	    0.0	  100.0	    0.0	    0.0	    0.0	    0.0	  100.0	  100.0	  0	  150.0	 1050.0	    0.0	    0.0	  100.0	1	  460.1	  1	    0.0	   -nan	
 1835	 183.50	  372.4	    0.0	  131.7	 1234.4	  359.3	    0.0	    0.0	 1048.4	    0.0	    0.0	    0.0	  100.0	    0.0	    0.0	    0.0	    0.0	  100.0	  100.0	  0	  150.0	 1050.0	    0.0	    0.0	  100.0	1	  460.1	  1	    0.0	   -nan	
 1836	 183.60	  372.4	    0.0	  131.7	 1234.4	  359.3	    0.0	    0.0	 1050.2	    0.0	    0.0	    0.0	  100.0	    0.0	    0.0	    0.0	    0.0	  100.0	  100.0	  0	  150.0	 1050.0	    0.0	    0.0	  100.0	1	  460.1	  1	    0.0	   -nan	
 1837	 183.70	  372.4	    0.0	  132.3	 1234.4	  359.3	    0.0	    0.0	 1050.2	    0.0	    0.0	    0.0	  100.0	    0.0	    0.0	    0.0	    0.0	  100.0	  100.0	  0	  150.0	 1050.0	    0.0	    0.0	  100.0	1	  460.1	  1	    0.0	   -nan	
 1838	 183.80	  372.4	    0.0	 -152.1	 1234.4	  359.3	    0.0	    0.0	 1048.3	    0.0	    0.0	    0.0	  100.0	    0.0	    0.0	    0.0	    0.0	  100.0	  100.0	  0	  150.0	 1050.0	    0.0	    0.0	  100.0	1	  460.1	  1	    0.0	   -nan	
 1839	 183.90	  372.4	    0.0	  -48.3	 1234.4	  359.3	    0.0	    0.0	 1048.3	    0.0	    0.0	    0.0	  100.0	    0.0	    0.0	    0.0	    0.0	  100.0	  100.0	  0	  150.0	 1050.0	    0.0	    0.0	  100.0	1	  460.1	  1	    0.0	   -nan	
 1840	 184.00	  372.4	    0.0	  -48.3	 1234.4	  359.3	    0.0	    0.0	 1048.3	    0.0	    0.0	    0.0	  100.0	    0.0	    0.0	    0.0	    0.0	  100.0	  100.0	  0	  150.0	 1050.0	    0.0	    0.0	  100.0	1	  460.1	  1	    0.0	   -nan	
 1841	 184.10	  372.4	    0.0	  -48.3	 1234.4	  359.3	    0.0	    0.0	 1047.6	    0.0	    0.0	    0.0	  100.0	    0.0	    0.0	    0.0	    0.0	  100.0	  100.0	  0	  150.0	 1050.0	    0.0	    0.0	  100.0	1	  460.1	  1	    0.0	   -nan	
 1842	 184.20	  372.4	    0.0	  -48.3	 1234.4	  359.3	    0.0	    0.0	 1054.1	    0.0	    0.0	    0.0	  100.0	    0.0	    0.0	    0.0	    0.0	  100.0	  100.0	  0	  150.0	 1050.0	    0.0	    0.0	  100.0	1	  460.1	  1	    0.0	   -nan	
 1843	 184.30	  372.4	    0.0	  -48.3	 1234.4	  359.3	    0.0	    0.0	  372.4	    0.0	    0.0	    0.0	  100.0	    0.0	    0.0	    0.0	    0.0	  100.0	  100.0	  0	  150.0	 1050.0	    0.0	    0.0	  100.0	1	  539.8	  1	    0.0	   -nan	
 1844	 184.40	  372.4	    0.0	  -23.2	 1234.4	  359.3	    0.0	    0.0	  540.5	    0.0	    0.0	    0.0	  100.0	    0.0	    0.0	    0.0	    0.0	  100.0	  100.0	  0	  150.0	 1050.0	    0.0	    0.0	  100.0	1	  515.9	  1	    0.0	   -nan	
 1845	 184.50	  372.4	    0.0	  -37.3	 1234.4	  359.3	    0.0	    0.0	 1050.4	    0.0	    0.0	    0.0	  100.0	    0.0	    0.0	    0.0	    0.0	   99.9	  100.0	  0	  150.0	 1050.0	    0.0	    0.0	   99.9	1	  460.1	  1	    0.0	   -nan	
 1846	 184.60	  372.4	    0.0	  -64.6	 1234.4	  359.3	    0.0	    0.0	 1051.3	    0.0	    0.0	    0.0	  100.0	    0.0	    0.0	    0.0	    0.0	  100.0	  100.0	  0	  150.0	 1050.0	    0.0	    0.0	  100.0	1	  460.1	  1	    0.0	   -nan	
 1847	 184.70	  372.4	    0.0	  -64.6	 1234.4	  359.3	    0.0	    0.0	 1051.3	    0.0	    0.0	    0.0	  100.0	    0.0	    0.0	    0.0	    0.0	  100.0	  100.0	  0	  150.0	 1050.0	    0.0	    0.0	  100.0	1	  460.1	  1	    0.0	   -nan	
 1848	 184.80	  372.4	    0.0	  -64.6	 1234.4	  359.3	    0.0	    0.0	 1051.3	    0.0	    0.0	    0.0	  100.0	    0.0	    0.0	    0.0	    0.0	  100.0	  100.0	  0	  150.0	 1050.0	    0.0	    0.0	  100.0	1	  460.1	  1	    0.0	   -nan	
 1849	 184.90	  372.4	    0.0	  -64.6	 1234.4	  359.3	    0.0	    0.0	 1050.4	    0.0	    0.0	    0.0	  100.0	    0.0	    0.0	    0.0	    0.0	  100.0	  100.0	  0	  150.0	 1050.0	    0.0	    0.0	  100.0	1	  460.1	  1	    0.0	   -nan	
 1850	 185.00	  372.4	    0.0	  -64.6	 1234.4	  359.3	    0.0	    0.0	 1049.4	    0.0	    0.0	    0.0	  100.0	    0.0	    0.0	    0.0	    0.0	  100.0	  100.0	  0	  150.0	 1050.0	    0.0	    0.0	  100.0	1	  460.1	  1	    0.0	   -nan	
 1851	 185.10	  372.4	    0.0	  -64.6	 1234.4	  359.3	    0.0	    0.0	 1049.4	    0.0	    0.0	    0.0	  100.0	    0.0	    0.0	    0.0	    0.0	  100.0	  100.0	  0	  150.0	 1050.0	    0.0	    0.0	  100.0	1	  460.1	  1	    0.0	   -nan	
 1852	 185.20	  372.4	    0.0	  -64.6	 1234.4	  359.3	    0.0	    0.0	 1050.3	    0.0	    0.0	    0.0	  100.0	    0.0	    0.0	    0.0	    0.0	  100.0	  100.0	  0	  150.0	 1050.0	    0.0	    0.0	  100.0	1	  460.1	  1	    0.0	   -nan	
 1853	 185.30	  372.4	    0.0	  -64.6	 1234.4	  359.3	    0.0	    0.0	 1051.3	    0.0	    0.0	    0.0	  100.0	    0.0	    0.0	    0.0	    0.0	  100.0	  100.0	  0	  150.0	 1050.0	    0.0	    0.0	  100.0	1	  460.1	  1	    0.0	   -nan	
 1854	 185.40	  372.4	    0.0	  -64.6	 1234.4	  359.3	    0.0	    0.0	 1051.3	    0.0	    0.0	    0.0	  100.0	    0.0	    0.0	    0.0	    0.0	  100.0	  100.0	  0	  150.0	 1050.0	    0.0	    0.0	  100.0	1	  460.1	  1	    0.0	   -nan	
 1855	 185.50	  372.4	    0.0	  -64.6	 1234.4	  359.3	    0.0	    0.0	 1050.3	    0.0	    0.0	    0.0	  100.0	    0.0	    0.0	    0.0	    0.0	  100.0	  100.0	  0	  150.0	 1050.0	    0.0	    0.0	  100.0	1	  460.1	  1	    0.0	   -nan	
 1856	 185.60	  372.4	    0.0	  -64.6	 1234.4	  359.3	    0.0	    0.0	 1050.3	    0.0	    0.0	    0.0	  100.0	    0.0	    0.0	    0.0	    0.0	  100.0	  100.0	  0	  150.0	 1050.0	    0.0	    0.0	  100.0	1	  460.1	  1	    0.0	   -nan	
 1857	 185.70	  372.4	    0.0	  -64.6	 1234.4	  359.3	    0.0	    0.0	 1050.4	    0.0	    0.0	    0.0	  100.0	    0.0	    0.0	    0.0	    0.0	  100.0	  100.0	  0	  150.0	 1050.0	    0.0	    0.0	  100.0	1	  460.1	  1	    0.0	   -nan	
 1858	 185.80	  372.4	    0.0	  -64.6	 1234.4	  359.3	    0.0	    0.0	 1050.3	    0.0	    0.0	    0.0	  100.0	    0.0	    0.0	    0.0	    0.0	  100.0	  100.0	  0	  150.0	 1050.0	    0.0	    0.0	  100.0	1	  460.1	  1	    0.0	   -nan	
 1859	 185.90	  372.4	    0.0	  -64.6	 1234.4	  359.3	    0.0	    0.0	 1052.1	    0.0	    0.0	    0.0	  100.0	    0.0	    0.0	    0.0	    0.0	  100.0	  100.0	  0	  150.0	 1050.0	    0.0	    0.0	  100.0	1	  460.1	  1	    0.0	   -nan	
 1860	 186.00	  372.4	    0.0	  -64.7	 1234.4	  359.3	    0.0	    0.0	 1051.2	    0.0	    0.0	    0.0	  100.0	    0.0	    0.0	    0.0	    0.0	  100.0	  100.0	  0	  150.0	 1050.0	    0.0	    0.0	  100.0	1	  460.1	  1	    0.0	   -nan	
 1861	 186.10	  372.4	    0.0	  -64.6	 1234.4	  359.3	    0.0	    0.0	 1051.2	    0.0	    0.0	    0.0	  100.0	    0.0	    0.0	    0.0	    0.0	  100.0	  100.0	  0	  150.0	 1050.0	    0.0	    0.0	  100.0	1	  460.1	  1	    0.0	   -nan	
 1862	 186.20	  372.4	    0.0	  -64.6	 1234.4	  359.3	    0.0	    0.0	 1051.2	    0.0	    0.0	    0.0	  100.0	    0.0	    0.0	    0.0	    0.0	  100.0	  100.0	  0	  150.0	 1050.0	    0.0	    0.0	  100.0	1	  460.1	  1	    0.0	   -nan	
 1863	 186.30	  372.4	    0.0	  -64.6	 1234.4	  359.3	    0.0	    0.0	 1056.9	    0.0	    0.0	    0.0	  100.0	    0.0	    0.0	    0.0	    0.0	  100.0	  100.0	  0	  150.0	 1050.0	    0.0	    0.0	  100.0	1	  460.0	  1	    0.0	   -nan	
 1864	 186.40	  372.4	    0.0	  -65.9	 1234.4	  359.3	    0.0	    0.0	 1055.0	    0.0	    0.0	    0.0	  100.0	    0.0	    0.0	    0.0	    0.0	  100.0	  100.0	  0	  150.0	 1050.0	    0.0	    0.0	  100.0	1	  460.0	  1	    0.0	   -nan	
 1865	 186.50	  372.4	    0.0	  -65.4	 1234.4	  359.3	    0.0	    0.0	 1054.1	    0.0	    0.0	    0.0	  100.0	    0.0	    0.0	    0.0	    0.0	  100.0	  100.0	  0	  150.0	 1050.0	    0.0	    0.0	  100.0	1	  460.1	  1	    0.0	   -nan	
 1866	 186.60	  372.4	    0.0	  -65.1	 1234.4	  359.3	    0.0	    0.0	 1052.2	    0.0	    0.0	    0.0	  100.0	    0.0	    0.0	    0.0	    0.0	  100.0	  100.0	  0	  150.0	 1050.0	    0.0	    0.0	  100.0	1	  460.1	  1	    0.0	   -nan	
 1867	 186.70	  372.4	    0.0	  -64.2	 1234.4	  359.3	    0.0	    0.0	 1051.3	    0.0	    0.0	    0.0	  100.0	    0.0	    0.0	    0.0	    0.0	  100.0	  100.0	  0	  150.0	 1050.0	    0.0	    0.0	  100.0	1	  460.1	  1	    0.0	   -nan	
 1868	 186.80	  372.4	    0.0	  -63.5	 1234.4	  359.3	    0.0	    0.0	 1054.2	    0.0	    0.0	    0.0	  100.0	    0.0	    0.0	    0.0	    0.0	  100.0	  100.0	  0	  150.0	 1050.0	    0.0	    0.0	  100.0	1	  460.1	  1	    0.0	   -nan	
 1869	 186.90	  372.4	    0.0	  -66.0	 1234.4	  359.3	    0.0	    0.0	 1054.1	    0.0	    0.0	    0.0	  100.0	    0.0	    0.0	    0.0	    0.0	  100.0	  100.0	  0	  150.0	 1050.0	    0.0	    0.0	  100.0	1	  460.1	  1	    0.0	   -nan	
 1870	 187.00	  372.4	    0.0	  -65.9	 1234.4	  359.3	    0.0	    0.0	 1054.1	    0.0	    0.0	    0.0	  100.0	    0.0	    0.0	    0.0	    0.0	  100.0	  100.0	  0	  150.0	 1050.0	    0.0	    0.0	  100.0	1	  460.1	  1	    0.0	   -nan	
 1871	 187.10	  372.4	    0.0	  -65.9	 1234.4	  359.3	    0.0	    0.0	 1053.2	    0.0	    0.0	    0.0	  100.0	    0.0	    0.0	    0.0	    0.0	  100.0	  100.0	  0	  150.0	 1050.0	    0.0	    0.0	  100.0	1	  460.1	  1	    0.0	   -nan	
 1872	 187.20	  372.4	    0.0	  -64.3	 1234.4	  359.3	    0.0	    0.0	 1053.1	    0.0	    0.0	    0.0	  100.0	    0.0	    0.0	    0.0	    0.0	  100.0	  100.0	  0	  150.0	 1050.0	    0.0	    0.0	  100.0	1	  460.1	  1	    0.0	   -nan	
 1873	 187.30	  372.4	    0.0	  -64.1	 1234.4	  359.3	    0.0	    0.0	 1052.3	    0.0	    0.0	    0.0	  100.0	    0.0	    0.0	    0.0	    0.0	  100.0	  100.0	  0	  150.0	 1050.0	    0.0	    0.0	  100.0	1	  460.1	  1	    0.0	   -nan	
 1874	 187.40	  372.4	    0.0	  -61.5	 1234.4	  359.3	    0.0	    0.0	 1053.2	    0.0	    0.0	    0.0	  100.0	    0.0	    0.0	    0.0	    0.0	  100.0	  100.0	  0	  150.0	 1050.0	    0.0	    0.0	  100.0	1	  460.1	  1	    0.0	   -nan	
 1875	 187.50	  372.4	    0.0	  -65.3	 1234.4	  359.3	    0.0	    0.0	 1054.2	    0.0	    0.0	    0.0	  100.0	    0.0	    0.0	    0.0	    0.0	  100.0	  100.0	  0	  150.0	 1050.0	    0.0	    0.0	  100.0	1	  460.1	  1	    0.0	   -nan	
 1876	 187.60	  372.4	    0.0	  -70.1	 1234.4	  359.3	    0.0	    0.0	 1052.3	    0.0	    0.0	    0.0	  100.0	    0.0	    0.0	    0.0	    0.0	  100.0	  100.0	  0	  150.0	 1050.0	    0.0	    0.0	  100.0	1	  460.1	  1	    0.0	   -nan	
 1877	 187.70	  372.4	    0.0	  -57.4	 1234.4	  359.3	    0.0	    0.0	 1054.1	    0.0	    0.0	    0.0	  100.0	    0.0	    0.0	    0.0	    0.0	  100.0	  100.0	  0	  150.0	 1050.0	    0.0	    0.0	  100.0	1	  460.1	  1	    0.0	   -nan	
 1878	 187.80	  372.4	    0.0	  -72.7	 1234.4	  359.3	    0.0	    0.0	 1053.2	    0.0	    0.0	    0.0	  100.0	    0.0	    0.0	    0.0	    0.0	  100.0	  100.0	  0	  150.0	 1050.0	    0.0	    0.0	  100.0	1	  460.1	  1	    0.0	   -nan	
 1879	 187.90	  372.4	    0.0	  -63.5	 1234.4	  359.3	    0.0	    0.0	 1053.2	    0.0	    0.0	    0.0	  100.0	    0.0	    0.0	    0.0	    0.0	  100.0	  100.0	  0	  150.0	 1050.0	    0.0	    0.0	  100.0	1	  460.1	  1	    0.0	   -nan	
 1880	 188.00	  372.4	    0.0	  -63.5	 1234.4	  359.3	    0.0	    0.0	 1055.0	    0.0	    0.0	    0.0	  100.0	    0.0	    0.0	    0.0	    0.0	  100.0	  100.0	  0	  150.0	 1050.0	    0.0	    0.0	  100.0	1	  460.0	  1	    0.0	   -nan	
 1881	 188.10	  372.4	    0.0	  -89.2	 1234.4	  359.3	    0.0	    0.0	 1055.1	    0.0	    0.0	    0.0	  100.0	    0.0	    0.0	    0.0	    0.0	  100.0	  100.0	  0	  150.0	 1050.0	    0.0	    0.0	  100.0	1	  460.0	  1	    0.0	   -nan	
 1882	 188.20	  372.4	    0.0	  -90.4	 1234.4	  359.3	    0.0	    0.0	 1053.3	    0.0	    0.0	    0.0	  100.0	    0.0	    0.0	    0.0	    0.0	  100.0	  100.0	  0	  150.0	 1050.0	    0.0	    0.0	  100.0	1	  460.1	  1	    0.0	   -nan	
 1883	 188.30	  372.4	    0.0	  -44.2	 1234.4	  359.3	    0.0	    0.0	 1056.1	    0.0	    0.0	    0.0	  100.0	    0.0	    0.0	    0.0	    0.0	  100.0	  100.0	  0	  150.0	 1050.0	    0.0	    0.0	  100.0	1	  460.0	  1	    0.0	   -nan	
 1884	 188.40	  372.4	    0.0	 -109.5	 1234.4	  359.3	    0.0	    0.0	 1055.1	    0.0	    0.0	    0.0	  100.0	    0.0	    0.0	    0.0	    0.0	  100.0	  100.0	  0	  150.0	 1050.0	    0.0	    0.0	  100.0	1	  460.0	  1	    0.0	   -nan	
 1885	 188.50	  372.4	    0.0	  -93.5	 1234.4	  359.3	    0.0	    0.0	 1055.1	    0.0	    0.0	    0.0	  100.0	    0.0	    0.0	    0.0	    0.0	  100.0	  100.0	  0	  150.0	 1050.0	    0.0	    0.0	  100.0	1	  460.0	  1	    0.0	   -nan	
 1886	 188.60	  372.4	    0.0	  -93.5	 1234.4	  359.3	    0.0	    0.0	 1056.1	    0.0	    0.0	    0.0	  100.0	    0.0	    0.0	    0.0	    0.0	  100.0	  100.0	  0	  150.0	 1050.0	    0.0	    0.0	  100.0	1	  460.0	  1	    0.0	   -nan	
 1887	 188.70	  372.4	    0.0	 -115.4	 1234.4	  359.3	    0.0	    0.0	 1055.1	    0.0	    0.0	    0.0	  100.0	    0.0	    0.0	    0.0	    0.0	  100.0	  100.0	  0	  150.0	 1050.0	    0.0	    0.0	  100.0	1	  460.0	  1	    0.0	   -nan	
 1888	 188.80	  372.4	    0.0	  -79.2	 1234.4	  359.3	    0.0	    0.0	 1056.9	    0.0	    0.0	    0.0	  100.0	    0.0	    0.0	    0.0	    0.0	  100.0	  100.0	  0	  150.0	 1050.0	    0.0	    0.0	  100.0	1	  460.0	  1	    0.0	   -nan	
 1889	 188.90	  372.4	    0.0	 -126.0	 1234.4	  359.3	    0.0	    0.0	 1056.9	    0.0	    0.0	    0.0	  100.0	    0.0	    0.0	    0.0	    0.0	  100.0	  100.0	  0	  150.0	 1050.0	    0.0	    0.0	  100.0	1	  460.0	  1	    0.0	   -nan	
 1890	 189.00	  372.4	    0.0	 -126.0	 1234.4	  359.3	    0.0	    0.0	 1057.0	    0.0	    0.0	    0.0	  100.0	    0.0	    0.0	    0.0	    0.0	  100.0	  100.0	  0	  150.0	 1050.0	    0.0	    0.0	  100.0	1	  460.0	  1	    0.0	   -nan	
 1891	 189.10	  372.4	    0.0	 -126.8	 1234.4	  359.3	    0.0	    0.0	 1056.9	    0.0	    0.0	    0.0	  100.0	    0.0	    0.0	    0.0	    0.0	  100.0	  100.0	  0	  150.0	 1050.0	    0.0	    0.0	  100.0	1	  460.0	  1	    0.0	   -nan	
 1892	 189.20	  372.4	    0.0	 -125.8	 1234.4	  359.3	    0.0	    0.0	 1057.8	    0.0	    0.0	    0.0	  100.0	    0.0	    0.0	    0.0	    0.0	  100.0	  100.0	  0	  150.0	 1050.0	    0.0	    0.0	  100.0	1	  460.0	  1	    0.0	   -nan	
 1893	 189.30	  372.4	    0.0	 -132.2	 1234.4	  359.3	    0.0	    0.0	 1057.8	    0.0	    0.0	    0.0	  100.0	    0.0	    0.0	    0.0	    0.0	  100.0	  100.0	  0	  150.0	 1050.0	    0.0	    0.0	  100.0	1	  460.0	  1	    0.0	   -nan	
 1894	 189.40	  372.4	    0.0	  131.8	 1234.4	  359.3	    0.0	    0.0	 1059.2	    0.0	    0.0	    0.0	  100.0	    0.0	    0.0	    0.0	    0.0	  100.0	  100.0	  0	  150.0	 1050.0	    0.0	    0.0	  100.0	1	  460.0	  1	    0.0	   -nan	
 1895	 189.50	  372.4	    0.0	  131.8	 1234.4	  359.3	    0.0	    0.0	 1070.9	    0.0	    0.0	    0.0	  100.0	    0.0	    0.0	    0.0	    0.0	  100.0	  100.0	  0	  150.0	 1050.0	    0.0	    0.0	  100.0	1	  459.9	  1	    0.0	   -nan	
 1896	 189.60	  372.4	    0.0	  131.8	 1234.4	  359.3	    0.0	    0.0	 1067.3	    0.0	    0.0	    0.0	  100.0	    0.0	    0.0	    0.0	    0.0	  100.0	  100.0	  0	  150.0	 1050.0	    0.0	    0.0	  100.0	1	  459.9	  1	    0.0	   -nan	
 1897	 189.70	  372.4	    0.0	  131.8	 1234.4	  359.3	    0.0	    0.0	 1086.6	    0.0	    0.0	    0.0	  100.0	    0.0	    0.0	    0.0	    0.0	  100.0	  100.0	  0	  150.0	 1050.0	    0.0	    0.0	  100.0	1	  459.8	  1	    0.0	   -nan	
 1898	 189.80	  372.4	    0.0	  131.7	 1234.4	  359.3	    0.0	    0.0	 1073.1	    0.0	    0.0	    0.0	  100.0	    0.0	    0.0	    0.0	    0.0	  100.0	  100.0	  0	  150.0	 1050.0	    0.0	    0.0	  100.0	1	  459.9	  1	    0.0	   -nan	
 1899	 189.90	  372.4	    0.0	  131.8	 1234.4	  359.3	    0.0	    0.0	 1067.4	    0.0	    0.0	    0.0	  100.0	    0.0	    0.0	    0.0	    0.0	  100.0	  100.0	  0	  150.0	 1050.0	    0.0	    0.0	  100.0	1	  459.9	  1	    0.0	   -nan	
 1900	 190.00	  372.4	    0.0	  131.8	 1234.4	  359.3	    0.0	    0.0	 1060.7	    0.0	    0.0	    0.0	  100.0	    0.0	    0.0	    0.0	    0.0	  100.0	  100.0	  0	  150.0	 1050.0	    0.0	    0.0	  100.0	1	  460.0	  1	    0.0	   -nan	
 1901	 190.10	  372.4	    0.0	  131.8	 1234.4	  359.3	    0.0	    0.0	 1064.1	    0.0	    0.0	    0.0	  100.0	    0.0	    0.0	    0.0	    0.0	  100.0	  100.0	  0	  150.0	 1050.0	    0.0	    0.0	  100.0	1	  460.0	  1	    0.0	   -nan	
 1902	 190.20	  372.4	    0.0	  131.8	 1234.4	  359.3	    0.0	    0.0	 1067.3	    0.0	    0.0	    0.0	  100.0	    0.0	    0.0	    0.0	    0.0	  100.0	  100.0	  0	  150.0	 1050.0	    0.0	    0.0	  100.0	1	  459.9	  1	    0.0	   -nan	
 1903	 190.30	  372.4	    0.0	  131.8	 1234.4	  359.3	    0.0	    0.0	 1067.9	    0.0	    0.0	    0.0	  100.0	    0.0	    0.0	    0.0	    0.0	  100.0	  100.0	  0	  150.0	 1050.0	    0.0	    0.0	  100.0	1	  459.9	  1	    0.0	   -nan	
 1904	 190.40	  372.4	    0.0	  131.8	 1234.4	  359.3	    0.0	    0.0	 1098.6	    0.0	    0.0	    0.0	  100.0	    0.0	    0.0	    0.0	    0.0	  100.0	  100.0	  0	  150.0	 1050.0	    0.0	    0.0	  100.0	1	  459.8	  1	    0.0	   -nan	
 1905	 190.50	  372.4	    0.0	  130.8	 1234.4	  359.3	    0.0	    0.0	 1094.5	    0.0	    0.0	    0.0	  100.0	    0.0	    0.0	    0.0	    0.0	  100.0	  100.0	  0	  150.0	 1050.0	    0.0	    0.0	  100.0	1	  459.8	  1	    0.0	   -nan	
 1906	 190.60	  372.4	    0.0	  131.0	 1234.4	  359.3	    0.0	    0.0	 1115.8	    0.0	    0.0	    0.0	  100.0	    0.0	    0.0	    0.0	    0.0	  100.0	  100.0	  0	  150.0	 1050.0	    0.0	    0.0	  100.0	1	  459.9	  1	    0.0	   -nan	
 1907	 190.70	  372.4	    0.0	  128.1	 1234.4	  359.3	    0.0	    0.0	 1106.7	    0.0	    0.0	    0.0	  100.0	    0.0	    0.0	    0.0	    0.0	  100.0	  100.0	  0	  150.0	 1050.0	    0.0	    0.0	  100.0	1	  459.9	  1	    0.0	   -nan	
 1908	 190.80	  372.4	    0.0	   92.8	 1234.4	  359.3	    0.0	    0.0	 1100.4	    0.0	    0.0	    0.0	  100.0	    0.0	    0.0	    0.0	    0.0	  100.0	  100.0	  0	  150.0	 1050.0	    0.0	    0.0	  100.0	1	  459.8	  1	    0.0	   -nan	
 1909	 190.90	  372.4	    0.0	  -48.3	 1234.4	  359.3	    0.0	    0.0	 1086.6	    0.0	    0.0	    0.0	  100.0	    0.0	    0.0	    0.0	    0.0	  100.0	  100.0	  0	  150.0	 1050.0	    0.0	    0.0	  100.0	1	  459.8	  1	    0.0	   -nan	
 1910	 191.00	  372.4	    0.0	  -48.3	 1234.4	  359.3	    0.0	    0.0	 1084.0	    0.0	    0.0	    0.0	  100.0	    0.0	    0.0	    0.0	    0.0	  100.0	  100.0	  0	  150.0	 1050.0	    0.0	    0.0	  100.0	1	  459.8	  1	    0.0	   -nan	
 1911	 191.10	  372.4	    0.0	  -48.3	 1234.4	  359.3	    0.0	    0.0	 1077.7	    0.0	    0.0	    0.0	  100.0	    0.0	    0.0	    0.0	    0.0	  100.0	  100.0	  0	  150.0	 1050.0	    0.0	    0.0	  100.0	1	  459.9	  1	    0.0	   -nan	
 1912	 191.20	  372.4	    0.0	  -48.3	 1234.4	  359.3	    0.0	    0.0	 1073.1	    0.0	    0.0	    0.0	  100.0	    0.0	    0.0	    0.0	    0.0	  100.0	  100.0	  0	  150.0	 1050.0	    0.0	    0.0	  100.0	1	  459.9	  1	    0.0	   -nan	
 1913	 191.30	  372.4	    0.0	  -48.3	 1234.4	  359.3	    0.0	    0.0	 1072.2	    0.0	    0.0	    0.0	  100.0	    0.0	    0.0	    0.0	    0.0	  100.0	  100.0	  0	  150.0	 1050.0	    0.0	    0.0	  100.0	1	  459.9	  1	    0.0	   -nan	
 1914	 191.40	  372.4	    0.0	  -48.3	 1234.4	  359.3	    0.0	    0.0	 1071.1	    0.0	    0.0	    0.0	  100.0	    0.0	    0.0	    0.0	    0.0	  100.0	  100.0	  0	  150.0	 1050.0	    0.0	    0.0	  100.0	1	  459.9	  1	    0.0	   -nan	
 1915	 191.50	  372.4	    0.0	  -48.3	 1234.4	  359.3	    0.0	    0.0	 1068.3	    0.0	    0.0	    0.0	  100.0	    0.0	    0.0	    0.0	    0.0	  100.0	  100.0	  0	  150.0	 1050.0	    0.0	    0.0	  100.0	1	  459.9	  1	    0.0	   -nan	
 1916	 191.60	  372.4	    0.0	  -48.3	 1234.4	  359.3	    0.0	    0.0	 1067.4	    0.0	    0.0	    0.0	  100.0	    0.0	    0.0	    0.0	    0.0	  100.0	  100.0	  0	  150.0	 1050.0	    0.0	    0.0	  100.0	1	  459.9	  1	    0.0	   -nan	
 1917	 191.70	  372.4	    0.0	  -48.3	 1234.4	  359.3	    0.0	    0.0	 1069.1	    0.0	    0.0	    0.0	  100.0	    0.0	    0.0	    0.0	    0.0	  100.0	  100.0	  0	  150.0	 1050.0	    0.0	    0.0	  100.0	1	  459.9	  1	    0.0	   -nan	
 1918	 191.80	  372.4	    0.0	  -48.3	 1234.4	  359.3	    0.0	    0.0	 1067.3	    0.0	    0.0	    0.0	  100.0	    0.0	    0.0	    0.0	    0.0	  100.0	  100.0	  0	  150.0	 1050.0	    0.0	    0.0	  100.0	1	  459.9	  1	    0.0	   -nan	
 1919	 191.90	  372.4	    0.0	  -48.3	 1234.4	  359.3	    0.0	    0.0	 1068.2	    0.0	    0.0	    0.0	  100.0	    0.0	    0.0	    0.0	    0.0	  100.0	  100.0	  0	  150.0	 1050.0	    0.0	    0.0	  100.0	1	  459.9	  1	    0.0	   -nan	
 1920	 192.00	  372.4	    0.0	  -48.3	 1234.4	  359.3	    0.0	    0.0	 1068.2	    0.0	    0.0	    0.0	  100.0	    0.0	    0.0	    0.0	    0.0	  100.0	  100.0	  0	  150.0	 1050.0	    0.0	    0.0	  100.0	1	  459.9	  1	    0.0	   -nan	
 1921	 192.10	  372.4	    0.0	  -48.3	 1234.4	  359.3	    0.0	    0.0	 1066.5	    0.0	    0.0	    0.0	  100.0	    0.0	    0.0	    0.0	    0.0	  100.0	  100.0	  0	  150.0	 1050.0	    0.0	    0.0	  100.0	1	  459.9	  1	    0.0	   -nan	
 1922	 192.20	  372.4	    0.0	  -48.3	 1234.4	  359.3	    0.0	    0.0	 1066.6	    0.0	    0.0	    0.0	  100.0	    0.0	    0.0	    0.0	    0.0	  100.0	  100.0	  0	  150.0	 1050.0	    0.0	    0.0	  100.0	1	  459.9	  1	    0.0	   -nan	
 1923	 192.30	  372.4	    0.0	  -48.3	 1234.4	  359.3	    0.0	    0.0	 1067.3	    0.0	    0.0	    0.0	  100.0	    0.0	    0.0	    0.0	    0.0	  100.0	  100.0	  0	  150.0	 1050.0	    0.0	    0.0	  100.0	1	  459.9	  1	    0.0	   -nan	
 1924	 192.40	  372.4	    0.0	  -48.3	 1234.4	  359.3	    0.0	    0.0	 1067.4	    0.0	    0.0	    0.0	  100.0	    0.0	    0.0	    0.0	    0.0	  100.0	  100.0	  0	  150.0	 1050.0	    0.0	    0.0	  100.0	1	  459.9	  1	    0.0	   -nan	
 1925	 192.50	  372.4	    0.0	  -48.3	 1234.4	  359.3	    0.0	    0.0	 1065.4	    0.0	    0.0	    0.0	  100.0	    0.0	    0.0	    0.0	    0.0	  100.0	  100.0	  0	  150.0	 1050.0	    0.0	    0.0	  100.0	1	  459.9	  1	    0.0	   -nan	
 1926	 192.60	  372.4	    0.0	  -48.3	 1234.4	  359.3	    0.0	    0.0	 1065.4	    0.0	    0.0	    0.0	  100.0	    0.0	    0.0	    0.0	    0.0	  100.0	  100.0	  0	  150.0	 1050.0	    0.0	    0.0	  100.0	1	  459.9	  1	    0.0	   -nan	
 1927	 192.70	  372.4	    0.0	  -48.3	 1234.4	  359.3	    0.0	    0.0	 1066.5	    0.0	    0.0	    0.0	  100.0	    0.0	    0.0	    0.0	    0.0	  100.0	  100.0	  0	  150.0	 1050.0	    0.0	    0.0	  100.0	1	  459.9	  1	    0.0	   -nan	
 1928	 192.80	  372.4	    0.0	  -48.3	 1234.4	  359.3	    0.0	    0.0	 1066.5	    0.0	    0.0	    0.0	  100.0	    0.0	    0.0	    0.0	    0.0	  100.0	  100.0	  0	  150.0	 1050.0	    0.0	    0.0	  100.0	1	  459.9	  1	    0.0	   -nan	
 1929	 192.90	  372.4	    0.0	  -48.3	 1234.4	  359.3	    0.0	    0.0	 1066.5	    0.0	    0.0	    0.0	  100.0	    0.0	    0.0	    0.0	    0.0	  100.0	  100.0	  0	  150.0	 1050.0	    0.0	    0.0	  100.0	1	  459.9	  1	    0.0	   -nan	
 1930	 193.00	  372.4	    0.0	  -48.3	 1234.4	  359.3	    0.0	    0.0	 1072.9	    0.0	    0.0	    0.0	  100.0	    0.0	    0.0	    0.0	    0.0	  100.0	  100.0	  0	  150.0	 1050.0	    0.0	    0.0	  100.0	1	  459.9	  1	    0.0	   -nan	
 1931	 193.10	  372.4	    0.0	  -48.2	 1234.4	  359.3	    0.0	    0.0	 1073.0	    0.0	    0.0	    0.0	  100.0	    0.0	    0.0	    0.0	    0.0	  100.0	  100.0	  0	  150.0	 1050.0	    0.0	    0.0	  100.0	1	  459.9	  1	    0.0	   -nan	
 1932	 193.20	  372.4	    0.0	  -48.2	 1234.4	  359.3	    0.0	    0.0	 1085.0	    0.0	    0.0	    0.0	  100.0	    0.0	    0.0	    0.0	    0.0	  100.0	  100.0	  0	  150.0	 1050.0	    0.0	    0.0	  100.0	1	  459.8	  1	    0.0	   -nan	
 1933	 193.30	  372.4	    0.0	  -46.4	 1234.4	  359.3	    0.0	    0.0	 1090.6	    0.0	    0.0	    0.0	  100.0	    0.0	    0.0	    0.0	    0.0	  100.0	  100.0	  0	  150.0	 1050.0	    0.0	    0.0	  100.0	1	  459.8	  1	    0.0	   -nan	
 1934	 193.40	  372.4	    0.0	  -44.6	 1234.4	  359.3	    0.0	    0.0	 1090.0	    0.0	    0.0	    0.0	  100.0	    0.0	    0.0	    0.0	    0.0	  100.0	  100.0	  0	  150.0	 1050.0	    0.0	    0.0	  100.0	1	  459.8	  1	    0.0	   -nan	
 1935	 193.50	  372.4	    0.0	  -44.9	 1234.4	  359.3	    0.0	    0.0	 1090.0	    0.0	    0.0	    0.0	  100.0	    0.0	    0.0	    0.0	    0.0	  100.0	  100.0	  0	  150.0	 1050.0	    0.0	    0.0	  100.0	1	  459.8	  1	    0.0	   -nan	
 1936	 193.60	  372.4	    0.0	  -44.9	 1234.4	  359.3	    0.0	    0.0	 1090.0	    0.0	    0.0	    0.0	  100.0	    0.0	    0.0	    0.0	    0.0	  100.0	  100.0	  0	  150.0	 1050.0	    0.0	    0.0	  100.0	1	  459.8	  1	    0.0	   -nan	
 1937	 193.70	  372.4	    0.0	  -44.9	 1234.4	  359.3	    0.0	    0.0	 1090.0	    0.0	    0.0	    0.0	  100.0	    0.0	    0.0	    0.0	    0.0	  100.0	  100.0	  0	  150.0	 1050.0	    0.0	    0.0	  100.0	1	  459.8	  1	    0.0	   -nan	
 1938	 193.80	  372.4	    0.0	  -44.9	 1234.4	  359.3	    0.0	    0.0	 1090.0	    0.0	    0.0	    0.0	  100.0	    0.0	    0.0	    0.0	    0.0	  100.0	  100.0	  0	  150.0	 1050.0	    0.0	    0.0	  100.0	1	  459.8	  1	    0.0	   -nan	
 1939	 193.90	  372.4	    0.0	  -44.9	 1234.4	  359.3	    0.0	    0.0	 1090.0	    0.0	    0.0	    0.0	  100.0	    0.0	    0.0	    0.0	    0.0	  100.0	  100.0	  0	  150.0	 1050.0	    0.0	    0.0	  100.0	1	  459.8	  1	    0.0	   -nan	
 1940	 194.00	  372.4	    0.0	  -44.9	 1234.4	  359.3	    0.0	    0.0	 1090.0	    0.0	    0.0	    0.0	  100.0	    0.0	    0.0	    0.0	    0.0	  100.0	  100.0	  0	  150.0	 1050.0	    0.0	    0.0	  100.0	1	  459.8	  1	    0.0	   -nan	
 1941	 194.10	  372.4	    0.0	  -44.9	 1234.4	  359.3	    0.0	    0.0	 1090.0	    0.0	    0.0	    0.0	  100.0	    0.0	    0.0	    0.0	    0.0	  100.0	  100.0	  0	  150.0	 1050.0	    0.0	    0.0	  100.0	1	  459.8	  1	    0.0	   -nan	
 1942	 194.20	  372.4	    0.0	  -44.9	 1234.4	  359.3	    0.0	    0.0	 1090.0	    0.0	    0.0	    0.0	  100.0	    0.0	    0.0	    0.0	    0.0	  100.0	  100.0	  0	  150.0	 1050.0	    0.0	    0.0	  100.0	1	  459.8	  1	    0.0	   -nan	
 1943	 194.30	  372.4	    0.0	  -44.9	 1234.4	  359.3	    0.0	    0.0	 1090.0	    0.0	    0.0	    0.0	  100.0	    0.0	    0.0	    0.0	    0.0	  100.0	  100.0	  0	  150.0	 1050.0	    0.0	    0.0	  100.0	1	  459.8	  1	    0.0	   -nan	
 1944	 194.40	  372.4	    0.0	  -44.9	 1234.4	  359.3	    0.0	    0.0	 1090.0	    0.0	    0.0	    0.0	  100.0	    0.0	    0.0	    0.0	    0.0	  100.0	  100.0	  0	  150.0	 1050.0	    0.0	    0.0	  100.0	1	  459.8	  1	    0.0	   -nan	
 1945	 194.50	  372.4	    0.0	  -44.9	 1234.4	  359.3	    0.0	    0.0	 1090.0	    0.0	    0.0	    0.0	  100.0	    0.0	    0.0	    0.0	    0.0	  100.0	  100.0	  0	  150.0	 1050.0	    0.0	    0.0	  100.0	1	  459.8	  1	    0.0	   -nan	
 1946	 194.60	  372.4	    0.0	  -44.9	 1234.4	  359.3	    0.0	    0.0	 1090.0	    0.0	    0.0	    0.0	  100.0	    0.0	    0.0	    0.0	    0.0	  100.0	  100.0	  0	  150.0	 1050.0	    0.0	    0.0	  100.0	1	  459.8	  1	    0.0	   -nan	
 1947	 194.70	  372.4	    0.0	  -44.9	 1234.4	  359.3	    0.0	    0.0	 1090.0	    0.0	    0.0	    0.0	  100.0	    0.0	    0.0	    0.0	    0.0	  100.0	  100.0	  0	  150.0	 1050.0	    0.0	    0.0	  100.0	1	  459.8	  1	    0.0	   -nan	
 1948	 194.80	  372.4	    0.0	  -44.9	 1234.4	  359.3	    0.0	    0.0	 1090.0	    0.0	    0.0	    0.0	  100.0	    0.0	    0.0	    0.0	    0.0	  100.0	  100.0	  0	  150.0	 1050.0	    0.0	    0.0	  100.0	1	  459.8	  1	    0.0	   -nan	
 1949	 194.90	  372.4	    0.0	  -44.9	 1234.4	  359.3	    0.0	    0.0	 1090.0	    0.0	    0.0	    0.0	  100.0	    0.0	    0.0	    0.0	    0.0	  100.0	  100.0	  0	  150.0	 1050.0	    0.0	    0.0	  100.0	1	  459.8	  1	    0.0	   -nan	
 1950	 195.00	  372.4	    0.0	  -44.9	 1234.4	  359.3	    0.0	    0.0	 1090.0	    0.0	    0.0	    0.0	  100.0	    0.0	    0.0	    0.0	    0.0	  100.0	  100.0	  0	  150.0	 1050.0	    0.0	    0.0	  100.0	1	  459.8	  1	    0.0	   -nan	
 1951	 195.10	  372.4	    0.0	  -44.9	 1234.4	  359.3	    0.0	    0.0	 1090.0	    0.0	    0.0	    0.0	  100.0	    0.0	    0.0	    0.0	    0.0	  100.0	  100.0	  0	  150.0	 1050.0	    0.0	    0.0	  100.0	1	  459.8	  1	    0.0	   -nan	
 1952	 195.20	  372.4	    0.0	  -44.9	 1234.4	  359.3	    0.0	    0.0	 1090.0	    0.0	    0.0	    0.0	  100.0	    0.0	    0.0	    0.0	    0.0	  100.0	  100.0	  0	  150.0	 1050.0	    0.0	    0.0	  100.0	1	  459.8	  1	    0.0	   -nan	
 1953	 195.30	  372.4	    0.0	  -44.9	 1234.4	  359.3	    0.0	    0.0	 1090.0	    0.0	    0.0	    0.0	  100.0	    0.0	    0.0	    0.0	    0.0	  100.0	  100.0	  0	  150.0	 1050.0	    0.0	    0.0	  100.0	1	  459.8	  1	    0.0	   -nan	
 1954	 195.40	  372.4	    0.0	  -44.9	 1234.4	  359.3	    0.0	    0.0	 1090.0	    0.0	    0.0	    0.0	  100.0	    0.0	    0.0	    0.0	    0.0	  100.0	  100.0	  0	  150.0	 1050.0	    0.0	    0.0	  100.0	1	  459.8	  1	    0.0	   -nan	
 1955	 195.50	  372.4	    0.0	  -44.9	 1234.4	  359.3	    0.0	    0.0	 1090.0	    0.0	    0.0	    0.0	  100.0	    0.0	    0.0	    0.0	    0.0	  100.0	  100.0	  0	  150.0	 1050.0	    0.0	    0.0	  100.0	1	  459.8	  1	    0.0	   -nan	
 1956	 195.60	  372.4	    0.0	  -44.9	 1234.4	  359.3	    0.0	    0.0	 1090.0	    0.0	    0.0	    0.0	  100.0	    0.0	    0.0	    0.0	    0.0	  100.0	  100.0	  0	  150.0	 1050.0	    0.0	    0.0	  100.0	1	  459.8	  1	    0.0	   -nan	
 1957	 195.70	  372.4	    0.0	  -44.9	 1234.4	  359.3	    0.0	    0.0	 1090.0	    0.0	    0.0	    0.0	  100.0	    0.0	    0.0	    0.0	    0.0	  100.0	  100.0	  0	  150.0	 1050.0	    0.0	    0.0	  100.0	1	  459.8	  1	    0.0	   -nan	
 1958	 195.80	  372.4	    0.0	  -44.9	 1234.4	  359.3	    0.0	    0.0	 1090.0	    0.0	    0.0	    0.0	  100.0	    0.0	    0.0	    0.0	    0.0	  100.0	  100.0	  0	  150.0	 1050.0	    0.0	    0.0	  100.0	1	  459.8	  1	    0.0	   -nan	
 1959	 195.90	  372.4	    0.0	  -44.9	 1234.4	  359.3	    0.0	    0.0	 1090.0	    0.0	    0.0	    0.0	  100.0	    0.0	    0.0	    0.0	    0.0	  100.0	  100.0	  0	  150.0	 1050.0	    0.0	    0.0	  100.0	1	  459.8	  1	    0.0	   -nan	
 1960	 196.00	  372.4	    0.0	  -44.9	 1234.4	  359.3	    0.0	    0.0	 1090.0	    0.0	    0.0	    0.0	  100.0	    0.0	    0.0	    0.0	    0.0	  100.0	  100.0	  0	  150.0	 1050.0	    0.0	    0.0	  100.0	1	  459.8	  1	    0.0	   -nan	
 1961	 196.10	  372.4	    0.0	  -44.9	 1234.4	  359.3	    0.0	    0.0	 1090.0	    0.0	    0.0	    0.0	  100.0	    0.0	    0.0	    0.0	    0.0	  100.0	  100.0	  0	  150.0	 1050.0	    0.0	    0.0	  100.0	1	  459.8	  1	    0.0	   -nan	
 1962	 196.20	  372.4	    0.0	  -44.9	 1234.4	  359.3	    0.0	    0.0	 1090.0	    0.0	    0.0	    0.0	  100.0	    0.0	    0.0	    0.0	    0.0	  100.0	  100.0	  0	  150.0	 1050.0	    0.0	    0.0	  100.0	1	  459.8	  1	    0.0	   -nan	
 1963	 196.30	  372.4	    0.0	  -44.9	 1234.4	  359.3	    0.0	    0.0	 1090.0	    0.0	    0.0	    0.0	  100.0	    0.0	    0.0	    0.0	    0.0	  100.0	  100.0	  0	  150.0	 1050.0	    0.0	    0.0	  100.0	1	  459.8	  1	    0.0	   -nan	
 1964	 196.40	  372.4	    0.0	  -44.9	 1234.4	  359.3	    0.0	    0.0	 1090.0	    0.0	    0.0	    0.0	  100.0	    0.0	    0.0	    0.0	    0.0	  100.0	  100.0	  0	  150.0	 1050.0	    0.0	    0.0	  100.0	1	  459.8	  1	    0.0	   -nan	
 1965	 196.50	  372.4	    0.0	  -44.9	 1234.4	  359.3	    0.0	    0.0	 1090.0	    0.0	    0.0	    0.0	  100.0	    0.0	    0.0	    0.0	    0.0	  100.0	  100.0	  0	  150.0	 1050.0	    0.0	    0.0	  100.0	1	  459.8	  1	    0.0	   -nan	
 1966	 196.60	  372.4	    0.0	  -44.9	 1234.4	  359.3	    0.0	    0.0	 1090.0	    0.0	    0.0	    0.0	  100.0	    0.0	    0.0	    0.0	    0.0	  100.0	  100.0	  0	  150.0	 1050.0	    0.0	    0.0	  100.0	1	  459.8	  1	    0.0	   -nan	
 1967	 196.70	  372.4	    0.0	  -44.9	 1234.4	  359.3	    0.0	    0.0	 1090.0	    0.0	    0.0	    0.0	  100.0	    0.0	    0.0	    0.0	    0.0	  100.0	  100.0	  0	  150.0	 1050.0	    0.0	    0.0	  100.0	1	  459.8	  1	    0.0	   -nan	
 1968	 196.80	  372.4	    0.0	  -44.9	 1234.4	  359.3	    0.0	    0.0	 1090.0	    0.0	    0.0	    0.0	  100.0	    0.0	    0.0	    0.0	    0.0	  100.0	  100.0	  0	  150.0	 1050.0	    0.0	    0.0	  100.0	1	  459.8	  1	    0.0	   -nan	
 1969	 196.90	  372.4	    0.0	  -44.9	 1234.4	  359.3	    0.0	    0.0	 1090.0	    0.0	    0.0	    0.0	  100.0	    0.0	    0.0	    0.0	    0.0	  100.0	  100.0	  0	  150.0	 1050.0	    0.0	    0.0	  100.0	1	  459.8	  1	    0.0	   -nan	
 1970	 197.00	  372.4	    0.0	  -44.9	 1234.4	  359.3	    0.0	    0.0	 1090.0	    0.0	    0.0	    0.0	  100.0	    0.0	    0.0	    0.0	    0.0	  100.0	  100.0	  0	  150.0	 1050.0	    0.0	    0.0	  100.0	1	  459.8	  1	    0.0	   -nan	
 1971	 197.10	  372.4	    0.0	  -44.9	 1234.4	  359.3	    0.0	    0.0	 1090.0	    0.0	    0.0	    0.0	  100.0	    0.0	    0.0	    0.0	    0.0	  100.0	  100.0	  0	  150.0	 1050.0	    0.0	    0.0	  100.0	1	  459.8	  1	    0.0	   -nan	
 1972	 197.20	  372.4	    0.0	  -44.9	 1234.4	  359.3	    0.0	    0.0	 1090.0	    0.0	    0.0	    0.0	  100.0	    0.0	    0.0	    0.0	    0.0	  100.0	  100.0	  0	  150.0	 1050.0	    0.0	    0.0	  100.0	1	  459.8	  1	    0.0	   -nan	
 1973	 197.30	  372.4	    0.0	  -44.9	 1234.4	  359.3	    0.0	    0.0	 1090.0	    0.0	    0.0	    0.0	  100.0	    0.0	    0.0	    0.0	    0.0	  100.0	  100.0	  0	  150.0	 1050.0	    0.0	    0.0	  100.0	1	  459.8	  1	    0.0	   -nan	
 1974	 197.40	  372.4	    0.0	  -44.9	 1234.4	  359.3	    0.0	    0.0	 1090.0	    0.0	    0.0	    0.0	  100.0	    0.0	    0.0	    0.0	    0.0	  100.0	  100.0	  0	  150.0	 1050.0	    0.0	    0.0	  100.0	1	  459.8	  1	    0.0	   -nan	
 1975	 197.50	  372.4	    0.0	  -44.9	 1234.4	  359.3	    0.0	    0.0	 1090.0	    0.0	    0.0	    0.0	  100.0	    0.0	    0.0	    0.0	    0.0	  100.0	  100.0	  0	  150.0	 1050.0	    0.0	    0.0	  100.0	1	  459.8	  1	    0.0	   -nan	
 1976	 197.60	  372.4	    0.0	  -44.9	 1234.4	  359.3	    0.0	    0.0	 1065.6	    0.0	    0.0	    0.0	  100.0	    0.0	    0.0	    0.0	    0.0	  100.0	  100.0	  0	  150.0	 1050.0	    0.0	    0.0	  100.0	1	  459.9	  1	    0.0	   -nan	
 1977	 197.70	  372.4	    0.0	 -138.2	 1234.4	  359.3	    0.0	    0.0	 1065.6	    0.0	    0.0	    0.0	  100.0	    0.0	    0.0	    0.0	    0.0	  100.0	  100.0	  0	  150.0	 1050.0	    0.0	    0.0	  100.0	1	  459.9	  1	    0.0	   -nan	
 1978	 197.80	  372.4	    0.0	  131.8	 1234.4	  359.3	    0.0	    0.0	 1070.9	    0.0	    0.0	    0.0	  100.0	    0.0	    0.0	    0.0	    0.0	  100.0	  100.0	  0	  150.0	 1050.0	    0.0	    0.0	  100.0	1	  459.9	  1	    0.0	   -nan	
 1979	 197.90	  372.4	    0.0	  131.8	 1234.4	  359.3	    0.0	    0.0	 1071.9	    0.0	    0.0	    0.0	  100.0	    0.0	    0.0	    0.0	    0.0	  100.0	  100.0	  0	  150.0	 1050.0	    0.0	    0.0	  100.0	1	  459.9	  1	    0.0	   -nan	
 1980	 198.00	  372.4	    0.0	  131.8	 1234.4	  359.3	    0.0	    0.0	 1091.6	    0.0	    0.0	    0.0	  100.0	    0.0	    0.0	    0.0	    0.0	  100.0	  100.0	  0	  150.0	 1050.0	    0.0	    0.0	  100.0	1	  459.8	  1	    0.0	   -nan	
 1981	 198.10	  372.4	    0.0	  131.7	 1234.4	  359.3	    0.0	    0.0	 1114.4	    0.0	    0.0	    0.0	  100.0	    0.0	    0.0	    0.0	    0.0	  100.0	  100.0	  0	  150.0	 1050.0	    0.0	    0.0	  100.0	1	  459.9	  1	    0.0	   -nan	
 1982	 198.20	  372.4	    0.0	  131.4	 1234.4	  359.3	    0.0	    0.0	 1125.7	    0.0	    0.0	    0.0	  100.0	    0.0	    0.0	    0.0	    0.0	  100.0	  100.0	  0	  150.0	 1050.0	    0.0	    0.0	  100.0	1	  460.0	  1	    0.0	   -nan	
 1983	 198.30	  372.4	    0.0	  131.2	 1234.4	  359.3	    0.0	    0.0	 1132.3	    0.0	    0.0	    0.0	  100.0	    0.0	    0.0	    0.0	    0.0	  100.0	  100.0	  0	  150.0	 1050.0	    0.0	    0.0	  100.0	1	  460.1	  1	    0.0	   -nan	
 1984	 198.40	  372.4	    0.0	  130.9	 1234.4	  359.3	    0.0	    0.0	 1139.0	    0.0	    0.0	    0.0	  100.0	    0.0	    0.0	    0.0	    0.0	  100.0	  100.0	  0	  150.0	 1050.0	    0.0	    0.0	  100.0	1	  460.2	  1	    0.0	   -nan	
 1985	 198.50	  372.4	    0.0	  130.5	 1234.4	  359.3	    0.0	    0.0	 1151.3	    0.0	    0.0	    0.0	  100.0	    0.0	    0.0	    0.0	    0.0	  100.0	  100.0	  0	  150.0	 1050.0	    0.0	    0.0	  100.0	1	  460.4	  1	    0.0	   -nan	
 1986	 198.60	  372.4	    0.0	  129.5	 1234.4	  359.3	    0.0	    0.0	 1151.3	    0.0	    0.0	    0.0	  100.0	    0.0	    0.0	    0.0	    0.0	  100.0	  100.0	  0	  150.0	 1050.0	    0.0	    0.0	  100.0	1	  460.4	  1	    0.0	   -nan	
 1987	 198.70	  372.4	    0.0	  129.3	 1234.4	  359.3	    0.0	    0.0	 1148.8	    0.0	    0.0	    0.0	  100.0	    0.0	    0.0	    0.0	    0.0	  100.0	  100.0	  0	  150.0	 1050.0	    0.0	    0.0	  100.0	1	  460.4	  1	    0.0	   -nan	
 1988	 198.80	  372.4	    0.0	  129.7	 1234.4	  359.3	    0.0	    0.0	 1155.1	    0.0	    0.0	    0.0	  100.0	    0.0	    0.0	    0.0	    0.0	  100.0	  100.0	  0	  150.0	 1050.0	    0.0	    0.0	  100.0	1	  460.5	  1	    0.0	   -nan	
 1989	 198.90	  372.4	    0.0	  128.5	 1234.4	  359.3	    0.0	    0.0	 1159.1	    0.0	    0.0	    0.0	  100.0	    0.0	    0.0	    0.0	    0.0	  100.0	  100.0	  0	  150.0	 1050.0	    0.0	    0.0	  100.0	1	  460.6	  1	    0.0	   -nan	
 1990	 199.00	  372.4	    0.0	  126.4	 1234.4	  359.3	    0.0	    0.0	 1149.4	    0.0	    0.0	    0.0	  100.0	    0.0	    0.0	    0.0	    0.0	  100.0	  100.0	  0	  150.0	 1050.0	    0.0	    0.0	  100.0	1	  460.4	  1	    0.0	   -nan	
 1991	 199.10	  372.4	    0.0	  129.2	 1234.4	  359.3	    0.0	    0.0	 1146.6	    0.0	    0.0	    0.0	  100.0	    0.0	    0.0	    0.0	    0.0	  100.0	  100.0	  0	  150.0	 1050.0	    0.0	    0.0	  100.0	1	  460.3	  1	    0.0	   -nan	
 1992	 199.20	  372.4	    0.0	  132.0	 1234.4	  359.3	    0.0	    0.0	 1145.6	    0.0	    0.0	    0.0	  100.0	    0.0	    0.0	    0.0	    0.0	  100.0	  100.0	  0	  150.0	 1050.0	    0.0	    0.0	  100.0	1	  460.3	  1	    0.0	   -nan	
 1993	 199.30	  372.4	    0.0	  132.1	 1234.4	  359.3	    0.0	    0.0	 1147.5	    0.0	    0.0	    0.0	  100.0	    0.0	    0.0	    0.0	    0.0	  100.0	  100.0	  0	  150.0	 1050.0	    0.0	    0.0	  100.0	1	  460.3	  1	    0.0	   -nan	
 1994	 199.40	  372.4	    0.0	  131.3	 1234.4	  359.3	    0.0	    0.0	 1146.7	    0.0	    0.0	    0.0	  100.0	    0.0	    0.0	    0.0	    0.0	  100.0	  100.0	  0	  150.0	 1050.0	    0.0	    0.0	  100.0	1	  460.3	  1	    0.0	   -nan	
 1995	 199.50	  372.4	    0.0	  131.7	 1234.4	  359.3	    0.0	    0.0	 1136.0	    0.0	    0.0	    0.0	  100.0	    0.0	    0.0	    0.0	    0.0	  100.0	  100.0	  0	  150.0	 1050.0	    0.0	    0.0	  100.0	1	  460.1	  1	    0.0	   -nan	
 1996	 199.60	  372.4	    0.0	  137.5	 1234.4	  359.3	    0.0	    0.0	 1150.0	    0.0	    0.0	    0.0	  100.0	    0.0	    0.0	    0.0	    0.0	  100.0	  100.0	  0	  150.0	 1050.0	    0.0	    0.0	  100.0	1	  460.4	  1	    0.0	   -nan	
 1997	 199.70	  372.4	    0.0	  -47.0	 1234.4	  359.3	    0.0	    0.0	 1136.5	    0.0	    0.0	    0.0	  100.0	    0.0	    0.0	    0.0	    0.0	  100.0	  100.0	  0	  150.0	 1050.0	    0.0	    0.0	  100.0	1	  460.1	  1	    0.0	   -nan	
 1998	 199.80	  372.4	    0.0	  -48.6	 1234.4	  359.3	    0.0	    0.0	 1145.8	    0.0	    0.0	    0.0	  100.0	    0.0	    0.0	    0.0	    0.0	  100.0	  100.0	  0	  150.0	 1050.0	    0.0	    0.0	  100.0	1	  460.3	  1	    0.0	   -nan	
 1999	 199.90	  372.4	    0.0	  -48.6	 1234.4	  359.3	    0.0	    0.0	 1132.6	    0.0	    0.0	    0.0	  100.0	    0.0	    0.0	    0.0	    0.0	  100.0	  100.0	  0	  150.0	 1050.0	    0.0	    0.0	  100.0	1	  460.1	  1	    0.0	   -nan	
 2000	 200.00	  372.4	    0.0	  -48.7	 1234.4	  359.3	    0.0	    0.0	 1120.4	    0.0	    0.0	    0.0	  100.0	    0.0	    0.0	    0.0	    0.0	  100.0	  100.0	  0	  150.0	 1050.0	    0.0	    0.0	  100.0	1	  460.0	  1	    0.0	   -nan	
 2001	 200.10	  372.4	    0.0	  -48.7	 1234.4	  359.3	    0.0	    0.0	 1089.9	    0.0	    0.0	    0.0	  100.0	    0.0	    0.0	    0.0	    0.0	  100.0	  100.0	  0	  150.0	 1050.0	    0.0	    0.0	  100.0	1	  459.8	  1	    0.0	   -nan	
 2002	 200.20	  372.4	    0.0	  -48.8	 1234.4	  359.3	    0.0	    0.0	 1082.4	    0.0	    0.0	    0.0	  100.0	    0.0	    0.0	    0.0	    0.0	  100.0	  100.0	  0	  150.0	 1050.0	    0.0	    0.0	  100.0	1	  459.8	  1	    0.0	   -nan	
 2003	 200.30	  372.4	    0.0	  -48.8	 1234.4	  359.3	    0.0	    0.0	 1091.3	    0.0	    0.0	    0.0	  100.0	    0.0	    0.0	    0.0	    0.0	  100.0	  100.0	  0	  150.0	 1050.0	    0.0	    0.0	  100.0	1	  459.8	  1	    0.0	   -nan	
 2004	 200.40	  372.4	    0.0	  -48.8	 1234.4	  359.3	    0.0	    0.0	 1099.7	    0.0	    0.0	    0.0	  100.0	    0.0	    0.0	    0.0	    0.0	  100.0	  100.0	  0	  150.0	 1050.0	    0.0	    0.0	  100.0	1	  459.8	  1	    0.0	   -nan	
 2005	 200.50	  372.4	    0.0	  -48.8	 1234.4	  359.3	    0.0	    0.0	 1118.5	    0.0	    0.0	    0.0	  100.0	    0.0	    0.0	    0.0	    0.0	  100.0	  100.0	  0	  150.0	 1050.0	    0.0	    0.0	  100.0	1	  459.9	  1	    0.0	   -nan	
 2006	 200.60	  372.4	    0.0	  -48.6	 1234.4	  359.3	    0.0	    0.0	 1125.1	    0.0	    0.0	    0.0	  100.0	    0.0	    0.0	    0.0	    0.0	  100.0	  100.0	  0	  150.0	 1050.0	    0.0	    0.0	  100.0	1	  460.0	  1	    0.0	   -nan	
 2007	 200.70	  372.4	    0.0	  -48.5	 1234.4	  359.3	    0.0	    0.0	 1127.0	    0.0	    0.0	    0.0	  100.0	    0.0	    0.0	    0.0	    0.0	  100.0	  100.0	  0	  150.0	 1050.0	    0.0	    0.0	  100.0	1	  460.0	  1	    0.0	   -nan	
 2008	 200.80	  372.4	    0.0	  -48.4	 1234.4	  359.3	    0.0	    0.0	 1129.8	    0.0	    0.0	    0.0	  100.0	    0.0	    0.0	    0.0	    0.0	  100.0	  100.0	  0	  150.0	 1050.0	    0.0	    0.0	  100.0	1	  460.1	  1	    0.0	   -nan	
 2009	 200.90	  372.4	    0.0	  -48.3	 1234.4	  359.3	    0.0	    0.0	 1134.5	    0.0	    0.0	    0.0	  100.0	    0.0	    0.0	    0.0	    0.0	  100.0	  100.0	  0	  150.0	 1050.0	    0.0	    0.0	  100.0	1	  460.1	  1	    0.0	   -nan	
 2010	 201.00	  372.4	    0.0	  -48.1	 1234.4	  359.3	    0.0	    0.0	 1137.3	    0.0	    0.0	    0.0	  100.0	    0.0	    0.0	    0.0	    0.0	  100.0	  100.0	  0	  150.0	 1050.0	    0.0	    0.0	  100.0	1	  460.2	  1	    0.0	   -nan	
 2011	 201.10	  372.4	    0.0	  -47.9	 1234.4	  359.3	    0.0	    0.0	 1133.6	    0.0	    0.0	    0.0	  100.0	    0.0	    0.0	    0.0	    0.0	  100.0	  100.0	  0	  150.0	 1050.0	    0.0	    0.0	  100.0	1	  460.1	  1	    0.0	   -nan	
 2012	 201.20	  372.4	    0.0	  -48.2	 1234.4	  359.3	    0.0	    0.0	 1132.6	    0.0	    0.0	    0.0	  100.0	    0.0	    0.0	    0.0	    0.0	  100.0	  100.0	  0	  150.0	 1050.0	    0.0	    0.0	  100.0	1	  460.1	  1	    0.0	   -nan	
 2013	 201.30	  372.4	    0.0	  -48.3	 1234.4	  359.3	    0.0	    0.0	 1128.9	    0.0	    0.0	    0.0	  100.0	    0.0	    0.0	    0.0	    0.0	  100.0	  100.0	  0	  150.0	 1050.0	    0.0	    0.0	  100.0	1	  460.0	  1	    0.0	   -nan	
 2014	 201.40	  372.4	    0.0	  -48.8	 1234.4	  359.3	    0.0	    0.0	 1127.0	    0.0	    0.0	    0.0	  100.0	    0.0	    0.0	    0.0	    0.0	  100.0	  100.0	  0	  150.0	 1050.0	    0.0	    0.0	  100.0	1	  460.0	  1	    0.0	   -nan	
 2015	 201.50	  372.4	    0.0	  -49.1	 1234.4	  359.3	    0.0	    0.0	 1123.2	    0.0	    0.0	    0.0	  100.0	    0.0	    0.0	    0.0	    0.0	  100.0	  100.0	  0	  150.0	 1050.0	    0.0	    0.0	  100.0	1	  460.0	  1	    0.0	   -nan	
 2016	 201.60	  372.4	    0.0	  -49.8	 1234.4	  359.3	    0.0	    0.0	 1122.3	    0.0	    0.0	    0.0	  100.0	    0.0	    0.0	    0.0	    0.0	  100.0	  100.0	  0	  150.0	 1050.0	    0.0	    0.0	  100.0	1	  460.0	  1	    0.0	   -nan	
 2017	 201.70	  372.4	    0.0	  -50.0	 1234.4	  359.3	    0.0	    0.0	 1122.2	    0.0	    0.0	    0.0	  100.0	    0.0	    0.0	    0.0	    0.0	  100.0	  100.0	  0	  150.0	 1050.0	    0.0	    0.0	  100.0	1	  460.0	  1	    0.0	   -nan	
 2018	 201.80	  372.4	    0.0	  -50.1	 1234.4	  359.3	    0.0	    0.0	 1117.6	    0.0	    0.0	    0.0	  100.0	    0.0	    0.0	    0.0	    0.0	  100.0	  100.0	  0	  150.0	 1050.0	    0.0	    0.0	  100.0	1	  459.9	  1	    0.0	   -nan	
 2019	 201.90	  372.4	    0.0	  -51.8	 1234.4	  359.3	    0.0	    0.0	 1112.9	    0.0	    0.0	    0.0	  100.0	    0.0	    0.0	    0.0	    0.0	  100.0	  100.0	  0	  150.0	 1050.0	    0.0	    0.0	  100.0	1	  459.9	  1	    0.0	   -nan	
 2020	 202.00	  372.4	    0.0	  -53.8	 1234.4	  359.3	    0.0	    0.0	 1109.1	    0.0	    0.0	    0.0	  100.0	    0.0	    0.0	    0.0	    0.0	  100.0	  100.0	  0	  150.0	 1050.0	    0.0	    0.0	  100.0	1	  459.9	  1	    0.0	   -nan	
 2021	 202.10	  372.4	    0.0	  -55.7	 1234.4	  359.3	    0.0	    0.0	 1109.1	    0.0	    0.0	    0.0	  100.0	    0.0	    0.0	    0.0	    0.0	  100.0	  100.0	  0	  150.0	 1050.0	    0.0	    0.0	  100.0	1	  459.9	  1	    0.0	   -nan	
 2022	 202.20	  372.4	    0.0	  -55.7	 1234.4	  359.3	    0.0	    0.0	 1115.7	    0.0	    0.0	    0.0	  100.0	    0.0	    0.0	    0.0	    0.0	  100.0	  100.0	  0	  150.0	 1050.0	    0.0	    0.0	  100.0	1	  459.9	  1	    0.0	   -nan	
 2023	 202.30	  372.4	    0.0	  -49.9	 1234.4	  359.3	    0.0	    0.0	 1115.7	    0.0	    0.0	    0.0	  100.0	    0.0	    0.0	    0.0	    0.0	  100.0	  100.0	  0	  150.0	 1050.0	    0.0	    0.0	  100.0	1	  459.9	  1	    0.0	   -nan	
 2024	 202.40	  372.4	    0.0	  -49.9	 1234.4	  359.3	    0.0	    0.0	 1119.4	    0.0	    0.0	    0.0	  100.0	    0.0	    0.0	    0.0	    0.0	  100.0	  100.0	  0	  150.0	 1050.0	    0.0	    0.0	  100.0	1	  459.9	  1	    0.0	   -nan	
 2025	 202.50	  372.4	    0.0	  -43.8	 1234.4	  359.3	    0.0	    0.0	 1122.2	    0.0	    0.0	    0.0	  100.0	    0.0	    0.0	    0.0	    0.0	  100.0	  100.0	  0	  150.0	 1050.0	    0.0	    0.0	  100.0	1	  460.0	  1	    0.0	   -nan	
 2026	 202.60	  372.4	    0.0	  -37.5	 1234.4	  359.3	    0.0	    0.0	 1118.1	    0.0	    0.0	    0.0	  100.0	    0.0	    0.0	    0.0	    0.0	  100.0	  100.0	  0	  150.0	 1050.0	    0.0	    0.0	  100.0	1	  459.9	  1	    0.0	   -nan	
 2027	 202.70	  372.4	    0.0	  -49.4	 1234.4	  359.3	    0.0	    0.0	 1118.4	    0.0	    0.0	    0.0	  100.0	    0.0	    0.0	    0.0	    0.0	  100.0	  100.0	  0	  150.0	 1050.0	    0.0	    0.0	  100.0	1	  459.9	  1	    0.0	   -nan	
 2028	 202.80	  372.4	    0.0	  -48.3	 1234.4	  359.3	    0.0	    0.0	 1118.4	    0.0	    0.0	    0.0	  100.0	    0.0	    0.0	    0.0	    0.0	  100.0	  100.0	  0	  150.0	 1050.0	    0.0	    0.0	  100.0	1	  459.9	  1	    0.0	   -nan	
 2029	 202.90	  372.4	    0.0	  -48.3	 1234.4	  359.3	    0.0	    0.0	 1139.1	    0.0	    0.0	    0.0	  100.0	    0.0	    0.0	    0.0	    0.0	  100.0	  100.0	  0	  150.0	 1050.0	    0.0	    0.0	  100.0	1	  460.2	  1	    0.0	   -nan	
 2030	 203.00	  372.4	    0.0	   21.6	 1234.4	  359.3	    0.0	    0.0	 1138.9	    0.0	    0.0	    0.0	  100.0	    0.0	    0.0	    0.0	    0.0	  100.0	  100.0	  0	  150.0	 1050.0	    0.0	    0.0	  100.0	1	  460.2	  1	    0.0	   -nan	
 2031	 203.10	  372.4	    0.0	   21.3	 1234.4	  359.3	    0.0	    0.0	 1138.9	    0.0	    0.0	    0.0	  100.0	    0.0	    0.0	    0.0	    0.0	  100.0	  100.0	  0	  150.0	 1050.0	    0.0	    0.0	  100.0	1	  460.2	  1	    0.0	   -nan	
 2032	 203.20	  372.4	    0.0	   21.3	 1234.4	  359.3	    0.0	    0.0	 1179.4	    0.0	    0.0	    0.0	  100.0	    0.0	    0.0	    0.0	    0.0	  100.0	  100.0	  0	  150.0	 1050.0	    0.0	    0.0	  100.0	1	  461.1	  1	    0.0	   -nan	
 2033	 203.30	  372.4	    0.0	   38.6	 1234.4	  359.3	    0.0	    0.0	 1160.3	    0.0	    0.0	    0.0	  100.0	    0.0	    0.0	    0.0	    0.0	  100.0	  100.0	  0	  150.0	 1050.0	    0.0	    0.0	  100.0	1	  460.6	  1	    0.0	   -nan	
 2034	 203.40	  372.4	    0.0	  130.6	 1234.4	  359.3	    0.0	    0.0	 1142.4	    0.0	    0.0	    0.0	  100.0	    0.0	    0.0	    0.0	    0.0	  100.0	  100.0	  0	  150.0	 1050.0	    0.0	    0.0	  100.0	1	  460.2	  1	    0.0	   -nan	
 2035	 203.50	  372.4	    0.0	  131.4	 1234.4	  359.3	    0.0	    0.0	 1152.9	    0.0	    0.0	    0.0	  100.0	    0.0	    0.0	    0.0	    0.0	  100.0	  100.0	  0	  150.0	 1050.0	    0.0	    0.0	  100.0	1	  460.4	  1	    0.0	   -nan	
 2036	 203.60	  372.4	    0.0	  131.2	 1234.4	  359.3	    0.0	    0.0	 1152.3	    0.0	    0.0	    0.0	  100.0	    0.0	    0.0	    0.0	    0.0	  100.0	  100.0	  0	  150.0	 1050.0	    0.0	    0.0	  100.0	1	  460.4	  1	    0.0	   -nan	
 2037	 203.70	  372.4	    0.0	  131.3	 1234.4	  359.3	    0.0	    0.0	 1152.3	    0.0	    0.0	    0.0	  100.0	    0.0	    0.0	    0.0	    0.0	  100.0	  100.0	  0	  150.0	 1050.0	    0.0	    0.0	  100.0	1	  460.4	  1	    0.0	   -nan	
 2038	 203.80	  372.4	    0.0	  131.3	 1234.4	  359.3	    0.0	    0.0	 1143.3	    0.0	    0.0	    0.0	  100.0	    0.0	    0.0	    0.0	    0.0	  100.0	  100.0	  0	  150.0	 1050.0	    0.0	    0.0	  100.0	1	  460.3	  1	    0.0	   -nan	
 2039	 203.90	  372.4	    0.0	  131.6	 1234.4	  359.3	    0.0	    0.0	 1134.9	    0.0	    0.0	    0.0	  100.0	    0.0	    0.0	    0.0	    0.0	  100.0	  100.0	  0	  150.0	 1050.0	    0.0	    0.0	  100.0	1	  460.1	  1	    0.0	   -nan	
 2040	 204.00	  372.4	    0.0	  132.0	 1234.4	  359.3	    0.0	    0.0	 1129.3	    0.0	    0.0	    0.0	  100.0	    0.0	    0.0	    0.0	    0.0	  100.0	  100.0	  0	  150.0	 1050.0	    0.0	    0.0	  100.0	1	  460.1	  1	    0.0	   -nan	
 2041	 204.10	  372.4	    0.0	  132.3	 1234.4	  359.3	    0.0	    0.0	 1129.3	    0.0	    0.0	    0.0	  100.0	    0.0	    0.0	    0.0	    0.0	  100.0	  100.0	  0	  150.0	 1050.0	    0.0	    0.0	  100.0	1	  460.1	  1	    0.0	   -nan	
 2042	 204.20	  372.4	    0.0	  132.3	 1234.4	  359.3	    0.0	    0.0	 1129.3	    0.0	    0.0	    0.0	  100.0	    0.0	    0.0	    0.0	    0.0	  100.0	  100.0	  0	  150.0	 1050.0	    0.0	    0.0	  100.0	1	  460.1	  1	    0.0	   -nan	
 2043	 204.30	  372.4	    0.0	  132.3	 1234.4	  359.3	    0.0	    0.0	 1132.3	    0.0	    0.0	    0.0	  100.0	    0.0	    0.0	    0.0	    0.0	  100.0	  100.0	  0	  150.0	 1050.0	    0.0	    0.0	  100.0	1	  460.1	  1	    0.0	   -nan	
 2044	 204.40	  372.4	    0.0	  132.0	 1234.4	  359.3	    0.0	    0.0	 1144.6	    0.0	    0.0	    0.0	  100.0	    0.0	    0.0	    0.0	    0.0	  100.0	  100.0	  0	  150.0	 1050.0	    0.0	    0.0	  100.0	1	  460.3	  1	    0.0	   -nan	
 2045	 204.50	  372.4	    0.0	  130.0	 1234.4	  359.3	    0.0	    0.0	 1143.7	    0.0	    0.0	    0.0	  100.0	    0.0	    0.0	    0.0	    0.0	  100.0	  100.0	  0	  150.0	 1050.0	    0.0	    0.0	  100.0	1	  460.3	  1	    0.0	   -nan	
 2046	 204.60	  372.4	    0.0	  130.0	 1234.4	  359.3	    0.0	    0.0	 1142.9	    0.0	    0.0	    0.0	  100.0	    0.0	    0.0	    0.0	    0.0	  100.0	  100.0	  0	  150.0	 1050.0	    0.0	    0.0	  100.0	1	  460.3	  1	    0.0	   -nan	
 2047	 204.70	  372.4	    0.0	  130.3	 1234.4	  359.3	    0.0	    0.0	 1143.9	    0.0	    0.0	    0.0	  100.0	    0.0	    0.0	    0.0	    0.0	  100.0	  100.0	  0	  150.0	 1050.0	    0.0	    0.0	  100.0	1	  460.3	  1	    0.0	   -nan	
 2048	 204.80	  372.4	    0.0	  130.0	 1234.4	  359.3	    0.0	    0.0	 1144.8	    0.0	    0.0	    0.0	  100.0	    0.0	    0.0	    0.0	    0.0	  100.0	  100.0	  0	  150.0	 1050.0	    0.0	    0.0	  100.0	1	  460.3	  1	    0.0	   -nan	
 2049	 204.90	  372.4	    0.0	  129.3	 1234.4	  359.3	    0.0	    0.0	 1142.9	    0.0	    0.0	    0.0	  100.0	    0.0	    0.0	    0.0	    0.0	  100.0	  100.0	  0	  150.0	 1050.0	    0.0	    0.0	  100.0	1	  460.3	  1	    0.0	   -nan	
 2050	 205.00	  372.4	    0.0	  130.2	 1234.4	  359.3	    0.0	    0.0	 1134.3	    0.0	    0.0	    0.0	  100.0	    0.0	    0.0	    0.0	    0.0	  100.0	  100.0	  0	  150.0	 1050.0	    0.0	    0.0	  100.0	1	  460.1	  1	    0.0	   -nan	
 2051	 205.10	  372.4	    0.0	  137.3	 1234.4	  359.3	    0.0	    0.0	 1135.3	    0.0	    0.0	    0.0	  100.0	    0.0	    0.0	    0.0	    0.0	  100.0	  100.0	  0	  150.0	 1050.0	    0.0	    0.0	  100.0	1	  460.1	  1	    0.0	   -nan	
 2052	 205.20	  372.4	    0.0	  -50.3	 1234.4	  359.3	    0.0	    0.0	 1134.4	    0.0	    0.0	    0.0	  100.0	    0.0	    0.0	    0.0	    0.0	  100.0	  100.0	  0	  150.0	 1050.0	    0.0	    0.0	  100.0	1	  460.1	  1	    0.0	   -nan	
 2053	 205.30	  372.4	    0.0	  -48.6	 1234.4	  359.3	    0.0	    0.0	 1129.8	    0.0	    0.0	    0.0	  100.0	    0.0	    0.0	    0.0	    0.0	  100.0	  100.0	  0	  150.0	 1050.0	    0.0	    0.0	  100.0	1	  460.1	  1	    0.0	   -nan	
 2054	 205.40	  372.4	    0.0	  -48.6	 1234.4	  359.3	    0.0	    0.0	 1129.8	    0.0	    0.0	    0.0	  100.0	    0.0	    0.0	    0.0	    0.0	  100.0	  100.0	  0	  150.0	 1050.0	    0.0	    0.0	  100.0	1	  460.1	  1	    0.0	   -nan	
 2055	 205.50	  372.4	    0.0	  -48.6	 1234.4	  359.3	    0.0	    0.0	 1132.6	    0.0	    0.0	    0.0	  100.0	    0.0	    0.0	    0.0	    0.0	  100.0	  100.0	  0	  150.0	 1050.0	    0.0	    0.0	  100.0	1	  460.1	  1	    0.0	   -nan	
 2056	 205.60	  372.4	    0.0	  -48.6	 1234.4	  359.3	    0.0	    0.0	 1141.1	    0.0	    0.0	    0.0	  100.0	    0.0	    0.0	    0.0	    0.0	  100.0	  100.0	  0	  150.0	 1050.0	    0.0	    0.0	  100.0	1	  460.2	  1	    0.0	   -nan	
 2057	 205.70	  372.4	    0.0	  -48.5	 1234.4	  359.3	    0.0	    0.0	 1137.3	    0.0	    0.0	    0.0	  100.0	    0.0	    0.0	    0.0	    0.0	  100.0	  100.0	  0	  150.0	 1050.0	    0.0	    0.0	  100.0	1	  460.2	  1	    0.0	   -nan	
 2058	 205.80	  372.4	    0.0	  -48.5	 1234.4	  359.3	    0.0	    0.0	 1137.3	    0.0	    0.0	    0.0	  100.0	    0.0	    0.0	    0.0	    0.0	  100.0	  100.0	  0	  150.0	 1050.0	    0.0	    0.0	  100.0	1	  460.2	  1	    0.0	   -nan	
 2059	 205.90	  372.4	    0.0	  -48.5	 1234.4	  359.3	    0.0	    0.0	 1137.3	    0.0	    0.0	    0.0	  100.0	    0.0	    0.0	    0.0	    0.0	  100.0	  100.0	  0	  150.0	 1050.0	    0.0	    0.0	  100.0	1	  460.2	  1	    0.0	   -nan	
 2060	 206.00	  372.4	    0.0	  -48.5	 1234.4	  359.3	    0.0	    0.0	 1134.5	    0.0	    0.0	    0.0	  100.0	    0.0	    0.0	    0.0	    0.0	  100.0	  100.0	  0	  150.0	 1050.0	    0.0	    0.0	  100.0	1	  460.1	  1	    0.0	   -nan	
 2061	 206.10	  372.4	    0.0	  -48.6	 1234.4	  359.3	    0.0	    0.0	 1131.6	    0.0	    0.0	    0.0	  100.0	    0.0	    0.0	    0.0	    0.0	  100.0	  100.0	  0	  150.0	 1050.0	    0.0	    0.0	  100.0	1	  460.1	  1	    0.0	   -nan	
 2062	 206.20	  372.4	    0.0	  -48.7	 1234.4	  359.3	    0.0	    0.0	 1134.4	    0.0	    0.0	    0.0	  100.0	    0.0	    0.0	    0.0	    0.0	  100.0	  100.0	  0	  150.0	 1050.0	    0.0	    0.0	  100.0	1	  460.1	  1	    0.0	   -nan	
 2063	 206.30	  372.4	    0.0	  -48.6	 1234.4	  359.3	    0.0	    0.0	 1137.1	    0.0	    0.0	    0.0	  100.0	    0.0	    0.0	    0.0	    0.0	  100.0	  100.0	  0	  150.0	 1050.0	    0.0	    0.0	  100.0	1	  460.2	  1	    0.0	   -nan	
 2064	 206.40	  372.4	    0.0	  -48.5	 1234.4	  359.3	    0.0	    0.0	 1139.0	    0.0	    0.0	    0.0	  100.0	    0.0	    0.0	    0.0	    0.0	  100.0	  100.0	  0	  150.0	 1050.0	    0.0	    0.0	  100.0	1	  460.2	  1	    0.0	   -nan	
 2065	 206.50	  372.4	    0.0	  -48.4	 1234.4	  359.3	    0.0	    0.0	 1137.3	    0.0	    0.0	    0.0	  100.0	    0.0	    0.0	    0.0	    0.0	  100.0	  100.0	  0	  150.0	 1050.0	    0.0	    0.0	  100.0	1	  460.2	  1	    0.0	   -nan	
 2066	 206.60	  372.4	    0.0	  -48.5	 1234.4	  359.3	    0.0	    0.0	 1139.2	    0.0	    0.0	    0.0	  100.0	    0.0	    0.0	    0.0	    0.0	  100.0	  100.0	  0	  150.0	 1050.0	    0.0	    0.0	  100.0	1	  460.2	  1	    0.0	   -nan	
 2067	 206.70	  372.4	    0.0	  -48.3	 1234.4	  359.3	    0.0	    0.0	 1139.2	    0.0	    0.0	    0.0	  100.0	    0.0	    0.0	    0.0	    0.0	  100.0	  100.0	  0	  150.0	 1050.0	    0.0	    0.0	  100.0	1	  460.2	  1	    0.0	   -nan	
 2068	 206.80	  372.4	    0.0	  -48.3	 1234.4	  359.3	    0.0	    0.0	 1143.6	    0.0	    0.0	    0.0	  100.0	    0.0	    0.0	    0.0	    0.0	  100.0	  100.0	  0	  150.0	 1050.0	    0.0	    0.0	  100.0	1	  460.3	  1	    0.0	   -nan	
 2069	 206.90	  372.4	    0.0	  -47.6	 1234.4	  359.3	    0.0	    0.0	 1141.1	    0.0	    0.0	    0.0	  100.0	    0.0	    0.0	    0.0	    0.0	  100.0	  100.0	  0	  150.0	 1050.0	    0.0	    0.0	  100.0	1	  460.2	  1	    0.0	   -nan	
 2070	 207.00	  372.4	    0.0	  -48.1	 1234.4	  359.3	    0.0	    0.0	 1137.3	    0.0	    0.0	    0.0	  100.0	    0.0	    0.0	    0.0	    0.0	  100.0	  100.0	  0	  150.0	 1050.0	    0.0	    0.0	  100.0	1	  460.2	  1	    0.0	   -nan	
 2071	 207.10	  372.4	    0.0	  -49.1	 1234.4	  359.3	    0.0	    0.0	 1136.4	    0.0	    0.0	    0.0	  100.0	    0.0	    0.0	    0.0	    0.0	  100.0	  100.0	  0	  150.0	 1050.0	    0.0	    0.0	  100.0	1	  460.1	  1	    0.0	   -nan	
 2072	 207.20	  372.4	    0.0	  -49.4	 1234.4	  359.3	    0.0	    0.0	 1136.4	    0.0	    0.0	    0.0	  100.0	    0.0	    0.0	    0.0	    0.0	  100.0	  100.0	  0	  150.0	 1050.0	    0.0	    0.0	  100.0	1	  460.1	  1	    0.0	   -nan	
 2073	 207.30	  372.4	    0.0	  -49.4	 1234.4	  359.3	    0.0	    0.0	 1136.4	    0.0	    0.0	    0.0	  100.0	    0.0	    0.0	    0.0	    0.0	  100.0	  100.0	  0	  150.0	 1050.0	    0.0	    0.0	  100.0	1	  460.1	  1	    0.0	   -nan	
 2074	 207.40	  372.4	    0.0	  -49.4	 1234.4	  359.3	    0.0	    0.0	 1136.4	    0.0	    0.0	    0.0	  100.0	    0.0	    0.0	    0.0	    0.0	  100.0	  100.0	  0	  150.0	 1050.0	    0.0	    0.0	  100.0	1	  460.1	  1	    0.0	   -nan	
 2075	 207.50	  372.4	    0.0	  -49.4	 1234.4	  359.3	    0.0	    0.0	 1137.3	    0.0	    0.0	    0.0	  100.0	    0.0	    0.0	    0.0	    0.0	  100.0	  100.0	  0	  150.0	 1050.0	    0.0	    0.0	  100.0	1	  460.2	  1	    0.0	   -nan	
 2076	 207.60	  372.4	    0.0	  -48.6	 1234.4	  359.3	    0.0	    0.0	 1136.4	    0.0	    0.0	    0.0	  100.0	    0.0	    0.0	    0.0	    0.0	  100.0	  100.0	  0	  150.0	 1050.0	    0.0	    0.0	  100.0	1	  460.1	  1	    0.0	   -nan	
 2077	 207.70	  372.4	    0.0	  -49.6	 1234.4	  359.3	    0.0	    0.0	 1145.8	    0.0	    0.0	    0.0	  100.0	    0.0	    0.0	    0.0	    0.0	  100.0	  100.0	  0	  150.0	 1050.0	    0.0	    0.0	  100.0	1	  460.3	  1	    0.0	   -nan	
 2078	 207.80	  372.4	    0.0	  -34.8	 1234.4	  359.3	    0.0	    0.0	 1148.6	    0.0	    0.0	    0.0	  100.0	    0.0	    0.0	    0.0	    0.0	  100.0	  100.0	  0	  150.0	 1050.0	    0.0	    0.0	  100.0	1	  460.4	  1	    0.0	   -nan	
 2079	 207.90	  372.4	    0.0	  -28.9	 1234.4	  359.3	    0.0	    0.0	 1147.6	    0.0	    0.0	    0.0	  100.0	    0.0	    0.0	    0.0	    0.0	  100.0	  100.0	  0	  150.0	 1050.0	    0.0	    0.0	  100.0	1	  460.3	  1	    0.0	   -nan	
 2080	 208.00	  372.4	    0.0	  -31.7	 1234.4	  359.3	    0.0	    0.0	 1146.7	    0.0	    0.0	    0.0	  100.0	    0.0	    0.0	    0.0	    0.0	  100.0	  100.0	  0	  150.0	 1050.0	    0.0	    0.0	  100.0	1	  460.3	  1	    0.0	   -nan	
 2081	 208.10	  372.4	    0.0	  -34.9	 1234.4	  359.3	    0.0	    0.0	 1149.5	    0.0	    0.0	    0.0	  100.0	    0.0	    0.0	    0.0	    0.0	  100.0	  100.0	  0	  150.0	 1050.0	    0.0	    0.0	  100.0	1	  460.4	  1	    0.0	   -nan	
 2082	 208.20	  372.4	    0.0	  -22.5	 1234.4	  359.3	    0.0	    0.0	 1151.4	    0.0	    0.0	    0.0	  100.0	    0.0	    0.0	    0.0	    0.0	  100.0	  100.0	  0	  150.0	 1050.0	    0.0	    0.0	  100.0	1	  460.4	  1	    0.0	   -nan	
 2083	 208.30	  372.4	    0.0	  -13.0	 1234.4	  359.3	    0.0	    0.0	 1154.2	    0.0	    0.0	    0.0	  100.0	    0.0	    0.0	    0.0	    0.0	  100.0	  100.0	  0	  150.0	 1050.0	    0.0	    0.0	  100.0	1	  460.5	  1	    0.0	   -nan	
 2084	 208.40	  372.4	    0.0	    0.6	 1234.4	  359.3	    0.0	    0.0	 1154.2	    0.0	    0.0	    0.0	  100.0	    0.0	    0.0	    0.0	    0.0	  100.0	  100.0	  0	  150.0	 1050.0	    0.0	    0.0	  100.0	1	  460.5	  1	    0.0	   -nan	
 2085	 208.50	  372.4	    0.0	    0.6	 1234.4	  359.3	    0.0	    0.0	 1157.1	    0.0	    0.0	    0.0	  100.0	    0.0	    0.0	    0.0	    0.0	  100.0	  100.0	  0	  150.0	 1050.0	    0.0	    0.0	  100.0	1	  460.5	  1	    0.0	   -nan	
 2086	 208.60	  372.4	    0.0	   14.3	 1234.4	  359.3	    0.0	    0.0	 1158.5	    0.0	    0.0	    0.0	  100.0	    0.0	    0.0	    0.0	    0.0	  100.0	  100.0	  0	  150.0	 1050.0	    0.0	    0.0	  100.0	1	  460.6	  1	    0.0	   -nan	
 2087	 208.70	  372.4	    0.0	   19.3	 1234.4	  359.3	    0.0	    0.0	 1157.8	    0.0	    0.0	    0.0	  100.0	    0.0	    0.0	    0.0	    0.0	  100.0	  100.0	  0	  150.0	 1050.0	    0.0	    0.0	  100.0	1	  460.5	  1	    0.0	   -nan	
 2088	 208.80	  372.4	    0.0	   16.3	 1234.4	  359.3	    0.0	    0.0	 1151.4	    0.0	    0.0	    0.0	  100.0	    0.0	    0.0	    0.0	    0.0	  100.0	  100.0	  0	  150.0	 1050.0	    0.0	    0.0	  100.0	1	  460.4	  1	    0.0	   -nan	
 2089	 208.90	  372.4	    0.0	 -107.1	 1234.4	  359.3	    0.0	    0.0	 1149.5	    0.0	    0.0	    0.0	  100.0	    0.0	    0.0	    0.0	    0.0	  100.0	  100.0	  0	  150.0	 1050.0	    0.0	    0.0	  100.0	1	  460.4	  1	    0.0	   -nan	
 2090	 209.00	  372.4	    0.0	 -120.3	 1234.4	  359.3	    0.0	    0.0	 1143.0	    0.0	    0.0	    0.0	  100.0	    0.0	    0.0	    0.0	    0.0	  100.0	  100.0	  0	  150.0	 1050.0	    0.0	    0.0	  100.0	1	  460.3	  1	    0.0	   -nan	
 2091	 209.10	  372.4	    0.0	 -132.1	 1234.4	  359.3	    0.0	    0.0	 1142.5	    0.0	    0.0	    0.0	  100.0	    0.0	    0.0	    0.0	    0.0	  100.0	  100.0	  0	  150.0	 1050.0	    0.0	    0.0	  100.0	1	  460.2	  1	    0.0	   -nan	
 2092	 209.20	  372.4	    0.0	  132.0	 1234.4	  359.3	    0.0	    0.0	 1143.9	    0.0	    0.0	    0.0	  100.0	    0.0	    0.0	    0.0	    0.0	  100.0	  100.0	  0	  150.0	 1050.0	    0.0	    0.0	  100.0	1	  460.3	  1	    0.0	   -nan	
 2093	 209.30	  372.4	    0.0	  131.4	 1234.4	  359.3	    0.0	    0.0	 1143.4	    0.0	    0.0	    0.0	  100.0	    0.0	    0.0	    0.0	    0.0	  100.0	  100.0	  0	  150.0	 1050.0	    0.0	    0.0	  100.0	1	  460.3	  1	    0.0	   -nan	
 2094	 209.40	  372.4	    0.0	  131.4	 1234.4	  359.3	    0.0	    0.0	 1143.4	    0.0	    0.0	    0.0	  100.0	    0.0	    0.0	    0.0	    0.0	  100.0	  100.0	  0	  150.0	 1050.0	    0.0	    0.0	  100.0	1	  460.3	  1	    0.0	   -nan	
 2095	 209.50	  372.4	    0.0	  131.4	 1234.4	  359.3	    0.0	    0.0	 1143.9	    0.0	    0.0	    0.0	  100.0	    0.0	    0.0	    0.0	    0.0	  100.0	  100.0	  0	  150.0	 1050.0	    0.0	    0.0	  100.0	1	  460.3	  1	    0.0	   -nan	
 2096	 209.60	  372.4	    0.0	  131.4	 1234.4	  359.3	    0.0	    0.0	 1146.7	    0.0	    0.0	    0.0	  100.0	    0.0	    0.0	    0.0	    0.0	  100.0	  100.0	  0	  150.0	 1050.0	    0.0	    0.0	  100.0	1	  460.3	  1	    0.0	   -nan	
 2097	 209.70	  372.4	    0.0	  131.3	 1234.4	  359.3	    0.0	    0.0	 1145.8	    0.0	    0.0	    0.0	  100.0	    0.0	    0.0	    0.0	    0.0	  100.0	  100.0	  0	  150.0	 1050.0	    0.0	    0.0	  100.0	1	  460.3	  1	    0.0	   -nan	
 2098	 209.80	  372.4	    0.0	  131.3	 1234.4	  359.3	    0.0	    0.0	 1145.3	    0.0	    0.0	    0.0	  100.0	    0.0	    0.0	    0.0	    0.0	  100.0	  100.0	  0	  150.0	 1050.0	    0.0	    0.0	  100.0	1	  460.3	  1	    0.0	   -nan	
 2099	 209.90	  372.4	    0.0	  131.4	 1234.4	  359.3	    0.0	    0.0	 1142.0	    0.0	    0.0	    0.0	  100.0	    0.0	    0.0	    0.0	    0.0	  100.0	  100.0	  0	  150.0	 1050.0	    0.0	    0.0	  100.0	1	  460.2	  1	    0.0	   -nan	
 2100	 210.00	  372.4	    0.0	  131.6	 1234.4	  359.3	    0.0	    0.0	 1136.4	    0.0	    0.0	    0.0	  100.0	    0.0	    0.0	    0.0	    0.0	  100.0	  100.0	  0	  150.0	 1050.0	    0.0	    0.0	  100.0	1	  460.1	  1	    0.0	   -nan	
 2101	 210.10	  372.4	    0.0	  132.2	 1234.4	  359.3	    0.0	    0.0	 1128.9	    0.0	    0.0	    0.0	  100.0	    0.0	    0.0	    0.0	    0.0	  100.0	  100.0	  0	  150.0	 1050.0	    0.0	    0.0	  100.0	1	  460.0	  1	    0.0	   -nan	
 2102	 210.20	  372.4	    0.0	  133.1	 1234.4	  359.3	    0.0	    0.0	 1129.8	    0.0	    0.0	    0.0	  100.0	    0.0	    0.0	    0.0	    0.0	  100.0	  100.0	  0	  150.0	 1050.0	    0.0	    0.0	  100.0	1	  460.1	  1	    0.0	   -nan	
 2103	 210.30	  372.4	    0.0	  133.1	 1234.4	  359.3	    0.0	    0.0	 1130.8	    0.0	    0.0	    0.0	  100.0	    0.0	    0.0	    0.0	    0.0	  100.0	  100.0	  0	  150.0	 1050.0	    0.0	    0.0	  100.0	1	  460.1	  1	    0.0	   -nan	
 2104	 210.40	  372.4	    0.0	  133.0	 1234.4	  359.3	    0.0	    0.0	 1135.5	    0.0	    0.0	    0.0	  100.0	    0.0	    0.0	    0.0	    0.0	  100.0	  100.0	  0	  150.0	 1050.0	    0.0	    0.0	  100.0	1	  460.1	  1	    0.0	   -nan	
 2105	 210.50	  372.4	    0.0	  131.6	 1234.4	  359.3	    0.0	    0.0	 1137.3	    0.0	    0.0	    0.0	  100.0	    0.0	    0.0	    0.0	    0.0	  100.0	  100.0	  0	  150.0	 1050.0	    0.0	    0.0	  100.0	1	  460.2	  1	    0.0	   -nan	
 2106	 210.60	  372.4	    0.0	  131.1	 1234.4	  359.3	    0.0	    0.0	 1137.3	    0.0	    0.0	    0.0	  100.0	    0.0	    0.0	    0.0	    0.0	  100.0	  100.0	  0	  150.0	 1050.0	    0.0	    0.0	  100.0	1	  460.2	  1	    0.0	   -nan	
 2107	 210.70	  372.4	    0.0	  131.1	 1234.4	  359.3	    0.0	    0.0	 1137.3	    0.0	    0.0	    0.0	  100.0	    0.0	    0.0	    0.0	    0.0	  100.0	  100.0	  0	  150.0	 1050.0	    0.0	    0.0	  100.0	1	  460.2	  1	    0.0	   -nan	
 2108	 210.80	  372.4	    0.0	  131.0	 1234.4	  359.3	    0.0	    0.0	 1134.5	    0.0	    0.0	    0.0	  100.0	    0.0	    0.0	    0.0	    0.0	  100.0	  100.0	  0	  150.0	 1050.0	    0.0	    0.0	  100.0	1	  460.1	  1	    0.0	   -nan	
 2109	 210.90	  372.4	    0.0	  132.8	 1234.4	  359.3	    0.0	    0.0	 1134.5	    0.0	    0.0	    0.0	  100.0	    0.0	    0.0	    0.0	    0.0	  100.0	  100.0	  0	  150.0	 1050.0	    0.0	    0.0	  100.0	1	  460.1	  1	    0.0	   -nan	
 2110	 211.00	  372.4	    0.0	  135.0	 1234.4	  359.3	    0.0	    0.0	 1133.5	    0.0	    0.0	    0.0	  100.0	    0.0	    0.0	    0.0	    0.0	  100.0	  100.0	  0	  150.0	 1050.0	    0.0	    0.0	  100.0	1	  460.1	  1	    0.0	   -nan	
 2111	 211.10	  372.4	    0.0	  -49.9	 1234.4	  359.3	    0.0	    0.0	 1135.4	    0.0	    0.0	    0.0	  100.0	    0.0	    0.0	    0.0	    0.0	  100.0	  100.0	  0	  150.0	 1050.0	    0.0	    0.0	  100.0	1	  460.1	  1	    0.0	   -nan	
 2112	 211.20	  372.4	    0.0	  -48.5	 1234.4	  359.3	    0.0	    0.0	 1135.4	    0.0	    0.0	    0.0	  100.0	    0.0	    0.0	    0.0	    0.0	  100.0	  100.0	  0	  150.0	 1050.0	    0.0	    0.0	  100.0	1	  460.1	  1	    0.0	   -nan	
 2113	 211.30	  372.4	    0.0	  -48.5	 1234.4	  359.3	    0.0	    0.0	 1137.3	    0.0	    0.0	    0.0	  100.0	    0.0	    0.0	    0.0	    0.0	  100.0	  100.0	  0	  150.0	 1050.0	    0.0	    0.0	  100.0	1	  460.2	  1	    0.0	   -nan	
 2114	 211.40	  372.4	    0.0	  -48.5	 1234.4	  359.3	    0.0	    0.0	 1134.5	    0.0	    0.0	    0.0	  100.0	    0.0	    0.0	    0.0	    0.0	  100.0	  100.0	  0	  150.0	 1050.0	    0.0	    0.0	  100.0	1	  460.1	  1	    0.0	   -nan	
 2115	 211.50	  372.4	    0.0	  -48.5	 1234.4	  359.3	    0.0	    0.0	 1134.5	    0.0	    0.0	    0.0	  100.0	    0.0	    0.0	    0.0	    0.0	  100.0	  100.0	  0	  150.0	 1050.0	    0.0	    0.0	  100.0	1	  460.1	  1	    0.0	   -nan	
 2116	 211.60	  372.4	    0.0	  -48.5	 1234.4	  359.3	    0.0	    0.0	 1138.9	    0.0	    0.0	    0.0	  100.0	    0.0	    0.0	    0.0	    0.0	  100.0	  100.0	  0	  150.0	 1050.0	    0.0	    0.0	  100.0	1	  460.2	  1	    0.0	   -nan	
 2117	 211.70	  372.4	    0.0	  -48.5	 1234.4	  359.3	    0.0	    0.0	 1132.6	    0.0	    0.0	    0.0	  100.0	    0.0	    0.0	    0.0	    0.0	  100.0	  100.0	  0	  150.0	 1050.0	    0.0	    0.0	  100.0	1	  460.1	  1	    0.0	   -nan	
 2118	 211.80	  372.4	    0.0	  -48.6	 1234.4	  359.3	    0.0	    0.0	 1133.5	    0.0	    0.0	    0.0	  100.0	    0.0	    0.0	    0.0	    0.0	  100.0	  100.0	  0	  150.0	 1050.0	    0.0	    0.0	  100.0	1	  460.1	  1	    0.0	   -nan	
 2119	 211.90	  372.4	    0.0	  -48.5	 1234.4	  359.3	    0.0	    0.0	 1133.5	    0.0	    0.0	    0.0	  100.0	    0.0	    0.0	    0.0	    0.0	  100.0	  100.0	  0	  150.0	 1050.0	    0.0	    0.0	  100.0	1	  460.1	  1	    0.0	   -nan	
 2120	 212.00	  372.4	    0.0	  -48.5	 1234.4	  359.3	    0.0	    0.0	 1127.9	    0.0	    0.0	    0.0	  100.0	    0.0	    0.0	    0.0	    0.0	  100.0	  100.0	  0	  150.0	 1050.0	    0.0	    0.0	  100.0	1	  460.0	  1	    0.0	   -nan	
 2121	 212.10	  372.4	    0.0	  -48.7	 1234.4	  359.3	    0.0	    0.0	 1130.7	    0.0	    0.0	    0.0	  100.0	    0.0	    0.0	    0.0	    0.0	  100.0	  100.0	  0	  150.0	 1050.0	    0.0	    0.0	  100.0	1	  460.1	  1	    0.0	   -nan	
 2122	 212.20	  372.4	    0.0	  -48.6	 1234.4	  359.3	    0.0	    0.0	 1142.9	    0.0	    0.0	    0.0	  100.0	    0.0	    0.0	    0.0	    0.0	  100.0	  100.0	  0	  150.0	 1050.0	    0.0	    0.0	  100.0	1	  460.3	  1	    0.0	   -nan	
 2123	 212.30	  372.4	    0.0	  -48.1	 1234.4	  359.3	    0.0	    0.0	 1141.1	    0.0	    0.0	    0.0	  100.0	    0.0	    0.0	    0.0	    0.0	  100.0	  100.0	  0	  150.0	 1050.0	    0.0	    0.0	  100.0	1	  460.2	  1	    0.0	   -nan	
 2124	 212.40	  372.4	    0.0	  -48.2	 1234.4	  359.3	    0.0	    0.0	 1143.9	    0.0	    0.0	    0.0	  100.0	    0.0	    0.0	    0.0	    0.0	  100.0	  100.0	  0	  150.0	 1050.0	    0.0	    0.0	  100.0	1	  460.3	  1	    0.0	   -nan	
 2125	 212.50	  372.4	    0.0	  -48.0	 1234.4	  359.3	    0.0	    0.0	 1143.9	    0.0	    0.0	    0.0	  100.0	    0.0	    0.0	    0.0	    0.0	  100.0	  100.0	  0	  150.0	 1050.0	    0.0	    0.0	  100.0	1	  460.3	  1	    0.0	   -nan	
 2126	 212.60	  372.4	    0.0	  -48.0	 1234.4	  359.3	    0.0	    0.0	 1141.1	    0.0	    0.0	    0.0	  100.0	    0.0	    0.0	    0.0	    0.0	  100.0	  100.0	  0	  150.0	 1050.0	    0.0	    0.0	  100.0	1	  460.2	  1	    0.0	   -nan	
 2127	 212.70	  372.4	    0.0	  -48.3	 1234.4	  359.3	    0.0	    0.0	 1143.0	    0.0	    0.0	    0.0	  100.0	    0.0	    0.0	    0.0	    0.0	  100.0	  100.0	  0	  150.0	 1050.0	    0.0	    0.0	  100.0	1	  460.3	  1	    0.0	   -nan	
 2128	 212.80	  372.4	    0.0	  -48.0	 1234.4	  359.3	    0.0	    0.0	 1143.0	    0.0	    0.0	    0.0	  100.0	    0.0	    0.0	    0.0	    0.0	  100.0	  100.0	  0	  150.0	 1050.0	    0.0	    0.0	  100.0	1	  460.3	  1	    0.0	   -nan	
 2129	 212.90	  372.4	    0.0	  -48.0	 1234.4	  359.3	    0.0	    0.0	 1137.3	    0.0	    0.0	    0.0	  100.0	    0.0	    0.0	    0.0	    0.0	  100.0	  100.0	  0	  150.0	 1050.0	    0.0	    0.0	  100.0	1	  460.2	  1	    0.0	   -nan	
 2130	 213.00	  372.4	    0.0	  -49.5	 1234.4	  359.3	    0.0	    0.0	 1137.3	    0.0	    0.0	    0.0	  100.0	    0.0	    0.0	    0.0	    0.0	  100.0	  100.0	  0	  150.0	 1050.0	    0.0	    0.0	  100.0	1	  460.2	  1	    0.0	   -nan	
 2131	 213.10	  372.4	    0.0	  -49.5	 1234.4	  359.3	    0.0	    0.0	 1136.3	    0.0	    0.0	    0.0	  100.0	    0.0	    0.0	    0.0	    0.0	  100.0	  100.0	  0	  150.0	 1050.0	    0.0	    0.0	  100.0	1	  460.1	  1	    0.0	   -nan	
 2132	 213.20	  372.4	    0.0	  -49.9	 1234.4	  359.3	    0.0	    0.0	 1136.3	    0.0	    0.0	    0.0	  100.0	    0.0	    0.0	    0.0	    0.0	  100.0	  100.0	  0	  150.0	 1050.0	    0.0	    0.0	  100.0	1	  460.1	  1	    0.0	   -nan	
 2133	 213.30	  372.4	    0.0	  -49.9	 1234.4	  359.3	    0.0	    0.0	 1139.1	    0.0	    0.0	    0.0	  100.0	    0.0	    0.0	    0.0	    0.0	  100.0	  100.0	  0	  150.0	 1050.0	    0.0	    0.0	  100.0	1	  460.2	  1	    0.0	   -nan	
 2134	 213.40	  372.4	    0.0	  -48.0	 1234.4	  359.3	    0.0	    0.0	 1139.1	    0.0	    0.0	    0.0	  100.0	    0.0	    0.0	    0.0	    0.0	  100.0	  100.0	  0	  150.0	 1050.0	    0.0	    0.0	  100.0	1	  460.2	  1	    0.0	   -nan	
 2135	 213.50	  372.4	    0.0	  -48.0	 1234.4	  359.3	    0.0	    0.0	 1142.0	    0.0	    0.0	    0.0	  100.0	    0.0	    0.0	    0.0	    0.0	  100.0	  100.0	  0	  150.0	 1050.0	    0.0	    0.0	  100.0	1	  460.2	  1	    0.0	   -nan	
 2136	 213.60	  372.4	    0.0	  -44.5	 1234.4	  359.3	    0.0	    0.0	 1139.2	    0.0	    0.0	    0.0	  100.0	    0.0	    0.0	    0.0	    0.0	  100.0	  100.0	  0	  150.0	 1050.0	    0.0	    0.0	  100.0	1	  460.2	  1	    0.0	   -nan	
 2137	 213.70	  372.4	    0.0	  -48.9	 1234.4	  359.3	    0.0	    0.0	 1139.2	    0.0	    0.0	    0.0	  100.0	    0.0	    0.0	    0.0	    0.0	  100.0	  100.0	  0	  150.0	 1050.0	    0.0	    0.0	  100.0	1	  460.2	  1	    0.0	   -nan	
 2138	 213.80	  372.4	    0.0	  -48.9	 1234.4	  359.3	    0.0	    0.0	 1137.3	    0.0	    0.0	    0.0	  100.0	    0.0	    0.0	    0.0	    0.0	  100.0	  100.0	  0	  150.0	 1050.0	    0.0	    0.0	  100.0	1	  460.2	  1	    0.0	   -nan	
 2139	 213.90	  372.4	    0.0	  -53.7	 1234.4	  359.3	    0.0	    0.0	 1137.3	    0.0	    0.0	    0.0	  100.0	    0.0	    0.0	    0.0	    0.0	  100.0	  100.0	  0	  150.0	 1050.0	    0.0	    0.0	  100.0	1	  460.2	  1	    0.0	   -nan	
 2140	 214.00	  372.4	    0.0	  -53.7	 1234.4	  359.3	    0.0	    0.0	 1138.2	    0.0	    0.0	    0.0	  100.0	    0.0	    0.0	    0.0	    0.0	  100.0	  100.0	  0	  150.0	 1050.0	    0.0	    0.0	  100.0	1	  460.2	  1	    0.0	   -nan	
 2141	 214.10	  372.4	    0.0	  -49.9	 1234.4	  359.3	    0.0	    0.0	 1138.2	    0.0	    0.0	    0.0	  100.0	    0.0	    0.0	    0.0	    0.0	  100.0	  100.0	  0	  150.0	 1050.0	    0.0	    0.0	  100.0	1	  460.2	  1	    0.0	   -nan	
 2142	 214.20	  372.4	    0.0	  -49.9	 1234.4	  359.3	    0.0	    0.0	 1138.2	    0.0	    0.0	    0.0	  100.0	    0.0	    0.0	    0.0	    0.0	  100.0	  100.0	  0	  150.0	 1050.0	    0.0	    0.0	  100.0	1	  460.2	  1	    0.0	   -nan	
 2143	 214.30	  372.4	    0.0	  -49.9	 1234.4	  359.3	    0.0	    0.0	 1139.0	    0.0	    0.0	    0.0	  100.0	    0.0	    0.0	    0.0	    0.0	  100.0	  100.0	  0	  150.0	 1050.0	    0.0	    0.0	  100.0	1	  460.2	  1	    0.0	   -nan	
 2144	 214.40	  372.4	    0.0	  -42.5	 1234.4	  359.3	    0.0	    0.0	 1138.3	    0.0	    0.0	    0.0	  100.0	    0.0	    0.0	    0.0	    0.0	  100.0	  100.0	  0	  150.0	 1050.0	    0.0	    0.0	  100.0	1	  460.2	  1	    0.0	   -nan	
 2145	 214.50	  372.4	    0.0	  -50.9	 1234.4	  359.3	    0.0	    0.0	 1142.5	    0.0	    0.0	    0.0	  100.0	    0.0	    0.0	    0.0	    0.0	  100.0	  100.0	  0	  150.0	 1050.0	    0.0	    0.0	  100.0	1	  460.2	  1	    0.0	   -nan	
 2146	 214.60	  372.4	    0.0	   -0.1	 1234.4	  359.3	    0.0	    0.0	 1138.8	    0.0	    0.0	    0.0	  100.0	    0.0	    0.0	    0.0	    0.0	  100.0	  100.0	  0	  150.0	 1050.0	    0.0	    0.0	  100.0	1	  460.2	  1	    0.0	   -nan	
 2147	 214.70	  372.4	    0.0	  -60.3	 1234.4	  359.3	    0.0	    0.0	 1127.4	    0.0	    0.0	    0.0	  100.0	    0.0	    0.0	    0.0	    0.0	  100.0	  100.0	  0	  150.0	 1050.0	    0.0	    0.0	  100.0	1	  460.0	  1	    0.0	   -nan	
 2148	 214.80	  372.4	    0.0	 -127.0	 1234.4	  359.3	    0.0	    0.0	 1127.4	    0.0	    0.0	    0.0	  100.0	    0.0	    0.0	    0.0	    0.0	  100.0	  100.0	  0	  150.0	 1050.0	    0.0	    0.0	  100.0	1	  460.0	  1	    0.0	   -nan	
 2149	 214.90	  372.4	    0.0	 -127.0	 1234.4	  359.3	    0.0	    0.0	 1129.7	    0.0	    0.0	    0.0	  100.0	    0.0	    0.0	    0.0	    0.0	  100.0	  100.0	  0	  150.0	 1050.0	    0.0	    0.0	  100.0	1	  460.1	  1	    0.0	   -nan	
 2150	 215.00	  372.4	    0.0	 -122.4	 1234.4	  359.3	    0.0	    0.0	 1124.6	    0.0	    0.0	    0.0	  100.0	    0.0	    0.0	    0.0	    0.0	  100.0	  100.0	  0	  150.0	 1050.0	    0.0	    0.0	  100.0	1	  460.0	  1	    0.0	   -nan	
 2151	 215.10	  372.4	    0.0	 -130.9	 1234.4	  359.3	    0.0	    0.0	 1124.6	    0.0	    0.0	    0.0	  100.0	    0.0	    0.0	    0.0	    0.0	  100.0	  100.0	  0	  150.0	 1050.0	    0.0	    0.0	  100.0	1	  460.0	  1	    0.0	   -nan	
 2152	 215.20	  372.4	    0.0	  132.1	 1234.4	  359.3	    0.0	    0.0	 1124.6	    0.0	    0.0	    0.0	  100.0	    0.0	    0.0	    0.0	    0.0	  100.0	  100.0	  0	  150.0	 1050.0	    0.0	    0.0	  100.0	1	  460.0	  1	    0.0	   -nan	
 2153	 215.30	  372.4	    0.0	  131.6	 1234.4	  359.3	    0.0	    0.0	 1124.6	    0.0	    0.0	    0.0	  100.0	    0.0	    0.0	    0.0	    0.0	  100.0	  100.0	  0	  150.0	 1050.0	    0.0	    0.0	  100.0	1	  460.0	  1	    0.0	   -nan	
 2154	 215.40	  372.4	    0.0	  131.6	 1234.4	  359.3	    0.0	    0.0	 1124.6	    0.0	    0.0	    0.0	  100.0	    0.0	    0.0	    0.0	    0.0	  100.0	  100.0	  0	  150.0	 1050.0	    0.0	    0.0	  100.0	1	  460.0	  1	    0.0	   -nan	
 2155	 215.50	  372.4	    0.0	  131.6	 1234.4	  359.3	    0.0	    0.0	 1123.7	    0.0	    0.0	    0.0	  100.0	    0.0	    0.0	    0.0	    0.0	  100.0	  100.0	  0	  150.0	 1050.0	    0.0	    0.0	  100.0	1	  460.0	  1	    0.0	   -nan	
 2156	 215.60	  372.4	    0.0	  131.6	 1234.4	  359.3	    0.0	    0.0	 1123.7	    0.0	    0.0	    0.0	  100.0	    0.0	    0.0	    0.0	    0.0	  100.0	  100.0	  0	  150.0	 1050.0	    0.0	    0.0	  100.0	1	  460.0	  1	    0.0	   -nan	
 2157	 215.70	  372.4	    0.0	  131.6	 1234.4	  359.3	    0.0	    0.0	 1123.7	    0.0	    0.0	    0.0	  100.0	    0.0	    0.0	    0.0	    0.0	  100.0	  100.0	  0	  150.0	 1050.0	    0.0	    0.0	  100.0	1	  460.0	  1	    0.0	   -nan	
 2158	 215.80	  372.4	    0.0	  131.6	 1234.4	  359.3	    0.0	    0.0	 1117.7	    0.0	    0.0	    0.0	  100.0	    0.0	    0.0	    0.0	    0.0	  100.0	  100.0	  0	  150.0	 1050.0	    0.0	    0.0	  100.0	1	  459.9	  1	    0.0	   -nan	
 2159	 215.90	  372.4	    0.0	  131.8	 1234.4	  359.3	    0.0	    0.0	 1115.4	    0.0	    0.0	    0.0	  100.0	    0.0	    0.0	    0.0	    0.0	  100.0	  100.0	  0	  150.0	 1050.0	    0.0	    0.0	  100.0	1	  459.9	  1	    0.0	   -nan	
 2160	 216.00	  372.4	    0.0	  131.9	 1234.4	  359.3	    0.0	    0.0	 1116.2	    0.0	    0.0	    0.0	  100.0	    0.0	    0.0	    0.0	    0.0	  100.0	  100.0	  0	  150.0	 1050.0	    0.0	    0.0	  100.0	1	  459.9	  1	    0.0	   -nan	
 2161	 216.10	  372.4	    0.0	  131.9	 1234.4	  359.3	    0.0	    0.0	 1117.1	    0.0	    0.0	    0.0	  100.0	    0.0	    0.0	    0.0	    0.0	  100.0	  100.0	  0	  150.0	 1050.0	    0.0	    0.0	  100.0	1	  459.9	  1	    0.0	   -nan	
 2162	 216.20	  372.4	    0.0	  131.8	 1234.4	  359.3	    0.0	    0.0	 1115.2	    0.0	    0.0	    0.0	  100.0	    0.0	    0.0	    0.0	    0.0	  100.0	  100.0	  0	  150.0	 1050.0	    0.0	    0.0	  100.0	1	  459.9	  1	    0.0	   -nan	
 2163	 216.30	  372.4	    0.0	  132.0	 1234.4	  359.3	    0.0	    0.0	 1115.2	    0.0	    0.0	    0.0	  100.0	    0.0	    0.0	    0.0	    0.0	  100.0	  100.0	  0	  150.0	 1050.0	    0.0	    0.0	  100.0	1	  459.9	  1	    0.0	   -nan	
 2164	 216.40	  372.4	    0.0	  132.0	 1234.4	  359.3	    0.0	    0.0	 1117.0	    0.0	    0.0	    0.0	  100.0	    0.0	    0.0	    0.0	    0.0	  100.0	  100.0	  0	  150.0	 1050.0	    0.0	    0.0	  100.0	1	  459.9	  1	    0.0	   -nan	
 2165	 216.50	  372.4	    0.0	  131.7	 1234.4	  359.3	    0.0	    0.0	 1117.9	    0.0	    0.0	    0.0	  100.0	    0.0	    0.0	    0.0	    0.0	  100.0	  100.0	  0	  150.0	 1050.0	    0.0	    0.0	  100.0	1	  459.9	  1	    0.0	   -nan	
 2166	 216.60	  372.4	    0.0	  131.5	 1234.4	  359.3	    0.0	    0.0	 1116.9	    0.0	    0.0	    0.0	  100.0	    0.0	    0.0	    0.0	    0.0	  100.0	  100.0	  0	  150.0	 1050.0	    0.0	    0.0	  100.0	1	  459.9	  1	    0.0	   -nan	
 2167	 216.70	  372.4	    0.0	  131.8	 1234.4	  359.3	    0.0	    0.0	 1116.9	    0.0	    0.0	    0.0	  100.0	    0.0	    0.0	    0.0	    0.0	  100.0	  100.0	  0	  150.0	 1050.0	    0.0	    0.0	  100.0	1	  459.9	  1	    0.0	   -nan	
 2168	 216.80	  372.4	    0.0	  131.8	 1234.4	  359.3	    0.0	    0.0	 1118.0	    0.0	    0.0	    0.0	  100.0	    0.0	    0.0	    0.0	    0.0	  100.0	  100.0	  0	  150.0	 1050.0	    0.0	    0.0	  100.0	1	  459.9	  1	    0.0	   -nan	
 2169	 216.90	  372.4	    0.0	  131.3	 1234.4	  359.3	    0.0	    0.0	 1116.9	    0.0	    0.0	    0.0	  100.0	    0.0	    0.0	    0.0	    0.0	  100.0	  100.0	  0	  150.0	 1050.0	    0.0	    0.0	  100.0	1	  459.9	  1	    0.0	   -nan	
 2170	 217.00	  372.4	    0.0	  132.0	 1234.4	  359.3	    0.0	    0.0	 1118.9	    0.0	    0.0	    0.0	  100.0	    0.0	    0.0	    0.0	    0.0	  100.0	  100.0	  0	  150.0	 1050.0	    0.0	    0.0	  100.0	1	  459.9	  1	    0.0	   -nan	
 2171	 217.10	  372.4	    0.0	  130.0	 1234.4	  359.3	    0.0	    0.0	 1116.2	    0.0	    0.0	    0.0	  100.0	    0.0	    0.0	    0.0	    0.0	  100.0	  100.0	  0	  150.0	 1050.0	    0.0	    0.0	  100.0	1	  459.9	  1	    0.0	   -nan	
 2172	 217.20	  372.4	    0.0	  -50.3	 1234.4	  359.3	    0.0	    0.0	 1116.2	    0.0	    0.0	    0.0	  100.0	    0.0	    0.0	    0.0	    0.0	  100.0	  100.0	  0	  150.0	 1050.0	    0.0	    0.0	  100.0	1	  459.9	  1	    0.0	   -nan	
 2173	 217.30	  372.4	    0.0	  -48.4	 1234.4	  359.3	    0.0	    0.0	 1115.2	    0.0	    0.0	    0.0	  100.0	    0.0	    0.0	    0.0	    0.0	  100.0	  100.0	  0	  150.0	 1050.0	    0.0	    0.0	  100.0	1	  459.9	  1	    0.0	   -nan	
 2174	 217.40	  372.4	    0.0	  -48.4	 1234.4	  359.3	    0.0	    0.0	 1115.2	    0.0	    0.0	    0.0	  100.0	    0.0	    0.0	    0.0	    0.0	  100.0	  100.0	  0	  150.0	 1050.0	    0.0	    0.0	  100.0	1	  459.9	  1	    0.0	   -nan	
 2175	 217.50	  372.4	    0.0	  -48.4	 1234.4	  359.3	    0.0	    0.0	 1114.3	    0.0	    0.0	    0.0	  100.0	    0.0	    0.0	    0.0	    0.0	  100.0	  100.0	  0	  150.0	 1050.0	    0.0	    0.0	  100.0	1	  459.9	  1	    0.0	   -nan	
 2176	 217.60	  372.4	    0.0	  -48.4	 1234.4	  359.3	    0.0	    0.0	 1116.2	    0.0	    0.0	    0.0	  100.0	    0.0	    0.0	    0.0	    0.0	  100.0	  100.0	  0	  150.0	 1050.0	    0.0	    0.0	  100.0	1	  459.9	  1	    0.0	   -nan	
 2177	 217.70	  372.4	    0.0	  -48.4	 1234.4	  359.3	    0.0	    0.0	 1118.0	    0.0	    0.0	    0.0	  100.0	    0.0	    0.0	    0.0	    0.0	  100.0	  100.0	  0	  150.0	 1050.0	    0.0	    0.0	  100.0	1	  459.9	  1	    0.0	   -nan	
 2178	 217.80	  372.4	    0.0	  -48.4	 1234.4	  359.3	    0.0	    0.0	 1119.8	    0.0	    0.0	    0.0	  100.0	    0.0	    0.0	    0.0	    0.0	  100.0	  100.0	  0	  150.0	 1050.0	    0.0	    0.0	  100.0	1	  459.9	  1	    0.0	   -nan	
 2179	 217.90	  372.4	    0.0	  -48.4	 1234.4	  359.3	    0.0	    0.0	 1118.9	    0.0	    0.0	    0.0	  100.0	    0.0	    0.0	    0.0	    0.0	  100.0	  100.0	  0	  150.0	 1050.0	    0.0	    0.0	  100.0	1	  459.9	  1	    0.0	   -nan	
 2180	 218.00	  372.4	    0.0	  -48.4	 1234.4	  359.3	    0.0	    0.0	 1117.9	    0.0	    0.0	    0.0	  100.0	    0.0	    0.0	    0.0	    0.0	  100.0	  100.0	  0	  150.0	 1050.0	    0.0	    0.0	  100.0	1	  459.9	  1	    0.0	   -nan	
 2181	 218.10	  372.4	    0.0	  -48.4	 1234.4	  359.3	    0.0	    0.0	 1120.7	    0.0	    0.0	    0.0	  100.0	    0.0	    0.0	    0.0	    0.0	  100.0	  100.0	  0	  150.0	 1050.0	    0.0	    0.0	  100.0	1	  460.0	  1	    0.0	   -nan	
 2182	 218.20	  372.4	    0.0	  -48.3	 1234.4	  359.3	    0.0	    0.0	 1118.7	    0.0	    0.0	    0.0	  100.0	    0.0	    0.0	    0.0	    0.0	  100.0	  100.0	  0	  150.0	 1050.0	    0.0	    0.0	  100.0	1	  459.9	  1	    0.0	   -nan	
 2183	 218.30	  372.4	    0.0	  -48.4	 1234.4	  359.3	    0.0	    0.0	 1118.8	    0.0	    0.0	    0.0	  100.0	    0.0	    0.0	    0.0	    0.0	  100.0	  100.0	  0	  150.0	 1050.0	    0.0	    0.0	  100.0	1	  459.9	  1	    0.0	   -nan	
 2184	 218.40	  372.4	    0.0	  -48.4	 1234.4	  359.3	    0.0	    0.0	 1117.8	    0.0	    0.0	    0.0	  100.0	    0.0	    0.0	    0.0	    0.0	  100.0	  100.0	  0	  150.0	 1050.0	    0.0	    0.0	  100.0	1	  459.9	  1	    0.0	   -nan	
 2185	 218.50	  372.4	    0.0	  -48.4	 1234.4	  359.3	    0.0	    0.0	 1119.8	    0.0	    0.0	    0.0	  100.0	    0.0	    0.0	    0.0	    0.0	  100.0	  100.0	  0	  150.0	 1050.0	    0.0	    0.0	  100.0	1	  459.9	  1	    0.0	   -nan	
 2186	 218.60	  372.4	    0.0	  -48.3	 1234.4	  359.3	    0.0	    0.0	 1119.8	    0.0	    0.0	    0.0	  100.0	    0.0	    0.0	    0.0	    0.0	  100.0	  100.0	  0	  150.0	 1050.0	    0.0	    0.0	  100.0	1	  459.9	  1	    0.0	   -nan	
 2187	 218.70	  372.4	    0.0	  -48.3	 1234.4	  359.3	    0.0	    0.0	 1112.5	    0.0	    0.0	    0.0	  100.0	    0.0	    0.0	    0.0	    0.0	  100.0	  100.0	  0	  150.0	 1050.0	    0.0	    0.0	  100.0	1	  459.9	  1	    0.0	   -nan	
 2188	 218.80	  372.4	    0.0	  -48.9	 1234.4	  359.3	    0.0	    0.0	 1114.0	    0.0	    0.0	    0.0	  100.0	    0.0	    0.0	    0.0	    0.0	  100.0	  100.0	  0	  150.0	 1050.0	    0.0	    0.0	  100.0	1	  459.9	  1	    0.0	   -nan	
 2189	 218.90	  372.4	    0.0	  -48.7	 1234.4	  359.3	    0.0	    0.0	 1108.9	    0.0	    0.0	    0.0	  100.0	    0.0	    0.0	    0.0	    0.0	  100.0	  100.0	  0	  150.0	 1050.0	    0.0	    0.0	  100.0	1	  459.9	  1	    0.0	   -nan	
 2190	 219.00	  372.4	    0.0	  -49.3	 1234.4	  359.3	    0.0	    0.0	 1105.1	    0.0	    0.0	    0.0	  100.0	    0.0	    0.0	    0.0	    0.0	  100.0	  100.0	  0	  150.0	 1050.0	    0.0	    0.0	  100.0	1	  459.9	  1	    0.0	   -nan	
 2191	 219.10	  372.4	    0.0	  -49.8	 1234.4	  359.3	    0.0	    0.0	 1103.8	    0.0	    0.0	    0.0	  100.0	    0.0	    0.0	    0.0	    0.0	  100.0	  100.0	  0	  150.0	 1050.0	    0.0	    0.0	  100.0	1	  459.8	  1	    0.0	   -nan	
 2192	 219.20	  372.4	    0.0	  -49.9	 1234.4	  359.3	    0.0	    0.0	 1108.0	    0.0	    0.0	    0.0	  100.0	    0.0	    0.0	    0.0	    0.0	  100.0	  100.0	  0	  150.0	 1050.0	    0.0	    0.0	  100.0	1	  459.9	  1	    0.0	   -nan	
 2193	 219.30	  372.4	    0.0	  -49.1	 1234.4	  359.3	    0.0	    0.0	 1108.9	    0.0	    0.0	    0.0	  100.0	    0.0	    0.0	    0.0	    0.0	  100.0	  100.0	  0	  150.0	 1050.0	    0.0	    0.0	  100.0	1	  459.9	  1	    0.0	   -nan	
 2194	 219.40	  372.4	    0.0	  -48.8	 1234.4	  359.3	    0.0	    0.0	 1110.8	    0.0	    0.0	    0.0	  100.0	    0.0	    0.0	    0.0	    0.0	  100.0	  100.0	  0	  150.0	 1050.0	    0.0	    0.0	  100.0	1	  459.9	  1	    0.0	   -nan	
 2195	 219.50	  372.4	    0.0	  -48.1	 1234.4	  359.3	    0.0	    0.0	 1112.2	    0.0	    0.0	    0.0	  100.0	    0.0	    0.0	    0.0	    0.0	  100.0	  100.0	  0	  150.0	 1050.0	    0.0	    0.0	  100.0	1	  459.9	  1	    0.0	   -nan	
 2196	 219.60	  372.4	    0.0	  -47.4	 1234.4	  359.3	    0.0	    0.0	 1116.2	    0.0	    0.0	    0.0	  100.0	    0.0	    0.0	    0.0	    0.0	  100.0	  100.0	  0	  150.0	 1050.0	    0.0	    0.0	  100.0	1	  459.9	  1	    0.0	   -nan	
 2197	 219.70	  372.4	    0.0	  -44.5	 1234.4	  359.3	    0.0	    0.0	 1117.1	    0.0	    0.0	    0.0	  100.0	    0.0	    0.0	    0.0	    0.0	  100.0	  100.0	  0	  150.0	 1050.0	    0.0	    0.0	  100.0	1	  459.9	  1	    0.0	   -nan	
 2198	 219.80	  372.4	    0.0	  -43.7	 1234.4	  359.3	    0.0	    0.0	 1115.4	    0.0	    0.0	    0.0	  100.0	    0.0	    0.0	    0.0	    0.0	  100.0	  100.0	  0	  150.0	 1050.0	    0.0	    0.0	  100.0	1	  459.9	  1	    0.0	   -nan	
 2199	 219.90	  372.4	    0.0	  -45.8	 1234.4	  359.3	    0.0	    0.0	 1118.0	    0.0	    0.0	    0.0	  100.0	    0.0	    0.0	    0.0	    0.0	  100.0	  100.0	  0	  150.0	 1050.0	    0.0	    0.0	  100.0	1	  459.9	  1	    0.0	   -nan	
 2200	 220.00	  372.4	    0.0	  -41.6	 1234.4	  359.3	    0.0	    0.0	 1118.0	    0.0	    0.0	    0.0	  100.0	    0.0	    0.0	    0.0	    0.0	  100.0	  100.0	  0	  150.0	 1050.0	    0.0	    0.0	  100.0	1	  459.9	  1	    0.0	   -nan	
 2201	 220.10	  372.4	    0.0	  -41.6	 1234.4	  359.3	    0.0	    0.0	 1118.7	    0.0	    0.0	    0.0	  100.0	    0.0	    0.0	    0.0	    0.0	  100.0	  100.0	  0	  150.0	 1050.0	    0.0	    0.0	  100.0	1	  459.9	  1	    0.0	   -nan	
 2202	 220.20	  372.4	    0.0	  -39.6	 1234.4	  359.3	    0.0	    0.0	 1117.8	    0.0	    0.0	    0.0	  100.0	    0.0	    0.0	    0.0	    0.0	  100.0	  100.0	  0	  150.0	 1050.0	    0.0	    0.0	  100.0	1	  459.9	  1	    0.0	   -nan	
 2203	 220.30	  372.4	    0.0	  -42.9	 1234.4	  359.3	    0.0	    0.0	 1117.1	    0.0	    0.0	    0.0	  100.0	    0.0	    0.0	    0.0	    0.0	  100.0	  100.0	  0	  150.0	 1050.0	    0.0	    0.0	  100.0	1	  459.9	  1	    0.0	   -nan	
 2204	 220.40	  372.4	    0.0	  -46.2	 1234.4	  359.3	    0.0	    0.0	 1117.8	    0.0	    0.0	    0.0	  100.0	    0.0	    0.0	    0.0	    0.0	  100.0	  100.0	  0	  150.0	 1050.0	    0.0	    0.0	  100.0	1	  459.9	  1	    0.0	   -nan	
 2205	 220.50	  372.4	    0.0	  -41.9	 1234.4	  359.3	    0.0	    0.0	 1115.9	    0.0	    0.0	    0.0	  100.0	    0.0	    0.0	    0.0	    0.0	  100.0	  100.0	  0	  150.0	 1050.0	    0.0	    0.0	  100.0	1	  459.9	  1	    0.0	   -nan	
 2206	 220.60	  372.4	    0.0	  -56.7	 1234.4	  359.3	    0.0	    0.0	 1116.2	    0.0	    0.0	    0.0	  100.0	    0.0	    0.0	    0.0	    0.0	  100.0	  100.0	  0	  150.0	 1050.0	    0.0	    0.0	  100.0	1	  459.9	  1	    0.0	   -nan	
 2207	 220.70	  372.4	    0.0	  -53.7	 1234.4	  359.3	    0.0	    0.0	 1116.2	    0.0	    0.0	    0.0	  100.0	    0.0	    0.0	    0.0	    0.0	  100.0	  100.0	  0	  150.0	 1050.0	    0.0	    0.0	  100.0	1	  459.9	  1	    0.0	   -nan	
 2208	 220.80	  372.4	    0.0	  -53.7	 1234.4	  359.3	    0.0	    0.0	 1117.8	    0.0	    0.0	    0.0	  100.0	    0.0	    0.0	    0.0	    0.0	  100.0	  100.0	  0	  150.0	 1050.0	    0.0	    0.0	  100.0	1	  459.9	  1	    0.0	   -nan	
 2209	 220.90	  372.4	    0.0	  -27.6	 1234.4	  359.3	    0.0	    0.0	 1117.8	    0.0	    0.0	    0.0	  100.0	    0.0	    0.0	    0.0	    0.0	  100.0	  100.0	  0	  150.0	 1050.0	    0.0	    0.0	  100.0	1	  459.9	  1	    0.0	   -nan	
 2210	 221.00	  372.4	    0.0	  -27.6	 1234.4	  359.3	    0.0	    0.0	 1118.2	    0.0	    0.0	    0.0	  100.0	    0.0	    0.0	    0.0	    0.0	  100.0	  100.0	  0	  150.0	 1050.0	    0.0	    0.0	  100.0	1	  459.9	  1	    0.0	   -nan	
 2211	 221.10	  372.4	    0.0	  -18.2	 1234.4	  359.3	    0.0	    0.0	 1118.5	    0.0	    0.0	    0.0	  100.0	    0.0	    0.0	    0.0	    0.0	  100.0	  100.0	  0	  150.0	 1050.0	    0.0	    0.0	  100.0	1	  459.9	  1	    0.0	   -nan	
 2212	 221.20	  372.4	    0.0	  -10.5	 1234.4	  359.3	    0.0	    0.0	 1118.5	    0.0	    0.0	    0.0	  100.0	    0.0	    0.0	    0.0	    0.0	  100.0	  100.0	  0	  150.0	 1050.0	    0.0	    0.0	  100.0	1	  459.9	  1	    0.0	   -nan	
 2213	 221.30	  372.4	    0.0	  -10.5	 1234.4	  359.3	    0.0	    0.0	 1119.2	    0.0	    0.0	    0.0	  100.0	    0.0	    0.0	    0.0	    0.0	  100.0	  100.0	  0	  150.0	 1050.0	    0.0	    0.0	  100.0	1	  459.9	  1	    0.0	   -nan	
 2214	 221.40	  372.4	    0.0	    9.0	 1234.4	  359.3	    0.0	    0.0	 1123.0	    0.0	    0.0	    0.0	  100.0	    0.0	    0.0	    0.0	    0.0	  100.0	  100.0	  0	  150.0	 1050.0	    0.0	    0.0	  100.0	1	  460.0	  1	    0.0	   -nan	
 2215	 221.50	  372.4	    0.0	   33.8	 1234.4	  359.3	    0.0	    0.0	 1122.1	    0.0	    0.0	    0.0	  100.0	    0.0	    0.0	    0.0	    0.0	  100.0	  100.0	  0	  150.0	 1050.0	    0.0	    0.0	  100.0	1	  460.0	  1	    0.0	   -nan	
 2216	 221.60	  372.4	    0.0	  131.4	 1234.4	  359.3	    0.0	    0.0	 1122.1	    0.0	    0.0	    0.0	  100.0	    0.0	    0.0	    0.0	    0.0	  100.0	  100.0	  0	  150.0	 1050.0	    0.0	    0.0	  100.0	1	  460.0	  1	    0.0	   -nan	
 2217	 221.70	  372.4	    0.0	  131.6	 1234.4	  359.3	    0.0	    0.0	 1123.0	    0.0	    0.0	    0.0	  100.0	    0.0	    0.0	    0.0	    0.0	  100.0	  100.0	  0	  150.0	 1050.0	    0.0	    0.0	  100.0	1	  460.0	  1	    0.0	   -nan	
 2218	 221.80	  372.4	    0.0	  131.6	 1234.4	  359.3	    0.0	    0.0	 1120.2	    0.0	    0.0	    0.0	  100.0	    0.0	    0.0	    0.0	    0.0	  100.0	  100.0	  0	  150.0	 1050.0	    0.0	    0.0	  100.0	1	  460.0	  1	    0.0	   -nan	
 2219	 221.90	  372.4	    0.0	  131.6	 1234.4	  359.3	    0.0	    0.0	 1119.2	    0.0	    0.0	    0.0	  100.0	    0.0	    0.0	    0.0	    0.0	  100.0	  100.0	  0	  150.0	 1050.0	    0.0	    0.0	  100.0	1	  459.9	  1	    0.0	   -nan	
 2220	 222.00	  372.4	    0.0	  131.6	 1234.4	  359.3	    0.0	    0.0	 1119.7	    0.0	    0.0	    0.0	  100.0	    0.0	    0.0	    0.0	    0.0	  100.0	  100.0	  0	  150.0	 1050.0	    0.0	    0.0	  100.0	1	  459.9	  1	    0.0	   -nan	
 2221	 222.10	  372.4	    0.0	  131.6	 1234.4	  359.3	    0.0	    0.0	 1116.3	    0.0	    0.0	    0.0	  100.0	    0.0	    0.0	    0.0	    0.0	  100.0	  100.0	  0	  150.0	 1050.0	    0.0	    0.0	  100.0	1	  459.9	  1	    0.0	   -nan	
 2222	 222.20	  372.4	    0.0	  131.7	 1234.4	  359.3	    0.0	    0.0	 1117.2	    0.0	    0.0	    0.0	  100.0	    0.0	    0.0	    0.0	    0.0	  100.0	  100.0	  0	  150.0	 1050.0	    0.0	    0.0	  100.0	1	  459.9	  1	    0.0	   -nan	
 2223	 222.30	  372.4	    0.0	  131.7	 1234.4	  359.3	    0.0	    0.0	 1114.4	    0.0	    0.0	    0.0	  100.0	    0.0	    0.0	    0.0	    0.0	  100.0	  100.0	  0	  150.0	 1050.0	    0.0	    0.0	  100.0	1	  459.9	  1	    0.0	   -nan	
 2224	 222.40	  372.4	    0.0	  131.8	 1234.4	  359.3	    0.0	    0.0	 1116.2	    0.0	    0.0	    0.0	  100.0	    0.0	    0.0	    0.0	    0.0	  100.0	  100.0	  0	  150.0	 1050.0	    0.0	    0.0	  100.0	1	  459.9	  1	    0.0	   -nan	
 2225	 222.50	  372.4	    0.0	  131.7	 1234.4	  359.3	    0.0	    0.0	 1116.2	    0.0	    0.0	    0.0	  100.0	    0.0	    0.0	    0.0	    0.0	  100.0	  100.0	  0	  150.0	 1050.0	    0.0	    0.0	  100.0	1	  459.9	  1	    0.0	   -nan	
 2226	 222.60	  372.4	    0.0	  131.7	 1234.4	  359.3	    0.0	    0.0	 1116.2	    0.0	    0.0	    0.0	  100.0	    0.0	    0.0	    0.0	    0.0	  100.0	  100.0	  0	  150.0	 1050.0	    0.0	    0.0	  100.0	1	  459.9	  1	    0.0	   -nan	
 2227	 222.70	  372.4	    0.0	  131.7	 1234.4	  359.3	    0.0	    0.0	 1118.0	    0.0	    0.0	    0.0	  100.0	    0.0	    0.0	    0.0	    0.0	  100.0	  100.0	  0	  150.0	 1050.0	    0.0	    0.0	  100.0	1	  459.9	  1	    0.0	   -nan	
 2228	 222.80	  372.4	    0.0	  131.5	 1234.4	  359.3	    0.0	    0.0	 1117.1	    0.0	    0.0	    0.0	  100.0	    0.0	    0.0	    0.0	    0.0	  100.0	  100.0	  0	  150.0	 1050.0	    0.0	    0.0	  100.0	1	  459.9	  1	    0.0	   -nan	
 2229	 222.90	  372.4	    0.0	  131.6	 1234.4	  359.3	    0.0	    0.0	 1117.0	    0.0	    0.0	    0.0	  100.0	    0.0	    0.0	    0.0	    0.0	  100.0	  100.0	  0	  150.0	 1050.0	    0.0	    0.0	  100.0	1	  459.9	  1	    0.0	   -nan	
 2230	 223.00	  372.4	    0.0	  131.6	 1234.4	  359.3	    0.0	    0.0	 1113.3	    0.0	    0.0	    0.0	  100.0	    0.0	    0.0	    0.0	    0.0	  100.0	  100.0	  0	  150.0	 1050.0	    0.0	    0.0	  100.0	1	  459.9	  1	    0.0	   -nan	
 2231	 223.10	  372.4	    0.0	  132.6	 1234.4	  359.3	    0.0	    0.0	 1113.2	    0.0	    0.0	    0.0	  100.0	    0.0	    0.0	    0.0	    0.0	  100.0	  100.0	  0	  150.0	 1050.0	    0.0	    0.0	  100.0	1	  459.9	  1	    0.0	   -nan	
 2232	 223.20	  372.4	    0.0	  133.5	 1234.4	  359.3	    0.0	    0.0	 1115.9	    0.0	    0.0	    0.0	  100.0	    0.0	    0.0	    0.0	    0.0	  100.0	  100.0	  0	  150.0	 1050.0	    0.0	    0.0	  100.0	1	  459.9	  1	    0.0	   -nan	
 2233	 223.30	  372.4	    0.0	  101.9	 1234.4	  359.3	    0.0	    0.0	 1115.0	    0.0	    0.0	    0.0	  100.0	    0.0	    0.0	    0.0	    0.0	  100.0	  100.0	  0	  150.0	 1050.0	    0.0	    0.0	  100.0	1	  459.9	  1	    0.0	   -nan	
 2234	 223.40	  372.4	    0.0	  -48.4	 1234.4	  359.3	    0.0	    0.0	 1117.6	    0.0	    0.0	    0.0	  100.0	    0.0	    0.0	    0.0	    0.0	  100.0	  100.0	  0	  150.0	 1050.0	    0.0	    0.0	  100.0	1	  459.9	  1	    0.0	   -nan	
 2235	 223.50	  372.4	    0.0	  -48.4	 1234.4	  359.3	    0.0	    0.0	 1120.5	    0.0	    0.0	    0.0	  100.0	    0.0	    0.0	    0.0	    0.0	  100.0	  100.0	  0	  150.0	 1050.0	    0.0	    0.0	  100.0	1	  460.0	  1	    0.0	   -nan	
 2236	 223.60	  372.4	    0.0	  -48.4	 1234.4	  359.3	    0.0	    0.0	 1118.6	    0.0	    0.0	    0.0	  100.0	    0.0	    0.0	    0.0	    0.0	  100.0	  100.0	  0	  150.0	 1050.0	    0.0	    0.0	  100.0	1	  459.9	  1	    0.0	   -nan	
 2237	 223.70	  372.4	    0.0	  -48.4	 1234.4	  359.3	    0.0	    0.0	 1119.6	    0.0	    0.0	    0.0	  100.0	    0.0	    0.0	    0.0	    0.0	  100.0	  100.0	  0	  150.0	 1050.0	    0.0	    0.0	  100.0	1	  459.9	  1	    0.0	   -nan	
 2238	 223.80	  372.4	    0.0	  -48.4	 1234.4	  359.3	    0.0	    0.0	 1113.0	    0.0	    0.0	    0.0	  100.0	    0.0	    0.0	    0.0	    0.0	  100.0	  100.0	  0	  150.0	 1050.0	    0.0	    0.0	  100.0	1	  459.9	  1	    0.0	   -nan	
 2239	 223.90	  372.4	    0.0	  -48.4	 1234.4	  359.3	    0.0	    0.0	 1112.0	    0.0	    0.0	    0.0	  100.0	    0.0	    0.0	    0.0	    0.0	  100.0	  100.0	  0	  150.0	 1050.0	    0.0	    0.0	  100.0	1	  459.9	  1	    0.0	   -nan	
 2240	 224.00	  372.4	    0.0	  -48.4	 1234.4	  359.3	    0.0	    0.0	 1109.3	    0.0	    0.0	    0.0	  100.0	    0.0	    0.0	    0.0	    0.0	  100.0	  100.0	  0	  150.0	 1050.0	    0.0	    0.0	  100.0	1	  459.9	  1	    0.0	   -nan	
 2241	 224.10	  372.4	    0.0	  -48.4	 1234.4	  359.3	    0.0	    0.0	 1110.1	    0.0	    0.0	    0.0	  100.0	    0.0	    0.0	    0.0	    0.0	  100.0	  100.0	  0	  150.0	 1050.0	    0.0	    0.0	  100.0	1	  459.9	  1	    0.0	   -nan	
 2242	 224.20	  372.4	    0.0	  -48.4	 1234.4	  359.3	    0.0	    0.0	 1109.9	    0.0	    0.0	    0.0	  100.0	    0.0	    0.0	    0.0	    0.0	  100.0	  100.0	  0	  150.0	 1050.0	    0.0	    0.0	  100.0	1	  459.9	  1	    0.0	   -nan	
 2243	 224.30	  372.4	    0.0	  -48.4	 1234.4	  359.3	    0.0	    0.0	 1111.7	    0.0	    0.0	    0.0	  100.0	    0.0	    0.0	    0.0	    0.0	  100.0	  100.0	  0	  150.0	 1050.0	    0.0	    0.0	  100.0	1	  459.9	  1	    0.0	   -nan	
 2244	 224.40	  372.4	    0.0	  -48.4	 1234.4	  359.3	    0.0	    0.0	 1114.1	    0.0	    0.0	    0.0	  100.0	    0.0	    0.0	    0.0	    0.0	  100.0	  100.0	  0	  150.0	 1050.0	    0.0	    0.0	  100.0	1	  459.9	  1	    0.0	   -nan	
 2245	 224.50	  372.4	    0.0	  -48.3	 1234.4	  359.3	    0.0	    0.0	 1115.3	    0.0	    0.0	    0.0	  100.0	    0.0	    0.0	    0.0	    0.0	  100.0	  100.0	  0	  150.0	 1050.0	    0.0	    0.0	  100.0	1	  459.9	  1	    0.0	   -nan	
 2246	 224.60	  372.4	    0.0	  -48.3	 1234.4	  359.3	    0.0	    0.0	 1114.8	    0.0	    0.0	    0.0	  100.0	    0.0	    0.0	    0.0	    0.0	  100.0	  100.0	  0	  150.0	 1050.0	    0.0	    0.0	  100.0	1	  459.9	  1	    0.0	   -nan	
 2247	 224.70	  372.4	    0.0	  -48.3	 1234.4	  359.3	    0.0	    0.0	 1114.8	    0.0	    0.0	    0.0	  100.0	    0.0	    0.0	    0.0	    0.0	  100.0	  100.0	  0	  150.0	 1050.0	    0.0	    0.0	  100.0	1	  459.9	  1	    0.0	   -nan	
 2248	 224.80	  372.4	    0.0	  -48.3	 1234.4	  359.3	    0.0	    0.0	 1115.0	    0.0	    0.0	    0.0	  100.0	    0.0	    0.0	    0.0	    0.0	  100.0	  100.0	  0	  150.0	 1050.0	    0.0	    0.0	  100.0	1	  459.9	  1	    0.0	   -nan	
 2249	 224.90	  372.4	    0.0	  -48.3	 1234.4	  359.3	    0.0	    0.0	 1115.0	    0.0	    0.0	    0.0	  100.0	    0.0	    0.0	    0.0	    0.0	  100.0	  100.0	  0	  150.0	 1050.0	    0.0	    0.0	  100.0	1	  459.9	  1	    0.0	   -nan	
 2250	 225.00	  372.4	    0.0	  -48.3	 1234.4	  359.3	    0.0	    0.0	 1116.0	    0.0	    0.0	    0.0	  100.0	    0.0	    0.0	    0.0	    0.0	  100.0	  100.0	  0	  150.0	 1050.0	    0.0	    0.0	  100.0	1	  459.9	  1	    0.0	   -nan	
 2251	 225.10	  372.4	    0.0	  -48.2	 1234.4	  359.3	    0.0	    0.0	 1115.2	    0.0	    0.0	    0.0	  100.0	    0.0	    0.0	    0.0	    0.0	  100.0	  100.0	  0	  150.0	 1050.0	    0.0	    0.0	  100.0	1	  459.9	  1	    0.0	   -nan	
 2252	 225.20	  372.4	    0.0	  -48.3	 1234.4	  359.3	    0.0	    0.0	 1115.1	    0.0	    0.0	    0.0	  100.0	    0.0	    0.0	    0.0	    0.0	  100.0	  100.0	  0	  150.0	 1050.0	    0.0	    0.0	  100.0	1	  459.9	  1	    0.0	   -nan	
 2253	 225.30	  372.4	    0.0	  -48.3	 1234.4	  359.3	    0.0	    0.0	 1113.2	    0.0	    0.0	    0.0	  100.0	    0.0	    0.0	    0.0	    0.0	  100.0	  100.0	  0	  150.0	 1050.0	    0.0	    0.0	  100.0	1	  459.9	  1	    0.0	   -nan	
 2254	 225.40	  372.4	    0.0	  -48.7	 1234.4	  359.3	    0.0	    0.0	 1113.2	    0.0	    0.0	    0.0	  100.0	    0.0	    0.0	    0.0	    0.0	  100.0	  100.0	  0	  150.0	 1050.0	    0.0	    0.0	  100.0	1	  459.9	  1	    0.0	   -nan	
 2255	 225.50	  372.4	    0.0	  -48.7	 1234.4	  359.3	    0.0	    0.0	 1115.7	    0.0	    0.0	    0.0	  100.0	    0.0	    0.0	    0.0	    0.0	  100.0	  100.0	  0	  150.0	 1050.0	    0.0	    0.0	  100.0	1	  459.9	  1	    0.0	   -nan	
 2256	 225.60	  372.4	    0.0	  -47.8	 1234.4	  359.3	    0.0	    0.0	 1115.5	    0.0	    0.0	    0.0	  100.0	    0.0	    0.0	    0.0	    0.0	  100.0	  100.0	  0	  150.0	 1050.0	    0.0	    0.0	  100.0	1	  459.9	  1	    0.0	   -nan	
 2257	 225.70	  372.4	    0.0	  -47.9	 1234.4	  359.3	    0.0	    0.0	 1113.1	    0.0	    0.0	    0.0	  100.0	    0.0	    0.0	    0.0	    0.0	  100.0	  100.0	  0	  150.0	 1050.0	    0.0	    0.0	  100.0	1	  459.9	  1	    0.0	   -nan	
 2258	 225.80	  372.4	    0.0	  -49.4	 1234.4	  359.3	    0.0	    0.0	 1117.0	    0.0	    0.0	    0.0	  100.0	    0.0	    0.0	    0.0	    0.0	  100.0	  100.0	  0	  150.0	 1050.0	    0.0	    0.0	  100.0	1	  459.9	  1	    0.0	   -nan	
 2259	 225.90	  372.4	    0.0	  -46.3	 1234.4	  359.3	    0.0	    0.0	 1111.7	    0.0	    0.0	    0.0	  100.0	    0.0	    0.0	    0.0	    0.0	  100.0	  100.0	  0	  150.0	 1050.0	    0.0	    0.0	  100.0	1	  459.9	  1	    0.0	   -nan	
 2260	 226.00	  372.4	    0.0	  -51.6	 1234.4	  359.3	    0.0	    0.0	 1118.3	    0.0	    0.0	    0.0	  100.0	    0.0	    0.0	    0.0	    0.0	  100.0	  100.0	  0	  150.0	 1050.0	    0.0	    0.0	  100.0	1	  459.9	  1	    0.0	   -nan	
 2261	 226.10	  372.4	    0.0	  -43.0	 1234.4	  359.3	    0.0	    0.0	 1118.8	    0.0	    0.0	    0.0	  100.0	    0.0	    0.0	    0.0	    0.0	  100.0	  100.0	  0	  150.0	 1050.0	    0.0	    0.0	  100.0	1	  459.9	  1	    0.0	   -nan	
 2262	 226.20	  372.4	    0.0	  -42.1	 1234.4	  359.3	    0.0	    0.0	 5000.0	    0.0	    0.0	    0.0	  100.0	    0.0	    0.0	    0.0	    0.0	   98.7	  100.0	  0	  150.0	 1050.0	    0.0	    0.0	   99.2	1	  224.7	  1	    0.0	   -nan	
 2263	 226.30	  372.4	    0.0	    4.7	 1234.4	  359.3	    0.0	    0.0	 5000.0	    0.0	    0.0	    0.0	  100.0	    0.0	    0.0	    0.0	    0.0	   97.5	  100.0	  0	  150.0	 1050.0	    0.0	    0.0	   98.4	1	  224.7	  1	    0.0	   -nan	
 2264	 226.40	  372.4	    0.0	   25.8	 1234.4	  359.3	    0.0	    0.0	 5000.0	    0.0	    0.0	    0.0	  100.0	    0.0	    0.0	    0.0	    0.0	   96.2	  100.0	  0	  150.0	 1050.0	    0.0	    0.0	   97.7	1	  224.7	  1	    0.0	   -nan	
 2265	 226.50	  372.4	    0.0	   32.1	 1234.4	  359.3	    0.0	    0.0	 5000.0	    0.0	    0.0	    0.0	  100.0	    0.0	    0.0	    0.0	    0.0	   95.0	  100.0	  0	  150.0	 1050.0	    0.0	    0.0	   96.9	1	  224.7	  1	    0.0	   -nan	
 2266	 226.60	  372.4	    0.0	   33.9	 1234.4	  359.3	    0.0	    0.0	 5000.0	    0.0	    0.0	    0.0	  100.0	    0.0	    0.0	    0.0	    0.0	   93.7	  100.0	  0	  150.0	 1050.0	    0.0	    0.0	   96.1	1	  224.7	  1	    0.0	   -nan	
 2267	 226.70	  372.4	    0.0	   34.5	 1234.4	  359.3	    0.0	    0.0	  972.2	    0.0	    0.0	    0.0	  100.0	    0.0	    0.0	    0.0	    0.0	  100.0	  100.0	  0	  150.0	 1050.0	    0.0	    0.0	  100.0	1	  462.1	  1	    0.0	   -nan	
 2268	 226.80	  372.4	    0.0	 -159.1	 1234.4	  359.3	    0.0	    0.0	  940.7	    0.0	    0.0	    0.0	  100.0	    0.0	    0.0	    0.0	    0.0	  100.0	  100.0	  0	  150.0	 1050.0	    0.0	    0.0	  100.0	1	  463.5	  1	    0.0	   -nan	
 2269	 226.90	  372.4	    0.0	  165.9	 1234.4	  359.3	    0.0	    0.0	  889.4	    0.0	    0.0	    0.0	  100.0	    0.0	    0.0	    0.0	    0.0	  100.0	  100.0	  0	  150.0	 1050.0	    0.0	    0.0	  100.0	1	  466.4	  1	    0.0	   -nan	
 2270	 227.00	  372.4	    0.0	  147.2	 1234.4	  359.3	    0.0	    0.0	  878.8	    0.0	    0.0	    0.0	  100.0	    0.0	    0.0	    0.0	    0.0	  100.0	  100.0	  0	  150.0	 1050.0	    0.0	    0.0	  100.0	1	  467.1	  1	    0.0	   -nan	
 2271	 227.10	  372.4	    0.0	  142.2	 1234.4	  359.3	    0.0	    0.0	  866.2	    0.0	    0.0	    0.0	  100.0	    0.0	    0.0	    0.0	    0.0	  100.0	  100.0	  0	  150.0	 1050.0	    0.0	    0.0	  100.0	1	  468.0	  1	    0.0	   -nan	
 2272	 227.20	  372.4	    0.0	  140.6	 1234.4	  359.3	    0.0	    0.0	  861.2	    0.0	    0.0	    0.0	  100.0	    0.0	    0.0	    0.0	    0.0	  100.0	  100.0	  0	  150.0	 1050.0	    0.0	    0.0	  100.0	1	  468.4	  1	    0.0	   -nan	
 2273	 227.30	  372.4	    0.0	  140.0	 1234.4	  359.3	    0.0	    0.0	  857.5	    0.0	    0.0	    0.0	  100.0	    0.0	    0.0	    0.0	    0.0	  100.0	  100.0	  0	  150.0	 1050.0	    0.0	    0.0	  100.0	1	  468.7	  1	    0.0	   -nan	
 2274	 227.40	  372.4	    0.0	  139.6	 1234.4	  359.3	    0.0	    0.0	  854.5	    0.0	    0.0	    0.0	  100.0	    0.0	    0.0	    0.0	    0.0	  100.0	  100.0	  0	  150.0	 1050.0	    0.0	    0.0	  100.0	1	  468.9	  1	    0.0	   -nan	
 2275	 227.50	  372.4	    0.0	  139.1	 1234.4	  359.3	    0.0	    0.0	  829.8	    0.0	    0.0	    0.0	  100.0	    0.0	    0.0	    0.0	    0.0	  100.0	  100.0	  0	  150.0	 1050.0	    0.0	    0.0	  100.0	1	  470.9	  1	    0.0	   -nan	
 2276	 227.60	  372.4	    0.0	  135.8	 1234.4	  359.3	    0.0	    0.0	  817.5	    0.0	    0.0	    0.0	  100.0	    0.0	    0.0	    0.0	    0.0	  100.0	  100.0	  0	  150.0	 1050.0	    0.0	    0.0	  100.0	1	  472.1	  1	    0.0	   -nan	
 2277	 227.70	  372.4	    0.0	  132.7	 1234.4	  359.3	    0.0	    0.0	  800.2	    0.0	    0.0	    0.0	  100.0	    0.0	    0.0	    0.0	    0.0	  100.0	  100.0	  0	  150.0	 1050.0	    0.0	    0.0	  100.0	1	  473.7	  1	    0.0	   -nan	
 2278	 227.80	  372.4	    0.0	  128.7	 1234.4	  359.3	    0.0	    0.0	  795.4	    0.0	    0.0	    0.0	  100.0	    0.0	    0.0	    0.0	    0.0	  100.0	  100.0	  0	  150.0	 1050.0	    0.0	    0.0	  100.0	1	  474.2	  1	    0.0	   -nan	
 2279	 227.90	  372.4	    0.0	  127.5	 1234.4	  359.3	    0.0	    0.0	  782.5	    0.0	    0.0	    0.0	  100.0	    0.0	    0.0	    0.0	    0.0	  100.0	  100.0	  0	  150.0	 1050.0	    0.0	    0.0	  100.0	1	  475.5	  1	    0.0	   -nan	
 2280	 228.00	  372.4	    0.0	  124.1	 1234.4	  359.3	    0.0	    0.0	  779.7	    0.0	    0.0	    0.0	  100.0	    0.0	    0.0	    0.0	    0.0	  100.0	  100.0	  0	  150.0	 1050.0	    0.0	    0.0	  100.0	1	  475.8	  1	    0.0	   -nan	
 2281	 228.10	  372.4	    0.0	  121.6	 1234.4	  359.3	    0.0	    0.0	  775.0	    0.0	    0.0	    0.0	  100.0	    0.0	    0.0	    0.0	    0.0	  100.0	  100.0	  0	  150.0	 1050.0	    0.0	    0.0	  100.0	1	  476.4	  1	    0.0	   -nan	
 2282	 228.20	  372.4	    0.0	  114.5	 1234.4	  359.3	    0.0	    0.0	  771.7	    0.0	    0.0	    0.0	  100.0	    0.0	    0.0	    0.0	    0.0	  100.0	  100.0	  0	  150.0	 1050.0	    0.0	    0.0	  100.0	1	  476.7	  1	    0.0	   -nan	
 2283	 228.30	  372.4	    0.0	  -38.1	 1234.4	  359.3	    0.0	    0.0	  768.8	    0.0	    0.0	    0.0	  100.0	    0.0	    0.0	    0.0	    0.0	  100.0	  100.0	  0	  150.0	 1050.0	    0.0	    0.0	  100.0	1	  477.1	  1	    0.0	   -nan	
 2284	 228.40	  372.4	    0.0	  -52.5	 1234.4	  359.3	    0.0	    0.0	  770.5	    0.0	    0.0	    0.0	  100.0	    0.0	    0.0	    0.0	    0.0	  100.0	  100.0	  0	  150.0	 1050.0	    0.0	    0.0	  100.0	1	  476.9	  1	    0.0	   -nan	
 2285	 228.50	  372.4	    0.0	  -52.5	 1234.4	  359.3	    0.0	    0.0	  768.7	    0.0	    0.0	    0.0	  100.0	    0.0	    0.0	    0.0	    0.0	  100.0	  100.0	  0	  150.0	 1050.0	    0.0	    0.0	  100.0	1	  477.1	  1	    0.0	   -nan	
 2286	 228.60	  372.4	    0.0	  -52.5	 1234.4	  359.3	    0.0	    0.0	  770.8	    0.0	    0.0	    0.0	  100.0	    0.0	    0.0	    0.0	    0.0	  100.0	  100.0	  0	  150.0	 1050.0	    0.0	    0.0	  100.0	1	  476.8	  1	    0.0	   -nan	
 2287	 228.70	  372.4	    0.0	  -52.5	 1234.4	  359.3	    0.0	    0.0	  773.7	    0.0	    0.0	    0.0	  100.0	    0.0	    0.0	    0.0	    0.0	  100.0	  100.0	  0	  150.0	 1050.0	    0.0	    0.0	  100.0	1	  476.5	  1	    0.0	   -nan	
 2288	 228.80	  372.4	    0.0	  -52.6	 1234.4	  359.3	    0.0	    0.0	  774.5	    0.0	    0.0	    0.0	  100.0	    0.0	    0.0	    0.0	    0.0	  100.0	  100.0	  0	  150.0	 1050.0	    0.0	    0.0	  100.0	1	  476.4	  1	    0.0	   -nan	
 2289	 228.90	  372.4	    0.0	  -52.6	 1234.4	  359.3	    0.0	    0.0	  778.3	    0.0	    0.0	    0.0	  100.0	    0.0	    0.0	    0.0	    0.0	  100.0	  100.0	  0	  150.0	 1050.0	    0.0	    0.0	  100.0	1	  476.0	  1	    0.0	   -nan	
 2290	 229.00	  372.4	    0.0	  -52.8	 1234.4	  359.3	    0.0	    0.0	  779.9	    0.0	    0.0	    0.0	  100.0	    0.0	    0.0	    0.0	    0.0	  100.0	  100.0	  0	  150.0	 1050.0	    0.0	    0.0	  100.0	1	  475.8	  1	    0.0	   -nan	
 2291	 229.10	  372.4	    0.0	  -52.9	 1234.4	  359.3	    0.0	    0.0	  780.7	    0.0	    0.0	    0.0	  100.0	    0.0	    0.0	    0.0	    0.0	  100.0	  100.0	  0	  150.0	 1050.0	    0.0	    0.0	  100.0	1	  475.7	  1	    0.0	   -nan	
 2292	 229.20	  372.4	    0.0	  -52.9	 1234.4	  359.3	    0.0	    0.0	  782.8	    0.0	    0.0	    0.0	  100.0	    0.0	    0.0	    0.0	    0.0	  100.0	  100.0	  0	  150.0	 1050.0	    0.0	    0.0	  100.0	1	  475.5	  1	    0.0	   -nan	
 2293	 229.30	  372.4	    0.0	  -53.1	 1234.4	  359.3	    0.0	    0.0	  781.1	    0.0	    0.0	    0.0	  100.0	    0.0	    0.0	    0.0	    0.0	  100.0	  100.0	  0	  150.0	 1050.0	    0.0	    0.0	  100.0	1	  475.7	  1	    0.0	   -nan	
 2294	 229.40	  372.4	    0.0	  -52.9	 1234.4	  359.3	    0.0	    0.0	  780.6	    0.0	    0.0	    0.0	  100.0	    0.0	    0.0	    0.0	    0.0	  100.0	  100.0	  0	  150.0	 1050.0	    0.0	    0.0	  100.0	1	  475.8	  1	    0.0	   -nan	
 2295	 229.50	  372.4	    0.0	  -52.8	 1234.4	  359.3	    0.0	    0.0	  780.2	    0.0	    0.0	    0.0	  100.0	    0.0	    0.0	    0.0	    0.0	  100.0	  100.0	  0	  150.0	 1050.0	    0.0	    0.0	  100.0	1	  475.8	  1	    0.0	   -nan	
 2296	 229.60	  372.4	    0.0	  -52.8	 1234.4	  359.3	    0.0	    0.0	  778.6	    0.0	    0.0	    0.0	  100.0	    0.0	    0.0	    0.0	    0.0	  100.0	  100.0	  0	  150.0	 1050.0	    0.0	    0.0	  100.0	1	  476.0	  1	    0.0	   -nan	
 2297	 229.70	  372.4	    0.0	  -52.4	 1234.4	  359.3	    0.0	    0.0	  777.6	    0.0	    0.0	    0.0	  100.0	    0.0	    0.0	    0.0	    0.0	  100.0	  100.0	  0	  150.0	 1050.0	    0.0	    0.0	  100.0	1	  476.1	  1	    0.0	   -nan	
 2298	 229.80	  372.4	    0.0	  -52.0	 1234.4	  359.3	    0.0	    0.0	  775.3	    0.0	    0.0	    0.0	  100.0	    0.0	    0.0	    0.0	    0.0	  100.0	  100.0	  0	  150.0	 1050.0	    0.0	    0.0	  100.0	1	  476.3	  1	    0.0	   -nan	
 2299	 229.90	  372.4	    0.0	  -51.1	 1234.4	  359.3	    0.0	    0.0	  775.0	    0.0	    0.0	    0.0	  100.0	    0.0	    0.0	    0.0	    0.0	  100.0	  100.0	  0	  150.0	 1050.0	    0.0	    0.0	  100.0	1	  476.4	  1	    0.0	   -nan	
 2300	 230.00	  372.4	    0.0	  -50.9	 1234.4	  359.3	    0.0	    0.0	  772.3	    0.0	    0.0	    0.0	  100.0	    0.0	    0.0	    0.0	    0.0	  100.0	  100.0	  0	  150.0	 1050.0	    0.0	    0.0	  100.0	1	  476.7	  1	    0.0	   -nan	
 2301	 230.10	  372.4	    0.0	  -48.9	 1234.4	  359.3	    0.0	    0.0	  771.8	    0.0	    0.0	    0.0	  100.0	    0.0	    0.0	    0.0	    0.0	  100.0	  100.0	  0	  150.0	 1050.0	    0.0	    0.0	  100.0	1	  476.7	  1	    0.0	   -nan	
 2302	 230.20	  372.4	    0.0	  -48.5	 1234.4	  359.3	    0.0	    0.0	  772.7	    0.0	    0.0	    0.0	  100.0	    0.0	    0.0	    0.0	    0.0	  100.0	  100.0	  0	  150.0	 1050.0	    0.0	    0.0	  100.0	1	  476.6	  1	    0.0	   -nan	
 2303	 230.30	  372.4	    0.0	  -49.6	 1234.4	  359.3	    0.0	    0.0	  771.4	    0.0	    0.0	    0.0	  100.0	    0.0	    0.0	    0.0	    0.0	  100.0	  100.0	  0	  150.0	 1050.0	    0.0	    0.0	  100.0	1	  476.8	  1	    0.0	   -nan	
 2304	 230.40	  372.4	    0.0	  -47.5	 1234.4	  359.3	    0.0	    0.0	  771.0	    0.0	    0.0	    0.0	  100.0	    0.0	    0.0	    0.0	    0.0	  100.0	  100.0	  0	  150.0	 1050.0	    0.0	    0.0	  100.0	1	  476.8	  1	    0.0	   -nan	
 2305	 230.50	  372.4	    0.0	  -46.7	 1234.4	  359.3	    0.0	    0.0	  770.6	    0.0	    0.0	    0.0	  100.0	    0.0	    0.0	    0.0	    0.0	  100.0	  100.0	  0	  150.0	 1050.0	    0.0	    0.0	  100.0	1	  476.9	  1	    0.0	   -nan	
 2306	 230.60	  372.4	    0.0	  -45.6	 1234.4	  359.3	    0.0	    0.0	  771.5	    0.0	    0.0	    0.0	  100.0	    0.0	    0.0	    0.0	    0.0	  100.0	  100.0	  0	  150.0	 1050.0	    0.0	    0.0	  100.0	1	  476.8	  1	    0.0	   -nan	
 2307	 230.70	  372.4	    0.0	  -48.7	 1234.4	  359.3	    0.0	    0.0	  772.4	    0.0	    0.0	    0.0	  100.0	    0.0	    0.0	    0.0	    0.0	  100.0	  100.0	  0	  150.0	 1050.0	    0.0	    0.0	  100.0	1	  476.7	  1	    0.0	   -nan	
 2308	 230.80	  372.4	    0.0	  -52.7	 1234.4	  359.3	    0.0	    0.0	  776.0	    0.0	    0.0	    0.0	  100.0	    0.0	    0.0	    0.0	    0.0	  100.0	  100.0	  0	  150.0	 1050.0	    0.0	    0.0	  100.0	1	  476.3	  1	    0.0	   -nan	
 2309	 230.90	  372.4	    0.0	  -72.3	 1234.4	  359.3	    0.0	    0.0	  778.1	    0.0	    0.0	    0.0	  100.0	    0.0	    0.0	    0.0	    0.0	  100.0	  100.0	  0	  150.0	 1050.0	    0.0	    0.0	  100.0	1	  476.0	  1	    0.0	   -nan	
 2310	 231.00	  372.4	    0.0	  -84.5	 1234.4	  359.3	    0.0	    0.0	  780.6	    0.0	    0.0	    0.0	  100.0	    0.0	    0.0	    0.0	    0.0	  100.0	  100.0	  0	  150.0	 1050.0	    0.0	    0.0	  100.0	1	  475.8	  1	    0.0	   -nan	
 2311	 231.10	  372.4	    0.0	  -98.4	 1234.4	  359.3	    0.0	    0.0	  780.6	    0.0	    0.0	    0.0	  100.0	    0.0	    0.0	    0.0	    0.0	  100.0	  100.0	  0	  150.0	 1050.0	    0.0	    0.0	  100.0	1	  475.8	  1	    0.0	   -nan	
 2312	 231.20	  372.4	    0.0	  -98.4	 1234.4	  359.3	    0.0	    0.0	  774.8	    0.0	    0.0	    0.0	  100.0	    0.0	    0.0	    0.0	    0.0	  100.0	  100.0	  0	  150.0	 1050.0	    0.0	    0.0	  100.0	1	  476.4	  1	    0.0	   -nan	
 2313	 231.30	  372.4	    0.0	  -23.8	 1234.4	  359.3	    0.0	    0.0	  777.1	    0.0	    0.0	    0.0	  100.0	    0.0	    0.0	    0.0	    0.0	  100.0	  100.0	  0	  150.0	 1050.0	    0.0	    0.0	  100.0	1	  476.1	  1	    0.0	   -nan	
 2314	 231.40	  372.4	    0.0	  -67.4	 1234.4	  359.3	    0.0	    0.0	  780.6	    0.0	    0.0	    0.0	  100.0	    0.0	    0.0	    0.0	    0.0	  100.0	  100.0	  0	  150.0	 1050.0	    0.0	    0.0	  100.0	1	  475.8	  1	    0.0	   -nan	
 2315	 231.50	  372.4	    0.0	 -114.1	 1234.4	  359.3	    0.0	    0.0	  780.1	    0.0	    0.0	    0.0	  100.0	    0.0	    0.0	    0.0	    0.0	  100.0	  100.0	  0	  150.0	 1050.0	    0.0	    0.0	  100.0	1	  475.8	  1	    0.0	   -nan	
 2316	 231.60	  372.4	    0.0	 -109.8	 1234.4	  359.3	    0.0	    0.0	  777.4	    0.0	    0.0	    0.0	  100.0	    0.0	    0.0	    0.0	    0.0	  100.0	  100.0	  0	  150.0	 1050.0	    0.0	    0.0	  100.0	1	  476.1	  1	    0.0	   -nan	
 2317	 231.70	  372.4	    0.0	  -26.9	 1234.4	  359.3	    0.0	    0.0	  780.5	    0.0	    0.0	    0.0	  100.0	    0.0	    0.0	    0.0	    0.0	  100.0	  100.0	  0	  150.0	 1050.0	    0.0	    0.0	  100.0	1	  475.8	  1	    0.0	   -nan	
 2318	 231.80	  372.4	    0.0	 -121.3	 1234.4	  359.3	    0.0	    0.0	  781.2	    0.0	    0.0	    0.0	  100.0	    0.0	    0.0	    0.0	    0.0	  100.0	  100.0	  0	  150.0	 1050.0	    0.0	    0.0	  100.0	1	  475.7	  1	    0.0	   -nan	
 2319	 231.90	  372.4	    0.0	 -126.4	 1234.4	  359.3	    0.0	    0.0	  783.5	    0.0	    0.0	    0.0	  100.0	    0.0	    0.0	    0.0	    0.0	  100.0	  100.0	  0	  150.0	 1050.0	    0.0	    0.0	  100.0	1	  475.4	  1	    0.0	   -nan	
 2320	 232.00	  372.4	    0.0	 -134.7	 1234.4	  359.3	    0.0	    0.0	  785.2	    0.0	    0.0	    0.0	  100.0	    0.0	    0.0	    0.0	    0.0	  100.0	  100.0	  0	  150.0	 1050.0	    0.0	    0.0	  100.0	1	  475.3	  1	    0.0	   -nan	
 2321	 232.10	  372.4	    0.0	  129.3	 1234.4	  359.3	    0.0	    0.0	  792.5	    0.0	    0.0	    0.0	  100.0	    0.0	    0.0	    0.0	    0.0	  100.0	  100.0	  0	  150.0	 1050.0	    0.0	    0.0	  100.0	1	  474.5	  1	    0.0	   -nan	
 2322	 232.20	  372.4	    0.0	  127.8	 1234.4	  359.3	    0.0	    0.0	  799.6	    0.0	    0.0	    0.0	  100.0	    0.0	    0.0	    0.0	    0.0	  100.0	  100.0	  0	  150.0	 1050.0	    0.0	    0.0	  100.0	1	  473.8	  1	    0.0	   -nan	
 2323	 232.30	  372.4	    0.0	  128.1	 1234.4	  359.3	    0.0	    0.0	  812.7	    0.0	    0.0	    0.0	  100.0	    0.0	    0.0	    0.0	    0.0	  100.0	  100.0	  0	  150.0	 1050.0	    0.0	    0.0	  100.0	1	  472.5	  1	    0.0	   -nan	
 2324	 232.40	  372.4	    0.0	  128.9	 1234.4	  359.3	    0.0	    0.0	  822.9	    0.0	    0.0	    0.0	  100.0	    0.0	    0.0	    0.0	    0.0	  100.0	  100.0	  0	  150.0	 1050.0	    0.0	    0.0	  100.0	1	  471.6	  1	    0.0	   -nan	
 2325	 232.50	  372.4	    0.0	  129.7	 1234.4	  359.3	    0.0	    0.0	  831.3	    0.0	    0.0	    0.0	  100.0	    0.0	    0.0	    0.0	    0.0	  100.0	  100.0	  0	  150.0	 1050.0	    0.0	    0.0	  100.0	1	  470.8	  1	    0.0	   -nan	
 2326	 232.60	  372.4	    0.0	  130.5	 1234.4	  359.3	    0.0	    0.0	  859.8	    0.0	    0.0	    0.0	  100.0	    0.0	    0.0	    0.0	    0.0	  100.0	  100.0	  0	  150.0	 1050.0	    0.0	    0.0	  100.0	1	  468.5	  1	    0.0	   -nan	
 2327	 232.70	  372.4	    0.0	  133.8	 1234.4	  359.3	    0.0	    0.0	  861.8	    0.0	    0.0	    0.0	  100.0	    0.0	    0.0	    0.0	    0.0	  100.0	  100.0	  0	  150.0	 1050.0	    0.0	    0.0	  100.0	1	  468.3	  1	    0.0	   -nan	
 2328	 232.80	  372.4	    0.0	  134.9	 1234.4	  359.3	    0.0	    0.0	  894.7	    0.0	    0.0	    0.0	  100.0	    0.0	    0.0	    0.0	    0.0	  100.0	  100.0	  0	  150.0	 1050.0	    0.0	    0.0	  100.0	1	  466.1	  1	    0.0	   -nan	
 2329	 232.90	  372.4	    0.0	  141.6	 1234.4	  359.3	    0.0	    0.0	  914.4	    0.0	    0.0	    0.0	  100.0	    0.0	    0.0	    0.0	    0.0	  100.0	  100.0	  0	  150.0	 1050.0	    0.0	    0.0	  100.0	1	  464.9	  1	    0.0	   -nan	
 2330	 233.00	  372.4	    0.0	  172.5	 1234.4	  359.3	    0.0	    0.0	  914.4	    0.0	    0.0	    0.0	  100.0	    0.0	    0.0	    0.0	    0.0	  100.0	  100.0	  0	  150.0	 1050.0	    0.0	    0.0	  100.0	1	  464.9	  1	    0.0	   -nan	
 2331	 233.10	  372.4	    0.0	  -53.4	 1234.4	  359.3	    0.0	    0.0	  914.4	    0.0	    0.0	    0.0	  100.0	    0.0	    0.0	    0.0	    0.0	  100.0	  100.0	  0	  150.0	 1050.0	    0.0	    0.0	  100.0	1	  464.9	  1	    0.0	   -nan	
 2332	 233.20	  372.4	    0.0	  -50.6	 1234.4	  359.3	    0.0	    0.0	  914.4	    0.0	    0.0	    0.0	  100.0	    0.0	    0.0	    0.0	    0.0	  100.0	  100.0	  0	  150.0	 1050.0	    0.0	    0.0	  100.0	1	  464.9	  1	    0.0	   -nan	
 2333	 233.30	  372.4	    0.0	  -50.6	 1234.4	  359.3	    0.0	    0.0	  914.4	    0.0	    0.0	    0.0	  100.0	    0.0	    0.0	    0.0	    0.0	  100.0	  100.0	  0	  150.0	 1050.0	    0.0	    0.0	  100.0	1	  464.9	  1	    0.0	   -nan	
 2334	 233.40	  372.4	    0.0	  -50.6	 1234.4	  359.3	    0.0	    0.0	  914.4	    0.0	    0.0	    0.0	  100.0	    0.0	    0.0	    0.0	    0.0	  100.0	  100.0	  0	  150.0	 1050.0	    0.0	    0.0	  100.0	1	  464.9	  1	    0.0	   -nan	
 2335	 233.50	  372.4	    0.0	  -50.6	 1234.4	  359.3	    0.0	    0.0	  914.4	    0.0	    0.0	    0.0	  100.0	    0.0	    0.0	    0.0	    0.0	  100.0	  100.0	  0	  150.0	 1050.0	    0.0	    0.0	  100.0	1	  464.9	  1	    0.0	   -nan	
 2336	 233.60	  372.4	    0.0	  -50.6	 1234.4	  359.3	    0.0	    0.0	  914.4	    0.0	    0.0	    0.0	  100.0	    0.0	    0.0	    0.0	    0.0	  100.0	  100.0	  0	  150.0	 1050.0	    0.0	    0.0	  100.0	1	  464.9	  1	    0.0	   -nan	
 2337	 233.70	  372.4	    0.0	  -50.6	 1234.4	  359.3	    0.0	    0.0	  914.4	    0.0	    0.0	    0.0	  100.0	    0.0	    0.0	    0.0	    0.0	  100.0	  100.0	  0	  150.0	 1050.0	    0.0	    0.0	  100.0	1	  464.9	  1	    0.0	   -nan	
 2338	 233.80	  372.4	    0.0	  -50.6	 1234.4	  359.3	    0.0	    0.0	 1121.9	    0.0	    0.0	    0.0	  100.0	    0.0	    0.0	    0.0	    0.0	  100.0	  100.0	  0	  150.0	 1050.0	    0.0	    0.0	  100.0	1	  460.0	  1	    0.0	   -nan	
 2339	 233.90	  372.4	    0.0	  -52.5	 1234.4	  359.3	    0.0	    0.0	  372.4	    0.0	    0.0	    0.0	  100.0	    0.0	    0.0	    0.0	    0.0	  100.0	  100.0	  0	  150.0	 1050.0	    0.0	    0.0	  100.0	1	  539.8	  1	    0.0	   -nan	
 2340	 234.00	  372.4	    0.0	   -4.8	 1234.4	  359.3	    0.0	    0.0	 1155.6	    0.0	    0.0	    0.0	  100.0	    0.0	    0.0	    0.0	    0.0	   99.7	  100.0	  0	  150.0	 1050.0	    0.0	    0.0	   99.7	1	  460.5	  1	    0.0	   -nan	
 2341	 234.10	  372.4	    0.0	  -81.9	 1234.4	  359.3	    0.0	    0.0	 1145.8	    0.0	    0.0	    0.0	  100.0	    0.0	    0.0	    0.0	    0.0	   99.8	  100.0	  0	  150.0	 1050.0	    0.0	    0.0	   99.8	1	  460.3	  1	    0.0	   -nan	
 2342	 234.20	  372.4	    0.0	  -82.3	 1234.4	  359.3	    0.0	    0.0	 1145.8	    0.0	    0.0	    0.0	  100.0	    0.0	    0.0	    0.0	    0.0	   99.8	  100.0	  0	  150.0	 1050.0	    0.0	    0.0	   99.8	1	  460.3	  1	    0.0	   -nan	
 2343	 234.30	  372.4	    0.0	  -82.3	 1234.4	  359.3	    0.0	    0.0	 1145.8	    0.0	    0.0	    0.0	  100.0	    0.0	    0.0	    0.0	    0.0	   99.9	  100.0	  0	  150.0	 1050.0	    0.0	    0.0	   99.9	1	  460.3	  1	    0.0	   -nan	
 2344	 234.40	  372.4	    0.0	  -82.3	 1234.4	  359.3	    0.0	    0.0	 1145.8	    0.0	    0.0	    0.0	  100.0	    0.0	    0.0	    0.0	    0.0	  100.0	  100.0	  0	  150.0	 1050.0	    0.0	    0.0	  100.0	1	  460.3	  1	    0.0	   -nan	
 2345	 234.50	  372.4	    0.0	  -82.3	 1234.4	  359.3	    0.0	    0.0	 1145.8	    0.0	    0.0	    0.0	  100.0	    0.0	    0.0	    0.0	    0.0	  100.0	  100.0	  0	  150.0	 1050.0	    0.0	    0.0	  100.0	1	  460.3	  1	    0.0	   -nan	
 2346	 234.60	  372.4	    0.0	  -82.3	 1234.4	  359.3	    0.0	    0.0	 1159.4	    0.0	    0.0	    0.0	  100.0	    0.0	    0.0	    0.0	    0.0	  100.0	  100.0	  0	  150.0	 1050.0	    0.0	    0.0	  100.0	1	  460.6	  1	    0.0	   -nan	
 2347	 234.70	  372.4	    0.0	  -80.3	 1234.4	  359.3	    0.0	    0.0	 1167.2	    0.0	    0.0	    0.0	  100.0	    0.0	    0.0	    0.0	    0.0	  100.0	  100.0	  0	  150.0	 1050.0	    0.0	    0.0	  100.0	1	  460.8	  1	    0.0	   -nan	
 2348	 234.80	  372.4	    0.0	  -78.4	 1234.4	  359.3	    0.0	    0.0	 1155.2	    0.0	    0.0	    0.0	  100.0	    0.0	    0.0	    0.0	    0.0	  100.0	  100.0	  0	  150.0	 1050.0	    0.0	    0.0	  100.0	1	  460.5	  1	    0.0	   -nan	
 2349	 234.90	  372.4	    0.0	  -81.9	 1234.4	  359.3	    0.0	    0.0	 1154.4	    0.0	    0.0	    0.0	  100.0	    0.0	    0.0	    0.0	    0.0	  100.0	  100.0	  0	  150.0	 1050.0	    0.0	    0.0	  100.0	1	  460.5	  1	    0.0	   -nan	
 2350	 235.00	  372.4	    0.0	  -82.2	 1234.4	  359.3	    0.0	    0.0	 1146.7	    0.0	    0.0	    0.0	  100.0	    0.0	    0.0	    0.0	    0.0	  100.0	  100.0	  0	  150.0	 1050.0	    0.0	    0.0	  100.0	1	  460.3	  1	    0.0	   -nan	
 2351	 235.10	  372.4	    0.0	  -85.1	 1234.4	  359.3	    0.0	    0.0	 1141.0	    0.0	    0.0	    0.0	  100.0	    0.0	    0.0	    0.0	    0.0	  100.0	  100.0	  0	  150.0	 1050.0	    0.0	    0.0	  100.0	1	  460.2	  1	    0.0	   -nan	
 2352	 235.20	  372.4	    0.0	  -87.5	 1234.4	  359.3	    0.0	    0.0	 1141.4	    0.0	    0.0	    0.0	  100.0	    0.0	    0.0	    0.0	    0.0	  100.0	  100.0	  0	  150.0	 1050.0	    0.0	    0.0	  100.0	1	  460.2	  1	    0.0	   -nan	
 2353	 235.30	  372.4	    0.0	  -87.3	 1234.4	  359.3	    0.0	    0.0	 1146.0	    0.0	    0.0	    0.0	  100.0	    0.0	    0.0	    0.0	    0.0	  100.0	  100.0	  0	  150.0	 1050.0	    0.0	    0.0	  100.0	1	  460.3	  1	    0.0	   -nan	
 2354	 235.40	  372.4	    0.0	  -84.0	 1234.4	  359.3	    0.0	    0.0	 1146.0	    0.0	    0.0	    0.0	  100.0	    0.0	    0.0	    0.0	    0.0	  100.0	  100.0	  0	  150.0	 1050.0	    0.0	    0.0	  100.0	1	  460.3	  1	    0.0	   -nan	
 2355	 235.50	  372.4	    0.0	  -84.0	 1234.4	  359.3	    0.0	    0.0	 1143.4	    0.0	    0.0	    0.0	  100.0	    0.0	    0.0	    0.0	    0.0	  100.0	  100.0	  0	  150.0	 1050.0	    0.0	    0.0	  100.0	1	  460.3	  1	    0.0	   -nan	
 2356	 235.60	  372.4	    0.0	  -87.2	 1234.4	  359.3	    0.0	    0.0	 1143.4	    0.0	    0.0	    0.0	  100.0	    0.0	    0.0	    0.0	    0.0	  100.0	  100.0	  0	  150.0	 1050.0	    0.0	    0.0	  100.0	1	  460.3	  1	    0.0	   -nan	
 2357	 235.70	  372.4	    0.0	  -87.2	 1234.4	  359.3	    0.0	    0.0	 1143.4	    0.0	    0.0	    0.0	  100.0	    0.0	    0.0	    0.0	    0.0	  100.0	  100.0	  0	  150.0	 1050.0	    0.0	    0.0	  100.0	1	  460.3	  1	    0.0	   -nan	
 2358	 235.80	  372.4	    0.0	  -87.2	 1234.4	  359.3	    0.0	    0.0	 1141.5	    0.0	    0.0	    0.0	  100.0	    0.0	    0.0	    0.0	    0.0	  100.0	  100.0	  0	  150.0	 1050.0	    0.0	    0.0	  100.0	1	  460.2	  1	    0.0	   -nan	
 2359	 235.90	  372.4	    0.0	  -91.5	 1234.4	  359.3	    0.0	    0.0	 1141.5	    0.0	    0.0	    0.0	  100.0	    0.0	    0.0	    0.0	    0.0	  100.0	  100.0	  0	  150.0	 1050.0	    0.0	    0.0	  100.0	1	  460.2	  1	    0.0	   -nan	
 2360	 236.00	  372.4	    0.0	  -91.5	 1234.4	  359.3	    0.0	    0.0	 1141.5	    0.0	    0.0	    0.0	  100.0	    0.0	    0.0	    0.0	    0.0	  100.0	  100.0	  0	  150.0	 1050.0	    0.0	    0.0	  100.0	1	  460.2	  1	    0.0	   -nan	
 2361	 236.10	  372.4	    0.0	  -91.5	 1234.4	  359.3	    0.0	    0.0	 1141.5	    0.0	    0.0	    0.0	  100.0	    0.0	    0.0	    0.0	    0.0	  100.0	  100.0	  0	  150.0	 1050.0	    0.0	    0.0	  100.0	1	  460.2	  1	    0.0	   -nan	
 2362	 236.20	  372.4	    0.0	  -91.5	 1234.4	  359.3	    0.0	    0.0	 1141.5	    0.0	    0.0	    0.0	  100.0	    0.0	    0.0	    0.0	    0.0	  100.0	  100.0	  0	  150.0	 1050.0	    0.0	    0.0	  100.0	1	  460.2	  1	    0.0	   -nan	
 2363	 236.30	  372.4	    0.0	  -91.5	 1234.4	  359.3	    0.0	    0.0	 1137.5	    0.0	    0.0	    0.0	  100.0	    0.0	    0.0	    0.0	    0.0	  100.0	  100.0	  0	  150.0	 1050.0	    0.0	    0.0	  100.0	1	  460.2	  1	    0.0	   -nan	
 2364	 236.40	  372.4	    0.0	 -110.6	 1234.4	  359.3	    0.0	    0.0	 1137.5	    0.0	    0.0	    0.0	  100.0	    0.0	    0.0	    0.0	    0.0	  100.0	  100.0	  0	  150.0	 1050.0	    0.0	    0.0	  100.0	1	  460.2	  1	    0.0	   -nan	
 2365	 236.50	  372.4	    0.0	 -110.6	 1234.4	  359.3	    0.0	    0.0	 1137.5	    0.0	    0.0	    0.0	  100.0	    0.0	    0.0	    0.0	    0.0	  100.0	  100.0	  0	  150.0	 1050.0	    0.0	    0.0	  100.0	1	  460.2	  1	    0.0	   -nan	
 2366	 236.60	  372.4	    0.0	 -110.6	 1234.4	  359.3	    0.0	    0.0	 1137.5	    0.0	    0.0	    0.0	  100.0	    0.0	    0.0	    0.0	    0.0	  100.0	  100.0	  0	  150.0	 1050.0	    0.0	    0.0	  100.0	1	  460.2	  1	    0.0	   -nan	
 2367	 236.70	  372.4	    0.0	 -110.6	 1234.4	  359.3	    0.0	    0.0	 1137.5	    0.0	    0.0	    0.0	  100.0	    0.0	    0.0	    0.0	    0.0	  100.0	  100.0	  0	  150.0	 1050.0	    0.0	    0.0	  100.0	1	  460.2	  1	    0.0	   -nan	
 2368	 236.80	  372.4	    0.0	 -110.6	 1234.4	  359.3	    0.0	    0.0	 1137.5	    0.0	    0.0	    0.0	  100.0	    0.0	    0.0	    0.0	    0.0	  100.0	  100.0	  0	  150.0	 1050.0	    0.0	    0.0	  100.0	1	  460.2	  1	    0.0	   -nan	
 2369	 236.90	  372.4	    0.0	 -110.6	 1234.4	  359.3	    0.0	    0.0	 1137.5	    0.0	    0.0	    0.0	  100.0	    0.0	    0.0	    0.0	    0.0	  100.0	  100.0	  0	  150.0	 1050.0	    0.0	    0.0	  100.0	1	  460.2	  1	    0.0	   -nan	
 2370	 237.00	  372.4	    0.0	 -110.6	 1234.4	  359.3	    0.0	    0.0	 1137.5	    0.0	    0.0	    0.0	  100.0	    0.0	    0.0	    0.0	    0.0	  100.0	  100.0	  0	  150.0	 1050.0	    0.0	    0.0	  100.0	1	  460.2	  1	    0.0	   -nan	
 2371	 237.10	  372.4	    0.0	 -110.6	 1234.4	  359.3	    0.0	    0.0	 1137.5	    0.0	    0.0	    0.0	  100.0	    0.0	    0.0	    0.0	    0.0	  100.0	  100.0	  0	  150.0	 1050.0	    0.0	    0.0	  100.0	1	  460.2	  1	    0.0	   -nan	
 2372	 237.20	  372.4	    0.0	 -110.6	 1234.4	  359.3	    0.0	    0.0	 1137.5	    0.0	    0.0	    0.0	  100.0	    0.0	    0.0	    0.0	    0.0	  100.0	  100.0	  0	  150.0	 1050.0	    0.0	    0.0	  100.0	1	  460.2	  1	    0.0	   -nan	
 2373	 237.30	  372.4	    0.0	 -110.6	 1234.4	  359.3	    0.0	    0.0	 1137.5	    0.0	    0.0	    0.0	  100.0	    0.0	    0.0	    0.0	    0.0	  100.0	  100.0	  0	  150.0	 1050.0	    0.0	    0.0	  100.0	1	  460.2	  1	    0.0	   -nan	
 2374	 237.40	  372.4	    0.0	 -110.6	 1234.4	  359.3	    0.0	    0.0	 1137.5	    0.0	    0.0	    0.0	  100.0	    0.0	    0.0	    0.0	    0.0	  100.0	  100.0	  0	  150.0	 1050.0	    0.0	    0.0	  100.0	1	  460.2	  1	    0.0	   -nan	
 2375	 237.50	  372.4	    0.0	 -110.6	 1234.4	  359.3	    0.0	    0.0	 1178.7	    0.0	    0.0	    0.0	  100.0	    0.0	    0.0	    0.0	    0.0	  100.0	  100.0	  0	  150.0	 1050.0	    0.0	    0.0	  100.0	1	  461.1	  1	    0.0	   -nan	
 2376	 237.60	  372.4	    0.0	   41.0	 1234.4	  359.3	    0.0	    0.0	 1181.7	    0.0	    0.0	    0.0	  100.0	    0.0	    0.0	    0.0	    0.0	  100.0	  100.0	  0	  150.0	 1050.0	    0.0	    0.0	  100.0	1	  461.2	  1	    0.0	   -nan	
 2377	 237.70	  372.4	    0.0	  129.8	 1234.4	  359.3	    0.0	    0.0	 1179.9	    0.0	    0.0	    0.0	  100.0	    0.0	    0.0	    0.0	    0.0	  100.0	  100.0	  0	  150.0	 1050.0	    0.0	    0.0	  100.0	1	  461.1	  1	    0.0	   -nan	
 2378	 237.80	  372.4	    0.0	  130.8	 1234.4	  359.3	    0.0	    0.0	 1180.0	    0.0	    0.0	    0.0	  100.0	    0.0	    0.0	    0.0	    0.0	  100.0	  100.0	  0	  150.0	 1050.0	    0.0	    0.0	  100.0	1	  461.1	  1	    0.0	   -nan	
 2379	 237.90	  372.4	    0.0	  130.8	 1234.4	  359.3	    0.0	    0.0	 1184.2	    0.0	    0.0	    0.0	  100.0	    0.0	    0.0	    0.0	    0.0	  100.0	  100.0	  0	  150.0	 1050.0	    0.0	    0.0	  100.0	1	  461.2	  1	    0.0	   -nan	
 2380	 238.00	  372.4	    0.0	  130.7	 1234.4	  359.3	    0.0	    0.0	 1176.3	    0.0	    0.0	    0.0	  100.0	    0.0	    0.0	    0.0	    0.0	  100.0	  100.0	  0	  150.0	 1050.0	    0.0	    0.0	  100.0	1	  461.0	  1	    0.0	   -nan	
 2381	 238.10	  372.4	    0.0	  131.0	 1234.4	  359.3	    0.0	    0.0	 1180.0	    0.0	    0.0	    0.0	  100.0	    0.0	    0.0	    0.0	    0.0	  100.0	  100.0	  0	  150.0	 1050.0	    0.0	    0.0	  100.0	1	  461.1	  1	    0.0	   -nan	
 2382	 238.20	  372.4	    0.0	  130.8	 1234.4	  359.3	    0.0	    0.0	 1176.0	    0.0	    0.0	    0.0	  100.0	    0.0	    0.0	    0.0	    0.0	  100.0	  100.0	  0	  150.0	 1050.0	    0.0	    0.0	  100.0	1	  461.0	  1	    0.0	   -nan	
 2383	 238.30	  372.4	    0.0	  131.1	 1234.4	  359.3	    0.0	    0.0	 1174.7	    0.0	    0.0	    0.0	  100.0	    0.0	    0.0	    0.0	    0.0	  100.0	  100.0	  0	  150.0	 1050.0	    0.0	    0.0	  100.0	1	  461.0	  1	    0.0	   -nan	
 2384	 238.40	  372.4	    0.0	  131.3	 1234.4	  359.3	    0.0	    0.0	 1170.6	    0.0	    0.0	    0.0	  100.0	    0.0	    0.0	    0.0	    0.0	  100.0	  100.0	  0	  150.0	 1050.0	    0.0	    0.0	  100.0	1	  460.9	  1	    0.0	   -nan	
 2385	 238.50	  372.4	    0.0	  131.7	 1234.4	  359.3	    0.0	    0.0	 1169.1	    0.0	    0.0	    0.0	  100.0	    0.0	    0.0	    0.0	    0.0	  100.0	  100.0	  0	  150.0	 1050.0	    0.0	    0.0	  100.0	1	  460.8	  1	    0.0	   -nan	
 2386	 238.60	  372.4	    0.0	  132.0	 1234.4	  359.3	    0.0	    0.0	 1169.1	    0.0	    0.0	    0.0	  100.0	    0.0	    0.0	    0.0	    0.0	  100.0	  100.0	  0	  150.0	 1050.0	    0.0	    0.0	  100.0	1	  460.8	  1	    0.0	   -nan	
 2387	 238.70	  372.4	    0.0	  132.0	 1234.4	  359.3	    0.0	    0.0	 1165.8	    0.0	    0.0	    0.0	  100.0	    0.0	    0.0	    0.0	    0.0	  100.0	  100.0	  0	  150.0	 1050.0	    0.0	    0.0	  100.0	1	  460.7	  1	    0.0	   -nan	
 2388	 238.80	  372.4	    0.0	  132.9	 1234.4	  359.3	    0.0	    0.0	 1161.9	    0.0	    0.0	    0.0	  100.0	    0.0	    0.0	    0.0	    0.0	  100.0	  100.0	  0	  150.0	 1050.0	    0.0	    0.0	  100.0	1	  460.6	  1	    0.0	   -nan	
 2389	 238.90	  372.4	    0.0	  134.6	 1234.4	  359.3	    0.0	    0.0	 1161.1	    0.0	    0.0	    0.0	  100.0	    0.0	    0.0	    0.0	    0.0	  100.0	  100.0	  0	  150.0	 1050.0	    0.0	    0.0	  100.0	1	  460.6	  1	    0.0	   -nan	
 2390	 239.00	  372.4	    0.0	  138.8	 1234.4	  359.3	    0.0	    0.0	 1160.8	    0.0	    0.0	    0.0	  100.0	    0.0	    0.0	    0.0	    0.0	  100.0	  100.0	  0	  150.0	 1050.0	    0.0	    0.0	  100.0	1	  460.6	  1	    0.0	   -nan	
 2391	 239.10	  372.4	    0.0	  -52.6	 1234.4	  359.3	    0.0	    0.0	 1161.9	    0.0	    0.0	    0.0	  100.0	    0.0	    0.0	    0.0	    0.0	  100.0	  100.0	  0	  150.0	 1050.0	    0.0	    0.0	  100.0	1	  460.6	  1	    0.0	   -nan	
 2392	 239.20	  372.4	    0.0	  -48.9	 1234.4	  359.3	    0.0	    0.0	 1161.9	    0.0	    0.0	    0.0	  100.0	    0.0	    0.0	    0.0	    0.0	  100.0	  100.0	  0	  150.0	 1050.0	    0.0	    0.0	  100.0	1	  460.6	  1	    0.0	   -nan	
 2393	 239.30	  372.4	    0.0	  -48.9	 1234.4	  359.3	    0.0	    0.0	 1161.9	    0.0	    0.0	    0.0	  100.0	    0.0	    0.0	    0.0	    0.0	  100.0	  100.0	  0	  150.0	 1050.0	    0.0	    0.0	  100.0	1	  460.6	  1	    0.0	   -nan	
 2394	 239.40	  372.4	    0.0	  -48.9	 1234.4	  359.3	    0.0	    0.0	 1162.1	    0.0	    0.0	    0.0	  100.0	    0.0	    0.0	    0.0	    0.0	  100.0	  100.0	  0	  150.0	 1050.0	    0.0	    0.0	  100.0	1	  460.6	  1	    0.0	   -nan	
 2395	 239.50	  372.4	    0.0	  -48.9	 1234.4	  359.3	    0.0	    0.0	 1166.5	    0.0	    0.0	    0.0	  100.0	    0.0	    0.0	    0.0	    0.0	  100.0	  100.0	  0	  150.0	 1050.0	    0.0	    0.0	  100.0	1	  460.7	  1	    0.0	   -nan	
 2396	 239.60	  372.4	    0.0	  -48.8	 1234.4	  359.3	    0.0	    0.0	 1167.0	    0.0	    0.0	    0.0	  100.0	    0.0	    0.0	    0.0	    0.0	  100.0	  100.0	  0	  150.0	 1050.0	    0.0	    0.0	  100.0	1	  460.8	  1	    0.0	   -nan	
 2397	 239.70	  372.4	    0.0	  -48.8	 1234.4	  359.3	    0.0	    0.0	 1160.4	    0.0	    0.0	    0.0	  100.0	    0.0	    0.0	    0.0	    0.0	  100.0	  100.0	  0	  150.0	 1050.0	    0.0	    0.0	  100.0	1	  460.6	  1	    0.0	   -nan	
 2398	 239.80	  372.4	    0.0	  -48.9	 1234.4	  359.3	    0.0	    0.0	 1160.4	    0.0	    0.0	    0.0	  100.0	    0.0	    0.0	    0.0	    0.0	  100.0	  100.0	  0	  150.0	 1050.0	    0.0	    0.0	  100.0	1	  460.6	  1	    0.0	   -nan	
 2399	 239.90	  372.4	    0.0	  -48.9	 1234.4	  359.3	    0.0	    0.0	 1157.6	    0.0	    0.0	    0.0	  100.0	    0.0	    0.0	    0.0	    0.0	  100.0	  100.0	  0	  150.0	 1050.0	    0.0	    0.0	  100.0	1	  460.5	  1	    0.0	   -nan	
 2400	 240.00	  372.4	    0.0	  -49.0	 1234.4	  359.3	    0.0	    0.0	 1168.0	    0.0	    0.0	    0.0	  100.0	    0.0	    0.0	    0.0	    0.0	  100.0	  100.0	  0	  150.0	 1050.0	    0.0	    0.0	  100.0	1	  460.8	  1	    0.0	   -nan	
 2401	 240.10	  372.4	    0.0	  -48.6	 1234.4	  359.3	    0.0	    0.0	 1159.3	    0.0	    0.0	    0.0	  100.0	    0.0	    0.0	    0.0	    0.0	  100.0	  100.0	  0	  150.0	 1050.0	    0.0	    0.0	  100.0	1	  460.6	  1	    0.0	   -nan	
 2402	 240.20	  372.4	    0.0	  -49.1	 1234.4	  359.3	    0.0	    0.0	 1159.3	    0.0	    0.0	    0.0	  100.0	    0.0	    0.0	    0.0	    0.0	  100.0	  100.0	  0	  150.0	 1050.0	    0.0	    0.0	  100.0	1	  460.6	  1	    0.0	   -nan	
 2403	 240.30	  372.4	    0.0	  -49.1	 1234.4	  359.3	    0.0	    0.0	 1156.5	    0.0	    0.0	    0.0	  100.0	    0.0	    0.0	    0.0	    0.0	  100.0	  100.0	  0	  150.0	 1050.0	    0.0	    0.0	  100.0	1	  460.5	  1	    0.0	   -nan	
 2404	 240.40	  372.4	    0.0	  -49.3	 1234.4	  359.3	    0.0	    0.0	 1157.5	    0.0	    0.0	    0.0	  100.0	    0.0	    0.0	    0.0	    0.0	  100.0	  100.0	  0	  150.0	 1050.0	    0.0	    0.0	  100.0	1	  460.5	  1	    0.0	   -nan	
 2405	 240.50	  372.4	    0.0	  -49.2	 1234.4	  359.3	    0.0	    0.0	 1155.7	    0.0	    0.0	    0.0	  100.0	    0.0	    0.0	    0.0	    0.0	  100.0	  100.0	  0	  150.0	 1050.0	    0.0	    0.0	  100.0	1	  460.5	  1	    0.0	   -nan	
 2406	 240.60	  372.4	    0.0	  -49.4	 1234.4	  359.3	    0.0	    0.0	 1156.6	    0.0	    0.0	    0.0	  100.0	    0.0	    0.0	    0.0	    0.0	  100.0	  100.0	  0	  150.0	 1050.0	    0.0	    0.0	  100.0	1	  460.5	  1	    0.0	   -nan	
 2407	 240.70	  372.4	    0.0	  -49.2	 1234.4	  359.3	    0.0	    0.0	 1160.4	    0.0	    0.0	    0.0	  100.0	    0.0	    0.0	    0.0	    0.0	  100.0	  100.0	  0	  150.0	 1050.0	    0.0	    0.0	  100.0	1	  460.6	  1	    0.0	   -nan	
 2408	 240.80	  372.4	    0.0	  -48.5	 1234.4	  359.3	    0.0	    0.0	 1160.3	    0.0	    0.0	    0.0	  100.0	    0.0	    0.0	    0.0	    0.0	  100.0	  100.0	  0	  150.0	 1050.0	    0.0	    0.0	  100.0	1	  460.6	  1	    0.0	   -nan	
 2409	 240.90	  372.4	    0.0	  -48.5	 1234.4	  359.3	    0.0	    0.0	 1162.2	    0.0	    0.0	    0.0	  100.0	    0.0	    0.0	    0.0	    0.0	  100.0	  100.0	  0	  150.0	 1050.0	    0.0	    0.0	  100.0	1	  460.6	  1	    0.0	   -nan	
 2410	 241.00	  372.4	    0.0	  -47.8	 1234.4	  359.3	    0.0	    0.0	 1162.2	    0.0	    0.0	    0.0	  100.0	    0.0	    0.0	    0.0	    0.0	  100.0	  100.0	  0	  150.0	 1050.0	    0.0	    0.0	  100.0	1	  460.6	  1	    0.0	   -nan	
 2411	 241.10	  372.4	    0.0	  -47.8	 1234.4	  359.3	    0.0	    0.0	 1160.4	    0.0	    0.0	    0.0	  100.0	    0.0	    0.0	    0.0	    0.0	  100.0	  100.0	  0	  150.0	 1050.0	    0.0	    0.0	  100.0	1	  460.6	  1	    0.0	   -nan	
 2412	 241.20	  372.4	    0.0	  -48.9	 1234.4	  359.3	    0.0	    0.0	 1159.4	    0.0	    0.0	    0.0	  100.0	    0.0	    0.0	    0.0	    0.0	  100.0	  100.0	  0	  150.0	 1050.0	    0.0	    0.0	  100.0	1	  460.6	  1	    0.0	   -nan	
 2413	 241.30	  372.4	    0.0	  -49.7	 1234.4	  359.3	    0.0	    0.0	 1157.5	    0.0	    0.0	    0.0	  100.0	    0.0	    0.0	    0.0	    0.0	  100.0	  100.0	  0	  150.0	 1050.0	    0.0	    0.0	  100.0	1	  460.5	  1	    0.0	   -nan	
 2414	 241.40	  372.4	    0.0	  -51.5	 1234.4	  359.3	    0.0	    0.0	 1157.5	    0.0	    0.0	    0.0	  100.0	    0.0	    0.0	    0.0	    0.0	  100.0	  100.0	  0	  150.0	 1050.0	    0.0	    0.0	  100.0	1	  460.5	  1	    0.0	   -nan	
 2415	 241.50	  372.4	    0.0	  -51.5	 1234.4	  359.3	    0.0	    0.0	 1159.4	    0.0	    0.0	    0.0	  100.0	    0.0	    0.0	    0.0	    0.0	  100.0	  100.0	  0	  150.0	 1050.0	    0.0	    0.0	  100.0	1	  460.6	  1	    0.0	   -nan	
 2416	 241.60	  372.4	    0.0	  -48.4	 1234.4	  359.3	    0.0	    0.0	 1157.5	    0.0	    0.0	    0.0	  100.0	    0.0	    0.0	    0.0	    0.0	  100.0	  100.0	  0	  150.0	 1050.0	    0.0	    0.0	  100.0	1	  460.5	  1	    0.0	   -nan	
 2417	 241.70	  372.4	    0.0	  -52.5	 1234.4	  359.3	    0.0	    0.0	 1159.4	    0.0	    0.0	    0.0	  100.0	    0.0	    0.0	    0.0	    0.0	  100.0	  100.0	  0	  150.0	 1050.0	    0.0	    0.0	  100.0	1	  460.6	  1	    0.0	   -nan	
 2418	 241.80	  372.4	    0.0	  -47.2	 1234.4	  359.3	    0.0	    0.0	 1157.5	    0.0	    0.0	    0.0	  100.0	    0.0	    0.0	    0.0	    0.0	  100.0	  100.0	  0	  150.0	 1050.0	    0.0	    0.0	  100.0	1	  460.5	  1	    0.0	   -nan	
 2419	 241.90	  372.4	    0.0	  -54.0	 1234.4	  359.3	    0.0	    0.0	 1157.5	    0.0	    0.0	    0.0	  100.0	    0.0	    0.0	    0.0	    0.0	  100.0	  100.0	  0	  150.0	 1050.0	    0.0	    0.0	  100.0	1	  460.5	  1	    0.0	   -nan	
 2420	 242.00	  372.4	    0.0	  -54.0	 1234.4	  359.3	    0.0	    0.0	 1156.5	    0.0	    0.0	    0.0	  100.0	    0.0	    0.0	    0.0	    0.0	  100.0	  100.0	  0	  150.0	 1050.0	    0.0	    0.0	  100.0	1	  460.5	  1	    0.0	   -nan	
 2421	 242.10	  372.4	    0.0	  -59.7	 1234.4	  359.3	    0.0	    0.0	 1159.4	    0.0	    0.0	    0.0	  100.0	    0.0	    0.0	    0.0	    0.0	  100.0	  100.0	  0	  150.0	 1050.0	    0.0	    0.0	  100.0	1	  460.6	  1	    0.0	   -nan	
 2422	 242.20	  372.4	    0.0	  -37.8	 1234.4	  359.3	    0.0	    0.0	 1159.4	    0.0	    0.0	    0.0	  100.0	    0.0	    0.0	    0.0	    0.0	  100.0	  100.0	  0	  150.0	 1050.0	    0.0	    0.0	  100.0	1	  460.6	  1	    0.0	   -nan	
 2423	 242.30	  372.4	    0.0	  -37.8	 1234.4	  359.3	    0.0	    0.0	 1157.5	    0.0	    0.0	    0.0	  100.0	    0.0	    0.0	    0.0	    0.0	  100.0	  100.0	  0	  150.0	 1050.0	    0.0	    0.0	  100.0	1	  460.5	  1	    0.0	   -nan	
 2424	 242.40	  372.4	    0.0	  -61.9	 1234.4	  359.3	    0.0	    0.0	 1157.5	    0.0	    0.0	    0.0	  100.0	    0.0	    0.0	    0.0	    0.0	  100.0	  100.0	  0	  150.0	 1050.0	    0.0	    0.0	  100.0	1	  460.5	  1	    0.0	   -nan	
 2425	 242.50	  372.4	    0.0	  -61.9	 1234.4	  359.3	    0.0	    0.0	 1156.5	    0.0	    0.0	    0.0	  100.0	    0.0	    0.0	    0.0	    0.0	  100.0	  100.0	  0	  150.0	 1050.0	    0.0	    0.0	  100.0	1	  460.5	  1	    0.0	   -nan	
 2426	 242.60	  372.4	    0.0	  -79.9	 1234.4	  359.3	    0.0	    0.0	 1156.5	    0.0	    0.0	    0.0	  100.0	    0.0	    0.0	    0.0	    0.0	  100.0	  100.0	  0	  150.0	 1050.0	    0.0	    0.0	  100.0	1	  460.5	  1	    0.0	   -nan	
 2427	 242.70	  372.4	    0.0	  -79.9	 1234.4	  359.3	    0.0	    0.0	 1157.5	    0.0	    0.0	    0.0	  100.0	    0.0	    0.0	    0.0	    0.0	  100.0	  100.0	  0	  150.0	 1050.0	    0.0	    0.0	  100.0	1	  460.5	  1	    0.0	   -nan	
 2428	 242.80	  372.4	    0.0	  -47.9	 1234.4	  359.3	    0.0	    0.0	 1160.3	    0.0	    0.0	    0.0	  100.0	    0.0	    0.0	    0.0	    0.0	  100.0	  100.0	  0	  150.0	 1050.0	    0.0	    0.0	  100.0	1	  460.6	  1	    0.0	   -nan	
 2429	 242.90	  372.4	    0.0	   17.9	 1234.4	  359.3	    0.0	    0.0	 1155.7	    0.0	    0.0	    0.0	  100.0	    0.0	    0.0	    0.0	    0.0	  100.0	  100.0	  0	  150.0	 1050.0	    0.0	    0.0	  100.0	1	  460.5	  1	    0.0	   -nan	
 2430	 243.00	  372.4	    0.0	 -117.1	 1234.4	  359.3	    0.0	    0.0	 1157.5	    0.0	    0.0	    0.0	  100.0	    0.0	    0.0	    0.0	    0.0	  100.0	  100.0	  0	  150.0	 1050.0	    0.0	    0.0	  100.0	1	  460.5	  1	    0.0	   -nan	
 2431	 243.10	  372.4	    0.0	  -55.4	 1234.4	  359.3	    0.0	    0.0	 1160.3	    0.0	    0.0	    0.0	  100.0	    0.0	    0.0	    0.0	    0.0	  100.0	  100.0	  0	  150.0	 1050.0	    0.0	    0.0	  100.0	1	  460.6	  1	    0.0	   -nan	
 2432	 243.20	  372.4	    0.0	   29.6	 1234.4	  359.3	    0.0	    0.0	 1159.4	    0.0	    0.0	    0.0	  100.0	    0.0	    0.0	    0.0	    0.0	  100.0	  100.0	  0	  150.0	 1050.0	    0.0	    0.0	  100.0	1	  460.6	  1	    0.0	   -nan	
 2433	 243.30	  372.4	    0.0	   21.3	 1234.4	  359.3	    0.0	    0.0	 1157.5	    0.0	    0.0	    0.0	  100.0	    0.0	    0.0	    0.0	    0.0	  100.0	  100.0	  0	  150.0	 1050.0	    0.0	    0.0	  100.0	1	  460.5	  1	    0.0	   -nan	
 2434	 243.40	  372.4	    0.0	 -119.4	 1234.4	  359.3	    0.0	    0.0	 1157.4	    0.0	    0.0	    0.0	  100.0	    0.0	    0.0	    0.0	    0.0	  100.0	  100.0	  0	  150.0	 1050.0	    0.0	    0.0	  100.0	1	  460.5	  1	    0.0	   -nan	
 2435	 243.50	  372.4	    0.0	 -121.6	 1234.4	  359.3	    0.0	    0.0	 1159.3	    0.0	    0.0	    0.0	  100.0	    0.0	    0.0	    0.0	    0.0	  100.0	  100.0	  0	  150.0	 1050.0	    0.0	    0.0	  100.0	1	  460.6	  1	    0.0	   -nan	
 2436	 243.60	  372.4	    0.0	   32.0	 1234.4	  359.3	    0.0	    0.0	 1159.4	    0.0	    0.0	    0.0	  100.0	    0.0	    0.0	    0.0	    0.0	  100.0	  100.0	  0	  150.0	 1050.0	    0.0	    0.0	  100.0	1	  460.6	  1	    0.0	   -nan	
 2437	 243.70	  372.4	    0.0	  130.8	 1234.4	  359.3	    0.0	    0.0	 1157.5	    0.0	    0.0	    0.0	  100.0	    0.0	    0.0	    0.0	    0.0	  100.0	  100.0	  0	  150.0	 1050.0	    0.0	    0.0	  100.0	1	  460.5	  1	    0.0	   -nan	
 2438	 243.80	  372.4	    0.0	  131.2	 1234.4	  359.3	    0.0	    0.0	 1159.3	    0.0	    0.0	    0.0	  100.0	    0.0	    0.0	    0.0	    0.0	  100.0	  100.0	  0	  150.0	 1050.0	    0.0	    0.0	  100.0	1	  460.6	  1	    0.0	   -nan	
 2439	 243.90	  372.4	    0.0	  131.2	 1234.4	  359.3	    0.0	    0.0	 1159.3	    0.0	    0.0	    0.0	  100.0	    0.0	    0.0	    0.0	    0.0	  100.0	  100.0	  0	  150.0	 1050.0	    0.0	    0.0	  100.0	1	  460.6	  1	    0.0	   -nan	
 2440	 244.00	  372.4	    0.0	  131.2	 1234.4	  359.3	    0.0	    0.0	 1157.5	    0.0	    0.0	    0.0	  100.0	    0.0	    0.0	    0.0	    0.0	  100.0	  100.0	  0	  150.0	 1050.0	    0.0	    0.0	  100.0	1	  460.5	  1	    0.0	   -nan	
 2441	 244.10	  372.4	    0.0	  131.3	 1234.4	  359.3	    0.0	    0.0	 1159.4	    0.0	    0.0	    0.0	  100.0	    0.0	    0.0	    0.0	    0.0	  100.0	  100.0	  0	  150.0	 1050.0	    0.0	    0.0	  100.0	1	  460.6	  1	    0.0	   -nan	
 2442	 244.20	  372.4	    0.0	  131.2	 1234.4	  359.3	    0.0	    0.0	 1157.5	    0.0	    0.0	    0.0	  100.0	    0.0	    0.0	    0.0	    0.0	  100.0	  100.0	  0	  150.0	 1050.0	    0.0	    0.0	  100.0	1	  460.5	  1	    0.0	   -nan	
 2443	 244.30	  372.4	    0.0	  131.3	 1234.4	  359.3	    0.0	    0.0	 1157.5	    0.0	    0.0	    0.0	  100.0	    0.0	    0.0	    0.0	    0.0	  100.0	  100.0	  0	  150.0	 1050.0	    0.0	    0.0	  100.0	1	  460.5	  1	    0.0	   -nan	
 2444	 244.40	  372.4	    0.0	  131.3	 1234.4	  359.3	    0.0	    0.0	 1156.5	    0.0	    0.0	    0.0	  100.0	    0.0	    0.0	    0.0	    0.0	  100.0	  100.0	  0	  150.0	 1050.0	    0.0	    0.0	  100.0	1	  460.5	  1	    0.0	   -nan	
 2445	 244.50	  372.4	    0.0	  131.4	 1234.4	  359.3	    0.0	    0.0	 1160.2	    0.0	    0.0	    0.0	  100.0	    0.0	    0.0	    0.0	    0.0	  100.0	  100.0	  0	  150.0	 1050.0	    0.0	    0.0	  100.0	1	  460.6	  1	    0.0	   -nan	
 2446	 244.60	  372.4	    0.0	  130.9	 1234.4	  359.3	    0.0	    0.0	 1157.4	    0.0	    0.0	    0.0	  100.0	    0.0	    0.0	    0.0	    0.0	  100.0	  100.0	  0	  150.0	 1050.0	    0.0	    0.0	  100.0	1	  460.5	  1	    0.0	   -nan	
 2447	 244.70	  372.4	    0.0	  131.4	 1234.4	  359.3	    0.0	    0.0	 1157.4	    0.0	    0.0	    0.0	  100.0	    0.0	    0.0	    0.0	    0.0	  100.0	  100.0	  0	  150.0	 1050.0	    0.0	    0.0	  100.0	1	  460.5	  1	    0.0	   -nan	
 2448	 244.80	  372.4	    0.0	  131.4	 1234.4	  359.3	    0.0	    0.0	 1157.4	    0.0	    0.0	    0.0	  100.0	    0.0	    0.0	    0.0	    0.0	  100.0	  100.0	  0	  150.0	 1050.0	    0.0	    0.0	  100.0	1	  460.5	  1	    0.0	   -nan	
 2449	 244.90	  372.4	    0.0	  131.4	 1234.4	  359.3	    0.0	    0.0	 1157.4	    0.0	    0.0	    0.0	  100.0	    0.0	    0.0	    0.0	    0.0	  100.0	  100.0	  0	  150.0	 1050.0	    0.0	    0.0	  100.0	1	  460.5	  1	    0.0	   -nan	
 2450	 245.00	  372.4	    0.0	  131.4	 1234.4	  359.3	    0.0	    0.0	 1159.2	    0.0	    0.0	    0.0	  100.0	    0.0	    0.0	    0.0	    0.0	  100.0	  100.0	  0	  150.0	 1050.0	    0.0	    0.0	  100.0	1	  460.6	  1	    0.0	   -nan	
 2451	 245.10	  372.4	    0.0	  130.6	 1234.4	  359.3	    0.0	    0.0	 1160.2	    0.0	    0.0	    0.0	  100.0	    0.0	    0.0	    0.0	    0.0	  100.0	  100.0	  0	  150.0	 1050.0	    0.0	    0.0	  100.0	1	  460.6	  1	    0.0	   -nan	
 2452	 245.20	  372.4	    0.0	  129.7	 1234.4	  359.3	    0.0	    0.0	 1160.2	    0.0	    0.0	    0.0	  100.0	    0.0	    0.0	    0.0	    0.0	  100.0	  100.0	  0	  150.0	 1050.0	    0.0	    0.0	  100.0	1	  460.6	  1	    0.0	   -nan	
 2453	 245.30	  372.4	    0.0	  128.2	 1234.4	  359.3	    0.0	    0.0	 1160.2	    0.0	    0.0	    0.0	  100.0	    0.0	    0.0	    0.0	    0.0	  100.0	  100.0	  0	  150.0	 1050.0	    0.0	    0.0	  100.0	1	  460.6	  1	    0.0	   -nan	
 2454	 245.40	  372.4	    0.0	  -46.5	 1234.4	  359.3	    0.0	    0.0	 1160.2	    0.0	    0.0	    0.0	  100.0	    0.0	    0.0	    0.0	    0.0	  100.0	  100.0	  0	  150.0	 1050.0	    0.0	    0.0	  100.0	1	  460.6	  1	    0.0	   -nan	
 2455	 245.50	  372.4	    0.0	  -48.8	 1234.4	  359.3	    0.0	    0.0	 1160.2	    0.0	    0.0	    0.0	  100.0	    0.0	    0.0	    0.0	    0.0	  100.0	  100.0	  0	  150.0	 1050.0	    0.0	    0.0	  100.0	1	  460.6	  1	    0.0	   -nan	
 2456	 245.60	  372.4	    0.0	  -48.8	 1234.4	  359.3	    0.0	    0.0	 1160.2	    0.0	    0.0	    0.0	  100.0	    0.0	    0.0	    0.0	    0.0	  100.0	  100.0	  0	  150.0	 1050.0	    0.0	    0.0	  100.0	1	  460.6	  1	    0.0	   -nan	
 2457	 245.70	  372.4	    0.0	  -48.8	 1234.4	  359.3	    0.0	    0.0	 1157.4	    0.0	    0.0	    0.0	  100.0	    0.0	    0.0	    0.0	    0.0	  100.0	  100.0	  0	  150.0	 1050.0	    0.0	    0.0	  100.0	1	  460.5	  1	    0.0	   -nan	
 2458	 245.80	  372.4	    0.0	  -48.8	 1234.4	  359.3	    0.0	    0.0	 1160.1	    0.0	    0.0	    0.0	  100.0	    0.0	    0.0	    0.0	    0.0	  100.0	  100.0	  0	  150.0	 1050.0	    0.0	    0.0	  100.0	1	  460.6	  1	    0.0	   -nan	
 2459	 245.90	  372.4	    0.0	  -48.8	 1234.4	  359.3	    0.0	    0.0	 1160.2	    0.0	    0.0	    0.0	  100.0	    0.0	    0.0	    0.0	    0.0	  100.0	  100.0	  0	  150.0	 1050.0	    0.0	    0.0	  100.0	1	  460.6	  1	    0.0	   -nan	
 2460	 246.00	  372.4	    0.0	  -48.8	 1234.4	  359.3	    0.0	    0.0	 1159.4	    0.0	    0.0	    0.0	  100.0	    0.0	    0.0	    0.0	    0.0	  100.0	  100.0	  0	  150.0	 1050.0	    0.0	    0.0	  100.0	1	  460.6	  1	    0.0	   -nan	
 2461	 246.10	  372.4	    0.0	  -48.8	 1234.4	  359.3	    0.0	    0.0	 1157.5	    0.0	    0.0	    0.0	  100.0	    0.0	    0.0	    0.0	    0.0	  100.0	  100.0	  0	  150.0	 1050.0	    0.0	    0.0	  100.0	1	  460.5	  1	    0.0	   -nan	
 2462	 246.20	  372.4	    0.0	  -48.8	 1234.4	  359.3	    0.0	    0.0	 1157.4	    0.0	    0.0	    0.0	  100.0	    0.0	    0.0	    0.0	    0.0	  100.0	  100.0	  0	  150.0	 1050.0	    0.0	    0.0	  100.0	1	  460.5	  1	    0.0	   -nan	
 2463	 246.30	  372.4	    0.0	  -48.8	 1234.4	  359.3	    0.0	    0.0	 1156.5	    0.0	    0.0	    0.0	  100.0	    0.0	    0.0	    0.0	    0.0	  100.0	  100.0	  0	  150.0	 1050.0	    0.0	    0.0	  100.0	1	  460.5	  1	    0.0	   -nan	
 2464	 246.40	  372.4	    0.0	  -48.9	 1234.4	  359.3	    0.0	    0.0	 1156.5	    0.0	    0.0	    0.0	  100.0	    0.0	    0.0	    0.0	    0.0	  100.0	  100.0	  0	  150.0	 1050.0	    0.0	    0.0	  100.0	1	  460.5	  1	    0.0	   -nan	
 2465	 246.50	  372.4	    0.0	  -48.9	 1234.4	  359.3	    0.0	    0.0	 1159.4	    0.0	    0.0	    0.0	  100.0	    0.0	    0.0	    0.0	    0.0	  100.0	  100.0	  0	  150.0	 1050.0	    0.0	    0.0	  100.0	1	  460.6	  1	    0.0	   -nan	
 2466	 246.60	  372.4	    0.0	  -48.7	 1234.4	  359.3	    0.0	    0.0	 1159.4	    0.0	    0.0	    0.0	  100.0	    0.0	    0.0	    0.0	    0.0	  100.0	  100.0	  0	  150.0	 1050.0	    0.0	    0.0	  100.0	1	  460.6	  1	    0.0	   -nan	
 2467	 246.70	  372.4	    0.0	  -48.7	 1234.4	  359.3	    0.0	    0.0	 1157.4	    0.0	    0.0	    0.0	  100.0	    0.0	    0.0	    0.0	    0.0	  100.0	  100.0	  0	  150.0	 1050.0	    0.0	    0.0	  100.0	1	  460.5	  1	    0.0	   -nan	
 2468	 246.80	  372.4	    0.0	  -48.9	 1234.4	  359.3	    0.0	    0.0	 1159.3	    0.0	    0.0	    0.0	  100.0	    0.0	    0.0	    0.0	    0.0	  100.0	  100.0	  0	  150.0	 1050.0	    0.0	    0.0	  100.0	1	  460.6	  1	    0.0	   -nan	
 2469	 246.90	  372.4	    0.0	  -48.7	 1234.4	  359.3	    0.0	    0.0	 1159.3	    0.0	    0.0	    0.0	  100.0	    0.0	    0.0	    0.0	    0.0	  100.0	  100.0	  0	  150.0	 1050.0	    0.0	    0.0	  100.0	1	  460.6	  1	    0.0	   -nan	
 2470	 247.00	  372.4	    0.0	  -48.7	 1234.4	  359.3	    0.0	    0.0	 1157.4	    0.0	    0.0	    0.0	  100.0	    0.0	    0.0	    0.0	    0.0	  100.0	  100.0	  0	  150.0	 1050.0	    0.0	    0.0	  100.0	1	  460.5	  1	    0.0	   -nan	
 2471	 247.10	  372.4	    0.0	  -49.0	 1234.4	  359.3	    0.0	    0.0	 1160.2	    0.0	    0.0	    0.0	  100.0	    0.0	    0.0	    0.0	    0.0	  100.0	  100.0	  0	  150.0	 1050.0	    0.0	    0.0	  100.0	1	  460.6	  1	    0.0	   -nan	
 2472	 247.20	  372.4	    0.0	  -48.3	 1234.4	  359.3	    0.0	    0.0	 1159.4	    0.0	    0.0	    0.0	  100.0	    0.0	    0.0	    0.0	    0.0	  100.0	  100.0	  0	  150.0	 1050.0	    0.0	    0.0	  100.0	1	  460.6	  1	    0.0	   -nan	
 2473	 247.30	  372.4	    0.0	  -48.6	 1234.4	  359.3	    0.0	    0.0	 1161.1	    0.0	    0.0	    0.0	  100.0	    0.0	    0.0	    0.0	    0.0	  100.0	  100.0	  0	  150.0	 1050.0	    0.0	    0.0	  100.0	1	  460.6	  1	    0.0	   -nan	
 2474	 247.40	  372.4	    0.0	  -47.8	 1234.4	  359.3	    0.0	    0.0	 1157.4	    0.0	    0.0	    0.0	  100.0	    0.0	    0.0	    0.0	    0.0	  100.0	  100.0	  0	  150.0	 1050.0	    0.0	    0.0	  100.0	1	  460.5	  1	    0.0	   -nan	
 2475	 247.50	  372.4	    0.0	  -49.9	 1234.4	  359.3	    0.0	    0.0	 1160.2	    0.0	    0.0	    0.0	  100.0	    0.0	    0.0	    0.0	    0.0	  100.0	  100.0	  0	  150.0	 1050.0	    0.0	    0.0	  100.0	1	  460.6	  1	    0.0	   -nan	
 2476	 247.60	  372.4	    0.0	  -47.9	 1234.4	  359.3	    0.0	    0.0	 1159.3	    0.0	    0.0	    0.0	  100.0	    0.0	    0.0	    0.0	    0.0	  100.0	  100.0	  0	  150.0	 1050.0	    0.0	    0.0	  100.0	1	  460.6	  1	    0.0	   -nan	
 2477	 247.70	  372.4	    0.0	  -48.7	 1234.4	  359.3	    0.0	    0.0	 1159.4	    0.0	    0.0	    0.0	  100.0	    0.0	    0.0	    0.0	    0.0	  100.0	  100.0	  0	  150.0	 1050.0	    0.0	    0.0	  100.0	1	  460.6	  1	    0.0	   -nan	
 2478	 247.80	  372.4	    0.0	  -48.6	 1234.4	  359.3	    0.0	    0.0	 1165.5	    0.0	    0.0	    0.0	  100.0	    0.0	    0.0	    0.0	    0.0	  100.0	  100.0	  0	  150.0	 1050.0	    0.0	    0.0	  100.0	1	  460.7	  1	    0.0	   -nan	
 2479	 247.90	  372.4	    0.0	  -38.6	 1234.4	  359.3	    0.0	    0.0	 1159.5	    0.0	    0.0	    0.0	  100.0	    0.0	    0.0	    0.0	    0.0	  100.0	  100.0	  0	  150.0	 1050.0	    0.0	    0.0	  100.0	1	  460.6	  1	    0.0	   -nan	
 2480	 248.00	  372.4	    0.0	  -51.3	 1234.4	  359.3	    0.0	    0.0	 1159.5	    0.0	    0.0	    0.0	  100.0	    0.0	    0.0	    0.0	    0.0	  100.0	  100.0	  0	  150.0	 1050.0	    0.0	    0.0	  100.0	1	  460.6	  1	    0.0	   -nan	
 2481	 248.10	  372.4	    0.0	  -51.3	 1234.4	  359.3	    0.0	    0.0	 1167.7	    0.0	    0.0	    0.0	  100.0	    0.0	    0.0	    0.0	    0.0	  100.0	  100.0	  0	  150.0	 1050.0	    0.0	    0.0	  100.0	1	  460.8	  1	    0.0	   -nan	
 2482	 248.20	  372.4	    0.0	  -23.2	 1234.4	  359.3	    0.0	    0.0	 1159.5	    0.0	    0.0	    0.0	  100.0	    0.0	    0.0	    0.0	    0.0	  100.0	  100.0	  0	  150.0	 1050.0	    0.0	    0.0	  100.0	1	  460.6	  1	    0.0	   -nan	
 2483	 248.30	  372.4	    0.0	  -60.2	 1234.4	  359.3	    0.0	    0.0	 1157.6	    0.0	    0.0	    0.0	  100.0	    0.0	    0.0	    0.0	    0.0	  100.0	  100.0	  0	  150.0	 1050.0	    0.0	    0.0	  100.0	1	  460.5	  1	    0.0	   -nan	
 2484	 248.40	  372.4	    0.0	  -70.3	 1234.4	  359.3	    0.0	    0.0	 1162.3	    0.0	    0.0	    0.0	  100.0	    0.0	    0.0	    0.0	    0.0	  100.0	  100.0	  0	  150.0	 1050.0	    0.0	    0.0	  100.0	1	  460.6	  1	    0.0	   -nan	
 2485	 248.50	  372.4	    0.0	  -35.8	 1234.4	  359.3	    0.0	    0.0	 1160.4	    0.0	    0.0	    0.0	  100.0	    0.0	    0.0	    0.0	    0.0	  100.0	  100.0	  0	  150.0	 1050.0	    0.0	    0.0	  100.0	1	  460.6	  1	    0.0	   -nan	
 2486	 248.60	  372.4	    0.0	  -54.7	 1234.4	  359.3	    0.0	    0.0	 1153.8	    0.0	    0.0	    0.0	  100.0	    0.0	    0.0	    0.0	    0.0	  100.0	  100.0	  0	  150.0	 1050.0	    0.0	    0.0	  100.0	1	  460.5	  1	    0.0	   -nan	
 2487	 248.70	  372.4	    0.0	 -105.6	 1234.4	  359.3	    0.0	    0.0	 1167.0	    0.0	    0.0	    0.0	  100.0	    0.0	    0.0	    0.0	    0.0	  100.0	  100.0	  0	  150.0	 1050.0	    0.0	    0.0	  100.0	1	  460.8	  1	    0.0	   -nan	
 2488	 248.80	  372.4	    0.0	   18.2	 1234.4	  359.3	    0.0	    0.0	 1167.9	    0.0	    0.0	    0.0	  100.0	    0.0	    0.0	    0.0	    0.0	  100.0	  100.0	  0	  150.0	 1050.0	    0.0	    0.0	  100.0	1	  460.8	  1	    0.0	   -nan	
 2489	 248.90	  372.4	    0.0	   21.1	 1234.4	  359.3	    0.0	    0.0	 1165.1	    0.0	    0.0	    0.0	  100.0	    0.0	    0.0	    0.0	    0.0	  100.0	  100.0	  0	  150.0	 1050.0	    0.0	    0.0	  100.0	1	  460.7	  1	    0.0	   -nan	
 2490	 249.00	  372.4	    0.0	    2.2	 1234.4	  359.3	    0.0	    0.0	 1165.1	    0.0	    0.0	    0.0	  100.0	    0.0	    0.0	    0.0	    0.0	  100.0	  100.0	  0	  150.0	 1050.0	    0.0	    0.0	  100.0	1	  460.7	  1	    0.0	   -nan	
 2491	 249.10	  372.4	    0.0	    2.2	 1234.4	  359.3	    0.0	    0.0	 1163.2	    0.0	    0.0	    0.0	  100.0	    0.0	    0.0	    0.0	    0.0	  100.0	  100.0	  0	  150.0	 1050.0	    0.0	    0.0	  100.0	1	  460.7	  1	    0.0	   -nan	
 2492	 249.20	  372.4	    0.0	  -71.3	 1234.4	  359.3	    0.0	    0.0	 1164.2	    0.0	    0.0	    0.0	  100.0	    0.0	    0.0	    0.0	    0.0	  100.0	  100.0	  0	  150.0	 1050.0	    0.0	    0.0	  100.0	1	  460.7	  1	    0.0	   -nan	
 2493	 249.30	  372.4	    0.0	  -13.6	 1234.4	  359.3	    0.0	    0.0	 1163.2	    0.0	    0.0	    0.0	  100.0	    0.0	    0.0	    0.0	    0.0	  100.0	  100.0	  0	  150.0	 1050.0	    0.0	    0.0	  100.0	1	  460.7	  1	    0.0	   -nan	
 2494	 249.40	  372.4	    0.0	  -84.9	 1234.4	  359.3	    0.0	    0.0	 1162.3	    0.0	    0.0	    0.0	  100.0	    0.0	    0.0	    0.0	    0.0	  100.0	  100.0	  0	  150.0	 1050.0	    0.0	    0.0	  100.0	1	  460.6	  1	    0.0	   -nan	
 2495	 249.50	  372.4	    0.0	 -116.0	 1234.4	  359.3	    0.0	    0.0	 1162.3	    0.0	    0.0	    0.0	  100.0	    0.0	    0.0	    0.0	    0.0	  100.0	  100.0	  0	  150.0	 1050.0	    0.0	    0.0	  100.0	1	  460.6	  1	    0.0	   -nan	
 2496	 249.60	  372.4	    0.0	 -116.0	 1234.4	  359.3	    0.0	    0.0	 1162.3	    0.0	    0.0	    0.0	  100.0	    0.0	    0.0	    0.0	    0.0	  100.0	  100.0	  0	  150.0	 1050.0	    0.0	    0.0	  100.0	1	  460.6	  1	    0.0	   -nan	
 2497	 249.70	  372.4	    0.0	 -116.0	 1234.4	  359.3	    0.0	    0.0	 1160.4	    0.0	    0.0	    0.0	  100.0	    0.0	    0.0	    0.0	    0.0	  100.0	  100.0	  0	  150.0	 1050.0	    0.0	    0.0	  100.0	1	  460.6	  1	    0.0	   -nan	
 2498	 249.80	  372.4	    0.0	 -133.0	 1234.4	  359.3	    0.0	    0.0	 1161.4	    0.0	    0.0	    0.0	  100.0	    0.0	    0.0	    0.0	    0.0	  100.0	  100.0	  0	  150.0	 1050.0	    0.0	    0.0	  100.0	1	  460.6	  1	    0.0	   -nan	
 2499	 249.90	  372.4	    0.0	  131.3	 1234.4	  359.3	    0.0	    0.0	 1162.3	    0.0	    0.0	    0.0	  100.0	    0.0	    0.0	    0.0	    0.0	  100.0	  100.0	  0	  150.0	 1050.0	    0.0	    0.0	  100.0	1	  460.6	  1	    0.0	   -nan	
 2500	 250.00	  372.4	    0.0	  131.2	 1234.4	  359.3	    0.0	    0.0	 1162.3	    0.0	    0.0	    0.0	  100.0	    0.0	    0.0	    0.0	    0.0	  100.0	  100.0	  0	  150.0	 1050.0	    0.0	    0.0	  100.0	1	  460.6	  1	    0.0	   -nan	
 2501	 250.10	  372.4	    0.0	  131.2	 1234.4	  359.3	    0.0	    0.0	 1160.4	    0.0	    0.0	    0.0	  100.0	    0.0	    0.0	    0.0	    0.0	  100.0	  100.0	  0	  150.0	 1050.0	    0.0	    0.0	  100.0	1	  460.6	  1	    0.0	   -nan	
 2502	 250.20	  372.4	    0.0	  131.2	 1234.4	  359.3	    0.0	    0.0	 1160.4	    0.0	    0.0	    0.0	  100.0	    0.0	    0.0	    0.0	    0.0	  100.0	  100.0	  0	  150.0	 1050.0	    0.0	    0.0	  100.0	1	  460.6	  1	    0.0	   -nan	
 2503	 250.30	  372.4	    0.0	  131.2	 1234.4	  359.3	    0.0	    0.0	 1156.7	    0.0	    0.0	    0.0	  100.0	    0.0	    0.0	    0.0	    0.0	  100.0	  100.0	  0	  150.0	 1050.0	    0.0	    0.0	  100.0	1	  460.5	  1	    0.0	   -nan	
 2504	 250.40	  372.4	    0.0	  131.4	 1234.4	  359.3	    0.0	    0.0	 1157.6	    0.0	    0.0	    0.0	  100.0	    0.0	    0.0	    0.0	    0.0	  100.0	  100.0	  0	  150.0	 1050.0	    0.0	    0.0	  100.0	1	  460.5	  1	    0.0	   -nan	
 2505	 250.50	  372.4	    0.0	  131.3	 1234.4	  359.3	    0.0	    0.0	 1157.6	    0.0	    0.0	    0.0	  100.0	    0.0	    0.0	    0.0	    0.0	  100.0	  100.0	  0	  150.0	 1050.0	    0.0	    0.0	  100.0	1	  460.5	  1	    0.0	   -nan	
 2506	 250.60	  372.4	    0.0	  131.3	 1234.4	  359.3	    0.0	    0.0	 1159.5	    0.0	    0.0	    0.0	  100.0	    0.0	    0.0	    0.0	    0.0	  100.0	  100.0	  0	  150.0	 1050.0	    0.0	    0.0	  100.0	1	  460.6	  1	    0.0	   -nan	
 2507	 250.70	  372.4	    0.0	  131.2	 1234.4	  359.3	    0.0	    0.0	 1155.7	    0.0	    0.0	    0.0	  100.0	    0.0	    0.0	    0.0	    0.0	  100.0	  100.0	  0	  150.0	 1050.0	    0.0	    0.0	  100.0	1	  460.5	  1	    0.0	   -nan	
 2508	 250.80	  372.4	    0.0	  131.6	 1234.4	  359.3	    0.0	    0.0	 1163.3	    0.0	    0.0	    0.0	  100.0	    0.0	    0.0	    0.0	    0.0	  100.0	  100.0	  0	  150.0	 1050.0	    0.0	    0.0	  100.0	1	  460.7	  1	    0.0	   -nan	
 2509	 250.90	  372.4	    0.0	  130.3	 1234.4	  359.3	    0.0	    0.0	 1163.6	    0.0	    0.0	    0.0	  100.0	    0.0	    0.0	    0.0	    0.0	  100.0	  100.0	  0	  150.0	 1050.0	    0.0	    0.0	  100.0	1	  460.7	  1	    0.0	   -nan	
 2510	 251.00	  372.4	    0.0	  130.2	 1234.4	  359.3	    0.0	    0.0	 1156.7	    0.0	    0.0	    0.0	  100.0	    0.0	    0.0	    0.0	    0.0	  100.0	  100.0	  0	  150.0	 1050.0	    0.0	    0.0	  100.0	1	  460.5	  1	    0.0	   -nan	
 2511	 251.10	  372.4	    0.0	  132.4	 1234.4	  359.3	    0.0	    0.0	 1154.8	    0.0	    0.0	    0.0	  100.0	    0.0	    0.0	    0.0	    0.0	  100.0	  100.0	  0	  150.0	 1050.0	    0.0	    0.0	  100.0	1	  460.5	  1	    0.0	   -nan	
 2512	 251.20	  372.4	    0.0	  133.2	 1234.4	  359.3	    0.0	    0.0	 1163.6	    0.0	    0.0	    0.0	  100.0	    0.0	    0.0	    0.0	    0.0	  100.0	  100.0	  0	  150.0	 1050.0	    0.0	    0.0	  100.0	1	  460.7	  1	    0.0	   -nan	
 2513	 251.30	  372.4	    0.0	  127.3	 1234.4	  359.3	    0.0	    0.0	 1163.6	    0.0	    0.0	    0.0	  100.0	    0.0	    0.0	    0.0	    0.0	  100.0	  100.0	  0	  150.0	 1050.0	    0.0	    0.0	  100.0	1	  460.7	  1	    0.0	   -nan	
 2514	 251.40	  372.4	    0.0	  -25.8	 1234.4	  359.3	    0.0	    0.0	 1161.7	    0.0	    0.0	    0.0	  100.0	    0.0	    0.0	    0.0	    0.0	  100.0	  100.0	  0	  150.0	 1050.0	    0.0	    0.0	  100.0	1	  460.6	  1	    0.0	   -nan	
 2515	 251.50	  372.4	    0.0	  -48.8	 1234.4	  359.3	    0.0	    0.0	 1163.9	    0.0	    0.0	    0.0	  100.0	    0.0	    0.0	    0.0	    0.0	  100.0	  100.0	  0	  150.0	 1050.0	    0.0	    0.0	  100.0	1	  460.7	  1	    0.0	   -nan	
 2516	 251.60	  372.4	    0.0	  -48.8	 1234.4	  359.3	    0.0	    0.0	 1163.9	    0.0	    0.0	    0.0	  100.0	    0.0	    0.0	    0.0	    0.0	  100.0	  100.0	  0	  150.0	 1050.0	    0.0	    0.0	  100.0	1	  460.7	  1	    0.0	   -nan	
 2517	 251.70	  372.4	    0.0	  -48.8	 1234.4	  359.3	    0.0	    0.0	 1156.7	    0.0	    0.0	    0.0	  100.0	    0.0	    0.0	    0.0	    0.0	  100.0	  100.0	  0	  150.0	 1050.0	    0.0	    0.0	  100.0	1	  460.5	  1	    0.0	   -nan	
 2518	 251.80	  372.4	    0.0	  -48.8	 1234.4	  359.3	    0.0	    0.0	 1154.8	    0.0	    0.0	    0.0	  100.0	    0.0	    0.0	    0.0	    0.0	  100.0	  100.0	  0	  150.0	 1050.0	    0.0	    0.0	  100.0	1	  460.5	  1	    0.0	   -nan	
 2519	 251.90	  372.4	    0.0	  -48.9	 1234.4	  359.3	    0.0	    0.0	 1161.1	    0.0	    0.0	    0.0	  100.0	    0.0	    0.0	    0.0	    0.0	  100.0	  100.0	  0	  150.0	 1050.0	    0.0	    0.0	  100.0	1	  460.6	  1	    0.0	   -nan	
 2520	 252.00	  372.4	    0.0	  -48.8	 1234.4	  359.3	    0.0	    0.0	 1155.8	    0.0	    0.0	    0.0	  100.0	    0.0	    0.0	    0.0	    0.0	  100.0	  100.0	  0	  150.0	 1050.0	    0.0	    0.0	  100.0	1	  460.5	  1	    0.0	   -nan	
 2521	 252.10	  372.4	    0.0	  -48.9	 1234.4	  359.3	    0.0	    0.0	 1153.7	    0.0	    0.0	    0.0	  100.0	    0.0	    0.0	    0.0	    0.0	  100.0	  100.0	  0	  150.0	 1050.0	    0.0	    0.0	  100.0	1	  460.5	  1	    0.0	   -nan	
 2522	 252.20	  372.4	    0.0	  -48.9	 1234.4	  359.3	    0.0	    0.0	 1159.2	    0.0	    0.0	    0.0	  100.0	    0.0	    0.0	    0.0	    0.0	  100.0	  100.0	  0	  150.0	 1050.0	    0.0	    0.0	  100.0	1	  460.6	  1	    0.0	   -nan	
 2523	 252.30	  372.4	    0.0	  -48.8	 1234.4	  359.3	    0.0	    0.0	 1162.5	    0.0	    0.0	    0.0	  100.0	    0.0	    0.0	    0.0	    0.0	  100.0	  100.0	  0	  150.0	 1050.0	    0.0	    0.0	  100.0	1	  460.7	  1	    0.0	   -nan	
 2524	 252.40	  372.4	    0.0	  -48.7	 1234.4	  359.3	    0.0	    0.0	 1166.7	    0.0	    0.0	    0.0	  100.0	    0.0	    0.0	    0.0	    0.0	  100.0	  100.0	  0	  150.0	 1050.0	    0.0	    0.0	  100.0	1	  460.8	  1	    0.0	   -nan	
 2525	 252.50	  372.4	    0.0	  -48.5	 1234.4	  359.3	    0.0	    0.0	 1166.7	    0.0	    0.0	    0.0	  100.0	    0.0	    0.0	    0.0	    0.0	  100.0	  100.0	  0	  150.0	 1050.0	    0.0	    0.0	  100.0	1	  460.8	  1	    0.0	   -nan	
 2526	 252.60	  372.4	    0.0	  -48.5	 1234.4	  359.3	    0.0	    0.0	 1161.2	    0.0	    0.0	    0.0	  100.0	    0.0	    0.0	    0.0	    0.0	  100.0	  100.0	  0	  150.0	 1050.0	    0.0	    0.0	  100.0	1	  460.6	  1	    0.0	   -nan	
 2527	 252.70	  372.4	    0.0	  -48.9	 1234.4	  359.3	    0.0	    0.0	 1151.9	    0.0	    0.0	    0.0	  100.0	    0.0	    0.0	    0.0	    0.0	  100.0	  100.0	  0	  150.0	 1050.0	    0.0	    0.0	  100.0	1	  460.4	  1	    0.0	   -nan	
 2528	 252.80	  372.4	    0.0	  -49.7	 1234.4	  359.3	    0.0	    0.0	 1149.4	    0.0	    0.0	    0.0	  100.0	    0.0	    0.0	    0.0	    0.0	  100.0	  100.0	  0	  150.0	 1050.0	    0.0	    0.0	  100.0	1	  460.4	  1	    0.0	   -nan	
 2529	 252.90	  372.4	    0.0	  -50.0	 1234.4	  359.3	    0.0	    0.0	 1142.5	    0.0	    0.0	    0.0	  100.0	    0.0	    0.0	    0.0	    0.0	  100.0	  100.0	  0	  150.0	 1050.0	    0.0	    0.0	  100.0	1	  460.2	  1	    0.0	   -nan	
 2530	 253.00	  372.4	    0.0	  -50.9	 1234.4	  359.3	    0.0	    0.0	 1129.0	    0.0	    0.0	    0.0	  100.0	    0.0	    0.0	    0.0	    0.0	  100.0	  100.0	  0	  150.0	 1050.0	    0.0	    0.0	  100.0	1	  460.0	  1	    0.0	   -nan	
 2531	 253.10	  372.4	    0.0	  -52.8	 1234.4	  359.3	    0.0	    0.0	 1109.9	    0.0	    0.0	    0.0	  100.0	    0.0	    0.0	    0.0	    0.0	  100.0	  100.0	  0	  150.0	 1050.0	    0.0	    0.0	  100.0	1	  459.9	  1	    0.0	   -nan	
 2532	 253.20	  372.4	    0.0	  -55.4	 1234.4	  359.3	    0.0	    0.0	 1104.7	    0.0	    0.0	    0.0	  100.0	    0.0	    0.0	    0.0	    0.0	  100.0	  100.0	  0	  150.0	 1050.0	    0.0	    0.0	  100.0	1	  459.8	  1	    0.0	   -nan	
 2533	 253.30	  372.4	    0.0	  -56.1	 1234.4	  359.3	    0.0	    0.0	 1103.6	    0.0	    0.0	    0.0	  100.0	    0.0	    0.0	    0.0	    0.0	  100.0	  100.0	  0	  150.0	 1050.0	    0.0	    0.0	  100.0	1	  459.8	  1	    0.0	   -nan	
 2534	 253.40	  372.4	    0.0	  -56.2	 1234.4	  359.3	    0.0	    0.0	 1129.0	    0.0	    0.0	    0.0	  100.0	    0.0	    0.0	    0.0	    0.0	  100.0	  100.0	  0	  150.0	 1050.0	    0.0	    0.0	  100.0	1	  460.0	  1	    0.0	   -nan	
 2535	 253.50	  372.4	    0.0	  -49.3	 1234.4	  359.3	    0.0	    0.0	  372.4	    0.0	    0.0	    0.0	  100.0	    0.0	    0.0	    0.0	    0.0	  100.0	  100.0	  0	  150.0	 1050.0	    0.0	    0.0	  100.0	1	  539.8	  1	    0.0	   -nan	
 2536	 253.60	  372.4	    0.0	   19.1	 1234.4	  359.3	    0.0	    0.0	  372.4	    0.0	    0.0	    0.0	  100.0	    0.0	    0.0	    0.0	    0.0	  100.0	  100.0	  0	  150.0	 1050.0	    0.0	    0.0	  100.0	1	  539.8	  1	    0.0	   -nan	
 2537	 253.70	  372.4	    0.0	   71.6	 1234.4	  359.3	    0.0	    0.0	  372.4	    0.0	    0.0	    0.0	  100.0	    0.0	    0.0	    0.0	    0.0	  100.0	  100.0	  0	  150.0	 1050.0	    0.0	    0.0	  100.0	1	  539.8	  1	    0.0	   -nan	
 2538	 253.80	  372.4	    0.0	   83.2	 1234.4	  359.3	    0.0	    0.0	  372.4	    0.0	    0.0	    0.0	  100.0	    0.0	    0.0	    0.0	    0.0	  100.0	  100.0	  0	  150.0	 1050.0	    0.0	    0.0	  100.0	1	  539.8	  1	    0.0	   -nan	
 2539	 253.90	  372.4	    0.0	   84.2	 1234.4	  359.3	    0.0	    0.0	  372.4	    0.0	    0.0	    0.0	  100.0	    0.0	    0.0	    0.0	    0.0	  100.0	  100.0	  0	  150.0	 1050.0	    0.0	    0.0	  100.0	1	  539.8	  1	    0.0	   -nan	
 2540	 254.00	  372.4	    0.0	   84.2	 1234.4	  359.3	    0.0	    0.0	  372.4	    0.0	    0.0	    0.0	  100.0	    0.0	    0.0	    0.0	    0.0	  100.0	  100.0	  0	  150.0	 1050.0	    0.0	    0.0	  100.0	1	  539.8	  1	    0.0	   -nan	
 2541	 254.10	  372.4	    0.0	   84.3	 1234.4	  359.3	    0.0	    0.0	 1050.6	    0.0	    0.0	    0.0	  100.0	    0.0	    0.0	    0.0	    0.0	   99.8	  100.0	  0	  150.0	 1050.0	    0.0	    0.0	   99.8	1	  460.1	  1	    0.0	   -nan	
 2542	 254.20	  372.4	    0.0	 -139.8	 1234.4	  359.3	    0.0	    0.0	 1041.8	    0.0	    0.0	    0.0	  100.0	    0.0	    0.0	    0.0	    0.0	   99.9	  100.0	  0	  150.0	 1050.0	    0.0	    0.0	   99.9	1	  460.2	  1	    0.0	   -nan	
 2543	 254.30	  372.4	    0.0	  -99.9	 1234.4	  359.3	    0.0	    0.0	  719.0	    0.0	    0.0	    0.0	  100.0	    0.0	    0.0	    0.0	    0.0	  100.0	  100.0	  0	  150.0	 1050.0	    0.0	    0.0	  100.0	1	  483.3	  1	    0.0	   -nan	
 2544	 254.40	  372.4	    0.0	  -88.5	 1234.4	  359.3	    0.0	    0.0	  719.9	    0.0	    0.0	    0.0	  100.0	    0.0	    0.0	    0.0	    0.0	  100.0	  100.0	  0	  150.0	 1050.0	    0.0	    0.0	  100.0	1	  483.2	  1	    0.0	   -nan	
 2545	 254.50	  372.4	    0.0	  -88.5	 1234.4	  359.3	    0.0	    0.0	  702.8	    0.0	    0.0	    0.0	  100.0	    0.0	    0.0	    0.0	    0.0	  100.0	  100.0	  0	  150.0	 1050.0	    0.0	    0.0	  100.0	1	  485.6	  1	    0.0	   -nan	
 2546	 254.60	  372.4	    0.0	  -88.0	 1234.4	  359.3	    0.0	    0.0	  372.4	    0.0	    0.0	    0.0	  100.0	    0.0	    0.0	    0.0	    0.0	  100.0	  100.0	  0	  150.0	 1050.0	    0.0	    0.0	  100.0	1	  539.8	  1	    0.0	   -nan	
 2547	 254.70	  372.4	    0.0	  -54.4	 1234.4	  359.3	    0.0	    0.0	 1068.1	    0.0	    0.0	    0.0	  100.0	    0.0	    0.0	    0.0	    0.0	   99.8	  100.0	  0	  150.0	 1050.0	    0.0	    0.0	   99.8	1	  459.9	  1	    0.0	   -nan	
 2548	 254.80	  372.4	    0.0	 -102.8	 1234.4	  359.3	    0.0	    0.0	 1073.8	    0.0	    0.0	    0.0	  100.0	    0.0	    0.0	    0.0	    0.0	   99.9	  100.0	  0	  150.0	 1050.0	    0.0	    0.0	   99.9	1	  459.9	  1	    0.0	   -nan	
 2549	 254.90	  372.4	    0.0	 -102.8	 1234.4	  359.3	    0.0	    0.0	 1073.8	   28.3	    0.0	    0.0	  100.0	    0.0	    0.0	    0.0	    0.0	  100.0	  100.0	  0	  150.0	 1050.0	    0.0	    0.0	  100.0	1	  452.8	  1	    0.0	   -nan	
 2550	 255.00	  372.4	    0.0	 -104.8	 1234.4	  359.3	    0.0	    0.0	  372.4	    0.0	    0.0	    0.0	  100.0	    0.0	    0.0	    0.0	    0.0	  100.0	  100.0	  0	  150.0	 1050.0	    0.0	    0.0	  100.0	1	  539.8	  1	    0.0	   -nan	
 2551	 255.10	  372.4	    0.0	  -15.3	 1234.4	  359.3	    0.0	    0.0	 1060.2	   41.1	    0.0	    0.0	  100.0	    0.0	    0.0	    0.0	    0.0	   99.8	  100.0	  0	  150.0	 1050.0	    0.0	    0.0	   99.8	1	  449.5	  1	    0.0	   -nan	
 2552	 255.20	  372.4	    0.0	 -121.9	 1234.4	  359.3	    0.0	    0.0	 1036.6	   39.6	    0.0	    0.0	  100.0	    0.0	    0.0	    0.0	    0.0	   99.9	  100.0	  0	  150.0	 1050.0	    0.0	    0.0	   99.9	1	  450.2	  1	    0.0	   -nan	
 2553	 255.30	  372.4	    0.0	 -121.9	 1234.4	  359.3	    0.0	    0.0	 1027.4	   38.0	    0.0	    0.0	  100.0	    0.0	    0.0	    0.0	    0.0	  100.0	  100.0	  0	  150.0	 1050.0	    0.0	    0.0	  100.0	1	  450.8	  1	    0.0	   -nan	
 2554	 255.40	  372.4	    0.0	 -121.7	 1234.4	  359.3	    0.0	    0.0	 1019.5	   39.1	    0.0	    0.0	  100.0	    0.0	    0.0	    0.0	    0.0	  100.0	  100.0	  0	  150.0	 1050.0	    0.0	    0.0	  100.0	1	  450.6	  1	    0.0	   -nan	
 2555	 255.50	  372.4	    0.0	 -121.8	 1234.4	  359.3	    0.0	    0.0	 1012.0	   35.2	    0.0	    0.0	  100.0	    0.0	    0.0	    0.0	    0.0	  100.0	  100.0	  0	  150.0	 1050.0	    0.0	    0.0	  100.0	1	  451.8	  1	    0.0	   -nan	
 2556	 255.60	  372.4	    0.0	 -121.3	 1234.4	  359.3	    0.0	    0.0	 1007.7	   30.7	    0.0	    0.0	  100.0	    0.0	    0.0	    0.0	    0.0	  100.0	  100.0	  0	  150.0	 1050.0	    0.0	    0.0	  100.0	1	  453.1	  1	    0.0	   -nan	
 2557	 255.70	  372.4	    0.0	 -120.6	 1234.4	  359.3	    0.0	    0.0	 1006.9	   24.3	    0.0	    0.0	  100.0	    0.0	    0.0	    0.0	    0.0	  100.0	  100.0	  0	  150.0	 1050.0	    0.0	    0.0	  100.0	1	  454.8	  1	    0.0	   -nan	
 2558	 255.80	  372.4	    0.0	 -119.0	 1234.4	  359.3	    0.0	    0.0	  999.6	    9.6	    0.0	    0.0	  100.0	    0.0	    0.0	    0.0	    0.0	  100.0	  100.0	  0	  150.0	 1050.0	    0.0	    0.0	  100.0	1	  458.8	  1	    0.0	   -nan	
 2559	 255.90	  372.4	    0.0	 -111.6	 1234.4	  359.3	    0.0	    0.0	  995.9	    9.0	    0.0	    0.0	  100.0	    0.0	    0.0	    0.0	    0.0	  100.0	  100.0	  0	  150.0	 1050.0	    0.0	    0.0	  100.0	1	  459.0	  1	    0.0	   -nan	
 2560	 256.00	  372.4	    0.0	 -110.7	 1234.4	  359.3	    0.0	    0.0	  992.6	    4.9	    0.0	    0.0	  100.0	    0.0	    0.0	    0.0	    0.0	  100.0	  100.0	  0	  150.0	 1050.0	    0.0	    0.0	  100.0	1	  460.2	  1	    0.0	   -nan	
 2561	 256.10	  372.4	    0.0	 -104.1	 1234.4	  359.3	    0.0	    0.0	  995.7	    0.0	    0.0	    0.0	  100.0	    0.0	    0.0	    0.0	    0.0	  100.0	  100.0	  0	  150.0	 1050.0	    0.0	    0.0	  100.0	1	  461.3	  1	    0.0	   -nan	
 2562	 256.20	  372.4	    0.0	  -89.6	 1234.4	  359.3	    0.0	    0.0	  994.6	    0.0	    0.0	    0.0	  100.0	    0.0	    0.0	    0.0	    0.0	  100.0	  100.0	  0	  150.0	 1050.0	    0.0	    0.0	  100.0	1	  461.4	  1	    0.0	   -nan	
 2563	 256.30	  372.4	    0.0	  -89.0	 1234.4	  359.3	    0.0	    0.0	  998.9	    0.0	    0.0	    0.0	  100.0	    0.0	    0.0	    0.0	    0.0	  100.0	  100.0	  0	  150.0	 1050.0	    0.0	    0.0	  100.0	1	  461.2	  1	    0.0	   -nan	
 2564	 256.40	  372.4	    0.0	  -92.0	 1234.4	  359.3	    0.0	    0.0	 1001.6	    0.0	    0.0	    0.0	  100.0	    0.0	    0.0	    0.0	    0.0	  100.0	  100.0	  0	  150.0	 1050.0	    0.0	    0.0	  100.0	1	  461.1	  1	    0.0	   -nan	
 2565	 256.50	  372.4	    0.0	  -94.1	 1234.4	  359.3	    0.0	    0.0	 1000.3	    0.0	    0.0	    0.0	  100.0	    0.0	    0.0	    0.0	    0.0	  100.0	  100.0	  0	  150.0	 1050.0	    0.0	    0.0	  100.0	1	  461.2	  1	    0.0	   -nan	
 2566	 256.60	  372.4	    0.0	  -92.8	 1234.4	  359.3	    0.0	    0.0	  996.3	    0.0	    0.0	    0.0	  100.0	    0.0	    0.0	    0.0	    0.0	  100.0	  100.0	  0	  150.0	 1050.0	    0.0	    0.0	  100.0	1	  461.3	  1	    0.0	   -nan	
 2567	 256.70	  372.4	    0.0	  -86.8	 1234.4	  359.3	    0.0	    0.0	 1004.9	    0.0	    0.0	    0.0	  100.0	    0.0	    0.0	    0.0	    0.0	  100.0	  100.0	  0	  150.0	 1050.0	    0.0	    0.0	  100.0	1	  461.0	  1	    0.0	   -nan	
 2568	 256.80	  372.4	    0.0	 -100.8	 1234.4	  359.3	    0.0	    0.0	 1006.7	    0.0	    0.0	    0.0	  100.0	    0.0	    0.0	    0.0	    0.0	  100.0	  100.0	  0	  150.0	 1050.0	    0.0	    0.0	  100.0	1	  461.0	  1	    0.0	   -nan	
 2569	 256.90	  372.4	    0.0	 -103.4	 1234.4	  359.3	    0.0	    0.0	 1019.8	    0.0	    0.0	    0.0	  100.0	    0.0	    0.0	    0.0	    0.0	  100.0	  100.0	  0	  150.0	 1050.0	    0.0	    0.0	  100.0	1	  460.7	  1	    0.0	   -nan	
 2570	 257.00	  372.4	    0.0	 -116.6	 1234.4	  359.3	    0.0	    0.0	 1027.3	    0.0	    0.0	    0.0	  100.0	    0.0	    0.0	    0.0	    0.0	  100.0	  100.0	  0	  150.0	 1050.0	    0.0	    0.0	  100.0	1	  460.5	  1	    0.0	   -nan	
 2571	 257.10	  372.4	    0.0	 -120.8	 1234.4	  359.3	    0.0	    0.0	 1035.9	    0.0	    0.0	    0.0	  100.0	    0.0	    0.0	    0.0	    0.0	  100.0	  100.0	  0	  150.0	 1050.0	    0.0	    0.0	  100.0	1	  460.3	  1	    0.0	   -nan	
 2572	 257.20	  372.4	    0.0	 -124.1	 1234.4	  359.3	    0.0	    0.0	 1039.7	    0.0	    0.0	    0.0	  100.0	    0.0	    0.0	    0.0	    0.0	  100.0	  100.0	  0	  150.0	 1050.0	    0.0	    0.0	  100.0	1	  460.3	  1	    0.0	   -nan	
 2573	 257.30	  372.4	    0.0	 -125.3	 1234.4	  359.3	    0.0	    0.0	 1042.6	    0.0	    0.0	    0.0	  100.0	    0.0	    0.0	    0.0	    0.0	  100.0	  100.0	  0	  150.0	 1050.0	    0.0	    0.0	  100.0	1	  460.2	  1	    0.0	   -nan	
 2574	 257.40	  372.4	    0.0	 -126.2	 1234.4	  359.3	    0.0	    0.0	 1042.5	    0.0	    0.0	    0.0	  100.0	    0.0	    0.0	    0.0	    0.0	  100.0	  100.0	  0	  150.0	 1050.0	    0.0	    0.0	  100.0	1	  460.2	  1	    0.0	   -nan	
 2575	 257.50	  372.4	    0.0	 -126.2	 1234.4	  359.3	    0.0	    0.0	 1046.3	    0.0	    0.0	    0.0	  100.0	    0.0	    0.0	    0.0	    0.0	  100.0	  100.0	  0	  150.0	 1050.0	    0.0	    0.0	  100.0	1	  460.2	  1	    0.0	   -nan	
 2576	 257.60	  372.4	    0.0	 -127.6	 1234.4	  359.3	    0.0	    0.0	 1045.0	    0.0	    0.0	    0.0	  100.0	    0.0	    0.0	    0.0	    0.0	  100.0	  100.0	  0	  150.0	 1050.0	    0.0	    0.0	  100.0	1	  460.2	  1	    0.0	   -nan	
 2577	 257.70	  372.4	    0.0	 -127.1	 1234.4	  359.3	    0.0	    0.0	 1049.4	    0.0	    0.0	    0.0	  100.0	    0.0	    0.0	    0.0	    0.0	  100.0	  100.0	  0	  150.0	 1050.0	    0.0	    0.0	  100.0	1	  460.1	  1	    0.0	   -nan	
 2578	 257.80	  372.4	    0.0	 -129.1	 1234.4	  359.3	    0.0	    0.0	 1049.4	    0.0	    0.0	    0.0	  100.0	    0.0	    0.0	    0.0	    0.0	  100.0	  100.0	  0	  150.0	 1050.0	    0.0	    0.0	  100.0	1	  460.1	  1	    0.0	   -nan	
 2579	 257.90	  372.4	    0.0	  133.1	 1234.4	  359.3	    0.0	    0.0	 1051.2	    0.0	    0.0	    0.0	  100.0	    0.0	    0.0	    0.0	    0.0	  100.0	  100.0	  0	  150.0	 1050.0	    0.0	    0.0	  100.0	1	  460.1	  1	    0.0	   -nan	
 2580	 258.00	  372.4	    0.0	  131.8	 1234.4	  359.3	    0.0	    0.0	 1052.4	    0.0	    0.0	    0.0	  100.0	    0.0	    0.0	    0.0	    0.0	  100.0	  100.0	  0	  150.0	 1050.0	    0.0	    0.0	  100.0	1	  460.1	  1	    0.0	   -nan	
 2581	 258.10	  372.4	    0.0	  131.8	 1234.4	  359.3	    0.0	    0.0	 1049.3	    0.0	    0.0	    0.0	  100.0	    0.0	    0.0	    0.0	    0.0	  100.0	  100.0	  0	  150.0	 1050.0	    0.0	    0.0	  100.0	1	  460.1	  1	    0.0	   -nan	
 2582	 258.20	  372.4	    0.0	  131.8	 1234.4	  359.3	    0.0	    0.0	 1053.2	    0.0	    0.0	    0.0	  100.0	    0.0	    0.0	    0.0	    0.0	  100.0	  100.0	  0	  150.0	 1050.0	    0.0	    0.0	  100.0	1	  460.1	  1	    0.0	   -nan	
 2583	 258.30	  372.4	    0.0	  131.8	 1234.4	  359.3	    0.0	    0.0	 1053.8	    0.0	    0.0	    0.0	  100.0	    0.0	    0.0	    0.0	    0.0	  100.0	  100.0	  0	  150.0	 1050.0	    0.0	    0.0	  100.0	1	  460.1	  1	    0.0	   -nan	
 2584	 258.40	  372.4	    0.0	  131.8	 1234.4	  359.3	    0.0	    0.0	 1053.8	    0.0	    0.0	    0.0	  100.0	    0.0	    0.0	    0.0	    0.0	  100.0	  100.0	  0	  150.0	 1050.0	    0.0	    0.0	  100.0	1	  460.1	  1	    0.0	   -nan	
 2585	 258.50	  372.4	    0.0	  131.8	 1234.4	  359.3	    0.0	    0.0	 1056.2	    0.0	    0.0	    0.0	  100.0	    0.0	    0.0	    0.0	    0.0	  100.0	  100.0	  0	  150.0	 1050.0	    0.0	    0.0	  100.0	1	  460.0	  1	    0.0	   -nan	
 2586	 258.60	  372.4	    0.0	  131.8	 1234.4	  359.3	    0.0	    0.0	 1057.3	    0.0	    0.0	    0.0	  100.0	    0.0	    0.0	    0.0	    0.0	  100.0	  100.0	  0	  150.0	 1050.0	    0.0	    0.0	  100.0	1	  460.0	  1	    0.0	   -nan	
 2587	 258.70	  372.4	    0.0	  131.8	 1234.4	  359.3	    0.0	    0.0	 1066.2	    0.0	    0.0	    0.0	  100.0	    0.0	    0.0	    0.0	    0.0	  100.0	  100.0	  0	  150.0	 1050.0	    0.0	    0.0	  100.0	1	  459.9	  1	    0.0	   -nan	
 2588	 258.80	  372.4	    0.0	  131.9	 1234.4	  359.3	    0.0	    0.0	 1065.5	    0.0	    0.0	    0.0	  100.0	    0.0	    0.0	    0.0	    0.0	  100.0	  100.0	  0	  150.0	 1050.0	    0.0	    0.0	  100.0	1	  459.9	  1	    0.0	   -nan	
 2589	 258.90	  372.4	    0.0	  131.9	 1234.4	  359.3	    0.0	    0.0	 1065.5	    0.0	    0.0	    0.0	  100.0	    0.0	    0.0	    0.0	    0.0	  100.0	  100.0	  0	  150.0	 1050.0	    0.0	    0.0	  100.0	1	  459.9	  1	    0.0	   -nan	
 2590	 259.00	  372.4	    0.0	  131.9	 1234.4	  359.3	    0.0	    0.0	 1066.1	    0.0	    0.0	    0.0	  100.0	    0.0	    0.0	    0.0	    0.0	  100.0	  100.0	  0	  150.0	 1050.0	    0.0	    0.0	  100.0	1	  459.9	  1	    0.0	   -nan	
 2591	 259.10	  372.4	    0.0	  131.9	 1234.4	  359.3	    0.0	    0.0	 1064.5	    0.0	    0.0	    0.0	  100.0	    0.0	    0.0	    0.0	    0.0	  100.0	  100.0	  0	  150.0	 1050.0	    0.0	    0.0	  100.0	1	  459.9	  1	    0.0	   -nan	
 2592	 259.20	  372.4	    0.0	  131.9	 1234.4	  359.3	    0.0	    0.0	 1080.9	    0.0	    0.0	    0.0	  100.0	    0.0	    0.0	    0.0	    0.0	  100.0	  100.0	  0	  150.0	 1050.0	    0.0	    0.0	  100.0	1	  459.8	  1	    0.0	   -nan	
 2593	 259.30	  372.4	    0.0	  131.5	 1234.4	  359.3	    0.0	    0.0	 1097.9	    0.0	    0.0	    0.0	  100.0	    0.0	    0.0	    0.0	    0.0	  100.0	  100.0	  0	  150.0	 1050.0	    0.0	    0.0	  100.0	1	  459.8	  1	    0.0	   -nan	
 2594	 259.40	  372.4	    0.0	  129.3	 1234.4	  359.3	    0.0	    0.0	 1108.1	    0.0	    0.0	    0.0	  100.0	    0.0	    0.0	    0.0	    0.0	  100.0	  100.0	  0	  150.0	 1050.0	    0.0	    0.0	  100.0	1	  459.9	  1	    0.0	   -nan	
 2595	 259.50	  372.4	    0.0	  -10.9	 1234.4	  359.3	    0.0	    0.0	 1114.0	    0.0	    0.0	    0.0	  100.0	    0.0	    0.0	    0.0	    0.0	  100.0	  100.0	  0	  150.0	 1050.0	    0.0	    0.0	  100.0	1	  459.9	  1	    0.0	   -nan	
 2596	 259.60	  372.4	    0.0	  -48.2	 1234.4	  359.3	    0.0	    0.0	 1114.0	    0.0	    0.0	    0.0	  100.0	    0.0	    0.0	    0.0	    0.0	  100.0	  100.0	  0	  150.0	 1050.0	    0.0	    0.0	  100.0	1	  459.9	  1	    0.0	   -nan	
 2597	 259.70	  372.4	    0.0	  -48.2	 1234.4	  359.3	    0.0	    0.0	 1123.1	    0.0	    0.0	    0.0	  100.0	    0.0	    0.0	    0.0	    0.0	  100.0	  100.0	  0	  150.0	 1050.0	    0.0	    0.0	  100.0	1	  460.0	  1	    0.0	   -nan	
 2598	 259.80	  372.4	    0.0	  -48.2	 1234.4	  359.3	    0.0	    0.0	 1144.7	    0.0	    0.0	    0.0	  100.0	    0.0	    0.0	    0.0	    0.0	  100.0	  100.0	  0	  150.0	 1050.0	    0.0	    0.0	  100.0	1	  460.3	  1	    0.0	   -nan	
 2599	 259.90	  372.4	    0.0	  -48.1	 1234.4	  359.3	    0.0	    0.0	 1175.2	    0.0	    0.0	    0.0	  100.0	    0.0	    0.0	    0.0	    0.0	  100.0	  100.0	  0	  150.0	 1050.0	    0.0	    0.0	  100.0	1	  461.0	  1	    0.0	   -nan	
 2600	 260.00	  372.4	    0.0	  -47.8	 1234.4	  359.3	    0.0	    0.0	 1184.5	    0.0	    0.0	    0.0	  100.0	    0.0	    0.0	    0.0	    0.0	  100.0	  100.0	  0	  150.0	 1050.0	    0.0	    0.0	  100.0	1	  461.3	  1	    0.0	   -nan	
 2601	 260.10	  372.4	    0.0	  -47.7	 1234.4	  359.3	    0.0	    0.0	 1185.8	    0.0	    0.0	    0.0	  100.0	    0.0	    0.0	    0.0	    0.0	  100.0	  100.0	  0	  150.0	 1050.0	    0.0	    0.0	  100.0	1	  461.3	  1	    0.0	   -nan	
 2602	 260.20	  372.4	    0.0	  -47.7	 1234.4	  359.3	    0.0	    0.0	 1184.0	    0.0	    0.0	    0.0	  100.0	    0.0	    0.0	    0.0	    0.0	  100.0	  100.0	  0	  150.0	 1050.0	    0.0	    0.0	  100.0	1	  461.2	  1	    0.0	   -nan	
 2603	 260.30	  372.4	    0.0	  -47.7	 1234.4	  359.3	    0.0	    0.0	 1166.3	    0.0	    0.0	    0.0	  100.0	    0.0	    0.0	    0.0	    0.0	  100.0	  100.0	  0	  150.0	 1050.0	    0.0	    0.0	  100.0	1	  460.7	  1	    0.0	   -nan	
 2604	 260.40	  372.4	    0.0	  -48.3	 1234.4	  359.3	    0.0	    0.0	 1166.3	    0.0	    0.0	    0.0	  100.0	    0.0	    0.0	    0.0	    0.0	  100.0	  100.0	  0	  150.0	 1050.0	    0.0	    0.0	  100.0	1	  460.7	  1	    0.0	   -nan	
 2605	 260.50	  372.4	    0.0	  -48.3	 1234.4	  359.3	    0.0	    0.0	 1166.1	    0.0	    0.0	    0.0	  100.0	    0.0	    0.0	    0.0	    0.0	  100.0	  100.0	  0	  150.0	 1050.0	    0.0	    0.0	  100.0	1	  460.7	  1	    0.0	   -nan	
 2606	 260.60	  372.4	    0.0	  -48.3	 1234.4	  359.3	    0.0	    0.0	 1166.1	    0.0	    0.0	    0.0	  100.0	    0.0	    0.0	    0.0	    0.0	  100.0	  100.0	  0	  150.0	 1050.0	    0.0	    0.0	  100.0	1	  460.7	  1	    0.0	   -nan	
 2607	 260.70	  372.4	    0.0	  -48.3	 1234.4	  359.3	    0.0	    0.0	 1141.7	    0.0	    0.0	    0.0	  100.0	    0.0	    0.0	    0.0	    0.0	  100.0	  100.0	  0	  150.0	 1050.0	    0.0	    0.0	  100.0	1	  460.2	  1	    0.0	   -nan	
 2608	 260.80	  372.4	    0.0	  -49.9	 1234.4	  359.3	    0.0	    0.0	 1141.7	    0.0	    0.0	    0.0	  100.0	    0.0	    0.0	    0.0	    0.0	  100.0	  100.0	  0	  150.0	 1050.0	    0.0	    0.0	  100.0	1	  460.2	  1	    0.0	   -nan	
 2609	 260.90	  372.4	    0.0	  -49.9	 1234.4	  359.3	    0.0	    0.0	 1134.3	    0.0	    0.0	    0.0	  100.0	    0.0	    0.0	    0.0	    0.0	  100.0	  100.0	  0	  150.0	 1050.0	    0.0	    0.0	  100.0	1	  460.1	  1	    0.0	   -nan	
 2610	 261.00	  372.4	    0.0	  -50.6	 1234.4	  359.3	    0.0	    0.0	 1121.4	    0.0	    0.0	    0.0	  100.0	    0.0	    0.0	    0.0	    0.0	  100.0	  100.0	  0	  150.0	 1050.0	    0.0	    0.0	  100.0	1	  460.0	  1	    0.0	   -nan	
 2611	 261.10	  372.4	    0.0	  -51.8	 1234.4	  359.3	    0.0	    0.0	 1121.4	    0.0	    0.0	    0.0	  100.0	    0.0	    0.0	    0.0	    0.0	  100.0	  100.0	  0	  150.0	 1050.0	    0.0	    0.0	  100.0	1	  460.0	  1	    0.0	   -nan	
 2612	 261.20	  372.4	    0.0	  -51.8	 1234.4	  359.3	    0.0	    0.0	 1119.6	    0.0	    0.0	    0.0	  100.0	    0.0	    0.0	    0.0	    0.0	  100.0	  100.0	  0	  150.0	 1050.0	    0.0	    0.0	  100.0	1	  459.9	  1	    0.0	   -nan	
 2613	 261.30	  372.4	    0.0	  -52.0	 1234.4	  359.3	    0.0	    0.0	 1115.0	    0.0	    0.0	    0.0	  100.0	    0.0	    0.0	    0.0	    0.0	  100.0	  100.0	  0	  150.0	 1050.0	    0.0	    0.0	  100.0	1	  459.9	  1	    0.0	   -nan	
 2614	 261.40	  372.4	    0.0	  -52.8	 1234.4	  359.3	    0.0	    0.0	 1115.0	    0.0	    0.0	    0.0	  100.0	    0.0	    0.0	    0.0	    0.0	  100.0	  100.0	  0	  150.0	 1050.0	    0.0	    0.0	  100.0	1	  459.9	  1	    0.0	   -nan	
 2615	 261.50	  372.4	    0.0	  -52.8	 1234.4	  359.3	    0.0	    0.0	 1115.0	    0.0	    0.0	    0.0	  100.0	    0.0	    0.0	    0.0	    0.0	  100.0	  100.0	  0	  150.0	 1050.0	    0.0	    0.0	  100.0	1	  459.9	  1	    0.0	   -nan	
 2616	 261.60	  372.4	    0.0	  -52.8	 1234.4	  359.3	    0.0	    0.0	 1115.0	    0.0	    0.0	    0.0	  100.0	    0.0	    0.0	    0.0	    0.0	  100.0	  100.0	  0	  150.0	 1050.0	    0.0	    0.0	  100.0	1	  459.9	  1	    0.0	   -nan	
 2617	 261.70	  372.4	    0.0	  -52.8	 1234.4	  359.3	    0.0	    0.0	 1121.8	    0.0	    0.0	    0.0	  100.0	    0.0	    0.0	    0.0	    0.0	  100.0	  100.0	  0	  150.0	 1050.0	    0.0	    0.0	  100.0	1	  460.0	  1	    0.0	   -nan	
 2618	 261.80	  372.4	    0.0	  -49.6	 1234.4	  359.3	    0.0	    0.0	 1124.7	    0.0	    0.0	    0.0	  100.0	    0.0	    0.0	    0.0	    0.0	  100.0	  100.0	  0	  150.0	 1050.0	    0.0	    0.0	  100.0	1	  460.0	  1	    0.0	   -nan	
 2619	 261.90	  372.4	    0.0	  -47.6	 1234.4	  359.3	    0.0	    0.0	 1124.7	    0.0	    0.0	    0.0	  100.0	    0.0	    0.0	    0.0	    0.0	  100.0	  100.0	  0	  150.0	 1050.0	    0.0	    0.0	  100.0	1	  460.0	  1	    0.0	   -nan	
 2620	 262.00	  372.4	    0.0	  -47.6	 1234.4	  359.3	    0.0	    0.0	 1122.7	    0.0	    0.0	    0.0	  100.0	    0.0	    0.0	    0.0	    0.0	  100.0	  100.0	  0	  150.0	 1050.0	    0.0	    0.0	  100.0	1	  460.0	  1	    0.0	   -nan	
 2621	 262.10	  372.4	    0.0	  -49.9	 1234.4	  359.3	    0.0	    0.0	 1117.5	    0.0	    0.0	    0.0	  100.0	    0.0	    0.0	    0.0	    0.0	  100.0	  100.0	  0	  150.0	 1050.0	    0.0	    0.0	  100.0	1	  459.9	  1	    0.0	   -nan	
 2622	 262.20	  372.4	    0.0	  -57.0	 1234.4	  359.3	    0.0	    0.0	 1101.3	    0.0	    0.0	    0.0	  100.0	    0.0	    0.0	    0.0	    0.0	  100.0	  100.0	  0	  150.0	 1050.0	    0.0	    0.0	  100.0	1	  459.8	  1	    0.0	   -nan	
 2623	 262.30	  372.4	    0.0	  -77.1	 1234.4	  359.3	    0.0	    0.0	 1101.3	    0.0	    0.0	    0.0	  100.0	    0.0	    0.0	    0.0	    0.0	  100.0	  100.0	  0	  150.0	 1050.0	    0.0	    0.0	  100.0	1	  459.8	  1	    0.0	   -nan	
 2624	 262.40	  372.4	    0.0	  -77.1	 1234.4	  359.3	    0.0	    0.0	 1105.1	    0.0	    0.0	    0.0	  100.0	    0.0	    0.0	    0.0	    0.0	  100.0	  100.0	  0	  150.0	 1050.0	    0.0	    0.0	  100.0	1	  459.9	  1	    0.0	   -nan	
 2625	 262.50	  372.4	    0.0	  -71.1	 1234.4	  359.3	    0.0	    0.0	 1105.2	    0.0	    0.0	    0.0	  100.0	    0.0	    0.0	    0.0	    0.0	  100.0	  100.0	  0	  150.0	 1050.0	    0.0	    0.0	  100.0	1	  459.9	  1	    0.0	   -nan	
 2626	 262.60	  372.4	    0.0	  -70.8	 1234.4	  359.3	    0.0	    0.0	 1108.0	    0.0	    0.0	    0.0	  100.0	    0.0	    0.0	    0.0	    0.0	  100.0	  100.0	  0	  150.0	 1050.0	    0.0	    0.0	  100.0	1	  459.9	  1	    0.0	   -nan	
 2627	 262.70	  372.4	    0.0	  -61.7	 1234.4	  359.3	    0.0	    0.0	 1109.0	    0.0	    0.0	    0.0	  100.0	    0.0	    0.0	    0.0	    0.0	  100.0	  100.0	  0	  150.0	 1050.0	    0.0	    0.0	  100.0	1	  459.9	  1	    0.0	   -nan	
 2628	 262.80	  372.4	    0.0	  -56.9	 1234.4	  359.3	    0.0	    0.0	 1108.1	    0.0	    0.0	    0.0	  100.0	    0.0	    0.0	    0.0	    0.0	  100.0	  100.0	  0	  150.0	 1050.0	    0.0	    0.0	  100.0	1	  459.9	  1	    0.0	   -nan	
 2629	 262.90	  372.4	    0.0	  -62.5	 1234.4	  359.3	    0.0	    0.0	 1108.1	    0.0	    0.0	    0.0	  100.0	    0.0	    0.0	    0.0	    0.0	  100.0	  100.0	  0	  150.0	 1050.0	    0.0	    0.0	  100.0	1	  459.9	  1	    0.0	   -nan	
 2630	 263.00	  372.4	    0.0	  -62.5	 1234.4	  359.3	    0.0	    0.0	 1108.0	    0.0	    0.0	    0.0	  100.0	    0.0	    0.0	    0.0	    0.0	  100.0	  100.0	  0	  150.0	 1050.0	    0.0	    0.0	  100.0	1	  459.9	  1	    0.0	   -nan	
 2631	 263.10	  372.4	    0.0	  -63.5	 1234.4	  359.3	    0.0	    0.0	 1109.0	    0.0	    0.0	    0.0	  100.0	    0.0	    0.0	    0.0	    0.0	  100.0	  100.0	  0	  150.0	 1050.0	    0.0	    0.0	  100.0	1	  459.9	  1	    0.0	   -nan	
 2632	 263.20	  372.4	    0.0	  -50.0	 1234.4	  359.3	    0.0	    0.0	 1110.9	    0.0	    0.0	    0.0	  100.0	    0.0	    0.0	    0.0	    0.0	  100.0	  100.0	  0	  150.0	 1050.0	    0.0	    0.0	  100.0	1	  459.9	  1	    0.0	   -nan	
 2633	 263.30	  372.4	    0.0	  -17.7	 1234.4	  359.3	    0.0	    0.0	 1109.0	    0.0	    0.0	    0.0	  100.0	    0.0	    0.0	    0.0	    0.0	  100.0	  100.0	  0	  150.0	 1050.0	    0.0	    0.0	  100.0	1	  459.9	  1	    0.0	   -nan	
 2634	 263.40	  372.4	    0.0	  -60.2	 1234.4	  359.3	    0.0	    0.0	 1109.0	    0.0	    0.0	    0.0	  100.0	    0.0	    0.0	    0.0	    0.0	  100.0	  100.0	  0	  150.0	 1050.0	    0.0	    0.0	  100.0	1	  459.9	  1	    0.0	   -nan	
 2635	 263.50	  372.4	    0.0	  -60.2	 1234.4	  359.3	    0.0	    0.0	 1108.1	    0.0	    0.0	    0.0	  100.0	    0.0	    0.0	    0.0	    0.0	  100.0	  100.0	  0	  150.0	 1050.0	    0.0	    0.0	  100.0	1	  459.9	  1	    0.0	   -nan	
 2636	 263.60	  372.4	    0.0	  -87.9	 1234.4	  359.3	    0.0	    0.0	 1096.9	    0.0	    0.0	    0.0	  100.0	    0.0	    0.0	    0.0	    0.0	  100.0	  100.0	  0	  150.0	 1050.0	    0.0	    0.0	  100.0	1	  459.8	  1	    0.0	   -nan	
 2637	 263.70	  372.4	    0.0	 -132.1	 1234.4	  359.3	    0.0	    0.0	 1089.3	    0.0	    0.0	    0.0	  100.0	    0.0	    0.0	    0.0	    0.0	  100.0	  100.0	  0	  150.0	 1050.0	    0.0	    0.0	  100.0	1	  459.8	  1	    0.0	   -nan	
 2638	 263.80	  372.4	    0.0	  132.2	 1234.4	  359.3	    0.0	    0.0	 1086.7	    0.0	    0.0	    0.0	  100.0	    0.0	    0.0	    0.0	    0.0	  100.0	  100.0	  0	  150.0	 1050.0	    0.0	    0.0	  100.0	1	  459.8	  1	    0.0	   -nan	
 2639	 263.90	  372.4	    0.0	  131.8	 1234.4	  359.3	    0.0	    0.0	 1086.2	    0.0	    0.0	    0.0	  100.0	    0.0	    0.0	    0.0	    0.0	  100.0	  100.0	  0	  150.0	 1050.0	    0.0	    0.0	  100.0	1	  459.8	  1	    0.0	   -nan	
 2640	 264.00	  372.4	    0.0	  131.8	 1234.4	  359.3	    0.0	    0.0	 1086.1	    0.0	    0.0	    0.0	  100.0	    0.0	    0.0	    0.0	    0.0	  100.0	  100.0	  0	  150.0	 1050.0	    0.0	    0.0	  100.0	1	  459.8	  1	    0.0	   -nan	
 2641	 264.10	  372.4	    0.0	  131.8	 1234.4	  359.3	    0.0	    0.0	 1088.4	    0.0	    0.0	    0.0	  100.0	    0.0	    0.0	    0.0	    0.0	  100.0	  100.0	  0	  150.0	 1050.0	    0.0	    0.0	  100.0	1	  459.8	  1	    0.0	   -nan	
 2642	 264.20	  372.4	    0.0	  131.7	 1234.4	  359.3	    0.0	    0.0	 1074.1	    0.0	    0.0	    0.0	  100.0	    0.0	    0.0	    0.0	    0.0	  100.0	  100.0	  0	  150.0	 1050.0	    0.0	    0.0	  100.0	1	  459.9	  1	    0.0	   -nan	
 2643	 264.30	  372.4	    0.0	  131.8	 1234.4	  359.3	    0.0	    0.0	 1058.1	    0.0	    0.0	    0.0	  100.0	    0.0	    0.0	    0.0	    0.0	  100.0	  100.0	  0	  150.0	 1050.0	    0.0	    0.0	  100.0	1	  460.0	  1	    0.0	   -nan	
 2644	 264.40	  372.4	    0.0	  131.8	 1234.4	  359.3	    0.0	    0.0	  983.6	    0.0	    0.0	    0.0	  100.0	    0.0	    0.0	    0.0	    0.0	  100.0	  100.0	  0	  150.0	 1050.0	    0.0	    0.0	  100.0	1	  461.7	  1	    0.0	   -nan	
 2645	 264.50	  372.4	    0.0	  129.6	 1234.4	  359.3	    0.0	    0.0	  967.4	    0.0	    0.0	    0.0	  100.0	    0.0	    0.0	    0.0	    0.0	  100.0	  100.0	  0	  150.0	 1050.0	    0.0	    0.0	  100.0	1	  462.3	  1	    0.0	   -nan	
 2646	 264.60	  372.4	    0.0	  128.2	 1234.4	  359.3	    0.0	    0.0	  936.0	    0.0	    0.0	    0.0	  100.0	    0.0	    0.0	    0.0	    0.0	  100.0	  100.0	  0	  150.0	 1050.0	    0.0	    0.0	  100.0	1	  463.7	  1	    0.0	   -nan	
 2647	 264.70	  372.4	    0.0	  123.9	 1234.4	  359.3	    0.0	    0.0	  921.3	    0.0	    0.0	    0.0	  100.0	    0.0	    0.0	    0.0	    0.0	  100.0	  100.0	  0	  150.0	 1050.0	    0.0	    0.0	  100.0	1	  464.5	  1	    0.0	   -nan	
 2648	 264.80	  372.4	    0.0	  112.8	 1234.4	  359.3	    0.0	    0.0	  921.3	    0.0	    0.0	    0.0	  100.0	    0.0	    0.0	    0.0	    0.0	  100.0	  100.0	  0	  150.0	 1050.0	    0.0	    0.0	  100.0	1	  464.5	  1	    0.0	   -nan	
 2649	 264.90	  372.4	    0.0	  -40.8	 1234.4	  359.3	    0.0	    0.0	  905.4	    0.0	    0.0	    0.0	  100.0	    0.0	    0.0	    0.0	    0.0	  100.0	  100.0	  0	  150.0	 1050.0	    0.0	    0.0	  100.0	1	  465.4	  1	    0.0	   -nan	
 2650	 265.00	  372.4	    0.0	  -48.7	 1234.4	  359.3	    0.0	    0.0	  899.8	    0.0	    0.0	    0.0	  100.0	    0.0	    0.0	    0.0	    0.0	  100.0	  100.0	  0	  150.0	 1050.0	    0.0	    0.0	  100.0	1	  465.7	  1	    0.0	   -nan	
 2651	 265.10	  372.4	    0.0	  -48.7	 1234.4	  359.3	    0.0	    0.0	  890.3	    0.0	    0.0	    0.0	  100.0	    0.0	    0.0	    0.0	    0.0	  100.0	  100.0	  0	  150.0	 1050.0	    0.0	    0.0	  100.0	1	  466.3	  1	    0.0	   -nan	
 2652	 265.20	  372.4	    0.0	  -48.6	 1234.4	  359.3	    0.0	    0.0	  888.0	    0.0	    0.0	    0.0	  100.0	    0.0	    0.0	    0.0	    0.0	  100.0	  100.0	  0	  150.0	 1050.0	    0.0	    0.0	  100.0	1	  466.5	  1	    0.0	   -nan	
 2653	 265.30	  372.4	    0.0	  -48.6	 1234.4	  359.3	    0.0	    0.0	  882.2	    0.0	    0.0	    0.0	  100.0	    0.0	    0.0	    0.0	    0.0	  100.0	  100.0	  0	  150.0	 1050.0	    0.0	    0.0	  100.0	1	  466.9	  1	    0.0	   -nan	
 2654	 265.40	  372.4	    0.0	  -48.5	 1234.4	  359.3	    0.0	    0.0	  876.0	    0.0	    0.0	    0.0	  100.0	    0.0	    0.0	    0.0	    0.0	  100.0	  100.0	  0	  150.0	 1050.0	    0.0	    0.0	  100.0	1	  467.3	  1	    0.0	   -nan	
 2655	 265.50	  372.4	    0.0	  -48.4	 1234.4	  359.3	    0.0	    0.0	  859.5	    0.0	    0.0	    0.0	  100.0	    0.0	    0.0	    0.0	    0.0	  100.0	  100.0	  0	  150.0	 1050.0	    0.0	    0.0	  100.0	1	  468.5	  1	    0.0	   -nan	
 2656	 265.60	  372.4	    0.0	  -47.9	 1234.4	  359.3	    0.0	    0.0	  853.2	    0.0	    0.0	    0.0	  100.0	    0.0	    0.0	    0.0	    0.0	  100.0	  100.0	  0	  150.0	 1050.0	    0.0	    0.0	  100.0	1	  469.0	  1	    0.0	   -nan	
 2657	 265.70	  372.4	    0.0	  -47.7	 1234.4	  359.3	    0.0	    0.0	  846.1	    0.0	    0.0	    0.0	  100.0	    0.0	    0.0	    0.0	    0.0	  100.0	  100.0	  0	  150.0	 1050.0	    0.0	    0.0	  100.0	1	  469.6	  1	    0.0	   -nan	
 2658	 265.80	  372.4	    0.0	  -47.3	 1234.4	  359.3	    0.0	    0.0	  845.3	    0.0	    0.0	    0.0	  100.0	    0.0	    0.0	    0.0	    0.0	  100.0	  100.0	  0	  150.0	 1050.0	    0.0	    0.0	  100.0	1	  469.6	  1	    0.0	   -nan	
 2659	 265.90	  372.4	    0.0	  -47.2	 1234.4	  359.3	    0.0	    0.0	  842.5	    0.0	    0.0	    0.0	  100.0	    0.0	    0.0	    0.0	    0.0	  100.0	  100.0	  0	  150.0	 1050.0	    0.0	    0.0	  100.0	1	  469.9	  1	    0.0	   -nan	
 2660	 266.00	  372.4	    0.0	  -47.0	 1234.4	  359.3	    0.0	    0.0	  837.9	    0.0	    0.0	    0.0	  100.0	    0.0	    0.0	    0.0	    0.0	  100.0	  100.0	  0	  150.0	 1050.0	    0.0	    0.0	  100.0	1	  470.2	  1	    0.0	   -nan	
 2661	 266.10	  372.4	    0.0	  -46.4	 1234.4	  359.3	    0.0	    0.0	  837.0	    0.0	    0.0	    0.0	  100.0	    0.0	    0.0	    0.0	    0.0	  100.0	  100.0	  0	  150.0	 1050.0	    0.0	    0.0	  100.0	1	  470.3	  1	    0.0	   -nan	
 2662	 266.20	  372.4	    0.0	  -46.3	 1234.4	  359.3	    0.0	    0.0	  834.1	    0.0	    0.0	    0.0	  100.0	    0.0	    0.0	    0.0	    0.0	  100.0	  100.0	  0	  150.0	 1050.0	    0.0	    0.0	  100.0	1	  470.6	  1	    0.0	   -nan	
 2663	 266.30	  372.4	    0.0	  -45.7	 1234.4	  359.3	    0.0	    0.0	  826.4	    0.0	    0.0	    0.0	  100.0	    0.0	    0.0	    0.0	    0.0	  100.0	  100.0	  0	  150.0	 1050.0	    0.0	    0.0	  100.0	1	  471.2	  1	    0.0	   -nan	
 2664	 266.40	  372.4	    0.0	  -43.6	 1234.4	  359.3	    0.0	    0.0	  822.8	    0.0	    0.0	    0.0	  100.0	    0.0	    0.0	    0.0	    0.0	  100.0	  100.0	  0	  150.0	 1050.0	    0.0	    0.0	  100.0	1	  471.6	  1	    0.0	   -nan	
 2665	 266.50	  372.4	    0.0	  -42.4	 1234.4	  359.3	    0.0	    0.0	  813.0	    0.0	    0.0	    0.0	  100.0	    0.0	    0.0	    0.0	    0.0	  100.0	  100.0	  0	  150.0	 1050.0	    0.0	    0.0	  100.0	1	  472.5	  1	    0.0	   -nan	
 2666	 266.60	  372.4	    0.0	  -37.8	 1234.4	  359.3	    0.0	    0.0	  806.4	    0.0	    0.0	    0.0	  100.0	    0.0	    0.0	    0.0	    0.0	  100.0	  100.0	  0	  150.0	 1050.0	    0.0	    0.0	  100.0	1	  473.1	  1	    0.0	   -nan	
 2667	 266.70	  372.4	    0.0	  -33.8	 1234.4	  359.3	    0.0	    0.0	  798.0	    0.0	    0.0	    0.0	  100.0	    0.0	    0.0	    0.0	    0.0	  100.0	  100.0	  0	  150.0	 1050.0	    0.0	    0.0	  100.0	1	  473.9	  1	    0.0	   -nan	
 2668	 266.80	  372.4	    0.0	  -27.3	 1234.4	  359.3	    0.0	    0.0	  798.2	    0.0	    0.0	    0.0	  100.0	    0.0	    0.0	    0.0	    0.0	  100.0	  100.0	  0	  150.0	 1050.0	    0.0	    0.0	  100.0	1	  473.9	  1	    0.0	   -nan	
 2669	 266.90	  372.4	    0.0	  -27.5	 1234.4	  359.3	    0.0	    0.0	  796.4	    0.0	    0.0	    0.0	  100.0	    0.0	    0.0	    0.0	    0.0	  100.0	  100.0	  0	  150.0	 1050.0	    0.0	    0.0	  100.0	1	  474.1	  1	    0.0	   -nan	
 2670	 267.00	  372.4	    0.0	  -25.3	 1234.4	  359.3	    0.0	    0.0	  796.5	    0.0	    0.0	    0.0	  100.0	    0.0	    0.0	    0.0	    0.0	  100.0	  100.0	  0	  150.0	 1050.0	    0.0	    0.0	  100.0	1	  474.1	  1	    0.0	   -nan	
 2671	 267.10	  372.4	    0.0	  -25.4	 1234.4	  359.3	    0.0	    0.0	  798.2	    0.0	    0.0	    0.0	  100.0	    0.0	    0.0	    0.0	    0.0	  100.0	  100.0	  0	  150.0	 1050.0	    0.0	    0.0	  100.0	1	  473.9	  1	    0.0	   -nan	
 2672	 267.20	  372.4	    0.0	  -29.0	 1234.4	  359.3	    0.0	    0.0	  801.0	    0.0	    0.0	    0.0	  100.0	    0.0	    0.0	    0.0	    0.0	  100.0	  100.0	  0	  150.0	 1050.0	    0.0	    0.0	  100.0	1	  473.6	  1	    0.0	   -nan	
 2673	 267.30	  372.4	    0.0	  -37.1	 1234.4	  359.3	    0.0	    0.0	  802.0	    0.0	    0.0	    0.0	  100.0	    0.0	    0.0	    0.0	    0.0	  100.0	  100.0	  0	  150.0	 1050.0	    0.0	    0.0	  100.0	1	  473.5	  1	    0.0	   -nan	
 2674	 267.40	  372.4	    0.0	  -41.1	 1234.4	  359.3	    0.0	    0.0	  803.9	    0.0	    0.0	    0.0	  100.0	    0.0	    0.0	    0.0	    0.0	  100.0	  100.0	  0	  150.0	 1050.0	    0.0	    0.0	  100.0	1	  473.3	  1	    0.0	   -nan	
 2675	 267.50	  372.4	    0.0	  -51.1	 1234.4	  359.3	    0.0	    0.0	  805.7	    0.0	    0.0	    0.0	  100.0	    0.0	    0.0	    0.0	    0.0	  100.0	  100.0	  0	  150.0	 1050.0	    0.0	    0.0	  100.0	1	  473.2	  1	    0.0	   -nan	
 2676	 267.60	  372.4	    0.0	  -63.4	 1234.4	  359.3	    0.0	    0.0	  807.6	    0.0	    0.0	    0.0	  100.0	    0.0	    0.0	    0.0	    0.0	  100.0	  100.0	  0	  150.0	 1050.0	    0.0	    0.0	  100.0	1	  473.0	  1	    0.0	   -nan	
 2677	 267.70	  372.4	    0.0	  -78.3	 1234.4	  359.3	    0.0	    0.0	  807.5	    0.0	    0.0	    0.0	  100.0	    0.0	    0.0	    0.0	    0.0	  100.0	  100.0	  0	  150.0	 1050.0	    0.0	    0.0	  100.0	1	  473.0	  1	    0.0	   -nan	
 2678	 267.80	  372.4	    0.0	  -77.3	 1234.4	  359.3	    0.0	    0.0	  808.4	    0.0	    0.0	    0.0	  100.0	    0.0	    0.0	    0.0	    0.0	  100.0	  100.0	  0	  150.0	 1050.0	    0.0	    0.0	  100.0	1	  472.9	  1	    0.0	   -nan	
 2679	 267.90	  372.4	    0.0	  -87.2	 1234.4	  359.3	    0.0	    0.0	  807.4	    0.0	    0.0	    0.0	  100.0	    0.0	    0.0	    0.0	    0.0	  100.0	  100.0	  0	  150.0	 1050.0	    0.0	    0.0	  100.0	1	  473.0	  1	    0.0	   -nan	
 2680	 268.00	  372.4	    0.0	  -72.3	 1234.4	  359.3	    0.0	    0.0	  807.5	    0.0	    0.0	    0.0	  100.0	    0.0	    0.0	    0.0	    0.0	  100.0	  100.0	  0	  150.0	 1050.0	    0.0	    0.0	  100.0	1	  473.0	  1	    0.0	   -nan	
 2681	 268.10	  372.4	    0.0	  -74.5	 1234.4	  359.3	    0.0	    0.0	  808.4	    0.0	    0.0	    0.0	  100.0	    0.0	    0.0	    0.0	    0.0	  100.0	  100.0	  0	  150.0	 1050.0	    0.0	    0.0	  100.0	1	  472.9	  1	    0.0	   -nan	
 2682	 268.20	  372.4	    0.0	  -94.5	 1234.4	  359.3	    0.0	    0.0	  809.4	    0.0	    0.0	    0.0	  100.0	    0.0	    0.0	    0.0	    0.0	  100.0	  100.0	  0	  150.0	 1050.0	    0.0	    0.0	  100.0	1	  472.8	  1	    0.0	   -nan	
 2683	 268.30	  372.4	    0.0	 -110.6	 1234.4	  359.3	    0.0	    0.0	  810.2	    0.0	    0.0	    0.0	  100.0	    0.0	    0.0	    0.0	    0.0	  100.0	  100.0	  0	  150.0	 1050.0	    0.0	    0.0	  100.0	1	  472.7	  1	    0.0	   -nan	
 2684	 268.40	  372.4	    0.0	 -119.1	 1234.4	  359.3	    0.0	    0.0	  811.1	    0.0	    0.0	    0.0	  100.0	    0.0	    0.0	    0.0	    0.0	  100.0	  100.0	  0	  150.0	 1050.0	    0.0	    0.0	  100.0	1	  472.7	  1	    0.0	   -nan	
 2685	 268.50	  372.4	    0.0	 -125.7	 1234.4	  359.3	    0.0	    0.0	  809.3	    0.0	    0.0	    0.0	  100.0	    0.0	    0.0	    0.0	    0.0	  100.0	  100.0	  0	  150.0	 1050.0	    0.0	    0.0	  100.0	1	  472.8	  1	    0.0	   -nan	
 2686	 268.60	  372.4	    0.0	  -85.6	 1234.4	  359.3	    0.0	    0.0	  808.9	    0.0	    0.0	    0.0	  100.0	    0.0	    0.0	    0.0	    0.0	  100.0	  100.0	  0	  150.0	 1050.0	    0.0	    0.0	  100.0	1	  472.9	  1	    0.0	   -nan	
 2687	 268.70	  372.4	    0.0	  -43.5	 1234.4	  359.3	    0.0	    0.0	  806.9	    0.0	    0.0	    0.0	  100.0	    0.0	    0.0	    0.0	    0.0	  100.0	  100.0	  0	  150.0	 1050.0	    0.0	    0.0	  100.0	1	  473.1	  1	    0.0	   -nan	
 2688	 268.80	  372.4	    0.0	   27.8	 1234.4	  359.3	    0.0	    0.0	  811.0	    0.0	    0.0	    0.0	  100.0	    0.0	    0.0	    0.0	    0.0	  100.0	  100.0	  0	  150.0	 1050.0	    0.0	    0.0	  100.0	1	  472.7	  1	    0.0	   -nan	
 2689	 268.90	  372.4	    0.0	 -135.2	 1234.4	  359.3	    0.0	    0.0	  812.1	    0.0	    0.0	    0.0	  100.0	    0.0	    0.0	    0.0	    0.0	  100.0	  100.0	  0	  150.0	 1050.0	    0.0	    0.0	  100.0	1	  472.6	  1	    0.0	   -nan	
 2690	 269.00	  372.4	    0.0	  128.9	 1234.4	  359.3	    0.0	    0.0	  813.1	    0.0	    0.0	    0.0	  100.0	    0.0	    0.0	    0.0	    0.0	  100.0	  100.0	  0	  150.0	 1050.0	    0.0	    0.0	  100.0	1	  472.5	  1	    0.0	   -nan	
 2691	 269.10	  372.4	    0.0	  128.3	 1234.4	  359.3	    0.0	    0.0	  813.1	    0.0	    0.0	    0.0	  100.0	    0.0	    0.0	    0.0	    0.0	  100.0	  100.0	  0	  150.0	 1050.0	    0.0	    0.0	  100.0	1	  472.5	  1	    0.0	   -nan	
 2692	 269.20	  372.4	    0.0	  128.3	 1234.4	  359.3	    0.0	    0.0	  812.4	    0.0	    0.0	    0.0	  100.0	    0.0	    0.0	    0.0	    0.0	  100.0	  100.0	  0	  150.0	 1050.0	    0.0	    0.0	  100.0	1	  472.5	  1	    0.0	   -nan	
 2693	 269.30	  372.4	    0.0	  128.3	 1234.4	  359.3	    0.0	    0.0	  813.3	    0.0	    0.0	    0.0	  100.0	    0.0	    0.0	    0.0	    0.0	  100.0	  100.0	  0	  150.0	 1050.0	    0.0	    0.0	  100.0	1	  472.4	  1	    0.0	   -nan	
 2694	 269.40	  372.4	    0.0	  128.4	 1234.4	  359.3	    0.0	    0.0	  813.3	    0.0	    0.0	    0.0	  100.0	    0.0	    0.0	    0.0	    0.0	  100.0	  100.0	  0	  150.0	 1050.0	    0.0	    0.0	  100.0	1	  472.4	  1	    0.0	   -nan	
 2695	 269.50	  372.4	    0.0	  128.4	 1234.4	  359.3	    0.0	    0.0	  812.4	    0.0	    0.0	    0.0	  100.0	    0.0	    0.0	    0.0	    0.0	  100.0	  100.0	  0	  150.0	 1050.0	    0.0	    0.0	  100.0	1	  472.5	  1	    0.0	   -nan	
 2696	 269.60	  372.4	    0.0	  128.3	 1234.4	  359.3	    0.0	    0.0	  813.2	    0.0	    0.0	    0.0	  100.0	    0.0	    0.0	    0.0	    0.0	  100.0	  100.0	  0	  150.0	 1050.0	    0.0	    0.0	  100.0	1	  472.5	  1	    0.0	   -nan	
 2697	 269.70	  372.4	    0.0	  128.4	 1234.4	  359.3	    0.0	    0.0	  815.2	    0.0	    0.0	    0.0	  100.0	    0.0	    0.0	    0.0	    0.0	  100.0	  100.0	  0	  150.0	 1050.0	    0.0	    0.0	  100.0	1	  472.3	  1	    0.0	   -nan	
 2698	 269.80	  372.4	    0.0	  128.8	 1234.4	  359.3	    0.0	    0.0	  817.5	    0.0	    0.0	    0.0	  100.0	    0.0	    0.0	    0.0	    0.0	  100.0	  100.0	  0	  150.0	 1050.0	    0.0	    0.0	  100.0	1	  472.1	  1	    0.0	   -nan	
 2699	 269.90	  372.4	    0.0	  129.5	 1234.4	  359.3	    0.0	    0.0	  817.5	    0.0	    0.0	    0.0	  100.0	    0.0	    0.0	    0.0	    0.0	  100.0	  100.0	  0	  150.0	 1050.0	    0.0	    0.0	  100.0	1	  472.1	  1	    0.0	   -nan	
 2700	 270.00	  372.4	    0.0	  129.6	 1234.4	  359.3	    0.0	    0.0	  818.5	    0.0	    0.0	    0.0	  100.0	    0.0	    0.0	    0.0	    0.0	  100.0	  100.0	  0	  150.0	 1050.0	    0.0	    0.0	  100.0	1	  472.0	  1	    0.0	   -nan	
 2701	 270.10	  372.4	    0.0	  130.1	 1234.4	  359.3	    0.0	    0.0	  821.8	    0.0	    0.0	    0.0	  100.0	    0.0	    0.0	    0.0	    0.0	  100.0	  100.0	  0	  150.0	 1050.0	    0.0	    0.0	  100.0	1	  471.7	  1	    0.0	   -nan	
 2702	 270.20	  372.4	    0.0	  132.6	 1234.4	  359.3	    0.0	    0.0	  819.1	    0.0	    0.0	    0.0	  100.0	    0.0	    0.0	    0.0	    0.0	  100.0	  100.0	  0	  150.0	 1050.0	    0.0	    0.0	  100.0	1	  471.9	  1	    0.0	   -nan	
 2703	 270.30	  372.4	    0.0	  134.3	 1234.4	  359.3	    0.0	    0.0	  818.9	    0.0	    0.0	    0.0	  100.0	    0.0	    0.0	    0.0	    0.0	  100.0	  100.0	  0	  150.0	 1050.0	    0.0	    0.0	  100.0	1	  471.9	  1	    0.0	   -nan	
 2704	 270.40	  372.4	    0.0	  -56.6	 1234.4	  359.3	    0.0	    0.0	  818.9	    0.0	    0.0	    0.0	  100.0	    0.0	    0.0	    0.0	    0.0	  100.0	  100.0	  0	  150.0	 1050.0	    0.0	    0.0	  100.0	1	  471.9	  1	    0.0	   -nan	
 2705	 270.50	  372.4	    0.0	  -51.6	 1234.4	  359.3	    0.0	    0.0	  817.3	    0.0	    0.0	    0.0	  100.0	    0.0	    0.0	    0.0	    0.0	  100.0	  100.0	  0	  150.0	 1050.0	    0.0	    0.0	  100.0	1	  472.1	  1	    0.0	   -nan	
 2706	 270.60	  372.4	    0.0	  -51.5	 1234.4	  359.3	    0.0	    0.0	  815.4	    0.0	    0.0	    0.0	  100.0	    0.0	    0.0	    0.0	    0.0	  100.0	  100.0	  0	  150.0	 1050.0	    0.0	    0.0	  100.0	1	  472.2	  1	    0.0	   -nan	
 2707	 270.70	  372.4	    0.0	  -51.5	 1234.4	  359.3	    0.0	    0.0	  816.3	    0.0	    0.0	    0.0	  100.0	    0.0	    0.0	    0.0	    0.0	  100.0	  100.0	  0	  150.0	 1050.0	    0.0	    0.0	  100.0	1	  472.2	  1	    0.0	   -nan	
 2708	 270.80	  372.4	    0.0	  -51.5	 1234.4	  359.3	    0.0	    0.0	  816.3	    0.0	    0.0	    0.0	  100.0	    0.0	    0.0	    0.0	    0.0	  100.0	  100.0	  0	  150.0	 1050.0	    0.0	    0.0	  100.0	1	  472.2	  1	    0.0	   -nan	
 2709	 270.90	  372.4	    0.0	  -51.5	 1234.4	  359.3	    0.0	    0.0	  818.1	    0.0	    0.0	    0.0	  100.0	    0.0	    0.0	    0.0	    0.0	  100.0	  100.0	  0	  150.0	 1050.0	    0.0	    0.0	  100.0	1	  472.0	  1	    0.0	   -nan	
 2710	 271.00	  372.4	    0.0	  -51.6	 1234.4	  359.3	    0.0	    0.0	  817.2	    0.0	    0.0	    0.0	  100.0	    0.0	    0.0	    0.0	    0.0	  100.0	  100.0	  0	  150.0	 1050.0	    0.0	    0.0	  100.0	1	  472.1	  1	    0.0	   -nan	
 2711	 271.10	  372.4	    0.0	  -51.5	 1234.4	  359.3	    0.0	    0.0	  815.4	    0.0	    0.0	    0.0	  100.0	    0.0	    0.0	    0.0	    0.0	  100.0	  100.0	  0	  150.0	 1050.0	    0.0	    0.0	  100.0	1	  472.2	  1	    0.0	   -nan	
 2712	 271.20	  372.4	    0.0	  -51.5	 1234.4	  359.3	    0.0	    0.0	  815.3	    0.0	    0.0	    0.0	  100.0	    0.0	    0.0	    0.0	    0.0	  100.0	  100.0	  0	  150.0	 1050.0	    0.0	    0.0	  100.0	1	  472.3	  1	    0.0	   -nan	
 2713	 271.30	  372.4	    0.0	  -51.5	 1234.4	  359.3	    0.0	    0.0	  815.3	    0.0	    0.0	    0.0	  100.0	    0.0	    0.0	    0.0	    0.0	  100.0	  100.0	  0	  150.0	 1050.0	    0.0	    0.0	  100.0	1	  472.3	  1	    0.0	   -nan	
 2714	 271.40	  372.4	    0.0	  -51.5	 1234.4	  359.3	    0.0	    0.0	  817.2	    0.0	    0.0	    0.0	  100.0	    0.0	    0.0	    0.0	    0.0	  100.0	  100.0	  0	  150.0	 1050.0	    0.0	    0.0	  100.0	1	  472.1	  1	    0.0	   -nan	
 2715	 271.50	  372.4	    0.0	  -51.6	 1234.4	  359.3	    0.0	    0.0	  816.8	    0.0	    0.0	    0.0	  100.0	    0.0	    0.0	    0.0	    0.0	  100.0	  100.0	  0	  150.0	 1050.0	    0.0	    0.0	  100.0	1	  472.1	  1	    0.0	   -nan	
 2716	 271.60	  372.4	    0.0	  -51.6	 1234.4	  359.3	    0.0	    0.0	  817.0	    0.0	    0.0	    0.0	  100.0	    0.0	    0.0	    0.0	    0.0	  100.0	  100.0	  0	  150.0	 1050.0	    0.0	    0.0	  100.0	1	  472.1	  1	    0.0	   -nan	
 2717	 271.70	  372.4	    0.0	  -51.6	 1234.4	  359.3	    0.0	    0.0	  816.4	    0.0	    0.0	    0.0	  100.0	    0.0	    0.0	    0.0	    0.0	  100.0	  100.0	  0	  150.0	 1050.0	    0.0	    0.0	  100.0	1	  472.2	  1	    0.0	   -nan	
 2718	 271.80	  372.4	    0.0	  -51.5	 1234.4	  359.3	    0.0	    0.0	  815.1	    0.0	    0.0	    0.0	  100.0	    0.0	    0.0	    0.0	    0.0	  100.0	  100.0	  0	  150.0	 1050.0	    0.0	    0.0	  100.0	1	  472.3	  1	    0.0	   -nan	
 2719	 271.90	  372.4	    0.0	  -51.2	 1234.4	  359.3	    0.0	    0.0	  815.2	    0.0	    0.0	    0.0	  100.0	    0.0	    0.0	    0.0	    0.0	  100.0	  100.0	  0	  150.0	 1050.0	    0.0	    0.0	  100.0	1	  472.3	  1	    0.0	   -nan	
 2720	 272.00	  372.4	    0.0	  -51.2	 1234.4	  359.3	    0.0	    0.0	  815.2	    0.0	    0.0	    0.0	  100.0	    0.0	    0.0	    0.0	    0.0	  100.0	  100.0	  0	  150.0	 1050.0	    0.0	    0.0	  100.0	1	  472.3	  1	    0.0	   -nan	
 2721	 272.10	  372.4	    0.0	  -51.2	 1234.4	  359.3	    0.0	    0.0	  816.0	    0.0	    0.0	    0.0	  100.0	    0.0	    0.0	    0.0	    0.0	  100.0	  100.0	  0	  150.0	 1050.0	    0.0	    0.0	  100.0	1	  472.2	  1	    0.0	   -nan	
 2722	 272.20	  372.4	    0.0	  -51.7	 1234.4	  359.3	    0.0	    0.0	  815.6	    0.0	    0.0	    0.0	  100.0	    0.0	    0.0	    0.0	    0.0	  100.0	  100.0	  0	  150.0	 1050.0	    0.0	    0.0	  100.0	1	  472.2	  1	    0.0	   -nan	
 2723	 272.30	  372.4	    0.0	  -51.4	 1234.4	  359.3	    0.0	    0.0	  826.2	    0.0	    0.0	    0.0	  100.0	    0.0	    0.0	    0.0	    0.0	  100.0	  100.0	  0	  150.0	 1050.0	    0.0	    0.0	  100.0	1	  471.3	  1	    0.0	   -nan	
 2724	 272.40	  372.4	    0.0	  -61.1	 1234.4	  359.3	    0.0	    0.0	  826.2	    0.0	    0.0	    0.0	  100.0	    0.0	    0.0	    0.0	    0.0	  100.0	  100.0	  0	  150.0	 1050.0	    0.0	    0.0	  100.0	1	  471.3	  1	    0.0	   -nan	
 2725	 272.50	  372.4	    0.0	  -61.1	 1234.4	  359.3	    0.0	    0.0	  833.7	    0.0	    0.0	    0.0	  100.0	    0.0	    0.0	    0.0	    0.0	  100.0	  100.0	  0	  150.0	 1050.0	    0.0	    0.0	  100.0	1	  470.6	  1	    0.0	   -nan	
 2726	 272.60	  372.4	    0.0	  -71.5	 1234.4	  359.3	    0.0	    0.0	  833.7	    0.0	    0.0	    0.0	  100.0	    0.0	    0.0	    0.0	    0.0	  100.0	  100.0	  0	  150.0	 1050.0	    0.0	    0.0	  100.0	1	  470.6	  1	    0.0	   -nan	
 2727	 272.70	  372.4	    0.0	  -71.5	 1234.4	  359.3	    0.0	    0.0	  834.8	    0.0	    0.0	    0.0	  100.0	    0.0	    0.0	    0.0	    0.0	  100.0	  100.0	  0	  150.0	 1050.0	    0.0	    0.0	  100.0	1	  470.5	  1	    0.0	   -nan	
 2728	 272.80	  372.4	    0.0	  -73.9	 1234.4	  359.3	    0.0	    0.0	  832.7	    0.0	    0.0	    0.0	  100.0	    0.0	    0.0	    0.0	    0.0	  100.0	  100.0	  0	  150.0	 1050.0	    0.0	    0.0	  100.0	1	  470.7	  1	    0.0	   -nan	
 2729	 272.90	  372.4	    0.0	  -67.9	 1234.4	  359.3	    0.0	    0.0	  828.5	    0.0	    0.0	    0.0	  100.0	    0.0	    0.0	    0.0	    0.0	  100.0	  100.0	  0	  150.0	 1050.0	    0.0	    0.0	  100.0	1	  471.1	  1	    0.0	   -nan	
 2730	 273.00	  372.4	    0.0	  -50.8	 1234.4	  359.3	    0.0	    0.0	  828.5	    0.0	    0.0	    0.0	  100.0	    0.0	    0.0	    0.0	    0.0	  100.0	  100.0	  0	  150.0	 1050.0	    0.0	    0.0	  100.0	1	  471.1	  1	    0.0	   -nan	
 2731	 273.10	  372.4	    0.0	  -50.8	 1234.4	  359.3	    0.0	    0.0	  827.6	    0.0	    0.0	    0.0	  100.0	    0.0	    0.0	    0.0	    0.0	  100.0	  100.0	  0	  150.0	 1050.0	    0.0	    0.0	  100.0	1	  471.1	  1	    0.0	   -nan	
 2732	 273.20	  372.4	    0.0	  -44.4	 1234.4	  359.3	    0.0	    0.0	  825.7	    0.0	    0.0	    0.0	  100.0	    0.0	    0.0	    0.0	    0.0	  100.0	  100.0	  0	  150.0	 1050.0	    0.0	    0.0	  100.0	1	  471.3	  1	    0.0	   -nan	
 2733	 273.30	  372.4	    0.0	  -28.0	 1234.4	  359.3	    0.0	    0.0	  825.7	    0.0	    0.0	    0.0	  100.0	    0.0	    0.0	    0.0	    0.0	  100.0	  100.0	  0	  150.0	 1050.0	    0.0	    0.0	  100.0	1	  471.3	  1	    0.0	   -nan	
 2734	 273.40	  372.4	    0.0	  -28.0	 1234.4	  359.3	    0.0	    0.0	  826.5	    0.0	    0.0	    0.0	  100.0	    0.0	    0.0	    0.0	    0.0	  100.0	  100.0	  0	  150.0	 1050.0	    0.0	    0.0	  100.0	1	  471.2	  1	    0.0	   -nan	
 2735	 273.50	  372.4	    0.0	  -39.3	 1234.4	  359.3	    0.0	    0.0	  823.9	    0.0	    0.0	    0.0	  100.0	    0.0	    0.0	    0.0	    0.0	  100.0	  100.0	  0	  150.0	 1050.0	    0.0	    0.0	  100.0	1	  471.5	  1	    0.0	   -nan	
 2736	 273.60	  372.4	    0.0	   -2.7	 1234.4	  359.3	    0.0	    0.0	  825.7	    0.0	    0.0	    0.0	  100.0	    0.0	    0.0	    0.0	    0.0	  100.0	  100.0	  0	  150.0	 1050.0	    0.0	    0.0	  100.0	1	  471.3	  1	    0.0	   -nan	
 2737	 273.70	  372.4	    0.0	  -34.0	 1234.4	  359.3	    0.0	    0.0	  826.7	    0.0	    0.0	    0.0	  100.0	    0.0	    0.0	    0.0	    0.0	  100.0	  100.0	  0	  150.0	 1050.0	    0.0	    0.0	  100.0	1	  471.2	  1	    0.0	   -nan	
 2738	 273.80	  372.4	    0.0	  -66.8	 1234.4	  359.3	    0.0	    0.0	  826.2	    0.0	    0.0	    0.0	  100.0	    0.0	    0.0	    0.0	    0.0	  100.0	  100.0	  0	  150.0	 1050.0	    0.0	    0.0	  100.0	1	  471.3	  1	    0.0	   -nan	
 2739	 273.90	  372.4	    0.0	  -45.5	 1234.4	  359.3	    0.0	    0.0	  828.3	    0.0	    0.0	    0.0	  100.0	    0.0	    0.0	    0.0	    0.0	  100.0	  100.0	  0	  150.0	 1050.0	    0.0	    0.0	  100.0	1	  471.1	  1	    0.0	   -nan	
 2740	 274.00	  372.4	    0.0	 -114.1	 1234.4	  359.3	    0.0	    0.0	  826.7	    0.0	    0.0	    0.0	  100.0	    0.0	    0.0	    0.0	    0.0	  100.0	  100.0	  0	  150.0	 1050.0	    0.0	    0.0	  100.0	1	  471.2	  1	    0.0	   -nan	
 2741	 274.10	  372.4	    0.0	  -46.7	 1234.4	  359.3	    0.0	    0.0	  826.7	    0.0	    0.0	    0.0	  100.0	    0.0	    0.0	    0.0	    0.0	  100.0	  100.0	  0	  150.0	 1050.0	    0.0	    0.0	  100.0	1	  471.2	  1	    0.0	   -nan	
 2742	 274.20	  372.4	    0.0	  -46.7	 1234.4	  359.3	    0.0	    0.0	  827.6	    0.0	    0.0	    0.0	  100.0	    0.0	    0.0	    0.0	    0.0	  100.0	  100.0	  0	  150.0	 1050.0	    0.0	    0.0	  100.0	1	  471.1	  1	    0.0	   -nan	
 2743	 274.30	  372.4	    0.0	 -112.6	 1234.4	  359.3	    0.0	    0.0	  827.6	    0.0	    0.0	    0.0	  100.0	    0.0	    0.0	    0.0	    0.0	  100.0	  100.0	  0	  150.0	 1050.0	    0.0	    0.0	  100.0	1	  471.1	  1	    0.0	   -nan	
 2744	 274.40	  372.4	    0.0	 -112.6	 1234.4	  359.3	    0.0	    0.0	  827.6	    0.0	    0.0	    0.0	  100.0	    0.0	    0.0	    0.0	    0.0	  100.0	  100.0	  0	  150.0	 1050.0	    0.0	    0.0	  100.0	1	  471.1	  1	    0.0	   -nan	
 2745	 274.50	  372.4	    0.0	 -112.6	 1234.4	  359.3	    0.0	    0.0	  827.1	    0.0	    0.0	    0.0	  100.0	    0.0	    0.0	    0.0	    0.0	  100.0	  100.0	  0	  150.0	 1050.0	    0.0	    0.0	  100.0	1	  471.2	  1	    0.0	   -nan	
 2746	 274.60	  372.4	    0.0	  -24.4	 1234.4	  359.3	    0.0	    0.0	  826.5	    0.0	    0.0	    0.0	  100.0	    0.0	    0.0	    0.0	    0.0	  100.0	  100.0	  0	  150.0	 1050.0	    0.0	    0.0	  100.0	1	  471.2	  1	    0.0	   -nan	
 2747	 274.70	  372.4	    0.0	   25.0	 1234.4	  359.3	    0.0	    0.0	  826.5	    0.0	    0.0	    0.0	  100.0	    0.0	    0.0	    0.0	    0.0	  100.0	  100.0	  0	  150.0	 1050.0	    0.0	    0.0	  100.0	1	  471.2	  1	    0.0	   -nan	
 2748	 274.80	  372.4	    0.0	   25.0	 1234.4	  359.3	    0.0	    0.0	  827.7	    0.0	    0.0	    0.0	  100.0	    0.0	    0.0	    0.0	    0.0	  100.0	  100.0	  0	  150.0	 1050.0	    0.0	    0.0	  100.0	1	  471.1	  1	    0.0	   -nan	
 2749	 274.90	  372.4	    0.0	 -134.1	 1234.4	  359.3	    0.0	    0.0	  831.2	    0.0	    0.0	    0.0	  100.0	    0.0	    0.0	    0.0	    0.0	  100.0	  100.0	  0	  150.0	 1050.0	    0.0	    0.0	  100.0	1	  470.8	  1	    0.0	   -nan	
 2750	 275.00	  372.4	    0.0	  129.7	 1234.4	  359.3	    0.0	    0.0	  831.2	    0.0	    0.0	    0.0	  100.0	    0.0	    0.0	    0.0	    0.0	  100.0	  100.0	  0	  150.0	 1050.0	    0.0	    0.0	  100.0	1	  470.8	  1	    0.0	   -nan	
 2751	 275.10	  372.4	    0.0	  128.8	 1234.4	  359.3	    0.0	    0.0	  830.4	    0.0	    0.0	    0.0	  100.0	    0.0	    0.0	    0.0	    0.0	  100.0	  100.0	  0	  150.0	 1050.0	    0.0	    0.0	  100.0	1	  470.9	  1	    0.0	   -nan	
 2752	 275.20	  372.4	    0.0	  128.8	 1234.4	  359.3	    0.0	    0.0	  830.4	    0.0	    0.0	    0.0	  100.0	    0.0	    0.0	    0.0	    0.0	  100.0	  100.0	  0	  150.0	 1050.0	    0.0	    0.0	  100.0	1	  470.9	  1	    0.0	   -nan	
 2753	 275.30	  372.4	    0.0	  128.8	 1234.4	  359.3	    0.0	    0.0	  828.5	    0.0	    0.0	    0.0	  100.0	    0.0	    0.0	    0.0	    0.0	  100.0	  100.0	  0	  150.0	 1050.0	    0.0	    0.0	  100.0	1	  471.1	  1	    0.0	   -nan	
 2754	 275.40	  372.4	    0.0	  128.7	 1234.4	  359.3	    0.0	    0.0	  831.1	    0.0	    0.0	    0.0	  100.0	    0.0	    0.0	    0.0	    0.0	  100.0	  100.0	  0	  150.0	 1050.0	    0.0	    0.0	  100.0	1	  470.8	  1	    0.0	   -nan	
 2755	 275.50	  372.4	    0.0	  128.9	 1234.4	  359.3	    0.0	    0.0	  831.1	    0.0	    0.0	    0.0	  100.0	    0.0	    0.0	    0.0	    0.0	  100.0	  100.0	  0	  150.0	 1050.0	    0.0	    0.0	  100.0	1	  470.8	  1	    0.0	   -nan	
 2756	 275.60	  372.4	    0.0	  128.9	 1234.4	  359.3	    0.0	    0.0	  831.0	    0.0	    0.0	    0.0	  100.0	    0.0	    0.0	    0.0	    0.0	  100.0	  100.0	  0	  150.0	 1050.0	    0.0	    0.0	  100.0	1	  470.8	  1	    0.0	   -nan	
 2757	 275.70	  372.4	    0.0	  128.9	 1234.4	  359.3	    0.0	    0.0	  821.7	    0.0	    0.0	    0.0	  100.0	    0.0	    0.0	    0.0	    0.0	  100.0	  100.0	  0	  150.0	 1050.0	    0.0	    0.0	  100.0	1	  471.7	  1	    0.0	   -nan	
 2758	 275.80	  372.4	    0.0	  127.0	 1234.4	  359.3	    0.0	    0.0	  819.0	    0.0	    0.0	    0.0	  100.0	    0.0	    0.0	    0.0	    0.0	  100.0	  100.0	  0	  150.0	 1050.0	    0.0	    0.0	  100.0	1	  471.9	  1	    0.0	   -nan	
 2759	 275.90	  372.4	    0.0	  126.1	 1234.4	  359.3	    0.0	    0.0	  824.3	    0.0	    0.0	    0.0	  100.0	    0.0	    0.0	    0.0	    0.0	  100.0	  100.0	  0	  150.0	 1050.0	    0.0	    0.0	  100.0	1	  471.4	  1	    0.0	   -nan	
 2760	 276.00	  372.4	    0.0	  128.0	 1234.4	  359.3	    0.0	    0.0	  824.3	    0.0	    0.0	    0.0	  100.0	    0.0	    0.0	    0.0	    0.0	  100.0	  100.0	  0	  150.0	 1050.0	    0.0	    0.0	  100.0	1	  471.4	  1	    0.0	   -nan	
 2761	 276.10	  372.4	    0.0	  128.1	 1234.4	  359.3	    0.0	    0.0	  826.2	    0.0	    0.0	    0.0	  100.0	    0.0	    0.0	    0.0	    0.0	  100.0	  100.0	  0	  150.0	 1050.0	    0.0	    0.0	  100.0	1	  471.3	  1	    0.0	   -nan	
 2762	 276.20	  372.4	    0.0	  129.2	 1234.4	  359.3	    0.0	    0.0	  821.8	    0.0	    0.0	    0.0	  100.0	    0.0	    0.0	    0.0	    0.0	  100.0	  100.0	  0	  150.0	 1050.0	    0.0	    0.0	  100.0	1	  471.7	  1	    0.0	   -nan	
 2763	 276.30	  372.4	    0.0	  126.1	 1234.4	  359.3	    0.0	    0.0	  826.8	    0.0	    0.0	    0.0	  100.0	    0.0	    0.0	    0.0	    0.0	  100.0	  100.0	  0	  150.0	 1050.0	    0.0	    0.0	  100.0	1	  471.2	  1	    0.0	   -nan	
 2764	 276.40	  372.4	    0.0	  133.1	 1234.4	  359.3	    0.0	    0.0	  826.8	    0.0	    0.0	    0.0	  100.0	    0.0	    0.0	    0.0	    0.0	  100.0	  100.0	  0	  150.0	 1050.0	    0.0	    0.0	  100.0	1	  471.2	  1	    0.0	   -nan	
 2765	 276.50	  372.4	    0.0	  -59.7	 1234.4	  359.3	    0.0	    0.0	  833.5	    0.0	    0.0	    0.0	  100.0	    0.0	    0.0	    0.0	    0.0	  100.0	  100.0	  0	  150.0	 1050.0	    0.0	    0.0	  100.0	1	  470.6	  1	    0.0	   -nan	
 2766	 276.60	  372.4	    0.0	  -51.4	 1234.4	  359.3	    0.0	    0.0	  833.2	    0.0	    0.0	    0.0	  100.0	    0.0	    0.0	    0.0	    0.0	  100.0	  100.0	  0	  150.0	 1050.0	    0.0	    0.0	  100.0	1	  470.6	  1	    0.0	   -nan	
 2767	 276.70	  372.4	    0.0	  -51.4	 1234.4	  359.3	    0.0	    0.0	  877.8	    0.0	    0.0	    0.0	  100.0	    0.0	    0.0	    0.0	    0.0	  100.0	  100.0	  0	  150.0	 1050.0	    0.0	    0.0	  100.0	1	  467.2	  1	    0.0	   -nan	
 2768	 276.80	  372.4	    0.0	  -51.8	 1234.4	  359.3	    0.0	    0.0	  868.8	    0.0	    0.0	    0.0	  100.0	    0.0	    0.0	    0.0	    0.0	  100.0	  100.0	  0	  150.0	 1050.0	    0.0	    0.0	  100.0	1	  467.8	  1	    0.0	   -nan	
 2769	 276.90	  372.4	    0.0	  -51.7	 1234.4	  359.3	    0.0	    0.0	  836.8	    0.0	    0.0	    0.0	  100.0	    0.0	    0.0	    0.0	    0.0	  100.0	  100.0	  0	  150.0	 1050.0	    0.0	    0.0	  100.0	1	  470.3	  1	    0.0	   -nan	
 2770	 277.00	  372.4	    0.0	  -51.2	 1234.4	  359.3	    0.0	    0.0	  836.8	    0.0	    0.0	    0.0	  100.0	    0.0	    0.0	    0.0	    0.0	  100.0	  100.0	  0	  150.0	 1050.0	    0.0	    0.0	  100.0	1	  470.3	  1	    0.0	   -nan	
 2771	 277.10	  372.4	    0.0	  -51.2	 1234.4	  359.3	    0.0	    0.0	  831.3	    0.0	    0.0	    0.0	  100.0	    0.0	    0.0	    0.0	    0.0	  100.0	  100.0	  0	  150.0	 1050.0	    0.0	    0.0	  100.0	1	  470.8	  1	    0.0	   -nan	
 2772	 277.20	  372.4	    0.0	  -51.0	 1234.4	  359.3	    0.0	    0.0	  822.8	    0.0	    0.0	    0.0	  100.0	    0.0	    0.0	    0.0	    0.0	  100.0	  100.0	  0	  150.0	 1050.0	    0.0	    0.0	  100.0	1	  471.6	  1	    0.0	   -nan	
 2773	 277.30	  372.4	    0.0	  -50.7	 1234.4	  359.3	    0.0	    0.0	  821.2	    0.0	    0.0	    0.0	  100.0	    0.0	    0.0	    0.0	    0.0	  100.0	  100.0	  0	  150.0	 1050.0	    0.0	    0.0	  100.0	1	  471.7	  1	    0.0	   -nan	
 2774	 277.40	  372.4	    0.0	  -50.6	 1234.4	  359.3	    0.0	    0.0	  823.7	    0.0	    0.0	    0.0	  100.0	    0.0	    0.0	    0.0	    0.0	  100.0	  100.0	  0	  150.0	 1050.0	    0.0	    0.0	  100.0	1	  471.5	  1	    0.0	   -nan	
 2775	 277.50	  372.4	    0.0	  -50.8	 1234.4	  359.3	    0.0	    0.0	  823.5	    0.0	    0.0	    0.0	  100.0	    0.0	    0.0	    0.0	    0.0	  100.0	  100.0	  0	  150.0	 1050.0	    0.0	    0.0	  100.0	1	  471.5	  1	    0.0	   -nan	
 2776	 277.60	  372.4	    0.0	  -50.8	 1234.4	  359.3	    0.0	    0.0	  824.9	    0.0	    0.0	    0.0	  100.0	    0.0	    0.0	    0.0	    0.0	  100.0	  100.0	  0	  150.0	 1050.0	    0.0	    0.0	  100.0	1	  471.4	  1	    0.0	   -nan	
 2777	 277.70	  372.4	    0.0	  -50.9	 1234.4	  359.3	    0.0	    0.0	  829.9	    0.0	    0.0	    0.0	  100.0	    0.0	    0.0	    0.0	    0.0	  100.0	  100.0	  0	  150.0	 1050.0	    0.0	    0.0	  100.0	1	  470.9	  1	    0.0	   -nan	
 2778	 277.80	  372.4	    0.0	  -51.7	 1234.4	  359.3	    0.0	    0.0	  829.9	    0.0	    0.0	    0.0	  100.0	    0.0	    0.0	    0.0	    0.0	  100.0	  100.0	  0	  150.0	 1050.0	    0.0	    0.0	  100.0	1	  470.9	  1	    0.0	   -nan	
 2779	 277.90	  372.4	    0.0	  -51.7	 1234.4	  359.3	    0.0	    0.0	  830.7	    0.0	    0.0	    0.0	  100.0	    0.0	    0.0	    0.0	    0.0	  100.0	  100.0	  0	  150.0	 1050.0	    0.0	    0.0	  100.0	1	  470.9	  1	    0.0	   -nan	
 2780	 278.00	  372.4	    0.0	  -51.9	 1234.4	  359.3	    0.0	    0.0	  826.4	    0.0	    0.0	    0.0	  100.0	    0.0	    0.0	    0.0	    0.0	  100.0	  100.0	  0	  150.0	 1050.0	    0.0	    0.0	  100.0	1	  471.2	  1	    0.0	   -nan	
 2781	 278.10	  372.4	    0.0	  -50.5	 1234.4	  359.3	    0.0	    0.0	  824.5	    0.0	    0.0	    0.0	  100.0	    0.0	    0.0	    0.0	    0.0	  100.0	  100.0	  0	  150.0	 1050.0	    0.0	    0.0	  100.0	1	  471.4	  1	    0.0	   -nan	
 2782	 278.20	  372.4	    0.0	  -49.7	 1234.4	  359.3	    0.0	    0.0	  823.3	    0.0	    0.0	    0.0	  100.0	    0.0	    0.0	    0.0	    0.0	  100.0	  100.0	  0	  150.0	 1050.0	    0.0	    0.0	  100.0	1	  471.5	  1	    0.0	   -nan	
 2783	 278.30	  372.4	    0.0	  -49.0	 1234.4	  359.3	    0.0	    0.0	  823.3	    0.0	    0.0	    0.0	  100.0	    0.0	    0.0	    0.0	    0.0	  100.0	  100.0	  0	  150.0	 1050.0	    0.0	    0.0	  100.0	1	  471.5	  1	    0.0	   -nan	
 2784	 278.40	  372.4	    0.0	  -49.0	 1234.4	  359.3	    0.0	    0.0	  821.4	    0.0	    0.0	    0.0	  100.0	    0.0	    0.0	    0.0	    0.0	  100.0	  100.0	  0	  150.0	 1050.0	    0.0	    0.0	  100.0	1	  471.7	  1	    0.0	   -nan	
 2785	 278.50	  372.4	    0.0	  -47.3	 1234.4	  359.3	    0.0	    0.0	  821.6	    0.0	    0.0	    0.0	  100.0	    0.0	    0.0	    0.0	    0.0	  100.0	  100.0	  0	  150.0	 1050.0	    0.0	    0.0	  100.0	1	  471.7	  1	    0.0	   -nan	
 2786	 278.60	  372.4	    0.0	  -47.5	 1234.4	  359.3	    0.0	    0.0	  813.2	    0.0	    0.0	    0.0	  100.0	    0.0	    0.0	    0.0	    0.0	  100.0	  100.0	  0	  150.0	 1050.0	    0.0	    0.0	  100.0	1	  472.5	  1	    0.0	   -nan	
 2787	 278.70	  372.4	    0.0	  -34.7	 1234.4	  359.3	    0.0	    0.0	  813.2	    0.0	    0.0	    0.0	  100.0	    0.0	    0.0	    0.0	    0.0	  100.0	  100.0	  0	  150.0	 1050.0	    0.0	    0.0	  100.0	1	  472.5	  1	    0.0	   -nan	
 2788	 278.80	  372.4	    0.0	  -34.7	 1234.4	  359.3	    0.0	    0.0	  811.6	    0.0	    0.0	    0.0	  100.0	    0.0	    0.0	    0.0	    0.0	  100.0	  100.0	  0	  150.0	 1050.0	    0.0	    0.0	  100.0	1	  472.6	  1	    0.0	   -nan	
 2789	 278.90	  372.4	    0.0	  -30.8	 1234.4	  359.3	    0.0	    0.0	  810.5	    0.0	    0.0	    0.0	  100.0	    0.0	    0.0	    0.0	    0.0	  100.0	  100.0	  0	  150.0	 1050.0	    0.0	    0.0	  100.0	1	  472.7	  1	    0.0	   -nan	
 2790	 279.00	  372.4	    0.0	  -27.5	 1234.4	  359.3	    0.0	    0.0	  807.7	    0.0	    0.0	    0.0	  100.0	    0.0	    0.0	    0.0	    0.0	  100.0	  100.0	  0	  150.0	 1050.0	    0.0	    0.0	  100.0	1	  473.0	  1	    0.0	   -nan	
 2791	 279.10	  372.4	    0.0	  -17.7	 1234.4	  359.3	    0.0	    0.0	  811.8	    0.0	    0.0	    0.0	  100.0	    0.0	    0.0	    0.0	    0.0	  100.0	  100.0	  0	  150.0	 1050.0	    0.0	    0.0	  100.0	1	  472.6	  1	    0.0	   -nan	
 2792	 279.20	  372.4	    0.0	  -37.8	 1234.4	  359.3	    0.0	    0.0	  811.8	    0.0	    0.0	    0.0	  100.0	    0.0	    0.0	    0.0	    0.0	  100.0	  100.0	  0	  150.0	 1050.0	    0.0	    0.0	  100.0	1	  472.6	  1	    0.0	   -nan	
 2793	 279.30	  372.4	    0.0	  -37.8	 1234.4	  359.3	    0.0	    0.0	  811.8	    0.0	    0.0	    0.0	  100.0	    0.0	    0.0	    0.0	    0.0	  100.0	  100.0	  0	  150.0	 1050.0	    0.0	    0.0	  100.0	1	  472.6	  1	    0.0	   -nan	
 2794	 279.40	  372.4	    0.0	  -37.8	 1234.4	  359.3	    0.0	    0.0	  810.5	    0.0	    0.0	    0.0	  100.0	    0.0	    0.0	    0.0	    0.0	  100.0	  100.0	  0	  150.0	 1050.0	    0.0	    0.0	  100.0	1	  472.7	  1	    0.0	   -nan	
 2795	 279.50	  372.4	    0.0	  -23.3	 1234.4	  359.3	    0.0	    0.0	  810.5	    0.0	    0.0	    0.0	  100.0	    0.0	    0.0	    0.0	    0.0	  100.0	  100.0	  0	  150.0	 1050.0	    0.0	    0.0	  100.0	1	  472.7	  1	    0.0	   -nan	
 2796	 279.60	  372.4	    0.0	  -23.3	 1234.4	  359.3	    0.0	    0.0	  817.5	    0.0	    0.0	    0.0	  100.0	    0.0	    0.0	    0.0	    0.0	  100.0	  100.0	  0	  150.0	 1050.0	    0.0	    0.0	  100.0	1	  472.1	  1	    0.0	   -nan	
 2797	 279.70	  372.4	    0.0	 -115.9	 1234.4	  359.3	    0.0	    0.0	  813.0	    0.0	    0.0	    0.0	  100.0	    0.0	    0.0	    0.0	    0.0	  100.0	  100.0	  0	  150.0	 1050.0	    0.0	    0.0	  100.0	1	  472.5	  1	    0.0	   -nan	
 2798	 279.80	  372.4	    0.0	  -46.4	 1234.4	  359.3	    0.0	    0.0	  813.0	    0.0	    0.0	    0.0	  100.0	    0.0	    0.0	    0.0	    0.0	  100.0	  100.0	  0	  150.0	 1050.0	    0.0	    0.0	  100.0	1	  472.5	  1	    0.0	   -nan	
 2799	 279.90	  372.4	    0.0	  -46.4	 1234.4	  359.3	    0.0	    0.0	  816.4	    0.0	    0.0	    0.0	  100.0	    0.0	    0.0	    0.0	    0.0	  100.0	  100.0	  0	  150.0	 1050.0	    0.0	    0.0	  100.0	1	  472.2	  1	    0.0	   -nan	
 2800	 280.00	  372.4	    0.0	 -121.0	 1234.4	  359.3	    0.0	    0.0	  828.0	    0.0	    0.0	    0.0	  100.0	    0.0	    0.0	    0.0	    0.0	  100.0	  100.0	  0	  150.0	 1050.0	    0.0	    0.0	  100.0	1	  471.1	  1	    0.0	   -nan	
 2801	 280.10	  372.4	    0.0	 -137.5	 1234.4	  359.3	    0.0	    0.0	  828.0	    0.0	    0.0	    0.0	  100.0	    0.0	    0.0	    0.0	    0.0	  100.0	  100.0	  0	  150.0	 1050.0	    0.0	    0.0	  100.0	1	  471.1	  1	    0.0	   -nan	
 2802	 280.20	  372.4	    0.0	  129.9	 1234.4	  359.3	    0.0	    0.0	  828.8	    0.0	    0.0	    0.0	  100.0	    0.0	    0.0	    0.0	    0.0	  100.0	  100.0	  0	  150.0	 1050.0	    0.0	    0.0	  100.0	1	  471.0	  1	    0.0	   -nan	
 2803	 280.30	  372.4	    0.0	  128.8	 1234.4	  359.3	    0.0	    0.0	  828.0	    0.0	    0.0	    0.0	  100.0	    0.0	    0.0	    0.0	    0.0	  100.0	  100.0	  0	  150.0	 1050.0	    0.0	    0.0	  100.0	1	  471.1	  1	    0.0	   -nan	
 2804	 280.40	  372.4	    0.0	  128.8	 1234.4	  359.3	    0.0	    0.0	  827.0	    0.0	    0.0	    0.0	  100.0	    0.0	    0.0	    0.0	    0.0	  100.0	  100.0	  0	  150.0	 1050.0	    0.0	    0.0	  100.0	1	  471.2	  1	    0.0	   -nan	
 2805	 280.50	  372.4	    0.0	  128.7	 1234.4	  359.3	    0.0	    0.0	  827.0	    0.0	    0.0	    0.0	  100.0	    0.0	    0.0	    0.0	    0.0	  100.0	  100.0	  0	  150.0	 1050.0	    0.0	    0.0	  100.0	1	  471.2	  1	    0.0	   -nan	
 2806	 280.60	  372.4	    0.0	  128.7	 1234.4	  359.3	    0.0	    0.0	  823.8	    0.0	    0.0	    0.0	  100.0	    0.0	    0.0	    0.0	    0.0	  100.0	  100.0	  0	  150.0	 1050.0	    0.0	    0.0	  100.0	1	  471.5	  1	    0.0	   -nan	
 2807	 280.70	  372.4	    0.0	  128.4	 1234.4	  359.3	    0.0	    0.0	  824.4	    0.0	    0.0	    0.0	  100.0	    0.0	    0.0	    0.0	    0.0	  100.0	  100.0	  0	  150.0	 1050.0	    0.0	    0.0	  100.0	1	  471.4	  1	    0.0	   -nan	
 2808	 280.80	  372.4	    0.0	  128.5	 1234.4	  359.3	    0.0	    0.0	  828.9	    0.0	    0.0	    0.0	  100.0	    0.0	    0.0	    0.0	    0.0	  100.0	  100.0	  0	  150.0	 1050.0	    0.0	    0.0	  100.0	1	  471.0	  1	    0.0	   -nan	
 2809	 280.90	  372.4	    0.0	  129.2	 1234.4	  359.3	    0.0	    0.0	  820.8	    0.0	    0.0	    0.0	  100.0	    0.0	    0.0	    0.0	    0.0	  100.0	  100.0	  0	  150.0	 1050.0	    0.0	    0.0	  100.0	1	  471.7	  1	    0.0	   -nan	
 2810	 281.00	  372.4	    0.0	  127.5	 1234.4	  359.3	    0.0	    0.0	  820.8	    0.0	    0.0	    0.0	  100.0	    0.0	    0.0	    0.0	    0.0	  100.0	  100.0	  0	  150.0	 1050.0	    0.0	    0.0	  100.0	1	  471.7	  1	    0.0	   -nan	
 2811	 281.10	  372.4	    0.0	  127.5	 1234.4	  359.3	    0.0	    0.0	  836.6	    0.0	    0.0	    0.0	  100.0	    0.0	    0.0	    0.0	    0.0	  100.0	  100.0	  0	  150.0	 1050.0	    0.0	    0.0	  100.0	1	  470.4	  1	    0.0	   -nan	
 2812	 281.20	  372.4	    0.0	  133.5	 1234.4	  359.3	    0.0	    0.0	  838.6	    0.0	    0.0	    0.0	  100.0	    0.0	    0.0	    0.0	    0.0	  100.0	  100.0	  0	  150.0	 1050.0	    0.0	    0.0	  100.0	1	  470.2	  1	    0.0	   -nan	
 2813	 281.30	  372.4	    0.0	  139.2	 1234.4	  359.3	    0.0	    0.0	  838.6	    0.0	    0.0	    0.0	  100.0	    0.0	    0.0	    0.0	    0.0	  100.0	  100.0	  0	  150.0	 1050.0	    0.0	    0.0	  100.0	1	  470.2	  1	    0.0	   -nan	
 2814	 281.40	  372.4	    0.0	  -59.5	 1234.4	  359.3	    0.0	    0.0	  829.8	    0.0	    0.0	    0.0	  100.0	    0.0	    0.0	    0.0	    0.0	  100.0	  100.0	  0	  150.0	 1050.0	    0.0	    0.0	  100.0	1	  470.9	  1	    0.0	   -nan	
 2815	 281.50	  372.4	    0.0	  -51.2	 1234.4	  359.3	    0.0	    0.0	  833.0	    0.0	    0.0	    0.0	  100.0	    0.0	    0.0	    0.0	    0.0	  100.0	  100.0	  0	  150.0	 1050.0	    0.0	    0.0	  100.0	1	  470.7	  1	    0.0	   -nan	
 2816	 281.60	  372.4	    0.0	  -51.2	 1234.4	  359.3	    0.0	    0.0	  820.2	    0.0	    0.0	    0.0	  100.0	    0.0	    0.0	    0.0	    0.0	  100.0	  100.0	  0	  150.0	 1050.0	    0.0	    0.0	  100.0	1	  471.8	  1	    0.0	   -nan	
 2817	 281.70	  372.4	    0.0	  -51.1	 1234.4	  359.3	    0.0	    0.0	  820.2	    0.0	    0.0	    0.0	  100.0	    0.0	    0.0	    0.0	    0.0	  100.0	  100.0	  0	  150.0	 1050.0	    0.0	    0.0	  100.0	1	  471.8	  1	    0.0	   -nan	
 2818	 281.80	  372.4	    0.0	  -51.1	 1234.4	  359.3	    0.0	    0.0	  807.9	    0.0	    0.0	    0.0	  100.0	    0.0	    0.0	    0.0	    0.0	  100.0	  100.0	  0	  150.0	 1050.0	    0.0	    0.0	  100.0	1	  473.0	  1	    0.0	   -nan	
 2819	 281.90	  372.4	    0.0	  -50.8	 1234.4	  359.3	    0.0	    0.0	  808.0	    0.0	    0.0	    0.0	  100.0	    0.0	    0.0	    0.0	    0.0	  100.0	  100.0	  0	  150.0	 1050.0	    0.0	    0.0	  100.0	1	  472.9	  1	    0.0	   -nan	
 2820	 282.00	  372.4	    0.0	  -50.8	 1234.4	  359.3	    0.0	    0.0	  808.0	    0.0	    0.0	    0.0	  100.0	    0.0	    0.0	    0.0	    0.0	  100.0	  100.0	  0	  150.0	 1050.0	    0.0	    0.0	  100.0	1	  472.9	  1	    0.0	   -nan	
 2821	 282.10	  372.4	    0.0	  -50.8	 1234.4	  359.3	    0.0	    0.0	  806.2	    0.0	    0.0	    0.0	  100.0	    0.0	    0.0	    0.0	    0.0	  100.0	  100.0	  0	  150.0	 1050.0	    0.0	    0.0	  100.0	1	  473.1	  1	    0.0	   -nan	
 2822	 282.20	  372.4	    0.0	  -50.7	 1234.4	  359.3	    0.0	    0.0	  806.2	    0.0	    0.0	    0.0	  100.0	    0.0	    0.0	    0.0	    0.0	  100.0	  100.0	  0	  150.0	 1050.0	    0.0	    0.0	  100.0	1	  473.1	  1	    0.0	   -nan	
 2823	 282.30	  372.4	    0.0	  -50.7	 1234.4	  359.3	    0.0	    0.0	  808.1	    0.0	    0.0	    0.0	  100.0	    0.0	    0.0	    0.0	    0.0	  100.0	  100.0	  0	  150.0	 1050.0	    0.0	    0.0	  100.0	1	  472.9	  1	    0.0	   -nan	
 2824	 282.40	  372.4	    0.0	  -50.9	 1234.4	  359.3	    0.0	    0.0	  809.1	    0.0	    0.0	    0.0	  100.0	    0.0	    0.0	    0.0	    0.0	  100.0	  100.0	  0	  150.0	 1050.0	    0.0	    0.0	  100.0	1	  472.8	  1	    0.0	   -nan	
 2825	 282.50	  372.4	    0.0	  -51.0	 1234.4	  359.3	    0.0	    0.0	  809.9	    0.0	    0.0	    0.0	  100.0	    0.0	    0.0	    0.0	    0.0	  100.0	  100.0	  0	  150.0	 1050.0	    0.0	    0.0	  100.0	1	  472.8	  1	    0.0	   -nan	
 2826	 282.60	  372.4	    0.0	  -51.1	 1234.4	  359.3	    0.0	    0.0	  810.1	    0.0	    0.0	    0.0	  100.0	    0.0	    0.0	    0.0	    0.0	  100.0	  100.0	  0	  150.0	 1050.0	    0.0	    0.0	  100.0	1	  472.7	  1	    0.0	   -nan	
 2827	 282.70	  372.4	    0.0	  -51.1	 1234.4	  359.3	    0.0	    0.0	  811.0	    0.0	    0.0	    0.0	  100.0	    0.0	    0.0	    0.0	    0.0	  100.0	  100.0	  0	  150.0	 1050.0	    0.0	    0.0	  100.0	1	  472.7	  1	    0.0	   -nan	
 2828	 282.80	  372.4	    0.0	  -51.3	 1234.4	  359.3	    0.0	    0.0	  811.1	    0.0	    0.0	    0.0	  100.0	    0.0	    0.0	    0.0	    0.0	  100.0	  100.0	  0	  150.0	 1050.0	    0.0	    0.0	  100.0	1	  472.7	  1	    0.0	   -nan	
 2829	 282.90	  372.4	    0.0	  -51.3	 1234.4	  359.3	    0.0	    0.0	  812.1	    0.0	    0.0	    0.0	  100.0	    0.0	    0.0	    0.0	    0.0	  100.0	  100.0	  0	  150.0	 1050.0	    0.0	    0.0	  100.0	1	  472.6	  1	    0.0	   -nan	
 2830	 283.00	  372.4	    0.0	  -51.7	 1234.4	  359.3	    0.0	    0.0	  810.3	    0.0	    0.0	    0.0	  100.0	    0.0	    0.0	    0.0	    0.0	  100.0	  100.0	  0	  150.0	 1050.0	    0.0	    0.0	  100.0	1	  472.7	  1	    0.0	   -nan	
 2831	 283.10	  372.4	    0.0	  -50.8	 1234.4	  359.3	    0.0	    0.0	  811.1	    0.0	    0.0	    0.0	  100.0	    0.0	    0.0	    0.0	    0.0	  100.0	  100.0	  0	  150.0	 1050.0	    0.0	    0.0	  100.0	1	  472.7	  1	    0.0	   -nan	
 2832	 283.20	  372.4	    0.0	  -51.3	 1234.4	  359.3	    0.0	    0.0	  811.1	    0.0	    0.0	    0.0	  100.0	    0.0	    0.0	    0.0	    0.0	  100.0	  100.0	  0	  150.0	 1050.0	    0.0	    0.0	  100.0	1	  472.7	  1	    0.0	   -nan	
 2833	 283.30	  372.4	    0.0	  -51.3	 1234.4	  359.3	    0.0	    0.0	  811.2	    0.0	    0.0	    0.0	  100.0	    0.0	    0.0	    0.0	    0.0	  100.0	  100.0	  0	  150.0	 1050.0	    0.0	    0.0	  100.0	1	  472.6	  1	    0.0	   -nan	
 2834	 283.40	  372.4	    0.0	  -51.4	 1234.4	  359.3	    0.0	    0.0	  811.2	    0.0	    0.0	    0.0	  100.0	    0.0	    0.0	    0.0	    0.0	  100.0	  100.0	  0	  150.0	 1050.0	    0.0	    0.0	  100.0	1	  472.6	  1	    0.0	   -nan	
 2835	 283.50	  372.4	    0.0	  -51.4	 1234.4	  359.3	    0.0	    0.0	  810.4	    0.0	    0.0	    0.0	  100.0	    0.0	    0.0	    0.0	    0.0	  100.0	  100.0	  0	  150.0	 1050.0	    0.0	    0.0	  100.0	1	  472.7	  1	    0.0	   -nan	
 2836	 283.60	  372.4	    0.0	  -50.1	 1234.4	  359.3	    0.0	    0.0	  811.2	    0.0	    0.0	    0.0	  100.0	    0.0	    0.0	    0.0	    0.0	  100.0	  100.0	  0	  150.0	 1050.0	    0.0	    0.0	  100.0	1	  472.6	  1	    0.0	   -nan	
 2837	 283.70	  372.4	    0.0	  -51.8	 1234.4	  359.3	    0.0	    0.0	  811.2	    0.0	    0.0	    0.0	  100.0	    0.0	    0.0	    0.0	    0.0	  100.0	  100.0	  0	  150.0	 1050.0	    0.0	    0.0	  100.0	1	  472.6	  1	    0.0	   -nan	
 2838	 283.80	  372.4	    0.0	  -51.8	 1234.4	  359.3	    0.0	    0.0	  811.1	    0.0	    0.0	    0.0	  100.0	    0.0	    0.0	    0.0	    0.0	  100.0	  100.0	  0	  150.0	 1050.0	    0.0	    0.0	  100.0	1	  472.7	  1	    0.0	   -nan	
 2839	 283.90	  372.4	    0.0	  -51.5	 1234.4	  359.3	    0.0	    0.0	  811.0	    0.0	    0.0	    0.0	  100.0	    0.0	    0.0	    0.0	    0.0	  100.0	  100.0	  0	  150.0	 1050.0	    0.0	    0.0	  100.0	1	  472.7	  1	    0.0	   -nan	
 2840	 284.00	  372.4	    0.0	  -51.0	 1234.4	  359.3	    0.0	    0.0	  812.2	    0.0	    0.0	    0.0	  100.0	    0.0	    0.0	    0.0	    0.0	  100.0	  100.0	  0	  150.0	 1050.0	    0.0	    0.0	  100.0	1	  472.5	  1	    0.0	   -nan	
 2841	 284.10	  372.4	    0.0	  -58.6	 1234.4	  359.3	    0.0	    0.0	  811.1	    0.0	    0.0	    0.0	  100.0	    0.0	    0.0	    0.0	    0.0	  100.0	  100.0	  0	  150.0	 1050.0	    0.0	    0.0	  100.0	1	  472.7	  1	    0.0	   -nan	
 2842	 284.20	  372.4	    0.0	  -49.6	 1234.4	  359.3	    0.0	    0.0	  811.1	    0.0	    0.0	    0.0	  100.0	    0.0	    0.0	    0.0	    0.0	  100.0	  100.0	  0	  150.0	 1050.0	    0.0	    0.0	  100.0	1	  472.7	  1	    0.0	   -nan	
 2843	 284.30	  372.4	    0.0	  -49.6	 1234.4	  359.3	    0.0	    0.0	  811.2	    0.0	    0.0	    0.0	  100.0	    0.0	    0.0	    0.0	    0.0	  100.0	  100.0	  0	  150.0	 1050.0	    0.0	    0.0	  100.0	1	  472.6	  1	    0.0	   -nan	
 2844	 284.40	  372.4	    0.0	  -51.0	 1234.4	  359.3	    0.0	    0.0	  811.2	    0.0	    0.0	    0.0	  100.0	    0.0	    0.0	    0.0	    0.0	  100.0	  100.0	  0	  150.0	 1050.0	    0.0	    0.0	  100.0	1	  472.6	  1	    0.0	   -nan	
 2845	 284.50	  372.4	    0.0	  -51.0	 1234.4	  359.3	    0.0	    0.0	  811.2	    0.0	    0.0	    0.0	  100.0	    0.0	    0.0	    0.0	    0.0	  100.0	  100.0	  0	  150.0	 1050.0	    0.0	    0.0	  100.0	1	  472.6	  1	    0.0	   -nan	
 2846	 284.60	  372.4	    0.0	  -51.0	 1234.4	  359.3	    0.0	    0.0	  811.2	    0.0	    0.0	    0.0	  100.0	    0.0	    0.0	    0.0	    0.0	  100.0	  100.0	  0	  150.0	 1050.0	    0.0	    0.0	  100.0	1	  472.6	  1	    0.0	   -nan	
 2847	 284.70	  372.4	    0.0	  -51.0	 1234.4	  359.3	    0.0	    0.0	  810.3	    0.0	    0.0	    0.0	  100.0	    0.0	    0.0	    0.0	    0.0	  100.0	  100.0	  0	  150.0	 1050.0	    0.0	    0.0	  100.0	1	  472.7	  1	    0.0	   -nan	
 2848	 284.80	  372.4	    0.0	  -20.0	 1234.4	  359.3	    0.0	    0.0	  811.2	    0.0	    0.0	    0.0	  100.0	    0.0	    0.0	    0.0	    0.0	  100.0	  100.0	  0	  150.0	 1050.0	    0.0	    0.0	  100.0	1	  472.6	  1	    0.0	   -nan	
 2849	 284.90	  372.4	    0.0	  -61.0	 1234.4	  359.3	    0.0	    0.0	  811.2	    0.0	    0.0	    0.0	  100.0	    0.0	    0.0	    0.0	    0.0	  100.0	  100.0	  0	  150.0	 1050.0	    0.0	    0.0	  100.0	1	  472.6	  1	    0.0	   -nan	
 2850	 285.00	  372.4	    0.0	  -61.0	 1234.4	  359.3	    0.0	    0.0	  811.2	    0.0	    0.0	    0.0	  100.0	    0.0	    0.0	    0.0	    0.0	  100.0	  100.0	  0	  150.0	 1050.0	    0.0	    0.0	  100.0	1	  472.6	  1	    0.0	   -nan	
 2851	 285.10	  372.4	    0.0	  -61.0	 1234.4	  359.3	    0.0	    0.0	  810.3	    0.0	    0.0	    0.0	  100.0	    0.0	    0.0	    0.0	    0.0	  100.0	  100.0	  0	  150.0	 1050.0	    0.0	    0.0	  100.0	1	  472.7	  1	    0.0	   -nan	
 2852	 285.20	  372.4	    0.0	    5.1	 1234.4	  359.3	    0.0	    0.0	  809.8	    0.0	    0.0	    0.0	  100.0	    0.0	    0.0	    0.0	    0.0	  100.0	  100.0	  0	  150.0	 1050.0	    0.0	    0.0	  100.0	1	  472.8	  1	    0.0	   -nan	
 2853	 285.30	  372.4	    0.0	   18.3	 1234.4	  359.3	    0.0	    0.0	  813.6	    0.0	    0.0	    0.0	  100.0	    0.0	    0.0	    0.0	    0.0	  100.0	  100.0	  0	  150.0	 1050.0	    0.0	    0.0	  100.0	1	  472.4	  1	    0.0	   -nan	
 2854	 285.40	  372.4	    0.0	 -135.5	 1234.4	  359.3	    0.0	    0.0	  813.4	    0.0	    0.0	    0.0	  100.0	    0.0	    0.0	    0.0	    0.0	  100.0	  100.0	  0	  150.0	 1050.0	    0.0	    0.0	  100.0	1	  472.4	  1	    0.0	   -nan	
 2855	 285.50	  372.4	    0.0	  128.7	 1234.4	  359.3	    0.0	    0.0	  812.3	    0.0	    0.0	    0.0	  100.0	    0.0	    0.0	    0.0	    0.0	  100.0	  100.0	  0	  150.0	 1050.0	    0.0	    0.0	  100.0	1	  472.5	  1	    0.0	   -nan	
 2856	 285.60	  372.4	    0.0	  128.3	 1234.4	  359.3	    0.0	    0.0	  812.6	    0.0	    0.0	    0.0	  100.0	    0.0	    0.0	    0.0	    0.0	  100.0	  100.0	  0	  150.0	 1050.0	    0.0	    0.0	  100.0	1	  472.5	  1	    0.0	   -nan	
 2857	 285.70	  372.4	    0.0	  128.3	 1234.4	  359.3	    0.0	    0.0	  812.6	    0.0	    0.0	    0.0	  100.0	    0.0	    0.0	    0.0	    0.0	  100.0	  100.0	  0	  150.0	 1050.0	    0.0	    0.0	  100.0	1	  472.5	  1	    0.0	   -nan	
 2858	 285.80	  372.4	    0.0	  128.3	 1234.4	  359.3	    0.0	    0.0	  811.8	    0.0	    0.0	    0.0	  100.0	    0.0	    0.0	    0.0	    0.0	  100.0	  100.0	  0	  150.0	 1050.0	    0.0	    0.0	  100.0	1	  472.6	  1	    0.0	   -nan	
 2859	 285.90	  372.4	    0.0	  128.3	 1234.4	  359.3	    0.0	    0.0	  806.2	    0.0	    0.0	    0.0	  100.0	    0.0	    0.0	    0.0	    0.0	  100.0	  100.0	  0	  150.0	 1050.0	    0.0	    0.0	  100.0	1	  473.1	  1	    0.0	   -nan	
 2860	 286.00	  372.4	    0.0	  127.7	 1234.4	  359.3	    0.0	    0.0	  803.1	    0.0	    0.0	    0.0	  100.0	    0.0	    0.0	    0.0	    0.0	  100.0	  100.0	  0	  150.0	 1050.0	    0.0	    0.0	  100.0	1	  473.4	  1	    0.0	   -nan	
 2861	 286.10	  372.4	    0.0	  127.3	 1234.4	  359.3	    0.0	    0.0	  810.2	    0.0	    0.0	    0.0	  100.0	    0.0	    0.0	    0.0	    0.0	  100.0	  100.0	  0	  150.0	 1050.0	    0.0	    0.0	  100.0	1	  472.7	  1	    0.0	   -nan	
 2862	 286.20	  372.4	    0.0	  128.5	 1234.4	  359.3	    0.0	    0.0	  808.3	    0.0	    0.0	    0.0	  100.0	    0.0	    0.0	    0.0	    0.0	  100.0	  100.0	  0	  150.0	 1050.0	    0.0	    0.0	  100.0	1	  472.9	  1	    0.0	   -nan	
 2863	 286.30	  372.4	    0.0	  128.1	 1234.4	  359.3	    0.0	    0.0	  809.7	    0.0	    0.0	    0.0	  100.0	    0.0	    0.0	    0.0	    0.0	  100.0	  100.0	  0	  150.0	 1050.0	    0.0	    0.0	  100.0	1	  472.8	  1	    0.0	   -nan	
 2864	 286.40	  372.4	    0.0	  128.5	 1234.4	  359.3	    0.0	    0.0	  811.1	    0.0	    0.0	    0.0	  100.0	    0.0	    0.0	    0.0	    0.0	  100.0	  100.0	  0	  150.0	 1050.0	    0.0	    0.0	  100.0	1	  472.7	  1	    0.0	   -nan	
 2865	 286.50	  372.4	    0.0	  129.0	 1234.4	  359.3	    0.0	    0.0	  810.9	    0.0	    0.0	    0.0	  100.0	    0.0	    0.0	    0.0	    0.0	  100.0	  100.0	  0	  150.0	 1050.0	    0.0	    0.0	  100.0	1	  472.7	  1	    0.0	   -nan	
 2866	 286.60	  372.4	    0.0	  128.9	 1234.4	  359.3	    0.0	    0.0	  818.5	    0.0	    0.0	    0.0	  100.0	    0.0	    0.0	    0.0	    0.0	  100.0	  100.0	  0	  150.0	 1050.0	    0.0	    0.0	  100.0	1	  472.0	  1	    0.0	   -nan	
 2867	 286.70	  372.4	    0.0	  133.7	 1234.4	  359.3	    0.0	    0.0	  818.9	    0.0	    0.0	    0.0	  100.0	    0.0	    0.0	    0.0	    0.0	  100.0	  100.0	  0	  150.0	 1050.0	    0.0	    0.0	  100.0	1	  471.9	  1	    0.0	   -nan	
 2868	 286.80	  372.4	    0.0	  -87.6	 1234.4	  359.3	    0.0	    0.0	  825.0	    0.0	    0.0	    0.0	  100.0	    0.0	    0.0	    0.0	    0.0	  100.0	  100.0	  0	  150.0	 1050.0	    0.0	    0.0	  100.0	1	  471.4	  1	    0.0	   -nan	
 2869	 286.90	  372.4	    0.0	  -51.8	 1234.4	  359.3	    0.0	    0.0	  825.3	    0.0	    0.0	    0.0	  100.0	    0.0	    0.0	    0.0	    0.0	  100.0	  100.0	  0	  150.0	 1050.0	    0.0	    0.0	  100.0	1	  471.3	  1	    0.0	   -nan	
 2870	 287.00	  372.4	    0.0	  -51.8	 1234.4	  359.3	    0.0	    0.0	  826.3	    0.0	    0.0	    0.0	  100.0	    0.0	    0.0	    0.0	    0.0	  100.0	  100.0	  0	  150.0	 1050.0	    0.0	    0.0	  100.0	1	  471.3	  1	    0.0	   -nan	
 2871	 287.10	  372.4	    0.0	  -51.8	 1234.4	  359.3	    0.0	    0.0	  824.3	    0.0	    0.0	    0.0	  100.0	    0.0	    0.0	    0.0	    0.0	  100.0	  100.0	  0	  150.0	 1050.0	    0.0	    0.0	  100.0	1	  471.4	  1	    0.0	   -nan	
 2872	 287.20	  372.4	    0.0	  -51.7	 1234.4	  359.3	    0.0	    0.0	  823.3	    0.0	    0.0	    0.0	  100.0	    0.0	    0.0	    0.0	    0.0	  100.0	  100.0	  0	  150.0	 1050.0	    0.0	    0.0	  100.0	1	  471.5	  1	    0.0	   -nan	
 2873	 287.30	  372.4	    0.0	  -51.7	 1234.4	  359.3	    0.0	    0.0	  808.2	    0.0	    0.0	    0.0	  100.0	    0.0	    0.0	    0.0	    0.0	  100.0	  100.0	  0	  150.0	 1050.0	    0.0	    0.0	  100.0	1	  472.9	  1	    0.0	   -nan	
 2874	 287.40	  372.4	    0.0	  -51.3	 1234.4	  359.3	    0.0	    0.0	  806.8	    0.0	    0.0	    0.0	  100.0	    0.0	    0.0	    0.0	    0.0	  100.0	  100.0	  0	  150.0	 1050.0	    0.0	    0.0	  100.0	1	  473.1	  1	    0.0	   -nan	
 2875	 287.50	  372.4	    0.0	  -51.3	 1234.4	  359.3	    0.0	    0.0	  813.7	    0.0	    0.0	    0.0	  100.0	    0.0	    0.0	    0.0	    0.0	  100.0	  100.0	  0	  150.0	 1050.0	    0.0	    0.0	  100.0	1	  472.4	  1	    0.0	   -nan	
 2876	 287.60	  372.4	    0.0	  -51.6	 1234.4	  359.3	    0.0	    0.0	  806.0	    0.0	    0.0	    0.0	  100.0	    0.0	    0.0	    0.0	    0.0	  100.0	  100.0	  0	  150.0	 1050.0	    0.0	    0.0	  100.0	1	  473.1	  1	    0.0	   -nan	
 2877	 287.70	  372.4	    0.0	  -51.1	 1234.4	  359.3	    0.0	    0.0	  806.0	    0.0	    0.0	    0.0	  100.0	    0.0	    0.0	    0.0	    0.0	  100.0	  100.0	  0	  150.0	 1050.0	    0.0	    0.0	  100.0	1	  473.1	  1	    0.0	   -nan	
 2878	 287.80	  372.4	    0.0	  -51.1	 1234.4	  359.3	    0.0	    0.0	  811.2	    0.0	    0.0	    0.0	  100.0	    0.0	    0.0	    0.0	    0.0	  100.0	  100.0	  0	  150.0	 1050.0	    0.0	    0.0	  100.0	1	  472.6	  1	    0.0	   -nan	
 2879	 287.90	  372.4	    0.0	  -51.7	 1234.4	  359.3	    0.0	    0.0	  826.6	    0.0	    0.0	    0.0	  100.0	    0.0	    0.0	    0.0	    0.0	  100.0	  100.0	  0	  150.0	 1050.0	    0.0	    0.0	  100.0	1	  471.2	  1	    0.0	   -nan	
 2880	 288.00	  372.4	    0.0	  -53.5	 1234.4	  359.3	    0.0	    0.0	  831.4	    0.0	    0.0	    0.0	  100.0	    0.0	    0.0	    0.0	    0.0	  100.0	  100.0	  0	  150.0	 1050.0	    0.0	    0.0	  100.0	1	  470.8	  1	    0.0	   -nan	
 2881	 288.10	  372.4	    0.0	  -54.2	 1234.4	  359.3	    0.0	    0.0	  846.0	    0.0	    0.0	    0.0	  100.0	    0.0	    0.0	    0.0	    0.0	  100.0	  100.0	  0	  150.0	 1050.0	    0.0	    0.0	  100.0	1	  469.6	  1	    0.0	   -nan	
 2882	 288.20	  372.4	    0.0	  -56.8	 1234.4	  359.3	    0.0	    0.0	  850.6	    0.0	    0.0	    0.0	  100.0	    0.0	    0.0	    0.0	    0.0	  100.0	  100.0	  0	  150.0	 1050.0	    0.0	    0.0	  100.0	1	  469.2	  1	    0.0	   -nan	
 2883	 288.30	  372.4	    0.0	  -57.8	 1234.4	  359.3	    0.0	    0.0	  863.8	    0.0	    0.0	    0.0	  100.0	    0.0	    0.0	    0.0	    0.0	  100.0	  100.0	  0	  150.0	 1050.0	    0.0	    0.0	  100.0	1	  468.2	  1	    0.0	   -nan	
 2884	 288.40	  372.4	    0.0	  -61.3	 1234.4	  359.3	    0.0	    0.0	  866.8	    0.0	    0.0	    0.0	  100.0	    0.0	    0.0	    0.0	    0.0	  100.0	  100.0	  0	  150.0	 1050.0	    0.0	    0.0	  100.0	1	  468.0	  1	    0.0	   -nan	
 2885	 288.50	  372.4	    0.0	  -62.3	 1234.4	  359.3	    0.0	    0.0	  873.3	    0.0	    0.0	    0.0	  100.0	    0.0	    0.0	    0.0	    0.0	  100.0	  100.0	  0	  150.0	 1050.0	    0.0	    0.0	  100.0	1	  467.5	  1	    0.0	   -nan	
 2886	 288.60	  372.4	    0.0	  -64.9	 1234.4	  359.3	    0.0	    0.0	  875.8	    0.0	    0.0	    0.0	  100.0	    0.0	    0.0	    0.0	    0.0	  100.0	  100.0	  0	  150.0	 1050.0	    0.0	    0.0	  100.0	1	  467.3	  1	    0.0	   -nan	
 2887	 288.70	  372.4	    0.0	  -66.1	 1234.4	  359.3	    0.0	    0.0	  875.7	    0.0	    0.0	    0.0	  100.0	    0.0	    0.0	    0.0	    0.0	  100.0	  100.0	  0	  150.0	 1050.0	    0.0	    0.0	  100.0	1	  467.3	  1	    0.0	   -nan	
 2888	 288.80	  372.4	    0.0	  -66.1	 1234.4	  359.3	    0.0	    0.0	  872.1	    0.0	    0.0	    0.0	  100.0	    0.0	    0.0	    0.0	    0.0	  100.0	  100.0	  0	  150.0	 1050.0	    0.0	    0.0	  100.0	1	  467.6	  1	    0.0	   -nan	
 2889	 288.90	  372.4	    0.0	  -63.1	 1234.4	  359.3	    0.0	    0.0	  839.7	    0.0	    0.0	    0.0	  100.0	    0.0	    0.0	    0.0	    0.0	  100.0	  100.0	  0	  150.0	 1050.0	    0.0	    0.0	  100.0	1	  470.1	  1	    0.0	   -nan	
 2890	 289.00	  372.4	    0.0	  -24.1	 1234.4	  359.3	    0.0	    0.0	  833.5	    0.0	    0.0	    0.0	  100.0	    0.0	    0.0	    0.0	    0.0	  100.0	  100.0	  0	  150.0	 1050.0	    0.0	    0.0	  100.0	1	  470.6	  1	    0.0	   -nan	
 2891	 289.10	  372.4	    0.0	  -15.8	 1234.4	  359.3	    0.0	    0.0	  821.8	    0.0	    0.0	    0.0	  100.0	    0.0	    0.0	    0.0	    0.0	  100.0	  100.0	  0	  150.0	 1050.0	    0.0	    0.0	  100.0	1	  471.7	  1	    0.0	   -nan	
 2892	 289.20	  372.4	    0.0	   -0.5	 1234.4	  359.3	    0.0	    0.0	  813.4	    0.0	    0.0	    0.0	  100.0	    0.0	    0.0	    0.0	    0.0	  100.0	  100.0	  0	  150.0	 1050.0	    0.0	    0.0	  100.0	1	  472.4	  1	    0.0	   -nan	
 2893	 289.30	  372.4	    0.0	    8.6	 1234.4	  359.3	    0.0	    0.0	  818.1	    0.0	    0.0	    0.0	  100.0	    0.0	    0.0	    0.0	    0.0	  100.0	  100.0	  0	  150.0	 1050.0	    0.0	    0.0	  100.0	1	  472.0	  1	    0.0	   -nan	
 2894	 289.40	  372.4	    0.0	    2.4	 1234.4	  359.3	    0.0	    0.0	  816.2	    0.0	    0.0	    0.0	  100.0	    0.0	    0.0	    0.0	    0.0	  100.0	  100.0	  0	  150.0	 1050.0	    0.0	    0.0	  100.0	1	  472.2	  1	    0.0	   -nan	
 2895	 289.50	  372.4	    0.0	    5.9	 1234.4	  359.3	    0.0	    0.0	  816.5	    0.0	    0.0	    0.0	  100.0	    0.0	    0.0	    0.0	    0.0	  100.0	  100.0	  0	  150.0	 1050.0	    0.0	    0.0	  100.0	1	  472.1	  1	    0.0	   -nan	
 2896	 289.60	  372.4	    0.0	    5.2	 1234.4	  359.3	    0.0	    0.0	  814.4	    0.0	    0.0	    0.0	  100.0	    0.0	    0.0	    0.0	    0.0	  100.0	  100.0	  0	  150.0	 1050.0	    0.0	    0.0	  100.0	1	  472.3	  1	    0.0	   -nan	
 2897	 289.70	  372.4	    0.0	   10.5	 1234.4	  359.3	    0.0	    0.0	  828.8	    0.0	    0.0	    0.0	  100.0	    0.0	    0.0	    0.0	    0.0	  100.0	  100.0	  0	  150.0	 1050.0	    0.0	    0.0	  100.0	1	  471.0	  1	    0.0	   -nan	
 2898	 289.80	  372.4	    0.0	 -101.5	 1234.4	  359.3	    0.0	    0.0	  833.8	    0.0	    0.0	    0.0	  100.0	    0.0	    0.0	    0.0	    0.0	  100.0	  100.0	  0	  150.0	 1050.0	    0.0	    0.0	  100.0	1	  470.6	  1	    0.0	   -nan	
 2899	 289.90	  372.4	    0.0	 -119.6	 1234.4	  359.3	    0.0	    0.0	  833.8	    0.0	    0.0	    0.0	  100.0	    0.0	    0.0	    0.0	    0.0	  100.0	  100.0	  0	  150.0	 1050.0	    0.0	    0.0	  100.0	1	  470.6	  1	    0.0	   -nan	
 2900	 290.00	  372.4	    0.0	 -119.6	 1234.4	  359.3	    0.0	    0.0	  830.9	    0.0	    0.0	    0.0	  100.0	    0.0	    0.0	    0.0	    0.0	  100.0	  100.0	  0	  150.0	 1050.0	    0.0	    0.0	  100.0	1	  470.8	  1	    0.0	   -nan	
 2901	 290.10	  372.4	    0.0	 -102.4	 1234.4	  359.3	    0.0	    0.0	  820.6	    0.0	    0.0	    0.0	  100.0	    0.0	    0.0	    0.0	    0.0	  100.0	  100.0	  0	  150.0	 1050.0	    0.0	    0.0	  100.0	1	  471.8	  1	    0.0	   -nan	
 2902	 290.20	  372.4	    0.0	   26.9	 1234.4	  359.3	    0.0	    0.0	  830.9	    0.0	    0.0	    0.0	  100.0	    0.0	    0.0	    0.0	    0.0	  100.0	  100.0	  0	  150.0	 1050.0	    0.0	    0.0	  100.0	1	  470.8	  1	    0.0	   -nan	
 2903	 290.30	  372.4	    0.0	 -123.0	 1234.4	  359.3	    0.0	    0.0	  834.6	    0.0	    0.0	    0.0	  100.0	    0.0	    0.0	    0.0	    0.0	  100.0	  100.0	  0	  150.0	 1050.0	    0.0	    0.0	  100.0	1	  470.5	  1	    0.0	   -nan	
 2904	 290.40	  372.4	    0.0	 -132.5	 1234.4	  359.3	    0.0	    0.0	  838.2	    0.0	    0.0	    0.0	  100.0	    0.0	    0.0	    0.0	    0.0	  100.0	  100.0	  0	  150.0	 1050.0	    0.0	    0.0	  100.0	1	  470.2	  1	    0.0	   -nan	
 2905	 290.50	  372.4	    0.0	  132.6	 1234.4	  359.3	    0.0	    0.0	  838.8	    0.0	    0.0	    0.0	  100.0	    0.0	    0.0	    0.0	    0.0	  100.0	  100.0	  0	  150.0	 1050.0	    0.0	    0.0	  100.0	1	  470.2	  1	    0.0	   -nan	
 2906	 290.60	  372.4	    0.0	  129.0	 1234.4	  359.3	    0.0	    0.0	  838.9	    0.0	    0.0	    0.0	  100.0	    0.0	    0.0	    0.0	    0.0	  100.0	  100.0	  0	  150.0	 1050.0	    0.0	    0.0	  100.0	1	  470.2	  1	    0.0	   -nan	
 2907	 290.70	  372.4	    0.0	  129.0	 1234.4	  359.3	    0.0	    0.0	  833.1	    0.0	    0.0	    0.0	  100.0	    0.0	    0.0	    0.0	    0.0	  100.0	  100.0	  0	  150.0	 1050.0	    0.0	    0.0	  100.0	1	  470.7	  1	    0.0	   -nan	
 2908	 290.80	  372.4	    0.0	  128.7	 1234.4	  359.3	    0.0	    0.0	  833.3	    0.0	    0.0	    0.0	  100.0	    0.0	    0.0	    0.0	    0.0	  100.0	  100.0	  0	  150.0	 1050.0	    0.0	    0.0	  100.0	1	  470.6	  1	    0.0	   -nan	
 2909	 290.90	  372.4	    0.0	  128.8	 1234.4	  359.3	    0.0	    0.0	  842.3	    0.0	    0.0	    0.0	  100.0	    0.0	    0.0	    0.0	    0.0	  100.0	  100.0	  0	  150.0	 1050.0	    0.0	    0.0	  100.0	1	  469.9	  1	    0.0	   -nan	
 2910	 291.00	  372.4	    0.0	  129.5	 1234.4	  359.3	    0.0	    0.0	  840.4	    0.0	    0.0	    0.0	  100.0	    0.0	    0.0	    0.0	    0.0	  100.0	  100.0	  0	  150.0	 1050.0	    0.0	    0.0	  100.0	1	  470.0	  1	    0.0	   -nan	
 2911	 291.10	  372.4	    0.0	  129.3	 1234.4	  359.3	    0.0	    0.0	  840.4	    0.0	    0.0	    0.0	  100.0	    0.0	    0.0	    0.0	    0.0	  100.0	  100.0	  0	  150.0	 1050.0	    0.0	    0.0	  100.0	1	  470.0	  1	    0.0	   -nan	
 2912	 291.20	  372.4	    0.0	  129.3	 1234.4	  359.3	    0.0	    0.0	  839.4	    0.0	    0.0	    0.0	  100.0	    0.0	    0.0	    0.0	    0.0	  100.0	  100.0	  0	  150.0	 1050.0	    0.0	    0.0	  100.0	1	  470.1	  1	    0.0	   -nan	
 2913	 291.30	  372.4	    0.0	  129.1	 1234.4	  359.3	    0.0	    0.0	  835.0	    0.0	    0.0	    0.0	  100.0	    0.0	    0.0	    0.0	    0.0	  100.0	  100.0	  0	  150.0	 1050.0	    0.0	    0.0	  100.0	1	  470.5	  1	    0.0	   -nan	
 2914	 291.40	  372.4	    0.0	  128.1	 1234.4	  359.3	    0.0	    0.0	  837.6	    0.0	    0.0	    0.0	  100.0	    0.0	    0.0	    0.0	    0.0	  100.0	  100.0	  0	  150.0	 1050.0	    0.0	    0.0	  100.0	1	  470.3	  1	    0.0	   -nan	
 2915	 291.50	  372.4	    0.0	  128.9	 1234.4	  359.3	    0.0	    0.0	  836.6	    0.0	    0.0	    0.0	  100.0	    0.0	    0.0	    0.0	    0.0	  100.0	  100.0	  0	  150.0	 1050.0	    0.0	    0.0	  100.0	1	  470.4	  1	    0.0	   -nan	
 2916	 291.60	  372.4	    0.0	  128.5	 1234.4	  359.3	    0.0	    0.0	  835.7	    0.0	    0.0	    0.0	  100.0	    0.0	    0.0	    0.0	    0.0	  100.0	  100.0	  0	  150.0	 1050.0	    0.0	    0.0	  100.0	1	  470.4	  1	    0.0	   -nan	
 2917	 291.70	  372.4	    0.0	  128.0	 1234.4	  359.3	    0.0	    0.0	  833.8	    0.0	    0.0	    0.0	  100.0	    0.0	    0.0	    0.0	    0.0	  100.0	  100.0	  0	  150.0	 1050.0	    0.0	    0.0	  100.0	1	  470.6	  1	    0.0	   -nan	
 2918	 291.80	  372.4	    0.0	  126.4	 1234.4	  359.3	    0.0	    0.0	  834.7	    0.0	    0.0	    0.0	  100.0	    0.0	    0.0	    0.0	    0.0	  100.0	  100.0	  0	  150.0	 1050.0	    0.0	    0.0	  100.0	1	  470.5	  1	    0.0	   -nan	
 2919	 291.90	  372.4	    0.0	  125.6	 1234.4	  359.3	    0.0	    0.0	  831.9	    0.0	    0.0	    0.0	  100.0	    0.0	    0.0	    0.0	    0.0	  100.0	  100.0	  0	  150.0	 1050.0	    0.0	    0.0	  100.0	1	  470.8	  1	    0.0	   -nan	
 2920	 292.00	  372.4	    0.0	  105.1	 1234.4	  359.3	    0.0	    0.0	  827.9	    0.0	    0.0	    0.0	  100.0	    0.0	    0.0	    0.0	    0.0	  100.0	  100.0	  0	  150.0	 1050.0	    0.0	    0.0	  100.0	1	  471.1	  1	    0.0	   -nan	
 2921	 292.10	  372.4	    0.0	  -50.2	 1234.4	  359.3	    0.0	    0.0	  824.4	    0.0	    0.0	    0.0	  100.0	    0.0	    0.0	    0.0	    0.0	  100.0	  100.0	  0	  150.0	 1050.0	    0.0	    0.0	  100.0	1	  471.4	  1	    0.0	   -nan	
 2922	 292.20	  372.4	    0.0	  -51.1	 1234.4	  359.3	    0.0	    0.0	  825.3	    0.0	    0.0	    0.0	  100.0	    0.0	    0.0	    0.0	    0.0	  100.0	  100.0	  0	  150.0	 1050.0	    0.0	    0.0	  100.0	1	  471.3	  1	    0.0	   -nan	
 2923	 292.30	  372.4	    0.0	  -51.1	 1234.4	  359.3	    0.0	    0.0	  826.7	    0.0	    0.0	    0.0	  100.0	    0.0	    0.0	    0.0	    0.0	  100.0	  100.0	  0	  150.0	 1050.0	    0.0	    0.0	  100.0	1	  471.2	  1	    0.0	   -nan	
 2924	 292.40	  372.4	    0.0	  -51.1	 1234.4	  359.3	    0.0	    0.0	  831.6	    0.0	    0.0	    0.0	  100.0	    0.0	    0.0	    0.0	    0.0	  100.0	  100.0	  0	  150.0	 1050.0	    0.0	    0.0	  100.0	1	  470.8	  1	    0.0	   -nan	
 2925	 292.50	  372.4	    0.0	  -51.2	 1234.4	  359.3	    0.0	    0.0	  827.8	    0.0	    0.0	    0.0	  100.0	    0.0	    0.0	    0.0	    0.0	  100.0	  100.0	  0	  150.0	 1050.0	    0.0	    0.0	  100.0	1	  471.1	  1	    0.0	   -nan	
 2926	 292.60	  372.4	    0.0	  -51.1	 1234.4	  359.3	    0.0	    0.0	  828.9	    0.0	    0.0	    0.0	  100.0	    0.0	    0.0	    0.0	    0.0	  100.0	  100.0	  0	  150.0	 1050.0	    0.0	    0.0	  100.0	1	  471.0	  1	    0.0	   -nan	
 2927	 292.70	  372.4	    0.0	  -51.1	 1234.4	  359.3	    0.0	    0.0	  828.1	    0.0	    0.0	    0.0	  100.0	    0.0	    0.0	    0.0	    0.0	  100.0	  100.0	  0	  150.0	 1050.0	    0.0	    0.0	  100.0	1	  471.1	  1	    0.0	   -nan	
 2928	 292.80	  372.4	    0.0	  -51.1	 1234.4	  359.3	    0.0	    0.0	  831.0	    0.0	    0.0	    0.0	  100.0	    0.0	    0.0	    0.0	    0.0	  100.0	  100.0	  0	  150.0	 1050.0	    0.0	    0.0	  100.0	1	  470.8	  1	    0.0	   -nan	
 2929	 292.90	  372.4	    0.0	  -51.2	 1234.4	  359.3	    0.0	    0.0	  829.3	    0.0	    0.0	    0.0	  100.0	    0.0	    0.0	    0.0	    0.0	  100.0	  100.0	  0	  150.0	 1050.0	    0.0	    0.0	  100.0	1	  471.0	  1	    0.0	   -nan	
 2930	 293.00	  372.4	    0.0	  -51.1	 1234.4	  359.3	    0.0	    0.0	  827.1	    0.0	    0.0	    0.0	  100.0	    0.0	    0.0	    0.0	    0.0	  100.0	  100.0	  0	  150.0	 1050.0	    0.0	    0.0	  100.0	1	  471.2	  1	    0.0	   -nan	
 2931	 293.10	  372.4	    0.0	  -51.0	 1234.4	  359.3	    0.0	    0.0	  823.5	    0.0	    0.0	    0.0	  100.0	    0.0	    0.0	    0.0	    0.0	  100.0	  100.0	  0	  150.0	 1050.0	    0.0	    0.0	  100.0	1	  471.5	  1	    0.0	   -nan	
 2932	 293.20	  372.4	    0.0	  -50.6	 1234.4	  359.3	    0.0	    0.0	  828.6	    0.0	    0.0	    0.0	  100.0	    0.0	    0.0	    0.0	    0.0	  100.0	  100.0	  0	  150.0	 1050.0	    0.0	    0.0	  100.0	1	  471.0	  1	    0.0	   -nan	
 2933	 293.30	  372.4	    0.0	  -51.2	 1234.4	  359.3	    0.0	    0.0	  829.5	    0.0	    0.0	    0.0	  100.0	    0.0	    0.0	    0.0	    0.0	  100.0	  100.0	  0	  150.0	 1050.0	    0.0	    0.0	  100.0	1	  471.0	  1	    0.0	   -nan	
 2934	 293.40	  372.4	    0.0	  -51.4	 1234.4	  359.3	    0.0	    0.0	  831.2	    0.0	    0.0	    0.0	  100.0	    0.0	    0.0	    0.0	    0.0	  100.0	  100.0	  0	  150.0	 1050.0	    0.0	    0.0	  100.0	1	  470.8	  1	    0.0	   -nan	
 2935	 293.50	  372.4	    0.0	  -51.7	 1234.4	  359.3	    0.0	    0.0	  823.5	    0.0	    0.0	    0.0	  100.0	    0.0	    0.0	    0.0	    0.0	  100.0	  100.0	  0	  150.0	 1050.0	    0.0	    0.0	  100.0	1	  471.5	  1	    0.0	   -nan	
 2936	 293.60	  372.4	    0.0	  -49.8	 1234.4	  359.3	    0.0	    0.0	  803.9	    0.0	    0.0	    0.0	  100.0	    0.0	    0.0	    0.0	    0.0	  100.0	  100.0	  0	  150.0	 1050.0	    0.0	    0.0	  100.0	1	  473.3	  1	    0.0	   -nan	
 2937	 293.70	  372.4	    0.0	  -43.0	 1234.4	  359.3	    0.0	    0.0	  805.3	    0.0	    0.0	    0.0	  100.0	    0.0	    0.0	    0.0	    0.0	  100.0	  100.0	  0	  150.0	 1050.0	    0.0	    0.0	  100.0	1	  473.2	  1	    0.0	   -nan	
 2938	 293.80	  372.4	    0.0	  -43.6	 1234.4	  359.3	    0.0	    0.0	  805.6	    0.0	    0.0	    0.0	  100.0	    0.0	    0.0	    0.0	    0.0	  100.0	  100.0	  0	  150.0	 1050.0	    0.0	    0.0	  100.0	1	  473.2	  1	    0.0	   -nan	
 2939	 293.90	  372.4	    0.0	  -43.8	 1234.4	  359.3	    0.0	    0.0	  806.7	    0.0	    0.0	    0.0	  100.0	    0.0	    0.0	    0.0	    0.0	  100.0	  100.0	  0	  150.0	 1050.0	    0.0	    0.0	  100.0	1	  473.1	  1	    0.0	   -nan	
 2940	 294.00	  372.4	    0.0	  -44.7	 1234.4	  359.3	    0.0	    0.0	  807.3	    0.0	    0.0	    0.0	  100.0	    0.0	    0.0	    0.0	    0.0	  100.0	  100.0	  0	  150.0	 1050.0	    0.0	    0.0	  100.0	1	  473.0	  1	    0.0	   -nan	
 2941	 294.10	  372.4	    0.0	  -45.3	 1234.4	  359.3	    0.0	    0.0	  805.1	    0.0	    0.0	    0.0	  100.0	    0.0	    0.0	    0.0	    0.0	  100.0	  100.0	  0	  150.0	 1050.0	    0.0	    0.0	  100.0	1	  473.2	  1	    0.0	   -nan	
 2942	 294.20	  372.4	    0.0	  -42.4	 1234.4	  359.3	    0.0	    0.0	  808.3	    0.0	    0.0	    0.0	  100.0	    0.0	    0.0	    0.0	    0.0	  100.0	  100.0	  0	  150.0	 1050.0	    0.0	    0.0	  100.0	1	  472.9	  1	    0.0	   -nan	
 2943	 294.30	  372.4	    0.0	  -47.8	 1234.4	  359.3	    0.0	    0.0	  807.1	    0.0	    0.0	    0.0	  100.0	    0.0	    0.0	    0.0	    0.0	  100.0	  100.0	  0	  150.0	 1050.0	    0.0	    0.0	  100.0	1	  473.0	  1	    0.0	   -nan	
 2944	 294.40	  372.4	    0.0	  -45.2	 1234.4	  359.3	    0.0	    0.0	  808.6	    0.0	    0.0	    0.0	  100.0	    0.0	    0.0	    0.0	    0.0	  100.0	  100.0	  0	  150.0	 1050.0	    0.0	    0.0	  100.0	1	  472.9	  1	    0.0	   -nan	
 2945	 294.50	  372.4	    0.0	  -49.4	 1234.4	  359.3	    0.0	    0.0	  809.1	    0.0	    0.0	    0.0	  100.0	    0.0	    0.0	    0.0	    0.0	  100.0	  100.0	  0	  150.0	 1050.0	    0.0	    0.0	  100.0	1	  472.8	  1	    0.0	   -nan	
 2946	 294.60	  372.4	    0.0	  -51.2	 1234.4	  359.3	    0.0	    0.0	  814.8	    0.0	    0.0	    0.0	  100.0	    0.0	    0.0	    0.0	    0.0	  100.0	  100.0	  0	  150.0	 1050.0	    0.0	    0.0	  100.0	1	  472.3	  1	    0.0	   -nan	
 2947	 294.70	  372.4	    0.0	  -76.1	 1234.4	  359.3	    0.0	    0.0	  812.8	    0.0	    0.0	    0.0	  100.0	    0.0	    0.0	    0.0	    0.0	  100.0	  100.0	  0	  150.0	 1050.0	    0.0	    0.0	  100.0	1	  472.5	  1	    0.0	   -nan	
 2948	 294.80	  372.4	    0.0	  -65.5	 1234.4	  359.3	    0.0	    0.0	  799.0	    0.0	    0.0	    0.0	  100.0	    0.0	    0.0	    0.0	    0.0	  100.0	  100.0	  0	  150.0	 1050.0	    0.0	    0.0	  100.0	1	  473.8	  1	    0.0	   -nan	
 2949	 294.90	  372.4	    0.0	    7.5	 1234.4	  359.3	    0.0	    0.0	  795.8	    0.0	    0.0	    0.0	  100.0	    0.0	    0.0	    0.0	    0.0	  100.0	  100.0	  0	  150.0	 1050.0	    0.0	    0.0	  100.0	1	  474.2	  1	    0.0	   -nan	
 2950	 295.00	  372.4	    0.0	   14.6	 1234.4	  359.3	    0.0	    0.0	  805.3	    0.0	    0.0	    0.0	  100.0	    0.0	    0.0	    0.0	    0.0	  100.0	  100.0	  0	  150.0	 1050.0	    0.0	    0.0	  100.0	1	  473.2	  1	    0.0	   -nan	
 2951	 295.10	  372.4	    0.0	  -51.7	 1234.4	  359.3	    0.0	    0.0	  807.9	    0.0	    0.0	    0.0	  100.0	    0.0	    0.0	    0.0	    0.0	  100.0	  100.0	  0	  150.0	 1050.0	    0.0	    0.0	  100.0	1	  473.0	  1	    0.0	   -nan	
 2952	 295.20	  372.4	    0.0	  -90.1	 1234.4	  359.3	    0.0	    0.0	  816.2	    0.0	    0.0	    0.0	  100.0	    0.0	    0.0	    0.0	    0.0	  100.0	  100.0	  0	  150.0	 1050.0	    0.0	    0.0	  100.0	1	  472.2	  1	    0.0	   -nan	
 2953	 295.30	  372.4	    0.0	 -127.6	 1234.4	  359.3	    0.0	    0.0	  820.5	    0.0	    0.0	    0.0	  100.0	    0.0	    0.0	    0.0	    0.0	  100.0	  100.0	  0	  150.0	 1050.0	    0.0	    0.0	  100.0	1	  471.8	  1	    0.0	   -nan	
 2954	 295.40	  372.4	    0.0	 -132.3	 1234.4	  359.3	    0.0	    0.0	  821.3	    0.0	    0.0	    0.0	  100.0	    0.0	    0.0	    0.0	    0.0	  100.0	  100.0	  0	  150.0	 1050.0	    0.0	    0.0	  100.0	1	  471.7	  1	    0.0	   -nan	
 2955	 295.50	  372.4	    0.0	  137.1	 1234.4	  359.3	    0.0	    0.0	  821.7	    0.0	    0.0	    0.0	  100.0	    0.0	    0.0	    0.0	    0.0	  100.0	  100.0	  0	  150.0	 1050.0	    0.0	    0.0	  100.0	1	  471.7	  1	    0.0	   -nan	
 2956	 295.60	  372.4	    0.0	  128.6	 1234.4	  359.3	    0.0	    0.0	  823.7	    0.0	    0.0	    0.0	  100.0	    0.0	    0.0	    0.0	    0.0	  100.0	  100.0	  0	  150.0	 1050.0	    0.0	    0.0	  100.0	1	  471.5	  1	    0.0	   -nan	
 2957	 295.70	  372.4	    0.0	  128.7	 1234.4	  359.3	    0.0	    0.0	  827.5	    0.0	    0.0	    0.0	  100.0	    0.0	    0.0	    0.0	    0.0	  100.0	  100.0	  0	  150.0	 1050.0	    0.0	    0.0	  100.0	1	  471.1	  1	    0.0	   -nan	
 2958	 295.80	  372.4	    0.0	  128.9	 1234.4	  359.3	    0.0	    0.0	  832.1	    0.0	    0.0	    0.0	  100.0	    0.0	    0.0	    0.0	    0.0	  100.0	  100.0	  0	  150.0	 1050.0	    0.0	    0.0	  100.0	1	  470.7	  1	    0.0	   -nan	
 2959	 295.90	  372.4	    0.0	  129.2	 1234.4	  359.3	    0.0	    0.0	  840.5	    0.0	    0.0	    0.0	  100.0	    0.0	    0.0	    0.0	    0.0	  100.0	  100.0	  0	  150.0	 1050.0	    0.0	    0.0	  100.0	1	  470.0	  1	    0.0	   -nan	
 2960	 296.00	  372.4	    0.0	  130.0	 1234.4	  359.3	    0.0	    0.0	  843.2	    0.0	    0.0	    0.0	  100.0	    0.0	    0.0	    0.0	    0.0	  100.0	  100.0	  0	  150.0	 1050.0	    0.0	    0.0	  100.0	1	  469.8	  1	    0.0	   -nan	
 2961	 296.10	  372.4	    0.0	  130.3	 1234.4	  359.3	    0.0	    0.0	  844.1	    0.0	    0.0	    0.0	  100.0	    0.0	    0.0	    0.0	    0.0	  100.0	  100.0	  0	  150.0	 1050.0	    0.0	    0.0	  100.0	1	  469.7	  1	    0.0	   -nan	
 2962	 296.20	  372.4	    0.0	  130.4	 1234.4	  359.3	    0.0	    0.0	  846.0	    0.0	    0.0	    0.0	  100.0	    0.0	    0.0	    0.0	    0.0	  100.0	  100.0	  0	  150.0	 1050.0	    0.0	    0.0	  100.0	1	  469.6	  1	    0.0	   -nan	
 2963	 296.30	  372.4	    0.0	  130.8	 1234.4	  359.3	    0.0	    0.0	  849.9	    0.0	    0.0	    0.0	  100.0	    0.0	    0.0	    0.0	    0.0	  100.0	  100.0	  0	  150.0	 1050.0	    0.0	    0.0	  100.0	1	  469.3	  1	    0.0	   -nan	
 2964	 296.40	  372.4	    0.0	  131.8	 1234.4	  359.3	    0.0	    0.0	  848.2	    0.0	    0.0	    0.0	  100.0	    0.0	    0.0	    0.0	    0.0	  100.0	  100.0	  0	  150.0	 1050.0	    0.0	    0.0	  100.0	1	  469.4	  1	    0.0	   -nan	
 2965	 296.50	  372.4	    0.0	  131.5	 1234.4	  359.3	    0.0	    0.0	  848.2	    0.0	    0.0	    0.0	  100.0	    0.0	    0.0	    0.0	    0.0	  100.0	  100.0	  0	  150.0	 1050.0	    0.0	    0.0	  100.0	1	  469.4	  1	    0.0	   -nan	
 2966	 296.60	  372.4	    0.0	  131.4	 1234.4	  359.3	    0.0	    0.0	  845.5	    0.0	    0.0	    0.0	  100.0	    0.0	    0.0	    0.0	    0.0	  100.0	  100.0	  0	  150.0	 1050.0	    0.0	    0.0	  100.0	1	  469.6	  1	    0.0	   -nan	
 2967	 296.70	  372.4	    0.0	  129.9	 1234.4	  359.3	    0.0	    0.0	  845.6	    0.0	    0.0	    0.0	  100.0	    0.0	    0.0	    0.0	    0.0	  100.0	  100.0	  0	  150.0	 1050.0	    0.0	    0.0	  100.0	1	  469.6	  1	    0.0	   -nan	
 2968	 296.80	  372.4	    0.0	  129.7	 1234.4	  359.3	    0.0	    0.0	  843.6	    0.0	    0.0	    0.0	  100.0	    0.0	    0.0	    0.0	    0.0	  100.0	  100.0	  0	  150.0	 1050.0	    0.0	    0.0	  100.0	1	  469.8	  1	    0.0	   -nan	
 2969	 296.90	  372.4	    0.0	  128.4	 1234.4	  359.3	    0.0	    0.0	  840.8	    0.0	    0.0	    0.0	  100.0	    0.0	    0.0	    0.0	    0.0	  100.0	  100.0	  0	  150.0	 1050.0	    0.0	    0.0	  100.0	1	  470.0	  1	    0.0	   -nan	
 2970	 297.00	  372.4	    0.0	  125.9	 1234.4	  359.3	    0.0	    0.0	  840.7	    0.0	    0.0	    0.0	  100.0	    0.0	    0.0	    0.0	    0.0	  100.0	  100.0	  0	  150.0	 1050.0	    0.0	    0.0	  100.0	1	  470.0	  1	    0.0	   -nan	
 2971	 297.10	  372.4	    0.0	   78.1	 1234.4	  359.3	    0.0	    0.0	  837.8	    0.0	    0.0	    0.0	  100.0	    0.0	    0.0	    0.0	    0.0	  100.0	  100.0	  0	  150.0	 1050.0	    0.0	    0.0	  100.0	1	  470.3	  1	    0.0	   -nan	
 2972	 297.20	  372.4	    0.0	  -50.7	 1234.4	  359.3	    0.0	    0.0	  837.9	    0.0	    0.0	    0.0	  100.0	    0.0	    0.0	    0.0	    0.0	  100.0	  100.0	  0	  150.0	 1050.0	    0.0	    0.0	  100.0	1	  470.2	  1	    0.0	   -nan	
 2973	 297.30	  372.4	    0.0	  -50.9	 1234.4	  359.3	    0.0	    0.0	  836.8	    0.0	    0.0	    0.0	  100.0	    0.0	    0.0	    0.0	    0.0	  100.0	  100.0	  0	  150.0	 1050.0	    0.0	    0.0	  100.0	1	  470.3	  1	    0.0	   -nan	
 2974	 297.40	  372.4	    0.0	  -50.9	 1234.4	  359.3	    0.0	    0.0	  836.9	    0.0	    0.0	    0.0	  100.0	    0.0	    0.0	    0.0	    0.0	  100.0	  100.0	  0	  150.0	 1050.0	    0.0	    0.0	  100.0	1	  470.3	  1	    0.0	   -nan	
 2975	 297.50	  372.4	    0.0	  -50.9	 1234.4	  359.3	    0.0	    0.0	  836.8	    0.0	    0.0	    0.0	  100.0	    0.0	    0.0	    0.0	    0.0	  100.0	  100.0	  0	  150.0	 1050.0	    0.0	    0.0	  100.0	1	  470.3	  1	    0.0	   -nan	
 2976	 297.60	  372.4	    0.0	  -50.9	 1234.4	  359.3	    0.0	    0.0	  835.9	    0.0	    0.0	    0.0	  100.0	    0.0	    0.0	    0.0	    0.0	  100.0	  100.0	  0	  150.0	 1050.0	    0.0	    0.0	  100.0	1	  470.4	  1	    0.0	   -nan	
 2977	 297.70	  372.4	    0.0	  -50.9	 1234.4	  359.3	    0.0	    0.0	  834.9	    0.0	    0.0	    0.0	  100.0	    0.0	    0.0	    0.0	    0.0	  100.0	  100.0	  0	  150.0	 1050.0	    0.0	    0.0	  100.0	1	  470.5	  1	    0.0	   -nan	
 2978	 297.80	  372.4	    0.0	  -50.8	 1234.4	  359.3	    0.0	    0.0	  836.6	    0.0	    0.0	    0.0	  100.0	    0.0	    0.0	    0.0	    0.0	  100.0	  100.0	  0	  150.0	 1050.0	    0.0	    0.0	  100.0	1	  470.4	  1	    0.0	   -nan	
 2979	 297.90	  372.4	    0.0	  -50.9	 1234.4	  359.3	    0.0	    0.0	  836.7	    0.0	    0.0	    0.0	  100.0	    0.0	    0.0	    0.0	    0.0	  100.0	  100.0	  0	  150.0	 1050.0	    0.0	    0.0	  100.0	1	  470.3	  1	    0.0	   -nan	
 2980	 298.00	  372.4	    0.0	  -50.9	 1234.4	  359.3	    0.0	    0.0	  836.6	    0.0	    0.0	    0.0	  100.0	    0.0	    0.0	    0.0	    0.0	  100.0	  100.0	  0	  150.0	 1050.0	    0.0	    0.0	  100.0	1	  470.4	  1	    0.0	   -nan	
 2981	 298.10	  372.4	    0.0	  -50.9	 1234.4	  359.3	    0.0	    0.0	  835.7	    0.0	    0.0	    0.0	  100.0	    0.0	    0.0	    0.0	    0.0	  100.0	  100.0	  0	  150.0	 1050.0	    0.0	    0.0	  100.0	1	  470.4	  1	    0.0	   -nan	
 2982	 298.20	  372.4	    0.0	  -50.8	 1234.4	  359.3	    0.0	    0.0	  835.8	    0.0	    0.0	    0.0	  100.0	    0.0	    0.0	    0.0	    0.0	  100.0	  100.0	  0	  150.0	 1050.0	    0.0	    0.0	  100.0	1	  470.4	  1	    0.0	   -nan	
 2983	 298.30	  372.4	    0.0	  -50.8	 1234.4	  359.3	    0.0	    0.0	  834.8	    0.0	    0.0	    0.0	  100.0	    0.0	    0.0	    0.0	    0.0	  100.0	  100.0	  0	  150.0	 1050.0	    0.0	    0.0	  100.0	1	  470.5	  1	    0.0	   -nan	
 2984	 298.40	  372.4	    0.0	  -50.7	 1234.4	  359.3	    0.0	    0.0	  834.9	    0.0	    0.0	    0.0	  100.0	    0.0	    0.0	    0.0	    0.0	  100.0	  100.0	  0	  150.0	 1050.0	    0.0	    0.0	  100.0	1	  470.5	  1	    0.0	   -nan	
 2985	 298.50	  372.4	    0.0	  -50.7	 1234.4	  359.3	    0.0	    0.0	  833.0	    0.0	    0.0	    0.0	  100.0	    0.0	    0.0	    0.0	    0.0	  100.0	  100.0	  0	  150.0	 1050.0	    0.0	    0.0	  100.0	1	  470.7	  1	    0.0	   -nan	
 2986	 298.60	  372.4	    0.0	  -50.3	 1234.4	  359.3	    0.0	    0.0	  831.8	    0.0	    0.0	    0.0	  100.0	    0.0	    0.0	    0.0	    0.0	  100.0	  100.0	  0	  150.0	 1050.0	    0.0	    0.0	  100.0	1	  470.8	  1	    0.0	   -nan	
 2987	 298.70	  372.4	    0.0	  -50.0	 1234.4	  359.3	    0.0	    0.0	  814.7	    0.0	    0.0	    0.0	  100.0	    0.0	    0.0	    0.0	    0.0	  100.0	  100.0	  0	  150.0	 1050.0	    0.0	    0.0	  100.0	1	  472.3	  1	    0.0	   -nan	
 2988	 298.80	  372.4	    0.0	  -43.8	 1234.4	  359.3	    0.0	    0.0	  817.8	    0.0	    0.0	    0.0	  100.0	    0.0	    0.0	    0.0	    0.0	  100.0	  100.0	  0	  150.0	 1050.0	    0.0	    0.0	  100.0	1	  472.0	  1	    0.0	   -nan	
 2989	 298.90	  372.4	    0.0	  -45.3	 1234.4	  359.3	    0.0	    0.0	  813.8	    0.0	    0.0	    0.0	  100.0	    0.0	    0.0	    0.0	    0.0	  100.0	  100.0	  0	  150.0	 1050.0	    0.0	    0.0	  100.0	1	  472.4	  1	    0.0	   -nan	
 2990	 299.00	  372.4	    0.0	  -42.8	 1234.4	  359.3	    0.0	    0.0	  814.3	    0.0	    0.0	    0.0	  100.0	    0.0	    0.0	    0.0	    0.0	  100.0	  100.0	  0	  150.0	 1050.0	    0.0	    0.0	  100.0	1	  472.3	  1	    0.0	   -nan	
 2991	 299.10	  372.4	    0.0	  -43.2	 1234.4	  359.3	    0.0	    0.0	  814.3	    0.0	    0.0	    0.0	  100.0	    0.0	    0.0	    0.0	    0.0	  100.0	  100.0	  0	  150.0	 1050.0	    0.0	    0.0	  100.0	1	  472.3	  1	    0.0	   -nan	
 2992	 299.20	  372.4	    0.0	  -43.2	 1234.4	  359.3	    0.0	    0.0	  814.3	    0.0	    0.0	    0.0	  100.0	    0.0	    0.0	    0.0	    0.0	  100.0	  100.0	  0	  150.0	 1050.0	    0.0	    0.0	  100.0	1	  472.3	  1	    0.0	   -nan	
 2993	 299.30	  372.4	    0.0	  -43.2	 1234.4	  359.3	    0.0	    0.0	  812.4	    0.0	    0.0	    0.0	  100.0	    0.0	    0.0	    0.0	    0.0	  100.0	  100.0	  0	  150.0	 1050.0	    0.0	    0.0	  100.0	1	  472.5	  1	    0.0	   -nan	
 2994	 299.40	  372.4	    0.0	  -39.9	 1234.4	  359.3	    0.0	    0.0	  812.4	    0.0	    0.0	    0.0	  100.0	    0.0	    0.0	    0.0	    0.0	  100.0	  100.0	  0	  150.0	 1050.0	    0.0	    0.0	  100.0	1	  472.5	  1	    0.0	   -nan	
 2995	 299.50	  372.4	    0.0	  -39.9	 1234.4	  359.3	    0.0	    0.0	  810.7	    0.0	    0.0	    0.0	  100.0	    0.0	    0.0	    0.0	    0.0	  100.0	  100.0	  0	  150.0	 1050.0	    0.0	    0.0	  100.0	1	  472.7	  1	    0.0	   -nan	
 2996	 299.60	  372.4	    0.0	  -35.1	 1234.4	  359.3	    0.0	    0.0	  809.8	    0.0	    0.0	    0.0	  100.0	    0.0	    0.0	    0.0	    0.0	  100.0	  100.0	  0	  150.0	 1050.0	    0.0	    0.0	  100.0	1	  472.8	  1	    0.0	   -nan	
 2997	 299.70	  372.4	    0.0	  -31.8	 1234.4	  359.3	    0.0	    0.0	  809.8	    0.0	    0.0	    0.0	  100.0	    0.0	    0.0	    0.0	    0.0	  100.0	  100.0	  0	  150.0	 1050.0	    0.0	    0.0	  100.0	1	  472.8	  1	    0.0	   -nan	
 2998	 299.80	  372.4	    0.0	  -31.8	 1234.4	  359.3	    0.0	    0.0	  808.4	    0.0	    0.0	    0.0	  100.0	    0.0	    0.0	    0.0	    0.0	  100.0	  100.0	  0	  150.0	 1050.0	    0.0	    0.0	  100.0	1	  472.9	  1	    0.0	   -nan	
 2999	 299.90	  372.4	    0.0	  -24.0	 1234.4	  359.3	    0.0	    0.0	  807.5	    0.0	    0.0	    0.0	  100.0	    0.0	    0.0	    0.0	    0.0	  100.0	  100.0	  0	  150.0	 1050.0	    0.0	    0.0	  100.0	1	  473.0	  1	    0.0	   -nan	
 3000	 300.00	  372.4	    0.0	  -18.2	 1234.4	  359.3	    0.0	    0.0	  807.3	    0.0	    0.0	    0.0	  100.0	    0.0	    0.0	    0.0	    0.0	  100.0	  100.0	  0	  150.0	 1050.0	    0.0	    0.0	  100.0	1	  473.0	  1	    0.0	   -nan	
 3001	 300.10	  372.4	    0.0	  -16.7	 1234.4	  359.3	    0.0	    0.0	  807.3	    0.0	    0.0	    0.0	  100.0	    0.0	    0.0	    0.0	    0.0	  100.0	  100.0	  0	  150.0	 1050.0	    0.0	    0.0	  100.0	1	  473.0	  1	    0.0	   -nan	
 3002	 300.20	  372.4	    0.0	  -16.7	 1234.4	  359.3	    0.0	    0.0	  801.5	    0.0	    0.0	    0.0	  100.0	    0.0	    0.0	    0.0	    0.0	  100.0	  100.0	  0	  150.0	 1050.0	    0.0	    0.0	  100.0	1	  473.6	  1	    0.0	   -nan	
 3003	 300.30	  372.4	    0.0	   17.4	 1234.4	  359.3	    0.0	    0.0	  802.4	    0.0	    0.0	    0.0	  100.0	    0.0	    0.0	    0.0	    0.0	  100.0	  100.0	  0	  150.0	 1050.0	    0.0	    0.0	  100.0	1	  473.5	  1	    0.0	   -nan	
 3004	 300.40	  372.4	    0.0	   14.1	 1234.4	  359.3	    0.0	    0.0	  802.4	    0.0	    0.0	    0.0	  100.0	    0.0	    0.0	    0.0	    0.0	  100.0	  100.0	  0	  150.0	 1050.0	    0.0	    0.0	  100.0	1	  473.5	  1	    0.0	   -nan	
 3005	 300.50	  372.4	    0.0	   14.1	 1234.4	  359.3	    0.0	    0.0	  804.1	    0.0	    0.0	    0.0	  100.0	    0.0	    0.0	    0.0	    0.0	  100.0	  100.0	  0	  150.0	 1050.0	    0.0	    0.0	  100.0	1	  473.3	  1	    0.0	   -nan	
 3006	 300.60	  372.4	    0.0	   -6.7	 1234.4	  359.3	    0.0	    0.0	  806.0	    0.0	    0.0	    0.0	  100.0	    0.0	    0.0	    0.0	    0.0	  100.0	  100.0	  0	  150.0	 1050.0	    0.0	    0.0	  100.0	1	  473.1	  1	    0.0	   -nan	
 3007	 300.70	  372.4	    0.0	  -89.6	 1234.4	  359.3	    0.0	    0.0	  808.7	    0.0	    0.0	    0.0	  100.0	    0.0	    0.0	    0.0	    0.0	  100.0	  100.0	  0	  150.0	 1050.0	    0.0	    0.0	  100.0	1	  472.9	  1	    0.0	   -nan	
 3008	 300.80	  372.4	    0.0	 -127.8	 1234.4	  359.3	    0.0	    0.0	  808.4	    0.0	    0.0	    0.0	  100.0	    0.0	    0.0	    0.0	    0.0	  100.0	  100.0	  0	  150.0	 1050.0	    0.0	    0.0	  100.0	1	  472.9	  1	    0.0	   -nan	
 3009	 300.90	  372.4	    0.0	 -126.0	 1234.4	  359.3	    0.0	    0.0	  808.4	    0.0	    0.0	    0.0	  100.0	    0.0	    0.0	    0.0	    0.0	  100.0	  100.0	  0	  150.0	 1050.0	    0.0	    0.0	  100.0	1	  472.9	  1	    0.0	   -nan	
 3010	 301.00	  372.4	    0.0	 -126.0	 1234.4	  359.3	    0.0	    0.0	  810.1	    0.0	    0.0	    0.0	  100.0	    0.0	    0.0	    0.0	    0.0	  100.0	  100.0	  0	  150.0	 1050.0	    0.0	    0.0	  100.0	1	  472.7	  1	    0.0	   -nan	
 3011	 301.10	  372.4	    0.0	 -134.6	 1234.4	  359.3	    0.0	    0.0	  810.3	    0.0	    0.0	    0.0	  100.0	    0.0	    0.0	    0.0	    0.0	  100.0	  100.0	  0	  150.0	 1050.0	    0.0	    0.0	  100.0	1	  472.7	  1	    0.0	   -nan	
 3012	 301.20	  372.4	    0.0	  128.9	 1234.4	  359.3	    0.0	    0.0	  810.3	    0.0	    0.0	    0.0	  100.0	    0.0	    0.0	    0.0	    0.0	  100.0	  100.0	  0	  150.0	 1050.0	    0.0	    0.0	  100.0	1	  472.7	  1	    0.0	   -nan	
 3013	 301.30	  372.4	    0.0	  128.3	 1234.4	  359.3	    0.0	    0.0	  810.9	    0.0	    0.0	    0.0	  100.0	    0.0	    0.0	    0.0	    0.0	  100.0	  100.0	  0	  150.0	 1050.0	    0.0	    0.0	  100.0	1	  472.7	  1	    0.0	   -nan	
 3014	 301.40	  372.4	    0.0	  128.3	 1234.4	  359.3	    0.0	    0.0	  812.3	    0.0	    0.0	    0.0	  100.0	    0.0	    0.0	    0.0	    0.0	  100.0	  100.0	  0	  150.0	 1050.0	    0.0	    0.0	  100.0	1	  472.5	  1	    0.0	   -nan	
 3015	 301.50	  372.4	    0.0	  128.4	 1234.4	  359.3	    0.0	    0.0	  811.8	    0.0	    0.0	    0.0	  100.0	    0.0	    0.0	    0.0	    0.0	  100.0	  100.0	  0	  150.0	 1050.0	    0.0	    0.0	  100.0	1	  472.6	  1	    0.0	   -nan	
 3016	 301.60	  372.4	    0.0	  128.3	 1234.4	  359.3	    0.0	    0.0	  817.3	    0.0	    0.0	    0.0	  100.0	    0.0	    0.0	    0.0	    0.0	  100.0	  100.0	  0	  150.0	 1050.0	    0.0	    0.0	  100.0	1	  472.1	  1	    0.0	   -nan	
 3017	 301.70	  372.4	    0.0	  128.9	 1234.4	  359.3	    0.0	    0.0	  816.0	    0.0	    0.0	    0.0	  100.0	    0.0	    0.0	    0.0	    0.0	  100.0	  100.0	  0	  150.0	 1050.0	    0.0	    0.0	  100.0	1	  472.2	  1	    0.0	   -nan	
 3018	 301.80	  372.4	    0.0	  128.7	 1234.4	  359.3	    0.0	    0.0	  813.0	    0.0	    0.0	    0.0	  100.0	    0.0	    0.0	    0.0	    0.0	  100.0	  100.0	  0	  150.0	 1050.0	    0.0	    0.0	  100.0	1	  472.5	  1	    0.0	   -nan	
 3019	 301.90	  372.4	    0.0	  128.2	 1234.4	  359.3	    0.0	    0.0	  813.2	    0.0	    0.0	    0.0	  100.0	    0.0	    0.0	    0.0	    0.0	  100.0	  100.0	  0	  150.0	 1050.0	    0.0	    0.0	  100.0	1	  472.5	  1	    0.0	   -nan	
 3020	 302.00	  372.4	    0.0	  128.2	 1234.4	  359.3	    0.0	    0.0	  811.0	    0.0	    0.0	    0.0	  100.0	    0.0	    0.0	    0.0	    0.0	  100.0	  100.0	  0	  150.0	 1050.0	    0.0	    0.0	  100.0	1	  472.7	  1	    0.0	   -nan	
 3021	 302.10	  372.4	    0.0	  127.6	 1234.4	  359.3	    0.0	    0.0	  814.8	    0.0	    0.0	    0.0	  100.0	    0.0	    0.0	    0.0	    0.0	  100.0	  100.0	  0	  150.0	 1050.0	    0.0	    0.0	  100.0	1	  472.3	  1	    0.0	   -nan	
 3022	 302.20	  372.4	    0.0	  129.1	 1234.4	  359.3	    0.0	    0.0	  815.9	    0.0	    0.0	    0.0	  100.0	    0.0	    0.0	    0.0	    0.0	  100.0	  100.0	  0	  150.0	 1050.0	    0.0	    0.0	  100.0	1	  472.2	  1	    0.0	   -nan	
 3023	 302.30	  372.4	    0.0	  129.6	 1234.4	  359.3	    0.0	    0.0	  816.7	    0.0	    0.0	    0.0	  100.0	    0.0	    0.0	    0.0	    0.0	  100.0	  100.0	  0	  150.0	 1050.0	    0.0	    0.0	  100.0	1	  472.1	  1	    0.0	   -nan	
 3024	 302.40	  372.4	    0.0	  130.3	 1234.4	  359.3	    0.0	    0.0	  819.8	    0.0	    0.0	    0.0	  100.0	    0.0	    0.0	    0.0	    0.0	  100.0	  100.0	  0	  150.0	 1050.0	    0.0	    0.0	  100.0	1	  471.8	  1	    0.0	   -nan	
 3025	 302.50	  372.4	    0.0	  134.0	 1234.4	  359.3	    0.0	    0.0	  818.5	    0.0	    0.0	    0.0	  100.0	    0.0	    0.0	    0.0	    0.0	  100.0	  100.0	  0	  150.0	 1050.0	    0.0	    0.0	  100.0	1	  472.0	  1	    0.0	   -nan	
 3026	 302.60	  372.4	    0.0	  -58.3	 1234.4	  359.3	    0.0	    0.0	  818.7	    0.0	    0.0	    0.0	  100.0	    0.0	    0.0	    0.0	    0.0	  100.0	  100.0	  0	  150.0	 1050.0	    0.0	    0.0	  100.0	1	  471.9	  1	    0.0	   -nan	
 3027	 302.70	  372.4	    0.0	  -51.6	 1234.4	  359.3	    0.0	    0.0	  820.4	    0.0	    0.0	    0.0	  100.0	    0.0	    0.0	    0.0	    0.0	  100.0	  100.0	  0	  150.0	 1050.0	    0.0	    0.0	  100.0	1	  471.8	  1	    0.0	   -nan	
 3028	 302.80	  372.4	    0.0	  -51.6	 1234.4	  359.3	    0.0	    0.0	  819.3	    0.0	    0.0	    0.0	  100.0	    0.0	    0.0	    0.0	    0.0	  100.0	  100.0	  0	  150.0	 1050.0	    0.0	    0.0	  100.0	1	  471.9	  1	    0.0	   -nan	
 3029	 302.90	  372.4	    0.0	  -51.6	 1234.4	  359.3	    0.0	    0.0	  817.3	    0.0	    0.0	    0.0	  100.0	    0.0	    0.0	    0.0	    0.0	  100.0	  100.0	  0	  150.0	 1050.0	    0.0	    0.0	  100.0	1	  472.1	  1	    0.0	   -nan	
 3030	 303.00	  372.4	    0.0	  -51.6	 1234.4	  359.3	    0.0	    0.0	  819.3	    0.0	    0.0	    0.0	  100.0	    0.0	    0.0	    0.0	    0.0	  100.0	  100.0	  0	  150.0	 1050.0	    0.0	    0.0	  100.0	1	  471.9	  1	    0.0	   -nan	
 3031	 303.10	  372.4	    0.0	  -51.6	 1234.4	  359.3	    0.0	    0.0	  818.4	    0.0	    0.0	    0.0	  100.0	    0.0	    0.0	    0.0	    0.0	  100.0	  100.0	  0	  150.0	 1050.0	    0.0	    0.0	  100.0	1	  472.0	  1	    0.0	   -nan	
 3032	 303.20	  372.4	    0.0	  -51.6	 1234.4	  359.3	    0.0	    0.0	  820.4	    0.0	    0.0	    0.0	  100.0	    0.0	    0.0	    0.0	    0.0	  100.0	  100.0	  0	  150.0	 1050.0	    0.0	    0.0	  100.0	1	  471.8	  1	    0.0	   -nan	
 3033	 303.30	  372.4	    0.0	  -51.7	 1234.4	  359.3	    0.0	    0.0	  820.5	    0.0	    0.0	    0.0	  100.0	    0.0	    0.0	    0.0	    0.0	  100.0	  100.0	  0	  150.0	 1050.0	    0.0	    0.0	  100.0	1	  471.8	  1	    0.0	   -nan	
 3034	 303.40	  372.4	    0.0	  -51.7	 1234.4	  359.3	    0.0	    0.0	  820.5	    0.0	    0.0	    0.0	  100.0	    0.0	    0.0	    0.0	    0.0	  100.0	  100.0	  0	  150.0	 1050.0	    0.0	    0.0	  100.0	1	  471.8	  1	    0.0	   -nan	
 3035	 303.50	  372.4	    0.0	  -51.7	 1234.4	  359.3	    0.0	    0.0	  822.6	    0.0	    0.0	    0.0	  100.0	    0.0	    0.0	    0.0	    0.0	  100.0	  100.0	  0	  150.0	 1050.0	    0.0	    0.0	  100.0	1	  471.6	  1	    0.0	   -nan	
 3036	 303.60	  372.4	    0.0	  -51.8	 1234.4	  359.3	    0.0	    0.0	  819.6	    0.0	    0.0	    0.0	  100.0	    0.0	    0.0	    0.0	    0.0	  100.0	  100.0	  0	  150.0	 1050.0	    0.0	    0.0	  100.0	1	  471.9	  1	    0.0	   -nan	
 3037	 303.70	  372.4	    0.0	  -51.5	 1234.4	  359.3	    0.0	    0.0	  821.9	    0.0	    0.0	    0.0	  100.0	    0.0	    0.0	    0.0	    0.0	  100.0	  100.0	  0	  150.0	 1050.0	    0.0	    0.0	  100.0	1	  471.6	  1	    0.0	   -nan	
 3038	 303.80	  372.4	    0.0	  -51.8	 1234.4	  359.3	    0.0	    0.0	  822.4	    0.0	    0.0	    0.0	  100.0	    0.0	    0.0	    0.0	    0.0	  100.0	  100.0	  0	  150.0	 1050.0	    0.0	    0.0	  100.0	1	  471.6	  1	    0.0	   -nan	
 3039	 303.90	  372.4	    0.0	  -51.9	 1234.4	  359.3	    0.0	    0.0	  820.4	    0.0	    0.0	    0.0	  100.0	    0.0	    0.0	    0.0	    0.0	  100.0	  100.0	  0	  150.0	 1050.0	    0.0	    0.0	  100.0	1	  471.8	  1	    0.0	   -nan	
 3040	 304.00	  372.4	    0.0	  -51.5	 1234.4	  359.3	    0.0	    0.0	  822.4	    0.0	    0.0	    0.0	  100.0	    0.0	    0.0	    0.0	    0.0	  100.0	  100.0	  0	  150.0	 1050.0	    0.0	    0.0	  100.0	1	  471.6	  1	    0.0	   -nan	
 3041	 304.10	  372.4	    0.0	  -52.0	 1234.4	  359.3	    0.0	    0.0	  820.1	    0.0	    0.0	    0.0	  100.0	    0.0	    0.0	    0.0	    0.0	  100.0	  100.0	  0	  150.0	 1050.0	    0.0	    0.0	  100.0	1	  471.8	  1	    0.0	   -nan	
 3042	 304.20	  372.4	    0.0	  -51.2	 1234.4	  359.3	    0.0	    0.0	  820.8	    0.0	    0.0	    0.0	  100.0	    0.0	    0.0	    0.0	    0.0	  100.0	  100.0	  0	  150.0	 1050.0	    0.0	    0.0	  100.0	1	  471.7	  1	    0.0	   -nan	
 3043	 304.30	  372.4	    0.0	  -51.5	 1234.4	  359.3	    0.0	    0.0	  817.1	    0.0	    0.0	    0.0	  100.0	    0.0	    0.0	    0.0	    0.0	  100.0	  100.0	  0	  150.0	 1050.0	    0.0	    0.0	  100.0	1	  472.1	  1	    0.0	   -nan	
 3044	 304.40	  372.4	    0.0	  -49.5	 1234.4	  359.3	    0.0	    0.0	  820.1	    0.0	    0.0	    0.0	  100.0	    0.0	    0.0	    0.0	    0.0	  100.0	  100.0	  0	  150.0	 1050.0	    0.0	    0.0	  100.0	1	  471.8	  1	    0.0	   -nan	
 3045	 304.50	  372.4	    0.0	  -51.6	 1234.4	  359.3	    0.0	    0.0	  816.7	    0.0	    0.0	    0.0	  100.0	    0.0	    0.0	    0.0	    0.0	  100.0	  100.0	  0	  150.0	 1050.0	    0.0	    0.0	  100.0	1	  472.1	  1	    0.0	   -nan	
 3046	 304.60	  372.4	    0.0	  -48.4	 1234.4	  359.3	    0.0	    0.0	  815.3	    0.0	    0.0	    0.0	  100.0	    0.0	    0.0	    0.0	    0.0	  100.0	  100.0	  0	  150.0	 1050.0	    0.0	    0.0	  100.0	1	  472.3	  1	    0.0	   -nan	
 3047	 304.70	  372.4	    0.0	  -46.7	 1234.4	  359.3	    0.0	    0.0	  814.1	    0.0	    0.0	    0.0	  100.0	    0.0	    0.0	    0.0	    0.0	  100.0	  100.0	  0	  150.0	 1050.0	    0.0	    0.0	  100.0	1	  472.4	  1	    0.0	   -nan	
 3048	 304.80	  372.4	    0.0	  -44.8	 1234.4	  359.3	    0.0	    0.0	  813.9	    0.0	    0.0	    0.0	  100.0	    0.0	    0.0	    0.0	    0.0	  100.0	  100.0	  0	  150.0	 1050.0	    0.0	    0.0	  100.0	1	  472.4	  1	    0.0	   -nan	
 3049	 304.90	  372.4	    0.0	  -44.4	 1234.4	  359.3	    0.0	    0.0	  813.4	    0.0	    0.0	    0.0	  100.0	    0.0	    0.0	    0.0	    0.0	  100.0	  100.0	  0	  150.0	 1050.0	    0.0	    0.0	  100.0	1	  472.4	  1	    0.0	   -nan	
 3050	 305.00	  372.4	    0.0	  -43.0	 1234.4	  359.3	    0.0	    0.0	  813.4	    0.0	    0.0	    0.0	  100.0	    0.0	    0.0	    0.0	    0.0	  100.0	  100.0	  0	  150.0	 1050.0	    0.0	    0.0	  100.0	1	  472.4	  1	    0.0	   -nan	
 3051	 305.10	  372.4	    0.0	  -43.0	 1234.4	  359.3	    0.0	    0.0	  814.8	    0.0	    0.0	    0.0	  100.0	    0.0	    0.0	    0.0	    0.0	  100.0	  100.0	  0	  150.0	 1050.0	    0.0	    0.0	  100.0	1	  472.3	  1	    0.0	   -nan	
 3052	 305.20	  372.4	    0.0	  -49.3	 1234.4	  359.3	    0.0	    0.0	  814.8	    0.0	    0.0	    0.0	  100.0	    0.0	    0.0	    0.0	    0.0	  100.0	  100.0	  0	  150.0	 1050.0	    0.0	    0.0	  100.0	1	  472.3	  1	    0.0	   -nan	
 3053	 305.30	  372.4	    0.0	  -49.3	 1234.4	  359.3	    0.0	    0.0	  821.0	    0.0	    0.0	    0.0	  100.0	    0.0	    0.0	    0.0	    0.0	  100.0	  100.0	  0	  150.0	 1050.0	    0.0	    0.0	  100.0	1	  471.7	  1	    0.0	   -nan	
 3054	 305.40	  372.4	    0.0	  -89.3	 1234.4	  359.3	    0.0	    0.0	  815.8	    0.0	    0.0	    0.0	  100.0	    0.0	    0.0	    0.0	    0.0	  100.0	  100.0	  0	  150.0	 1050.0	    0.0	    0.0	  100.0	1	  472.2	  1	    0.0	   -nan	
 3055	 305.50	  372.4	    0.0	  -45.7	 1234.4	  359.3	    0.0	    0.0	  817.3	    0.0	    0.0	    0.0	  100.0	    0.0	    0.0	    0.0	    0.0	  100.0	  100.0	  0	  150.0	 1050.0	    0.0	    0.0	  100.0	1	  472.1	  1	    0.0	   -nan	
 3056	 305.60	  372.4	    0.0	  -64.4	 1234.4	  359.3	    0.0	    0.0	  820.8	    0.0	    0.0	    0.0	  100.0	    0.0	    0.0	    0.0	    0.0	  100.0	  100.0	  0	  150.0	 1050.0	    0.0	    0.0	  100.0	1	  471.7	  1	    0.0	   -nan	
 3057	 305.70	  372.4	    0.0	 -102.0	 1234.4	  359.3	    0.0	    0.0	  814.3	    0.0	    0.0	    0.0	  100.0	    0.0	    0.0	    0.0	    0.0	  100.0	  100.0	  0	  150.0	 1050.0	    0.0	    0.0	  100.0	1	  472.3	  1	    0.0	   -nan	
 3058	 305.80	  372.4	    0.0	   -1.8	 1234.4	  359.3	    0.0	    0.0	  812.5	    0.0	    0.0	    0.0	  100.0	    0.0	    0.0	    0.0	    0.0	  100.0	  100.0	  0	  150.0	 1050.0	    0.0	    0.0	  100.0	1	  472.5	  1	    0.0	   -nan	
 3059	 305.90	  372.4	    0.0	   12.5	 1234.4	  359.3	    0.0	    0.0	  807.9	    0.0	    0.0	    0.0	  100.0	    0.0	    0.0	    0.0	    0.0	  100.0	  100.0	  0	  150.0	 1050.0	    0.0	    0.0	  100.0	1	  473.0	  1	    0.0	   -nan	
 3060	 306.00	  372.4	    0.0	   27.0	 1234.4	  359.3	    0.0	    0.0	  803.4	    0.0	    0.0	    0.0	  100.0	    0.0	    0.0	    0.0	    0.0	  100.0	  100.0	  0	  150.0	 1050.0	    0.0	    0.0	  100.0	1	  473.4	  1	    0.0	   -nan	
 3061	 306.10	  372.4	    0.0	   31.7	 1234.4	  359.3	    0.0	    0.0	  805.5	    0.0	    0.0	    0.0	  100.0	    0.0	    0.0	    0.0	    0.0	  100.0	  100.0	  0	  150.0	 1050.0	    0.0	    0.0	  100.0	1	  473.2	  1	    0.0	   -nan	
 3062	 306.20	  372.4	    0.0	  127.0	 1234.4	  359.3	    0.0	    0.0	  807.6	    0.0	    0.0	    0.0	  100.0	    0.0	    0.0	    0.0	    0.0	  100.0	  100.0	  0	  150.0	 1050.0	    0.0	    0.0	  100.0	1	  473.0	  1	    0.0	   -nan	
 3063	 306.30	  372.4	    0.0	  128.1	 1234.4	  359.3	    0.0	    0.0	  807.4	    0.0	    0.0	    0.0	  100.0	    0.0	    0.0	    0.0	    0.0	  100.0	  100.0	  0	  150.0	 1050.0	    0.0	    0.0	  100.0	1	  473.0	  1	    0.0	   -nan	
 3064	 306.40	  372.4	    0.0	  128.1	 1234.4	  359.3	    0.0	    0.0	  811.6	    0.0	    0.0	    0.0	  100.0	    0.0	    0.0	    0.0	    0.0	  100.0	  100.0	  0	  150.0	 1050.0	    0.0	    0.0	  100.0	1	  472.6	  1	    0.0	   -nan	
 3065	 306.50	  372.4	    0.0	  128.4	 1234.4	  359.3	    0.0	    0.0	  812.3	    0.0	    0.0	    0.0	  100.0	    0.0	    0.0	    0.0	    0.0	  100.0	  100.0	  0	  150.0	 1050.0	    0.0	    0.0	  100.0	1	  472.5	  1	    0.0	   -nan	
 3066	 306.60	  372.4	    0.0	  128.4	 1234.4	  359.3	    0.0	    0.0	  807.8	    0.0	    0.0	    0.0	  100.0	    0.0	    0.0	    0.0	    0.0	  100.0	  100.0	  0	  150.0	 1050.0	    0.0	    0.0	  100.0	1	  473.0	  1	    0.0	   -nan	
 3067	 306.70	  372.4	    0.0	  128.0	 1234.4	  359.3	    0.0	    0.0	  809.2	    0.0	    0.0	    0.0	  100.0	    0.0	    0.0	    0.0	    0.0	  100.0	  100.0	  0	  150.0	 1050.0	    0.0	    0.0	  100.0	1	  472.8	  1	    0.0	   -nan	
 3068	 306.80	  372.4	    0.0	  128.2	 1234.4	  359.3	    0.0	    0.0	  806.4	    0.0	    0.0	    0.0	  100.0	    0.0	    0.0	    0.0	    0.0	  100.0	  100.0	  0	  150.0	 1050.0	    0.0	    0.0	  100.0	1	  473.1	  1	    0.0	   -nan	
 3069	 306.90	  372.4	    0.0	  127.7	 1234.4	  359.3	    0.0	    0.0	  808.4	    0.0	    0.0	    0.0	  100.0	    0.0	    0.0	    0.0	    0.0	  100.0	  100.0	  0	  150.0	 1050.0	    0.0	    0.0	  100.0	1	  472.9	  1	    0.0	   -nan	
 3070	 307.00	  372.4	    0.0	  128.1	 1234.4	  359.3	    0.0	    0.0	  807.1	    0.0	    0.0	    0.0	  100.0	    0.0	    0.0	    0.0	    0.0	  100.0	  100.0	  0	  150.0	 1050.0	    0.0	    0.0	  100.0	1	  473.0	  1	    0.0	   -nan	
 3071	 307.10	  372.4	    0.0	  127.8	 1234.4	  359.3	    0.0	    0.0	  808.1	    0.0	    0.0	    0.0	  100.0	    0.0	    0.0	    0.0	    0.0	  100.0	  100.0	  0	  150.0	 1050.0	    0.0	    0.0	  100.0	1	  472.9	  1	    0.0	   -nan	
 3072	 307.20	  372.4	    0.0	  128.1	 1234.4	  359.3	    0.0	    0.0	  805.5	    0.0	    0.0	    0.0	  100.0	    0.0	    0.0	    0.0	    0.0	  100.0	  100.0	  0	  150.0	 1050.0	    0.0	    0.0	  100.0	1	  473.2	  1	    0.0	   -nan	
 3073	 307.30	  372.4	    0.0	  126.9	 1234.4	  359.3	    0.0	    0.0	  805.3	    0.0	    0.0	    0.0	  100.0	    0.0	    0.0	    0.0	    0.0	  100.0	  100.0	  0	  150.0	 1050.0	    0.0	    0.0	  100.0	1	  473.2	  1	    0.0	   -nan	
 3074	 307.40	  372.4	    0.0	  126.5	 1234.4	  359.3	    0.0	    0.0	  806.3	    0.0	    0.0	    0.0	  100.0	    0.0	    0.0	    0.0	    0.0	  100.0	  100.0	  0	  150.0	 1050.0	    0.0	    0.0	  100.0	1	  473.1	  1	    0.0	   -nan	
 3075	 307.50	  372.4	    0.0	  127.4	 1234.4	  359.3	    0.0	    0.0	  804.9	    0.0	    0.0	    0.0	  100.0	    0.0	    0.0	    0.0	    0.0	  100.0	  100.0	  0	  150.0	 1050.0	    0.0	    0.0	  100.0	1	  473.2	  1	    0.0	   -nan	
 3076	 307.60	  372.4	    0.0	  126.1	 1234.4	  359.3	    0.0	    0.0	  803.9	    0.0	    0.0	    0.0	  100.0	    0.0	    0.0	    0.0	    0.0	  100.0	  100.0	  0	  150.0	 1050.0	    0.0	    0.0	  100.0	1	  473.3	  1	    0.0	   -nan	
 3077	 307.70	  372.4	    0.0	  122.1	 1234.4	  359.3	    0.0	    0.0	  808.6	    0.0	    0.0	    0.0	  100.0	    0.0	    0.0	    0.0	    0.0	  100.0	  100.0	  0	  150.0	 1050.0	    0.0	    0.0	  100.0	1	  472.9	  1	    0.0	   -nan	
 3078	 307.80	  372.4	    0.0	  -54.9	 1234.4	  359.3	    0.0	    0.0	  807.4	    0.0	    0.0	    0.0	  100.0	    0.0	    0.0	    0.0	    0.0	  100.0	  100.0	  0	  150.0	 1050.0	    0.0	    0.0	  100.0	1	  473.0	  1	    0.0	   -nan	
 3079	 307.90	  372.4	    0.0	  -51.9	 1234.4	  359.3	    0.0	    0.0	  804.8	    0.0	    0.0	    0.0	  100.0	    0.0	    0.0	    0.0	    0.0	  100.0	  100.0	  0	  150.0	 1050.0	    0.0	    0.0	  100.0	1	  473.3	  1	    0.0	   -nan	
 3080	 308.00	  372.4	    0.0	  -51.9	 1234.4	  359.3	    0.0	    0.0	  806.0	    0.0	    0.0	    0.0	  100.0	    0.0	    0.0	    0.0	    0.0	  100.0	  100.0	  0	  150.0	 1050.0	    0.0	    0.0	  100.0	1	  473.1	  1	    0.0	   -nan	
 3081	 308.10	  372.4	    0.0	  -51.9	 1234.4	  359.3	    0.0	    0.0	  804.6	    0.0	    0.0	    0.0	  100.0	    0.0	    0.0	    0.0	    0.0	  100.0	  100.0	  0	  150.0	 1050.0	    0.0	    0.0	  100.0	1	  473.3	  1	    0.0	   -nan	
 3082	 308.20	  372.4	    0.0	  -51.8	 1234.4	  359.3	    0.0	    0.0	  805.0	    0.0	    0.0	    0.0	  100.0	    0.0	    0.0	    0.0	    0.0	  100.0	  100.0	  0	  150.0	 1050.0	    0.0	    0.0	  100.0	1	  473.2	  1	    0.0	   -nan	
 3083	 308.30	  372.4	    0.0	  -51.9	 1234.4	  359.3	    0.0	    0.0	  805.0	    0.0	    0.0	    0.0	  100.0	    0.0	    0.0	    0.0	    0.0	  100.0	  100.0	  0	  150.0	 1050.0	    0.0	    0.0	  100.0	1	  473.2	  1	    0.0	   -nan	
 3084	 308.40	  372.4	    0.0	  -51.9	 1234.4	  359.3	    0.0	    0.0	  806.6	    0.0	    0.0	    0.0	  100.0	    0.0	    0.0	    0.0	    0.0	  100.0	  100.0	  0	  150.0	 1050.0	    0.0	    0.0	  100.0	1	  473.1	  1	    0.0	   -nan	
 3085	 308.50	  372.4	    0.0	  -51.9	 1234.4	  359.3	    0.0	    0.0	  806.6	    0.0	    0.0	    0.0	  100.0	    0.0	    0.0	    0.0	    0.0	  100.0	  100.0	  0	  150.0	 1050.0	    0.0	    0.0	  100.0	1	  473.1	  1	    0.0	   -nan	
 3086	 308.60	  372.4	    0.0	  -51.9	 1234.4	  359.3	    0.0	    0.0	  808.1	    0.0	    0.0	    0.0	  100.0	    0.0	    0.0	    0.0	    0.0	  100.0	  100.0	  0	  150.0	 1050.0	    0.0	    0.0	  100.0	1	  472.9	  1	    0.0	   -nan	
 3087	 308.70	  372.4	    0.0	  -52.0	 1234.4	  359.3	    0.0	    0.0	  808.1	    0.0	    0.0	    0.0	  100.0	    0.0	    0.0	    0.0	    0.0	  100.0	  100.0	  0	  150.0	 1050.0	    0.0	    0.0	  100.0	1	  472.9	  1	    0.0	   -nan	
 3088	 308.80	  372.4	    0.0	  -52.0	 1234.4	  359.3	    0.0	    0.0	  806.8	    0.0	    0.0	    0.0	  100.0	    0.0	    0.0	    0.0	    0.0	  100.0	  100.0	  0	  150.0	 1050.0	    0.0	    0.0	  100.0	1	  473.1	  1	    0.0	   -nan	
 3089	 308.90	  372.4	    0.0	  -51.9	 1234.4	  359.3	    0.0	    0.0	  805.9	    0.0	    0.0	    0.0	  100.0	    0.0	    0.0	    0.0	    0.0	  100.0	  100.0	  0	  150.0	 1050.0	    0.0	    0.0	  100.0	1	  473.2	  1	    0.0	   -nan	
 3090	 309.00	  372.4	    0.0	  -51.8	 1234.4	  359.3	    0.0	    0.0	  805.7	    0.0	    0.0	    0.0	  100.0	    0.0	    0.0	    0.0	    0.0	  100.0	  100.0	  0	  150.0	 1050.0	    0.0	    0.0	  100.0	1	  473.2	  1	    0.0	   -nan	
 3091	 309.10	  372.4	    0.0	  -51.7	 1234.4	  359.3	    0.0	    0.0	  806.4	    0.0	    0.0	    0.0	  100.0	    0.0	    0.0	    0.0	    0.0	  100.0	  100.0	  0	  150.0	 1050.0	    0.0	    0.0	  100.0	1	  473.1	  1	    0.0	   -nan	
 3092	 309.20	  372.4	    0.0	  -51.9	 1234.4	  359.3	    0.0	    0.0	  804.2	    0.0	    0.0	    0.0	  100.0	    0.0	    0.0	    0.0	    0.0	  100.0	  100.0	  0	  150.0	 1050.0	    0.0	    0.0	  100.0	1	  473.3	  1	    0.0	   -nan	
 3093	 309.30	  372.4	    0.0	  -51.3	 1234.4	  359.3	    0.0	    0.0	  806.3	    0.0	    0.0	    0.0	  100.0	    0.0	    0.0	    0.0	    0.0	  100.0	  100.0	  0	  150.0	 1050.0	    0.0	    0.0	  100.0	1	  473.1	  1	    0.0	   -nan	
 3094	 309.40	  372.4	    0.0	  -52.0	 1234.4	  359.3	    0.0	    0.0	  803.7	    0.0	    0.0	    0.0	  100.0	    0.0	    0.0	    0.0	    0.0	  100.0	  100.0	  0	  150.0	 1050.0	    0.0	    0.0	  100.0	1	  473.4	  1	    0.0	   -nan	
 3095	 309.50	  372.4	    0.0	  -50.8	 1234.4	  359.3	    0.0	    0.0	  804.0	    0.0	    0.0	    0.0	  100.0	    0.0	    0.0	    0.0	    0.0	  100.0	  100.0	  0	  150.0	 1050.0	    0.0	    0.0	  100.0	1	  473.3	  1	    0.0	   -nan	
 3096	 309.60	  372.4	    0.0	  -51.0	 1234.4	  359.3	    0.0	    0.0	  804.8	    0.0	    0.0	    0.0	  100.0	    0.0	    0.0	    0.0	    0.0	  100.0	  100.0	  0	  150.0	 1050.0	    0.0	    0.0	  100.0	1	  473.3	  1	    0.0	   -nan	
 3097	 309.70	  372.4	    0.0	  -51.6	 1234.4	  359.3	    0.0	    0.0	  804.6	    0.0	    0.0	    0.0	  100.0	    0.0	    0.0	    0.0	    0.0	  100.0	  100.0	  0	  150.0	 1050.0	    0.0	    0.0	  100.0	1	  473.3	  1	    0.0	   -nan	
 3098	 309.80	  372.4	    0.0	  -51.4	 1234.4	  359.3	    0.0	    0.0	  803.0	    0.0	    0.0	    0.0	  100.0	    0.0	    0.0	    0.0	    0.0	  100.0	  100.0	  0	  150.0	 1050.0	    0.0	    0.0	  100.0	1	  473.4	  1	    0.0	   -nan	
 3099	 309.90	  372.4	    0.0	  -49.3	 1234.4	  359.3	    0.0	    0.0	  809.9	    0.0	    0.0	    0.0	  100.0	    0.0	    0.0	    0.0	    0.0	  100.0	  100.0	  0	  150.0	 1050.0	    0.0	    0.0	  100.0	1	  472.8	  1	    0.0	   -nan	
 3100	 310.00	  372.4	    0.0	  -60.8	 1234.4	  359.3	    0.0	    0.0	  807.7	    0.0	    0.0	    0.0	  100.0	    0.0	    0.0	    0.0	    0.0	  100.0	  100.0	  0	  150.0	 1050.0	    0.0	    0.0	  100.0	1	  473.0	  1	    0.0	   -nan	
 3101	 310.10	  372.4	    0.0	  -56.2	 1234.4	  359.3	    0.0	    0.0	  807.2	    0.0	    0.0	    0.0	  100.0	    0.0	    0.0	    0.0	    0.0	  100.0	  100.0	  0	  150.0	 1050.0	    0.0	    0.0	  100.0	1	  473.0	  1	    0.0	   -nan	
 3102	 310.20	  372.4	    0.0	  -54.8	 1234.4	  359.3	    0.0	    0.0	  809.9	    0.0	    0.0	    0.0	  100.0	    0.0	    0.0	    0.0	    0.0	  100.0	  100.0	  0	  150.0	 1050.0	    0.0	    0.0	  100.0	1	  472.8	  1	    0.0	   -nan	
 3103	 310.30	  372.4	    0.0	  -64.2	 1234.4	  359.3	    0.0	    0.0	  807.4	    0.0	    0.0	    0.0	  100.0	    0.0	    0.0	    0.0	    0.0	  100.0	  100.0	  0	  150.0	 1050.0	    0.0	    0.0	  100.0	1	  473.0	  1	    0.0	   -nan	
 3104	 310.40	  372.4	    0.0	  -53.0	 1234.4	  359.3	    0.0	    0.0	  808.5	    0.0	    0.0	    0.0	  100.0	    0.0	    0.0	    0.0	    0.0	  100.0	  100.0	  0	  150.0	 1050.0	    0.0	    0.0	  100.0	1	  472.9	  1	    0.0	   -nan	
 3105	 310.50	  372.4	    0.0	  -59.5	 1234.4	  359.3	    0.0	    0.0	  807.9	    0.0	    0.0	    0.0	  100.0	    0.0	    0.0	    0.0	    0.0	  100.0	  100.0	  0	  150.0	 1050.0	    0.0	    0.0	  100.0	1	  473.0	  1	    0.0	   -nan	
 3106	 310.60	  372.4	    0.0	  -54.9	 1234.4	  359.3	    0.0	    0.0	  809.7	    0.0	    0.0	    0.0	  100.0	    0.0	    0.0	    0.0	    0.0	  100.0	  100.0	  0	  150.0	 1050.0	    0.0	    0.0	  100.0	1	  472.8	  1	    0.0	   -nan	
 3107	 310.70	  372.4	    0.0	  -72.2	 1234.4	  359.3	    0.0	    0.0	  809.9	    0.0	    0.0	    0.0	  100.0	    0.0	    0.0	    0.0	    0.0	  100.0	  100.0	  0	  150.0	 1050.0	    0.0	    0.0	  100.0	1	  472.8	  1	    0.0	   -nan	
 3108	 310.80	  372.4	    0.0	  -74.4	 1234.4	  359.3	    0.0	    0.0	  810.0	    0.0	    0.0	    0.0	  100.0	    0.0	    0.0	    0.0	    0.0	  100.0	  100.0	  0	  150.0	 1050.0	    0.0	    0.0	  100.0	1	  472.8	  1	    0.0	   -nan	
 3109	 310.90	  372.4	    0.0	  -75.8	 1234.4	  359.3	    0.0	    0.0	  812.7	    0.0	    0.0	    0.0	  100.0	    0.0	    0.0	    0.0	    0.0	  100.0	  100.0	  0	  150.0	 1050.0	    0.0	    0.0	  100.0	1	  472.5	  1	    0.0	   -nan	
 3110	 311.00	  372.4	    0.0	 -107.5	 1234.4	  359.3	    0.0	    0.0	  822.6	    0.0	    0.0	    0.0	  100.0	    0.0	    0.0	    0.0	    0.0	  100.0	  100.0	  0	  150.0	 1050.0	    0.0	    0.0	  100.0	1	  471.6	  1	    0.0	   -nan	
 3111	 311.10	  372.4	    0.0	 -132.3	 1234.4	  359.3	    0.0	    0.0	  826.1	    0.0	    0.0	    0.0	  100.0	    0.0	    0.0	    0.0	    0.0	  100.0	  100.0	  0	  150.0	 1050.0	    0.0	    0.0	  100.0	1	  471.3	  1	    0.0	   -nan	
 3112	 311.20	  372.4	    0.0	  137.8	 1234.4	  359.3	    0.0	    0.0	  832.8	    0.0	    0.0	    0.0	  100.0	    0.0	    0.0	    0.0	    0.0	  100.0	  100.0	  0	  150.0	 1050.0	    0.0	    0.0	  100.0	1	  470.7	  1	    0.0	   -nan	
 3113	 311.30	  372.4	    0.0	  129.0	 1234.4	  359.3	    0.0	    0.0	  829.0	    0.0	    0.0	    0.0	  100.0	    0.0	    0.0	    0.0	    0.0	  100.0	  100.0	  0	  150.0	 1050.0	    0.0	    0.0	  100.0	1	  471.0	  1	    0.0	   -nan	
 3114	 311.40	  372.4	    0.0	  128.8	 1234.4	  359.3	    0.0	    0.0	  828.6	    0.0	    0.0	    0.0	  100.0	    0.0	    0.0	    0.0	    0.0	  100.0	  100.0	  0	  150.0	 1050.0	    0.0	    0.0	  100.0	1	  471.0	  1	    0.0	   -nan	
 3115	 311.50	  372.4	    0.0	  128.8	 1234.4	  359.3	    0.0	    0.0	  837.5	    0.0	    0.0	    0.0	  100.0	    0.0	    0.0	    0.0	    0.0	  100.0	  100.0	  0	  150.0	 1050.0	    0.0	    0.0	  100.0	1	  470.3	  1	    0.0	   -nan	
 3116	 311.60	  372.4	    0.0	  129.4	 1234.4	  359.3	    0.0	    0.0	  830.5	    0.0	    0.0	    0.0	  100.0	    0.0	    0.0	    0.0	    0.0	  100.0	  100.0	  0	  150.0	 1050.0	    0.0	    0.0	  100.0	1	  470.9	  1	    0.0	   -nan	
 3117	 311.70	  372.4	    0.0	  128.8	 1234.4	  359.3	    0.0	    0.0	  835.5	    0.0	    0.0	    0.0	  100.0	    0.0	    0.0	    0.0	    0.0	  100.0	  100.0	  0	  150.0	 1050.0	    0.0	    0.0	  100.0	1	  470.5	  1	    0.0	   -nan	
 3118	 311.80	  372.4	    0.0	  129.3	 1234.4	  359.3	    0.0	    0.0	  835.1	    0.0	    0.0	    0.0	  100.0	    0.0	    0.0	    0.0	    0.0	  100.0	  100.0	  0	  150.0	 1050.0	    0.0	    0.0	  100.0	1	  470.5	  1	    0.0	   -nan	
 3119	 311.90	  372.4	    0.0	  129.3	 1234.4	  359.3	    0.0	    0.0	  835.1	    0.0	    0.0	    0.0	  100.0	    0.0	    0.0	    0.0	    0.0	  100.0	  100.0	  0	  150.0	 1050.0	    0.0	    0.0	  100.0	1	  470.5	  1	    0.0	   -nan	
 3120	 312.00	  372.4	    0.0	  129.3	 1234.4	  359.3	    0.0	    0.0	  849.4	    0.0	    0.0	    0.0	  100.0	    0.0	    0.0	    0.0	    0.0	  100.0	  100.0	  0	  150.0	 1050.0	    0.0	    0.0	  100.0	1	  469.3	  1	    0.0	   -nan	
 3121	 312.10	  372.4	    0.0	  132.6	 1234.4	  359.3	    0.0	    0.0	  852.8	    0.0	    0.0	    0.0	  100.0	    0.0	    0.0	    0.0	    0.0	  100.0	  100.0	  0	  150.0	 1050.0	    0.0	    0.0	  100.0	1	  469.0	  1	    0.0	   -nan	
 3122	 312.20	  372.4	    0.0	  135.7	 1234.4	  359.3	    0.0	    0.0	  860.3	    0.0	    0.0	    0.0	  100.0	    0.0	    0.0	    0.0	    0.0	  100.0	  100.0	  0	  150.0	 1050.0	    0.0	    0.0	  100.0	1	  468.5	  1	    0.0	   -nan	
 3123	 312.30	  372.4	    0.0	  152.9	 1234.4	  359.3	    0.0	    0.0	  862.2	    0.0	    0.0	    0.0	  100.0	    0.0	    0.0	    0.0	    0.0	  100.0	  100.0	  0	  150.0	 1050.0	    0.0	    0.0	  100.0	1	  468.3	  1	    0.0	   -nan	
 3124	 312.40	  372.4	    0.0	  -53.4	 1234.4	  359.3	    0.0	    0.0	  856.5	    0.0	    0.0	    0.0	  100.0	    0.0	    0.0	    0.0	    0.0	  100.0	  100.0	  0	  150.0	 1050.0	    0.0	    0.0	  100.0	1	  468.7	  1	    0.0	   -nan	
 3125	 312.50	  372.4	    0.0	  -50.8	 1234.4	  359.3	    0.0	    0.0	  834.3	    0.0	    0.0	    0.0	  100.0	    0.0	    0.0	    0.0	    0.0	  100.0	  100.0	  0	  150.0	 1050.0	    0.0	    0.0	  100.0	1	  470.6	  1	    0.0	   -nan	
 3126	 312.60	  372.4	    0.0	  -50.6	 1234.4	  359.3	    0.0	    0.0	  812.4	    0.0	    0.0	    0.0	  100.0	    0.0	    0.0	    0.0	    0.0	  100.0	  100.0	  0	  150.0	 1050.0	    0.0	    0.0	  100.0	1	  472.5	  1	    0.0	   -nan	
 3127	 312.70	  372.4	    0.0	  -50.4	 1234.4	  359.3	    0.0	    0.0	  809.3	    0.0	    0.0	    0.0	  100.0	    0.0	    0.0	    0.0	    0.0	  100.0	  100.0	  0	  150.0	 1050.0	    0.0	    0.0	  100.0	1	  472.8	  1	    0.0	   -nan	
 3128	 312.80	  372.4	    0.0	  -50.3	 1234.4	  359.3	    0.0	    0.0	  802.5	    0.0	    0.0	    0.0	  100.0	    0.0	    0.0	    0.0	    0.0	  100.0	  100.0	  0	  150.0	 1050.0	    0.0	    0.0	  100.0	1	  473.5	  1	    0.0	   -nan	
 3129	 312.90	  372.4	    0.0	  -50.2	 1234.4	  359.3	    0.0	    0.0	  802.5	    0.0	    0.0	    0.0	  100.0	    0.0	    0.0	    0.0	    0.0	  100.0	  100.0	  0	  150.0	 1050.0	    0.0	    0.0	  100.0	1	  473.5	  1	    0.0	   -nan	
 3130	 313.00	  372.4	    0.0	  -50.2	 1234.4	  359.3	    0.0	    0.0	  803.5	    0.0	    0.0	    0.0	  100.0	    0.0	    0.0	    0.0	    0.0	  100.0	  100.0	  0	  150.0	 1050.0	    0.0	    0.0	  100.0	1	  473.4	  1	    0.0	   -nan	
 3131	 313.10	  372.4	    0.0	  -50.2	 1234.4	  359.3	    0.0	    0.0	  807.3	    0.0	    0.0	    0.0	  100.0	    0.0	    0.0	    0.0	    0.0	  100.0	  100.0	  0	  150.0	 1050.0	    0.0	    0.0	  100.0	1	  473.0	  1	    0.0	   -nan	
 3132	 313.20	  372.4	    0.0	  -50.4	 1234.4	  359.3	    0.0	    0.0	  809.2	    0.0	    0.0	    0.0	  100.0	    0.0	    0.0	    0.0	    0.0	  100.0	  100.0	  0	  150.0	 1050.0	    0.0	    0.0	  100.0	1	  472.8	  1	    0.0	   -nan	
 3133	 313.30	  372.4	    0.0	  -50.5	 1234.4	  359.3	    0.0	    0.0	  811.2	    0.0	    0.0	    0.0	  100.0	    0.0	    0.0	    0.0	    0.0	  100.0	  100.0	  0	  150.0	 1050.0	    0.0	    0.0	  100.0	1	  472.6	  1	    0.0	   -nan	
 3134	 313.40	  372.4	    0.0	  -50.7	 1234.4	  359.3	    0.0	    0.0	  810.2	    0.0	    0.0	    0.0	  100.0	    0.0	    0.0	    0.0	    0.0	  100.0	  100.0	  0	  150.0	 1050.0	    0.0	    0.0	  100.0	1	  472.7	  1	    0.0	   -nan	
 3135	 313.50	  372.4	    0.0	  -50.5	 1234.4	  359.3	    0.0	    0.0	  813.0	    0.0	    0.0	    0.0	  100.0	    0.0	    0.0	    0.0	    0.0	  100.0	  100.0	  0	  150.0	 1050.0	    0.0	    0.0	  100.0	1	  472.5	  1	    0.0	   -nan	
 3136	 313.60	  372.4	    0.0	  -50.9	 1234.4	  359.3	    0.0	    0.0	  813.9	    0.0	    0.0	    0.0	  100.0	    0.0	    0.0	    0.0	    0.0	  100.0	  100.0	  0	  150.0	 1050.0	    0.0	    0.0	  100.0	1	  472.4	  1	    0.0	   -nan	
 3137	 313.70	  372.4	    0.0	  -51.1	 1234.4	  359.3	    0.0	    0.0	  813.9	    0.0	    0.0	    0.0	  100.0	    0.0	    0.0	    0.0	    0.0	  100.0	  100.0	  0	  150.0	 1050.0	    0.0	    0.0	  100.0	1	  472.4	  1	    0.0	   -nan	
 3138	 313.80	  372.4	    0.0	  -51.1	 1234.4	  359.3	    0.0	    0.0	  814.0	    0.0	    0.0	    0.0	  100.0	    0.0	    0.0	    0.0	    0.0	  100.0	  100.0	  0	  150.0	 1050.0	    0.0	    0.0	  100.0	1	  472.4	  1	    0.0	   -nan	
 3139	 313.90	  372.4	    0.0	  -51.1	 1234.4	  359.3	    0.0	    0.0	  819.7	    0.0	    0.0	    0.0	  100.0	    0.0	    0.0	    0.0	    0.0	  100.0	  100.0	  0	  150.0	 1050.0	    0.0	    0.0	  100.0	1	  471.8	  1	    0.0	   -nan	
 3140	 314.00	  372.4	    0.0	  -53.2	 1234.4	  359.3	    0.0	    0.0	  821.6	    0.0	    0.0	    0.0	  100.0	    0.0	    0.0	    0.0	    0.0	  100.0	  100.0	  0	  150.0	 1050.0	    0.0	    0.0	  100.0	1	  471.7	  1	    0.0	   -nan	
 3141	 314.10	  372.4	    0.0	  -54.0	 1234.4	  359.3	    0.0	    0.0	  822.5	    0.0	    0.0	    0.0	  100.0	    0.0	    0.0	    0.0	    0.0	  100.0	  100.0	  0	  150.0	 1050.0	    0.0	    0.0	  100.0	1	  471.6	  1	    0.0	   -nan	
 3142	 314.20	  372.4	    0.0	  -54.6	 1234.4	  359.3	    0.0	    0.0	  827.2	    0.0	    0.0	    0.0	  100.0	    0.0	    0.0	    0.0	    0.0	  100.0	  100.0	  0	  150.0	 1050.0	    0.0	    0.0	  100.0	1	  471.2	  1	    0.0	   -nan	
 3143	 314.30	  372.4	    0.0	  -58.1	 1234.4	  359.3	    0.0	    0.0	  820.6	    0.0	    0.0	    0.0	  100.0	    0.0	    0.0	    0.0	    0.0	  100.0	  100.0	  0	  150.0	 1050.0	    0.0	    0.0	  100.0	1	  471.8	  1	    0.0	   -nan	
 3144	 314.40	  372.4	    0.0	  -51.6	 1234.4	  359.3	    0.0	    0.0	  820.6	    0.0	    0.0	    0.0	  100.0	    0.0	    0.0	    0.0	    0.0	  100.0	  100.0	  0	  150.0	 1050.0	    0.0	    0.0	  100.0	1	  471.8	  1	    0.0	   -nan	
 3145	 314.50	  372.4	    0.0	  -51.6	 1234.4	  359.3	    0.0	    0.0	  820.6	    0.0	    0.0	    0.0	  100.0	    0.0	    0.0	    0.0	    0.0	  100.0	  100.0	  0	  150.0	 1050.0	    0.0	    0.0	  100.0	1	  471.8	  1	    0.0	   -nan	
 3146	 314.60	  372.4	    0.0	  -51.6	 1234.4	  359.3	    0.0	    0.0	  832.5	    0.0	    0.0	    0.0	  100.0	    0.0	    0.0	    0.0	    0.0	  100.0	  100.0	  0	  150.0	 1050.0	    0.0	    0.0	  100.0	1	  470.7	  1	    0.0	   -nan	
 3147	 314.70	  372.4	    0.0	  -75.3	 1234.4	  359.3	    0.0	    0.0	  844.4	    0.0	    0.0	    0.0	  100.0	    0.0	    0.0	    0.0	    0.0	  100.0	  100.0	  0	  150.0	 1050.0	    0.0	    0.0	  100.0	1	  469.7	  1	    0.0	   -nan	
 3148	 314.80	  372.4	    0.0	  -95.8	 1234.4	  359.3	    0.0	    0.0	  845.9	    0.0	    0.0	    0.0	  100.0	    0.0	    0.0	    0.0	    0.0	  100.0	  100.0	  0	  150.0	 1050.0	    0.0	    0.0	  100.0	1	  469.6	  1	    0.0	   -nan	
 3149	 314.90	  372.4	    0.0	  -98.1	 1234.4	  359.3	    0.0	    0.0	  856.3	    0.0	    0.0	    0.0	  100.0	    0.0	    0.0	    0.0	    0.0	  100.0	  100.0	  0	  150.0	 1050.0	    0.0	    0.0	  100.0	1	  468.8	  1	    0.0	   -nan	
 3150	 315.00	  372.4	    0.0	 -112.1	 1234.4	  359.3	    0.0	    0.0	  894.5	    0.0	    0.0	    0.0	  100.0	    0.0	    0.0	    0.0	    0.0	  100.0	  100.0	  0	  150.0	 1050.0	    0.0	    0.0	  100.0	1	  466.1	  1	    0.0	   -nan	
 3151	 315.10	  372.4	    0.0	 -128.9	 1234.4	  359.3	    0.0	    0.0	  912.3	    0.0	    0.0	    0.0	  100.0	    0.0	    0.0	    0.0	    0.0	  100.0	  100.0	  0	  150.0	 1050.0	    0.0	    0.0	  100.0	1	  465.0	  1	    0.0	   -nan	
 3152	 315.20	  372.4	    0.0	 -131.4	 1234.4	  359.3	    0.0	    0.0	  927.6	    0.0	    0.0	    0.0	  100.0	    0.0	    0.0	    0.0	    0.0	  100.0	  100.0	  0	  150.0	 1050.0	    0.0	    0.0	  100.0	1	  464.1	  1	    0.0	   -nan	
 3153	 315.30	  372.4	    0.0	  144.5	 1234.4	  359.3	    0.0	    0.0	  984.3	    0.0	    0.0	    0.0	  100.0	    0.0	    0.0	    0.0	    0.0	  100.0	  100.0	  0	  150.0	 1050.0	    0.0	    0.0	  100.0	1	  461.7	  1	    0.0	   -nan	
 3154	 315.40	  372.4	    0.0	  131.9	 1234.4	  359.3	    0.0	    0.0	 1002.1	    0.0	    0.0	    0.0	  100.0	    0.0	    0.0	    0.0	    0.0	  100.0	  100.0	  0	  150.0	 1050.0	    0.0	    0.0	  100.0	1	  461.1	  1	    0.0	   -nan	
 3155	 315.50	  372.4	    0.0	  132.0	 1234.4	  359.3	    0.0	    0.0	 1015.1	    0.0	    0.0	    0.0	  100.0	    0.0	    0.0	    0.0	    0.0	  100.0	  100.0	  0	  150.0	 1050.0	    0.0	    0.0	  100.0	1	  460.8	  1	    0.0	   -nan	
 3156	 315.60	  372.4	    0.0	  132.2	 1234.4	  359.3	    0.0	    0.0	 1032.3	    0.0	    0.0	    0.0	  100.0	    0.0	    0.0	    0.0	    0.0	  100.0	  100.0	  0	  150.0	 1050.0	    0.0	    0.0	  100.0	1	  460.4	  1	    0.0	   -nan	
 3157	 315.70	  372.4	    0.0	  132.4	 1234.4	  359.3	    0.0	    0.0	 1069.5	    0.0	    0.0	    0.0	  100.0	    0.0	    0.0	    0.0	    0.0	  100.0	  100.0	  0	  150.0	 1050.0	    0.0	    0.0	  100.0	1	  459.9	  1	    0.0	   -nan	
 3158	 315.80	  372.4	    0.0	  132.6	 1234.4	  359.3	    0.0	    0.0	 1079.5	    0.0	    0.0	    0.0	  100.0	    0.0	    0.0	    0.0	    0.0	  100.0	  100.0	  0	  150.0	 1050.0	    0.0	    0.0	  100.0	1	  459.8	  1	    0.0	   -nan	
 3159	 315.90	  372.4	    0.0	  132.6	 1234.4	  359.3	    0.0	    0.0	 1097.7	    0.0	    0.0	    0.0	  100.0	    0.0	    0.0	    0.0	    0.0	  100.0	  100.0	  0	  150.0	 1050.0	    0.0	    0.0	  100.0	1	  459.8	  1	    0.0	   -nan	
 3160	 316.00	  372.4	    0.0	  132.3	 1234.4	  359.3	    0.0	    0.0	 1108.2	    0.0	    0.0	    0.0	  100.0	    0.0	    0.0	    0.0	    0.0	  100.0	  100.0	  0	  150.0	 1050.0	    0.0	    0.0	  100.0	1	  459.9	  1	    0.0	   -nan	
 3161	 316.10	  372.4	    0.0	  132.0	 1234.4	  359.3	    0.0	    0.0	 1120.7	    0.0	    0.0	    0.0	  100.0	    0.0	    0.0	    0.0	    0.0	  100.0	  100.0	  0	  150.0	 1050.0	    0.0	    0.0	  100.0	1	  460.0	  1	    0.0	   -nan	
 3162	 316.20	  372.4	    0.0	  131.3	 1234.4	  359.3	    0.0	    0.0	 1171.5	    0.0	    0.0	    0.0	  100.0	    0.0	    0.0	    0.0	    0.0	  100.0	  100.0	  0	  150.0	 1050.0	    0.0	    0.0	  100.0	1	  460.9	  1	    0.0	   -nan	
 3163	 316.30	  372.4	    0.0	  125.0	 1234.4	  359.3	    0.0	    0.0	 1195.6	    0.0	    0.0	    0.0	  100.0	    0.0	    0.0	    0.0	    0.0	  100.0	  100.0	  0	  150.0	 1050.0	    0.0	    0.0	  100.0	1	  461.6	  1	    0.0	   -nan	
 3164	 316.40	  372.4	    0.0	  101.3	 1234.4	  359.3	    0.0	    0.0	 1181.5	    0.0	    0.0	    0.0	  100.0	    0.0	    0.0	    0.0	    0.0	  100.0	  100.0	  0	  150.0	 1050.0	    0.0	    0.0	  100.0	1	  461.2	  1	    0.0	   -nan	
 3165	 316.50	  372.4	    0.0	  -47.0	 1234.4	  359.3	    0.0	    0.0	 1175.8	    0.0	    0.0	    0.0	  100.0	    0.0	    0.0	    0.0	    0.0	  100.0	  100.0	  0	  150.0	 1050.0	    0.0	    0.0	  100.0	1	  461.0	  1	    0.0	   -nan	
 3166	 316.60	  372.4	    0.0	  -48.7	 1234.4	  359.3	    0.0	    0.0	 1189.9	    0.0	    0.0	    0.0	  100.0	    0.0	    0.0	    0.0	    0.0	  100.0	  100.0	  0	  150.0	 1050.0	    0.0	    0.0	  100.0	1	  461.4	  1	    0.0	   -nan	
 3167	 316.70	  372.4	    0.0	  -48.6	 1234.4	  359.3	    0.0	    0.0	 1184.3	    0.0	    0.0	    0.0	  100.0	    0.0	    0.0	    0.0	    0.0	  100.0	  100.0	  0	  150.0	 1050.0	    0.0	    0.0	  100.0	1	  461.2	  1	    0.0	   -nan	
 3168	 316.80	  372.4	    0.0	  -48.7	 1234.4	  359.3	    0.0	    0.0	 1180.4	    0.0	    0.0	    0.0	  100.0	    0.0	    0.0	    0.0	    0.0	  100.0	  100.0	  0	  150.0	 1050.0	    0.0	    0.0	  100.0	1	  461.1	  1	    0.0	   -nan	
 3169	 316.90	  372.4	    0.0	  -48.7	 1234.4	  359.3	    0.0	    0.0	 1161.3	    0.0	    0.0	    0.0	  100.0	    0.0	    0.0	    0.0	    0.0	  100.0	  100.0	  0	  150.0	 1050.0	    0.0	    0.0	  100.0	1	  460.6	  1	    0.0	   -nan	
 3170	 317.00	  372.4	    0.0	  -49.0	 1234.4	  359.3	    0.0	    0.0	 1146.1	    0.0	    0.0	    0.0	  100.0	    0.0	    0.0	    0.0	    0.0	  100.0	  100.0	  0	  150.0	 1050.0	    0.0	    0.0	  100.0	1	  460.3	  1	    0.0	   -nan	
 3171	 317.10	  372.4	    0.0	  -49.2	 1234.4	  359.3	    0.0	    0.0	 1139.3	    0.0	    0.0	    0.0	  100.0	    0.0	    0.0	    0.0	    0.0	  100.0	  100.0	  0	  150.0	 1050.0	    0.0	    0.0	  100.0	1	  460.2	  1	    0.0	   -nan	
 3172	 317.20	  372.4	    0.0	  -49.2	 1234.4	  359.3	    0.0	    0.0	 1105.9	    0.0	    0.0	    0.0	  100.0	    0.0	    0.0	    0.0	    0.0	  100.0	  100.0	  0	  150.0	 1050.0	    0.0	    0.0	  100.0	1	  459.9	  1	    0.0	   -nan	
 3173	 317.30	  372.4	    0.0	  -49.7	 1234.4	  359.3	    0.0	    0.0	 1083.8	    0.0	    0.0	    0.0	  100.0	    0.0	    0.0	    0.0	    0.0	  100.0	  100.0	  0	  150.0	 1050.0	    0.0	    0.0	  100.0	1	  459.8	  1	    0.0	   -nan	
 3174	 317.40	  372.4	    0.0	  -49.8	 1234.4	  359.3	    0.0	    0.0	 1076.4	    0.0	    0.0	    0.0	  100.0	    0.0	    0.0	    0.0	    0.0	  100.0	  100.0	  0	  150.0	 1050.0	    0.0	    0.0	  100.0	1	  459.9	  1	    0.0	   -nan	
 3175	 317.50	  372.4	    0.0	  -49.8	 1234.4	  359.3	    0.0	    0.0	 1050.5	    0.0	    0.0	    0.0	  100.0	    0.0	    0.0	    0.0	    0.0	  100.0	  100.0	  0	  150.0	 1050.0	    0.0	    0.0	  100.0	1	  460.1	  1	    0.0	   -nan	
 3176	 317.60	  372.4	    0.0	  -49.8	 1234.4	  359.3	    0.0	    0.0	 1045.2	    0.0	    0.0	    0.0	  100.0	    0.0	    0.0	    0.0	    0.0	  100.0	  100.0	  0	  150.0	 1050.0	    0.0	    0.0	  100.0	1	  460.2	  1	    0.0	   -nan	
 3177	 317.70	  372.4	    0.0	  -49.8	 1234.4	  359.3	    0.0	    0.0	 1040.4	    0.0	    0.0	    0.0	  100.0	    0.0	    0.0	    0.0	    0.0	  100.0	  100.0	  0	  150.0	 1050.0	    0.0	    0.0	  100.0	1	  460.3	  1	    0.0	   -nan	
 3178	 317.80	  372.4	    0.0	  -49.7	 1234.4	  359.3	    0.0	    0.0	 1040.0	    0.0	    0.0	    0.0	  100.0	    0.0	    0.0	    0.0	    0.0	  100.0	  100.0	  0	  150.0	 1050.0	    0.0	    0.0	  100.0	1	  460.3	  1	    0.0	   -nan	
 3179	 317.90	  372.4	    0.0	  -49.7	 1234.4	  359.3	    0.0	    0.0	 1040.0	    0.0	    0.0	    0.0	  100.0	    0.0	    0.0	    0.0	    0.0	  100.0	  100.0	  0	  150.0	 1050.0	    0.0	    0.0	  100.0	1	  460.3	  1	    0.0	   -nan	
 3180	 318.00	  372.4	    0.0	  -49.7	 1234.4	  359.3	    0.0	    0.0	 1041.0	    0.0	    0.0	    0.0	  100.0	    0.0	    0.0	    0.0	    0.0	  100.0	  100.0	  0	  150.0	 1050.0	    0.0	    0.0	  100.0	1	  460.2	  1	    0.0	   -nan	
 3181	 318.10	  372.4	    0.0	  -49.7	 1234.4	  359.3	    0.0	    0.0	 1045.6	    0.0	    0.0	    0.0	  100.0	    0.0	    0.0	    0.0	    0.0	  100.0	  100.0	  0	  150.0	 1050.0	    0.0	    0.0	  100.0	1	  460.2	  1	    0.0	   -nan	
 3182	 318.20	  372.4	    0.0	  -49.9	 1234.4	  359.3	    0.0	    0.0	 1050.8	    0.0	    0.0	    0.0	  100.0	    0.0	    0.0	    0.0	    0.0	  100.0	  100.0	  0	  150.0	 1050.0	    0.0	    0.0	  100.0	1	  460.1	  1	    0.0	   -nan	
 3183	 318.30	  372.4	    0.0	  -50.2	 1234.4	  359.3	    0.0	    0.0	 1057.7	    0.0	    0.0	    0.0	  100.0	    0.0	    0.0	    0.0	    0.0	  100.0	  100.0	  0	  150.0	 1050.0	    0.0	    0.0	  100.0	1	  460.0	  1	    0.0	   -nan	
 3184	 318.40	  372.4	    0.0	  -50.5	 1234.4	  359.3	    0.0	    0.0	 1059.7	    0.0	    0.0	    0.0	  100.0	    0.0	    0.0	    0.0	    0.0	  100.0	  100.0	  0	  150.0	 1050.0	    0.0	    0.0	  100.0	1	  460.0	  1	    0.0	   -nan	
 3185	 318.50	  372.4	    0.0	  -50.6	 1234.4	  359.3	    0.0	    0.0	 1061.7	    0.0	    0.0	    0.0	  100.0	    0.0	    0.0	    0.0	    0.0	  100.0	  100.0	  0	  150.0	 1050.0	    0.0	    0.0	  100.0	1	  460.0	  1	    0.0	   -nan	
 3186	 318.60	  372.4	    0.0	  -50.6	 1234.4	  359.3	    0.0	    0.0	 1063.6	    0.0	    0.0	    0.0	  100.0	    0.0	    0.0	    0.0	    0.0	  100.0	  100.0	  0	  150.0	 1050.0	    0.0	    0.0	  100.0	1	  460.0	  1	    0.0	   -nan	
 3187	 318.70	  372.4	    0.0	  -50.7	 1234.4	  359.3	    0.0	    0.0	 1071.3	    0.0	    0.0	    0.0	  100.0	    0.0	    0.0	    0.0	    0.0	  100.0	  100.0	  0	  150.0	 1050.0	    0.0	    0.0	  100.0	1	  459.9	  1	    0.0	   -nan	
 3188	 318.80	  372.4	    0.0	  -50.7	 1234.4	  359.3	    0.0	    0.0	 1072.2	    0.0	    0.0	    0.0	  100.0	    0.0	    0.0	    0.0	    0.0	  100.0	  100.0	  0	  150.0	 1050.0	    0.0	    0.0	  100.0	1	  459.9	  1	    0.0	   -nan	
 3189	 318.90	  372.4	    0.0	  -50.6	 1234.4	  359.3	    0.0	    0.0	 1071.4	    0.0	    0.0	    0.0	  100.0	    0.0	    0.0	    0.0	    0.0	  100.0	  100.0	  0	  150.0	 1050.0	    0.0	    0.0	  100.0	1	  459.9	  1	    0.0	   -nan	
 3190	 319.00	  372.4	    0.0	  -50.7	 1234.4	  359.3	    0.0	    0.0	 1073.4	    0.0	    0.0	    0.0	  100.0	    0.0	    0.0	    0.0	    0.0	  100.0	  100.0	  0	  150.0	 1050.0	    0.0	    0.0	  100.0	1	  459.9	  1	    0.0	   -nan	
 3191	 319.10	  372.4	    0.0	  -50.5	 1234.4	  359.3	    0.0	    0.0	 1078.1	    0.0	    0.0	    0.0	  100.0	    0.0	    0.0	    0.0	    0.0	  100.0	  100.0	  0	  150.0	 1050.0	    0.0	    0.0	  100.0	1	  459.9	  1	    0.0	   -nan	
 3192	 319.20	  372.4	    0.0	  -49.4	 1234.4	  359.3	    0.0	    0.0	 1080.0	    0.0	    0.0	    0.0	  100.0	    0.0	    0.0	    0.0	    0.0	  100.0	  100.0	  0	  150.0	 1050.0	    0.0	    0.0	  100.0	1	  459.8	  1	    0.0	   -nan	
 3193	 319.30	  372.4	    0.0	  -48.6	 1234.4	  359.3	    0.0	    0.0	 1084.7	    0.0	    0.0	    0.0	  100.0	    0.0	    0.0	    0.0	    0.0	  100.0	  100.0	  0	  150.0	 1050.0	    0.0	    0.0	  100.0	1	  459.8	  1	    0.0	   -nan	
 3194	 319.40	  372.4	    0.0	  -45.4	 1234.4	  359.3	    0.0	    0.0	 1091.3	    0.0	    0.0	    0.0	  100.0	    0.0	    0.0	    0.0	    0.0	  100.0	  100.0	  0	  150.0	 1050.0	    0.0	    0.0	  100.0	1	  459.8	  1	    0.0	   -nan	
 3195	 319.50	  372.4	    0.0	  -37.3	 1234.4	  359.3	    0.0	    0.0	 1094.1	    0.0	    0.0	    0.0	  100.0	    0.0	    0.0	    0.0	    0.0	  100.0	  100.0	  0	  150.0	 1050.0	    0.0	    0.0	  100.0	1	  459.8	  1	    0.0	   -nan	
 3196	 319.60	  372.4	    0.0	  -32.0	 1234.4	  359.3	    0.0	    0.0	 1096.0	    0.0	    0.0	    0.0	  100.0	    0.0	    0.0	    0.0	    0.0	  100.0	  100.0	  0	  150.0	 1050.0	    0.0	    0.0	  100.0	1	  459.8	  1	    0.0	   -nan	
 3197	 319.70	  372.4	    0.0	  -27.1	 1234.4	  359.3	    0.0	    0.0	 1096.7	    0.0	    0.0	    0.0	  100.0	    0.0	    0.0	    0.0	    0.0	  100.0	  100.0	  0	  150.0	 1050.0	    0.0	    0.0	  100.0	1	  459.8	  1	    0.0	   -nan	
 3198	 319.80	  372.4	    0.0	  -24.8	 1234.4	  359.3	    0.0	    0.0	 1097.8	    0.0	    0.0	    0.0	  100.0	    0.0	    0.0	    0.0	    0.0	  100.0	  100.0	  0	  150.0	 1050.0	    0.0	    0.0	  100.0	1	  459.8	  1	    0.0	   -nan	
 3199	 319.90	  372.4	    0.0	  -20.1	 1234.4	  359.3	    0.0	    0.0	 1100.6	    0.0	    0.0	    0.0	  100.0	    0.0	    0.0	    0.0	    0.0	  100.0	  100.0	  0	  150.0	 1050.0	    0.0	    0.0	  100.0	1	  459.8	  1	    0.0	   -nan	
 3200	 320.00	  372.4	    0.0	   -6.6	 1234.4	  359.3	    0.0	    0.0	 1102.3	    0.0	    0.0	    0.0	  100.0	    0.0	    0.0	    0.0	    0.0	  100.0	  100.0	  0	  150.0	 1050.0	    0.0	    0.0	  100.0	1	  459.8	  1	    0.0	   -nan	
 3201	 320.10	  372.4	    0.0	    1.7	 1234.4	  359.3	    0.0	    0.0	 1110.5	    0.0	    0.0	    0.0	  100.0	    0.0	    0.0	    0.0	    0.0	  100.0	  100.0	  0	  150.0	 1050.0	    0.0	    0.0	  100.0	1	  459.9	  1	    0.0	   -nan	
 3202	 320.20	  372.4	    0.0	   25.0	 1234.4	  359.3	    0.0	    0.0	 1104.8	    0.0	    0.0	    0.0	  100.0	    0.0	    0.0	    0.0	    0.0	  100.0	  100.0	  0	  150.0	 1050.0	    0.0	    0.0	  100.0	1	  459.8	  1	    0.0	   -nan	
 3203	 320.30	  372.4	    0.0	    4.8	 1234.4	  359.3	    0.0	    0.0	 1102.8	    0.0	    0.0	    0.0	  100.0	    0.0	    0.0	    0.0	    0.0	  100.0	  100.0	  0	  150.0	 1050.0	    0.0	    0.0	  100.0	1	  459.8	  1	    0.0	   -nan	
 3204	 320.40	  372.4	    0.0	  -21.1	 1234.4	  359.3	    0.0	    0.0	 1100.9	    0.0	    0.0	    0.0	  100.0	    0.0	    0.0	    0.0	    0.0	  100.0	  100.0	  0	  150.0	 1050.0	    0.0	    0.0	  100.0	1	  459.8	  1	    0.0	   -nan	
 3205	 320.50	  372.4	    0.0	  -71.6	 1234.4	  359.3	    0.0	    0.0	 1094.9	    0.0	    0.0	    0.0	  100.0	    0.0	    0.0	    0.0	    0.0	  100.0	  100.0	  0	  150.0	 1050.0	    0.0	    0.0	  100.0	1	  459.8	  1	    0.0	   -nan	
 3206	 320.60	  372.4	    0.0	 -123.6	 1234.4	  359.3	    0.0	    0.0	 1091.4	    0.0	    0.0	    0.0	  100.0	    0.0	    0.0	    0.0	    0.0	  100.0	  100.0	  0	  150.0	 1050.0	    0.0	    0.0	  100.0	1	  459.8	  1	    0.0	   -nan	
 3207	 320.70	  372.4	    0.0	 -128.8	 1234.4	  359.3	    0.0	    0.0	 1086.4	    0.0	    0.0	    0.0	  100.0	    0.0	    0.0	    0.0	    0.0	  100.0	  100.0	  0	  150.0	 1050.0	    0.0	    0.0	  100.0	1	  459.8	  1	    0.0	   -nan	
 3208	 320.80	  372.4	    0.0	  133.4	 1234.4	  359.3	    0.0	    0.0	 1083.5	    0.0	    0.0	    0.0	  100.0	    0.0	    0.0	    0.0	    0.0	  100.0	  100.0	  0	  150.0	 1050.0	    0.0	    0.0	  100.0	1	  459.8	  1	    0.0	   -nan	
 3209	 320.90	  372.4	    0.0	  131.8	 1234.4	  359.3	    0.0	    0.0	 1075.1	    0.0	    0.0	    0.0	  100.0	    0.0	    0.0	    0.0	    0.0	  100.0	  100.0	  0	  150.0	 1050.0	    0.0	    0.0	  100.0	1	  459.9	  1	    0.0	   -nan	
 3210	 321.00	  372.4	    0.0	  131.8	 1234.4	  359.3	    0.0	    0.0	 1073.3	    0.0	    0.0	    0.0	  100.0	    0.0	    0.0	    0.0	    0.0	  100.0	  100.0	  0	  150.0	 1050.0	    0.0	    0.0	  100.0	1	  459.9	  1	    0.0	   -nan	
 3211	 321.10	  372.4	    0.0	  131.8	 1234.4	  359.3	    0.0	    0.0	 1071.8	    0.0	    0.0	    0.0	  100.0	    0.0	    0.0	    0.0	    0.0	  100.0	  100.0	  0	  150.0	 1050.0	    0.0	    0.0	  100.0	1	  459.9	  1	    0.0	   -nan	
 3212	 321.20	  372.4	    0.0	  131.8	 1234.4	  359.3	    0.0	    0.0	 1068.9	    0.0	    0.0	    0.0	  100.0	    0.0	    0.0	    0.0	    0.0	  100.0	  100.0	  0	  150.0	 1050.0	    0.0	    0.0	  100.0	1	  459.9	  1	    0.0	   -nan	
 3213	 321.30	  372.4	    0.0	  131.8	 1234.4	  359.3	    0.0	    0.0	 1066.9	    0.0	    0.0	    0.0	  100.0	    0.0	    0.0	    0.0	    0.0	  100.0	  100.0	  0	  150.0	 1050.0	    0.0	    0.0	  100.0	1	  459.9	  1	    0.0	   -nan	
 3214	 321.40	  372.4	    0.0	  131.8	 1234.4	  359.3	    0.0	    0.0	 1066.7	    0.0	    0.0	    0.0	  100.0	    0.0	    0.0	    0.0	    0.0	  100.0	  100.0	  0	  150.0	 1050.0	    0.0	    0.0	  100.0	1	  459.9	  1	    0.0	   -nan	
 3215	 321.50	  372.4	    0.0	  131.8	 1234.4	  359.3	    0.0	    0.0	 1077.4	    0.0	    0.0	    0.0	  100.0	    0.0	    0.0	    0.0	    0.0	  100.0	  100.0	  0	  150.0	 1050.0	    0.0	    0.0	  100.0	1	  459.9	  1	    0.0	   -nan	
 3216	 321.60	  372.4	    0.0	  131.7	 1234.4	  359.3	    0.0	    0.0	 1080.2	    0.0	    0.0	    0.0	  100.0	    0.0	    0.0	    0.0	    0.0	  100.0	  100.0	  0	  150.0	 1050.0	    0.0	    0.0	  100.0	1	  459.8	  1	    0.0	   -nan	
 3217	 321.70	  372.4	    0.0	  131.7	 1234.4	  359.3	    0.0	    0.0	 1094.3	    0.0	    0.0	    0.0	  100.0	    0.0	    0.0	    0.0	    0.0	  100.0	  100.0	  0	  150.0	 1050.0	    0.0	    0.0	  100.0	1	  459.8	  1	    0.0	   -nan	
 3218	 321.80	  372.4	    0.0	  131.3	 1234.4	  359.3	    0.0	    0.0	 1121.6	    0.0	    0.0	    0.0	  100.0	    0.0	    0.0	    0.0	    0.0	  100.0	  100.0	  0	  150.0	 1050.0	    0.0	    0.0	  100.0	1	  460.0	  1	    0.0	   -nan	
 3219	 321.90	  372.4	    0.0	  129.0	 1234.4	  359.3	    0.0	    0.0	 1127.1	    0.0	    0.0	    0.0	  100.0	    0.0	    0.0	    0.0	    0.0	  100.0	  100.0	  0	  150.0	 1050.0	    0.0	    0.0	  100.0	1	  460.0	  1	    0.0	   -nan	
 3220	 322.00	  372.4	    0.0	  125.9	 1234.4	  359.3	    0.0	    0.0	 1130.9	    0.0	    0.0	    0.0	  100.0	    0.0	    0.0	    0.0	    0.0	  100.0	  100.0	  0	  150.0	 1050.0	    0.0	    0.0	  100.0	1	  460.1	  1	    0.0	   -nan	
 3221	 322.10	  372.4	    0.0	   -7.6	 1234.4	  359.3	    0.0	    0.0	 1131.8	    0.0	    0.0	    0.0	  100.0	    0.0	    0.0	    0.0	    0.0	  100.0	  100.0	  0	  150.0	 1050.0	    0.0	    0.0	  100.0	1	  460.1	  1	    0.0	   -nan	
 3222	 322.20	  372.4	    0.0	  -48.3	 1234.4	  359.3	    0.0	    0.0	 1127.8	    0.0	    0.0	    0.0	  100.0	    0.0	    0.0	    0.0	    0.0	  100.0	  100.0	  0	  150.0	 1050.0	    0.0	    0.0	  100.0	1	  460.0	  1	    0.0	   -nan	
 3223	 322.30	  372.4	    0.0	  -48.3	 1234.4	  359.3	    0.0	    0.0	 1128.7	    0.0	    0.0	    0.0	  100.0	    0.0	    0.0	    0.0	    0.0	  100.0	  100.0	  0	  150.0	 1050.0	    0.0	    0.0	  100.0	1	  460.0	  1	    0.0	   -nan	
 3224	 322.40	  372.4	    0.0	  -48.3	 1234.4	  359.3	    0.0	    0.0	 1126.9	    0.0	    0.0	    0.0	  100.0	    0.0	    0.0	    0.0	    0.0	  100.0	  100.0	  0	  150.0	 1050.0	    0.0	    0.0	  100.0	1	  460.0	  1	    0.0	   -nan	
 3225	 322.50	  372.4	    0.0	  -48.3	 1234.4	  359.3	    0.0	    0.0	 1127.9	    0.0	    0.0	    0.0	  100.0	    0.0	    0.0	    0.0	    0.0	  100.0	  100.0	  0	  150.0	 1050.0	    0.0	    0.0	  100.0	1	  460.0	  1	    0.0	   -nan	
 3226	 322.60	  372.4	    0.0	  -48.3	 1234.4	  359.3	    0.0	    0.0	 1123.8	    0.0	    0.0	    0.0	  100.0	    0.0	    0.0	    0.0	    0.0	  100.0	  100.0	  0	  150.0	 1050.0	    0.0	    0.0	  100.0	1	  460.0	  1	    0.0	   -nan	
 3227	 322.70	  372.4	    0.0	  -48.4	 1234.4	  359.3	    0.0	    0.0	 1125.5	    0.0	    0.0	    0.0	  100.0	    0.0	    0.0	    0.0	    0.0	  100.0	  100.0	  0	  150.0	 1050.0	    0.0	    0.0	  100.0	1	  460.0	  1	    0.0	   -nan	
 3228	 322.80	  372.4	    0.0	  -48.4	 1234.4	  359.3	    0.0	    0.0	 1127.3	    0.0	    0.0	    0.0	  100.0	    0.0	    0.0	    0.0	    0.0	  100.0	  100.0	  0	  150.0	 1050.0	    0.0	    0.0	  100.0	1	  460.0	  1	    0.0	   -nan	
 3229	 322.90	  372.4	    0.0	  -48.3	 1234.4	  359.3	    0.0	    0.0	 1121.6	    0.0	    0.0	    0.0	  100.0	    0.0	    0.0	    0.0	    0.0	  100.0	  100.0	  0	  150.0	 1050.0	    0.0	    0.0	  100.0	1	  460.0	  1	    0.0	   -nan	
 3230	 323.00	  372.4	    0.0	  -48.4	 1234.4	  359.3	    0.0	    0.0	 1117.6	    0.0	    0.0	    0.0	  100.0	    0.0	    0.0	    0.0	    0.0	  100.0	  100.0	  0	  150.0	 1050.0	    0.0	    0.0	  100.0	1	  459.9	  1	    0.0	   -nan	
 3231	 323.10	  372.4	    0.0	  -48.5	 1234.4	  359.3	    0.0	    0.0	 1101.4	    0.0	    0.0	    0.0	  100.0	    0.0	    0.0	    0.0	    0.0	  100.0	  100.0	  0	  150.0	 1050.0	    0.0	    0.0	  100.0	1	  459.8	  1	    0.0	   -nan	
 3232	 323.20	  372.4	    0.0	  -48.8	 1234.4	  359.3	    0.0	    0.0	 1096.8	    0.0	    0.0	    0.0	  100.0	    0.0	    0.0	    0.0	    0.0	  100.0	  100.0	  0	  150.0	 1050.0	    0.0	    0.0	  100.0	1	  459.8	  1	    0.0	   -nan	
 3233	 323.30	  372.4	    0.0	  -48.9	 1234.4	  359.3	    0.0	    0.0	 1092.5	    0.0	    0.0	    0.0	  100.0	    0.0	    0.0	    0.0	    0.0	  100.0	  100.0	  0	  150.0	 1050.0	    0.0	    0.0	  100.0	1	  459.8	  1	    0.0	   -nan	
 3234	 323.40	  372.4	    0.0	  -48.9	 1234.4	  359.3	    0.0	    0.0	 1084.8	    0.0	    0.0	    0.0	  100.0	    0.0	    0.0	    0.0	    0.0	  100.0	  100.0	  0	  150.0	 1050.0	    0.0	    0.0	  100.0	1	  459.8	  1	    0.0	   -nan	
 3235	 323.50	  372.4	    0.0	  -49.1	 1234.4	  359.3	    0.0	    0.0	 1085.8	    0.0	    0.0	    0.0	  100.0	    0.0	    0.0	    0.0	    0.0	  100.0	  100.0	  0	  150.0	 1050.0	    0.0	    0.0	  100.0	1	  459.8	  1	    0.0	   -nan	
 3236	 323.60	  372.4	    0.0	  -49.1	 1234.4	  359.3	    0.0	    0.0	 1085.7	    0.0	    0.0	    0.0	  100.0	    0.0	    0.0	    0.0	    0.0	  100.0	  100.0	  0	  150.0	 1050.0	    0.0	    0.0	  100.0	1	  459.8	  1	    0.0	   -nan	
 3237	 323.70	  372.4	    0.0	  -49.1	 1234.4	  359.3	    0.0	    0.0	 1079.4	    0.0	    0.0	    0.0	  100.0	    0.0	    0.0	    0.0	    0.0	  100.0	  100.0	  0	  150.0	 1050.0	    0.0	    0.0	  100.0	1	  459.8	  1	    0.0	   -nan	
 3238	 323.80	  372.4	    0.0	  -49.3	 1234.4	  359.3	    0.0	    0.0	 1073.4	    0.0	    0.0	    0.0	  100.0	    0.0	    0.0	    0.0	    0.0	  100.0	  100.0	  0	  150.0	 1050.0	    0.0	    0.0	  100.0	1	  459.9	  1	    0.0	   -nan	
 3239	 323.90	  372.4	    0.0	  -49.4	 1234.4	  359.3	    0.0	    0.0	 1071.6	    0.0	    0.0	    0.0	  100.0	    0.0	    0.0	    0.0	    0.0	  100.0	  100.0	  0	  150.0	 1050.0	    0.0	    0.0	  100.0	1	  459.9	  1	    0.0	   -nan	
 3240	 324.00	  372.4	    0.0	  -49.4	 1234.4	  359.3	    0.0	    0.0	 1069.7	    0.0	    0.0	    0.0	  100.0	    0.0	    0.0	    0.0	    0.0	  100.0	  100.0	  0	  150.0	 1050.0	    0.0	    0.0	  100.0	1	  459.9	  1	    0.0	   -nan	
 3241	 324.10	  372.4	    0.0	  -49.4	 1234.4	  359.3	    0.0	    0.0	 1071.5	    0.0	    0.0	    0.0	  100.0	    0.0	    0.0	    0.0	    0.0	  100.0	  100.0	  0	  150.0	 1050.0	    0.0	    0.0	  100.0	1	  459.9	  1	    0.0	   -nan	
 3242	 324.20	  372.4	    0.0	  -49.4	 1234.4	  359.3	    0.0	    0.0	 1073.5	    0.0	    0.0	    0.0	  100.0	    0.0	    0.0	    0.0	    0.0	  100.0	  100.0	  0	  150.0	 1050.0	    0.0	    0.0	  100.0	1	  459.9	  1	    0.0	   -nan	
 3243	 324.30	  372.4	    0.0	  -49.3	 1234.4	  359.3	    0.0	    0.0	 1074.5	    0.0	    0.0	    0.0	  100.0	    0.0	    0.0	    0.0	    0.0	  100.0	  100.0	  0	  150.0	 1050.0	    0.0	    0.0	  100.0	1	  459.9	  1	    0.0	   -nan	
 3244	 324.40	  372.4	    0.0	  -49.3	 1234.4	  359.3	    0.0	    0.0	 1074.7	    0.0	    0.0	    0.0	  100.0	    0.0	    0.0	    0.0	    0.0	  100.0	  100.0	  0	  150.0	 1050.0	    0.0	    0.0	  100.0	1	  459.9	  1	    0.0	   -nan	
 3245	 324.50	  372.4	    0.0	  -49.3	 1234.4	  359.3	    0.0	    0.0	 1079.4	    0.0	    0.0	    0.0	  100.0	    0.0	    0.0	    0.0	    0.0	  100.0	  100.0	  0	  150.0	 1050.0	    0.0	    0.0	  100.0	1	  459.8	  1	    0.0	   -nan	
 3246	 324.60	  372.4	    0.0	  -48.6	 1234.4	  359.3	    0.0	    0.0	 1087.8	    0.0	    0.0	    0.0	  100.0	    0.0	    0.0	    0.0	    0.0	  100.0	  100.0	  0	  150.0	 1050.0	    0.0	    0.0	  100.0	1	  459.8	  1	    0.0	   -nan	
 3247	 324.70	  372.4	    0.0	  -45.9	 1234.4	  359.3	    0.0	    0.0	 1089.7	    0.0	    0.0	    0.0	  100.0	    0.0	    0.0	    0.0	    0.0	  100.0	  100.0	  0	  150.0	 1050.0	    0.0	    0.0	  100.0	1	  459.8	  1	    0.0	   -nan	
 3248	 324.80	  372.4	    0.0	  -44.8	 1234.4	  359.3	    0.0	    0.0	 1090.6	    0.0	    0.0	    0.0	  100.0	    0.0	    0.0	    0.0	    0.0	  100.0	  100.0	  0	  150.0	 1050.0	    0.0	    0.0	  100.0	1	  459.8	  1	    0.0	   -nan	
 3249	 324.90	  372.4	    0.0	  -44.1	 1234.4	  359.3	    0.0	    0.0	 1092.3	    0.0	    0.0	    0.0	  100.0	    0.0	    0.0	    0.0	    0.0	  100.0	  100.0	  0	  150.0	 1050.0	    0.0	    0.0	  100.0	1	  459.8	  1	    0.0	   -nan	
 3250	 325.00	  372.4	    0.0	  -42.4	 1234.4	  359.3	    0.0	    0.0	 1093.2	    0.0	    0.0	    0.0	  100.0	    0.0	    0.0	    0.0	    0.0	  100.0	  100.0	  0	  150.0	 1050.0	    0.0	    0.0	  100.0	1	  459.8	  1	    0.0	   -nan	
 3251	 325.10	  372.4	    0.0	  -41.1	 1234.4	  359.3	    0.0	    0.0	 1089.2	    0.0	    0.0	    0.0	  100.0	    0.0	    0.0	    0.0	    0.0	  100.0	  100.0	  0	  150.0	 1050.0	    0.0	    0.0	  100.0	1	  459.8	  1	    0.0	   -nan	
 3252	 325.20	  372.4	    0.0	  -48.0	 1234.4	  359.3	    0.0	    0.0	 1091.7	    0.0	    0.0	    0.0	  100.0	    0.0	    0.0	    0.0	    0.0	  100.0	  100.0	  0	  150.0	 1050.0	    0.0	    0.0	  100.0	1	  459.8	  1	    0.0	   -nan	
 3253	 325.30	  372.4	    0.0	  -42.6	 1234.4	  359.3	    0.0	    0.0	 1084.1	    0.0	    0.0	    0.0	  100.0	    0.0	    0.0	    0.0	    0.0	  100.0	  100.0	  0	  150.0	 1050.0	    0.0	    0.0	  100.0	1	  459.8	  1	    0.0	   -nan	
 3254	 325.40	  372.4	    0.0	  -61.3	 1234.4	  359.3	    0.0	    0.0	 1078.9	    0.0	    0.0	    0.0	  100.0	    0.0	    0.0	    0.0	    0.0	  100.0	  100.0	  0	  150.0	 1050.0	    0.0	    0.0	  100.0	1	  459.9	  1	    0.0	   -nan	
 3255	 325.50	  372.4	    0.0	  -71.7	 1234.4	  359.3	    0.0	    0.0	 1075.0	    0.0	    0.0	    0.0	  100.0	    0.0	    0.0	    0.0	    0.0	  100.0	  100.0	  0	  150.0	 1050.0	    0.0	    0.0	  100.0	1	  459.9	  1	    0.0	   -nan	
 3256	 325.60	  372.4	    0.0	  -77.7	 1234.4	  359.3	    0.0	    0.0	 1071.0	    0.0	    0.0	    0.0	  100.0	    0.0	    0.0	    0.0	    0.0	  100.0	  100.0	  0	  150.0	 1050.0	    0.0	    0.0	  100.0	1	  459.9	  1	    0.0	   -nan	
 3257	 325.70	  372.4	    0.0	  -81.9	 1234.4	  359.3	    0.0	    0.0	 1069.0	    0.0	    0.0	    0.0	  100.0	    0.0	    0.0	    0.0	    0.0	  100.0	  100.0	  0	  150.0	 1050.0	    0.0	    0.0	  100.0	1	  459.9	  1	    0.0	   -nan	
 3258	 325.80	  372.4	    0.0	  -83.1	 1234.4	  359.3	    0.0	    0.0	 1068.7	    0.0	    0.0	    0.0	  100.0	    0.0	    0.0	    0.0	    0.0	  100.0	  100.0	  0	  150.0	 1050.0	    0.0	    0.0	  100.0	1	  459.9	  1	    0.0	   -nan	
 3259	 325.90	  372.4	    0.0	  -83.2	 1234.4	  359.3	    0.0	    0.0	 1066.2	    0.0	    0.0	    0.0	  100.0	    0.0	    0.0	    0.0	    0.0	  100.0	  100.0	  0	  150.0	 1050.0	    0.0	    0.0	  100.0	1	  459.9	  1	    0.0	   -nan	
 3260	 326.00	  372.4	    0.0	  -83.3	 1234.4	  359.3	    0.0	    0.0	 1064.8	    0.0	    0.0	    0.0	  100.0	    0.0	    0.0	    0.0	    0.0	  100.0	  100.0	  0	  150.0	 1050.0	    0.0	    0.0	  100.0	1	  459.9	  1	    0.0	   -nan	
 3261	 326.10	  372.4	    0.0	  -82.1	 1234.4	  359.3	    0.0	    0.0	 1060.5	    0.0	    0.0	    0.0	  100.0	    0.0	    0.0	    0.0	    0.0	  100.0	  100.0	  0	  150.0	 1050.0	    0.0	    0.0	  100.0	1	  460.0	  1	    0.0	   -nan	
 3262	 326.20	  372.4	    0.0	  -67.5	 1234.4	  359.3	    0.0	    0.0	 1062.5	    0.0	    0.0	    0.0	  100.0	    0.0	    0.0	    0.0	    0.0	  100.0	  100.0	  0	  150.0	 1050.0	    0.0	    0.0	  100.0	1	  460.0	  1	    0.0	   -nan	
 3263	 326.30	  372.4	    0.0	  -78.7	 1234.4	  359.3	    0.0	    0.0	 1065.5	    0.0	    0.0	    0.0	  100.0	    0.0	    0.0	    0.0	    0.0	  100.0	  100.0	  0	  150.0	 1050.0	    0.0	    0.0	  100.0	1	  459.9	  1	    0.0	   -nan	
 3264	 326.40	  372.4	    0.0	  -88.8	 1234.4	  359.3	    0.0	    0.0	 1067.4	    0.0	    0.0	    0.0	  100.0	    0.0	    0.0	    0.0	    0.0	  100.0	  100.0	  0	  150.0	 1050.0	    0.0	    0.0	  100.0	1	  459.9	  1	    0.0	   -nan	
 3265	 326.50	  372.4	    0.0	  -90.7	 1234.4	  359.3	    0.0	    0.0	 1072.2	    0.0	    0.0	    0.0	  100.0	    0.0	    0.0	    0.0	    0.0	  100.0	  100.0	  0	  150.0	 1050.0	    0.0	    0.0	  100.0	1	  459.9	  1	    0.0	   -nan	
 3266	 326.60	  372.4	    0.0	  -69.4	 1234.4	  359.3	    0.0	    0.0	 1072.2	    0.0	    0.0	    0.0	  100.0	    0.0	    0.0	    0.0	    0.0	  100.0	  100.0	  0	  150.0	 1050.0	    0.0	    0.0	  100.0	1	  459.9	  1	    0.0	   -nan	
 3267	 326.70	  372.4	    0.0	  -69.4	 1234.4	  359.3	    0.0	    0.0	 1076.9	    0.0	    0.0	    0.0	  100.0	    0.0	    0.0	    0.0	    0.0	  100.0	  100.0	  0	  150.0	 1050.0	    0.0	    0.0	  100.0	1	  459.9	  1	    0.0	   -nan	
 3268	 326.80	  372.4	    0.0	   17.1	 1234.4	  359.3	    0.0	    0.0	 1084.5	    0.0	    0.0	    0.0	  100.0	    0.0	    0.0	    0.0	    0.0	  100.0	  100.0	  0	  150.0	 1050.0	    0.0	    0.0	  100.0	1	  459.8	  1	    0.0	   -nan	
 3269	 326.90	  372.4	    0.0	   37.1	 1234.4	  359.3	    0.0	    0.0	 1085.0	    0.0	    0.0	    0.0	  100.0	    0.0	    0.0	    0.0	    0.0	  100.0	  100.0	  0	  150.0	 1050.0	    0.0	    0.0	  100.0	1	  459.8	  1	    0.0	   -nan	
 3270	 327.00	  372.4	    0.0	  131.7	 1234.4	  359.3	    0.0	    0.0	 1088.5	    0.0	    0.0	    0.0	  100.0	    0.0	    0.0	    0.0	    0.0	  100.0	  100.0	  0	  150.0	 1050.0	    0.0	    0.0	  100.0	1	  459.8	  1	    0.0	   -nan	
 3271	 327.10	  372.4	    0.0	  131.7	 1234.4	  359.3	    0.0	    0.0	 1091.0	    0.0	    0.0	    0.0	  100.0	    0.0	    0.0	    0.0	    0.0	  100.0	  100.0	  0	  150.0	 1050.0	    0.0	    0.0	  100.0	1	  459.8	  1	    0.0	   -nan	
 3272	 327.20	  372.4	    0.0	  131.7	 1234.4	  359.3	    0.0	    0.0	 1093.7	    0.0	    0.0	    0.0	  100.0	    0.0	    0.0	    0.0	    0.0	  100.0	  100.0	  0	  150.0	 1050.0	    0.0	    0.0	  100.0	1	  459.8	  1	    0.0	   -nan	
 3273	 327.30	  372.4	    0.0	  131.7	 1234.4	  359.3	    0.0	    0.0	 1095.6	    0.0	    0.0	    0.0	  100.0	    0.0	    0.0	    0.0	    0.0	  100.0	  100.0	  0	  150.0	 1050.0	    0.0	    0.0	  100.0	1	  459.8	  1	    0.0	   -nan	
 3274	 327.40	  372.4	    0.0	  131.7	 1234.4	  359.3	    0.0	    0.0	 1094.6	    0.0	    0.0	    0.0	  100.0	    0.0	    0.0	    0.0	    0.0	  100.0	  100.0	  0	  150.0	 1050.0	    0.0	    0.0	  100.0	1	  459.8	  1	    0.0	   -nan	
 3275	 327.50	  372.4	    0.0	  131.7	 1234.4	  359.3	    0.0	    0.0	 1090.8	    0.0	    0.0	    0.0	  100.0	    0.0	    0.0	    0.0	    0.0	  100.0	  100.0	  0	  150.0	 1050.0	    0.0	    0.0	  100.0	1	  459.8	  1	    0.0	   -nan	
 3276	 327.60	  372.4	    0.0	  131.8	 1234.4	  359.3	    0.0	    0.0	 1087.0	    0.0	    0.0	    0.0	  100.0	    0.0	    0.0	    0.0	    0.0	  100.0	  100.0	  0	  150.0	 1050.0	    0.0	    0.0	  100.0	1	  459.8	  1	    0.0	   -nan	
 3277	 327.70	  372.4	    0.0	  131.8	 1234.4	  359.3	    0.0	    0.0	 1085.3	    0.0	    0.0	    0.0	  100.0	    0.0	    0.0	    0.0	    0.0	  100.0	  100.0	  0	  150.0	 1050.0	    0.0	    0.0	  100.0	1	  459.8	  1	    0.0	   -nan	
 3278	 327.80	  372.4	    0.0	  131.8	 1234.4	  359.3	    0.0	    0.0	 1080.2	    0.0	    0.0	    0.0	  100.0	    0.0	    0.0	    0.0	    0.0	  100.0	  100.0	  0	  150.0	 1050.0	    0.0	    0.0	  100.0	1	  459.8	  1	    0.0	   -nan	
 3279	 327.90	  372.4	    0.0	  131.9	 1234.4	  359.3	    0.0	    0.0	 1074.1	    0.0	    0.0	    0.0	  100.0	    0.0	    0.0	    0.0	    0.0	  100.0	  100.0	  0	  150.0	 1050.0	    0.0	    0.0	  100.0	1	  459.9	  1	    0.0	   -nan	
 3280	 328.00	  372.4	    0.0	  132.0	 1234.4	  359.3	    0.0	    0.0	 1072.1	    0.0	    0.0	    0.0	  100.0	    0.0	    0.0	    0.0	    0.0	  100.0	  100.0	  0	  150.0	 1050.0	    0.0	    0.0	  100.0	1	  459.9	  1	    0.0	   -nan	
 3281	 328.10	  372.4	    0.0	  132.0	 1234.4	  359.3	    0.0	    0.0	 1071.6	    0.0	    0.0	    0.0	  100.0	    0.0	    0.0	    0.0	    0.0	  100.0	  100.0	  0	  150.0	 1050.0	    0.0	    0.0	  100.0	1	  459.9	  1	    0.0	   -nan	
 3282	 328.20	  372.4	    0.0	  132.1	 1234.4	  359.3	    0.0	    0.0	 1066.3	    0.0	    0.0	    0.0	  100.0	    0.0	    0.0	    0.0	    0.0	  100.0	  100.0	  0	  150.0	 1050.0	    0.0	    0.0	  100.0	1	  459.9	  1	    0.0	   -nan	
 3283	 328.30	  372.4	    0.0	  132.1	 1234.4	  359.3	    0.0	    0.0	 1069.8	    0.0	    0.0	    0.0	  100.0	    0.0	    0.0	    0.0	    0.0	  100.0	  100.0	  0	  150.0	 1050.0	    0.0	    0.0	  100.0	1	  459.9	  1	    0.0	   -nan	
 3284	 328.40	  372.4	    0.0	  132.1	 1234.4	  359.3	    0.0	    0.0	 1068.8	    0.0	    0.0	    0.0	  100.0	    0.0	    0.0	    0.0	    0.0	  100.0	  100.0	  0	  150.0	 1050.0	    0.0	    0.0	  100.0	1	  459.9	  1	    0.0	   -nan	
 3285	 328.50	  372.4	    0.0	  132.1	 1234.4	  359.3	    0.0	    0.0	 1069.8	    0.0	    0.0	    0.0	  100.0	    0.0	    0.0	    0.0	    0.0	  100.0	  100.0	  0	  150.0	 1050.0	    0.0	    0.0	  100.0	1	  459.9	  1	    0.0	   -nan	
 3286	 328.60	  372.4	    0.0	  132.1	 1234.4	  359.3	    0.0	    0.0	 1069.9	    0.0	    0.0	    0.0	  100.0	    0.0	    0.0	    0.0	    0.0	  100.0	  100.0	  0	  150.0	 1050.0	    0.0	    0.0	  100.0	1	  459.9	  1	    0.0	   -nan	
 3287	 328.70	  372.4	    0.0	  132.1	 1234.4	  359.3	    0.0	    0.0	 1082.8	    0.0	    0.0	    0.0	  100.0	    0.0	    0.0	    0.0	    0.0	  100.0	  100.0	  0	  150.0	 1050.0	    0.0	    0.0	  100.0	1	  459.8	  1	    0.0	   -nan	
 3288	 328.80	  372.4	    0.0	  130.6	 1234.4	  359.3	    0.0	    0.0	 1090.2	    0.0	    0.0	    0.0	  100.0	    0.0	    0.0	    0.0	    0.0	  100.0	  100.0	  0	  150.0	 1050.0	    0.0	    0.0	  100.0	1	  459.8	  1	    0.0	   -nan	
 3289	 328.90	  372.4	    0.0	   96.0	 1234.4	  359.3	    0.0	    0.0	 1089.2	    0.0	    0.0	    0.0	  100.0	    0.0	    0.0	    0.0	    0.0	  100.0	  100.0	  0	  150.0	 1050.0	    0.0	    0.0	  100.0	1	  459.8	  1	    0.0	   -nan	
 3290	 329.00	  372.4	    0.0	  -48.2	 1234.4	  359.3	    0.0	    0.0	 1093.8	    0.0	    0.0	    0.0	  100.0	    0.0	    0.0	    0.0	    0.0	  100.0	  100.0	  0	  150.0	 1050.0	    0.0	    0.0	  100.0	1	  459.8	  1	    0.0	   -nan	
 3291	 329.10	  372.4	    0.0	  -48.2	 1234.4	  359.3	    0.0	    0.0	 1092.4	    0.0	    0.0	    0.0	  100.0	    0.0	    0.0	    0.0	    0.0	  100.0	  100.0	  0	  150.0	 1050.0	    0.0	    0.0	  100.0	1	  459.8	  1	    0.0	   -nan	
 3292	 329.20	  372.4	    0.0	  -48.2	 1234.4	  359.3	    0.0	    0.0	 1096.2	    0.0	    0.0	    0.0	  100.0	    0.0	    0.0	    0.0	    0.0	  100.0	  100.0	  0	  150.0	 1050.0	    0.0	    0.0	  100.0	1	  459.8	  1	    0.0	   -nan	
 3293	 329.30	  372.4	    0.0	  -48.2	 1234.4	  359.3	    0.0	    0.0	 1105.5	    0.0	    0.0	    0.0	  100.0	    0.0	    0.0	    0.0	    0.0	  100.0	  100.0	  0	  150.0	 1050.0	    0.0	    0.0	  100.0	1	  459.9	  1	    0.0	   -nan	
 3294	 329.40	  372.4	    0.0	  -48.2	 1234.4	  359.3	    0.0	    0.0	 1109.2	    0.0	    0.0	    0.0	  100.0	    0.0	    0.0	    0.0	    0.0	  100.0	  100.0	  0	  150.0	 1050.0	    0.0	    0.0	  100.0	1	  459.9	  1	    0.0	   -nan	
 3295	 329.50	  372.4	    0.0	  -48.2	 1234.4	  359.3	    0.0	    0.0	 1109.3	    0.0	    0.0	    0.0	  100.0	    0.0	    0.0	    0.0	    0.0	  100.0	  100.0	  0	  150.0	 1050.0	    0.0	    0.0	  100.0	1	  459.9	  1	    0.0	   -nan	
 3296	 329.60	  372.4	    0.0	  -48.2	 1234.4	  359.3	    0.0	    0.0	 1107.4	    0.0	    0.0	    0.0	  100.0	    0.0	    0.0	    0.0	    0.0	  100.0	  100.0	  0	  150.0	 1050.0	    0.0	    0.0	  100.0	1	  459.9	  1	    0.0	   -nan	
 3297	 329.70	  372.4	    0.0	  -48.2	 1234.4	  359.3	    0.0	    0.0	 1107.4	    0.0	    0.0	    0.0	  100.0	    0.0	    0.0	    0.0	    0.0	  100.0	  100.0	  0	  150.0	 1050.0	    0.0	    0.0	  100.0	1	  459.9	  1	    0.0	   -nan	
 3298	 329.80	  372.4	    0.0	  -48.2	 1234.4	  359.3	    0.0	    0.0	 1109.4	    0.0	    0.0	    0.0	  100.0	    0.0	    0.0	    0.0	    0.0	  100.0	  100.0	  0	  150.0	 1050.0	    0.0	    0.0	  100.0	1	  459.9	  1	    0.0	   -nan	
 3299	 329.90	  372.4	    0.0	  -48.2	 1234.4	  359.3	    0.0	    0.0	 1108.4	    0.0	    0.0	    0.0	  100.0	    0.0	    0.0	    0.0	    0.0	  100.0	  100.0	  0	  150.0	 1050.0	    0.0	    0.0	  100.0	1	  459.9	  1	    0.0	   -nan	
 3300	 330.00	  372.4	    0.0	  -48.2	 1234.4	  359.3	    0.0	    0.0	 1100.9	    0.0	    0.0	    0.0	  100.0	    0.0	    0.0	    0.0	    0.0	  100.0	  100.0	  0	  150.0	 1050.0	    0.0	    0.0	  100.0	1	  459.8	  1	    0.0	   -nan	
 3301	 330.10	  372.4	    0.0	  -48.3	 1234.4	  359.3	    0.0	    0.0	 1097.4	    0.0	    0.0	    0.0	  100.0	    0.0	    0.0	    0.0	    0.0	  100.0	  100.0	  0	  150.0	 1050.0	    0.0	    0.0	  100.0	1	  459.8	  1	    0.0	   -nan	
 3302	 330.20	  372.4	    0.0	  -48.4	 1234.4	  359.3	    0.0	    0.0	 1092.9	    0.0	    0.0	    0.0	  100.0	    0.0	    0.0	    0.0	    0.0	  100.0	  100.0	  0	  150.0	 1050.0	    0.0	    0.0	  100.0	1	  459.8	  1	    0.0	   -nan	
 3303	 330.30	  372.4	    0.0	  -48.5	 1234.4	  359.3	    0.0	    0.0	 1073.4	    0.0	    0.0	    0.0	  100.0	    0.0	    0.0	    0.0	    0.0	  100.0	  100.0	  0	  150.0	 1050.0	    0.0	    0.0	  100.0	1	  459.9	  1	    0.0	   -nan	
 3304	 330.40	  372.4	    0.0	  -48.8	 1234.4	  359.3	    0.0	    0.0	 1073.4	    0.0	    0.0	    0.0	  100.0	    0.0	    0.0	    0.0	    0.0	  100.0	  100.0	  0	  150.0	 1050.0	    0.0	    0.0	  100.0	1	  459.9	  1	    0.0	   -nan	
 3305	 330.50	  372.4	    0.0	  -48.8	 1234.4	  359.3	    0.0	    0.0	 1073.4	    0.0	    0.0	    0.0	  100.0	    0.0	    0.0	    0.0	    0.0	  100.0	  100.0	  0	  150.0	 1050.0	    0.0	    0.0	  100.0	1	  459.9	  1	    0.0	   -nan	
 3306	 330.60	  372.4	    0.0	  -48.8	 1234.4	  359.3	    0.0	    0.0	 1068.8	    0.0	    0.0	    0.0	  100.0	    0.0	    0.0	    0.0	    0.0	  100.0	  100.0	  0	  150.0	 1050.0	    0.0	    0.0	  100.0	1	  459.9	  1	    0.0	   -nan	
 3307	 330.70	  372.4	    0.0	  -48.8	 1234.4	  359.3	    0.0	    0.0	 1072.5	    0.0	    0.0	    0.0	  100.0	    0.0	    0.0	    0.0	    0.0	  100.0	  100.0	  0	  150.0	 1050.0	    0.0	    0.0	  100.0	1	  459.9	  1	    0.0	   -nan	
 3308	 330.80	  372.4	    0.0	  -48.8	 1234.4	  359.3	    0.0	    0.0	 1051.8	    0.0	    0.0	    0.0	  100.0	    0.0	    0.0	    0.0	    0.0	  100.0	  100.0	  0	  150.0	 1050.0	    0.0	    0.0	  100.0	1	  460.1	  1	    0.0	   -nan	
 3309	 330.90	  372.4	    0.0	  -48.4	 1234.4	  359.3	    0.0	    0.0	 1068.6	    0.0	    0.0	    0.0	  100.0	    0.0	    0.0	    0.0	    0.0	  100.0	  100.0	  0	  150.0	 1050.0	    0.0	    0.0	  100.0	1	  459.9	  1	    0.0	   -nan	
 3310	 331.00	  372.4	    0.0	  -48.9	 1234.4	  359.3	    0.0	    0.0	 1070.5	    0.0	    0.0	    0.0	  100.0	    0.0	    0.0	    0.0	    0.0	  100.0	  100.0	  0	  150.0	 1050.0	    0.0	    0.0	  100.0	1	  459.9	  1	    0.0	   -nan	
 3311	 331.10	  372.4	    0.0	  -48.9	 1234.4	  359.3	    0.0	    0.0	 1072.3	    0.0	    0.0	    0.0	  100.0	    0.0	    0.0	    0.0	    0.0	  100.0	  100.0	  0	  150.0	 1050.0	    0.0	    0.0	  100.0	1	  459.9	  1	    0.0	   -nan	
 3312	 331.20	  372.4	    0.0	  -48.9	 1234.4	  359.3	    0.0	    0.0	 1075.1	    0.0	    0.0	    0.0	  100.0	    0.0	    0.0	    0.0	    0.0	  100.0	  100.0	  0	  150.0	 1050.0	    0.0	    0.0	  100.0	1	  459.9	  1	    0.0	   -nan	
 3313	 331.30	  372.4	    0.0	  -48.7	 1234.4	  359.3	    0.0	    0.0	 1078.9	    0.0	    0.0	    0.0	  100.0	    0.0	    0.0	    0.0	    0.0	  100.0	  100.0	  0	  150.0	 1050.0	    0.0	    0.0	  100.0	1	  459.9	  1	    0.0	   -nan	
 3314	 331.40	  372.4	    0.0	  -48.2	 1234.4	  359.3	    0.0	    0.0	 1085.5	    0.0	    0.0	    0.0	  100.0	    0.0	    0.0	    0.0	    0.0	  100.0	  100.0	  0	  150.0	 1050.0	    0.0	    0.0	  100.0	1	  459.8	  1	    0.0	   -nan	
 3315	 331.50	  372.4	    0.0	  -46.7	 1234.4	  359.3	    0.0	    0.0	 1089.2	    0.0	    0.0	    0.0	  100.0	    0.0	    0.0	    0.0	    0.0	  100.0	  100.0	  0	  150.0	 1050.0	    0.0	    0.0	  100.0	1	  459.8	  1	    0.0	   -nan	
 3316	 331.60	  372.4	    0.0	  -45.2	 1234.4	  359.3	    0.0	    0.0	 1089.2	    0.0	    0.0	    0.0	  100.0	    0.0	    0.0	    0.0	    0.0	  100.0	  100.0	  0	  150.0	 1050.0	    0.0	    0.0	  100.0	1	  459.8	  1	    0.0	   -nan	
 3317	 331.70	  372.4	    0.0	  -45.2	 1234.4	  359.3	    0.0	    0.0	 1089.2	    0.0	    0.0	    0.0	  100.0	    0.0	    0.0	    0.0	    0.0	  100.0	  100.0	  0	  150.0	 1050.0	    0.0	    0.0	  100.0	1	  459.8	  1	    0.0	   -nan	
 3318	 331.80	  372.4	    0.0	  -45.2	 1234.4	  359.3	    0.0	    0.0	 1089.2	    0.0	    0.0	    0.0	  100.0	    0.0	    0.0	    0.0	    0.0	  100.0	  100.0	  0	  150.0	 1050.0	    0.0	    0.0	  100.0	1	  459.8	  1	    0.0	   -nan	
 3319	 331.90	  372.4	    0.0	  -45.2	 1234.4	  359.3	    0.0	    0.0	 1089.2	    0.0	    0.0	    0.0	  100.0	    0.0	    0.0	    0.0	    0.0	  100.0	  100.0	  0	  150.0	 1050.0	    0.0	    0.0	  100.0	1	  459.8	  1	    0.0	   -nan	
 3320	 332.00	  372.4	    0.0	  -45.2	 1234.4	  359.3	    0.0	    0.0	 1089.2	    0.0	    0.0	    0.0	  100.0	    0.0	    0.0	    0.0	    0.0	  100.0	  100.0	  0	  150.0	 1050.0	    0.0	    0.0	  100.0	1	  459.8	  1	    0.0	   -nan	
 3321	 332.10	  372.4	    0.0	  -45.2	 1234.4	  359.3	    0.0	    0.0	 1089.2	    0.0	    0.0	    0.0	  100.0	    0.0	    0.0	    0.0	    0.0	  100.0	  100.0	  0	  150.0	 1050.0	    0.0	    0.0	  100.0	1	  459.8	  1	    0.0	   -nan	
 3322	 332.20	  372.4	    0.0	  -45.2	 1234.4	  359.3	    0.0	    0.0	 1089.2	    0.0	    0.0	    0.0	  100.0	    0.0	    0.0	    0.0	    0.0	  100.0	  100.0	  0	  150.0	 1050.0	    0.0	    0.0	  100.0	1	  459.8	  1	    0.0	   -nan	
 3323	 332.30	  372.4	    0.0	  -45.2	 1234.4	  359.3	    0.0	    0.0	 1089.2	    0.0	    0.0	    0.0	  100.0	    0.0	    0.0	    0.0	    0.0	  100.0	  100.0	  0	  150.0	 1050.0	    0.0	    0.0	  100.0	1	  459.8	  1	    0.0	   -nan	
 3324	 332.40	  372.4	    0.0	  -45.2	 1234.4	  359.3	    0.0	    0.0	 1089.2	    0.0	    0.0	    0.0	  100.0	    0.0	    0.0	    0.0	    0.0	  100.0	  100.0	  0	  150.0	 1050.0	    0.0	    0.0	  100.0	1	  459.8	  1	    0.0	   -nan	
 3325	 332.50	  372.4	    0.0	  -45.2	 1234.4	  359.3	    0.0	    0.0	 1089.2	    0.0	    0.0	    0.0	  100.0	    0.0	    0.0	    0.0	    0.0	  100.0	  100.0	  0	  150.0	 1050.0	    0.0	    0.0	  100.0	1	  459.8	  1	    0.0	   -nan	
 3326	 332.60	  372.4	    0.0	  -45.2	 1234.4	  359.3	    0.0	    0.0	 1089.2	    0.0	    0.0	    0.0	  100.0	    0.0	    0.0	    0.0	    0.0	  100.0	  100.0	  0	  150.0	 1050.0	    0.0	    0.0	  100.0	1	  459.8	  1	    0.0	   -nan	
 3327	 332.70	  372.4	    0.0	  -45.2	 1234.4	  359.3	    0.0	    0.0	 1089.2	    0.0	    0.0	    0.0	  100.0	    0.0	    0.0	    0.0	    0.0	  100.0	  100.0	  0	  150.0	 1050.0	    0.0	    0.0	  100.0	1	  459.8	  1	    0.0	   -nan	
 3328	 332.80	  372.4	    0.0	  -45.2	 1234.4	  359.3	    0.0	    0.0	 1089.2	    0.0	    0.0	    0.0	  100.0	    0.0	    0.0	    0.0	    0.0	  100.0	  100.0	  0	  150.0	 1050.0	    0.0	    0.0	  100.0	1	  459.8	  1	    0.0	   -nan	
 3329	 332.90	  372.4	    0.0	  -45.2	 1234.4	  359.3	    0.0	    0.0	 1089.2	    0.0	    0.0	    0.0	  100.0	    0.0	    0.0	    0.0	    0.0	  100.0	  100.0	  0	  150.0	 1050.0	    0.0	    0.0	  100.0	1	  459.8	  1	    0.0	   -nan	
 3330	 333.00	  372.4	    0.0	  -45.2	 1234.4	  359.3	    0.0	    0.0	 1089.2	    0.0	    0.0	    0.0	  100.0	    0.0	    0.0	    0.0	    0.0	  100.0	  100.0	  0	  150.0	 1050.0	    0.0	    0.0	  100.0	1	  459.8	  1	    0.0	   -nan	
 3331	 333.10	  372.4	    0.0	  -45.2	 1234.4	  359.3	    0.0	    0.0	 1089.2	    0.0	    0.0	    0.0	  100.0	    0.0	    0.0	    0.0	    0.0	  100.0	  100.0	  0	  150.0	 1050.0	    0.0	    0.0	  100.0	1	  459.8	  1	    0.0	   -nan	
 3332	 333.20	  372.4	    0.0	  -45.2	 1234.4	  359.3	    0.0	    0.0	 1089.2	    0.0	    0.0	    0.0	  100.0	    0.0	    0.0	    0.0	    0.0	  100.0	  100.0	  0	  150.0	 1050.0	    0.0	    0.0	  100.0	1	  459.8	  1	    0.0	   -nan	
 3333	 333.30	  372.4	    0.0	  -45.2	 1234.4	  359.3	    0.0	    0.0	 1089.2	    0.0	    0.0	    0.0	  100.0	    0.0	    0.0	    0.0	    0.0	  100.0	  100.0	  0	  150.0	 1050.0	    0.0	    0.0	  100.0	1	  459.8	  1	    0.0	   -nan	
 3334	 333.40	  372.4	    0.0	  -45.2	 1234.4	  359.3	    0.0	    0.0	 1089.2	    0.0	    0.0	    0.0	  100.0	    0.0	    0.0	    0.0	    0.0	  100.0	  100.0	  0	  150.0	 1050.0	    0.0	    0.0	  100.0	1	  459.8	  1	    0.0	   -nan	
 3335	 333.50	  372.4	    0.0	  -45.2	 1234.4	  359.3	    0.0	    0.0	 1089.2	    0.0	    0.0	    0.0	  100.0	    0.0	    0.0	    0.0	    0.0	  100.0	  100.0	  0	  150.0	 1050.0	    0.0	    0.0	  100.0	1	  459.8	  1	    0.0	   -nan	
 3336	 333.60	  372.4	    0.0	  -45.2	 1234.4	  359.3	    0.0	    0.0	 1089.2	    0.0	    0.0	    0.0	  100.0	    0.0	    0.0	    0.0	    0.0	  100.0	  100.0	  0	  150.0	 1050.0	    0.0	    0.0	  100.0	1	  459.8	  1	    0.0	   -nan	
 3337	 333.70	  372.4	    0.0	  -45.2	 1234.4	  359.3	    0.0	    0.0	 1089.2	    0.0	    0.0	    0.0	  100.0	    0.0	    0.0	    0.0	    0.0	  100.0	  100.0	  0	  150.0	 1050.0	    0.0	    0.0	  100.0	1	  459.8	  1	    0.0	   -nan	
 3338	 333.80	  372.4	    0.0	  -45.2	 1234.4	  359.3	    0.0	    0.0	  372.4	    0.0	    0.0	    0.0	  100.0	    0.0	    0.0	    0.0	    0.0	  100.0	  100.0	  0	  150.0	 1050.0	    0.0	    0.0	  100.0	1	  539.8	  1	    0.0	   -nan	
 3339	 333.90	  372.4	    0.0	   20.5	 1234.4	  359.3	    0.0	    0.0	  372.4	    0.0	    0.0	    0.0	  100.0	    0.0	    0.0	    0.0	    0.0	  100.0	  100.0	  0	  150.0	 1050.0	    0.0	    0.0	  100.0	1	  539.8	  1	    0.0	   -nan	
 3340	 334.00	  372.4	    0.0	   72.6	 1234.4	  359.3	    0.0	    0.0	  372.4	    0.0	    0.0	    0.0	  100.0	    0.0	    0.0	    0.0	    0.0	  100.0	  100.0	  0	  150.0	 1050.0	    0.0	    0.0	  100.0	1	  539.8	  1	    0.0	   -nan	
 3341	 334.10	  372.4	    0.0	   83.4	 1234.4	  359.3	    0.0	    0.0	 1105.2	    0.0	    0.0	    0.0	  100.0	    0.0	    0.0	    0.0	    0.0	   99.8	  100.0	  0	  150.0	 1050.0	    0.0	    0.0	   99.8	1	  459.9	  1	    0.0	   -nan	
 3342	 334.20	  372.4	    0.0	  172.1	 1234.4	  359.3	    0.0	    0.0	 1108.0	    0.0	    0.0	    0.0	  100.0	    0.0	    0.0	    0.0	    0.0	   99.8	  100.0	  0	  150.0	 1050.0	    0.0	    0.0	   99.8	1	  459.9	  1	    0.0	   -nan	
 3343	 334.30	  372.4	    0.0	  164.8	 1234.4	  359.3	    0.0	    0.0	 1106.1	    0.0	    0.0	    0.0	  100.0	    0.0	    0.0	    0.0	    0.0	   99.9	  100.0	  0	  150.0	 1050.0	    0.0	    0.0	   99.9	1	  459.9	  1	    0.0	   -nan	
 3344	 334.40	  372.4	    0.0	  158.8	 1234.4	  359.3	    0.0	    0.0	 1101.3	    0.0	    0.0	    0.0	  100.0	    0.0	    0.0	    0.0	    0.0	  100.0	  100.0	  0	  150.0	 1050.0	    0.0	    0.0	  100.0	1	  459.8	  1	    0.0	   -nan	
 3345	 334.50	  372.4	    0.0	  154.2	 1234.4	  359.3	    0.0	    0.0	 1105.1	    0.0	    0.0	    0.0	  100.0	    0.0	    0.0	    0.0	    0.0	  100.0	  100.0	  0	  150.0	 1050.0	    0.0	    0.0	  100.0	1	  459.9	  1	    0.0	   -nan	
 3346	 334.60	  372.4	    0.0	  151.0	 1234.4	  359.3	    0.0	    0.0	 1104.2	    0.0	    0.0	    0.0	  100.0	    0.0	    0.0	    0.0	    0.0	  100.0	  100.0	  0	  150.0	 1050.0	    0.0	    0.0	  100.0	1	  459.8	  1	    0.0	   -nan	
 3347	 334.70	  372.4	    0.0	  148.7	 1234.4	  359.3	    0.0	    0.0	 1105.2	    0.0	    0.0	    0.0	  100.0	    0.0	    0.0	    0.0	    0.0	  100.0	  100.0	  0	  150.0	 1050.0	    0.0	    0.0	  100.0	1	  459.9	  1	    0.0	   -nan	
 3348	 334.80	  372.4	    0.0	  147.0	 1234.4	  359.3	    0.0	    0.0	 1105.2	    0.0	    0.0	    0.0	  100.0	    0.0	    0.0	    0.0	    0.0	  100.0	  100.0	  0	  150.0	 1050.0	    0.0	    0.0	  100.0	1	  459.9	  1	    0.0	   -nan	
 3349	 334.90	  372.4	    0.0	  145.7	 1234.4	  359.3	    0.0	    0.0	 1105.2	    0.0	    0.0	    0.0	  100.0	    0.0	    0.0	    0.0	    0.0	  100.0	  100.0	  0	  150.0	 1050.0	    0.0	    0.0	  100.0	1	  459.9	  1	    0.0	   -nan	
 3350	 335.00	  372.4	    0.0	  144.6	 1234.4	  359.3	    0.0	    0.0	 1105.2	    0.0	    0.0	    0.0	  100.0	    0.0	    0.0	    0.0	    0.0	  100.0	  100.0	  0	  150.0	 1050.0	    0.0	    0.0	  100.0	1	  459.9	  1	    0.0	   -nan	
 3351	 335.10	  372.4	    0.0	  143.6	 1234.4	  359.3	    0.0	    0.0	 1104.3	    0.0	    0.0	    0.0	  100.0	    0.0	    0.0	    0.0	    0.0	  100.0	  100.0	  0	  150.0	 1050.0	    0.0	    0.0	  100.0	1	  459.8	  1	    0.0	   -nan	
 3352	 335.20	  372.4	    0.0	  142.6	 1234.4	  359.3	    0.0	    0.0	 1095.0	    0.0	    0.0	    0.0	  100.0	    0.0	    0.0	    0.0	    0.0	  100.0	  100.0	  0	  150.0	 1050.0	    0.0	    0.0	  100.0	1	  459.8	  1	    0.0	   -nan	
 3353	 335.30	  372.4	    0.0	  141.8	 1234.4	  359.3	    0.0	    0.0	 1095.9	    0.0	    0.0	    0.0	  100.0	    0.0	    0.0	    0.0	    0.0	  100.0	  100.0	  0	  150.0	 1050.0	    0.0	    0.0	  100.0	1	  459.8	  1	    0.0	   -nan	
 3354	 335.40	  372.4	    0.0	  140.9	 1234.4	  359.3	    0.0	    0.0	 1095.9	    0.0	    0.0	    0.0	  100.0	    0.0	    0.0	    0.0	    0.0	  100.0	  100.0	  0	  150.0	 1050.0	    0.0	    0.0	  100.0	1	  459.8	  1	    0.0	   -nan	
 3355	 335.50	  372.4	    0.0	  139.8	 1234.4	  359.3	    0.0	    0.0	 1093.1	    0.0	    0.0	    0.0	  100.0	    0.0	    0.0	    0.0	    0.0	  100.0	  100.0	  0	  150.0	 1050.0	    0.0	    0.0	  100.0	1	  459.8	  1	    0.0	   -nan	
 3356	 335.60	  372.4	    0.0	  138.6	 1234.4	  359.3	    0.0	    0.0	 1089.3	    0.0	    0.0	    0.0	  100.0	    0.0	    0.0	    0.0	    0.0	  100.0	  100.0	  0	  150.0	 1050.0	    0.0	    0.0	  100.0	1	  459.8	  1	    0.0	   -nan	
 3357	 335.70	  372.4	    0.0	  137.6	 1234.4	  359.3	    0.0	    0.0	 1079.9	    0.0	    0.0	    0.0	  100.0	    0.0	    0.0	    0.0	    0.0	  100.0	  100.0	  0	  150.0	 1050.0	    0.0	    0.0	  100.0	1	  459.8	  1	    0.0	   -nan	
 3358	 335.80	  372.4	    0.0	  136.9	 1234.4	  359.3	    0.0	    0.0	 1074.3	    0.0	    0.0	    0.0	  100.0	    0.0	    0.0	    0.0	    0.0	  100.0	  100.0	  0	  150.0	 1050.0	    0.0	    0.0	  100.0	1	  459.9	  1	    0.0	   -nan	
 3359	 335.90	  372.4	    0.0	  136.4	 1234.4	  359.3	    0.0	    0.0	 1078.0	    0.0	    0.0	    0.0	  100.0	    0.0	    0.0	    0.0	    0.0	  100.0	  100.0	  0	  150.0	 1050.0	    0.0	    0.0	  100.0	1	  459.9	  1	    0.0	   -nan	
 3360	 336.00	  372.4	    0.0	  135.8	 1234.4	  359.3	    0.0	    0.0	 1075.3	    0.0	    0.0	    0.0	  100.0	    0.0	    0.0	    0.0	    0.0	  100.0	  100.0	  0	  150.0	 1050.0	    0.0	    0.0	  100.0	1	  459.9	  1	    0.0	   -nan	
 3361	 336.10	  372.4	    0.0	  135.3	 1234.4	  359.3	    0.0	    0.0	 1074.3	    0.0	    0.0	    0.0	  100.0	    0.0	    0.0	    0.0	    0.0	  100.0	  100.0	  0	  150.0	 1050.0	    0.0	    0.0	  100.0	1	  459.9	  1	    0.0	   -nan	
 3362	 336.20	  372.4	    0.0	  134.9	 1234.4	  359.3	    0.0	    0.0	 1072.4	    0.0	    0.0	    0.0	  100.0	    0.0	    0.0	    0.0	    0.0	  100.0	  100.0	  0	  150.0	 1050.0	    0.0	    0.0	  100.0	1	  459.9	  1	    0.0	   -nan	
 3363	 336.30	  372.4	    0.0	  134.5	 1234.4	  359.3	    0.0	    0.0	 1076.1	    0.0	    0.0	    0.0	  100.0	    0.0	    0.0	    0.0	    0.0	  100.0	  100.0	  0	  150.0	 1050.0	    0.0	    0.0	  100.0	1	  459.9	  1	    0.0	   -nan	
 3364	 336.40	  372.4	    0.0	  134.0	 1234.4	  359.3	    0.0	    0.0	 1072.3	    0.0	    0.0	    0.0	  100.0	    0.0	    0.0	    0.0	    0.0	  100.0	  100.0	  0	  150.0	 1050.0	    0.0	    0.0	  100.0	1	  459.9	  1	    0.0	   -nan	
 3365	 336.50	  372.4	    0.0	  133.8	 1234.4	  359.3	    0.0	    0.0	 1072.3	    0.0	    0.0	    0.0	  100.0	    0.0	    0.0	    0.0	    0.0	  100.0	  100.0	  0	  150.0	 1050.0	    0.0	    0.0	  100.0	1	  459.9	  1	    0.0	   -nan	
 3366	 336.60	  372.4	    0.0	  133.6	 1234.4	  359.3	    0.0	    0.0	 1069.4	    0.0	    0.0	    0.0	  100.0	    0.0	    0.0	    0.0	    0.0	  100.0	  100.0	  0	  150.0	 1050.0	    0.0	    0.0	  100.0	1	  459.9	  1	    0.0	   -nan	
 3367	 336.70	  372.4	    0.0	  133.5	 1234.4	  359.3	    0.0	    0.0	 1072.1	    0.0	    0.0	    0.0	  100.0	    0.0	    0.0	    0.0	    0.0	  100.0	  100.0	  0	  150.0	 1050.0	    0.0	    0.0	  100.0	1	  459.9	  1	    0.0	   -nan	
 3368	 336.80	  372.4	    0.0	  133.3	 1234.4	  359.3	    0.0	    0.0	 1067.3	    0.0	    0.0	    0.0	  100.0	    0.0	    0.0	    0.0	    0.0	  100.0	  100.0	  0	  150.0	 1050.0	    0.0	    0.0	  100.0	1	  459.9	  1	    0.0	   -nan	
 3369	 336.90	  372.4	    0.0	  133.2	 1234.4	  359.3	    0.0	    0.0	 1059.8	    0.0	    0.0	    0.0	  100.0	    0.0	    0.0	    0.0	    0.0	  100.0	  100.0	  0	  150.0	 1050.0	    0.0	    0.0	  100.0	1	  460.0	  1	    0.0	   -nan	
 3370	 337.00	  372.4	    0.0	  132.7	 1234.4	  359.3	    0.0	    0.0	 1058.9	    0.0	    0.0	    0.0	  100.0	    0.0	    0.0	    0.0	    0.0	  100.0	  100.0	  0	  150.0	 1050.0	    0.0	    0.0	  100.0	1	  460.0	  1	    0.0	   -nan	
 3371	 337.10	  372.4	    0.0	  132.4	 1234.4	  359.3	    0.0	    0.0	 1061.8	    0.0	    0.0	    0.0	  100.0	    0.0	    0.0	    0.0	    0.0	  100.0	  100.0	  0	  150.0	 1050.0	    0.0	    0.0	  100.0	1	  460.0	  1	    0.0	   -nan	
 3372	 337.20	  372.4	    0.0	  132.4	 1234.4	  359.3	    0.0	    0.0	 1056.3	    0.0	    0.0	    0.0	  100.0	    0.0	    0.0	    0.0	    0.0	  100.0	  100.0	  0	  150.0	 1050.0	    0.0	    0.0	  100.0	1	  460.0	  1	    0.0	   -nan	
 3373	 337.30	  372.4	    0.0	  131.8	 1234.4	  359.3	    0.0	    0.0	 1063.8	    0.0	    0.0	    0.0	  100.0	    0.0	    0.0	    0.0	    0.0	  100.0	  100.0	  0	  150.0	 1050.0	    0.0	    0.0	  100.0	1	  460.0	  1	    0.0	   -nan	
 3374	 337.40	  372.4	    0.0	  132.4	 1234.4	  359.3	    0.0	    0.0	 1057.0	    0.0	    0.0	    0.0	  100.0	    0.0	    0.0	    0.0	    0.0	  100.0	  100.0	  0	  150.0	 1050.0	    0.0	    0.0	  100.0	1	  460.0	  1	    0.0	   -nan	
 3375	 337.50	  372.4	    0.0	  131.7	 1234.4	  359.3	    0.0	    0.0	 1058.3	    0.0	    0.0	    0.0	  100.0	    0.0	    0.0	    0.0	    0.0	  100.0	  100.0	  0	  150.0	 1050.0	    0.0	    0.0	  100.0	1	  460.0	  1	    0.0	   -nan	
 3376	 337.60	  372.4	    0.0	  131.9	 1234.4	  359.3	    0.0	    0.0	 1058.3	    0.0	    0.0	    0.0	  100.0	    0.0	    0.0	    0.0	    0.0	  100.0	  100.0	  0	  150.0	 1050.0	    0.0	    0.0	  100.0	1	  460.0	  1	    0.0	   -nan	
 3377	 337.70	  372.4	    0.0	  132.0	 1234.4	  359.3	    0.0	    0.0	 1058.3	    0.0	    0.0	    0.0	  100.0	    0.0	    0.0	    0.0	    0.0	  100.0	  100.0	  0	  150.0	 1050.0	    0.0	    0.0	  100.0	1	  460.0	  1	    0.0	   -nan	
 3378	 337.80	  372.4	    0.0	  132.0	 1234.4	  359.3	    0.0	    0.0	 1058.3	    0.0	    0.0	    0.0	  100.0	    0.0	    0.0	    0.0	    0.0	  100.0	  100.0	  0	  150.0	 1050.0	    0.0	    0.0	  100.0	1	  460.0	  1	    0.0	   -nan	
 3379	 337.90	  372.4	    0.0	  132.0	 1234.4	  359.3	    0.0	    0.0	 1058.3	    0.0	    0.0	    0.0	  100.0	    0.0	    0.0	    0.0	    0.0	  100.0	  100.0	  0	  150.0	 1050.0	    0.0	    0.0	  100.0	1	  460.0	  1	    0.0	   -nan	
 3380	 338.00	  372.4	    0.0	  132.0	 1234.4	  359.3	    0.0	    0.0	 1058.3	    0.0	    0.0	    0.0	  100.0	    0.0	    0.0	    0.0	    0.0	  100.0	  100.0	  0	  150.0	 1050.0	    0.0	    0.0	  100.0	1	  460.0	  1	    0.0	   -nan	
 3381	 338.10	  372.4	    0.0	  132.0	 1234.4	  359.3	    0.0	    0.0	 1058.3	    0.0	    0.0	    0.0	  100.0	    0.0	    0.0	    0.0	    0.0	  100.0	  100.0	  0	  150.0	 1050.0	    0.0	    0.0	  100.0	1	  460.0	  1	    0.0	   -nan	
 3382	 338.20	  372.4	    0.0	  132.0	 1234.4	  359.3	    0.0	    0.0	 1058.3	    0.0	    0.0	    0.0	  100.0	    0.0	    0.0	    0.0	    0.0	  100.0	  100.0	  0	  150.0	 1050.0	    0.0	    0.0	  100.0	1	  460.0	  1	    0.0	   -nan	
 3383	 338.30	  372.4	    0.0	  132.1	 1234.4	  359.3	    0.0	    0.0	 1058.3	    0.0	    0.0	    0.0	  100.0	    0.0	    0.0	    0.0	    0.0	  100.0	  100.0	  0	  150.0	 1050.0	    0.0	    0.0	  100.0	1	  460.0	  1	    0.0	   -nan	
 3384	 338.40	  372.4	    0.0	  133.0	 1234.4	  359.3	    0.0	    0.0	 1058.3	    0.0	    0.0	    0.0	  100.0	    0.0	    0.0	    0.0	    0.0	  100.0	  100.0	  0	  150.0	 1050.0	    0.0	    0.0	  100.0	1	  460.0	  1	    0.0	   -nan	
 3385	 338.50	  372.4	    0.0	  -48.3	 1234.4	  359.3	    0.0	    0.0	 1058.3	    0.0	    0.0	    0.0	  100.0	    0.0	    0.0	    0.0	    0.0	  100.0	  100.0	  0	  150.0	 1050.0	    0.0	    0.0	  100.0	1	  460.0	  1	    0.0	   -nan	
 3386	 338.60	  372.4	    0.0	  -48.2	 1234.4	  359.3	    0.0	    0.0	 1058.3	    0.0	    0.0	    0.0	  100.0	    0.0	    0.0	    0.0	    0.0	  100.0	  100.0	  0	  150.0	 1050.0	    0.0	    0.0	  100.0	1	  460.0	  1	    0.0	   -nan	
 3387	 338.70	  372.4	    0.0	  -48.2	 1234.4	  359.3	    0.0	    0.0	 1058.3	    0.0	    0.0	    0.0	  100.0	    0.0	    0.0	    0.0	    0.0	  100.0	  100.0	  0	  150.0	 1050.0	    0.0	    0.0	  100.0	1	  460.0	  1	    0.0	   -nan	
 3388	 338.80	  372.4	    0.0	  -48.2	 1234.4	  359.3	    0.0	    0.0	 1058.3	    0.0	    0.0	    0.0	  100.0	    0.0	    0.0	    0.0	    0.0	  100.0	  100.0	  0	  150.0	 1050.0	    0.0	    0.0	  100.0	1	  460.0	  1	    0.0	   -nan	
 3389	 338.90	  372.4	    0.0	  -48.2	 1234.4	  359.3	    0.0	    0.0	 1058.3	    0.0	    0.0	    0.0	  100.0	    0.0	    0.0	    0.0	    0.0	  100.0	  100.0	  0	  150.0	 1050.0	    0.0	    0.0	  100.0	1	  460.0	  1	    0.0	   -nan	
 3390	 339.00	  372.4	    0.0	  -48.2	 1234.4	  359.3	    0.0	    0.0	 1058.3	    0.0	    0.0	    0.0	  100.0	    0.0	    0.0	    0.0	    0.0	  100.0	  100.0	  0	  150.0	 1050.0	    0.0	    0.0	  100.0	1	  460.0	  1	    0.0	   -nan	
 3391	 339.10	  372.4	    0.0	  -48.2	 1234.4	  359.3	    0.0	    0.0	 1058.3	    0.0	    0.0	    0.0	  100.0	    0.0	    0.0	    0.0	    0.0	  100.0	  100.0	  0	  150.0	 1050.0	    0.0	    0.0	  100.0	1	  460.0	  1	    0.0	   -nan	
 3392	 339.20	  372.4	    0.0	  -48.2	 1234.4	  359.3	    0.0	    0.0	 1058.3	    0.0	    0.0	    0.0	  100.0	    0.0	    0.0	    0.0	    0.0	  100.0	  100.0	  0	  150.0	 1050.0	    0.0	    0.0	  100.0	1	  460.0	  1	    0.0	   -nan	
 3393	 339.30	  372.4	    0.0	  -48.2	 1234.4	  359.3	    0.0	    0.0	 1058.3	    0.0	    0.0	    0.0	  100.0	    0.0	    0.0	    0.0	    0.0	  100.0	  100.0	  0	  150.0	 1050.0	    0.0	    0.0	  100.0	1	  460.0	  1	    0.0	   -nan	
 3394	 339.40	  372.4	    0.0	  -48.2	 1234.4	  359.3	    0.0	    0.0	 1058.3	    0.0	    0.0	    0.0	  100.0	    0.0	    0.0	    0.0	    0.0	  100.0	  100.0	  0	  150.0	 1050.0	    0.0	    0.0	  100.0	1	  460.0	  1	    0.0	   -nan	
 3395	 339.50	  372.4	    0.0	  -48.2	 1234.4	  359.3	    0.0	    0.0	 1058.3	    0.0	    0.0	    0.0	  100.0	    0.0	    0.0	    0.0	    0.0	  100.0	  100.0	  0	  150.0	 1050.0	    0.0	    0.0	  100.0	1	  460.0	  1	    0.0	   -nan	
 3396	 339.60	  372.4	    0.0	  -48.2	 1234.4	  359.3	    0.0	    0.0	 1058.3	    0.0	    0.0	    0.0	  100.0	    0.0	    0.0	    0.0	    0.0	  100.0	  100.0	  0	  150.0	 1050.0	    0.0	    0.0	  100.0	1	  460.0	  1	    0.0	   -nan	
 3397	 339.70	  372.4	    0.0	  -48.2	 1234.4	  359.3	    0.0	    0.0	 1058.3	    0.0	    0.0	    0.0	  100.0	    0.0	    0.0	    0.0	    0.0	  100.0	  100.0	  0	  150.0	 1050.0	    0.0	    0.0	  100.0	1	  460.0	  1	    0.0	   -nan	
 3398	 339.80	  372.4	    0.0	  -48.2	 1234.4	  359.3	    0.0	    0.0	 1058.3	    0.0	    0.0	    0.0	  100.0	    0.0	    0.0	    0.0	    0.0	  100.0	  100.0	  0	  150.0	 1050.0	    0.0	    0.0	  100.0	1	  460.0	  1	    0.0	   -nan	
 3399	 339.90	  372.4	    0.0	  -48.2	 1234.4	  359.3	    0.0	    0.0	 1058.3	    0.0	    0.0	    0.0	  100.0	    0.0	    0.0	    0.0	    0.0	  100.0	  100.0	  0	  150.0	 1050.0	    0.0	    0.0	  100.0	1	  460.0	  1	    0.0	   -nan	
 3400	 340.00	  372.4	    0.0	  -48.2	 1234.4	  359.3	    0.0	    0.0	 1058.3	    0.0	    0.0	    0.0	  100.0	    0.0	    0.0	    0.0	    0.0	  100.0	  100.0	  0	  150.0	 1050.0	    0.0	    0.0	  100.0	1	  460.0	  1	    0.0	   -nan	
 3401	 340.10	  372.4	    0.0	  -48.2	 1234.4	  359.3	    0.0	    0.0	 1058.3	    0.0	    0.0	    0.0	  100.0	    0.0	    0.0	    0.0	    0.0	  100.0	  100.0	  0	  150.0	 1050.0	    0.0	    0.0	  100.0	1	  460.0	  1	    0.0	   -nan	
 3402	 340.20	  372.4	    0.0	  -48.2	 1234.4	  359.3	    0.0	    0.0	  372.4	    0.0	    0.0	    0.0	  100.0	    0.0	    0.0	    0.0	    0.0	  100.0	  100.0	  0	  150.0	 1050.0	    0.0	    0.0	  100.0	1	  539.8	  1	    0.0	   -nan	
 3403	 340.30	  372.4	    0.0	   17.0	 1234.4	  359.3	    0.0	    0.0	  853.6	    0.0	    0.0	    0.0	  100.0	    0.0	    0.0	    0.0	    0.0	  100.0	  100.0	  0	  150.0	 1050.0	    0.0	    0.0	  100.0	1	  469.0	  1	    0.0	   -nan	
 3404	 340.40	  372.4	    0.0	 -148.9	 1234.4	  359.3	    0.0	    0.0	  372.4	    0.0	    0.0	    0.0	  100.0	    0.0	    0.0	    0.0	    0.0	  100.0	  100.0	  0	  150.0	 1050.0	    0.0	    0.0	  100.0	1	  539.8	  1	    0.0	   -nan	
 3405	 340.50	  372.4	    0.0	   17.6	 1234.4	  359.3	    0.0	    0.0	  372.4	    0.0	    0.0	    0.0	  100.0	    0.0	    0.0	    0.0	    0.0	  100.0	  100.0	  0	  150.0	 1050.0	    0.0	    0.0	  100.0	1	  539.8	  1	    0.0	   -nan	
 3406	 340.60	  372.4	    0.0	   73.2	 1234.4	  359.3	    0.0	    0.0	  372.4	    0.0	    0.0	    0.0	  100.0	    0.0	    0.0	    0.0	    0.0	  100.0	  100.0	  0	  150.0	 1050.0	    0.0	    0.0	  100.0	1	  539.8	  1	    0.0	   -nan	
 3407	 340.70	  372.4	    0.0	   84.3	 1234.4	  359.3	    0.0	    0.0	  842.7	    0.0	    0.0	    0.0	  100.0	    0.0	    0.0	    0.0	    0.0	  100.0	  100.0	  0	  150.0	 1050.0	    0.0	    0.0	  100.0	1	  469.8	  1	    0.0	   -nan	
 3408	 340.80	  372.4	    0.0	  166.6	 1234.4	  359.3	    0.0	    0.0	  851.0	    0.0	    0.0	    0.0	  100.0	    0.0	    0.0	    0.0	    0.0	  100.0	  100.0	  0	  150.0	 1050.0	    0.0	    0.0	  100.0	1	  469.2	  1	    0.0	   -nan	
 3409	 340.90	  372.4	    0.0	  160.6	 1234.4	  359.3	    0.0	    0.0	  851.0	    0.0	    0.0	    0.0	  100.0	    0.0	    0.0	    0.0	    0.0	  100.0	  100.0	  0	  150.0	 1050.0	    0.0	    0.0	  100.0	1	  469.2	  1	    0.0	   -nan	
 3410	 341.00	  372.4	    0.0	  155.9	 1234.4	  359.3	    0.0	    0.0	  852.8	    0.0	    0.0	    0.0	  100.0	    0.0	    0.0	    0.0	    0.0	  100.0	  100.0	  0	  150.0	 1050.0	    0.0	    0.0	  100.0	1	  469.0	  1	    0.0	   -nan	
 3411	 341.10	  372.4	    0.0	  152.4	 1234.4	  359.3	    0.0	    0.0	  851.0	    0.0	    0.0	    0.0	  100.0	    0.0	    0.0	    0.0	    0.0	  100.0	  100.0	  0	  150.0	 1050.0	    0.0	    0.0	  100.0	1	  469.2	  1	    0.0	   -nan	
 3412	 341.20	  372.4	    0.0	  149.5	 1234.4	  359.3	    0.0	    0.0	  850.9	    0.0	    0.0	    0.0	  100.0	    0.0	    0.0	    0.0	    0.0	  100.0	  100.0	  0	  150.0	 1050.0	    0.0	    0.0	  100.0	1	  469.2	  1	    0.0	   -nan	
 3413	 341.30	  372.4	    0.0	  147.2	 1234.4	  359.3	    0.0	    0.0	  850.9	    0.0	    0.0	    0.0	  100.0	    0.0	    0.0	    0.0	    0.0	  100.0	  100.0	  0	  150.0	 1050.0	    0.0	    0.0	  100.0	1	  469.2	  1	    0.0	   -nan	
 3414	 341.40	  372.4	    0.0	  145.4	 1234.4	  359.3	    0.0	    0.0	  849.0	    0.0	    0.0	    0.0	  100.0	    0.0	    0.0	    0.0	    0.0	  100.0	  100.0	  0	  150.0	 1050.0	    0.0	    0.0	  100.0	1	  469.3	  1	    0.0	   -nan	
 3415	 341.50	  372.4	    0.0	  143.5	 1234.4	  359.3	    0.0	    0.0	  849.0	    0.0	    0.0	    0.0	  100.0	    0.0	    0.0	    0.0	    0.0	  100.0	  100.0	  0	  150.0	 1050.0	    0.0	    0.0	  100.0	1	  469.3	  1	    0.0	   -nan	
 3416	 341.60	  372.4	    0.0	  141.9	 1234.4	  359.3	    0.0	    0.0	  849.4	    0.0	    0.0	    0.0	  100.0	    0.0	    0.0	    0.0	    0.0	  100.0	  100.0	  0	  150.0	 1050.0	    0.0	    0.0	  100.0	1	  469.3	  1	    0.0	   -nan	
 3417	 341.70	  372.4	    0.0	  140.5	 1234.4	  359.3	    0.0	    0.0	  852.7	    0.0	    0.0	    0.0	  100.0	    0.0	    0.0	    0.0	    0.0	  100.0	  100.0	  0	  150.0	 1050.0	    0.0	    0.0	  100.0	1	  469.0	  1	    0.0	   -nan	
 3418	 341.80	  372.4	    0.0	  139.9	 1234.4	  359.3	    0.0	    0.0	  850.2	    0.0	    0.0	    0.0	  100.0	    0.0	    0.0	    0.0	    0.0	  100.0	  100.0	  0	  150.0	 1050.0	    0.0	    0.0	  100.0	1	  469.2	  1	    0.0	   -nan	
 3419	 341.90	  372.4	    0.0	  138.7	 1234.4	  359.3	    0.0	    0.0	  854.9	    0.0	    0.0	    0.0	  100.0	    0.0	    0.0	    0.0	    0.0	  100.0	  100.0	  0	  150.0	 1050.0	    0.0	    0.0	  100.0	1	  468.9	  1	    0.0	   -nan	
 3420	 342.00	  372.4	    0.0	  138.7	 1234.4	  359.3	    0.0	    0.0	  854.2	    0.0	    0.0	    0.0	  100.0	    0.0	    0.0	    0.0	    0.0	  100.0	  100.0	  0	  150.0	 1050.0	    0.0	    0.0	  100.0	1	  468.9	  1	    0.0	   -nan	
 3421	 342.10	  372.4	    0.0	  138.5	 1234.4	  359.3	    0.0	    0.0	  852.2	    0.0	    0.0	    0.0	  100.0	    0.0	    0.0	    0.0	    0.0	  100.0	  100.0	  0	  150.0	 1050.0	    0.0	    0.0	  100.0	1	  469.1	  1	    0.0	   -nan	
 3422	 342.20	  372.4	    0.0	  137.2	 1234.4	  359.3	    0.0	    0.0	  855.1	    0.0	    0.0	    0.0	  100.0	    0.0	    0.0	    0.0	    0.0	  100.0	  100.0	  0	  150.0	 1050.0	    0.0	    0.0	  100.0	1	  468.9	  1	    0.0	   -nan	
 3423	 342.30	  372.4	    0.0	  136.8	 1234.4	  359.3	    0.0	    0.0	  845.7	    0.0	    0.0	    0.0	  100.0	    0.0	    0.0	    0.0	    0.0	  100.0	  100.0	  0	  150.0	 1050.0	    0.0	    0.0	  100.0	1	  469.6	  1	    0.0	   -nan	
 3424	 342.40	  372.4	    0.0	  130.7	 1234.4	  359.3	    0.0	    0.0	  845.7	    0.0	    0.0	    0.0	  100.0	    0.0	    0.0	    0.0	    0.0	  100.0	  100.0	  0	  150.0	 1050.0	    0.0	    0.0	  100.0	1	  469.6	  1	    0.0	   -nan	
 3425	 342.50	  372.4	    0.0	  129.7	 1234.4	  359.3	    0.0	    0.0	  850.3	    0.0	    0.0	    0.0	  100.0	    0.0	    0.0	    0.0	    0.0	  100.0	  100.0	  0	  150.0	 1050.0	    0.0	    0.0	  100.0	1	  469.2	  1	    0.0	   -nan	
 3426	 342.60	  372.4	    0.0	  131.2	 1234.4	  359.3	    0.0	    0.0	  845.3	    0.0	    0.0	    0.0	  100.0	    0.0	    0.0	    0.0	    0.0	  100.0	  100.0	  0	  150.0	 1050.0	    0.0	    0.0	  100.0	1	  469.6	  1	    0.0	   -nan	
 3427	 342.70	  372.4	    0.0	  129.0	 1234.4	  359.3	    0.0	    0.0	  845.3	    0.0	    0.0	    0.0	  100.0	    0.0	    0.0	    0.0	    0.0	  100.0	  100.0	  0	  150.0	 1050.0	    0.0	    0.0	  100.0	1	  469.6	  1	    0.0	   -nan	
 3428	 342.80	  372.4	    0.0	  129.0	 1234.4	  359.3	    0.0	    0.0	  845.6	    0.0	    0.0	    0.0	  100.0	    0.0	    0.0	    0.0	    0.0	  100.0	  100.0	  0	  150.0	 1050.0	    0.0	    0.0	  100.0	1	  469.6	  1	    0.0	   -nan	
 3429	 342.90	  372.4	    0.0	  129.2	 1234.4	  359.3	    0.0	    0.0	  846.4	    0.0	    0.0	    0.0	  100.0	    0.0	    0.0	    0.0	    0.0	  100.0	  100.0	  0	  150.0	 1050.0	    0.0	    0.0	  100.0	1	  469.5	  1	    0.0	   -nan	
 3430	 343.00	  372.4	    0.0	  129.9	 1234.4	  359.3	    0.0	    0.0	  847.6	    0.0	    0.0	    0.0	  100.0	    0.0	    0.0	    0.0	    0.0	  100.0	  100.0	  0	  150.0	 1050.0	    0.0	    0.0	  100.0	1	  469.4	  1	    0.0	   -nan	
 3431	 343.10	  372.4	    0.0	  131.8	 1234.4	  359.3	    0.0	    0.0	  846.4	    0.0	    0.0	    0.0	  100.0	    0.0	    0.0	    0.0	    0.0	  100.0	  100.0	  0	  150.0	 1050.0	    0.0	    0.0	  100.0	1	  469.5	  1	    0.0	   -nan	
 3432	 343.20	  372.4	    0.0	  -53.6	 1234.4	  359.3	    0.0	    0.0	  846.4	    0.0	    0.0	    0.0	  100.0	    0.0	    0.0	    0.0	    0.0	  100.0	  100.0	  0	  150.0	 1050.0	    0.0	    0.0	  100.0	1	  469.5	  1	    0.0	   -nan	
 3433	 343.30	  372.4	    0.0	  -50.8	 1234.4	  359.3	    0.0	    0.0	  846.4	    0.0	    0.0	    0.0	  100.0	    0.0	    0.0	    0.0	    0.0	  100.0	  100.0	  0	  150.0	 1050.0	    0.0	    0.0	  100.0	1	  469.5	  1	    0.0	   -nan	
 3434	 343.40	  372.4	    0.0	  -50.8	 1234.4	  359.3	    0.0	    0.0	  846.4	    0.0	    0.0	    0.0	  100.0	    0.0	    0.0	    0.0	    0.0	  100.0	  100.0	  0	  150.0	 1050.0	    0.0	    0.0	  100.0	1	  469.5	  1	    0.0	   -nan	
 3435	 343.50	  372.4	    0.0	  -50.8	 1234.4	  359.3	    0.0	    0.0	  846.4	    0.0	    0.0	    0.0	  100.0	    0.0	    0.0	    0.0	    0.0	  100.0	  100.0	  0	  150.0	 1050.0	    0.0	    0.0	  100.0	1	  469.5	  1	    0.0	   -nan	
 3436	 343.60	  372.4	    0.0	  -50.8	 1234.4	  359.3	    0.0	    0.0	  846.4	    0.0	    0.0	    0.0	  100.0	    0.0	    0.0	    0.0	    0.0	  100.0	  100.0	  0	  150.0	 1050.0	    0.0	    0.0	  100.0	1	  469.5	  1	    0.0	   -nan	
 3437	 343.70	  372.4	    0.0	  -50.8	 1234.4	  359.3	    0.0	    0.0	  846.4	    0.0	    0.0	    0.0	  100.0	    0.0	    0.0	    0.0	    0.0	  100.0	  100.0	  0	  150.0	 1050.0	    0.0	    0.0	  100.0	1	  469.5	  1	    0.0	   -nan	
 3438	 343.80	  372.4	    0.0	  -50.8	 1234.4	  359.3	    0.0	    0.0	  846.4	    0.0	    0.0	    0.0	  100.0	    0.0	    0.0	    0.0	    0.0	  100.0	  100.0	  0	  150.0	 1050.0	    0.0	    0.0	  100.0	1	  469.5	  1	    0.0	   -nan	
 3439	 343.90	  372.4	    0.0	  -50.8	 1234.4	  359.3	    0.0	    0.0	  846.4	    0.0	    0.0	    0.0	  100.0	    0.0	    0.0	    0.0	    0.0	  100.0	  100.0	  0	  150.0	 1050.0	    0.0	    0.0	  100.0	1	  469.5	  1	    0.0	   -nan	
 3440	 344.00	  372.4	    0.0	  -50.8	 1234.4	  359.3	    0.0	    0.0	  846.4	    0.0	    0.0	    0.0	  100.0	    0.0	    0.0	    0.0	    0.0	  100.0	  100.0	  0	  150.0	 1050.0	    0.0	    0.0	  100.0	1	  469.5	  1	    0.0	   -nan	
 3441	 344.10	  372.4	    0.0	  -50.8	 1234.4	  359.3	    0.0	    0.0	  846.4	    0.0	    0.0	    0.0	  100.0	    0.0	    0.0	    0.0	    0.0	  100.0	  100.0	  0	  150.0	 1050.0	    0.0	    0.0	  100.0	1	  469.5	  1	    0.0	   -nan	
 3442	 344.20	  372.4	    0.0	  -50.8	 1234.4	  359.3	    0.0	    0.0	  846.4	    0.0	    0.0	    0.0	  100.0	    0.0	    0.0	    0.0	    0.0	  100.0	  100.0	  0	  150.0	 1050.0	    0.0	    0.0	  100.0	1	  469.5	  1	    0.0	   -nan	
 3443	 344.30	  372.4	    0.0	  -50.8	 1234.4	  359.3	    0.0	    0.0	  849.0	    0.0	    0.0	    0.0	  100.0	    0.0	    0.0	    0.0	    0.0	  100.0	  100.0	  0	  150.0	 1050.0	    0.0	    0.0	  100.0	1	  469.3	  1	    0.0	   -nan	
 3444	 344.40	  372.4	    0.0	  -51.1	 1234.4	  359.3	    0.0	    0.0	  744.7	    0.0	    0.0	    0.0	  100.0	    0.0	    0.0	    0.0	    0.0	  100.0	  100.0	  0	  150.0	 1050.0	    0.0	    0.0	  100.0	1	  479.9	  1	    0.0	   -nan	
 3445	 344.50	  372.4	    0.0	  -34.0	 1234.4	  359.3	    0.0	    0.0	  372.4	    0.0	    0.0	    0.0	  100.0	    0.0	    0.0	    0.0	    0.0	  100.0	  100.0	  0	  150.0	 1050.0	    0.0	    0.0	  100.0	1	  539.8	  1	    0.0	   -nan	
 3446	 344.60	  372.4	    0.0	    8.4	 1234.4	  359.3	    0.0	    0.0	  372.4	    0.0	    0.0	    0.0	  100.0	    0.0	    0.0	    0.0	    0.0	  100.0	  100.0	  0	  150.0	 1050.0	    0.0	    0.0	  100.0	1	  539.8	  1	    0.0	   -nan	
 3447	 344.70	  372.4	    0.0	   60.7	 1234.4	  359.3	    0.0	    0.0	  372.4	    0.0	    0.0	    0.0	  100.0	    0.0	    0.0	    0.0	    0.0	  100.0	  100.0	  0	  150.0	 1050.0	    0.0	    0.0	  100.0	1	  539.8	  1	    0.0	   -nan	
 3448	 344.80	  372.4	    0.0	   81.9	 1234.4	  359.3	    0.0	    0.0	  372.4	    0.0	    0.0	    0.0	  100.0	    0.0	    0.0	    0.0	    0.0	  100.0	  100.0	  0	  150.0	 1050.0	    0.0	    0.0	  100.0	1	  539.8	  1	    0.0	   -nan	
 3449	 344.90	  372.4	    0.0	   84.0	 1234.4	  359.3	    0.0	    0.0	  869.7	    0.0	    0.0	    0.0	  100.0	    0.0	    0.0	    0.0	    0.0	  100.0	  100.0	  0	  150.0	 1050.0	    0.0	    0.0	  100.0	1	  467.8	  1	    0.0	   -nan	
 3450	 345.00	  372.4	    0.0	 -171.9	 1234.4	  359.3	    0.0	    0.0	  872.7	    0.0	    0.0	    0.0	  100.0	    0.0	    0.0	    0.0	    0.0	  100.0	  100.0	  0	  150.0	 1050.0	    0.0	    0.0	  100.0	1	  467.5	  1	    0.0	   -nan	
 3451	 345.10	  372.4	    0.0	 -151.1	 1234.4	  359.3	    0.0	    0.0	  885.2	    0.0	    0.0	    0.0	  100.0	    0.0	    0.0	    0.0	    0.0	  100.0	  100.0	  0	  150.0	 1050.0	    0.0	    0.0	  100.0	1	  466.7	  1	    0.0	   -nan	
 3452	 345.20	  372.4	    0.0	 -105.5	 1234.4	  359.3	    0.0	    0.0	  884.2	    0.0	    0.0	    0.0	  100.0	    0.0	    0.0	    0.0	    0.0	  100.0	  100.0	  0	  150.0	 1050.0	    0.0	    0.0	  100.0	1	  466.7	  1	    0.0	   -nan	
 3453	 345.30	  372.4	    0.0	  -78.3	 1234.4	  359.3	    0.0	    0.0	  884.2	    0.0	    0.0	    0.0	  100.0	    0.0	    0.0	    0.0	    0.0	  100.0	  100.0	  0	  150.0	 1050.0	    0.0	    0.0	  100.0	1	  466.7	  1	    0.0	   -nan	
 3454	 345.40	  372.4	    0.0	  -78.3	 1234.4	  359.3	    0.0	    0.0	  856.3	    0.0	    0.0	    0.0	  100.0	    0.0	    0.0	    0.0	    0.0	  100.0	  100.0	  0	  150.0	 1050.0	    0.0	    0.0	  100.0	1	  468.8	  1	    0.0	   -nan	
 3455	 345.50	  372.4	    0.0	  -77.7	 1234.4	  359.3	    0.0	    0.0	  848.1	    0.0	    0.0	    0.0	  100.0	    0.0	    0.0	    0.0	    0.0	  100.0	  100.0	  0	  150.0	 1050.0	    0.0	    0.0	  100.0	1	  469.4	  1	    0.0	   -nan	
 3456	 345.60	  372.4	    0.0	  -77.5	 1234.4	  359.3	    0.0	    0.0	  829.0	    0.0	    0.0	    0.0	  100.0	    0.0	    0.0	    0.0	    0.0	  100.0	  100.0	  0	  150.0	 1050.0	    0.0	    0.0	  100.0	1	  471.0	  1	    0.0	   -nan	
 3457	 345.70	  372.4	    0.0	  -76.7	 1234.4	  359.3	    0.0	    0.0	  819.9	    0.0	    0.0	    0.0	  100.0	    0.0	    0.0	    0.0	    0.0	  100.0	  100.0	  0	  150.0	 1050.0	    0.0	    0.0	  100.0	1	  471.8	  1	    0.0	   -nan	
 3458	 345.80	  372.4	    0.0	  -76.2	 1234.4	  359.3	    0.0	    0.0	  784.0	    0.0	    0.0	    0.0	  100.0	    0.0	    0.0	    0.0	    0.0	  100.0	  100.0	  0	  150.0	 1050.0	    0.0	    0.0	  100.0	1	  475.4	  1	    0.0	   -nan	
 3459	 345.90	  372.4	    0.0	  -73.1	 1234.4	  359.3	    0.0	    0.0	  772.7	    0.0	    0.0	    0.0	  100.0	    0.0	    0.0	    0.0	    0.0	  100.0	  100.0	  0	  150.0	 1050.0	    0.0	    0.0	  100.0	1	  476.6	  1	    0.0	   -nan	
 3460	 346.00	  372.4	    0.0	  -71.6	 1234.4	  359.3	    0.0	    0.0	  763.3	    0.0	    0.0	    0.0	  100.0	    0.0	    0.0	    0.0	    0.0	  100.0	  100.0	  0	  150.0	 1050.0	    0.0	    0.0	  100.0	1	  477.7	  1	    0.0	   -nan	
 3461	 346.10	  372.4	    0.0	  -69.9	 1234.4	  359.3	    0.0	    0.0	  761.7	    0.0	    0.0	    0.0	  100.0	    0.0	    0.0	    0.0	    0.0	  100.0	  100.0	  0	  150.0	 1050.0	    0.0	    0.0	  100.0	1	  477.9	  1	    0.0	   -nan	
 3462	 346.20	  372.4	    0.0	  -69.6	 1234.4	  359.3	    0.0	    0.0	  761.7	    0.0	    0.0	    0.0	  100.0	    0.0	    0.0	    0.0	    0.0	  100.0	  100.0	  0	  150.0	 1050.0	    0.0	    0.0	  100.0	1	  477.9	  1	    0.0	   -nan	
 3463	 346.30	  372.4	    0.0	  -69.6	 1234.4	  359.3	    0.0	    0.0	  754.9	    0.0	    0.0	    0.0	  100.0	    0.0	    0.0	    0.0	    0.0	  100.0	  100.0	  0	  150.0	 1050.0	    0.0	    0.0	  100.0	1	  478.7	  1	    0.0	   -nan	
 3464	 346.40	  372.4	    0.0	  -66.7	 1234.4	  359.3	    0.0	    0.0	  753.9	    0.0	    0.0	    0.0	  100.0	    0.0	    0.0	    0.0	    0.0	  100.0	  100.0	  0	  150.0	 1050.0	    0.0	    0.0	  100.0	1	  478.8	  1	    0.0	   -nan	
 3465	 346.50	  372.4	    0.0	  -66.2	 1234.4	  359.3	    0.0	    0.0	  755.8	    0.0	    0.0	    0.0	  100.0	    0.0	    0.0	    0.0	    0.0	  100.0	  100.0	  0	  150.0	 1050.0	    0.0	    0.0	  100.0	1	  478.6	  1	    0.0	   -nan	
 3466	 346.60	  372.4	    0.0	  -67.5	 1234.4	  359.3	    0.0	    0.0	  754.9	    0.0	    0.0	    0.0	  100.0	    0.0	    0.0	    0.0	    0.0	  100.0	  100.0	  0	  150.0	 1050.0	    0.0	    0.0	  100.0	1	  478.7	  1	    0.0	   -nan	
 3467	 346.70	  372.4	    0.0	  -66.7	 1234.4	  359.3	    0.0	    0.0	  755.8	    0.0	    0.0	    0.0	  100.0	    0.0	    0.0	    0.0	    0.0	  100.0	  100.0	  0	  150.0	 1050.0	    0.0	    0.0	  100.0	1	  478.6	  1	    0.0	   -nan	
 3468	 346.80	  372.4	    0.0	  -67.8	 1234.4	  359.3	    0.0	    0.0	  756.8	    0.0	    0.0	    0.0	  100.0	    0.0	    0.0	    0.0	    0.0	  100.0	  100.0	  0	  150.0	 1050.0	    0.0	    0.0	  100.0	1	  478.5	  1	    0.0	   -nan	
 3469	 346.90	  372.4	    0.0	  -69.3	 1234.4	  359.3	    0.0	    0.0	  758.6	    0.0	    0.0	    0.0	  100.0	    0.0	    0.0	    0.0	    0.0	  100.0	  100.0	  0	  150.0	 1050.0	    0.0	    0.0	  100.0	1	  478.2	  1	    0.0	   -nan	
 3470	 347.00	  372.4	    0.0	  -72.7	 1234.4	  359.3	    0.0	    0.0	  758.6	    0.0	    0.0	    0.0	  100.0	    0.0	    0.0	    0.0	    0.0	  100.0	  100.0	  0	  150.0	 1050.0	    0.0	    0.0	  100.0	1	  478.2	  1	    0.0	   -nan	
 3471	 347.10	  372.4	    0.0	  -72.7	 1234.4	  359.3	    0.0	    0.0	  760.5	    0.0	    0.0	    0.0	  100.0	    0.0	    0.0	    0.0	    0.0	  100.0	  100.0	  0	  150.0	 1050.0	    0.0	    0.0	  100.0	1	  478.0	  1	    0.0	   -nan	
 3472	 347.20	  372.4	    0.0	  -78.4	 1234.4	  359.3	    0.0	    0.0	  761.0	    0.0	    0.0	    0.0	  100.0	    0.0	    0.0	    0.0	    0.0	  100.0	  100.0	  0	  150.0	 1050.0	    0.0	    0.0	  100.0	1	  478.0	  1	    0.0	   -nan	
 3473	 347.30	  372.4	    0.0	  -80.2	 1234.4	  359.3	    0.0	    0.0	  762.4	    0.0	    0.0	    0.0	  100.0	    0.0	    0.0	    0.0	    0.0	  100.0	  100.0	  0	  150.0	 1050.0	    0.0	    0.0	  100.0	1	  477.8	  1	    0.0	   -nan	
 3474	 347.40	  372.4	    0.0	  -86.3	 1234.4	  359.3	    0.0	    0.0	  762.8	    0.0	    0.0	    0.0	  100.0	    0.0	    0.0	    0.0	    0.0	  100.0	  100.0	  0	  150.0	 1050.0	    0.0	    0.0	  100.0	1	  477.7	  1	    0.0	   -nan	
 3475	 347.50	  372.4	    0.0	  -88.3	 1234.4	  359.3	    0.0	    0.0	  762.4	    0.0	    0.0	    0.0	  100.0	    0.0	    0.0	    0.0	    0.0	  100.0	  100.0	  0	  150.0	 1050.0	    0.0	    0.0	  100.0	1	  477.8	  1	    0.0	   -nan	
 3476	 347.60	  372.4	    0.0	  -85.7	 1234.4	  359.3	    0.0	    0.0	  762.4	    0.0	    0.0	    0.0	  100.0	    0.0	    0.0	    0.0	    0.0	  100.0	  100.0	  0	  150.0	 1050.0	    0.0	    0.0	  100.0	1	  477.8	  1	    0.0	   -nan	
 3477	 347.70	  372.4	    0.0	  -85.7	 1234.4	  359.3	    0.0	    0.0	  764.0	    0.0	    0.0	    0.0	  100.0	    0.0	    0.0	    0.0	    0.0	  100.0	  100.0	  0	  150.0	 1050.0	    0.0	    0.0	  100.0	1	  477.6	  1	    0.0	   -nan	
 3478	 347.80	  372.4	    0.0	 -100.6	 1234.4	  359.3	    0.0	    0.0	  763.3	    0.0	    0.0	    0.0	  100.0	    0.0	    0.0	    0.0	    0.0	  100.0	  100.0	  0	  150.0	 1050.0	    0.0	    0.0	  100.0	1	  477.7	  1	    0.0	   -nan	
 3479	 347.90	  372.4	    0.0	  -92.9	 1234.4	  359.3	    0.0	    0.0	  762.4	    0.0	    0.0	    0.0	  100.0	    0.0	    0.0	    0.0	    0.0	  100.0	  100.0	  0	  150.0	 1050.0	    0.0	    0.0	  100.0	1	  477.8	  1	    0.0	   -nan	
 3480	 348.00	  372.4	    0.0	  -75.1	 1234.4	  359.3	    0.0	    0.0	  767.0	    0.0	    0.0	    0.0	  100.0	    0.0	    0.0	    0.0	    0.0	  100.0	  100.0	  0	  150.0	 1050.0	    0.0	    0.0	  100.0	1	  477.3	  1	    0.0	   -nan	
 3481	 348.10	  372.4	    0.0	 -125.9	 1234.4	  359.3	    0.0	    0.0	  768.8	    0.0	    0.0	    0.0	  100.0	    0.0	    0.0	    0.0	    0.0	  100.0	  100.0	  0	  150.0	 1050.0	    0.0	    0.0	  100.0	1	  477.1	  1	    0.0	   -nan	
 3482	 348.20	  372.4	    0.0	 -130.9	 1234.4	  359.3	    0.0	    0.0	  769.7	    0.0	    0.0	    0.0	  100.0	    0.0	    0.0	    0.0	    0.0	  100.0	  100.0	  0	  150.0	 1050.0	    0.0	    0.0	  100.0	1	  477.0	  1	    0.0	   -nan	
 3483	 348.30	  372.4	    0.0	 -132.9	 1234.4	  359.3	    0.0	    0.0	  769.1	    0.0	    0.0	    0.0	  100.0	    0.0	    0.0	    0.0	    0.0	  100.0	  100.0	  0	  150.0	 1050.0	    0.0	    0.0	  100.0	1	  477.0	  1	    0.0	   -nan	
 3484	 348.40	  372.4	    0.0	 -131.2	 1234.4	  359.3	    0.0	    0.0	  768.4	    0.0	    0.0	    0.0	  100.0	    0.0	    0.0	    0.0	    0.0	  100.0	  100.0	  0	  150.0	 1050.0	    0.0	    0.0	  100.0	1	  477.1	  1	    0.0	   -nan	
 3485	 348.50	  372.4	    0.0	 -127.5	 1234.4	  359.3	    0.0	    0.0	  781.6	    0.0	    0.0	    0.0	  100.0	    0.0	    0.0	    0.0	    0.0	  100.0	  100.0	  0	  150.0	 1050.0	    0.0	    0.0	  100.0	1	  475.6	  1	    0.0	   -nan	
 3486	 348.60	  372.4	    0.0	 -141.1	 1234.4	  359.3	    0.0	    0.0	  796.6	    0.0	    0.0	    0.0	  100.0	    0.0	    0.0	    0.0	    0.0	  100.0	  100.0	  0	  150.0	 1050.0	    0.0	    0.0	  100.0	1	  474.1	  1	    0.0	   -nan	
 3487	 348.70	  372.4	    0.0	  130.2	 1234.4	  359.3	    0.0	    0.0	  812.5	    0.0	    0.0	    0.0	  100.0	    0.0	    0.0	    0.0	    0.0	  100.0	  100.0	  0	  150.0	 1050.0	    0.0	    0.0	  100.0	1	  472.5	  1	    0.0	   -nan	
 3488	 348.80	  372.4	    0.0	  128.6	 1234.4	  359.3	    0.0	    0.0	  821.8	    0.0	    0.0	    0.0	  100.0	    0.0	    0.0	    0.0	    0.0	  100.0	  100.0	  0	  150.0	 1050.0	    0.0	    0.0	  100.0	1	  471.7	  1	    0.0	   -nan	
 3489	 348.90	  372.4	    0.0	  129.0	 1234.4	  359.3	    0.0	    0.0	  846.3	    0.0	    0.0	    0.0	  100.0	    0.0	    0.0	    0.0	    0.0	  100.0	  100.0	  0	  150.0	 1050.0	    0.0	    0.0	  100.0	1	  469.6	  1	    0.0	   -nan	
 3490	 349.00	  372.4	    0.0	  130.4	 1234.4	  359.3	    0.0	    0.0	  860.6	    0.0	    0.0	    0.0	  100.0	    0.0	    0.0	    0.0	    0.0	  100.0	  100.0	  0	  150.0	 1050.0	    0.0	    0.0	  100.0	1	  468.4	  1	    0.0	   -nan	
 3491	 349.10	  372.4	    0.0	  131.3	 1234.4	  359.3	    0.0	    0.0	  887.4	    0.0	    0.0	    0.0	  100.0	    0.0	    0.0	    0.0	    0.0	  100.0	  100.0	  0	  150.0	 1050.0	    0.0	    0.0	  100.0	1	  466.5	  1	    0.0	   -nan	
 3492	 349.20	  372.4	    0.0	  133.4	 1234.4	  359.3	    0.0	    0.0	  900.4	    0.0	    0.0	    0.0	  100.0	    0.0	    0.0	    0.0	    0.0	  100.0	  100.0	  0	  150.0	 1050.0	    0.0	    0.0	  100.0	1	  465.7	  1	    0.0	   -nan	
 3493	 349.30	  372.4	    0.0	  134.8	 1234.4	  359.3	    0.0	    0.0	  911.1	    0.0	    0.0	    0.0	  100.0	    0.0	    0.0	    0.0	    0.0	  100.0	  100.0	  0	  150.0	 1050.0	    0.0	    0.0	  100.0	1	  465.1	  1	    0.0	   -nan	
 3494	 349.40	  372.4	    0.0	  136.5	 1234.4	  359.3	    0.0	    0.0	  914.8	    0.0	    0.0	    0.0	  100.0	    0.0	    0.0	    0.0	    0.0	  100.0	  100.0	  0	  150.0	 1050.0	    0.0	    0.0	  100.0	1	  464.8	  1	    0.0	   -nan	
 3495	 349.50	  372.4	    0.0	  137.9	 1234.4	  359.3	    0.0	    0.0	  922.1	    0.0	    0.0	    0.0	  100.0	    0.0	    0.0	    0.0	    0.0	  100.0	  100.0	  0	  150.0	 1050.0	    0.0	    0.0	  100.0	1	  464.4	  1	    0.0	   -nan	
 3496	 349.60	  372.4	    0.0	  141.0	 1234.4	  359.3	    0.0	    0.0	  922.6	    0.0	    0.0	    0.0	  100.0	    0.0	    0.0	    0.0	    0.0	  100.0	  100.0	  0	  150.0	 1050.0	    0.0	    0.0	  100.0	1	  464.4	  1	    0.0	   -nan	
 3497	 349.70	  372.4	    0.0	  152.2	 1234.4	  359.3	    0.0	    0.0	  919.9	    0.0	    0.0	    0.0	  100.0	    0.0	    0.0	    0.0	    0.0	  100.0	  100.0	  0	  150.0	 1050.0	    0.0	    0.0	  100.0	1	  464.6	  1	    0.0	   -nan	
 3498	 349.80	  372.4	    0.0	  -54.1	 1234.4	  359.3	    0.0	    0.0	  920.0	    0.0	    0.0	    0.0	  100.0	    0.0	    0.0	    0.0	    0.0	  100.0	  100.0	  0	  150.0	 1050.0	    0.0	    0.0	  100.0	1	  464.6	  1	    0.0	   -nan	
 3499	 349.90	  372.4	    0.0	  -49.8	 1234.4	  359.3	    0.0	    0.0	  917.3	    0.0	    0.0	    0.0	  100.0	    0.0	    0.0	    0.0	    0.0	  100.0	  100.0	  0	  150.0	 1050.0	    0.0	    0.0	  100.0	1	  464.7	  1	    0.0	   -nan	
 3500	 350.00	  372.4	    0.0	  -49.8	 1234.4	  359.3	    0.0	    0.0	  926.0	    0.0	    0.0	    0.0	  100.0	    0.0	    0.0	    0.0	    0.0	  100.0	  100.0	  0	  150.0	 1050.0	    0.0	    0.0	  100.0	1	  464.2	  1	    0.0	   -nan	
 3501	 350.10	  372.4	    0.0	  -49.8	 1234.4	  359.3	    0.0	    0.0	  941.6	    0.0	    0.0	    0.0	  100.0	    0.0	    0.0	    0.0	    0.0	  100.0	  100.0	  0	  150.0	 1050.0	    0.0	    0.0	  100.0	1	  463.4	  1	    0.0	   -nan	
 3502	 350.20	  372.4	    0.0	  -50.0	 1234.4	  359.3	    0.0	    0.0	  945.4	    0.0	    0.0	    0.0	  100.0	    0.0	    0.0	    0.0	    0.0	  100.0	  100.0	  0	  150.0	 1050.0	    0.0	    0.0	  100.0	1	  463.3	  1	    0.0	   -nan	
 3503	 350.30	  372.4	    0.0	  -50.0	 1234.4	  359.3	    0.0	    0.0	  951.2	    0.0	    0.0	    0.0	  100.0	    0.0	    0.0	    0.0	    0.0	  100.0	  100.0	  0	  150.0	 1050.0	    0.0	    0.0	  100.0	1	  463.0	  1	    0.0	   -nan	
 3504	 350.40	  372.4	    0.0	  -50.1	 1234.4	  359.3	    0.0	    0.0	  972.6	    0.0	    0.0	    0.0	  100.0	    0.0	    0.0	    0.0	    0.0	  100.0	  100.0	  0	  150.0	 1050.0	    0.0	    0.0	  100.0	1	  462.1	  1	    0.0	   -nan	
 3505	 350.50	  372.4	    0.0	  -50.4	 1234.4	  359.3	    0.0	    0.0	  981.7	    0.0	    0.0	    0.0	  100.0	    0.0	    0.0	    0.0	    0.0	  100.0	  100.0	  0	  150.0	 1050.0	    0.0	    0.0	  100.0	1	  461.8	  1	    0.0	   -nan	
 3506	 350.60	  372.4	    0.0	  -50.5	 1234.4	  359.3	    0.0	    0.0	  984.2	    0.0	    0.0	    0.0	  100.0	    0.0	    0.0	    0.0	    0.0	  100.0	  100.0	  0	  150.0	 1050.0	    0.0	    0.0	  100.0	1	  461.7	  1	    0.0	   -nan	
 3507	 350.70	  372.4	    0.0	  -50.6	 1234.4	  359.3	    0.0	    0.0	  984.9	    0.0	    0.0	    0.0	  100.0	    0.0	    0.0	    0.0	    0.0	  100.0	  100.0	  0	  150.0	 1050.0	    0.0	    0.0	  100.0	1	  461.7	  1	    0.0	   -nan	
 3508	 350.80	  372.4	    0.0	  -50.6	 1234.4	  359.3	    0.0	    0.0	  984.3	    0.0	    0.0	    0.0	  100.0	    0.0	    0.0	    0.0	    0.0	  100.0	  100.0	  0	  150.0	 1050.0	    0.0	    0.0	  100.0	1	  461.7	  1	    0.0	   -nan	
 3509	 350.90	  372.4	    0.0	  -50.6	 1234.4	  359.3	    0.0	    0.0	  988.7	    0.0	    0.0	    0.0	  100.0	    0.0	    0.0	    0.0	    0.0	  100.0	  100.0	  0	  150.0	 1050.0	    0.0	    0.0	  100.0	1	  461.5	  1	    0.0	   -nan	
 3510	 351.00	  372.4	    0.0	  -50.8	 1234.4	  359.3	    0.0	    0.0	  976.1	    0.0	    0.0	    0.0	  100.0	    0.0	    0.0	    0.0	    0.0	  100.0	  100.0	  0	  150.0	 1050.0	    0.0	    0.0	  100.0	1	  462.0	  1	    0.0	   -nan	
 3511	 351.10	  372.4	    0.0	  -50.1	 1234.4	  359.3	    0.0	    0.0	  961.9	    0.0	    0.0	    0.0	  100.0	    0.0	    0.0	    0.0	    0.0	  100.0	  100.0	  0	  150.0	 1050.0	    0.0	    0.0	  100.0	1	  462.5	  1	    0.0	   -nan	
 3512	 351.20	  372.4	    0.0	  -48.8	 1234.4	  359.3	    0.0	    0.0	  959.1	    0.0	    0.0	    0.0	  100.0	    0.0	    0.0	    0.0	    0.0	  100.0	  100.0	  0	  150.0	 1050.0	    0.0	    0.0	  100.0	1	  462.7	  1	    0.0	   -nan	
 3513	 351.30	  372.4	    0.0	  -48.5	 1234.4	  359.3	    0.0	    0.0	  951.1	    0.0	    0.0	    0.0	  100.0	    0.0	    0.0	    0.0	    0.0	  100.0	  100.0	  0	  150.0	 1050.0	    0.0	    0.0	  100.0	1	  463.0	  1	    0.0	   -nan	
 3514	 351.40	  372.4	    0.0	  -47.2	 1234.4	  359.3	    0.0	    0.0	  944.3	    0.0	    0.0	    0.0	  100.0	    0.0	    0.0	    0.0	    0.0	  100.0	  100.0	  0	  150.0	 1050.0	    0.0	    0.0	  100.0	1	  463.3	  1	    0.0	   -nan	
 3515	 351.50	  372.4	    0.0	  -45.7	 1234.4	  359.3	    0.0	    0.0	  951.2	    0.0	    0.0	    0.0	  100.0	    0.0	    0.0	    0.0	    0.0	  100.0	  100.0	  0	  150.0	 1050.0	    0.0	    0.0	  100.0	1	  463.0	  1	    0.0	   -nan	
 3516	 351.60	  372.4	    0.0	  -47.7	 1234.4	  359.3	    0.0	    0.0	  939.9	    0.0	    0.0	    0.0	  100.0	    0.0	    0.0	    0.0	    0.0	  100.0	  100.0	  0	  150.0	 1050.0	    0.0	    0.0	  100.0	1	  463.5	  1	    0.0	   -nan	
 3517	 351.70	  372.4	    0.0	  -43.3	 1234.4	  359.3	    0.0	    0.0	  921.1	    0.0	    0.0	    0.0	  100.0	    0.0	    0.0	    0.0	    0.0	  100.0	  100.0	  0	  150.0	 1050.0	    0.0	    0.0	  100.0	1	  464.5	  1	    0.0	   -nan	
 3518	 351.80	  372.4	    0.0	  -33.2	 1234.4	  359.3	    0.0	    0.0	  915.6	    0.0	    0.0	    0.0	  100.0	    0.0	    0.0	    0.0	    0.0	  100.0	  100.0	  0	  150.0	 1050.0	    0.0	    0.0	  100.0	1	  464.8	  1	    0.0	   -nan	
 3519	 351.90	  372.4	    0.0	  -29.3	 1234.4	  359.3	    0.0	    0.0	  912.7	    0.0	    0.0	    0.0	  100.0	    0.0	    0.0	    0.0	    0.0	  100.0	  100.0	  0	  150.0	 1050.0	    0.0	    0.0	  100.0	1	  465.0	  1	    0.0	   -nan	
 3520	 352.00	  372.4	    0.0	  -26.6	 1234.4	  359.3	    0.0	    0.0	  904.2	    0.0	    0.0	    0.0	  100.0	    0.0	    0.0	    0.0	    0.0	  100.0	  100.0	  0	  150.0	 1050.0	    0.0	    0.0	  100.0	1	  465.5	  1	    0.0	   -nan	
 3521	 352.10	  372.4	    0.0	  -17.2	 1234.4	  359.3	    0.0	    0.0	  895.9	    0.0	    0.0	    0.0	  100.0	    0.0	    0.0	    0.0	    0.0	  100.0	  100.0	  0	  150.0	 1050.0	    0.0	    0.0	  100.0	1	  466.0	  1	    0.0	   -nan	
 3522	 352.20	  372.4	    0.0	   -7.0	 1234.4	  359.3	    0.0	    0.0	  891.1	    0.0	    0.0	    0.0	  100.0	    0.0	    0.0	    0.0	    0.0	  100.0	  100.0	  0	  150.0	 1050.0	    0.0	    0.0	  100.0	1	  466.3	  1	    0.0	   -nan	
 3523	 352.30	  372.4	    0.0	   -0.9	 1234.4	  359.3	    0.0	    0.0	  883.6	    0.0	    0.0	    0.0	  100.0	    0.0	    0.0	    0.0	    0.0	  100.0	  100.0	  0	  150.0	 1050.0	    0.0	    0.0	  100.0	1	  466.8	  1	    0.0	   -nan	
 3524	 352.40	  372.4	    0.0	    8.3	 1234.4	  359.3	    0.0	    0.0	  868.9	    0.0	    0.0	    0.0	  100.0	    0.0	    0.0	    0.0	    0.0	  100.0	  100.0	  0	  150.0	 1050.0	    0.0	    0.0	  100.0	1	  467.8	  1	    0.0	   -nan	
 3525	 352.50	  372.4	    0.0	   20.8	 1234.4	  359.3	    0.0	    0.0	  863.0	    0.0	    0.0	    0.0	  100.0	    0.0	    0.0	    0.0	    0.0	  100.0	  100.0	  0	  150.0	 1050.0	    0.0	    0.0	  100.0	1	  468.2	  1	    0.0	   -nan	
 3526	 352.60	  372.4	    0.0	   24.3	 1234.4	  359.3	    0.0	    0.0	  846.9	    0.0	    0.0	    0.0	  100.0	    0.0	    0.0	    0.0	    0.0	  100.0	  100.0	  0	  150.0	 1050.0	    0.0	    0.0	  100.0	1	  469.5	  1	    0.0	   -nan	
 3527	 352.70	  372.4	    0.0	   30.5	 1234.4	  359.3	    0.0	    0.0	  842.7	    0.0	    0.0	    0.0	  100.0	    0.0	    0.0	    0.0	    0.0	  100.0	  100.0	  0	  150.0	 1050.0	    0.0	    0.0	  100.0	1	  469.8	  1	    0.0	   -nan	
 3528	 352.80	  372.4	    0.0	  115.5	 1234.4	  359.3	    0.0	    0.0	  840.7	    0.0	    0.0	    0.0	  100.0	    0.0	    0.0	    0.0	    0.0	  100.0	  100.0	  0	  150.0	 1050.0	    0.0	    0.0	  100.0	1	  470.0	  1	    0.0	   -nan	
 3529	 352.90	  372.4	    0.0	  128.9	 1234.4	  359.3	    0.0	    0.0	  842.1	    0.0	    0.0	    0.0	  100.0	    0.0	    0.0	    0.0	    0.0	  100.0	  100.0	  0	  150.0	 1050.0	    0.0	    0.0	  100.0	1	  469.9	  1	    0.0	   -nan	
